step,time_s,posX_m,posY_m,posZ_m,velX_mps,velY_mps,velZ_mps,speed_mps,horizSpeed_mps,thrust_N,thrust_kN,mass_kg,fuel_kg,twr,tilt_deg,pitchRate_dps,yawRate_dps,gimbalX_deg,gimbalZ_deg,miss_m,controlMode
1,0.0500,0.654,1397.603,0.405,13.071,-47.893,8.096,50.301,15.375,463334.7,463.33,39592.39,13992.39,1.194,0.399,0.000,-0.028,-0.112,-0.238,0.769,Fuzzy
2,0.1000,1.307,1395.211,0.810,13.063,-47.788,8.095,50.199,15.368,462043.7,462.04,39584.81,13984.81,1.191,0.397,0.000,-0.054,0.112,-0.237,1.538,Fuzzy
3,0.1500,1.960,1392.824,1.214,13.055,-47.685,8.095,50.098,15.361,460772.1,460.77,39577.25,13977.25,1.188,0.394,0.000,-0.080,-0.111,-0.235,2.306,Fuzzy
4,0.2000,2.613,1390.442,1.619,13.048,-47.583,8.094,49.999,15.354,459519.7,459.52,39569.70,13969.70,1.185,0.389,0.000,-0.105,0.109,-0.232,3.074,Fuzzy
5,0.2500,3.265,1388.066,2.024,13.040,-47.482,8.093,49.901,15.348,458285.9,458.29,39562.18,13962.18,1.182,0.383,0.000,-0.130,-0.108,-0.229,3.841,Fuzzy
6,0.3000,3.917,1385.694,2.428,13.033,-47.383,8.092,49.805,15.341,457070.8,457.07,39554.68,13954.68,1.179,0.376,0.000,-0.153,0.106,-0.224,4.608,Fuzzy
7,0.3500,4.568,1383.327,2.833,13.026,-47.286,8.092,49.710,15.335,455873.7,455.87,39547.20,13947.20,1.176,0.367,0.000,-0.174,-0.104,-0.220,5.375,Fuzzy
8,0.4000,5.219,1380.966,3.238,13.019,-47.190,8.091,49.617,15.328,454694.6,454.69,39539.73,13939.73,1.173,0.358,0.000,-0.195,0.101,-0.214,6.142,Fuzzy
9,0.4500,5.870,1378.608,3.642,13.012,-47.095,8.090,49.525,15.322,453533.1,453.53,39532.29,13932.29,1.170,0.348,0.000,-0.215,-0.098,-0.208,6.908,Fuzzy
10,0.5000,6.520,1376.256,4.047,13.006,-47.002,8.090,49.434,15.316,452388.9,452.39,39524.86,13924.86,1.168,0.337,0.000,-0.233,0.095,-0.201,7.674,Fuzzy
11,0.5500,7.171,1373.908,4.451,12.999,-46.910,8.089,49.345,15.310,451261.8,451.26,39517.45,13917.46,1.165,0.324,0.000,-0.250,-0.092,-0.194,8.440,Fuzzy
12,0.6000,7.820,1371.565,4.855,12.993,-46.819,8.088,49.257,15.305,450151.4,450.15,39510.07,13910.07,1.162,0.312,0.000,-0.266,0.088,-0.186,9.205,Fuzzy
13,0.6500,8.470,1369.226,5.260,12.987,-46.730,8.087,49.170,15.299,449057.7,449.06,39502.70,13902.70,1.160,0.298,0.000,-0.281,-0.085,-0.178,9.970,Fuzzy
14,0.7000,9.119,1366.892,5.664,12.981,-46.642,8.087,49.085,15.294,447980.3,447.98,39495.34,13895.35,1.157,0.283,0.000,-0.294,0.081,-0.169,10.735,Fuzzy
15,0.7500,9.768,1364.562,6.069,12.976,-46.555,8.086,49.001,15.289,446918.8,446.92,39488.01,13888.01,1.155,0.268,0.000,-0.306,-0.077,-0.160,11.500,Fuzzy
16,0.8000,10.417,1362.236,6.473,12.970,-46.469,8.085,48.918,15.284,445873.1,445.87,39480.69,13880.69,1.152,0.253,0.000,-0.316,0.072,-0.151,12.264,Fuzzy
17,0.8500,11.065,1359.915,6.877,12.965,-46.385,8.084,48.837,15.279,444842.9,444.84,39473.39,13873.39,1.150,0.237,0.000,-0.325,-0.068,-0.141,13.028,Fuzzy
18,0.9000,11.713,1357.598,7.281,12.961,-46.302,8.084,48.757,15.275,443828.1,443.83,39466.11,13866.11,1.147,0.220,0.000,-0.333,0.063,-0.131,13.792,Fuzzy
19,0.9500,12.361,1355.285,7.685,12.956,-46.220,8.083,48.678,15.271,442828.2,442.83,39458.84,13858.84,1.145,0.204,0.000,-0.340,-0.058,-0.121,14.556,Fuzzy
20,1.0000,13.009,1352.976,8.090,12.952,-46.140,8.082,48.600,15.267,441843.2,441.84,39451.59,13851.59,1.143,0.187,0.000,-0.345,0.054,-0.111,15.319,Fuzzy
21,1.0500,13.656,1350.671,8.494,12.948,-46.060,8.082,48.523,15.263,440872.6,440.87,39444.36,13844.36,1.140,0.169,0.001,-0.349,0.048,-0.100,16.082,Fuzzy
22,1.1000,14.304,1348.370,8.898,12.944,-45.982,8.081,48.448,15.260,439916.7,439.92,39437.14,13837.14,1.138,0.151,0.001,-0.352,0.044,-0.090,16.845,Fuzzy
23,1.1500,14.951,1346.073,9.302,12.941,-45.905,8.080,48.374,15.257,438974.6,438.97,39429.93,13829.93,1.136,0.134,-0.002,-0.353,-0.039,-0.079,17.608,Fuzzy
24,1.2000,15.598,1343.780,9.706,12.938,-45.829,8.079,48.301,15.254,438046.5,438.05,39422.75,13822.75,1.134,0.115,0.001,-0.353,0.033,-0.069,18.371,Fuzzy
25,1.2500,16.245,1341.490,10.110,12.935,-45.754,8.079,48.229,15.251,437132.2,437.13,39415.57,13815.57,1.131,0.099,-0.001,-0.352,-0.028,-0.058,19.134,Fuzzy
26,1.3000,16.891,1339.204,10.514,12.933,-45.680,8.078,48.158,15.248,436231.3,436.23,39408.41,13808.41,1.129,0.082,-0.001,-0.350,0.024,-0.047,19.896,Fuzzy
27,1.3500,17.538,1336.922,10.918,12.931,-45.607,8.077,48.088,15.246,435343.6,435.34,39401.27,13801.27,1.127,0.063,0.002,-0.347,0.019,-0.037,20.658,Fuzzy
28,1.4000,18.184,1334.643,11.321,12.929,-45.535,8.077,48.019,15.244,434469.1,434.47,39394.14,13794.14,1.125,0.044,0.000,-0.343,-0.014,-0.027,21.421,Fuzzy
29,1.4500,18.831,1332.368,11.725,12.927,-45.464,8.076,47.951,15.242,433607.4,433.61,39387.03,13787.03,1.123,0.028,-0.001,-0.337,-0.008,-0.016,22.183,Fuzzy
30,1.5000,19.477,1330.097,12.129,12.926,-45.395,8.075,47.885,15.241,432758.3,432.76,39379.93,13779.93,1.121,0.000,-0.001,-0.329,0.000,0.078,22.945,Fuzzy
31,1.5500,20.123,1327.829,12.533,12.925,-45.326,8.075,47.819,15.240,431921.7,431.92,39372.84,13772.84,1.119,0.000,-0.001,-0.313,0.000,0.079,23.707,Fuzzy
32,1.6000,20.770,1325.564,12.936,12.925,-45.258,8.074,47.755,15.240,431097.4,431.10,39365.77,13765.76,1.117,0.020,-0.001,-0.297,0.000,0.080,24.469,Fuzzy
33,1.6500,21.416,1323.303,13.340,12.925,-45.191,8.073,47.692,15.239,430285.1,430.29,39358.70,13758.71,1.115,0.034,0.000,-0.281,0.008,0.089,25.231,Fuzzy
34,1.7000,22.062,1321.045,13.744,12.925,-45.125,8.072,47.629,15.239,429484.8,429.48,39351.66,13751.66,1.113,0.044,0.001,-0.265,0.013,0.094,25.993,Fuzzy
35,1.7500,22.708,1318.790,14.147,12.925,-45.060,8.071,47.567,15.239,428696.2,428.70,39344.63,13744.62,1.112,0.059,0.003,-0.249,0.016,0.097,26.755,Fuzzy
36,1.8000,23.355,1316.539,14.551,12.926,-44.996,8.071,47.507,15.239,427919.1,427.92,39337.60,13737.60,1.110,0.071,0.002,-0.232,-0.020,0.101,27.517,Fuzzy
37,1.8500,24.001,1314.291,14.954,12.926,-44.933,8.070,47.447,15.239,427153.3,427.15,39330.59,13730.59,1.108,0.082,-0.001,-0.216,-0.023,0.104,28.279,Fuzzy
38,1.9000,24.647,1312.046,15.358,12.927,-44.871,8.070,47.388,15.239,426398.6,426.40,39323.60,13723.60,1.106,0.093,-0.003,-0.200,-0.026,0.106,29.041,Fuzzy
39,1.9500,25.294,1309.803,15.761,12.928,-44.810,8.069,47.330,15.239,425654.9,425.65,39316.61,13716.61,1.104,0.103,0.000,-0.184,0.029,0.108,29.803,Fuzzy
40,2.0000,25.940,1307.564,16.165,12.929,-44.749,8.068,47.273,15.240,424922.1,424.92,39309.64,13709.64,1.103,0.110,0.003,-0.168,0.032,0.109,30.564,Fuzzy
41,2.0500,26.587,1305.328,16.568,12.930,-44.690,8.067,47.217,15.240,424200.0,424.20,39302.68,13702.68,1.101,0.119,0.001,-0.153,-0.034,0.110,31.326,Fuzzy
42,2.1000,27.233,1303.095,16.972,12.931,-44.631,8.067,47.162,15.241,423488.3,423.49,39295.73,13695.74,1.099,0.127,-0.003,-0.138,-0.036,0.111,32.089,Fuzzy
43,2.1500,27.880,1300.865,17.375,12.932,-44.573,8.066,47.107,15.241,422786.9,422.79,39288.80,13688.80,1.098,0.133,-0.001,-0.123,0.038,0.111,32.851,Fuzzy
44,2.2000,28.526,1298.638,17.778,12.933,-44.516,8.065,47.053,15.242,422095.6,422.10,39281.88,13681.87,1.096,0.138,0.004,-0.108,0.039,0.111,33.613,Fuzzy
45,2.2500,29.173,1296.414,18.181,12.935,-44.460,8.065,47.000,15.243,421414.4,421.41,39274.96,13674.96,1.095,0.143,0.000,-0.094,-0.041,0.110,34.375,Fuzzy
46,2.3000,29.820,1294.192,18.585,12.936,-44.404,8.064,46.948,15.244,420743.0,420.74,39268.06,13668.06,1.093,0.148,-0.003,-0.080,0.043,0.109,35.137,Fuzzy
47,2.3500,30.467,1291.973,18.988,12.937,-44.349,8.063,46.896,15.244,420081.3,420.08,39261.17,13661.17,1.092,0.151,0.001,-0.067,0.043,0.108,35.899,Fuzzy
48,2.4000,31.113,1289.757,19.391,12.939,-44.295,8.062,46.845,15.245,419429.1,419.43,39254.29,13654.29,1.090,0.155,0.002,-0.054,-0.045,0.107,36.661,Fuzzy
49,2.4500,31.760,1287.544,19.794,12.940,-44.242,8.062,46.795,15.246,418786.2,418.79,39247.41,13647.42,1.089,0.157,-0.003,-0.042,-0.044,0.105,37.424,Fuzzy
50,2.5000,32.407,1285.333,20.197,12.941,-44.189,8.061,46.746,15.247,418152.5,418.15,39240.55,13640.56,1.087,0.158,0.000,-0.030,0.045,0.103,38.186,Fuzzy
51,2.5500,33.055,1283.125,20.600,12.943,-44.138,8.060,46.697,15.247,417528.0,417.53,39233.71,13633.71,1.086,0.159,0.002,-0.018,-0.046,0.101,38.948,Fuzzy
52,2.6000,33.702,1280.919,21.003,12.944,-44.087,8.060,46.649,15.248,416912.3,416.91,39226.87,13626.87,1.084,0.161,-0.003,-0.007,-0.046,0.099,39.711,Fuzzy
53,2.6500,34.349,1278.716,21.406,12.945,-44.036,8.059,46.602,15.249,416305.5,416.31,39220.04,13620.04,1.083,0.161,0.000,0.003,0.046,0.096,40.473,Fuzzy
54,2.7000,34.996,1276.516,21.809,12.946,-43.986,8.058,46.555,15.249,415707.3,415.71,39213.22,13613.22,1.081,0.159,0.003,0.013,-0.046,0.096,41.236,Fuzzy
55,2.7500,35.644,1274.318,22.212,12.948,-43.937,8.058,46.509,15.250,415117.6,415.12,39206.41,13606.41,1.080,0.159,-0.002,0.023,-0.045,0.096,41.998,Fuzzy
56,2.8000,36.291,1272.122,22.615,12.949,-43.889,8.057,46.463,15.251,414536.3,414.54,39199.61,13599.61,1.079,0.157,-0.002,0.032,0.046,0.095,42.761,Fuzzy
57,2.8500,36.938,1269.929,23.018,12.950,-43.841,8.056,46.418,15.251,413963.2,413.96,39192.82,13592.82,1.077,0.156,0.003,0.041,0.044,0.094,43.523,Fuzzy
58,2.9000,37.586,1267.738,23.421,12.951,-43.794,8.056,46.374,15.252,413398.5,413.40,39186.04,13586.04,1.076,0.153,0.000,0.050,-0.044,0.092,44.286,Fuzzy
59,2.9500,38.234,1265.549,23.823,12.952,-43.748,8.055,46.331,15.253,412841.4,412.84,39179.27,13579.26,1.075,0.151,-0.003,0.058,0.044,0.091,45.048,Fuzzy
60,3.0000,38.881,1263.363,24.226,12.954,-43.702,8.054,46.288,15.253,412292.3,412.29,39172.50,13572.50,1.074,0.148,0.002,0.066,0.042,0.089,45.811,Fuzzy
61,3.0500,39.529,1261.179,24.629,12.955,-43.657,8.054,46.245,15.254,411751.1,411.75,39165.75,13565.75,1.072,0.144,0.000,0.074,-0.041,0.087,46.574,Fuzzy
62,3.1000,40.177,1258.997,25.031,12.956,-43.613,8.053,46.203,15.255,411217.4,411.22,39159.00,13559.00,1.071,0.140,-0.002,0.081,0.041,0.084,47.336,Fuzzy
63,3.1500,40.824,1256.818,25.434,12.957,-43.569,8.052,46.162,15.255,410691.2,410.69,39152.26,13552.26,1.070,0.136,0.002,0.088,0.039,0.082,48.099,Fuzzy
64,3.2000,41.472,1254.641,25.837,12.957,-43.525,8.052,46.121,15.255,410172.4,410.17,39145.53,13545.53,1.069,0.131,0.001,0.094,-0.038,0.079,48.862,Fuzzy
65,3.2500,42.120,1252.465,26.239,12.958,-43.483,8.051,46.081,15.256,409660.9,409.66,39138.81,13538.81,1.068,0.127,-0.003,0.100,-0.036,0.076,49.625,Fuzzy
66,3.3000,42.768,1250.292,26.642,12.959,-43.440,8.050,46.041,15.256,409156.4,409.16,39132.10,13532.10,1.067,0.120,0.000,0.106,0.035,0.073,50.387,Fuzzy
67,3.3500,43.416,1248.121,27.044,12.960,-43.399,8.049,46.002,15.256,408659.0,408.66,39125.40,13525.40,1.065,0.115,0.003,0.111,-0.034,0.070,51.150,Fuzzy
68,3.4000,44.064,1245.952,27.447,12.960,-43.358,8.049,45.963,15.256,408168.7,408.17,39118.70,13518.71,1.064,0.110,-0.001,0.115,-0.032,0.066,51.913,Fuzzy
69,3.4500,44.712,1243.785,27.849,12.961,-43.317,8.048,45.925,15.256,407685.1,407.69,39112.02,13512.02,1.063,0.105,-0.003,0.119,0.031,0.063,52.676,Fuzzy
70,3.5000,45.360,1241.620,28.252,12.961,-43.277,8.048,45.887,15.256,407208.2,407.21,39105.34,13505.34,1.062,0.097,0.000,0.123,0.028,0.059,53.439,Fuzzy
71,3.5500,46.008,1239.458,28.654,12.961,-43.238,8.047,45.850,15.256,406738.0,406.74,39098.67,13498.67,1.061,0.091,0.003,0.126,0.027,0.056,54.201,Fuzzy
72,3.6000,46.656,1237.297,29.056,12.961,-43.199,8.046,45.813,15.256,406274.2,406.27,39092.00,13492.00,1.060,0.086,0.001,0.129,-0.025,0.052,54.964,Fuzzy
73,3.6500,47.304,1235.138,29.458,12.962,-43.160,8.046,45.777,15.256,405816.9,405.82,39085.35,13485.35,1.059,0.079,-0.001,0.131,-0.023,0.048,55.727,Fuzzy
74,3.7000,47.952,1232.980,29.861,12.962,-43.122,8.045,45.741,15.255,405365.8,405.37,39078.70,13478.70,1.058,0.071,-0.003,0.133,0.021,0.043,56.490,Fuzzy
75,3.7500,48.600,1230.825,30.263,12.962,-43.085,8.044,45.706,15.255,404921.1,404.92,39072.05,13472.06,1.057,0.066,0.000,0.134,0.019,0.040,57.253,Fuzzy
76,3.8000,49.249,1228.672,30.665,12.961,-43.048,8.043,45.671,15.254,404482.3,404.48,39065.42,13465.42,1.056,0.059,0.001,0.135,0.017,0.036,58.015,Fuzzy
77,3.8500,49.897,1226.521,31.067,12.961,-43.012,8.043,45.636,15.254,404049.5,404.05,39058.79,13458.79,1.055,0.052,0.002,0.135,-0.016,0.032,58.778,Fuzzy
78,3.9000,50.545,1224.371,31.469,12.961,-42.976,8.042,45.602,15.253,403622.7,403.62,39052.17,13452.17,1.054,0.044,0.001,0.135,-0.013,0.027,59.541,Fuzzy
79,3.9500,51.193,1222.223,31.872,12.960,-42.940,8.041,45.569,15.252,403201.7,403.20,39045.56,13445.56,1.053,0.040,-0.001,0.135,-0.011,0.024,60.303,Fuzzy
80,4.0000,51.841,1220.077,32.274,12.960,-42.905,8.041,45.535,15.251,402786.4,402.79,39038.95,13438.95,1.053,0.028,-0.002,0.134,-0.010,0.020,61.066,Fuzzy
81,4.0500,52.489,1217.932,32.676,12.959,-42.871,8.040,45.502,15.251,402376.8,402.38,39032.35,13432.35,1.052,0.020,-0.001,0.132,0.008,0.016,61.828,Fuzzy
82,4.1000,53.137,1215.790,33.078,12.958,-42.836,8.039,45.470,15.250,401972.7,401.97,39025.76,13425.76,1.051,0.020,-0.001,0.131,0.006,0.012,62.591,Fuzzy
83,4.1500,53.784,1213.649,33.480,12.957,-42.803,8.039,45.438,15.248,401574.1,401.57,39019.18,13419.18,1.050,0.000,0.000,0.128,0.000,0.004,63.353,Fuzzy
84,4.2000,54.432,1211.510,33.881,12.956,-42.769,8.038,45.406,15.247,401180.7,401.18,39012.59,13412.59,1.049,0.000,0.000,0.126,0.000,0.002,64.116,Fuzzy
85,4.2501,55.080,1209.372,34.283,12.955,-42.737,8.037,45.375,15.246,400792.8,400.79,39006.02,13406.02,1.048,0.000,0.000,0.123,0.000,0.000,64.878,Fuzzy
86,4.3001,55.728,1207.236,34.685,12.954,-42.704,8.037,45.344,15.245,400410.1,400.41,38999.45,13399.46,1.047,0.000,0.000,0.120,0.000,-0.002,65.640,Fuzzy
87,4.3501,56.376,1205.102,35.087,12.953,-42.672,8.036,45.313,15.243,400032.5,400.03,38992.89,13392.89,1.047,0.000,0.000,0.117,0.000,-0.004,66.403,Fuzzy
88,4.4001,57.023,1202.969,35.489,12.952,-42.640,8.035,45.283,15.242,399659.9,399.66,38986.34,13386.34,1.046,0.020,0.000,0.114,0.006,-0.040,67.165,Fuzzy
89,4.4501,57.671,1200.838,35.891,12.950,-42.609,8.035,45.253,15.240,399292.4,399.29,38979.79,13379.79,1.045,0.020,0.000,0.107,0.006,-0.040,67.927,Fuzzy
90,4.5001,58.318,1198.708,36.292,12.948,-42.578,8.034,45.223,15.238,398942.5,398.94,38973.25,13373.25,1.044,0.028,0.001,0.100,0.008,-0.043,68.689,Fuzzy
91,4.5501,58.966,1196.580,36.694,12.947,-42.548,8.033,45.194,15.236,398609.5,398.61,38966.71,13366.71,1.044,0.034,0.002,0.094,0.008,-0.042,69.451,Fuzzy
92,4.6001,59.613,1194.453,37.096,12.945,-42.518,8.032,45.165,15.234,398280.7,398.28,38960.18,13360.18,1.043,0.034,0.003,0.087,0.010,-0.044,70.212,Fuzzy
93,4.6501,60.260,1192.328,37.497,12.943,-42.488,8.032,45.136,15.233,397956.1,397.96,38953.65,13353.65,1.042,0.040,0.002,0.081,-0.012,-0.045,70.974,Fuzzy
94,4.7001,60.907,1190.204,37.899,12.941,-42.459,8.031,45.108,15.231,397635.6,397.64,38947.13,13347.13,1.041,0.044,0.000,0.074,-0.013,-0.046,71.736,Fuzzy
95,4.7501,61.554,1188.082,38.300,12.939,-42.429,8.031,45.080,15.229,397319.0,397.32,38940.61,13340.61,1.041,0.048,-0.001,0.068,-0.014,-0.047,72.497,Fuzzy
96,4.8001,62.201,1185.961,38.702,12.937,-42.401,8.030,45.052,15.227,397006.3,397.01,38934.10,13334.10,1.040,0.052,-0.003,0.062,-0.015,-0.047,73.258,Fuzzy
97,4.8501,62.848,1183.842,39.103,12.935,-42.372,8.029,45.024,15.225,396697.7,396.70,38927.60,13327.60,1.040,0.056,-0.002,0.056,0.017,-0.048,74.020,Fuzzy
98,4.9001,63.495,1181.724,39.505,12.933,-42.344,8.029,44.997,15.223,396392.8,396.39,38921.09,13321.10,1.039,0.056,0.000,0.049,0.016,-0.047,74.781,Fuzzy
99,4.9501,64.141,1179.608,39.906,12.931,-42.316,8.028,44.970,15.221,396091.7,396.09,38914.60,13314.60,1.038,0.059,0.002,0.044,0.017,-0.047,75.542,Fuzzy
100,5.0001,64.788,1177.493,40.308,12.929,-42.289,8.027,44.944,15.218,395794.2,395.79,38908.11,13308.11,1.038,0.063,0.003,0.038,-0.019,-0.047,76.303,Fuzzy
101,5.0501,65.434,1175.379,40.709,12.927,-42.261,8.027,44.917,15.216,395500.4,395.50,38901.63,13301.63,1.037,0.063,0.001,0.032,-0.018,-0.046,77.064,Fuzzy
102,5.1001,66.080,1173.266,41.110,12.925,-42.234,8.026,44.891,15.214,395210.2,395.21,38895.14,13295.14,1.037,0.066,-0.001,0.027,-0.019,-0.046,77.825,Fuzzy
103,5.1501,66.727,1171.155,41.512,12.923,-42.208,8.026,44.865,15.212,394923.5,394.92,38888.67,13288.67,1.036,0.066,-0.003,0.022,-0.019,-0.045,78.585,Fuzzy
104,5.2001,67.373,1169.046,41.913,12.921,-42.181,8.025,44.840,15.210,394640.3,394.64,38882.19,13282.19,1.035,0.066,-0.002,0.017,0.019,-0.045,79.346,Fuzzy
105,5.2501,68.019,1166.937,42.314,12.919,-42.155,8.024,44.815,15.208,394360.7,394.36,38875.73,13275.73,1.035,0.069,0.001,0.012,0.020,-0.044,80.106,Fuzzy
106,5.3001,68.665,1164.830,42.715,12.917,-42.130,8.023,44.790,15.206,394084.3,394.08,38869.26,13269.26,1.034,0.069,0.002,0.007,0.020,-0.043,80.867,Fuzzy
107,5.3501,69.310,1162.724,43.116,12.915,-42.104,8.022,44.765,15.204,393811.3,393.81,38862.80,13262.81,1.034,0.069,0.002,0.003,-0.020,-0.042,81.627,Fuzzy
108,5.4001,69.956,1160.620,43.517,12.913,-42.079,8.022,44.741,15.202,393541.5,393.54,38856.35,13256.35,1.033,0.069,0.000,-0.002,-0.020,-0.041,82.387,Fuzzy
109,5.4501,70.602,1158.516,43.919,12.911,-42.054,8.021,44.716,15.200,393274.9,393.27,38849.90,13249.90,1.033,0.069,-0.002,-0.006,-0.020,-0.041,83.147,Fuzzy
110,5.5001,71.247,1156.414,44.320,12.909,-42.029,8.021,44.692,15.198,393011.5,393.01,38843.46,13243.46,1.032,0.069,-0.002,-0.010,0.020,-0.041,83.907,Fuzzy
111,5.5501,71.893,1154.313,44.721,12.907,-42.005,8.020,44.669,15.195,392751.2,392.75,38837.02,13237.02,1.032,0.069,0.001,-0.014,0.020,-0.041,84.667,Fuzzy
112,5.6001,72.538,1152.214,45.122,12.905,-41.980,8.019,44.645,15.193,392494.0,392.49,38830.58,13230.58,1.031,0.066,0.002,-0.017,0.019,-0.040,85.427,Fuzzy
113,5.6501,73.183,1150.115,45.522,12.903,-41.957,8.018,44.622,15.191,392239.8,392.24,38824.15,13224.15,1.031,0.066,0.002,-0.021,-0.019,-0.040,86.186,Fuzzy
114,5.7001,73.828,1148.018,45.923,12.901,-41.933,8.018,44.599,15.189,391988.6,391.99,38817.72,13217.72,1.030,0.066,0.000,-0.024,-0.019,-0.039,86.946,Fuzzy
115,5.7501,74.473,1145.922,46.324,12.899,-41.909,8.017,44.576,15.187,391740.3,391.74,38811.30,13211.29,1.030,0.063,-0.002,-0.028,-0.018,-0.038,87.705,Fuzzy
116,5.8001,75.118,1143.827,46.725,12.897,-41.886,8.017,44.554,15.185,391494.9,391.49,38804.88,13204.88,1.029,0.063,-0.002,-0.031,0.018,-0.038,88.464,Fuzzy
117,5.8501,75.763,1141.734,47.126,12.895,-41.863,8.016,44.532,15.183,391252.4,391.25,38798.46,13198.46,1.029,0.059,0.000,-0.034,0.017,-0.036,89.224,Fuzzy
118,5.9001,76.407,1139.641,47.527,12.893,-41.840,8.015,44.509,15.181,391012.6,391.01,38792.05,13192.05,1.028,0.059,0.002,-0.037,0.017,-0.036,89.983,Fuzzy
119,5.9501,77.052,1137.550,47.927,12.891,-41.818,8.014,44.488,15.179,390775.6,390.78,38785.64,13185.64,1.028,0.056,0.002,-0.039,-0.017,-0.034,90.742,Fuzzy
120,6.0001,77.697,1135.459,48.328,12.889,-41.796,8.014,44.466,15.177,390541.3,390.54,38779.23,13179.23,1.027,0.052,0.000,-0.042,-0.016,-0.033,91.501,Fuzzy
121,6.0501,78.341,1133.370,48.729,12.887,-41.774,8.013,44.445,15.176,390309.7,390.31,38772.84,13172.83,1.027,0.052,-0.001,-0.044,-0.015,-0.032,92.259,Fuzzy
122,6.1001,78.985,1131.282,49.130,12.886,-41.752,8.013,44.424,15.174,390080.8,390.08,38766.44,13166.44,1.026,0.048,-0.002,-0.046,0.015,-0.030,93.018,Fuzzy
123,6.1501,79.630,1129.195,49.530,12.884,-41.730,8.012,44.403,15.172,389854.3,389.85,38760.04,13160.04,1.026,0.048,-0.001,-0.048,0.014,-0.029,93.777,Fuzzy
124,6.2001,80.274,1127.109,49.931,12.882,-41.709,8.011,44.382,15.170,389630.5,389.63,38753.66,13153.66,1.026,0.044,0.001,-0.050,0.013,-0.027,94.535,Fuzzy
125,6.2501,80.918,1125.024,50.331,12.880,-41.688,8.010,44.361,15.168,389409.1,389.41,38747.27,13147.27,1.025,0.044,0.002,-0.051,0.013,-0.026,95.294,Fuzzy
126,6.3001,81.562,1122.940,50.732,12.879,-41.667,8.010,44.341,15.166,389190.3,389.19,38740.89,13140.89,1.025,0.040,0.001,-0.052,-0.012,-0.024,96.052,Fuzzy
127,6.3501,82.206,1120.857,51.132,12.877,-41.646,8.009,44.321,15.165,388973.8,388.97,38734.51,13134.51,1.024,0.034,0.000,-0.054,-0.010,-0.022,96.811,Fuzzy
128,6.4001,82.849,1118.776,51.533,12.876,-41.625,8.009,44.301,15.163,388759.7,388.76,38728.13,13128.13,1.024,0.034,-0.001,-0.055,-0.010,-0.021,97.569,Fuzzy
129,6.4501,83.493,1116.695,51.933,12.874,-41.605,8.008,44.281,15.161,388548.0,388.55,38721.76,13121.76,1.024,0.028,-0.002,-0.055,-0.008,-0.018,98.327,Fuzzy
130,6.5001,84.137,1114.615,52.334,12.873,-41.585,8.007,44.262,15.160,388338.6,388.34,38715.39,13115.40,1.023,0.028,-0.001,-0.056,0.008,-0.017,99.085,Fuzzy
131,6.5501,84.780,1112.536,52.734,12.871,-41.565,8.007,44.242,15.158,388131.4,388.13,38709.03,13109.03,1.023,0.028,0.000,-0.056,0.008,-0.017,99.843,Fuzzy
132,6.6001,85.424,1110.458,53.134,12.870,-41.545,8.006,44.223,15.157,387926.6,387.93,38702.67,13102.67,1.022,0.020,0.000,-0.056,0.006,-0.013,100.601,Fuzzy
133,6.6501,86.067,1108.382,53.534,12.868,-41.525,8.005,44.204,15.155,387723.9,387.72,38696.31,13096.31,1.022,0.020,0.001,-0.056,0.006,-0.012,101.359,Fuzzy
134,6.7001,86.711,1106.306,53.935,12.867,-41.506,8.005,44.185,15.154,387523.4,387.52,38689.95,13089.95,1.022,0.020,0.001,-0.056,0.006,-0.012,102.116,Fuzzy
135,6.7501,87.354,1104.231,54.335,12.866,-41.486,8.004,44.167,15.152,387325.2,387.33,38683.61,13083.61,1.021,0.000,0.001,-0.055,0.000,0.009,102.874,Fuzzy
136,6.8001,87.997,1102.157,54.735,12.865,-41.467,8.003,44.149,15.151,387128.8,387.13,38677.26,13077.26,1.021,0.000,0.001,-0.053,0.000,0.009,103.631,Fuzzy
137,6.8501,88.641,1100.084,55.135,12.864,-41.448,8.003,44.130,15.150,386934.7,386.93,38670.91,13070.91,1.021,0.000,0.001,-0.051,0.000,0.010,104.389,Fuzzy
138,6.9001,89.284,1098.012,55.535,12.863,-41.430,8.002,44.112,15.148,386742.5,386.74,38664.57,13064.57,1.020,0.000,0.001,-0.049,0.000,0.010,105.146,Fuzzy
139,6.9501,89.927,1095.941,55.935,12.862,-41.411,8.001,44.094,15.147,386552.5,386.55,38658.23,13058.23,1.020,0.000,0.001,-0.047,0.000,0.010,105.904,Fuzzy
140,7.0001,90.570,1093.871,56.335,12.861,-41.393,8.001,44.077,15.146,386364.3,386.36,38651.89,13051.89,1.020,0.000,0.001,-0.044,0.000,0.010,106.661,Fuzzy
141,7.0501,91.213,1091.802,56.735,12.860,-41.374,8.000,44.059,15.145,386178.2,386.18,38645.56,13045.56,1.019,0.000,0.001,-0.042,0.000,0.010,107.418,Fuzzy
142,7.1001,91.856,1089.734,57.135,12.859,-41.356,7.999,44.042,15.144,385993.9,385.99,38639.23,13039.24,1.019,0.000,0.001,-0.040,0.000,0.011,108.176,Fuzzy
143,7.1501,92.499,1087.667,57.535,12.858,-41.338,7.999,44.025,15.143,385811.6,385.81,38632.91,13032.91,1.019,0.000,0.001,-0.038,0.000,0.011,108.933,Fuzzy
144,7.2001,93.142,1085.600,57.935,12.857,-41.321,7.998,44.008,15.141,385631.1,385.63,38626.58,13026.58,1.018,0.000,0.001,-0.037,0.000,0.011,109.690,Fuzzy
145,7.2501,93.784,1083.534,58.335,12.856,-41.303,7.997,43.991,15.140,385452.4,385.45,38620.27,13020.26,1.018,0.000,0.001,-0.035,0.000,0.011,110.447,Fuzzy
146,7.3001,94.427,1081.470,58.735,12.855,-41.286,7.997,43.974,15.139,385275.6,385.28,38613.95,13013.95,1.018,0.000,0.001,-0.033,0.000,0.011,111.204,Fuzzy
147,7.3501,95.070,1079.406,59.135,12.854,-41.268,7.996,43.957,15.138,385100.4,385.10,38607.63,13007.63,1.017,0.000,0.001,-0.031,0.000,0.011,111.961,Fuzzy
148,7.4001,95.713,1077.343,59.535,12.853,-41.251,7.995,43.941,15.137,384927.1,384.93,38601.32,13001.32,1.017,0.000,0.001,-0.029,0.000,0.011,112.718,Fuzzy
149,7.4501,96.355,1075.281,59.934,12.852,-41.234,7.995,43.924,15.136,384755.4,384.76,38595.01,12995.01,1.017,0.000,0.001,-0.027,0.000,0.011,113.475,Fuzzy
150,7.5001,96.998,1073.219,60.334,12.851,-41.217,7.994,43.908,15.135,384585.5,384.59,38588.70,12988.70,1.017,0.000,0.001,-0.026,0.000,0.011,114.231,Fuzzy
151,7.5501,97.640,1071.159,60.734,12.851,-41.201,7.993,43.892,15.134,384417.2,384.42,38582.40,12982.40,1.016,0.000,0.001,-0.024,0.000,0.011,114.988,Fuzzy
152,7.6001,98.283,1069.099,61.133,12.850,-41.184,7.993,43.876,15.133,384250.6,384.25,38576.10,12976.10,1.016,0.000,0.001,-0.022,0.000,0.011,115.745,Fuzzy
153,7.6501,98.925,1067.041,61.533,12.849,-41.168,7.992,43.860,15.132,384085.6,384.09,38569.80,12969.80,1.016,0.020,0.000,-0.021,-0.006,0.017,116.501,Fuzzy
154,7.7001,99.568,1064.982,61.933,12.848,-41.151,7.992,43.845,15.131,383922.1,383.92,38563.50,12963.50,1.016,0.020,0.000,-0.019,-0.006,0.016,117.258,Fuzzy
155,7.7501,100.210,1062.925,62.332,12.848,-41.135,7.991,43.829,15.130,383760.3,383.76,38557.21,12957.21,1.015,0.020,-0.001,-0.017,-0.006,0.016,118.014,Fuzzy
156,7.8001,100.853,1060.869,62.732,12.847,-41.119,7.990,43.814,15.129,383599.9,383.60,38550.93,12950.93,1.015,0.020,-0.001,-0.015,-0.006,0.016,118.771,Fuzzy
157,7.8501,101.495,1058.813,63.131,12.846,-41.103,7.990,43.799,15.128,383441.1,383.44,38544.64,12944.64,1.015,0.020,-0.002,-0.013,-0.006,0.016,119.527,Fuzzy
158,7.9001,102.137,1056.759,63.531,12.845,-41.087,7.989,43.783,15.127,383283.7,383.28,38538.35,12938.35,1.014,0.020,-0.002,-0.011,-0.006,0.015,120.284,Fuzzy
159,7.9501,102.779,1054.705,63.930,12.845,-41.072,7.989,43.768,15.126,383127.8,383.13,38532.07,12932.07,1.014,0.020,-0.003,-0.009,-0.006,0.015,121.040,Fuzzy
160,8.0001,103.422,1052.651,64.330,12.844,-41.056,7.988,43.753,15.125,382973.5,382.97,38525.79,12925.79,1.014,0.020,-0.003,-0.007,-0.006,0.015,121.796,Fuzzy
161,8.0501,104.064,1050.599,64.729,12.843,-41.041,7.987,43.739,15.124,382820.4,382.82,38519.51,12919.51,1.014,0.020,-0.004,-0.006,-0.006,0.014,122.553,Fuzzy
162,8.1001,104.706,1048.547,65.128,12.842,-41.025,7.987,43.724,15.123,382668.9,382.67,38513.24,12913.24,1.014,0.020,-0.004,-0.004,0.007,0.014,123.309,Fuzzy
163,8.1501,105.348,1046.497,65.528,12.842,-41.010,7.986,43.709,15.122,382518.7,382.52,38506.97,12906.97,1.013,0.020,-0.003,-0.003,0.007,0.014,124.065,Fuzzy
164,8.2001,105.990,1044.447,65.927,12.841,-40.995,7.985,43.695,15.121,382369.9,382.37,38500.70,12900.70,1.013,0.020,-0.003,-0.001,0.006,0.013,124.821,Fuzzy
165,8.2501,106.632,1042.397,66.326,12.840,-40.980,7.985,43.681,15.120,382222.4,382.22,38494.43,12894.43,1.013,0.020,-0.002,0.000,0.006,0.013,125.577,Fuzzy
166,8.3001,107.274,1040.349,66.725,12.839,-40.965,7.984,43.666,15.119,382076.2,382.08,38488.16,12888.16,1.013,0.020,-0.001,0.001,0.006,0.013,126.333,Fuzzy
167,8.3501,107.916,1038.301,67.125,12.839,-40.951,7.983,43.652,15.118,381931.5,381.93,38481.90,12881.90,1.012,0.020,-0.001,0.002,0.006,0.013,127.089,Fuzzy
168,8.4001,108.558,1036.254,67.524,12.838,-40.936,7.982,43.638,15.117,381787.8,381.79,38475.64,12875.64,1.012,0.020,0.000,0.004,0.006,0.013,127.845,Fuzzy
169,8.4501,109.200,1034.207,67.923,12.837,-40.921,7.982,43.624,15.116,381645.4,381.65,38469.38,12869.38,1.012,0.020,0.001,0.005,0.006,0.013,128.601,Fuzzy
170,8.5001,109.842,1032.161,68.322,12.836,-40.907,7.981,43.610,15.115,381504.3,381.50,38463.13,12863.13,1.012,0.020,0.001,0.006,0.006,0.013,129.356,Fuzzy
171,8.5501,110.484,1030.116,68.721,12.836,-40.893,7.980,43.596,15.114,381364.3,381.36,38456.88,12856.88,1.012,0.020,0.002,0.007,0.006,0.013,130.112,Fuzzy
172,8.6001,111.125,1028.072,69.120,12.835,-40.878,7.980,43.583,15.113,381225.7,381.23,38450.63,12850.63,1.011,0.020,0.002,0.008,0.006,0.013,130.868,Fuzzy
173,8.6502,111.767,1026.029,69.519,12.834,-40.864,7.979,43.569,15.112,381088.2,381.09,38444.38,12844.38,1.011,0.020,0.003,0.009,0.006,0.012,131.623,Fuzzy
174,8.7002,112.409,1023.986,69.918,12.833,-40.850,7.978,43.556,15.111,380951.8,380.95,38438.13,12838.13,1.011,0.020,0.003,0.010,0.006,0.012,132.379,Fuzzy
175,8.7502,113.050,1021.944,70.317,12.833,-40.836,7.977,43.542,15.110,380816.6,380.82,38431.88,12831.88,1.011,0.020,0.003,0.011,-0.007,0.012,133.135,Fuzzy
176,8.8002,113.692,1019.902,70.716,12.832,-40.823,7.977,43.529,15.109,380682.5,380.68,38425.64,12825.64,1.011,0.020,0.003,0.012,-0.006,0.012,133.890,Fuzzy
177,8.8502,114.334,1017.861,71.114,12.831,-40.809,7.976,43.516,15.108,380549.6,380.55,38419.41,12819.40,1.010,0.020,0.002,0.013,-0.006,0.012,134.645,Fuzzy
178,8.9002,114.975,1015.821,71.513,12.830,-40.795,7.976,43.503,15.107,380417.7,380.42,38413.16,12813.16,1.010,0.020,0.001,0.014,-0.006,0.012,135.401,Fuzzy
179,8.9502,115.617,1013.782,71.912,12.830,-40.782,7.975,43.490,15.106,380286.8,380.29,38406.93,12806.93,1.010,0.020,0.001,0.015,-0.006,0.011,136.156,Fuzzy
180,9.0002,116.258,1011.743,72.311,12.829,-40.768,7.974,43.477,15.105,380157.1,380.16,38400.70,12800.70,1.010,0.000,0.000,0.015,0.000,0.005,136.912,Fuzzy
181,9.0502,116.899,1009.705,72.709,12.828,-40.755,7.974,43.464,15.104,380028.4,380.03,38394.47,12794.47,1.010,0.000,0.000,0.015,0.000,0.005,137.667,Fuzzy
182,9.1002,117.541,1007.668,73.108,12.827,-40.742,7.973,43.451,15.103,379900.7,379.90,38388.24,12788.24,1.009,0.000,0.000,0.016,0.000,0.005,138.422,Fuzzy
183,9.1502,118.182,1005.631,73.507,12.826,-40.729,7.972,43.438,15.102,379774.0,379.77,38382.01,12782.01,1.009,0.000,0.000,0.016,0.000,0.005,139.177,Fuzzy
184,9.2002,118.823,1003.595,73.905,12.825,-40.716,7.972,43.426,15.101,379648.3,379.65,38375.79,12775.78,1.009,0.000,0.000,0.016,0.000,0.004,139.932,Fuzzy
185,9.2502,119.465,1001.559,74.304,12.824,-40.703,7.971,43.413,15.100,379523.6,379.52,38369.56,12769.56,1.009,0.000,0.000,0.016,0.000,0.004,140.687,Fuzzy
186,9.3002,120.106,999.524,74.702,12.823,-40.690,7.971,43.401,15.099,379399.9,379.40,38363.34,12763.34,1.009,0.000,0.000,0.016,0.000,0.004,141.442,Fuzzy
187,9.3502,120.747,997.490,75.101,12.823,-40.677,7.970,43.388,15.098,379277.0,379.28,38357.12,12757.12,1.009,0.000,0.000,0.016,0.000,0.004,142.197,Fuzzy
188,9.4002,121.388,995.457,75.499,12.822,-40.664,7.969,43.376,15.096,379155.1,379.16,38350.90,12750.90,1.008,0.000,0.000,0.016,0.000,0.003,142.952,Fuzzy
189,9.4502,122.029,993.424,75.898,12.821,-40.651,7.969,43.364,15.095,379034.2,379.03,38344.69,12744.69,1.008,0.000,0.000,0.016,0.000,0.003,143.707,Fuzzy
190,9.5002,122.670,991.392,76.296,12.820,-40.639,7.968,43.352,15.094,378914.1,378.91,38338.48,12738.48,1.008,0.000,0.000,0.016,0.000,0.003,144.461,Fuzzy
191,9.5502,123.311,989.360,76.695,12.819,-40.626,7.967,43.339,15.093,378795.1,378.80,38332.27,12732.27,1.008,0.000,0.000,0.016,0.000,0.003,145.216,Fuzzy
192,9.6002,123.952,987.329,77.093,12.818,-40.614,7.967,43.327,15.092,378676.7,378.68,38326.06,12726.06,1.008,0.000,0.000,0.015,0.000,0.002,145.971,Fuzzy
193,9.6502,124.593,985.299,77.491,12.817,-40.602,7.966,43.315,15.091,378559.2,378.56,38319.85,12719.85,1.008,0.000,0.000,0.015,0.000,0.002,146.725,Fuzzy
194,9.7002,125.234,983.269,77.890,12.816,-40.589,7.965,43.303,15.090,378442.8,378.44,38313.64,12713.65,1.008,0.000,0.000,0.015,0.000,0.002,147.480,Fuzzy
195,9.7502,125.875,981.240,78.288,12.815,-40.577,7.965,43.292,15.088,378326.9,378.33,38307.45,12707.44,1.007,0.000,0.000,0.015,0.000,0.002,148.234,Fuzzy
196,9.8002,126.515,979.211,78.686,12.814,-40.565,7.964,43.280,15.087,378212.1,378.21,38301.24,12701.24,1.007,0.000,0.000,0.015,0.000,0.001,148.989,Fuzzy
197,9.8502,127.156,977.183,79.084,12.813,-40.553,7.963,43.268,15.086,378098.0,378.10,38295.04,12695.04,1.007,0.000,0.000,0.015,0.000,0.001,149.743,Fuzzy
198,9.9002,127.797,975.156,79.482,12.812,-40.541,7.963,43.256,15.085,377984.5,377.98,38288.84,12688.84,1.007,0.000,0.000,0.014,0.000,0.001,150.497,Fuzzy
199,9.9502,128.437,973.129,79.880,12.811,-40.529,7.962,43.245,15.084,377872.0,377.87,38282.65,12682.65,1.007,0.000,0.000,0.014,0.000,0.001,151.251,Fuzzy
200,10.0002,129.078,971.103,80.279,12.810,-40.517,7.961,43.233,15.082,377760.3,377.76,38276.46,12676.46,1.007,0.000,0.000,0.014,0.000,0.001,152.006,Fuzzy
201,10.0502,129.718,969.077,80.677,12.809,-40.505,7.961,43.222,15.081,377649.3,377.65,38270.27,12670.26,1.007,0.000,0.000,0.014,0.000,0.000,152.760,Fuzzy
202,10.1002,130.359,967.052,81.075,12.808,-40.494,7.960,43.210,15.080,377538.9,377.54,38264.07,12664.07,1.006,0.000,0.000,0.013,0.000,0.000,153.514,Fuzzy
203,10.1502,130.999,965.028,81.473,12.807,-40.482,7.959,43.199,15.079,377429.4,377.43,38257.88,12657.88,1.006,0.000,0.000,0.013,0.000,0.000,154.268,Fuzzy
204,10.2002,131.639,963.004,81.871,12.806,-40.470,7.959,43.188,15.077,377320.6,377.32,38251.70,12651.69,1.006,0.000,0.000,0.013,0.000,0.000,155.022,Fuzzy
205,10.2502,132.279,960.981,82.269,12.805,-40.459,7.958,43.177,15.076,377306.8,377.31,38245.51,12645.51,1.006,0.000,0.000,0.012,0.000,0.000,155.775,Fuzzy
206,10.3002,132.920,958.958,82.666,12.804,-40.447,7.958,43.165,15.075,377730.6,377.73,38239.32,12639.32,1.008,0.000,0.000,0.012,0.000,-0.001,156.529,Fuzzy
207,10.3502,133.560,956.936,83.064,12.803,-40.434,7.957,43.153,15.074,378146.6,378.15,38233.13,12633.13,1.009,0.000,0.000,0.012,0.000,-0.001,157.283,Fuzzy
208,10.4002,134.200,954.915,83.462,12.801,-40.421,7.956,43.140,15.072,378555.3,378.56,38226.92,12626.92,1.010,0.000,0.000,0.011,0.000,-0.001,158.037,Fuzzy
209,10.4502,134.840,952.894,83.860,12.800,-40.407,7.956,43.127,15.071,378956.3,378.96,38220.71,12620.71,1.011,0.000,0.000,0.011,0.000,-0.001,158.790,Fuzzy
210,10.5002,135.480,950.874,84.258,12.799,-40.393,7.955,43.113,15.070,379349.9,379.35,38214.50,12614.50,1.013,0.000,0.000,0.011,0.000,-0.001,159.544,Fuzzy
211,10.5502,136.120,948.855,84.655,12.798,-40.378,7.954,43.098,15.069,379736.5,379.74,38208.27,12608.28,1.014,0.000,0.000,0.010,0.000,-0.002,160.297,Fuzzy
212,10.6002,136.760,946.836,85.053,12.797,-40.362,7.954,43.083,15.067,380115.8,380.12,38202.05,12602.04,1.015,0.000,0.000,0.010,0.000,-0.002,161.051,Fuzzy
213,10.6502,137.400,944.819,85.451,12.796,-40.346,7.953,43.067,15.066,380488.1,380.49,38195.81,12595.81,1.016,0.000,0.000,0.009,0.000,-0.002,161.804,Fuzzy
214,10.7002,138.039,942.802,85.848,12.795,-40.330,7.952,43.051,15.065,380853.5,380.85,38189.57,12589.57,1.017,0.000,0.000,0.009,0.000,-0.002,162.557,Fuzzy
215,10.7502,138.679,940.786,86.246,12.794,-40.312,7.952,43.035,15.063,381212.1,381.21,38183.32,12583.32,1.018,0.000,0.000,0.009,0.000,-0.002,163.310,Fuzzy
216,10.8002,139.319,938.771,86.644,12.793,-40.294,7.951,43.018,15.062,381564.1,381.56,38177.07,12577.07,1.019,0.000,0.000,0.008,0.000,-0.002,164.063,Fuzzy
217,10.8502,139.958,936.756,87.041,12.791,-40.276,7.950,43.000,15.061,381909.3,381.91,38170.81,12570.81,1.021,0.000,0.000,0.008,0.000,-0.002,164.817,Fuzzy
218,10.9002,140.598,934.743,87.439,12.790,-40.257,7.950,42.982,15.060,382248.0,382.25,38164.55,12564.55,1.022,0.000,0.000,0.007,0.000,-0.003,165.570,Fuzzy
219,10.9502,141.237,932.731,87.836,12.789,-40.238,7.949,42.963,15.058,382580.5,382.58,38158.28,12558.28,1.023,0.000,0.000,0.007,0.000,-0.003,166.323,Fuzzy
220,11.0002,141.877,930.719,88.234,12.788,-40.218,7.948,42.944,15.057,382906.5,382.91,38152.00,12552.00,1.024,0.000,0.000,0.006,0.000,-0.003,167.075,Fuzzy
221,11.0502,142.516,928.709,88.631,12.787,-40.198,7.948,42.925,15.056,383226.4,383.23,38145.72,12545.72,1.025,0.000,0.000,0.006,0.000,-0.003,167.828,Fuzzy
222,11.1002,143.156,926.699,89.028,12.786,-40.177,7.947,42.905,15.054,383540.2,383.54,38139.44,12539.44,1.026,0.000,0.000,0.006,0.000,-0.003,168.581,Fuzzy
223,11.1502,143.795,924.691,89.426,12.785,-40.155,7.947,42.884,15.053,383847.8,383.85,38133.15,12533.15,1.027,0.000,0.000,0.005,0.000,-0.003,169.334,Fuzzy
224,11.2002,144.434,922.684,89.823,12.783,-40.134,7.946,42.863,15.052,384149.6,384.15,38126.85,12526.85,1.028,0.000,0.000,0.005,0.000,-0.003,170.086,Fuzzy
225,11.2502,145.073,920.678,90.220,12.782,-40.111,7.945,42.842,15.050,384445.5,384.45,38120.55,12520.55,1.029,0.000,0.000,0.004,0.000,-0.003,170.839,Fuzzy
226,11.3002,145.712,918.673,90.617,12.781,-40.088,7.945,42.820,15.049,384735.8,384.74,38114.24,12514.24,1.030,0.000,0.000,0.004,0.000,-0.003,171.591,Fuzzy
227,11.3502,146.351,916.669,91.015,12.780,-40.065,7.944,42.798,15.048,385020.2,385.02,38107.94,12507.94,1.031,0.000,0.000,0.003,0.000,-0.003,172.344,Fuzzy
228,11.4002,146.990,914.666,91.412,12.779,-40.042,7.943,42.775,15.046,385299.1,385.30,38101.62,12501.62,1.031,0.000,0.000,0.003,0.000,-0.003,173.096,Fuzzy
229,11.4502,147.629,912.665,91.809,12.778,-40.017,7.943,42.752,15.045,385572.5,385.57,38095.30,12495.30,1.032,0.000,0.000,0.003,0.000,-0.003,173.848,Fuzzy
230,11.5002,148.268,910.664,92.206,12.776,-39.993,7.942,42.729,15.044,385840.5,385.84,38088.98,12488.98,1.033,0.000,0.000,0.002,0.000,-0.003,174.601,Fuzzy
231,11.5502,148.907,908.665,92.603,12.775,-39.968,7.941,42.705,15.042,386103.2,386.10,38082.65,12482.65,1.034,0.000,0.000,0.002,0.000,-0.003,175.353,Fuzzy
232,11.6002,149.545,906.668,93.000,12.774,-39.943,7.941,42.681,15.041,386360.6,386.36,38076.32,12476.32,1.035,0.000,0.000,0.001,0.000,-0.003,176.105,Fuzzy
233,11.6502,150.184,904.671,93.397,12.773,-39.917,7.940,42.656,15.040,386612.8,386.61,38069.98,12469.98,1.036,0.000,0.000,0.001,0.000,-0.003,176.857,Fuzzy
234,11.7002,150.823,902.676,93.794,12.772,-39.891,7.939,42.631,15.038,386860.0,386.86,38063.64,12463.64,1.037,0.000,0.000,0.001,0.000,-0.004,177.609,Fuzzy
235,11.7502,151.461,900.682,94.191,12.771,-39.864,7.939,42.606,15.037,387102.1,387.10,38057.30,12457.30,1.038,0.000,0.000,0.000,0.000,-0.004,178.361,Fuzzy
236,11.8002,152.100,898.690,94.588,12.769,-39.837,7.938,42.580,15.036,387339.2,387.34,38050.95,12450.95,1.038,0.000,0.000,0.000,0.000,-0.004,179.112,Fuzzy
237,11.8502,152.738,896.698,94.985,12.768,-39.810,7.937,42.554,15.034,387571.5,387.57,38044.60,12444.60,1.039,0.000,0.000,0.000,0.000,-0.004,179.864,Fuzzy
238,11.9002,153.377,894.709,95.382,12.767,-39.782,7.937,42.528,15.033,387798.9,387.80,38038.24,12438.24,1.040,0.000,0.000,-0.001,0.000,-0.004,180.616,Fuzzy
239,11.9502,154.015,892.720,95.779,12.766,-39.754,7.936,42.501,15.032,388021.5,388.02,38031.88,12431.88,1.041,0.000,0.000,-0.001,0.000,-0.004,181.368,Fuzzy
240,12.0002,154.653,890.733,96.176,12.765,-39.725,7.936,42.474,15.030,388239.8,388.24,38025.52,12425.52,1.041,0.000,0.000,-0.001,0.001,-0.004,182.119,Fuzzy
241,12.0502,155.291,888.748,96.572,12.764,-39.696,7.935,42.446,15.029,388453.3,388.45,38019.15,12419.15,1.042,0.000,0.000,-0.002,0.001,-0.004,182.871,Fuzzy
242,12.1002,155.930,886.764,96.969,12.762,-39.667,7.934,42.418,15.028,388662.4,388.66,38012.78,12412.78,1.043,0.000,0.000,-0.002,0.001,-0.005,183.622,Fuzzy
243,12.1502,156.568,884.781,97.366,12.761,-39.638,7.934,42.390,15.026,388867.0,388.87,38006.41,12406.41,1.044,0.000,0.000,-0.003,0.001,-0.005,184.373,Fuzzy
244,12.2002,157.206,882.800,97.762,12.760,-39.608,7.933,42.362,15.025,389067.2,389.07,38000.03,12400.03,1.044,0.000,0.000,-0.003,0.002,-0.006,185.125,Fuzzy
245,12.2502,157.844,880.820,98.159,12.759,-39.578,7.932,42.333,15.024,389263.3,389.26,37993.65,12393.65,1.045,0.000,0.001,-0.004,0.002,-0.006,185.876,Fuzzy
246,12.3002,158.482,878.842,98.556,12.758,-39.547,7.932,42.304,15.022,389454.9,389.45,37987.27,12387.26,1.046,0.000,0.001,-0.004,0.003,-0.007,186.627,Fuzzy
247,12.3502,159.119,876.865,98.952,12.757,-39.516,7.931,42.275,15.021,389642.5,389.64,37980.88,12380.88,1.046,0.000,0.001,-0.005,0.003,-0.008,187.378,Fuzzy
248,12.4002,159.757,874.890,99.349,12.755,-39.485,7.930,42.245,15.020,389825.9,389.83,37974.49,12374.49,1.047,0.000,0.001,-0.006,0.004,-0.008,188.129,Fuzzy
249,12.4502,160.395,872.917,99.745,12.754,-39.453,7.930,42.215,15.018,390005.3,390.01,37968.10,12368.10,1.048,0.000,0.002,-0.006,0.005,-0.009,188.880,Fuzzy
250,12.5002,161.033,870.945,100.142,12.753,-39.422,7.929,42.185,15.017,390180.6,390.18,37961.70,12361.70,1.048,0.000,0.002,-0.007,0.005,-0.010,189.631,Fuzzy
251,12.5502,161.670,868.975,100.538,12.752,-39.389,7.928,42.154,15.015,390352.0,390.35,37955.30,12355.30,1.049,0.000,0.003,-0.008,0.006,-0.011,190.382,Fuzzy
252,12.6002,162.308,867.006,100.934,12.751,-39.357,7.927,42.124,15.014,390519.6,390.52,37948.90,12348.90,1.050,0.000,0.004,-0.009,0.007,-0.012,191.132,Fuzzy
253,12.6502,162.945,865.039,101.331,12.749,-39.324,7.927,42.093,15.013,390683.4,390.68,37942.50,12342.50,1.050,0.000,0.004,-0.010,0.008,-0.013,191.883,Fuzzy
254,12.7002,163.583,863.074,101.727,12.748,-39.291,7.926,42.061,15.011,390843.4,390.84,37936.09,12336.09,1.051,0.000,0.005,-0.011,0.009,-0.014,192.634,Fuzzy
255,12.7502,164.220,861.110,102.123,12.747,-39.258,7.925,42.030,15.010,390999.8,391.00,37929.68,12329.68,1.051,0.000,0.006,-0.013,0.010,-0.015,193.384,Fuzzy
256,12.8003,164.858,859.148,102.520,12.746,-39.224,7.925,41.998,15.008,391152.5,391.15,37923.27,12323.27,1.052,0.000,0.007,-0.014,0.011,-0.017,194.135,Fuzzy
257,12.8503,165.495,857.187,102.916,12.745,-39.191,7.924,41.966,15.007,391301.6,391.30,37916.86,12316.86,1.053,0.000,0.008,-0.015,0.012,-0.018,194.885,Fuzzy
258,12.9003,166.132,855.229,103.312,12.743,-39.156,7.923,41.933,15.006,391447.3,391.45,37910.44,12310.44,1.053,0.000,0.009,-0.017,0.013,-0.019,195.635,Fuzzy
259,12.9503,166.769,853.272,103.708,12.742,-39.122,7.922,41.901,15.004,391589.4,391.59,37904.02,12304.02,1.054,0.000,0.010,-0.019,0.014,-0.020,196.386,Fuzzy
260,13.0003,167.406,851.317,104.104,12.741,-39.087,7.922,41.868,15.003,391728.2,391.73,37897.60,12297.60,1.054,0.000,0.011,-0.020,0.015,-0.022,197.136,Fuzzy
261,13.0503,168.043,849.363,104.500,12.740,-39.053,7.921,41.835,15.001,391863.6,391.86,37891.18,12291.18,1.055,0.000,0.013,-0.022,0.016,-0.023,197.886,Fuzzy
262,13.1003,168.680,847.411,104.896,12.738,-39.017,7.920,41.801,15.000,391995.6,392.00,37884.75,12284.75,1.055,0.000,0.014,-0.024,0.017,-0.025,198.636,Fuzzy
263,13.1503,169.317,845.461,105.292,12.737,-38.982,7.919,41.768,14.998,392124.4,392.12,37878.32,12278.33,1.056,0.000,0.016,-0.026,0.019,-0.026,199.386,Fuzzy
264,13.2003,169.954,843.513,105.688,12.736,-38.946,7.919,41.734,14.997,392250.0,392.25,37871.90,12271.90,1.056,0.000,0.017,-0.028,0.020,-0.027,200.136,Fuzzy
265,13.2503,170.591,841.567,106.084,12.735,-38.910,7.918,41.700,14.995,392372.5,392.37,37865.46,12265.46,1.057,0.000,0.019,-0.031,0.021,-0.029,200.886,Fuzzy
266,13.3003,171.227,839.622,106.480,12.733,-38.874,7.917,41.666,14.994,392491.8,392.49,37859.03,12259.03,1.057,0.000,0.021,-0.033,0.023,-0.031,201.635,Fuzzy
267,13.3503,171.864,837.679,106.876,12.732,-38.838,7.916,41.631,14.993,392607.9,392.61,37852.59,12252.59,1.058,0.000,0.023,-0.035,0.024,-0.032,202.385,Fuzzy
268,13.4003,172.501,835.738,107.272,12.731,-38.801,7.916,41.597,14.991,392721.2,392.72,37846.16,12246.16,1.058,0.000,0.025,-0.038,0.025,-0.034,203.135,Fuzzy
269,13.4503,173.137,833.799,107.668,12.730,-38.765,7.915,41.562,14.990,392831.5,392.83,37839.72,12239.72,1.059,0.000,0.027,-0.041,0.027,-0.035,203.884,Fuzzy
270,13.5003,173.773,831.862,108.063,12.728,-38.727,7.914,41.527,14.988,392938.8,392.94,37833.28,12233.28,1.059,0.020,0.028,-0.043,0.015,-0.031,204.634,Fuzzy
271,13.5503,174.410,829.926,108.459,12.727,-38.690,7.914,41.491,14.987,393043.1,393.04,37826.83,12226.83,1.060,0.020,0.029,-0.045,0.016,-0.033,205.383,Fuzzy
272,13.6003,175.046,827.993,108.855,12.726,-38.653,7.913,41.456,14.986,393144.7,393.14,37820.39,12220.39,1.060,0.020,0.030,-0.048,0.018,-0.035,206.132,Fuzzy
273,13.6503,175.682,826.061,109.250,12.725,-38.615,7.912,41.420,14.984,393243.6,393.24,37813.94,12213.94,1.061,0.028,0.031,-0.050,0.017,-0.034,206.881,Fuzzy
274,13.7003,176.319,824.131,109.646,12.724,-38.577,7.912,41.385,14.983,393339.8,393.34,37807.50,12207.50,1.061,0.028,0.032,-0.053,0.018,-0.036,207.631,Fuzzy
275,13.7503,176.955,822.203,110.041,12.723,-38.539,7.911,41.349,14.982,393433.1,393.43,37801.05,12201.05,1.062,0.034,0.034,-0.055,0.019,-0.038,208.380,Fuzzy
276,13.8003,177.591,820.277,110.437,12.722,-38.501,7.910,41.313,14.980,393523.8,393.52,37794.60,12194.60,1.062,0.034,0.035,-0.058,0.019,-0.038,209.129,Fuzzy
277,13.8503,178.227,818.353,110.832,12.720,-38.462,7.910,41.276,14.979,393611.9,393.61,37788.14,12188.14,1.062,0.040,0.036,-0.061,0.019,-0.039,209.878,Fuzzy
278,13.9003,178.863,816.431,111.228,12.719,-38.424,7.909,41.240,14.978,393697.1,393.70,37781.69,12181.69,1.063,0.044,0.037,-0.063,0.020,-0.041,210.627,Fuzzy
279,13.9503,179.499,814.511,111.623,12.718,-38.385,7.909,41.203,14.977,393780.2,393.78,37775.23,12175.23,1.063,0.044,0.038,-0.066,0.020,-0.042,211.376,Fuzzy
280,14.0003,180.135,812.593,112.019,12.717,-38.346,7.908,41.166,14.976,393860.7,393.86,37768.78,12168.78,1.064,0.048,0.039,-0.069,0.020,-0.042,212.124,Fuzzy
281,14.0503,180.771,810.676,112.414,12.716,-38.307,7.908,41.130,14.974,393938.7,393.94,37762.32,12162.32,1.064,0.052,0.040,-0.072,0.021,-0.043,212.873,Fuzzy
282,14.1003,181.406,808.762,112.810,12.715,-38.267,7.907,41.092,14.973,394014.3,394.01,37755.87,12155.87,1.064,0.059,0.042,-0.074,0.020,-0.044,213.622,Fuzzy
283,14.1503,182.042,806.850,113.205,12.714,-38.228,7.907,41.055,14.972,394087.4,394.09,37749.41,12149.40,1.065,0.063,0.043,-0.077,0.021,-0.045,214.370,Fuzzy
284,14.2003,182.678,804.939,113.600,12.713,-38.188,7.906,41.018,14.971,394158.1,394.16,37742.94,12142.94,1.065,0.066,0.044,-0.080,0.022,-0.046,215.119,Fuzzy
285,14.2503,183.314,803.031,113.995,12.712,-38.148,7.906,40.980,14.970,394226.7,394.23,37736.48,12136.47,1.066,0.071,0.045,-0.083,0.022,-0.047,215.868,Fuzzy
286,14.3003,183.949,801.124,114.391,12.712,-38.108,7.905,40.943,14.969,394292.8,394.29,37730.01,12130.01,1.066,0.077,0.047,-0.086,0.022,-0.048,216.616,Fuzzy
287,14.3503,184.585,799.220,114.786,12.711,-38.068,7.905,40.905,14.968,394356.8,394.36,37723.55,12123.54,1.066,0.082,0.048,-0.089,0.022,-0.049,217.364,Fuzzy
288,14.4003,185.220,797.317,115.181,12.710,-38.027,7.904,40.867,14.967,394418.6,394.42,37717.08,12117.08,1.067,0.086,0.049,-0.092,0.023,-0.050,218.113,Fuzzy
289,14.4503,185.856,795.417,115.576,12.709,-37.987,7.904,40.829,14.966,394478.1,394.48,37710.62,12110.62,1.067,0.093,0.050,-0.095,0.023,-0.051,218.861,Fuzzy
290,14.5003,186.491,793.519,115.972,12.708,-37.946,7.904,40.791,14.966,394535.6,394.54,37704.15,12104.15,1.067,0.097,0.051,-0.098,0.023,-0.052,219.610,Fuzzy
291,14.5503,187.126,791.623,116.367,12.708,-37.905,7.903,40.753,14.965,394591.0,394.59,37697.69,12097.69,1.068,0.103,0.053,-0.101,0.024,-0.052,220.358,Fuzzy
292,14.6003,187.762,789.728,116.762,12.707,-37.864,7.903,40.714,14.964,394644.3,394.64,37691.22,12091.22,1.068,0.108,0.054,-0.104,0.024,-0.053,221.106,Fuzzy
293,14.6503,188.397,787.836,117.157,12.706,-37.823,7.903,40.676,14.963,394695.4,394.70,37684.74,12084.74,1.068,0.115,0.055,-0.107,0.024,-0.054,221.854,Fuzzy
294,14.7003,189.033,785.946,117.552,12.706,-37.782,7.902,40.637,14.963,394744.7,394.74,37678.27,12078.27,1.069,0.120,0.056,-0.111,0.024,-0.055,222.602,Fuzzy
295,14.7503,189.668,784.058,117.947,12.705,-37.741,7.902,40.598,14.962,394791.8,394.79,37671.80,12071.79,1.069,0.127,0.058,-0.114,0.025,-0.056,223.350,Fuzzy
296,14.8003,190.303,782.172,118.342,12.705,-37.699,7.902,40.559,14.962,394837.1,394.84,37665.32,12065.32,1.069,0.134,0.059,-0.117,0.025,-0.057,224.099,Fuzzy
297,14.8503,190.938,780.288,118.738,12.704,-37.657,7.902,40.521,14.961,394880.4,394.88,37658.84,12058.85,1.070,0.140,0.060,-0.120,0.025,-0.057,224.847,Fuzzy
298,14.9003,191.574,778.406,119.133,12.704,-37.616,7.901,40.482,14.961,394921.9,394.92,37652.37,12052.37,1.070,0.147,0.061,-0.123,0.025,-0.058,225.595,Fuzzy
299,14.9503,192.209,776.526,119.528,12.704,-37.574,7.901,40.442,14.960,394961.5,394.96,37645.90,12045.90,1.070,0.155,0.062,-0.127,0.026,-0.059,226.343,Fuzzy
300,15.0003,192.844,774.649,119.923,12.703,-37.531,7.901,40.403,14.960,394999.3,395.00,37639.42,12039.42,1.070,0.162,0.064,-0.130,0.026,-0.060,227.091,Fuzzy
301,15.0503,193.479,772.773,120.318,12.703,-37.489,7.901,40.364,14.960,395035.2,395.04,37632.95,12032.95,1.071,0.169,0.065,-0.133,0.026,-0.061,227.839,Fuzzy
302,15.1003,194.114,770.900,120.713,12.703,-37.447,7.901,40.325,14.960,395069.5,395.07,37626.47,12026.47,1.071,0.176,0.066,-0.136,0.026,-0.061,228.587,Fuzzy
303,15.1503,194.750,769.029,121.108,12.703,-37.405,7.901,40.285,14.960,395102.0,395.10,37620.00,12020.00,1.071,0.183,0.067,-0.139,0.026,-0.062,229.335,Fuzzy
304,15.2003,195.385,767.159,121.503,12.703,-37.362,7.901,40.246,14.960,395132.8,395.13,37613.52,12013.52,1.071,0.192,0.068,-0.143,0.026,-0.063,230.083,Fuzzy
305,15.2503,196.020,765.292,121.898,12.703,-37.319,7.901,40.206,14.960,395161.8,395.16,37607.05,12007.05,1.072,0.200,0.069,-0.146,0.026,-0.063,230.831,Fuzzy
306,15.3003,196.655,763.428,122.293,12.703,-37.276,7.901,40.166,14.960,395189.3,395.19,37600.57,12000.57,1.072,0.207,0.071,-0.149,0.027,-0.064,231.579,Fuzzy
307,15.3503,197.290,761.565,122.688,12.703,-37.234,7.901,40.126,14.960,395215.0,395.22,37594.10,11994.10,1.072,0.216,0.072,-0.152,0.027,-0.065,232.327,Fuzzy
308,15.4003,197.925,759.704,123.083,12.703,-37.191,7.901,40.087,14.960,395239.2,395.24,37587.62,11987.62,1.073,0.225,0.073,-0.155,0.027,-0.066,233.075,Fuzzy
309,15.4503,198.560,757.846,123.478,12.703,-37.147,7.901,40.047,14.960,395261.8,395.26,37581.14,11981.14,1.073,0.233,0.074,-0.159,0.027,-0.066,233.823,Fuzzy
310,15.5003,199.196,755.989,123.873,12.704,-37.104,7.902,40.007,14.961,395282.7,395.28,37574.65,11974.65,1.073,0.242,0.075,-0.162,0.027,-0.067,234.571,Fuzzy
311,15.5503,199.831,754.135,124.268,12.704,-37.061,7.902,39.967,14.961,395302.1,395.30,37568.17,11968.17,1.073,0.251,0.076,-0.165,0.027,-0.068,235.319,Fuzzy
312,15.6003,200.466,752.283,124.663,12.705,-37.017,7.902,39.927,14.962,395320.1,395.32,37561.68,11961.68,1.073,0.260,0.077,-0.168,0.027,-0.068,236.067,Fuzzy
313,15.6503,201.101,750.434,125.058,12.705,-36.974,7.902,39.887,14.962,395336.5,395.34,37555.20,11955.20,1.074,0.270,0.078,-0.171,0.027,-0.069,236.815,Fuzzy
314,15.7003,201.736,748.586,125.454,12.706,-36.930,7.903,39.846,14.963,395351.5,395.35,37548.71,11948.71,1.074,0.279,0.079,-0.175,0.027,-0.069,237.563,Fuzzy
315,15.7503,202.372,746.741,125.849,12.706,-36.887,7.903,39.806,14.964,395365.1,395.37,37542.23,11942.23,1.074,0.289,0.080,-0.178,0.027,-0.070,238.311,Fuzzy
316,15.8003,203.007,744.897,126.244,12.707,-36.843,7.903,39.766,14.965,395377.2,395.38,37535.75,11935.75,1.074,0.299,0.081,-0.181,0.028,-0.071,239.059,Fuzzy
317,15.8503,203.643,743.056,126.639,12.708,-36.799,7.904,39.726,14.965,395387.9,395.39,37529.26,11929.26,1.075,0.308,0.082,-0.184,0.028,-0.071,239.808,Fuzzy
318,15.9003,204.278,741.217,127.034,12.709,-36.755,7.904,39.685,14.966,395397.3,395.40,37522.78,11922.78,1.075,0.319,0.083,-0.187,0.028,-0.072,240.556,Fuzzy
319,15.9503,204.913,739.381,127.430,12.710,-36.711,7.905,39.645,14.968,395405.3,395.41,37516.29,11916.29,1.075,0.329,0.084,-0.190,0.028,-0.073,241.304,Fuzzy
320,16.0003,205.549,737.546,127.825,12.711,-36.667,7.905,39.604,14.969,395412.1,395.41,37509.81,11909.81,1.075,0.340,0.085,-0.194,0.028,-0.073,242.053,Fuzzy
321,16.0503,206.184,735.714,128.220,12.712,-36.622,7.906,39.564,14.970,395417.4,395.42,37503.32,11903.32,1.075,0.350,0.086,-0.197,0.028,-0.074,242.801,Fuzzy
322,16.1003,206.820,733.884,128.615,12.713,-36.578,7.907,39.523,14.971,395421.4,395.42,37496.84,11896.84,1.076,0.361,0.087,-0.200,0.028,-0.074,243.550,Fuzzy
323,16.1503,207.456,732.056,129.011,12.715,-36.534,7.907,39.483,14.973,395424.3,395.42,37490.36,11890.36,1.076,0.372,0.088,-0.203,0.028,-0.075,244.298,Fuzzy
324,16.2003,208.092,730.231,129.406,12.716,-36.489,7.908,39.442,14.975,395425.9,395.43,37483.87,11883.87,1.076,0.383,0.089,-0.206,0.028,-0.076,245.047,Fuzzy
325,16.2503,208.727,728.407,129.802,12.718,-36.445,7.909,39.402,14.976,395426.2,395.43,37477.39,11877.39,1.076,0.394,0.089,-0.209,0.028,-0.076,245.796,Fuzzy
326,16.3003,209.363,726.586,130.197,12.719,-36.400,7.910,39.361,14.978,395425.3,395.43,37470.90,11870.90,1.076,0.406,0.090,-0.212,0.029,-0.077,246.545,Fuzzy
327,16.3503,209.999,724.767,130.593,12.721,-36.355,7.910,39.321,14.980,395423.4,395.42,37464.42,11864.42,1.077,0.417,0.091,-0.215,0.029,-0.077,247.294,Fuzzy
328,16.4003,210.635,722.951,130.988,12.723,-36.310,7.911,39.280,14.982,395420.0,395.42,37457.93,11857.93,1.077,0.429,0.092,-0.218,0.029,-0.078,248.043,Fuzzy
329,16.4502,211.272,721.136,131.384,12.725,-36.266,7.912,39.239,14.984,395415.8,395.42,37451.45,11851.45,1.077,0.441,0.093,-0.221,0.029,-0.078,248.792,Fuzzy
330,16.5002,211.908,719.324,131.779,12.727,-36.221,7.913,39.199,14.986,395410.3,395.41,37444.96,11844.96,1.077,0.453,0.094,-0.224,0.029,-0.079,249.541,Fuzzy
331,16.5502,212.544,717.514,132.175,12.729,-36.176,7.914,39.158,14.988,395403.7,395.40,37438.48,11838.48,1.077,0.465,0.095,-0.227,0.029,-0.080,250.290,Fuzzy
332,16.6002,213.181,715.707,132.571,12.731,-36.131,7.915,39.117,14.991,395396.0,395.40,37432.00,11832.00,1.077,0.478,0.095,-0.230,0.029,-0.080,251.040,Fuzzy
333,16.6502,213.817,713.901,132.967,12.733,-36.086,7.916,39.076,14.993,395387.3,395.39,37425.51,11825.51,1.078,0.490,0.096,-0.233,0.029,-0.081,251.790,Fuzzy
334,16.7002,214.454,712.098,133.362,12.736,-36.040,7.917,39.036,14.996,395377.5,395.38,37419.03,11819.03,1.078,0.503,0.097,-0.236,0.029,-0.081,252.539,Fuzzy
335,16.7502,215.091,710.297,133.758,12.738,-35.995,7.919,38.995,14.999,395366.5,395.37,37412.54,11812.54,1.078,0.516,0.098,-0.239,0.029,-0.082,253.289,Fuzzy
336,16.8002,215.728,708.499,134.154,12.741,-35.950,7.920,38.954,15.002,395354.7,395.35,37406.06,11806.06,1.078,0.529,0.098,-0.242,0.029,-0.082,254.039,Fuzzy
337,16.8502,216.365,706.702,134.550,12.743,-35.904,7.921,38.914,15.005,395341.8,395.34,37399.57,11799.57,1.078,0.542,0.099,-0.245,0.030,-0.083,254.789,Fuzzy
338,16.9002,217.002,704.908,134.946,12.746,-35.859,7.922,38.873,15.008,395327.9,395.33,37393.09,11793.09,1.078,0.555,0.100,-0.248,0.030,-0.084,255.540,Fuzzy
339,16.9502,217.640,703.116,135.342,12.749,-35.814,7.924,38.832,15.011,395313.1,395.31,37386.61,11786.61,1.078,0.569,0.101,-0.251,0.030,-0.084,256.290,Fuzzy
340,17.0002,218.277,701.327,135.739,12.752,-35.768,7.925,38.791,15.014,395297.3,395.30,37380.12,11780.12,1.079,0.582,0.101,-0.254,0.030,-0.085,257.041,Fuzzy
341,17.0501,218.915,699.540,136.135,12.755,-35.722,7.927,38.751,15.018,395280.6,395.28,37373.64,11773.64,1.079,0.596,0.102,-0.257,0.030,-0.085,257.791,Fuzzy
342,17.1001,219.553,697.755,136.531,12.759,-35.677,7.928,38.710,15.021,395262.8,395.26,37367.15,11767.15,1.079,0.610,0.103,-0.260,0.030,-0.086,258.542,Fuzzy
343,17.1501,220.191,695.972,136.928,12.762,-35.631,7.930,38.669,15.025,395244.2,395.24,37360.67,11760.67,1.079,0.624,0.104,-0.263,0.030,-0.086,259.294,Fuzzy
344,17.2001,220.829,694.192,137.324,12.765,-35.585,7.931,38.629,15.029,395224.7,395.22,37354.19,11754.19,1.079,0.638,0.104,-0.266,0.030,-0.087,260.045,Fuzzy
345,17.2501,221.467,692.413,137.721,12.769,-35.540,7.933,38.588,15.033,395204.3,395.20,37347.71,11747.71,1.079,0.652,0.105,-0.268,0.031,-0.088,260.796,Fuzzy
346,17.3001,222.106,690.638,138.118,12.773,-35.494,7.935,38.547,15.037,395183.3,395.18,37341.24,11741.24,1.079,0.667,0.106,-0.271,0.031,-0.088,261.548,Fuzzy
347,17.3501,222.745,688.864,138.514,12.777,-35.448,7.936,38.507,15.041,395161.3,395.16,37334.77,11734.76,1.080,0.681,0.107,-0.274,0.031,-0.089,262.300,Fuzzy
348,17.4001,223.384,687.093,138.911,12.781,-35.402,7.938,38.466,15.045,395138.4,395.14,37328.29,11728.29,1.080,0.696,0.107,-0.277,0.031,-0.089,263.052,Fuzzy
349,17.4501,224.023,685.324,139.308,12.785,-35.356,7.940,38.426,15.050,395114.7,395.11,37321.81,11721.81,1.080,0.711,0.108,-0.280,0.031,-0.090,263.805,Fuzzy
350,17.5001,224.662,683.557,139.705,12.789,-35.310,7.942,38.385,15.054,395090.3,395.09,37315.34,11715.34,1.080,0.726,0.109,-0.283,0.031,-0.091,264.557,Fuzzy
351,17.5501,225.302,681.793,140.102,12.793,-35.264,7.944,38.345,15.059,395064.9,395.06,37308.87,11708.87,1.080,0.741,0.110,-0.286,0.032,-0.091,265.310,Fuzzy
352,17.6001,225.941,680.031,140.500,12.798,-35.218,7.946,38.304,15.064,395038.9,395.04,37302.39,11702.39,1.080,0.757,0.110,-0.288,0.032,-0.092,266.063,Fuzzy
353,17.6500,226.581,678.271,140.897,12.802,-35.172,7.948,38.264,15.069,395012.1,395.01,37295.91,11695.92,1.080,0.772,0.111,-0.291,0.032,-0.092,266.816,Fuzzy
354,17.7000,227.222,676.514,141.294,12.807,-35.125,7.950,38.223,15.074,394984.4,394.98,37289.44,11689.44,1.080,0.788,0.112,-0.294,0.032,-0.093,267.570,Fuzzy
355,17.7500,227.862,674.759,141.692,12.812,-35.079,7.952,38.183,15.079,394956.1,394.96,37282.97,11682.97,1.080,0.804,0.112,-0.297,0.032,-0.093,268.324,Fuzzy
356,17.8000,228.503,673.006,142.090,12.817,-35.033,7.954,38.142,15.085,394926.9,394.93,37276.49,11676.49,1.081,0.819,0.113,-0.300,0.032,-0.094,269.078,Fuzzy
357,17.8500,229.144,671.255,142.487,12.822,-34.987,7.956,38.102,15.090,394917.7,394.92,37270.02,11670.02,1.081,0.836,0.114,-0.302,0.033,-0.095,269.832,Fuzzy
358,17.9000,229.785,669.507,142.885,12.827,-34.940,7.959,38.062,15.096,394949.3,394.95,37263.54,11663.54,1.081,0.852,0.115,-0.305,0.033,-0.095,270.587,Fuzzy
359,17.9500,230.426,667.761,143.283,12.833,-34.894,7.961,38.021,15.102,394978.6,394.98,37257.07,11657.07,1.081,0.868,0.115,-0.308,0.033,-0.096,271.342,Fuzzy
360,18.0000,231.068,666.018,143.681,12.838,-34.847,7.963,37.981,15.108,395005.9,395.01,37250.59,11650.59,1.082,0.884,0.116,-0.311,0.033,-0.096,272.097,Fuzzy
361,18.0500,231.710,664.277,144.080,12.844,-34.800,7.966,37.941,15.114,395030.8,395.03,37244.12,11644.12,1.082,0.901,0.117,-0.314,0.033,-0.097,272.853,Fuzzy
362,18.1000,232.353,662.538,144.478,12.850,-34.754,7.968,37.900,15.120,395053.9,395.05,37237.64,11637.64,1.082,0.918,0.118,-0.316,0.034,-0.098,273.609,Fuzzy
363,18.1500,232.995,660.801,144.876,12.856,-34.707,7.971,37.860,15.126,395074.9,395.07,37231.17,11631.17,1.082,0.935,0.118,-0.319,0.034,-0.098,274.365,Fuzzy
364,18.2000,233.638,659.067,145.275,12.862,-34.660,7.973,37.819,15.133,395093.8,395.09,37224.70,11624.70,1.083,0.952,0.119,-0.322,0.034,-0.099,275.121,Fuzzy
365,18.2499,234.282,657.335,145.674,12.868,-34.612,7.976,37.779,15.140,395110.8,395.11,37218.22,11618.22,1.083,0.969,0.120,-0.325,0.034,-0.099,275.878,Fuzzy
366,18.2999,234.925,655.606,146.073,12.875,-34.565,7.979,37.738,15.146,395125.8,395.13,37211.75,11611.75,1.083,0.987,0.121,-0.328,0.034,-0.100,276.635,Fuzzy
367,18.3499,235.569,653.879,146.472,12.881,-34.518,7.981,37.698,15.153,395139.0,395.14,37205.27,11605.27,1.083,1.004,0.121,-0.330,0.035,-0.101,277.393,Fuzzy
368,18.3999,236.213,652.154,146.871,12.888,-34.470,7.984,37.657,15.161,395150.1,395.15,37198.80,11598.80,1.083,1.022,0.122,-0.333,0.035,-0.101,278.150,Fuzzy
369,18.4499,236.858,650.432,147.270,12.895,-34.423,7.987,37.617,15.168,395159.6,395.16,37192.32,11592.32,1.084,1.039,0.123,-0.336,0.035,-0.102,278.909,Fuzzy
370,18.4999,237.503,648.712,147.669,12.902,-34.375,7.990,37.576,15.175,395167.1,395.17,37185.85,11585.85,1.084,1.057,0.124,-0.339,0.035,-0.102,279.667,Fuzzy
371,18.5499,238.148,646.994,148.069,12.909,-34.328,7.993,37.535,15.183,395173.0,395.17,37179.38,11579.37,1.084,1.076,0.125,-0.342,0.035,-0.103,280.426,Fuzzy
372,18.5999,238.794,645.279,148.469,12.916,-34.280,7.996,37.495,15.191,395177.0,395.18,37172.90,11572.90,1.084,1.094,0.125,-0.344,0.036,-0.104,281.186,Fuzzy
373,18.6499,239.440,643.566,148.869,12.924,-34.232,7.999,37.454,15.199,395179.3,395.18,37166.42,11566.42,1.084,1.112,0.126,-0.347,0.036,-0.104,281.945,Fuzzy
374,18.6999,240.086,641.856,149.269,12.931,-34.184,8.002,37.414,15.207,395179.9,395.18,37159.95,11559.95,1.085,1.131,0.127,-0.350,0.036,-0.105,282.705,Fuzzy
375,18.7499,240.733,640.148,149.669,12.939,-34.136,8.006,37.374,15.215,395178.9,395.18,37153.48,11553.47,1.085,1.149,0.128,-0.353,0.036,-0.105,283.466,Fuzzy
376,18.7999,241.380,638.442,150.069,12.947,-34.088,8.009,37.333,15.224,395176.3,395.18,37147.00,11547.00,1.085,1.168,0.129,-0.355,0.037,-0.106,284.227,Fuzzy
377,18.8498,242.027,636.739,150.470,12.955,-34.040,8.012,37.293,15.232,395172.2,395.17,37140.52,11540.53,1.085,1.187,0.129,-0.358,0.037,-0.107,284.988,Fuzzy
378,18.8998,242.675,635.038,150.870,12.963,-33.992,8.015,37.252,15.241,395166.4,395.17,37134.05,11534.05,1.085,1.206,0.130,-0.361,0.037,-0.107,285.750,Fuzzy
379,18.9498,243.324,633.340,151.271,12.972,-33.943,8.019,37.212,15.250,395159.0,395.16,37127.58,11527.58,1.086,1.225,0.131,-0.364,0.037,-0.108,286.512,Fuzzy
380,18.9998,243.973,631.644,151.672,12.980,-33.895,8.022,37.172,15.259,395150.3,395.15,37121.10,11521.10,1.086,1.245,0.132,-0.366,0.037,-0.108,287.275,Fuzzy
381,19.0498,244.622,629.950,152.073,12.989,-33.847,8.026,37.131,15.269,395139.9,395.14,37114.63,11514.63,1.086,1.264,0.133,-0.369,0.038,-0.109,288.038,Fuzzy
382,19.0998,245.271,628.259,152.475,12.998,-33.798,8.030,37.091,15.278,395128.2,395.13,37108.15,11508.15,1.086,1.284,0.133,-0.372,0.038,-0.110,288.802,Fuzzy
383,19.1498,245.922,626.570,152.876,13.007,-33.750,8.033,37.051,15.288,395115.0,395.12,37101.68,11501.68,1.086,1.304,0.134,-0.375,0.038,-0.110,289.566,Fuzzy
384,19.1998,246.572,624.884,153.278,13.016,-33.701,8.037,37.011,15.298,395100.5,395.10,37095.20,11495.20,1.086,1.324,0.135,-0.377,0.038,-0.111,290.331,Fuzzy
385,19.2498,247.223,623.200,153.680,13.026,-33.653,8.041,36.971,15.308,395084.6,395.08,37088.73,11488.73,1.086,1.344,0.136,-0.380,0.039,-0.111,291.096,Fuzzy
386,19.2998,247.875,621.519,154.082,13.035,-33.604,8.045,36.931,15.318,395067.2,395.07,37082.25,11482.25,1.087,1.364,0.137,-0.383,0.039,-0.112,291.862,Fuzzy
387,19.3498,248.527,619.840,154.485,13.045,-33.555,8.049,36.891,15.328,395048.6,395.05,37075.78,11475.78,1.087,1.385,0.138,-0.386,0.039,-0.113,292.628,Fuzzy
388,19.3998,249.179,618.163,154.887,13.055,-33.507,8.053,36.851,15.339,395028.7,395.03,37069.30,11469.30,1.087,1.405,0.138,-0.388,0.039,-0.113,293.394,Fuzzy
389,19.4497,249.832,616.489,155.290,13.065,-33.458,8.057,36.811,15.350,395007.5,395.01,37062.83,11462.83,1.087,1.426,0.139,-0.391,0.039,-0.114,294.162,Fuzzy
390,19.4997,250.486,614.818,155.693,13.075,-33.409,8.061,36.771,15.360,394985.1,394.99,37056.36,11456.36,1.087,1.446,0.140,-0.394,0.040,-0.114,294.929,Fuzzy
391,19.5497,251.140,613.148,156.096,13.086,-33.360,8.065,36.731,15.372,394961.4,394.96,37049.88,11449.88,1.087,1.467,0.141,-0.397,0.040,-0.115,295.698,Fuzzy
392,19.5997,251.794,611.482,156.499,13.097,-33.311,8.069,36.691,15.383,394936.5,394.94,37043.41,11443.41,1.087,1.489,0.142,-0.399,0.040,-0.116,296.466,Fuzzy
393,19.6497,252.449,609.817,156.903,13.107,-33.262,8.074,36.652,15.394,394910.6,394.91,37036.93,11436.93,1.087,1.510,0.143,-0.402,0.040,-0.116,297.236,Fuzzy
394,19.6997,253.105,608.156,157.307,13.118,-33.213,8.078,36.612,15.406,394867.4,394.87,37030.46,11430.46,1.088,1.531,0.144,-0.405,0.040,-0.117,298.006,Fuzzy
395,19.7497,253.761,606.496,157.711,13.130,-33.164,8.082,36.573,15.418,394814.9,394.81,37023.98,11423.98,1.088,1.553,0.144,-0.407,0.041,-0.117,298.776,Fuzzy
396,19.7997,254.418,604.839,158.115,13.141,-33.115,8.087,36.533,15.430,394761.9,394.76,37017.51,11417.51,1.088,1.574,0.145,-0.410,0.041,-0.118,299.548,Fuzzy
397,19.8497,255.075,603.185,158.519,13.153,-33.066,8.091,36.494,15.442,394708.0,394.71,37011.03,11411.03,1.088,1.596,0.146,-0.413,0.041,-0.118,300.319,Fuzzy
398,19.8997,255.733,601.533,158.924,13.164,-33.017,8.096,36.455,15.455,394653.7,394.65,37004.56,11404.56,1.088,1.618,0.147,-0.416,0.041,-0.119,301.092,Fuzzy
399,19.9497,256.392,599.883,159.329,13.176,-32.968,8.101,36.416,15.467,394598.5,394.60,36998.09,11398.09,1.088,1.640,0.148,-0.418,0.041,-0.120,301.865,Fuzzy
400,19.9997,257.051,598.236,159.734,13.188,-32.919,8.106,36.377,15.480,394542.8,394.54,36991.63,11391.63,1.088,1.662,0.149,-0.421,0.042,-0.120,302.639,Fuzzy
401,20.0496,257.710,596.591,160.139,13.201,-32.870,8.110,36.339,15.493,394486.5,394.49,36985.16,11385.16,1.088,1.685,0.150,-0.424,0.042,-0.121,303.413,Fuzzy
402,20.0996,258.371,594.949,160.545,13.213,-32.821,8.115,36.300,15.506,394429.5,394.43,36978.70,11378.70,1.088,1.707,0.151,-0.426,0.042,-0.121,304.188,Fuzzy
403,20.1496,259.032,593.309,160.951,13.226,-32.772,8.120,36.261,15.520,394371.9,394.37,36972.23,11372.23,1.088,1.730,0.151,-0.429,0.042,-0.122,304.963,Fuzzy
404,20.1996,259.693,591.671,161.357,13.239,-32.723,8.125,36.223,15.533,394313.6,394.31,36965.77,11365.77,1.088,1.753,0.152,-0.432,0.042,-0.122,305.740,Fuzzy
405,20.2496,260.356,590.036,161.764,13.252,-32.674,8.130,36.185,15.547,394254.6,394.25,36959.30,11359.30,1.088,1.776,0.153,-0.434,0.043,-0.123,306.517,Fuzzy
406,20.2996,261.019,588.404,162.170,13.265,-32.625,8.136,36.146,15.561,394195.3,394.20,36952.84,11352.84,1.088,1.799,0.154,-0.437,0.043,-0.124,307.294,Fuzzy
407,20.3496,261.682,586.774,162.577,13.279,-32.576,8.141,36.108,15.575,394135.5,394.14,36946.37,11346.37,1.088,1.822,0.155,-0.440,0.043,-0.124,308.073,Fuzzy
408,20.3996,262.346,585.146,162.984,13.292,-32.527,8.146,36.070,15.590,394075.2,394.08,36939.91,11339.91,1.088,1.845,0.156,-0.442,0.043,-0.125,308.852,Fuzzy
409,20.4496,263.011,583.521,163.392,13.306,-32.479,8.151,36.033,15.604,394014.1,394.01,36933.45,11333.45,1.088,1.869,0.157,-0.445,0.043,-0.125,309.632,Fuzzy
410,20.4996,263.677,581.899,163.799,13.320,-32.430,8.157,35.995,15.619,393953.0,393.95,36926.99,11326.99,1.088,1.893,0.157,-0.448,0.044,-0.126,310.412,Fuzzy
411,20.5496,264.343,580.278,164.207,13.334,-32.381,8.162,35.958,15.634,393891.3,393.89,36920.54,11320.54,1.088,1.916,0.158,-0.450,0.044,-0.127,311.194,Fuzzy
412,20.5996,265.010,578.661,164.616,13.349,-32.332,8.168,35.920,15.650,393829.0,393.83,36914.08,11314.08,1.088,1.940,0.159,-0.453,0.044,-0.127,311.976,Fuzzy
413,20.6495,265.678,577.045,165.024,13.364,-32.283,8.174,35.883,15.665,393766.5,393.77,36907.63,11307.63,1.088,1.964,0.160,-0.455,0.044,-0.128,312.759,Fuzzy
414,20.6995,266.347,575.432,165.433,13.378,-32.234,8.179,35.846,15.681,393703.5,393.70,36901.17,11301.17,1.088,1.989,0.161,-0.458,0.044,-0.128,313.542,Fuzzy
415,20.7495,267.016,573.822,165.842,13.394,-32.185,8.185,35.809,15.697,393640.0,393.64,36894.72,11294.72,1.088,2.013,0.162,-0.461,0.045,-0.129,314.327,Fuzzy
416,20.7995,267.686,572.214,166.252,13.409,-32.136,8.191,35.772,15.713,393576.3,393.58,36888.26,11288.26,1.088,2.037,0.163,-0.463,0.045,-0.129,315.112,Fuzzy
417,20.8495,268.357,570.608,166.661,13.424,-32.088,8.197,35.735,15.729,393512.0,393.51,36881.80,11281.81,1.088,2.062,0.163,-0.466,0.045,-0.130,315.898,Fuzzy
418,20.8995,269.029,569.005,167.071,13.440,-32.039,8.203,35.699,15.746,393447.4,393.45,36875.35,11275.35,1.088,2.087,0.164,-0.469,0.045,-0.130,316.685,Fuzzy
419,20.9495,269.701,567.404,167.482,13.456,-31.990,8.209,35.663,15.763,393382.6,393.38,36868.91,11268.91,1.088,2.112,0.165,-0.471,0.045,-0.131,317.472,Fuzzy
420,20.9995,270.374,565.806,167.892,13.472,-31.941,8.215,35.626,15.780,393317.4,393.32,36862.46,11262.46,1.088,2.137,0.166,-0.474,0.046,-0.132,318.261,Fuzzy
421,21.0495,271.048,564.210,168.303,13.489,-31.892,8.222,35.590,15.797,393251.8,393.25,36856.02,11256.02,1.088,2.162,0.167,-0.476,0.046,-0.132,319.050,Fuzzy
422,21.0995,271.723,562.617,168.714,13.505,-31.844,8.228,35.554,15.814,393186.0,393.19,36849.57,11249.57,1.088,2.187,0.168,-0.479,0.046,-0.133,319.841,Fuzzy
423,21.1495,272.399,561.026,169.126,13.522,-31.795,8.235,35.519,15.832,393119.8,393.12,36843.13,11243.13,1.088,2.212,0.169,-0.482,0.046,-0.133,320.632,Fuzzy
424,21.1995,273.075,559.437,169.538,13.539,-31.746,8.241,35.483,15.850,393053.4,393.05,36836.68,11236.68,1.088,2.238,0.169,-0.484,0.046,-0.134,321.424,Fuzzy
425,21.2494,273.753,557.851,169.950,13.556,-31.698,8.248,35.448,15.868,392986.6,392.99,36830.23,11230.23,1.088,2.264,0.170,-0.487,0.046,-0.134,322.217,Fuzzy
426,21.2994,274.431,556.268,170.363,13.574,-31.649,8.254,35.412,15.886,392919.6,392.92,36823.79,11223.79,1.088,2.290,0.171,-0.489,0.047,-0.135,323.010,Fuzzy
427,21.3494,275.110,554.687,170.776,13.591,-31.600,8.261,35.377,15.905,392852.3,392.85,36817.34,11217.34,1.088,2.316,0.172,-0.492,0.047,-0.136,323.805,Fuzzy
428,21.3994,275.790,553.108,171.189,13.609,-31.552,8.268,35.342,15.924,392784.8,392.78,36810.91,11210.91,1.088,2.342,0.173,-0.494,0.047,-0.136,324.601,Fuzzy
429,21.4494,276.471,551.531,171.602,13.627,-31.503,8.275,35.308,15.943,392717.2,392.72,36804.47,11204.47,1.088,2.368,0.174,-0.497,0.047,-0.137,325.398,Fuzzy
430,21.4994,277.153,549.957,172.016,13.646,-31.455,8.282,35.273,15.962,392649.2,392.65,36798.04,11198.04,1.088,2.394,0.174,-0.500,0.047,-0.137,326.195,Fuzzy
431,21.5494,277.836,548.386,172.430,13.664,-31.406,8.289,35.238,15.981,392581.1,392.58,36791.60,11191.60,1.088,2.421,0.175,-0.502,0.047,-0.138,326.994,Fuzzy
432,21.5994,278.519,546.817,172.845,13.683,-31.358,8.296,35.204,16.001,392512.6,392.51,36785.16,11185.17,1.088,2.448,0.176,-0.505,0.048,-0.138,327.793,Fuzzy
433,21.6494,279.204,545.250,173.260,13.702,-31.309,8.303,35.170,16.021,392444.1,392.44,36778.73,11178.73,1.088,2.474,0.177,-0.507,0.048,-0.139,328.594,Fuzzy
434,21.6994,279.889,543.686,173.675,13.721,-31.261,8.310,35.136,16.041,392375.2,392.38,36772.30,11172.29,1.088,2.501,0.178,-0.510,0.048,-0.140,329.395,Fuzzy
435,21.7494,280.576,542.124,174.091,13.741,-31.212,8.318,35.102,16.062,392306.3,392.31,36765.86,11165.86,1.088,2.528,0.179,-0.512,0.048,-0.140,330.198,Fuzzy
436,21.7994,281.263,540.565,174.507,13.760,-31.164,8.325,35.069,16.083,392237.0,392.24,36759.43,11159.43,1.088,2.556,0.179,-0.515,0.048,-0.141,331.001,Fuzzy
437,21.8493,281.952,539.008,174.924,13.780,-31.115,8.332,35.036,16.104,392167.8,392.17,36753.00,11153.00,1.088,2.583,0.180,-0.517,0.048,-0.141,331.806,Fuzzy
438,21.8993,282.642,537.453,175.340,13.800,-31.067,8.340,35.002,16.125,392098.3,392.10,36746.57,11146.58,1.088,2.610,0.181,-0.520,0.049,-0.142,332.612,Fuzzy
439,21.9493,283.332,535.901,175.758,13.821,-31.019,8.348,34.969,16.146,392028.8,392.03,36740.15,11140.15,1.088,2.638,0.182,-0.523,0.049,-0.142,333.418,Fuzzy
440,21.9993,284.024,534.351,176.175,13.841,-30.970,8.356,34.937,16.168,391959.1,391.96,36733.72,11133.72,1.088,2.666,0.183,-0.525,0.049,-0.143,334.226,Fuzzy
441,22.0493,284.716,532.804,176.593,13.862,-30.922,8.363,34.904,16.190,391889.2,391.89,36727.30,11127.30,1.088,2.693,0.183,-0.528,0.049,-0.144,335.035,Fuzzy
442,22.0993,285.410,531.259,177.011,13.883,-30.874,8.371,34.871,16.212,391819.1,391.82,36720.87,11120.87,1.088,2.721,0.184,-0.530,0.049,-0.144,335.845,Fuzzy
443,22.1493,286.105,529.716,177.430,13.905,-30.826,8.379,34.839,16.234,391749.0,391.75,36714.45,11114.45,1.088,2.750,0.185,-0.533,0.049,-0.145,336.656,Fuzzy
444,22.1993,286.800,528.176,177.849,13.926,-30.777,8.387,34.807,16.257,391678.8,391.68,36708.02,11108.02,1.088,2.778,0.186,-0.535,0.050,-0.145,337.468,Fuzzy
445,22.2493,287.497,526.639,178.269,13.948,-30.729,8.396,34.775,16.280,391608.4,391.61,36701.60,11101.60,1.088,2.806,0.186,-0.538,0.050,-0.146,338.282,Fuzzy
446,22.2993,288.195,525.103,178.689,13.970,-30.681,8.404,34.744,16.303,391538.1,391.54,36695.19,11095.19,1.088,2.835,0.187,-0.540,0.050,-0.146,339.096,Fuzzy
447,22.3493,288.894,523.571,179.109,13.992,-30.633,8.412,34.712,16.326,391467.6,391.47,36688.77,11088.77,1.088,2.863,0.188,-0.543,0.050,-0.147,339.912,Fuzzy
448,22.3992,289.595,522.040,179.530,14.015,-30.585,8.421,34.681,16.350,391397.0,391.40,36682.36,11082.35,1.088,2.892,0.189,-0.545,0.050,-0.148,340.729,Fuzzy
449,22.4492,290.296,520.512,179.951,14.038,-30.537,8.429,34.650,16.374,391326.4,391.33,36675.94,11075.94,1.088,2.921,0.190,-0.548,0.050,-0.148,341.547,Fuzzy
450,22.4992,290.998,518.987,180.373,14.061,-30.489,8.438,34.619,16.398,391255.7,391.26,36669.52,11069.52,1.088,2.950,0.190,-0.550,0.051,-0.149,342.366,Fuzzy
451,22.5492,291.702,517.463,180.795,14.084,-30.441,8.446,34.588,16.423,391184.9,391.18,36663.11,11063.11,1.088,2.979,0.191,-0.553,0.051,-0.149,343.186,Fuzzy
452,22.5992,292.407,515.942,181.218,14.108,-30.393,8.455,34.558,16.447,391114.0,391.11,36656.69,11056.69,1.088,3.008,0.192,-0.555,0.051,-0.150,344.008,Fuzzy
453,22.6492,293.113,514.424,181.641,14.131,-30.345,8.464,34.527,16.472,391043.2,391.04,36650.28,11050.28,1.088,3.038,0.193,-0.558,0.051,-0.150,344.831,Fuzzy
454,22.6992,293.820,512.908,182.064,14.155,-30.297,8.473,34.497,16.498,390972.3,390.97,36643.87,11043.87,1.088,3.067,0.193,-0.560,0.051,-0.151,345.655,Fuzzy
455,22.7492,294.528,511.394,182.488,14.180,-30.249,8.482,34.468,16.523,390901.4,390.90,36637.46,11037.46,1.088,3.097,0.194,-0.563,0.051,-0.152,346.481,Fuzzy
456,22.7992,295.238,509.883,182.912,14.204,-30.201,8.491,34.438,16.549,390830.5,390.83,36631.06,11031.06,1.088,3.127,0.195,-0.565,0.051,-0.152,347.307,Fuzzy
457,22.8492,295.949,508.374,183.337,14.229,-30.153,8.500,34.409,16.575,390759.6,390.76,36624.65,11024.65,1.088,3.157,0.196,-0.568,0.052,-0.153,348.135,Fuzzy
458,22.8992,296.661,506.868,183.762,14.254,-30.106,8.510,34.379,16.601,390688.6,390.69,36618.25,11018.25,1.088,3.187,0.196,-0.570,0.052,-0.153,348.964,Fuzzy
459,22.9492,297.374,505.364,184.188,14.279,-30.058,8.519,34.350,16.628,390617.5,390.62,36611.84,11011.84,1.088,3.217,0.197,-0.573,0.052,-0.154,349.795,Fuzzy
460,22.9991,298.089,503.862,184.614,14.305,-30.010,8.529,34.322,16.654,390546.5,390.55,36605.43,11005.43,1.088,3.248,0.198,-0.575,0.052,-0.154,350.627,Fuzzy
461,23.0491,298.805,502.363,185.041,14.331,-29.962,8.538,34.293,16.681,390475.5,390.48,36599.03,10999.03,1.088,3.278,0.199,-0.578,0.052,-0.155,351.460,Fuzzy
462,23.0991,299.522,500.866,185.468,14.357,-29.915,8.548,34.265,16.709,390404.6,390.40,36592.63,10992.63,1.088,3.309,0.199,-0.580,0.052,-0.156,352.295,Fuzzy
463,23.1491,300.240,499.371,185.896,14.383,-29.867,8.558,34.237,16.736,390333.7,390.33,36586.23,10986.23,1.088,3.339,0.200,-0.583,0.052,-0.156,353.131,Fuzzy
464,23.1991,300.960,497.879,186.324,14.410,-29.820,8.567,34.209,16.764,390262.7,390.26,36579.84,10979.84,1.088,3.370,0.201,-0.585,0.052,-0.157,353.968,Fuzzy
465,23.2491,301.681,496.389,186.752,14.437,-29.772,8.577,34.181,16.793,390191.8,390.19,36573.44,10973.44,1.088,3.401,0.201,-0.588,0.053,-0.157,354.807,Fuzzy
466,23.2991,302.404,494.902,187.182,14.464,-29.725,8.587,34.154,16.821,390120.9,390.12,36567.04,10967.04,1.088,3.432,0.202,-0.590,0.053,-0.158,355.647,Fuzzy
467,23.3491,303.128,493.417,187.611,14.491,-29.677,8.597,34.127,16.850,390050.0,390.05,36560.65,10960.65,1.088,3.464,0.203,-0.592,0.053,-0.158,356.489,Fuzzy
468,23.3991,303.853,491.934,188.041,14.519,-29.630,8.608,34.100,16.879,389979.2,389.98,36554.25,10954.25,1.088,3.495,0.204,-0.595,0.053,-0.159,357.332,Fuzzy
469,23.4491,304.580,490.454,188.472,14.547,-29.582,8.618,34.073,16.908,389908.3,389.91,36547.86,10947.85,1.088,3.526,0.204,-0.597,0.053,-0.160,358.176,Fuzzy
470,23.4991,305.308,488.976,188.903,14.575,-29.535,8.628,34.047,16.938,389837.7,389.84,36541.46,10941.46,1.088,3.558,0.205,-0.600,0.053,-0.160,359.022,Fuzzy
471,23.5491,306.037,487.500,189.335,14.604,-29.487,8.639,34.021,16.967,389767.0,389.77,36535.08,10935.08,1.088,3.590,0.206,-0.602,0.053,-0.161,359.870,Fuzzy
472,23.5990,306.768,486.027,189.767,14.632,-29.440,8.649,33.995,16.997,389696.5,389.70,36528.69,10928.69,1.088,3.622,0.206,-0.605,0.054,-0.161,360.719,Fuzzy
473,23.6490,307.500,484.556,190.200,14.661,-29.393,8.660,33.969,17.028,389625.9,389.63,36522.30,10922.30,1.088,3.654,0.207,-0.607,0.054,-0.162,361.569,Fuzzy
474,23.6990,308.234,483.088,190.633,14.691,-29.346,8.671,33.943,17.059,389555.5,389.56,36515.91,10915.92,1.088,3.686,0.208,-0.610,0.054,-0.163,362.421,Fuzzy
475,23.7490,308.969,481.622,191.067,14.720,-29.298,8.682,33.918,17.090,389485.1,389.49,36509.53,10909.53,1.088,3.718,0.208,-0.612,0.054,-0.163,363.275,Fuzzy
476,23.7990,309.706,480.158,191.501,14.750,-29.251,8.693,33.893,17.121,389414.7,389.41,36503.14,10903.14,1.088,3.751,0.209,-0.615,0.054,-0.164,364.130,Fuzzy
477,23.8490,310.444,478.697,191.936,14.780,-29.204,8.704,33.869,17.152,389344.5,389.34,36496.76,10896.76,1.088,3.783,0.210,-0.617,0.054,-0.164,364.986,Fuzzy
478,23.8990,311.184,477.238,192.371,14.810,-29.157,8.715,33.844,17.184,389274.3,389.27,36490.37,10890.37,1.088,3.816,0.210,-0.620,0.054,-0.165,365.845,Fuzzy
479,23.9490,311.925,475.781,192.807,14.841,-29.110,8.726,33.820,17.216,389204.3,389.20,36483.99,10883.99,1.088,3.848,0.211,-0.622,0.054,-0.165,366.704,Fuzzy
480,23.9990,312.668,474.327,193.244,14.872,-29.063,8.737,33.796,17.249,389134.4,389.13,36477.62,10877.62,1.088,3.881,0.212,-0.625,0.054,-0.166,367.566,Fuzzy
481,24.0490,313.412,472.875,193.681,14.903,-29.016,8.749,33.772,17.281,389064.5,389.06,36471.24,10871.24,1.088,3.914,0.212,-0.627,0.055,-0.167,368.429,Fuzzy
482,24.0990,314.158,471.425,194.119,14.935,-28.969,8.760,33.749,17.314,388994.8,388.99,36464.86,10864.86,1.088,3.948,0.213,-0.630,0.055,-0.167,369.294,Fuzzy
483,24.1490,314.906,469.978,194.557,14.966,-28.922,8.772,33.726,17.348,388925.1,388.93,36458.48,10858.49,1.088,3.981,0.214,-0.632,0.055,-0.168,370.160,Fuzzy
484,24.1989,315.655,468.533,194.996,14.999,-28.875,8.784,33.703,17.381,388855.6,388.86,36452.11,10852.11,1.088,4.014,0.214,-0.634,0.055,-0.168,371.028,Fuzzy
485,24.2489,316.406,467.090,195.436,15.031,-28.828,8.795,33.680,17.415,388786.1,388.79,36445.73,10845.73,1.088,4.048,0.215,-0.637,0.055,-0.169,371.897,Fuzzy
486,24.2989,317.158,465.650,195.876,15.064,-28.781,8.807,33.658,17.449,388716.7,388.72,36439.36,10839.35,1.088,4.081,0.215,-0.639,0.055,-0.170,372.769,Fuzzy
487,24.3489,317.912,464.212,196.316,15.096,-28.734,8.819,33.636,17.484,388647.6,388.65,36432.98,10832.98,1.088,4.115,0.216,-0.642,0.055,-0.170,373.642,Fuzzy
488,24.3989,318.668,462.777,196.758,15.130,-28.688,8.831,33.614,17.519,388578.5,388.58,36426.62,10826.62,1.088,4.149,0.217,-0.644,0.055,-0.171,374.517,Fuzzy
489,24.4489,319.425,461.343,197.200,15.163,-28.641,8.844,33.592,17.554,388509.6,388.51,36420.25,10820.25,1.088,4.183,0.217,-0.647,0.055,-0.171,375.393,Fuzzy
490,24.4989,320.184,459.912,197.642,15.197,-28.594,8.856,33.571,17.589,388440.8,388.44,36413.88,10813.88,1.088,4.217,0.218,-0.649,0.055,-0.171,376.272,Fuzzy
491,24.5489,320.945,458.484,198.085,15.231,-28.548,8.868,33.550,17.625,388372.1,388.37,36407.52,10807.51,1.088,4.252,0.218,-0.652,0.053,-0.170,377.152,Fuzzy
492,24.5989,321.707,457.058,198.529,15.265,-28.501,8.881,33.529,17.661,388303.5,388.30,36401.15,10801.15,1.088,4.286,0.219,-0.654,0.052,-0.169,378.033,Fuzzy
493,24.6489,322.471,455.634,198.973,15.300,-28.454,8.894,33.509,17.697,388235.2,388.24,36394.78,10794.78,1.088,4.321,0.219,-0.656,0.051,-0.169,378.917,Fuzzy
494,24.6989,323.237,454.212,199.418,15.335,-28.408,8.906,33.489,17.734,388167.0,388.17,36388.41,10788.41,1.088,4.355,0.219,-0.658,0.049,-0.168,379.803,Fuzzy
495,24.7489,324.005,452.793,199.864,15.371,-28.361,8.919,33.469,17.771,388098.8,388.10,36382.05,10782.04,1.088,4.390,0.218,-0.659,0.048,-0.167,380.690,Fuzzy
496,24.7988,324.774,451.376,200.310,15.406,-28.315,8.932,33.449,17.808,388031.0,388.03,36375.69,10775.69,1.088,4.425,0.218,-0.661,0.047,-0.166,381.579,Fuzzy
497,24.8488,325.546,449.962,200.757,15.442,-28.268,8.945,33.430,17.846,387963.3,387.96,36369.33,10769.33,1.088,4.459,0.218,-0.662,0.046,-0.165,382.470,Fuzzy
498,24.8988,326.319,448.549,201.205,15.478,-28.222,8.958,33.411,17.884,387895.8,387.90,36362.97,10762.97,1.088,4.494,0.217,-0.664,0.044,-0.165,383.363,Fuzzy
499,24.9488,327.093,447.139,201.653,15.515,-28.176,8.972,33.393,17.922,387828.4,387.83,36356.61,10756.61,1.088,4.529,0.217,-0.665,0.043,-0.164,384.258,Fuzzy
500,24.9988,327.870,445.732,202.102,15.552,-28.129,8.985,33.374,17.961,387761.3,387.76,36350.26,10750.26,1.088,4.564,0.216,-0.666,0.042,-0.163,385.154,Fuzzy
501,25.0488,328.649,444.326,202.551,15.589,-28.083,8.999,33.356,18.000,387694.3,387.69,36343.90,10743.90,1.088,4.599,0.215,-0.667,0.041,-0.163,386.053,Fuzzy
502,25.0988,329.429,442.923,203.002,15.626,-28.037,9.012,33.339,18.039,387627.3,387.63,36337.54,10737.54,1.088,4.634,0.214,-0.668,0.040,-0.162,386.954,Fuzzy
503,25.1488,330.211,441.523,203.453,15.664,-27.991,9.026,33.321,18.079,387560.6,387.56,36331.18,10731.18,1.088,4.669,0.213,-0.669,0.039,-0.162,387.856,Fuzzy
504,25.1988,330.995,440.124,203.904,15.702,-27.944,9.040,33.304,18.119,387494.1,387.49,36324.83,10724.83,1.088,4.704,0.212,-0.670,0.038,-0.162,388.761,Fuzzy
505,25.2488,331.781,438.728,204.357,15.741,-27.898,9.054,33.287,18.159,387427.7,387.43,36318.48,10718.48,1.088,4.739,0.211,-0.671,0.037,-0.161,389.667,Fuzzy
506,25.2988,332.569,437.335,204.810,15.779,-27.852,9.068,33.271,18.199,387361.6,387.36,36312.13,10712.13,1.088,4.775,0.210,-0.671,0.037,-0.161,390.576,Fuzzy
507,25.3488,333.359,435.943,205.263,15.818,-27.806,9.082,33.255,18.240,387295.7,387.30,36305.78,10705.78,1.088,4.810,0.208,-0.672,0.036,-0.161,391.486,Fuzzy
508,25.3987,334.151,434.554,205.718,15.858,-27.760,9.096,33.239,18.282,387229.8,387.23,36299.44,10699.44,1.088,4.845,0.207,-0.673,0.035,-0.160,392.399,Fuzzy
509,25.4487,334.945,433.167,206.173,15.897,-27.714,9.111,33.223,18.323,387164.2,387.16,36293.09,10693.09,1.088,4.880,0.206,-0.673,0.035,-0.160,393.314,Fuzzy
510,25.4987,335.741,431.783,206.629,15.937,-27.668,9.125,33.208,18.365,387098.8,387.10,36286.74,10686.74,1.088,4.915,0.204,-0.674,0.034,-0.160,394.230,Fuzzy
511,25.5487,336.539,430.400,207.086,15.978,-27.622,9.140,33.193,18.407,387033.5,387.03,36280.39,10680.39,1.088,4.950,0.203,-0.674,0.033,-0.160,395.149,Fuzzy
512,25.5987,337.339,429.020,207.543,16.018,-27.576,9.154,33.179,18.450,386968.4,386.97,36274.05,10674.04,1.088,4.986,0.201,-0.675,0.033,-0.160,396.070,Fuzzy
513,25.6487,338.141,427.643,208.001,16.059,-27.530,9.169,33.165,18.492,386903.5,386.90,36267.70,10667.70,1.088,5.021,0.200,-0.675,0.032,-0.160,396.993,Fuzzy
514,25.6987,338.945,426.267,208.460,16.100,-27.484,9.184,33.151,18.535,386838.7,386.84,36261.36,10661.36,1.088,5.056,0.198,-0.676,0.032,-0.160,397.918,Fuzzy
515,25.7487,339.751,424.894,208.919,16.142,-27.439,9.199,33.137,18.579,386774.3,386.77,36255.02,10655.02,1.088,5.091,0.197,-0.676,0.032,-0.161,398.846,Fuzzy
516,25.7987,340.559,423.524,209.380,16.184,-27.393,9.214,33.124,18.623,386709.9,386.71,36248.68,10648.68,1.088,5.126,0.196,-0.677,0.031,-0.161,399.775,Fuzzy
517,25.8487,341.369,422.155,209.841,16.226,-27.347,9.229,33.111,18.667,386645.8,386.65,36242.34,10642.34,1.088,5.161,0.194,-0.677,0.031,-0.161,400.707,Fuzzy
518,25.8987,342.181,420.789,210.303,16.268,-27.301,9.244,33.098,18.711,386581.9,386.58,36236.01,10636.01,1.088,5.196,0.193,-0.678,0.031,-0.161,401.641,Fuzzy
519,25.9487,342.996,419.425,210.765,16.311,-27.256,9.259,33.086,18.756,386518.1,386.52,36229.67,10629.67,1.088,5.232,0.191,-0.679,0.031,-0.162,402.577,Fuzzy
520,25.9986,343.813,418.063,211.229,16.354,-27.210,9.275,33.074,18.801,386454.5,386.45,36223.33,10623.33,1.088,5.267,0.190,-0.679,0.031,-0.162,403.515,Fuzzy
521,26.0486,344.631,416.704,211.693,16.397,-27.165,9.290,33.062,18.846,386391.0,386.39,36216.99,10616.99,1.088,5.302,0.188,-0.680,0.030,-0.163,404.456,Fuzzy
522,26.0986,345.452,415.347,212.158,16.441,-27.119,9.306,33.051,18.892,386327.8,386.33,36210.66,10610.66,1.088,5.337,0.187,-0.680,0.030,-0.163,405.399,Fuzzy
523,26.1486,346.275,413.992,212.623,16.485,-27.074,9.322,33.040,18.938,386264.8,386.26,36204.32,10604.32,1.088,5.372,0.186,-0.681,0.030,-0.163,406.344,Fuzzy
524,26.1986,347.101,412.639,213.090,16.529,-27.028,9.337,33.029,18.984,386202.0,386.20,36198.00,10598.00,1.088,5.408,0.184,-0.682,0.030,-0.164,407.291,Fuzzy
525,26.2486,347.928,411.289,213.557,16.574,-26.983,9.353,33.019,19.031,386139.4,386.14,36191.67,10591.67,1.088,5.443,0.183,-0.683,0.030,-0.165,408.241,Fuzzy
526,26.2986,348.758,409.941,214.025,16.618,-26.937,9.369,33.008,19.077,386076.9,386.08,36185.34,10585.34,1.088,5.478,0.182,-0.683,0.030,-0.165,409.193,Fuzzy
527,26.3486,349.590,408.596,214.494,16.664,-26.892,9.385,32.999,19.125,386014.7,386.01,36179.01,10579.01,1.088,5.513,0.181,-0.684,0.030,-0.166,410.147,Fuzzy
528,26.3986,350.424,407.252,214.964,16.709,-26.846,9.401,32.989,19.172,385952.6,385.95,36172.68,10572.68,1.088,5.549,0.179,-0.685,0.030,-0.166,411.104,Fuzzy
529,26.4486,351.261,405.911,215.434,16.755,-26.801,9.417,32.980,19.220,385890.8,385.89,36166.36,10566.35,1.088,5.584,0.178,-0.686,0.030,-0.167,412.063,Fuzzy
530,26.4986,352.100,404.572,215.905,16.801,-26.756,9.433,32.972,19.268,385829.0,385.83,36160.03,10560.03,1.088,5.619,0.177,-0.687,0.031,-0.168,413.025,Fuzzy
531,26.5486,352.941,403.235,216.377,16.847,-26.711,9.450,32.963,19.316,385767.5,385.77,36153.70,10553.70,1.088,5.654,0.176,-0.688,0.031,-0.168,413.989,Fuzzy
532,26.5985,353.785,401.901,216.850,16.894,-26.665,9.466,32.955,19.365,385706.1,385.71,36147.37,10547.37,1.088,5.690,0.175,-0.689,0.031,-0.169,414.955,Fuzzy
533,26.6485,354.630,400.569,217.324,16.941,-26.620,9.482,32.948,19.414,385645.0,385.65,36141.05,10541.05,1.088,5.725,0.174,-0.690,0.031,-0.170,415.924,Fuzzy
534,26.6985,355.479,399.239,217.798,16.988,-26.575,9.499,32.940,19.464,385584.2,385.58,36134.73,10534.73,1.088,5.761,0.173,-0.691,0.031,-0.171,416.895,Fuzzy
535,26.7485,356.329,397.911,218.274,17.036,-26.530,9.516,32.933,19.513,385523.4,385.52,36128.41,10528.42,1.088,5.796,0.172,-0.692,0.031,-0.171,417.868,Fuzzy
536,26.7985,357.182,396.586,218.750,17.084,-26.485,9.532,32.927,19.563,385462.9,385.46,36122.10,10522.10,1.088,5.832,0.171,-0.694,0.031,-0.172,418.845,Fuzzy
537,26.8485,358.038,395.263,219.227,17.132,-26.440,9.549,32.920,19.613,385402.7,385.40,36115.78,10515.78,1.088,5.867,0.170,-0.695,0.032,-0.173,419.823,Fuzzy
538,26.8985,358.895,393.942,219.705,17.180,-26.395,9.566,32.914,19.664,385342.6,385.34,36109.46,10509.46,1.088,5.903,0.169,-0.696,0.032,-0.174,420.804,Fuzzy
539,26.9485,359.756,392.623,220.184,17.229,-26.350,9.583,32.909,19.715,385282.6,385.28,36103.14,10503.14,1.088,5.939,0.169,-0.698,0.032,-0.175,421.788,Fuzzy
540,26.9985,360.618,391.307,220.663,17.278,-26.305,9.600,32.903,19.766,385222.9,385.22,36096.82,10496.82,1.088,5.974,0.168,-0.699,0.032,-0.175,422.774,Fuzzy
541,27.0485,361.484,389.993,221.144,17.328,-26.260,9.617,32.899,19.818,385163.4,385.16,36090.50,10490.50,1.088,6.010,0.167,-0.701,0.032,-0.176,423.763,Fuzzy
542,27.0985,362.351,388.681,221.625,17.378,-26.215,9.634,32.894,19.869,385104.0,385.10,36084.19,10484.19,1.088,6.046,0.167,-0.702,0.033,-0.177,424.754,Fuzzy
543,27.1485,363.221,387.371,222.107,17.428,-26.170,9.651,32.890,19.922,385044.9,385.05,36077.88,10477.88,1.088,6.082,0.166,-0.704,0.033,-0.178,425.748,Fuzzy
544,27.1984,364.094,386.064,222.590,17.478,-26.125,9.668,32.886,19.974,384986.1,384.99,36071.57,10471.57,1.088,6.118,0.165,-0.705,0.033,-0.179,426.744,Fuzzy
545,27.2484,364.969,384.759,223.074,17.529,-26.080,9.686,32.882,20.027,384927.4,384.93,36065.26,10465.26,1.088,6.154,0.165,-0.707,0.033,-0.180,427.743,Fuzzy
546,27.2984,365.847,383.456,223.559,17.580,-26.036,9.703,32.879,20.080,384869.0,384.87,36058.95,10458.95,1.089,6.190,0.164,-0.709,0.033,-0.180,428.745,Fuzzy
547,27.3484,366.727,382.155,224.044,17.631,-25.991,9.721,32.877,20.133,384810.6,384.81,36052.64,10452.64,1.089,6.227,0.164,-0.711,0.033,-0.181,429.749,Fuzzy
548,27.3984,367.610,380.857,224.531,17.683,-25.946,9.738,32.874,20.187,384752.6,384.75,36046.34,10446.34,1.089,6.263,0.163,-0.712,0.034,-0.182,430.756,Fuzzy
549,27.4484,368.495,379.561,225.018,17.735,-25.901,9.756,32.872,20.241,384694.6,384.69,36040.03,10440.03,1.089,6.299,0.163,-0.714,0.034,-0.183,431.766,Fuzzy
550,27.4984,369.383,378.267,225.506,17.787,-25.857,9.774,32.871,20.295,384637.1,384.64,36033.72,10433.72,1.089,6.336,0.163,-0.716,0.034,-0.184,432.778,Fuzzy
551,27.5484,370.274,376.975,225.995,17.840,-25.812,9.791,32.869,20.350,384579.5,384.58,36027.41,10427.41,1.089,6.372,0.162,-0.718,0.034,-0.184,433.794,Fuzzy
552,27.5984,371.167,375.685,226.485,17.892,-25.768,9.809,32.868,20.405,384522.3,384.52,36021.10,10421.10,1.089,6.409,0.162,-0.720,0.034,-0.185,434.811,Fuzzy
553,27.6484,372.063,374.398,226.976,17.946,-25.723,9.827,32.868,20.460,384465.2,384.47,36014.80,10414.80,1.089,6.446,0.161,-0.722,0.034,-0.186,435.832,Fuzzy
554,27.6984,372.962,373.113,227.468,17.999,-25.679,9.845,32.868,20.516,384408.5,384.41,36008.50,10408.50,1.089,6.483,0.161,-0.724,0.034,-0.187,436.855,Fuzzy
555,27.7484,373.863,371.830,227.961,18.053,-25.634,9.863,32.868,20.572,384352.0,384.35,36002.20,10402.20,1.089,6.520,0.161,-0.726,0.034,-0.188,437.881,Fuzzy
556,27.7983,374.767,370.550,228.454,18.107,-25.590,9.881,32.869,20.628,384295.6,384.30,35995.91,10395.90,1.089,6.557,0.160,-0.728,0.035,-0.188,438.910,Fuzzy
557,27.8483,375.674,369.271,228.949,18.162,-25.545,9.900,32.870,20.685,384239.5,384.24,35989.61,10389.61,1.089,6.594,0.160,-0.730,0.035,-0.189,439.942,Fuzzy
558,27.8983,376.584,367.995,229.444,18.217,-25.501,9.918,32.871,20.742,384183.7,384.18,35983.30,10383.31,1.089,6.631,0.160,-0.732,0.035,-0.190,440.976,Fuzzy
559,27.9483,377.496,366.721,229.941,18.272,-25.456,9.936,32.873,20.799,384127.9,384.13,35977.01,10377.01,1.089,6.668,0.160,-0.734,0.035,-0.190,442.013,Fuzzy
560,27.9983,378.411,365.450,230.438,18.327,-25.412,9.955,32.875,20.856,384072.4,384.07,35970.71,10370.71,1.089,6.706,0.159,-0.737,0.035,-0.191,443.053,Fuzzy
561,28.0483,379.328,364.180,230.936,18.383,-25.368,9.973,32.877,20.914,384017.2,384.02,35964.41,10364.41,1.089,6.743,0.159,-0.739,0.035,-0.192,444.096,Fuzzy
562,28.0983,380.249,362.913,231.435,18.439,-25.323,9.992,32.880,20.972,383962.2,383.96,35958.11,10358.11,1.089,6.781,0.159,-0.741,0.035,-0.193,445.142,Fuzzy
563,28.1483,381.172,361.648,231.935,18.496,-25.279,10.010,32.884,21.031,383907.4,383.91,35951.81,10351.81,1.089,6.819,0.159,-0.743,0.035,-0.193,446.191,Fuzzy
564,28.1983,382.099,360.385,232.436,18.553,-25.235,10.029,32.887,21.090,383852.9,383.85,35945.52,10345.53,1.089,6.856,0.158,-0.745,0.035,-0.194,447.243,Fuzzy
565,28.2483,383.028,359.124,232.938,18.610,-25.191,10.048,32.892,21.149,383798.6,383.80,35939.23,10339.24,1.089,6.894,0.158,-0.748,0.035,-0.195,448.297,Fuzzy
566,28.2983,383.960,357.866,233.441,18.667,-25.147,10.067,32.896,21.209,383744.5,383.74,35932.95,10332.95,1.089,6.932,0.158,-0.750,0.034,-0.195,449.355,Fuzzy
567,28.3483,384.894,356.610,233.945,18.725,-25.102,10.085,32.901,21.268,383690.8,383.69,35926.66,10326.66,1.089,6.971,0.158,-0.752,0.034,-0.196,450.415,Fuzzy
568,28.3982,385.832,355.356,234.450,18.783,-25.058,10.104,32.906,21.329,383637.2,383.64,35920.37,10320.37,1.089,7.009,0.157,-0.754,0.034,-0.196,451.479,Fuzzy
569,28.4482,386.773,354.104,234.955,18.842,-25.014,10.124,32.912,21.389,383583.8,383.58,35914.08,10314.08,1.089,7.047,0.157,-0.757,0.034,-0.197,452.545,Fuzzy
570,28.4982,387.716,352.854,235.462,18.901,-24.970,10.143,32.918,21.450,383530.7,383.53,35907.79,10307.79,1.089,7.086,0.157,-0.759,0.034,-0.198,453.615,Fuzzy
571,28.5482,388.663,351.607,235.970,18.960,-24.926,10.162,32.925,21.511,383477.8,383.48,35901.50,10301.50,1.089,7.124,0.157,-0.761,0.034,-0.198,454.687,Fuzzy
572,28.5982,389.612,350.362,236.478,19.019,-24.882,10.181,32.932,21.573,383425.1,383.43,35895.21,10295.21,1.089,7.163,0.156,-0.764,0.034,-0.199,455.763,Fuzzy
573,28.6482,390.565,349.118,236.988,19.079,-24.838,10.200,32.939,21.635,383372.7,383.37,35888.92,10288.92,1.089,7.202,0.156,-0.766,0.034,-0.199,456.841,Fuzzy
574,28.6982,391.520,347.878,237.498,19.139,-24.794,10.220,32.947,21.697,383320.5,383.32,35882.63,10282.63,1.089,7.241,0.156,-0.768,0.033,-0.200,457.923,Fuzzy
575,28.7482,392.479,346.639,238.010,19.200,-24.751,10.239,32.956,21.759,383268.7,383.27,35876.36,10276.36,1.089,7.280,0.156,-0.770,0.033,-0.200,459.008,Fuzzy
576,28.7982,393.440,345.403,238.522,19.261,-24.707,10.259,32.964,21.822,383217.1,383.22,35870.08,10270.08,1.090,7.319,0.155,-0.773,0.033,-0.201,460.095,Fuzzy
577,28.8482,394.404,344.168,239.036,19.322,-24.663,10.279,32.973,21.886,383165.8,383.17,35863.80,10263.80,1.090,7.358,0.155,-0.775,0.033,-0.202,461.186,Fuzzy
578,28.8982,395.372,342.936,239.550,19.383,-24.619,10.298,32.983,21.949,383114.6,383.11,35857.52,10257.52,1.090,7.397,0.154,-0.777,0.033,-0.202,462.280,Fuzzy
579,28.9481,396.343,341.706,240.065,19.445,-24.575,10.318,32.993,22.013,383063.8,383.06,35851.24,10251.24,1.090,7.437,0.154,-0.780,0.032,-0.203,463.378,Fuzzy
580,28.9981,397.316,340.479,240.582,19.508,-24.532,10.338,33.003,22.077,383013.1,383.01,35844.96,10244.96,1.090,7.476,0.154,-0.782,0.032,-0.203,464.478,Fuzzy
581,29.0481,398.293,339.253,241.099,19.570,-24.488,10.358,33.014,22.142,382962.7,382.96,35838.68,10238.68,1.090,7.516,0.153,-0.784,0.032,-0.204,465.582,Fuzzy
582,29.0981,399.274,338.030,241.618,19.633,-24.444,10.378,33.025,22.207,382912.6,382.91,35832.40,10232.40,1.090,7.556,0.153,-0.786,0.031,-0.204,466.689,Fuzzy
583,29.1481,400.257,336.809,242.137,19.696,-24.401,10.398,33.037,22.272,382862.8,382.86,35826.12,10226.12,1.090,7.595,0.152,-0.789,0.031,-0.205,467.799,Fuzzy
584,29.1981,401.243,335.590,242.657,19.760,-24.357,10.418,33.049,22.338,382813.1,382.81,35819.84,10219.84,1.090,7.635,0.152,-0.791,0.031,-0.205,468.912,Fuzzy
585,29.2481,402.233,334.373,243.179,19.824,-24.314,10.438,33.062,22.404,382763.7,382.76,35813.56,10213.56,1.090,7.675,0.151,-0.793,0.031,-0.206,470.029,Fuzzy
586,29.2981,403.226,333.159,243.701,19.888,-24.270,10.458,33.075,22.471,382714.6,382.71,35807.29,10207.29,1.090,7.716,0.151,-0.795,0.030,-0.206,471.149,Fuzzy
587,29.3481,404.222,331.946,244.225,19.953,-24.226,10.479,33.089,22.537,382665.8,382.67,35801.02,10201.02,1.090,7.756,0.150,-0.798,0.030,-0.206,472.272,Fuzzy
588,29.3981,405.221,330.736,244.749,20.018,-24.183,10.499,33.103,22.604,382617.3,382.62,35794.75,10194.75,1.090,7.796,0.150,-0.800,0.030,-0.207,473.398,Fuzzy
589,29.4481,406.223,329.528,245.274,20.084,-24.140,10.520,33.117,22.672,382569.1,382.57,35788.48,10188.48,1.090,7.837,0.149,-0.802,0.029,-0.207,474.528,Fuzzy
590,29.4981,407.229,328.322,245.801,20.149,-24.096,10.540,33.132,22.740,382521.2,382.52,35782.21,10182.21,1.090,7.877,0.149,-0.804,0.029,-0.208,475.661,Fuzzy
591,29.5480,408.238,327.118,246.328,20.216,-24.053,10.561,33.147,22.808,382473.3,382.47,35775.94,10175.94,1.090,7.918,0.148,-0.806,0.029,-0.208,476.798,Fuzzy
592,29.5980,409.251,325.917,246.857,20.282,-24.009,10.581,33.163,22.876,382425.9,382.43,35769.67,10169.67,1.090,7.959,0.147,-0.809,0.028,-0.209,477.938,Fuzzy
593,29.6480,410.267,324.717,247.387,20.349,-23.966,10.602,33.179,22.945,382378.7,382.38,35763.40,10163.40,1.090,8.000,0.147,-0.811,0.028,-0.209,479.081,Fuzzy
594,29.6980,411.286,323.520,247.917,20.416,-23.923,10.623,33.196,23.015,382331.8,382.33,35757.13,10157.13,1.090,8.041,0.146,-0.813,0.028,-0.210,480.228,Fuzzy
595,29.7480,412.308,322.325,248.449,20.484,-23.879,10.644,33.213,23.084,382285.0,382.29,35750.86,10150.86,1.090,8.082,0.145,-0.815,0.027,-0.210,481.378,Fuzzy
596,29.7980,413.334,321.132,248.982,20.552,-23.836,10.665,33.231,23.154,382238.7,382.24,35744.59,10144.59,1.091,8.123,0.145,-0.817,0.027,-0.210,482.532,Fuzzy
597,29.8480,414.363,319.941,249.515,20.620,-23.793,10.686,33.249,23.225,382192.5,382.19,35738.32,10138.32,1.091,8.164,0.144,-0.819,0.026,-0.211,483.689,Fuzzy
598,29.8980,415.396,318.753,250.050,20.689,-23.750,10.707,33.268,23.295,382146.8,382.15,35732.05,10132.05,1.091,8.205,0.143,-0.820,0.026,-0.186,484.850,Fuzzy
599,29.9480,416.432,317.567,250.586,20.758,-23.707,10.728,33.287,23.367,382101.8,382.10,35725.79,10125.79,1.091,8.247,0.142,-0.818,0.026,-0.161,486.014,Fuzzy
600,29.9980,417.472,316.382,251.123,20.829,-23.664,10.749,33.307,23.439,382057.5,382.06,35719.53,10119.53,1.091,8.288,0.142,-0.814,0.025,-0.137,487.181,Fuzzy
601,30.0480,418.515,315.200,251.661,20.899,-23.621,10.771,33.327,23.511,382013.8,382.01,35713.27,10113.27,1.091,8.328,0.141,-0.807,0.025,-0.114,488.353,Fuzzy
602,30.0980,419.562,314.020,252.200,20.970,-23.578,10.792,33.349,23.584,381970.6,381.97,35707.01,10107.01,1.091,8.369,0.140,-0.798,0.025,-0.092,489.527,Fuzzy
603,30.1479,420.612,312.842,252.740,21.042,-23.535,10.813,33.371,23.658,381928.1,381.93,35700.75,10100.75,1.091,8.409,0.139,-0.786,0.025,-0.070,490.706,Fuzzy
604,30.1979,421.666,311.667,253.281,21.114,-23.492,10.835,33.393,23.732,381886.1,381.89,35694.49,10094.49,1.091,8.448,0.138,-0.773,0.026,-0.050,491.888,Fuzzy
605,30.2479,422.724,310.493,253.824,21.187,-23.449,10.856,33.416,23.807,381844.6,381.84,35688.23,10088.23,1.091,8.487,0.138,-0.758,0.026,-0.030,493.074,Fuzzy
606,30.2979,423.785,309.322,254.367,21.261,-23.407,10.878,33.440,23.882,381803.6,381.80,35681.97,10081.97,1.091,8.524,0.137,-0.742,0.027,-0.011,494.263,Fuzzy
607,30.3479,424.850,308.153,254.912,21.334,-23.364,10.900,33.464,23.957,381763.1,381.76,35675.71,10075.71,1.091,8.561,0.137,-0.723,0.028,0.007,495.457,Fuzzy
608,30.3979,425.918,306.985,255.457,21.409,-23.321,10.921,33.489,24.034,381723.0,381.72,35669.45,10069.45,1.091,8.598,0.136,-0.704,0.029,0.024,496.654,Fuzzy
609,30.4479,426.991,305.820,256.004,21.484,-23.279,10.943,33.514,24.110,381683.4,381.68,35663.19,10063.19,1.091,8.633,0.136,-0.683,0.030,0.040,497.854,Fuzzy
610,30.4979,428.067,304.658,256.551,21.559,-23.236,10.965,33.540,24.187,381644.1,381.64,35656.93,10056.93,1.092,8.667,0.136,-0.661,0.032,0.055,499.059,Fuzzy
611,30.5479,429.147,303.497,257.100,21.635,-23.194,10.987,33.566,24.264,381605.3,381.61,35650.67,10050.67,1.092,8.700,0.136,-0.638,0.034,0.070,500.267,Fuzzy
612,30.5979,430.230,302.338,257.650,21.711,-23.151,11.008,33.593,24.342,381566.6,381.57,35644.41,10044.41,1.092,8.732,0.137,-0.614,0.036,0.083,501.479,Fuzzy
613,30.6479,431.318,301.182,258.201,21.787,-23.109,11.030,33.621,24.420,381528.2,381.53,35638.15,10038.15,1.092,8.762,0.137,-0.589,0.039,0.095,502.695,Fuzzy
614,30.6979,432.409,300.027,258.753,21.864,-23.066,11.052,33.649,24.499,381490.2,381.49,35631.90,10031.90,1.092,8.792,0.138,-0.564,0.042,0.107,503.915,Fuzzy
615,30.7478,433.504,298.875,259.306,21.941,-23.024,11.074,33.677,24.578,381452.3,381.45,35625.65,10025.65,1.092,8.820,0.139,-0.538,0.045,0.117,505.139,Fuzzy
616,30.7978,434.603,297.725,259.860,22.019,-22.981,11.096,33.706,24.657,381414.5,381.41,35619.40,10019.40,1.092,8.847,0.141,-0.512,0.048,0.127,506.367,Fuzzy
617,30.8478,435.706,296.577,260.416,22.097,-22.939,11.118,33.735,24.736,381376.9,381.38,35613.15,10013.15,1.092,8.873,0.142,-0.485,0.052,0.136,507.598,Fuzzy
618,30.8978,436.813,295.431,260.972,22.175,-22.897,11.140,33.765,24.816,381339.3,381.34,35606.90,10006.90,1.092,8.898,0.145,-0.458,0.056,0.143,508.834,Fuzzy
619,30.9478,437.923,294.287,261.530,22.253,-22.854,11.162,33.795,24.896,381301.8,381.30,35600.65,10000.65,1.092,8.921,0.147,-0.431,0.060,0.150,510.073,Fuzzy
620,30.9978,439.038,293.146,262.088,22.332,-22.812,11.184,33.826,24.976,381264.3,381.26,35594.40,9994.40,1.092,8.943,0.150,-0.404,0.064,0.157,511.317,Fuzzy
621,31.0478,440.157,292.006,262.648,22.411,-22.769,11.206,33.857,25.057,381226.8,381.23,35588.15,9988.15,1.092,8.964,0.153,-0.377,0.069,0.162,512.564,Fuzzy
622,31.0978,441.279,290.869,263.209,22.490,-22.727,11.229,33.888,25.137,381189.3,381.19,35581.90,9981.90,1.093,8.984,0.157,-0.351,0.073,0.166,513.816,Fuzzy
623,31.1478,442.406,289.733,263.771,22.570,-22.685,11.251,33.920,25.218,381151.4,381.15,35575.65,9975.65,1.093,9.002,0.161,-0.324,0.078,0.170,515.071,Fuzzy
624,31.1978,443.536,288.600,264.334,22.649,-22.642,11.273,33.952,25.299,381113.6,381.11,35569.40,9969.40,1.093,9.019,0.166,-0.298,0.084,0.173,516.330,Fuzzy
625,31.2478,444.671,287.469,264.898,22.729,-22.600,11.295,33.984,25.381,381067.8,381.07,35563.15,9963.15,1.093,9.035,0.171,-0.272,0.089,0.176,517.594,Fuzzy
626,31.2978,445.809,286.340,265.464,22.809,-22.558,11.317,34.017,25.462,381008.6,381.01,35556.90,9956.90,1.093,9.050,0.177,-0.246,0.094,0.177,518.861,Fuzzy
627,31.3477,446.951,285.213,266.030,22.888,-22.515,11.340,34.050,25.543,380949.8,380.95,35550.65,9950.65,1.093,9.064,0.183,-0.222,0.100,0.178,520.132,Fuzzy
628,31.3977,448.098,284.089,266.598,22.968,-22.473,11.362,34.083,25.625,380891.3,380.89,35544.41,9944.41,1.093,9.076,0.189,-0.197,0.106,0.179,521.408,Fuzzy
629,31.4477,449.248,282.966,267.166,23.048,-22.430,11.384,34.117,25.707,380833.1,380.83,35538.17,9938.17,1.093,9.088,0.196,-0.173,0.112,0.179,522.687,Fuzzy
630,31.4977,450.403,281.846,267.736,23.129,-22.388,11.407,34.151,25.788,380775.2,380.78,35531.93,9931.93,1.093,9.099,0.203,-0.150,0.118,0.178,523.971,Fuzzy
631,31.5477,451.561,280.727,268.307,23.209,-22.346,11.429,34.185,25.870,380717.3,380.72,35525.69,9925.69,1.093,9.108,0.211,-0.128,0.124,0.177,525.258,Fuzzy
632,31.5977,452.724,279.611,268.879,23.289,-22.303,11.451,34.219,25.952,380659.6,380.66,35519.45,9919.45,1.093,9.117,0.219,-0.106,0.130,0.175,526.550,Fuzzy
633,31.6477,453.890,278.497,269.452,23.369,-22.261,11.474,34.254,26.034,380602.1,380.60,35513.21,9913.21,1.093,9.125,0.228,-0.085,0.136,0.173,527.845,Fuzzy
634,31.6977,455.061,277.385,270.026,23.450,-22.219,11.496,34.289,26.116,380544.8,380.54,35506.97,9906.97,1.093,9.131,0.237,-0.064,0.142,0.171,529.145,Fuzzy
635,31.7477,456.235,276.275,270.602,23.530,-22.176,11.519,34.324,26.198,380487.5,380.49,35500.73,9900.73,1.093,9.138,0.247,-0.045,0.148,0.168,530.449,Fuzzy
636,31.7977,457.414,275.167,271.178,23.610,-22.134,11.542,34.359,26.280,380430.3,380.43,35494.49,9894.49,1.093,9.143,0.256,-0.026,0.154,0.165,531.756,Fuzzy
637,31.8477,458.596,274.062,271.756,23.690,-22.092,11.564,34.395,26.362,380373.2,380.37,35488.25,9888.25,1.093,9.148,0.267,-0.008,0.160,0.162,533.068,Fuzzy
638,31.8977,459.783,272.958,272.335,23.770,-22.049,11.587,34.430,26.444,380316.2,380.32,35482.01,9882.01,1.093,9.152,0.278,0.009,0.166,0.161,534.384,Fuzzy
639,31.9476,460.973,271.857,272.915,23.850,-22.007,11.610,34.466,26.526,380259.3,380.26,35475.78,9875.78,1.093,9.155,0.289,0.026,0.172,0.162,535.704,Fuzzy
640,31.9976,462.168,270.757,273.496,23.931,-21.965,11.633,34.503,26.608,380202.4,380.20,35469.55,9869.55,1.093,9.158,0.300,0.043,0.178,0.163,537.028,Fuzzy
641,32.0476,463.366,269.660,274.078,24.011,-21.922,11.656,34.539,26.690,380145.7,380.15,35463.32,9863.32,1.093,9.160,0.312,0.059,0.184,0.163,538.356,Fuzzy
642,32.0977,464.569,268.565,274.661,24.091,-21.880,11.679,34.576,26.772,380088.9,380.09,35457.09,9857.09,1.093,9.162,0.324,0.075,0.190,0.163,539.688,Fuzzy
643,32.1477,465.775,267.472,275.246,24.171,-21.837,11.702,34.612,26.854,380032.2,380.03,35450.86,9850.86,1.093,9.163,0.336,0.090,0.196,0.162,541.024,Fuzzy
644,32.1977,466.986,266.381,275.831,24.251,-21.795,11.725,34.649,26.936,379975.4,379.98,35444.63,9844.63,1.093,9.163,0.349,0.105,0.201,0.162,542.364,Fuzzy
645,32.2477,468.200,265.293,276.418,24.330,-21.752,11.748,34.687,27.018,379918.8,379.92,35438.40,9838.40,1.093,9.163,0.362,0.119,0.207,0.160,543.708,Fuzzy
646,32.2977,469.419,264.206,277.006,24.410,-21.710,11.772,34.724,27.100,379861.9,379.86,35432.17,9832.17,1.093,9.163,0.375,0.133,0.212,0.159,545.056,Fuzzy
647,32.3477,470.641,263.122,277.595,24.490,-21.668,11.795,34.762,27.182,379805.2,379.81,35425.94,9825.94,1.093,9.162,0.389,0.147,0.217,0.157,546.409,Fuzzy
648,32.3977,471.868,262.039,278.186,24.569,-21.625,11.819,34.799,27.264,379748.2,379.75,35419.71,9819.71,1.093,9.161,0.402,0.160,0.222,0.154,547.765,Fuzzy
649,32.4477,473.098,260.959,278.777,24.649,-21.583,11.843,34.837,27.346,379691.5,379.69,35413.48,9813.49,1.093,9.160,0.416,0.172,0.227,0.152,549.125,Fuzzy
650,32.4977,474.333,259.881,279.370,24.728,-21.540,11.867,34.875,27.428,379634.6,379.63,35407.27,9807.27,1.093,9.158,0.430,0.183,0.232,0.149,550.490,Fuzzy
651,32.5478,475.571,258.805,279.964,24.807,-21.497,11.891,34.913,27.510,379577.6,379.58,35401.05,9801.05,1.093,9.157,0.444,0.194,0.237,0.145,551.858,Fuzzy
652,32.5978,476.813,257.731,280.559,24.887,-21.455,11.915,34.952,27.592,379520.5,379.52,35394.82,9794.82,1.093,9.154,0.459,0.205,0.241,0.142,553.231,Fuzzy
653,32.6478,478.060,256.660,281.156,24.966,-21.412,11.940,34.990,27.674,379463.3,379.46,35388.60,9788.60,1.094,9.152,0.473,0.214,0.246,0.138,554.608,Fuzzy
654,32.6978,479.310,255.590,281.753,25.044,-21.370,11.965,35.029,27.756,379406.0,379.41,35382.38,9782.38,1.094,9.150,0.488,0.224,0.250,0.134,555.988,Fuzzy
655,32.7478,480.564,254.523,282.352,25.123,-21.327,11.989,35.068,27.837,379348.6,379.35,35376.16,9776.16,1.094,9.147,0.502,0.232,0.254,0.130,557.373,Fuzzy
656,32.7978,481.822,253.458,282.952,25.201,-21.284,12.015,35.107,27.919,379291.2,379.29,35369.94,9769.94,1.094,9.145,0.517,0.240,0.257,0.126,558.762,Fuzzy
657,32.8478,483.084,252.394,283.554,25.280,-21.242,12.040,35.146,28.000,379233.5,379.23,35363.72,9763.72,1.094,9.142,0.531,0.247,0.261,0.122,560.154,Fuzzy
658,32.8978,484.350,251.333,284.156,25.358,-21.199,12.065,35.185,28.082,379175.9,379.18,35357.50,9757.50,1.094,9.140,0.546,0.253,0.264,0.117,561.551,Fuzzy
659,32.9478,485.620,250.274,284.760,25.436,-21.156,12.091,35.224,28.163,379118.1,379.12,35351.29,9751.29,1.094,9.137,0.561,0.259,0.267,0.112,562.952,Fuzzy
660,32.9978,486.894,249.218,285.365,25.514,-21.113,12.117,35.264,28.245,379060.2,379.06,35345.07,9745.07,1.094,9.135,0.575,0.264,0.270,0.108,564.357,Fuzzy
661,33.0479,488.171,248.163,285.972,25.591,-21.071,12.143,35.303,28.326,379002.3,379.00,35338.86,9738.86,1.094,9.133,0.590,0.269,0.273,0.103,565.766,Fuzzy
662,33.0979,489.453,247.111,286.580,25.669,-21.028,12.169,35.343,28.407,378944.3,378.94,35332.65,9732.65,1.094,9.130,0.604,0.273,0.276,0.098,567.179,Fuzzy
663,33.1479,490.738,246.060,287.189,25.746,-20.985,12.196,35.383,28.488,378886.2,378.89,35326.44,9726.44,1.094,9.129,0.618,0.276,0.278,0.094,568.596,Fuzzy
664,33.1979,492.027,245.012,287.799,25.823,-20.942,12.223,35.423,28.570,378827.9,378.83,35320.23,9720.23,1.094,9.127,0.633,0.279,0.280,0.089,570.017,Fuzzy
665,33.2479,493.320,243.966,288.411,25.900,-20.899,12.250,35.463,28.651,378769.6,378.77,35314.02,9714.02,1.094,9.126,0.647,0.281,0.282,0.084,571.442,Fuzzy
666,33.2979,494.617,242.922,289.024,25.976,-20.857,12.277,35.504,28.732,378711.2,378.71,35307.81,9707.81,1.094,9.125,0.660,0.283,0.283,0.080,572.871,Fuzzy
667,33.3479,495.918,241.880,289.639,26.053,-20.814,12.305,35.544,28.813,378652.8,378.65,35301.60,9701.60,1.094,9.124,0.674,0.284,0.285,0.075,574.304,Fuzzy
668,33.3979,497.223,240.841,290.255,26.129,-20.771,12.333,35.585,28.894,378594.3,378.59,35295.39,9695.39,1.094,9.123,0.688,0.285,0.286,0.071,575.741,Fuzzy
669,33.4479,498.531,239.803,290.872,26.205,-20.728,12.362,35.625,28.975,378535.6,378.54,35289.18,9689.18,1.094,9.124,0.701,0.285,0.287,0.066,577.183,Fuzzy
670,33.4980,499.843,238.768,291.491,26.281,-20.685,12.390,35.666,29.055,378477.2,378.48,35282.98,9682.98,1.094,9.124,0.714,0.284,0.287,0.062,578.628,Fuzzy
671,33.5480,501.159,237.735,292.111,26.357,-20.642,12.419,35.707,29.136,378418.8,378.42,35276.78,9676.78,1.094,9.125,0.726,0.284,0.288,0.058,580.077,Fuzzy
672,33.5980,502.479,236.704,292.733,26.432,-20.599,12.449,35.748,29.217,378360.1,378.36,35270.57,9670.58,1.094,9.126,0.739,0.282,0.288,0.054,581.530,Fuzzy
673,33.6480,503.802,235.675,293.356,26.508,-20.556,12.478,35.790,29.298,378301.6,378.30,35264.38,9664.37,1.094,9.128,0.751,0.281,0.288,0.050,582.988,Fuzzy
674,33.6980,505.130,234.648,293.981,26.583,-20.513,12.508,35.831,29.379,378243.1,378.24,35258.17,9658.17,1.094,9.130,0.763,0.279,0.288,0.047,584.449,Fuzzy
675,33.7480,506.461,233.624,294.607,26.658,-20.470,12.539,35.873,29.459,378184.6,378.18,35251.97,9651.97,1.094,9.133,0.774,0.277,0.287,0.043,585.914,Fuzzy
676,33.7980,507.795,232.601,295.235,26.733,-20.427,12.569,35.915,29.540,378126.1,378.13,35245.77,9645.77,1.094,9.136,0.785,0.274,0.287,0.040,587.384,Fuzzy
677,33.8480,509.134,231.581,295.864,26.807,-20.384,12.600,35.957,29.621,378067.6,378.07,35239.57,9639.57,1.094,9.140,0.796,0.271,0.286,0.037,588.857,Fuzzy
678,33.8980,510.476,230.563,296.495,26.882,-20.341,12.632,35.999,29.702,378009.3,378.01,35233.37,9633.37,1.094,9.145,0.806,0.268,0.285,0.034,590.335,Fuzzy
679,33.9481,511.822,229.547,297.127,26.956,-20.298,12.664,36.042,29.783,377951.0,377.95,35227.17,9627.17,1.094,9.150,0.816,0.265,0.284,0.031,591.816,Fuzzy
680,33.9981,513.172,228.533,297.761,27.030,-20.255,12.696,36.084,29.863,377892.9,377.89,35220.98,9620.98,1.094,9.155,0.826,0.262,0.282,0.029,593.302,Fuzzy
681,34.0481,514.525,227.521,298.397,27.104,-20.212,12.729,36.127,29.944,377834.8,377.83,35214.79,9614.79,1.094,9.161,0.835,0.258,0.281,0.027,594.791,Fuzzy
682,34.0981,515.882,226.512,299.034,27.178,-20.169,12.762,36.170,30.025,377776.9,377.78,35208.59,9608.60,1.094,9.168,0.844,0.254,0.279,0.025,596.285,Fuzzy
683,34.1481,517.243,225.505,299.673,27.252,-20.126,12.795,36.213,30.106,377719.1,377.72,35202.40,9602.40,1.094,9.175,0.852,0.250,0.277,0.023,597.783,Fuzzy
684,34.1981,518.607,224.499,300.313,27.325,-20.083,12.829,36.257,30.187,377661.5,377.66,35196.21,9596.21,1.094,9.183,0.860,0.247,0.275,0.021,599.284,Fuzzy
685,34.2481,519.975,223.496,300.956,27.399,-20.040,12.863,36.301,30.268,377604.0,377.60,35190.02,9590.02,1.094,9.191,0.868,0.243,0.273,0.020,600.790,Fuzzy
686,34.2981,521.347,222.495,301.600,27.472,-19.996,12.898,36.344,30.349,377546.7,377.55,35183.83,9583.83,1.094,9.200,0.875,0.239,0.270,0.019,602.300,Fuzzy
687,34.3481,522.723,221.497,302.246,27.545,-19.953,12.933,36.389,30.430,377489.4,377.49,35177.64,9577.64,1.094,9.209,0.881,0.235,0.268,0.018,603.814,Fuzzy
688,34.3981,524.102,220.500,302.893,27.618,-19.910,12.969,36.433,30.511,377432.4,377.43,35171.45,9571.45,1.094,9.219,0.888,0.231,0.265,0.018,605.332,Fuzzy
689,34.4482,525.484,219.506,303.542,27.691,-19.867,13.005,36.477,30.592,377375.6,377.38,35165.25,9565.26,1.094,9.230,0.893,0.227,0.262,0.017,606.854,Fuzzy
690,34.4982,526.871,218.513,304.194,27.763,-19.824,13.041,36.522,30.674,377319.1,377.32,35159.07,9559.07,1.094,9.241,0.899,0.223,0.260,0.017,608.380,Fuzzy
691,34.5482,528.261,217.523,304.846,27.836,-19.781,13.078,36.567,30.755,377262.8,377.26,35152.89,9552.89,1.094,9.252,0.903,0.219,0.257,0.017,609.911,Fuzzy
692,34.5982,529.654,216.535,305.501,27.908,-19.738,13.115,36.613,30.836,377206.8,377.21,35146.71,9546.71,1.094,9.264,0.908,0.215,0.254,0.018,611.445,Fuzzy
693,34.6482,531.052,215.549,306.158,27.981,-19.695,13.153,36.658,30.918,377151.0,377.15,35140.53,9540.53,1.095,9.276,0.912,0.212,0.251,0.018,612.983,Fuzzy
694,34.6982,532.453,214.566,306.817,28.053,-19.652,13.191,36.704,31.000,377095.3,377.10,35134.34,9534.35,1.095,9.289,0.915,0.209,0.248,0.019,614.526,Fuzzy
695,34.7482,533.857,213.584,307.477,28.125,-19.609,13.230,36.750,31.081,377040.1,377.04,35128.16,9528.16,1.095,9.303,0.919,0.205,0.244,0.020,616.073,Fuzzy
696,34.7982,535.265,212.605,308.140,28.197,-19.566,13.269,36.796,31.163,376984.9,376.98,35121.98,9521.98,1.095,9.316,0.921,0.202,0.241,0.021,617.623,Fuzzy
697,34.8482,536.677,211.628,308.804,28.269,-19.523,13.308,36.843,31.245,376930.1,376.93,35115.80,9515.80,1.095,9.331,0.924,0.200,0.238,0.022,619.178,Fuzzy
698,34.8983,538.092,210.652,309.470,28.341,-19.480,13.348,36.890,31.327,376875.5,376.88,35109.62,9509.62,1.095,9.345,0.925,0.197,0.235,0.023,620.737,Fuzzy
699,34.9483,539.511,209.680,310.139,28.413,-19.437,13.389,36.937,31.409,376821.3,376.82,35103.44,9503.44,1.095,9.360,0.927,0.195,0.232,0.025,622.301,Fuzzy
700,34.9983,540.933,208.709,310.809,28.484,-19.394,13.429,36.984,31.491,376767.3,376.77,35097.25,9497.26,1.095,9.375,0.928,0.192,0.228,0.027,623.868,Fuzzy
701,35.0483,542.359,207.740,311.482,28.556,-19.352,13.471,37.032,31.574,376713.7,376.71,35091.08,9491.08,1.095,9.391,0.929,0.191,0.225,0.028,625.439,Fuzzy
702,35.0983,543.789,206.774,312.156,28.627,-19.309,13.513,37.080,31.656,376660.4,376.66,35084.91,9484.91,1.095,9.407,0.929,0.189,0.222,0.030,627.015,Fuzzy
703,35.1483,545.222,205.809,312.833,28.699,-19.266,13.555,37.128,31.739,376607.4,376.61,35078.74,9478.74,1.095,9.423,0.929,0.187,0.219,0.032,628.595,Fuzzy
704,35.1983,546.659,204.847,313.512,28.770,-19.223,13.598,37.177,31.821,376554.6,376.55,35072.57,9472.57,1.095,9.439,0.929,0.186,0.216,0.035,630.179,Fuzzy
705,35.2483,548.099,203.887,314.193,28.841,-19.180,13.641,37.226,31.904,376502.2,376.50,35066.39,9466.40,1.095,9.456,0.929,0.185,0.213,0.037,631.767,Fuzzy
706,35.2983,549.543,202.929,314.876,28.912,-19.137,13.684,37.275,31.987,376450.0,376.45,35060.22,9460.22,1.095,9.473,0.928,0.185,0.210,0.039,633.359,Fuzzy
707,35.3484,550.990,201.973,315.561,28.983,-19.094,13.728,37.324,32.070,376398.3,376.40,35054.05,9454.05,1.095,9.490,0.926,0.185,0.207,0.042,634.956,Fuzzy
708,35.3984,552.441,201.020,316.249,29.054,-19.051,13.773,37.374,32.153,376346.7,376.35,35047.88,9447.88,1.095,9.507,0.925,0.184,0.204,0.044,636.557,Fuzzy
709,35.4484,553.896,200.068,316.939,29.125,-19.008,13.818,37.424,32.237,376295.4,376.30,35041.71,9441.71,1.095,9.525,0.923,0.185,0.202,0.047,638.162,Fuzzy
710,35.4984,555.354,199.119,317.631,29.196,-18.966,13.863,37.474,32.320,376244.4,376.24,35035.54,9435.54,1.095,9.542,0.921,0.185,0.199,0.049,639.771,Fuzzy
711,35.5484,556.815,198.172,318.325,29.266,-18.923,13.909,37.524,32.404,376193.8,376.19,35029.36,9429.36,1.095,9.560,0.919,0.186,0.196,0.052,641.384,Fuzzy
712,35.5984,558.280,197.226,319.022,29.337,-18.880,13.956,37.575,32.487,376143.4,376.14,35023.20,9423.20,1.095,9.577,0.917,0.187,0.194,0.055,643.002,Fuzzy
713,35.6484,559.749,196.284,319.721,29.408,-18.837,14.002,37.626,32.571,376093.5,376.09,35017.04,9417.04,1.095,9.595,0.914,0.188,0.192,0.058,644.624,Fuzzy
714,35.6984,561.221,195.343,320.422,29.478,-18.795,14.049,37.677,32.655,376043.8,376.04,35010.88,9410.87,1.095,9.613,0.911,0.190,0.190,0.060,646.250,Fuzzy
715,35.7484,562.697,194.404,321.125,29.548,-18.752,14.097,37.729,32.739,375994.3,375.99,35004.71,9404.71,1.095,9.631,0.908,0.192,0.187,0.063,647.880,Fuzzy
716,35.7984,564.176,193.468,321.832,29.619,-18.709,14.145,37.781,32.823,375945.2,375.95,34998.55,9398.55,1.095,9.649,0.905,0.194,0.185,0.066,649.515,Fuzzy
717,35.8485,565.658,192.533,322.540,29.689,-18.666,14.194,37.833,32.907,375896.4,375.90,34992.39,9392.39,1.095,9.667,0.902,0.196,0.184,0.068,651.154,Fuzzy
718,35.8985,567.145,191.601,323.251,29.759,-18.624,14.243,37.885,32.992,375847.8,375.85,34986.23,9386.23,1.096,9.685,0.899,0.198,0.182,0.071,652.797,Fuzzy
719,35.9485,568.634,190.671,323.964,29.829,-18.581,14.292,37.938,33.076,375799.4,375.80,34980.06,9380.06,1.096,9.703,0.895,0.201,0.180,0.073,654.445,Fuzzy
720,35.9985,570.128,189.743,324.680,29.899,-18.538,14.342,37.991,33.161,375751.3,375.75,34973.90,9373.90,1.096,9.721,0.892,0.204,0.179,0.076,656.096,Fuzzy
721,36.0485,571.624,188.817,325.398,29.969,-18.495,14.392,38.044,33.245,375703.5,375.70,34967.74,9367.74,1.096,9.738,0.888,0.207,0.177,0.079,657.753,Fuzzy
722,36.0985,573.124,187.893,326.119,30.038,-18.453,14.442,38.097,33.330,375655.8,375.66,34961.58,9361.58,1.096,9.756,0.885,0.210,0.176,0.081,659.413,Fuzzy
723,36.1485,574.628,186.972,326.843,30.108,-18.410,14.493,38.151,33.415,375608.5,375.61,34955.41,9355.42,1.096,9.774,0.881,0.214,0.175,0.083,661.078,Fuzzy
724,36.1985,576.135,186.052,327.569,30.178,-18.367,14.545,38.205,33.500,375561.3,375.56,34949.26,9349.26,1.096,9.792,0.878,0.217,0.174,0.086,662.747,Fuzzy
725,36.2485,577.646,185.135,328.297,30.247,-18.325,14.597,38.259,33.585,375514.5,375.51,34943.10,9343.10,1.096,9.809,0.874,0.221,0.173,0.088,664.420,Fuzzy
726,36.2986,579.160,184.220,329.028,30.316,-18.282,14.649,38.313,33.670,375468.0,375.47,34936.95,9336.95,1.096,9.827,0.870,0.225,0.173,0.090,666.097,Fuzzy
727,36.3486,580.677,183.307,329.762,30.386,-18.239,14.702,38.368,33.755,375421.6,375.42,34930.80,9330.80,1.096,9.844,0.867,0.229,0.172,0.092,667.779,Fuzzy
728,36.3986,582.198,182.396,330.498,30.455,-18.197,14.755,38.423,33.841,375375.4,375.38,34924.65,9324.65,1.096,9.861,0.863,0.233,0.172,0.094,669.466,Fuzzy
729,36.4486,583.723,181.487,331.238,30.524,-18.154,14.808,38.478,33.926,375329.3,375.33,34918.49,9318.49,1.096,9.878,0.859,0.237,0.171,0.096,671.156,Fuzzy
730,36.4986,585.251,180.581,331.979,30.593,-18.111,14.862,38.533,34.011,375283.6,375.28,34912.34,9312.34,1.096,9.896,0.856,0.242,0.171,0.098,672.851,Fuzzy
731,36.5486,586.782,179.676,332.724,30.661,-18.069,14.916,38.589,34.097,375238.0,375.24,34906.19,9306.19,1.096,9.913,0.853,0.246,0.171,0.099,674.551,Fuzzy
732,36.5986,588.317,178.774,333.471,30.730,-18.026,14.971,38.644,34.183,375192.7,375.19,34900.04,9300.04,1.096,9.929,0.849,0.250,0.171,0.101,676.254,Fuzzy
733,36.6486,589.855,177.874,334.221,30.799,-17.983,15.026,38.700,34.268,375147.4,375.15,34893.88,9293.89,1.096,9.946,0.846,0.255,0.160,0.103,677.962,Fuzzy
734,36.6986,591.397,176.975,334.974,30.867,-17.941,15.081,38.757,34.354,375102.5,375.10,34887.73,9287.73,1.096,9.963,0.840,0.260,0.143,0.104,679.674,Fuzzy
735,36.7487,592.942,176.079,335.729,30.935,-17.898,15.137,38.813,34.440,375057.9,375.06,34881.58,9281.58,1.096,9.979,0.833,0.264,0.127,0.105,681.391,Fuzzy
736,36.7987,594.490,175.186,336.487,31.003,-17.856,15.194,38.870,34.526,375013.7,375.01,34875.43,9275.43,1.097,9.995,0.825,0.269,0.111,0.106,683.112,Fuzzy
737,36.8487,596.042,174.294,337.248,31.071,-17.813,15.251,38.927,34.613,374904.0,374.90,34869.28,9269.28,1.096,10.011,0.815,0.273,0.096,0.107,684.838,Fuzzy
738,36.8987,597.597,173.404,338.012,31.139,-17.771,15.309,38.985,34.699,374753.4,374.75,34863.14,9263.14,1.096,10.026,0.804,0.278,0.081,0.108,686.568,Fuzzy
739,36.9487,599.156,172.517,338.779,31.207,-17.728,15.367,39.042,34.785,374607.8,374.61,34857.00,9257.00,1.096,10.041,0.791,0.282,0.067,0.108,688.302,Fuzzy
740,36.9987,600.718,171.631,339.549,31.274,-17.686,15.425,39.100,34.872,374467.2,374.47,34850.85,9250.85,1.096,10.056,0.778,0.287,0.054,0.109,690.040,Fuzzy
741,37.0487,602.284,170.748,340.322,31.342,-17.644,15.484,39.159,34.958,374331.7,374.33,34844.71,9244.71,1.096,10.070,0.763,0.291,0.041,0.109,691.783,Fuzzy
742,37.0987,603.852,169.867,341.097,31.409,-17.602,15.544,39.217,35.045,374201.5,374.20,34838.58,9238.58,1.095,10.084,0.747,0.295,0.029,0.109,693.531,Fuzzy
743,37.1487,605.424,168.988,341.876,31.476,-17.561,15.604,39.276,35.131,374076.9,374.08,34832.45,9232.45,1.095,10.097,0.731,0.299,0.018,0.108,695.283,Fuzzy
744,37.1987,607.000,168.111,342.658,31.543,-17.519,15.664,39.335,35.218,373957.6,373.96,34826.32,9226.32,1.095,10.109,0.714,0.303,0.007,0.108,697.039,Fuzzy
745,37.2488,608.579,167.236,343.443,31.609,-17.478,15.725,39.394,35.305,373843.9,373.84,34820.18,9220.18,1.095,10.121,0.696,0.307,-0.003,0.107,698.800,Fuzzy
746,37.2988,610.161,166.363,344.230,31.676,-17.436,15.786,39.453,35.391,373735.8,373.74,34814.05,9214.06,1.095,10.133,0.677,0.310,-0.013,0.106,700.565,Fuzzy
747,37.3488,611.746,165.492,345.021,31.742,-17.395,15.848,39.513,35.478,373633.4,373.63,34807.93,9207.93,1.095,10.143,0.658,0.314,-0.022,0.104,702.334,Fuzzy
748,37.3988,613.335,164.624,345.815,31.808,-17.354,15.909,39.573,35.565,373536.7,373.54,34801.81,9201.81,1.095,10.153,0.639,0.317,-0.030,0.103,704.108,Fuzzy
749,37.4488,614.927,163.757,346.612,31.874,-17.313,15.972,39.633,35.652,373445.3,373.45,34795.69,9195.69,1.094,10.163,0.619,0.319,-0.037,0.101,705.886,Fuzzy
750,37.4988,616.522,162.892,347.412,31.939,-17.271,16.034,39.693,35.738,373359.4,373.36,34789.56,9189.56,1.094,10.171,0.599,0.322,-0.044,0.099,707.669,Fuzzy
751,37.5488,618.121,162.030,348.216,32.005,-17.230,16.097,39.753,35.825,373279.0,373.28,34783.44,9183.44,1.094,10.179,0.579,0.324,-0.051,0.096,709.456,Fuzzy
752,37.5988,619.723,161.169,349.022,32.070,-17.189,16.160,39.814,35.912,373203.8,373.20,34777.32,9177.32,1.094,10.187,0.558,0.326,-0.057,0.094,711.247,Fuzzy
753,37.6488,621.328,160.311,349.832,32.135,-17.148,16.224,39.874,35.998,373133.9,373.13,34771.20,9171.20,1.094,10.193,0.538,0.328,-0.062,0.091,713.043,Fuzzy
754,37.6989,622.937,159.455,350.644,32.200,-17.107,16.287,39.935,36.085,373068.9,373.07,34765.09,9165.09,1.094,10.200,0.517,0.329,-0.067,0.088,714.844,Fuzzy
755,37.7489,624.548,158.600,351.460,32.265,-17.066,16.351,39.996,36.172,373008.8,373.01,34758.98,9158.98,1.094,10.205,0.497,0.329,-0.071,0.084,716.648,Fuzzy
756,37.7989,626.163,157.748,352.280,32.329,-17.025,16.416,40.056,36.258,372953.4,372.95,34752.86,9152.86,1.094,10.210,0.477,0.330,-0.075,0.081,718.457,Fuzzy
757,37.8489,627.781,156.898,353.102,32.393,-16.984,16.480,40.117,36.345,372902.6,372.90,34746.75,9146.75,1.094,10.214,0.456,0.330,-0.078,0.077,720.271,Fuzzy
758,37.8989,629.402,156.050,353.928,32.457,-16.943,16.545,40.178,36.431,372856.1,372.86,34740.64,9140.64,1.094,10.217,0.436,0.329,-0.081,0.073,722.089,Fuzzy
759,37.9489,631.027,155.203,354.756,32.521,-16.902,16.610,40.239,36.517,372813.7,372.81,34734.52,9134.52,1.095,10.220,0.417,0.329,-0.083,0.069,723.911,Fuzzy
760,37.9989,632.654,154.359,355.589,32.585,-16.861,16.675,40.300,36.604,372775.2,372.78,34728.41,9128.41,1.095,10.223,0.397,0.327,-0.085,0.064,725.737,Fuzzy
761,38.0489,634.285,153.517,356.424,32.648,-16.820,16.740,40.362,36.690,372740.5,372.74,34722.30,9122.30,1.095,10.225,0.378,0.326,-0.086,0.060,727.568,Fuzzy
762,38.0989,635.919,152.677,357.263,32.711,-16.779,16.806,40.423,36.776,372709.0,372.71,34716.18,9116.18,1.095,10.226,0.359,0.323,-0.087,0.055,729.404,Fuzzy
763,38.1489,637.556,151.839,358.105,32.774,-16.738,16.872,40.484,36.862,372681.0,372.68,34710.07,9110.07,1.095,10.227,0.341,0.321,-0.088,0.051,731.243,Fuzzy
764,38.1990,639.197,151.003,358.950,32.837,-16.697,16.937,40.545,36.948,372655.8,372.66,34703.96,9103.96,1.095,10.227,0.323,0.318,-0.088,0.046,733.087,Fuzzy
765,38.2490,640.840,150.170,359.798,32.899,-16.655,17.003,40.606,37.034,372633.3,372.63,34697.84,9097.84,1.095,10.227,0.305,0.314,-0.088,0.041,734.936,Fuzzy
766,38.2990,642.486,149.338,360.650,32.962,-16.614,17.070,40.668,37.119,372613.5,372.61,34691.73,9091.73,1.095,10.226,0.288,0.310,-0.088,0.036,736.789,Fuzzy
767,38.3490,644.136,148.508,361.505,33.024,-16.572,17.136,40.729,37.205,372595.8,372.60,34685.62,9085.62,1.095,10.225,0.271,0.306,-0.088,0.030,738.646,Fuzzy
768,38.3990,645.789,147.681,362.364,33.086,-16.531,17.202,40.790,37.290,372580.2,372.58,34679.52,9079.51,1.096,10.224,0.255,0.301,-0.087,0.025,740.507,Fuzzy
769,38.4490,647.445,146.855,363.225,33.147,-16.489,17.269,40.851,37.376,372566.3,372.57,34673.41,9073.41,1.096,10.222,0.240,0.296,-0.086,0.020,742.373,Fuzzy
770,38.4990,649.104,146.032,364.091,33.209,-16.448,17.335,40.913,37.461,372554.1,372.55,34667.30,9067.31,1.096,10.220,0.224,0.290,-0.085,0.015,744.243,Fuzzy
771,38.5490,650.766,145.210,364.959,33.270,-16.406,17.402,40.974,37.546,372542.9,372.54,34661.20,9061.20,1.096,10.218,0.210,0.284,-0.083,0.009,746.117,Fuzzy
772,38.5990,652.431,144.391,365.831,33.331,-16.364,17.468,41.035,37.631,372533.0,372.53,34655.10,9055.10,1.096,10.215,0.196,0.277,-0.082,0.004,747.996,Fuzzy
773,38.6491,654.099,143.574,366.706,33.392,-16.322,17.535,41.096,37.716,372523.7,372.52,34649.00,9049.00,1.096,10.212,0.182,0.270,-0.080,-0.001,749.879,Fuzzy
774,38.6991,655.770,142.759,367.584,33.453,-16.280,17.602,41.158,37.801,372515.1,372.52,34642.89,9042.89,1.097,10.209,0.169,0.263,-0.078,-0.007,751.766,Fuzzy
775,38.7491,657.444,141.946,368.466,33.513,-16.238,17.669,41.219,37.886,372506.9,372.51,34636.79,9036.79,1.097,10.206,0.157,0.255,-0.076,-0.012,753.658,Fuzzy
776,38.7991,659.121,141.135,369.351,33.574,-16.195,17.736,41.280,37.970,372498.7,372.50,34630.69,9030.69,1.097,10.203,0.145,0.247,-0.074,-0.017,755.554,Fuzzy
777,38.8491,660.802,140.327,370.240,33.634,-16.153,17.803,41.341,38.055,372490.6,372.49,34624.58,9024.58,1.097,10.199,0.133,0.239,-0.072,-0.022,757.454,Fuzzy
778,38.8991,662.485,139.520,371.131,33.694,-16.111,17.870,41.402,38.139,372482.3,372.48,34618.48,9018.48,1.097,10.196,0.122,0.230,-0.070,-0.027,759.358,Fuzzy
779,38.9491,664.171,138.715,372.027,33.754,-16.068,17.937,41.463,38.223,372473.4,372.47,34612.38,9012.38,1.097,10.192,0.112,0.221,-0.068,-0.032,761.267,Fuzzy
780,38.9991,665.860,137.913,372.925,33.813,-16.026,18.004,41.525,38.308,372464.1,372.46,34606.27,9006.27,1.098,10.188,0.102,0.212,-0.065,-0.037,763.179,Fuzzy
781,39.0491,667.552,137.113,373.827,33.873,-15.983,18.071,41.586,38.392,372453.9,372.45,34600.17,9000.17,1.098,10.185,0.093,0.202,-0.063,-0.041,765.097,Fuzzy
782,39.0992,669.248,136.315,374.732,33.932,-15.940,18.138,41.647,38.476,372442.8,372.44,34594.06,8994.06,1.098,10.181,0.084,0.193,-0.061,-0.046,767.018,Fuzzy
783,39.1492,670.946,135.519,375.641,33.991,-15.897,18.205,41.708,38.560,372430.8,372.43,34587.96,8987.96,1.098,10.178,0.075,0.183,-0.058,-0.050,768.943,Fuzzy
784,39.1992,672.647,134.725,376.553,34.050,-15.854,18.272,41.769,38.643,372417.5,372.42,34581.86,8981.86,1.098,10.174,0.067,0.172,-0.056,-0.054,770.873,Fuzzy
785,39.2492,674.351,133.933,377.468,34.109,-15.811,18.339,41.830,38.727,372402.8,372.40,34575.75,8975.75,1.098,10.171,0.060,0.162,-0.054,-0.058,772.807,Fuzzy
786,39.2992,676.058,133.144,378.387,34.168,-15.768,18.406,41.891,38.811,372386.7,372.39,34569.65,8969.65,1.098,10.167,0.053,0.151,-0.052,-0.062,774.745,Fuzzy
787,39.3492,677.767,132.357,379.309,34.227,-15.725,18.473,41.953,38.894,372369.0,372.37,34563.55,8963.55,1.099,10.164,0.046,0.141,-0.050,-0.065,776.688,Fuzzy
788,39.3992,679.480,131.571,380.234,34.286,-15.682,18.540,42.014,38.978,372349.7,372.35,34557.45,8957.44,1.099,10.161,0.040,0.130,-0.047,-0.069,778.634,Fuzzy
789,39.4492,681.196,130.788,381.163,34.344,-15.638,18.608,42.075,39.061,372328.7,372.33,34551.34,8951.34,1.099,10.158,0.034,0.119,-0.045,-0.072,780.585,Fuzzy
790,39.4992,682.915,130.008,382.095,34.402,-15.595,18.675,42.136,39.144,372306.1,372.31,34545.23,8945.24,1.099,10.155,0.028,0.108,-0.043,-0.075,782.540,Fuzzy
791,39.5492,684.636,129.229,383.030,34.461,-15.551,18.742,42.198,39.227,372281.4,372.28,34539.13,8939.13,1.099,10.153,0.023,0.097,-0.041,-0.078,784.499,Fuzzy
792,39.5993,686.361,128.453,383.969,34.519,-15.508,18.809,42.259,39.311,372255.1,372.26,34533.03,8933.03,1.099,10.150,0.018,0.087,-0.040,-0.080,786.462,Fuzzy
793,39.6493,688.088,127.678,384.911,34.577,-15.464,18.876,42.320,39.394,372226.6,372.23,34526.93,8926.93,1.099,10.148,0.013,0.076,-0.038,-0.082,788.430,Fuzzy
794,39.6993,689.818,126.906,385.856,34.635,-15.420,18.943,42.382,39.477,372196.3,372.20,34520.82,8920.82,1.099,10.146,0.009,0.065,-0.036,-0.084,790.402,Fuzzy
795,39.7493,691.552,126.136,386.805,34.693,-15.377,19.010,42.443,39.560,372163.9,372.16,34514.72,8914.72,1.100,10.144,0.005,0.054,-0.035,-0.086,792.377,Fuzzy
796,39.7993,693.288,125.368,387.757,34.751,-15.333,19.076,42.505,39.643,372129.7,372.13,34508.62,8908.62,1.100,10.143,0.001,0.043,-0.033,-0.088,794.357,Fuzzy
797,39.8493,695.027,124.603,388.713,34.809,-15.289,19.143,42.566,39.726,372093.4,372.09,34502.51,8902.51,1.100,10.141,-0.002,0.033,-0.032,-0.089,796.342,Fuzzy
798,39.8993,696.769,123.840,389.672,34.867,-15.245,19.210,42.628,39.809,372055.3,372.06,34496.41,8896.41,1.100,10.140,-0.006,0.023,-0.032,-0.090,798.330,Fuzzy
799,39.9493,698.513,123.078,390.634,34.925,-15.201,19.277,42.690,39.891,372015.1,372.02,34490.30,8890.31,1.100,10.139,-0.009,0.012,-0.032,-0.091,800.322,Fuzzy
800,39.9993,700.261,122.319,391.599,34.982,-15.157,19.344,42.752,39.974,371973.2,371.97,34484.21,8884.21,1.100,10.139,-0.012,0.002,-0.031,-0.092,802.319,Fuzzy
801,40.0494,702.012,121.563,392.568,35.040,-15.114,19.411,42.814,40.057,371929.6,371.93,34478.11,8878.11,1.100,10.138,-0.015,-0.008,-0.031,-0.090,804.320,Fuzzy
802,40.0994,703.765,120.808,393.540,35.098,-15.070,19.477,42.876,40.140,371884.4,371.88,34472.02,8872.02,1.100,10.138,-0.018,-0.017,-0.031,-0.087,806.325,Fuzzy
803,40.1494,705.521,120.056,394.516,35.156,-15.026,19.544,42.938,40.223,371837.6,371.84,34465.93,8865.93,1.100,10.138,-0.021,-0.025,-0.031,-0.084,808.334,Fuzzy
804,40.1994,707.281,119.305,395.495,35.213,-14.981,19.611,43.000,40.306,371789.6,371.79,34459.83,8859.83,1.100,10.139,-0.023,-0.034,-0.031,-0.081,810.347,Fuzzy
805,40.2494,709.043,118.557,396.477,35.271,-14.937,19.678,43.063,40.389,371740.3,371.74,34453.74,8853.74,1.100,10.139,-0.026,-0.041,-0.030,-0.079,812.364,Fuzzy
806,40.2994,710.808,117.812,397.463,35.329,-14.893,19.744,43.125,40.472,371689.8,371.69,34447.64,8847.65,1.100,10.139,-0.029,-0.048,-0.030,-0.076,814.386,Fuzzy
807,40.3494,712.576,117.068,398.452,35.387,-14.849,19.811,43.188,40.555,371638.3,371.64,34441.55,8841.55,1.100,10.140,-0.031,-0.055,-0.030,-0.073,816.411,Fuzzy
808,40.3994,714.346,116.327,399.444,35.445,-14.805,19.878,43.251,40.638,371585.9,371.59,34435.46,8835.46,1.100,10.141,-0.033,-0.061,-0.030,-0.070,818.441,Fuzzy
809,40.4494,716.120,115.588,400.439,35.503,-14.761,19.944,43.314,40.721,371532.7,371.53,34429.36,8829.36,1.100,10.142,-0.036,-0.067,-0.030,-0.067,820.475,Fuzzy
810,40.4995,717.897,114.851,401.438,35.561,-14.717,20.011,43.377,40.804,371478.9,371.48,34423.27,8823.27,1.100,10.143,-0.038,-0.072,-0.029,-0.064,822.513,Fuzzy
811,40.5495,719.676,114.116,402.440,35.619,-14.673,20.077,43.441,40.887,371424.5,371.42,34417.18,8817.18,1.101,10.144,-0.040,-0.077,-0.029,-0.061,824.556,Fuzzy
812,40.5995,721.459,113.383,403.446,35.677,-14.629,20.144,43.504,40.971,371369.7,371.37,34411.09,8811.09,1.101,10.145,-0.042,-0.081,-0.029,-0.058,826.602,Fuzzy
813,40.6495,723.244,112.653,404.455,35.735,-14.585,20.210,43.568,41.054,371314.4,371.31,34405.01,8805.01,1.101,10.147,-0.044,-0.085,-0.029,-0.055,828.653,Fuzzy
814,40.6995,725.032,111.925,405.467,35.793,-14.541,20.276,43.631,41.137,371259.0,371.26,34398.92,8798.92,1.101,10.148,-0.046,-0.089,-0.029,-0.053,830.708,Fuzzy
815,40.7495,726.823,111.199,406.482,35.851,-14.496,20.343,43.695,41.221,371203.2,371.20,34392.84,8792.84,1.101,10.149,-0.048,-0.092,-0.028,-0.050,832.766,Fuzzy
816,40.7995,728.617,110.475,407.501,35.909,-14.452,20.409,43.759,41.304,371147.3,371.15,34386.75,8786.75,1.101,10.151,-0.050,-0.095,-0.028,-0.047,834.830,Fuzzy
817,40.8495,730.414,109.754,408.523,35.968,-14.408,20.475,43.824,41.387,371091.3,371.09,34380.67,8780.67,1.101,10.152,-0.052,-0.097,-0.028,-0.044,836.897,Fuzzy
818,40.8995,732.214,109.034,409.549,36.026,-14.364,20.541,43.888,41.471,371035.4,371.04,34374.59,8774.59,1.101,10.154,-0.053,-0.099,-0.028,-0.042,838.968,Fuzzy
819,40.9495,734.017,108.317,410.577,36.084,-14.320,20.607,43.952,41.554,370979.4,370.98,34368.50,8768.50,1.101,10.155,-0.055,-0.101,-0.027,-0.039,841.044,Fuzzy
820,40.9996,735.822,107.602,411.609,36.143,-14.276,20.674,44.017,41.638,370923.4,370.92,34362.42,8762.42,1.101,10.157,-0.056,-0.103,-0.027,-0.037,843.123,Fuzzy
821,41.0496,737.631,106.890,412.645,36.201,-14.231,20.740,44.082,41.721,370887.8,370.89,34356.34,8756.33,1.101,10.158,-0.058,-0.104,-0.027,-0.034,845.207,Fuzzy
822,41.0996,739.443,106.179,413.683,36.260,-14.187,20.806,44.147,41.805,370894.4,370.89,34350.25,8750.25,1.101,10.160,-0.059,-0.105,-0.026,-0.032,847.295,Fuzzy
823,41.1496,741.257,105.471,414.725,36.318,-14.143,20.872,44.212,41.888,370900.4,370.90,34344.16,8744.17,1.101,10.161,-0.060,-0.105,-0.026,-0.030,849.388,Fuzzy
824,41.1996,743.074,104.765,415.771,36.377,-14.098,20.937,44.277,41.972,370905.6,370.91,34338.08,8738.08,1.101,10.163,-0.061,-0.106,-0.025,-0.028,851.484,Fuzzy
825,41.2496,744.895,104.061,416.819,36.436,-14.054,21.003,44.342,42.056,370909.8,370.91,34332.00,8732.00,1.102,10.164,-0.063,-0.106,-0.025,-0.026,853.584,Fuzzy
826,41.2996,746.718,103.360,417.871,36.494,-14.009,21.069,44.407,42.140,370913.7,370.91,34325.91,8725.91,1.102,10.166,-0.064,-0.106,-0.024,-0.023,855.689,Fuzzy
827,41.3496,748.544,102.660,418.926,36.553,-13.965,21.135,44.473,42.224,370916.6,370.92,34319.83,8719.83,1.102,10.167,-0.064,-0.105,-0.024,-0.021,857.798,Fuzzy
828,41.3996,750.373,101.963,419.984,36.612,-13.920,21.201,44.538,42.307,370919.2,370.92,34313.75,8713.75,1.102,10.168,-0.065,-0.105,-0.023,-0.020,859.911,Fuzzy
829,41.4497,752.205,101.268,421.046,36.671,-13.875,21.266,44.604,42.391,370921.0,370.92,34307.66,8707.66,1.103,10.169,-0.066,-0.104,-0.023,-0.018,862.028,Fuzzy
830,41.4997,754.040,100.576,422.111,36.730,-13.830,21.332,44.670,42.475,370922.4,370.92,34301.58,8701.58,1.103,10.171,-0.067,-0.103,-0.022,-0.016,864.150,Fuzzy
831,41.5497,755.878,99.885,423.179,36.789,-13.784,21.398,44.736,42.559,379663.7,379.66,34295.48,8695.48,1.129,10.172,-0.067,-0.102,-0.021,-0.014,866.275,Fuzzy
832,41.5997,757.719,99.198,424.251,36.850,-13.726,21.465,44.800,42.646,379509.2,379.51,34289.26,8689.26,1.129,10.173,-0.068,-0.101,-0.021,-0.013,868.405,Fuzzy
833,41.6497,759.563,98.513,425.326,36.910,-13.669,21.532,44.865,42.732,379356.1,379.36,34283.04,8683.04,1.128,10.174,-0.068,-0.100,-0.020,-0.011,870.539,Fuzzy
834,41.6997,761.410,97.831,426.404,36.971,-13.611,21.599,44.929,42.818,379204.1,379.20,34276.82,8676.82,1.128,10.175,-0.069,-0.098,-0.019,-0.010,872.677,Fuzzy
835,41.7497,763.260,97.152,427.486,37.032,-13.554,21.666,44.994,42.904,379053.4,379.05,34270.61,8670.60,1.128,10.176,-0.069,-0.097,-0.018,-0.008,874.820,Fuzzy
836,41.7997,765.113,96.475,428.571,37.092,-13.497,21.733,45.059,42.990,378903.9,378.90,34264.39,8664.39,1.128,10.177,-0.069,-0.095,-0.018,-0.007,876.967,Fuzzy
837,41.8497,766.969,95.802,429.659,37.153,-13.440,21.800,45.124,43.076,378755.7,378.76,34258.18,8658.18,1.127,10.177,-0.069,-0.093,-0.017,-0.006,879.118,Fuzzy
838,41.8998,768.828,95.131,430.751,37.214,-13.383,21.866,45.190,43.162,378608.3,378.61,34251.97,8651.97,1.127,10.178,-0.069,-0.092,-0.016,-0.005,881.274,Fuzzy
839,41.9498,770.691,94.464,431.846,37.274,-13.327,21.933,45.255,43.249,378462.4,378.46,34245.77,8645.77,1.127,10.179,-0.069,-0.090,-0.015,-0.004,883.433,Fuzzy
840,41.9998,772.556,93.799,432.944,37.335,-13.270,22.000,45.321,43.335,378317.4,378.32,34239.57,8639.57,1.127,10.179,-0.069,-0.088,-0.014,-0.003,885.597,Fuzzy
841,42.0498,774.424,93.137,434.045,37.396,-13.213,22.066,45.387,43.421,378173.7,378.17,34233.37,8633.37,1.127,10.180,-0.069,-0.086,-0.013,-0.002,887.766,Fuzzy
842,42.0998,776.295,92.477,435.150,37.457,-13.157,22.132,45.453,43.507,378030.9,378.03,34227.16,8627.16,1.126,10.181,-0.068,-0.084,-0.012,-0.001,889.938,Fuzzy
843,42.1498,778.170,91.821,436.259,37.517,-13.101,22.199,45.519,43.593,377889.3,377.89,34220.97,8620.97,1.126,10.181,-0.068,-0.082,-0.011,0.000,892.115,Fuzzy
844,42.1998,780.047,91.167,437.370,37.578,-13.045,22.265,45.585,43.679,377748.7,377.75,34214.78,8614.78,1.126,10.181,-0.067,-0.079,-0.010,0.001,894.297,Fuzzy
845,42.2498,781.928,90.516,438.485,37.639,-12.989,22.331,45.652,43.765,377609.0,377.61,34208.59,8608.59,1.126,10.182,-0.067,-0.077,-0.009,0.001,896.482,Fuzzy
846,42.2998,783.811,89.868,439.603,37.700,-12.933,22.397,45.718,43.851,377470.4,377.47,34202.39,8602.39,1.125,10.182,-0.066,-0.075,-0.009,0.002,898.672,Fuzzy
847,42.3498,785.698,89.223,440.725,37.761,-12.877,22.463,45.785,43.937,377332.8,377.33,34196.20,8596.21,1.125,10.182,-0.065,-0.073,-0.008,0.003,900.866,Fuzzy
848,42.3999,787.588,88.581,441.850,37.821,-12.821,22.529,45.852,44.023,377195.8,377.20,34190.02,8590.02,1.125,10.182,-0.064,-0.071,-0.007,0.003,903.064,Fuzzy
849,42.4499,789.480,87.941,442.978,37.882,-12.766,22.595,45.919,44.109,377059.8,377.06,34183.84,8583.84,1.125,10.183,-0.063,-0.068,-0.006,0.004,905.267,Fuzzy
850,42.4999,791.376,87.304,444.109,37.943,-12.710,22.661,45.986,44.195,376924.8,376.92,34177.66,8577.66,1.125,10.183,-0.062,-0.066,-0.005,0.004,907.474,Fuzzy
851,42.5499,793.275,86.670,445.244,38.004,-12.655,22.726,46.053,44.281,376790.4,376.79,34171.48,8571.48,1.124,10.183,-0.061,-0.064,-0.004,0.005,909.685,Fuzzy
852,42.5999,795.177,86.039,446.382,38.064,-12.600,22.792,46.121,44.366,376656.8,376.66,34165.30,8565.31,1.124,10.183,-0.060,-0.062,-0.003,0.005,911.900,Fuzzy
853,42.6499,797.081,85.410,447.523,38.125,-12.545,22.858,46.188,44.452,376523.9,376.52,34159.13,8559.13,1.124,10.183,-0.058,-0.060,-0.002,0.005,914.120,Fuzzy
854,42.6999,798.989,84.784,448.668,38.186,-12.490,22.923,46.256,44.538,376391.8,376.39,34152.96,8552.96,1.124,10.183,-0.057,-0.058,-0.001,0.006,916.344,Fuzzy
855,42.7499,800.899,84.161,449.815,38.247,-12.435,22.988,46.324,44.624,376260.3,376.26,34146.79,8546.79,1.124,10.183,-0.056,-0.055,0.000,0.006,918.572,Fuzzy
856,42.7999,802.813,83.541,450.966,38.307,-12.380,23.054,46.392,44.709,376129.3,376.13,34140.62,8540.62,1.123,10.183,-0.054,-0.053,0.001,0.006,920.804,Fuzzy
857,42.8500,804.730,82.923,452.121,38.368,-12.325,23.119,46.460,44.795,375999.1,376.00,34134.46,8534.46,1.123,10.183,-0.053,-0.051,0.002,0.006,923.040,Fuzzy
858,42.9000,806.650,82.308,453.278,38.429,-12.270,23.184,46.528,44.881,375869.3,375.87,34128.30,8528.30,1.123,10.183,-0.051,-0.049,0.003,0.007,925.281,Fuzzy
859,42.9500,808.573,81.696,454.439,38.490,-12.216,23.249,46.596,44.966,375740.2,375.74,34122.14,8522.14,1.123,10.183,-0.049,-0.047,0.004,0.007,927.526,Fuzzy
860,43.0000,810.499,81.087,455.603,38.550,-12.161,23.314,46.664,45.052,375611.5,375.61,34115.97,8515.97,1.123,10.183,-0.048,-0.045,0.004,0.007,929.776,Fuzzy
861,43.0500,812.428,80.480,456.771,38.611,-12.107,23.379,46.733,45.138,375483.4,375.48,34109.82,8509.82,1.123,10.182,-0.046,-0.043,0.005,0.007,932.029,Fuzzy
862,43.1000,814.360,79.876,457.941,38.671,-12.055,23.444,46.802,45.223,366801.4,366.80,34103.70,8503.69,1.097,10.182,-0.044,-0.042,0.006,0.007,934.287,Fuzzy
863,43.1500,816.295,79.274,459.115,38.730,-12.013,23.507,46.872,45.306,366828.1,366.83,34097.68,8497.68,1.097,10.182,-0.042,-0.040,0.007,0.007,936.549,Fuzzy
864,43.2000,818.233,78.675,460.292,38.789,-11.971,23.571,46.941,45.389,366853.3,366.85,34091.66,8491.66,1.097,10.182,-0.040,-0.038,0.007,0.007,938.815,Fuzzy
865,43.2500,820.174,78.077,461.472,38.848,-11.929,23.634,47.011,45.473,366876.8,366.88,34085.65,8485.65,1.098,10.182,-0.039,-0.036,0.008,0.007,941.085,Fuzzy
866,43.3001,822.118,77.482,462.655,38.908,-11.886,23.697,47.081,45.556,366898.7,366.90,34079.63,8479.63,1.098,10.182,-0.037,-0.034,0.009,0.007,943.360,Fuzzy
867,43.3501,824.065,76.888,463.842,38.967,-11.844,23.760,47.151,45.639,366918.9,366.92,34073.62,8473.62,1.098,10.182,-0.035,-0.033,0.009,0.007,945.638,Fuzzy
868,43.4001,826.014,76.297,465.031,39.026,-11.801,23.823,47.221,45.723,366937.7,366.94,34067.60,8467.60,1.098,10.182,-0.033,-0.031,0.010,0.007,947.921,Fuzzy
869,43.4501,827.967,75.708,466.224,39.085,-11.758,23.886,47.291,45.806,366954.6,366.95,34061.59,8461.59,1.099,10.182,-0.031,-0.030,0.011,0.007,950.208,Fuzzy
870,43.5001,829.923,75.121,467.420,39.144,-11.716,23.949,47.361,45.889,366970.2,366.97,34055.57,8455.57,1.099,10.182,-0.029,-0.028,0.011,0.007,952.498,Fuzzy
871,43.5501,831.882,74.537,468.619,39.203,-11.673,24.012,47.431,45.973,366984.1,366.98,34049.55,8449.55,1.099,10.182,-0.027,-0.027,0.012,0.007,954.793,Fuzzy
872,43.6001,833.843,73.954,469.821,39.262,-11.630,24.075,47.501,46.056,366996.5,367.00,34043.54,8443.54,1.099,10.182,-0.025,-0.025,0.012,0.007,957.093,Fuzzy
873,43.6501,835.808,73.374,471.027,39.321,-11.587,24.138,47.572,46.139,367007.4,367.01,34037.52,8437.52,1.100,10.182,-0.023,-0.024,0.013,0.007,959.396,Fuzzy
874,43.7001,837.775,72.796,472.235,39.380,-11.543,24.201,47.642,46.222,367016.7,367.02,34031.51,8431.51,1.100,10.182,-0.021,-0.022,0.013,0.007,961.703,Fuzzy
875,43.7501,839.746,72.219,473.447,39.439,-11.500,24.264,47.712,46.306,367024.5,367.02,34025.49,8425.49,1.100,10.182,-0.019,-0.021,0.013,0.007,964.015,Fuzzy
876,43.8002,841.719,71.646,474.661,39.498,-11.456,24.327,47.783,46.389,367030.9,367.03,34019.48,8419.48,1.100,10.182,-0.017,-0.020,0.014,0.007,966.331,Fuzzy
877,43.8502,843.696,71.074,475.879,39.558,-11.413,24.390,47.853,46.472,367035.9,367.04,34013.46,8413.46,1.100,10.182,-0.015,-0.018,0.014,0.007,968.650,Fuzzy
878,43.9002,845.675,70.504,477.101,39.617,-11.369,24.453,47.924,46.556,367039.3,367.04,34007.45,8407.44,1.101,10.182,-0.013,-0.017,0.014,0.007,970.974,Fuzzy
879,43.9502,847.657,69.937,478.325,39.676,-11.326,24.516,47.994,46.639,367041.3,367.04,34001.43,8401.43,1.101,10.182,-0.011,-0.016,0.014,0.007,973.302,Fuzzy
880,44.0002,849.643,69.372,479.552,39.735,-11.282,24.579,48.065,46.722,367042.1,367.04,33995.41,8395.41,1.101,10.183,-0.010,-0.015,0.014,0.007,975.634,Fuzzy
881,44.0502,851.631,68.809,480.783,39.794,-11.238,24.642,48.136,46.805,367041.4,367.04,33989.40,8389.40,1.101,10.183,-0.008,-0.014,0.015,0.007,977.971,Fuzzy
882,44.1002,853.622,68.248,482.016,39.853,-11.194,24.704,48.206,46.889,367039.3,367.04,33983.38,8383.38,1.101,10.183,-0.006,-0.013,0.015,0.007,980.311,Fuzzy
883,44.1502,855.616,67.689,483.253,39.912,-11.150,24.767,48.277,46.972,367036.0,367.04,33977.37,8377.37,1.102,10.183,-0.004,-0.012,0.015,0.007,982.656,Fuzzy
884,44.2002,857.613,67.133,484.493,39.971,-11.106,24.830,48.348,47.055,367031.4,367.03,33971.35,8371.35,1.102,10.183,-0.003,-0.011,0.015,0.007,985.004,Fuzzy
885,44.2503,859.613,66.579,485.736,40.030,-11.061,24.893,48.419,47.138,367025.3,367.03,33965.34,8365.34,1.102,10.184,-0.001,-0.010,0.015,0.007,987.357,Fuzzy
886,44.3003,861.616,66.027,486.982,40.089,-11.017,24.955,48.490,47.221,367018.2,367.02,33959.32,8359.32,1.102,10.184,0.001,-0.009,0.015,0.007,989.714,Fuzzy
887,44.3503,863.622,65.477,488.231,40.148,-10.973,25.018,48.561,47.305,367009.8,367.01,33953.30,8353.30,1.102,10.184,0.002,-0.008,0.014,0.007,992.075,Fuzzy
888,44.4003,865.631,64.930,489.484,40.206,-10.928,25.081,48.632,47.388,367000.3,367.00,33947.29,8347.29,1.102,10.185,0.004,-0.007,0.013,0.007,994.440,Fuzzy
889,44.4503,867.643,64.384,490.740,40.265,-10.884,25.143,48.703,47.471,366989.6,366.99,33941.27,8341.27,1.103,10.185,0.005,-0.006,0.013,0.007,996.809,Fuzzy
890,44.5003,869.657,63.841,491.998,40.324,-10.839,25.206,48.774,47.554,366977.7,366.98,33935.26,8335.26,1.103,10.185,0.006,-0.005,0.012,0.007,999.183,Fuzzy
891,44.5503,871.675,63.300,493.260,40.383,-10.794,25.269,48.845,47.637,366964.7,366.96,33929.24,8329.24,1.103,10.186,0.007,-0.004,0.012,0.007,1001.560,Fuzzy
892,44.6003,873.696,62.762,494.525,40.442,-10.749,25.331,48.916,47.720,366950.7,366.95,33923.23,8323.23,1.103,10.186,0.008,-0.003,0.011,0.006,1003.942,Fuzzy
893,44.6503,875.719,62.225,495.793,40.501,-10.705,25.394,48.987,47.803,366935.6,366.94,33917.21,8317.21,1.103,10.187,0.009,-0.003,0.011,0.006,1006.328,Fuzzy
894,44.7003,877.746,61.691,497.065,40.560,-10.660,25.457,49.059,47.887,366919.6,366.92,33911.20,8311.19,1.103,10.187,0.010,-0.002,0.010,0.006,1008.717,Fuzzy
895,44.7504,879.775,61.160,498.339,40.618,-10.615,25.519,49.130,47.970,366902.8,366.90,33905.18,8305.18,1.104,10.188,0.011,-0.001,0.010,0.006,1011.111,Fuzzy
896,44.8004,881.808,60.630,499.617,40.677,-10.570,25.582,49.201,48.053,366884.9,366.88,33899.16,8299.16,1.104,10.188,0.012,0.000,0.009,0.006,1013.509,Fuzzy
897,44.8504,883.843,60.103,500.897,40.736,-10.525,25.645,49.273,48.136,366866.2,366.87,33893.15,8293.15,1.104,10.188,0.012,0.000,0.009,0.006,1015.912,Fuzzy
898,44.9004,885.881,59.577,502.181,40.795,-10.480,25.707,49.344,48.219,366846.5,366.85,33887.13,8287.13,1.104,10.189,0.013,0.001,0.008,0.006,1018.318,Fuzzy
899,44.9504,887.922,59.055,503.468,40.853,-10.434,25.770,49.416,48.302,366826.0,366.83,33881.12,8281.12,1.104,10.189,0.013,0.002,0.008,0.007,1020.728,Fuzzy
900,45.0004,889.966,58.534,504.758,40.912,-10.389,25.832,49.488,48.385,366804.7,366.80,33875.10,8275.10,1.104,10.190,0.014,0.002,0.007,0.007,1023.143,Fuzzy
901,45.0504,892.014,58.016,506.051,40.970,-10.344,25.895,49.559,48.468,366782.6,366.78,33869.09,8269.09,1.104,10.190,0.014,0.003,0.007,0.007,1025.561,Fuzzy
902,45.1004,894.064,57.500,507.347,41.029,-10.299,25.958,49.631,48.551,366760.0,366.76,33863.07,8263.07,1.104,10.191,0.014,0.004,0.006,0.007,1027.984,Fuzzy
903,45.1504,896.117,56.986,508.647,41.088,-10.253,26.020,49.703,48.634,366736.4,366.74,33857.05,8257.05,1.105,10.191,0.015,0.004,0.006,0.007,1030.411,Fuzzy
904,45.2005,898.172,56.474,509.950,41.146,-10.208,26.083,49.775,48.717,366712.1,366.71,33851.04,8251.04,1.105,10.191,0.015,0.005,0.005,0.007,1032.842,Fuzzy
905,45.2505,900.231,55.965,511.255,41.205,-10.162,26.145,49.847,48.800,366687.3,366.69,33845.02,8245.02,1.105,10.192,0.015,0.006,0.005,0.007,1035.277,Fuzzy
906,45.3005,902.293,55.458,512.564,41.263,-10.117,26.208,49.919,48.883,366661.7,366.66,33839.01,8239.01,1.105,10.192,0.015,0.006,0.005,0.007,1037.716,Fuzzy
907,45.3505,904.357,54.953,513.876,41.322,-10.071,26.270,49.990,48.966,366635.4,366.64,33832.99,8232.99,1.105,10.192,0.015,0.007,0.004,0.007,1040.159,Fuzzy
908,45.4005,906.425,54.451,515.191,41.380,-10.025,26.333,50.062,49.048,366608.4,366.61,33826.99,8226.99,1.105,10.193,0.015,0.007,0.004,0.007,1042.606,Fuzzy
909,45.4505,908.495,53.951,516.509,41.439,-9.980,26.396,50.135,49.131,366581.1,366.58,33820.98,8220.98,1.105,10.193,0.015,0.008,0.004,0.007,1045.058,Fuzzy
910,45.5005,910.569,53.453,517.831,41.497,-9.934,26.458,50.207,49.214,366553.0,366.55,33814.98,8214.98,1.105,10.193,0.015,0.008,0.003,0.007,1047.513,Fuzzy
911,45.5505,912.645,52.957,519.155,41.555,-9.888,26.521,50.279,49.297,366524.4,366.52,33808.97,8208.97,1.105,10.193,0.015,0.009,0.003,0.007,1049.973,Fuzzy
912,45.6005,914.724,52.464,520.483,41.614,-9.842,26.583,50.351,49.380,366495.1,366.50,33802.96,8202.96,1.106,10.194,0.015,0.010,0.003,0.007,1052.437,Fuzzy
913,45.6506,916.807,51.973,521.813,41.672,-9.796,26.645,50.423,49.462,366465.2,366.47,33796.96,8196.96,1.106,10.194,0.015,0.010,0.003,0.007,1054.904,Fuzzy
914,45.7006,918.891,51.485,523.147,41.730,-9.750,26.708,50.495,49.545,366434.6,366.43,33790.95,8190.95,1.106,10.194,0.015,0.011,0.002,0.007,1057.376,Fuzzy
915,45.7506,920.979,50.998,524.484,41.788,-9.704,26.770,50.568,49.628,366403.6,366.40,33784.95,8184.95,1.106,10.194,0.015,0.011,0.002,0.007,1059.852,Fuzzy
916,45.8006,923.070,50.514,525.824,41.847,-9.658,26.833,50.640,49.711,366372.0,366.37,33778.94,8178.94,1.106,10.194,0.015,0.011,0.002,0.007,1062.332,Fuzzy
917,45.8506,925.164,50.032,527.167,41.905,-9.612,26.895,50.713,49.793,366339.8,366.34,33772.93,8172.94,1.106,10.194,0.014,0.012,0.002,0.007,1064.816,Fuzzy
918,45.9006,927.261,49.553,528.514,41.963,-9.566,26.958,50.785,49.876,366307.1,366.31,33766.93,8166.93,1.106,10.194,0.014,0.012,0.001,0.006,1067.305,Fuzzy
919,45.9506,929.360,49.076,529.863,42.021,-9.520,27.020,50.857,49.958,366273.8,366.27,33760.92,8160.92,1.106,10.194,0.014,0.013,0.001,0.006,1069.797,Fuzzy
920,46.0006,931.463,48.601,531.216,42.079,-9.474,27.082,50.930,50.041,366239.8,366.24,33754.92,8154.92,1.106,10.194,0.014,0.013,0.001,0.006,1072.293,Fuzzy
921,46.0506,933.568,48.128,532.571,42.137,-9.428,27.145,51.003,50.124,366205.5,366.21,33748.91,8148.91,1.106,10.194,0.014,0.013,0.001,0.006,1074.794,Fuzzy
922,46.1006,935.677,47.658,533.930,42.195,-9.382,27.207,51.075,50.206,366170.6,366.17,33742.91,8142.91,1.107,10.194,0.013,0.013,0.001,0.006,1077.298,Fuzzy
923,46.1507,937.788,47.190,535.292,42.253,-9.335,27.270,51.148,50.289,366135.0,366.14,33736.91,8136.91,1.107,10.194,0.013,0.014,0.001,0.005,1079.807,Fuzzy
924,46.2007,939.902,46.725,536.657,42.311,-9.289,27.332,51.220,50.371,366099.1,366.10,33730.91,8130.91,1.107,10.194,0.013,0.014,0.001,0.005,1082.320,Fuzzy
925,46.2507,942.019,46.261,538.025,42.369,-9.243,27.394,51.293,50.453,366062.5,366.06,33724.91,8124.91,1.107,10.194,0.012,0.014,0.000,0.005,1084.837,Fuzzy
926,46.3007,944.139,45.800,539.397,42.427,-9.196,27.456,51.366,50.536,366025.5,366.03,33718.91,8118.91,1.107,10.194,0.012,0.014,0.000,0.005,1087.358,Fuzzy
927,46.3507,946.262,45.342,540.771,42.484,-9.150,27.519,51.439,50.618,365987.8,365.99,33712.90,8112.90,1.107,10.194,0.012,0.014,0.000,0.005,1089.883,Fuzzy
928,46.4007,948.387,44.885,542.149,42.542,-9.103,27.581,51.511,50.701,365949.7,365.95,33706.90,8106.90,1.107,10.194,0.012,0.014,0.000,0.004,1092.412,Fuzzy
929,46.4507,950.516,44.431,543.529,42.600,-9.057,27.643,51.584,50.783,365910.9,365.91,33700.90,8100.90,1.107,10.194,0.011,0.015,0.000,0.004,1094.945,Fuzzy
930,46.5007,952.647,43.980,544.913,42.658,-9.010,27.705,51.657,50.865,365871.7,365.87,33694.90,8094.90,1.107,10.194,0.011,0.015,0.000,0.004,1097.482,Fuzzy
931,46.5507,954.782,43.530,546.300,42.715,-8.964,27.768,51.730,50.947,365831.9,365.83,33688.91,8088.91,1.107,10.194,0.011,0.015,0.000,0.003,1100.023,Fuzzy
932,46.6008,956.919,43.083,547.690,42.773,-8.917,27.830,51.803,51.029,365791.6,365.79,33682.91,8082.91,1.107,10.194,0.010,0.015,0.000,0.003,1102.568,Fuzzy
933,46.6508,959.059,42.638,549.083,42.830,-8.871,27.892,51.876,51.112,365750.7,365.75,33676.91,8076.92,1.107,10.193,0.010,0.015,0.000,0.003,1105.118,Fuzzy
934,46.7008,961.202,42.196,550.479,42.888,-8.824,27.954,51.949,51.194,365709.3,365.71,33670.92,8070.92,1.108,10.193,0.010,0.014,0.000,0.003,1107.671,Fuzzy
935,46.7508,963.348,41.756,551.878,42.945,-8.778,28.016,52.022,51.276,365667.3,365.67,33664.92,8064.92,1.108,10.193,0.010,0.014,0.000,0.002,1110.229,Fuzzy
936,46.8008,965.496,41.318,553.280,43.003,-8.731,28.078,52.095,51.358,365624.8,365.62,33658.93,8058.93,1.108,10.193,0.009,0.014,0.000,0.002,1112.790,Fuzzy
937,46.8508,967.648,40.883,554.686,43.060,-8.684,28.140,52.168,51.440,365581.7,365.58,33652.93,8052.93,1.108,10.193,0.009,0.014,0.000,0.002,1115.356,Fuzzy
938,46.9008,969.802,40.450,556.094,43.118,-8.637,28.202,52.241,51.522,365538.2,365.54,33646.94,8046.94,1.108,10.193,0.009,0.014,0.000,0.002,1117.925,Fuzzy
939,46.9508,971.960,40.019,557.506,43.175,-8.591,28.264,52.314,51.604,365494.1,365.49,33640.95,8040.95,1.108,10.193,0.009,0.014,0.000,0.001,1120.499,Fuzzy
940,47.0008,974.120,39.591,558.921,43.232,-8.544,28.326,52.387,51.686,365449.5,365.45,33634.96,8034.96,1.108,10.192,0.008,0.013,0.000,0.001,1123.077,Fuzzy
941,47.0509,976.283,39.165,560.339,43.289,-8.497,28.388,52.460,51.768,365404.2,365.40,33628.97,8028.97,1.108,10.192,0.008,0.013,0.000,0.001,1125.659,Fuzzy
942,47.1009,978.449,38.741,561.760,43.347,-8.450,28.450,52.533,51.849,365358.5,365.36,33622.98,8022.98,1.108,10.192,0.008,0.013,0.000,0.001,1128.245,Fuzzy
943,47.1509,980.617,38.320,563.184,43.404,-8.404,28.512,52.607,51.931,365312.2,365.31,33616.98,8016.99,1.108,10.192,0.008,0.013,0.000,0.000,1130.834,Fuzzy
944,47.2009,982.789,37.901,564.611,43.461,-8.357,28.574,52.680,52.013,365265.3,365.27,33611.00,8011.00,1.108,10.192,0.007,0.012,0.000,0.000,1133.428,Fuzzy
945,47.2509,984.963,37.484,566.041,43.518,-8.310,28.636,52.753,52.095,365218.0,365.22,33605.01,8005.01,1.108,10.192,0.007,0.012,0.000,0.000,1136.026,Fuzzy
946,47.3009,987.141,37.070,567.475,43.575,-8.263,28.698,52.826,52.176,365170.2,365.17,33599.03,7999.03,1.108,10.191,0.007,0.012,0.000,-0.001,1138.628,Fuzzy
947,47.3509,989.321,36.658,568.911,43.632,-8.216,28.760,52.900,52.258,365121.7,365.12,33593.04,7993.04,1.108,10.191,0.007,0.011,0.000,-0.001,1141.234,Fuzzy
948,47.4009,991.504,36.248,570.351,43.689,-8.169,28.822,52.973,52.339,365072.7,365.07,33587.05,7987.05,1.108,10.191,0.007,0.011,0.000,-0.001,1143.844,Fuzzy
949,47.4509,993.690,35.841,571.793,43.746,-8.122,28.884,53.047,52.421,365023.3,365.02,33581.07,7981.07,1.108,10.191,0.006,0.010,0.000,-0.001,1146.458,Fuzzy
950,47.5009,995.879,35.436,573.239,43.803,-8.075,28.945,53.120,52.503,364973.2,364.97,33575.08,7975.08,1.108,10.191,0.006,0.010,0.000,-0.001,1149.076,Fuzzy
951,47.5510,998.070,35.033,574.687,43.860,-8.028,29.007,53.193,52.584,364922.8,364.92,33569.10,7969.10,1.109,10.191,0.006,0.010,0.000,-0.002,1151.698,Fuzzy
952,47.6010,1000.264,34.633,576.140,43.916,-7.981,29.069,53.267,52.665,364871.8,364.87,33563.12,7963.12,1.109,10.191,0.006,0.009,0.000,-0.002,1154.325,Fuzzy
953,47.6510,1002.462,34.235,577.595,43.973,-7.934,29.130,53.340,52.747,364820.2,364.82,33557.14,7957.14,1.109,10.190,0.006,0.009,0.000,-0.002,1156.955,Fuzzy
954,47.7010,1004.662,33.840,579.053,44.030,-7.887,29.192,53.414,52.828,364768.1,364.77,33551.16,7951.16,1.109,10.190,0.006,0.008,0.000,-0.002,1159.589,Fuzzy
955,47.7510,1006.865,33.446,580.514,44.087,-7.840,29.254,53.487,52.909,364715.6,364.72,33545.18,7945.18,1.109,10.190,0.005,0.008,0.000,-0.002,1162.227,Fuzzy
956,47.8010,1009.070,33.056,581.978,44.143,-7.793,29.315,53.561,52.991,364662.5,364.66,33539.20,7939.20,1.109,10.190,0.005,0.007,0.000,-0.002,1164.870,Fuzzy
957,47.8510,1011.279,32.667,583.445,44.200,-7.746,29.377,53.634,53.072,364609.0,364.61,33533.22,7933.22,1.109,10.190,0.005,0.007,0.000,-0.003,1167.516,Fuzzy
958,47.9010,1013.490,32.281,584.916,44.256,-7.699,29.439,53.708,53.153,364555.0,364.56,33527.25,7927.25,1.109,10.190,0.005,0.006,0.000,-0.003,1170.166,Fuzzy
959,47.9510,1015.705,31.897,586.389,44.313,-7.652,29.500,53.782,53.234,364500.6,364.50,33521.27,7921.27,1.109,10.190,0.005,0.006,0.000,-0.003,1172.821,Fuzzy
960,48.0011,1017.922,31.516,587.866,44.369,-7.605,29.562,53.855,53.315,364445.6,364.45,33515.29,7915.29,1.109,10.190,0.005,0.005,0.000,-0.003,1175.479,Fuzzy
961,48.0511,1020.142,31.137,589.345,44.426,-7.558,29.623,53.929,53.397,364390.3,364.39,33509.32,7909.32,1.109,10.190,0.004,0.005,0.000,-0.003,1178.141,Fuzzy
962,48.1011,1022.364,30.760,590.828,44.482,-7.511,29.685,54.003,53.478,364334.3,364.33,33503.34,7903.35,1.109,10.190,0.004,0.004,0.000,-0.003,1180.807,Fuzzy
963,48.1511,1024.590,30.386,592.314,44.539,-7.464,29.746,54.076,53.559,364278.0,364.28,33497.38,7897.37,1.109,10.190,0.004,0.004,0.000,-0.003,1183.478,Fuzzy
964,48.2011,1026.818,30.013,593.803,44.595,-7.417,29.807,54.150,53.640,364221.3,364.22,33491.40,7891.40,1.109,10.190,0.004,0.004,0.000,-0.003,1186.152,Fuzzy
965,48.2511,1029.049,29.644,595.295,44.651,-7.370,29.869,54.224,53.720,364164.0,364.16,33485.43,7885.43,1.109,10.190,0.004,0.003,0.000,-0.003,1188.831,Fuzzy
966,48.3011,1031.283,29.276,596.790,44.708,-7.323,29.930,54.297,53.801,364106.3,364.11,33479.46,7879.46,1.109,10.190,0.004,0.003,0.000,-0.003,1191.513,Fuzzy
967,48.3511,1033.520,28.911,598.288,44.764,-7.276,29.992,54.371,53.882,364048.3,364.05,33473.49,7873.49,1.109,10.190,0.004,0.002,0.000,-0.004,1194.199,Fuzzy
968,48.4011,1035.760,28.549,599.789,44.820,-7.229,30.053,54.445,53.963,363989.8,363.99,33467.53,7867.53,1.109,10.190,0.003,0.002,0.000,-0.004,1196.890,Fuzzy
969,48.4512,1038.002,28.189,601.293,44.876,-7.182,30.114,54.519,54.044,363930.9,363.93,33461.56,7861.56,1.109,10.190,0.003,0.001,-0.001,-0.004,1199.584,Fuzzy
970,48.5012,1040.247,27.831,602.800,44.932,-7.135,30.175,54.593,54.124,363871.6,363.87,33455.59,7855.59,1.109,10.190,0.003,0.001,-0.001,-0.004,1202.282,Fuzzy
971,48.5512,1042.495,27.475,604.311,44.988,-7.088,30.237,54.667,54.205,363812.0,363.81,33449.63,7849.63,1.109,10.190,0.003,0.001,-0.001,-0.004,1204.984,Fuzzy
972,48.6012,1044.746,27.122,605.824,45.044,-7.041,30.298,54.740,54.286,363751.9,363.75,33443.66,7843.66,1.109,10.190,0.003,0.000,-0.001,-0.004,1207.691,Fuzzy
973,48.6512,1047.000,26.771,607.341,45.100,-6.994,30.359,54.814,54.366,363691.4,363.69,33437.70,7837.70,1.109,10.191,0.003,0.000,-0.001,-0.003,1210.401,Fuzzy
974,48.7012,1049.256,26.422,608.860,45.156,-6.947,30.420,54.888,54.447,363630.6,363.63,33431.74,7831.74,1.109,10.191,0.003,-0.001,-0.001,-0.003,1213.115,Fuzzy
975,48.7512,1051.515,26.076,610.382,45.212,-6.900,30.481,54.962,54.527,363569.5,363.57,33425.78,7825.78,1.109,10.191,0.002,-0.001,-0.001,-0.003,1215.833,Fuzzy
976,48.8012,1053.777,25.732,611.908,45.268,-6.853,30.542,55.036,54.608,363508.0,363.51,33419.82,7819.82,1.109,10.191,0.002,-0.001,-0.001,-0.003,1218.556,Fuzzy
977,48.8512,1056.042,25.391,613.437,45.324,-6.806,30.603,55.110,54.688,363446.3,363.45,33413.86,7813.86,1.109,10.191,0.002,-0.002,-0.001,-0.003,1221.282,Fuzzy
978,48.9012,1058.310,25.052,614.968,45.380,-6.759,30.664,55.184,54.769,363384.2,363.38,33407.90,7807.90,1.109,10.191,0.002,-0.002,-0.001,-0.003,1224.012,Fuzzy
979,48.9513,1060.580,24.715,616.503,45.437,-6.705,30.726,55.259,54.850,369312.4,369.31,33401.87,7801.87,1.127,10.191,0.002,-0.002,-0.001,-0.003,1226.746,Fuzzy
980,49.0013,1062.853,24.381,618.041,45.493,-6.649,30.788,55.333,54.932,368903.8,368.90,33395.81,7795.81,1.126,10.191,0.002,-0.002,-0.001,-0.002,1229.484,Fuzzy
981,49.0513,1065.130,24.050,619.582,45.550,-6.594,30.850,55.408,55.014,368502.9,368.50,33389.77,7789.77,1.125,10.192,0.002,-0.002,-0.001,-0.002,1232.227,Fuzzy
982,49.1013,1067.408,23.722,621.126,45.607,-6.540,30.912,55.482,55.096,368109.5,368.11,33383.73,7783.73,1.124,10.192,0.001,-0.003,-0.001,-0.002,1234.973,Fuzzy
983,49.1513,1069.690,23.396,622.673,45.663,-6.486,30.974,55.557,55.177,367723.9,367.72,33377.70,7777.70,1.123,10.192,0.001,-0.003,-0.001,-0.002,1237.723,Fuzzy
984,49.2013,1071.975,23.073,624.223,45.720,-6.432,31.035,55.631,55.258,367345.8,367.35,33371.68,7771.68,1.122,10.192,0.001,-0.003,-0.001,-0.002,1240.478,Fuzzy
985,49.2513,1074.262,22.753,625.777,45.776,-6.379,31.097,55.706,55.340,366975.3,366.98,33365.66,7765.66,1.122,10.192,0.001,-0.003,-0.001,-0.002,1243.236,Fuzzy
986,49.3013,1076.552,22.436,627.333,45.832,-6.326,31.158,55.781,55.421,366612.3,366.61,33359.64,7759.64,1.121,10.192,0.001,-0.003,-0.001,-0.002,1245.998,Fuzzy
987,49.3513,1078.845,22.121,628.893,45.889,-6.274,31.220,55.855,55.502,366256.5,366.26,33353.64,7753.64,1.120,10.192,0.001,-0.003,-0.001,-0.002,1248.765,Fuzzy
988,49.4014,1081.141,21.808,630.455,45.945,-6.222,31.281,55.930,55.582,365908.2,365.91,33347.64,7747.64,1.119,10.193,0.001,-0.003,-0.001,-0.001,1251.535,Fuzzy
989,49.4514,1083.440,21.498,632.021,46.001,-6.171,31.342,56.004,55.663,365567.2,365.57,33341.64,7741.64,1.118,10.193,0.000,-0.003,-0.001,-0.001,1254.309,Fuzzy
990,49.5014,1085.741,21.191,633.589,46.057,-6.120,31.403,56.079,55.744,365233.3,365.23,33335.65,7735.65,1.117,10.193,0.000,-0.003,-0.001,-0.001,1257.087,Fuzzy
991,49.5514,1088.045,20.886,635.161,46.112,-6.070,31.464,56.153,55.824,364906.6,364.91,33329.66,7729.67,1.116,10.193,0.000,-0.003,-0.001,-0.001,1259.870,Fuzzy
992,49.6014,1090.352,20.584,636.736,46.168,-6.019,31.525,56.228,55.905,364587.1,364.59,33323.68,7723.69,1.116,10.193,0.000,-0.004,-0.001,-0.001,1262.656,Fuzzy
993,49.6514,1092.662,20.284,638.313,46.224,-5.970,31.586,56.302,55.985,364274.4,364.27,33317.71,7717.71,1.115,10.193,0.000,-0.004,-0.001,-0.001,1265.446,Fuzzy
994,49.7014,1094.975,19.987,639.894,46.279,-5.920,31.647,56.377,56.065,363968.7,363.97,33311.74,7711.74,1.114,10.193,0.000,-0.004,-0.001,-0.001,1268.240,Fuzzy
995,49.7514,1097.290,19.692,641.478,46.335,-5.871,31.708,56.452,56.145,363669.8,363.67,33305.78,7705.78,1.113,10.193,0.000,-0.004,-0.001,-0.001,1271.039,Fuzzy
996,49.8014,1099.608,19.400,643.065,46.390,-5.823,31.768,56.526,56.225,363377.7,363.38,33299.82,7699.82,1.113,10.194,0.000,-0.003,-0.001,-0.001,1273.841,Fuzzy
997,49.8514,1101.929,19.110,644.655,46.446,-5.774,31.829,56.601,56.305,363092.3,363.09,33293.86,7693.86,1.112,10.194,-0.001,-0.003,-0.001,-0.001,1276.647,Fuzzy
998,49.9015,1104.253,18.823,646.248,46.501,-5.726,31.889,56.675,56.385,362813.6,362.81,33287.91,7687.91,1.111,10.194,-0.001,-0.003,-0.001,0.000,1279.457,Fuzzy
999,49.9515,1106.579,18.537,647.844,46.556,-5.679,31.950,56.750,56.465,362541.3,362.54,33281.97,7681.97,1.111,10.194,-0.001,-0.003,-0.001,0.000,1282.271,Fuzzy
1000,50.0015,1108.908,18.255,649.443,46.611,-5.631,32.010,56.824,56.544,362275.5,362.28,33276.03,7676.03,1.110,10.194,-0.001,-0.003,-0.001,0.000,1285.089,Fuzzy
1001,50.0515,1111.240,17.974,651.045,46.666,-5.584,32.070,56.899,56.624,362016.1,362.02,33270.09,7670.09,1.110,10.194,-0.001,-0.003,-0.001,0.000,1287.911,Fuzzy
1002,50.1015,1113.575,17.696,652.650,46.721,-5.538,32.131,56.973,56.703,361762.9,361.76,33264.16,7664.16,1.109,10.194,-0.001,-0.003,-0.001,0.000,1290.737,Fuzzy
1003,50.1515,1115.912,17.420,654.258,46.776,-5.491,32.191,57.047,56.783,361515.9,361.52,33258.23,7658.23,1.108,10.194,-0.001,-0.003,-0.001,0.000,1293.566,Fuzzy
1004,50.2015,1118.253,17.147,655.869,46.831,-5.445,32.251,57.122,56.862,361275.1,361.28,33252.30,7652.30,1.108,10.194,-0.001,-0.003,-0.001,0.000,1296.400,Fuzzy
1005,50.2515,1120.596,16.876,657.483,46.886,-5.399,32.311,57.196,56.941,361040.3,361.04,33246.38,7646.38,1.107,10.194,-0.001,-0.003,-0.001,0.000,1299.238,Fuzzy
1006,50.3015,1122.941,16.607,659.100,46.941,-5.353,32.371,57.271,57.020,360811.3,360.81,33240.46,7640.47,1.107,10.194,-0.002,-0.003,-0.001,0.000,1302.079,Fuzzy
1007,50.3516,1125.290,16.341,660.720,46.995,-5.308,32.431,57.345,57.099,360588.3,360.59,33234.55,7634.55,1.106,10.194,-0.002,-0.003,-0.001,0.000,1304.925,Fuzzy
1008,50.4016,1127.641,16.076,662.343,47.050,-5.263,32.490,57.420,57.178,360371.1,360.37,33228.64,7628.64,1.106,10.194,-0.002,-0.003,-0.001,0.000,1307.774,Fuzzy
1009,50.4516,1129.995,15.814,663.969,47.104,-5.218,32.550,57.494,57.257,360159.4,360.16,33222.74,7622.74,1.105,10.194,-0.002,-0.003,-0.001,0.000,1310.627,Fuzzy
1010,50.5016,1132.351,15.555,665.598,47.159,-5.173,32.610,57.568,57.335,359953.3,359.95,33216.83,7616.83,1.105,10.194,-0.002,-0.003,-0.001,0.000,1313.484,Fuzzy
1011,50.5516,1134.711,15.297,667.230,47.213,-5.129,32.669,57.643,57.414,359752.8,359.75,33210.93,7610.94,1.105,10.194,-0.002,-0.003,-0.001,0.000,1316.345,Fuzzy
1012,50.6016,1137.073,15.042,668.865,47.267,-5.085,32.729,57.717,57.492,359557.7,359.56,33205.04,7605.04,1.104,10.194,-0.002,-0.002,-0.001,0.000,1319.210,Fuzzy
1013,50.6516,1139.437,14.790,670.503,47.329,-4.980,32.796,57.797,57.582,410536.2,410.54,33198.48,7598.48,1.261,10.194,-0.002,-0.002,-0.001,0.000,1322.079,Fuzzy
1014,50.7016,1141.806,14.544,672.145,47.393,-4.860,32.865,57.878,57.673,410440.3,410.44,33191.75,7591.75,1.261,10.194,-0.002,-0.002,-0.001,0.000,1324.952,Fuzzy
1015,50.7516,1144.177,14.304,673.790,47.457,-4.740,32.935,57.959,57.765,410344.7,410.34,33185.02,7585.02,1.261,10.194,-0.002,-0.002,-0.001,0.000,1327.830,Fuzzy
1016,50.8017,1146.551,14.070,675.438,47.520,-4.621,33.004,58.041,57.857,410248.8,410.25,33178.29,7578.29,1.261,10.194,-0.002,-0.002,-0.001,0.000,1330.713,Fuzzy
1017,50.8517,1148.929,13.842,677.090,47.584,-4.501,33.073,58.123,57.948,410152.9,410.15,33171.57,7571.57,1.261,10.194,-0.003,-0.002,-0.001,0.000,1333.600,Fuzzy
1018,50.9017,1151.310,13.620,678.745,47.647,-4.382,33.142,58.205,58.040,410056.7,410.06,33164.84,7564.84,1.261,10.194,-0.003,-0.002,-0.001,0.000,1336.491,Fuzzy
1019,50.9517,1153.694,13.403,680.404,47.711,-4.262,33.211,58.288,58.132,409960.2,409.96,33158.12,7558.12,1.261,10.194,-0.003,-0.002,-0.001,0.000,1339.387,Fuzzy
1020,51.0017,1156.081,13.193,682.067,47.774,-4.143,33.280,58.370,58.223,409863.2,409.86,33151.40,7551.40,1.261,10.194,-0.003,-0.002,-0.001,0.000,1342.288,Fuzzy
1021,51.0517,1158.471,12.989,683.732,47.838,-4.023,33.348,58.453,58.314,409765.9,409.77,33144.68,7544.68,1.261,10.194,-0.003,-0.002,-0.001,0.000,1345.193,Fuzzy
1022,51.1017,1160.865,12.791,685.401,47.901,-3.904,33.417,58.536,58.406,409668.0,409.67,33137.96,7537.97,1.261,10.194,-0.003,-0.002,-0.001,0.000,1348.103,Fuzzy
1023,51.1517,1163.261,12.599,687.074,47.964,-3.785,33.486,58.619,58.497,409569.5,409.57,33131.25,7531.25,1.261,10.194,-0.003,-0.002,-0.001,0.000,1351.017,Fuzzy
1024,51.2017,1165.661,12.413,688.750,48.028,-3.665,33.555,58.703,58.588,409470.2,409.47,33124.54,7524.54,1.261,10.194,-0.003,-0.002,-0.001,0.000,1353.936,Fuzzy
1025,51.2517,1168.064,12.232,690.429,48.091,-3.546,33.624,58.786,58.679,409370.0,409.37,33117.82,7517.83,1.260,10.194,-0.003,-0.002,-0.001,0.000,1356.859,Fuzzy
1026,51.3018,1170.470,12.058,692.112,48.154,-3.427,33.692,58.870,58.770,409269.0,409.27,33111.12,7511.12,1.260,10.194,-0.003,-0.001,-0.001,0.000,1359.786,Fuzzy
1027,51.3518,1172.879,11.890,693.799,48.217,-3.308,33.761,58.954,58.862,409166.9,409.17,33104.41,7504.41,1.260,10.194,-0.003,-0.001,-0.001,0.000,1362.719,Fuzzy
1028,51.4018,1175.292,11.727,695.488,48.280,-3.189,33.829,59.039,58.953,409063.7,409.06,33097.70,7497.70,1.260,10.194,-0.003,-0.001,0.000,0.000,1365.655,Fuzzy
1029,51.4518,1177.707,11.571,697.182,48.343,-3.070,33.898,59.123,59.043,408959.1,408.96,33091.00,7491.00,1.260,10.194,-0.003,-0.001,0.000,0.000,1368.596,Fuzzy
1030,51.5018,1180.126,11.420,698.878,48.406,-2.951,33.966,59.208,59.134,408853.4,408.85,33084.29,7484.29,1.260,10.194,-0.003,-0.001,0.000,0.000,1371.542,Fuzzy
1031,51.5518,1182.548,11.276,700.578,48.469,-2.833,34.035,59.293,59.225,408746.1,408.75,33077.59,7477.59,1.260,10.194,-0.003,-0.001,0.000,0.000,1374.492,Fuzzy
1032,51.6018,1184.973,11.137,702.282,48.532,-2.714,34.103,59.378,59.316,408637.3,408.64,33070.89,7470.89,1.260,10.194,-0.003,-0.001,0.000,0.000,1377.447,Fuzzy
1033,51.6518,1187.401,11.004,703.989,48.595,-2.595,34.171,59.463,59.406,408526.7,408.53,33064.19,7464.19,1.260,10.194,-0.003,-0.001,0.000,0.000,1380.406,Fuzzy
1034,51.7018,1189.832,10.877,705.699,48.655,-2.493,34.238,59.546,59.494,297219.7,297.22,33057.68,7457.68,0.917,10.194,-0.003,-0.001,0.000,0.000,1383.370,Fuzzy
1035,51.7519,1192.266,10.752,707.412,48.704,-2.491,34.291,59.616,59.564,408418.9,408.42,33052.26,7452.26,1.260,10.194,-0.003,-0.001,0.000,0.000,1386.337,Fuzzy
1036,51.8019,1194.703,10.628,709.128,48.752,-2.488,34.344,59.686,59.634,408408.7,408.41,33046.84,7446.84,1.260,10.194,-0.002,-0.001,0.000,0.000,1389.308,Fuzzy
1037,51.8519,1197.141,10.503,710.846,48.798,-2.503,34.395,59.754,59.701,296638.7,296.64,33041.61,7441.61,0.915,10.194,-0.002,-0.001,0.000,0.000,1392.282,Fuzzy
1038,51.9019,1199.583,10.378,712.567,48.846,-2.501,34.448,59.823,59.771,296440.8,296.44,33036.20,7436.20,0.915,10.194,-0.002,-0.001,0.000,0.000,1395.260,Fuzzy
1039,51.9519,1202.026,10.253,714.291,48.893,-2.499,34.502,59.893,59.841,296242.8,296.24,33030.79,7430.79,0.915,10.193,-0.002,-0.001,0.000,0.000,1398.241,Fuzzy
1040,52.0019,1204.472,10.129,716.018,48.941,-2.497,34.555,59.963,59.911,296045.2,296.05,33025.39,7425.39,0.914,10.193,-0.002,-0.001,0.000,0.000,1401.226,Fuzzy
1041,52.0519,1206.920,10.004,717.747,48.989,-2.495,34.608,60.032,59.980,295847.6,295.85,33019.98,7419.98,0.914,10.193,-0.002,-0.001,0.000,0.000,1404.214,Fuzzy
1042,52.1019,1209.371,9.879,719.478,49.037,-2.493,34.661,60.101,60.050,295650.1,295.65,33014.58,7414.58,0.913,10.193,-0.002,-0.001,0.000,0.000,1407.205,Fuzzy
1043,52.1519,1211.824,9.754,721.213,49.085,-2.492,34.714,60.171,60.119,408354.0,408.35,33009.18,7409.18,1.261,10.193,-0.002,-0.001,0.000,0.000,1410.200,Fuzzy
1044,52.2020,1214.279,9.629,722.950,49.132,-2.490,34.766,60.240,60.189,408344.6,408.34,33003.78,7403.78,1.262,10.193,-0.002,-0.001,0.000,0.000,1413.198,Fuzzy
1045,52.2520,1216.737,9.504,724.689,49.180,-2.489,34.819,60.309,60.258,408335.2,408.34,32998.38,7398.39,1.262,10.193,-0.002,-0.001,0.000,0.000,1416.200,Fuzzy
1046,52.3020,1219.197,9.380,726.431,49.225,-2.505,34.870,60.376,60.324,294874.9,294.87,32993.18,7393.18,0.911,10.193,-0.002,-0.001,0.000,0.000,1419.205,Fuzzy
1047,52.3520,1221.660,9.255,728.176,49.273,-2.504,34.923,60.445,60.394,294678.1,294.68,32987.79,7387.79,0.911,10.193,-0.002,-0.001,0.000,0.000,1422.214,Fuzzy
1048,52.4020,1224.124,9.130,729.924,49.320,-2.503,34.975,60.515,60.463,294481.5,294.48,32982.40,7382.40,0.910,10.193,-0.001,-0.001,0.001,0.000,1425.226,Fuzzy
1049,52.4520,1226.592,9.005,731.674,49.368,-2.502,35.028,60.584,60.532,294284.9,294.28,32977.01,7377.01,0.910,10.193,-0.001,-0.001,0.001,0.000,1428.241,Fuzzy
1050,52.5020,1229.061,8.880,733.427,49.415,-2.501,35.080,60.652,60.601,294088.6,294.09,32971.63,7371.63,0.910,10.193,-0.001,-0.001,0.001,0.000,1431.260,Fuzzy
1051,52.5520,1231.533,8.755,735.182,49.462,-2.501,35.133,60.721,60.670,293892.3,293.89,32966.25,7366.25,0.909,10.193,-0.001,-0.001,0.001,0.000,1434.283,Fuzzy
1052,52.6020,1234.007,8.631,736.940,49.509,-2.500,35.185,60.790,60.739,293696.3,293.70,32960.87,7360.87,0.909,10.193,-0.001,-0.001,0.001,0.000,1437.308,Fuzzy
1053,52.6520,1236.484,8.506,738.701,49.557,-2.500,35.238,60.859,60.807,293500.4,293.50,32955.49,7355.49,0.908,10.193,-0.001,-0.001,0.001,0.000,1440.337,Fuzzy
1054,52.7021,1238.963,8.381,740.464,49.604,-2.500,35.290,60.928,60.876,293304.6,293.30,32950.11,7350.11,0.908,10.193,-0.001,-0.001,0.001,0.000,1443.370,Fuzzy
1055,52.7521,1241.445,8.256,742.230,49.651,-2.500,35.342,60.996,60.945,293108.9,293.11,32944.74,7344.74,0.907,10.193,-0.001,-0.001,0.001,0.000,1446.406,Fuzzy
1056,52.8021,1243.928,8.131,743.998,49.698,-2.500,35.395,61.065,61.013,292913.2,292.91,32939.37,7339.37,0.907,10.193,-0.001,-0.001,0.001,0.000,1449.445,Fuzzy
1057,52.8521,1246.414,8.007,745.769,49.745,-2.500,35.447,61.133,61.082,292717.8,292.72,32934.00,7334.00,0.906,10.193,-0.001,-0.001,0.001,0.000,1452.488,Fuzzy
1058,52.9021,1248.904,7.882,747.544,49.832,-2.497,35.540,61.258,61.207,292586.2,292.59,32928.45,7328.45,0.906,10.177,-0.446,0.445,-5.001,5.002,1455.535,Fuzzy
1059,52.9521,1251.398,7.757,749.323,49.924,-2.494,35.637,61.389,61.338,408670.0,408.67,32922.89,7322.89,1.266,10.127,-0.939,0.938,-4.977,4.978,1458.589,Fuzzy
1060,53.0021,1253.896,7.632,751.107,50.015,-2.491,35.735,61.520,61.469,409281.5,409.28,32917.33,7317.33,1.268,10.042,-1.416,1.415,-4.927,4.927,1461.649,Fuzzy
1061,53.0521,1256.399,7.507,752.896,50.102,-2.504,35.827,61.644,61.593,292991.7,292.99,32911.95,7311.95,0.908,9.925,-1.857,1.856,-4.853,4.852,1464.715,Fuzzy
1062,53.1021,1258.906,7.382,754.690,50.190,-2.499,35.921,61.771,61.720,292791.2,292.79,32906.38,7306.38,0.907,9.776,-2.295,2.294,-4.758,4.756,1467.788,Fuzzy
1063,53.1522,1261.418,7.257,756.489,50.277,-2.494,36.014,61.895,61.845,409652.3,409.65,32900.82,7300.82,1.270,9.598,-2.710,2.709,-4.646,4.643,1470.867,Fuzzy
1064,53.2022,1263.934,7.132,758.292,50.358,-2.504,36.101,62.011,61.961,292399.6,292.40,32895.45,7295.45,0.906,9.392,-3.086,3.084,-4.516,4.512,1473.952,Fuzzy
1065,53.2522,1266.454,7.007,760.099,50.439,-2.497,36.188,62.128,62.078,292198.2,292.20,32889.89,7289.89,0.906,9.159,-3.453,3.451,-4.371,4.366,1477.043,Fuzzy
1066,53.3022,1268.978,6.883,761.910,50.515,-2.506,36.269,62.237,62.187,292006.4,292.01,32884.52,7284.52,0.905,8.902,-3.781,3.778,-4.215,4.208,1480.139,Fuzzy
1067,53.3522,1271.505,6.758,763.726,50.591,-2.496,36.351,62.346,62.296,292121.1,292.12,32878.96,7278.96,0.906,8.622,-4.098,4.095,-4.047,4.039,1483.241,Fuzzy
1068,53.4022,1274.037,6.633,765.545,50.660,-2.502,36.426,62.447,62.396,293115.3,293.12,32873.59,7273.59,0.909,8.321,-4.377,4.372,-3.870,3.861,1486.348,Fuzzy
1069,53.4522,1276.571,6.508,767.369,50.729,-2.489,36.501,62.546,62.496,409588.3,409.59,32868.02,7268.02,1.271,8.001,-4.643,4.638,-3.685,3.675,1489.459,Fuzzy
1070,53.5022,1279.109,6.383,769.195,50.792,-2.491,36.569,62.637,62.587,409579.6,409.58,32862.63,7262.63,1.271,7.664,-4.872,4.866,-3.493,3.482,1492.576,Fuzzy
1071,53.5522,1281.651,6.258,771.025,50.851,-2.490,36.634,62.722,62.673,409569.8,409.57,32857.23,7257.23,1.271,7.312,-5.075,5.068,-3.295,3.284,1495.697,Fuzzy
1072,53.6023,1284.194,6.134,772.859,50.904,-2.505,36.693,62.800,62.750,296583.9,296.58,32852.00,7252.00,0.921,6.947,-5.244,5.236,-3.094,3.081,1498.821,Fuzzy
1073,53.6523,1286.741,6.009,774.695,50.955,-2.500,36.750,62.875,62.825,297325.0,297.33,32846.58,7246.58,0.923,6.570,-5.400,5.391,-2.889,2.875,1501.950,Fuzzy
1074,53.7023,1289.290,5.885,776.534,51.010,-2.440,36.809,62.951,62.904,369663.8,369.66,32840.56,7240.56,1.148,6.182,-5.560,5.550,-2.679,2.665,1505.082,Fuzzy
1075,53.7523,1291.842,5.765,778.376,51.060,-2.376,36.865,63.022,62.977,368179.9,368.18,32834.52,7234.52,1.143,5.784,-5.695,5.684,-2.466,2.452,1508.219,Fuzzy
1076,53.8023,1294.396,5.648,780.220,51.104,-2.312,36.915,63.085,63.043,366710.2,366.71,32828.49,7228.49,1.139,5.377,-5.802,5.789,-2.253,2.239,1511.358,Fuzzy
1077,53.8523,1296.952,5.533,782.067,51.144,-2.250,36.961,63.142,63.102,365256.8,365.26,32822.50,7222.50,1.135,4.964,-5.881,5.867,-2.039,2.025,1514.501,Fuzzy
1078,53.9023,1299.510,5.422,783.916,51.179,-2.189,37.001,63.191,63.153,363822.0,363.82,32816.52,7216.52,1.131,4.547,-5.934,5.919,-1.827,1.812,1517.646,Fuzzy
1079,53.9523,1302.070,5.315,785.767,51.209,-2.129,37.036,63.234,63.198,362408.2,362.41,32810.57,7210.57,1.126,4.126,-5.962,5.945,-1.618,1.603,1520.794,Fuzzy
1080,54.0023,1304.631,5.210,787.620,51.233,-2.071,37.066,63.269,63.236,361018.1,361.02,32804.64,7204.64,1.122,3.705,-5.966,5.949,-1.428,1.413,1523.944,Fuzzy
1081,54.0523,1307.193,5.107,789.473,51.253,-2.014,37.091,63.299,63.267,359654.1,359.65,32798.73,7198.73,1.118,3.284,-5.950,5.931,-1.238,1.224,1527.096,Fuzzy
1082,54.1024,1309.756,5.008,791.329,51.269,-1.958,37.111,63.321,63.291,358318.1,358.32,32792.85,7192.85,1.114,2.866,-5.913,5.893,-1.050,1.036,1530.249,Fuzzy
1083,54.1524,1312.320,4.912,793.185,51.279,-1.904,37.127,63.337,63.309,357011.8,357.01,32786.98,7186.99,1.110,2.451,-5.856,5.836,-0.863,0.850,1533.403,Fuzzy
1084,54.2024,1314.884,4.818,795.041,51.285,-1.851,37.138,63.347,63.320,355736.9,355.74,32781.14,7181.15,1.107,2.040,-5.780,5.759,-0.678,0.665,1536.558,Fuzzy
1085,54.2524,1317.449,4.726,796.898,51.287,-1.800,37.144,63.351,63.325,354495.0,354.50,32775.32,7175.32,1.103,1.636,-5.687,5.665,-0.494,0.481,1539.714,Fuzzy
1086,54.3024,1320.013,4.638,798.756,51.284,-1.750,37.146,63.348,63.324,353287.4,353.29,32769.52,7169.52,1.099,1.239,-5.576,5.553,-0.312,0.300,1542.869,Fuzzy
1087,54.3524,1322.577,4.551,800.613,51.277,-1.701,37.144,63.339,63.316,352115.3,352.12,32763.74,7163.74,1.096,0.850,-5.449,5.426,-0.132,0.120,1546.025,Fuzzy
1088,54.4024,1325.141,4.468,802.470,51.265,-1.655,37.137,63.325,63.303,350979.7,350.98,32757.98,7157.98,1.093,0.471,-5.306,5.282,0.046,-0.058,1549.179,Fuzzy
1089,54.4524,1327.704,4.386,804.327,51.250,-1.610,37.126,63.305,63.284,349881.5,349.88,32752.24,7152.24,1.089,0.107,-5.148,5.124,0.223,-0.234,1552.333,Fuzzy
1090,54.5024,1330.266,4.307,806.182,51.226,-1.566,37.107,63.273,63.254,348824.4,348.82,32746.51,7146.51,1.086,0.254,-4.932,4.900,1.090,-1.098,1555.486,Fuzzy
1091,54.5525,1332.826,4.229,808.037,51.196,-1.525,37.082,63.234,63.215,347809.8,347.81,32740.80,7140.80,1.083,0.591,-4.677,4.645,1.222,-1.229,1558.637,Fuzzy
1092,54.6025,1335.385,4.154,809.891,51.164,-1.485,37.054,63.189,63.172,346835.3,346.84,32735.11,7135.11,1.080,0.910,-4.416,4.384,1.339,-1.345,1561.786,Fuzzy
1093,54.6525,1337.943,4.081,811.743,51.128,-1.446,37.022,63.141,63.125,345900.6,345.90,32729.43,7129.43,1.078,1.211,-4.152,4.120,1.442,-1.448,1564.933,Fuzzy
1094,54.7025,1340.498,4.009,813.593,51.090,-1.409,36.988,63.089,63.074,345004.3,345.00,32723.77,7123.77,1.075,1.493,-3.885,3.853,1.532,-1.538,1568.078,Fuzzy
1095,54.7525,1343.052,3.941,815.441,51.046,-1.309,36.948,63.029,63.015,395623.4,395.62,32717.42,7117.42,1.233,1.756,-3.596,3.565,1.607,-1.612,1571.220,Fuzzy
1096,54.8025,1345.603,3.879,817.288,50.999,-1.201,36.906,62.964,62.952,389556.4,389.56,32710.99,7110.99,1.214,1.997,-3.305,3.274,1.669,-1.673,1574.359,Fuzzy
1097,54.8525,1348.151,3.821,819.132,50.951,-1.102,36.861,62.896,62.887,383983.1,383.98,32704.65,7104.65,1.197,2.219,-3.018,2.987,1.720,-1.724,1577.495,Fuzzy
1098,54.9025,1350.698,3.768,820.974,50.901,-1.011,36.815,62.828,62.819,378864.2,378.86,32698.40,7098.40,1.182,2.420,-2.736,2.706,1.760,-1.764,1580.627,Fuzzy
1099,54.9525,1353.241,3.719,822.813,50.853,-0.978,36.771,62.762,62.755,334236.3,334.24,32692.78,7092.78,1.043,2.602,-2.478,2.448,1.794,-1.798,1583.756,Fuzzy
1100,55.0025,1355.783,3.670,824.651,50.805,-0.959,36.726,62.697,62.689,333473.1,333.47,32687.30,7087.30,1.040,2.767,-2.229,2.200,1.821,-1.824,1586.882,Fuzzy
1101,55.0526,1358.322,3.623,826.486,50.755,-0.942,36.681,62.630,62.622,332754.6,332.75,32681.84,7081.84,1.038,2.914,-1.985,1.956,1.839,-1.841,1590.005,Fuzzy
1102,55.1026,1360.858,3.576,828.319,50.705,-0.926,36.634,62.561,62.554,332077.7,332.08,32676.39,7076.40,1.036,3.044,-1.746,1.718,1.849,-1.851,1593.125,Fuzzy
1103,55.1526,1363.392,3.530,830.149,50.654,-0.911,36.587,62.492,62.485,331439.4,331.44,32670.96,7070.96,1.034,3.157,-1.513,1.486,1.851,-1.852,1596.241,Fuzzy
1104,55.2026,1365.924,3.485,831.978,50.602,-0.897,36.539,62.422,62.415,330836.7,330.84,32665.53,7065.53,1.033,3.254,-1.288,1.261,1.846,-1.847,1599.354,Fuzzy
1105,55.2526,1368.453,3.441,833.803,50.550,-0.883,36.491,62.351,62.345,330267.1,330.27,32660.11,7060.11,1.031,3.336,-1.069,1.043,1.834,-1.834,1602.464,Fuzzy
1106,55.3026,1370.979,3.397,835.627,50.498,-0.871,36.442,62.280,62.274,329727.8,329.73,32654.70,7054.70,1.030,3.402,-0.859,0.833,1.815,-1.815,1605.570,Fuzzy
1107,55.3526,1373.502,3.353,837.448,50.446,-0.859,36.393,62.209,62.203,329216.3,329.22,32649.30,7049.30,1.028,3.454,-0.656,0.631,1.791,-1.790,1608.672,Fuzzy
1108,55.4026,1376.023,3.311,839.266,50.394,-0.848,36.345,62.138,62.133,328730.6,328.73,32643.91,7043.91,1.027,3.492,-0.462,0.438,1.760,-1.759,1611.772,Fuzzy
1109,55.4526,1378.542,3.269,841.082,50.342,-0.838,36.296,62.068,62.062,328268.4,328.27,32638.52,7038.52,1.026,3.517,-0.276,0.253,1.725,-1.723,1614.867,Fuzzy
1110,55.5027,1381.057,3.227,842.896,50.290,-0.828,36.248,61.998,61.992,327827.8,327.83,32633.14,7033.14,1.024,3.529,-0.100,0.077,1.684,-1.683,1617.959,Fuzzy
1111,55.5527,1383.571,3.186,844.707,50.238,-0.819,36.200,61.928,61.922,327407.2,327.41,32627.77,7027.77,1.023,3.528,0.068,-0.090,1.654,-1.658,1621.048,Fuzzy
1112,55.6027,1386.081,3.145,846.516,50.187,-0.810,36.153,61.858,61.853,327006.4,327.01,32622.41,7022.41,1.022,3.516,0.229,-0.251,1.651,-1.655,1624.134,Fuzzy
1113,55.6527,1388.590,3.105,848.322,50.136,-0.802,36.106,61.789,61.784,326624.2,326.62,32617.05,7017.05,1.021,3.493,0.386,-0.408,1.642,-1.645,1627.216,Fuzzy
1114,55.7027,1391.095,3.065,850.126,50.086,-0.794,36.059,61.721,61.716,326258.8,326.26,32611.70,7011.70,1.020,3.459,0.537,-0.558,1.627,-1.629,1630.295,Fuzzy
1115,55.7527,1393.598,3.025,851.928,50.036,-0.786,36.012,61.653,61.648,325908.9,325.91,32606.35,7006.35,1.019,3.415,0.682,-0.703,1.606,-1.608,1633.370,Fuzzy
1116,55.8027,1396.099,2.986,853.728,49.986,-0.779,35.966,61.585,61.581,325573.1,325.57,32601.01,7001.01,1.018,3.361,0.821,-0.841,1.580,-1.582,1636.442,Fuzzy
1117,55.8527,1398.597,2.947,855.525,49.937,-0.773,35.921,61.519,61.514,325250.0,325.25,32595.68,6995.68,1.018,3.297,0.953,-0.973,1.550,-1.551,1639.511,Fuzzy
1118,55.9027,1401.093,2.909,857.320,49.889,-0.766,35.876,61.454,61.449,324938.6,324.94,32590.35,6990.35,1.017,3.224,1.078,-1.098,1.514,-1.515,1642.576,Fuzzy
1119,55.9528,1403.586,2.871,859.112,49.842,-0.760,35.832,61.390,61.385,324638.0,324.64,32585.03,6985.03,1.016,3.142,1.196,-1.215,1.475,-1.475,1645.639,Fuzzy
1120,56.0028,1406.077,2.833,860.903,49.796,-0.754,35.790,61.328,61.323,324347.1,324.35,32579.71,6979.71,1.015,3.053,1.306,-1.325,1.432,-1.432,1648.698,Fuzzy
1121,56.0528,1408.565,2.795,862.691,49.750,-0.749,35.748,61.266,61.262,324065.1,324.07,32574.39,6974.39,1.014,2.956,1.409,-1.427,1.385,-1.384,1651.754,Fuzzy
1122,56.1028,1411.052,2.758,864.478,49.706,-0.743,35.707,61.207,61.202,323791.5,323.79,32569.08,6969.08,1.014,2.851,1.504,-1.522,1.334,-1.334,1654.808,Fuzzy
1123,56.1528,1413.536,2.721,866.262,49.663,-0.738,35.667,61.149,61.144,323525.7,323.53,32563.78,6963.78,1.013,2.741,1.591,-1.609,1.281,-1.280,1657.858,Fuzzy
1124,56.2028,1416.018,2.684,868.044,49.621,-0.733,35.629,61.092,61.088,323267.1,323.27,32558.47,6958.47,1.012,2.625,1.671,-1.688,1.225,-1.224,1660.906,Fuzzy
1125,56.2528,1418.498,2.648,869.825,49.581,-0.728,35.592,61.038,61.033,323015.3,323.02,32553.18,6953.18,1.012,2.503,1.743,-1.759,1.167,-1.165,1663.951,Fuzzy
1126,56.3028,1420.976,2.611,871.604,49.542,-0.724,35.556,60.985,60.980,322769.9,322.77,32547.88,6947.88,1.011,2.377,1.807,-1.822,1.106,-1.104,1666.993,Fuzzy
1127,56.3528,1423.453,2.575,873.381,49.504,-0.719,35.522,60.934,60.930,322530.8,322.53,32542.59,6942.59,1.011,2.246,1.863,-1.878,1.044,-1.042,1670.033,Fuzzy
1128,56.4028,1425.927,2.539,875.156,49.467,-0.715,35.489,60.885,60.881,322297.8,322.30,32537.31,6937.31,1.010,2.112,1.911,-1.925,0.979,-0.977,1673.070,Fuzzy
1129,56.4529,1428.399,2.504,876.929,49.432,-0.711,35.457,60.838,60.834,322070.5,322.07,32532.03,6932.03,1.010,1.975,1.952,-1.965,0.914,-0.911,1676.106,Fuzzy
1130,56.5029,1430.870,2.468,878.702,49.398,-0.707,35.427,60.793,60.789,321848.9,321.85,32526.75,6926.75,1.009,1.835,1.985,-1.998,0.847,-0.844,1679.138,Fuzzy
1131,56.5529,1433.339,2.433,880.472,49.366,-0.703,35.399,60.750,60.746,321633.1,321.63,32521.47,6921.47,1.008,1.693,2.010,-2.022,0.779,-0.776,1682.169,Fuzzy
1132,56.6029,1435.807,2.398,882.242,49.335,-0.699,35.371,60.709,60.705,321422.7,321.42,32516.20,6916.20,1.008,1.550,2.028,-2.040,0.711,-0.707,1685.198,Fuzzy
1133,56.6529,1438.273,2.363,884.010,49.306,-0.696,35.346,60.670,60.666,321218.0,321.22,32510.93,6910.93,1.008,1.406,2.039,-2.050,0.642,-0.638,1688.224,Fuzzy
1134,56.7029,1440.737,2.329,885.776,49.279,-0.692,35.322,60.634,60.630,321018.8,321.02,32505.67,6905.67,1.007,1.261,2.042,-2.053,0.572,-0.569,1691.249,Fuzzy
1135,56.7529,1443.201,2.294,887.542,49.252,-0.689,35.299,60.599,60.595,320825.2,320.83,32500.41,6900.41,1.007,1.116,2.039,-2.049,0.503,-0.499,1694.272,Fuzzy
1136,56.8029,1445.663,2.260,889.306,49.228,-0.686,35.278,60.567,60.563,320637.0,320.64,32495.15,6895.15,1.006,0.972,2.029,-2.038,0.433,-0.429,1697.294,Fuzzy
1137,56.8529,1448.124,2.225,891.070,49.204,-0.683,35.258,60.536,60.533,320454.6,320.45,32489.90,6889.90,1.006,0.829,2.013,-2.021,0.364,-0.360,1700.314,Fuzzy
1138,56.9030,1450.583,2.191,892.832,49.183,-0.680,35.240,60.508,60.504,320277.8,320.28,32484.64,6884.64,1.005,0.687,1.990,-1.998,0.295,-0.291,1703.332,Fuzzy
1139,56.9530,1453.042,2.157,894.594,49.162,-0.677,35.223,60.482,60.478,320106.6,320.11,32479.39,6879.40,1.005,0.548,1.961,-1.968,0.227,-0.223,1706.349,Fuzzy
1140,57.0030,1455.499,2.124,896.354,49.143,-0.675,35.208,60.458,60.454,319941.1,319.94,32474.15,6874.15,1.005,0.410,1.926,-1.933,0.160,-0.156,1709.365,Fuzzy
1141,57.0530,1457.956,2.090,898.114,49.126,-0.672,35.194,60.435,60.431,319781.2,319.78,32468.90,6868.91,1.004,0.275,1.886,-1.892,0.093,-0.089,1712.380,Fuzzy
1142,57.1030,1460.412,2.056,899.874,49.110,-0.670,35.182,60.415,60.411,319626.9,319.63,32463.66,6863.66,1.004,0.143,1.841,-1.846,0.028,-0.024,1715.394,Fuzzy
1143,57.1530,1462.867,2.023,901.632,49.095,-0.668,35.170,60.396,60.393,319478.3,319.48,32458.43,6858.43,1.004,0.020,1.790,-1.795,-0.036,0.040,1718.407,Fuzzy
1144,57.2030,1465.322,1.990,903.391,49.084,-0.666,35.163,60.383,60.379,319335.9,319.34,32453.19,6853.19,1.003,0.108,1.711,-1.709,-0.440,0.443,1721.419,Fuzzy
1145,57.2530,1467.776,1.956,905.149,49.075,-0.664,35.157,60.372,60.369,319199.6,319.20,32447.96,6847.96,1.003,0.226,1.620,-1.617,-0.481,0.485,1724.430,Fuzzy
1146,57.3030,1470.229,1.923,906.907,49.066,-0.663,35.153,60.363,60.359,319069.1,319.07,32442.72,6842.72,1.003,0.337,1.527,-1.524,-0.519,0.522,1727.441,Fuzzy
1147,57.3531,1472.683,1.890,908.664,49.059,-0.661,35.149,60.355,60.351,318943.9,318.94,32437.49,6837.49,1.003,0.441,1.433,-1.430,-0.552,0.555,1730.452,Fuzzy
1148,57.4031,1475.135,1.857,910.421,49.053,-0.660,35.146,60.348,60.344,318823.9,318.82,32432.27,6832.27,1.002,0.539,1.339,-1.336,-0.581,0.584,1733.462,Fuzzy
1149,57.4531,1477.587,1.824,912.179,49.047,-0.659,35.144,60.342,60.338,318708.8,318.71,32427.04,6827.04,1.002,0.630,1.245,-1.242,-0.606,0.609,1736.472,Fuzzy
1150,57.5031,1480.040,1.791,913.936,49.042,-0.658,35.143,60.337,60.334,318598.3,318.60,32421.82,6821.82,1.002,0.714,1.151,-1.148,-0.627,0.630,1739.482,Fuzzy
1151,57.5531,1482.492,1.758,915.693,49.037,-0.657,35.143,60.333,60.330,318492.1,318.49,32416.59,6816.59,1.002,0.792,1.058,-1.054,-0.645,0.648,1742.491,Fuzzy
1152,57.6031,1484.944,1.726,917.450,49.034,-0.656,35.143,60.330,60.327,318390.0,318.39,32411.38,6811.37,1.002,0.863,0.966,-0.962,-0.659,0.662,1745.501,Fuzzy
1153,57.6531,1487.395,1.693,919.207,49.030,-0.655,35.143,60.328,60.324,318291.6,318.29,32406.15,6806.15,1.002,0.928,0.875,-0.871,-0.670,0.673,1748.510,Fuzzy
1154,57.7031,1489.846,1.660,920.965,49.028,-0.654,35.144,60.326,60.323,318196.7,318.20,32400.94,6800.94,1.001,0.986,0.786,-0.782,-0.678,0.681,1751.519,Fuzzy
1155,57.7531,1492.297,1.627,922.722,49.025,-0.654,35.146,60.325,60.321,318105.0,318.11,32395.72,6795.72,1.001,1.038,0.699,-0.694,-0.683,0.686,1754.528,Fuzzy
1156,57.8031,1494.749,1.595,924.479,49.023,-0.653,35.147,60.324,60.321,318016.1,318.02,32390.51,6790.51,1.001,1.084,0.613,-0.609,-0.685,0.688,1757.537,Fuzzy
1157,57.8532,1497.200,1.562,926.236,49.021,-0.653,35.149,60.324,60.320,317929.9,317.93,32385.29,6785.29,1.001,1.124,0.530,-0.526,-0.685,0.687,1760.546,Fuzzy
1158,57.9032,1499.651,1.529,927.994,49.020,-0.652,35.152,60.324,60.320,317846.2,317.85,32380.08,6780.08,1.001,1.158,0.450,-0.445,-0.682,0.684,1763.555,Fuzzy
1159,57.9532,1502.102,1.497,929.752,49.018,-0.652,35.154,60.324,60.321,317764.6,317.76,32374.87,6774.87,1.001,1.187,0.372,-0.367,-0.676,0.678,1766.564,Fuzzy
1160,58.0032,1504.553,1.464,931.509,49.017,-0.652,35.156,60.324,60.321,317684.9,317.68,32369.66,6769.66,1.001,1.210,0.296,-0.291,-0.669,0.671,1769.573,Fuzzy
1161,58.0532,1507.005,1.432,933.267,49.015,-0.651,35.159,60.325,60.321,317607.0,317.61,32364.46,6764.46,1.001,1.228,0.224,-0.219,-0.659,0.661,1772.583,Fuzzy
1162,58.1032,1509.456,1.399,935.025,49.014,-0.651,35.161,60.325,60.322,317530.7,317.53,32359.25,6759.25,1.001,1.241,0.155,-0.150,-0.648,0.650,1775.592,Fuzzy
1163,58.1532,1511.907,1.367,936.783,49.013,-0.651,35.164,60.325,60.322,317455.7,317.46,32354.05,6754.05,1.001,1.249,0.088,-0.083,-0.635,0.637,1778.602,Fuzzy
1164,58.2032,1514.358,1.334,938.542,49.011,-0.651,35.166,60.326,60.322,317381.9,317.38,32348.84,6748.84,1.000,1.252,0.025,-0.020,-0.620,0.622,1781.612,Fuzzy
1165,58.2532,1516.808,1.301,940.300,49.010,-0.651,35.169,60.326,60.322,317309.3,317.31,32343.64,6743.64,1.000,1.252,-0.035,0.040,-0.612,0.615,1784.620,Fuzzy
1166,58.3033,1519.258,1.269,942.058,49.008,-0.651,35.171,60.326,60.322,317237.8,317.24,32338.44,6738.44,1.000,1.247,-0.093,0.099,-0.610,0.613,1787.629,Fuzzy
1167,58.3533,1521.708,1.236,943.817,49.006,-0.651,35.173,60.326,60.322,317167.3,317.17,32333.24,6733.24,1.000,1.238,-0.150,0.155,-0.607,0.609,1790.638,Fuzzy
1168,58.4033,1524.158,1.204,945.575,49.004,-0.651,35.175,60.325,60.322,317097.8,317.10,32328.04,6728.04,1.000,1.225,-0.204,0.210,-0.601,0.603,1793.647,Fuzzy
1169,58.4533,1526.608,1.171,947.334,49.002,-0.651,35.177,60.325,60.321,317029.0,317.03,32322.84,6722.84,1.000,1.208,-0.256,0.262,-0.593,0.595,1796.656,Fuzzy
1170,58.5033,1529.058,1.139,949.093,49.000,-0.651,35.179,60.324,60.321,316961.0,316.96,32317.64,6717.64,1.000,1.188,-0.306,0.312,-0.583,0.586,1799.665,Fuzzy
1171,58.5533,1531.508,1.106,950.853,48.998,-0.651,35.180,60.323,60.320,316893.6,316.89,32312.45,6712.45,1.000,1.164,-0.354,0.360,-0.572,0.574,1802.675,Fuzzy
1172,58.6033,1533.958,1.074,952.612,48.995,-0.651,35.181,60.322,60.318,316826.6,316.83,32307.25,6707.25,1.000,1.137,-0.399,0.405,-0.559,0.561,1805.684,Fuzzy
1173,58.6533,1536.407,1.041,954.371,48.992,-0.651,35.182,60.320,60.316,316760.0,316.76,32302.06,6702.06,1.000,1.107,-0.441,0.447,-0.544,0.546,1808.693,Fuzzy
1174,58.7033,1538.857,1.009,956.130,48.989,-0.651,35.183,60.318,60.314,316693.8,316.69,32296.87,6696.87,1.000,1.074,-0.481,0.487,-0.528,0.530,1811.703,Fuzzy
1175,58.7183,1539.592,0.999,956.657,48.988,-0.651,35.183,60.317,60.313,316674.0,316.67,32295.31,6695.31,1.000,1.064,-0.493,0.498,-0.523,0.525,1812.605,Fuzzy
1176,58.7233,1539.837,0.996,956.833,48.988,-0.651,35.183,60.316,60.313,316667.4,316.67,32294.79,6694.79,1.000,1.060,-0.496,0.502,-0.521,0.523,1812.906,Fuzzy
1177,58.7283,1540.082,0.992,957.009,48.987,-0.651,35.183,60.316,60.313,316660.8,316.66,32294.27,6694.27,1.000,1.056,-0.500,0.506,-0.520,0.521,1813.207,Fuzzy
1178,58.7333,1540.327,0.989,957.185,48.987,-0.651,35.183,60.316,60.312,316654.2,316.65,32293.75,6693.75,1.000,1.053,-0.504,0.510,-0.518,0.520,1813.508,Fuzzy
1179,58.7383,1540.572,0.986,957.361,48.987,-0.651,35.183,60.316,60.312,316647.7,316.65,32293.23,6693.23,1.000,1.049,-0.508,0.513,-0.516,0.518,1813.809,Fuzzy
1180,58.7433,1540.817,0.983,957.537,48.986,-0.651,35.183,60.315,60.312,316641.1,316.64,32292.71,6692.72,1.000,1.046,-0.511,0.517,-0.514,0.516,1814.110,Fuzzy
1181,58.7483,1541.062,0.979,957.713,48.986,-0.651,35.183,60.315,60.312,316634.4,316.63,32292.20,6692.20,1.000,1.042,-0.515,0.521,-0.513,0.514,1814.411,Fuzzy
1182,58.7534,1541.307,0.976,957.889,48.986,-0.651,35.183,60.315,60.311,316627.8,316.63,32291.68,6691.68,1.000,1.038,-0.518,0.524,-0.511,0.513,1814.711,Fuzzy
1183,58.7584,1541.552,0.973,958.065,48.985,-0.651,35.183,60.314,60.311,316621.3,316.62,32291.16,6691.16,1.000,1.035,-0.522,0.528,-0.509,0.511,1815.012,Fuzzy
1184,58.7634,1541.797,0.969,958.240,48.985,-0.651,35.183,60.314,60.311,316614.8,316.61,32290.64,6690.64,1.000,1.031,-0.526,0.531,-0.507,0.509,1815.313,Fuzzy
1185,58.7684,1542.042,0.966,958.416,48.984,-0.651,35.183,60.314,60.310,316608.2,316.61,32290.12,6690.12,1.000,1.027,-0.529,0.535,-0.505,0.507,1815.614,Fuzzy
1186,58.7734,1542.286,0.963,958.592,48.984,-0.651,35.183,60.313,60.310,316601.6,316.60,32289.60,6689.60,1.000,1.023,-0.533,0.538,-0.503,0.505,1815.915,Fuzzy
1187,58.7784,1542.531,0.960,958.768,48.984,-0.651,35.183,60.313,60.310,316595.0,316.60,32289.08,6689.08,1.000,1.020,-0.536,0.542,-0.502,0.503,1816.216,Fuzzy
1188,58.7834,1542.776,0.956,958.944,48.983,-0.651,35.183,60.313,60.309,316588.4,316.59,32288.56,6688.56,1.000,1.016,-0.539,0.545,-0.500,0.501,1816.516,Fuzzy
1189,58.7884,1543.021,0.953,959.120,48.983,-0.651,35.183,60.312,60.309,316581.9,316.58,32288.04,6688.04,1.000,1.012,-0.543,0.549,-0.498,0.499,1816.817,Fuzzy
1190,58.7934,1543.266,0.950,959.296,48.982,-0.651,35.183,60.312,60.309,316575.3,316.58,32287.52,6687.52,1.000,1.008,-0.546,0.552,-0.496,0.498,1817.118,Fuzzy
1191,58.7984,1543.511,0.947,959.472,48.982,-0.651,35.183,60.312,60.308,316568.8,316.57,32287.01,6687.01,1.000,1.004,-0.549,0.555,-0.494,0.496,1817.419,Fuzzy
1192,58.8034,1543.756,0.943,959.648,48.982,-0.651,35.183,60.311,60.308,316562.3,316.56,32286.49,6686.49,1.000,1.000,-0.553,0.559,-0.492,0.494,1817.720,Fuzzy
1193,58.8084,1544.000,0.940,959.824,48.981,-0.651,35.183,60.311,60.308,316555.8,316.56,32285.97,6685.97,1.000,0.996,-0.556,0.562,-0.490,0.492,1818.021,Fuzzy
1194,58.8134,1544.245,0.937,960.000,48.981,-0.651,35.183,60.311,60.307,316549.2,316.55,32285.45,6685.45,1.000,0.992,-0.559,0.565,-0.488,0.490,1818.321,Fuzzy
1195,58.8184,1544.490,0.934,960.175,48.980,-0.651,35.183,60.310,60.307,316542.7,316.54,32284.93,6684.93,1.000,0.988,-0.563,0.568,-0.486,0.488,1818.622,Fuzzy
1196,58.8234,1544.735,0.930,960.351,48.980,-0.651,35.183,60.310,60.306,316536.1,316.54,32284.41,6684.41,1.000,0.984,-0.566,0.571,-0.484,0.486,1818.923,Fuzzy
1197,58.8284,1544.980,0.927,960.527,48.979,-0.651,35.183,60.310,60.306,316529.6,316.53,32283.89,6683.89,1.000,0.980,-0.569,0.575,-0.482,0.484,1819.224,Fuzzy
1198,58.8334,1545.225,0.924,960.703,48.979,-0.651,35.183,60.309,60.306,316523.0,316.52,32283.37,6683.37,1.000,0.976,-0.572,0.578,-0.480,0.482,1819.525,Fuzzy
1199,58.8384,1545.470,0.921,960.879,48.979,-0.651,35.183,60.309,60.305,316516.5,316.52,32282.85,6682.85,1.000,0.972,-0.575,0.581,-0.478,0.480,1819.826,Fuzzy
1200,58.8434,1545.715,0.917,961.055,48.978,-0.651,35.183,60.308,60.305,316510.0,316.51,32282.33,6682.33,1.000,0.968,-0.578,0.584,-0.476,0.478,1820.126,Fuzzy
1201,58.8484,1545.959,0.914,961.231,48.978,-0.651,35.183,60.308,60.304,316503.4,316.50,32281.81,6681.82,1.000,0.964,-0.581,0.587,-0.474,0.476,1820.427,Fuzzy
1202,58.8534,1546.204,0.911,961.407,48.977,-0.651,35.183,60.308,60.304,316496.9,316.50,32281.30,6681.30,1.000,0.960,-0.584,0.590,-0.472,0.474,1820.728,Fuzzy
1203,58.8584,1546.449,0.908,961.583,48.977,-0.651,35.183,60.307,60.304,316490.3,316.49,32280.78,6680.78,1.000,0.956,-0.587,0.593,-0.470,0.472,1821.029,Fuzzy
1204,58.8634,1546.694,0.904,961.759,48.976,-0.651,35.183,60.307,60.303,316483.8,316.48,32280.26,6680.26,1.000,0.951,-0.590,0.596,-0.468,0.470,1821.330,Fuzzy
1205,58.8684,1546.939,0.901,961.934,48.976,-0.651,35.182,60.306,60.303,316477.3,316.48,32279.74,6679.74,1.000,0.947,-0.593,0.599,-0.466,0.467,1821.631,Fuzzy
1206,58.8734,1547.184,0.898,962.110,48.975,-0.651,35.182,60.306,60.302,316470.8,316.47,32279.22,6679.22,1.000,0.943,-0.596,0.602,-0.464,0.465,1821.931,Fuzzy
1207,58.8784,1547.429,0.895,962.286,48.975,-0.651,35.182,60.305,60.302,316464.2,316.46,32278.70,6678.70,1.000,0.939,-0.599,0.605,-0.462,0.463,1822.232,Fuzzy
1208,58.8834,1547.674,0.891,962.462,48.974,-0.651,35.182,60.305,60.301,316457.7,316.46,32278.18,6678.18,1.000,0.934,-0.602,0.608,-0.460,0.461,1822.533,Fuzzy
1209,58.8884,1547.918,0.888,962.638,48.974,-0.651,35.182,60.305,60.301,316451.2,316.45,32277.66,6677.66,1.000,0.930,-0.605,0.610,-0.458,0.459,1822.834,Fuzzy
1210,58.8934,1548.163,0.885,962.814,48.973,-0.651,35.182,60.304,60.301,316444.7,316.44,32277.14,6677.15,1.000,0.926,-0.607,0.613,-0.455,0.457,1823.135,Fuzzy
1211,58.8984,1548.408,0.882,962.990,48.973,-0.651,35.182,60.304,60.300,316438.2,316.44,32276.63,6676.63,1.000,0.921,-0.610,0.616,-0.453,0.455,1823.436,Fuzzy
1212,58.9034,1548.653,0.878,963.166,48.972,-0.651,35.182,60.303,60.300,316431.7,316.43,32276.11,6676.11,1.000,0.917,-0.613,0.619,-0.451,0.453,1823.736,Fuzzy
1213,58.9084,1548.898,0.875,963.342,48.972,-0.651,35.182,60.303,60.299,316425.2,316.43,32275.59,6675.59,1.000,0.913,-0.616,0.621,-0.449,0.451,1824.037,Fuzzy
1214,58.9134,1549.143,0.872,963.518,48.971,-0.651,35.181,60.302,60.299,316418.6,316.42,32275.07,6675.07,1.000,0.908,-0.618,0.624,-0.447,0.448,1824.338,Fuzzy
1215,58.9184,1549.388,0.869,963.693,48.971,-0.651,35.181,60.302,60.298,316412.1,316.41,32274.55,6674.55,1.000,0.904,-0.621,0.627,-0.445,0.446,1824.639,Fuzzy
1216,58.9234,1549.633,0.865,963.869,48.970,-0.651,35.181,60.301,60.298,316405.6,316.41,32274.03,6674.03,1.000,0.899,-0.624,0.629,-0.443,0.444,1824.940,Fuzzy
1217,58.9284,1549.877,0.862,964.045,48.970,-0.651,35.181,60.301,60.297,316399.2,316.40,32273.52,6673.52,1.000,0.895,-0.626,0.632,-0.440,0.442,1825.241,Fuzzy
1218,58.9334,1550.122,0.859,964.221,48.969,-0.651,35.181,60.300,60.297,316392.7,316.39,32273.00,6673.00,1.000,0.890,-0.629,0.635,-0.438,0.440,1825.542,Fuzzy
1219,58.9384,1550.367,0.856,964.397,48.969,-0.651,35.181,60.300,60.296,316386.1,316.39,32272.48,6672.48,1.000,0.886,-0.631,0.637,-0.436,0.437,1825.842,Fuzzy
1220,58.9434,1550.612,0.852,964.573,48.968,-0.651,35.181,60.299,60.296,316379.6,316.38,32271.96,6671.96,1.000,0.881,-0.634,0.640,-0.434,0.435,1826.143,Fuzzy
1221,58.9484,1550.857,0.849,964.749,48.968,-0.651,35.180,60.299,60.295,316373.2,316.37,32271.44,6671.44,1.000,0.877,-0.636,0.642,-0.431,0.433,1826.444,Fuzzy
1222,58.9534,1551.102,0.846,964.925,48.967,-0.652,35.180,60.298,60.295,316366.7,316.37,32270.92,6670.92,1.000,0.872,-0.639,0.645,-0.429,0.431,1826.745,Fuzzy
1223,58.9584,1551.347,0.842,965.101,48.967,-0.652,35.180,60.298,60.294,316360.2,316.36,32270.40,6670.40,1.000,0.868,-0.641,0.647,-0.427,0.428,1827.046,Fuzzy
1224,58.9634,1551.592,0.839,965.277,48.966,-0.652,35.180,60.297,60.293,316353.7,316.35,32269.88,6669.89,1.000,0.863,-0.644,0.649,-0.425,0.426,1827.346,Fuzzy
1225,58.9684,1551.836,0.836,965.453,48.965,-0.652,35.180,60.296,60.293,316347.2,316.35,32269.37,6669.37,1.000,0.859,-0.646,0.652,-0.423,0.424,1827.647,Fuzzy
1226,58.9734,1552.081,0.833,965.628,48.965,-0.652,35.180,60.296,60.292,316340.8,316.34,32268.85,6668.85,1.000,0.854,-0.648,0.654,-0.420,0.422,1827.948,Fuzzy
1227,58.9784,1552.326,0.829,965.804,48.964,-0.652,35.179,60.295,60.292,316334.3,316.33,32268.33,6668.33,1.000,0.849,-0.651,0.656,-0.418,0.419,1828.249,Fuzzy
1228,58.9834,1552.571,0.826,965.980,48.964,-0.652,35.179,60.295,60.291,316327.8,316.33,32267.81,6667.81,1.000,0.845,-0.653,0.659,-0.416,0.417,1828.550,Fuzzy
1229,58.9884,1552.816,0.823,966.156,48.963,-0.652,35.179,60.294,60.291,316321.3,316.32,32267.29,6667.29,1.000,0.840,-0.655,0.661,-0.413,0.415,1828.851,Fuzzy
1230,58.9934,1553.061,0.820,966.332,48.963,-0.652,35.179,60.294,60.290,316314.8,316.31,32266.77,6666.77,1.000,0.836,-0.657,0.663,-0.411,0.412,1829.151,Fuzzy
1231,58.9984,1553.306,0.816,966.508,48.962,-0.652,35.179,60.293,60.289,316308.3,316.31,32266.25,6666.26,1.000,0.831,-0.660,0.665,-0.409,0.410,1829.452,Fuzzy
1232,59.0034,1553.550,0.813,966.684,48.961,-0.652,35.178,60.292,60.289,316301.8,316.30,32265.74,6665.74,1.000,0.826,-0.662,0.667,-0.407,0.408,1829.753,Fuzzy
1233,59.0084,1553.795,0.810,966.860,48.961,-0.652,35.178,60.292,60.288,316295.4,316.30,32265.22,6665.22,1.000,0.821,-0.664,0.670,-0.404,0.405,1830.054,Fuzzy
1234,59.0134,1554.040,0.807,967.036,48.960,-0.652,35.178,60.291,60.288,316288.9,316.29,32264.70,6664.70,1.000,0.817,-0.666,0.672,-0.402,0.403,1830.354,Fuzzy
1235,59.0184,1554.285,0.803,967.212,48.960,-0.652,35.178,60.290,60.287,316282.5,316.28,32264.18,6664.18,1.000,0.812,-0.668,0.674,-0.399,0.401,1830.655,Fuzzy
1236,59.0234,1554.529,0.800,967.387,48.959,-0.652,35.178,60.290,60.286,316276.0,316.28,32263.66,6663.66,1.000,0.807,-0.670,0.676,-0.397,0.398,1830.956,Fuzzy
1237,59.0284,1554.774,0.797,967.563,48.958,-0.652,35.177,60.289,60.286,316269.5,316.27,32263.14,6663.14,1.000,0.802,-0.672,0.678,-0.395,0.396,1831.257,Fuzzy
1238,59.0334,1555.019,0.794,967.739,48.958,-0.652,35.177,60.289,60.285,316263.1,316.26,32262.63,6662.63,1.000,0.798,-0.674,0.680,-0.392,0.394,1831.557,Fuzzy
1239,59.0384,1555.264,0.790,967.915,48.957,-0.652,35.177,60.288,60.284,316256.6,316.26,32262.11,6662.11,1.000,0.793,-0.676,0.682,-0.390,0.391,1831.858,Fuzzy
1240,59.0434,1555.508,0.787,968.091,48.956,-0.652,35.177,60.287,60.284,316250.1,316.25,32261.59,6661.59,1.000,0.788,-0.678,0.684,-0.388,0.389,1832.159,Fuzzy
1241,59.0484,1555.753,0.784,968.267,48.956,-0.652,35.176,60.287,60.283,316243.7,316.24,32261.07,6661.07,1.000,0.783,-0.680,0.686,-0.385,0.386,1832.460,Fuzzy
1242,59.0534,1555.998,0.781,968.443,48.955,-0.652,35.176,60.286,60.282,316237.3,316.24,32260.55,6660.55,1.000,0.778,-0.682,0.687,-0.383,0.384,1832.760,Fuzzy
1243,59.0584,1556.243,0.777,968.619,48.955,-0.652,35.176,60.285,60.282,316230.8,316.23,32260.03,6660.03,1.000,0.774,-0.684,0.689,-0.381,0.382,1833.061,Fuzzy
1244,59.0634,1556.487,0.774,968.795,48.954,-0.652,35.176,60.285,60.281,316224.3,316.22,32259.51,6659.51,1.000,0.769,-0.685,0.691,-0.378,0.379,1833.362,Fuzzy
1245,59.0684,1556.732,0.771,968.971,48.953,-0.652,35.175,60.284,60.280,316217.9,316.22,32259.00,6659.00,1.000,0.764,-0.687,0.693,-0.376,0.377,1833.663,Fuzzy
1246,59.0734,1556.977,0.768,969.146,48.953,-0.652,35.175,60.283,60.280,316211.4,316.21,32258.48,6658.48,1.000,0.759,-0.689,0.695,-0.373,0.374,1833.963,Fuzzy
1247,59.0784,1557.222,0.764,969.322,48.952,-0.652,35.175,60.282,60.279,316205.0,316.21,32257.96,6657.96,1.000,0.754,-0.691,0.696,-0.371,0.372,1834.264,Fuzzy
1248,59.0834,1557.466,0.761,969.498,48.951,-0.652,35.174,60.282,60.278,316198.5,316.20,32257.44,6657.44,1.000,0.749,-0.692,0.698,-0.368,0.370,1834.565,Fuzzy
1249,59.0884,1557.711,0.758,969.674,48.951,-0.652,35.174,60.281,60.278,316192.1,316.19,32256.92,6656.92,1.000,0.744,-0.694,0.700,-0.366,0.367,1834.866,Fuzzy
1250,59.0934,1557.956,0.755,969.850,48.950,-0.652,35.174,60.280,60.277,316185.7,316.19,32256.40,6656.40,1.000,0.739,-0.696,0.701,-0.364,0.365,1835.166,Fuzzy
1251,59.0984,1558.201,0.751,970.026,48.949,-0.652,35.174,60.280,60.276,316179.2,316.18,32255.88,6655.88,1.000,0.734,-0.697,0.703,-0.361,0.362,1835.467,Fuzzy
1252,59.1034,1558.445,0.748,970.202,48.949,-0.652,35.173,60.279,60.275,316172.8,316.17,32255.37,6655.37,1.000,0.729,-0.699,0.705,-0.359,0.360,1835.768,Fuzzy
1253,59.1084,1558.690,0.745,970.377,48.948,-0.652,35.173,60.278,60.275,316166.3,316.17,32254.85,6654.85,1.000,0.724,-0.701,0.706,-0.356,0.357,1836.068,Fuzzy
1254,59.1134,1558.935,0.741,970.553,48.947,-0.652,35.173,60.277,60.274,316159.9,316.16,32254.33,6654.33,1.000,0.719,-0.702,0.708,-0.354,0.355,1836.369,Fuzzy
1255,59.1184,1559.180,0.738,970.729,48.946,-0.652,35.172,60.277,60.273,316153.5,316.15,32253.81,6653.81,1.000,0.714,-0.704,0.709,-0.351,0.352,1836.670,Fuzzy
1256,59.1234,1559.424,0.735,970.905,48.946,-0.652,35.172,60.276,60.272,316147.1,316.15,32253.29,6653.29,1.000,0.709,-0.705,0.711,-0.349,0.350,1836.970,Fuzzy
1257,59.1284,1559.669,0.732,971.081,48.945,-0.652,35.172,60.275,60.272,316140.7,316.14,32252.77,6652.77,1.000,0.704,-0.706,0.712,-0.346,0.347,1837.271,Fuzzy
1258,59.1334,1559.914,0.728,971.257,48.944,-0.652,35.171,60.274,60.271,316134.2,316.13,32252.26,6652.26,1.000,0.699,-0.708,0.713,-0.344,0.345,1837.572,Fuzzy
1259,59.1384,1560.159,0.725,971.433,48.944,-0.652,35.171,60.273,60.270,316127.8,316.13,32251.74,6651.74,1.000,0.694,-0.709,0.715,-0.341,0.342,1837.873,Fuzzy
1260,59.1434,1560.403,0.722,971.608,48.943,-0.652,35.171,60.273,60.269,316121.4,316.12,32251.22,6651.22,1.000,0.689,-0.711,0.716,-0.339,0.340,1838.173,Fuzzy
1261,59.1484,1560.648,0.719,971.784,48.942,-0.652,35.170,60.272,60.268,316115.0,316.12,32250.70,6650.70,1.000,0.684,-0.712,0.718,-0.336,0.337,1838.474,Fuzzy
1262,59.1534,1560.893,0.715,971.960,48.941,-0.652,35.170,60.271,60.268,316108.6,316.11,32250.18,6650.18,1.000,0.679,-0.713,0.719,-0.334,0.335,1838.775,Fuzzy
1263,59.1584,1561.138,0.712,972.136,48.941,-0.652,35.170,60.270,60.267,316102.2,316.10,32249.67,6649.67,0.999,0.674,-0.715,0.720,-0.331,0.332,1839.075,Fuzzy
1264,59.1634,1561.382,0.709,972.312,48.940,-0.652,35.169,60.269,60.266,316095.8,316.10,32249.15,6649.15,0.999,0.669,-0.716,0.721,-0.329,0.330,1839.376,Fuzzy
1265,59.1684,1561.627,0.706,972.488,48.939,-0.652,35.169,60.269,60.265,316089.4,316.09,32248.63,6648.63,0.999,0.664,-0.717,0.723,-0.326,0.327,1839.677,Fuzzy
1266,59.1734,1561.872,0.702,972.663,48.938,-0.652,35.168,60.268,60.264,316083.0,316.08,32248.11,6648.11,0.999,0.659,-0.718,0.724,-0.324,0.325,1839.978,Fuzzy
1267,59.1784,1562.116,0.699,972.839,48.938,-0.652,35.168,60.267,60.263,316076.6,316.08,32247.59,6647.59,0.999,0.653,-0.719,0.725,-0.321,0.322,1840.278,Fuzzy
1268,59.1834,1562.361,0.696,973.015,48.937,-0.652,35.168,60.266,60.262,316070.2,316.07,32247.07,6647.08,0.999,0.648,-0.721,0.726,-0.319,0.320,1840.579,Fuzzy
1269,59.1884,1562.606,0.693,973.191,48.936,-0.652,35.167,60.265,60.262,316063.8,316.06,32246.56,6646.56,0.999,0.643,-0.722,0.727,-0.316,0.317,1840.880,Fuzzy
1270,59.1934,1562.850,0.689,973.367,48.935,-0.652,35.167,60.264,60.261,316057.4,316.06,32246.04,6646.04,0.999,0.638,-0.723,0.728,-0.314,0.315,1841.180,Fuzzy
1271,59.1984,1563.095,0.686,973.543,48.934,-0.652,35.166,60.263,60.260,316051.0,316.05,32245.52,6645.52,0.999,0.633,-0.724,0.729,-0.311,0.312,1841.481,Fuzzy
1272,59.2034,1563.340,0.683,973.718,48.934,-0.652,35.166,60.263,60.259,316044.6,316.04,32245.00,6645.00,0.999,0.628,-0.725,0.730,-0.309,0.309,1841.781,Fuzzy
1273,59.2084,1563.584,0.680,973.894,48.933,-0.652,35.166,60.262,60.258,316038.2,316.04,32244.48,6644.49,0.999,0.623,-0.726,0.731,-0.306,0.307,1842.082,Fuzzy
1274,59.2134,1563.829,0.676,974.070,48.932,-0.652,35.165,60.261,60.257,316031.8,316.03,32243.97,6643.97,0.999,0.618,-0.727,0.732,-0.303,0.304,1842.383,Fuzzy
1275,59.2184,1564.073,0.673,974.246,48.931,-0.652,35.165,60.260,60.256,316025.5,316.03,32243.45,6643.45,0.999,0.612,-0.728,0.733,-0.301,0.302,1842.683,Fuzzy
1276,59.2235,1564.318,0.670,974.422,48.930,-0.652,35.164,60.259,60.255,316019.1,316.02,32242.93,6642.93,0.999,0.607,-0.729,0.734,-0.298,0.299,1842.984,Fuzzy
1277,59.2285,1564.563,0.666,974.598,48.930,-0.652,35.164,60.258,60.254,316012.7,316.01,32242.41,6642.41,0.999,0.602,-0.730,0.735,-0.296,0.297,1843.284,Fuzzy
1278,59.2335,1564.807,0.663,974.774,48.929,-0.652,35.163,60.257,60.254,316006.3,316.01,32241.89,6641.90,0.999,0.597,-0.730,0.736,-0.293,0.294,1843.585,Fuzzy
1279,59.2385,1565.052,0.660,974.949,48.928,-0.652,35.163,60.256,60.253,316000.0,316.00,32241.38,6641.38,0.999,0.592,-0.731,0.737,-0.291,0.291,1843.886,Fuzzy
1280,59.2435,1565.297,0.657,975.125,48.927,-0.652,35.163,60.255,60.252,315993.6,315.99,32240.86,6640.86,0.999,0.587,-0.732,0.737,-0.288,0.289,1844.186,Fuzzy
1281,59.2485,1565.541,0.653,975.301,48.926,-0.652,35.162,60.254,60.251,315987.3,315.99,32240.34,6640.34,0.999,0.581,-0.733,0.738,-0.285,0.286,1844.487,Fuzzy
1282,59.2535,1565.786,0.650,975.477,48.925,-0.652,35.162,60.253,60.250,315980.9,315.98,32239.82,6639.82,0.999,0.576,-0.734,0.739,-0.283,0.284,1844.787,Fuzzy
1283,59.2585,1566.031,0.647,975.653,48.925,-0.652,35.161,60.252,60.249,315974.5,315.97,32239.30,6639.30,0.999,0.571,-0.734,0.740,-0.280,0.281,1845.088,Fuzzy
1284,59.2635,1566.275,0.644,975.828,48.924,-0.652,35.161,60.251,60.248,315968.2,315.97,32238.79,6638.79,0.999,0.566,-0.735,0.740,-0.278,0.279,1845.389,Fuzzy
1285,59.2685,1566.520,0.640,976.004,48.923,-0.652,35.160,60.250,60.247,315961.8,315.96,32238.27,6638.27,0.999,0.561,-0.736,0.741,-0.275,0.276,1845.689,Fuzzy
1286,59.2735,1566.764,0.637,976.180,48.922,-0.652,35.160,60.249,60.246,315955.4,315.96,32237.75,6637.75,0.999,0.555,-0.736,0.742,-0.273,0.273,1845.990,Fuzzy
1287,59.2785,1567.009,0.634,976.356,48.921,-0.652,35.159,60.248,60.245,315949.1,315.95,32237.23,6637.23,0.999,0.550,-0.737,0.742,-0.270,0.271,1846.290,Fuzzy
1288,59.2835,1567.254,0.631,976.531,48.920,-0.652,35.159,60.247,60.244,315942.8,315.94,32236.71,6636.71,0.999,0.545,-0.737,0.743,-0.267,0.268,1846.591,Fuzzy
1289,59.2885,1567.498,0.627,976.707,48.919,-0.652,35.158,60.246,60.243,315936.4,315.94,32236.20,6636.20,0.999,0.540,-0.738,0.743,-0.265,0.265,1846.891,Fuzzy
1290,59.2935,1567.743,0.624,976.883,48.918,-0.652,35.158,60.245,60.242,315930.1,315.93,32235.68,6635.68,0.999,0.534,-0.739,0.744,-0.262,0.263,1847.192,Fuzzy
1291,59.2985,1567.988,0.621,977.059,48.917,-0.652,35.157,60.244,60.241,315923.7,315.92,32235.16,6635.16,0.999,0.529,-0.739,0.744,-0.260,0.260,1847.493,Fuzzy
1292,59.3035,1568.232,0.618,977.235,48.917,-0.652,35.157,60.243,60.240,315917.4,315.92,32234.64,6634.64,0.999,0.524,-0.739,0.745,-0.257,0.258,1847.793,Fuzzy
1293,59.3085,1568.477,0.614,977.410,48.916,-0.652,35.156,60.242,60.239,315911.1,315.91,32234.12,6634.12,0.999,0.519,-0.740,0.745,-0.254,0.255,1848.094,Fuzzy
1294,59.3135,1568.721,0.611,977.586,48.915,-0.652,35.156,60.241,60.238,315904.7,315.90,32233.61,6633.61,0.999,0.513,-0.740,0.746,-0.252,0.252,1848.394,Fuzzy
1295,59.3185,1568.966,0.608,977.762,48.914,-0.652,35.155,60.240,60.237,315898.4,315.90,32233.09,6633.09,0.999,0.508,-0.741,0.746,-0.249,0.250,1848.695,Fuzzy
1296,59.3235,1569.211,0.605,977.938,48.913,-0.652,35.155,60.239,60.235,315892.1,315.89,32232.57,6632.57,0.999,0.503,-0.741,0.746,-0.247,0.247,1848.995,Fuzzy
1297,59.3285,1569.455,0.601,978.114,48.912,-0.652,35.154,60.238,60.234,315885.8,315.89,32232.05,6632.05,0.999,0.497,-0.741,0.747,-0.244,0.245,1849.296,Fuzzy
1298,59.3335,1569.700,0.598,978.289,48.911,-0.652,35.153,60.237,60.233,315879.4,315.88,32231.53,6631.53,0.999,0.492,-0.742,0.747,-0.241,0.242,1849.596,Fuzzy
1299,59.3385,1569.944,0.595,978.465,48.910,-0.652,35.153,60.236,60.232,315873.2,315.87,32231.02,6631.02,0.999,0.487,-0.742,0.747,-0.239,0.239,1849.897,Fuzzy
1300,59.3435,1570.189,0.591,978.641,48.909,-0.652,35.152,60.235,60.231,315866.8,315.87,32230.50,6630.50,0.999,0.482,-0.742,0.748,-0.236,0.237,1850.197,Fuzzy
1301,59.3485,1570.433,0.588,978.817,48.908,-0.652,35.152,60.234,60.230,315860.5,315.86,32229.98,6629.98,0.999,0.476,-0.743,0.748,-0.233,0.234,1850.498,Fuzzy
1302,59.3535,1570.678,0.585,978.992,48.907,-0.653,35.151,60.232,60.229,315854.2,315.85,32229.46,6629.46,0.999,0.471,-0.743,0.748,-0.231,0.231,1850.798,Fuzzy
1303,59.3585,1570.922,0.582,979.168,48.906,-0.653,35.151,60.231,60.228,315847.9,315.85,32228.94,6628.94,0.999,0.466,-0.743,0.748,-0.228,0.229,1851.099,Fuzzy
1304,59.3635,1571.167,0.578,979.344,48.905,-0.653,35.150,60.230,60.227,315841.6,315.84,32228.43,6628.43,0.999,0.461,-0.743,0.748,-0.226,0.226,1851.399,Fuzzy
1305,59.3685,1571.411,0.575,979.520,48.904,-0.653,35.149,60.229,60.226,315835.3,315.84,32227.91,6627.91,0.999,0.455,-0.743,0.748,-0.223,0.223,1851.700,Fuzzy
1306,59.3735,1571.656,0.572,979.695,48.903,-0.653,35.149,60.228,60.224,315829.0,315.83,32227.39,6627.39,0.999,0.450,-0.743,0.749,-0.220,0.221,1852.000,Fuzzy
1307,59.3785,1571.900,0.569,979.871,48.902,-0.653,35.148,60.227,60.223,315822.8,315.82,32226.87,6626.87,0.999,0.445,-0.743,0.749,-0.218,0.218,1852.301,Fuzzy
1308,59.3835,1572.145,0.565,980.047,48.901,-0.653,35.148,60.226,60.222,315816.5,315.82,32226.36,6626.36,0.999,0.440,-0.743,0.749,-0.215,0.216,1852.601,Fuzzy
1309,59.3885,1572.389,0.562,980.223,48.900,-0.653,35.147,60.225,60.221,315810.2,315.81,32225.84,6625.84,0.999,0.434,-0.744,0.749,-0.212,0.213,1852.901,Fuzzy
1310,59.3935,1572.634,0.559,980.398,48.899,-0.653,35.146,60.223,60.220,315803.9,315.80,32225.32,6625.32,0.999,0.429,-0.744,0.749,-0.210,0.210,1853.202,Fuzzy
1311,59.3985,1572.878,0.556,980.574,48.898,-0.653,35.146,60.222,60.219,315797.7,315.80,32224.80,6624.80,0.999,0.424,-0.743,0.749,-0.207,0.208,1853.502,Fuzzy
1312,59.4035,1573.123,0.552,980.750,48.897,-0.653,35.145,60.221,60.217,315791.4,315.79,32224.29,6624.29,0.999,0.418,-0.743,0.749,-0.205,0.205,1853.803,Fuzzy
1313,59.4085,1573.367,0.549,980.925,48.896,-0.653,35.144,60.220,60.216,315785.1,315.79,32223.77,6623.77,0.999,0.413,-0.743,0.749,-0.202,0.202,1854.103,Fuzzy
1314,59.4135,1573.612,0.546,981.101,48.895,-0.653,35.144,60.219,60.215,315778.9,315.78,32223.25,6623.25,0.999,0.408,-0.743,0.748,-0.199,0.200,1854.404,Fuzzy
1315,59.4185,1573.856,0.543,981.277,48.894,-0.653,35.143,60.217,60.214,315772.6,315.77,32222.73,6622.73,0.999,0.403,-0.743,0.748,-0.197,0.197,1854.704,Fuzzy
1316,59.4235,1574.101,0.539,981.453,48.893,-0.653,35.143,60.216,60.213,315766.3,315.77,32222.21,6622.22,0.999,0.397,-0.743,0.748,-0.194,0.194,1855.005,Fuzzy
1317,59.4285,1574.345,0.536,981.628,48.892,-0.653,35.142,60.215,60.211,315760.1,315.76,32221.70,6621.70,0.999,0.392,-0.743,0.748,-0.191,0.192,1855.305,Fuzzy
1318,59.4335,1574.590,0.533,981.804,48.891,-0.653,35.141,60.214,60.210,315753.9,315.75,32221.18,6621.18,0.999,0.387,-0.743,0.748,-0.189,0.189,1855.606,Fuzzy
1319,59.4385,1574.834,0.529,981.980,48.890,-0.653,35.141,60.212,60.209,315747.6,315.75,32220.66,6620.66,0.999,0.382,-0.742,0.747,-0.186,0.187,1855.906,Fuzzy
1320,59.4435,1575.079,0.526,982.156,48.889,-0.653,35.140,60.211,60.208,315741.4,315.74,32220.14,6620.15,0.999,0.376,-0.742,0.747,-0.184,0.184,1856.206,Fuzzy
1321,59.4485,1575.323,0.523,982.331,48.888,-0.653,35.139,60.210,60.206,315735.1,315.74,32219.63,6619.63,0.999,0.371,-0.742,0.747,-0.181,0.181,1856.507,Fuzzy
1322,59.4535,1575.568,0.520,982.507,48.887,-0.653,35.139,60.209,60.205,315728.9,315.73,32219.11,6619.11,0.999,0.366,-0.742,0.747,-0.178,0.179,1856.807,Fuzzy
1323,59.4585,1575.812,0.516,982.683,48.886,-0.653,35.138,60.207,60.204,315722.7,315.72,32218.59,6618.59,0.999,0.360,-0.741,0.746,-0.176,0.176,1857.108,Fuzzy
1324,59.4635,1576.056,0.513,982.858,48.885,-0.653,35.137,60.206,60.203,315716.5,315.72,32218.07,6618.08,0.999,0.355,-0.741,0.746,-0.173,0.173,1857.408,Fuzzy
1325,59.4685,1576.301,0.510,983.034,48.884,-0.653,35.136,60.205,60.201,315710.3,315.71,32217.56,6617.56,0.999,0.350,-0.740,0.746,-0.170,0.171,1857.708,Fuzzy
1326,59.4735,1576.545,0.507,983.210,48.883,-0.653,35.136,60.204,60.200,315704.0,315.70,32217.04,6617.04,0.999,0.345,-0.740,0.745,-0.168,0.168,1858.008,Fuzzy
1327,59.4785,1576.789,0.503,983.385,48.882,-0.653,35.135,60.202,60.199,315697.8,315.70,32216.52,6616.52,0.999,0.339,-0.740,0.745,-0.165,0.166,1858.309,Fuzzy
1328,59.4835,1577.034,0.500,983.561,48.881,-0.653,35.134,60.201,60.197,315691.6,315.69,32216.00,6616.00,0.999,0.334,-0.739,0.744,-0.162,0.163,1858.609,Fuzzy
1329,59.4885,1577.278,0.497,983.737,48.879,-0.653,35.134,60.200,60.196,315685.4,315.69,32215.49,6615.49,0.999,0.329,-0.739,0.744,-0.160,0.160,1858.909,Fuzzy
1330,59.4935,1577.523,0.494,983.912,48.878,-0.653,35.133,60.198,60.195,315679.2,315.68,32214.97,6614.97,0.999,0.324,-0.738,0.743,-0.157,0.158,1859.210,Fuzzy
1331,59.4985,1577.767,0.490,984.088,48.877,-0.653,35.132,60.197,60.193,315673.0,315.67,32214.45,6614.45,0.999,0.318,-0.738,0.743,-0.155,0.155,1859.510,Fuzzy
1332,59.5035,1578.011,0.487,984.264,48.876,-0.653,35.131,60.196,60.192,315666.8,315.67,32213.93,6613.93,0.999,0.313,-0.737,0.742,-0.152,0.152,1859.810,Fuzzy
1333,59.5085,1578.256,0.484,984.439,48.875,-0.653,35.131,60.194,60.191,315660.6,315.66,32213.42,6613.42,0.999,0.308,-0.737,0.742,-0.149,0.150,1860.111,Fuzzy
1334,59.5135,1578.500,0.481,984.615,48.874,-0.653,35.130,60.193,60.189,315654.4,315.65,32212.90,6612.90,0.999,0.303,-0.736,0.741,-0.147,0.147,1860.411,Fuzzy
1335,59.5185,1578.745,0.477,984.791,48.873,-0.653,35.129,60.192,60.188,315648.2,315.65,32212.38,6612.38,0.999,0.297,-0.735,0.740,-0.144,0.145,1860.711,Fuzzy
1336,59.5235,1578.989,0.474,984.966,48.872,-0.653,35.128,60.190,60.187,315642.1,315.64,32211.86,6611.86,0.999,0.292,-0.735,0.740,-0.142,0.142,1861.012,Fuzzy
1337,59.5285,1579.233,0.471,985.142,48.871,-0.653,35.128,60.189,60.185,315635.8,315.64,32211.35,6611.35,0.999,0.287,-0.734,0.739,-0.139,0.139,1861.312,Fuzzy
1338,59.5335,1579.478,0.467,985.318,48.869,-0.653,35.127,60.188,60.184,315629.7,315.63,32210.83,6610.83,0.999,0.282,-0.733,0.738,-0.136,0.137,1861.612,Fuzzy
1339,59.5385,1579.722,0.464,985.493,48.868,-0.653,35.126,60.186,60.183,315623.5,315.62,32210.31,6610.31,0.999,0.277,-0.733,0.738,-0.134,0.134,1861.913,Fuzzy
1340,59.5435,1579.966,0.461,985.669,48.867,-0.653,35.125,60.185,60.181,315617.3,315.62,32209.79,6609.79,0.999,0.271,-0.732,0.737,-0.131,0.132,1862.213,Fuzzy
1341,59.5485,1580.211,0.458,985.844,48.866,-0.653,35.125,60.183,60.180,315611.2,315.61,32209.28,6609.28,0.999,0.266,-0.731,0.736,-0.128,0.129,1862.513,Fuzzy
1342,59.5535,1580.455,0.454,986.020,48.865,-0.653,35.124,60.182,60.178,315605.0,315.61,32208.76,6608.76,0.999,0.261,-0.730,0.735,-0.126,0.126,1862.813,Fuzzy
1343,59.5585,1580.699,0.451,986.196,48.864,-0.653,35.123,60.181,60.177,315598.9,315.60,32208.24,6608.24,0.999,0.256,-0.729,0.734,-0.123,0.124,1863.114,Fuzzy
1344,59.5635,1580.944,0.448,986.371,48.862,-0.653,35.122,60.179,60.176,315592.8,315.59,32207.72,6607.72,0.999,0.251,-0.729,0.734,-0.121,0.121,1863.414,Fuzzy
1345,59.5685,1581.188,0.445,986.547,48.861,-0.653,35.121,60.178,60.174,315586.6,315.59,32207.21,6607.21,0.999,0.245,-0.728,0.733,-0.118,0.119,1863.714,Fuzzy
1346,59.5735,1581.432,0.441,986.722,48.860,-0.653,35.121,60.176,60.173,315580.5,315.58,32206.69,6606.69,0.999,0.241,-0.727,0.732,-0.116,0.116,1864.014,Fuzzy
1347,59.5785,1581.677,0.438,986.898,48.859,-0.653,35.120,60.175,60.171,315574.3,315.57,32206.17,6606.17,0.999,0.235,-0.726,0.731,-0.113,0.113,1864.314,Fuzzy
1348,59.5835,1581.921,0.435,987.074,48.858,-0.653,35.119,60.173,60.170,315568.2,315.57,32205.65,6605.65,0.999,0.230,-0.725,0.730,-0.110,0.111,1864.615,Fuzzy
1349,59.5885,1582.165,0.432,987.249,48.856,-0.653,35.118,60.172,60.168,315562.0,315.56,32205.13,6605.14,0.999,0.225,-0.724,0.729,-0.108,0.108,1864.915,Fuzzy
1350,59.5935,1582.409,0.428,987.425,48.855,-0.653,35.117,60.170,60.167,315556.0,315.56,32204.62,6604.62,0.999,0.220,-0.723,0.728,-0.105,0.105,1865.215,Fuzzy
1351,59.5985,1582.654,0.425,987.600,48.854,-0.653,35.116,60.169,60.165,315549.8,315.55,32204.10,6604.10,0.999,0.215,-0.722,0.727,-0.103,0.103,1865.515,Fuzzy
1352,59.6035,1582.898,0.422,987.776,48.853,-0.653,35.116,60.167,60.164,315543.7,315.54,32203.58,6603.58,0.999,0.209,-0.721,0.726,-0.100,0.100,1865.815,Fuzzy
1353,59.6085,1583.142,0.418,987.952,48.852,-0.653,35.115,60.166,60.162,315537.6,315.54,32203.07,6603.07,0.999,0.205,-0.720,0.725,-0.098,0.098,1866.115,Fuzzy
1354,59.6135,1583.386,0.415,988.127,48.850,-0.653,35.114,60.164,60.161,315531.5,315.53,32202.55,6602.55,0.999,0.200,-0.719,0.724,-0.095,0.095,1866.416,Fuzzy
1355,59.6185,1583.631,0.412,988.303,48.849,-0.653,35.113,60.163,60.159,315525.4,315.53,32202.03,6602.03,0.999,0.194,-0.718,0.723,-0.093,0.093,1866.716,Fuzzy
1356,59.6235,1583.875,0.409,988.478,48.848,-0.653,35.112,60.161,60.158,315519.3,315.52,32201.52,6601.52,0.999,0.189,-0.717,0.722,-0.090,0.090,1867.016,Fuzzy
1357,59.6285,1584.119,0.405,988.654,48.847,-0.653,35.111,60.160,60.156,315513.3,315.51,32201.00,6601.00,0.999,0.185,-0.716,0.720,-0.087,0.087,1867.316,Fuzzy
1358,59.6335,1584.363,0.402,988.829,48.845,-0.654,35.110,60.158,60.155,315507.2,315.51,32200.48,6600.48,0.999,0.179,-0.715,0.719,-0.085,0.085,1867.616,Fuzzy
1359,59.6385,1584.608,0.399,989.005,48.844,-0.654,35.110,60.157,60.153,315501.1,315.50,32199.96,6599.96,0.999,0.174,-0.713,0.718,-0.082,0.082,1867.917,Fuzzy
1360,59.6435,1584.852,0.396,989.180,48.843,-0.654,35.109,60.155,60.152,315495.0,315.50,32199.45,6599.45,0.999,0.169,-0.712,0.717,-0.080,0.080,1868.217,Fuzzy
1361,59.6485,1585.096,0.392,989.356,48.842,-0.654,35.108,60.154,60.150,315488.9,315.49,32198.93,6598.93,0.999,0.164,-0.711,0.716,-0.077,0.077,1868.517,Fuzzy
1362,59.6535,1585.340,0.389,989.531,48.840,-0.654,35.107,60.152,60.149,315482.8,315.48,32198.41,6598.41,0.999,0.158,-0.710,0.714,-0.075,0.075,1868.817,Fuzzy
1363,59.6585,1585.585,0.386,989.707,48.839,-0.654,35.106,60.151,60.147,315476.8,315.48,32197.90,6597.90,0.999,0.153,-0.709,0.713,-0.072,0.072,1869.117,Fuzzy
1364,59.6635,1585.829,0.383,989.883,48.838,-0.654,35.105,60.149,60.146,315470.8,315.47,32197.38,6597.38,0.999,0.149,-0.707,0.712,-0.069,0.070,1869.417,Fuzzy
1365,59.6685,1586.073,0.379,990.058,48.836,-0.654,35.104,60.147,60.144,315464.7,315.46,32196.86,6596.86,0.999,0.144,-0.706,0.711,-0.067,0.067,1869.717,Fuzzy
1366,59.6735,1586.317,0.376,990.234,48.835,-0.654,35.103,60.146,60.142,315458.7,315.46,32196.34,6596.35,0.999,0.138,-0.705,0.709,-0.065,0.065,1870.017,Fuzzy
1367,59.6785,1586.561,0.373,990.409,48.834,-0.654,35.102,60.144,60.141,315452.6,315.45,32195.83,6595.83,0.999,0.134,-0.703,0.708,-0.062,0.062,1870.317,Fuzzy
1368,59.6835,1586.805,0.369,990.585,48.832,-0.654,35.101,60.143,60.139,315446.6,315.45,32195.31,6595.31,0.999,0.128,-0.702,0.706,-0.060,0.060,1870.617,Fuzzy
1369,59.6886,1587.049,0.366,990.760,48.831,-0.654,35.100,60.141,60.138,315440.6,315.44,32194.79,6594.79,0.999,0.124,-0.701,0.705,-0.057,0.057,1870.917,Fuzzy
1370,59.6936,1587.294,0.363,990.936,48.830,-0.654,35.100,60.140,60.136,315434.5,315.43,32194.28,6594.28,0.999,0.119,-0.699,0.704,-0.054,0.055,1871.217,Fuzzy
1371,59.6986,1587.538,0.360,991.111,48.829,-0.654,35.099,60.138,60.134,315428.5,315.43,32193.76,6593.76,0.999,0.114,-0.698,0.702,-0.052,0.052,1871.517,Fuzzy
1372,59.7036,1587.782,0.356,991.287,48.827,-0.654,35.098,60.136,60.133,315422.5,315.42,32193.24,6593.24,0.999,0.108,-0.696,0.701,-0.049,0.050,1871.817,Fuzzy
1373,59.7086,1588.026,0.353,991.462,48.826,-0.654,35.097,60.135,60.131,315416.5,315.42,32192.72,6592.73,0.999,0.105,-0.695,0.699,-0.047,0.047,1872.117,Fuzzy
1374,59.7136,1588.270,0.350,991.638,48.825,-0.654,35.096,60.133,60.129,315410.4,315.41,32192.21,6592.21,0.999,0.099,-0.693,0.698,-0.045,0.045,1872.417,Fuzzy
1375,59.7186,1588.514,0.347,991.813,48.823,-0.654,35.095,60.131,60.128,315404.4,315.40,32191.69,6591.69,0.999,0.095,-0.692,0.696,-0.042,0.042,1872.717,Fuzzy
1376,59.7236,1588.758,0.343,991.989,48.822,-0.654,35.094,60.130,60.126,315398.5,315.40,32191.17,6591.17,0.999,0.088,-0.690,0.695,-0.040,0.040,1873.017,Fuzzy
1377,59.7286,1589.003,0.340,992.164,48.821,-0.654,35.093,60.128,60.124,315392.5,315.39,32190.66,6590.66,0.999,0.084,-0.689,0.693,-0.037,0.037,1873.318,Fuzzy
1378,59.7336,1589.247,0.337,992.339,48.819,-0.654,35.092,60.126,60.123,315386.4,315.39,32190.14,6590.14,0.999,0.079,-0.687,0.692,-0.035,0.035,1873.618,Fuzzy
1379,59.7386,1589.491,0.333,992.515,48.818,-0.654,35.091,60.125,60.121,315380.5,315.38,32189.62,6589.62,0.999,0.074,-0.686,0.690,-0.032,0.032,1873.918,Fuzzy
1380,59.7436,1589.735,0.330,992.690,48.816,-0.654,35.090,60.123,60.119,315374.5,315.37,32189.11,6589.11,0.999,0.069,-0.684,0.688,-0.030,0.030,1874.218,Fuzzy
1381,59.7486,1589.979,0.327,992.866,48.815,-0.654,35.089,60.121,60.118,315368.5,315.37,32188.59,6588.59,0.999,0.066,-0.682,0.687,-0.027,0.027,1874.517,Fuzzy
1382,59.7536,1590.223,0.324,993.041,48.814,-0.654,35.088,60.120,60.116,315362.6,315.36,32188.07,6588.07,0.999,0.059,-0.681,0.685,-0.025,0.025,1874.817,Fuzzy
1383,59.7586,1590.467,0.320,993.217,48.812,-0.654,35.087,60.118,60.114,315356.6,315.36,32187.55,6587.55,0.999,0.056,-0.679,0.683,-0.022,0.022,1875.117,Fuzzy
1384,59.7636,1590.711,0.317,993.392,48.811,-0.654,35.086,60.116,60.113,315350.6,315.35,32187.04,6587.04,0.999,0.048,-0.677,0.682,-0.020,0.020,1875.417,Fuzzy
1385,59.7686,1590.955,0.314,993.568,48.810,-0.654,35.085,60.114,60.111,315344.7,315.34,32186.52,6586.52,0.999,0.044,-0.676,0.680,-0.017,0.017,1875.717,Fuzzy
1386,59.7736,1591.199,0.311,993.743,48.808,-0.654,35.084,60.113,60.109,315338.7,315.34,32186.00,6586.00,0.999,0.040,-0.674,0.678,-0.015,0.015,1876.017,Fuzzy
1387,59.7786,1591.443,0.307,993.918,48.807,-0.654,35.083,60.111,60.107,315332.8,315.33,32185.49,6585.49,0.999,0.034,-0.672,0.677,-0.012,0.012,1876.317,Fuzzy
1388,59.7836,1591.687,0.304,994.094,48.805,-0.654,35.082,60.109,60.106,315326.8,315.33,32184.97,6584.97,0.999,0.028,-0.670,0.675,-0.010,0.010,1876.617,Fuzzy
1389,59.7886,1591.931,0.301,994.269,48.804,-0.654,35.081,60.108,60.104,315320.9,315.32,32184.45,6584.45,0.999,0.028,-0.669,0.673,-0.007,0.007,1876.917,Fuzzy
1390,59.7936,1592.175,0.297,994.445,48.803,-0.654,35.080,60.106,60.102,315314.9,315.31,32183.93,6583.94,0.999,0.020,-0.667,0.671,-0.006,0.006,1877.217,Fuzzy
1391,59.7986,1592.419,0.294,994.620,48.801,-0.654,35.079,60.104,60.100,315309.0,315.31,32183.42,6583.42,0.999,0.020,-0.665,0.669,-0.003,0.003,1877.516,Fuzzy
1392,59.8036,1592.663,0.291,994.795,48.800,-0.654,35.078,60.102,60.099,315303.1,315.30,32182.90,6582.90,0.999,0.000,-0.663,0.667,-0.002,0.002,1877.816,Fuzzy
1393,59.8086,1592.907,0.288,994.971,48.798,-0.654,35.076,60.100,60.097,315297.2,315.30,32182.38,6582.38,0.999,0.000,-0.660,0.666,0.158,-0.005,1878.116,Fuzzy
1394,59.8136,1593.151,0.284,995.146,48.797,-0.654,35.075,60.099,60.095,315291.3,315.29,32181.87,6581.87,0.999,0.000,-0.656,0.664,0.159,-0.006,1878.416,Fuzzy
1395,59.8186,1593.395,0.281,995.322,48.795,-0.654,35.074,60.097,60.093,315285.4,315.29,32181.35,6581.35,0.999,0.000,-0.653,0.662,0.159,-0.007,1878.716,Fuzzy
1396,59.8236,1593.639,0.278,995.497,48.794,-0.654,35.073,60.095,60.091,315279.5,315.28,32180.83,6580.83,0.999,0.000,-0.650,0.660,0.159,-0.008,1879.016,Fuzzy
1397,59.8286,1593.883,0.275,995.672,48.793,-0.654,35.072,60.093,60.089,315273.6,315.27,32180.31,6580.32,0.999,0.000,-0.646,0.658,0.159,-0.009,1879.316,Fuzzy
1398,59.8336,1594.127,0.271,995.848,48.791,-0.654,35.070,60.091,60.088,315267.7,315.27,32179.80,6579.80,0.999,0.000,-0.643,0.656,0.160,-0.010,1879.615,Fuzzy
1399,59.8386,1594.371,0.268,996.023,48.790,-0.654,35.069,60.089,60.086,315261.8,315.26,32179.28,6579.28,0.999,0.020,-0.640,0.654,0.160,-0.011,1879.915,Fuzzy
1400,59.8436,1594.615,0.265,996.198,48.788,-0.654,35.068,60.087,60.084,315256.0,315.26,32178.77,6578.77,0.999,0.020,-0.636,0.651,0.166,-0.169,1880.215,Fuzzy
1401,59.8486,1594.859,0.262,996.374,48.786,-0.655,35.067,60.085,60.082,315250.1,315.25,32178.25,6578.25,0.999,0.028,-0.633,0.647,0.166,-0.170,1880.515,Fuzzy
1402,59.8536,1595.103,0.258,996.549,48.785,-0.655,35.066,60.083,60.080,315244.2,315.24,32177.73,6577.73,0.999,0.034,-0.629,0.644,0.169,-0.172,1880.814,Fuzzy
1403,59.8586,1595.347,0.255,996.724,48.783,-0.655,35.064,60.081,60.078,315238.4,315.24,32177.21,6577.22,0.999,0.034,-0.626,0.640,0.171,-0.174,1881.114,Fuzzy
1404,59.8636,1595.591,0.252,996.900,48.782,-0.655,35.063,60.079,60.076,315232.6,315.23,32176.70,6576.70,0.999,0.040,-0.623,0.637,0.171,-0.174,1881.414,Fuzzy
1405,59.8686,1595.835,0.248,997.075,48.780,-0.655,35.062,60.077,60.074,315226.8,315.23,32176.18,6576.18,0.999,0.044,-0.619,0.633,0.173,-0.176,1881.714,Fuzzy
1406,59.8736,1596.078,0.245,997.250,48.778,-0.655,35.061,60.075,60.072,315220.9,315.22,32175.66,6575.67,0.999,0.048,-0.616,0.630,0.174,-0.178,1882.013,Fuzzy
1407,59.8786,1596.322,0.242,997.426,48.777,-0.655,35.059,60.073,60.070,315215.1,315.22,32175.15,6575.15,0.999,0.056,-0.612,0.626,0.176,-0.179,1882.313,Fuzzy
1408,59.8836,1596.566,0.239,997.601,48.775,-0.655,35.058,60.071,60.067,315209.3,315.21,32174.63,6574.63,0.999,0.059,-0.609,0.623,0.178,-0.181,1882.613,Fuzzy
1409,59.8886,1596.810,0.235,997.776,48.774,-0.655,35.057,60.069,60.065,315203.5,315.20,32174.12,6574.12,0.999,0.063,-0.605,0.619,0.179,-0.183,1882.913,Fuzzy
1410,59.8936,1597.054,0.232,997.951,48.772,-0.655,35.056,60.067,60.063,315197.6,315.20,32173.60,6573.60,0.999,0.069,-0.602,0.616,0.180,-0.184,1883.212,Fuzzy
1411,59.8986,1597.298,0.229,998.127,48.770,-0.655,35.054,60.065,60.061,315191.8,315.19,32173.08,6573.08,0.999,0.071,-0.599,0.612,0.182,-0.186,1883.512,Fuzzy
1412,59.9036,1597.542,0.225,998.302,48.769,-0.655,35.053,60.063,60.059,315186.1,315.19,32172.57,6572.57,0.999,0.077,-0.595,0.609,0.183,-0.187,1883.812,Fuzzy
1413,59.9086,1597.786,0.222,998.477,48.767,-0.655,35.052,60.061,60.057,315180.3,315.18,32172.05,6572.05,0.999,0.082,-0.592,0.605,0.185,-0.188,1884.112,Fuzzy
1414,59.9136,1598.030,0.219,998.653,48.765,-0.655,35.051,60.059,60.055,315174.5,315.17,32171.53,6571.53,0.999,0.084,-0.588,0.602,0.186,-0.190,1884.411,Fuzzy
1415,59.9186,1598.273,0.216,998.828,48.764,-0.655,35.049,60.057,60.053,315168.7,315.17,32171.02,6571.02,0.999,0.088,-0.585,0.598,0.187,-0.191,1884.711,Fuzzy
1416,59.9236,1598.517,0.212,999.003,48.762,-0.655,35.048,60.055,60.051,315162.9,315.16,32170.50,6570.50,0.999,0.093,-0.581,0.594,0.188,-0.192,1885.010,Fuzzy
1417,59.9286,1598.761,0.209,999.178,48.760,-0.655,35.047,60.052,60.049,315157.2,315.16,32169.98,6569.98,0.999,0.097,-0.578,0.591,0.190,-0.193,1885.310,Fuzzy
1418,59.9336,1599.005,0.206,999.354,48.759,-0.655,35.046,60.050,60.047,315151.4,315.15,32169.46,6569.47,0.999,0.101,-0.574,0.587,0.191,-0.195,1885.609,Fuzzy
1419,59.9386,1599.248,0.203,999.529,48.757,-0.655,35.044,60.048,60.045,315145.7,315.15,32168.95,6568.95,0.999,0.105,-0.571,0.584,0.192,-0.196,1885.909,Fuzzy
1420,59.9436,1599.492,0.199,999.704,48.756,-0.655,35.043,60.046,60.043,315139.9,315.14,32168.43,6568.43,0.999,0.110,-0.567,0.580,0.193,-0.197,1886.209,Fuzzy
1421,59.9486,1599.736,0.196,999.879,48.754,-0.655,35.042,60.044,60.040,315134.2,315.13,32167.92,6567.92,0.999,0.114,-0.564,0.577,0.195,-0.199,1886.508,Fuzzy
1422,59.9536,1599.980,0.193,1000.054,48.752,-0.655,35.040,60.042,60.038,315128.4,315.13,32167.40,6567.40,0.999,0.117,-0.560,0.573,0.196,-0.200,1886.808,Fuzzy
1423,59.9586,1600.224,0.189,1000.230,48.751,-0.655,35.039,60.040,60.036,315122.7,315.12,32166.88,6566.88,0.999,0.122,-0.557,0.570,0.197,-0.201,1887.107,Fuzzy
1424,59.9636,1600.467,0.186,1000.405,48.749,-0.655,35.038,60.038,60.034,315117.0,315.12,32166.37,6566.37,0.999,0.125,-0.553,0.566,0.199,-0.202,1887.407,Fuzzy
1425,59.9686,1600.711,0.183,1000.580,48.747,-0.655,35.037,60.036,60.032,315111.3,315.11,32165.85,6565.85,0.999,0.130,-0.550,0.563,0.200,-0.203,1887.707,Fuzzy
1426,59.9736,1600.955,0.180,1000.755,48.745,-0.655,35.035,60.033,60.030,315105.5,315.11,32165.33,6565.33,0.999,0.133,-0.546,0.559,0.201,-0.205,1888.006,Fuzzy
1427,59.9786,1601.199,0.176,1000.930,48.744,-0.655,35.034,60.031,60.028,315099.8,315.10,32164.82,6564.82,0.999,0.137,-0.543,0.555,0.202,-0.206,1888.306,Fuzzy
1428,59.9836,1601.442,0.173,1001.105,48.742,-0.655,35.033,60.029,60.026,315094.1,315.09,32164.30,6564.30,0.999,0.141,-0.539,0.552,0.203,-0.207,1888.605,Fuzzy
1429,59.9886,1601.686,0.170,1001.281,48.740,-0.655,35.031,60.027,60.023,315088.4,315.09,32163.78,6563.78,0.999,0.145,-0.536,0.548,0.204,-0.208,1888.905,Fuzzy
1430,59.9936,1601.930,0.167,1001.456,48.739,-0.655,35.030,60.025,60.021,315082.7,315.08,32163.27,6563.27,0.999,0.149,-0.532,0.545,0.206,-0.209,1889.204,Fuzzy
1431,59.9986,1602.173,0.163,1001.631,48.737,-0.655,35.029,60.023,60.019,315077.0,315.08,32162.75,6562.75,0.999,0.153,-0.529,0.541,0.207,-0.210,1889.504,Fuzzy
1432,60.0036,1602.417,0.160,1001.806,48.735,-0.655,35.027,60.021,60.017,315071.3,315.07,32162.23,6562.23,0.999,0.156,-0.525,0.538,0.208,-0.211,1889.803,Fuzzy
1433,60.0086,1602.661,0.157,1001.981,48.734,-0.655,35.026,60.018,60.015,315065.7,315.07,32161.72,6561.72,0.999,0.161,-0.522,0.534,0.209,-0.212,1890.102,Fuzzy
1434,60.0136,1602.904,0.153,1002.156,48.732,-0.655,35.025,60.016,60.013,315060.0,315.06,32161.20,6561.20,0.999,0.164,-0.518,0.530,0.210,-0.214,1890.402,Fuzzy
1435,60.0186,1603.148,0.150,1002.331,48.730,-0.656,35.023,60.014,60.011,315054.3,315.05,32160.68,6560.68,0.999,0.168,-0.515,0.527,0.211,-0.215,1890.701,Fuzzy
1436,60.0236,1603.392,0.147,1002.506,48.728,-0.656,35.022,60.012,60.008,315048.6,315.05,32160.17,6560.17,0.999,0.171,-0.511,0.523,0.212,-0.216,1891.001,Fuzzy
1437,60.0286,1603.635,0.144,1002.682,48.727,-0.656,35.021,60.010,60.006,315043.0,315.04,32159.65,6559.65,0.999,0.175,-0.508,0.520,0.213,-0.217,1891.300,Fuzzy
1438,60.0336,1603.879,0.140,1002.857,48.725,-0.656,35.019,60.008,60.004,315037.3,315.04,32159.13,6559.13,0.999,0.178,-0.504,0.516,0.214,-0.218,1891.600,Fuzzy
1439,60.0386,1604.123,0.137,1003.032,48.723,-0.656,35.018,60.005,60.002,315031.6,315.03,32158.62,6558.62,0.999,0.182,-0.501,0.513,0.215,-0.218,1891.899,Fuzzy
1440,60.0436,1604.366,0.134,1003.207,48.722,-0.656,35.017,60.003,60.000,315026.0,315.03,32158.10,6558.10,0.999,0.186,-0.497,0.509,0.216,-0.220,1892.198,Fuzzy
1441,60.0486,1604.610,0.130,1003.382,48.720,-0.656,35.015,60.001,59.997,315020.3,315.02,32157.58,6557.58,0.999,0.189,-0.494,0.505,0.217,-0.220,1892.498,Fuzzy
1442,60.0536,1604.854,0.127,1003.557,48.718,-0.656,35.014,59.999,59.995,315014.7,315.01,32157.07,6557.07,0.999,0.193,-0.490,0.502,0.218,-0.221,1892.797,Fuzzy
1443,60.0586,1605.097,0.124,1003.732,48.716,-0.656,35.013,59.997,59.993,315009.1,315.01,32156.55,6556.55,0.999,0.196,-0.487,0.498,0.219,-0.222,1893.097,Fuzzy
1444,60.0636,1605.341,0.121,1003.907,48.715,-0.656,35.011,59.994,59.991,315003.4,315.00,32156.04,6556.03,0.999,0.200,-0.483,0.495,0.220,-0.223,1893.396,Fuzzy
1445,60.0686,1605.584,0.117,1004.082,48.713,-0.656,35.010,59.992,59.989,314997.8,315.00,32155.52,6555.52,0.999,0.203,-0.480,0.491,0.221,-0.224,1893.695,Fuzzy
1446,60.0736,1605.828,0.114,1004.257,48.711,-0.656,35.008,59.990,59.986,314992.2,314.99,32155.00,6555.00,0.999,0.207,-0.476,0.488,0.221,-0.225,1893.995,Fuzzy
1447,60.0786,1606.071,0.111,1004.432,48.709,-0.656,35.007,59.988,59.984,314986.6,314.99,32154.48,6554.48,0.999,0.210,-0.473,0.484,0.222,-0.226,1894.294,Fuzzy
1448,60.0836,1606.315,0.108,1004.607,48.708,-0.656,35.006,59.986,59.982,314981.0,314.98,32153.97,6553.97,0.999,0.213,-0.469,0.480,0.223,-0.227,1894.593,Fuzzy
1449,60.0886,1606.558,0.104,1004.782,48.706,-0.656,35.004,59.983,59.980,314975.3,314.98,32153.45,6553.45,0.999,0.217,-0.466,0.477,0.224,-0.228,1894.892,Fuzzy
1450,60.0936,1606.802,0.101,1004.957,48.704,-0.656,35.003,59.981,59.978,314969.8,314.97,32152.93,6552.94,0.999,0.219,-0.462,0.473,0.225,-0.229,1895.192,Fuzzy
1451,60.0986,1607.045,0.098,1005.132,48.702,-0.656,35.002,59.979,59.975,314964.1,314.96,32152.42,6552.42,0.999,0.223,-0.459,0.470,0.226,-0.229,1895.491,Fuzzy
1452,60.1036,1607.289,0.094,1005.307,48.701,-0.656,35.000,59.977,59.973,314958.5,314.96,32151.90,6551.90,0.999,0.226,-0.455,0.466,0.226,-0.230,1895.790,Fuzzy
1453,60.1086,1607.532,0.091,1005.482,48.699,-0.656,34.999,59.974,59.971,314953.0,314.95,32151.39,6551.39,0.999,0.230,-0.452,0.463,0.227,-0.231,1896.089,Fuzzy
1454,60.1136,1607.776,0.088,1005.657,48.697,-0.656,34.997,59.972,59.969,314947.4,314.95,32150.87,6550.87,0.999,0.233,-0.448,0.459,0.228,-0.232,1896.389,Fuzzy
1455,60.1186,1608.019,0.085,1005.832,48.695,-0.656,34.996,59.970,59.966,314941.8,314.94,32150.35,6550.35,0.999,0.236,-0.445,0.456,0.229,-0.233,1896.688,Fuzzy
1456,60.1236,1608.263,0.081,1006.007,48.694,-0.656,34.995,59.968,59.964,314936.3,314.94,32149.84,6549.84,0.999,0.239,-0.442,0.452,0.230,-0.233,1896.987,Fuzzy
1457,60.1286,1608.506,0.078,1006.182,48.692,-0.656,34.993,59.965,59.962,314930.7,314.93,32149.32,6549.32,0.999,0.242,-0.438,0.448,0.230,-0.234,1897.286,Fuzzy
1458,60.1336,1608.750,0.075,1006.357,48.690,-0.656,34.992,59.963,59.960,314925.1,314.93,32148.80,6548.81,0.999,0.245,-0.435,0.445,0.231,-0.235,1897.586,Fuzzy
1459,60.1386,1608.993,0.071,1006.532,48.688,-0.656,34.990,59.961,59.957,314919.6,314.92,32148.29,6548.29,0.999,0.249,-0.431,0.441,0.232,-0.236,1897.885,Fuzzy
1460,60.1436,1609.237,0.068,1006.707,48.686,-0.656,34.989,59.959,59.955,314914.0,314.91,32147.77,6547.77,0.999,0.252,-0.428,0.438,0.233,-0.236,1898.184,Fuzzy
1461,60.1486,1609.480,0.065,1006.882,48.685,-0.656,34.988,59.956,59.953,314908.5,314.91,32147.26,6547.26,0.999,0.255,-0.424,0.434,0.233,-0.237,1898.483,Fuzzy
1462,60.1536,1609.723,0.062,1007.057,48.683,-0.656,34.986,59.954,59.951,314902.9,314.90,32146.74,6546.74,0.999,0.258,-0.421,0.431,0.234,-0.238,1898.782,Fuzzy
1463,60.1587,1609.967,0.058,1007.232,48.681,-0.656,34.985,59.952,59.948,314897.4,314.90,32146.22,6546.23,0.999,0.261,-0.417,0.427,0.235,-0.238,1899.081,Fuzzy
1464,60.1637,1610.210,0.055,1007.407,48.679,-0.656,34.983,59.950,59.946,314891.8,314.89,32145.71,6545.71,0.999,0.264,-0.414,0.424,0.235,-0.239,1899.380,Fuzzy
1465,60.1687,1610.454,0.052,1007.582,48.678,-0.657,34.982,59.947,59.944,314886.3,314.89,32145.19,6545.19,0.999,0.267,-0.410,0.420,0.236,-0.240,1899.679,Fuzzy
1466,60.1737,1610.697,0.048,1007.757,48.676,-0.657,34.981,59.945,59.941,314880.8,314.88,32144.68,6544.68,0.999,0.270,-0.407,0.417,0.237,-0.240,1899.979,Fuzzy
