time,posX,posY,posZ,velX,velY,velZ,thrust,mass,angleError,fuel
0,050,0,09,2495,01,-0,03,1,71,-99,43,-0,68,845000,0,40312,69,3,36,14712,7
0,100,0,17,2490,06,-0,07,1,68,-98,84,-0,75,845000,0,40298,83,3,21,14698,8
0,150,0,25,2485,13,-0,11,1,65,-98,24,-0,81,845000,0,40284,97,3,04,14685,0
0,200,0,34,2480,23,-0,15,1,63,-97,64,-0,87,845000,0,40271,11,2,85,14671,1
0,250,0,42,2475,37,-0,19,1,61,-97,05,-0,92,845000,0,40257,26,2,66,14657,3
0,300,0,50,2470,53,-0,24,1,60,-96,45,-0,97,845000,0,40243,40,2,46,14643,4
0,350,0,58,2465,72,-0,29,1,59,-95,85,-1,01,845000,0,40229,54,2,27,14629,5
0,400,0,66,2460,94,-0,34,1,58,-95,26,-1,05,845000,0,40215,68,2,08,14615,7
0,450,0,74,2456,20,-0,40,1,63,-94,67,-1,09,845000,0,40201,83,1,91,14601,8
0,500,0,82,2451,48,-0,45,1,62,-94,07,-1,12,845000,0,40187,97,1,74,14588,0
0,550,0,90,2446,79,-0,51,1,62,-93,48,-1,15,845000,0,40174,11,1,58,14574,1
0,600,0,98,2442,13,-0,57,1,62,-92,88,-1,18,843244,3,40160,26,1,43,14560,3
0,650,1,06,2437,50,-0,63,1,63,-92,29,-1,21,832512,2,40146,53,1,30,14546,5
0,700,1,14,2432,90,-0,69,1,63,-91,72,-1,23,821899,6,40132,98,1,19,14533,0
0,750,1,22,2428,33,-0,75,1,64,-91,16,-1,25,809972,4,40119,61,1,10,14519,6
0,800,1,31,2423,78,-0,81,1,66,-90,61,-1,27,797225,6,40106,45,1,04,14506,4
0,850,1,39,2419,27,-0,88,1,67,-90,08,-1,28,784900,7,40093,48,1,02,14493,5
0,900,1,47,2414,78,-0,94,1,70,-89,57,-1,30,772900,3,40080,73,1,03,14480,7
0,950,1,56,2410,31,-1,01,1,72,-89,07,-1,31,761265,3,40068,16,1,07,14468,2
1,000,1,65,2405,87,-1,07,1,75,-88,59,-1,27,751748,0,40055,73,1,14,14455,7
1,050,1,73,2401,45,-1,13,1,78,-88,12,-1,26,739111,2,40043,54,1,20,14443,5
1,100,1,82,2397,06,-1,20,1,81,-87,66,-1,24,728421,8,40031,52,1,26,14431,5
1,150,1,92,2392,68,-1,26,1,84,-87,22,-1,22,718040,4,40019,67,1,30,14419,7
1,200,2,01,2388,33,-1,32,1,87,-86,79,-1,21,707926,4,40007,99,1,32,14408,0
1,250,2,10,2384,00,-1,38,1,89,-86,37,-1,19,698122,2,39996,47,1,33,14396,5
1,300,2,20,2379,70,-1,44,1,92,-85,96,-1,17,688615,7,39985,11,1,33,14385,1
1,350,2,29,2375,41,-1,50,1,94,-85,57,-1,16,679339,9,39973,91,1,31,14373,9
1,400,2,39,2371,14,-1,55,1,96,-85,18,-1,14,670366,3,39962,85,1,29,14362,9
1,450,2,49,2366,89,-1,61,1,98,-84,81,-1,12,661628,6,39951,94,1,25,14351,9
1,500,2,59,2362,66,-1,67,1,99,-84,45,-1,11,653143,6,39941,17,1,22,14341,2
1,550,2,69,2358,44,-1,72,2,01,-84,10,-1,09,644929,4,39930,54,1,18,14330,5
1,600,2,79,2354,25,-1,77,2,02,-83,76,-1,07,636920,3,39920,04,1,14,14320,0
1,650,2,89,2350,07,-1,83,2,03,-83,43,-1,06,629161,8,39909,67,1,11,14309,7
1,700,2,99,2345,90,-1,88,2,04,-83,10,-1,04,621589,3,39899,42,1,08,14299,4
1,750,3,10,2341,76,-1,93,2,05,-82,79,-1,02,614276,2,39889,30,1,05,14289,3
1,800,3,20,2337,63,-1,98,2,06,-82,49,-1,00,607186,3,39879,29,1,04,14279,3
1,850,3,30,2333,51,-2,03,2,02,-82,20,-0,99,597428,3,39869,36,1,03,14269,4
1,900,3,40,2329,41,-2,08,2,02,-81,91,-0,97,593672,8,39859,58,1,03,14259,6
1,950,3,50,2325,32,-2,13,2,01,-81,63,-0,95,587167,3,39849,91,1,02,14249,9
2,000,3,60,2321,24,-2,18,2,00,-81,36,-0,93,580823,8,39840,34,1,01,14240,3
2,050,3,70,2317,18,-2,22,1,99,-81,10,-0,92,574661,7,39830,87,0,99,14230,9
2,100,3,80,2313,13,-2,27,1,99,-80,85,-0,90,568701,3,39821,50,0,97,14221,5
2,150,3,90,2309,10,-2,31,1,98,-80,60,-0,89,562879,5,39812,23,0,94,14212,2
2,200,4,00,2305,07,-2,36,1,97,-80,36,-0,88,557245,0,39803,05,0,91,14203,1
2,250,4,10,2301,06,-2,40,1,96,-80,12,-0,86,551762,3,39793,96,0,88,14194,0
2,300,4,20,2297,06,-2,44,1,95,-79,90,-0,85,546425,6,39784,97,0,85,14185,0
2,350,4,29,2293,07,-2,49,1,94,-79,68,-0,84,541255,7,39776,05,0,81,14176,1
2,400,4,39,2289,09,-2,53,1,94,-79,46,-0,83,536246,1,39767,23,0,78,14167,2
2,450,4,49,2285,12,-2,57,1,93,-79,26,-0,83,531362,9,39758,48,0,74,14158,5
2,500,4,58,2281,17,-2,61,1,92,-79,05,-0,82,526627,9,39749,81,0,70,14149,8
2,550,4,68,2277,22,-2,65,1,91,-78,86,-0,81,522035,5,39741,22,0,67,14141,2
2,600,4,77,2273,28,-2,69,1,90,-78,67,-0,81,517552,1,39732,70,0,64,14132,7
2,650,4,87,2269,35,-2,73,1,90,-78,48,-0,80,513227,2,39724,26,0,61,14124,3
2,700,4,96,2265,43,-2,77,1,89,-78,31,-0,80,509000,6,39715,88,0,58,14115,9
2,750,5,06,2261,52,-2,81,1,88,-78,13,-0,80,504894,4,39707,57,0,56,14107,6
2,800,5,15,2257,62,-2,85,1,87,-77,96,-0,79,500931,7,39699,33,0,55,14099,3
2,850,5,24,2253,72,-2,89,1,86,-77,80,-0,82,494658,2,39691,13,0,54,14091,1
2,900,5,34,2249,84,-2,93,1,86,-77,64,-0,83,493413,7,39683,01,0,53,14083,0
2,950,5,43,2245,96,-2,97,1,85,-77,49,-0,83,489763,9,39674,95,0,51,14075,0
3,000,5,52,2242,09,-3,02,1,84,-77,34,-0,83,486210,7,39666,95,0,49,14067,0
3,050,5,61,2238,23,-3,06,1,83,-77,19,-0,83,482749,8,39659,02,0,48,14059,0
3,100,5,71,2234,37,-3,10,1,83,-77,05,-0,83,479405,0,39651,13,0,45,14051,1
3,150,5,80,2230,52,-3,14,1,82,-76,91,-0,83,476171,7,39643,30,0,43,14043,3
3,200,5,89,2226,68,-3,18,1,82,-76,78,-0,84,472990,3,39635,52,0,41,14035,5
3,250,5,98,2222,84,-3,22,1,81,-76,65,-0,84,469912,9,39627,80,0,38,14027,8
3,300,6,07,2219,01,-3,27,1,81,-76,52,-0,84,466935,3,39620,12,0,35,14020,1
3,350,6,16,2215,19,-3,31,1,80,-76,40,-0,84,464053,7,39612,49,0,33,14012,5
3,400,6,25,2211,37,-3,35,1,80,-76,28,-0,84,461237,0,39604,91,0,30,14004,9
3,450,6,34,2207,56,-3,39,1,79,-76,17,-0,84,458509,5,39597,37,0,27,13997,4
3,500,6,43,2203,76,-3,43,1,79,-76,05,-0,84,455840,4,39589,88,0,25,13989,9
3,550,6,52,2199,96,-3,48,1,79,-75,95,-0,85,453253,8,39582,43,0,22,13982,4
3,600,6,61,2196,16,-3,52,1,79,-75,84,-0,85,450746,6,39575,02,0,20,13975,0
3,650,6,70,2192,37,-3,56,1,79,-75,74,-0,85,448315,3,39567,66,0,18,13967,7
3,700,6,79,2188,59,-3,60,1,78,-75,64,-0,85,445930,3,39560,33,0,17,13960,3
3,750,6,88,2184,81,-3,65,1,78,-75,54,-0,85,443643,0,39553,04,0,16,13953,0
3,800,6,96,2181,03,-3,69,1,80,-75,45,-0,85,443041,7,39545,77,0,16,13945,8
3,850,7,05,2177,26,-3,73,1,80,-75,36,-0,86,439287,3,39538,56,0,16,13938,6
3,900,7,14,2173,50,-3,77,1,80,-75,27,-0,86,437165,3,39531,38,0,16,13931,4
3,950,7,23,2169,74,-3,82,1,80,-75,18,-0,86,435103,0,39524,23,0,16,13924,2
4,000,7,32,2165,98,-3,86,1,80,-75,10,-0,86,433125,4,39517,11,0,16,13917,1
4,050,7,41,2162,23,-3,90,1,80,-75,02,-0,87,431174,7,39510,03,0,15,13910,0
4,100,7,50,2158,48,-3,95,1,80,-74,94,-0,87,429298,5,39502,98,0,15,13903,0
4,150,7,59,2154,73,-3,99,1,80,-74,86,-0,87,427454,8,39495,96,0,15,13896,0
4,200,7,68,2150,99,-4,03,1,80,-74,79,-0,87,425613,8,39488,97,0,14,13889,0
4,250,7,77,2147,25,-4,08,1,80,-74,72,-0,87,423857,2,39482,00,0,14,13882,0
4,300,7,86,2143,52,-4,12,1,80,-74,65,-0,87,422128,8,39475,07,0,14,13875,1
4,350,7,95,2139,79,-4,17,1,80,-74,58,-0,88,420427,4,39468,16,0,14,13868,2
4,400,8,04,2136,06,-4,21,1,80,-74,51,-0,88,418778,9,39461,29,0,14,13861,3
4,450,8,13,2132,34,-4,25,1,80,-74,45,-0,88,417155,5,39454,44,0,14,13854,4
4,500,8,22,2128,62,-4,30,1,80,-74,39,-0,88,415583,8,39447,61,0,15,13847,6
4,550,8,31,2124,90,-4,34,1,80,-74,33,-0,87,414034,6,39440,81,0,15,13840,8
4,600,8,40,2121,19,-4,38,1,80,-74,27,-0,87,412518,8,39434,03,0,16,13834,0
4,650,8,49,2117,47,-4,43,1,81,-74,22,-0,86,411046,2,39427,27,0,17,13827,3
4,700,8,58,2113,76,-4,47,1,81,-74,17,-0,86,417690,9,39420,51,0,17,13820,5
4,750,8,67,2110,06,-4,51,1,81,-74,12,-0,86,417001,7,39413,77,0,18,13813,8
4,800,8,76,2106,35,-4,56,1,81,-74,08,-0,86,412259,9,39407,03,0,18,13807,0
4,850,8,85,2102,65,-4,60,1,81,-74,04,-0,86,410651,7,39400,30,0,19,13800,3
4,900,8,95,2098,95,-4,64,1,81,-74,00,-0,86,411050,4,39393,57,0,19,13793,6
4,950,9,04,2095,25,-4,69,1,82,-73,97,-0,87,408735,3,39386,86,0,19,13786,9
5,000,9,13,2091,55,-4,73,1,82,-73,94,-0,87,409632,7,39380,14,0,19,13780,1
5,050,9,22,2087,85,-4,77,1,82,-73,91,-0,86,408878,0,39373,44,0,19,13773,4
5,100,9,31,2084,16,-4,82,1,82,-73,89,-0,86,407930,7,39366,75,0,19,13766,8
5,150,9,40,2080,46,-4,86,1,82,-73,86,-0,87,405072,5,39360,08,0,19,13760,1
5,200,9,49,2076,77,-4,90,1,82,-73,84,-0,87,405818,1,39353,42,0,19,13753,4
5,250,9,58,2073,08,-4,95,1,83,-73,81,-0,87,404840,9,39346,77,0,18,13746,8
5,300,9,67,2069,39,-4,99,1,83,-73,79,-0,86,403956,9,39340,16,0,18,13740,2
5,350,9,77,2065,70,-5,03,1,83,-73,76,-0,86,402942,8,39333,54,0,18,13733,5
5,400,9,86,2062,02,-5,08,1,83,-73,74,-0,87,401689,9,39326,96,0,17,13727,0
5,450,9,95,2058,33,-5,12,1,83,-73,71,-0,87,400658,7,39320,38,0,17,13720,4
5,500,10,04,2054,64,-5,16,1,83,-73,69,-0,86,399803,7,39313,83,0,17,13713,8
5,550,10,13,2050,96,-5,21,1,83,-73,67,-0,86,398667,2,39307,29,0,16,13707,3
5,600,10,22,2047,28,-5,25,1,83,-73,64,-0,87,397406,2,39300,77,0,16,13700,8
5,650,10,31,2043,60,-5,29,1,84,-73,62,-0,86,396922,3,39294,27,0,15,13694,3
5,700,10,41,2039,92,-5,34,1,84,-73,60,-0,87,389776,3,39287,79,0,15,13687,8
5,750,10,50,2036,24,-5,38,1,84,-73,58,-0,87,394154,3,39281,32,0,14,13681,3
5,800,10,59,2032,56,-5,42,1,84,-73,55,-0,86,393185,8,39274,88,0,14,13674,9
5,850,10,68,2028,88,-5,46,1,84,-73,53,-0,87,391974,8,39268,44,0,13,13668,4
5,900,10,77,2025,20,-5,51,1,84,-73,51,-0,86,391044,5,39262,03,0,13,13662,0
5,950,10,87,2021,53,-5,55,1,84,-73,49,-0,86,389900,8,39255,63,0,12,13655,6
6,000,10,96,2017,86,-5,59,1,84,-73,47,-0,87,388219,5,39249,26,0,11,13649,3
6,050,11,05,2014,18,-5,64,1,84,-73,45,-0,86,388057,8,39242,89,0,11,13642,9
6,100,11,14,2010,51,-5,68,1,84,-73,43,-0,86,388217,5,39236,55,0,10,13636,6
6,150,11,23,2006,84,-5,72,1,84,-73,40,-0,86,387122,8,39230,22,0,10,13630,2
6,200,11,33,2003,17,-5,77,1,84,-73,39,-0,86,386041,5,39223,91,0,09,13623,9
6,250,11,42,1999,50,-5,81,1,84,-73,37,-0,86,384340,3,39217,61,0,09,13617,6
6,300,11,51,1995,83,-5,85,1,84,-73,35,-0,86,382778,7,39211,33,0,08,13611,3
6,350,11,60,1992,17,-5,89,1,84,-73,33,-0,86,383024,8,39205,06,0,08,13605,1
6,400,11,69,1988,50,-5,94,1,84,-73,31,-0,86,382038,8,39198,80,0,07,13598,8
6,450,11,79,1984,84,-5,98,1,84,-73,29,-0,86,381126,8,39192,57,0,07,13592,6
6,500,11,88,1981,17,-6,02,1,84,-73,28,-0,86,378683,7,39186,34,0,07,13586,3
6,550,11,97,1977,51,-6,07,1,84,-73,26,-0,86,378017,2,39180,13,0,06,13580,1
6,600,12,06,1973,85,-6,11,1,84,-73,25,-0,86,378004,9,39173,93,0,06,13573,9
6,650,12,16,1970,18,-6,15,1,84,-73,23,-0,86,376929,4,39167,75,0,06,13567,8
6,700,12,25,1966,52,-6,20,1,84,-73,22,-0,86,376142,3,39161,58,0,05,13561,6
6,750,12,34,1962,86,-6,24,1,84,-73,20,-0,86,375441,9,39155,41,0,05,13555,4
6,800,12,43,1959,20,-6,28,1,84,-73,19,-0,86,374839,0,39149,27,0,05,13549,3
6,850,12,52,1955,54,-6,32,1,84,-73,18,-0,86,374175,2,39143,13,0,04,13543,1
6,900,12,62,1951,88,-6,37,1,84,-73,17,-0,86,373560,7,39137,00,0,04,13537,0
6,950,12,71,1948,23,-6,41,1,84,-73,15,-0,86,372940,2,39130,88,0,04,13530,9
7,000,12,80,1944,57,-6,45,1,84,-73,14,-0,86,372340,6,39124,77,0,04,13524,8
7,050,12,89,1940,91,-6,50,1,84,-73,13,-0,86,371761,5,39118,67,0,03,13518,7
7,100,12,99,1937,26,-6,54,1,84,-73,13,-0,86,371202,7,39112,58,0,03,13512,6
7,150,13,08,1933,60,-6,58,1,84,-73,12,-0,86,370635,7,39106,50,0,03,13506,5
7,200,13,17,1929,94,-6,62,1,84,-73,11,-0,86,370087,9,39100,43,0,03,13500,4
7,250,13,26,1926,29,-6,67,1,84,-73,10,-0,86,369559,0,39094,37,0,04,13494,4
7,300,13,35,1922,63,-6,71,1,84,-73,10,-0,86,369020,8,39088,31,0,04,13488,3
7,350,13,45,1918,98,-6,75,1,84,-73,09,-0,86,368528,2,39082,27,0,04,13482,3
7,400,13,54,1915,32,-6,80,1,84,-73,09,-0,86,368025,6,39076,23,0,04,13476,2
7,450,13,63,1911,67,-6,84,1,84,-73,08,-0,86,367540,0,39070,20,0,04,13470,2
7,500,13,72,1908,02,-6,88,1,84,-73,08,-0,85,367071,5,39064,18,0,05,13464,2
7,550,13,81,1904,36,-6,92,1,84,-73,07,-0,85,366619,4,39058,17,0,05,13458,2
7,600,13,91,1900,71,-6,97,1,84,-73,07,-0,85,366155,7,39052,16,0,06,13452,2
7,650,14,00,1897,06,-7,01,1,84,-73,07,-0,85,365707,7,39046,16,0,06,13446,2
7,700,14,09,1893,40,-7,05,1,84,-73,07,-0,85,365275,0,39040,17,0,06,13440,2
7,750,14,18,1889,75,-7,09,1,84,-73,06,-0,85,364857,3,39034,18,0,07,13434,2
7,800,14,27,1886,10,-7,14,1,84,-73,06,-0,85,365591,3,39028,21,0,07,13428,2
7,850,14,37,1882,44,-7,18,1,84,-73,06,-0,85,364882,9,39022,22,0,07,13422,2
7,900,14,46,1878,79,-7,22,1,84,-73,07,-0,85,364799,4,39016,24,0,08,13416,2
7,950,14,55,1875,13,-7,26,1,83,-73,07,-0,85,364100,8,39010,27,0,08,13410,3
8,000,14,64,1871,48,-7,31,1,84,-73,07,-0,85,364247,0,39004,30,0,08,13404,3
8,050,14,73,1867,83,-7,35,1,83,-73,07,-0,85,363941,7,38998,33,0,08,13398,3
8,100,14,83,1864,17,-7,39,1,83,-73,08,-0,84,361961,5,38992,37,0,09,13392,4
8,150,14,92,1860,52,-7,43,1,84,-73,08,-0,84,363699,4,38986,41,0,09,13386,4
8,200,15,01,1856,87,-7,48,1,83,-73,09,-0,84,363193,3,38980,46,0,09,13380,5
8,250,15,10,1853,21,-7,52,1,84,-73,09,-0,84,363087,4,38974,51,0,09,13374,5
8,300,15,19,1849,56,-7,56,1,84,-73,10,-0,84,362829,8,38968,56,0,09,13368,6
8,350,15,28,1845,90,-7,60,1,83,-73,10,-0,84,360531,3,38962,62,0,09,13362,6
8,400,15,38,1842,25,-7,64,1,84,-73,11,-0,84,363383,3,38956,68,0,09,13356,7
8,450,15,47,1838,59,-7,69,1,83,-73,11,-0,84,361727,0,38950,74,0,09,13350,7
8,500,15,56,1834,94,-7,73,1,84,-73,12,-0,84,363027,0,38944,80,0,10,13344,8
8,550,15,65,1831,28,-7,77,1,83,-73,13,-0,83,361337,1,38938,88,0,10,13338,9
8,600,15,74,1827,62,-7,81,1,84,-73,13,-0,83,361803,8,38932,95,0,10,13333,0
8,650,15,83,1823,97,-7,85,1,83,-73,14,-0,83,360928,3,38927,02,0,10,13327,0
8,700,15,93,1820,31,-7,89,1,83,-73,15,-0,83,362096,1,38921,11,0,09,13321,1
8,750,16,02,1816,65,-7,94,1,83,-73,15,-0,83,360458,7,38915,19,0,09,13315,2
8,800,16,11,1812,99,-7,98,1,83,-73,16,-0,83,360949,7,38909,27,0,09,13309,3
8,850,16,20,1809,33,-8,02,1,83,-73,17,-0,83,360070,4,38903,37,0,09,13303,4
8,900,16,29,1805,68,-8,06,1,83,-73,18,-0,83,361231,7,38897,46,0,09,13297,5
8,950,16,38,1802,02,-8,10,1,83,-73,18,-0,83,359672,1,38891,56,0,09,13291,6
9,000,16,47,1798,36,-8,14,1,83,-73,19,-0,83,360043,5,38885,66,0,09,13285,7
9,050,16,57,1794,70,-8,18,1,82,-73,20,-0,82,359179,7,38879,77,0,09,13279,8
9,100,16,66,1791,04,-8,22,1,83,-73,21,-0,82,359613,4,38873,88,0,09,13273,9
9,150,16,75,1787,38,-8,27,1,82,-73,22,-0,82,359114,1,38867,99,0,09,13268,0
9,200,16,84,1783,72,-8,31,1,83,-73,22,-0,82,359004,0,38862,10,0,08,13262,1
9,250,16,93,1780,06,-8,35,1,83,-73,23,-0,82,358784,9,38856,22,0,08,13256,2
9,300,17,02,1776,39,-8,39,1,82,-73,24,-0,82,358199,9,38850,35,0,08,13250,4
9,350,17,11,1772,73,-8,43,1,83,-73,25,-0,82,358344,6,38844,47,0,08,13244,5
9,400,17,21,1769,07,-8,47,1,83,-73,25,-0,82,358106,4,38838,60,0,08,13238,6
9,450,17,30,1765,41,-8,51,1,82,-73,26,-0,82,357612,6,38832,73,0,08,13232,7
9,500,17,39,1761,74,-8,55,1,82,-73,27,-0,82,356433,8,38826,88,0,07,13226,9
9,550,17,48,1758,08,-8,59,1,83,-73,28,-0,82,357579,2,38821,01,0,07,13221,0
9,600,17,57,1754,42,-8,63,1,83,-73,26,-0,81,377609,9,38814,88,0,07,13214,9
9,650,17,66,1750,75,-8,67,1,82,-73,24,-0,81,378541,7,38808,68,0,07,13208,7
9,700,17,75,1747,09,-8,72,1,82,-73,22,-0,81,378559,3,38802,46,0,07,13202,5
9,750,17,84,1743,43,-8,76,1,82,-73,20,-0,81,379561,3,38796,23,0,07,13196,2
9,800,17,94,1739,77,-8,80,1,82,-73,18,-0,81,380557,0,38789,99,0,06,13190,0
9,850,18,03,1736,11,-8,84,1,82,-73,15,-0,81,381494,2,38783,73,0,06,13183,7
9,900,18,12,1732,46,-8,88,1,82,-73,13,-0,81,383141,1,38777,45,0,06,13177,5
9,950,18,21,1728,80,-8,92,1,82,-73,10,-0,81,383987,5,38771,16,0,06,13171,2
10,000,18,30,1725,15,-8,96,1,82,-73,07,-0,81,385403,4,38764,86,0,06,13164,9
10,050,18,39,1721,49,-9,00,1,82,-73,04,-0,81,385276,3,38758,54,0,05,13158,5
10,100,18,48,1717,84,-9,04,1,82,-73,01,-0,81,386528,2,38752,20,0,05,13152,2
10,150,18,57,1714,19,-9,08,1,82,-72,98,-0,81,386891,2,38745,86,0,05,13145,9
10,200,18,66,1710,54,-9,12,1,82,-72,94,-0,81,388551,6,38739,51,0,05,13139,5
10,250,18,75,1706,90,-9,16,1,82,-72,91,-0,81,388919,4,38733,13,0,05,13133,1
10,300,18,85,1703,25,-9,20,1,82,-72,87,-0,80,389643,7,38726,75,0,04,13126,8
10,350,18,94,1699,61,-9,24,1,82,-72,83,-0,80,390424,3,38720,36,0,04,13120,4
10,400,19,03,1695,97,-9,28,1,82,-72,79,-0,80,391126,0,38713,95,0,04,13114,0
10,450,19,12,1692,33,-9,32,1,82,-72,75,-0,80,392132,2,38707,54,0,04,13107,5
10,500,19,21,1688,70,-9,36,1,82,-72,71,-0,80,392231,3,38701,11,0,04,13101,1
10,550,19,30,1685,06,-9,40,1,81,-72,67,-0,80,393049,3,38694,67,0,04,13094,7
10,600,19,39,1681,43,-9,44,1,82,-72,63,-0,80,393878,1,38688,22,0,04,13088,2
10,650,19,48,1677,80,-9,48,1,82,-72,59,-0,80,394184,7,38681,76,0,04,13081,8
10,700,19,57,1674,17,-9,52,1,82,-72,54,-0,80,395021,0,38675,29,0,03,13075,3
10,750,19,66,1670,54,-9,56,1,82,-72,50,-0,80,395725,1,38668,80,0,03,13068,8
10,800,19,75,1666,92,-9,60,1,81,-72,45,-0,80,396240,0,38662,31,0,03,13062,3
10,850,19,84,1663,30,-9,64,1,81,-72,40,-0,80,396711,9,38655,81,0,03,13055,8
10,900,19,94,1659,68,-9,68,1,81,-72,35,-0,80,397325,8,38649,30,0,03,13049,3
10,950,20,03,1656,06,-9,72,1,81,-72,30,-0,80,397869,8,38642,78,0,03,13042,8
11,000,20,12,1652,45,-9,76,1,81,-72,26,-0,80,398474,3,38636,25,0,03,13036,3
11,050,20,21,1648,84,-9,80,1,81,-72,20,-0,80,399174,7,38629,71,0,03,13029,7
11,100,20,30,1645,23,-9,84,1,81,-72,15,-0,80,399523,2,38623,16,0,03,13023,2
11,150,20,39,1641,62,-9,88,1,81,-72,10,-0,80,400070,5,38616,61,0,03,13016,6
11,200,20,48,1638,02,-9,92,1,81,-72,05,-0,80,400548,7,38610,05,0,03,13010,1
11,250,20,57,1634,42,-9,96,1,81,-72,00,-0,80,401062,4,38603,48,0,03,13003,5
11,300,20,66,1630,82,-10,00,1,81,-71,94,-0,79,401534,8,38596,89,0,03,12996,9
11,350,20,75,1627,22,-10,04,1,81,-71,89,-0,79,401988,7,38590,30,0,03,12990,3
11,400,20,84,1623,63,-10,08,1,81,-71,83,-0,79,402484,8,38583,71,0,03,12983,7
11,450,20,93,1620,04,-10,12,1,81,-71,77,-0,79,402907,4,38577,11,0,03,12977,1
11,500,21,02,1616,45,-10,16,1,81,-71,72,-0,79,403345,3,38570,50,0,03,12970,5
11,550,21,11,1612,87,-10,20,1,81,-71,66,-0,79,403793,5,38563,88,0,03,12963,9
11,600,21,20,1609,29,-10,24,1,81,-71,60,-0,79,404311,9,38557,26,0,03,12957,3
11,650,21,29,1605,71,-10,28,1,81,-71,54,-0,79,404593,3,38550,63,0,03,12950,6
11,700,21,38,1602,13,-10,32,1,80,-71,48,-0,79,404970,6,38543,99,0,03,12944,0
11,750,21,47,1598,56,-10,36,1,81,-71,42,-0,79,405392,3,38537,35,0,03,12937,4
11,800,21,56,1594,99,-10,40,1,80,-71,36,-0,79,405797,9,38530,70,0,03,12930,7
11,850,21,65,1591,42,-10,44,1,81,-71,30,-0,79,406137,7,38524,04,0,03,12924,0
11,900,21,74,1587,86,-10,47,1,81,-71,24,-0,79,406602,4,38517,38,0,03,12917,4
11,950,21,83,1584,30,-10,51,1,81,-71,18,-0,79,406858,6,38510,71,0,03,12910,7
12,000,21,93,1580,74,-10,55,1,80,-71,12,-0,79,407243,1,38504,04,0,03,12904,0
12,050,22,02,1577,19,-10,59,1,80,-71,05,-0,79,407529,8,38497,36,0,03,12897,4
12,100,22,11,1573,64,-10,63,1,80,-70,99,-0,79,407862,5,38490,67,0,03,12890,7
12,150,22,20,1570,09,-10,67,1,80,-70,93,-0,79,408100,6,38483,98,0,03,12884,0
12,200,22,29,1566,54,-10,71,1,80,-70,86,-0,79,408517,5,38477,29,0,03,12877,3
12,250,22,38,1563,00,-10,75,1,80,-70,80,-0,79,408787,9,38470,59,0,03,12870,6
12,300,22,47,1559,47,-10,79,1,80,-70,73,-0,78,409047,0,38463,88,0,03,12863,9
12,350,22,56,1555,93,-10,83,1,80,-70,67,-0,78,409405,9,38457,18,0,03,12857,2
12,400,22,65,1552,40,-10,87,1,80,-70,60,-0,78,409753,9,38450,46,0,03,12850,5
12,450,22,74,1548,87,-10,91,1,80,-70,53,-0,78,409951,0,38443,74,0,03,12843,7
12,500,22,83,1545,35,-10,95,1,80,-70,47,-0,78,410195,7,38437,02,0,03,12837,0
12,550,22,92,1541,82,-10,99,1,80,-70,40,-0,78,410457,8,38430,29,0,03,12830,3
12,600,23,01,1538,31,-11,02,1,80,-70,33,-0,78,410737,5,38423,56,0,03,12823,6
12,650,23,10,1534,79,-11,06,1,80,-70,26,-0,78,410952,3,38416,82,0,03,12816,8
12,700,23,19,1531,28,-11,10,1,80,-70,19,-0,78,411185,4,38410,09,0,03,12810,1
12,750,23,28,1527,77,-11,14,1,80,-70,12,-0,78,411658,9,38403,34,0,03,12803,3
12,800,23,37,1524,27,-11,18,1,80,-70,06,-0,78,411599,5,38396,59,0,03,12796,6
12,850,23,46,1520,77,-11,22,1,80,-69,99,-0,78,411915,4,38389,84,0,03,12789,8
12,900,23,55,1517,27,-11,26,1,80,-69,92,-0,78,412085,0,38383,09,0,03,12783,1
12,950,23,64,1513,77,-11,30,1,80,-69,85,-0,78,412300,9,38376,33,0,03,12776,3
13,000,23,73,1510,28,-11,34,1,80,-69,77,-0,78,412621,4,38369,57,0,03,12769,6
13,050,23,82,1506,80,-11,37,1,80,-69,70,-0,78,412710,7,38362,80,0,03,12762,8
13,100,23,91,1503,31,-11,41,1,79,-69,63,-0,78,412901,8,38356,03,0,03,12756,0
13,150,24,00,1499,83,-11,45,1,80,-69,56,-0,78,413032,8,38349,26,0,03,12749,3
13,200,24,09,1496,36,-11,49,1,80,-69,49,-0,78,413263,4,38342,48,0,03,12742,5
13,250,24,17,1492,88,-11,53,1,79,-69,42,-0,78,413569,9,38335,71,0,02,12735,7
13,300,24,26,1489,42,-11,57,1,79,-69,34,-0,78,413645,5,38328,93,0,02,12728,9
13,350,24,35,1485,95,-11,61,1,79,-69,27,-0,77,413823,8,38322,15,0,02,12722,2
13,400,24,44,1482,49,-11,65,1,79,-69,20,-0,77,413967,1,38315,36,0,02,12715,4
13,450,24,53,1479,03,-11,69,1,79,-69,12,-0,77,414131,1,38308,57,0,02,12708,6
13,500,24,62,1475,58,-11,72,1,79,-69,05,-0,77,414233,9,38301,79,0,02,12701,8
13,550,24,71,1472,13,-11,76,1,79,-68,98,-0,77,414385,9,38294,99,0,02,12695,0
13,600,24,80,1468,68,-11,80,1,79,-68,90,-0,77,414529,5,38288,20,0,02,12688,2
13,650,24,89,1465,23,-11,84,1,79,-68,83,-0,77,414778,0,38281,40,0,02,12681,4
13,700,24,98,1461,80,-11,88,1,79,-68,75,-0,77,414799,7,38274,60,0,02,12674,6
13,750,25,07,1458,36,-11,92,1,79,-68,68,-0,77,415035,5,38267,80,0,02,12667,8
13,800,25,16,1454,93,-11,96,1,79,-68,60,-0,77,415045,0,38260,99,0,02,12661,0
13,850,25,25,1451,50,-11,99,1,79,-68,53,-0,77,415187,3,38254,18,0,02,12654,2
13,900,25,34,1448,07,-12,03,1,79,-68,45,-0,77,415294,5,38247,38,0,02,12647,4
13,950,25,43,1444,65,-12,07,1,79,-68,38,-0,77,415397,7,38240,57,0,02,12640,6
14,000,25,52,1441,24,-12,11,1,79,-68,30,-0,77,415550,2,38233,76,0,02,12633,8
14,050,25,61,1437,82,-12,15,1,79,-68,23,-0,77,415751,7,38226,95,0,02,12626,9
14,100,25,70,1434,41,-12,19,1,79,-68,15,-0,77,415754,8,38220,13,0,02,12620,1
14,150,25,79,1431,01,-12,22,1,79,-68,07,-0,77,415808,7,38213,31,0,02,12613,3
14,200,25,88,1427,61,-12,26,1,79,-68,00,-0,77,415940,3,38206,50,0,02,12606,5
14,250,25,97,1424,21,-12,30,1,79,-67,92,-0,77,416011,4,38199,68,0,02,12599,7
14,300,26,06,1420,82,-12,34,1,79,-67,84,-0,77,416105,2,38192,86,0,02,12592,9
14,350,26,14,1417,43,-12,38,1,79,-67,76,-0,77,416194,3,38186,03,0,02,12586,0
14,400,26,23,1414,04,-12,42,1,79,-67,69,-0,77,416278,8,38179,20,0,02,12579,2
14,450,26,32,1410,66,-12,45,1,78,-67,61,-0,77,416331,0,38172,38,0,02,12572,4
14,500,26,41,1407,28,-12,49,1,79,-67,53,-0,76,416462,4,38165,55,0,02,12565,6
14,550,26,50,1403,90,-12,53,1,79,-67,45,-0,76,416450,8,38158,73,0,02,12558,7
14,600,26,59,1400,53,-12,57,1,78,-67,38,-0,76,416544,7,38151,90,0,02,12551,9
14,650,26,68,1397,17,-12,61,1,78,-67,30,-0,76,416634,3,38145,07,0,02,12545,1
14,700,26,77,1393,80,-12,65,1,78,-67,22,-0,76,416638,5,38138,24,0,02,12538,2
14,750,26,86,1390,44,-12,68,1,78,-67,14,-0,76,416775,1,38131,41,0,02,12531,4
14,800,26,95,1387,09,-12,72,1,78,-67,06,-0,76,416826,2,38124,57,0,02,12524,6
14,850,27,04,1383,74,-12,76,1,78,-66,98,-0,76,416872,2,38117,73,0,02,12517,7
14,900,27,13,1380,39,-12,80,1,78,-66,91,-0,76,416970,9,38110,90,0,02,12510,9
14,950,27,21,1377,05,-12,84,1,78,-66,83,-0,76,416954,3,38104,06,0,02,12504,1
15,000,27,30,1373,71,-12,87,1,78,-66,75,-0,76,417072,7,38097,23,0,02,12497,2
15,050,27,39,1370,37,-12,91,1,78,-66,67,-0,76,417076,6,38090,39,0,00,12490,4
15,100,27,48,1367,04,-12,95,1,78,-66,59,-0,76,417078,7,38083,55,0,02,12483,6
15,150,27,57,1363,71,-12,99,1,78,-66,51,-0,76,417214,6,38076,72,0,00,12476,7
15,200,27,66,1360,39,-13,03,1,78,-66,43,-0,76,417209,3,38069,88,0,02,12469,9
15,250,27,75,1357,07,-13,06,1,78,-66,35,-0,76,417228,4,38063,04,0,00,12463,0
15,300,27,84,1353,75,-13,10,1,78,-66,27,-0,76,417326,8,38056,20,0,00,12456,2
15,350,27,93,1350,44,-13,14,1,78,-66,19,-0,76,417367,3,38049,36,0,02,12449,4
15,400,28,02,1347,14,-13,18,1,78,-66,11,-0,76,417321,2,38042,51,0,02,12442,5
15,450,28,10,1343,83,-13,22,1,78,-66,03,-0,76,417327,3,38035,66,0,02,12435,7
15,500,28,19,1340,53,-13,25,1,78,-65,95,-0,76,417413,4,38028,82,0,02,12428,8
15,550,28,28,1337,24,-13,29,1,78,-65,87,-0,76,417441,3,38021,97,0,02,12422,0
15,600,28,37,1333,95,-13,33,1,78,-65,79,-0,76,417466,3,38015,13,0,00,12415,1
15,650,28,46,1330,66,-13,37,1,78,-65,71,-0,76,417516,0,38008,28,0,00,12408,3
15,700,28,55,1327,37,-13,41,1,78,-65,63,-0,76,417508,4,38001,44,0,00,12401,4
15,750,28,64,1324,09,-13,44,1,78,-65,55,-0,76,417470,1,37994,59,0,02,12394,6
15,800,28,73,1320,82,-13,48,1,78,-65,47,-0,76,417539,6,37987,75,0,02,12387,8
15,850,28,82,1317,55,-13,52,1,77,-65,39,-0,76,417496,1,37980,90,0,02,12380,9
15,900,28,90,1314,28,-13,56,1,78,-65,31,-0,75,417505,5,37974,05,0,02,12374,1
15,950,28,99,1311,02,-13,59,1,77,-65,23,-0,75,417567,4,37967,21,0,00,12367,2
16,000,29,08,1307,76,-13,63,1,77,-65,15,-0,75,417599,8,37960,36,0,00,12360,4
16,050,29,17,1304,50,-13,67,1,77,-65,06,-0,75,417602,1,37953,52,0,02,12353,5
16,100,29,26,1301,25,-13,71,1,77,-64,98,-0,75,417574,4,37946,67,0,02,12346,7
16,150,29,35,1298,00,-13,74,1,77,-64,90,-0,75,417599,5,37939,82,0,00,12339,8
16,200,29,44,1294,76,-13,78,1,77,-64,82,-0,75,417567,8,37932,98,0,02,12333,0
16,250,29,53,1291,52,-13,82,1,77,-64,74,-0,75,417561,1,37926,13,0,00,12326,1
16,300,29,61,1288,29,-13,86,1,77,-64,66,-0,75,417607,8,37919,29,0,02,12319,3
16,350,29,70,1285,06,-13,90,1,77,-64,58,-0,75,417597,2,37912,44,0,02,12312,4
16,400,29,79,1281,83,-13,93,1,77,-64,50,-0,75,417584,6,37905,60,0,02,12305,6
16,450,29,88,1278,61,-13,97,1,77,-64,41,-0,75,417570,3,37898,75,0,00,12298,8
16,500,29,97,1275,39,-14,01,1,77,-64,33,-0,75,417553,9,37891,91,0,02,12291,9
16,550,30,06,1272,17,-14,05,1,77,-64,25,-0,75,417590,7,37885,06,0,00,12285,1
16,600,30,14,1268,96,-14,08,1,77,-64,17,-0,75,417543,2,37878,21,0,00,12278,2
16,650,30,23,1265,76,-14,12,1,77,-64,09,-0,75,417521,6,37871,37,0,02,12271,4
16,700,30,32,1262,55,-14,16,1,77,-64,01,-0,75,417525,7,37864,52,0,02,12264,5
16,750,30,41,1259,35,-14,20,1,77,-63,93,-0,75,417514,3,37857,68,0,00,12257,7
16,800,30,50,1256,16,-14,23,1,77,-63,84,-0,75,417501,5,37850,83,0,00,12250,8
16,850,30,59,1252,97,-14,27,1,77,-63,76,-0,75,417473,1,37843,98,0,00,12244,0
16,900,30,68,1249,78,-14,31,1,77,-63,68,-0,75,417443,4,37837,14,0,00,12237,1
16,950,30,76,1246,60,-14,34,1,77,-63,60,-0,75,417453,3,37830,29,0,00,12230,3
17,000,30,85,1243,42,-14,38,1,77,-63,52,-0,75,417434,1,37823,45,0,00,12223,5
17,050,30,94,1240,25,-14,42,1,77,-63,43,-0,75,417413,5,37816,60,0,00,12216,6
17,100,31,03,1237,08,-14,46,1,77,-63,35,-0,75,417363,7,37809,76,0,00,12209,8
17,150,31,12,1233,91,-14,49,1,77,-63,27,-0,75,417381,6,37802,91,0,00,12202,9
17,200,31,21,1230,75,-14,53,1,77,-63,19,-0,75,417342,9,37796,07,0,02,12196,1
17,250,31,29,1227,60,-14,57,1,77,-63,11,-0,75,417316,4,37789,22,0,02,12189,2
17,300,31,38,1224,44,-14,61,1,76,-63,02,-0,75,417288,8,37782,38,0,02,12182,4
17,350,31,47,1221,29,-14,64,1,77,-62,94,-0,74,417287,2,37775,53,0,00,12175,5
17,400,31,56,1218,15,-14,68,1,76,-62,86,-0,74,417243,4,37768,70,0,02,12168,7
17,450,31,65,1215,01,-14,72,1,76,-62,78,-0,74,417212,0,37761,86,0,02,12161,9
17,500,31,74,1211,87,-14,76,1,76,-62,70,-0,74,417193,3,37755,02,0,00,12155,0
17,550,31,82,1208,74,-14,79,1,76,-62,61,-0,74,417159,5,37748,19,0,02,12148,2
17,600,31,91,1205,61,-14,83,1,76,-62,53,-0,74,417110,7,37741,35,0,00,12141,4
17,650,32,00,1202,48,-14,87,1,76,-62,45,-0,74,417115,8,37734,52,0,02,12134,5
17,700,32,09,1199,36,-14,90,1,76,-62,37,-0,74,417078,4,37727,68,0,00,12127,7
17,750,32,18,1196,25,-14,94,1,76,-62,29,-0,74,416998,6,37720,84,0,00,12120,8
17,800,32,26,1193,14,-14,98,1,76,-62,20,-0,74,417028,2,37714,01,0,02,12114,0
17,850,32,35,1190,03,-15,01,1,76,-62,12,-0,74,416974,2,37707,17,0,02,12107,2
17,900,32,44,1186,92,-15,05,1,76,-62,04,-0,74,416932,6,37700,34,0,00,12100,3
17,950,32,53,1183,82,-15,09,1,76,-61,96,-0,74,416848,9,37693,50,0,00,12093,5
18,000,32,62,1180,73,-15,13,1,76,-61,87,-0,74,416888,6,37686,66,0,00,12086,7
18,050,32,70,1177,64,-15,16,1,76,-61,79,-0,74,416857,9,37679,83,0,02,12079,8
18,100,32,79,1174,55,-15,20,1,76,-61,71,-0,74,416840,1,37672,99,0,02,12073,0
18,150,32,88,1171,47,-15,24,1,76,-61,63,-0,74,416794,0,37666,16,0,02,12066,2
18,200,32,97,1168,39,-15,27,1,76,-61,54,-0,74,416747,0,37659,32,0,00,12059,3
18,250,33,06,1165,31,-15,31,1,76,-61,46,-0,74,416713,1,37652,48,0,00,12052,5
18,300,33,14,1162,24,-15,35,1,76,-61,38,-0,74,416664,6,37645,66,0,00,12045,7
18,350,33,23,1159,17,-15,38,1,76,-61,30,-0,74,416560,2,37638,83,0,00,12038,8
18,400,33,32,1156,11,-15,42,1,76,-61,21,-0,74,416579,2,37632,00,0,00,12032,0
18,450,33,41,1153,05,-15,46,1,76,-61,13,-0,74,416514,8,37625,18,0,02,12025,2
18,500,33,50,1150,00,-15,50,1,76,-61,05,-0,74,416504,4,37618,35,0,00,12018,4
18,550,33,58,1146,95,-15,53,1,76,-60,97,-0,74,416383,2,37611,52,0,00,12011,5
18,600,33,67,1143,90,-15,57,1,76,-60,88,-0,74,416399,3,37604,70,0,02,12004,7
18,650,33,76,1140,86,-15,61,1,76,-60,80,-0,74,416386,8,37597,87,0,00,11997,9
18,700,33,85,1137,82,-15,64,1,75,-60,72,-0,74,416332,7,37591,05,0,02,11991,1
18,750,33,93,1134,79,-15,68,1,75,-60,64,-0,74,416305,3,37584,22,0,00,11984,2
18,800,34,02,1131,76,-15,72,1,75,-60,56,-0,74,416222,3,37577,39,0,02,11977,4
18,850,34,11,1128,73,-15,75,1,75,-60,47,-0,74,416207,5,37570,57,0,00,11970,6
18,900,34,20,1125,71,-15,79,1,75,-60,39,-0,73,416150,9,37563,74,0,02,11963,7
18,950,34,28,1122,69,-15,83,1,75,-60,31,-0,73,416079,8,37556,92,0,00,11956,9
19,000,34,37,1119,68,-15,86,1,75,-60,23,-0,73,416091,0,37550,09,0,00,11950,1
19,050,34,46,1116,67,-15,90,1,75,-60,14,-0,73,416019,3,37543,28,0,02,11943,3
19,100,34,55,1113,66,-15,94,1,75,-60,06,-0,73,415974,3,37536,46,0,02,11936,5
19,150,34,64,1110,66,-15,97,1,75,-59,98,-0,73,415859,9,37529,64,0,00,11929,7
19,200,34,72,1107,67,-16,01,1,75,-59,90,-0,73,415910,6,37522,83,0,00,11922,8
19,250,34,81,1104,67,-16,05,1,75,-59,81,-0,73,415863,8,37516,01,0,00,11916,0
19,300,34,90,1101,69,-16,08,1,75,-59,73,-0,73,415816,3,37509,20,0,00,11909,2
19,350,34,99,1098,70,-16,12,1,75,-59,65,-0,73,415727,6,37502,38,0,00,11902,4
19,400,35,07,1095,72,-16,16,1,75,-59,57,-0,73,415679,7,37495,56,0,02,11895,6
19,450,35,16,1092,74,-16,19,1,75,-59,48,-0,73,415658,9,37488,75,0,02,11888,8
19,500,35,25,1089,77,-16,23,1,75,-59,40,-0,73,415596,3,37481,93,0,00,11881,9
19,550,35,34,1086,80,-16,27,1,75,-59,32,-0,73,415533,6,37475,11,0,00,11875,1
19,600,35,42,1083,84,-16,30,1,75,-59,24,-0,73,415538,8,37468,30,0,00,11868,3
19,650,35,51,1080,88,-16,34,1,75,-59,15,-0,73,415488,6,37461,49,0,00,11861,5
19,700,35,60,1077,92,-16,38,1,75,-59,07,-0,73,415396,9,37454,68,0,00,11854,7
19,750,35,69,1074,97,-16,41,1,75,-58,99,-0,73,415305,0,37447,88,0,00,11847,9
19,800,35,77,1072,03,-16,45,1,75,-58,91,-0,73,415309,3,37441,07,0,02,11841,1
19,850,35,86,1069,08,-16,48,1,75,-58,82,-0,73,415271,7,37434,27,0,00,11834,3
19,900,35,95,1066,14,-16,52,1,75,-58,74,-0,73,415178,7,37427,46,0,00,11827,5
19,950,36,03,1063,21,-16,56,1,75,-58,66,-0,73,415113,5,37420,65,0,02,11820,7
20,000,36,12,1060,28,-16,59,1,75,-58,58,-0,73,415130,0,37413,84,0,00,11813,8
20,050,36,21,1057,35,-16,63,1,75,-58,49,-0,73,415036,0,37407,04,0,00,11807,0
20,100,36,30,1054,43,-16,67,1,75,-58,41,-0,73,415010,8,37400,23,0,00,11800,2
20,150,36,38,1051,51,-16,70,1,75,-58,33,-0,73,414957,4,37393,43,0,00,11793,4
20,200,36,47,1048,60,-16,74,1,74,-58,25,-0,73,414890,4,37386,62,0,00,11786,6
20,250,36,56,1045,68,-16,78,1,75,-58,16,-0,72,414836,5,37379,82,0,00,11779,8
20,300,36,65,1042,78,-16,81,1,74,-58,08,-0,73,414796,9,37373,02,0,00,11773,0
20,350,36,73,1039,88,-16,85,1,74,-58,00,-0,72,414728,9,37366,23,0,00,11766,2
20,400,36,82,1036,98,-16,88,1,74,-57,92,-0,72,414729,9,37359,43,0,00,11759,4
20,450,36,91,1034,08,-16,92,1,74,-57,84,-0,72,414592,7,37352,63,0,02,11752,6
20,500,36,99,1031,20,-16,96,1,74,-57,75,-0,72,414565,4,37345,84,0,00,11745,8
20,550,37,08,1028,31,-16,99,1,74,-57,67,-0,72,414552,3,37339,04,0,00,11739,0
20,600,37,17,1025,43,-17,03,1,74,-57,59,-0,72,414442,0,37332,24,0,00,11732,2
20,650,37,26,1022,55,-17,06,1,74,-57,51,-0,72,414427,9,37325,45,0,00,11725,5
20,700,37,34,1019,68,-17,10,1,74,-57,42,-0,72,414400,0,37318,65,0,00,11718,7
20,750,37,43,1016,81,-17,14,1,74,-57,34,-0,72,414317,0,37311,85,0,00,11711,9
20,800,37,52,1013,94,-17,17,1,74,-57,26,-0,72,414275,0,37305,06,0,00,11705,1
20,850,37,60,1011,08,-17,21,1,74,-57,18,-0,72,414177,7,37298,27,0,00,11698,3
20,900,37,69,1008,23,-17,25,1,74,-57,10,-0,72,414135,3,37291,48,0,02,11691,5
20,949,37,78,1005,37,-17,28,1,74,-57,01,-0,72,414093,0,37284,70,0,02,11684,7
20,999,37,86,1002,52,-17,32,1,74,-56,93,-0,72,414036,5,37277,91,0,00,11677,9
21,049,37,95,999,68,-17,35,1,74,-56,85,-0,72,413979,8,37271,13,0,00,11671,1
21,099,38,04,996,84,-17,39,1,74,-56,77,-0,72,413909,3,37264,34,0,00,11664,3
21,149,38,13,994,00,-17,43,1,74,-56,68,-0,72,413866,6,37257,55,0,00,11657,6
21,199,38,21,991,17,-17,46,1,74,-56,60,-0,72,413823,5,37250,77,0,00,11650,8
21,249,38,30,988,34,-17,50,1,74,-56,52,-0,72,413766,6,37243,98,0,00,11644,0
21,299,38,39,985,52,-17,53,1,74,-56,44,-0,72,413709,6,37237,19,0,02,11637,2
21,349,38,47,982,70,-17,57,1,74,-56,36,-0,72,413666,2,37230,41,0,02,11630,4
21,399,38,56,979,88,-17,61,1,74,-56,27,-0,72,413595,2,37223,63,0,02,11623,6
21,449,38,65,977,07,-17,64,1,74,-56,19,-0,72,413538,1,37216,85,0,00,11616,9
21,499,38,73,974,26,-17,68,1,74,-56,11,-0,72,413535,9,37210,07,0,00,11610,1
21,549,38,82,971,46,-17,71,1,74,-56,03,-0,72,413492,0,37203,30,0,00,11603,3
21,599,38,91,968,66,-17,75,1,74,-55,95,-0,72,413392,9,37196,52,0,00,11596,5
21,649,38,99,965,87,-17,78,1,73,-55,86,-0,72,413335,2,37189,74,0,02,11589,7
21,699,39,08,963,07,-17,82,1,73,-55,78,-0,72,413291,5,37182,96,0,00,11583,0
21,749,39,17,960,29,-17,86,1,73,-55,70,-0,72,413247,7,37176,19,0,00,11576,2
21,799,39,25,957,50,-17,89,1,73,-55,62,-0,71,413189,3,37169,41,0,00,11569,4
21,849,39,34,954,73,-17,93,1,73,-55,54,-0,72,413117,8,37162,63,0,02,11562,6
21,899,39,43,951,95,-17,96,1,73,-55,45,-0,72,413060,1,37155,86,0,00,11555,9
21,949,39,51,949,18,-18,00,1,73,-55,37,-0,71,413071,0,37149,09,0,00,11549,1
21,999,39,60,946,41,-18,04,1,73,-55,29,-0,71,412971,4,37142,32,0,00,11542,3
22,049,39,69,943,65,-18,07,1,73,-55,21,-0,71,412941,3,37135,56,0,00,11535,6
22,099,39,77,940,89,-18,11,1,73,-55,13,-0,71,412855,4,37128,79,0,00,11528,8
22,149,39,86,938,14,-18,14,1,73,-55,04,-0,71,412797,6,37122,02,0,00,11522,0
22,199,39,95,935,39,-18,18,1,73,-54,96,-0,71,412780,4,37115,25,0,00,11515,3
22,249,40,03,932,64,-18,21,1,73,-54,88,-0,71,412708,5,37108,49,0,00,11508,5
22,299,40,12,929,90,-18,25,1,73,-54,80,-0,71,412691,6,37101,72,0,00,11501,7
22,349,40,21,927,16,-18,28,1,73,-54,72,-0,71,412578,1,37094,95,0,00,11495,0
22,399,40,29,924,43,-18,32,1,73,-54,63,-0,71,412588,6,37088,18,0,00,11488,2
22,449,40,38,921,70,-18,36,1,73,-54,55,-0,71,412461,5,37081,42,0,00,11481,4
22,499,40,47,918,97,-18,39,1,73,-54,47,-0,71,412458,4,37074,66,0,00,11474,7
22,549,40,55,916,25,-18,43,1,73,-54,39,-0,71,412359,0,37067,91,0,00,11467,9
22,599,40,64,913,54,-18,46,1,73,-54,31,-0,71,412314,0,37061,15,0,00,11461,2
22,649,40,73,910,82,-18,50,1,73,-54,22,-0,71,412228,4,37054,39,0,00,11454,4
22,699,40,81,908,11,-18,53,1,73,-54,14,-0,71,412169,9,37047,63,0,00,11447,6
22,749,40,90,905,41,-18,57,1,73,-54,06,-0,71,412208,2,37040,88,0,00,11440,9
22,799,40,99,902,71,-18,60,1,73,-53,98,-0,71,412081,1,37034,12,0,00,11434,1
22,849,41,07,900,01,-18,64,1,73,-53,90,-0,71,412008,8,37027,36,0,02,11427,4
22,899,41,16,897,32,-18,68,1,73,-53,82,-0,71,412047,2,37020,60,0,00,11420,6
22,949,41,24,894,63,-18,71,1,73,-53,73,-0,71,411920,2,37013,84,0,00,11413,8
22,999,41,33,891,94,-18,75,1,73,-53,65,-0,71,411875,6,37007,09,0,00,11407,1
23,049,41,42,889,26,-18,78,1,73,-53,57,-0,71,411803,3,37000,34,0,00,11400,3
23,099,41,50,886,59,-18,82,1,73,-53,49,-0,71,411786,9,36993,59,0,00,11393,6
23,149,41,59,883,91,-18,85,1,73,-53,41,-0,71,411714,8,36986,84,0,00,11386,9
23,199,41,68,881,25,-18,89,1,73,-53,33,-0,71,411656,4,36980,10,0,00,11380,1
23,249,41,76,878,58,-18,92,1,73,-53,24,-0,71,411598,1,36973,35,0,00,11373,4
23,299,41,85,875,92,-18,96,1,72,-53,16,-0,71,411581,6,36966,60,0,00,11366,6
23,349,41,93,873,27,-18,99,1,72,-53,08,-0,71,411509,4,36959,85,0,00,11359,9
23,399,42,02,870,61,-19,03,1,72,-53,00,-0,71,411437,4,36953,11,0,00,11353,1
23,449,42,11,867,97,-19,06,1,72,-52,92,-0,71,411379,2,36946,36,0,00,11346,4
23,499,42,19,865,32,-19,10,1,72,-52,84,-0,70,411320,8,36939,61,0,02,11339,6
23,549,42,28,862,68,-19,13,1,72,-52,75,-0,70,411276,6,36932,87,0,00,11332,9
23,599,42,37,860,05,-19,17,1,72,-52,67,-0,70,411260,2,36926,13,0,00,11326,1
23,649,42,45,857,42,-19,21,1,72,-52,59,-0,70,411147,3,36919,39,0,00,11319,4
23,699,42,54,854,79,-19,24,1,72,-52,51,-0,70,411103,1,36912,65,0,00,11312,7
23,749,42,62,852,16,-19,28,1,72,-52,43,-0,70,411045,1,36905,91,0,00,11305,9
23,799,42,71,849,54,-19,31,1,72,-52,35,-0,70,411001,0,36899,18,0,00,11299,2
23,849,42,80,846,93,-19,35,1,72,-52,26,-0,70,410943,1,36892,44,0,00,11292,4
23,899,42,88,844,32,-19,38,1,72,-52,18,-0,70,410898,9,36885,70,0,00,11285,7
23,949,42,97,841,71,-19,42,1,72,-52,10,-0,70,410827,3,36878,96,0,00,11279,0
23,999,43,05,839,11,-19,45,1,72,-52,02,-0,70,410797,1,36872,22,0,00,11272,2
24,049,43,14,836,51,-19,49,1,72,-51,94,-0,70,410725,4,36865,48,0,00,11265,5
24,099,43,23,833,91,-19,52,1,72,-51,86,-0,70,410667,6,36858,75,0,00,11258,8
24,149,43,31,831,32,-19,56,1,72,-51,78,-0,70,410623,7,36852,02,0,00,11252,0
24,199,43,40,828,74,-19,59,1,72,-51,69,-0,70,410566,2,36845,30,0,00,11245,3
24,249,43,48,826,15,-19,63,1,72,-51,61,-0,70,410494,8,36838,57,0,00,11238,6
24,299,43,57,823,58,-19,66,1,72,-51,53,-0,70,410478,8,36831,84,0,00,11231,8
24,349,43,66,821,00,-19,70,1,72,-51,45,-0,70,410407,5,36825,11,0,00,11225,1
24,399,43,74,818,43,-19,73,1,72,-51,37,-0,70,410350,3,36818,38,0,00,11218,4
24,449,43,83,815,87,-19,77,1,72,-51,29,-0,70,410306,6,36811,65,0,00,11211,7
24,499,43,91,813,30,-19,80,1,72,-51,21,-0,70,410235,4,36804,92,0,00,11204,9
24,549,44,00,810,74,-19,84,1,72,-51,12,-0,70,410219,4,36798,20,0,00,11198,2
24,599,44,08,808,19,-19,87,1,72,-51,04,-0,70,410147,7,36791,47,0,00,11191,5
24,649,44,17,805,64,-19,91,1,72,-50,96,-0,70,410062,9,36784,75,0,02,11184,8
24,699,44,26,803,09,-19,94,1,72,-50,88,-0,70,410019,6,36778,03,0,00,11178,0
24,749,44,34,800,55,-19,98,1,72,-50,80,-0,70,409976,5,36771,31,0,00,11171,3
24,799,44,43,798,01,-20,01,1,72,-50,72,-0,70,409933,3,36764,59,0,00,11164,6
24,849,44,51,795,48,-20,05,1,71,-50,64,-0,70,409862,6,36757,87,0,00,11157,9
24,899,44,60,792,95,-20,08,1,71,-50,55,-0,70,409874,2,36751,15,0,00,11151,2
24,949,44,69,790,43,-20,12,1,71,-50,47,-0,70,409748,1,36744,43,0,02,11144,4
24,999,44,77,787,90,-20,15,1,71,-50,39,-0,70,409691,3,36737,71,0,00,11137,7
25,049,44,86,785,39,-20,18,1,71,-50,31,-0,70,409634,6,36731,00,0,00,11131,0
25,099,44,94,782,87,-20,22,1,71,-50,23,-0,70,409619,2,36724,28,0,00,11124,3
25,149,45,03,780,36,-20,25,1,71,-50,15,-0,69,409603,5,36717,56,0,00,11117,6
25,199,45,11,777,86,-20,29,1,71,-50,07,-0,69,409505,2,36710,85,0,00,11110,9
25,249,45,20,775,36,-20,32,1,71,-49,99,-0,69,409421,3,36704,14,0,00,11104,1
25,299,45,29,772,86,-20,36,1,71,-49,90,-0,69,409364,8,36697,43,0,00,11097,4
25,349,45,37,770,37,-20,39,1,71,-49,82,-0,69,409363,4,36690,72,0,00,11090,7
25,399,45,46,767,88,-20,43,1,71,-49,74,-0,69,409264,9,36684,01,0,00,11084,0
25,449,45,54,765,39,-20,46,1,71,-49,66,-0,69,409208,7,36677,30,0,00,11077,3
25,499,45,63,762,91,-20,50,1,71,-49,58,-0,69,409180,2,36670,59,0,00,11070,6
25,549,45,71,760,44,-20,53,1,71,-49,50,-0,69,409109,5,36663,88,0,00,11063,9
25,599,45,80,757,96,-20,57,1,71,-49,42,-0,69,409053,3,36657,18,0,00,11057,2
25,649,45,88,755,49,-20,60,1,71,-49,34,-0,69,409025,0,36650,46,0,00,11050,5
25,699,45,97,753,03,-20,64,1,71,-49,25,-0,69,408996,2,36643,76,0,00,11043,8
25,749,46,06,750,57,-20,67,1,71,-49,17,-0,69,408898,5,36637,05,0,00,11037,1
25,799,46,14,748,11,-20,70,1,71,-49,09,-0,69,408856,6,36630,36,0,00,11030,4
25,849,46,23,745,66,-20,74,1,71,-49,01,-0,69,408827,9,36623,66,0,00,11023,7
25,899,46,31,743,21,-20,77,1,71,-48,93,-0,69,408744,3,36616,96,0,00,11017,0
25,949,46,40,740,77,-20,81,1,71,-48,85,-0,69,408688,6,36610,26,0,00,11010,3
25,999,46,48,738,33,-20,84,1,71,-48,77,-0,69,408632,3,36603,56,0,00,11003,6
26,049,46,57,735,89,-20,88,1,71,-48,69,-0,69,408576,7,36596,86,0,00,10996,9
26,099,46,65,733,46,-20,91,1,71,-48,61,-0,69,408521,0,36590,16,0,00,10990,2
26,149,46,74,731,03,-20,95,1,71,-48,52,-0,69,408451,0,36583,46,0,00,10983,5
26,199,46,82,728,60,-20,98,1,71,-48,44,-0,69,408423,3,36576,76,0,00,10976,8
26,249,46,91,726,18,-21,01,1,71,-48,36,-0,69,408408,7,36570,06,0,00,10970,1
26,299,46,99,723,77,-21,05,1,71,-48,28,-0,69,408298,0,36563,37,0,00,10963,4
26,349,47,08,721,36,-21,08,1,71,-48,20,-0,69,408270,4,36556,68,0,00,10956,7
26,399,47,17,718,95,-21,12,1,71,-48,12,-0,69,408214,5,36549,99,0,00,10950,0
26,449,47,25,716,54,-21,15,1,71,-48,04,-0,69,408159,5,36543,30,0,00,10943,3
26,499,47,34,714,14,-21,19,1,71,-47,96,-0,69,408103,9,36536,61,0,02,10936,6
26,549,47,42,711,75,-21,22,1,71,-47,88,-0,69,408034,9,36529,92,0,00,10929,9
26,599,47,51,709,36,-21,26,1,70,-47,79,-0,69,408062,3,36523,23,0,00,10923,2
26,649,47,59,706,97,-21,29,1,70,-47,71,-0,69,407937,9,36516,54,0,00,10916,5
26,699,47,68,704,59,-21,32,1,70,-47,63,-0,69,407910,7,36509,86,0,00,10909,9
26,749,47,76,702,21,-21,36,1,70,-47,55,-0,69,407827,4,36503,16,0,00,10903,2
26,799,47,85,699,83,-21,39,1,70,-47,47,-0,68,407772,7,36496,48,0,00,10896,5
26,849,47,93,697,46,-21,43,1,70,-47,39,-0,68,407717,2,36489,79,0,00,10889,8
26,898,48,02,695,09,-21,46,1,70,-47,31,-0,68,407703,8,36483,11,0,00,10883,1
26,948,48,10,692,73,-21,49,1,70,-47,23,-0,68,407634,8,36476,43,0,00,10876,4
26,998,48,19,690,37,-21,53,1,70,-47,15,-0,68,407580,2,36469,75,0,00,10869,8
27,048,48,27,688,01,-21,56,1,70,-47,07,-0,68,407538,8,36463,07,0,00,10863,1
27,098,48,36,685,66,-21,60,1,70,-46,98,-0,68,407470,6,36456,39,0,00,10856,4
27,148,48,44,683,31,-21,63,1,70,-46,90,-0,68,407415,4,36449,71,0,00,10849,7
27,198,48,53,680,97,-21,67,1,70,-46,82,-0,68,407360,9,36443,03,0,00,10843,0
27,248,48,61,678,63,-21,70,1,70,-46,74,-0,68,407319,6,36436,35,0,00,10836,4
27,298,48,70,676,30,-21,73,1,70,-46,66,-0,68,407265,1,36429,67,0,00,10829,7
27,348,48,78,673,97,-21,77,1,70,-46,58,-0,68,407210,0,36422,99,0,00,10823,0
27,398,48,87,671,64,-21,80,1,70,-46,50,-0,68,407154,9,36416,31,0,00,10816,3
27,448,48,95,669,32,-21,84,1,70,-46,42,-0,68,407086,9,36409,64,0,00,10809,6
27,498,49,04,667,00,-21,87,1,70,-46,34,-0,68,407045,6,36402,97,0,00,10803,0
27,548,49,12,664,68,-21,90,1,70,-46,26,-0,68,406991,6,36396,30,0,00,10796,3
27,598,49,21,662,37,-21,94,1,70,-46,18,-0,68,406964,2,36389,63,0,00,10789,6
27,648,49,29,660,07,-21,97,1,70,-46,09,-0,68,406882,7,36382,96,0,00,10783,0
27,698,49,38,657,76,-22,01,1,70,-46,01,-0,68,406841,7,36376,29,0,00,10776,3
27,748,49,46,655,46,-22,04,1,70,-45,93,-0,68,406842,5,36369,62,0,00,10769,6
27,798,49,55,653,17,-22,07,1,70,-45,85,-0,68,406719,4,36362,95,0,00,10763,0
27,848,49,63,650,88,-22,11,1,70,-45,77,-0,68,406692,4,36356,28,0,00,10756,3
27,898,49,72,648,59,-22,14,1,70,-45,69,-0,68,406610,9,36349,61,0,00,10749,6
27,948,49,80,646,31,-22,18,1,70,-45,61,-0,68,406584,1,36342,94,0,00,10742,9
27,998,49,89,644,03,-22,21,1,70,-45,53,-0,68,406557,8,36336,27,0,00,10736,3
28,048,49,97,641,76,-22,24,1,70,-45,45,-0,68,406461,9,36329,61,0,00,10729,6
28,098,50,06,639,49,-22,28,1,70,-45,37,-0,68,406421,3,36322,95,0,00,10723,0
28,148,50,14,637,22,-22,31,1,70,-45,29,-0,68,406367,5,36316,29,0,00,10716,3
28,198,50,23,634,96,-22,35,1,70,-45,20,-0,68,406313,0,36309,63,0,00,10709,6
28,248,50,31,632,70,-22,38,1,70,-45,12,-0,68,406272,4,36302,97,0,02,10703,0
28,298,50,40,630,45,-22,41,1,70,-45,04,-0,68,406205,2,36296,31,0,00,10696,3
28,348,50,48,628,20,-22,45,1,70,-44,96,-0,68,406150,9,36289,65,0,00,10689,7
28,398,50,57,625,95,-22,48,1,69,-44,88,-0,68,406166,0,36282,99,0,00,10683,0
28,448,50,65,623,71,-22,51,1,69,-44,80,-0,68,406057,2,36276,33,0,00,10676,3
28,498,50,74,621,47,-22,55,1,69,-44,72,-0,68,406003,1,36269,67,0,00,10669,7
28,548,50,82,619,24,-22,58,1,69,-44,64,-0,67,405935,7,36263,01,0,00,10663,0
28,598,50,90,617,01,-22,62,1,69,-44,56,-0,67,405895,5,36256,36,0,00,10656,4
28,648,50,99,614,78,-22,65,1,69,-44,48,-0,67,405855,3,36249,71,0,00,10649,7
28,698,51,07,612,56,-22,68,1,69,-44,40,-0,67,405802,1,36243,06,0,00,10643,1
28,748,51,16,610,34,-22,72,1,69,-44,32,-0,67,405747,9,36236,41,0,00,10636,4
28,798,51,24,608,13,-22,75,1,69,-44,24,-0,67,405694,1,36229,76,0,00,10629,8
28,848,51,33,605,92,-22,78,1,69,-44,15,-0,67,405627,3,36223,11,0,00,10623,1
28,898,51,41,603,71,-22,82,1,69,-44,07,-0,67,405587,2,36216,46,0,00,10616,5
28,948,51,50,601,51,-22,85,1,69,-43,99,-0,67,405533,2,36209,80,0,00,10609,8
28,998,51,58,599,31,-22,88,1,69,-43,91,-0,67,405507,6,36203,16,0,00,10603,2
29,048,51,67,597,12,-22,92,1,69,-43,83,-0,67,405426,4,36196,50,0,00,10596,5
29,098,51,75,594,93,-22,95,1,69,-43,75,-0,67,405358,7,36189,86,0,00,10589,9
29,148,51,84,592,74,-22,99,1,69,-43,67,-0,67,405318,5,36183,21,0,02,10583,2
29,198,51,92,590,56,-23,02,1,69,-43,59,-0,67,405279,5,36176,57,0,00,10576,6
29,248,52,00,588,38,-23,05,1,69,-43,51,-0,67,405239,8,36169,93,0,00,10569,9
29,298,52,09,586,21,-23,09,1,69,-43,43,-0,67,405172,4,36163,29,0,00,10563,3
29,348,52,17,584,04,-23,12,1,69,-43,35,-0,67,405119,5,36156,65,0,00,10556,7
29,398,52,26,581,88,-23,15,1,69,-43,27,-0,67,405051,9,36150,01,0,00,10550,0
29,448,52,34,579,71,-23,19,1,69,-43,19,-0,67,405025,9,36143,37,0,00,10543,4
29,498,52,43,577,56,-23,22,1,69,-43,11,-0,67,404944,8,36136,73,0,02,10536,7
29,548,52,51,575,40,-23,25,1,69,-43,02,-0,67,404905,7,36130,09,0,00,10530,1
29,598,52,60,573,25,-23,29,1,69,-42,94,-0,67,404852,2,36123,45,0,00,10523,4
29,648,52,68,571,11,-23,32,1,69,-42,86,-0,67,404798,8,36116,80,0,00,10516,8
29,698,52,76,568,97,-23,35,1,69,-42,78,-0,67,404773,6,36110,16,0,00,10510,2
29,748,52,85,566,83,-23,39,1,69,-42,70,-0,67,404706,3,36103,53,0,00,10503,5
29,798,52,93,564,70,-23,42,1,69,-42,62,-0,67,404680,7,36096,90,0,00,10496,9
29,848,53,02,562,57,-23,45,1,69,-42,54,-0,67,404599,8,36090,27,0,00,10490,3
29,898,53,10,560,44,-23,49,1,69,-42,46,-0,67,404574,6,36083,64,0,00,10483,6
29,948,53,19,558,32,-23,52,1,69,-42,38,-0,67,404507,3,36077,01,0,00,10477,0
29,998,53,27,556,21,-23,55,1,69,-42,30,-0,67,404426,5,36070,38,0,00,10470,4
30,048,53,35,554,09,-23,59,1,69,-42,22,-0,67,404386,7,36063,75,0,00,10463,8
30,098,53,44,551,98,-23,62,1,69,-42,14,-0,67,404402,9,36057,12,0,00,10457,1
30,148,53,52,549,88,-23,65,1,69,-42,06,-0,67,404281,2,36050,48,0,00,10450,5
30,198,53,61,547,78,-23,69,1,69,-41,98,-0,67,404227,8,36043,86,0,00,10443,9
30,248,53,69,545,68,-23,72,1,69,-41,90,-0,67,404202,1,36037,22,0,00,10437,2
30,298,53,78,543,59,-23,75,1,68,-41,81,-0,66,404121,4,36030,60,0,00,10430,6
30,348,53,86,541,50,-23,79,1,68,-41,73,-0,66,404096,6,36023,98,0,00,10424,0
30,398,53,94,539,42,-23,82,1,68,-41,65,-0,66,404015,9,36017,36,0,00,10417,4
30,448,54,03,537,33,-23,85,1,68,-41,57,-0,66,403990,3,36010,73,0,00,10410,7
30,498,54,11,535,26,-23,89,1,68,-41,49,-0,66,403909,7,36004,11,0,00,10404,1
30,548,54,20,533,19,-23,92,1,68,-41,41,-0,66,403870,8,35997,49,0,00,10397,5
30,598,54,28,531,12,-23,95,1,68,-41,33,-0,66,403803,6,35990,87,0,00,10390,9
30,648,54,37,529,05,-23,99,1,68,-41,25,-0,66,403778,1,35984,25,0,00,10384,3
30,698,54,45,526,99,-24,02,1,68,-41,17,-0,66,403711,4,35977,63,0,00,10377,6
30,748,54,53,524,94,-24,05,1,68,-41,09,-0,66,403658,2,35971,01,0,00,10371,0
30,798,54,62,522,88,-24,09,1,68,-41,01,-0,66,403605,5,35964,39,0,00,10364,4
30,848,54,70,520,83,-24,12,1,68,-40,93,-0,66,403552,4,35957,77,0,00,10357,8
30,898,54,79,518,79,-24,15,1,68,-40,85,-0,66,403513,5,35951,16,0,00,10351,2
30,948,54,87,516,75,-24,18,1,68,-40,77,-0,66,403460,5,35944,55,0,00,10344,5
30,998,54,95,514,71,-24,22,1,68,-40,69,-0,66,403393,8,35937,93,0,00,10337,9
31,048,55,04,512,68,-24,25,1,68,-40,61,-0,66,403355,2,35931,32,0,00,10331,3
31,098,55,12,510,65,-24,28,1,68,-40,53,-0,66,403316,0,35924,71,0,00,10324,7
31,148,55,21,508,63,-24,32,1,68,-40,44,-0,66,403235,3,35918,10,0,00,10318,1
31,198,55,29,506,61,-24,35,1,68,-40,36,-0,66,403182,0,35911,49,0,00,10311,5
31,248,55,37,504,59,-24,38,1,68,-40,28,-0,66,403156,6,35904,88,0,00,10304,9
31,298,55,46,502,58,-24,42,1,68,-40,20,-0,66,403089,8,35898,27,0,02,10298,3
31,348,55,54,500,57,-24,45,1,68,-40,12,-0,66,403051,5,35891,66,0,00,10291,7
31,398,55,63,498,57,-24,48,1,68,-40,04,-0,66,402984,6,35885,04,0,00,10285,0
31,448,55,71,496,57,-24,51,1,68,-39,96,-0,66,402945,3,35878,44,0,00,10278,4
31,498,55,79,494,57,-24,55,1,68,-39,88,-0,66,402892,5,35871,84,0,00,10271,8
31,548,55,88,492,58,-24,58,1,68,-39,80,-0,66,402839,6,35865,23,0,00,10265,2
31,598,55,96,490,59,-24,61,1,68,-39,72,-0,66,402787,5,35858,63,0,00,10258,6
31,648,56,05,488,61,-24,65,1,68,-39,64,-0,66,402720,7,35852,03,0,00,10252,0
31,698,56,13,486,63,-24,68,1,68,-39,56,-0,66,402667,6,35845,43,0,00,10245,4
31,748,56,21,484,65,-24,71,1,68,-39,48,-0,66,402628,6,35838,83,0,00,10238,8
31,798,56,30,482,68,-24,74,1,68,-39,40,-0,66,402589,6,35832,23,0,00,10232,2
31,848,56,38,480,71,-24,78,1,68,-39,32,-0,66,402509,0,35825,63,0,00,10225,6
31,898,56,47,478,75,-24,81,1,68,-39,24,-0,66,402525,3,35819,02,0,00,10219,0
31,948,56,55,476,79,-24,84,1,68,-39,16,-0,66,402403,6,35812,42,0,00,10212,4
31,998,56,63,474,83,-24,88,1,68,-39,08,-0,66,402364,4,35805,82,0,00,10205,8
32,048,56,72,472,88,-24,91,1,68,-38,99,-0,66,402311,6,35799,23,0,00,10199,2
32,098,56,80,470,93,-24,94,1,68,-38,91,-0,65,402258,6,35792,64,0,00,10192,6
32,148,56,88,468,99,-24,97,1,68,-38,83,-0,65,402219,3,35786,05,0,00,10186,1
32,198,56,97,467,05,-25,01,1,68,-38,75,-0,65,402152,4,35779,46,0,00,10179,5
32,248,57,05,465,11,-25,04,1,68,-38,67,-0,65,402113,9,35772,87,0,00,10172,9
32,298,57,14,463,18,-25,07,1,68,-38,59,-0,65,402061,3,35766,27,0,00,10166,3
32,348,57,22,461,25,-25,11,1,67,-38,51,-0,65,401994,6,35759,68,0,00,10159,7
32,398,57,30,459,33,-25,14,1,67,-38,43,-0,65,401941,8,35753,09,0,00,10153,1
32,448,57,39,457,41,-25,17,1,67,-38,35,-0,65,401902,6,35746,50,0,00,10146,5
32,498,57,47,455,50,-25,20,1,67,-38,27,-0,65,401835,6,35739,91,0,00,10139,9
32,548,57,55,453,58,-25,24,1,67,-38,19,-0,65,401810,5,35733,31,0,00,10133,3
32,598,57,64,451,68,-25,27,1,67,-38,11,-0,65,401786,0,35726,73,0,00,10126,7
32,648,57,72,449,77,-25,30,1,67,-38,03,-0,65,401705,7,35720,14,0,00,10120,2
32,698,57,81,447,87,-25,33,1,67,-37,95,-0,65,401639,1,35713,56,0,00,10113,6
32,748,57,89,445,98,-25,37,1,67,-37,87,-0,65,401600,1,35706,98,0,00,10107,0
32,798,57,97,444,09,-25,40,1,67,-37,79,-0,65,401533,3,35700,40,0,00,10100,4
32,848,58,06,442,20,-25,43,1,67,-37,71,-0,65,401480,3,35693,82,0,00,10093,8
32,898,58,14,440,32,-25,46,1,67,-37,63,-0,65,401427,4,35687,23,0,00,10087,2
32,948,58,22,438,44,-25,50,1,67,-37,55,-0,65,401374,4,35680,65,0,00,10080,7
32,998,58,31,436,56,-25,53,1,67,-37,47,-0,65,401349,6,35674,07,0,00,10074,1
33,048,58,39,434,69,-25,56,1,67,-37,38,-0,65,401268,9,35667,49,0,00,10067,5
33,098,58,47,432,82,-25,59,1,67,-37,30,-0,65,401215,8,35660,91,0,00,10060,9
33,148,58,56,430,96,-25,63,1,67,-37,22,-0,65,401162,7,35654,33,0,00,10054,3
33,198,58,64,429,10,-25,66,1,67,-37,14,-0,65,401123,6,35647,76,0,00,10047,8
33,248,58,73,427,25,-25,69,1,67,-37,06,-0,65,401057,0,35641,19,0,00,10041,2
33,298,58,81,425,40,-25,72,1,67,-36,98,-0,65,401017,9,35634,61,0,00,10034,6
33,348,58,89,423,55,-25,76,1,67,-36,90,-0,65,400951,2,35628,04,0,00,10028,0
33,398,58,98,421,71,-25,79,1,67,-36,82,-0,65,400898,1,35621,47,0,00,10021,5
33,448,59,06,419,87,-25,82,1,67,-36,74,-0,65,400845,8,35614,90,0,00,10014,9
33,498,59,14,418,03,-25,85,1,67,-36,66,-0,65,400806,4,35608,32,0,00,10008,3
33,548,59,23,416,20,-25,89,1,67,-36,58,-0,65,400739,4,35601,75,0,00,10001,8
33,598,59,31,414,37,-25,92,1,67,-36,50,-0,65,400700,4,35595,18,0,00,9995,2
33,648,59,39,412,55,-25,95,1,67,-36,42,-0,65,400647,6,35588,61,0,00,9988,6
33,698,59,48,410,73,-25,98,1,67,-36,34,-0,65,400608,6,35582,04,0,00,9982,0
33,748,59,56,408,92,-26,01,1,67,-36,26,-0,65,400541,8,35575,47,0,00,9975,5
33,798,59,64,407,11,-26,05,1,67,-36,18,-0,65,400461,4,35568,91,0,00,9968,9
33,848,59,73,405,30,-26,08,1,67,-36,10,-0,65,400436,0,35562,35,0,00,9962,3
33,898,59,81,403,50,-26,11,1,67,-36,02,-0,65,400369,2,35555,79,0,00,9955,8
33,948,59,89,401,70,-26,14,1,67,-35,94,-0,65,400330,5,35549,22,0,00,9949,2
33,998,59,98,399,90,-26,18,1,67,-35,86,-0,64,400291,3,35542,66,0,00,9942,7
34,048,60,06,398,11,-26,21,1,67,-35,78,-0,64,400210,5,35536,10,0,00,9936,1
34,098,60,14,396,32,-26,24,1,67,-35,70,-0,64,400171,4,35529,54,0,00,9929,5
34,148,60,23,394,54,-26,27,1,67,-35,61,-0,64,400118,1,35522,97,0,00,9923,0
34,198,60,31,392,76,-26,31,1,67,-35,53,-0,64,400064,7,35516,41,0,00,9916,4
34,248,60,39,390,99,-26,34,1,67,-35,45,-0,64,400025,3,35509,85,0,00,9909,8
34,298,60,48,389,22,-26,37,1,67,-35,37,-0,64,399958,2,35503,29,0,00,9903,3
34,348,60,56,387,45,-26,40,1,67,-35,29,-0,64,399904,7,35496,74,0,00,9896,7
34,398,60,64,385,69,-26,43,1,67,-35,21,-0,64,399851,2,35490,19,0,00,9890,2
34,448,60,73,383,93,-26,47,1,67,-35,13,-0,64,399798,1,35483,64,0,00,9883,6
34,498,60,81,382,18,-26,50,1,67,-35,05,-0,64,399732,0,35477,08,0,00,9877,1
34,548,60,89,380,42,-26,53,1,67,-34,97,-0,64,399692,7,35470,53,0,00,9870,5
34,598,60,98,378,68,-26,56,1,66,-34,89,-0,64,399625,6,35463,98,0,00,9864,0
34,648,61,06,376,94,-26,59,1,66,-34,81,-0,64,399586,3,35457,43,0,00,9857,4
34,698,61,14,375,20,-26,63,1,66,-34,73,-0,64,399546,8,35450,87,0,00,9850,9
34,748,61,23,373,46,-26,66,1,66,-34,65,-0,64,399493,5,35444,32,0,00,9844,3
34,798,61,31,371,73,-26,69,1,66,-34,57,-0,64,399440,2,35437,77,0,00,9837,8
34,848,61,39,370,01,-26,72,1,66,-34,49,-0,64,399372,8,35431,22,0,00,9831,2
34,898,61,48,368,28,-26,75,1,66,-34,41,-0,64,399319,4,35424,68,0,00,9824,7
34,948,61,56,366,56,-26,79,1,66,-34,33,-0,64,399265,9,35418,13,0,00,9818,1
34,998,61,64,364,85,-26,82,1,66,-34,25,-0,64,399226,5,35411,59,0,00,9811,6
35,048,61,73,363,14,-26,85,1,66,-34,17,-0,64,399173,4,35405,05,0,00,9805,0
35,098,61,81,361,43,-26,88,1,66,-34,09,-0,64,399120,5,35398,50,0,00,9798,5
35,148,61,89,359,73,-26,91,1,66,-34,01,-0,64,399054,2,35391,96,0,00,9792,0
35,198,61,98,358,03,-26,95,1,66,-33,93,-0,64,399014,9,35385,42,0,00,9785,4
35,248,62,06,356,34,-26,98,1,66,-33,85,-0,64,398961,6,35378,88,0,00,9778,9
35,298,62,14,354,65,-27,01,1,66,-33,76,-0,64,398894,5,35372,33,0,00,9772,3
35,348,62,22,352,96,-27,04,1,66,-33,68,-0,64,398854,9,35365,79,0,00,9765,8
35,398,62,31,351,28,-27,07,1,66,-33,60,-0,64,398801,3,35359,25,0,00,9759,2
35,448,62,39,349,60,-27,11,1,66,-33,52,-0,64,398747,9,35352,71,0,00,9752,7
35,498,62,47,347,93,-27,14,1,66,-33,44,-0,64,398694,6,35346,18,0,00,9746,2
35,548,62,56,346,26,-27,17,1,66,-33,36,-0,64,398641,1,35339,65,0,00,9739,6
35,598,62,64,344,59,-27,20,1,66,-33,28,-0,64,398587,5,35333,11,0,00,9733,1
35,648,62,72,342,93,-27,23,1,66,-33,20,-0,64,398533,9,35326,58,0,00,9726,6
35,698,62,81,341,27,-27,26,1,66,-33,12,-0,64,398480,2,35320,05,0,00,9720,0
35,748,62,89,339,62,-27,30,1,66,-33,04,-0,64,398426,6,35313,52,0,00,9713,5
35,798,62,97,337,97,-27,33,1,66,-32,96,-0,64,398386,8,35306,98,0,00,9707,0
35,848,63,05,336,32,-27,36,1,66,-32,88,-0,64,398333,0,35300,45,0,00,9700,4
35,898,63,14,334,68,-27,39,1,66,-32,80,-0,63,398320,9,35293,91,0,00,9693,9
35,948,63,22,333,04,-27,42,1,66,-32,72,-0,63,398226,2,35287,38,0,00,9687,4
35,998,63,30,331,41,-27,46,1,66,-32,64,-0,63,398158,7,35280,86,0,00,9680,9
36,049,63,39,329,78,-27,49,1,66,-32,56,-0,63,398104,8,35274,34,0,00,9674,3
36,099,63,47,328,15,-27,52,1,66,-32,48,-0,63,398050,9,35267,81,0,00,9667,8
36,149,63,55,326,53,-27,55,1,66,-32,40,-0,63,397997,0,35261,29,0,00,9661,3
36,199,63,64,324,91,-27,58,1,66,-32,32,-0,63,397943,0,35254,77,0,00,9654,8
36,249,63,72,323,30,-27,61,1,66,-32,24,-0,63,397902,7,35248,24,0,00,9648,2
36,299,63,80,321,69,-27,65,1,66,-32,16,-0,63,397820,9,35241,72,0,00,9641,7
36,349,63,88,320,08,-27,68,1,66,-32,08,-0,63,397780,7,35235,20,0,00,9635,2
36,399,63,97,318,48,-27,71,1,66,-32,00,-0,63,397740,3,35228,67,0,00,9628,7
36,449,64,05,316,88,-27,74,1,66,-31,92,-0,63,397686,2,35222,15,0,00,9622,1
36,499,64,13,315,29,-27,77,1,66,-31,83,-0,63,397625,4,35215,63,0,00,9615,6
36,549,64,22,313,70,-27,80,1,66,-31,75,-0,63,397571,6,35209,11,0,00,9609,1
36,599,64,30,312,11,-27,84,1,66,-31,67,-0,63,397510,7,35202,60,0,00,9602,6
36,649,64,38,310,53,-27,87,1,66,-31,59,-0,63,397463,6,35196,08,0,00,9596,1
36,699,64,46,308,95,-27,90,1,66,-31,51,-0,63,397402,7,35189,57,0,00,9589,6
36,749,64,55,307,38,-27,93,1,66,-31,43,-0,63,397362,4,35183,05,0,00,9583,1
36,799,64,63,305,81,-27,96,1,66,-31,35,-0,63,397308,3,35176,54,0,00,9576,5
36,849,64,71,304,25,-27,99,1,66,-31,27,-0,63,397254,7,35170,03,0,00,9570,0
36,899,64,80,302,68,-28,02,1,66,-31,19,-0,63,397186,7,35163,52,0,00,9563,5
36,949,64,88,301,13,-28,06,1,66,-31,11,-0,63,397132,4,35157,00,0,00,9557,0
36,999,64,96,299,57,-28,09,1,66,-31,03,-0,63,397078,2,35150,49,0,00,9550,5
37,049,65,04,298,02,-28,12,1,66,-30,95,-0,63,397037,8,35143,97,0,00,9544,0
37,099,65,13,296,48,-28,15,1,65,-30,87,-0,63,396976,8,35137,47,0,00,9537,5
37,149,65,21,294,94,-28,18,1,65,-30,79,-0,63,396922,6,35130,96,0,00,9531,0
37,199,65,29,293,40,-28,21,1,65,-30,71,-0,63,396861,4,35124,46,0,00,9524,5
37,249,65,37,291,86,-28,24,1,65,-30,63,-0,63,396807,1,35117,96,0,00,9518,0
37,299,65,46,290,34,-28,28,1,65,-30,55,-0,63,396766,6,35111,45,0,00,9511,5
37,349,65,54,288,81,-28,31,1,65,-30,47,-0,63,396712,1,35104,95,0,00,9504,9
37,399,65,62,287,29,-28,34,1,65,-30,39,-0,63,396650,8,35098,45,0,00,9498,4
37,449,65,71,285,77,-28,37,1,65,-30,31,-0,63,396603,2,35091,94,0,00,9491,9
37,499,65,79,284,26,-28,40,1,65,-30,23,-0,63,396548,7,35085,44,0,00,9485,4
37,549,65,87,282,75,-28,43,1,65,-30,15,-0,63,396487,2,35078,93,0,00,9478,9
37,599,65,95,281,24,-28,46,1,65,-30,07,-0,63,396425,7,35072,43,0,00,9472,4
37,649,66,04,279,74,-28,50,1,65,-29,99,-0,63,396378,1,35065,93,0,00,9465,9
37,699,66,12,278,24,-28,53,1,65,-29,91,-0,63,396330,6,35059,44,0,00,9459,4
37,749,66,20,276,75,-28,56,1,65,-29,83,-0,63,396269,2,35052,95,0,00,9452,9
37,799,66,28,275,26,-28,59,1,65,-29,74,-0,63,396214,6,35046,45,0,00,9446,5
37,849,66,37,273,78,-28,62,1,65,-29,66,-0,63,396159,9,35039,96,0,00,9440,0
37,899,66,45,272,30,-28,65,1,65,-29,58,-0,62,396112,1,35033,46,0,00,9433,5
37,949,66,53,270,82,-28,68,1,65,-29,50,-0,62,396043,5,35026,97,0,00,9427,0
37,999,66,61,269,35,-28,71,1,65,-29,42,-0,62,395995,7,35020,48,0,02,9420,5
38,049,66,70,267,88,-28,75,1,65,-29,34,-0,62,395948,4,35013,98,0,00,9414,0
38,099,66,78,266,41,-28,78,1,65,-29,26,-0,62,395886,7,35007,48,0,00,9407,5
38,149,66,86,264,95,-28,81,1,65,-29,18,-0,62,395838,6,35000,99,0,00,9401,0
38,199,66,94,263,49,-28,84,1,65,-29,10,-0,62,395776,8,34994,51,0,00,9394,5
38,249,67,03,262,04,-28,87,1,65,-29,02,-0,62,395714,9,34988,02,0,00,9388,0
38,299,67,11,260,59,-28,90,1,65,-28,94,-0,62,395673,7,34981,54,0,00,9381,5
38,349,67,19,259,15,-28,93,1,65,-28,86,-0,62,395611,9,34975,05,0,00,9375,1
38,399,67,27,257,70,-28,96,1,65,-28,78,-0,62,395557,1,34968,57,0,00,9368,6
38,449,67,36,256,27,-28,99,1,65,-28,70,-0,62,395509,0,34962,09,0,00,9362,1
38,499,67,44,254,83,-29,03,1,65,-28,62,-0,62,395447,2,34955,60,0,00,9355,6
38,549,67,52,253,41,-29,06,1,65,-28,54,-0,62,395399,0,34949,12,0,00,9349,1
38,599,67,60,251,98,-29,09,1,65,-28,46,-0,62,395343,9,34942,63,0,00,9342,6
38,649,67,69,250,56,-29,12,1,65,-28,38,-0,62,395288,8,34936,15,0,00,9336,1
38,699,67,77,249,14,-29,15,1,65,-28,30,-0,62,395233,7,34929,66,0,00,9329,7
38,749,67,85,247,73,-29,18,1,65,-28,22,-0,62,395178,5,34923,19,0,00,9323,2
38,799,67,93,246,32,-29,21,1,65,-28,14,-0,62,395123,3,34916,71,0,00,9316,7
38,849,68,02,244,92,-29,24,1,65,-28,06,-0,62,395061,2,34910,24,0,00,9310,2
38,899,68,10,243,52,-29,27,1,65,-27,98,-0,62,395012,8,34903,77,0,00,9303,8
38,949,68,18,242,12,-29,31,1,65,-27,90,-0,62,394957,5,34897,29,0,00,9297,3
38,999,68,26,240,73,-29,34,1,65,-27,82,-0,62,394895,2,34890,82,0,00,9290,8
39,049,68,35,239,34,-29,37,1,65,-27,74,-0,62,394839,8,34884,34,0,00,9284,3
39,099,68,43,237,95,-29,40,1,65,-27,65,-0,62,394791,2,34877,87,0,00,9277,9
39,149,68,51,236,57,-29,43,1,65,-27,57,-0,62,394735,7,34871,39,0,00,9271,4
39,199,68,59,235,19,-29,46,1,65,-27,49,-0,62,394680,0,34864,92,0,00,9264,9
39,249,68,68,233,82,-29,49,1,65,-27,41,-0,62,394624,5,34858,45,0,00,9258,4
39,299,68,76,232,45,-29,52,1,65,-27,33,-0,62,394575,8,34851,98,0,00,9252,0
39,349,68,84,231,09,-29,55,1,65,-27,25,-0,62,394506,5,34845,52,0,00,9245,5
39,399,68,92,229,73,-29,58,1,65,-27,17,-0,62,394444,0,34839,05,0,00,9239,1
39,449,69,01,228,37,-29,61,1,65,-27,09,-0,62,394402,4,34832,59,0,00,9232,6
39,499,69,09,227,02,-29,65,1,65,-27,01,-0,62,394339,8,34826,12,0,00,9226,1
39,549,69,17,225,67,-29,68,1,65,-26,93,-0,62,394291,2,34819,66,0,00,9219,7
39,599,69,25,224,33,-29,71,1,65,-26,85,-0,62,394222,4,34813,19,0,00,9213,2
39,649,69,33,222,99,-29,74,1,65,-26,77,-0,62,394187,3,34806,73,0,00,9206,7
39,699,69,42,221,65,-29,77,1,65,-26,69,-0,62,394131,6,34800,26,0,00,9200,3
39,749,69,50,220,32,-29,80,1,65,-26,61,-0,62,394075,8,34793,80,0,00,9193,8
39,799,69,58,218,99,-29,83,1,65,-26,53,-0,62,394006,3,34787,34,0,00,9187,3
39,849,69,66,217,66,-29,86,1,65,-26,45,-0,62,393964,3,34780,88,0,00,9180,9
39,899,69,75,216,34,-29,89,1,64,-26,37,-0,62,393908,5,34774,43,0,00,9174,4
39,949,69,83,215,03,-29,92,1,64,-26,29,-0,62,393838,8,34767,97,0,00,9168,0
39,999,69,91,213,71,-29,95,1,64,-26,21,-0,61,393782,9,34761,52,0,00,9161,5
40,049,69,99,212,41,-29,98,1,64,-26,13,-0,61,393740,8,34755,06,0,00,9155,1
40,099,70,07,211,10,-30,02,1,64,-26,05,-0,61,393670,9,34748,61,0,00,9148,6
40,149,70,16,209,80,-30,05,1,64,-25,97,-0,61,393621,7,34742,15,0,00,9142,2
40,199,70,24,208,50,-30,08,1,64,-25,89,-0,61,393565,6,34735,70,0,00,9135,7
40,249,70,32,207,21,-30,11,1,64,-25,81,-0,61,393502,5,34729,24,0,00,9129,2
40,299,70,40,205,92,-30,14,1,64,-25,73,-0,61,393453,3,34722,79,0,00,9122,8
40,349,70,49,204,64,-30,17,1,64,-25,65,-0,61,393390,2,34716,34,0,00,9116,3
40,399,70,57,203,36,-30,20,1,64,-25,57,-0,61,393333,9,34709,89,0,00,9109,9
40,449,70,65,202,08,-30,23,1,64,-25,48,-0,61,393291,4,34703,45,0,00,9103,5
40,499,70,73,200,81,-30,26,1,64,-25,40,-0,61,393242,0,34697,00,0,00,9097,0
40,549,70,81,199,54,-30,29,1,64,-25,32,-0,61,393178,7,34690,56,0,00,9090,6
40,599,70,90,198,28,-30,32,1,64,-25,24,-0,61,393115,4,34684,11,0,00,9084,1
40,649,70,98,197,02,-30,35,1,64,-25,16,-0,61,393058,9,34677,67,0,00,9077,7
40,699,71,06,195,76,-30,38,1,64,-25,08,-0,61,392995,5,34671,22,0,00,9071,2
40,750,71,14,194,51,-30,41,1,64,-25,00,-0,61,392952,7,34664,78,0,00,9064,8
40,800,71,22,193,26,-30,44,1,64,-24,92,-0,61,392882,3,34658,33,0,00,9058,3
40,850,71,31,192,02,-30,47,1,64,-24,84,-0,61,392825,8,34651,89,0,00,9051,9
40,900,71,39,190,78,-30,51,1,64,-24,76,-0,61,392783,0,34645,46,0,00,9045,5
40,950,71,47,189,54,-30,54,1,64,-24,68,-0,61,392726,3,34639,02,0,00,9039,0
41,000,71,55,188,31,-30,57,1,64,-24,60,-0,61,392655,8,34632,59,0,00,9032,6
41,050,71,64,187,08,-30,60,1,64,-24,52,-0,61,392612,9,34626,15,0,00,9026,1
41,100,71,72,185,86,-30,63,1,64,-24,44,-0,61,392549,1,34619,71,0,00,9019,7
41,150,71,80,184,64,-30,66,1,64,-24,36,-0,61,392492,2,34613,28,0,00,9013,3
41,200,71,88,183,42,-30,69,1,64,-24,28,-0,61,392435,3,34606,84,0,00,9006,8
41,250,71,96,182,21,-30,72,1,64,-24,20,-0,61,392392,2,34600,41,0,00,9000,4
41,300,72,05,181,00,-30,75,1,64,-24,12,-0,61,392314,4,34593,97,0,00,8994,0
41,350,72,13,179,80,-30,78,1,64,-24,04,-0,61,392264,3,34587,54,0,00,8987,5
41,400,72,21,178,60,-30,81,1,64,-23,96,-0,61,392207,2,34581,11,0,00,8981,1
41,450,72,29,177,40,-30,84,1,64,-23,88,-0,61,392143,3,34574,68,0,00,8974,7
41,500,72,37,176,21,-30,87,1,64,-23,80,-0,61,392093,1,34568,26,0,00,8968,3
41,550,72,46,175,02,-30,90,1,64,-23,72,-0,61,392042,9,34561,83,0,00,8961,8
41,600,72,54,173,84,-30,93,1,64,-23,64,-0,61,391971,8,34555,41,0,00,8955,4
41,650,72,62,172,66,-30,96,1,64,-23,56,-0,61,391921,5,34548,98,0,00,8949,0
41,700,72,70,171,48,-30,99,1,64,-23,48,-0,61,391857,3,34542,55,0,00,8942,6
41,750,72,78,170,31,-31,02,1,64,-23,40,-0,61,391806,9,34536,13,0,00,8936,1
41,800,72,87,169,14,-31,05,1,64,-23,32,-0,61,391742,6,34529,70,0,00,8929,7
41,850,72,95,167,98,-31,08,1,64,-23,23,-0,61,391678,3,34523,28,0,00,8923,3
41,900,73,03,166,82,-31,11,1,64,-23,15,-0,61,391641,6,34516,86,0,00,8916,9
41,950,73,11,165,66,-31,14,1,64,-23,07,-0,61,391577,3,34510,44,0,00,8910,4
42,000,73,19,164,51,-31,17,1,64,-22,99,-0,61,391513,0,34504,03,0,00,8904,0
42,050,73,28,163,36,-31,20,1,64,-22,91,-0,61,391462,6,34497,61,0,00,8897,6
42,100,73,36,162,22,-31,23,1,64,-22,83,-0,61,391418,9,34491,20,0,00,8891,2
42,150,73,44,161,08,-31,26,1,64,-22,75,-0,60,391341,4,34484,78,0,00,8884,8
42,200,73,52,159,95,-31,30,1,64,-22,67,-0,60,391283,8,34478,36,0,00,8878,4
42,250,73,60,158,81,-31,33,1,64,-22,59,-0,60,391232,8,34471,95,0,00,8871,9
42,300,73,68,157,69,-31,36,1,64,-22,51,-0,60,391175,1,34465,53,0,00,8865,5
42,350,73,77,156,56,-31,39,1,64,-22,43,-0,60,391110,3,34459,11,0,00,8859,1
42,400,73,85,155,44,-31,42,1,64,-22,35,-0,60,391059,3,34452,70,0,00,8852,7
42,450,73,93,154,33,-31,45,1,64,-22,27,-0,60,391001,6,34446,29,0,00,8846,3
42,500,74,01,153,22,-31,48,1,64,-22,19,-0,60,390937,0,34439,89,0,00,8839,9
42,550,74,09,152,11,-31,51,1,64,-22,11,-0,60,390893,0,34433,48,0,00,8833,5
42,600,74,18,151,01,-31,54,1,64,-22,03,-0,60,390835,1,34427,07,0,00,8827,1
42,650,74,26,149,91,-31,57,1,64,-21,95,-0,60,390770,3,34420,67,0,00,8820,7
42,700,74,34,148,81,-31,60,1,64,-21,87,-0,60,390712,3,34414,26,0,00,8814,3
42,750,74,42,147,72,-31,63,1,64,-21,79,-0,60,390647,5,34407,86,0,00,8807,9
42,800,74,50,146,63,-31,66,1,64,-21,71,-0,60,390582,5,34401,45,0,00,8801,5
42,850,74,59,145,55,-31,69,1,64,-21,63,-0,60,390531,3,34395,04,0,00,8795,0
42,900,74,67,144,47,-31,72,1,64,-21,55,-0,60,390480,0,34388,64,0,00,8788,6
42,950,74,75,143,39,-31,75,1,64,-21,47,-0,60,390415,0,34382,24,0,00,8782,2
43,000,74,83,142,32,-31,78,1,64,-21,39,-0,60,390370,6,34375,84,0,00,8775,8
43,050,74,91,141,25,-31,81,1,64,-21,31,-0,60,390305,5,34369,45,0,00,8769,4
43,100,74,99,140,19,-31,84,1,64,-21,23,-0,60,390240,4,34363,05,0,00,8763,1
43,150,75,08,139,13,-31,87,1,64,-21,15,-0,60,390195,8,34356,66,0,00,8756,7
43,200,75,16,138,08,-31,90,1,64,-21,06,-0,60,390130,6,34350,26,0,00,8750,3
43,250,75,24,137,03,-31,93,1,64,-20,98,-0,60,390065,2,34343,86,0,00,8743,9
43,300,75,32,135,98,-31,96,1,64,-20,90,-0,60,390020,6,34337,46,0,00,8737,5
43,350,75,40,134,94,-31,99,1,64,-20,82,-0,60,389962,1,34331,07,0,00,8731,1
43,400,75,48,133,90,-32,02,1,64,-20,74,-0,60,389889,7,34324,67,0,00,8724,7
43,450,75,57,132,86,-32,05,1,64,-20,66,-0,60,389831,1,34318,28,0,00,8718,3
43,500,75,65,131,83,-32,08,1,63,-20,58,-0,60,389772,6,34311,89,0,00,8711,9
43,550,75,73,130,80,-32,11,1,63,-20,50,-0,60,389727,7,34305,51,0,00,8705,5
43,600,75,81,129,78,-32,14,1,63,-20,42,-0,60,389669,1,34299,12,0,00,8699,1
43,650,75,89,128,76,-32,17,1,63,-20,34,-0,60,389603,5,34292,73,0,00,8692,7
43,700,75,98,127,75,-32,20,1,63,-20,26,-0,60,389551,6,34286,35,0,00,8686,3
43,750,76,06,126,73,-32,23,1,63,-20,18,-0,60,389485,8,34279,96,0,00,8680,0
43,800,76,14,125,73,-32,26,1,63,-20,10,-0,60,389433,8,34273,57,0,00,8673,6
43,850,76,22,124,72,-32,29,1,63,-20,02,-0,60,389368,0,34267,19,0,00,8667,2
43,900,76,30,123,73,-32,32,1,63,-19,94,-0,60,389322,8,34260,80,0,00,8660,8
43,950,76,38,122,73,-32,35,1,63,-19,86,-0,60,389250,0,34254,42,0,00,8654,4
44,000,76,47,121,74,-32,38,1,63,-19,78,-0,60,389184,2,34248,04,0,00,8648,0
44,050,76,55,120,75,-32,41,1,63,-19,70,-0,60,389138,9,34241,66,0,00,8641,7
44,100,76,63,119,77,-32,44,1,63,-19,62,-0,60,389072,8,34235,29,0,00,8635,3
44,150,76,71,118,79,-32,47,1,63,-19,54,-0,60,389006,9,34228,91,0,00,8628,9
44,200,76,79,117,82,-32,50,1,63,-19,46,-0,60,388954,5,34222,54,0,00,8622,5
44,250,76,87,116,84,-32,53,1,63,-19,38,-0,60,388888,4,34216,16,0,00,8616,2
44,300,76,96,115,88,-32,56,1,63,-19,30,-0,60,388836,0,34209,78,0,00,8609,8
44,350,77,04,114,92,-32,58,1,63,-19,22,-0,60,388776,7,34203,41,0,00,8603,4
44,400,77,12,113,96,-32,61,1,63,-19,14,-0,60,388717,3,34197,03,0,00,8597,0
44,450,77,20,113,00,-32,64,1,63,-19,06,-0,59,388657,8,34190,66,0,00,8590,7
44,500,77,28,112,05,-32,67,1,63,-18,98,-0,59,388598,4,34184,29,0,00,8584,3
44,550,77,36,111,10,-32,70,1,63,-18,90,-0,59,388545,9,34177,92,0,00,8577,9
44,600,77,45,110,16,-32,73,1,63,-18,81,-0,59,388486,4,34171,55,0,00,8571,6
44,650,77,53,109,22,-32,76,1,63,-18,73,-0,59,388419,9,34165,19,0,00,8565,2
44,700,77,61,108,29,-32,79,1,63,-18,65,-0,59,388353,4,34158,82,0,00,8558,8
44,750,77,69,107,36,-32,82,1,63,-18,57,-0,59,388300,6,34152,45,0,00,8552,5
44,800,77,77,106,43,-32,85,1,63,-18,49,-0,59,388240,9,34146,09,0,00,8546,1
44,850,77,85,105,51,-32,88,1,63,-18,41,-0,59,388181,1,34139,72,0,00,8539,7
44,900,77,94,104,59,-32,91,1,63,-18,33,-0,59,388107,5,34133,35,0,00,8533,4
44,950,78,02,103,67,-32,94,1,63,-18,25,-0,59,388054,7,34126,99,0,00,8527,0
45,000,78,10,102,76,-32,97,1,63,-18,17,-0,59,388001,7,34120,63,0,00,8520,6
45,050,78,18,101,86,-33,00,1,63,-18,09,-0,59,387941,8,34114,27,0,00,8514,3
45,100,78,26,100,95,-33,03,1,63,-18,01,-0,59,387875,0,34107,91,0,00,8507,9
45,150,78,34,100,06,-33,06,1,63,-17,93,-0,59,387815,0,34101,56,0,00,8501,6
45,200,78,42,99,16,-33,09,1,63,-17,85,-0,59,387761,9,34095,20,0,00,8495,2
45,250,78,51,98,27,-33,12,1,63,-17,77,-0,59,387694,8,34088,84,0,00,8488,8
45,300,78,59,97,38,-33,15,1,63,-17,69,-0,59,387641,6,34082,48,0,00,8482,5
45,350,78,67,96,50,-33,18,1,63,-17,61,-0,59,387581,4,34076,13,0,00,8476,1
45,400,78,75,95,62,-33,21,1,63,-17,53,-0,59,387514,3,34069,77,0,00,8469,8
45,451,78,83,94,75,-33,24,1,63,-17,45,-0,59,387447,2,34063,42,0,00,8463,4
45,501,78,91,93,88,-33,27,1,63,-17,37,-0,59,387393,8,34057,07,0,00,8457,1
45,551,79,00,93,01,-33,30,1,63,-17,29,-0,59,387340,4,34050,72,0,00,8450,7
45,601,79,08,92,15,-33,33,1,63,-17,21,-0,59,387279,9,34044,38,0,00,8444,4
45,651,79,16,91,29,-33,36,1,63,-17,13,-0,59,387219,6,34038,03,0,00,8438,0
45,701,79,24,90,44,-33,38,1,63,-17,05,-0,59,387152,2,34031,68,0,00,8431,7
45,751,79,32,89,59,-33,41,1,63,-16,97,-0,59,387091,7,34025,33,0,00,8425,3
45,801,79,40,88,74,-33,44,1,63,-16,89,-0,59,387038,0,34018,98,0,00,8419,0
45,851,79,48,87,90,-33,47,1,63,-16,81,-0,59,386977,4,34012,64,0,00,8412,6
45,901,79,57,87,06,-33,50,1,63,-16,73,-0,59,386930,5,34006,29,0,00,8406,3
45,951,79,65,86,23,-33,53,1,63,-16,64,-0,59,386835,4,33999,95,0,00,8399,9
46,001,79,73,85,40,-33,56,1,63,-16,56,-0,59,386788,5,33993,61,0,00,8393,6
46,051,79,81,84,57,-33,59,1,63,-16,48,-0,59,386727,8,33987,27,0,00,8387,3
46,101,79,89,83,75,-33,62,1,63,-16,40,-0,59,386667,0,33980,94,0,00,8380,9
46,151,79,97,82,93,-33,65,1,63,-16,32,-0,59,386606,1,33974,60,0,00,8374,6
46,201,80,06,82,12,-33,68,1,63,-16,24,-0,59,386545,3,33968,26,0,00,8368,3
46,251,80,14,81,30,-33,71,1,63,-16,16,-0,59,386484,3,33961,92,0,00,8361,9
46,301,80,22,80,50,-33,74,1,63,-16,08,-0,59,386416,4,33955,59,0,00,8355,6
46,351,80,30,79,70,-33,77,1,63,-16,00,-0,59,386369,2,33949,25,0,00,8349,2
46,401,80,38,78,90,-33,80,1,63,-15,92,-0,59,386304,8,33942,91,0,00,8342,9
46,451,80,46,78,10,-33,83,1,63,-15,84,-0,59,386243,7,33936,58,0,00,8336,6
46,501,80,54,77,31,-33,86,1,63,-15,76,-0,59,386182,6,33930,25,0,00,8330,3
46,551,80,63,76,53,-33,88,1,63,-15,68,-0,59,386118,0,33923,92,0,00,8323,9
46,601,80,71,75,75,-33,91,1,63,-15,60,-0,59,386060,2,33917,59,0,00,8317,6
46,651,80,79,74,97,-33,94,1,63,-15,52,-0,59,385999,0,33911,27,0,00,8311,3
46,701,80,87,74,19,-33,97,1,63,-15,44,-0,59,385934,2,33904,94,0,00,8304,9
46,751,80,95,73,42,-34,00,1,63,-15,36,-0,59,385879,7,33898,61,0,00,8298,6
46,801,81,03,72,66,-34,03,1,63,-15,28,-0,59,385818,3,33892,28,0,00,8292,3
46,851,81,11,71,90,-34,06,1,63,-15,20,-0,58,385749,9,33885,95,0,00,8286,0
46,901,81,20,71,14,-34,09,1,63,-15,12,-0,58,385695,3,33879,63,0,00,8279,6
46,951,81,28,70,38,-34,12,1,63,-15,04,-0,58,385633,8,33873,31,0,00,8273,3
47,001,81,36,69,64,-34,15,1,63,-14,96,-0,58,385568,8,33866,99,0,00,8267,0
47,051,81,44,68,89,-34,18,1,63,-14,88,-0,58,385510,7,33860,67,0,00,8260,7
47,101,81,52,68,15,-34,21,1,63,-14,80,-0,58,385442,1,33854,36,0,00,8254,4
47,151,81,60,67,41,-34,24,1,63,-14,72,-0,58,385383,9,33848,04,0,00,8248,0
47,201,81,68,66,68,-34,26,1,63,-14,64,-0,58,385318,6,33841,72,0,00,8241,7
47,251,81,77,65,95,-34,29,1,63,-14,56,-0,58,385260,3,33835,40,0,00,8235,4
47,301,81,85,65,22,-34,32,1,63,-14,48,-0,58,385191,4,33829,08,0,00,8229,1
47,351,81,93,64,50,-34,35,1,63,-14,39,-0,58,385136,5,33822,76,0,00,8222,8
47,401,82,01,63,78,-34,38,1,63,-14,31,-0,58,385071,0,33816,45,0,00,8216,4
47,451,82,09,63,07,-34,41,1,63,-14,23,-0,58,385012,6,33810,14,0,00,8210,1
47,501,82,17,62,36,-34,44,1,63,-14,15,-0,58,384950,6,33803,83,0,00,8203,8
47,551,82,25,61,65,-34,47,1,63,-14,07,-0,58,384888,5,33797,52,0,00,8197,5
47,601,82,34,60,95,-34,50,1,63,-13,99,-0,58,384823,0,33791,21,0,00,8191,2
47,651,82,42,60,25,-34,53,1,63,-13,91,-0,58,384764,3,33784,91,0,00,8184,9
47,701,82,50,59,56,-34,56,1,63,-13,83,-0,58,384702,1,33778,60,0,00,8178,6
47,751,82,58,58,87,-34,58,1,63,-13,75,-0,58,384639,9,33772,29,0,00,8172,3
47,801,82,66,58,18,-34,61,1,63,-13,67,-0,58,384577,6,33765,99,0,00,8166,0
47,851,82,74,57,50,-34,64,1,63,-13,59,-0,58,384512,5,33759,68,0,00,8159,7
47,901,82,82,56,82,-34,67,1,63,-13,51,-0,58,384450,1,33753,38,0,00,8153,4
47,951,82,91,56,15,-34,70,1,63,-13,43,-0,58,384387,7,33747,08,0,00,8147,1
48,001,82,99,55,48,-34,73,1,63,-13,35,-0,58,384328,6,33740,78,0,00,8140,8
48,051,83,07,54,82,-34,76,1,63,-13,27,-0,58,384262,6,33734,48,0,00,8134,5
48,101,83,15,54,15,-34,79,1,63,-13,19,-0,58,384206,9,33728,18,0,00,8128,2
48,151,83,23,53,50,-34,82,1,63,-13,11,-0,58,384140,8,33721,88,0,00,8121,9
48,201,83,31,52,84,-34,85,1,63,-13,03,-0,58,384074,8,33715,58,0,00,8115,6
48,251,83,39,52,19,-34,87,1,63,-12,95,-0,58,384008,6,33709,29,0,00,8109,3
48,301,83,47,51,55,-34,90,1,63,-12,87,-0,58,383949,4,33702,99,0,00,8103,0
48,351,83,56,50,91,-34,93,1,63,-12,79,-0,58,383893,6,33696,70,0,00,8096,7
48,401,83,64,50,27,-34,96,1,63,-12,71,-0,58,383823,8,33690,40,0,00,8090,4
48,451,83,72,49,64,-34,99,1,63,-12,63,-0,58,383764,4,33684,11,0,00,8084,1
48,501,83,80,49,01,-35,02,1,63,-12,55,-0,58,383698,1,33677,82,0,00,8077,8
48,551,83,88,48,38,-35,05,1,63,-12,47,-0,58,383638,5,33671,53,0,00,8071,5
48,601,83,96,47,76,-35,08,1,63,-12,39,-0,58,383568,7,33665,24,0,00,8065,2
48,651,84,04,47,14,-35,11,1,63,-12,31,-0,58,383512,4,33658,95,0,00,8059,0
48,701,84,12,46,53,-35,13,1,63,-12,23,-0,58,383445,9,33652,67,0,00,8052,7
48,751,84,21,45,92,-35,16,1,63,-12,14,-0,58,383382,8,33646,38,0,00,8046,4
48,801,84,29,45,32,-35,19,1,63,-12,06,-0,58,383319,5,33640,10,0,00,8040,1
48,851,84,37,44,71,-35,22,1,63,-11,98,-0,58,383252,8,33633,82,0,00,8033,8
48,901,84,45,44,12,-35,25,1,63,-11,90,-0,58,383193,0,33627,53,0,00,8027,5
48,951,84,53,43,52,-35,28,1,63,-11,82,-0,58,383129,6,33621,25,0,00,8021,3
49,001,84,61,42,93,-35,31,1,63,-11,74,-0,58,383059,3,33614,97,0,00,8015,0
49,051,84,69,42,35,-35,34,1,63,-11,66,-0,58,383002,8,33608,69,0,00,8008,7
49,101,84,78,41,77,-35,37,1,63,-11,58,-0,58,382935,8,33602,41,0,00,8002,4
49,151,84,86,41,19,-35,39,1,63,-11,50,-0,58,382872,3,33596,13,0,00,7996,1
49,201,84,94,40,62,-35,42,1,63,-11,42,-0,58,382805,3,33589,86,0,00,7989,9
49,251,85,02,40,05,-35,45,1,63,-11,34,-0,58,382748,6,33583,58,0,00,7983,6
49,301,85,10,39,48,-35,48,1,63,-11,26,-0,58,382681,5,33577,31,0,00,7977,3
49,351,85,18,38,92,-35,51,1,63,-11,18,-0,57,382617,8,33571,04,0,00,7971,0
49,401,85,26,38,37,-35,54,1,63,-11,10,-0,57,382554,1,33564,76,0,00,7964,8
49,451,85,34,37,81,-35,57,1,63,-11,02,-0,57,382490,3,33558,49,0,00,7958,5
49,501,85,43,37,26,-35,60,1,63,-10,94,-0,57,382426,5,33552,22,0,00,7952,2
49,551,85,51,36,72,-35,62,1,63,-10,86,-0,57,382369,5,33545,95,0,00,7946,0
49,601,85,59,36,18,-35,65,1,63,-10,78,-0,57,382305,6,33539,68,0,00,7939,7
49,651,85,67,35,64,-35,68,1,63,-10,70,-0,57,382234,6,33533,42,0,00,7933,4
49,701,85,75,35,11,-35,71,1,63,-10,62,-0,57,382174,0,33527,15,0,00,7927,2
49,751,85,83,34,58,-35,74,1,63,-10,54,-0,57,382109,9,33520,89,0,00,7920,9
49,801,85,91,34,05,-35,77,1,63,-10,46,-0,57,382045,7,33514,63,0,00,7914,6
49,851,86,00,33,53,-35,80,1,63,-10,38,-0,57,381984,9,33508,36,0,00,7908,4
49,901,86,08,33,02,-35,83,1,63,-10,30,-0,57,381920,7,33502,10,0,00,7902,1
49,951,86,16,32,50,-35,85,1,63,-10,22,-0,57,381852,9,33495,84,0,00,7895,8
50,001,86,24,32,00,-35,88,1,63,-10,14,-0,57,381785,0,33489,58,0,00,7889,6
50,051,86,32,31,49,-35,91,1,63,-10,06,-0,57,381724,0,33483,32,0,00,7883,3
50,102,86,40,30,99,-35,94,1,63,-9,98,-0,57,381662,9,33477,06,0,00,7877,1
50,152,86,48,30,49,-35,97,1,63,-9,89,-0,57,381598,5,33470,81,0,00,7870,8
50,202,86,56,30,00,-36,00,1,63,-9,81,-0,57,381523,5,33464,55,0,00,7864,6
50,252,86,65,29,51,-36,03,1,63,-9,73,-0,57,381462,3,33458,30,0,00,7858,3
50,302,86,73,29,03,-36,05,1,63,-9,65,-0,57,381397,7,33452,04,0,00,7852,0
50,352,86,81,28,55,-36,08,1,63,-9,57,-0,57,381336,5,33445,79,0,00,7845,8
50,402,86,89,28,07,-36,11,1,63,-9,49,-0,57,381268,3,33439,54,0,00,7839,5
50,452,86,97,27,60,-36,14,1,63,-9,41,-0,57,381203,5,33433,29,0,00,7833,3
50,502,87,05,27,13,-36,17,1,63,-9,33,-0,57,381138,6,33427,04,0,00,7827,0
50,552,87,13,26,66,-36,20,1,63,-9,25,-0,57,381073,7,33420,79,0,00,7820,8
50,602,87,21,26,20,-36,23,1,63,-9,17,-0,57,381008,6,33414,55,0,00,7814,5
50,652,87,30,25,75,-36,25,1,63,-9,09,-0,57,380943,6,33408,30,0,00,7808,3
50,702,87,38,25,29,-36,28,1,63,-9,01,-0,57,380878,4,33402,06,0,00,7802,1
50,752,87,46,24,85,-36,31,1,63,-8,93,-0,57,380813,2,33395,81,0,00,7795,8
50,802,87,54,24,40,-36,34,1,63,-8,85,-0,57,380748,1,33389,57,0,00,7789,6
50,852,87,62,23,96,-36,37,1,63,-8,77,-0,57,380682,8,33383,33,0,00,7783,3
50,902,87,70,23,52,-36,40,1,63,-8,69,-0,57,380617,6,33377,09,0,00,7777,1
50,952,87,78,23,09,-36,42,1,63,-8,61,-0,57,380552,3,33370,85,0,00,7770,8
51,002,87,86,22,66,-36,45,1,63,-8,53,-0,57,380483,4,33364,61,0,00,7764,6
51,052,87,95,22,24,-36,48,1,63,-8,45,-0,57,380424,9,33358,38,0,00,7758,4
51,102,88,03,21,82,-36,51,1,63,-8,37,-0,57,380356,0,33352,14,0,00,7752,1
51,152,88,11,21,40,-36,54,1,63,-8,29,-0,57,380290,4,33345,90,0,00,7745,9
51,202,88,19,20,99,-36,57,1,63,-8,21,-0,57,380224,9,33339,67,0,00,7739,7
51,252,88,27,20,58,-36,60,1,63,-8,13,-0,57,380159,2,33333,43,0,00,7733,4
51,302,88,35,20,18,-36,62,1,63,-8,05,-0,57,380093,5,33327,20,0,00,7727,2
51,352,88,43,19,78,-36,65,1,63,-7,97,-0,57,380026,0,33320,97,0,00,7721,0
51,402,88,51,19,38,-36,68,1,63,-7,89,-0,57,379960,2,33314,74,0,00,7714,7
51,452,88,60,18,99,-36,71,1,63,-7,81,-0,57,379894,3,33308,51,0,00,7708,5
51,502,88,68,18,60,-36,74,1,63,-7,73,-0,57,379828,4,33302,29,0,00,7702,3
51,552,88,76,18,22,-36,77,1,63,-7,65,-0,57,379760,7,33296,06,0,00,7696,1
51,602,88,84,17,84,-36,79,1,63,-7,56,-0,57,379694,7,33289,84,0,00,7689,8
51,652,88,92,17,46,-36,82,1,63,-7,48,-0,57,379628,6,33283,61,0,00,7683,6
51,702,89,00,17,09,-36,85,1,63,-7,40,-0,57,379562,3,33277,39,0,00,7677,4
51,752,89,08,16,72,-36,88,1,63,-7,32,-0,57,379496,2,33271,17,0,00,7671,2
51,802,89,16,16,35,-36,91,1,63,-7,24,-0,57,379431,6,33264,95,0,00,7664,9
51,852,89,25,15,99,-36,94,1,63,-7,16,-0,57,379363,6,33258,73,0,00,7658,7
51,902,89,33,15,64,-36,96,1,63,-7,08,-0,57,379298,9,33252,50,0,00,7652,5
51,952,89,41,15,29,-36,99,1,63,-7,00,-0,57,379234,2,33246,29,0,00,7646,3
52,002,89,49,14,94,-37,02,1,63,-6,92,-0,57,379164,3,33240,07,0,00,7640,1
52,052,89,57,14,59,-37,05,1,63,-6,84,-0,57,379097,7,33233,86,0,00,7633,9
52,102,89,65,14,25,-37,08,1,63,-6,76,-0,56,379029,3,33227,64,0,00,7627,6
52,152,89,73,13,92,-37,10,1,63,-6,68,-0,56,378966,1,33221,43,0,00,7621,4
52,202,89,81,13,59,-37,13,1,63,-6,60,-0,56,378897,6,33215,22,0,00,7615,2
52,252,89,90,13,26,-37,16,1,63,-6,52,-0,56,378830,8,33209,01,0,00,7609,0
52,302,89,98,12,93,-37,19,1,63,-6,44,-0,56,378765,7,33202,80,0,00,7602,8
52,352,90,06,12,61,-37,22,1,63,-6,36,-0,56,378697,1,33196,59,0,00,7596,6
52,402,90,14,12,30,-37,25,1,63,-6,28,-0,56,378628,3,33190,38,0,00,7590,4
52,452,90,22,11,99,-37,27,1,63,-6,20,-0,56,378563,0,33184,17,0,00,7584,2
52,502,90,30,11,68,-37,30,1,63,-6,12,-0,56,378495,8,33177,97,0,00,7578,0
52,552,90,38,11,37,-37,33,1,63,-6,04,-0,56,378426,9,33171,76,0,00,7571,8
52,602,90,46,11,07,-37,36,1,63,-5,96,-0,56,378361,4,33165,56,0,00,7565,6
52,652,90,55,10,78,-37,39,1,63,-5,88,-0,56,378290,7,33159,36,0,00,7559,4
52,702,90,63,10,49,-37,41,1,63,-5,80,-0,56,378225,0,33153,16,0,00,7553,2
52,752,90,71,10,20,-37,44,1,63,-5,72,-0,56,378157,5,33146,95,0,00,7547,0
52,802,90,79,9,91,-37,47,1,63,-5,64,-0,56,378088,3,33140,75,0,00,7540,8
52,852,90,87,9,63,-37,50,1,63,-5,56,-0,56,378022,4,33134,56,0,00,7534,6
52,902,90,95,9,36,-37,53,1,63,-5,48,-0,56,377953,0,33128,36,0,00,7528,4
52,952,91,03,9,09,-37,56,1,63,-5,40,-0,56,377883,5,33122,17,0,00,7522,2
53,002,91,11,8,82,-37,58,1,63,-5,32,-0,56,377815,7,33115,97,0,00,7516,0
53,052,91,20,8,55,-37,61,1,63,-5,24,-0,56,377749,6,33109,78,0,00,7509,8
53,102,91,28,8,30,-37,64,1,63,-5,16,-0,56,377681,6,33103,59,0,00,7503,6
53,152,91,36,8,04,-37,67,1,63,-5,08,-0,56,377611,8,33097,39,0,00,7497,4
53,202,91,44,7,79,-37,70,1,63,-4,99,-0,56,377543,7,33091,20,0,00,7491,2
53,252,91,52,7,54,-37,72,1,63,-4,91,-0,56,377475,4,33085,02,0,00,7485,0
53,302,91,60,7,30,-37,75,1,63,-4,83,-0,56,377409,0,33078,83,0,00,7478,8
53,352,91,68,7,06,-37,78,1,63,-4,75,-0,56,377340,6,33072,64,0,00,7472,6
53,402,91,76,6,82,-37,81,1,63,-4,67,-0,56,377268,7,33066,46,0,00,7466,5
53,452,91,85,6,59,-37,84,1,63,-4,59,-0,56,377200,1,33060,27,0,00,7460,3
53,502,91,93,6,36,-37,86,1,63,-4,51,-0,56,377129,8,33054,09,0,00,7454,1
53,552,92,01,6,14,-37,89,1,63,-4,43,-0,56,377062,8,33047,91,0,00,7447,9
53,602,92,09,5,92,-37,92,1,63,-4,28,-0,56,546359,2,33040,99,0,00,7441,0
53,652,92,17,5,71,-37,95,1,63,-4,15,-0,56,416947,8,33034,21,0,00,7434,2
53,702,92,25,5,50,-37,98,1,63,-4,01,-0,56,413964,1,33027,41,0,00,7427,4
53,752,92,33,5,31,-38,00,1,63,-3,88,-0,56,411344,4,33020,65,0,00,7420,6
53,802,92,41,5,12,-38,03,1,63,-3,75,-0,56,408789,3,33013,93,0,00,7413,9
53,852,92,50,4,93,-38,06,1,63,-3,62,-0,56,406294,7,33007,25,0,00,7407,2
53,902,92,58,4,75,-38,09,1,63,-3,50,-0,56,403860,3,33000,61,0,00,7400,6
53,952,92,66,4,58,-38,12,1,63,-3,38,-0,56,401484,9,32994,01,0,00,7394,0
54,002,92,74,4,42,-38,14,1,63,-3,26,-0,56,399166,3,32987,45,0,00,7387,4
54,052,92,82,4,26,-38,17,1,63,-3,15,-0,56,396903,5,32980,93,0,00,7380,9
54,102,92,90,4,10,-38,20,1,63,-3,04,-0,56,394695,3,32974,44,0,00,7374,4
54,152,92,98,3,95,-38,23,1,63,-2,93,-0,56,392540,5,32967,98,0,00,7368,0
54,202,93,06,3,81,-38,26,1,63,-2,83,-0,56,390437,4,32961,57,0,00,7361,6
54,252,93,15,3,67,-38,28,1,63,-2,73,-0,56,388385,0,32955,19,0,00,7355,2
54,302,93,23,3,54,-38,31,1,63,-2,63,-0,56,386382,3,32948,84,0,00,7348,8
54,352,93,31,3,41,-38,34,1,63,-2,54,-0,56,384429,3,32942,52,0,00,7342,5
54,402,93,39,3,28,-38,37,1,63,-2,44,-0,56,382522,5,32936,23,0,00,7336,2
54,452,93,47,3,16,-38,40,1,63,-2,36,-0,56,380662,9,32929,98,0,00,7330,0
54,502,93,55,3,05,-38,42,1,63,-2,27,-0,56,378847,9,32923,76,0,00,7323,8
54,552,93,63,2,94,-38,45,1,63,-2,19,-0,56,377076,7,32917,56,0,00,7317,6
54,602,93,71,2,83,-38,48,1,63,-2,10,-0,56,375349,6,32911,40,0,00,7311,4
54,652,93,80,2,72,-38,51,1,63,-2,03,-0,56,373664,1,32905,26,0,00,7305,3
54,702,93,88,2,63,-38,53,1,63,-1,95,-0,56,372019,5,32899,15,0,00,7299,1
54,752,93,96,2,53,-38,56,1,63,-1,88,-0,56,370415,3,32893,06,0,00,7293,1
54,803,94,04,2,44,-38,59,1,63,-1,80,-0,56,368850,6,32887,00,0,00,7287,0
54,853,94,12,2,35,-38,62,1,63,-1,73,-0,56,367324,1,32880,97,0,00,7281,0
54,903,94,20,2,26,-38,65,1,63,-1,67,-0,56,365835,1,32874,96,0,00,7275,0
54,953,94,28,2,18,-38,67,1,63,-1,60,-0,56,364382,6,32868,98,0,00,7269,0
55,003,94,37,2,10,-38,70,1,63,-1,54,-0,56,362965,7,32863,02,0,00,7263,0
55,053,94,45,2,03,-38,73,1,63,-1,48,-0,56,361584,1,32857,08,0,00,7257,1
55,103,94,53,1,96,-38,76,1,63,-1,42,-0,56,360236,4,32851,16,0,00,7251,2
55,153,94,61,1,89,-38,78,1,63,-1,36,-0,56,358921,4,32845,27,0,00,7245,3
55,203,94,69,1,82,-38,81,1,63,-1,31,-0,55,357639,7,32839,40,0,00,7239,4
55,253,94,77,1,76,-38,84,1,63,-1,26,-0,55,356389,2,32833,55,0,00,7233,5
55,303,94,85,1,69,-38,87,1,63,-1,20,-0,55,355170,1,32827,71,0,00,7227,7
55,353,94,93,1,63,-38,90,1,63,-1,15,-0,55,353980,7,32821,90,0,00,7221,9
55,403,95,02,1,58,-38,92,1,63,-1,11,-0,55,352821,4,32816,11,0,00,7216,1
55,453,95,10,1,52,-38,95,1,63,-1,06,-0,55,351690,6,32810,34,0,00,7210,3
55,503,95,18,1,47,-38,98,1,63,-1,02,-0,55,350588,0,32804,58,0,00,7204,6
55,553,95,26,1,42,-39,01,1,63,-0,97,-0,55,349513,0,32798,84,0,00,7198,8
55,603,95,34,1,38,-39,03,1,63,-0,93,-0,55,348464,7,32793,12,0,00,7193,1
55,653,95,42,1,33,-39,06,1,63,-0,89,-0,55,347442,5,32787,42,0,00,7187,4
55,703,95,50,1,29,-39,09,1,63,-0,85,-0,55,346446,1,32781,73,0,00,7181,7
55,753,95,59,1,24,-39,12,1,63,-0,81,-0,55,345474,5,32776,06,0,00,7176,1
55,803,95,67,1,20,-39,14,1,63,-0,78,-0,55,344527,4,32770,41,0,00,7170,4
55,853,95,75,1,17,-39,17,1,63,-0,74,-0,55,343604,1,32764,76,0,00,7164,8
55,903,95,83,1,13,-39,20,1,63,-0,71,-0,55,342703,8,32759,14,0,00,7159,1
55,953,95,91,1,10,-39,23,1,63,-0,68,-0,55,341826,3,32753,53,0,00,7153,5
56,003,95,99,1,06,-39,26,1,63,-0,65,-0,55,340971,0,32747,93,0,00,7147,9
56,053,96,07,1,03,-39,28,1,63,-0,62,-0,55,340137,3,32742,35,0,00,7142,4
56,103,96,15,1,00,-39,31,1,63,-0,59,-0,55,339324,6,32736,78,0,00,7136,8
56,108,96,16,1,00,-39,31,1,63,-0,59,-0,55,339244,4,32736,22,0,00,7136,2
56,113,96,17,0,99,-39,32,1,63,-0,58,-0,55,339164,3,32735,67,0,00,7135,7
56,118,96,18,0,99,-39,32,1,63,-0,58,-0,55,339084,8,32735,11,0,00,7135,1
56,123,96,19,0,99,-39,32,1,63,-0,58,-0,55,339005,2,32734,56,0,00,7134,6
56,128,96,20,0,99,-39,32,1,63,-0,58,-0,55,338925,9,32734,00,0,00,7134,0
56,133,96,20,0,98,-39,33,1,63,-0,57,-0,55,338846,9,32733,45,0,00,7133,4
56,138,96,21,0,98,-39,33,1,63,-0,57,-0,55,338767,7,32732,89,0,00,7132,9
56,143,96,22,0,98,-39,33,1,63,-0,57,-0,55,338689,3,32732,34,0,00,7132,3
56,148,96,23,0,97,-39,34,1,63,-0,56,-0,55,338610,6,32731,78,0,00,7131,8
56,153,96,24,0,97,-39,34,1,63,-0,56,-0,55,338532,4,32731,23,0,00,7131,2
56,158,96,24,0,97,-39,34,1,63,-0,56,-0,55,338454,3,32730,67,0,00,7130,7
56,163,96,25,0,97,-39,34,1,63,-0,56,-0,55,338376,3,32730,12,0,00,7130,1
56,168,96,26,0,96,-39,35,1,63,-0,55,-0,55,338298,7,32729,56,0,00,7129,6
56,173,96,27,0,96,-39,35,1,63,-0,55,-0,55,338221,3,32729,01,0,00,7129,0
56,178,96,28,0,96,-39,35,1,63,-0,55,-0,55,338143,8,32728,45,0,00,7128,5
56,183,96,28,0,96,-39,35,1,63,-0,55,-0,55,338066,8,32727,90,0,00,7127,9
56,188,96,29,0,95,-39,36,1,63,-0,54,-0,55,337989,8,32727,34,0,00,7127,3
56,193,96,30,0,95,-39,36,1,63,-0,54,-0,55,337913,3,32726,79,0,00,7126,8
56,198,96,31,0,95,-39,36,1,63,-0,54,-0,55,337836,5,32726,24,0,00,7126,2
56,203,96,32,0,94,-39,37,1,63,-0,54,-0,55,337760,6,32725,68,0,00,7125,7
56,208,96,33,0,94,-39,37,1,63,-0,53,-0,55,337684,3,32725,13,0,00,7125,1
56,213,96,33,0,94,-39,37,1,63,-0,53,-0,55,337608,4,32724,57,0,00,7124,6
56,218,96,34,0,94,-39,37,1,63,-0,53,-0,55,337532,5,32724,02,0,00,7124,0
56,223,96,35,0,93,-39,38,1,63,-0,53,-0,55,337457,1,32723,47,0,00,7123,5
56,228,96,36,0,93,-39,38,1,63,-0,52,-0,55,337381,7,32722,92,0,00,7122,9
56,233,96,37,0,93,-39,38,1,63,-0,52,-0,55,337306,7,32722,36,0,00,7122,4
56,238,96,37,0,93,-39,38,1,63,-0,52,-0,55,337231,7,32721,81,0,00,7121,8
56,243,96,38,0,92,-39,39,1,63,-0,52,-0,55,337156,8,32721,26,0,00,7121,3
56,248,96,39,0,92,-39,39,1,63,-0,51,-0,55,337082,5,32720,70,0,00,7120,7
56,253,96,40,0,92,-39,39,1,63,-0,51,-0,55,337007,9,32720,15,0,00,7120,2
56,258,96,41,0,92,-39,40,1,63,-0,51,-0,55,336933,8,32719,60,0,00,7119,6
56,263,96,41,0,91,-39,40,1,63,-0,51,-0,55,336859,8,32719,05,0,00,7119,0
56,268,96,42,0,91,-39,40,1,63,-0,50,-0,55,336786,0,32718,49,0,00,7118,5
56,273,96,43,0,91,-39,40,1,63,-0,50,-0,55,336712,4,32717,94,0,00,7117,9
56,278,96,44,0,91,-39,41,1,63,-0,50,-0,55,336638,9,32717,39,0,00,7117,4
56,283,96,45,0,90,-39,41,1,63,-0,50,-0,55,336565,8,32716,84,0,00,7116,8
56,288,96,46,0,90,-39,41,1,63,-0,49,-0,55,336492,7,32716,29,0,00,7116,3
56,293,96,46,0,90,-39,42,1,63,-0,49,-0,55,336419,7,32715,73,0,00,7115,7
56,298,96,47,0,90,-39,42,1,63,-0,49,-0,55,336346,9,32715,18,0,00,7115,2
56,303,96,48,0,89,-39,42,1,63,-0,49,-0,55,336274,9,32714,63,0,00,7114,6
56,308,96,49,0,89,-39,42,1,63,-0,48,-0,55,336201,9,32714,08,0,00,7114,1
56,313,96,50,0,89,-39,43,1,63,-0,48,-0,55,336130,9,32713,53,0,00,7113,5
56,318,96,50,0,89,-39,43,1,63,-0,48,-0,55,336057,6,32712,98,0,00,7113,0
56,323,96,51,0,88,-39,43,1,63,-0,48,-0,55,335987,1,32712,43,0,00,7112,4
56,328,96,52,0,88,-39,43,1,63,-0,48,-0,55,335914,8,32711,88,0,00,7111,9
56,333,96,53,0,88,-39,44,1,63,-0,47,-0,55,335843,7,32711,33,0,00,7111,3
56,338,96,54,0,88,-39,44,1,63,-0,47,-0,55,335772,3,32710,78,0,00,7110,8
56,343,96,54,0,87,-39,44,1,63,-0,47,-0,55,335701,8,32710,23,0,00,7110,2
56,348,96,55,0,87,-39,45,1,63,-0,47,-0,55,335630,6,32709,68,0,00,7109,7
56,353,96,56,0,87,-39,45,1,63,-0,46,-0,55,335559,7,32709,13,0,00,7109,1
56,358,96,57,0,87,-39,45,1,63,-0,46,-0,55,335489,9,32708,58,0,00,7108,6
56,363,96,58,0,86,-39,45,1,63,-0,46,-0,55,335418,7,32708,03,0,00,7108,0
56,368,96,59,0,86,-39,46,1,63,-0,46,-0,55,335349,6,32707,48,0,00,7107,5
56,373,96,59,0,86,-39,46,1,63,-0,45,-0,55,335278,9,32706,93,0,00,7106,9
56,378,96,60,0,86,-39,46,1,63,-0,45,-0,55,335209,8,32706,38,0,00,7106,4
56,383,96,61,0,86,-39,46,1,63,-0,45,-0,55,335139,8,32705,83,0,00,7105,8
56,388,96,62,0,85,-39,47,1,63,-0,45,-0,55,335070,4,32705,28,0,00,7105,3
56,393,96,63,0,85,-39,47,1,63,-0,45,-0,55,335001,3,32704,73,0,00,7104,7
56,398,96,63,0,85,-39,47,1,63,-0,44,-0,55,334932,5,32704,18,0,00,7104,2
56,403,96,64,0,85,-39,48,1,63,-0,44,-0,55,334863,5,32703,63,0,00,7103,6
56,408,96,65,0,84,-39,48,1,63,-0,44,-0,55,334794,8,32703,08,0,00,7103,1
56,413,96,66,0,84,-39,48,1,63,-0,44,-0,55,334726,4,32702,53,0,00,7102,5
56,418,96,67,0,84,-39,48,1,63,-0,44,-0,55,334658,3,32701,98,0,00,7102,0
56,423,96,67,0,84,-39,49,1,63,-0,43,-0,55,334589,5,32701,44,0,00,7101,4
56,428,96,68,0,84,-39,49,1,63,-0,43,-0,55,334522,3,32700,89,0,00,7100,9
56,433,96,69,0,83,-39,49,1,63,-0,43,-0,55,334454,1,32700,34,0,00,7100,3
56,438,96,70,0,83,-39,50,1,63,-0,43,-0,55,334386,6,32699,79,0,00,7099,8
56,443,96,71,0,83,-39,50,1,63,-0,42,-0,55,334319,0,32699,24,0,00,7099,2
56,448,96,72,0,83,-39,50,1,63,-0,42,-0,55,334252,0,32698,70,0,00,7098,7
56,453,96,72,0,83,-39,50,1,63,-0,42,-0,55,334184,9,32698,15,0,00,7098,1
56,458,96,73,0,82,-39,51,1,63,-0,42,-0,55,334118,1,32697,60,0,00,7097,6
56,463,96,74,0,82,-39,51,1,63,-0,42,-0,55,334051,0,32697,05,0,00,7097,1
56,468,96,75,0,82,-39,51,1,63,-0,41,-0,55,333984,7,32696,50,0,00,7096,5
56,473,96,76,0,82,-39,51,1,63,-0,41,-0,55,333918,2,32695,96,0,00,7096,0
56,478,96,76,0,82,-39,52,1,63,-0,41,-0,55,333852,0,32695,41,0,00,7095,4
56,483,96,77,0,81,-39,52,1,63,-0,41,-0,55,333786,0,32694,86,0,00,7094,9
56,488,96,78,0,81,-39,52,1,63,-0,41,-0,55,333719,9,32694,32,0,00,7094,3
56,493,96,79,0,81,-39,53,1,63,-0,40,-0,55,333654,5,32693,77,0,00,7093,8
56,498,96,80,0,81,-39,53,1,63,-0,40,-0,55,333588,9,32693,22,0,00,7093,2
56,503,96,81,0,80,-39,53,1,63,-0,40,-0,55,333523,1,32692,68,0,00,7092,7
56,508,96,81,0,80,-39,53,1,63,-0,40,-0,55,333458,5,32692,13,0,00,7092,1
56,513,96,82,0,80,-39,54,1,63,-0,40,-0,55,333393,3,32691,58,0,00,7091,6
56,518,96,83,0,80,-39,54,1,63,-0,39,-0,55,333328,7,32691,04,0,00,7091,0
56,523,96,84,0,80,-39,54,1,63,-0,39,-0,55,333263,5,32690,49,0,00,7090,5
56,528,96,85,0,79,-39,54,1,63,-0,39,-0,55,333199,1,32689,94,0,00,7089,9
56,533,96,85,0,79,-39,55,1,63,-0,39,-0,55,333135,3,32689,40,0,00,7089,4
56,538,96,86,0,79,-39,55,1,63,-0,39,-0,55,333070,1,32688,85,0,00,7088,9
56,543,96,87,0,79,-39,55,1,63,-0,38,-0,55,333007,3,32688,30,0,00,7088,3
56,548,96,88,0,79,-39,56,1,63,-0,38,-0,55,332942,1,32687,76,0,00,7087,8
56,553,96,89,0,79,-39,56,1,63,-0,38,-0,55,332879,8,32687,21,0,00,7087,2
56,558,96,89,0,78,-39,56,1,63,-0,38,-0,55,332815,1,32686,67,0,00,7086,7
56,563,96,90,0,78,-39,56,1,63,-0,38,-0,55,332752,4,32686,12,0,00,7086,1
56,568,96,91,0,78,-39,57,1,63,-0,38,-0,55,332689,2,32685,58,0,00,7085,6
56,573,96,92,0,78,-39,57,1,63,-0,37,-0,55,332625,7,32685,03,0,00,7085,0
56,578,96,93,0,78,-39,57,1,63,-0,37,-0,55,332563,3,32684,49,0,00,7084,5
56,583,96,94,0,77,-39,58,1,63,-0,37,-0,55,332500,4,32683,94,0,00,7083,9
56,588,96,94,0,77,-39,58,1,63,-0,37,-0,55,332437,7,32683,40,0,00,7083,4
56,593,96,95,0,77,-39,58,1,63,-0,37,-0,55,332375,7,32682,85,0,00,7082,9
56,598,96,96,0,77,-39,58,1,63,-0,36,-0,55,332313,1,32682,31,0,00,7082,3
56,603,96,97,0,77,-39,59,1,63,-0,36,-0,55,332251,1,32681,76,0,00,7081,8
56,608,96,98,0,76,-39,59,1,63,-0,36,-0,55,332189,4,32681,22,0,00,7081,2
56,613,96,98,0,76,-39,59,1,63,-0,36,-0,55,332127,5,32680,67,0,00,7080,7
56,618,96,99,0,76,-39,59,1,63,-0,36,-0,55,332066,3,32680,13,0,00,7080,1
56,623,97,00,0,76,-39,60,1,63,-0,36,-0,55,332004,1,32679,58,0,00,7079,6
56,628,97,01,0,76,-39,60,1,63,-0,35,-0,55,331943,8,32679,04,0,00,7079,0
56,633,97,02,0,76,-39,60,1,63,-0,35,-0,55,331881,6,32678,50,0,00,7078,5
56,638,97,02,0,75,-39,61,1,63,-0,35,-0,55,331821,8,32677,95,0,00,7078,0
56,643,97,03,0,75,-39,61,1,63,-0,35,-0,55,331760,1,32677,41,0,00,7077,4
56,648,97,04,0,75,-39,61,1,63,-0,35,-0,55,331699,9,32676,86,0,00,7076,9
56,653,97,05,0,75,-39,61,1,63,-0,35,-0,55,331639,6,32676,32,0,00,7076,3
56,658,97,06,0,75,-39,62,1,63,-0,34,-0,55,331579,0,32675,78,0,00,7075,8
56,663,97,07,0,75,-39,62,1,63,-0,34,-0,55,331518,8,32675,23,0,00,7075,2
56,668,97,07,0,74,-39,62,1,63,-0,34,-0,55,331459,5,32674,69,0,00,7074,7
56,673,97,08,0,74,-39,62,1,63,-0,34,-0,55,331398,4,32674,15,0,00,7074,1
56,678,97,09,0,74,-39,63,1,63,-0,34,-0,55,331339,7,32673,60,0,00,7073,6
56,683,97,10,0,74,-39,63,1,63,-0,34,-0,55,331280,0,32673,06,0,00,7073,1
56,688,97,11,0,74,-39,63,1,63,-0,33,-0,55,331220,4,32672,52,0,00,7072,5
56,693,97,11,0,74,-39,64,1,63,-0,33,-0,55,331161,6,32671,97,0,00,7072,0
56,698,97,12,0,73,-39,64,1,63,-0,33,-0,55,331101,7,32671,43,0,00,7071,4
56,703,97,13,0,73,-39,64,1,63,-0,33,-0,55,331044,2,32670,89,0,00,7070,9
56,708,97,14,0,73,-39,64,1,63,-0,33,-0,55,330983,8,32670,35,0,00,7070,3
56,713,97,15,0,73,-39,65,1,63,-0,33,-0,55,330926,4,32669,80,0,00,7069,8
56,718,97,16,0,73,-39,65,1,63,-0,32,-0,55,330867,4,32669,26,0,00,7069,3
56,723,97,16,0,73,-39,65,1,63,-0,32,-0,55,330809,5,32668,72,0,00,7068,7
56,728,97,17,0,72,-39,66,1,63,-0,32,-0,55,330750,6,32668,18,0,00,7068,2
56,733,97,18,0,72,-39,66,1,63,-0,32,-0,55,330693,6,32667,63,0,00,7067,6
56,738,97,19,0,72,-39,66,1,63,-0,32,-0,55,330634,8,32667,09,0,00,7067,1
56,743,97,20,0,72,-39,66,1,63,-0,32,-0,55,330577,8,32666,55,0,00,7066,6
56,748,97,20,0,72,-39,67,1,63,-0,31,-0,55,330519,8,32666,01,0,00,7066,0
56,753,97,21,0,72,-39,67,1,63,-0,31,-0,55,330462,5,32665,47,0,00,7065,5
56,758,97,22,0,71,-39,67,1,63,-0,31,-0,55,330405,4,32664,93,0,00,7064,9
56,763,97,23,0,71,-39,67,1,63,-0,31,-0,55,330348,5,32664,38,0,00,7064,4
56,768,97,24,0,71,-39,68,1,63,-0,31,-0,55,330291,0,32663,84,0,00,7063,8
56,773,97,24,0,71,-39,68,1,63,-0,31,-0,55,330234,6,32663,30,0,00,7063,3
56,778,97,25,0,71,-39,68,1,63,-0,31,-0,55,330178,0,32662,76,0,00,7062,8
56,783,97,26,0,71,-39,69,1,63,-0,30,-0,55,330121,2,32662,22,0,00,7062,2
56,788,97,27,0,71,-39,69,1,63,-0,30,-0,55,330065,4,32661,68,0,00,7061,7
56,793,97,28,0,70,-39,69,1,63,-0,30,-0,55,330008,2,32661,14,0,00,7061,1
56,798,97,29,0,70,-39,69,1,63,-0,30,-0,55,329953,4,32660,59,0,00,7060,6
56,803,97,29,0,70,-39,70,1,63,-0,30,-0,55,329896,2,32660,05,0,00,7060,1
56,808,97,30,0,70,-39,70,1,63,-0,30,-0,55,329841,3,32659,51,0,00,7059,5
56,813,97,31,0,70,-39,70,1,63,-0,29,-0,55,329785,5,32658,97,0,00,7059,0
56,818,97,32,0,70,-39,70,1,63,-0,29,-0,55,329729,8,32658,43,0,00,7058,4
56,823,97,33,0,70,-39,71,1,63,-0,29,-0,55,329674,8,32657,89,0,00,7057,9
56,828,97,33,0,69,-39,71,1,63,-0,29,-0,55,329619,1,32657,35,0,00,7057,4
56,833,97,34,0,69,-39,71,1,63,-0,29,-0,55,329564,6,32656,81,0,00,7056,8
56,838,97,35,0,69,-39,72,1,63,-0,29,-0,55,329509,3,32656,27,0,00,7056,3
56,843,97,36,0,69,-39,72,1,63,-0,29,-0,55,329454,8,32655,73,0,00,7055,7
56,848,97,37,0,69,-39,72,1,63,-0,28,-0,55,329400,1,32655,19,0,00,7055,2
56,853,97,37,0,69,-39,72,1,63,-0,28,-0,55,329345,5,32654,65,0,00,7054,7
56,858,97,38,0,68,-39,73,1,63,-0,28,-0,55,329291,6,32654,11,0,00,7054,1
56,863,97,39,0,68,-39,73,1,63,-0,28,-0,55,329236,7,32653,57,0,00,7053,6
56,868,97,40,0,68,-39,73,1,63,-0,28,-0,55,329183,2,32653,03,0,00,7053,0
56,873,97,41,0,68,-39,73,1,63,-0,28,-0,55,329129,1,32652,49,0,00,7052,5
56,878,97,42,0,68,-39,74,1,63,-0,28,-0,55,329075,3,32651,95,0,00,7052,0
56,883,97,42,0,68,-39,74,1,63,-0,28,-0,55,329022,0,32651,41,0,00,7051,4
56,888,97,43,0,68,-39,74,1,63,-0,27,-0,55,328968,1,32650,87,0,00,7050,9
56,893,97,44,0,68,-39,75,1,63,-0,27,-0,55,328914,9,32650,33,0,00,7050,3
56,898,97,45,0,67,-39,75,1,63,-0,27,-0,55,328861,9,32649,79,0,00,7049,8
56,903,97,46,0,67,-39,75,1,63,-0,27,-0,55,328808,7,32649,26,0,00,7049,3
56,908,97,46,0,67,-39,75,1,63,-0,27,-0,55,328755,7,32648,72,0,00,7048,7
56,913,97,47,0,67,-39,76,1,63,-0,27,-0,55,328702,8,32648,18,0,00,7048,2
56,918,97,48,0,67,-39,76,1,63,-0,27,-0,55,328650,3,32647,64,0,00,7047,6
56,923,97,49,0,67,-39,76,1,63,-0,26,-0,55,328597,9,32647,10,0,00,7047,1
56,928,97,50,0,67,-39,77,1,63,-0,26,-0,55,328545,3,32646,56,0,00,7046,6
56,933,97,51,0,66,-39,77,1,63,-0,26,-0,55,328493,3,32646,02,0,00,7046,0
56,938,97,51,0,66,-39,77,1,63,-0,26,-0,55,328440,8,32645,48,0,00,7045,5
56,943,97,52,0,66,-39,77,1,63,-0,26,-0,55,328389,2,32644,95,0,00,7044,9
56,948,97,53,0,66,-39,78,1,63,-0,26,-0,55,328337,5,32644,41,0,00,7044,4
56,953,97,54,0,66,-39,78,1,63,-0,26,-0,55,328285,5,32643,87,0,00,7043,9
56,958,97,55,0,66,-39,78,1,63,-0,26,-0,55,328234,2,32643,33,0,00,7043,3
56,963,97,55,0,66,-39,78,1,63,-0,25,-0,55,328182,7,32642,79,0,00,7042,8
56,968,97,56,0,66,-39,79,1,63,-0,25,-0,55,328130,9,32642,26,0,00,7042,3
56,973,97,57,0,65,-39,79,1,63,-0,25,-0,55,328080,6,32641,72,0,00,7041,7
56,978,97,58,0,65,-39,79,1,63,-0,25,-0,55,328028,8,32641,18,0,00,7041,2
56,983,97,59,0,65,-39,80,1,63,-0,25,-0,55,327978,5,32640,64,0,00,7040,6
56,988,97,59,0,65,-39,80,1,63,-0,25,-0,55,327927,2,32640,11,0,00,7040,1
56,993,97,60,0,65,-39,80,1,63,-0,25,-0,55,327877,3,32639,57,0,00,7039,6
56,998,97,61,0,65,-39,80,1,63,-0,25,-0,55,327826,3,32639,03,0,00,7039,0
57,003,97,62,0,65,-39,81,1,63,-0,24,-0,55,327776,0,32638,49,0,00,7038,5
57,008,97,63,0,65,-39,81,1,63,-0,24,-0,55,327725,9,32637,96,0,00,7038,0
57,013,97,64,0,64,-39,81,1,63,-0,24,-0,55,327675,9,32637,42,0,00,7037,4
57,018,97,64,0,64,-39,81,1,63,-0,24,-0,55,327625,8,32636,88,0,00,7036,9
57,023,97,65,0,64,-39,82,1,63,-0,24,-0,55,327575,8,32636,34,0,00,7036,3
57,028,97,66,0,64,-39,82,1,63,-0,24,-0,55,327526,5,32635,81,0,00,7035,8
57,033,97,67,0,64,-39,82,1,63,-0,24,-0,55,327476,6,32635,27,0,00,7035,3
57,038,97,68,0,64,-39,83,1,63,-0,24,-0,55,327427,2,32634,73,0,00,7034,7
57,043,97,68,0,64,-39,83,1,63,-0,24,-0,55,327378,1,32634,20,0,00,7034,2
57,048,97,69,0,64,-39,83,1,63,-0,23,-0,55,327328,7,32633,66,0,00,7033,7
57,053,97,70,0,63,-39,83,1,63,-0,23,-0,55,327279,6,32633,12,0,00,7033,1
57,058,97,71,0,63,-39,84,1,63,-0,23,-0,55,327231,0,32632,59,0,00,7032,6
57,063,97,72,0,63,-39,84,1,63,-0,23,-0,55,327182,2,32632,05,0,00,7032,1
57,068,97,72,0,63,-39,84,1,63,-0,23,-0,55,327133,3,32631,51,0,00,7031,5
57,073,97,73,0,63,-39,84,1,63,-0,23,-0,55,327084,8,32630,98,0,00,7031,0
57,078,97,74,0,63,-39,85,1,63,-0,23,-0,55,327036,3,32630,44,0,00,7030,4
57,083,97,75,0,63,-39,85,1,63,-0,23,-0,55,326988,7,32629,91,0,00,7029,9
57,088,97,76,0,63,-39,85,1,63,-0,23,-0,55,326939,6,32629,37,0,00,7029,4
57,093,97,77,0,63,-39,86,1,63,-0,22,-0,55,326892,0,32628,83,0,00,7028,8
57,098,97,77,0,62,-39,86,1,63,-0,22,-0,55,326844,2,32628,30,0,00,7028,3
57,103,97,78,0,62,-39,86,1,63,-0,22,-0,55,326796,6,32627,76,0,00,7027,8
57,108,97,79,0,62,-39,86,1,63,-0,22,-0,55,326748,3,32627,23,0,00,7027,2
57,113,97,80,0,62,-39,87,1,63,-0,22,-0,55,326701,5,32626,69,0,00,7026,7
57,118,97,81,0,62,-39,87,1,63,-0,22,-0,55,326653,6,32626,15,0,00,7026,2
57,123,97,81,0,62,-39,87,1,63,-0,22,-0,55,326606,7,32625,62,0,00,7025,6
57,128,97,82,0,62,-39,88,1,63,-0,22,-0,55,326559,6,32625,08,0,00,7025,1
57,133,97,83,0,62,-39,88,1,63,-0,22,-0,55,326511,8,32624,55,0,00,7024,5
57,138,97,84,0,62,-39,88,1,63,-0,22,-0,55,326466,0,32624,01,0,00,7024,0
57,143,97,85,0,61,-39,88,1,63,-0,21,-0,55,326418,2,32623,48,0,00,7023,5
57,148,97,86,0,61,-39,89,1,63,-0,21,-0,55,326372,3,32622,94,0,00,7022,9
57,153,97,86,0,61,-39,89,1,63,-0,21,-0,55,326325,7,32622,41,0,00,7022,4
57,158,97,87,0,61,-39,89,1,63,-0,21,-0,55,326278,9,32621,87,0,00,7021,9
57,163,97,88,0,61,-39,89,1,63,-0,21,-0,55,326232,7,32621,34,0,00,7021,3
57,168,97,89,0,61,-39,90,1,63,-0,21,-0,55,326186,7,32620,80,0,00,7020,8
57,173,97,90,0,61,-39,90,1,63,-0,21,-0,55,326140,4,32620,27,0,00,7020,3
57,178,97,90,0,61,-39,90,1,63,-0,21,-0,55,326094,8,32619,73,0,00,7019,7
57,183,97,91,0,61,-39,91,1,63,-0,21,-0,55,326048,9,32619,20,0,00,7019,2
57,188,97,92,0,61,-39,91,1,63,-0,21,-0,55,326003,3,32618,67,0,00,7018,7
57,193,97,93,0,60,-39,91,1,63,-0,20,-0,55,325957,8,32618,13,0,00,7018,1
57,198,97,94,0,60,-39,91,1,63,-0,20,-0,55,325912,0,32617,60,0,00,7017,6
57,203,97,94,0,60,-39,92,1,63,-0,20,-0,55,325866,9,32617,06,0,00,7017,1
57,208,97,95,0,60,-39,92,1,63,-0,20,-0,55,325821,9,32616,53,0,00,7016,5
57,213,97,96,0,60,-39,92,1,63,-0,20,-0,55,325776,3,32615,99,0,00,7016,0
57,218,97,97,0,60,-39,92,1,63,-0,20,-0,55,325731,8,32615,46,0,00,7015,5
57,223,97,98,0,60,-39,93,1,63,-0,20,-0,55,325686,9,32614,93,0,00,7014,9
57,228,97,99,0,60,-39,93,1,63,-0,20,-0,55,325642,3,32614,39,0,00,7014,4
57,233,97,99,0,60,-39,93,1,63,-0,20,-0,55,325597,4,32613,86,0,00,7013,9
57,238,98,00,0,60,-39,94,1,63,-0,20,-0,55,325553,1,32613,32,0,00,7013,3
57,243,98,01,0,59,-39,94,1,63,-0,20,-0,55,325508,6,32612,79,0,00,7012,8
57,248,98,02,0,59,-39,94,1,63,-0,20,-0,55,325464,3,32612,26,0,00,7012,3
57,253,98,03,0,59,-39,94,1,63,-0,19,-0,55,325420,5,32611,72,0,00,7011,7
57,258,98,03,0,59,-39,95,1,63,-0,19,-0,55,325376,1,32611,19,0,00,7011,2
57,263,98,04,0,59,-39,95,1,63,-0,19,-0,55,325332,3,32610,66,0,00,7010,7
57,268,98,05,0,59,-39,95,1,63,-0,19,-0,55,325288,7,32610,13,0,00,7010,1
57,273,98,06,0,59,-39,95,1,63,-0,19,-0,55,325244,8,32609,59,0,00,7009,6
57,278,98,07,0,59,-39,96,1,63,-0,19,-0,55,325201,1,32609,06,0,00,7009,1
57,283,98,07,0,59,-39,96,1,63,-0,19,-0,55,325158,0,32608,53,0,00,7008,5
57,288,98,08,0,59,-39,96,1,63,-0,19,-0,55,325114,7,32607,99,0,00,7008,0
57,293,98,09,0,58,-39,97,1,63,-0,19,-0,55,325071,1,32607,46,0,00,7007,5
57,298,98,10,0,58,-39,97,1,63,-0,19,-0,55,325028,6,32606,93,0,00,7006,9
57,303,98,11,0,58,-39,97,1,63,-0,19,-0,55,324985,3,32606,39,0,00,7006,4
57,308,98,12,0,58,-39,97,1,63,-0,19,-0,55,324942,3,32605,86,0,00,7005,9
57,313,98,12,0,58,-39,98,1,63,-0,18,-0,55,324899,8,32605,33,0,00,7005,3
57,318,98,13,0,58,-39,98,1,63,-0,18,-0,55,324857,1,32604,79,0,00,7004,8
57,323,98,14,0,58,-39,98,1,63,-0,18,-0,55,324814,5,32604,26,0,00,7004,3
57,328,98,15,0,58,-39,99,1,63,-0,18,-0,55,324772,2,32603,73,0,00,7003,7
57,333,98,16,0,58,-39,99,1,63,-0,18,-0,55,324730,0,32603,20,0,00,7003,2
57,338,98,16,0,58,-39,99,1,63,-0,18,-0,55,324687,5,32602,67,0,00,7002,7
57,343,98,17,0,58,-39,99,1,63,-0,18,-0,55,324645,3,32602,13,0,00,7002,1
57,348,98,18,0,57,-40,00,1,63,-0,18,-0,55,324604,0,32601,60,0,00,7001,6
57,353,98,19,0,57,-40,00,1,63,-0,18,-0,55,324561,2,32601,07,0,00,7001,1
57,358,98,20,0,57,-40,00,1,63,-0,18,-0,55,324520,3,32600,54,0,00,7000,5
57,363,98,21,0,57,-40,00,1,63,-0,18,-0,55,324478,3,32600,01,0,00,7000,0
57,368,98,21,0,57,-40,01,1,63,-0,18,-0,55,324436,9,32599,47,0,00,6999,5
57,373,98,22,0,57,-40,01,1,63,-0,18,-0,55,324395,2,32598,94,0,00,6998,9
57,378,98,23,0,57,-40,01,1,63,-0,17,-0,55,324354,1,32598,41,0,00,6998,4
57,383,98,24,0,57,-40,02,1,63,-0,17,-0,55,324313,2,32597,88,0,00,6997,9
57,388,98,25,0,57,-40,02,1,63,-0,17,-0,55,324271,6,32597,35,0,00,6997,3
57,393,98,25,0,57,-40,02,1,63,-0,17,-0,55,324231,1,32596,81,0,00,6996,8
57,398,98,26,0,57,-40,02,1,63,-0,17,-0,55,324189,8,32596,28,0,00,6996,3
57,403,98,27,0,56,-40,03,1,63,-0,17,-0,55,324149,1,32595,75,0,00,6995,8
57,408,98,28,0,56,-40,03,1,63,-0,17,-0,55,324108,6,32595,22,0,00,6995,2
57,413,98,29,0,56,-40,03,1,63,-0,17,-0,55,324068,3,32594,69,0,00,6994,7
57,418,98,29,0,56,-40,03,1,63,-0,17,-0,55,324027,3,32594,16,0,00,6994,2
57,423,98,30,0,56,-40,04,1,63,-0,17,-0,55,323987,7,32593,63,0,00,6993,6
57,428,98,31,0,56,-40,04,1,63,-0,17,-0,55,323946,6,32593,10,0,00,6993,1
57,433,98,32,0,56,-40,04,1,63,-0,17,-0,55,323907,3,32592,56,0,00,6992,6
57,438,98,33,0,56,-40,05,1,63,-0,17,-0,55,323866,9,32592,04,0,00,6992,0
57,443,98,34,0,56,-40,05,1,63,-0,17,-0,55,323826,8,32591,50,0,00,6991,5
57,448,98,34,0,56,-40,05,1,63,-0,17,-0,55,323787,6,32590,97,0,00,6991,0
57,453,98,35,0,56,-40,05,1,63,-0,16,-0,55,323747,3,32590,44,0,00,6990,4
57,458,98,36,0,56,-40,06,1,63,-0,16,-0,55,323708,0,32589,91,0,00,6989,9
57,463,98,37,0,55,-40,06,1,63,-0,16,-0,55,323668,8,32589,38,0,00,6989,4
57,468,98,38,0,55,-40,06,1,63,-0,16,-0,55,323628,6,32588,85,0,00,6988,9
57,473,98,38,0,55,-40,06,1,63,-0,16,-0,55,323590,3,32588,32,0,00,6988,3
57,478,98,39,0,55,-40,07,1,63,-0,16,-0,55,323550,3,32587,79,0,00,6987,8
57,483,98,40,0,55,-40,07,1,63,-0,16,-0,55,323511,8,32587,26,0,00,6987,3
57,488,98,41,0,55,-40,07,1,63,-0,16,-0,55,323472,7,32586,73,0,00,6986,7
57,493,98,42,0,55,-40,08,1,63,-0,16,-0,55,323433,7,32586,20,0,00,6986,2
57,498,98,42,0,55,-40,08,1,63,-0,16,-0,55,323395,3,32585,67,0,00,6985,7
57,503,98,43,0,55,-40,08,1,63,-0,16,-0,55,323356,1,32585,14,0,00,6985,1
57,508,98,44,0,55,-40,08,1,63,-0,16,-0,55,323318,0,32584,61,0,00,6984,6
57,513,98,45,0,55,-40,09,1,63,-0,16,-0,55,323279,2,32584,08,0,00,6984,1
57,518,98,46,0,55,-40,09,1,63,-0,16,-0,55,323241,4,32583,55,0,00,6983,5
57,523,98,47,0,55,-40,09,1,63,-0,16,-0,55,323202,5,32583,02,0,00,6983,0
57,528,98,47,0,54,-40,09,1,63,-0,16,-0,55,323165,0,32582,49,0,00,6982,5
57,533,98,48,0,54,-40,10,1,63,-0,16,-0,55,323126,4,32581,96,0,00,6982,0
57,538,98,49,0,54,-40,10,1,63,-0,15,-0,55,323088,8,32581,43,0,00,6981,4
57,543,98,50,0,54,-40,10,1,63,-0,15,-0,55,323050,9,32580,90,0,00,6980,9
57,548,98,51,0,54,-40,11,1,63,-0,15,-0,55,323013,2,32580,37,0,00,6980,4
57,553,98,51,0,54,-40,11,1,63,-0,15,-0,55,322975,3,32579,84,0,00,6979,8
57,558,98,52,0,54,-40,11,1,63,-0,15,-0,55,322938,3,32579,31,0,00,6979,3
57,563,98,53,0,54,-40,11,1,63,-0,15,-0,55,322900,2,32578,78,0,00,6978,8
57,568,98,54,0,54,-40,12,1,63,-0,15,-0,55,322863,5,32578,25,0,00,6978,3
57,573,98,55,0,54,-40,12,1,63,-0,15,-0,55,322825,7,32577,72,0,00,6977,7
57,578,98,56,0,54,-40,12,1,63,-0,15,-0,55,322788,9,32577,19,0,00,6977,2
57,583,98,56,0,54,-40,13,1,63,-0,15,-0,55,322751,9,32576,66,0,00,6976,7
57,588,98,57,0,54,-40,13,1,63,-0,15,-0,55,322715,0,32576,13,0,00,6976,1
57,593,98,58,0,53,-40,13,1,63,-0,15,-0,55,322677,8,32575,61,0,00,6975,6
57,598,98,59,0,53,-40,13,1,63,-0,15,-0,55,322641,6,32575,08,0,00,6975,1
57,603,98,60,0,53,-40,14,1,63,-0,15,-0,55,322604,3,32574,55,0,00,6974,5
57,608,98,60,0,53,-40,14,1,63,-0,15,-0,55,322568,4,32574,02,0,00,6974,0
57,613,98,61,0,53,-40,14,1,63,-0,15,-0,55,322531,4,32573,49,0,00,6973,5
57,618,98,62,0,53,-40,14,1,63,-0,15,-0,55,322495,4,32572,96,0,00,6973,0
57,623,98,63,0,53,-40,15,1,63,-0,15,-0,55,322459,1,32572,43,0,00,6972,4
57,628,98,64,0,53,-40,15,1,63,-0,15,-0,55,322423,0,32571,90,0,00,6971,9
57,633,98,64,0,53,-40,15,1,63,-0,15,-0,55,322386,6,32571,38,0,00,6971,4
57,638,98,65,0,53,-40,16,1,63,-0,14,-0,55,322351,2,32570,85,0,00,6970,8
57,643,98,66,0,53,-40,16,1,63,-0,14,-0,55,322314,6,32570,32,0,00,6970,3
57,648,98,67,0,53,-40,16,1,63,-0,14,-0,55,322279,5,32569,79,0,00,6969,8
57,653,98,68,0,53,-40,16,1,63,-0,14,-0,55,322243,7,32569,26,0,00,6969,3
57,658,98,69,0,53,-40,17,1,63,-0,14,-0,55,322207,6,32568,73,0,00,6968,7
57,663,98,69,0,52,-40,17,1,63,-0,14,-0,55,322172,9,32568,21,0,00,6968,2
57,668,98,70,0,52,-40,17,1,63,-0,14,-0,55,322136,7,32567,68,0,00,6967,7
57,673,98,71,0,52,-40,17,1,63,-0,14,-0,55,322102,3,32567,15,0,00,6967,2
57,678,98,72,0,52,-40,18,1,63,-0,14,-0,55,322066,4,32566,62,0,00,6966,6
57,683,98,73,0,52,-40,18,1,63,-0,14,-0,55,322031,4,32566,09,0,00,6966,1
57,688,98,73,0,52,-40,18,1,63,-0,14,-0,55,321996,6,32565,57,0,00,6965,6
57,693,98,74,0,52,-40,19,1,63,-0,14,-0,55,321961,6,32565,04,0,00,6965,0
57,698,98,75,0,52,-40,19,1,63,-0,14,-0,55,321926,6,32564,51,0,00,6964,5
57,703,98,76,0,52,-40,19,1,63,-0,14,-0,55,321892,3,32563,98,0,00,6964,0
57,708,98,77,0,52,-40,19,1,63,-0,14,-0,55,321857,2,32563,46,0,00,6963,5
57,713,98,78,0,52,-40,20,1,63,-0,14,-0,55,321822,7,32562,93,0,00,6962,9
57,718,98,78,0,52,-40,20,1,63,-0,14,-0,55,321788,8,32562,40,0,00,6962,4
57,723,98,79,0,52,-40,20,1,63,-0,14,-0,55,321753,7,32561,87,0,00,6961,9
57,728,98,80,0,52,-40,20,1,63,-0,14,-0,55,321720,0,32561,35,0,00,6961,3
57,733,98,81,0,51,-40,21,1,63,-0,14,-0,55,321685,2,32560,82,0,00,6960,8
57,738,98,82,0,51,-40,21,1,63,-0,14,-0,55,321651,9,32560,29,0,00,6960,3
57,743,98,82,0,51,-40,21,1,63,-0,14,-0,55,321616,9,32559,76,0,00,6959,8
57,748,98,83,0,51,-40,22,1,63,-0,14,-0,55,321584,3,32559,24,0,00,6959,2
57,753,98,84,0,51,-40,22,1,63,-0,14,-0,55,321549,2,32558,71,0,00,6958,7
57,758,98,85,0,51,-40,22,1,63,-0,14,-0,55,321516,3,32558,18,0,00,6958,2
57,763,98,86,0,51,-40,22,1,63,-0,13,-0,55,321482,4,32557,65,0,00,6957,7
57,768,98,86,0,51,-40,23,1,63,-0,13,-0,55,321448,6,32557,13,0,00,6957,1
57,773,98,87,0,51,-40,23,1,63,-0,13,-0,55,321415,8,32556,60,0,00,6956,6
57,778,98,88,0,51,-40,23,1,63,-0,13,-0,55,321381,8,32556,07,0,00,6956,1
57,783,98,89,0,51,-40,23,1,63,-0,13,-0,55,321348,8,32555,55,0,00,6955,5
57,788,98,90,0,51,-40,24,1,63,-0,13,-0,55,321315,6,32555,02,0,00,6955,0
57,793,98,91,0,51,-40,24,1,63,-0,13,-0,55,321282,4,32554,49,0,00,6954,5
57,798,98,91,0,51,-40,24,1,63,-0,13,-0,55,321249,5,32553,97,0,00,6954,0
57,803,98,92,0,51,-40,25,1,63,-0,13,-0,55,321216,2,32553,44,0,00,6953,4
57,808,98,93,0,50,-40,25,1,63,-0,13,-0,55,321183,9,32552,91,0,00,6952,9
57,813,98,94,0,50,-40,25,1,63,-0,13,-0,55,321150,9,32552,39,0,00,6952,4
57,818,98,95,0,50,-40,25,1,63,-0,13,-0,55,321118,4,32551,86,0,00,6951,9
57,823,98,95,0,50,-40,26,1,63,-0,13,-0,55,321085,7,32551,34,0,00,6951,3
57,828,98,96,0,50,-40,26,1,63,-0,13,-0,55,321053,1,32550,81,0,00,6950,8
57,833,98,97,0,50,-40,26,1,63,-0,13,-0,55,321021,1,32550,28,0,00,6950,3
57,838,98,98,0,50,-40,26,1,63,-0,13,-0,55,320988,3,32549,76,0,00,6949,8
57,843,98,99,0,50,-40,27,1,63,-0,13,-0,55,320956,5,32549,23,0,00,6949,2
57,848,98,99,0,50,-40,27,1,63,-0,13,-0,55,320924,1,32548,70,0,00,6948,7
57,853,99,00,0,50,-40,27,1,63,-0,13,-0,55,320892,1,32548,18,0,00,6948,2
57,858,99,01,0,50,-40,28,1,63,-0,13,-0,55,320860,3,32547,65,0,00,6947,7
57,863,99,02,0,50,-40,28,1,63,-0,13,-0,55,320827,8,32547,13,0,00,6947,1
57,868,99,03,0,50,-40,28,1,63,-0,13,-0,55,320797,1,32546,60,0,00,6946,6
57,873,99,04,0,50,-40,28,1,63,-0,13,-0,55,320764,4,32546,07,0,00,6946,1
57,878,99,04,0,50,-40,29,1,63,-0,13,-0,55,320733,2,32545,55,0,00,6945,5
57,883,99,05,0,49,-40,29,1,63,-0,13,-0,55,320701,6,32545,02,0,00,6945,0
57,888,99,06,0,49,-40,29,1,63,-0,13,-0,55,320670,2,32544,50,0,00,6944,5
57,893,99,07,0,49,-40,30,1,63,-0,13,-0,55,320638,8,32543,97,0,00,6944,0
57,898,99,08,0,49,-40,30,1,63,-0,13,-0,55,320607,7,32543,45,0,00,6943,4
57,903,99,08,0,49,-40,30,1,63,-0,13,-0,55,320576,2,32542,92,0,00,6942,9
57,908,99,09,0,49,-40,30,1,63,-0,13,-0,55,320545,3,32542,39,0,00,6942,4
57,913,99,10,0,49,-40,31,1,63,-0,13,-0,55,320514,1,32541,87,0,00,6941,9
57,918,99,11,0,49,-40,31,1,63,-0,13,-0,55,320483,4,32541,34,0,00,6941,3
57,923,99,12,0,49,-40,31,1,63,-0,13,-0,55,320452,4,32540,82,0,00,6940,8
57,928,99,13,0,49,-40,31,1,63,-0,13,-0,55,320421,6,32540,29,0,00,6940,3
57,933,99,13,0,49,-40,32,1,63,-0,13,-0,55,320390,9,32539,77,0,00,6939,8
57,938,99,14,0,49,-40,32,1,63,-0,13,-0,55,320359,9,32539,24,0,00,6939,2
57,943,99,15,0,49,-40,32,1,63,-0,13,-0,55,320329,9,32538,72,0,00,6938,7
57,948,99,16,0,49,-40,33,1,63,-0,13,-0,55,320299,6,32538,19,0,00,6938,2
57,953,99,17,0,49,-40,33,1,63,-0,13,-0,55,320268,5,32537,67,0,00,6937,7
57,958,99,17,0,49,-40,33,1,63,-0,13,-0,55,320238,8,32537,14,0,00,6937,1
57,963,99,18,0,48,-40,33,1,63,-0,12,-0,55,320208,5,32536,62,0,00,6936,6
57,968,99,19,0,48,-40,34,1,63,-0,12,-0,55,320178,3,32536,09,0,00,6936,1
57,973,99,20,0,48,-40,34,1,63,-0,12,-0,55,320148,1,32535,57,0,00,6935,6
57,978,99,21,0,48,-40,34,1,63,-0,12,-0,55,320118,6,32535,04,0,00,6935,0
57,983,99,21,0,48,-40,34,1,63,-0,12,-0,55,320088,3,32534,52,0,00,6934,5
57,988,99,22,0,48,-40,35,1,63,-0,12,-0,55,320058,5,32533,99,0,00,6934,0
57,993,99,23,0,48,-40,35,1,63,-0,12,-0,55,320028,9,32533,47,0,00,6933,5
57,998,99,24,0,48,-40,35,1,63,-0,12,-0,55,319999,4,32532,94,0,00,6932,9
58,003,99,25,0,48,-40,36,1,63,-0,12,-0,55,319969,2,32532,42,0,00,6932,4
58,008,99,26,0,48,-40,36,1,63,-0,12,-0,55,319940,8,32531,89,0,00,6931,9
58,013,99,26,0,48,-40,36,1,63,-0,12,-0,55,319910,3,32531,37,0,00,6931,4
58,018,99,27,0,48,-40,36,1,63,-0,12,-0,55,319881,8,32530,85,0,00,6930,8
58,023,99,28,0,48,-40,37,1,63,-0,12,-0,55,319852,0,32530,32,0,00,6930,3
58,028,99,29,0,48,-40,37,1,63,-0,12,-0,55,319823,3,32529,80,0,00,6929,8
58,033,99,30,0,48,-40,37,1,63,-0,12,-0,55,319793,8,32529,27,0,00,6929,3
58,038,99,30,0,48,-40,37,1,63,-0,12,-0,55,319764,8,32528,75,0,00,6928,7
58,043,99,31,0,47,-40,38,1,63,-0,12,-0,55,319736,4,32528,22,0,00,6928,2
58,048,99,32,0,47,-40,38,1,63,-0,12,-0,55,319706,8,32527,70,0,00,6927,7
58,053,99,33,0,47,-40,38,1,63,-0,12,-0,55,319678,7,32527,18,0,00,6927,2
58,058,99,34,0,47,-40,39,1,63,-0,12,-0,55,319649,3,32526,65,0,00,6926,7
58,063,99,34,0,47,-40,39,1,63,-0,12,-0,55,319621,0,32526,13,0,00,6926,1
58,068,99,35,0,47,-40,39,1,63,-0,12,-0,55,319592,8,32525,60,0,00,6925,6
58,073,99,36,0,47,-40,39,1,63,-0,12,-0,55,319563,8,32525,08,0,00,6925,1
58,078,99,37,0,47,-40,40,1,63,-0,12,-0,55,319535,8,32524,55,0,00,6924,6
58,083,99,38,0,47,-40,40,1,63,-0,12,-0,55,319507,5,32524,03,0,00,6924,0
58,088,99,39,0,47,-40,40,1,63,-0,12,-0,55,319478,9,32523,51,0,00,6923,5
58,093,99,39,0,47,-40,40,1,63,-0,12,-0,55,319451,3,32522,98,0,00,6923,0
58,098,99,40,0,47,-40,41,1,63,-0,12,-0,55,319422,4,32522,46,0,00,6922,5
58,103,99,41,0,47,-40,41,1,63,-0,12,-0,55,319395,0,32521,94,0,00,6921,9
58,108,99,42,0,47,-40,41,1,63,-0,12,-0,55,319366,9,32521,41,0,00,6921,4
58,113,99,43,0,47,-40,42,1,63,-0,12,-0,55,319338,8,32520,89,0,00,6920,9
58,118,99,43,0,47,-40,42,1,63,-0,12,-0,55,319311,4,32520,37,0,00,6920,4
58,123,99,44,0,47,-40,42,1,63,-0,12,-0,55,319283,6,32519,84,0,00,6919,8
58,128,99,45,0,46,-40,42,1,63,-0,12,-0,55,319255,9,32519,32,0,00,6919,3
58,133,99,46,0,46,-40,43,1,63,-0,12,-0,55,319228,3,32518,80,0,00,6918,8
58,138,99,47,0,46,-40,43,1,63,-0,12,-0,55,319200,9,32518,27,0,00,6918,3
58,143,99,48,0,46,-40,43,1,63,-0,12,-0,55,319173,6,32517,75,0,00,6917,8
58,148,99,48,0,46,-40,43,1,63,-0,12,-0,55,319145,9,32517,23,0,00,6917,2
58,153,99,49,0,46,-40,44,1,63,-0,12,-0,55,319119,2,32516,70,0,00,6916,7
58,158,99,50,0,46,-40,44,1,63,-0,12,-0,55,319091,4,32516,18,0,00,6916,2
58,163,99,51,0,46,-40,44,1,63,-0,12,-0,55,319064,9,32515,66,0,00,6915,7
58,168,99,52,0,46,-40,45,1,63,-0,12,-0,55,319037,3,32515,13,0,00,6915,1
58,173,99,52,0,46,-40,45,1,63,-0,12,-0,55,319010,7,32514,61,0,00,6914,6
58,178,99,53,0,46,-40,45,1,63,-0,12,-0,55,318983,7,32514,09,0,00,6914,1
58,183,99,54,0,46,-40,45,1,63,-0,12,-0,55,318956,8,32513,57,0,00,6913,6
58,188,99,55,0,46,-40,46,1,63,-0,12,-0,55,318929,7,32513,04,0,00,6913,0
58,193,99,56,0,46,-40,46,1,63,-0,12,-0,55,318903,9,32512,52,0,00,6912,5
58,198,99,56,0,46,-40,46,1,63,-0,12,-0,55,318876,5,32512,00,0,00,6912,0
58,203,99,57,0,46,-40,46,1,63,-0,12,-0,55,318850,5,32511,47,0,00,6911,5
58,208,99,58,0,45,-40,47,1,63,-0,12,-0,55,318823,3,32510,95,0,00,6911,0
58,213,99,59,0,45,-40,47,1,63,-0,12,-0,55,318798,0,32510,43,0,00,6910,4
58,218,99,60,0,45,-40,47,1,63,-0,12,-0,55,318770,7,32509,91,0,00,6909,9
58,223,99,61,0,45,-40,48,1,63,-0,12,-0,55,318745,1,32509,38,0,00,6909,4
58,228,99,61,0,45,-40,48,1,63,-0,12,-0,55,318718,4,32508,86,0,00,6908,9
58,233,99,62,0,45,-40,48,1,63,-0,12,-0,55,318692,7,32508,34,0,00,6908,3
58,238,99,63,0,45,-40,48,1,63,-0,12,-0,55,318666,6,32507,82,0,00,6907,8
58,243,99,64,0,45,-40,49,1,63,-0,12,-0,55,318640,2,32507,29,0,00,6907,3
58,248,99,65,0,45,-40,49,1,63,-0,12,-0,55,318614,8,32506,77,0,00,6906,8
58,253,99,65,0,45,-40,49,1,63,-0,12,-0,55,318589,0,32506,25,0,00,6906,2
58,258,99,66,0,45,-40,49,1,63,-0,12,-0,55,318563,0,32505,73,0,00,6905,7
58,263,99,67,0,45,-40,50,1,63,-0,12,-0,55,318537,4,32505,21,0,00,6905,2
58,268,99,68,0,45,-40,50,1,63,-0,12,-0,55,318511,6,32504,68,0,00,6904,7
58,273,99,69,0,45,-40,50,1,63,-0,12,-0,55,318486,3,32504,16,0,00,6904,2
58,278,99,69,0,45,-40,51,1,63,-0,12,-0,55,318460,6,32503,64,0,00,6903,6
58,283,99,70,0,45,-40,51,1,63,-0,12,-0,55,318435,6,32503,12,0,00,6903,1
58,288,99,71,0,45,-40,51,1,63,-0,12,-0,55,318409,7,32502,59,0,00,6902,6
58,293,99,72,0,44,-40,51,1,63,-0,12,-0,55,318384,8,32502,07,0,00,6902,1
58,298,99,73,0,44,-40,52,1,63,-0,12,-0,55,318359,6,32501,55,0,00,6901,6
58,303,99,74,0,44,-40,52,1,63,-0,12,-0,55,318334,1,32501,03,0,00,6901,0
58,308,99,74,0,44,-40,52,1,63,-0,12,-0,55,318309,5,32500,51,0,00,6900,5
58,313,99,75,0,44,-40,52,1,63,-0,12,-0,55,318284,2,32499,98,0,00,6900,0
58,318,99,76,0,44,-40,53,1,63,-0,12,-0,55,318259,8,32499,46,0,00,6899,5
58,323,99,77,0,44,-40,53,1,63,-0,12,-0,55,318234,3,32498,94,0,00,6898,9
58,328,99,78,0,44,-40,53,1,63,-0,12,-0,55,318209,7,32498,42,0,00,6898,4
58,333,99,78,0,44,-40,54,1,63,-0,12,-0,55,318184,8,32497,90,0,00,6897,9
58,338,99,79,0,44,-40,54,1,63,-0,12,-0,55,318160,4,32497,38,0,00,6897,4
58,343,99,80,0,44,-40,54,1,63,-0,12,-0,55,318135,8,32496,86,0,00,6896,9
58,348,99,81,0,44,-40,54,1,63,-0,12,-0,55,318111,2,32496,33,0,00,6896,3
58,353,99,82,0,44,-40,55,1,63,-0,12,-0,55,318087,1,32495,81,0,00,6895,8
58,358,99,83,0,44,-40,55,1,63,-0,12,-0,55,318061,8,32495,29,0,00,6895,3
58,363,99,83,0,44,-40,55,1,63,-0,12,-0,55,318038,4,32494,77,0,00,6894,8
58,368,99,84,0,44,-40,56,1,63,-0,12,-0,55,318013,8,32494,25,0,00,6894,2
58,373,99,85,0,43,-40,56,1,63,-0,12,-0,55,317989,3,32493,73,0,00,6893,7
58,378,99,86,0,43,-40,56,1,63,-0,12,-0,55,317965,8,32493,21,0,00,6893,2
58,383,99,87,0,43,-40,56,1,63,-0,12,-0,55,317941,0,32492,68,0,00,6892,7
58,388,99,87,0,43,-40,57,1,63,-0,12,-0,55,317917,7,32492,16,0,00,6892,2
58,393,99,88,0,43,-40,57,1,63,-0,12,-0,55,317893,1,32491,64,0,00,6891,6
58,398,99,89,0,43,-40,57,1,63,-0,12,-0,55,317870,0,32491,12,0,00,6891,1
58,403,99,90,0,43,-40,57,1,63,-0,12,-0,55,317845,2,32490,60,0,00,6890,6
58,408,99,91,0,43,-40,58,1,63,-0,12,-0,55,317822,7,32490,08,0,00,6890,1
58,413,99,91,0,43,-40,58,1,63,-0,12,-0,55,317797,7,32489,56,0,00,6889,6
58,418,99,92,0,43,-40,58,1,63,-0,12,-0,55,317775,0,32489,04,0,00,6889,0
58,423,99,93,0,43,-40,59,1,63,-0,12,-0,55,317751,5,32488,52,0,00,6888,5
58,428,99,94,0,43,-40,59,1,63,-0,12,-0,55,317727,2,32488,00,0,00,6888,0
58,433,99,95,0,43,-40,59,1,63,-0,12,-0,55,317704,8,32487,47,0,00,6887,5
58,438,99,96,0,43,-40,59,1,63,-0,12,-0,55,317680,7,32486,95,0,00,6887,0
58,443,99,96,0,43,-40,60,1,63,-0,12,-0,55,317657,6,32486,43,0,00,6886,4
58,448,99,97,0,43,-40,60,1,63,-0,12,-0,55,317634,5,32485,91,0,00,6885,9
58,453,99,98,0,42,-40,60,1,63,-0,12,-0,55,317611,2,32485,39,0,00,6885,4
58,458,99,99,0,42,-40,60,1,63,-0,12,-0,55,317588,4,32484,87,0,00,6884,9
58,463,100,00,0,42,-40,61,1,63,-0,12,-0,55,317564,8,32484,35,0,00,6884,4
58,468,100,00,0,42,-40,61,1,63,-0,13,-0,55,317542,2,32483,83,0,00,6883,8
58,473,100,01,0,42,-40,61,1,63,-0,13,-0,55,317519,2,32483,31,0,00,6883,3
58,478,100,02,0,42,-40,62,1,63,-0,13,-0,55,317496,3,32482,79,0,00,6882,8
58,483,100,03,0,42,-40,62,1,63,-0,13,-0,55,317473,6,32482,27,0,00,6882,3
58,488,100,04,0,42,-40,62,1,63,-0,13,-0,55,317450,9,32481,75,0,00,6881,7
58,493,100,05,0,42,-40,62,1,63,-0,13,-0,55,317427,9,32481,23,0,00,6881,2
58,498,100,05,0,42,-40,63,1,63,-0,13,-0,55,317405,9,32480,71,0,00,6880,7
58,503,100,06,0,42,-40,63,1,63,-0,13,-0,55,317382,6,32480,19,0,00,6880,2
58,508,100,07,0,42,-40,63,1,63,-0,13,-0,55,317360,8,32479,67,0,00,6879,7
58,513,100,08,0,42,-40,63,1,63,-0,13,-0,55,317337,7,32479,14,0,00,6879,1
58,518,100,09,0,42,-40,64,1,63,-0,13,-0,55,317316,0,32478,63,0,00,6878,6
58,523,100,09,0,42,-40,64,1,63,-0,13,-0,55,317293,2,32478,11,0,00,6878,1
58,528,100,10,0,42,-40,64,1,63,-0,13,-0,55,317271,3,32477,59,0,00,6877,6
58,533,100,11,0,41,-40,65,1,63,-0,13,-0,55,317249,0,32477,07,0,00,6877,1
58,538,100,12,0,41,-40,65,1,63,-0,13,-0,55,317226,9,32476,54,0,00,6876,5
58,543,100,13,0,41,-40,65,1,63,-0,13,-0,55,317204,8,32476,03,0,00,6876,0
58,548,100,13,0,41,-40,65,1,63,-0,13,-0,55,317182,9,32475,51,0,00,6875,5
58,553,100,14,0,41,-40,66,1,63,-0,13,-0,55,317161,0,32474,98,0,00,6875,0
58,558,100,15,0,41,-40,66,1,63,-0,13,-0,55,317139,2,32474,46,0,00,6874,5
58,563,100,16,0,41,-40,66,1,63,-0,13,-0,55,317117,1,32473,95,0,00,6873,9
58,568,100,17,0,41,-40,66,1,63,-0,13,-0,55,317095,5,32473,43,0,00,6873,4
58,573,100,18,0,41,-40,67,1,63,-0,13,-0,55,317073,6,32472,91,0,00,6872,9
58,578,100,18,0,41,-40,67,1,63,-0,13,-0,55,317052,2,32472,38,0,00,6872,4
58,583,100,19,0,41,-40,67,1,63,-0,13,-0,55,317030,4,32471,87,0,00,6871,9
58,588,100,20,0,41,-40,68,1,63,-0,13,-0,55,317009,2,32471,35,0,00,6871,3
58,593,100,21,0,41,-40,68,1,63,-0,13,-0,55,316987,6,32470,83,0,00,6870,8
58,598,100,22,0,41,-40,68,1,63,-0,13,-0,55,316966,1,32470,31,0,00,6870,3
58,603,100,22,0,41,-40,68,1,63,-0,13,-0,55,316944,7,32469,79,0,00,6869,8
58,608,100,23,0,41,-40,69,1,63,-0,13,-0,55,316923,4,32469,27,0,00,6869,3
58,613,100,24,0,40,-40,69,1,63,-0,13,-0,55,316902,6,32468,75,0,00,6868,7
58,618,100,25,0,40,-40,69,1,63,-0,13,-0,55,316880,7,32468,23,0,00,6868,2
58,623,100,26,0,40,-40,69,1,63,-0,13,-0,55,316860,1,32467,71,0,00,6867,7
58,628,100,27,0,40,-40,70,1,63,-0,13,-0,55,316839,1,32467,19,0,00,6867,2
58,633,100,27,0,40,-40,70,1,63,-0,13,-0,55,316817,8,32466,67,0,00,6866,7
58,638,100,28,0,40,-40,70,1,63,-0,13,-0,55,316797,1,32466,15,0,00,6866,2
58,643,100,29,0,40,-40,71,1,63,-0,13,-0,55,316775,9,32465,63,0,00,6865,6
58,648,100,30,0,40,-40,71,1,63,-0,13,-0,55,316755,3,32465,11,0,00,6865,1
58,653,100,31,0,40,-40,71,1,63,-0,13,-0,55,316734,4,32464,59,0,00,6864,6
58,658,100,31,0,40,-40,71,1,63,-0,13,-0,55,316713,6,32464,07,0,00,6864,1
58,663,100,32,0,40,-40,72,1,63,-0,13,-0,55,316693,3,32463,55,0,00,6863,6
58,668,100,33,0,40,-40,72,1,63,-0,13,-0,55,316672,2,32463,04,0,00,6863,0
58,673,100,34,0,40,-40,72,1,63,-0,13,-0,55,316652,4,32462,52,0,00,6862,5
58,678,100,35,0,40,-40,72,1,63,-0,13,-0,55,316631,1,32462,00,0,00,6862,0
58,683,100,35,0,40,-40,73,1,63,-0,13,-0,55,316611,1,32461,48,0,00,6861,5
58,688,100,36,0,39,-40,73,1,63,-0,13,-0,55,316590,4,32460,96,0,00,6861,0
58,693,100,37,0,39,-40,73,1,63,-0,13,-0,55,316570,6,32460,44,0,00,6860,4
58,698,100,38,0,39,-40,74,1,63,-0,14,-0,55,316550,0,32459,92,0,00,6859,9
58,703,100,39,0,39,-40,74,1,63,-0,14,-0,55,316529,9,32459,40,0,00,6859,4
58,708,100,40,0,39,-40,74,1,63,-0,14,-0,55,316509,5,32458,88,0,00,6858,9
58,713,100,40,0,39,-40,74,1,63,-0,14,-0,55,316489,6,32458,36,0,00,6858,4
58,718,100,41,0,39,-40,75,1,63,-0,14,-0,55,316469,4,32457,85,0,00,6857,8
58,723,100,42,0,39,-40,75,1,63,-0,14,-0,55,316449,7,32457,33,0,00,6857,3
58,728,100,43,0,39,-40,75,1,63,-0,14,-0,55,316429,6,32456,81,0,00,6856,8
58,733,100,44,0,39,-40,75,1,63,-0,14,-0,55,316409,6,32456,29,0,00,6856,3
58,738,100,44,0,39,-40,76,1,63,-0,14,-0,55,316389,7,32455,77,0,00,6855,8
58,743,100,45,0,39,-40,76,1,63,-0,14,-0,55,316370,3,32455,25,0,00,6855,3
58,748,100,46,0,39,-40,76,1,63,-0,14,-0,55,316350,2,32454,73,0,00,6854,7
58,753,100,47,0,39,-40,77,1,63,-0,14,-0,55,316331,0,32454,21,0,00,6854,2
58,758,100,48,0,39,-40,77,1,63,-0,14,-0,55,316310,9,32453,70,0,00,6853,7
58,763,100,49,0,38,-40,77,1,63,-0,14,-0,55,316291,5,32453,18,0,00,6853,2
58,768,100,49,0,38,-40,77,1,63,-0,14,-0,55,316272,1,32452,66,0,00,6852,7
58,773,100,50,0,38,-40,78,1,63,-0,14,-0,55,316252,3,32452,14,0,00,6852,1
58,778,100,51,0,38,-40,78,1,63,-0,14,-0,55,316233,5,32451,62,0,00,6851,6
58,783,100,52,0,38,-40,78,1,63,-0,14,-0,55,316213,5,32451,10,0,00,6851,1
58,788,100,53,0,38,-40,78,1,63,-0,14,-0,55,316194,8,32450,59,0,00,6850,6
58,793,100,53,0,38,-40,79,1,63,-0,14,-0,55,316175,0,32450,07,0,00,6850,1
58,798,100,54,0,38,-40,79,1,63,-0,14,-0,55,316156,1,32449,55,0,00,6849,5
58,803,100,55,0,38,-40,79,1,63,-0,14,-0,55,316136,8,32449,03,0,00,6849,0
58,808,100,56,0,38,-40,80,1,63,-0,14,-0,55,316118,1,32448,51,0,00,6848,5
58,813,100,57,0,38,-40,80,1,63,-0,14,-0,55,316098,6,32447,99,0,00,6848,0
58,818,100,57,0,38,-40,80,1,63,-0,14,-0,55,316080,0,32447,48,0,00,6847,5
58,823,100,58,0,38,-40,80,1,63,-0,14,-0,55,316060,6,32446,96,0,00,6847,0
58,828,100,59,0,38,-40,81,1,63,-0,14,-0,55,316042,2,32446,44,0,00,6846,4
58,833,100,60,0,37,-40,81,1,63,-0,14,-0,55,316023,0,32445,92,0,00,6845,9
58,838,100,61,0,37,-40,81,1,63,-0,14,-0,55,316004,7,32445,40,0,00,6845,4
58,843,100,62,0,37,-40,81,1,63,-0,14,-0,55,315985,3,32444,89,0,00,6844,9
58,848,100,62,0,37,-40,82,1,63,-0,14,-0,55,315967,6,32444,37,0,00,6844,4
58,853,100,63,0,37,-40,82,1,63,-0,14,-0,55,315947,8,32443,85,0,00,6843,9
58,858,100,64,0,37,-40,82,1,63,-0,15,-0,55,315930,3,32443,33,0,00,6843,3
58,863,100,65,0,37,-40,83,1,63,-0,15,-0,55,315910,7,32442,81,0,00,6842,8
58,868,100,66,0,37,-40,83,1,63,-0,15,-0,55,315893,3,32442,29,0,00,6842,3
58,873,100,66,0,37,-40,83,1,63,-0,15,-0,55,315874,3,32441,78,0,00,6841,8
58,878,100,67,0,37,-40,83,1,63,-0,15,-0,55,315855,9,32441,26,0,00,6841,3
58,883,100,68,0,37,-40,84,1,63,-0,15,-0,55,315837,9,32440,74,0,00,6840,7
58,888,100,69,0,37,-40,84,1,63,-0,15,-0,55,315819,6,32440,22,0,00,6840,2
58,893,100,70,0,37,-40,84,1,63,-0,15,-0,55,315800,8,32439,71,0,00,6839,7
58,898,100,71,0,36,-40,84,1,63,-0,15,-0,55,315783,5,32439,19,0,00,6839,2
58,903,100,71,0,36,-40,85,1,63,-0,15,-0,55,315764,6,32438,67,0,00,6838,7
58,908,100,72,0,36,-40,85,1,63,-0,15,-0,55,315747,4,32438,15,0,00,6838,2
58,913,100,73,0,36,-40,85,1,63,-0,15,-0,55,315728,6,32437,64,0,00,6837,6
58,918,100,74,0,36,-40,86,1,63,-0,15,-0,55,315710,7,32437,12,0,00,6837,1
58,923,100,75,0,36,-40,86,1,63,-0,15,-0,55,315693,3,32436,60,0,00,6836,6
58,928,100,75,0,36,-40,86,1,63,-0,15,-0,55,315674,8,32436,08,0,00,6836,1
58,933,100,76,0,36,-40,86,1,63,-0,15,-0,55,315657,5,32435,57,0,00,6835,6
58,938,100,77,0,36,-40,87,1,63,-0,15,-0,55,315639,5,32435,05,0,00,6835,0
58,943,100,78,0,36,-40,87,1,63,-0,15,-0,55,315621,6,32434,53,0,00,6834,5
58,948,100,79,0,36,-40,87,1,63,-0,15,-0,55,315604,2,32434,01,0,00,6834,0
58,953,100,79,0,36,-40,87,1,63,-0,15,-0,55,315586,4,32433,50,0,00,6833,5
58,958,100,80,0,36,-40,88,1,63,-0,15,-0,55,315569,1,32432,98,0,00,6833,0
58,963,100,81,0,36,-40,88,1,63,-0,15,-0,55,315551,1,32432,46,0,00,6832,5
58,968,100,82,0,35,-40,88,1,63,-0,15,-0,55,315533,9,32431,95,0,00,6831,9
58,973,100,83,0,35,-40,89,1,63,-0,15,-0,55,315516,5,32431,43,0,00,6831,4
58,978,100,84,0,35,-40,89,1,63,-0,15,-0,55,315499,1,32430,91,0,00,6830,9
58,983,100,84,0,35,-40,89,1,63,-0,15,-0,55,315481,7,32430,39,0,00,6830,4
58,988,100,85,0,35,-40,89,1,63,-0,15,-0,55,315464,5,32429,88,0,00,6829,9
58,993,100,86,0,35,-40,90,1,63,-0,16,-0,55,315447,3,32429,36,0,00,6829,4
58,998,100,87,0,35,-40,90,1,63,-0,16,-0,55,315429,8,32428,84,0,00,6828,8
59,003,100,88,0,35,-40,90,1,63,-0,16,-0,55,315413,1,32428,32,0,00,6828,3
59,008,100,88,0,35,-40,90,1,63,-0,16,-0,55,315395,3,32427,81,0,00,6827,8
59,013,100,89,0,35,-40,91,1,63,-0,16,-0,55,315378,8,32427,29,0,00,6827,3
59,018,100,90,0,35,-40,91,1,63,-0,16,-0,55,315361,6,32426,77,0,00,6826,8
59,023,100,91,0,35,-40,91,1,63,-0,16,-0,55,315344,8,32426,26,0,00,6826,3
59,028,100,92,0,35,-40,92,1,63,-0,16,-0,55,315327,7,32425,74,0,00,6825,7
59,033,100,93,0,34,-40,92,1,63,-0,16,-0,55,315310,7,32425,22,0,00,6825,2
59,038,100,93,0,34,-40,92,1,63,-0,16,-0,55,315294,2,32424,71,0,00,6824,7
59,043,100,94,0,34,-40,92,1,63,-0,16,-0,55,315277,3,32424,19,0,00,6824,2
59,048,100,95,0,34,-40,93,1,63,-0,16,-0,55,315260,4,32423,67,0,00,6823,7
59,053,100,96,0,34,-40,93,1,63,-0,16,-0,55,315244,1,32423,15,0,00,6823,2
59,058,100,97,0,34,-40,93,1,63,-0,16,-0,55,315227,0,32422,64,0,00,6822,6
59,063,100,97,0,34,-40,93,1,63,-0,16,-0,55,315210,8,32422,12,0,00,6822,1
59,068,100,98,0,34,-40,94,1,63,-0,16,-0,55,315193,8,32421,61,0,00,6821,6
59,073,100,99,0,34,-40,94,1,63,-0,16,-0,55,315177,4,32421,09,0,00,6821,1
59,078,101,00,0,34,-40,94,1,63,-0,16,-0,55,315161,4,32420,57,0,00,6820,6
59,083,101,01,0,34,-40,95,1,63,-0,16,-0,55,315144,7,32420,05,0,00,6820,1
59,088,101,01,0,34,-40,95,1,63,-0,16,-0,55,315128,0,32419,54,0,00,6819,5
59,093,101,02,0,33,-40,95,1,63,-0,16,-0,55,315112,2,32419,02,0,00,6819,0
59,098,101,03,0,33,-40,95,1,63,-0,16,-0,55,315095,7,32418,51,0,00,6818,5
59,103,101,04,0,33,-40,96,1,63,-0,16,-0,55,315079,6,32417,99,0,00,6818,0
59,108,101,05,0,33,-40,96,1,63,-0,16,-0,55,315062,8,32417,47,0,00,6817,5
59,113,101,06,0,33,-40,96,1,63,-0,17,-0,55,315047,7,32416,96,0,00,6817,0
59,118,101,06,0,33,-40,96,1,63,-0,17,-0,55,315030,6,32416,44,0,00,6816,4
59,123,101,07,0,33,-40,97,1,63,-0,17,-0,54,315015,2,32415,92,0,00,6815,9
59,128,101,08,0,33,-40,97,1,63,-0,17,-0,54,314998,7,32415,41,0,00,6815,4
59,133,101,09,0,33,-40,97,1,63,-0,17,-0,54,314983,0,32414,89,0,00,6814,9
59,138,101,10,0,33,-40,98,1,63,-0,17,-0,54,314967,0,32414,37,0,00,6814,4
59,143,101,10,0,33,-40,98,1,63,-0,17,-0,54,314951,1,32413,86,0,00,6813,9
59,148,101,11,0,33,-40,98,1,63,-0,17,-0,54,314935,6,32413,34,0,00,6813,3
59,153,101,12,0,32,-40,98,1,63,-0,17,-0,54,314919,0,32412,82,0,00,6812,8
59,158,101,13,0,32,-40,99,1,63,-0,17,-0,54,314904,1,32412,31,0,00,6812,3
59,163,101,14,0,32,-40,99,1,63,-0,17,-0,54,314888,0,32411,79,0,00,6811,8
59,168,101,15,0,32,-40,99,1,63,-0,17,-0,54,314872,0,32411,28,0,00,6811,3
59,173,101,15,0,32,-40,99,1,63,-0,17,-0,54,314857,3,32410,76,0,00,6810,8
59,178,101,16,0,32,-41,00,1,63,-0,17,-0,54,314840,5,32410,24,0,00,6810,2
59,183,101,17,0,32,-41,00,1,63,-0,17,-0,54,314826,0,32409,73,0,00,6809,7
59,188,101,18,0,32,-41,00,1,63,-0,17,-0,54,314809,8,32409,21,0,00,6809,2
59,193,101,19,0,32,-41,01,1,63,-0,17,-0,54,314795,0,32408,70,0,00,6808,7
59,198,101,19,0,32,-41,01,1,63,-0,17,-0,54,314778,9,32408,18,0,00,6808,2
59,203,101,20,0,32,-41,01,1,63,-0,17,-0,54,314764,2,32407,66,0,00,6807,7
59,208,101,21,0,32,-41,01,1,63,-0,17,-0,54,314748,3,32407,15,0,00,6807,1
59,213,101,22,0,31,-41,02,1,63,-0,17,-0,54,314733,3,32406,63,0,00,6806,6
59,218,101,23,0,31,-41,02,1,63,-0,17,-0,54,314718,3,32406,12,0,00,6806,1
59,223,101,23,0,31,-41,02,1,63,-0,18,-0,54,314702,6,32405,60,0,00,6805,6
59,228,101,24,0,31,-41,02,1,63,-0,18,-0,54,314687,8,32405,08,0,00,6805,1
59,233,101,25,0,31,-41,03,1,63,-0,18,-0,54,314672,2,32404,57,0,00,6804,6
59,238,101,26,0,31,-41,03,1,63,-0,18,-0,54,314657,9,32404,05,0,00,6804,1
59,243,101,27,0,31,-41,03,1,63,-0,18,-0,54,314642,0,32403,54,0,00,6803,5
59,248,101,28,0,31,-41,04,1,63,-0,18,-0,54,314627,9,32403,02,0,00,6803,0
59,253,101,28,0,31,-41,04,1,63,-0,18,-0,54,314612,1,32402,50,0,00,6802,5
59,258,101,29,0,31,-41,04,1,63,-0,18,-0,54,314597,7,32401,99,0,00,6802,0
59,263,101,30,0,31,-41,04,1,63,-0,18,-0,54,314582,4,32401,47,0,00,6801,5
59,268,101,31,0,30,-41,05,1,63,-0,18,-0,54,314568,1,32400,96,0,00,6801,0
59,273,101,32,0,30,-41,05,1,63,-0,18,-0,54,314553,0,32400,44,0,00,6800,4
59,278,101,32,0,30,-41,05,1,63,-0,18,-0,54,314538,0,32399,93,0,00,6799,9
59,283,101,33,0,30,-41,05,1,63,-0,18,-0,54,314523,9,32399,41,0,00,6799,4
59,288,101,34,0,30,-41,06,1,63,-0,18,-0,54,314509,0,32398,89,0,00,6798,9
59,293,101,35,0,30,-41,06,1,63,-0,18,-0,54,314494,1,32398,38,0,00,6798,4
59,298,101,36,0,30,-41,06,1,63,-0,18,-0,54,314479,8,32397,86,0,00,6797,9
59,303,101,37,0,30,-41,07,1,63,-0,18,-0,54,314465,0,32397,35,0,00,6797,3
59,308,101,37,0,30,-41,07,1,63,-0,18,-0,54,314450,8,32396,83,0,00,6796,8
59,313,101,38,0,30,-41,07,1,63,-0,18,-0,54,314435,8,32396,32,0,00,6796,3
59,318,101,39,0,30,-41,07,1,63,-0,18,-0,54,314422,1,32395,80,0,00,6795,8
59,323,101,40,0,29,-41,08,1,63,-0,19,-0,54,314407,2,32395,29,0,00,6795,3
59,328,101,41,0,29,-41,08,1,63,-0,19,-0,54,314393,2,32394,77,0,00,6794,8
59,333,101,41,0,29,-41,08,1,63,-0,19,-0,54,314378,4,32394,25,0,00,6794,3
59,338,101,42,0,29,-41,08,1,63,-0,19,-0,54,314364,5,32393,74,0,00,6793,7
59,343,101,43,0,29,-41,09,1,63,-0,19,-0,54,314349,8,32393,22,0,00,6793,2
59,348,101,44,0,29,-41,09,1,63,-0,19,-0,54,314336,5,32392,71,0,00,6792,7
59,353,101,45,0,29,-41,09,1,63,-0,19,-0,54,314321,1,32392,19,0,00,6792,2
59,358,101,45,0,29,-41,10,1,63,-0,19,-0,54,314307,9,32391,68,0,00,6791,7
59,363,101,46,0,29,-41,10,1,63,-0,19,-0,54,314293,5,32391,16,0,00,6791,2
59,368,101,47,0,29,-41,10,1,63,-0,19,-0,54,314279,6,32390,65,0,00,6790,6
59,373,101,48,0,29,-41,10,1,63,-0,19,-0,54,314265,7,32390,13,0,00,6790,1
59,378,101,49,0,28,-41,11,1,63,-0,19,-0,54,314251,5,32389,62,0,00,6789,6
59,383,101,50,0,28,-41,11,1,63,-0,19,-0,54,314237,7,32389,10,0,00,6789,1
59,388,101,50,0,28,-41,11,1,63,-0,19,-0,54,314224,0,32388,59,0,00,6788,6
59,393,101,51,0,28,-41,11,1,63,-0,19,-0,54,314209,5,32388,07,0,00,6788,1
59,398,101,52,0,28,-41,12,1,63,-0,19,-0,54,314196,3,32387,56,0,00,6787,6
59,403,101,53,0,28,-41,12,1,63,-0,19,-0,54,314182,4,32387,04,0,00,6787,0
59,408,101,54,0,28,-41,12,1,63,-0,19,-0,54,314168,5,32386,53,0,00,6786,5
59,413,101,54,0,28,-41,13,1,63,-0,19,-0,54,314155,1,32386,01,0,00,6786,0
59,418,101,55,0,28,-41,13,1,63,-0,20,-0,54,314140,9,32385,50,0,00,6785,5
59,423,101,56,0,28,-41,13,1,63,-0,20,-0,54,314128,0,32384,98,0,00,6785,0
59,428,101,57,0,27,-41,13,1,63,-0,20,-0,54,314113,5,32384,47,0,00,6784,5
59,433,101,58,0,27,-41,14,1,63,-0,20,-0,54,314100,8,32383,95,0,00,6784,0
59,438,101,59,0,27,-41,14,1,63,-0,20,-0,54,314086,8,32383,44,0,00,6783,4
59,443,101,59,0,27,-41,14,1,63,-0,20,-0,54,314073,7,32382,92,0,00,6782,9
59,448,101,60,0,27,-41,14,1,63,-0,20,-0,54,314059,9,32382,41,0,00,6782,4
59,454,101,61,0,27,-41,15,1,63,-0,20,-0,54,314046,5,32381,89,0,00,6781,9
59,459,101,62,0,27,-41,15,1,63,-0,20,-0,54,314033,6,32381,38,0,00,6781,4
59,464,101,63,0,27,-41,15,1,63,-0,20,-0,54,314019,9,32380,86,0,00,6780,9
59,469,101,63,0,27,-41,16,1,63,-0,20,-0,54,314006,3,32380,35,0,00,6780,3
59,474,101,64,0,27,-41,16,1,63,-0,20,-0,54,313993,6,32379,83,0,00,6779,8
59,479,101,65,0,26,-41,16,1,63,-0,20,-0,54,313980,0,32379,32,0,00,6779,3
59,484,101,66,0,26,-41,16,1,63,-0,20,-0,54,313967,4,32378,80,0,00,6778,8
59,489,101,67,0,26,-41,17,1,63,-0,20,-0,54,313953,6,32378,29,0,00,6778,3
59,494,101,67,0,26,-41,17,1,63,-0,20,-0,54,313940,7,32377,77,0,00,6777,8
59,499,101,68,0,26,-41,17,1,63,-0,20,-0,54,313927,8,32377,26,0,00,6777,3
59,504,101,69,0,26,-41,17,1,63,-0,20,-0,54,313914,6,32376,75,0,00,6776,7
59,509,101,70,0,26,-41,18,1,63,-0,20,-0,54,313901,4,32376,23,0,00,6776,2
59,514,101,71,0,26,-41,18,1,63,-0,21,-0,54,313888,7,32375,71,0,00,6775,7
59,519,101,72,0,26,-41,18,1,63,-0,21,-0,54,313876,0,32375,20,0,00,6775,2
59,524,101,72,0,26,-41,18,1,63,-0,21,-0,54,313862,6,32374,69,0,00,6774,7
59,529,101,73,0,25,-41,19,1,63,-0,21,-0,54,313850,1,32374,17,0,00,6774,2
59,534,101,74,0,25,-41,19,1,63,-0,21,-0,54,313837,1,32373,66,0,00,6773,7
59,539,101,75,0,25,-41,19,1,63,-0,21,-0,54,313824,3,32373,14,0,00,6773,1
59,544,101,76,0,25,-41,20,1,63,-0,21,-0,54,313811,5,32372,63,0,00,6772,6
59,549,101,76,0,25,-41,20,1,63,-0,21,-0,54,313799,2,32372,11,0,00,6772,1
59,554,101,77,0,25,-41,20,1,63,-0,21,-0,54,313786,0,32371,60,0,00,6771,6
59,559,101,78,0,25,-41,20,1,63,-0,21,-0,54,313773,4,32371,08,0,00,6771,1
59,564,101,79,0,25,-41,21,1,63,-0,21,-0,54,313761,2,32370,57,0,00,6770,6
59,569,101,80,0,25,-41,21,1,63,-0,21,-0,54,313747,8,32370,05,0,00,6770,1
59,574,101,81,0,25,-41,21,1,63,-0,21,-0,54,313736,2,32369,54,0,00,6769,5
59,579,101,81,0,24,-41,21,1,63,-0,21,-0,54,313722,9,32369,03,0,00,6769,0
59,584,101,82,0,24,-41,22,1,63,-0,21,-0,54,313711,0,32368,51,0,00,6768,5
59,589,101,83,0,24,-41,22,1,63,-0,21,-0,54,313698,2,32368,00,0,00,6768,0
59,594,101,84,0,24,-41,22,1,63,-0,21,-0,54,313686,0,32367,48,0,00,6767,5
59,599,101,85,0,24,-41,23,1,63,-0,22,-0,54,313673,3,32366,97,0,00,6767,0
59,604,101,85,0,24,-41,23,1,63,-0,22,-0,54,313661,6,32366,46,0,00,6766,5
59,609,101,86,0,24,-41,23,1,63,-0,22,-0,54,313648,6,32365,94,0,00,6765,9
59,614,101,87,0,24,-41,23,1,63,-0,22,-0,54,313636,5,32365,43,0,00,6765,4
59,619,101,88,0,24,-41,24,1,63,-0,22,-0,54,313624,5,32364,91,0,00,6764,9
59,624,101,89,0,23,-41,24,1,63,-0,22,-0,54,313612,2,32364,40,0,00,6764,4
59,629,101,89,0,23,-41,24,1,63,-0,22,-0,54,313599,8,32363,89,0,00,6763,9
59,634,101,90,0,23,-41,24,1,63,-0,22,-0,54,313588,0,32363,37,0,00,6763,4
59,639,101,91,0,23,-41,25,1,63,-0,22,-0,54,313575,8,32362,86,0,00,6762,9
59,644,101,92,0,23,-41,25,1,63,-0,22,-0,54,313563,6,32362,34,0,00,6762,3
59,649,101,93,0,23,-41,25,1,63,-0,22,-0,54,313551,4,32361,83,0,00,6761,8
59,654,101,94,0,23,-41,26,1,63,-0,22,-0,54,313539,8,32361,31,0,00,6761,3
59,659,101,94,0,23,-41,26,1,63,-0,22,-0,54,313527,3,32360,80,0,00,6760,8
59,664,101,95,0,23,-41,26,1,63,-0,22,-0,54,313515,8,32360,29,0,00,6760,3
59,669,101,96,0,22,-41,26,1,63,-0,22,-0,54,313503,8,32359,77,0,00,6759,8
59,674,101,97,0,22,-41,27,1,63,-0,22,-0,54,313492,0,32359,26,0,00,6759,3
59,679,101,98,0,22,-41,27,1,63,-0,22,-0,54,313479,7,32358,74,0,00,6758,7
59,684,101,98,0,22,-41,27,1,63,-0,23,-0,54,313468,4,32358,23,0,00,6758,2
59,689,101,99,0,22,-41,27,1,63,-0,23,-0,54,313456,2,32357,72,0,00,6757,7
59,694,102,00,0,22,-41,28,1,63,-0,23,-0,54,313445,0,32357,20,0,00,6757,2
59,699,102,01,0,22,-41,28,1,63,-0,23,-0,54,313432,5,32356,69,0,00,6756,7
59,704,102,02,0,22,-41,28,1,63,-0,23,-0,54,313421,3,32356,18,0,00,6756,2
59,709,102,03,0,22,-41,29,1,63,-0,23,-0,54,313409,8,32355,66,0,00,6755,7
59,714,102,03,0,21,-41,29,1,63,-0,23,-0,54,313397,5,32355,15,0,00,6755,1
59,719,102,04,0,21,-41,29,1,63,-0,23,-0,54,313386,9,32354,63,0,00,6754,6
59,724,102,05,0,21,-41,29,1,63,-0,23,-0,54,313374,3,32354,12,0,00,6754,1
59,729,102,06,0,21,-41,30,1,63,-0,23,-0,54,313363,8,32353,61,0,00,6753,6
59,734,102,07,0,21,-41,30,1,63,-0,23,-0,54,313351,2,32353,09,0,00,6753,1
59,739,102,07,0,21,-41,30,1,63,-0,23,-0,54,313340,8,32352,58,0,00,6752,6
59,744,102,08,0,21,-41,30,1,63,-0,23,-0,54,313328,4,32352,07,0,00,6752,1
59,749,102,09,0,21,-41,31,1,63,-0,23,-0,54,313317,7,32351,55,0,00,6751,6
59,754,102,10,0,20,-41,31,1,63,-0,23,-0,54,313306,2,32351,04,0,00,6751,0
59,759,102,11,0,20,-41,31,1,63,-0,23,-0,54,313294,7,32350,53,0,00,6750,5
59,764,102,11,0,20,-41,32,1,63,-0,23,-0,54,313283,7,32350,01,0,00,6750,0
59,769,102,12,0,20,-41,32,1,63,-0,24,-0,54,313271,9,32349,50,0,00,6749,5
59,774,102,13,0,20,-41,32,1,63,-0,24,-0,54,313261,0,32348,98,0,00,6749,0
59,779,102,14,0,20,-41,32,1,63,-0,24,-0,54,313249,7,32348,47,0,00,6748,5
59,784,102,15,0,20,-41,33,1,63,-0,24,-0,54,313238,5,32347,96,0,00,6748,0
59,789,102,16,0,20,-41,33,1,63,-0,24,-0,54,313227,3,32347,44,0,00,6747,4
59,794,102,16,0,20,-41,33,1,63,-0,24,-0,54,313216,2,32346,93,0,00,6746,9
59,799,102,17,0,19,-41,33,1,63,-0,24,-0,54,313205,1,32346,42,0,00,6746,4
59,804,102,18,0,19,-41,34,1,63,-0,24,-0,54,313194,5,32345,90,0,00,6745,9
59,809,102,19,0,19,-41,34,1,63,-0,24,-0,54,313182,6,32345,39,0,00,6745,4
59,814,102,20,0,19,-41,34,1,63,-0,24,-0,54,313172,1,32344,88,0,00,6744,9
59,819,102,20,0,19,-41,35,1,63,-0,24,-0,54,313161,2,32344,36,0,00,6744,4
59,824,102,21,0,19,-41,35,1,63,-0,24,-0,54,313149,9,32343,85,0,00,6743,8
59,829,102,22,0,19,-41,35,1,63,-0,24,-0,54,313139,1,32343,34,0,00,6743,3
59,834,102,23,0,19,-41,35,1,63,-0,24,-0,54,313128,3,32342,82,0,00,6742,8
59,839,102,24,0,18,-41,36,1,63,-0,24,-0,54,313117,2,32342,31,0,00,6742,3
59,844,102,25,0,18,-41,36,1,63,-0,24,-0,54,313107,0,32341,80,0,00,6741,8
59,849,102,25,0,18,-41,36,1,63,-0,25,-0,54,313095,5,32341,28,0,00,6741,3
59,854,102,26,0,18,-41,36,1,63,-0,25,-0,54,313085,3,32340,77,0,00,6740,8
59,859,102,27,0,18,-41,37,1,63,-0,25,-0,54,313073,9,32340,26,0,00,6740,3
59,864,102,28,0,18,-41,37,1,63,-0,25,-0,54,313063,9,32339,74,0,00,6739,7
59,869,102,29,0,18,-41,37,1,63,-0,25,-0,54,313052,6,32339,23,0,00,6739,2
59,874,102,29,0,18,-41,38,1,63,-0,25,-0,54,313042,6,32338,72,0,00,6738,7
59,879,102,30,0,17,-41,38,1,63,-0,25,-0,54,313031,4,32338,20,0,00,6738,2
59,884,102,31,0,17,-41,38,1,63,-0,25,-0,54,313021,1,32337,69,0,00,6737,7
59,889,102,32,0,17,-41,38,1,63,-0,25,-0,54,313010,4,32337,18,0,00,6737,2
59,894,102,33,0,17,-41,39,1,63,-0,25,-0,54,313000,2,32336,66,0,00,6736,7
59,899,102,33,0,17,-41,39,1,63,-0,25,-0,54,312989,1,32336,15,0,00,6736,2
59,904,102,34,0,17,-41,39,1,63,-0,25,-0,54,312979,0,32335,64,0,00,6735,6
59,909,102,35,0,17,-41,39,1,63,-0,25,-0,54,312968,5,32335,13,0,00,6735,1
59,914,102,36,0,17,-41,40,1,63,-0,25,-0,54,312958,0,32334,61,0,00,6734,6
59,919,102,37,0,16,-41,40,1,63,-0,25,-0,54,312947,6,32334,10,0,00,6734,1
59,924,102,38,0,16,-41,40,1,63,-0,25,-0,54,312937,2,32333,59,0,00,6733,6
59,929,102,38,0,16,-41,41,1,63,-0,26,-0,54,312927,3,32333,07,0,00,6733,1
59,934,102,39,0,16,-41,41,1,63,-0,26,-0,54,312916,6,32332,56,0,00,6732,6
59,939,102,40,0,16,-41,41,1,63,-0,26,-0,54,312906,3,32332,05,0,00,6732,0
59,944,102,41,0,16,-41,41,1,63,-0,26,-0,54,312896,1,32331,53,0,00,6731,5
59,949,102,42,0,16,-41,42,1,63,-0,26,-0,54,312885,5,32331,02,0,00,6731,0
59,954,102,42,0,16,-41,42,1,63,-0,26,-0,54,312876,2,32330,51,0,00,6730,5
59,959,102,43,0,15,-41,42,1,63,-0,26,-0,54,312864,8,32329,99,0,00,6730,0
59,964,102,44,0,15,-41,42,1,63,-0,26,-0,54,312856,1,32329,48,0,00,6729,5
59,969,102,45,0,15,-41,43,1,63,-0,26,-0,54,312844,8,32328,97,0,00,6729,0
59,974,102,46,0,15,-41,43,1,63,-0,26,-0,54,312835,3,32328,46,0,00,6728,5
59,979,102,47,0,15,-41,43,1,63,-0,26,-0,54,312825,0,32327,94,0,00,6727,9
59,984,102,47,0,15,-41,44,1,63,-0,26,-0,54,312815,1,32327,43,0,00,6727,4
59,989,102,48,0,15,-41,44,1,63,-0,26,-0,54,312804,8,32326,92,0,00,6726,9
59,994,102,49,0,15,-41,44,1,63,-0,26,-0,54,312795,0,32326,41,0,00,6726,4
59,999,102,50,0,14,-41,44,1,63,-0,26,-0,54,312785,3,32325,89,0,00,6725,9
60,004,102,51,0,14,-41,45,1,63,-0,27,-0,54,312775,2,32325,38,0,00,6725,4
60,009,102,51,0,14,-41,45,1,63,-0,27,-0,54,312765,1,32324,87,0,00,6724,9
60,014,102,52,0,14,-41,45,1,63,-0,27,-0,54,312755,5,32324,36,0,00,6724,4
60,019,102,53,0,14,-41,45,1,63,-0,27,-0,54,312745,9,32323,84,0,00,6723,8
60,024,102,54,0,14,-41,46,1,63,-0,27,-0,54,312735,5,32323,33,0,00,6723,3
60,029,102,55,0,14,-41,46,1,63,-0,27,-0,54,312726,0,32322,82,0,00,6722,8
60,034,102,56,0,13,-41,46,1,63,-0,27,-0,54,312716,1,32322,30,0,00,6722,3
60,039,102,56,0,13,-41,46,1,63,-0,27,-0,54,312706,3,32321,79,0,00,6721,8
60,044,102,57,0,13,-41,47,1,63,-0,27,-0,54,312696,9,32321,28,0,00,6721,3
60,049,102,58,0,13,-41,47,1,63,-0,27,-0,54,312686,7,32320,77,0,00,6720,8
60,054,102,59,0,13,-41,47,1,63,-0,27,-0,54,312677,8,32320,25,0,00,6720,3
60,059,102,60,0,13,-41,48,1,63,-0,27,-0,54,312667,3,32319,74,0,00,6719,7
60,064,102,60,0,13,-41,48,1,63,-0,27,-0,54,312658,1,32319,23,0,00,6719,2
60,069,102,61,0,13,-41,48,1,63,-0,27,-0,54,312648,5,32318,71,0,00,6718,7
60,074,102,62,0,12,-41,48,1,63,-0,27,-0,54,312638,9,32318,20,0,00,6718,2
60,079,102,63,0,12,-41,49,1,63,-0,28,-0,54,312629,4,32317,69,0,00,6717,7
60,084,102,64,0,12,-41,49,1,63,-0,28,-0,54,312619,9,32317,18,0,00,6717,2
60,089,102,64,0,12,-41,49,1,63,-0,28,-0,54,312610,5,32316,66,0,00,6716,7
60,094,102,65,0,12,-41,49,1,63,-0,28,-0,54,312601,1,32316,15,0,00,6716,2
60,099,102,66,0,12,-41,50,1,63,-0,28,-0,54,312591,8,32315,64,0,00,6715,6
60,104,102,67,0,12,-41,50,1,63,-0,28,-0,54,312581,6,32315,13,0,00,6715,1
60,109,102,68,0,11,-41,50,1,63,-0,28,-0,54,312573,1,32314,61,0,00,6714,6
60,114,102,69,0,11,-41,51,1,63,-0,28,-0,54,312563,0,32314,10,0,00,6714,1
60,119,102,69,0,11,-41,51,1,63,-0,28,-0,54,312554,7,32313,59,0,00,6713,6
60,124,102,70,0,11,-41,51,1,63,-0,28,-0,54,312544,3,32313,08,0,00,6713,1
60,129,102,71,0,11,-41,51,1,63,-0,28,-0,54,312536,0,32312,57,0,00,6712,6
60,134,102,72,0,11,-41,52,1,63,-0,28,-0,54,312525,6,32312,05,0,00,6712,1
60,139,102,73,0,11,-41,52,1,63,-0,28,-0,54,312517,4,32311,54,0,00,6711,5
60,144,102,73,0,10,-41,52,1,63,-0,28,-0,54,312507,6,32311,03,0,00,6711,0
60,149,102,74,0,10,-41,52,1,63,-0,28,-0,54,312498,6,32310,52,0,00,6710,5
60,154,102,75,0,10,-41,53,1,63,-0,29,-0,54,312489,7,32310,00,0,00,6710,0
60,159,102,76,0,10,-41,53,1,63,-0,29,-0,54,312480,3,32309,49,0,00,6709,5
60,164,102,77,0,10,-41,53,1,63,-0,29,-0,54,312471,5,32308,98,0,00,6709,0
60,169,102,78,0,10,-41,54,1,63,-0,29,-0,54,312461,8,32308,47,0,00,6708,5
60,174,102,78,0,10,-41,54,1,63,-0,29,-0,54,312453,5,32307,96,0,00,6708,0
60,179,102,79,0,09,-41,54,1,63,-0,29,-0,54,312443,8,32307,44,0,00,6707,4
60,184,102,80,0,09,-41,54,1,63,-0,29,-0,54,312435,2,32306,93,0,00,6706,9
60,189,102,81,0,09,-41,55,1,63,-0,29,-0,54,312426,1,32306,42,0,00,6706,4
60,194,102,82,0,09,-41,55,1,63,-0,29,-0,54,312417,0,32305,91,0,00,6705,9
60,199,102,82,0,09,-41,55,1,63,-0,29,-0,54,312408,4,32305,39,0,00,6705,4
60,204,102,83,0,09,-41,55,1,63,-0,29,-0,54,312399,0,32304,88,0,00,6704,9
60,209,102,84,0,09,-41,56,1,63,-0,29,-0,54,312390,5,32304,37,0,00,6704,4
60,214,102,85,0,08,-41,56,1,63,-0,29,-0,54,312381,6,32303,86,0,00,6703,9
60,219,102,86,0,08,-41,56,1,63,-0,29,-0,54,312372,7,32303,35,0,00,6703,3
60,224,102,87,0,08,-41,57,1,63,-0,29,-0,54,312363,8,32302,83,0,00,6702,8
60,229,102,87,0,08,-41,57,1,63,-0,30,-0,54,312355,0,32302,32,0,00,6702,3
60,234,102,88,0,08,-41,57,1,63,-0,30,-0,54,312346,3,32301,81,0,00,6701,8
60,239,102,89,0,08,-41,57,1,63,-0,30,-0,54,312337,5,32301,30,0,00,6701,3
60,244,102,90,0,08,-41,58,1,63,-0,30,-0,54,312328,8,32300,79,0,00,6700,8
60,249,102,91,0,07,-41,58,1,63,-0,30,-0,54,312320,2,32300,27,0,00,6700,3
60,254,102,91,0,07,-41,58,1,63,-0,30,-0,54,312311,2,32299,76,0,00,6699,8
60,259,102,92,0,07,-41,58,1,63,-0,30,-0,54,312303,0,32299,25,0,00,6699,2
60,264,102,93,0,07,-41,59,1,63,-0,30,-0,54,312294,0,32298,74,0,00,6698,7
60,269,102,94,0,07,-41,59,1,63,-0,30,-0,54,312285,9,32298,22,0,00,6698,2
60,274,102,95,0,07,-41,59,1,63,-0,30,-0,54,312276,6,32297,71,0,00,6697,7
60,279,102,95,0,06,-41,60,1,63,-0,30,-0,54,312268,6,32297,20,0,00,6697,2
60,284,102,96,0,06,-41,60,1,63,-0,30,-0,54,312259,7,32296,69,0,00,6696,7
60,289,102,97,0,06,-41,60,1,63,-0,30,-0,54,312251,4,32296,18,0,00,6696,2
60,294,102,98,0,06,-41,60,1,63,-0,30,-0,54,312242,6,32295,66,0,00,6695,7
60,299,102,99,0,06,-41,61,1,63,-0,31,-0,54,312234,8,32295,15,0,00,6695,2
60,304,103,00,0,06,-41,61,1,63,-0,31,-0,54,312225,6,32294,64,0,00,6694,6
60,309,103,00,0,06,-41,61,1,63,-0,31,-0,54,312217,4,32294,13,0,00,6694,1
60,314,103,01,0,05,-41,61,1,63,-0,31,-0,54,312209,2,32293,62,0,00,6693,6
60,319,103,02,0,05,-41,62,1,63,-0,31,-0,54,312200,6,32293,11,0,00,6693,1
60,324,103,03,0,05,-41,62,1,63,-0,31,-0,54,312192,5,32292,59,0,00,6692,6
60,329,103,04,0,05,-41,62,1,63,-0,31,-0,54,312184,0,32292,08,0,00,6692,1
