step,time_s,posX_m,posY_m,posZ_m,velX_mps,velY_mps,velZ_mps,speed_mps,horizSpeed_mps,thrust_N,thrust_kN,mass_kg,fuel_kg,twr,tilt_deg,pitchRate_dps,yawRate_dps,gimbalX_deg,gimbalZ_deg,miss_m,controlMode
1,0.0500,0.040,2495.010,-0.073,0.712,-99.584,-1.422,99.596,1.590,713324.3,713.32,40366.06,14766.06,1.803,7.464,-1.829,-1.832,-3.794,-3.804,0.083,Fuzzy
2,0.1000,0.071,2490.042,-0.142,0.534,-99.172,-1.336,99.183,1.439,712669.6,712.67,40354.37,14754.37,1.802,7.284,-4.264,-4.276,-4.714,-4.733,0.159,Fuzzy
3,0.1500,0.093,2485.093,-0.206,0.349,-98.764,-1.242,98.773,1.290,712025.8,712.03,40342.69,14742.69,1.801,6.955,-7.114,-7.141,-5.575,-5.618,0.226,Fuzzy
4,0.2000,0.105,2480.165,-0.266,0.143,-98.364,-1.128,98.371,1.137,711398.1,711.40,40331.02,14731.02,1.800,6.459,-10.887,-10.961,-7.986,-8.120,0.286,Fuzzy
5,0.2500,0.107,2475.256,-0.319,-0.108,-97.984,-1.074,97.990,1.080,710803.0,710.80,40319.37,14719.37,1.799,5.755,-12.785,-16.820,10.279,-13.059,0.337,Fuzzy
6,0.3000,0.093,2470.366,-0.376,-0.436,-97.626,-1.193,97.635,1.270,710244.9,710.24,40307.72,14707.72,1.798,4.734,-8.683,-26.029,5.861,-20.375,0.388,Fuzzy
7,0.3500,0.061,2465.493,-0.438,-0.852,-97.305,-1.269,97.317,1.529,709744.0,709.74,40296.08,14696.08,1.797,3.223,-6.346,-39.246,3.669,-26.177,0.442,Fuzzy
8,0.4000,0.008,2460.635,-0.503,-1.275,-96.987,-1.329,97.004,1.841,709255.1,709.26,40284.45,14684.45,1.797,1.551,-4.812,-53.660,2.631,-26.591,0.503,Fuzzy
9,0.4500,-0.056,2455.794,-0.571,-1.108,-96.659,-1.382,96.675,1.772,708752.8,708.75,40272.82,14672.83,1.796,2.578,-3.553,-47.757,2.520,26.746,0.573,Fuzzy
10,0.5000,-0.100,2450.969,-0.641,-0.675,-96.347,-1.438,96.360,1.588,708275.7,708.28,40261.21,14661.21,1.795,4.367,-2.284,-33.289,2.437,25.426,0.649,Fuzzy
11,0.5500,-0.124,2446.160,-0.714,-0.278,-96.016,-1.496,96.028,1.522,707782.0,707.78,40249.60,14649.60,1.795,5.617,-0.994,-21.096,2.422,18.067,0.725,Fuzzy
12,0.6000,-0.130,2441.368,-0.791,0.018,-95.643,-1.554,95.656,1.554,707231.1,707.23,40238.00,14638.00,1.794,6.407,0.209,-13.266,2.103,11.195,0.801,Fuzzy
13,0.6500,-0.123,2436.596,-0.870,0.245,-95.250,-1.623,95.264,1.642,706652.9,706.65,40226.41,14626.42,1.793,6.895,1.779,-8.461,3.416,6.945,0.879,Fuzzy
14,0.7000,-0.106,2431.843,-0.953,0.435,-94.850,-1.710,94.866,1.765,706069.0,706.07,40214.84,14614.83,1.792,7.178,4.044,-5.235,4.551,5.064,0.959,Fuzzy
15,0.7500,-0.080,2427.111,-1.041,0.614,-94.449,-1.809,94.469,1.911,705488.3,705.49,40203.27,14603.26,1.791,7.303,6.863,-2.611,5.603,4.306,1.044,Fuzzy
16,0.8000,-0.045,2422.398,-1.135,0.779,-94.050,-1.932,94.073,2.083,704913.4,704.91,40191.70,14591.70,1.790,7.303,10.749,-0.546,8.369,3.159,1.136,Fuzzy
17,0.8500,-0.002,2417.706,-1.235,0.931,-93.659,-2.110,93.688,2.306,704351.9,704.35,40180.15,14580.15,1.789,7.231,16.921,1.056,13.802,3.291,1.235,Fuzzy
18,0.9000,0.048,2413.032,-1.341,1.093,-93.283,-2.023,93.311,2.299,702630.3,702.63,40168.62,14568.62,1.785,7.143,13.836,3.173,-12.314,4.332,1.342,Fuzzy
19,0.9500,0.107,2408.378,-1.438,1.267,-92.895,-1.869,92.923,2.258,700439.9,700.44,40157.12,14557.12,1.780,6.982,8.719,5.762,-7.234,4.984,1.442,Fuzzy
20,1.0000,0.175,2403.743,-1.529,1.453,-92.506,-1.761,92.534,2.283,698235.9,698.24,40145.66,14545.66,1.775,6.683,5.514,8.929,-4.841,6.655,1.539,Fuzzy
21,1.0500,0.253,2399.127,-1.614,1.671,-92.125,-1.671,92.155,2.363,696075.4,696.08,40134.23,14534.23,1.770,6.186,3.131,13.530,-3.858,10.174,1.634,Fuzzy
22,1.1000,0.343,2394.530,-1.696,1.949,-91.764,-1.596,91.798,2.519,694018.3,694.02,40122.84,14522.84,1.765,5.395,1.397,20.769,-2.649,16.074,1.730,Fuzzy
23,1.1500,0.450,2389.950,-1.774,2.315,-91.440,-1.539,91.482,2.780,692156.5,692.16,40111.48,14511.48,1.761,4.184,0.381,31.881,-1.407,24.641,1.830,Fuzzy
24,1.2000,0.576,2385.385,-1.850,2.732,-91.142,-1.497,91.195,3.115,690466.7,690.47,40100.14,14500.14,1.757,2.560,-0.127,45.681,-0.854,26.790,1.938,Fuzzy
25,1.2500,0.721,2380.835,-1.924,2.894,-90.836,-1.459,90.894,3.241,688735.8,688.74,40088.84,14488.84,1.753,1.966,-0.563,51.258,-0.983,-26.622,2.054,Fuzzy
26,1.3000,0.855,2376.301,-1.996,2.483,-90.539,-1.421,90.584,2.861,687044.0,687.04,40077.56,14477.56,1.749,3.439,-1.216,37.034,-1.653,-26.317,2.171,Fuzzy
27,1.3500,0.969,2371.781,-2.066,2.085,-90.238,-1.374,90.273,2.497,685355.4,685.36,40066.31,14466.31,1.746,4.748,-2.257,24.243,-2.519,-20.594,2.282,Fuzzy
28,1.4000,1.065,2367.278,-2.133,1.779,-89.899,-1.310,89.927,2.209,683464.6,683.46,40055.09,14455.10,1.741,5.609,-3.889,15.573,-3.591,-12.853,2.384,Fuzzy
29,1.4500,1.148,2362.792,-2.197,1.549,-89.539,-1.232,89.561,1.979,681446.0,681.45,40043.91,14443.91,1.737,6.151,-6.081,10.180,-4.490,-7.894,2.479,Fuzzy
30,1.5000,1.221,2358.324,-2.256,1.363,-89.173,-1.136,89.190,1.775,679384.8,679.38,40032.75,14432.75,1.732,6.488,-9.044,6.707,-6.566,-5.413,2.565,Fuzzy
31,1.5500,1.285,2353.875,-2.310,1.196,-88.809,-1.004,88.823,1.562,677340.3,677.34,40021.64,14421.64,1.727,6.697,-13.592,4.129,-10.496,-4.522,2.643,Fuzzy
32,1.6000,1.341,2349.443,-2.359,1.040,-88.455,-1.041,88.468,1.472,675351.9,675.35,40010.55,14410.55,1.722,6.845,-12.294,1.934,10.419,-3.747,2.713,Fuzzy
33,1.6500,1.389,2345.029,-2.414,0.896,-88.092,-1.170,88.105,1.474,673321.6,673.32,39999.50,14399.50,1.718,6.937,-7.951,0.240,6.576,-2.675,2.785,Fuzzy
34,1.7000,1.431,2340.634,-2.475,0.758,-87.727,-1.266,87.739,1.476,671272.5,671.27,39988.48,14388.48,1.713,6.958,-5.012,-1.215,4.864,-3.159,2.859,Fuzzy
35,1.7500,1.465,2336.256,-2.541,0.607,-87.365,-1.351,87.377,1.481,669243.9,669.24,39977.49,14377.49,1.708,6.881,-2.632,-3.188,4.041,-4.100,2.933,Fuzzy
36,1.8000,1.491,2331.897,-2.610,0.447,-87.006,-1.424,87.019,1.493,667234.4,667.23,39966.54,14366.54,1.704,6.678,-0.788,-5.564,2.938,-4.725,3.006,Fuzzy
37,1.8500,1.509,2327.555,-2.683,0.279,-86.650,-1.482,86.663,1.508,665241.5,665.24,39955.62,14355.62,1.699,6.336,0.486,-8.376,2.341,-6.057,3.078,Fuzzy
38,1.9000,1.519,2323.231,-2.758,0.088,-86.302,-1.544,86.316,1.546,663291.1,663.29,39944.73,14344.73,1.694,5.815,1.911,-12.292,2.966,-8.820,3.149,Fuzzy
39,1.9500,1.517,2318.925,-2.837,-0.149,-85.969,-1.610,85.984,1.617,661421.1,661.42,39933.87,14333.87,1.690,5.036,3.548,-18.268,3.266,-13.769,3.218,Fuzzy
40,2.0000,1.503,2314.634,-2.919,-0.457,-85.664,-1.675,85.681,1.736,659692.0,659.69,39923.05,14323.04,1.686,3.869,5.184,-27.364,3.245,-21.219,3.283,Fuzzy
41,2.0500,1.470,2310.358,-3.005,-0.838,-85.394,-1.735,85.416,1.927,658163.6,658.16,39912.24,14312.24,1.683,2.151,6.759,-39.899,3.440,-26.224,3.345,Fuzzy
42,2.1000,1.419,2306.095,-3.093,-1.144,-85.124,-1.793,85.151,2.126,656657.6,656.66,39901.47,14301.47,1.679,0.469,8.424,-50.585,3.637,26.215,3.403,Fuzzy
43,2.1500,1.371,2301.845,-3.184,-0.760,-84.859,-1.808,84.882,1.961,655160.8,655.16,39890.71,14290.72,1.676,2.486,9.133,-37.090,-5.316,26.218,3.466,Fuzzy
44,2.2000,1.343,2297.609,-3.272,-0.387,-84.592,-1.737,84.611,1.779,653674.9,653.67,39879.99,14279.99,1.673,4.023,6.891,-24.820,-4.132,20.873,3.537,Fuzzy
45,2.2500,1.331,2293.386,-3.357,-0.097,-84.289,-1.671,84.306,1.674,652002.7,652.00,39869.29,14269.29,1.669,5.047,4.984,-16.353,-3.704,13.222,3.612,Fuzzy
46,2.3000,1.332,2289.180,-3.439,0.122,-83.966,-1.604,83.981,1.609,650208.9,650.21,39858.61,14258.61,1.665,5.730,3.110,-10.954,-3.523,8.299,3.688,Fuzzy
47,2.3500,1.343,2284.990,-3.518,0.298,-83.633,-1.540,83.648,1.568,648364.0,648.36,39847.97,14247.97,1.660,6.188,1.415,-7.441,-3.013,5.700,3.765,Fuzzy
48,2.4000,1.361,2280.817,-3.593,0.454,-83.298,-1.484,83.313,1.552,646504.8,646.50,39837.36,14237.36,1.656,6.488,0.065,-4.884,-2.240,4.529,3.843,Fuzzy
49,2.4500,1.388,2276.660,-3.666,0.603,-82.965,-1.430,82.979,1.552,644651.4,644.65,39826.77,14226.78,1.652,6.663,-1.245,-2.693,-3.003,3.923,3.920,Fuzzy
50,2.5000,1.422,2272.520,-3.736,0.743,-82.632,-1.363,82.647,1.552,642808.7,642.81,39816.22,14216.22,1.647,6.728,-3.068,-0.906,-3.949,3.034,3.997,Fuzzy
51,2.5500,1.462,2268.396,-3.802,0.870,-82.301,-1.286,82.316,1.553,640972.9,640.97,39805.70,14205.70,1.643,6.707,-5.305,0.401,-4.660,2.459,4.074,Fuzzy
52,2.6000,1.509,2264.290,-3.865,1.002,-81.974,-1.202,81.989,1.565,639158.0,639.16,39795.21,14195.21,1.639,6.616,-7.962,1.927,-5.927,3.394,4.149,Fuzzy
53,2.6500,1.562,2260.199,-3.922,1.143,-81.654,-1.095,81.669,1.583,637379.5,637.38,39784.75,14184.75,1.635,6.451,-11.658,3.867,-8.629,4.143,4.222,Fuzzy
54,2.7000,1.623,2256.124,-3.978,1.292,-81.339,-1.164,81.357,1.739,635636.7,635.64,39774.31,14174.31,1.631,6.225,-9.169,6.098,7.078,4.614,4.296,Fuzzy
55,2.7500,1.692,2252.065,-4.038,1.450,-81.023,-1.251,81.046,1.915,633891.9,633.89,39763.91,14163.91,1.627,5.899,-6.264,8.803,4.746,6.125,4.378,Fuzzy
56,2.8000,1.768,2248.022,-4.103,1.630,-80.713,-1.319,80.741,2.097,632173.8,632.17,39753.53,14153.53,1.623,5.419,-4.167,12.575,3.760,8.865,4.468,Fuzzy
57,2.8500,1.855,2243.994,-4.170,1.853,-80.416,-1.378,80.449,2.309,630521.0,630.52,39743.18,14143.18,1.619,4.710,-2.537,18.274,2.832,13.621,4.564,Fuzzy
58,2.9000,1.955,2239.980,-4.240,2.140,-80.142,-1.422,80.184,2.570,628986.8,628.99,39732.86,14132.86,1.615,3.675,-1.415,26.839,1.943,20.743,4.669,Fuzzy
59,2.9500,2.071,2235.979,-4.312,2.499,-79.901,-1.456,79.954,2.892,627633.8,627.63,39722.56,14122.56,1.612,2.281,-0.690,38.694,1.257,25.833,4.783,Fuzzy
60,3.0000,2.204,2231.989,-4.386,2.719,-79.664,-1.483,79.724,3.097,626314.6,626.31,39712.29,14112.28,1.609,1.617,-0.267,46.369,0.757,-26.542,4.908,Fuzzy
61,3.0500,2.331,2228.012,-4.460,2.352,-79.430,-1.515,79.479,2.798,625009.5,625.01,39702.03,14102.03,1.606,2.928,0.081,33.523,0.832,-25.175,5.033,Fuzzy
62,3.1000,2.440,2224.047,-4.537,2.014,-79.184,-1.552,79.225,2.542,623661.9,623.66,39691.79,14091.79,1.603,4.141,0.609,22.505,1.394,-18.621,5.151,Fuzzy
63,3.1500,2.534,2220.094,-4.616,1.758,-78.907,-1.598,78.943,2.376,622144.1,622.14,39681.59,14081.58,1.600,4.983,1.510,15.162,2.283,-12.019,5.265,Fuzzy
64,3.2000,2.617,2216.156,-4.697,1.562,-78.615,-1.657,78.648,2.277,620539.2,620.54,39671.40,14071.40,1.596,5.550,2.891,10.422,3.217,-7.687,5.377,Fuzzy
65,3.2500,2.691,2212.233,-4.782,1.402,-78.317,-1.725,78.349,2.223,618902.4,618.90,39661.24,14061.24,1.592,5.927,4.710,7.256,4.034,-5.411,5.487,Fuzzy
66,3.3000,2.757,2208.324,-4.870,1.259,-78.019,-1.800,78.050,2.197,617261.3,617.26,39651.11,14051.11,1.589,6.169,6.914,4.912,4.975,-4.361,5.596,Fuzzy
67,3.3500,2.816,2204.431,-4.962,1.121,-77.723,-1.893,77.754,2.200,615635.4,615.64,39641.00,14041.00,1.585,6.312,9.903,2.887,7.126,-3.819,5.706,Fuzzy
68,3.4000,2.869,2200.552,-5.059,0.992,-77.433,-1.988,77.465,2.222,614038.0,614.04,39630.93,14030.92,1.581,6.395,13.265,1.205,-11.132,-3.078,5.816,Fuzzy
69,3.4500,2.916,2196.688,-5.156,0.872,-77.143,-1.867,77.170,2.061,612448.4,612.45,39620.88,14020.87,1.577,6.455,8.995,-0.050,-7.055,-2.143,5.923,Fuzzy
70,3.5000,2.956,2192.838,-5.247,0.751,-76.850,-1.778,76.874,1.930,610842.8,610.84,39610.85,14010.85,1.574,6.470,6.115,-1.302,-4.967,-2.957,6.022,Fuzzy
71,3.5500,2.991,2189.003,-5.334,0.621,-76.559,-1.703,76.581,1.812,609249.2,609.25,39600.85,14000.85,1.570,6.407,3.891,-2.972,-4.209,-3.750,6.115,Fuzzy
72,3.6000,3.018,2185.182,-5.417,0.483,-76.271,-1.635,76.290,1.705,607670.4,607.67,39590.88,13990.87,1.566,6.240,2.034,-4.965,-3.394,-4.318,6.201,Fuzzy
73,3.6500,3.039,2181.375,-5.497,0.343,-75.985,-1.578,76.002,1.615,606102.3,606.10,39580.92,13980.92,1.563,5.955,0.629,-7.218,-2.421,-5.083,6.282,Fuzzy
74,3.7000,3.052,2177.583,-5.575,0.189,-75.703,-1.533,75.718,1.545,604553.4,604.55,39571.00,13971.00,1.559,5.534,-0.320,-10.132,-1.832,-6.893,6.356,Fuzzy
75,3.7500,3.058,2173.805,-5.651,0.009,-75.428,-1.488,75.442,1.488,603044.1,603.04,39561.11,13961.10,1.555,4.934,-1.313,-14.251,-2.218,-10.211,6.425,Fuzzy
76,3.8000,3.053,2170.040,-5.724,-0.215,-75.168,-1.440,75.182,1.456,601608.5,601.61,39551.23,13951.23,1.552,4.077,-2.414,-20.395,-2.383,-15.203,6.487,Fuzzy
77,3.8500,3.035,2166.288,-5.795,-0.506,-74.933,-1.395,74.948,1.483,600302.1,600.30,39541.38,13941.38,1.549,2.856,-3.565,-29.494,-2.597,-22.898,6.541,Fuzzy
78,3.9000,3.001,2162.546,-5.863,-0.849,-74.724,-1.353,74.741,1.597,599141.2,599.14,39531.55,13931.55,1.547,1.280,-4.680,-41.217,-2.459,-26.524,6.587,Fuzzy
79,3.9500,2.956,2158.815,-5.930,-0.779,-74.517,-1.313,74.532,1.527,598084.9,598.09,39521.74,13921.74,1.544,1.537,-5.732,-38.666,-2.670,26.484,6.626,Fuzzy
80,4.0000,2.926,2155.095,-5.995,-0.439,-74.309,-1.264,74.321,1.338,597363.1,597.36,39511.94,13911.94,1.543,2.983,-7.145,-27.047,-3.819,22.617,6.670,Fuzzy
81,4.0500,2.911,2151.385,-6.056,-0.163,-74.075,-1.200,74.085,1.211,596513.4,596.51,39502.15,13902.15,1.541,4.055,-9.282,-18.459,-5.490,14.740,6.720,Fuzzy
82,4.1000,2.908,2147.688,-6.117,0.046,-73.820,-1.256,73.831,1.256,595543.6,595.54,39492.38,13892.38,1.539,4.830,-7.279,-12.818,4.756,9.593,6.774,Fuzzy
83,4.1500,2.915,2144.003,-6.182,0.213,-73.554,-1.316,73.566,1.334,594511.4,594.51,39482.63,13882.63,1.536,5.394,-5.251,-9.108,3.972,6.473,6.834,Fuzzy
84,4.2000,2.929,2140.332,-6.249,0.356,-73.285,-1.376,73.299,1.421,593456.8,593.46,39472.89,13872.89,1.534,5.800,-3.409,-6.467,3.675,4.782,6.901,Fuzzy
85,4.2501,2.950,2136.675,-6.319,0.489,-73.015,-1.432,73.030,1.513,592395.0,592.40,39463.17,13863.17,1.532,6.082,-1.773,-4.373,3.149,4.150,6.974,Fuzzy
86,4.3001,2.978,2133.031,-6.392,0.619,-72.744,-1.481,72.762,1.605,591333.6,591.33,39453.47,13853.47,1.529,6.254,-0.448,-2.513,2.422,3.602,7.052,Fuzzy
87,4.3501,3.012,2129.400,-6.467,0.741,-72.474,-1.523,72.494,1.694,590269.4,590.27,39443.79,13843.79,1.527,6.334,0.610,-0.978,2.417,2.845,7.134,Fuzzy
88,4.4001,3.052,2125.783,-6.545,0.853,-72.204,-1.574,72.226,1.790,589205.5,589.21,39434.12,13834.12,1.525,6.338,1.987,0.159,3.257,2.077,7.221,Fuzzy
89,4.4501,3.098,2122.180,-6.625,0.967,-71.936,-1.633,71.961,1.898,588150.4,588.15,39424.47,13824.47,1.522,6.277,3.723,1.364,3.949,2.895,7.313,Fuzzy
90,4.5001,3.149,2118.590,-6.708,1.089,-71.671,-1.697,71.699,2.016,587111.4,587.11,39414.84,13814.83,1.520,6.139,5.730,2.925,4.445,3.591,7.410,Fuzzy
91,4.5501,3.207,2115.013,-6.795,1.217,-71.409,-1.767,71.441,2.145,586085.6,586.09,39405.22,13805.22,1.518,5.917,8.080,4.759,5.624,4.096,7.513,Fuzzy
92,4.6001,3.271,2111.449,-6.884,1.346,-71.150,-1.781,71.185,2.233,585075.4,585.08,39395.62,13795.62,1.515,5.618,8.592,6.793,-6.229,4.655,7.622,Fuzzy
93,4.6501,3.341,2107.898,-6.971,1.485,-70.893,-1.710,70.929,2.265,584072.1,584.07,39386.04,13786.04,1.513,5.235,6.173,9.337,-4.296,6.153,7.731,Fuzzy
94,4.7001,3.419,2104.359,-7.055,1.643,-70.639,-1.652,70.678,2.330,583087.3,583.09,39376.47,13776.47,1.511,4.715,4.389,12.823,-3.445,8.725,7.840,Fuzzy
95,4.7501,3.506,2100.834,-7.137,1.837,-70.396,-1.602,70.438,2.437,582148.9,582.15,39366.92,13766.92,1.509,3.993,2.979,17.960,-2.684,13.056,7.952,Fuzzy
96,4.8001,3.604,2097.320,-7.216,2.086,-70.170,-1.558,70.219,2.604,581298.7,581.30,39357.38,13757.38,1.507,2.981,1.909,25.554,-2.062,19.512,8.066,Fuzzy
97,4.8501,3.716,2093.816,-7.293,2.402,-69.973,-1.522,70.031,2.844,580595.7,580.60,39347.86,13747.86,1.506,1.672,1.171,36.186,-1.384,25.012,8.185,Fuzzy
98,4.9001,3.843,2090.323,-7.368,2.533,-69.784,-1.495,69.846,2.941,579941.6,579.94,39338.35,13738.35,1.504,1.451,0.706,40.807,-0.981,-26.487,8.310,Fuzzy
99,4.9501,3.961,2086.838,-7.442,2.198,-69.596,-1.472,69.646,2.646,579299.6,579.30,39328.84,13728.84,1.503,2.825,0.272,29.193,-1.020,-24.259,8.431,Fuzzy
100,5.0001,4.064,2083.363,-7.515,1.913,-69.387,-1.448,69.429,2.399,578562.5,578.56,39319.36,13719.35,1.501,3.938,-0.163,20.065,-1.050,-16.166,8.543,Fuzzy
101,5.0501,4.154,2079.900,-7.587,1.696,-69.154,-1.417,69.190,2.210,577689.7,577.69,39309.88,13709.88,1.500,4.725,-0.802,13.991,-1.747,-10.716,8.649,Fuzzy
102,5.1001,4.234,2076.448,-7.657,1.525,-68.910,-1.375,68.941,2.054,576754.3,576.75,39300.41,13700.42,1.497,5.276,-1.831,9.973,-2.607,-7.105,8.749,Fuzzy
103,5.1501,4.306,2073.008,-7.724,1.381,-68.663,-1.324,68.689,1.913,575794.4,575.79,39290.97,13690.97,1.495,5.661,-3.255,7.168,-3.426,-5.175,8.844,Fuzzy
104,5.2001,4.372,2069.582,-7.789,1.250,-68.414,-1.265,68.437,1.778,574828.1,574.83,39281.54,13681.54,1.493,5.923,-5.032,5.036,-4.128,-4.240,8.932,Fuzzy
105,5.2501,4.432,2066.167,-7.851,1.123,-68.166,-1.200,68.186,1.643,573865.6,573.87,39272.12,13672.12,1.491,6.089,-7.139,3.163,-5.085,-3.775,9.015,Fuzzy
106,5.3001,4.485,2062.765,-7.909,1.001,-67.920,-1.119,67.937,1.502,572911.4,572.91,39262.72,13662.72,1.489,6.183,-9.973,1.564,-7.121,-3.126,9.092,Fuzzy
107,5.3501,4.532,2059.375,-7.967,0.890,-67.675,-1.203,67.691,1.496,571958.2,571.96,39253.34,13653.34,1.487,6.236,-7.011,0.315,5.417,-2.322,9.166,Fuzzy
108,5.4001,4.574,2055.998,-8.029,0.784,-67.427,-1.270,67.444,1.492,570995.4,571.00,39243.97,13643.97,1.485,6.247,-4.809,-0.704,4.372,-2.452,9.240,Fuzzy
109,5.4501,4.610,2052.632,-8.094,0.671,-67.182,-1.331,67.199,1.491,570040.9,570.04,39234.62,13634.62,1.483,6.200,-2.924,-2.039,3.745,-3.220,9.315,Fuzzy
110,5.5001,4.641,2049.279,-8.162,0.550,-66.939,-1.385,66.955,1.490,569095.0,569.10,39225.28,13625.28,1.480,6.070,-1.381,-3.689,2.950,-3.833,9.389,Fuzzy
111,5.5501,4.665,2045.938,-8.232,0.425,-66.696,-1.430,66.713,1.491,568154.6,568.15,39215.96,13615.96,1.478,5.844,-0.240,-5.568,2.058,-4.249,9.462,Fuzzy
112,5.6001,4.683,2042.610,-8.305,0.296,-66.455,-1.467,66.472,1.496,567219.7,567.22,39206.66,13606.65,1.476,5.511,0.633,-7.701,2.050,-5.160,9.534,Fuzzy
113,5.6501,4.694,2039.293,-8.379,0.155,-66.218,-1.509,66.235,1.517,566302.4,566.30,39197.36,13597.36,1.474,5.050,1.686,-10.476,2.472,-6.911,9.604,Fuzzy
114,5.7001,4.698,2035.988,-8.455,-0.008,-65.987,-1.553,66.005,1.553,565414.9,565.41,39188.09,13588.09,1.472,4.415,2.879,-14.341,2.713,-10.047,9.673,Fuzzy
115,5.7501,4.693,2032.694,-8.534,-0.212,-65.768,-1.598,65.788,1.612,564733.2,564.73,39178.82,13578.83,1.471,3.533,4.133,-20.010,2.900,-14.770,9.739,Fuzzy
116,5.8001,4.676,2029.411,-8.615,-0.473,-65.569,-1.642,65.592,1.709,564142.4,564.14,39169.57,13569.57,1.470,2.294,5.415,-28.287,2.953,-21.762,9.803,Fuzzy
117,5.8501,4.645,2026.137,-8.698,-0.787,-65.394,-1.681,65.420,1.856,563658.3,563.66,39160.33,13560.33,1.469,0.561,6.592,-39.112,2.740,-25.556,9.861,Fuzzy
118,5.9001,4.605,2022.871,-8.782,-0.659,-65.221,-1.660,65.245,1.786,563189.3,563.19,39151.09,13551.09,1.468,1.414,5.934,-34.493,-2.712,25.002,9.916,Fuzzy
119,5.9501,4.580,2019.615,-8.864,-0.356,-65.042,-1.619,65.063,1.658,562696.6,562.70,39141.86,13541.86,1.467,2.869,4.708,-24.168,-2.929,19.799,9.978,Fuzzy
120,6.0001,4.568,2016.367,-8.944,-0.120,-64.836,-1.574,64.855,1.579,562084.1,562.08,39132.64,13532.64,1.466,3.886,3.430,-16.916,-2.792,13.139,10.043,Fuzzy
121,6.0501,4.567,2013.131,-9.022,0.062,-64.614,-1.529,64.633,1.531,561392.0,561.39,39123.43,13523.43,1.464,4.604,2.226,-12.079,-2.568,8.646,10.112,Fuzzy
122,6.1001,4.574,2009.906,-9.097,0.208,-64.385,-1.486,64.403,1.501,560659.6,560.66,39114.24,13514.24,1.463,5.119,1.123,-8.815,-2.264,6.061,10.182,Fuzzy
123,6.1501,4.588,2006.693,-9.170,0.337,-64.153,-1.448,64.171,1.486,559909.4,559.91,39105.05,13505.05,1.461,5.491,0.198,-6.429,-1.810,4.564,10.254,Fuzzy
124,6.2001,4.608,2003.491,-9.242,0.457,-63.921,-1.411,63.938,1.483,559151.4,559.15,39095.88,13495.88,1.459,5.753,-0.645,-4.511,-2.147,3.997,10.327,Fuzzy
125,6.2501,4.633,2000.301,-9.311,0.574,-63.689,-1.366,63.706,1.482,558394.1,558.39,39086.72,13486.72,1.458,5.918,-1.825,-2.790,-2.947,3.525,10.400,Fuzzy
126,6.3001,4.665,1997.122,-9.378,0.686,-63.458,-1.312,63.475,1.481,557636.1,557.64,39077.57,13477.57,1.456,5.997,-3.346,-1.335,-3.656,2.877,10.474,Fuzzy
127,6.3501,4.702,1993.955,-9.442,0.790,-63.227,-1.253,63.245,1.481,556875.3,556.88,39068.44,13468.44,1.454,6.007,-5.150,-0.213,-4.220,2.114,10.548,Fuzzy
128,6.4001,4.744,1990.799,-9.504,0.888,-62.997,-1.190,63.014,1.485,556112.7,556.11,39059.32,13459.32,1.453,5.972,-7.224,0.726,-5.087,2.335,10.622,Fuzzy
129,6.4501,4.791,1987.655,-9.561,0.994,-62.770,-1.146,62.788,1.517,555360.9,555.36,39050.21,13450.21,1.451,5.902,-8.730,1.958,6.483,3.037,10.694,Fuzzy
130,6.5001,4.843,1984.522,-9.620,1.108,-62.544,-1.216,62.566,1.645,554614.2,554.61,39041.11,13441.11,1.450,5.787,-6.264,3.475,4.650,3.611,10.771,Fuzzy
131,6.5501,4.902,1981.400,-9.683,1.225,-62.319,-1.275,62.345,1.768,553865.9,553.87,39032.02,13432.02,1.448,5.598,-4.367,5.212,3.892,4.031,10.853,Fuzzy
132,6.6001,4.966,1978.290,-9.748,1.345,-62.095,-1.328,62.124,1.890,553117.9,553.12,39022.95,13422.95,1.446,5.318,-2.765,7.146,3.208,4.701,10.940,Fuzzy
133,6.6501,5.036,1975.191,-9.815,1.474,-61.873,-1.373,61.906,2.014,552375.4,552.38,39013.89,13413.89,1.445,4.926,-1.504,9.596,2.428,6.175,11.032,Fuzzy
134,6.7001,5.114,1972.103,-9.885,1.621,-61.655,-1.409,61.692,2.148,551646.3,551.65,39004.84,13404.84,1.443,4.387,-0.611,12.918,1.625,8.641,11.129,Fuzzy
135,6.7501,5.199,1969.025,-9.956,1.800,-61.445,-1.436,61.488,2.303,550949.4,550.95,38995.80,13395.80,1.442,3.652,-0.051,17.749,1.019,12.799,11.232,Fuzzy
136,6.8001,5.294,1965.958,-10.029,2.029,-61.251,-1.459,61.302,2.499,550316.6,550.32,38986.77,13386.78,1.440,2.653,0.376,24.789,1.045,18.764,11.340,Fuzzy
137,6.8501,5.403,1962.900,-10.102,2.319,-61.082,-1.481,61.144,2.752,549796.9,549.80,38977.76,13377.76,1.439,1.422,0.821,34.666,1.057,24.582,11.456,Fuzzy
138,6.9001,5.523,1959.850,-10.177,2.318,-60.922,-1.505,60.985,2.763,549324.9,549.32,38968.75,13368.75,1.438,1.430,1.261,34.529,1.232,-25.015,11.579,Fuzzy
139,6.9501,5.631,1956.808,-10.253,2.024,-60.756,-1.536,60.809,2.541,548829.8,548.83,38959.75,13359.75,1.437,2.596,1.912,24.391,1.854,-19.897,11.697,Fuzzy
140,7.0001,5.726,1953.775,-10.330,1.796,-60.565,-1.574,60.612,2.388,548219.4,548.22,38950.76,13350.76,1.436,3.523,2.851,17.218,2.439,-13.311,11.811,Fuzzy
141,7.0501,5.811,1950.751,-10.410,1.620,-60.359,-1.618,60.402,2.289,547532.8,547.53,38941.77,13341.77,1.435,4.194,4.053,12.403,2.966,-8.756,11.922,Fuzzy
142,7.1001,5.889,1947.739,-10.492,1.480,-60.146,-1.665,60.187,2.228,546807.6,546.81,38932.80,13332.80,1.433,4.686,5.516,9.179,3.582,-6.106,12.032,Fuzzy
143,7.1501,5.960,1944.737,-10.577,1.357,-59.930,-1.719,59.970,2.190,546067.9,546.07,38923.85,13323.85,1.431,5.058,7.317,6.828,4.632,-4.597,12.140,Fuzzy
144,7.2001,6.025,1941.746,-10.663,1.244,-59.715,-1.706,59.753,2.112,545325.3,545.33,38914.90,13314.90,1.430,5.353,6.833,4.979,-4.754,-3.906,12.247,Fuzzy
145,7.2501,6.084,1938.766,-10.747,1.132,-59.500,-1.650,59.534,2.001,544579.6,544.58,38905.97,13305.97,1.428,5.576,4.929,3.312,-4.006,-3.532,12.350,Fuzzy
146,7.3001,6.138,1935.796,-10.828,1.024,-59.285,-1.597,59.316,1.897,543831.8,543.83,38897.05,13297.05,1.427,5.723,3.230,1.855,-3.578,-3.002,12.447,Fuzzy
147,7.3501,6.187,1932.837,-10.907,0.923,-59.070,-1.547,59.098,1.801,543079.4,543.08,38888.14,13288.14,1.425,5.798,1.766,0.671,-2.995,-2.342,12.539,Fuzzy
148,7.4001,6.230,1929.889,-10.983,0.828,-58.854,-1.505,58.879,1.718,542320.9,542.32,38879.24,13279.24,1.423,5.814,0.595,-0.216,-2.297,-1.868,12.627,Fuzzy
149,7.4501,6.269,1926.952,-11.057,0.732,-58.639,-1.470,58.662,1.642,541562.5,541.56,38870.36,13270.36,1.422,5.779,-0.276,-1.214,-1.900,-2.548,12.711,Fuzzy
150,7.5001,6.303,1924.025,-11.130,0.628,-58.426,-1.432,58.447,1.564,540810.9,540.81,38861.48,13261.49,1.420,5.679,-1.277,-2.499,-2.537,-3.161,12.791,Fuzzy
151,7.5501,6.332,1921.109,-11.201,0.519,-58.216,-1.388,58.234,1.482,540065.7,540.07,38852.63,13252.63,1.418,5.500,-2.539,-4.019,-3.088,-3.638,12.867,Fuzzy
152,7.6001,6.355,1918.203,-11.269,0.408,-58.006,-1.340,58.023,1.400,539324.9,539.33,38843.78,13243.78,1.417,5.233,-4.006,-5.706,-3.494,-3.956,12.937,Fuzzy
153,7.6501,6.373,1915.308,-11.334,0.295,-57.798,-1.290,57.814,1.323,538587.3,538.59,38834.95,13234.94,1.415,4.875,-5.609,-7.602,-3.743,-4.770,13.003,Fuzzy
154,7.7001,6.385,1912.423,-11.398,0.173,-57.593,-1.239,57.607,1.251,537858.6,537.86,38826.12,13226.12,1.413,4.416,-7.362,-10.026,-4.377,-6.249,13.064,Fuzzy
155,7.7501,6.390,1909.549,-11.461,0.033,-57.392,-1.279,57.406,1.280,537145.8,537.15,38817.31,13217.31,1.412,3.839,-5.961,-13.318,3.516,-8.838,13.122,Fuzzy
156,7.8001,6.387,1906.684,-11.526,-0.140,-57.199,-1.323,57.215,1.330,536466.1,536.47,38808.51,13208.51,1.410,3.085,-4.555,-18.139,2.991,-13.012,13.177,Fuzzy
157,7.8501,6.375,1903.828,-11.593,-0.360,-57.021,-1.363,57.039,1.410,535848.5,535.85,38799.72,13199.72,1.409,2.083,-3.407,-25.087,2.416,-18.871,13.230,Fuzzy
158,7.9001,6.350,1900.981,-11.662,-0.639,-56.866,-1.396,56.887,1.536,535337.4,535.34,38790.94,13190.94,1.408,0.983,-2.564,-34.735,1.747,-24.443,13.279,Fuzzy
159,7.9501,6.318,1898.141,-11.732,-0.519,-56.719,-1.423,56.739,1.515,534868.1,534.87,38782.17,13182.17,1.407,1.624,-1.909,-30.447,1.648,24.135,13.325,Fuzzy
160,8.0001,6.299,1895.309,-11.804,-0.256,-56.558,-1.451,56.577,1.473,534347.3,534.35,38773.40,13173.40,1.406,2.766,-1.222,-21.528,1.622,17.155,13.380,Fuzzy
161,8.0501,6.292,1892.486,-11.877,-0.055,-56.376,-1.479,56.395,1.480,533716.1,533.72,38764.65,13164.65,1.405,3.625,-0.577,-15.416,1.388,11.602,13.441,Fuzzy
162,8.1001,6.293,1889.672,-11.952,0.101,-56.182,-1.505,56.202,1.509,533025.7,533.03,38755.91,13155.90,1.403,4.252,-0.047,-11.302,1.077,7.674,13.507,Fuzzy
163,8.1501,6.301,1886.868,-12.028,0.229,-55.983,-1.532,56.004,1.549,532306.3,532.31,38747.17,13147.17,1.402,4.717,0.510,-8.467,1.560,5.559,13.579,Fuzzy
164,8.2001,6.316,1884.074,-12.105,0.343,-55.783,-1.567,55.806,1.604,531576.9,531.58,38738.45,13138.45,1.400,5.060,1.359,-6.346,2.262,4.265,13.654,Fuzzy
165,8.2501,6.335,1881.290,-12.185,0.451,-55.583,-1.610,55.608,1.672,530845.4,530.85,38729.74,13129.74,1.398,5.305,2.514,-4.614,2.957,3.779,13.733,Fuzzy
166,8.3001,6.361,1878.515,-12.266,0.556,-55.384,-1.659,55.411,1.750,530116.2,530.12,38721.05,13121.05,1.397,5.462,3.952,-3.045,3.575,3.374,13.817,Fuzzy
167,8.3501,6.391,1875.751,-12.351,0.658,-55.185,-1.712,55.216,1.834,529387.1,529.39,38712.36,13112.36,1.395,5.545,5.630,-1.694,4.081,2.828,13.906,Fuzzy
168,8.4001,6.426,1872.997,-12.438,0.754,-54.988,-1.770,55.021,1.924,528657.3,528.66,38703.69,13103.69,1.394,5.575,7.600,-0.610,5.113,2.189,14.000,Fuzzy
169,8.4501,6.466,1870.252,-12.527,0.842,-54.790,-1.768,54.825,1.958,527928.9,527.93,38695.03,13095.03,1.392,5.581,7.549,0.198,-5.395,1.750,14.097,Fuzzy
170,8.5001,6.511,1867.518,-12.614,0.931,-54.594,-1.708,54.628,1.946,527198.8,527.20,38686.38,13086.38,1.390,5.566,5.523,1.109,-4.155,2.382,14.195,Fuzzy
171,8.5501,6.560,1864.793,-12.698,1.028,-54.398,-1.653,54.433,1.947,526472.4,526.47,38677.75,13077.75,1.389,5.505,3.818,2.286,-3.667,2.979,14.292,Fuzzy
172,8.6001,6.613,1862.078,-12.779,1.129,-54.204,-1.603,54.240,1.961,525749.7,525.75,38669.12,13069.12,1.387,5.377,2.360,3.695,-3.060,3.466,14.389,Fuzzy
173,8.6502,6.672,1859.373,-12.858,1.233,-54.011,-1.559,54.047,1.988,525028.6,525.03,38660.51,13060.51,1.386,5.167,1.193,5.279,-2.362,3.814,14.486,Fuzzy
174,8.7002,6.737,1856.677,-12.935,1.339,-53.818,-1.523,53.856,2.028,524307.7,524.31,38651.91,13051.91,1.384,4.869,0.340,7.018,-1.643,4.385,14.584,Fuzzy
175,8.7502,6.806,1853.991,-13.011,1.451,-53.627,-1.494,53.668,2.083,523592.1,523.59,38643.32,13043.32,1.382,4.471,-0.241,9.181,-1.291,5.639,14.684,Fuzzy
176,8.8002,6.882,1851.314,-13.085,1.577,-53.440,-1.465,53.483,2.153,522888.9,522.89,38634.74,13034.74,1.381,3.945,-0.852,12.039,-1.552,7.694,14.784,Fuzzy
177,8.8502,6.965,1848.646,-13.157,1.730,-53.259,-1.432,53.306,2.246,522212.8,522.21,38626.18,13026.17,1.379,3.245,-1.588,16.131,-1.865,11.285,14.887,Fuzzy
178,8.9002,7.056,1845.988,-13.228,1.922,-53.089,-1.397,53.142,2.376,521586.2,521.59,38617.62,13017.62,1.378,2.301,-2.415,22.014,-2.052,16.186,14.992,Fuzzy
179,8.9502,7.158,1843.337,-13.297,2.167,-52.939,-1.363,53.001,2.561,521045.8,521.05,38609.07,13009.07,1.377,1.066,-3.238,30.360,-1.977,23.204,15.101,Fuzzy
180,9.0002,7.270,1840.693,-13.364,2.167,-52.803,-1.337,52.864,2.546,520583.5,520.58,38600.54,13000.54,1.376,0.932,-3.979,30.266,-2.030,-23.833,15.214,Fuzzy
181,9.0502,7.371,1838.057,-13.430,1.917,-52.655,-1.308,52.706,2.321,520072.4,520.07,38592.01,12992.01,1.375,2.081,-4.949,21.656,-2.711,-16.998,15.320,Fuzzy
182,9.1002,7.462,1835.428,-13.495,1.727,-52.487,-1.289,52.532,2.155,519460.7,519.46,38583.48,12983.49,1.374,2.976,-5.657,15.694,3.182,-11.663,15.421,Fuzzy
183,9.1502,7.545,1832.808,-13.561,1.579,-52.310,-1.328,52.350,2.063,518795.3,518.80,38574.98,12974.97,1.372,3.652,-4.329,11.619,3.020,-7.827,15.518,Fuzzy
184,9.2002,7.621,1830.198,-13.628,1.458,-52.127,-1.367,52.165,1.999,518102.0,518.10,38566.48,12966.48,1.371,4.167,-3.095,8.823,2.731,-5.555,15.614,Fuzzy
185,9.2502,7.691,1827.596,-13.697,1.352,-51.943,-1.404,51.979,1.949,517397.2,517.40,38557.99,12957.99,1.369,4.561,-1.988,6.754,2.448,-4.259,15.709,Fuzzy
186,9.3002,7.756,1825.003,-13.768,1.254,-51.758,-1.438,51.793,1.908,516687.5,516.69,38549.51,12949.51,1.368,4.859,-1.020,5.098,2.077,-3.658,15.803,Fuzzy
187,9.3502,7.816,1822.420,-13.841,1.156,-51.574,-1.468,51.608,1.869,515977.7,515.98,38541.05,12941.05,1.366,5.073,-0.233,3.591,1.633,-3.348,15.896,Fuzzy
188,9.4002,7.872,1819.846,-13.915,1.060,-51.390,-1.495,51.423,1.833,515267.5,515.27,38532.59,12932.60,1.364,5.213,0.436,2.251,1.748,-2.912,15.987,Fuzzy
189,9.4502,7.922,1817.281,-13.991,0.970,-51.207,-1.528,51.239,1.810,514557.3,514.56,38524.16,12924.15,1.363,5.288,1.326,1.127,2.366,-2.370,16.078,Fuzzy
190,9.5002,7.969,1814.725,-14.068,0.885,-51.024,-1.567,51.056,1.800,513846.7,513.85,38515.73,12915.72,1.361,5.308,2.471,0.253,2.952,-1.777,16.168,Fuzzy
191,9.5502,8.011,1812.178,-14.147,0.805,-50.842,-1.611,50.873,1.801,513136.2,513.14,38507.30,12907.31,1.360,5.288,3.845,-0.450,3.459,-1.803,16.258,Fuzzy
192,9.6002,8.049,1809.641,-14.229,0.720,-50.661,-1.657,50.693,1.807,512431.4,512.43,38498.90,12898.90,1.358,5.231,5.406,-1.346,3.867,-2.361,16.348,Fuzzy
193,9.6502,8.083,1807.112,-14.313,0.630,-50.482,-1.676,50.514,1.790,511732.7,511.73,38490.51,12890.51,1.356,5.135,6.055,-2.467,-4.133,-2.876,16.438,Fuzzy
194,9.7002,8.112,1804.593,-14.396,0.535,-50.304,-1.629,50.334,1.715,511038.5,511.04,38482.13,12882.12,1.355,4.991,4.435,-3.782,-3.576,-3.299,16.524,Fuzzy
195,9.7502,8.136,1802.082,-14.476,0.438,-50.128,-1.586,50.155,1.646,510346.4,510.35,38473.75,12873.75,1.353,4.783,3.037,-5.247,-3.025,-3.608,16.606,Fuzzy
196,9.8002,8.156,1799.580,-14.554,0.341,-49.951,-1.549,49.977,1.586,509655.2,509.66,38465.39,12865.39,1.352,4.498,1.894,-6.842,-2.405,-4.089,16.684,Fuzzy
197,9.8502,8.170,1797.087,-14.631,0.238,-49.777,-1.517,49.800,1.536,508968.0,508.97,38457.04,12857.04,1.350,4.123,1.025,-8.799,-1.770,-5.206,16.758,Fuzzy
198,9.9002,8.179,1794.602,-14.706,0.123,-49.605,-1.491,49.627,1.497,508290.7,508.29,38448.70,12848.70,1.349,3.633,0.394,-11.378,-1.278,-7.068,16.828,Fuzzy
199,9.9502,8.182,1792.126,-14.780,-0.014,-49.437,-1.471,49.459,1.471,507633.5,507.63,38440.38,12840.38,1.347,2.993,-0.038,-15.003,-0.846,-10.217,16.894,Fuzzy
200,10.0002,8.178,1789.658,-14.853,-0.184,-49.279,-1.453,49.301,1.465,507015.5,507.02,38432.06,12832.06,1.346,2.153,-0.419,-20.187,-0.976,-14.516,16.956,Fuzzy
201,10.0502,8.163,1787.198,-14.925,-0.401,-49.135,-1.435,49.158,1.490,506465.2,506.47,38423.75,12823.75,1.345,1.118,-0.813,-27.485,-0.960,-20.663,17.012,Fuzzy
202,10.1002,8.139,1784.745,-14.997,-0.449,-49.012,-1.418,49.034,1.487,506012.7,506.01,38415.45,12815.45,1.344,1.050,-1.181,-29.166,-1.069,23.675,17.063,Fuzzy
203,10.1502,8.122,1782.297,-15.067,-0.215,-48.876,-1.392,48.896,1.409,505518.5,505.52,38407.16,12807.16,1.343,2.078,-1.729,-21.058,-1.648,16.386,17.117,Fuzzy
204,10.2002,8.116,1779.857,-15.136,-0.036,-48.723,-1.362,48.742,1.362,504931.6,504.93,38398.88,12798.88,1.342,2.911,-2.524,-15.406,-2.193,11.347,17.175,Fuzzy
205,10.2502,8.118,1777.425,-15.203,0.105,-48.561,-1.327,48.579,1.331,504296.7,504.30,38390.61,12790.61,1.340,3.537,-3.543,-11.514,-2.692,7.689,17.235,Fuzzy
206,10.3002,8.126,1775.001,-15.269,0.220,-48.395,-1.289,48.413,1.307,503637.3,503.64,38382.35,12782.35,1.339,4.016,-4.762,-8.814,-3.139,5.515,17.296,Fuzzy
207,10.3502,8.140,1772.586,-15.332,0.321,-48.228,-1.256,48.245,1.297,502968.3,502.97,38374.10,12774.10,1.337,4.396,-5.861,-6.815,3.588,4.214,17.359,Fuzzy
208,10.4002,8.158,1770.178,-15.396,0.416,-48.060,-1.297,48.080,1.362,502296.1,502.30,38365.86,12765.86,1.336,4.702,-4.393,-5.217,3.390,3.607,17.424,Fuzzy
209,10.4502,8.182,1767.780,-15.462,0.511,-47.893,-1.338,47.915,1.432,501625.3,501.63,38357.63,12757.63,1.334,4.937,-3.036,-3.760,3.081,3.333,17.493,Fuzzy
210,10.5002,8.209,1765.389,-15.530,0.603,-47.727,-1.376,47.751,1.502,500954.7,500.95,38349.41,12749.41,1.333,5.101,-1.839,-2.448,2.656,2.939,17.566,Fuzzy
211,10.5502,8.242,1763.007,-15.599,0.691,-47.561,-1.409,47.586,1.570,500282.3,500.28,38341.20,12741.21,1.331,5.199,-0.843,-1.329,2.141,2.441,17.643,Fuzzy
212,10.6002,8.278,1760.633,-15.670,0.774,-47.394,-1.437,47.422,1.633,499607.3,499.61,38333.01,12733.01,1.330,5.242,-0.075,-0.437,1.593,1.881,17.723,Fuzzy
213,10.6502,8.319,1758.267,-15.743,0.852,-47.228,-1.463,47.258,1.693,498930.2,498.93,38324.82,12724.82,1.328,5.243,0.620,0.243,1.901,1.624,17.806,Fuzzy
214,10.7002,8.364,1755.910,-15.817,0.933,-47.063,-1.495,47.095,1.762,498257.8,498.26,38316.65,12716.65,1.327,5.203,1.535,1.040,2.449,2.163,17.892,Fuzzy
215,10.7502,8.412,1753.561,-15.893,1.018,-46.899,-1.532,46.935,1.839,497592.1,497.59,38308.49,12708.49,1.325,5.112,2.663,2.055,2.942,2.675,17.982,Fuzzy
216,10.8002,8.466,1751.220,-15.970,1.108,-46.737,-1.572,46.777,1.923,496932.3,496.93,38300.34,12700.34,1.324,4.963,3.970,3.260,3.340,3.106,18.075,Fuzzy
217,10.8502,8.523,1748.888,-16.050,1.200,-46.577,-1.613,46.620,2.011,496277.0,496.28,38292.20,12692.20,1.322,4.751,5.413,4.615,3.628,3.431,18.173,Fuzzy
218,10.9002,8.586,1746.563,-16.131,1.292,-46.417,-1.604,46.463,2.060,495623.8,495.62,38284.07,12684.07,1.321,4.481,5.114,6.075,-3.491,3.648,18.273,Fuzzy
219,10.9502,8.653,1744.246,-16.210,1.386,-46.258,-1.564,46.306,2.090,494973.1,494.97,38275.95,12675.95,1.319,4.147,3.781,7.746,-2.968,4.503,18.375,Fuzzy
220,11.0002,8.724,1741.937,-16.287,1.488,-46.101,-1.528,46.151,2.133,494329.8,494.33,38267.84,12667.84,1.318,3.724,2.656,9.888,-2.504,5.922,18.477,Fuzzy
221,11.0502,8.802,1739.636,-16.363,1.605,-45.948,-1.495,46.000,2.194,493699.3,493.70,38259.74,12659.74,1.317,3.180,1.736,12.773,-2.004,8.176,18.580,Fuzzy
222,11.1002,8.885,1737.342,-16.437,1.748,-45.800,-1.467,45.857,2.282,493094.7,493.09,38251.65,12651.65,1.315,2.472,1.034,16.868,-1.490,11.708,18.685,Fuzzy
223,11.1502,8.977,1735.056,-16.510,1.926,-45.662,-1.444,45.725,2.408,492534.7,492.53,38243.57,12643.57,1.314,1.562,0.550,22.610,-0.975,16.421,18.792,Fuzzy
224,11.2002,9.079,1732.776,-16.581,2.154,-45.541,-1.427,45.614,2.584,492054.1,492.05,38235.50,12635.50,1.313,0.756,0.276,30.624,-0.514,23.289,18.904,Fuzzy
225,11.2502,9.183,1730.502,-16.652,1.960,-45.427,-1.415,45.491,2.418,491625.2,491.63,38227.44,12627.44,1.312,1.538,0.075,23.712,-0.582,-18.726,19.016,Fuzzy
226,11.3002,9.276,1728.234,-16.723,1.770,-45.293,-1.401,45.350,2.257,491099.7,491.10,38219.38,12619.38,1.311,2.459,-0.199,17.405,-0.849,-13.059,19.123,Fuzzy
227,11.3502,9.360,1725.973,-16.792,1.620,-45.150,-1.382,45.200,2.129,490516.2,490.52,38211.34,12611.34,1.310,3.167,-0.635,12.978,-1.280,-9.025,19.225,Fuzzy
228,11.4002,9.438,1723.719,-16.861,1.500,-45.000,-1.358,45.046,2.023,489901.5,489.90,38203.30,12603.30,1.308,3.706,-1.258,9.924,-1.745,-6.318,19.323,Fuzzy
229,11.4502,9.510,1721.473,-16.928,1.397,-44.849,-1.329,44.891,1.928,489273.3,489.27,38195.28,12595.28,1.307,4.118,-2.074,7.706,-2.225,-4.712,19.417,Fuzzy
230,11.5002,9.578,1719.234,-16.994,1.303,-44.697,-1.296,44.735,1.838,488640.6,488.64,38187.26,12587.26,1.306,4.436,-3.094,6.008,-2.760,-3.707,19.507,Fuzzy
231,11.5502,9.641,1717.003,-17.058,1.213,-44.546,-1.259,44.580,1.748,488008.1,488.01,38179.26,12579.26,1.304,4.679,-4.333,4.554,-3.286,-3.429,19.594,Fuzzy
232,11.6002,9.699,1714.779,-17.120,1.123,-44.396,-1.218,44.427,1.657,487378.6,487.38,38171.26,12571.26,1.303,4.860,-5.769,3.214,-3.746,-3.114,19.676,Fuzzy
233,11.6502,9.753,1712.563,-17.181,1.037,-44.246,-1.260,44.276,1.632,486749.7,486.75,38163.28,12563.28,1.301,4.992,-4.268,2.030,3.513,-2.698,19.757,Fuzzy
234,11.7002,9.803,1710.355,-17.246,0.955,-44.096,-1.301,44.125,1.614,486120.1,486.12,38155.30,12555.30,1.300,5.076,-2.916,1.037,3.113,-2.205,19.837,Fuzzy
235,11.7502,9.849,1708.154,-17.312,0.878,-43.946,-1.338,43.975,1.600,485488.2,485.49,38147.34,12547.34,1.298,5.115,-1.750,0.256,2.624,-1.679,19.917,Fuzzy
236,11.8002,9.891,1705.960,-17.379,0.805,-43.796,-1.371,43.825,1.589,484854.6,484.85,38139.39,12539.39,1.297,5.117,-0.802,-0.372,2.076,-1.665,19.997,Fuzzy
237,11.8502,9.929,1703.774,-17.448,0.727,-43.647,-1.397,43.675,1.575,484224.0,484.22,38131.44,12531.44,1.296,5.080,-0.082,-1.162,1.522,-2.178,20.076,Fuzzy
238,11.9002,9.964,1701.595,-17.519,0.645,-43.499,-1.421,43.527,1.561,483598.3,483.60,38123.51,12523.51,1.294,4.994,0.547,-2.152,1.740,-2.662,20.154,Fuzzy
239,11.9502,9.994,1699.424,-17.591,0.559,-43.353,-1.450,43.381,1.554,482978.0,482.98,38115.59,12515.59,1.293,4.851,1.350,-3.319,2.184,-3.069,20.231,Fuzzy
240,12.0002,10.019,1697.260,-17.664,0.472,-43.208,-1.483,43.236,1.556,482362.2,482.36,38107.68,12507.67,1.291,4.641,2.319,-4.625,2.571,-3.376,20.308,Fuzzy
241,12.0502,10.041,1695.103,-17.739,0.384,-43.064,-1.518,43.092,1.566,481749.7,481.75,38099.77,12499.77,1.290,4.361,3.421,-6.026,2.869,-3.576,20.384,Fuzzy
242,12.1002,10.058,1692.954,-17.816,0.295,-42.921,-1.554,42.950,1.581,481140.3,481.14,38091.88,12491.88,1.289,4.009,4.622,-7.614,3.116,-4.395,20.459,Fuzzy
243,12.1502,10.070,1690.811,-17.894,0.197,-42.779,-1.554,42.808,1.567,480538.8,480.54,38084.00,12484.00,1.287,3.578,4.614,-9.641,-3.101,-5.713,20.533,Fuzzy
244,12.2002,10.077,1688.676,-17.971,0.087,-42.641,-1.521,42.668,1.523,479949.7,479.95,38076.13,12476.12,1.286,3.044,3.459,-12.334,-2.658,-7.754,20.603,Fuzzy
245,12.2502,10.078,1686.547,-18.046,-0.046,-42.508,-1.492,42.534,1.492,479382.7,479.38,38068.26,12468.26,1.285,2.363,2.503,-16.100,-2.162,-11.002,20.670,Fuzzy
246,12.3002,10.072,1684.425,-18.120,-0.211,-42.382,-1.467,42.408,1.482,478853.9,478.85,38060.41,12460.41,1.284,1.498,1.767,-21.347,-1.613,-15.287,20.731,Fuzzy
247,12.3502,10.057,1682.309,-18.193,-0.419,-42.271,-1.449,42.298,1.508,478390.7,478.39,38052.56,12452.56,1.283,0.700,1.268,-28.601,-1.065,-21.473,20.788,Fuzzy
248,12.4002,10.039,1680.198,-18.265,-0.244,-42.165,-1.429,42.190,1.450,477972.0,477.97,38044.72,12444.72,1.282,1.394,0.877,-22.322,-1.066,17.259,20.842,Fuzzy
249,12.4502,10.032,1678.093,-18.336,-0.072,-42.044,-1.408,42.067,1.409,477469.4,477.47,38036.89,12436.89,1.281,2.266,0.459,-16.590,-1.046,12.195,20.901,Fuzzy
250,12.5002,10.032,1675.994,-18.406,0.065,-41.913,-1.387,41.936,1.389,476920.1,476.92,38029.07,12429.07,1.279,2.948,0.074,-12.531,-0.902,8.481,20.962,Fuzzy
251,12.5502,10.038,1673.901,-18.475,0.175,-41.779,-1.367,41.801,1.378,476347.0,476.35,38021.25,12421.25,1.278,3.475,-0.304,-9.691,-1.102,6.063,21.025,Fuzzy
252,12.6002,10.049,1671.816,-18.542,0.270,-41.642,-1.343,41.665,1.370,475765.3,475.77,38013.45,12413.45,1.277,3.884,-0.833,-7.594,-1.522,4.580,21.090,Fuzzy
253,12.6502,10.064,1669.737,-18.609,0.356,-41.505,-1.315,41.527,1.362,475182.0,475.18,38005.66,12405.66,1.276,4.201,-1.537,-5.982,-1.974,3.574,21.156,Fuzzy
254,12.7002,10.084,1667.665,-18.674,0.439,-41.369,-1.282,41.391,1.355,474601.5,474.60,37997.87,12397.87,1.274,4.444,-2.437,-4.607,-2.508,3.321,21.223,Fuzzy
255,12.7502,10.108,1665.600,-18.737,0.522,-41.233,-1.245,41.255,1.350,474026.3,474.03,37990.09,12390.09,1.273,4.621,-3.544,-3.334,-3.016,3.031,21.290,Fuzzy
256,12.8003,10.137,1663.542,-18.798,0.603,-41.098,-1.205,41.120,1.347,473455.5,473.46,37982.33,12382.33,1.272,4.740,-4.837,-2.202,-3.462,2.649,21.357,Fuzzy
257,12.8503,10.169,1661.490,-18.857,0.680,-40.963,-1.163,40.985,1.347,472887.5,472.89,37974.57,12374.57,1.270,4.817,-6.291,-1.242,-3.896,2.200,21.424,Fuzzy
258,12.9003,10.204,1659.446,-18.917,0.754,-40.829,-1.205,40.854,1.421,472321.5,472.32,37966.82,12366.83,1.269,4.868,-4.785,-0.470,3.591,1.721,21.493,Fuzzy
259,12.9503,10.244,1657.407,-18.978,0.823,-40.694,-1.245,40.722,1.492,471756.4,471.76,37959.09,12359.09,1.268,4.892,-3.431,0.117,3.205,1.365,21.566,Fuzzy
260,13.0003,10.287,1655.376,-19.041,0.893,-40.561,-1.283,40.591,1.563,471195.2,471.20,37951.36,12351.36,1.267,4.886,-2.250,0.759,2.746,1.834,21.642,Fuzzy
261,13.0503,10.333,1653.351,-19.106,0.968,-40.428,-1.316,40.461,1.634,470639.5,470.64,37943.64,12343.64,1.265,4.839,-1.269,1.588,2.228,2.306,21.721,Fuzzy
262,13.1003,10.384,1651.333,-19.173,1.046,-40.296,-1.345,40.332,1.704,470089.0,470.09,37935.93,12335.93,1.264,4.741,-0.502,2.593,1.687,2.733,21.804,Fuzzy
263,13.1503,10.438,1649.322,-19.240,1.127,-40.165,-1.367,40.204,1.772,469543.2,469.54,37928.23,12328.23,1.263,4.584,0.053,3.748,1.184,3.082,21.889,Fuzzy
264,13.2003,10.496,1647.317,-19.309,1.210,-40.035,-1.390,40.077,1.842,469001.8,469.00,37920.53,12320.53,1.262,4.362,0.587,5.017,1.489,3.338,21.978,Fuzzy
265,13.2503,10.559,1645.318,-19.379,1.292,-39.905,-1.415,39.951,1.916,468464.6,468.46,37912.85,12312.85,1.261,4.071,1.238,6.370,1.801,3.624,22.069,Fuzzy
266,13.3003,10.626,1643.326,-19.451,1.377,-39.777,-1.443,39.827,1.995,467933.9,467.93,37905.17,12305.17,1.259,3.701,2.021,7.981,2.148,4.575,22.164,Fuzzy
267,13.3503,10.697,1641.341,-19.524,1.471,-39.650,-1.473,39.705,2.082,467412.8,467.41,37897.51,12297.51,1.258,3.233,2.925,10.042,2.441,5.933,22.262,Fuzzy
268,13.4003,10.773,1639.361,-19.598,1.577,-39.526,-1.504,39.586,2.179,466905.3,466.91,37889.85,12289.85,1.257,2.639,3.921,12.772,2.644,8.033,22.364,Fuzzy
269,13.4503,10.855,1637.388,-19.674,1.706,-39.407,-1.534,39.474,2.294,466420.3,466.42,37882.20,12282.20,1.256,1.883,4.958,16.556,2.712,11.232,22.470,Fuzzy
270,13.5003,10.944,1635.421,-19.751,1.863,-39.296,-1.533,39.370,2.413,465970.3,465.97,37874.55,12274.56,1.255,0.925,4.982,21.742,-2.407,15.354,22.580,Fuzzy
271,13.5503,11.041,1633.458,-19.827,1.974,-39.197,-1.509,39.276,2.484,465577.9,465.58,37866.92,12266.92,1.254,0.492,4.203,25.634,-1.909,-20.003,22.694,Fuzzy
272,13.6003,11.135,1631.501,-19.902,1.789,-39.094,-1.484,39.163,2.324,465181.5,465.18,37859.29,12259.29,1.254,1.530,3.413,19.139,-2.170,-14.251,22.805,Fuzzy
273,13.6503,11.221,1629.549,-19.975,1.643,-38.981,-1.456,39.043,2.195,464732.8,464.73,37851.67,12251.67,1.253,2.356,2.570,14.456,-2.147,-10.201,22.911,Fuzzy
274,13.7003,11.300,1627.603,-20.048,1.525,-38.862,-1.427,38.918,2.089,464255.2,464.26,37844.05,12244.05,1.252,2.987,1.769,11.135,-1.956,-7.157,23.013,Fuzzy
275,13.7503,11.374,1625.663,-20.118,1.427,-38.741,-1.400,38.792,1.999,463763.1,463.76,37836.45,12236.45,1.251,3.476,1.061,8.737,-1.674,-5.314,23.111,Fuzzy
276,13.8003,11.443,1623.729,-20.188,1.340,-38.618,-1.375,38.665,1.920,463265.5,463.27,37828.85,12228.85,1.249,3.858,0.474,6.915,-1.353,-4.107,23.205,Fuzzy
277,13.8503,11.508,1621.801,-20.256,1.259,-38.494,-1.353,38.539,1.849,462765.9,462.77,37821.26,12221.26,1.248,4.157,0.013,5.475,-1.036,-3.404,23.297,Fuzzy
278,13.9003,11.569,1619.879,-20.323,1.180,-38.371,-1.332,38.413,1.779,462268.7,462.27,37813.68,12213.68,1.247,4.387,-0.446,4.183,-1.382,-3.173,23.385,Fuzzy
279,13.9503,11.626,1617.964,-20.389,1.101,-38.249,-1.305,38.287,1.707,461775.4,461.78,37806.10,12206.10,1.246,4.552,-1.090,2.997,-1.881,-2.873,23.471,Fuzzy
280,14.0003,11.679,1616.055,-20.453,1.024,-38.127,-1.274,38.162,1.634,461285.1,461.29,37798.54,12198.54,1.245,4.656,-1.930,1.951,-2.385,-2.489,23.553,Fuzzy
281,14.0503,11.728,1614.152,-20.516,0.951,-38.006,-1.238,38.038,1.561,460797.3,460.80,37790.98,12190.98,1.244,4.709,-2.957,1.072,-2.855,-2.044,23.632,Fuzzy
282,14.1003,11.774,1612.255,-20.577,0.882,-37.885,-1.200,37.914,1.489,460311.3,460.31,37783.43,12183.43,1.243,4.720,-4.152,0.374,-3.266,-1.578,23.708,Fuzzy
283,14.1503,11.817,1610.363,-20.636,0.817,-37.764,-1.159,37.790,1.418,459826.8,459.83,37775.89,12175.89,1.242,4.704,-5.490,-0.156,-3.613,-1.316,23.780,Fuzzy
284,14.2003,11.856,1608.478,-20.693,0.751,-37.644,-1.143,37.669,1.368,459346.3,459.35,37768.35,12168.35,1.241,4.675,-6.041,-0.755,3.862,-1.738,23.849,Fuzzy
285,14.2503,11.892,1606.599,-20.751,0.681,-37.525,-1.184,37.549,1.366,458870.4,458.87,37760.83,12160.83,1.240,4.627,-4.633,-1.521,3.431,-2.173,23.917,Fuzzy
286,14.3003,11.924,1604.725,-20.812,0.608,-37.406,-1.223,37.431,1.366,458399.2,458.40,37753.30,12153.31,1.239,4.545,-3.380,-2.448,3.015,-2.580,23.985,Fuzzy
287,14.3503,11.952,1602.858,-20.874,0.532,-37.289,-1.259,37.314,1.367,457932.0,457.93,37745.80,12145.80,1.238,4.413,-2.304,-3.518,2.539,-2.924,24.053,Fuzzy
288,14.4003,11.977,1600.996,-20.937,0.455,-37.171,-1.291,37.197,1.368,457467.3,457.47,37738.29,12138.29,1.237,4.222,-1.426,-4.702,2.023,-3.188,24.121,Fuzzy
289,14.4503,11.998,1599.141,-21.003,0.377,-37.055,-1.318,37.080,1.371,457004.6,457.00,37730.80,12130.80,1.236,3.967,-0.741,-5.977,1.562,-3.431,24.188,Fuzzy
290,14.5003,12.015,1597.291,-21.069,0.298,-36.938,-1.341,36.964,1.374,456545.0,456.55,37723.31,12123.31,1.235,3.642,-0.226,-7.438,1.147,-4.208,24.254,Fuzzy
291,14.5503,12.028,1595.447,-21.137,0.212,-36.823,-1.361,36.849,1.377,456091.6,456.09,37715.83,12115.83,1.234,3.233,0.153,-9.281,0.969,-5.370,24.319,Fuzzy
292,14.6003,12.036,1593.609,-21.205,0.116,-36.711,-1.382,36.737,1.387,455647.7,455.65,37708.36,12108.36,1.233,2.721,0.570,-11.674,1.182,-7.095,24.383,Fuzzy
293,14.6503,12.039,1591.776,-21.275,0.003,-36.601,-1.404,36.628,1.404,455219.8,455.22,37700.89,12100.89,1.232,2.075,1.058,-14.926,1.348,-9.860,24.445,Fuzzy
294,14.7003,12.036,1589.948,-21.346,-0.135,-36.498,-1.427,36.526,1.434,454818.0,454.82,37693.43,12093.43,1.231,1.272,1.581,-19.396,1.400,-13.460,24.505,Fuzzy
295,14.7503,12.025,1588.126,-21.418,-0.308,-36.405,-1.449,36.435,1.482,454457.1,454.46,37685.98,12085.98,1.230,0.600,2.080,-25.464,1.330,-18.553,24.562,Fuzzy
296,14.8003,12.014,1586.308,-21.490,-0.131,-36.312,-1.468,36.342,1.474,454113.8,454.11,37678.53,12078.53,1.230,1.246,2.643,-19.153,1.767,14.095,24.621,Fuzzy
297,14.8503,12.011,1584.495,-21.564,0.009,-36.211,-1.492,36.241,1.492,453725.7,453.73,37671.09,12071.09,1.229,2.004,3.413,-14.590,2.283,10.170,24.684,Fuzzy
298,14.9003,12.015,1582.687,-21.640,0.121,-36.104,-1.519,36.136,1.524,453313.0,453.31,37663.66,12063.65,1.228,2.615,4.371,-11.323,2.735,7.205,24.751,Fuzzy
299,14.9503,12.023,1580.884,-21.716,0.215,-35.994,-1.518,36.027,1.533,452887.7,452.89,37656.23,12056.23,1.227,3.112,4.344,-8.948,-2.908,5.381,24.822,Fuzzy
300,15.0003,12.036,1579.087,-21.791,0.298,-35.883,-1.486,35.915,1.515,452457.5,452.46,37648.80,12048.80,1.226,3.517,3.268,-7.133,-2.671,4.180,24.894,Fuzzy
301,15.0503,12.053,1577.296,-21.865,0.374,-35.772,-1.455,35.804,1.502,452025.7,452.03,37641.39,12041.39,1.225,3.845,2.301,-5.700,-2.364,3.396,24.967,Fuzzy
302,15.1003,12.073,1575.510,-21.937,0.449,-35.661,-1.426,35.693,1.495,451594.7,451.59,37633.98,12033.99,1.224,4.104,1.465,-4.438,-2.005,3.140,25.040,Fuzzy
303,15.1503,12.098,1573.730,-22.007,0.523,-35.551,-1.401,35.582,1.495,451165.2,451.17,37626.59,12026.58,1.223,4.299,0.772,-3.288,-1.648,2.849,25.113,Fuzzy
304,15.2003,12.126,1571.955,-22.077,0.596,-35.440,-1.378,35.472,1.502,450737.0,450.74,37619.19,12019.19,1.222,4.437,0.210,-2.258,-1.309,2.517,25.187,Fuzzy
305,15.2503,12.157,1570.186,-22.145,0.666,-35.330,-1.358,35.362,1.513,450309.8,450.31,37611.81,12011.81,1.221,4.523,-0.255,-1.371,-1.307,2.123,25.263,Fuzzy
306,15.3003,12.192,1568.422,-22.212,0.732,-35.219,-1.335,35.252,1.523,449883.5,449.88,37604.43,12004.43,1.221,4.567,-0.845,-0.645,-1.742,1.697,25.339,Fuzzy
307,15.3503,12.230,1566.664,-22.279,0.794,-35.109,-1.308,35.143,1.531,449458.5,449.46,37597.05,11997.06,1.220,4.576,-1.603,-0.085,-2.187,1.278,25.415,Fuzzy
308,15.4003,12.271,1564.911,-22.343,0.855,-35.000,-1.277,35.034,1.537,449035.8,449.04,37589.69,11989.69,1.219,4.557,-2.525,0.408,-2.612,1.442,25.491,Fuzzy
309,15.4503,12.316,1563.164,-22.406,0.919,-34.891,-1.244,34.926,1.546,448617.6,448.62,37582.34,11982.33,1.218,4.509,-3.597,1.040,-2.991,1.844,25.568,Fuzzy
310,15.5003,12.363,1561.422,-22.468,0.986,-34.784,-1.208,34.819,1.559,448204.2,448.20,37574.98,11974.98,1.217,4.430,-4.797,1.824,-3.308,2.240,25.645,Fuzzy
311,15.5503,12.414,1559.685,-22.528,1.056,-34.677,-1.215,34.714,1.610,447794.9,447.79,37567.64,11967.64,1.216,4.319,-4.536,2.749,3.251,2.599,25.722,Fuzzy
312,15.6003,12.469,1557.954,-22.589,1.129,-34.571,-1.249,34.612,1.684,447388.8,447.39,37560.30,11960.30,1.215,4.168,-3.377,3.796,2.835,2.904,25.802,Fuzzy
313,15.6503,12.527,1556.228,-22.653,1.203,-34.465,-1.280,34.510,1.757,446985.0,446.99,37552.97,11952.97,1.214,3.965,-2.377,4.955,2.425,3.197,25.886,Fuzzy
314,15.7003,12.589,1554.508,-22.717,1.277,-34.360,-1.308,34.409,1.828,446583.0,446.58,37545.65,11945.65,1.213,3.702,-1.542,6.211,1.990,3.462,25.972,Fuzzy
315,15.7503,12.655,1552.792,-22.783,1.354,-34.255,-1.332,34.308,1.899,446183.7,446.18,37538.33,11938.33,1.213,3.370,-0.875,7.681,1.555,4.309,26.062,Fuzzy
316,15.8003,12.725,1551.082,-22.850,1.437,-34.152,-1.352,34.209,1.973,445789.4,445.79,37531.02,11931.02,1.212,2.955,-0.371,9.531,1.146,5.483,26.155,Fuzzy
317,15.8503,12.799,1549.377,-22.918,1.530,-34.050,-1.368,34.112,2.052,445402.9,445.40,37523.71,11923.71,1.211,2.439,-0.015,11.926,0.781,7.222,26.250,Fuzzy
318,15.9003,12.878,1547.677,-22.987,1.640,-33.952,-1.382,34.020,2.145,445030.3,445.03,37516.41,11916.41,1.210,1.799,0.272,15.168,0.795,9.961,26.349,Fuzzy
319,15.9503,12.963,1545.982,-23.057,1.774,-33.859,-1.396,33.934,2.257,444680.6,444.68,37509.12,11909.12,1.209,1.048,0.568,19.585,0.787,13.504,26.451,Fuzzy
320,16.0003,13.056,1544.291,-23.127,1.868,-33.775,-1.410,33.856,2.340,444368.4,444.37,37501.84,11901.83,1.209,0.763,0.847,22.881,0.808,-17.429,26.558,Fuzzy
321,16.0503,13.145,1542.604,-23.198,1.711,-33.689,-1.428,33.763,2.228,444054.4,444.05,37494.55,11894.55,1.208,1.474,1.223,17.382,1.238,-12.538,26.663,Fuzzy
322,16.1003,13.227,1540.922,-23.270,1.585,-33.595,-1.451,33.664,2.149,443707.1,443.71,37487.27,11887.27,1.208,2.160,1.777,13.378,1.703,-9.046,26.766,Fuzzy
323,16.1503,13.304,1539.245,-23.343,1.484,-33.498,-1.476,33.563,2.093,443341.3,443.34,37480.00,11880.00,1.207,2.711,2.505,10.508,2.150,-6.514,26.868,Fuzzy
324,16.2003,13.376,1537.573,-23.417,1.396,-33.398,-1.506,33.461,2.053,442967.3,442.97,37472.74,11872.74,1.206,3.152,3.396,8.373,2.573,-4.959,26.968,Fuzzy
325,16.2503,13.444,1535.905,-23.494,1.318,-33.298,-1.537,33.360,2.025,442590.1,442.59,37465.48,11865.48,1.205,3.511,4.440,6.716,2.962,-3.902,27.068,Fuzzy
326,16.3003,13.508,1534.243,-23.571,1.244,-33.198,-1.543,33.257,1.983,442212.5,442.21,37458.23,11858.23,1.204,3.811,4.649,5.380,-3.139,-3.321,27.167,Fuzzy
327,16.3503,13.568,1532.585,-23.647,1.171,-33.098,-1.511,33.153,1.911,441836.6,441.84,37450.98,11850.98,1.204,4.058,3.514,4.170,-2.855,-3.059,27.263,Fuzzy
328,16.4003,13.625,1530.933,-23.722,1.099,-32.998,-1.480,33.050,1.843,441461.9,441.46,37443.74,11843.74,1.203,4.250,2.500,3.074,-2.526,-2.750,27.356,Fuzzy
329,16.4502,13.678,1529.286,-23.795,1.028,-32.899,-1.450,32.947,1.778,441087.9,441.09,37436.51,11836.51,1.202,4.388,1.613,2.098,-2.185,-2.422,27.446,Fuzzy
330,16.5002,13.728,1527.643,-23.867,0.960,-32.799,-1.424,32.844,1.718,440714.3,440.71,37429.28,11829.28,1.201,4.477,0.867,1.260,-1.798,-2.038,27.533,Fuzzy
331,16.5502,13.774,1526.006,-23.938,0.896,-32.699,-1.402,32.742,1.663,440340.2,440.34,37422.06,11822.06,1.200,4.524,0.272,0.576,-1.401,-1.627,27.618,Fuzzy
332,16.6002,13.817,1524.373,-24.007,0.835,-32.600,-1.382,32.639,1.615,439965.9,439.97,37414.84,11814.84,1.200,4.537,-0.198,0.047,-1.272,-1.227,27.700,Fuzzy
333,16.6502,13.858,1522.746,-24.076,0.776,-32.500,-1.361,32.538,1.566,439592.9,439.59,37407.63,11807.63,1.199,4.523,-0.756,-0.436,-1.667,-1.447,27.779,Fuzzy
334,16.7002,13.895,1521.123,-24.143,0.713,-32.402,-1.335,32.437,1.514,439224.2,439.22,37400.43,11800.43,1.198,4.477,-1.463,-1.059,-2.070,-1.840,27.856,Fuzzy
335,16.7502,13.929,1519.506,-24.209,0.646,-32.304,-1.307,32.337,1.458,438859.5,438.86,37393.23,11793.23,1.197,4.393,-2.316,-1.827,-2.449,-2.223,27.930,Fuzzy
336,16.8002,13.959,1517.893,-24.274,0.577,-32.207,-1.276,32.238,1.400,438498.5,438.50,37386.04,11786.04,1.197,4.263,-3.297,-2.727,-2.775,-2.565,28.002,Fuzzy
337,16.8502,13.987,1516.285,-24.337,0.507,-32.111,-1.244,32.139,1.343,438140.8,438.14,37378.85,11778.85,1.196,4.088,-4.388,-3.745,-3.064,-2.876,28.070,Fuzzy
338,16.9002,14.010,1514.682,-24.399,0.435,-32.016,-1.237,32.042,1.311,437785.5,437.79,37371.68,11771.68,1.195,3.867,-4.608,-4.872,3.148,-3.160,28.135,Fuzzy
339,16.9502,14.030,1513.083,-24.461,0.364,-31.920,-1.270,31.948,1.321,437432.0,437.43,37364.50,11764.50,1.194,3.600,-3.498,-6.091,2.775,-3.387,28.199,Fuzzy
340,17.0002,14.046,1511.490,-24.526,0.290,-31.826,-1.300,31.854,1.332,437080.4,437.08,37357.33,11757.33,1.194,3.275,-2.537,-7.495,2.368,-4.171,28.263,Fuzzy
341,17.0501,14.059,1509.901,-24.591,0.211,-31.732,-1.327,31.760,1.344,436733.0,436.73,37350.17,11750.17,1.193,2.875,-1.737,-9.248,1.937,-5.261,28.326,Fuzzy
342,17.1001,14.067,1508.316,-24.658,0.123,-31.640,-1.350,31.669,1.356,436391.8,436.39,37343.01,11743.01,1.192,2.380,-1.103,-11.494,1.500,-6.845,28.389,Fuzzy
343,17.1501,14.071,1506.737,-24.726,0.021,-31.550,-1.370,31.580,1.370,436061.0,436.06,37335.86,11735.86,1.192,1.769,-0.634,-14.493,1.073,-9.354,28.450,Fuzzy
344,17.2001,14.069,1505.161,-24.795,-0.104,-31.465,-1.386,31.496,1.390,435748.6,435.75,37328.71,11728.71,1.191,1.051,-0.322,-18.566,0.664,-12.606,28.509,Fuzzy
345,17.2501,14.061,1503.590,-24.865,-0.191,-31.388,-1.398,31.420,1.411,435465.3,435.47,37321.58,11721.58,1.190,0.707,-0.147,-21.592,0.390,16.077,28.565,Fuzzy
346,17.3001,14.055,1502.023,-24.935,-0.048,-31.308,-1.408,31.340,1.408,435178.4,435.18,37314.44,11714.44,1.190,1.347,0.009,-16.556,0.472,11.675,28.623,Fuzzy
347,17.3501,14.055,1500.459,-25.006,0.067,-31.222,-1.419,31.254,1.421,434865.3,434.87,37307.31,11707.31,1.189,2.003,0.245,-12.870,0.793,8.437,28.685,Fuzzy
348,17.4001,14.061,1498.901,-25.077,0.161,-31.132,-1.435,31.166,1.444,434553.2,434.55,37300.18,11700.18,1.189,2.539,0.610,-10.202,1.154,6.193,28.750,Fuzzy
349,17.4501,14.071,1497.346,-25.149,0.242,-31.041,-1.454,31.076,1.474,434244.8,434.24,37293.06,11693.06,1.188,2.970,1.115,-8.186,1.545,4.770,28.818,Fuzzy
350,17.5001,14.085,1495.796,-25.222,0.316,-30.950,-1.477,30.987,1.510,433933.8,433.93,37285.94,11685.94,1.187,3.315,1.769,-6.608,1.953,3.782,28.889,Fuzzy
351,17.5501,14.103,1494.251,-25.297,0.386,-30.858,-1.503,30.897,1.551,433621.9,433.62,37278.83,11678.83,1.187,3.592,2.574,-5.322,2.360,3.261,28.962,Fuzzy
352,17.6001,14.124,1492.710,-25.373,0.455,-30.767,-1.531,30.808,1.598,433311.4,433.31,37271.73,11671.72,1.186,3.810,3.523,-4.150,2.746,3.008,29.039,Fuzzy
353,17.6500,14.148,1491.174,-25.450,0.523,-30.676,-1.562,30.720,1.647,433002.2,433.00,37264.63,11664.63,1.185,3.979,4.608,-3.087,3.100,2.700,29.118,Fuzzy
354,17.7000,14.176,1489.643,-25.528,0.589,-30.585,-1.536,30.630,1.645,432693.3,432.69,37257.53,11657.53,1.185,4.110,3.697,-2.150,-2.924,2.346,29.200,Fuzzy
355,17.7500,14.207,1488.116,-25.604,0.652,-30.495,-1.505,30.539,1.640,432384.2,432.38,37250.44,11650.44,1.184,4.203,2.674,-1.354,-2.579,1.962,29.281,Fuzzy
356,17.8000,14.241,1486.593,-25.678,0.712,-30.404,-1.477,30.448,1.639,432074.4,432.07,37243.35,11643.35,1.184,4.261,1.786,-0.700,-2.214,1.589,29.363,Fuzzy
357,17.8500,14.278,1485.075,-25.751,0.769,-30.313,-1.451,30.357,1.642,431763.9,431.76,37236.27,11636.27,1.183,4.289,1.041,-0.185,-1.820,1.224,29.445,Fuzzy
358,17.9000,14.318,1483.562,-25.823,0.823,-30.222,-1.429,30.266,1.649,431452.7,431.45,37229.20,11629.20,1.182,4.291,0.446,0.232,-1.425,1.193,29.527,Fuzzy
359,17.9500,14.360,1482.053,-25.894,0.879,-30.131,-1.411,30.177,1.662,431143.1,431.14,37222.13,11622.13,1.182,4.267,-0.007,0.744,-1.058,1.546,29.610,Fuzzy
360,18.0000,14.406,1480.549,-25.964,0.939,-30.041,-1.393,30.088,1.680,430835.9,430.84,37215.06,11615.06,1.181,4.211,-0.441,1.389,-1.315,1.910,29.693,Fuzzy
361,18.0500,14.454,1479.049,-26.034,1.002,-29.952,-1.372,30.000,1.699,430531.4,430.53,37208.00,11608.00,1.180,4.117,-0.996,2.167,-1.664,2.279,29.777,Fuzzy
362,18.1000,14.506,1477.554,-26.102,1.067,-29.863,-1.348,29.912,1.719,430229.7,430.23,37200.95,11600.94,1.180,3.978,-1.682,3.076,-2.026,2.627,29.862,Fuzzy
363,18.1500,14.561,1476.063,-26.168,1.134,-29.775,-1.321,29.826,1.740,429930.3,429.93,37193.89,11593.89,1.179,3.787,-2.497,4.103,-2.370,2.933,29.947,Fuzzy
364,18.2000,14.619,1474.576,-26.234,1.201,-29.688,-1.292,29.740,1.764,429632.8,429.63,37186.85,11586.85,1.179,3.543,-3.429,5.229,-2.675,3.185,30.032,Fuzzy
365,18.2499,14.681,1473.094,-26.297,1.268,-29.601,-1.262,29.655,1.789,429336.5,429.34,37179.80,11579.81,1.178,3.245,-4.460,6.442,-2.927,3.511,30.118,Fuzzy
366,18.2999,14.746,1471.616,-26.361,1.339,-29.514,-1.290,29.573,1.859,429042.5,429.04,37172.77,11572.77,1.177,2.894,-3.427,7.880,2.607,4.332,30.205,Fuzzy
367,18.3499,14.815,1470.143,-26.426,1.415,-29.429,-1.316,29.492,1.933,428752.0,428.75,37165.74,11565.74,1.177,2.473,-2.545,9.674,2.196,5.458,30.296,Fuzzy
368,18.3999,14.888,1468.673,-26.493,1.501,-29.345,-1.339,29.414,2.011,428466.8,428.47,37158.71,11558.71,1.176,1.960,-1.822,11.972,1.761,7.100,30.389,Fuzzy
369,18.4499,14.965,1467.208,-26.560,1.601,-29.263,-1.358,29.339,2.099,428191.1,428.19,37151.69,11551.69,1.176,1.343,-1.266,15.037,1.311,9.637,30.486,Fuzzy
370,18.4999,15.048,1465.747,-26.628,1.723,-29.186,-1.373,29.269,2.203,427931.8,427.93,37144.67,11544.67,1.175,0.713,-0.878,19.160,0.874,12.917,30.586,Fuzzy
371,18.5499,15.136,1464.289,-26.697,1.694,-29.114,-1.387,29.196,2.189,427693.2,427.69,37137.66,11537.66,1.175,0.906,-0.604,18.100,0.747,-12.863,30.689,Fuzzy
372,18.5999,15.217,1462.836,-26.767,1.575,-29.037,-1.402,29.113,2.109,427436.8,427.44,37130.65,11530.65,1.174,1.570,-0.324,14.076,0.779,-9.447,30.790,Fuzzy
373,18.6499,15.293,1461.386,-26.838,1.479,-28.956,-1.417,29.028,2.048,427163.5,427.16,37123.64,11523.65,1.174,2.149,-0.048,11.140,0.723,-6.851,30.889,Fuzzy
374,18.6999,15.365,1459.940,-26.909,1.397,-28.873,-1.433,28.942,2.001,426881.4,426.88,37116.64,11516.64,1.173,2.621,0.240,8.950,0.919,-5.227,30.987,Fuzzy
375,18.7499,15.433,1458.499,-26.981,1.324,-28.788,-1.451,28.855,1.964,426595.7,426.60,37109.65,11509.65,1.173,3.003,0.646,7.246,1.267,-4.123,31.083,Fuzzy
376,18.7999,15.498,1457.061,-27.054,1.257,-28.704,-1.473,28.769,1.936,426308.6,426.31,37102.66,11502.66,1.172,3.311,1.185,5.886,1.647,-3.323,31.179,Fuzzy
377,18.8498,15.559,1455.628,-27.128,1.191,-28.620,-1.498,28.684,1.914,426022.1,426.02,37095.67,11495.67,1.172,3.556,1.866,4.698,2.043,-3.103,31.273,Fuzzy
378,18.8998,15.617,1454.199,-27.204,1.126,-28.537,-1.525,28.599,1.896,425737.0,425.74,37088.69,11488.69,1.171,3.743,2.690,3.603,2.434,-2.830,31.368,Fuzzy
379,18.9498,15.672,1452.775,-27.281,1.062,-28.453,-1.556,28.515,1.884,425453.0,425.45,37081.71,11481.71,1.170,3.881,3.651,2.623,2.802,-2.507,31.462,Fuzzy
380,18.9998,15.723,1451.354,-27.359,1.000,-28.370,-1.588,28.432,1.876,425169.5,425.17,37074.74,11474.74,1.170,3.980,4.737,1.771,3.136,-2.147,31.556,Fuzzy
381,19.0498,15.772,1449.937,-27.439,0.940,-28.287,-1.581,28.347,1.840,424885.9,424.89,37067.77,11467.77,1.169,4.053,4.490,1.057,-3.145,-1.769,31.649,Fuzzy
382,19.0998,15.817,1448.525,-27.517,0.884,-28.204,-1.549,28.260,1.783,424602.2,424.60,37060.81,11460.81,1.169,4.103,3.393,0.483,-2.825,-1.398,31.739,Fuzzy
383,19.1498,15.860,1447.117,-27.594,0.830,-28.120,-1.518,28.174,1.731,424317.8,424.32,37053.85,11453.85,1.168,4.131,2.423,0.041,-2.465,-1.058,31.827,Fuzzy
384,19.1998,15.900,1445.713,-27.669,0.778,-28.037,-1.491,28.088,1.681,424033.5,424.03,37046.90,11446.90,1.168,4.136,1.593,-0.364,-2.079,-1.245,31.912,Fuzzy
385,19.2498,15.938,1444.313,-27.743,0.723,-27.954,-1.466,28.002,1.634,423750.7,423.75,37039.95,11439.95,1.167,4.114,0.909,-0.889,-1.685,-1.597,31.995,Fuzzy
386,19.2998,15.973,1442.918,-27.816,0.665,-27.872,-1.444,27.917,1.590,423469.5,423.47,37033.00,11433.00,1.167,4.058,0.368,-1.545,-1.307,-1.967,32.076,Fuzzy
387,19.3498,16.004,1441.526,-27.888,0.604,-27.790,-1.426,27.833,1.549,423189.9,423.19,37026.06,11426.06,1.166,3.963,-0.041,-2.333,-0.977,-2.328,32.154,Fuzzy
388,19.3998,16.033,1440.139,-27.958,0.540,-27.709,-1.408,27.750,1.508,422912.2,422.91,37019.13,11419.13,1.165,3.822,-0.455,-3.246,-1.271,-2.661,32.229,Fuzzy
389,19.4497,16.058,1438.756,-28.028,0.475,-27.628,-1.388,27.667,1.467,422636.6,422.64,37012.20,11412.20,1.165,3.628,-0.981,-4.269,-1.587,-2.950,32.303,Fuzzy
390,19.4997,16.080,1437.376,-28.097,0.410,-27.548,-1.364,27.585,1.424,422362.6,422.36,37005.27,11405.27,1.164,3.376,-1.620,-5.385,-1.901,-3.186,32.373,Fuzzy
391,19.5497,16.099,1436.001,-28.165,0.345,-27.468,-1.338,27.503,1.382,422089.8,422.09,36998.35,11398.35,1.164,3.061,-2.368,-6.588,-2.187,-3.556,32.441,Fuzzy
392,19.5997,16.115,1434.629,-28.231,0.277,-27.389,-1.311,27.422,1.340,421819.4,421.82,36991.43,11391.43,1.163,2.676,-3.207,-8.024,-2.423,-4.371,32.507,Fuzzy
393,19.6497,16.127,1433.262,-28.296,0.203,-27.311,-1.284,27.341,1.300,421552.5,421.55,36984.52,11384.52,1.163,2.210,-4.114,-9.807,-2.586,-5.477,32.569,Fuzzy
394,19.6997,16.135,1431.898,-28.360,0.121,-27.234,-1.268,27.263,1.274,421290.6,421.29,36977.61,11377.61,1.162,1.652,-4.676,-12.074,2.608,-7.071,32.628,Fuzzy
395,19.7497,16.139,1430.538,-28.424,0.026,-27.159,-1.294,27.190,1.294,421037.2,421.04,36970.71,11370.71,1.162,1.002,-3.817,-15.069,2.141,-9.487,32.686,Fuzzy
396,19.7997,16.137,1429.182,-28.489,-0.089,-27.089,-1.316,27.121,1.319,420797.7,420.80,36963.80,11363.80,1.161,0.438,-3.143,-19.056,1.657,-12.618,32.742,Fuzzy
397,19.8497,16.134,1427.829,-28.555,-0.014,-27.021,-1.336,27.054,1.336,420571.7,420.57,36956.91,11356.91,1.161,0.981,-2.556,-16.353,1.678,11.248,32.798,Fuzzy
398,19.8997,16.136,1426.480,-28.622,0.092,-26.949,-1.358,26.983,1.361,420329.5,420.33,36950.02,11350.02,1.161,1.663,-1.941,-12.857,1.691,8.258,32.857,Fuzzy
399,19.9497,16.143,1425.135,-28.691,0.179,-26.874,-1.380,26.910,1.391,420075.3,420.08,36943.13,11343.13,1.160,2.221,-1.348,-10.287,1.570,6.147,32.920,Fuzzy
400,19.9997,16.154,1423.793,-28.760,0.255,-26.797,-1.401,26.835,1.424,419814.9,419.81,36936.24,11336.24,1.160,2.672,-0.815,-8.324,1.371,4.780,32.986,Fuzzy
401,20.0496,16.168,1422.455,-28.831,0.324,-26.720,-1.421,26.760,1.457,419551.8,419.55,36929.36,11329.36,1.159,3.036,-0.362,-6.773,1.139,3.817,33.055,Fuzzy
402,20.0996,16.186,1421.121,-28.902,0.389,-26.643,-1.438,26.685,1.490,419287.0,419.29,36922.49,11322.49,1.158,3.330,0.004,-5.511,0.904,3.244,33.126,Fuzzy
403,20.1496,16.207,1419.791,-28.975,0.453,-26.566,-1.456,26.609,1.525,419022.7,419.02,36915.61,11315.61,1.158,3.564,0.376,-4.366,1.174,3.016,33.199,Fuzzy
404,20.1996,16.231,1418.464,-29.048,0.516,-26.489,-1.477,26.535,1.564,418759.5,418.76,36908.75,11308.75,1.157,3.741,0.871,-3.318,1.532,2.734,33.275,Fuzzy
405,20.2496,16.258,1417.142,-29.123,0.578,-26.412,-1.501,26.461,1.608,418497.3,418.50,36901.88,11301.88,1.157,3.866,1.500,-2.385,1.912,2.405,33.354,Fuzzy
406,20.2996,16.289,1415.823,-29.198,0.638,-26.336,-1.528,26.388,1.656,418235.5,418.24,36895.03,11295.03,1.156,3.944,2.265,-1.580,2.293,2.043,33.435,Fuzzy
407,20.3496,16.322,1414.508,-29.275,0.695,-26.259,-1.558,26.315,1.706,417974.1,417.97,36888.17,11288.17,1.156,3.983,3.163,-0.912,2.656,1.668,33.518,Fuzzy
408,20.3996,16.358,1413.197,-29.354,0.749,-26.183,-1.589,26.242,1.757,417712.6,417.71,36881.32,11281.32,1.155,3.994,4.184,-0.379,2.988,1.307,33.604,Fuzzy
409,20.4496,16.397,1411.890,-29.434,0.800,-26.107,-1.622,26.169,1.809,417451.1,417.45,36874.48,11274.48,1.155,3.989,5.316,0.028,3.283,0.982,33.693,Fuzzy
410,20.4996,16.438,1410.586,-29.515,0.850,-26.031,-1.602,26.094,1.813,417190.5,417.19,36867.63,11267.63,1.154,3.979,4.600,0.439,-3.162,1.281,33.784,Fuzzy
411,20.5496,16.482,1409.287,-29.594,0.903,-25.955,-1.569,26.018,1.810,416931.4,416.93,36860.80,11260.80,1.154,3.957,3.511,0.968,-2.839,1.627,33.875,Fuzzy
412,20.5996,16.529,1407.991,-29.672,0.959,-25.880,-1.538,25.944,1.812,416673.9,416.67,36853.96,11253.96,1.153,3.908,2.548,1.625,-2.481,1.988,33.965,Fuzzy
413,20.6495,16.578,1406.699,-29.748,1.018,-25.806,-1.509,25.870,1.820,416418.0,416.42,36847.14,11247.14,1.153,3.822,1.722,2.410,-2.097,2.340,34.056,Fuzzy
414,20.6995,16.631,1405.410,-29.823,1.079,-25.731,-1.483,25.797,1.834,416163.2,416.16,36840.31,11240.31,1.152,3.691,1.040,3.315,-1.704,2.663,34.147,Fuzzy
415,20.7495,16.686,1404.126,-29.897,1.141,-25.657,-1.461,25.724,1.854,415909.3,415.91,36833.49,11233.49,1.152,3.509,0.500,4.325,-1.324,2.943,34.238,Fuzzy
416,20.7995,16.745,1402.845,-29.969,1.204,-25.583,-1.442,25.652,1.878,415656.0,415.66,36826.68,11226.68,1.151,3.271,0.091,5.424,-0.980,3.171,34.330,Fuzzy
417,20.8495,16.806,1401.567,-30.041,1.266,-25.510,-1.425,25.581,1.906,415403.0,415.40,36819.86,11219.86,1.151,2.976,-0.244,6.609,-0.996,3.547,34.423,Fuzzy
418,20.8995,16.871,1400.294,-30.112,1.331,-25.437,-1.406,25.510,1.936,415152.4,415.15,36813.05,11213.06,1.150,2.614,-0.644,8.025,-1.209,4.352,34.516,Fuzzy
419,20.9495,16.940,1399.024,-30.181,1.402,-25.365,-1.385,25.441,1.971,414904.9,414.90,36806.25,11206.25,1.150,2.172,-1.115,9.780,-1.399,5.442,34.610,Fuzzy
420,20.9995,17.012,1397.757,-30.250,1.481,-25.294,-1.364,25.374,2.013,414662.4,414.66,36799.45,11199.45,1.150,1.632,-1.642,12.004,-1.531,7.000,34.706,Fuzzy
421,21.0495,17.088,1396.494,-30.318,1.573,-25.226,-1.342,25.310,2.068,414427.7,414.43,36792.66,11192.66,1.149,0.979,-2.193,14.930,-1.556,9.351,34.802,Fuzzy
422,21.0995,17.169,1395.235,-30.384,1.684,-25.161,-1.322,25.252,2.141,414205.8,414.21,36785.86,11185.86,1.149,0.373,-2.719,18.802,-1.457,12.350,34.900,Fuzzy
423,21.1495,17.251,1393.978,-30.450,1.571,-25.096,-1.305,25.179,2.042,413988.4,413.99,36779.08,11179.08,1.148,0.859,-3.286,14.790,-1.826,-9.686,34.997,Fuzzy
424,21.1995,17.327,1392.725,-30.515,1.479,-25.029,-1.284,25.105,1.959,413757.4,413.76,36772.29,11172.29,1.148,1.484,-4.022,11.808,-2.294,-7.155,35.091,Fuzzy
425,21.2494,17.399,1391.475,-30.579,1.402,-24.959,-1.303,25.032,1.914,413518.9,413.52,36765.51,11165.51,1.147,2.016,-3.338,9.566,2.322,-5.489,35.183,Fuzzy
426,21.2994,17.467,1390.229,-30.645,1.333,-24.888,-1.328,24.959,1.882,413276.7,413.28,36758.73,11158.73,1.147,2.456,-2.528,7.812,2.163,-4.351,35.274,Fuzzy
427,21.3494,17.532,1388.987,-30.712,1.270,-24.817,-1.352,24.887,1.855,413032.8,413.03,36751.96,11151.96,1.146,2.818,-1.791,6.404,1.933,-3.523,35.364,Fuzzy
428,21.3994,17.594,1387.747,-30.780,1.210,-24.746,-1.374,24.814,1.831,412787.9,412.79,36745.19,11145.19,1.146,3.112,-1.147,5.225,1.659,-3.131,35.454,Fuzzy
429,21.4494,17.653,1386.512,-30.850,1.149,-24.675,-1.394,24.741,1.807,412543.7,412.54,36738.42,11138.42,1.146,3.347,-0.608,4.133,1.366,-2.907,35.543,Fuzzy
430,21.4994,17.709,1385.280,-30.920,1.089,-24.605,-1.412,24.669,1.783,412299.8,412.30,36731.66,11131.67,1.145,3.526,-0.174,3.135,1.079,-2.630,35.632,Fuzzy
431,21.5494,17.762,1384.052,-30.991,1.031,-24.534,-1.427,24.597,1.761,412055.8,412.06,36724.91,11124.91,1.145,3.657,0.182,2.247,1.045,-2.309,35.720,Fuzzy
432,21.5994,17.812,1382.827,-31.063,0.974,-24.463,-1.445,24.525,1.743,411812.0,411.81,36718.16,11118.15,1.144,3.744,0.619,1.483,1.370,-1.959,35.807,Fuzzy
433,21.6494,17.860,1381.605,-31.135,0.921,-24.392,-1.465,24.454,1.731,411568.4,411.57,36711.41,11111.41,1.144,3.793,1.178,0.849,1.725,-1.599,35.894,Fuzzy
434,21.6994,17.904,1380.387,-31.209,0.870,-24.322,-1.489,24.383,1.725,411324.9,411.32,36704.66,11104.66,1.143,3.813,1.865,0.344,2.089,-1.254,35.980,Fuzzy
435,21.7494,17.947,1379.173,-31.284,0.823,-24.251,-1.515,24.313,1.724,411081.7,411.08,36697.92,11097.92,1.143,3.809,2.679,-0.044,2.445,-0.960,36.066,Fuzzy
436,21.7994,17.987,1377.962,-31.361,0.775,-24.181,-1.543,24.243,1.727,410839.4,410.84,36691.18,11091.18,1.142,3.788,3.615,-0.445,2.777,-1.260,36.153,Fuzzy
437,21.8493,18.024,1376.755,-31.439,0.725,-24.112,-1.561,24.173,1.721,410599.2,410.60,36684.45,11084.45,1.142,3.752,4.224,-0.959,-3.017,-1.593,36.239,Fuzzy
438,21.8993,18.059,1375.551,-31.516,0.671,-24.043,-1.532,24.101,1.672,410360.8,410.36,36677.72,11077.72,1.141,3.696,3.200,-1.594,-2.688,-1.940,36.323,Fuzzy
439,21.9493,18.091,1374.351,-31.592,0.614,-23.974,-1.504,24.029,1.625,410123.7,410.12,36670.99,11070.99,1.141,3.609,2.303,-2.351,-2.327,-2.279,36.405,Fuzzy
440,21.9993,18.120,1373.154,-31.666,0.556,-23.906,-1.480,23.958,1.581,409887.8,409.89,36664.27,11064.27,1.140,3.481,1.541,-3.222,-1.947,-2.593,36.484,Fuzzy
441,22.0493,18.147,1371.960,-31.740,0.496,-23.838,-1.458,23.888,1.540,409652.8,409.65,36657.55,11057.56,1.140,3.306,0.918,-4.196,-1.566,-2.866,36.561,Fuzzy
442,22.0993,18.170,1370.770,-31.812,0.436,-23.770,-1.440,23.817,1.504,409418.1,409.42,36650.84,11050.84,1.140,3.077,0.429,-5.255,-1.204,-3.089,36.636,Fuzzy
443,22.1493,18.190,1369.583,-31.884,0.376,-23.702,-1.425,23.748,1.474,409183.6,409.18,36644.13,11044.13,1.139,2.792,0.064,-6.387,-0.879,-3.368,36.708,Fuzzy
444,22.1993,18.208,1368.400,-31.955,0.315,-23.635,-1.411,23.679,1.446,408950.3,408.95,36637.42,11037.42,1.139,2.446,-0.235,-7.712,-0.899,-4.100,36.778,Fuzzy
445,22.2493,18.222,1367.220,-32.025,0.249,-23.568,-1.396,23.611,1.418,408719.8,408.72,36630.73,11030.72,1.138,2.026,-0.585,-9.338,-1.050,-5.072,36.846,Fuzzy
446,22.2993,18.232,1366.043,-32.094,0.176,-23.503,-1.381,23.544,1.392,408492.9,408.49,36624.02,11024.03,1.138,1.520,-0.979,-11.374,-1.160,-6.427,36.912,Fuzzy
447,22.3493,18.239,1364.870,-32.163,0.092,-23.439,-1.365,23.479,1.368,408272.0,408.27,36617.33,11017.33,1.137,0.918,-1.395,-14.003,-1.185,-8.460,36.975,Fuzzy
448,22.3992,18.241,1363.699,-32.231,-0.008,-23.378,-1.351,23.417,1.351,408061.2,408.06,36610.64,11010.64,1.137,0.399,-1.796,-17.481,-1.127,-11.193,37.035,Fuzzy
449,22.4492,18.243,1362.532,-32.298,0.093,-23.318,-1.334,23.356,1.337,407853.8,407.85,36603.95,11003.95,1.137,0.834,-2.241,-13.872,-1.464,8.797,37.094,Fuzzy
450,22.4992,18.250,1361.368,-32.364,0.175,-23.255,-1.314,23.292,1.326,407636.2,407.64,36597.27,10997.27,1.136,1.406,-2.840,-11.187,-1.906,6.556,37.155,Fuzzy
451,22.5492,18.261,1360.206,-32.429,0.246,-23.190,-1.292,23.227,1.315,407413.3,407.41,36590.59,10990.59,1.136,1.897,-3.589,-9.133,-2.313,5.109,37.217,Fuzzy
452,22.5992,18.275,1359.049,-32.494,0.311,-23.125,-1.306,23.164,1.342,407188.0,407.19,36583.91,10983.91,1.135,2.313,-3.074,-7.506,2.324,4.095,37.280,Fuzzy
453,22.6492,18.292,1357.894,-32.560,0.370,-23.060,-1.329,23.101,1.379,406961.4,406.96,36577.23,10977.24,1.135,2.662,-2.281,-6.188,2.115,3.344,37.346,Fuzzy
454,22.6992,18.312,1356.743,-32.627,0.428,-22.994,-1.350,23.038,1.417,406734.4,406.73,36570.57,10970.57,1.135,2.949,-1.575,-5.058,1.856,3.053,37.414,Fuzzy
455,22.7492,18.335,1355.594,-32.695,0.486,-22.929,-1.370,22.975,1.454,406508.0,406.51,36563.90,10963.90,1.134,3.179,-0.968,-4.004,1.567,2.833,37.485,Fuzzy
456,22.7992,18.360,1354.450,-32.764,0.543,-22.864,-1.388,22.913,1.490,406281.8,406.28,36557.24,10957.24,1.134,3.355,-0.468,-3.041,1.271,2.562,37.558,Fuzzy
457,22.8492,18.389,1353.308,-32.834,0.599,-22.799,-1.403,22.850,1.525,406055.7,406.06,36550.58,10950.58,1.133,3.484,-0.071,-2.184,0.991,2.250,37.632,Fuzzy
458,22.8992,18.420,1352.170,-32.904,0.653,-22.734,-1.416,22.787,1.560,405829.2,405.83,36543.92,10943.92,1.133,3.571,0.282,-1.447,1.109,1.910,37.709,Fuzzy
459,22.9492,18.454,1351.035,-32.975,0.704,-22.669,-1.433,22.725,1.596,405602.9,405.60,36537.27,10937.27,1.132,3.622,0.737,-0.834,1.431,1.562,37.788,Fuzzy
460,22.9991,18.490,1349.903,-33.048,0.752,-22.604,-1.452,22.663,1.636,405376.6,405.38,36530.62,10930.62,1.132,3.643,1.310,-0.344,1.777,1.229,37.869,Fuzzy
461,23.0491,18.529,1348.774,-33.121,0.798,-22.539,-1.474,22.601,1.676,405150.5,405.15,36523.98,10923.98,1.132,3.641,2.006,0.033,2.129,0.930,37.951,Fuzzy
462,23.0991,18.570,1347.649,-33.195,0.844,-22.474,-1.499,22.540,1.720,404925.4,404.93,36517.34,10917.34,1.131,3.620,2.823,0.416,2.469,1.216,38.036,Fuzzy
463,23.1491,18.614,1346.527,-33.271,0.892,-22.410,-1.525,22.480,1.767,404702.2,404.70,36510.70,10910.70,1.131,3.580,3.753,0.907,2.784,1.535,38.124,Fuzzy
464,23.1991,18.659,1345.408,-33.346,0.942,-22.347,-1.503,22.417,1.774,404480.3,404.48,36504.07,10904.07,1.130,3.521,2.980,1.514,-2.577,1.870,38.212,Fuzzy
465,23.2491,18.708,1344.292,-33.421,0.995,-22.284,-1.478,22.355,1.782,404259.8,404.26,36497.44,10897.44,1.130,3.433,2.131,2.237,-2.220,2.200,38.301,Fuzzy
466,23.2991,18.759,1343.179,-33.494,1.050,-22.221,-1.455,22.293,1.794,404040.3,404.04,36490.82,10890.82,1.130,3.307,1.413,3.070,-1.849,2.506,38.390,Fuzzy
467,23.3491,18.813,1342.070,-33.567,1.107,-22.158,-1.435,22.232,1.812,403821.6,403.82,36484.20,10884.20,1.129,3.135,0.829,4.003,-1.480,2.774,38.479,Fuzzy
468,23.3991,18.870,1340.964,-33.638,1.163,-22.096,-1.418,22.171,1.834,403603.1,403.60,36477.57,10877.57,1.129,2.913,0.372,5.019,-1.133,2.995,38.569,Fuzzy
469,23.4491,18.929,1339.860,-33.708,1.220,-22.033,-1.403,22.111,1.859,403385.2,403.39,36470.96,10870.96,1.128,2.637,0.032,6.101,-0.825,3.164,38.660,Fuzzy
470,23.4991,18.992,1338.760,-33.778,1.277,-21.971,-1.391,22.052,1.888,403167.7,403.17,36464.35,10864.35,1.128,2.304,-0.258,7.326,-0.887,3.813,38.751,Fuzzy
471,23.5491,19.057,1337.663,-33.847,1.338,-21.909,-1.377,21.993,1.919,402952.5,402.95,36457.74,10857.74,1.128,1.901,-0.599,8.814,-1.030,4.662,38.843,Fuzzy
472,23.5990,19.126,1336.569,-33.916,1.404,-21.849,-1.362,21.936,1.956,402740.0,402.74,36451.14,10851.14,1.127,1.416,-0.981,10.651,-1.131,5.810,38.937,Fuzzy
473,23.6490,19.198,1335.478,-33.984,1.478,-21.789,-1.347,21.881,1.999,402531.8,402.53,36444.54,10844.54,1.127,0.831,-1.382,12.974,-1.146,7.447,39.031,Fuzzy
474,23.6990,19.274,1334.390,-34.051,1.565,-21.732,-1.333,21.829,2.056,402330.4,402.33,36437.94,10837.94,1.126,0.227,-1.760,15.997,-1.037,9.756,39.127,Fuzzy
475,23.7490,19.350,1333.305,-34.117,1.492,-21.676,-1.320,21.767,1.992,402133.7,402.13,36431.35,10831.35,1.126,0.706,-2.168,13.393,-1.379,-8.215,39.222,Fuzzy
476,23.7990,19.423,1332.223,-34.182,1.415,-21.617,-1.305,21.703,1.925,401929.5,401.93,36424.76,10824.76,1.126,1.292,-2.733,10.884,-1.827,-6.233,39.315,Fuzzy
477,23.8490,19.492,1331.143,-34.248,1.348,-21.558,-1.324,21.640,1.889,401721.4,401.72,36418.17,10818.17,1.125,1.785,-2.082,8.935,1.794,-4.914,39.407,Fuzzy
478,23.8990,19.558,1330.067,-34.315,1.287,-21.498,-1.342,21.578,1.860,401511.0,401.51,36411.59,10811.59,1.125,2.193,-1.477,7.378,1.631,-3.967,39.497,Fuzzy
479,23.9490,19.621,1328.994,-34.382,1.231,-21.437,-1.359,21.516,1.834,401299.4,401.30,36405.00,10805.00,1.125,2.530,-0.940,6.108,1.418,-3.255,39.587,Fuzzy
480,23.9990,19.681,1327.923,-34.451,1.176,-21.377,-1.375,21.453,1.809,401087.6,401.09,36398.43,10798.43,1.124,2.807,-0.484,5.008,1.183,-3.005,39.676,Fuzzy
481,24.0490,19.738,1326.856,-34.520,1.120,-21.317,-1.389,21.391,1.784,400876.4,400.88,36391.86,10791.85,1.124,3.029,-0.112,3.979,0.950,-2.792,39.765,Fuzzy
482,24.0990,19.793,1325.792,-34.590,1.065,-21.257,-1.401,21.330,1.760,400665.5,400.67,36385.28,10785.28,1.123,3.201,0.210,3.038,1.000,-2.529,39.852,Fuzzy
483,24.1490,19.845,1324.730,-34.660,1.011,-21.197,-1.415,21.268,1.740,400455.2,400.46,36378.72,10778.72,1.123,3.327,0.620,2.199,1.309,-2.226,39.939,Fuzzy
484,24.1989,19.894,1323.672,-34.731,0.960,-21.137,-1.433,21.207,1.725,400245.0,400.25,36372.16,10772.15,1.123,3.413,1.143,1.474,1.646,-1.897,40.025,Fuzzy
485,24.2489,19.941,1322.617,-34.803,0.911,-21.077,-1.453,21.147,1.715,400034.9,400.03,36365.59,10765.59,1.122,3.465,1.786,0.870,1.994,-1.559,40.111,Fuzzy
486,24.2989,19.985,1321.564,-34.876,0.864,-21.018,-1.475,21.087,1.710,399824.9,399.82,36359.04,10759.04,1.122,3.491,2.550,0.383,2.338,-1.235,40.197,Fuzzy
487,24.3489,20.027,1320.515,-34.951,0.821,-20.958,-1.485,21.027,1.697,399615.0,399.62,36352.48,10752.49,1.121,3.500,2.881,0.007,-2.535,-0.942,40.282,Fuzzy
488,24.3989,20.067,1319.468,-35.024,0.777,-20.899,-1.461,20.964,1.655,399405.5,399.41,36345.93,10745.93,1.121,3.495,2.050,-0.354,-2.193,-1.153,40.366,Fuzzy
489,24.4489,20.105,1318.425,-35.097,0.731,-20.840,-1.440,20.902,1.615,399197.1,399.20,36339.39,10739.39,1.121,3.471,1.344,-0.817,-1.838,-1.461,40.448,Fuzzy
490,24.4989,20.140,1317.384,-35.168,0.682,-20.781,-1.422,20.841,1.577,398989.5,398.99,36332.85,10732.85,1.120,3.420,0.764,-1.390,-1.485,-1.787,40.527,Fuzzy
491,24.5489,20.173,1316.347,-35.239,0.631,-20.722,-1.407,20.780,1.542,398783.2,398.78,36326.30,10726.31,1.120,3.335,0.306,-2.077,-1.154,-2.110,40.605,Fuzzy
492,24.5989,20.203,1315.312,-35.309,0.578,-20.664,-1.394,20.719,1.509,398577.8,398.58,36319.77,10719.77,1.120,3.212,-0.042,-2.872,-0.878,-2.414,40.681,Fuzzy
493,24.6489,20.231,1314.280,-35.379,0.523,-20.606,-1.381,20.659,1.477,398373.4,398.37,36313.24,10713.24,1.119,3.043,-0.394,-3.765,-1.114,-2.683,40.755,Fuzzy
494,24.6989,20.256,1313.251,-35.447,0.468,-20.549,-1.367,20.599,1.445,398170.1,398.17,36306.71,10706.71,1.119,2.827,-0.831,-4.741,-1.364,-2.906,40.827,Fuzzy
495,24.7489,20.278,1312.225,-35.515,0.414,-20.491,-1.350,20.540,1.412,397967.4,397.97,36300.18,10700.18,1.118,2.557,-1.354,-5.784,-1.609,-3.079,40.896,Fuzzy
496,24.7988,20.297,1311.202,-35.582,0.359,-20.434,-1.332,20.481,1.379,397765.5,397.77,36293.66,10693.66,1.118,2.230,-1.958,-6.919,-1.829,-3.539,40.964,Fuzzy
497,24.8488,20.314,1310.182,-35.648,0.302,-20.378,-1.312,20.422,1.347,397564.9,397.56,36287.14,10687.14,1.118,1.841,-2.627,-8.279,-2.000,-4.282,41.030,Fuzzy
498,24.8988,20.327,1309.165,-35.714,0.240,-20.322,-1.316,20.366,1.338,397366.6,397.37,36280.63,10680.63,1.117,1.383,-2.494,-9.937,1.857,-5.261,41.093,Fuzzy
499,24.9488,20.338,1308.150,-35.780,0.173,-20.267,-1.333,20.311,1.345,397171.0,397.17,36274.11,10674.11,1.117,0.848,-1.923,-11.999,1.432,-6.611,41.156,Fuzzy
500,24.9988,20.344,1307.138,-35.847,0.095,-20.213,-1.347,20.258,1.351,396980.0,396.98,36267.60,10667.60,1.117,0.302,-1.506,-14.639,0.998,-8.615,41.218,Fuzzy
501,25.0488,20.349,1306.129,-35.915,0.130,-20.161,-1.359,20.207,1.365,396795.3,396.80,36261.10,10661.10,1.116,0.653,-1.180,-13.384,0.962,8.166,41.279,Fuzzy
502,25.0988,20.358,1305.122,-35.983,0.205,-20.107,-1.370,20.155,1.386,396605.1,396.61,36254.59,10654.59,1.116,1.224,-0.833,-10.907,0.997,6.213,41.343,Fuzzy
503,25.1488,20.369,1304.118,-36.052,0.271,-20.053,-1.382,20.102,1.409,396410.7,396.41,36248.09,10648.09,1.116,1.706,-0.494,-8.977,0.935,4.910,41.408,Fuzzy
504,25.1988,20.385,1303.117,-36.121,0.330,-19.997,-1.394,20.049,1.432,396214.3,396.21,36241.60,10641.60,1.115,2.105,-0.188,-7.432,0.822,3.971,41.476,Fuzzy
505,25.2488,20.402,1302.118,-36.191,0.385,-19.942,-1.404,19.995,1.456,396016.9,396.02,36235.10,10635.10,1.115,2.435,0.078,-6.170,0.768,3.264,41.546,Fuzzy
506,25.2988,20.423,1301.122,-36.262,0.439,-19.886,-1.417,19.941,1.483,395819.4,395.82,36228.61,10628.61,1.115,2.708,0.399,-5.082,1.052,2.996,41.617,Fuzzy
507,25.3488,20.446,1300.130,-36.333,0.493,-19.831,-1.431,19.889,1.514,395623.0,395.62,36222.13,10622.13,1.114,2.927,0.826,-4.063,1.371,2.792,41.691,Fuzzy
508,25.3987,20.472,1299.139,-36.405,0.547,-19.776,-1.449,19.837,1.549,395427.1,395.43,36215.64,10615.64,1.114,3.096,1.367,-3.127,1.714,2.539,41.766,Fuzzy
509,25.4487,20.501,1298.152,-36.478,0.599,-19.721,-1.469,19.785,1.587,395231.9,395.23,36209.16,10609.16,1.113,3.221,2.029,-2.290,2.063,2.245,41.844,Fuzzy
510,25.4987,20.532,1297.167,-36.552,0.650,-19.666,-1.492,19.734,1.627,395037.0,395.04,36202.68,10602.68,1.113,3.308,2.809,-1.563,2.405,1.925,41.924,Fuzzy
511,25.5487,20.566,1296.185,-36.627,0.698,-19.612,-1.496,19.681,1.651,394842.1,394.84,36196.21,10596.21,1.113,3.367,2.969,-0.953,-2.540,1.594,42.006,Fuzzy
512,25.5987,20.602,1295.206,-36.701,0.744,-19.557,-1.472,19.626,1.649,394646.8,394.65,36189.73,10589.73,1.112,3.405,2.139,-0.457,-2.216,1.274,42.088,Fuzzy
513,25.6487,20.640,1294.230,-36.774,0.786,-19.502,-1.450,19.572,1.649,394450.9,394.45,36183.27,10583.27,1.112,3.422,1.428,-0.070,-1.874,0.982,42.170,Fuzzy
514,25.6987,20.681,1293.256,-36.846,0.828,-19.447,-1.431,19.517,1.653,394255.0,394.26,36176.80,10576.80,1.112,3.421,0.838,0.271,-1.531,1.082,42.253,Fuzzy
515,25.7487,20.723,1292.285,-36.917,0.872,-19.393,-1.414,19.464,1.661,394059.8,394.06,36170.34,10570.34,1.111,3.398,0.366,0.703,-1.206,1.377,42.336,Fuzzy
516,25.7987,20.768,1291.317,-36.987,0.918,-19.338,-1.400,19.411,1.675,393865.7,393.87,36163.88,10563.88,1.111,3.350,0.002,1.241,-0.916,1.693,42.419,Fuzzy
517,25.8487,20.815,1290.351,-37.057,0.967,-19.284,-1.387,19.358,1.691,393672.7,393.67,36157.43,10557.43,1.111,3.270,-0.346,1.889,-1.114,2.012,42.503,Fuzzy
518,25.8987,20.865,1289.388,-37.126,1.018,-19.231,-1.371,19.307,1.708,393481.2,393.48,36150.98,10550.97,1.110,3.153,-0.785,2.643,-1.391,2.315,42.587,Fuzzy
519,25.9487,20.917,1288.428,-37.194,1.070,-19.178,-1.353,19.255,1.725,393290.9,393.29,36144.53,10544.53,1.110,2.993,-1.321,3.496,-1.676,2.587,42.672,Fuzzy
520,25.9986,20.972,1287.470,-37.261,1.123,-19.125,-1.333,19.204,1.743,393101.6,393.10,36138.08,10538.08,1.110,2.788,-1.953,4.432,-1.950,2.818,42.758,Fuzzy
521,26.0486,21.029,1286.516,-37.328,1.175,-19.072,-1.312,19.154,1.761,392912.9,392.91,36131.64,10531.64,1.109,2.534,-2.674,5.437,-2.195,2.999,42.844,Fuzzy
522,26.0986,21.089,1285.563,-37.393,1.227,-19.020,-1.307,19.104,1.793,392724.8,392.72,36125.20,10525.20,1.109,2.235,-2.823,6.505,2.233,3.290,42.930,Fuzzy
523,26.1486,21.152,1284.614,-37.459,1.282,-18.968,-1.327,19.057,1.845,392537.4,392.54,36118.77,10518.76,1.109,1.886,-2.113,7.755,1.861,3.954,43.018,Fuzzy
524,26.1986,21.217,1283.666,-37.525,1.340,-18.916,-1.344,19.011,1.898,392351.4,392.35,36112.33,10512.33,1.108,1.478,-1.536,9.267,1.480,4.817,43.108,Fuzzy
525,26.2486,21.286,1282.722,-37.593,1.402,-18.865,-1.359,18.966,1.953,392167.6,392.17,36105.90,10505.90,1.108,1.004,-1.094,11.128,1.100,5.985,43.201,Fuzzy
526,26.2986,21.358,1281.780,-37.661,1.474,-18.815,-1.370,18.922,2.012,391987.2,391.99,36099.47,10499.47,1.108,0.521,-0.782,13.480,0.738,7.698,43.296,Fuzzy
527,26.3486,21.432,1280.840,-37.730,1.472,-18.767,-1.380,18.875,2.018,391812.9,391.81,36093.05,10493.05,1.107,0.596,-0.564,13.405,0.608,-8.153,43.392,Fuzzy
528,26.3986,21.504,1279.903,-37.799,1.400,-18.718,-1.391,18.821,1.973,391634.9,391.63,36086.62,10486.62,1.107,1.099,-0.343,10.956,0.653,-6.187,43.488,Fuzzy
529,26.4486,21.572,1278.969,-37.869,1.337,-18.667,-1.402,18.767,1.937,391453.1,391.45,36080.21,10480.21,1.107,1.563,-0.119,9.047,0.635,-4.900,43.583,Fuzzy
530,26.4986,21.638,1278.036,-37.939,1.280,-18.616,-1.413,18.714,1.906,391269.4,391.27,36073.79,10473.79,1.106,1.956,0.099,7.514,0.685,-3.974,43.676,Fuzzy
531,26.5486,21.701,1277.107,-38.010,1.227,-18.565,-1.426,18.660,1.881,391084.9,391.08,36067.38,10467.37,1.106,2.285,0.387,6.260,0.960,-3.274,43.769,Fuzzy
532,26.5985,21.761,1276.180,-38.082,1.176,-18.514,-1.441,18.607,1.860,390900.5,390.90,36060.97,10460.97,1.106,2.557,0.776,5.185,1.269,-2.980,43.861,Fuzzy
533,26.6485,21.818,1275.256,-38.155,1.124,-18.463,-1.459,18.555,1.842,390717.0,390.72,36054.56,10454.56,1.105,2.778,1.277,4.177,1.604,-2.788,43.952,Fuzzy
534,26.6985,21.873,1274.334,-38.228,1.072,-18.413,-1.480,18.503,1.828,390534.3,390.53,36048.16,10448.15,1.105,2.950,1.895,3.247,1.949,-2.547,44.043,Fuzzy
535,26.7485,21.925,1273.414,-38.303,1.021,-18.362,-1.503,18.452,1.817,390352.0,390.35,36041.75,10441.75,1.105,3.078,2.629,2.411,2.289,-2.267,44.134,Fuzzy
536,26.7985,21.975,1272.498,-38.378,0.972,-18.312,-1.528,18.401,1.811,390170.1,390.17,36035.36,10435.36,1.105,3.173,3.478,1.680,2.613,-1.958,44.224,Fuzzy
537,26.8485,22.023,1271.583,-38.455,0.925,-18.262,-1.523,18.348,1.782,389988.2,389.99,36028.96,10428.96,1.104,3.242,3.282,1.061,-2.623,-1.637,44.315,Fuzzy
538,26.8985,22.068,1270.671,-38.530,0.880,-18.211,-1.498,18.294,1.738,389806.0,389.81,36022.57,10422.57,1.104,3.290,2.426,0.553,-2.315,-1.322,44.402,Fuzzy
539,26.9485,22.111,1269.762,-38.605,0.838,-18.161,-1.475,18.240,1.697,389623.4,389.62,36016.18,10416.18,1.104,3.316,1.682,0.151,-1.985,-1.030,44.488,Fuzzy
540,26.9985,22.152,1268.855,-38.678,0.798,-18.110,-1.455,18.186,1.659,389440.3,389.44,36009.80,10409.80,1.103,3.323,1.057,-0.177,-1.648,-0.997,44.572,Fuzzy
541,27.0485,22.190,1267.951,-38.750,0.756,-18.060,-1.437,18.133,1.624,389257.7,389.26,36003.41,10403.41,1.103,3.309,0.547,-0.573,-1.321,-1.278,44.654,Fuzzy
542,27.0985,22.227,1267.049,-38.822,0.711,-18.010,-1.422,18.080,1.590,389076.1,389.08,35997.03,10397.03,1.103,3.270,0.148,-1.071,-1.021,-1.583,44.734,Fuzzy
543,27.1485,22.261,1266.150,-38.893,0.665,-17.960,-1.409,18.028,1.557,388976.1,388.98,35990.66,10390.66,1.103,3.201,-0.175,-1.675,-0.978,-1.896,44.813,Fuzzy
544,27.1984,22.293,1265.253,-38.963,0.616,-17.911,-1.394,17.975,1.524,388910.9,388.91,35984.28,10384.28,1.103,3.096,-0.561,-2.384,-1.236,-2.199,44.890,Fuzzy
545,27.2484,22.323,1264.359,-39.032,0.565,-17.861,-1.377,17.923,1.488,388845.7,388.85,35977.90,10377.90,1.103,2.951,-1.038,-3.191,-1.509,-2.476,44.964,Fuzzy
546,27.2984,22.350,1263.467,-39.100,0.513,-17.812,-1.358,17.871,1.452,388780.2,388.78,35971.52,10371.53,1.103,2.759,-1.608,-4.085,-1.780,-2.714,45.037,Fuzzy
547,27.3484,22.374,1262.578,-39.168,0.462,-17.763,-1.337,17.819,1.415,388714.3,388.71,35965.15,10365.15,1.103,2.518,-2.267,-5.051,-2.029,-2.906,45.108,Fuzzy
548,27.3984,22.396,1261.691,-39.234,0.411,-17.714,-1.315,17.768,1.378,388648.3,388.65,35958.78,10358.78,1.103,2.227,-3.003,-6.071,-2.240,-3.045,45.176,Fuzzy
549,27.4484,22.415,1260.806,-39.299,0.360,-17.665,-1.302,17.717,1.351,388581.9,388.58,35952.41,10352.41,1.103,1.889,-3.472,-7.210,2.350,-3.612,45.242,Fuzzy
550,27.4984,22.432,1259.924,-39.365,0.306,-17.616,-1.324,17.669,1.359,388515.5,388.52,35946.04,10346.04,1.103,1.503,-2.724,-8.574,1.979,-4.352,45.308,Fuzzy
551,27.5484,22.446,1259.045,-39.432,0.249,-17.568,-1.343,17.621,1.366,388448.9,388.45,35939.68,10339.67,1.103,1.062,-2.110,-10.234,1.589,-5.329,45.373,Fuzzy
552,27.5984,22.457,1258.168,-39.499,0.185,-17.520,-1.360,17.574,1.372,388382.7,388.38,35933.31,10333.31,1.103,0.598,-1.635,-12.293,1.196,-6.700,45.437,Fuzzy
553,27.6484,22.465,1257.293,-39.567,0.157,-17.473,-1.373,17.528,1.382,388317.4,388.32,35926.94,10326.94,1.103,0.510,-1.277,-13.225,0.958,7.913,45.500,Fuzzy
554,27.6984,22.474,1256.421,-39.636,0.226,-17.426,-1.386,17.483,1.405,388251.3,388.25,35920.57,10320.57,1.103,0.960,-0.944,-10.856,0.967,6.022,45.565,Fuzzy
555,27.7484,22.487,1255.551,-39.706,0.286,-17.378,-1.399,17.436,1.428,388183.6,388.18,35914.21,10314.21,1.103,1.412,-0.614,-8.999,0.929,4.796,45.632,Fuzzy
556,27.7983,22.503,1254.683,-39.776,0.340,-17.329,-1.412,17.389,1.453,388114.9,388.11,35907.84,10307.84,1.103,1.801,-0.309,-7.500,0.837,3.906,45.701,Fuzzy
557,27.8483,22.521,1253.818,-39.847,0.391,-17.279,-1.425,17.342,1.477,388045.5,388.05,35901.48,10301.48,1.103,2.128,-0.042,-6.268,0.718,3.229,45.771,Fuzzy
558,27.8983,22.542,1252.955,-39.919,0.440,-17.230,-1.437,17.295,1.503,387975.7,387.98,35895.12,10295.12,1.103,2.401,0.221,-5.210,0.868,2.941,45.844,Fuzzy
559,27.9483,22.565,1252.095,-39.991,0.490,-17.180,-1.451,17.249,1.532,387905.5,387.91,35888.76,10288.76,1.103,2.623,0.573,-4.216,1.154,2.759,45.918,Fuzzy
560,27.9983,22.591,1251.237,-40.064,0.540,-17.131,-1.468,17.202,1.564,387835.1,387.84,35882.41,10282.41,1.103,2.797,1.030,-3.297,1.470,2.528,45.994,Fuzzy
561,28.0483,22.619,1250.382,-40.138,0.589,-17.082,-1.488,17.157,1.600,387764.5,387.76,35876.05,10276.05,1.103,2.925,1.597,-2.467,1.801,2.256,46.072,Fuzzy
562,28.0983,22.650,1249.529,-40.213,0.637,-17.033,-1.510,17.111,1.638,387693.5,387.69,35869.69,10269.69,1.103,3.014,2.279,-1.739,2.134,1.955,46.153,Fuzzy
563,28.1483,22.683,1248.678,-40.289,0.682,-16.983,-1.534,17.066,1.678,387622.0,387.62,35863.33,10263.33,1.103,3.070,3.072,-1.120,2.454,1.640,46.235,Fuzzy
564,28.1983,22.718,1247.830,-40.366,0.725,-16.934,-1.559,17.021,1.719,387549.9,387.55,35856.98,10256.98,1.103,3.104,3.970,-0.611,2.753,1.330,46.320,Fuzzy
565,28.2483,22.755,1246.985,-40.444,0.765,-16.884,-1.538,16.971,1.718,387477.4,387.48,35850.62,10250.62,1.103,3.126,3.219,-0.206,-2.578,1.043,46.406,Fuzzy
566,28.2983,22.795,1246.142,-40.520,0.803,-16.834,-1.513,16.921,1.713,387404.4,387.40,35844.27,10244.27,1.103,3.136,2.380,0.114,-2.266,0.921,46.491,Fuzzy
567,28.3483,22.836,1245.302,-40.595,0.842,-16.785,-1.489,16.872,1.711,387330.9,387.33,35837.93,10237.92,1.103,3.131,1.655,0.481,-1.937,1.187,46.577,Fuzzy
568,28.3982,22.879,1244.464,-40.669,0.884,-16.735,-1.468,16.822,1.714,387257.2,387.26,35831.58,10231.58,1.103,3.104,1.046,0.945,-1.603,1.480,46.663,Fuzzy
569,28.4482,22.924,1243.628,-40.742,0.928,-16.685,-1.450,16.774,1.722,387183.3,387.18,35825.23,10225.23,1.102,3.048,0.552,1.512,-1.280,1.785,46.748,Fuzzy
570,28.4982,22.972,1242.795,-40.814,0.974,-16.636,-1.434,16.726,1.734,387109.2,387.11,35818.88,10218.88,1.102,2.958,0.166,2.182,-0.984,2.085,46.835,Fuzzy
571,28.5482,23.022,1241.965,-40.885,1.022,-16.586,-1.421,16.678,1.750,387034.8,387.03,35812.54,10212.53,1.102,2.830,-0.138,2.951,-0.892,2.363,46.921,Fuzzy
572,28.5982,23.074,1241.137,-40.956,1.071,-16.537,-1.406,16.631,1.767,386960.2,386.96,35806.19,10206.19,1.102,2.659,-0.486,3.808,-1.111,2.608,47.009,Fuzzy
573,28.6482,23.129,1240.311,-41.026,1.120,-16.488,-1.389,16.584,1.784,386885.3,386.89,35799.84,10199.84,1.102,2.441,-0.912,4.739,-1.337,2.808,47.096,Fuzzy
574,28.6982,23.186,1239.488,-41.095,1.168,-16.439,-1.371,16.537,1.801,386810.2,386.81,35793.50,10193.50,1.102,2.170,-1.412,5.728,-1.553,2.957,47.184,Fuzzy
575,28.7482,23.245,1238.667,-41.163,1.216,-16.390,-1.352,16.490,1.818,386734.7,386.73,35787.16,10187.16,1.102,1.845,-1.981,6.791,-1.739,3.338,47.273,Fuzzy
576,28.7982,23.307,1237.849,-41.230,1.266,-16.341,-1.332,16.444,1.837,386659.2,386.66,35780.83,10180.83,1.102,1.459,-2.603,8.046,-1.873,3.985,47.362,Fuzzy
577,28.8482,23.372,1237.033,-41.296,1.319,-16.292,-1.312,16.398,1.860,386583.5,386.58,35774.49,10174.49,1.102,1.006,-3.256,9.552,-1.929,4.808,47.451,Fuzzy
578,28.8982,23.439,1236.220,-41.362,1.377,-16.244,-1.318,16.355,1.906,386508.1,386.51,35768.15,10168.15,1.102,0.496,-3.015,11.385,1.664,5.895,47.542,Fuzzy
579,28.9481,23.510,1235.409,-41.428,1.415,-16.197,-1.333,16.313,1.944,386433.0,386.43,35761.81,10161.81,1.102,0.301,-2.510,12.664,1.349,-7.190,47.634,Fuzzy
580,28.9981,23.579,1234.600,-41.495,1.352,-16.149,-1.349,16.262,1.910,386357.6,386.36,35755.48,10155.47,1.102,0.808,-2.029,10.478,1.413,-5.617,47.726,Fuzzy
581,29.0481,23.645,1233.794,-41.563,1.296,-16.101,-1.367,16.210,1.884,386281.0,386.28,35749.14,10149.14,1.102,1.276,-1.540,8.732,1.386,-4.537,47.818,Fuzzy
582,29.0981,23.709,1232.990,-41.632,1.245,-16.052,-1.385,16.159,1.862,386203.6,386.20,35742.81,10142.81,1.102,1.671,-1.078,7.307,1.279,-3.727,47.909,Fuzzy
583,29.1481,23.770,1232.189,-41.701,1.197,-16.003,-1.402,16.109,1.843,386125.5,386.13,35736.48,10136.48,1.102,2.000,-0.663,6.127,1.124,-3.099,48.000,Fuzzy
584,29.1981,23.828,1231.390,-41.772,1.150,-15.954,-1.417,16.058,1.825,386046.8,386.05,35730.16,10130.16,1.102,2.274,-0.307,5.097,0.949,-2.878,48.090,Fuzzy
585,29.2481,23.885,1230.593,-41.843,1.102,-15.904,-1.431,16.007,1.807,385967.8,385.97,35723.83,10123.83,1.102,2.496,-0.012,4.125,0.772,-2.700,48.180,Fuzzy
586,29.2981,23.939,1229.799,-41.915,1.055,-15.855,-1.445,15.956,1.789,385888.5,385.89,35717.50,10117.50,1.102,2.671,0.281,3.225,0.964,-2.473,48.269,Fuzzy
587,29.3481,23.990,1229.007,-41.988,1.008,-15.806,-1.462,15.906,1.776,385808.9,385.81,35711.17,10111.17,1.102,2.801,0.666,2.414,1.250,-2.206,48.358,Fuzzy
588,29.3981,24.039,1228.218,-42.061,0.962,-15.757,-1.481,15.856,1.766,385728.8,385.73,35704.84,10104.84,1.102,2.891,1.155,1.702,1.561,-1.911,48.446,Fuzzy
589,29.4481,24.086,1227.432,-42.136,0.919,-15.708,-1.502,15.806,1.761,385648.4,385.65,35698.52,10098.52,1.102,2.946,1.752,1.097,1.883,-1.602,48.534,Fuzzy
590,29.4981,24.131,1226.648,-42.212,0.878,-15.659,-1.526,15.757,1.761,385567.6,385.57,35692.20,10092.20,1.102,2.972,2.458,0.600,2.201,-1.298,48.622,Fuzzy
591,29.5480,24.174,1225.866,-42.288,0.840,-15.609,-1.551,15.709,1.764,385486.3,385.49,35685.88,10085.88,1.102,2.977,3.271,0.205,2.504,-1.017,48.710,Fuzzy
592,29.5980,24.215,1225.087,-42.367,0.804,-15.560,-1.578,15.660,1.771,385404.6,385.40,35679.57,10079.57,1.102,2.972,4.182,-0.106,2.785,-0.889,48.799,Fuzzy
593,29.6480,24.255,1224.310,-42.446,0.766,-15.511,-1.567,15.609,1.744,385322.6,385.32,35673.25,10073.25,1.102,2.964,3.788,-0.460,-2.724,-1.145,48.887,Fuzzy
594,29.6980,24.292,1223.536,-42.523,0.726,-15.462,-1.540,15.555,1.703,385240.5,385.24,35666.93,10066.93,1.102,2.945,2.895,-0.907,-2.426,-1.429,48.973,Fuzzy
595,29.7480,24.327,1222.764,-42.600,0.683,-15.413,-1.516,15.502,1.662,385158.1,385.16,35660.61,10060.61,1.102,2.903,2.112,-1.454,-2.105,-1.728,49.056,Fuzzy
596,29.7980,24.360,1221.995,-42.675,0.638,-15.364,-1.493,15.450,1.624,385075.6,385.08,35654.30,10054.30,1.102,2.831,1.444,-2.104,-1.771,-2.025,49.138,Fuzzy
597,29.8480,24.391,1221.228,-42.749,0.592,-15.315,-1.473,15.397,1.587,384992.7,384.99,35647.99,10047.99,1.102,2.720,0.893,-2.852,-1.439,-2.303,49.218,Fuzzy
598,29.8980,24.419,1220.463,-42.822,0.545,-15.267,-1.455,15.345,1.554,384909.8,384.91,35641.68,10041.68,1.102,2.568,0.455,-3.687,-1.124,-2.548,49.295,Fuzzy
599,29.9480,24.445,1219.701,-42.895,0.497,-15.218,-1.440,15.294,1.524,384826.3,384.83,35635.37,10035.37,1.102,2.370,0.121,-4.598,-0.841,-2.752,49.371,Fuzzy
600,29.9980,24.469,1218.941,-42.966,0.450,-15.169,-1.427,15.243,1.496,384742.3,384.74,35629.06,10029.06,1.102,2.125,-0.137,-5.569,-0.762,-2.908,49.445,Fuzzy
601,30.0480,24.490,1218.184,-43.037,0.403,-15.120,-1.414,15.191,1.470,384658.0,384.66,35622.75,10022.75,1.102,1.832,-0.426,-6.601,-0.900,-3.217,49.517,Fuzzy
602,30.0980,24.509,1217.429,-43.108,0.355,-15.072,-1.399,15.140,1.443,384573.6,384.57,35616.45,10016.45,1.101,1.486,-0.759,-7.810,-1.020,-3.840,49.588,Fuzzy
603,30.1479,24.526,1216.677,-43.177,0.304,-15.023,-1.384,15.090,1.417,384489.1,384.49,35610.14,10010.14,1.101,1.085,-1.125,-9.261,-1.102,-4.637,49.657,Fuzzy
604,30.1979,24.540,1215.927,-43.246,0.249,-14.975,-1.368,15.040,1.391,384404.9,384.40,35603.84,10003.84,1.101,0.654,-1.507,-11.031,-1.127,-5.709,49.723,Fuzzy
605,30.2479,24.551,1215.179,-43.314,0.225,-14.928,-1.353,14.991,1.372,384321.4,384.32,35597.54,9997.54,1.101,0.465,-1.896,-11.823,-1.186,6.560,49.788,Fuzzy
606,30.2979,24.564,1214.434,-43.381,0.282,-14.881,-1.337,14.943,1.366,384237.1,384.24,35591.24,9991.24,1.101,0.790,-2.353,-9.836,-1.496,5.103,49.853,Fuzzy
607,30.3479,24.579,1213.691,-43.448,0.334,-14.833,-1.318,14.895,1.359,384151.6,384.15,35584.95,9984.94,1.101,1.184,-2.932,-8.245,-1.861,4.150,49.918,Fuzzy
608,30.3979,24.597,1212.951,-43.513,0.381,-14.785,-1.297,14.846,1.352,384065.6,384.07,35578.64,9978.65,1.101,1.544,-3.633,-6.936,-2.215,3.438,49.984,Fuzzy
609,30.4479,24.617,1212.213,-43.578,0.427,-14.736,-1.310,14.800,1.377,383979.0,383.98,35572.35,9972.35,1.101,1.867,-3.155,-5.844,2.222,2.904,50.050,Fuzzy
610,30.4979,24.640,1211.478,-43.644,0.472,-14.688,-1.331,14.756,1.412,383892.0,383.89,35566.05,9966.05,1.101,2.145,-2.415,-4.851,2.039,2.784,50.119,Fuzzy
611,30.5479,24.664,1210.744,-43.711,0.519,-14.640,-1.352,14.711,1.448,383805.0,383.81,35559.76,9959.76,1.101,2.374,-1.749,-3.913,1.813,2.608,50.189,Fuzzy
612,30.5979,24.691,1210.013,-43.779,0.565,-14.591,-1.371,14.666,1.483,383717.4,383.72,35553.47,9953.47,1.101,2.556,-1.168,-3.046,1.558,2.384,50.262,Fuzzy
613,30.6479,24.721,1209.285,-43.848,0.610,-14.543,-1.388,14.622,1.517,383629.4,383.63,35547.18,9947.18,1.101,2.692,-0.679,-2.266,1.293,2.121,50.337,Fuzzy
614,30.6979,24.752,1208.559,-43.918,0.654,-14.494,-1.404,14.577,1.549,383540.8,383.54,35540.89,9940.90,1.101,2.789,-0.280,-1.584,1.037,1.830,50.413,Fuzzy
615,30.7478,24.786,1207.836,-43.988,0.696,-14.445,-1.417,14.531,1.578,383451.6,383.45,35534.61,9934.61,1.101,2.851,0.033,-1.006,0.812,1.530,50.491,Fuzzy
616,30.7978,24.822,1207.115,-44.060,0.735,-14.397,-1.430,14.486,1.608,383361.9,383.36,35528.32,9928.32,1.101,2.886,0.359,-0.533,1.060,1.236,50.570,Fuzzy
617,30.8478,24.860,1206.396,-44.131,0.773,-14.348,-1.446,14.441,1.639,383271.8,383.27,35522.03,9922.03,1.101,2.896,0.776,-0.158,1.338,0.965,50.652,Fuzzy
618,30.8978,24.899,1205.680,-44.204,0.808,-14.299,-1.464,14.396,1.672,383181.2,383.18,35515.75,9915.75,1.101,2.887,1.292,0.144,1.637,0.905,50.734,Fuzzy
619,30.9478,24.940,1204.966,-44.278,0.845,-14.250,-1.484,14.352,1.708,383090.5,383.09,35509.48,9909.48,1.101,2.859,1.911,0.503,1.942,1.156,50.819,Fuzzy
620,30.9978,24.984,1204.255,-44.353,0.884,-14.202,-1.507,14.309,1.747,382999.8,383.00,35503.20,9903.20,1.100,2.810,2.633,0.952,2.238,1.432,50.905,Fuzzy
621,31.0478,25.029,1203.546,-44.429,0.925,-14.153,-1.531,14.266,1.788,382909.1,382.91,35496.91,9896.92,1.100,2.738,3.451,1.497,2.512,1.719,50.994,Fuzzy
622,31.0978,25.076,1202.839,-44.505,0.968,-14.105,-1.525,14.221,1.806,382818.3,382.82,35490.64,9890.64,1.100,2.646,3.268,2.140,-2.487,2.002,51.084,Fuzzy
623,31.1478,25.126,1202.135,-44.581,1.012,-14.057,-1.502,14.174,1.811,382727.3,382.73,35484.36,9884.36,1.100,2.528,2.464,2.876,-2.167,2.267,51.174,Fuzzy
624,31.1978,25.177,1201.434,-44.656,1.057,-14.010,-1.480,14.127,1.819,382636.1,382.64,35478.09,9878.09,1.100,2.374,1.775,3.696,-1.834,2.502,51.264,Fuzzy
625,31.2478,25.231,1200.734,-44.729,1.103,-13.962,-1.460,14.081,1.830,382544.4,382.54,35471.82,9871.82,1.100,2.180,1.203,4.587,-1.498,2.697,51.355,Fuzzy
626,31.2978,25.288,1200.037,-44.802,1.148,-13.914,-1.444,14.035,1.844,382452.3,382.45,35465.55,9865.55,1.100,1.940,0.746,5.535,-1.175,2.843,51.446,Fuzzy
627,31.3477,25.346,1199.343,-44.873,1.192,-13.866,-1.429,13.990,1.861,382359.7,382.36,35459.28,9859.28,1.100,1.653,0.397,6.538,-0.876,3.117,51.537,Fuzzy
628,31.3977,25.407,1198.651,-44.945,1.237,-13.818,-1.417,13.945,1.881,382266.8,382.27,35453.01,9853.01,1.100,1.318,0.146,7.704,-0.609,3.703,51.629,Fuzzy
629,31.4477,25.470,1197.961,-45.015,1.285,-13.770,-1.408,13.901,1.906,382173.8,382.17,35446.74,9846.74,1.100,0.940,-0.019,9.098,-0.382,4.450,51.721,Fuzzy
630,31.4977,25.535,1197.274,-45.085,1.337,-13.723,-1.399,13.858,1.935,382081.0,382.08,35440.48,9840.48,1.100,0.571,-0.143,10.791,-0.342,5.465,51.814,Fuzzy
631,31.5477,25.603,1196.589,-45.155,1.347,-13.676,-1.391,13.812,1.937,381988.8,381.99,35434.21,9834.22,1.100,0.546,-0.262,11.133,-0.389,-6.005,51.909,Fuzzy
632,31.5977,25.669,1195.906,-45.224,1.293,-13.629,-1.383,13.760,1.893,381895.8,381.90,35427.96,9827.96,1.100,0.899,-0.436,9.294,-0.621,-4.755,52.001,Fuzzy
633,31.6477,25.733,1195.226,-45.293,1.244,-13.582,-1.372,13.707,1.852,381802.0,381.80,35421.70,9821.70,1.100,1.271,-0.700,7.808,-0.902,-3.891,52.093,Fuzzy
634,31.6977,25.794,1194.548,-45.362,1.198,-13.534,-1.358,13.655,1.811,381707.4,381.71,35415.44,9815.44,1.099,1.600,-1.066,6.580,-1.207,-3.233,52.182,Fuzzy
635,31.7477,25.852,1193.873,-45.429,1.154,-13.486,-1.342,13.602,1.770,381612.3,381.61,35409.18,9809.18,1.099,1.880,-1.539,5.543,-1.529,-2.849,52.270,Fuzzy
636,31.7977,25.909,1193.200,-45.496,1.109,-13.439,-1.324,13.549,1.727,381517.2,381.52,35402.92,9802.92,1.099,2.115,-2.124,4.575,-1.858,-2.708,52.356,Fuzzy
637,31.8477,25.963,1192.529,-45.561,1.064,-13.391,-1.304,13.497,1.682,381422.0,381.42,35396.67,9796.67,1.099,2.309,-2.820,3.667,-2.183,-2.519,52.440,Fuzzy
638,31.8977,26.015,1191.860,-45.626,1.019,-13.344,-1.304,13.446,1.655,381326.5,381.33,35390.42,9790.42,1.099,2.467,-2.806,2.834,2.276,-2.288,52.522,Fuzzy
639,31.9476,26.065,1191.194,-45.692,0.975,-13.297,-1.326,13.398,1.645,381230.6,381.23,35384.17,9784.17,1.099,2.593,-2.066,2.090,2.011,-2.023,52.604,Fuzzy
640,31.9976,26.113,1190.531,-45.759,0.933,-13.249,-1.345,13.350,1.637,381134.0,381.13,35377.92,9777.92,1.099,2.686,-1.422,1.443,1.725,-1.737,52.685,Fuzzy
641,32.0476,26.158,1189.870,-45.827,0.893,-13.202,-1.363,13.302,1.630,381036.9,381.04,35371.67,9771.67,1.099,2.748,-0.881,0.897,1.433,-1.444,52.767,Fuzzy
642,32.0977,26.202,1189.211,-45.895,0.855,-13.154,-1.378,13.254,1.622,380939.2,380.94,35365.42,9765.42,1.099,2.784,-0.439,0.452,1.151,-1.161,52.848,Fuzzy
643,32.1477,26.244,1188.554,-45.964,0.820,-13.106,-1.392,13.205,1.615,380840.9,380.84,35359.18,9759.18,1.099,2.798,-0.091,0.101,0.895,-0.903,52.929,Fuzzy
644,32.1977,26.284,1187.900,-46.034,0.786,-13.058,-1.403,13.156,1.608,380742.1,380.74,35352.94,9752.94,1.099,2.795,0.205,-0.195,0.934,-0.926,53.010,Fuzzy
645,32.2477,26.323,1187.248,-46.105,0.750,-13.010,-1.417,13.108,1.603,380643.2,380.64,35346.70,9746.70,1.099,2.773,0.573,-0.560,1.187,-1.178,53.090,Fuzzy
646,32.2977,26.359,1186.599,-46.176,0.712,-12.962,-1.433,13.061,1.600,380544.3,380.54,35340.46,9740.46,1.098,2.729,1.032,-1.016,1.462,-1.453,53.170,Fuzzy
647,32.3477,26.394,1185.952,-46.248,0.672,-12.915,-1.451,13.014,1.599,380445.3,380.45,35334.22,9734.22,1.098,2.657,1.586,-1.567,1.745,-1.736,53.250,Fuzzy
648,32.3977,26.426,1185.307,-46.321,0.630,-12.868,-1.471,12.967,1.600,380346.4,380.35,35327.98,9727.98,1.098,2.555,2.235,-2.213,2.021,-2.013,53.329,Fuzzy
649,32.4477,26.457,1184.665,-46.395,0.586,-12.821,-1.492,12.921,1.603,380247.5,380.25,35321.75,9721.75,1.098,2.421,2.974,-2.949,2.275,-2.268,53.409,Fuzzy
650,32.4977,26.485,1184.025,-46.470,0.542,-12.774,-1.479,12.871,1.575,380148.4,380.15,35315.52,9715.52,1.098,2.256,2.512,-3.766,-2.119,-2.492,53.487,Fuzzy
651,32.5478,26.511,1183.388,-46.543,0.497,-12.728,-1.460,12.821,1.542,380049.1,380.05,35309.29,9709.29,1.098,2.055,1.841,-4.650,-1.784,-2.676,53.564,Fuzzy
652,32.5978,26.535,1182.753,-46.616,0.453,-12.681,-1.443,12.771,1.512,379949.2,379.95,35303.05,9703.06,1.098,1.812,1.287,-5.586,-1.449,-2.812,53.639,Fuzzy
653,32.6478,26.556,1182.120,-46.687,0.410,-12.634,-1.428,12.721,1.485,379848.8,379.85,35296.82,9696.83,1.098,1.524,0.848,-6.577,-1.125,-3.093,53.712,Fuzzy
654,32.6978,26.576,1181.489,-46.758,0.365,-12.587,-1.415,12.672,1.462,379748.1,379.75,35290.59,9690.60,1.098,1.190,0.518,-7.730,-0.823,-3.664,53.783,Fuzzy
655,32.7478,26.593,1180.861,-46.829,0.319,-12.541,-1.406,12.623,1.441,379647.4,379.65,35284.38,9684.37,1.098,0.817,0.287,-9.103,-0.549,-4.390,53.853,Fuzzy
656,32.7978,26.607,1180.235,-46.899,0.268,-12.494,-1.398,12.575,1.424,379546.8,379.55,35278.15,9678.15,1.097,0.483,0.143,-10.768,-0.321,-5.388,53.921,Fuzzy
657,32.8478,26.620,1179.612,-46.969,0.279,-12.449,-1.391,12.529,1.419,379446.7,379.45,35271.93,9671.93,1.097,0.573,0.050,-10.349,-0.270,5.373,53.988,Fuzzy
658,32.8978,26.636,1178.990,-47.038,0.329,-12.403,-1.383,12.484,1.422,379345.7,379.35,35265.71,9665.71,1.097,0.941,-0.059,-8.688,-0.387,4.335,54.056,Fuzzy
659,32.9478,26.653,1178.371,-47.107,0.375,-12.356,-1.374,12.438,1.424,379243.8,379.24,35259.49,9659.49,1.097,1.300,-0.233,-7.326,-0.616,3.583,54.125,Fuzzy
660,32.9978,26.673,1177.755,-47.176,0.419,-12.310,-1.362,12.392,1.425,379141.2,379.14,35253.27,9653.27,1.097,1.614,-0.492,-6.193,-0.873,2.999,54.194,Fuzzy
661,33.0479,26.695,1177.140,-47.243,0.461,-12.263,-1.348,12.346,1.425,379038.5,379.04,35247.06,9647.06,1.097,1.880,-0.844,-5.204,-1.158,2.777,54.264,Fuzzy
662,33.0979,26.719,1176.528,-47.310,0.504,-12.217,-1.332,12.299,1.424,378935.7,378.94,35240.85,9640.85,1.097,2.101,-1.297,-4.265,-1.465,2.625,54.334,Fuzzy
663,33.1479,26.746,1175.919,-47.377,0.548,-12.171,-1.313,12.253,1.423,378832.7,378.83,35234.64,9634.64,1.097,2.277,-1.857,-3.391,-1.783,2.425,54.405,Fuzzy
664,33.1979,26.774,1175.311,-47.442,0.591,-12.124,-1.293,12.207,1.421,378729.6,378.73,35228.43,9628.43,1.097,2.415,-2.525,-2.595,-2.100,2.185,54.475,Fuzzy
665,33.2479,26.805,1174.706,-47.506,0.633,-12.078,-1.270,12.162,1.419,378626.1,378.63,35222.22,9622.22,1.097,2.520,-3.298,-1.889,-2.405,1.917,54.546,Fuzzy
666,33.2979,26.837,1174.104,-47.569,0.673,-12.032,-1.284,12.119,1.450,378522.2,378.52,35216.01,9616.01,1.096,2.602,-2.799,-1.280,2.309,1.633,54.618,Fuzzy
667,33.3479,26.872,1173.503,-47.634,0.712,-11.986,-1.305,12.078,1.487,378417.8,378.42,35209.81,9609.81,1.096,2.662,-2.053,-0.770,2.023,1.348,54.691,Fuzzy
668,33.3979,26.908,1172.905,-47.700,0.748,-11.940,-1.325,12.036,1.522,378312.8,378.31,35203.61,9603.61,1.096,2.699,-1.410,-0.357,1.723,1.077,54.766,Fuzzy
669,33.4479,26.947,1172.309,-47.767,0.782,-11.893,-1.343,11.994,1.555,378207.1,378.21,35197.41,9597.41,1.096,2.715,-0.873,-0.033,1.422,0.834,54.843,Fuzzy
670,33.4980,26.987,1171.716,-47.834,0.816,-11.847,-1.359,11.952,1.585,378101.1,378.10,35191.20,9591.20,1.096,2.714,-0.437,0.264,1.137,0.963,54.922,Fuzzy
671,33.5480,27.028,1171.124,-47.902,0.851,-11.800,-1.372,11.910,1.615,377994.7,377.99,35185.00,9585.00,1.096,2.693,-0.095,0.641,0.880,1.216,55.002,Fuzzy
672,33.5980,27.072,1170.536,-47.971,0.889,-11.754,-1.384,11.868,1.645,377888.3,377.89,35178.81,9578.81,1.096,2.649,0.192,1.108,0.900,1.490,55.083,Fuzzy
673,33.6480,27.117,1169.949,-48.041,0.928,-11.708,-1.397,11.828,1.677,377781.9,377.78,35172.62,9572.62,1.096,2.576,0.544,1.670,1.132,1.770,55.166,Fuzzy
674,33.6980,27.165,1169.365,-48.111,0.970,-11.662,-1.413,11.787,1.713,377675.6,377.68,35166.43,9566.43,1.096,2.470,0.977,2.325,1.380,2.039,55.250,Fuzzy
675,33.7480,27.214,1168.783,-48.182,1.013,-11.617,-1.430,11.748,1.752,377569.2,377.57,35160.23,9560.23,1.095,2.325,1.496,3.067,1.629,2.285,55.337,Fuzzy
676,33.7980,27.266,1168.203,-48.254,1.056,-11.571,-1.449,11.709,1.793,377462.8,377.46,35154.04,9554.04,1.095,2.140,2.096,3.884,1.863,2.495,55.425,Fuzzy
677,33.8480,27.320,1167.626,-48.327,1.099,-11.526,-1.468,11.671,1.834,377356.0,377.36,35147.85,9547.85,1.095,1.911,2.769,4.764,2.068,2.660,55.515,Fuzzy
678,33.8980,27.376,1167.051,-48.401,1.142,-11.481,-1.480,11.632,1.870,377249.1,377.25,35141.67,9541.67,1.095,1.644,3.200,5.688,-2.183,2.776,55.607,Fuzzy
679,33.9481,27.434,1166.478,-48.474,1.183,-11.435,-1.460,11.589,1.879,377141.7,377.14,35135.49,9535.49,1.095,1.343,2.509,6.667,-1.842,3.077,55.699,Fuzzy
680,33.9981,27.494,1165.907,-48.547,1.225,-11.390,-1.442,11.546,1.892,377033.9,377.03,35129.31,9529.31,1.095,1.008,1.938,7.808,-1.493,3.632,55.792,Fuzzy
681,34.0481,27.557,1165.339,-48.619,1.269,-11.345,-1.427,11.505,1.910,376926.2,376.93,35123.13,9523.13,1.095,0.653,1.488,9.162,-1.150,4.340,55.885,Fuzzy
682,34.0981,27.621,1164.773,-48.690,1.318,-11.300,-1.413,11.464,1.932,376818.6,376.82,35116.95,9516.94,1.095,0.431,1.147,10.807,-0.874,5.370,55.979,Fuzzy
683,34.1481,27.686,1164.209,-48.760,1.278,-11.256,-1.402,11.414,1.897,376711.0,376.71,35110.77,9510.77,1.094,0.669,0.862,9.386,-0.813,-4.688,56.072,Fuzzy
684,34.1981,27.749,1163.647,-48.830,1.232,-11.211,-1.390,11.364,1.857,376602.6,376.60,35104.60,9504.60,1.094,1.033,0.586,7.923,-0.790,-3.852,56.164,Fuzzy
685,34.2481,27.810,1163.088,-48.899,1.189,-11.166,-1.378,11.313,1.820,376493.4,376.49,35098.43,9498.43,1.094,1.367,0.324,6.709,-0.729,-3.217,56.254,Fuzzy
686,34.2981,27.868,1162.530,-48.968,1.148,-11.121,-1.367,11.263,1.786,376383.7,376.38,35092.25,9492.25,1.094,1.657,0.090,5.685,-0.643,-2.797,56.342,Fuzzy
687,34.3481,27.924,1161.976,-49.036,1.107,-11.076,-1.357,11.213,1.751,376273.8,376.27,35086.08,9486.08,1.094,1.902,-0.127,4.734,-0.697,-2.678,56.429,Fuzzy
688,34.3981,27.979,1161.423,-49.103,1.065,-11.031,-1.344,11.163,1.715,376163.8,376.16,35079.91,9479.91,1.094,2.102,-0.410,3.837,-0.940,-2.507,56.515,Fuzzy
689,34.4482,28.031,1160.873,-49.170,1.022,-10.986,-1.330,11.113,1.677,376053.7,376.05,35073.75,9473.75,1.094,2.259,-0.782,3.008,-1.213,-2.293,56.599,Fuzzy
690,34.4982,28.081,1160.324,-49.236,0.981,-10.941,-1.313,11.063,1.639,375943.5,375.94,35067.59,9467.59,1.094,2.375,-1.250,2.262,-1.507,-2.043,56.681,Fuzzy
691,34.5482,28.129,1159.778,-49.301,0.941,-10.897,-1.294,11.013,1.599,375832.8,375.83,35061.42,9461.42,1.093,2.455,-1.821,1.609,-1.810,-1.769,56.761,Fuzzy
692,34.5982,28.175,1159.234,-49.366,0.902,-10.852,-1.272,10.964,1.560,375721.8,375.72,35055.26,9455.26,1.093,2.506,-2.493,1.053,-2.111,-1.485,56.840,Fuzzy
693,34.6482,28.219,1158.693,-49.429,0.866,-10.807,-1.250,10.914,1.520,375610.4,375.61,35049.10,9449.10,1.093,2.534,-3.266,0.595,-2.400,-1.209,56.917,Fuzzy
694,34.6982,28.262,1158.154,-49.491,0.832,-10.763,-1.245,10.866,1.498,375498.7,375.50,35042.95,9442.94,1.093,2.552,-3.421,0.228,2.510,-0.955,56.992,Fuzzy
695,34.7482,28.302,1157.617,-49.554,0.801,-10.718,-1.269,10.822,1.500,375386.4,375.39,35036.79,9436.79,1.093,2.563,-2.607,-0.058,2.228,-0.783,57.066,Fuzzy
696,34.7982,28.342,1157.082,-49.618,0.769,-10.673,-1.291,10.778,1.502,375273.9,375.27,35030.64,9430.64,1.093,2.563,-1.894,-0.368,1.930,-1.009,57.142,Fuzzy
697,34.8482,28.379,1156.550,-49.683,0.735,-10.629,-1.311,10.734,1.503,375161.1,375.16,35024.49,9424.49,1.093,2.545,-1.286,-0.760,1.624,-1.263,57.217,Fuzzy
698,34.8983,28.415,1156.019,-49.749,0.698,-10.584,-1.329,10.690,1.501,375048.2,375.05,35018.34,9418.34,1.093,2.504,-0.784,-1.241,1.325,-1.533,57.292,Fuzzy
699,34.9483,28.449,1155.491,-49.815,0.660,-10.540,-1.344,10.646,1.498,374935.2,374.94,35012.19,9412.19,1.092,2.433,-0.383,-1.814,1.044,-1.806,57.367,Fuzzy
700,34.9983,28.481,1154.965,-49.883,0.620,-10.496,-1.358,10.601,1.493,374822.1,374.82,35006.04,9406.04,1.092,2.329,-0.073,-2.478,0.793,-2.066,57.441,Fuzzy
701,35.0483,28.511,1154.442,-49.951,0.579,-10.452,-1.370,10.557,1.487,374708.8,374.71,34999.90,9399.90,1.092,2.187,0.186,-3.224,0.808,-2.301,57.515,Fuzzy
702,35.0983,28.539,1153.920,-50.020,0.538,-10.408,-1.383,10.513,1.484,374595.5,374.60,34993.76,9393.76,1.092,2.004,0.494,-4.042,0.982,-2.499,57.589,Fuzzy
703,35.1483,28.565,1153.401,-50.090,0.496,-10.364,-1.398,10.469,1.483,374481.9,374.48,34987.62,9387.62,1.092,1.777,0.861,-4.918,1.155,-2.652,57.662,Fuzzy
704,35.1983,28.589,1152.884,-50.160,0.456,-10.320,-1.413,10.426,1.485,374367.9,374.37,34981.48,9381.48,1.092,1.501,1.284,-5.834,1.310,-2.752,57.735,Fuzzy
705,35.2483,28.610,1152.369,-50.231,0.417,-10.276,-1.430,10.384,1.489,374253.7,374.25,34975.34,9375.34,1.092,1.174,1.752,-6.811,1.430,-3.093,57.807,Fuzzy
706,35.2983,28.630,1151.856,-50.303,0.377,-10.233,-1.446,10.341,1.495,374139.4,374.14,34969.21,9369.21,1.091,0.789,2.250,-7.948,1.492,-3.616,57.880,Fuzzy
707,35.3484,28.648,1151.345,-50.375,0.335,-10.189,-1.462,10.299,1.500,374025.0,374.03,34963.08,9363.08,1.091,0.338,2.752,-9.279,1.463,-4.237,57.952,Fuzzy
708,35.3984,28.664,1150.837,-50.449,0.318,-10.146,-1.463,10.256,1.497,373910.6,373.91,34956.95,9356.94,1.091,0.180,2.759,-9.849,-1.354,4.684,58.023,Fuzzy
709,35.4484,28.681,1150.331,-50.522,0.361,-10.103,-1.448,10.212,1.492,373795.9,373.80,34950.81,9350.81,1.091,0.647,2.272,-8.371,-1.437,3.941,58.095,Fuzzy
710,35.4984,28.700,1149.827,-50.594,0.401,-10.059,-1.432,10.169,1.487,373680.7,373.68,34944.69,9344.69,1.091,1.043,1.779,-7.124,-1.411,3.329,58.167,Fuzzy
711,35.5484,28.721,1149.325,-50.665,0.440,-10.016,-1.415,10.125,1.482,373565.2,373.57,34938.57,9338.57,1.091,1.377,1.310,-6.068,-1.312,2.827,58.239,Fuzzy
712,35.5984,28.744,1148.825,-50.735,0.479,-9.973,-1.400,10.082,1.479,373449.3,373.45,34932.44,9332.44,1.091,1.659,0.885,-5.124,-1.169,2.681,58.312,Fuzzy
713,35.6484,28.769,1148.328,-50.805,0.519,-9.930,-1.385,10.039,1.479,373333.3,373.33,34926.32,9326.32,1.090,1.891,0.515,-4.220,-1.003,2.546,58.385,Fuzzy
714,35.6984,28.796,1147.832,-50.874,0.560,-9.886,-1.372,9.997,1.481,373217.0,373.22,34920.20,9320.20,1.090,2.077,0.203,-3.374,-0.832,2.361,58.458,Fuzzy
715,35.7484,28.825,1147.339,-50.942,0.600,-9.843,-1.360,9.955,1.486,373100.5,373.10,34914.08,9314.08,1.090,2.221,-0.051,-2.602,-0.710,2.136,58.532,Fuzzy
716,35.7984,28.856,1146.848,-51.010,0.639,-9.800,-1.347,9.913,1.491,372983.8,372.98,34907.97,9307.97,1.090,2.328,-0.336,-1.914,-0.938,1.880,58.606,Fuzzy
717,35.8485,28.889,1146.359,-51.076,0.677,-9.757,-1.332,9.871,1.494,372866.5,372.87,34901.86,9301.85,1.090,2.400,-0.703,-1.319,-1.196,1.607,58.680,Fuzzy
718,35.8985,28.924,1145.872,-51.143,0.712,-9.714,-1.315,9.829,1.496,372749.0,372.75,34895.74,9295.74,1.090,2.443,-1.161,-0.819,-1.475,1.332,58.755,Fuzzy
719,35.9485,28.960,1145.387,-51.208,0.745,-9.671,-1.296,9.786,1.495,372631.2,372.63,34889.63,9289.63,1.089,2.461,-1.716,-0.412,-1.764,1.069,58.830,Fuzzy
720,35.9985,28.998,1144.905,-51.272,0.777,-9.628,-1.275,9.743,1.493,372513.0,372.51,34883.52,9283.52,1.089,2.461,-2.369,-0.092,-2.052,0.833,58.904,Fuzzy
721,36.0485,29.038,1144.425,-51.335,0.807,-9.585,-1.253,9.700,1.490,372394.6,372.39,34877.42,9277.42,1.089,2.450,-3.116,0.179,-2.329,0.853,58.979,Fuzzy
722,36.0985,29.079,1143.946,-51.398,0.838,-9.543,-1.244,9.660,1.500,372276.2,372.28,34871.32,9271.32,1.089,2.432,-3.433,0.511,2.484,1.082,59.053,Fuzzy
723,36.1485,29.121,1143.470,-51.460,0.872,-9.500,-1.266,9.624,1.538,372157.8,372.16,34865.21,9265.21,1.089,2.406,-2.631,0.926,2.199,1.335,59.129,Fuzzy
724,36.1985,29.166,1142.996,-51.524,0.908,-9.458,-1.288,9.588,1.576,372039.4,372.04,34859.11,9259.11,1.089,2.361,-1.931,1.429,1.899,1.601,59.206,Fuzzy
725,36.2485,29.212,1142.525,-51.589,0.946,-9.415,-1.307,9.553,1.613,371920.8,371.92,34853.01,9253.01,1.089,2.288,-1.336,2.021,1.593,1.866,59.286,Fuzzy
726,36.2986,29.261,1142.055,-51.655,0.985,-9.373,-1.324,9.518,1.650,371802.1,371.80,34846.92,9246.92,1.088,2.182,-0.847,2.700,1.292,2.114,59.367,Fuzzy
727,36.3486,29.311,1141.587,-51.721,1.025,-9.331,-1.339,9.482,1.686,371683.2,371.68,34840.82,9240.82,1.088,2.038,-0.458,3.457,1.010,2.335,59.449,Fuzzy
728,36.3986,29.363,1141.122,-51.789,1.066,-9.289,-1.351,9.447,1.721,371564.0,371.56,34834.73,9234.73,1.088,1.854,-0.161,4.280,0.757,2.517,59.534,Fuzzy
729,36.4486,29.417,1140.658,-51.857,1.106,-9.247,-1.362,9.412,1.754,371444.5,371.44,34828.64,9228.64,1.088,1.628,0.057,5.155,0.593,2.655,59.620,Fuzzy
730,36.4986,29.474,1140.197,-51.925,1.144,-9.205,-1.372,9.377,1.786,371324.6,371.32,34822.55,9222.55,1.088,1.361,0.276,6.066,0.679,2.741,59.707,Fuzzy
731,36.5486,29.532,1139.738,-51.994,1.182,-9.163,-1.383,9.342,1.819,371204.5,371.20,34816.46,9216.47,1.088,1.054,0.519,7.066,0.747,3.191,59.795,Fuzzy
732,36.5986,29.592,1139.281,-52.063,1.222,-9.122,-1.394,9.308,1.854,371084.3,371.08,34810.38,9210.38,1.087,0.717,0.780,8.239,0.783,3.760,59.885,Fuzzy
733,36.6486,29.654,1138.825,-52.133,1.263,-9.080,-1.405,9.275,1.890,370964.3,370.96,34804.30,9204.30,1.087,0.433,1.048,9.635,0.803,4.525,59.977,Fuzzy
734,36.6986,29.717,1138.373,-52.204,1.238,-9.039,-1.417,9.233,1.882,370844.3,370.84,34798.21,9198.21,1.087,0.522,1.342,8.718,0.966,-4.116,60.069,Fuzzy
735,36.7487,29.778,1137.922,-52.275,1.198,-8.997,-1.431,9.189,1.867,370723.8,370.72,34792.14,9192.14,1.087,0.826,1.721,7.434,1.262,-3.420,60.161,Fuzzy
736,36.7987,29.837,1137.473,-52.347,1.161,-8.956,-1.447,9.146,1.855,370602.9,370.60,34786.06,9186.06,1.087,1.132,2.206,6.355,1.582,-2.894,60.253,Fuzzy
737,36.8487,29.894,1137.026,-52.420,1.124,-8.915,-1.465,9.104,1.847,370481.8,370.48,34779.99,9179.99,1.087,1.410,2.800,5.418,1.903,-2.649,60.345,Fuzzy
738,36.8987,29.949,1136.581,-52.493,1.086,-8.873,-1.469,9.059,1.827,370360.8,370.36,34773.91,9173.92,1.086,1.657,2.918,4.522,-2.077,-2.543,60.436,Fuzzy
739,36.9487,30.002,1136.139,-52.566,1.047,-8.832,-1.449,9.012,1.788,370239.8,370.24,34767.84,9167.84,1.086,1.870,2.239,3.675,-1.891,-2.389,60.526,Fuzzy
740,36.9987,30.054,1135.698,-52.638,1.007,-8.792,-1.431,8.964,1.750,370118.6,370.12,34761.77,9161.77,1.086,2.043,1.631,2.890,-1.672,-2.190,60.614,Fuzzy
741,37.0487,30.103,1135.259,-52.709,0.969,-8.751,-1.414,8.917,1.714,369997.0,370.00,34755.71,9155.71,1.086,2.177,1.102,2.181,-1.434,-1.957,60.700,Fuzzy
742,37.0987,30.151,1134.823,-52.780,0.931,-8.710,-1.398,8.870,1.680,369874.9,369.87,34749.64,9149.65,1.086,2.275,0.658,1.558,-1.191,-1.699,60.784,Fuzzy
743,37.1487,30.196,1134.388,-52.849,0.896,-8.669,-1.385,8.824,1.649,369752.3,369.75,34743.58,9143.58,1.086,2.341,0.295,1.027,-0.959,-1.432,60.867,Fuzzy
744,37.1987,30.240,1133.956,-52.918,0.862,-8.628,-1.373,8.779,1.621,369629.3,369.63,34737.52,9137.52,1.085,2.380,0.008,0.587,-0.749,-1.170,60.949,Fuzzy
745,37.2488,30.283,1133.526,-52.986,0.831,-8.586,-1.361,8.733,1.595,369505.8,369.51,34731.46,9131.46,1.085,2.398,-0.268,0.234,-0.906,-0.927,61.029,Fuzzy
746,37.2988,30.323,1133.098,-53.054,0.801,-8.545,-1.348,8.688,1.568,369382.0,369.38,34725.41,9125.41,1.085,2.398,-0.619,-0.042,-1.144,-0.740,61.109,Fuzzy
747,37.3488,30.363,1132.671,-53.121,0.771,-8.504,-1.333,8.642,1.540,369258.1,369.26,34719.35,9119.35,1.085,2.381,-1.054,-0.332,-1.403,-0.949,61.186,Fuzzy
748,37.3988,30.401,1132.247,-53.187,0.739,-8.463,-1.315,8.597,1.509,369134.3,369.13,34713.30,9113.30,1.085,2.345,-1.578,-0.697,-1.672,-1.183,61.262,Fuzzy
749,37.4488,30.437,1131.825,-53.253,0.705,-8.423,-1.296,8.551,1.476,369010.8,369.01,34707.24,9107.24,1.085,2.288,-2.193,-1.144,-1.939,-1.434,61.337,Fuzzy
750,37.4988,30.471,1131.405,-53.317,0.670,-8.383,-1.276,8.506,1.441,368887.4,368.89,34701.20,9101.20,1.084,2.208,-2.894,-1.675,-2.191,-1.689,61.410,Fuzzy
751,37.5488,30.504,1130.987,-53.381,0.633,-8.343,-1.276,8.464,1.424,368764.2,368.76,34695.16,9095.15,1.084,2.106,-2.885,-2.291,2.214,-1.936,61.481,Fuzzy
752,37.5988,30.534,1130.571,-53.445,0.595,-8.303,-1.297,8.425,1.427,368640.8,368.64,34689.11,9089.11,1.084,1.981,-2.183,-2.986,1.910,-2.163,61.552,Fuzzy
753,37.6488,30.563,1130.156,-53.510,0.556,-8.263,-1.315,8.386,1.428,368517.3,368.52,34683.06,9083.06,1.084,1.824,-1.588,-3.752,1.600,-2.361,61.623,Fuzzy
754,37.6989,30.590,1129.744,-53.576,0.518,-8.223,-1.332,8.347,1.429,368393.3,368.39,34677.02,9077.02,1.084,1.630,-1.099,-4.575,1.295,-2.519,61.694,Fuzzy
755,37.7489,30.615,1129.334,-53.643,0.481,-8.184,-1.346,8.307,1.429,368269.2,368.27,34670.99,9070.99,1.084,1.396,-0.712,-5.441,1.004,-2.630,61.765,Fuzzy
756,37.7989,30.638,1128.926,-53.711,0.445,-8.144,-1.358,8.268,1.429,368144.5,368.14,34664.95,9064.95,1.083,1.124,-0.420,-6.341,0.737,-2.792,61.835,Fuzzy
757,37.8489,30.659,1128.520,-53.779,0.408,-8.104,-1.368,8.229,1.427,368019.5,368.02,34658.92,9058.92,1.083,0.822,-0.215,-7.358,0.499,-3.258,61.905,Fuzzy
758,37.8989,30.679,1128.115,-53.848,0.370,-8.064,-1.376,8.189,1.425,367894.5,367.89,34652.88,9052.88,1.083,0.532,-0.084,-8.552,0.300,-3.855,61.974,Fuzzy
759,37.9489,30.697,1127.713,-53.917,0.355,-8.025,-1.382,8.151,1.427,367769.7,367.77,34646.85,9046.85,1.083,0.470,-0.005,-9.070,0.204,4.341,62.043,Fuzzy
760,37.9989,30.715,1127.313,-53.986,0.394,-7.985,-1.388,8.115,1.443,367644.8,367.64,34640.83,9040.83,1.083,0.723,0.084,-7.733,0.334,3.559,62.112,Fuzzy
761,38.0489,30.736,1126.915,-54.055,0.431,-7.946,-1.396,8.079,1.461,367519.2,367.52,34634.80,9034.80,1.082,1.025,0.233,-6.616,0.535,3.002,62.183,Fuzzy
762,38.0989,30.758,1126.518,-54.125,0.467,-7.907,-1.406,8.044,1.481,367393.3,367.39,34628.77,9028.78,1.082,1.301,0.456,-5.663,0.765,2.652,62.255,Fuzzy
763,38.1489,30.783,1126.124,-54.196,0.503,-7.867,-1.417,8.010,1.504,367267.5,367.27,34622.75,9022.75,1.082,1.540,0.761,-4.767,1.020,2.558,62.328,Fuzzy
764,38.1990,30.809,1125.732,-54.267,0.541,-7.828,-1.431,7.976,1.530,367142.0,367.14,34616.73,9016.73,1.082,1.739,1.156,-3.915,1.298,2.414,62.403,Fuzzy
765,38.2490,30.837,1125.341,-54.339,0.579,-7.790,-1.447,7.944,1.558,367016.4,367.02,34610.72,9010.72,1.082,1.898,1.647,-3.122,1.589,2.226,62.479,Fuzzy
766,38.2990,30.867,1124.953,-54.412,0.617,-7.751,-1.465,7.912,1.589,366890.8,366.89,34604.70,9004.70,1.082,2.022,2.236,-2.401,1.883,2.004,62.557,Fuzzy
767,38.3490,30.898,1124.566,-54.486,0.653,-7.712,-1.484,7.881,1.622,366765.0,366.77,34598.69,8998.69,1.081,2.118,2.923,-1.762,2.172,1.758,62.637,Fuzzy
768,38.3990,30.932,1124.182,-54.560,0.688,-7.674,-1.468,7.843,1.621,366638.8,366.64,34592.67,8992.67,1.081,2.192,2.342,-1.211,-2.027,1.500,62.718,Fuzzy
769,38.4490,30.967,1123.799,-54.632,0.721,-7.635,-1.449,7.805,1.618,366512.2,366.51,34586.66,8986.67,1.081,2.246,1.699,-0.748,-1.761,1.243,62.799,Fuzzy
770,38.4990,31.004,1123.418,-54.704,0.752,-7.596,-1.431,7.766,1.617,366385.1,366.39,34580.66,8980.66,1.081,2.280,1.150,-0.371,-1.487,1.001,62.879,Fuzzy
771,38.5490,31.042,1123.039,-54.776,0.781,-7.557,-1.416,7.728,1.617,366257.6,366.26,34574.65,8974.65,1.081,2.295,0.694,-0.073,-1.220,0.784,62.960,Fuzzy
772,38.5990,31.082,1122.662,-54.846,0.808,-7.518,-1.403,7.691,1.619,366129.6,366.13,34568.65,8968.65,1.080,2.296,0.326,0.185,-0.973,0.827,63.041,Fuzzy
773,38.6491,31.123,1122.287,-54.916,0.838,-7.480,-1.391,7.654,1.624,366001.5,366.00,34562.64,8962.65,1.080,2.279,0.038,0.504,-0.753,1.045,63.122,Fuzzy
774,38.6991,31.166,1121.914,-54.985,0.869,-7.441,-1.381,7.618,1.631,365873.5,365.87,34556.65,8956.65,1.080,2.243,-0.222,0.901,-0.844,1.285,63.203,Fuzzy
775,38.7491,31.210,1121.543,-55.054,0.903,-7.403,-1.368,7.582,1.639,365745.7,365.75,34550.65,8950.65,1.080,2.183,-0.545,1.380,-1.052,1.535,63.285,Fuzzy
776,38.7991,31.256,1121.174,-55.122,0.937,-7.365,-1.354,7.547,1.647,365618.2,365.62,34544.66,8944.66,1.080,2.094,-0.941,1.942,-1.275,1.783,63.367,Fuzzy
777,38.8491,31.304,1120.807,-55.189,0.974,-7.327,-1.339,7.512,1.655,365490.7,365.49,34538.66,8938.66,1.079,1.974,-1.412,2.584,-1.501,2.015,63.449,Fuzzy
778,38.8991,31.354,1120.441,-55.256,1.010,-7.289,-1.321,7.477,1.664,365363.3,365.36,34532.67,8932.67,1.079,1.818,-1.956,3.298,-1.716,2.220,63.531,Fuzzy
779,38.9491,31.405,1120.078,-55.321,1.048,-7.252,-1.303,7.442,1.672,365236.1,365.24,34526.69,8926.69,1.079,1.627,-2.568,4.073,-1.907,2.388,63.614,Fuzzy
780,38.9991,31.458,1119.716,-55.387,1.084,-7.215,-1.310,7.412,1.701,365108.6,365.11,34520.70,8920.70,1.079,1.405,-2.314,4.895,1.786,2.515,63.697,Fuzzy
781,39.0491,31.513,1119.356,-55.452,1.120,-7.177,-1.326,7.384,1.736,364980.6,364.98,34514.71,8914.71,1.079,1.151,-1.764,5.749,1.469,2.594,63.781,Fuzzy
782,39.0992,31.570,1118.998,-55.519,1.154,-7.140,-1.340,7.355,1.768,364852.2,364.85,34508.73,8908.73,1.078,0.868,-1.322,6.646,1.157,2.854,63.867,Fuzzy
783,39.1492,31.629,1118.642,-55.586,1.189,-7.102,-1.351,7.327,1.800,364723.8,364.72,34502.75,8902.75,1.078,0.573,-0.984,7.678,0.865,3.323,63.955,Fuzzy
784,39.1992,31.689,1118.288,-55.654,1.225,-7.065,-1.361,7.298,1.831,364595.3,364.60,34496.77,8896.77,1.078,0.385,-0.736,8.896,0.637,3.980,64.044,Fuzzy
785,39.2492,31.750,1117.936,-55.723,1.202,-7.028,-1.370,7.260,1.823,364466.9,364.47,34490.80,8890.80,1.078,0.567,-0.533,8.081,0.584,-3.700,64.133,Fuzzy
786,39.2992,31.809,1117.585,-55.791,1.166,-6.991,-1.380,7.220,1.807,364338.2,364.34,34484.82,8884.82,1.078,0.875,-0.336,6.926,0.577,-3.120,64.222,Fuzzy
787,39.3492,31.867,1117.237,-55.861,1.131,-6.954,-1.390,7.181,1.792,364209.2,364.21,34478.85,8878.85,1.078,1.167,-0.146,5.945,0.545,-2.661,64.311,Fuzzy
788,39.3992,31.922,1116.890,-55.930,1.096,-6.917,-1.399,7.141,1.777,364080.1,364.08,34472.88,8872.88,1.077,1.424,0.029,5.049,0.509,-2.576,64.399,Fuzzy
789,39.4492,31.976,1116.545,-56.000,1.060,-6.880,-1.409,7.102,1.763,363951.2,363.95,34466.91,8866.92,1.077,1.640,0.238,4.190,0.714,-2.453,64.487,Fuzzy
790,39.4992,32.028,1116.202,-56.071,1.023,-6.843,-1.421,7.064,1.751,363822.3,363.82,34460.95,8860.95,1.077,1.816,0.521,3.383,0.947,-2.283,64.574,Fuzzy
791,39.5492,32.079,1115.861,-56.143,0.986,-6.807,-1.435,7.026,1.741,363693.3,363.69,34454.98,8854.98,1.077,1.954,0.886,2.643,1.204,-2.075,64.661,Fuzzy
792,39.5993,32.127,1115.521,-56.215,0.950,-6.771,-1.451,6.989,1.735,363564.3,363.56,34449.02,8849.02,1.077,2.055,1.341,1.980,1.480,-1.838,64.748,Fuzzy
793,39.6493,32.174,1115.183,-56.288,0.916,-6.734,-1.469,6.953,1.731,363435.3,363.44,34443.07,8843.07,1.076,2.126,1.889,1.402,1.762,-1.584,64.834,Fuzzy
794,39.6993,32.219,1114.848,-56.362,0.883,-6.698,-1.489,6.918,1.731,363306.0,363.31,34437.11,8837.11,1.076,2.172,2.531,0.913,2.043,-1.326,64.921,Fuzzy
795,39.7493,32.262,1114.514,-56.437,0.852,-6.662,-1.510,6.884,1.734,363176.3,363.18,34431.15,8831.15,1.076,2.202,3.264,0.510,2.313,-1.080,65.007,Fuzzy
796,39.7993,32.304,1114.182,-56.512,0.823,-6.626,-1.493,6.842,1.705,363046.5,363.05,34425.20,8825.20,1.076,2.224,2.649,0.188,-2.156,-0.856,65.093,Fuzzy
797,39.8493,32.344,1113.851,-56.586,0.795,-6.589,-1.473,6.799,1.674,362916.3,362.92,34419.25,8819.25,1.076,2.237,1.967,-0.068,-1.882,-0.729,65.178,Fuzzy
798,39.8993,32.383,1113.523,-56.659,0.767,-6.553,-1.455,6.757,1.644,362786.0,362.79,34413.30,8813.30,1.075,2.238,1.380,-0.350,-1.601,-0.932,65.261,Fuzzy
799,39.9493,32.421,1113.196,-56.731,0.737,-6.517,-1.438,6.715,1.616,362655.6,362.66,34407.36,8807.35,1.075,2.221,0.889,-0.705,-1.324,-1.161,65.342,Fuzzy
800,39.9993,32.457,1112.871,-56.803,0.705,-6.481,-1.424,6.673,1.589,362525.3,362.53,34401.41,8801.41,1.075,2.181,0.490,-1.140,-1.062,-1.406,65.422,Fuzzy
801,40.0494,32.492,1112.548,-56.874,0.671,-6.446,-1.411,6.633,1.563,362394.8,362.39,34395.46,8795.47,1.075,2.115,0.176,-1.657,-0.825,-1.656,65.501,Fuzzy
802,40.0994,32.524,1112.226,-56.944,0.636,-6.410,-1.401,6.592,1.538,362264.6,362.26,34389.53,8789.53,1.075,2.019,-0.066,-2.255,-0.685,-1.897,65.578,Fuzzy
803,40.1494,32.555,1111.907,-57.014,0.600,-6.375,-1.390,6.552,1.514,362134.5,362.13,34383.59,8783.59,1.074,1.889,-0.325,-2.930,-0.842,-2.116,65.654,Fuzzy
804,40.1994,32.584,1111.589,-57.083,0.563,-6.340,-1.378,6.512,1.488,362004.4,362.00,34377.65,8777.65,1.074,1.721,-0.638,-3.671,-1.005,-2.304,65.728,Fuzzy
805,40.2494,32.611,1111.273,-57.152,0.527,-6.305,-1.364,6.472,1.462,361874.3,361.87,34371.71,8771.72,1.074,1.512,-1.004,-4.466,-1.164,-2.451,65.801,Fuzzy
806,40.2994,32.637,1110.958,-57.220,0.491,-6.270,-1.350,6.432,1.436,361744.2,361.74,34365.79,8765.79,1.074,1.259,-1.420,-5.300,-1.303,-2.548,65.873,Fuzzy
807,40.3494,32.661,1110.646,-57.287,0.457,-6.235,-1.335,6.392,1.411,361613.7,361.61,34359.86,8759.86,1.074,0.959,-1.874,-6.153,-1.405,-2.612,65.943,Fuzzy
808,40.3994,32.683,1110.335,-57.353,0.424,-6.200,-1.320,6.353,1.387,361482.9,361.48,34353.93,8753.93,1.073,0.610,-2.352,-7.085,-1.451,-2.987,66.012,Fuzzy
809,40.4494,32.703,1110.026,-57.419,0.391,-6.165,-1.307,6.314,1.364,361352.2,361.35,34348.00,8748.01,1.073,0.213,-2.830,-8.149,-1.418,-3.407,66.079,Fuzzy
810,40.4995,32.722,1109.719,-57.484,0.391,-6.130,-1.319,6.283,1.376,361221.3,361.22,34342.08,8742.08,1.073,0.245,-2.388,-8.118,1.273,3.504,66.145,Fuzzy
811,40.5495,32.742,1109.413,-57.551,0.424,-6.095,-1.332,6.254,1.398,361090.4,361.09,34336.16,8736.16,1.073,0.629,-1.947,-7.011,1.306,3.035,66.213,Fuzzy
812,40.5995,32.764,1109.109,-57.618,0.457,-6.061,-1.346,6.225,1.422,360959.3,360.96,34330.25,8730.25,1.073,0.962,-1.511,-6.052,1.260,2.628,66.282,Fuzzy
813,40.6495,32.788,1108.807,-57.685,0.490,-6.026,-1.360,6.197,1.446,360828.2,360.83,34324.33,8724.33,1.072,1.247,-1.101,-5.179,1.161,2.531,66.353,Fuzzy
814,40.6995,32.813,1108.506,-57.754,0.524,-5.992,-1.374,6.170,1.470,360697.3,360.70,34318.41,8718.41,1.072,1.485,-0.733,-4.334,1.029,2.432,66.425,Fuzzy
815,40.7495,32.841,1108.208,-57.823,0.560,-5.958,-1.386,6.143,1.495,360566.5,360.57,34312.50,8712.50,1.072,1.679,-0.413,-3.534,0.881,2.283,66.498,Fuzzy
816,40.7995,32.869,1107.911,-57.892,0.596,-5.924,-1.397,6.115,1.519,360435.5,360.44,34306.59,8706.59,1.072,1.833,-0.144,-2.793,0.730,2.092,66.573,Fuzzy
817,40.8495,32.900,1107.615,-57.962,0.630,-5.890,-1.407,6.088,1.542,360304.3,360.30,34300.68,8700.69,1.072,1.950,0.080,-2.124,0.676,1.870,66.649,Fuzzy
818,40.8995,32.933,1107.322,-58.033,0.664,-5.856,-1.418,6.062,1.566,360173.0,360.17,34294.78,8694.78,1.071,2.035,0.345,-1.536,0.883,1.626,66.726,Fuzzy
819,40.9495,32.967,1107.030,-58.104,0.696,-5.822,-1.431,6.036,1.592,360041.5,360.04,34288.87,8688.87,1.071,2.091,0.683,-1.033,1.117,1.375,66.805,Fuzzy
820,40.9996,33.002,1106.740,-58.176,0.727,-5.788,-1.446,6.010,1.619,359909.9,359.91,34282.97,8682.97,1.071,2.121,1.102,-0.615,1.370,1.129,66.885,Fuzzy
821,41.0496,33.039,1106.451,-58.249,0.755,-5.754,-1.463,5.985,1.647,359778.0,359.78,34277.07,8677.08,1.071,2.130,1.607,-0.278,1.634,0.901,66.967,Fuzzy
822,41.0996,33.078,1106.164,-58.323,0.782,-5.720,-1.482,5.961,1.675,359646.0,359.65,34271.18,8671.18,1.070,2.124,2.201,-0.013,1.899,0.700,67.050,Fuzzy
823,41.1496,33.117,1105.879,-58.397,0.808,-5.687,-1.502,5.937,1.705,359514.1,359.51,34265.28,8665.28,1.070,2.108,2.880,0.237,2.157,0.827,67.134,Fuzzy
824,41.1996,33.158,1105.595,-58.472,0.836,-5.653,-1.501,5.909,1.719,359382.3,359.38,34259.39,8659.39,1.070,2.087,2.870,0.551,-2.200,1.035,67.220,Fuzzy
825,41.2496,33.201,1105.314,-58.547,0.865,-5.620,-1.481,5.876,1.716,359250.8,359.25,34253.50,8653.50,1.070,2.056,2.176,0.939,-1.925,1.264,67.306,Fuzzy
826,41.2996,33.245,1105.033,-58.621,0.896,-5.587,-1.463,5.844,1.716,359119.3,359.12,34247.61,8647.61,1.070,2.007,1.578,1.404,-1.643,1.504,67.391,Fuzzy
827,41.3496,33.291,1104.755,-58.693,0.929,-5.554,-1.446,5.814,1.719,358987.8,358.99,34241.72,8641.72,1.069,1.933,1.076,1.949,-1.362,1.743,67.477,Fuzzy
828,41.3996,33.338,1104.478,-58.765,0.963,-5.521,-1.431,5.784,1.725,358856.3,358.86,34235.84,8635.84,1.069,1.829,0.667,2.570,-1.094,1.968,67.563,Fuzzy
829,41.4497,33.387,1104.203,-58.837,0.998,-5.488,-1.419,5.756,1.734,358724.9,358.72,34229.96,8629.96,1.069,1.691,0.346,3.261,-0.847,2.167,67.649,Fuzzy
830,41.4997,33.438,1103.929,-58.907,1.032,-5.456,-1.408,5.728,1.746,358593.4,358.59,34224.08,8624.08,1.069,1.516,0.103,4.010,-0.627,2.331,67.736,Fuzzy
831,41.5497,33.490,1103.657,-58.977,1.067,-5.423,-1.399,5.701,1.759,358461.6,358.46,34218.20,8618.20,1.069,1.304,-0.078,4.805,-0.525,2.454,67.823,Fuzzy
832,41.5997,33.544,1103.387,-59.047,1.100,-5.391,-1.389,5.674,1.772,358329.7,358.33,34212.32,8612.32,1.068,1.054,-0.265,5.630,-0.583,2.528,67.910,Fuzzy
833,41.6497,33.600,1103.118,-59.116,1.131,-5.358,-1.380,5.647,1.784,358197.5,358.20,34206.45,8606.45,1.068,0.773,-0.467,6.483,-0.620,2.712,67.998,Fuzzy
834,41.6997,33.657,1102.851,-59.185,1.162,-5.325,-1.370,5.620,1.797,358065.3,358.07,34200.58,8600.58,1.068,0.478,-0.675,7.450,-0.630,3.128,68.086,Fuzzy
835,41.7497,33.716,1102.586,-59.253,1.181,-5.293,-1.361,5.592,1.802,357933.1,357.93,34194.71,8594.71,1.068,0.327,-0.887,8.091,-0.666,-3.568,68.174,Fuzzy
836,41.7997,33.775,1102.322,-59.321,1.149,-5.261,-1.352,5.552,1.774,357800.8,357.80,34188.84,8588.84,1.068,0.526,-1.142,6.998,-0.872,-2.971,68.262,Fuzzy
837,41.8497,33.831,1102.060,-59.388,1.119,-5.229,-1.341,5.513,1.746,357668.5,357.67,34182.98,8582.98,1.067,0.803,-1.480,6.067,-1.147,-2.557,68.349,Fuzzy
838,41.8998,33.886,1101.799,-59.455,1.088,-5.197,-1.328,5.473,1.716,357536.4,357.54,34177.12,8577.12,1.067,1.064,-1.913,5.223,-1.439,-2.461,68.434,Fuzzy
839,41.9498,33.940,1101.540,-59.521,1.055,-5.165,-1.313,5.432,1.684,357404.8,357.40,34171.26,8571.26,1.067,1.296,-2.444,4.403,-1.736,-2.376,68.518,Fuzzy
840,41.9998,33.992,1101.282,-59.587,1.021,-5.133,-1.329,5.400,1.676,357273.2,357.27,34165.40,8565.40,1.067,1.498,-1.873,3.621,1.620,-2.245,68.601,Fuzzy
841,42.0498,34.042,1101.027,-59.654,0.988,-5.102,-1.344,5.368,1.668,357141.7,357.14,34159.54,8559.54,1.066,1.665,-1.361,2.893,1.432,-2.074,68.684,Fuzzy
842,42.0998,34.091,1100.772,-59.722,0.954,-5.070,-1.359,5.335,1.660,357010.1,357.01,34153.69,8553.69,1.066,1.797,-0.917,2.231,1.229,-1.868,68.767,Fuzzy
843,42.1498,34.138,1100.520,-59.790,0.922,-5.039,-1.371,5.303,1.652,356878.2,356.88,34147.84,8547.84,1.066,1.896,-0.542,1.643,1.025,-1.640,68.849,Fuzzy
844,42.1998,34.183,1100.268,-59.859,0.891,-5.008,-1.383,5.271,1.645,356746.0,356.75,34141.99,8541.99,1.066,1.966,-0.234,1.136,0.830,-1.400,68.931,Fuzzy
845,42.2498,34.227,1100.019,-59.928,0.861,-4.976,-1.392,5.239,1.637,356613.4,356.61,34136.14,8536.14,1.066,2.011,0.011,0.709,0.655,-1.162,69.013,Fuzzy
846,42.2998,34.269,1099.771,-59.998,0.834,-4.945,-1.402,5.207,1.631,356480.6,356.48,34130.29,8530.29,1.065,2.035,0.257,0.361,0.824,-0.938,69.095,Fuzzy
847,42.3498,34.310,1099.524,-60.068,0.808,-4.913,-1.413,5.176,1.628,356347.7,356.35,34124.45,8524.45,1.065,2.042,0.570,0.085,1.036,-0.738,69.177,Fuzzy
848,42.3999,34.350,1099.279,-60.139,0.783,-4.882,-1.426,5.146,1.627,356214.8,356.21,34118.61,8518.61,1.065,2.035,0.956,-0.149,1.268,-0.747,69.258,Fuzzy
849,42.4499,34.388,1099.036,-60.211,0.757,-4.851,-1.441,5.117,1.628,356082.0,356.08,34112.77,8512.77,1.065,2.015,1.422,-0.432,1.514,-0.941,69.339,Fuzzy
850,42.4999,34.426,1098.794,-60.284,0.730,-4.820,-1.458,5.088,1.630,355949.7,355.95,34106.93,8506.93,1.065,1.978,1.969,-0.784,1.763,-1.155,69.421,Fuzzy
851,42.5499,34.461,1098.554,-60.357,0.700,-4.790,-1.472,5.059,1.630,355817.8,355.82,34101.10,8501.10,1.064,1.927,2.463,-1.208,-2.004,-1.383,69.502,Fuzzy
852,42.5999,34.496,1098.315,-60.430,0.669,-4.759,-1.455,5.021,1.601,355686.2,355.69,34095.27,8495.27,1.064,1.858,1.841,-1.709,-1.724,-1.614,69.583,Fuzzy
853,42.6499,34.528,1098.078,-60.502,0.637,-4.729,-1.439,4.984,1.574,355554.6,355.55,34089.44,8489.44,1.064,1.765,1.313,-2.284,-1.444,-1.837,69.662,Fuzzy
854,42.6999,34.559,1097.842,-60.574,0.603,-4.699,-1.426,4.947,1.548,355423.1,355.42,34083.61,8483.61,1.064,1.642,0.879,-2.929,-1.172,-2.040,69.739,Fuzzy
855,42.7499,34.589,1097.608,-60.645,0.570,-4.669,-1.414,4.911,1.524,355291.6,355.29,34077.78,8477.78,1.064,1.486,0.534,-3.634,-0.917,-2.213,69.815,Fuzzy
856,42.7999,34.616,1097.375,-60.715,0.536,-4.639,-1.404,4.876,1.503,355159.9,355.16,34071.96,8471.96,1.063,1.293,0.271,-4.389,-0.686,-2.349,69.890,Fuzzy
857,42.8500,34.642,1097.144,-60.785,0.504,-4.609,-1.396,4.842,1.485,355028.1,355.03,34066.14,8466.14,1.063,1.063,0.080,-5.179,-0.481,-2.438,69.964,Fuzzy
858,42.9000,34.667,1096.915,-60.855,0.474,-4.579,-1.390,4.808,1.469,354895.8,354.90,34060.32,8460.32,1.063,0.801,-0.051,-5.987,-0.357,-2.477,70.036,Fuzzy
859,42.9500,34.690,1096.687,-60.924,0.444,-4.549,-1.384,4.775,1.454,354763.3,354.76,34054.50,8454.50,1.063,0.521,-0.167,-6.848,-0.338,-2.791,70.108,Fuzzy
860,43.0000,34.711,1096.460,-60.993,0.414,-4.519,-1.379,4.742,1.440,354631.1,354.63,34048.69,8448.69,1.062,0.316,-0.274,-7.841,-0.317,-3.259,70.179,Fuzzy
861,43.0500,34.732,1096.235,-61.062,0.433,-4.489,-1.372,4.714,1.439,354499.0,354.50,34042.88,8442.88,1.062,0.455,-0.395,-7.183,-0.435,3.044,70.249,Fuzzy
862,43.1000,34.754,1096.011,-61.131,0.463,-4.459,-1.364,4.686,1.441,354366.9,354.37,34037.07,8437.07,1.062,0.730,-0.577,-6.235,-0.650,2.618,70.319,Fuzzy
863,43.1500,34.778,1095.789,-61.199,0.493,-4.430,-1.355,4.658,1.442,354234.8,354.23,34031.26,8431.26,1.062,0.994,-0.835,-5.390,-0.893,2.462,70.390,Fuzzy
864,43.2000,34.804,1095.568,-61.266,0.525,-4.401,-1.343,4.631,1.442,354103.3,354.10,34025.45,8425.45,1.062,1.226,-1.178,-4.571,-1.155,2.388,70.462,Fuzzy
865,43.2500,34.831,1095.349,-61.333,0.557,-4.372,-1.329,4.603,1.441,353972.1,353.97,34019.65,8419.65,1.061,1.423,-1.609,-3.788,-1.431,2.265,70.533,Fuzzy
866,43.3001,34.859,1095.131,-61.399,0.590,-4.343,-1.314,4.575,1.440,353841.2,353.84,34013.85,8413.85,1.061,1.588,-2.132,-3.055,-1.713,2.102,70.605,Fuzzy
867,43.3501,34.890,1094.914,-61.465,0.624,-4.314,-1.317,4.554,1.457,353710.4,353.71,34008.05,8408.05,1.061,1.724,-2.005,-2.384,1.751,1.907,70.677,Fuzzy
868,43.4001,34.922,1094.699,-61.531,0.656,-4.285,-1.333,4.535,1.485,353579.5,353.58,34002.25,8402.25,1.061,1.832,-1.458,-1.784,1.531,1.687,70.750,Fuzzy
869,43.4501,34.955,1094.486,-61.598,0.687,-4.257,-1.347,4.517,1.512,353448.3,353.45,33996.45,8396.45,1.061,1.913,-0.988,-1.262,1.303,1.454,70.825,Fuzzy
870,43.5001,34.990,1094.274,-61.665,0.717,-4.228,-1.360,4.499,1.537,353316.8,353.32,33990.66,8390.66,1.060,1.968,-0.594,-0.819,1.078,1.219,70.901,Fuzzy
871,43.5501,35.027,1094.063,-61.734,0.745,-4.199,-1.371,4.480,1.560,353184.9,353.18,33984.87,8384.87,1.060,2.001,-0.274,-0.454,0.868,0.994,70.978,Fuzzy
872,43.6001,35.065,1093.854,-61.803,0.771,-4.170,-1.380,4.460,1.580,353052.8,353.05,33979.08,8379.08,1.060,2.016,-0.020,-0.161,0.681,0.789,71.057,Fuzzy
873,43.6501,35.104,1093.646,-61.872,0.795,-4.142,-1.389,4.440,1.600,352920.5,352.92,33973.29,8373.29,1.060,2.017,0.218,0.073,0.793,0.687,71.137,Fuzzy
874,43.7001,35.144,1093.439,-61.941,0.820,-4.113,-1.399,4.421,1.622,352788.4,352.79,33967.51,8367.51,1.059,2.004,0.516,0.333,0.993,0.871,71.217,Fuzzy
875,43.7501,35.186,1093.235,-62.012,0.847,-4.085,-1.411,4.404,1.646,352656.8,352.66,33961.73,8361.73,1.059,1.974,0.885,0.659,1.213,1.077,71.299,Fuzzy
876,43.8002,35.229,1093.031,-62.083,0.876,-4.057,-1.425,4.388,1.673,352525.5,352.53,33955.95,8355.95,1.059,1.925,1.327,1.055,1.444,1.298,71.382,Fuzzy
877,43.8502,35.274,1092.829,-62.154,0.906,-4.029,-1.440,4.373,1.702,352394.6,352.39,33950.16,8350.17,1.059,1.854,1.845,1.524,1.674,1.525,71.466,Fuzzy
878,43.9002,35.320,1092.628,-62.227,0.937,-4.001,-1.450,4.358,1.727,352264.2,352.26,33944.39,8344.39,1.059,1.760,2.188,2.067,-1.846,1.746,71.552,Fuzzy
879,43.9502,35.367,1092.429,-62.299,0.969,-3.974,-1.434,4.334,1.731,352134.0,352.13,33938.62,8338.62,1.058,1.643,1.623,2.679,-1.562,1.952,71.638,Fuzzy
880,44.0002,35.417,1092.231,-62.370,1.002,-3.946,-1.420,4.312,1.738,352003.8,352.00,33932.85,8332.85,1.058,1.497,1.152,3.353,-1.282,2.132,71.724,Fuzzy
881,44.0502,35.468,1092.034,-62.441,1.035,-3.919,-1.407,4.291,1.747,351873.6,351.87,33927.08,8327.08,1.058,1.318,0.774,4.080,-1.015,2.278,71.811,Fuzzy
882,44.1002,35.520,1091.839,-62.511,1.067,-3.892,-1.397,4.270,1.758,351743.0,351.74,33921.30,8321.31,1.058,1.103,0.482,4.845,-0.768,2.381,71.898,Fuzzy
883,44.1502,35.574,1091.645,-62.580,1.097,-3.864,-1.388,4.250,1.770,351612.4,351.61,33915.55,8315.55,1.058,0.852,0.268,5.634,-0.544,2.435,71.985,Fuzzy
884,44.2002,35.630,1091.453,-62.650,1.126,-3.837,-1.382,4.231,1.782,351481.3,351.48,33909.78,8309.78,1.057,0.575,0.124,6.442,-0.345,2.585,72.073,Fuzzy
885,44.2503,35.687,1091.261,-62.719,1.154,-3.810,-1.377,4.212,1.796,351350.3,351.35,33904.02,8304.02,1.057,0.317,0.041,7.349,-0.181,2.965,72.161,Fuzzy
886,44.3003,35.745,1091.072,-62.787,1.153,-3.782,-1.373,4.186,1.793,351219.4,351.22,33898.26,8298.26,1.057,0.350,-0.007,7.321,-0.146,-3.066,72.249,Fuzzy
887,44.3503,35.802,1090.883,-62.856,1.124,-3.755,-1.369,4.152,1.771,351088.6,351.09,33892.50,8292.50,1.057,0.620,-0.081,6.371,-0.297,-2.638,72.337,Fuzzy
888,44.4003,35.857,1090.696,-62.924,1.096,-3.728,-1.363,4.118,1.749,350957.9,350.96,33886.75,8286.75,1.056,0.893,-0.212,5.532,-0.479,-2.441,72.424,Fuzzy
889,44.4503,35.911,1090.510,-62.992,1.065,-3.702,-1.356,4.083,1.724,350827.7,350.83,33881.00,8281.00,1.056,1.134,-0.406,4.721,-0.684,-2.383,72.510,Fuzzy
890,44.5003,35.964,1090.326,-63.060,1.033,-3.675,-1.347,4.048,1.697,350697.8,350.70,33875.25,8275.25,1.056,1.340,-0.673,3.940,-0.912,-2.274,72.594,Fuzzy
891,44.5503,36.015,1090.143,-63.127,1.000,-3.649,-1.336,4.012,1.669,350568.2,350.57,33869.50,8269.50,1.056,1.508,-1.017,3.204,-1.159,-2.123,72.678,Fuzzy
892,44.6003,36.064,1089.961,-63.193,0.968,-3.623,-1.323,3.976,1.639,350438.9,350.44,33863.75,8263.75,1.056,1.643,-1.445,2.528,-1.421,-1.936,72.760,Fuzzy
893,44.6503,36.111,1089.781,-63.259,0.936,-3.596,-1.308,3.940,1.609,350309.8,350.31,33858.01,8258.01,1.055,1.749,-1.960,1.920,-1.691,-1.723,72.841,Fuzzy
894,44.7003,36.158,1089.601,-63.325,0.906,-3.570,-1.318,3.912,1.599,350180.5,350.18,33852.27,8252.27,1.055,1.831,-1.623,1.387,1.611,-1.496,72.920,Fuzzy
895,44.7504,36.202,1089.423,-63.391,0.877,-3.544,-1.332,3.887,1.595,350051.1,350.05,33846.53,8246.53,1.055,1.891,-1.129,0.932,1.376,-1.265,73.000,Fuzzy
896,44.8004,36.245,1089.247,-63.458,0.849,-3.518,-1.345,3.861,1.591,349921.2,349.92,33840.79,8240.79,1.055,1.930,-0.714,0.552,1.144,-1.042,73.079,Fuzzy
897,44.8504,36.287,1089.072,-63.525,0.824,-3.492,-1.357,3.836,1.587,349791.3,349.79,33835.05,8235.06,1.055,1.951,-0.374,0.245,0.927,-0.836,73.159,Fuzzy
898,44.9004,36.328,1088.898,-63.593,0.800,-3.466,-1.366,3.810,1.583,349661.0,349.66,33829.32,8229.32,1.054,1.958,-0.103,0.002,0.732,-0.654,73.238,Fuzzy
899,44.9504,36.367,1088.725,-63.662,0.776,-3.440,-1.374,3.785,1.578,349530.7,349.53,33823.59,8223.59,1.054,1.951,0.121,-0.233,0.709,-0.789,73.317,Fuzzy
900,45.0004,36.405,1088.554,-63.731,0.750,-3.414,-1.384,3.760,1.574,349400.7,349.40,33817.86,8217.86,1.054,1.931,0.387,-0.528,0.891,-0.984,73.396,Fuzzy
901,45.0504,36.442,1088.384,-63.800,0.723,-3.389,-1.395,3.735,1.571,349271.2,349.27,33812.13,8212.13,1.054,1.892,0.717,-0.889,1.093,-1.196,73.475,Fuzzy
902,45.1004,36.477,1088.215,-63.870,0.695,-3.363,-1.407,3.711,1.569,349142.3,349.14,33806.41,8206.41,1.053,1.833,1.115,-1.322,1.308,-1.418,73.553,Fuzzy
903,45.1504,36.511,1088.047,-63.941,0.665,-3.338,-1.421,3.689,1.569,349013.7,349.01,33800.69,8200.69,1.053,1.750,1.583,-1.827,1.524,-1.638,73.631,Fuzzy
904,45.2005,36.544,1087.881,-64.013,0.634,-3.313,-1.433,3.665,1.567,348885.6,348.89,33794.96,8194.97,1.053,1.642,2.006,-2.401,-1.733,-1.847,73.709,Fuzzy
905,45.2505,36.575,1087.716,-64.084,0.602,-3.288,-1.419,3.632,1.541,348757.6,348.76,33789.25,8189.25,1.053,1.510,1.480,-3.039,-1.453,-2.035,73.787,Fuzzy
906,45.3005,36.604,1087.552,-64.154,0.570,-3.264,-1.406,3.599,1.517,348629.8,348.63,33783.53,8183.53,1.053,1.347,1.048,-3.733,-1.179,-2.193,73.862,Fuzzy
907,45.3505,36.632,1087.390,-64.224,0.538,-3.239,-1.395,3.567,1.495,348501.8,348.50,33777.82,8177.82,1.052,1.150,0.704,-4.470,-0.920,-2.312,73.937,Fuzzy
908,45.4005,36.658,1087.228,-64.294,0.508,-3.214,-1.386,3.537,1.476,348373.7,348.37,33772.10,8172.10,1.052,0.919,0.443,-5.236,-0.682,-2.386,74.010,Fuzzy
909,45.4505,36.683,1087.068,-64.363,0.479,-3.189,-1.379,3.508,1.460,348245.3,348.25,33766.39,8166.39,1.052,0.658,0.257,-6.015,-0.467,-2.410,74.083,Fuzzy
910,45.5005,36.706,1086.909,-64.432,0.452,-3.165,-1.374,3.479,1.446,348116.7,348.12,33760.68,8160.68,1.052,0.395,0.138,-6.845,-0.281,-2.715,74.154,Fuzzy
911,45.5505,36.728,1086.752,-64.501,0.436,-3.140,-1.369,3.453,1.437,347988.2,347.99,33754.98,8154.98,1.052,0.300,0.067,-7.390,-0.179,3.085,74.224,Fuzzy
912,45.6005,36.750,1086.595,-64.569,0.463,-3.115,-1.365,3.433,1.441,347859.9,347.86,33749.27,8149.27,1.051,0.519,0.003,-6.445,-0.217,2.625,74.295,Fuzzy
913,45.6506,36.774,1086.440,-64.637,0.490,-3.091,-1.359,3.412,1.445,347731.6,347.73,33743.57,8143.57,1.051,0.785,-0.092,-5.619,-0.363,2.404,74.366,Fuzzy
914,45.7006,36.799,1086.286,-64.705,0.519,-3.067,-1.352,3.392,1.448,347603.8,347.60,33737.88,8137.87,1.051,1.028,-0.244,-4.821,-0.545,2.358,74.437,Fuzzy
915,45.7506,36.826,1086.134,-64.772,0.550,-3.043,-1.343,3.371,1.452,347476.5,347.48,33732.18,8132.18,1.051,1.237,-0.459,-4.049,-0.750,2.262,74.509,Fuzzy
916,45.8006,36.854,1085.982,-64.839,0.581,-3.019,-1.333,3.351,1.454,347349.5,347.35,33726.48,8126.48,1.051,1.410,-0.745,-3.319,-0.977,2.123,74.581,Fuzzy
917,45.8506,36.884,1085.832,-64.905,0.612,-2.995,-1.321,3.330,1.456,347222.9,347.22,33720.79,8120.79,1.050,1.550,-1.109,-2.644,-1.222,1.947,74.654,Fuzzy
918,45.9006,36.916,1085.682,-64.971,0.643,-2.972,-1.307,3.309,1.456,347096.3,347.10,33715.09,8115.10,1.050,1.658,-1.554,-2.033,-1.479,1.744,74.726,Fuzzy
919,45.9506,36.948,1085.535,-65.036,0.672,-2.948,-1.291,3.288,1.456,346970.1,346.97,33709.41,8109.41,1.050,1.741,-2.085,-1.494,-1.742,1.524,74.799,Fuzzy
920,46.0006,36.983,1085.388,-65.101,0.701,-2.925,-1.295,3.274,1.472,346843.6,346.84,33703.72,8103.72,1.050,1.804,-1.959,-1.031,1.757,1.298,74.872,Fuzzy
921,46.0506,37.019,1085.242,-65.166,0.728,-2.901,-1.310,3.266,1.499,346717.1,346.72,33698.04,8098.03,1.050,1.850,-1.420,-0.641,1.518,1.079,74.946,Fuzzy
922,46.1006,37.056,1085.098,-65.232,0.753,-2.878,-1.324,3.256,1.523,346590.3,346.59,33692.35,8092.35,1.049,1.879,-0.961,-0.323,1.279,0.874,75.022,Fuzzy
923,46.1507,37.094,1084.954,-65.298,0.777,-2.854,-1.336,3.246,1.546,346463.3,346.46,33686.67,8086.67,1.049,1.893,-0.580,-0.069,1.050,0.691,75.099,Fuzzy
924,46.2007,37.133,1084.812,-65.365,0.800,-2.831,-1.347,3.235,1.566,346336.2,346.34,33680.99,8080.99,1.049,1.893,-0.272,0.150,0.841,0.717,75.176,Fuzzy
925,46.2507,37.174,1084.671,-65.433,0.824,-2.808,-1.356,3.225,1.586,346209.2,346.21,33675.31,8075.31,1.049,1.880,-0.028,0.418,0.657,0.900,75.255,Fuzzy
926,46.3007,37.216,1084.531,-65.501,0.850,-2.785,-1.364,3.215,1.607,346082.5,346.08,33669.64,8069.64,1.049,1.850,0.192,0.748,0.738,1.102,75.335,Fuzzy
927,46.3507,37.259,1084.393,-65.569,0.877,-2.762,-1.374,3.207,1.630,345956.4,345.96,33663.96,8063.97,1.048,1.800,0.465,1.147,0.913,1.317,75.416,Fuzzy
928,46.4007,37.303,1084.255,-65.638,0.906,-2.739,-1.385,3.200,1.655,345830.8,345.83,33658.30,8058.30,1.048,1.726,0.798,1.616,1.101,1.534,75.498,Fuzzy
929,46.4507,37.349,1084.119,-65.708,0.936,-2.716,-1.397,3.195,1.681,345705.6,345.71,33652.63,8052.63,1.048,1.625,1.192,2.154,1.294,1.742,75.581,Fuzzy
930,46.5007,37.397,1083.984,-65.778,0.966,-2.694,-1.411,3.191,1.710,345580.8,345.58,33646.96,8046.96,1.048,1.495,1.648,2.755,1.482,1.932,75.665,Fuzzy
931,46.5507,37.446,1083.849,-65.849,0.997,-2.672,-1.425,3.188,1.739,345456.3,345.46,33641.30,8041.30,1.047,1.335,2.162,3.413,1.654,2.094,75.751,Fuzzy
932,46.6008,37.497,1083.716,-65.920,1.028,-2.650,-1.413,3.174,1.747,345332.0,345.33,33635.63,8035.63,1.047,1.148,1.748,4.116,-1.457,2.221,75.838,Fuzzy
933,46.6508,37.549,1083.584,-65.990,1.057,-2.628,-1.400,3.160,1.755,345207.5,345.21,33629.98,8029.98,1.047,0.932,1.317,4.851,-1.176,2.308,75.925,Fuzzy
934,46.7008,37.602,1083.454,-66.060,1.085,-2.605,-1.389,3.146,1.763,345082.8,345.08,33624.32,8024.32,1.047,0.689,0.977,5.605,-0.908,2.349,76.012,Fuzzy
935,46.7508,37.657,1083.324,-66.129,1.111,-2.583,-1.380,3.132,1.772,344957.7,344.96,33618.66,8018.66,1.047,0.436,0.723,6.372,-0.661,2.465,76.099,Fuzzy
936,46.8008,37.714,1083.196,-66.198,1.137,-2.561,-1.372,3.120,1.782,344832.5,344.83,33613.01,8013.01,1.046,0.285,0.541,7.231,-0.478,2.863,76.187,Fuzzy
937,46.8508,37.770,1083.068,-66.266,1.115,-2.539,-1.366,3.091,1.763,344707.6,344.71,33607.35,8007.35,1.046,0.453,0.391,6.488,-0.450,-2.612,76.274,Fuzzy
938,46.9008,37.825,1082.942,-66.334,1.089,-2.517,-1.359,3.061,1.742,344582.9,344.58,33601.70,8001.70,1.046,0.711,0.241,5.672,-0.456,-2.376,76.361,Fuzzy
939,46.9508,37.879,1082.816,-66.402,1.061,-2.495,-1.353,3.030,1.719,344458.6,344.46,33596.05,7996.06,1.046,0.955,0.093,4.885,-0.440,-2.338,76.446,Fuzzy
940,47.0008,37.931,1082.692,-66.470,1.032,-2.474,-1.346,2.999,1.696,344334.8,344.33,33590.41,7990.41,1.046,1.167,-0.048,4.122,-0.453,-2.252,76.531,Fuzzy
941,47.0509,37.982,1082.569,-66.537,1.001,-2.452,-1.339,2.968,1.672,344211.3,344.21,33584.77,7984.77,1.045,1.345,-0.227,3.397,-0.630,-2.122,76.614,Fuzzy
942,47.1009,38.031,1082.447,-66.603,0.971,-2.431,-1.329,2.936,1.646,344088.2,344.09,33579.13,7979.12,1.045,1.488,-0.468,2.723,-0.829,-1.954,76.697,Fuzzy
943,47.1509,38.079,1082.326,-66.670,0.941,-2.410,-1.319,2.904,1.620,343965.2,343.97,33573.48,7973.48,1.045,1.599,-0.778,2.112,-1.051,-1.757,76.778,Fuzzy
944,47.2009,38.125,1082.206,-66.735,0.912,-2.389,-1.306,2.871,1.593,343842.4,343.84,33567.84,7967.85,1.045,1.681,-1.162,1.570,-1.289,-1.542,76.858,Fuzzy
945,47.2509,38.170,1082.087,-66.800,0.884,-2.368,-1.292,2.838,1.565,343719.7,343.72,33562.21,7962.21,1.045,1.737,-1.626,1.102,-1.538,-1.319,76.937,Fuzzy
946,47.3009,38.214,1081.969,-66.864,0.857,-2.347,-1.276,2.805,1.537,343597.0,343.60,33556.58,7956.58,1.044,1.775,-2.171,0.707,-1.790,-1.100,77.014,Fuzzy
947,47.3509,38.256,1081.852,-66.928,0.832,-2.326,-1.280,2.782,1.526,343474.4,343.47,33550.95,7950.95,1.044,1.801,-2.044,0.383,1.793,-0.896,77.090,Fuzzy
948,47.4009,38.297,1081.737,-66.993,0.809,-2.305,-1.296,2.765,1.527,343351.6,343.35,33545.32,7945.32,1.044,1.818,-1.496,0.122,1.548,-0.713,77.166,Fuzzy
949,47.4509,38.337,1081.622,-67.058,0.787,-2.284,-1.310,2.748,1.528,343228.5,343.23,33539.69,7939.69,1.044,1.823,-1.030,-0.090,1.304,-0.657,77.243,Fuzzy
950,47.5009,38.376,1081.508,-67.123,0.765,-2.263,-1.323,2.731,1.528,343105.7,343.11,33534.06,7934.06,1.044,1.817,-0.644,-0.335,1.072,-0.829,77.319,Fuzzy
951,47.5510,38.413,1081.396,-67.190,0.741,-2.243,-1.334,2.712,1.525,342983.1,342.98,33528.44,7928.44,1.043,1.796,-0.330,-0.639,0.859,-1.022,77.396,Fuzzy
952,47.6010,38.450,1081.284,-67.257,0.715,-2.222,-1.343,2.693,1.521,342860.8,342.86,33522.82,7922.82,1.043,1.756,-0.083,-1.008,0.670,-1.229,77.472,Fuzzy
953,47.6510,38.485,1081.173,-67.324,0.688,-2.202,-1.351,2.673,1.516,342738.8,342.74,33517.20,7917.20,1.043,1.695,0.120,-1.446,0.651,-1.442,77.548,Fuzzy
954,47.7010,38.519,1081.064,-67.392,0.659,-2.181,-1.360,2.654,1.512,342617.5,342.62,33511.58,7911.58,1.043,1.608,0.358,-1.952,0.795,-1.651,77.623,Fuzzy
955,47.7510,38.551,1080.955,-67.460,0.630,-2.161,-1.371,2.636,1.509,342496.4,342.50,33505.96,7905.96,1.043,1.492,0.644,-2.522,0.947,-1.845,77.698,Fuzzy
956,47.8010,38.582,1080.848,-67.529,0.600,-2.141,-1.382,2.619,1.507,342375.8,342.38,33500.35,7900.35,1.043,1.345,0.979,-3.150,1.099,-2.014,77.773,Fuzzy
957,47.8510,38.611,1080.741,-67.598,0.571,-2.122,-1.395,2.602,1.507,342255.3,342.26,33494.74,7894.74,1.042,1.162,1.361,-3.825,1.240,-2.149,77.848,Fuzzy
958,47.9010,38.639,1080.636,-67.669,0.542,-2.102,-1.407,2.587,1.508,342135.1,342.14,33489.13,7889.13,1.042,0.946,1.785,-4.535,1.359,-2.242,77.923,Fuzzy
959,47.9510,38.665,1080.531,-67.739,0.514,-2.082,-1.413,2.568,1.503,342014.6,342.01,33483.52,7883.52,1.042,0.699,1.962,-5.265,-1.371,-2.287,77.997,Fuzzy
960,48.0011,38.690,1080.427,-67.809,0.488,-2.062,-1.401,2.541,1.484,341894.0,341.89,33477.91,7877.91,1.042,0.434,1.563,-6.000,-1.081,-2.284,78.071,Fuzzy
961,48.0511,38.714,1080.325,-67.879,0.464,-2.043,-1.392,2.515,1.467,341773.2,341.77,33472.31,7872.31,1.042,0.221,1.254,-6.772,-0.827,-2.557,78.143,Fuzzy
962,48.1011,38.737,1080.223,-67.949,0.474,-2.023,-1.383,2.496,1.462,341652.5,341.65,33466.71,7866.71,1.041,0.354,1.001,-6.416,-0.750,2.507,78.215,Fuzzy
963,48.1511,38.761,1080.122,-68.018,0.498,-2.003,-1.374,2.480,1.461,341532.0,341.53,33461.11,7861.11,1.041,0.621,0.756,-5.629,-0.737,2.319,78.287,Fuzzy
964,48.2011,38.787,1080.023,-68.086,0.525,-1.984,-1.364,2.464,1.462,341412.0,341.41,33455.51,7855.51,1.041,0.869,0.520,-4.863,-0.695,2.293,78.359,Fuzzy
965,48.2511,38.814,1079.924,-68.154,0.553,-1.965,-1.355,2.450,1.463,341292.6,341.29,33449.91,7849.91,1.041,1.085,0.304,-4.116,-0.630,2.216,78.431,Fuzzy
966,48.3011,38.842,1079.826,-68.222,0.582,-1.946,-1.346,2.437,1.466,341173.5,341.17,33444.32,7844.32,1.041,1.265,0.111,-3.405,-0.552,2.093,78.504,Fuzzy
967,48.3511,38.872,1079.729,-68.289,0.611,-1.927,-1.338,2.424,1.471,341054.6,341.05,33438.73,7838.73,1.040,1.411,-0.058,-2.742,-0.530,1.933,78.577,Fuzzy
968,48.4011,38.903,1079.634,-68.355,0.640,-1.908,-1.329,2.412,1.475,340935.9,340.94,33433.14,7833.14,1.040,1.526,-0.260,-2.139,-0.703,1.744,78.651,Fuzzy
969,48.4512,38.936,1079.539,-68.422,0.668,-1.889,-1.318,2.399,1.478,340817.3,340.82,33427.55,7827.55,1.040,1.611,-0.523,-1.602,-0.899,1.536,78.724,Fuzzy
970,48.5012,38.970,1079.445,-68.487,0.694,-1.870,-1.306,2.385,1.479,340698.8,340.70,33421.96,7821.96,1.040,1.670,-0.853,-1.137,-1.115,1.319,78.798,Fuzzy
971,48.5512,39.005,1079.352,-68.552,0.720,-1.852,-1.292,2.370,1.479,340580.4,340.58,33416.38,7816.38,1.040,1.707,-1.256,-0.743,-1.347,1.104,78.872,Fuzzy
972,48.6012,39.042,1079.260,-68.616,0.744,-1.833,-1.277,2.355,1.478,340462.2,340.46,33410.80,7810.80,1.039,1.725,-1.734,-0.419,-1.586,0.901,78.946,Fuzzy
973,48.6512,39.080,1079.168,-68.680,0.766,-1.815,-1.261,2.338,1.475,340344.0,340.34,33405.21,7805.21,1.039,1.732,-2.289,-0.158,-1.826,0.719,79.020,Fuzzy
974,48.7012,39.119,1079.078,-68.742,0.787,-1.796,-1.254,2.327,1.480,340225.9,340.23,33399.64,7799.64,1.039,1.734,-2.527,0.050,1.967,0.607,79.094,Fuzzy
975,48.7512,39.158,1078.989,-68.806,0.808,-1.778,-1.271,2.330,1.506,340108.0,340.11,33394.06,7794.06,1.039,1.732,-1.924,0.275,1.722,0.768,79.168,Fuzzy
976,48.8012,39.199,1078.900,-68.869,0.832,-1.760,-1.286,2.333,1.532,339990.4,339.99,33388.48,7788.48,1.039,1.721,-1.404,0.557,1.475,0.952,79.244,Fuzzy
977,48.8512,39.242,1078.813,-68.934,0.856,-1.741,-1.300,2.336,1.557,339873.2,339.87,33382.91,7782.91,1.039,1.694,-0.964,0.901,1.232,1.152,79.321,Fuzzy
978,48.9012,39.285,1078.726,-68.999,0.882,-1.723,-1.313,2.339,1.582,339756.2,339.76,33377.34,7777.34,1.038,1.647,-0.603,1.310,1.002,1.360,79.399,Fuzzy
979,48.9513,39.330,1078.640,-69.065,0.909,-1.705,-1.324,2.342,1.606,339639.5,339.64,33371.77,7771.77,1.038,1.575,-0.314,1.787,0.791,1.569,79.479,Fuzzy
980,49.0013,39.376,1078.556,-69.132,0.937,-1.688,-1.333,2.346,1.629,339523.1,339.52,33366.20,7766.21,1.038,1.477,-0.090,2.329,0.604,1.766,79.559,Fuzzy
981,49.0513,39.424,1078.471,-69.199,0.966,-1.670,-1.340,2.349,1.652,339406.8,339.41,33360.64,7760.64,1.038,1.349,0.085,2.930,0.540,1.942,79.641,Fuzzy
982,49.1013,39.473,1078.388,-69.266,0.995,-1.652,-1.349,2.354,1.676,339291.0,339.29,33355.08,7755.08,1.038,1.189,0.276,3.581,0.628,2.089,79.724,Fuzzy
983,49.1513,39.523,1078.306,-69.334,1.024,-1.635,-1.358,2.359,1.700,339175.2,339.18,33349.52,7749.52,1.037,0.995,0.495,4.272,0.710,2.198,79.807,Fuzzy
984,49.2013,39.575,1078.225,-69.402,1.051,-1.617,-1.367,2.364,1.724,339059.4,339.06,33343.95,7743.96,1.037,0.768,0.736,4.989,0.775,2.262,79.892,Fuzzy
985,49.2513,39.628,1078.145,-69.470,1.076,-1.600,-1.376,2.369,1.747,338943.6,338.94,33338.40,7738.40,1.037,0.509,0.994,5.715,0.813,2.275,79.978,Fuzzy
986,49.3013,39.683,1078.065,-69.539,1.099,-1.582,-1.385,2.373,1.769,338827.6,338.83,33332.84,7732.84,1.037,0.249,1.258,6.451,0.823,2.398,80.065,Fuzzy
987,49.3513,39.738,1077.987,-69.609,1.095,-1.565,-1.395,2.365,1.773,338711.6,338.71,33327.29,7727.29,1.037,0.249,1.534,6.277,0.926,-2.360,80.153,Fuzzy
988,49.4014,39.792,1077.909,-69.679,1.072,-1.548,-1.405,2.349,1.768,338595.9,338.60,33321.73,7721.74,1.037,0.500,1.876,5.532,1.188,-2.233,80.240,Fuzzy
989,49.4514,39.845,1077.832,-69.749,1.047,-1.530,-1.410,2.330,1.756,338481.0,338.48,33316.19,7716.19,1.036,0.754,2.030,4.794,-1.400,-2.221,80.328,Fuzzy
990,49.5014,39.897,1077.756,-69.819,1.020,-1.514,-1.398,2.299,1.730,338366.7,338.37,33310.64,7710.64,1.036,0.981,1.587,4.072,-1.306,-2.158,80.415,Fuzzy
991,49.5514,39.947,1077.680,-69.889,0.992,-1.497,-1.386,2.268,1.704,338252.8,338.25,33305.09,7705.09,1.036,1.174,1.181,3.380,-1.180,-2.049,80.500,Fuzzy
992,49.6014,39.996,1077.606,-69.958,0.963,-1.480,-1.374,2.238,1.678,338139.1,338.14,33299.55,7699.55,1.036,1.331,0.821,2.732,-1.036,-1.901,80.584,Fuzzy
993,49.6514,40.043,1077.532,-70.026,0.935,-1.463,-1.364,2.208,1.653,338025.4,338.03,33294.00,7694.01,1.036,1.455,0.510,2.141,-0.883,-1.721,80.667,Fuzzy
994,49.7014,40.089,1077.460,-70.094,0.908,-1.447,-1.354,2.180,1.630,337911.8,337.91,33288.46,7688.46,1.035,1.549,0.249,1.612,-0.734,-1.521,80.749,Fuzzy
995,49.7514,40.134,1077.388,-70.162,0.881,-1.430,-1.346,2.153,1.609,337798.2,337.80,33282.93,7682.93,1.035,1.617,0.035,1.152,-0.596,-1.311,80.830,Fuzzy
996,49.8014,40.177,1077.317,-70.229,0.857,-1.414,-1.338,2.127,1.589,337684.5,337.68,33277.39,7677.39,1.035,1.662,-0.162,0.762,-0.670,-1.102,80.909,Fuzzy
997,49.8514,40.220,1077.246,-70.296,0.833,-1.397,-1.329,2.101,1.569,337570.8,337.57,33271.85,7671.85,1.035,1.688,-0.409,0.438,-0.847,-0.904,80.988,Fuzzy
998,49.9015,40.261,1077.177,-70.362,0.811,-1.381,-1.318,2.074,1.548,337457.2,337.46,33266.32,7666.32,1.035,1.697,-0.717,0.177,-1.044,-0.724,81.066,Fuzzy
999,49.9515,40.301,1077.108,-70.428,0.790,-1.364,-1.306,2.047,1.527,337343.7,337.34,33260.79,7660.79,1.035,1.694,-1.092,-0.030,-1.257,-0.584,81.143,Fuzzy
1000,50.0015,40.340,1077.040,-70.492,0.770,-1.348,-1.293,2.020,1.504,337230.6,337.23,33255.26,7655.26,1.034,1.680,-1.536,-0.245,-1.481,-0.735,81.219,Fuzzy
1001,50.0515,40.378,1076.973,-70.557,0.747,-1.332,-1.278,1.991,1.480,337118.0,337.12,33249.73,7649.73,1.034,1.655,-2.053,-0.513,-1.707,-0.907,81.293,Fuzzy
1002,50.1015,40.415,1076.907,-70.621,0.724,-1.316,-1.281,1.974,1.471,337005.9,337.01,33244.20,7644.21,1.034,1.620,-1.935,-0.839,1.693,-1.097,81.367,Fuzzy
1003,50.1515,40.450,1076.842,-70.685,0.699,-1.300,-1.296,1.964,1.472,336894.3,336.89,33238.68,7638.68,1.034,1.573,-1.426,-1.228,1.443,-1.297,81.441,Fuzzy
1004,50.2015,40.484,1076.777,-70.750,0.673,-1.284,-1.309,1.954,1.472,336782.8,336.78,33233.16,7633.16,1.034,1.506,-1.000,-1.681,1.198,-1.499,81.514,Fuzzy
1005,50.2515,40.517,1076.713,-70.816,0.647,-1.269,-1.321,1.942,1.470,336671.7,336.67,33227.64,7627.64,1.034,1.415,-0.651,-2.197,0.967,-1.693,81.588,Fuzzy
1006,50.3015,40.549,1076.650,-70.882,0.619,-1.253,-1.331,1.930,1.467,336560.7,336.56,33222.12,7622.12,1.033,1.296,-0.375,-2.772,0.754,-1.869,81.661,Fuzzy
1007,50.3516,40.579,1076.588,-70.949,0.591,-1.238,-1.339,1.917,1.464,336449.8,336.45,33216.61,7616.60,1.033,1.147,-0.164,-3.397,0.565,-2.017,81.734,Fuzzy
1008,50.4016,40.608,1076.527,-71.016,0.564,-1.222,-1.346,1.903,1.459,336339.2,336.34,33211.09,7611.09,1.033,0.966,-0.011,-4.063,0.398,-2.131,81.806,Fuzzy
1009,50.4516,40.636,1076.466,-71.083,0.537,-1.207,-1.352,1.890,1.455,336228.6,336.23,33205.58,7605.58,1.033,0.755,0.111,-4.757,0.382,-2.204,81.879,Fuzzy
1010,50.5016,40.662,1076.406,-71.151,0.512,-1.191,-1.358,1.878,1.451,336117.8,336.12,33200.07,7600.07,1.033,0.518,0.234,-5.465,0.379,-2.231,81.951,Fuzzy
1011,50.5516,40.687,1076.347,-71.219,0.490,-1.176,-1.363,1.866,1.449,336006.8,336.01,33194.56,7594.56,1.033,0.291,0.353,-6.174,0.360,-2.264,82.022,Fuzzy
1012,50.6016,40.711,1076.288,-71.288,0.490,-1.160,-1.369,1.860,1.454,335895.9,335.90,33189.05,7589.05,1.032,0.278,0.473,-6.154,0.411,2.309,82.093,Fuzzy
1013,50.6516,40.736,1076.231,-71.356,0.512,-1.145,-1.375,1.861,1.467,335785.2,335.79,33183.54,7583.54,1.032,0.492,0.635,-5.421,0.592,2.209,82.165,Fuzzy
1014,50.7016,40.763,1076.174,-71.425,0.537,-1.130,-1.383,1.865,1.483,335675.3,335.68,33178.04,7578.04,1.032,0.720,0.863,-4.698,0.810,2.183,82.238,Fuzzy
1015,50.7516,40.790,1076.118,-71.494,0.563,-1.115,-1.392,1.870,1.501,335565.9,335.57,33172.54,7572.54,1.032,0.924,1.164,-3.992,1.045,2.112,82.312,Fuzzy
1016,50.8017,40.819,1076.062,-71.564,0.590,-1.100,-1.403,1.878,1.522,335457.2,335.46,33167.04,7567.04,1.032,1.099,1.542,-3.319,1.292,2.001,82.387,Fuzzy
1017,50.8517,40.849,1076.007,-71.634,0.617,-1.086,-1.400,1.876,1.530,335348.8,335.35,33161.54,7561.54,1.032,1.247,1.446,-2.689,-1.340,1.854,82.463,Fuzzy
1018,50.9017,40.881,1075.954,-71.704,0.644,-1.071,-1.388,1.868,1.530,335240.6,335.24,33156.04,7556.04,1.031,1.368,1.039,-2.114,-1.172,1.681,82.539,Fuzzy
1019,50.9517,40.913,1075.900,-71.773,0.670,-1.057,-1.377,1.861,1.532,335132.3,335.13,33150.55,7550.55,1.031,1.463,0.689,-1.600,-0.999,1.488,82.615,Fuzzy
1020,51.0017,40.948,1075.848,-71.842,0.695,-1.042,-1.367,1.855,1.534,335024.0,335.02,33145.05,7545.05,1.031,1.533,0.395,-1.151,-0.831,1.285,82.692,Fuzzy
1021,51.0517,40.983,1075.796,-71.910,0.719,-1.028,-1.359,1.849,1.538,334915.6,334.92,33139.56,7539.56,1.031,1.581,0.154,-0.769,-0.675,1.083,82.769,Fuzzy
1022,51.1017,41.019,1075.745,-71.978,0.742,-1.013,-1.352,1.845,1.542,334807.2,334.81,33134.07,7534.07,1.031,1.610,-0.041,-0.452,-0.571,0.892,82.846,Fuzzy
1023,51.1517,41.057,1075.695,-72.045,0.763,-0.998,-1.344,1.840,1.546,334698.7,334.70,33128.59,7528.58,1.031,1.625,-0.252,-0.194,-0.725,0.717,82.923,Fuzzy
1024,51.2017,41.096,1075.645,-72.112,0.783,-0.984,-1.335,1.834,1.548,334590.3,334.59,33123.10,7523.10,1.030,1.626,-0.516,0.010,-0.901,0.565,83.000,Fuzzy
1025,51.2517,41.135,1075.596,-72.179,0.802,-0.970,-1.325,1.827,1.549,334482.2,334.48,33117.61,7517.61,1.030,1.618,-0.840,0.213,-1.095,0.697,83.078,Fuzzy
1026,51.3018,41.176,1075.548,-72.245,0.823,-0.955,-1.313,1.821,1.550,334374.7,334.37,33112.13,7512.13,1.030,1.597,-1.228,0.467,-1.303,0.862,83.155,Fuzzy
1027,51.3518,41.218,1075.501,-72.310,0.846,-0.941,-1.300,1.814,1.551,334267.7,334.27,33106.65,7506.65,1.030,1.564,-1.683,0.775,-1.517,1.044,83.232,Fuzzy
1028,51.4018,41.261,1075.454,-72.375,0.869,-0.928,-1.308,1.824,1.571,334161.2,334.16,33101.17,7501.17,1.030,1.518,-1.393,1.145,1.409,1.237,83.310,Fuzzy
1029,51.4518,41.305,1075.408,-72.441,0.894,-0.914,-1.320,1.838,1.595,334055.2,334.06,33095.70,7495.69,1.030,1.454,-0.978,1.576,1.170,1.434,83.389,Fuzzy
1030,51.5018,41.350,1075.363,-72.507,0.920,-0.900,-1.330,1.851,1.618,333949.3,333.95,33090.22,7490.22,1.029,1.367,-0.639,2.069,0.945,1.624,83.469,Fuzzy
1031,51.5518,41.397,1075.318,-72.574,0.947,-0.886,-1.339,1.864,1.640,333843.7,333.84,33084.75,7484.75,1.029,1.253,-0.370,2.619,0.738,1.799,83.550,Fuzzy
1032,51.6018,41.445,1075.274,-72.641,0.974,-0.873,-1.346,1.877,1.662,333738.3,333.74,33079.27,7479.27,1.029,1.111,-0.164,3.220,0.553,1.948,83.632,Fuzzy
1033,51.6518,41.494,1075.231,-72.708,1.001,-0.859,-1.352,1.889,1.682,333633.0,333.63,33073.80,7473.80,1.029,0.937,-0.015,3.862,0.391,2.065,83.715,Fuzzy
1034,51.7018,41.545,1075.188,-72.776,1.027,-0.846,-1.357,1.900,1.701,333527.7,333.53,33068.34,7468.33,1.029,0.733,0.103,4.533,0.369,2.141,83.799,Fuzzy
1035,51.7519,41.597,1075.146,-72.844,1.051,-0.832,-1.362,1.911,1.720,333422.3,333.42,33062.87,7462.87,1.029,0.500,0.221,5.218,0.364,2.172,83.884,Fuzzy
1036,51.8019,41.650,1075.105,-72.912,1.073,-0.819,-1.366,1.921,1.737,333316.8,333.32,33057.40,7457.40,1.029,0.263,0.333,5.905,0.338,2.162,83.970,Fuzzy
1037,51.8519,41.704,1075.064,-72.981,1.077,-0.805,-1.371,1.920,1.743,333211.2,333.21,33051.94,7451.94,1.028,0.222,0.442,6.025,0.368,-2.197,84.056,Fuzzy
1038,51.9019,41.757,1075.024,-73.049,1.056,-0.792,-1.377,1.907,1.735,333106.0,333.11,33046.48,7446.48,1.028,0.442,0.589,5.316,0.545,-2.159,84.142,Fuzzy
1039,51.9519,41.809,1074.985,-73.118,1.032,-0.779,-1.384,1.894,1.727,333001.4,333.00,33041.02,7441.02,1.028,0.672,0.800,4.610,0.757,-2.138,84.228,Fuzzy
1040,52.0019,41.860,1074.946,-73.188,1.007,-0.766,-1.393,1.882,1.719,332897.6,332.90,33035.56,7435.56,1.028,0.876,1.082,3.921,0.985,-2.072,84.313,Fuzzy
1041,52.0519,41.910,1074.908,-73.258,0.981,-0.753,-1.403,1.871,1.712,332794.1,332.79,33030.10,7430.10,1.028,1.051,1.439,3.263,1.227,-1.963,84.399,Fuzzy
1042,52.1019,41.958,1074.871,-73.328,0.955,-0.740,-1.399,1.848,1.694,332691.2,332.69,33024.65,7424.65,1.028,1.198,1.270,2.647,-1.236,-1.821,84.484,Fuzzy
1043,52.1519,42.006,1074.834,-73.398,0.928,-0.728,-1.388,1.822,1.670,332588.3,332.59,33019.19,7419.19,1.027,1.319,0.897,2.084,-1.077,-1.651,84.568,Fuzzy
1044,52.2020,42.051,1074.798,-73.467,0.903,-0.715,-1.379,1.796,1.648,332485.5,332.49,33013.74,7413.74,1.027,1.412,0.577,1.581,-0.914,-1.462,84.650,Fuzzy
1045,52.2520,42.096,1074.763,-73.535,0.878,-0.702,-1.370,1.772,1.627,332382.7,332.38,33008.29,7408.29,1.027,1.481,0.309,1.141,-0.758,-1.264,84.732,Fuzzy
1046,52.3020,42.139,1074.728,-73.604,0.855,-0.690,-1.363,1.750,1.609,332279.8,332.28,33002.84,7402.84,1.027,1.528,0.091,0.767,-0.614,-1.067,84.813,Fuzzy
1047,52.3520,42.181,1074.694,-73.672,0.833,-0.677,-1.356,1.730,1.592,332176.8,332.18,32997.40,7397.40,1.027,1.557,-0.093,0.455,-0.596,-0.879,84.893,Fuzzy
1048,52.4020,42.222,1074.660,-73.739,0.812,-0.664,-1.349,1.709,1.575,332073.8,332.07,32991.95,7391.95,1.027,1.571,-0.312,0.202,-0.752,-0.709,84.972,Fuzzy
1049,52.4520,42.263,1074.627,-73.807,0.793,-0.652,-1.340,1.688,1.557,331970.9,331.97,32986.51,7386.51,1.027,1.573,-0.584,0.001,-0.929,-0.559,85.050,Fuzzy
1050,52.5020,42.302,1074.595,-73.873,0.774,-0.639,-1.330,1.666,1.539,331868.4,331.87,32981.07,7381.07,1.026,1.565,-0.916,-0.194,-1.124,-0.671,85.128,Fuzzy
1051,52.5520,42.340,1074.563,-73.940,0.753,-0.627,-1.319,1.643,1.519,331766.4,331.77,32975.63,7375.63,1.026,1.546,-1.311,-0.437,-1.331,-0.830,85.204,Fuzzy
1052,52.6020,42.377,1074.532,-74.005,0.732,-0.614,-1.317,1.627,1.506,331664.9,331.66,32970.19,7370.19,1.026,1.515,-1.393,-0.733,1.408,-1.006,85.280,Fuzzy
1053,52.6520,42.413,1074.502,-74.072,0.709,-0.602,-1.328,1.622,1.506,331563.8,331.56,32964.75,7364.75,1.026,1.471,-0.979,-1.088,1.175,-1.193,85.355,Fuzzy
1054,52.7021,42.448,1074.472,-74.138,0.685,-0.590,-1.339,1.616,1.504,331462.9,331.46,32959.32,7359.32,1.026,1.408,-0.638,-1.503,0.956,-1.385,85.430,Fuzzy
1055,52.7521,42.482,1074.443,-74.205,0.660,-0.578,-1.347,1.608,1.500,331362.3,331.36,32953.88,7353.88,1.026,1.323,-0.365,-1.977,0.755,-1.571,85.505,Fuzzy
1056,52.8021,42.514,1074.414,-74.273,0.634,-0.567,-1.355,1.600,1.496,331262.1,331.26,32948.45,7348.45,1.026,1.211,-0.154,-2.508,0.576,-1.743,85.580,Fuzzy
1057,52.8521,42.545,1074.386,-74.341,0.609,-0.555,-1.361,1.590,1.491,331162.0,331.16,32943.02,7343.02,1.025,1.072,0.003,-3.089,0.419,-1.891,85.654,Fuzzy
1058,52.9021,42.575,1074.359,-74.409,0.583,-0.543,-1.366,1.581,1.485,331062.2,331.06,32937.59,7337.59,1.025,0.902,0.141,-3.711,0.450,-2.008,85.728,Fuzzy
1059,52.9521,42.603,1074.332,-74.477,0.558,-0.531,-1.372,1.573,1.481,330962.4,330.96,32932.17,7332.17,1.025,0.700,0.291,-4.361,0.482,-2.085,85.802,Fuzzy
1060,53.0021,42.631,1074.306,-74.546,0.534,-0.520,-1.377,1.566,1.477,330862.6,330.86,32926.74,7326.74,1.025,0.465,0.447,-5.027,0.492,-2.114,85.875,Fuzzy
1061,53.0521,42.657,1074.280,-74.615,0.513,-0.508,-1.383,1.560,1.475,330762.6,330.76,32921.32,7321.32,1.025,0.203,0.601,-5.690,0.469,-2.089,85.948,Fuzzy
1062,53.1021,42.682,1074.255,-74.684,0.505,-0.496,-1.388,1.558,1.477,330662.4,330.66,32915.90,7315.90,1.025,0.131,0.747,-5.940,0.490,2.080,86.020,Fuzzy
1063,53.1522,42.708,1074.230,-74.754,0.526,-0.485,-1.393,1.566,1.489,330562.7,330.56,32910.48,7310.48,1.025,0.397,0.941,-5.250,0.715,2.118,86.094,Fuzzy
1064,53.2022,42.735,1074.206,-74.824,0.549,-0.473,-1.390,1.567,1.494,330463.7,330.46,32905.06,7305.06,1.024,0.640,0.833,-4.558,-0.789,2.110,86.167,Fuzzy
1065,53.2522,42.763,1074.183,-74.893,0.574,-0.462,-1.382,1.566,1.497,330365.2,330.37,32899.64,7299.64,1.024,0.851,0.587,-3.879,-0.731,2.049,86.242,Fuzzy
1066,53.3022,42.792,1074.160,-74.962,0.599,-0.451,-1.375,1.567,1.500,330267.1,330.27,32894.23,7294.23,1.024,1.029,0.365,-3.230,-0.653,1.944,86.316,Fuzzy
1067,53.3522,42.823,1074.138,-75.030,0.625,-0.440,-1.369,1.568,1.505,330169.4,330.17,32888.81,7288.81,1.024,1.174,0.169,-2.623,-0.567,1.802,86.391,Fuzzy
1068,53.4022,42.855,1074.116,-75.099,0.651,-0.429,-1.363,1.570,1.511,330071.7,330.07,32883.40,7283.40,1.024,1.289,0.002,-2.067,-0.480,1.633,86.466,Fuzzy
1069,53.4522,42.888,1074.095,-75.167,0.676,-0.417,-1.357,1.573,1.516,329974.2,329.97,32877.99,7277.99,1.024,1.378,-0.169,-1.571,-0.601,1.446,86.541,Fuzzy
1070,53.5022,42.922,1074.075,-75.234,0.700,-0.407,-1.350,1.574,1.521,329876.7,329.88,32872.58,7272.58,1.024,1.443,-0.390,-1.138,-0.769,1.250,86.617,Fuzzy
1071,53.5522,42.958,1074.055,-75.302,0.722,-0.396,-1.342,1.574,1.524,329779.3,329.78,32867.18,7267.18,1.023,1.488,-0.669,-0.769,-0.957,1.056,86.693,Fuzzy
1072,53.6023,42.994,1074.035,-75.369,0.744,-0.385,-1.332,1.573,1.525,329682.0,329.68,32861.77,7261.77,1.023,1.517,-1.010,-0.461,-1.162,0.872,86.769,Fuzzy
1073,53.6523,43.032,1074.016,-75.435,0.764,-0.374,-1.330,1.578,1.533,329584.9,329.58,32856.37,7256.37,1.023,1.534,-1.081,-0.210,1.249,0.704,86.846,Fuzzy
1074,53.7023,43.071,1073.998,-75.502,0.783,-0.363,-1.340,1.594,1.552,329487.7,329.49,32850.96,7250.96,1.023,1.540,-0.715,-0.011,1.040,0.558,86.923,Fuzzy
1075,53.7523,43.110,1073.980,-75.569,0.802,-0.352,-1.349,1.608,1.569,329390.5,329.39,32845.56,7245.56,1.023,1.537,-0.415,0.179,0.847,0.653,87.001,Fuzzy
1076,53.8023,43.151,1073.963,-75.637,0.821,-0.341,-1.356,1.622,1.586,329293.7,329.29,32840.16,7240.16,1.023,1.523,-0.173,0.415,0.675,0.809,87.080,Fuzzy
1077,53.8523,43.192,1073.946,-75.705,0.843,-0.331,-1.362,1.635,1.602,329197.2,329.20,32834.77,7234.77,1.023,1.495,0.017,0.703,0.526,0.982,87.159,Fuzzy
1078,53.9023,43.235,1073.930,-75.773,0.865,-0.320,-1.368,1.650,1.619,329101.1,329.10,32829.37,7229.37,1.023,1.450,0.207,1.048,0.651,1.166,87.240,Fuzzy
1079,53.9523,43.279,1073.914,-75.841,0.888,-0.310,-1.375,1.666,1.637,329005.6,329.01,32823.98,7223.98,1.022,1.386,0.439,1.452,0.788,1.354,87.321,Fuzzy
1080,54.0023,43.324,1073.899,-75.910,0.913,-0.299,-1.384,1.684,1.658,328910.4,328.91,32818.58,7218.58,1.022,1.299,0.716,1.915,0.934,1.537,87.403,Fuzzy
1081,54.0523,43.370,1073.884,-75.980,0.938,-0.289,-1.393,1.704,1.679,328815.8,328.82,32813.19,7213.19,1.022,1.187,1.039,2.433,1.082,1.706,87.487,Fuzzy
1082,54.1024,43.418,1073.870,-76.050,0.964,-0.279,-1.391,1.715,1.692,328721.5,328.72,32807.80,7207.80,1.022,1.050,0.970,3.000,-1.036,1.854,87.571,Fuzzy
1083,54.1524,43.467,1073.856,-76.119,0.989,-0.269,-1.382,1.721,1.699,328627.3,328.63,32802.41,7202.41,1.022,0.886,0.676,3.608,-0.810,1.971,87.655,Fuzzy
1084,54.2024,43.517,1073.843,-76.188,1.014,-0.259,-1.375,1.728,1.708,328533.0,328.53,32797.03,7197.03,1.022,0.691,0.452,4.245,-0.603,2.052,87.740,Fuzzy
1085,54.2524,43.568,1073.830,-76.256,1.037,-0.249,-1.370,1.736,1.718,328438.7,328.44,32791.64,7191.64,1.022,0.468,0.292,4.899,-0.413,2.088,87.825,Fuzzy
1086,54.3024,43.620,1073.818,-76.325,1.058,-0.239,-1.366,1.744,1.727,328344.1,328.34,32786.26,7186.26,1.022,0.226,0.190,5.555,-0.243,2.077,87.910,Fuzzy
1087,54.3524,43.674,1073.806,-76.393,1.066,-0.229,-1.363,1.745,1.730,328249.3,328.25,32780.88,7180.88,1.021,0.161,0.132,5.805,-0.157,-2.078,87.996,Fuzzy
1088,54.4024,43.726,1073.795,-76.461,1.045,-0.219,-1.360,1.729,1.716,328154.9,328.15,32775.50,7175.50,1.021,0.393,0.071,5.124,-0.215,-2.092,88.081,Fuzzy
1089,54.4524,43.778,1073.784,-76.529,1.023,-0.209,-1.357,1.712,1.700,328061.1,328.06,32770.12,7170.12,1.021,0.622,-0.005,4.444,-0.252,-2.074,88.166,Fuzzy
1090,54.5024,43.829,1073.774,-76.597,0.999,-0.199,-1.354,1.694,1.682,327967.8,327.97,32764.74,7164.74,1.021,0.822,-0.109,3.779,-0.390,-2.009,88.250,Fuzzy
1091,54.5525,43.878,1073.764,-76.664,0.974,-0.189,-1.349,1.674,1.664,327875.0,327.88,32759.36,7159.36,1.021,0.991,-0.260,3.145,-0.547,-1.902,88.333,Fuzzy
1092,54.6025,43.926,1073.755,-76.732,0.949,-0.180,-1.342,1.654,1.644,327782.6,327.78,32753.99,7153.99,1.021,1.129,-0.465,2.554,-0.723,-1.760,88.415,Fuzzy
1093,54.6525,43.973,1073.747,-76.799,0.924,-0.170,-1.334,1.632,1.623,327690.3,327.69,32748.62,7148.62,1.021,1.239,-0.729,2.013,-0.918,-1.593,88.496,Fuzzy
1094,54.7025,44.018,1073.738,-76.865,0.900,-0.161,-1.325,1.610,1.602,327598.3,327.60,32743.25,7143.25,1.021,1.324,-1.057,1.531,-1.129,-1.409,88.577,Fuzzy
1095,54.7525,44.063,1073.730,-76.931,0.876,-0.151,-1.329,1.600,1.592,327506.3,327.51,32737.88,7137.87,1.020,1.389,-0.907,1.110,1.106,-1.219,88.656,Fuzzy
1096,54.8025,44.106,1073.723,-76.998,0.855,-0.142,-1.339,1.595,1.588,327414.3,327.41,32732.51,7132.51,1.020,1.435,-0.583,0.751,0.926,-1.030,88.736,Fuzzy
1097,54.8525,44.148,1073.716,-77.065,0.834,-0.133,-1.347,1.590,1.584,327322.3,327.32,32727.14,7127.14,1.020,1.466,-0.316,0.452,0.759,-0.851,88.815,Fuzzy
1098,54.9025,44.190,1073.710,-77.133,0.814,-0.123,-1.354,1.585,1.580,327230.0,327.23,32721.77,7121.77,1.020,1.482,-0.099,0.208,0.609,-0.688,88.894,Fuzzy
1099,54.9525,44.230,1073.704,-77.201,0.796,-0.114,-1.360,1.580,1.576,327137.8,327.14,32716.41,7116.41,1.020,1.487,0.079,0.013,0.568,-0.546,88.973,Fuzzy
1100,55.0025,44.269,1073.698,-77.269,0.778,-0.104,-1.366,1.576,1.573,327045.8,327.05,32711.05,7111.05,1.020,1.482,0.285,-0.170,0.711,-0.632,89.052,Fuzzy
1101,55.0526,44.308,1073.694,-77.337,0.759,-0.095,-1.374,1.573,1.570,326954.2,326.95,32705.69,7105.69,1.020,1.466,0.539,-0.398,0.873,-0.782,89.130,Fuzzy
1102,55.1026,44.345,1073.689,-77.406,0.739,-0.086,-1.383,1.571,1.568,326863.0,326.86,32700.33,7100.33,1.020,1.438,0.848,-0.675,1.050,-0.949,89.209,Fuzzy
1103,55.1526,44.382,1073.685,-77.475,0.718,-0.077,-1.391,1.568,1.566,326772.4,326.77,32694.97,7094.97,1.020,1.395,1.135,-1.008,-1.237,-1.128,89.287,Fuzzy
1104,55.2026,44.417,1073.681,-77.545,0.695,-0.068,-1.381,1.548,1.547,326682.3,326.68,32689.61,7089.61,1.019,1.336,0.776,-1.398,-1.017,-1.312,89.365,Fuzzy
1105,55.2526,44.451,1073.678,-77.614,0.671,-0.059,-1.373,1.530,1.528,326592.4,326.59,32684.26,7084.26,1.019,1.256,0.486,-1.845,-0.814,-1.492,89.441,Fuzzy
1106,55.3026,44.484,1073.676,-77.682,0.647,-0.050,-1.366,1.512,1.512,326502.8,326.50,32678.91,7078.91,1.019,1.152,0.257,-2.348,-0.630,-1.661,89.517,Fuzzy
1107,55.3526,44.516,1073.673,-77.750,0.622,-0.042,-1.361,1.497,1.496,326413.3,326.41,32673.55,7073.55,1.019,1.022,0.085,-2.899,-0.468,-1.809,89.592,Fuzzy
1108,55.4026,44.546,1073.671,-77.818,0.598,-0.033,-1.356,1.483,1.482,326324.1,326.32,32668.20,7068.20,1.019,0.862,-0.042,-3.491,-0.368,-1.927,89.666,Fuzzy
1109,55.4526,44.576,1073.670,-77.886,0.574,-0.024,-1.352,1.469,1.469,326234.9,326.23,32662.85,7062.85,1.019,0.672,-0.163,-4.113,-0.388,-2.009,89.740,Fuzzy
1110,55.5027,44.604,1073.669,-77.953,0.551,-0.016,-1.348,1.456,1.456,326145.6,326.15,32657.51,7057.51,1.019,0.452,-0.287,-4.752,-0.387,-2.047,89.812,Fuzzy
1111,55.5527,44.631,1073.668,-78.021,0.530,-0.007,-1.344,1.445,1.445,326056.2,326.06,32652.16,7052.16,1.019,0.205,-0.405,-5.393,-0.357,-2.034,89.884,Fuzzy
1112,55.6027,44.657,1073.668,-78.088,0.523,0.002,-1.340,1.439,1.439,325970.6,325.97,32646.81,7046.82,1.019,0.122,-0.513,-5.637,-0.360,2.020,89.955,Fuzzy
1113,55.6527,44.683,1073.668,-78.155,0.542,0.010,-1.336,1.442,1.442,325917.2,325.92,32641.47,7041.47,1.019,0.366,-0.659,-4.974,-0.552,2.045,90.027,Fuzzy
1114,55.7027,44.711,1073.669,-78.221,0.564,0.019,-1.329,1.444,1.444,325863.8,325.86,32636.13,7036.13,1.019,0.594,-0.871,-4.310,-0.764,2.028,90.098,Fuzzy
1115,55.7527,44.740,1073.670,-78.288,0.587,0.027,-1.334,1.458,1.457,325810.5,325.81,32630.79,7030.79,1.019,0.793,-0.713,-3.663,0.784,1.963,90.170,Fuzzy
1116,55.8027,44.770,1073.672,-78.355,0.612,0.036,-1.340,1.474,1.473,325757.1,325.76,32625.45,7025.45,1.019,0.960,-0.475,-3.045,0.702,1.857,90.243,Fuzzy
1117,55.8527,44.801,1073.674,-78.422,0.636,0.044,-1.346,1.490,1.489,325703.7,325.70,32620.11,7020.11,1.019,1.098,-0.266,-2.469,0.611,1.717,90.317,Fuzzy
1118,55.9027,44.833,1073.676,-78.489,0.660,0.053,-1.352,1.505,1.504,325650.3,325.65,32614.77,7014.77,1.019,1.207,-0.087,-1.944,0.519,1.552,90.392,Fuzzy
1119,55.9528,44.867,1073.679,-78.557,0.684,0.061,-1.357,1.520,1.519,325596.9,325.60,32609.43,7009.43,1.019,1.290,0.069,-1.475,0.507,1.371,90.467,Fuzzy
1120,56.0028,44.902,1073.682,-78.625,0.707,0.070,-1.362,1.536,1.535,325543.5,325.54,32604.09,7004.09,1.019,1.352,0.256,-1.067,0.655,1.183,90.543,Fuzzy
1121,56.0528,44.938,1073.686,-78.693,0.728,0.078,-1.369,1.553,1.551,325490.1,325.49,32598.76,6998.76,1.019,1.394,0.493,-0.719,0.822,0.998,90.620,Fuzzy
1122,56.1028,44.975,1073.690,-78.762,0.748,0.087,-1.377,1.570,1.568,325436.7,325.44,32593.42,6993.42,1.019,1.421,0.786,-0.430,1.008,0.824,90.698,Fuzzy
1123,56.1528,45.012,1073.695,-78.831,0.767,0.096,-1.377,1.579,1.576,325383.3,325.38,32588.08,6988.08,1.019,1.435,0.781,-0.194,-1.048,0.666,90.777,Fuzzy
1124,56.2028,45.051,1073.700,-78.900,0.785,0.104,-1.369,1.581,1.578,325329.8,325.33,32582.75,6982.75,1.019,1.440,0.478,-0.006,-0.861,0.528,90.856,Fuzzy
1125,56.2528,45.091,1073.705,-78.968,0.802,0.113,-1.361,1.584,1.580,325276.4,325.28,32577.42,6977.42,1.019,1.436,0.232,0.174,-0.693,0.623,90.935,Fuzzy
1126,56.3028,45.131,1073.711,-79.036,0.820,0.122,-1.355,1.589,1.584,325223.0,325.22,32572.09,6972.09,1.019,1.422,0.036,0.398,-0.547,0.770,91.014,Fuzzy
1127,56.3528,45.173,1073.717,-79.104,0.840,0.130,-1.350,1.595,1.590,325169.6,325.17,32566.76,6966.76,1.019,1.395,-0.136,0.671,-0.586,0.934,91.093,Fuzzy
1128,56.4028,45.215,1073.724,-79.171,0.861,0.139,-1.343,1.602,1.596,325116.1,325.12,32561.42,6961.42,1.018,1.352,-0.346,0.998,-0.717,1.109,91.173,Fuzzy
1129,56.4529,45.259,1073.731,-79.238,0.883,0.147,-1.336,1.608,1.601,325062.7,325.06,32556.09,6956.10,1.018,1.291,-0.599,1.381,-0.861,1.289,91.252,Fuzzy
1130,56.5029,45.304,1073.739,-79.304,0.906,0.156,-1.327,1.615,1.607,325009.3,325.01,32550.77,6950.77,1.018,1.210,-0.898,1.820,-1.011,1.465,91.333,Fuzzy
1131,56.5529,45.350,1073.747,-79.371,0.930,0.164,-1.336,1.636,1.627,324955.8,324.96,32545.44,6945.44,1.018,1.107,-0.599,2.312,0.838,1.631,91.413,Fuzzy
1132,56.6029,45.397,1073.755,-79.438,0.954,0.173,-1.342,1.656,1.647,324902.3,324.90,32540.11,6940.11,1.018,0.978,-0.364,2.853,0.646,1.776,91.495,Fuzzy
1133,56.6529,45.445,1073.764,-79.505,0.978,0.181,-1.347,1.675,1.665,324848.9,324.85,32534.79,6934.79,1.018,0.822,-0.188,3.434,0.475,1.893,91.577,Fuzzy
1134,56.7029,45.495,1073.774,-79.573,1.001,0.190,-1.351,1.692,1.682,324795.4,324.80,32529.46,6929.46,1.018,0.636,-0.063,4.045,0.322,1.974,91.660,Fuzzy
1135,56.7529,45.545,1073.783,-79.640,1.023,0.198,-1.354,1.709,1.697,324741.9,324.74,32524.14,6924.14,1.018,0.420,0.016,4.672,0.197,2.011,91.744,Fuzzy
1136,56.8029,45.597,1073.793,-79.708,1.043,0.207,-1.356,1.724,1.711,324688.4,324.69,32518.81,6918.81,1.018,0.182,0.069,5.302,0.137,2.002,91.828,Fuzzy
1137,56.8529,45.649,1073.804,-79.776,1.047,0.216,-1.358,1.728,1.715,324634.9,324.63,32513.49,6913.49,1.018,0.147,0.104,5.416,0.125,-1.995,91.913,Fuzzy
1138,56.9030,45.701,1073.815,-79.844,1.028,0.224,-1.361,1.720,1.705,324581.4,324.58,32508.17,6908.17,1.018,0.379,0.168,4.763,0.264,-2.010,91.998,Fuzzy
1139,56.9530,45.752,1073.826,-79.912,1.006,0.233,-1.364,1.711,1.695,324527.9,324.53,32502.85,6902.85,1.018,0.595,0.278,4.113,0.420,-1.981,92.082,Fuzzy
1140,57.0030,45.802,1073.838,-79.980,0.983,0.241,-1.370,1.703,1.686,324474.4,324.47,32497.53,6897.53,1.018,0.781,0.441,3.483,0.591,-1.907,92.166,Fuzzy
1141,57.0530,45.850,1073.850,-80.049,0.960,0.250,-1.376,1.696,1.678,324420.9,324.42,32492.21,6892.21,1.018,0.937,0.661,2.885,0.778,-1.795,92.250,Fuzzy
1142,57.1030,45.898,1073.863,-80.118,0.936,0.258,-1.383,1.690,1.670,324367.4,324.37,32486.89,6886.89,1.018,1.065,0.880,2.329,-0.982,-1.652,92.334,Fuzzy
1143,57.1530,45.944,1073.876,-80.187,0.913,0.267,-1.375,1.672,1.650,324313.9,324.31,32481.57,6881.58,1.018,1.169,0.589,1.825,-0.846,-1.487,92.416,Fuzzy
1144,57.2030,45.989,1073.890,-80.255,0.890,0.275,-1.368,1.655,1.632,324260.4,324.26,32476.26,6876.26,1.018,1.249,0.341,1.377,-0.711,-1.309,92.498,Fuzzy
1145,57.2530,46.033,1073.904,-80.324,0.869,0.284,-1.362,1.640,1.615,324206.8,324.21,32470.94,6870.94,1.018,1.307,0.136,0.988,-0.586,-1.126,92.579,Fuzzy
1146,57.3030,46.076,1073.918,-80.392,0.848,0.292,-1.356,1.626,1.600,324153.3,324.15,32465.63,6865.63,1.018,1.347,-0.032,0.658,-0.497,-0.946,92.660,Fuzzy
1147,57.3531,46.118,1073.933,-80.459,0.829,0.301,-1.351,1.613,1.585,324099.8,324.10,32460.31,6860.32,1.018,1.372,-0.214,0.384,-0.632,-0.779,92.739,Fuzzy
1148,57.4031,46.159,1073.948,-80.527,0.811,0.310,-1.344,1.600,1.570,324046.2,324.05,32455.00,6855.00,1.018,1.384,-0.442,0.162,-0.787,-0.628,92.818,Fuzzy
1149,57.4531,46.199,1073.964,-80.594,0.794,0.318,-1.336,1.586,1.554,323992.6,323.99,32449.69,6849.69,1.018,1.386,-0.722,-0.015,-0.961,-0.497,92.896,Fuzzy
1150,57.5031,46.238,1073.980,-80.660,0.777,0.327,-1.335,1.578,1.544,323939.1,323.94,32444.38,6844.38,1.018,1.380,-0.781,-0.195,1.032,-0.623,92.974,Fuzzy
1151,57.5531,46.277,1073.997,-80.727,0.759,0.336,-1.343,1.579,1.543,323885.5,323.89,32439.07,6839.07,1.018,1.365,-0.483,-0.419,0.843,-0.768,93.051,Fuzzy
1152,57.6031,46.314,1074.014,-80.795,0.740,0.344,-1.350,1.577,1.539,323832.0,323.83,32433.76,6833.76,1.018,1.337,-0.243,-0.691,0.673,-0.929,93.128,Fuzzy
1153,57.6531,46.351,1074.031,-80.862,0.719,0.353,-1.356,1.575,1.535,323778.4,323.78,32428.45,6828.45,1.018,1.294,-0.054,-1.015,0.525,-1.101,93.205,Fuzzy
1154,57.7031,46.386,1074.049,-80.930,0.698,0.361,-1.361,1.572,1.529,323724.8,323.72,32423.14,6823.14,1.018,1.233,0.103,-1.395,0.519,-1.277,93.281,Fuzzy
1155,57.7531,46.420,1074.067,-80.998,0.675,0.370,-1.367,1.569,1.525,323671.2,323.67,32417.84,6817.84,1.018,1.151,0.287,-1.829,0.622,-1.449,93.357,Fuzzy
1156,57.8031,46.454,1074.086,-81.067,0.653,0.378,-1.373,1.567,1.520,323617.6,323.62,32412.53,6812.53,1.018,1.046,0.503,-2.316,0.728,-1.609,93.433,Fuzzy
1157,57.8532,46.486,1074.105,-81.136,0.629,0.387,-1.381,1.566,1.517,323564.1,323.56,32407.22,6807.23,1.018,0.915,0.752,-2.848,0.833,-1.748,93.509,Fuzzy
1158,57.9032,46.516,1074.125,-81.205,0.606,0.395,-1.377,1.555,1.504,323510.5,323.51,32401.92,6801.92,1.018,0.758,0.603,-3.420,-0.719,-1.860,93.584,Fuzzy
1159,57.9532,46.546,1074.144,-81.273,0.584,0.404,-1.371,1.544,1.490,323456.9,323.46,32396.62,6796.62,1.018,0.573,0.406,-4.019,-0.527,-1.936,93.659,Fuzzy
1160,58.0032,46.575,1074.165,-81.342,0.562,0.412,-1.367,1.534,1.478,323403.3,323.40,32391.32,6791.32,1.018,0.361,0.268,-4.634,-0.353,-1.969,93.732,Fuzzy
1161,58.0532,46.602,1074.186,-81.410,0.543,0.421,-1.364,1.527,1.468,323349.7,323.35,32386.01,6786.01,1.018,0.137,0.183,-5.250,-0.197,-1.960,93.805,Fuzzy
1162,58.1032,46.629,1074.207,-81.478,0.547,0.430,-1.362,1.529,1.467,323296.0,323.30,32380.71,6780.71,1.018,0.190,0.131,-5.111,-0.168,1.965,93.878,Fuzzy
1163,58.1532,46.657,1074.229,-81.546,0.566,0.438,-1.359,1.536,1.472,323242.4,323.24,32375.41,6775.41,1.018,0.414,0.067,-4.470,-0.222,1.966,93.951,Fuzzy
1164,58.2032,46.686,1074.251,-81.614,0.587,0.447,-1.356,1.544,1.477,323188.8,323.19,32370.12,6770.12,1.018,0.615,-0.009,-3.838,-0.249,1.923,94.024,Fuzzy
1165,58.2532,46.716,1074.273,-81.682,0.610,0.455,-1.352,1.551,1.483,323135.2,323.14,32364.82,6764.82,1.018,0.788,-0.111,-3.229,-0.381,1.837,94.097,Fuzzy
1166,58.3033,46.747,1074.297,-81.749,0.632,0.464,-1.347,1.558,1.488,323081.5,323.08,32359.52,6759.52,1.018,0.932,-0.257,-2.656,-0.527,1.716,94.171,Fuzzy
1167,58.3533,46.779,1074.320,-81.817,0.655,0.472,-1.340,1.565,1.492,323027.9,323.03,32354.22,6754.22,1.018,1.048,-0.453,-2.127,-0.691,1.567,94.246,Fuzzy
1168,58.4033,46.813,1074.344,-81.883,0.677,0.481,-1.333,1.570,1.495,322974.2,322.97,32348.93,6748.93,1.018,1.139,-0.704,-1.651,-0.872,1.399,94.320,Fuzzy
1169,58.4533,46.847,1074.368,-81.950,0.699,0.489,-1.324,1.575,1.497,322920.6,322.92,32343.63,6743.64,1.018,1.209,-1.015,-1.231,-1.070,1.222,94.395,Fuzzy
1170,58.5033,46.882,1074.392,-82.016,0.719,0.498,-1.327,1.590,1.510,322867.0,322.87,32338.34,6738.34,1.018,1.261,-0.873,-0.870,1.046,1.044,94.470,Fuzzy
1171,58.5533,46.919,1074.418,-82.083,0.739,0.506,-1.336,1.609,1.527,322813.3,322.81,32333.05,6733.05,1.018,1.298,-0.567,-0.564,0.875,0.873,94.546,Fuzzy
1172,58.6033,46.956,1074.443,-82.150,0.757,0.515,-1.344,1.626,1.542,322759.6,322.76,32327.76,6727.76,1.018,1.321,-0.315,-0.313,0.717,0.715,94.623,Fuzzy
1173,58.6533,46.995,1074.469,-82.217,0.774,0.524,-1.350,1.642,1.556,322705.9,322.71,32322.46,6722.46,1.018,1.331,-0.111,-0.109,0.576,0.574,94.700,Fuzzy
1174,58.7033,47.034,1074.496,-82.285,0.790,0.532,-1.355,1.657,1.569,322652.3,322.65,32317.18,6717.18,1.018,1.332,0.055,0.056,0.510,0.511,94.778,Fuzzy
1175,58.7534,47.074,1074.523,-82.352,0.807,0.541,-1.361,1.672,1.582,322598.7,322.60,32311.89,6711.89,1.018,1.324,0.239,0.241,0.637,0.639,94.857,Fuzzy
1176,58.8034,47.114,1074.549,-82.421,0.825,0.550,-1.368,1.689,1.598,322545.0,322.55,32306.60,6706.60,1.018,1.304,0.467,0.469,0.781,0.783,94.936,Fuzzy
1177,58.8534,47.156,1074.578,-82.489,0.844,0.558,-1.376,1.708,1.614,322491.3,322.49,32301.31,6701.31,1.018,1.272,0.742,0.746,0.940,0.942,95.017,Fuzzy
1178,58.9034,47.199,1074.606,-82.558,0.864,0.567,-1.385,1.728,1.632,322437.5,322.44,32296.02,6696.02,1.018,1.224,1.070,1.074,1.108,1.110,95.098,Fuzzy
1179,58.9534,47.243,1074.634,-82.627,0.885,0.575,-1.378,1.735,1.637,322383.9,322.38,32290.74,6690.74,1.018,1.161,0.799,1.455,-0.974,1.282,95.180,Fuzzy
1180,59.0034,47.287,1074.663,-82.696,0.906,0.584,-1.369,1.743,1.642,322330.1,322.33,32285.45,6685.45,1.018,1.078,0.521,1.890,-0.779,1.448,95.261,Fuzzy
1181,59.0534,47.333,1074.693,-82.764,0.928,0.592,-1.363,1.752,1.649,322276.4,322.28,32280.17,6680.17,1.018,0.972,0.303,2.375,-0.603,1.602,95.343,Fuzzy
1182,59.1034,47.380,1074.722,-82.832,0.951,0.601,-1.357,1.763,1.657,322222.8,322.22,32274.89,6674.89,1.018,0.840,0.138,2.904,-0.445,1.735,95.426,Fuzzy
1183,59.1534,47.428,1074.753,-82.900,0.973,0.609,-1.353,1.774,1.666,322169.0,322.17,32269.61,6669.60,1.018,0.681,0.020,3.470,-0.307,1.839,95.508,Fuzzy
1184,59.2034,47.477,1074.783,-82.968,0.995,0.618,-1.349,1.787,1.676,322115.3,322.12,32264.32,6664.32,1.018,0.494,-0.065,4.061,-0.258,1.906,95.592,Fuzzy
1185,59.2535,47.528,1074.814,-83.035,1.015,0.626,-1.346,1.798,1.686,322061.6,322.06,32259.04,6659.04,1.018,0.280,-0.142,4.664,-0.225,1.929,95.675,Fuzzy
1186,59.3035,47.579,1074.846,-83.102,1.033,0.635,-1.344,1.810,1.695,322007.8,322.01,32253.77,6653.77,1.018,0.084,-0.204,5.267,-0.173,1.922,95.759,Fuzzy
1187,59.3535,47.630,1074.878,-83.169,1.018,0.644,-1.341,1.803,1.684,321954.1,321.95,32248.49,6648.49,1.018,0.247,-0.272,4.761,-0.274,-1.930,95.843,Fuzzy
1188,59.4035,47.681,1074.910,-83.236,0.999,0.652,-1.338,1.792,1.669,321900.4,321.90,32243.21,6643.21,1.018,0.461,-0.387,4.135,-0.435,-1.915,95.926,Fuzzy
1189,59.4535,47.730,1074.943,-83.303,0.977,0.661,-1.333,1.780,1.653,321846.6,321.85,32237.93,6637.93,1.018,0.648,-0.555,3.523,-0.610,-1.855,96.008,Fuzzy
1190,59.5035,47.778,1074.976,-83.370,0.955,0.669,-1.329,1.769,1.637,321792.8,321.79,32232.65,6632.65,1.018,0.807,-0.681,2.939,0.772,-1.756,96.090,Fuzzy
1191,59.5535,47.826,1075.010,-83.436,0.933,0.678,-1.336,1.765,1.630,321739.1,321.74,32227.38,6627.38,1.018,0.940,-0.449,2.394,0.680,-1.625,96.171,Fuzzy
1192,59.6035,47.872,1075.044,-83.503,0.911,0.686,-1.342,1.761,1.622,321685.4,321.69,32222.11,6622.11,1.018,1.046,-0.248,1.896,0.583,-1.472,96.252,Fuzzy
1193,59.6535,47.917,1075.078,-83.570,0.890,0.695,-1.347,1.758,1.615,321631.6,321.63,32216.83,6616.83,1.018,1.129,-0.078,1.451,0.490,-1.303,96.333,Fuzzy
1194,59.7036,47.961,1075.114,-83.638,0.869,0.703,-1.352,1.755,1.607,321577.8,321.58,32211.56,6611.56,1.018,1.190,0.068,1.063,0.479,-1.128,96.413,Fuzzy
1195,59.7536,48.004,1075.149,-83.706,0.850,0.712,-1.358,1.753,1.602,321524.0,321.52,32206.29,6606.29,1.018,1.234,0.244,0.731,0.614,-0.955,96.494,Fuzzy
1196,59.8036,48.046,1075.184,-83.774,0.832,0.720,-1.364,1.753,1.598,321470.3,321.47,32201.02,6601.02,1.018,1.262,0.466,0.453,0.767,-0.791,96.573,Fuzzy
1197,59.8536,48.087,1075.221,-83.842,0.814,0.729,-1.372,1.754,1.595,321416.5,321.42,32195.75,6595.75,1.018,1.278,0.739,0.226,0.938,-0.643,96.653,Fuzzy
1198,59.9036,48.127,1075.258,-83.911,0.798,0.738,-1.369,1.748,1.584,321362.7,321.36,32190.48,6590.48,1.018,1.285,0.617,0.044,-0.903,-0.513,96.733,Fuzzy
1199,59.9536,48.167,1075.294,-83.979,0.783,0.746,-1.361,1.739,1.570,321308.9,321.31,32185.21,6585.21,1.018,1.283,0.357,-0.116,-0.735,-0.541,96.812,Fuzzy
1200,60.0036,48.205,1075.332,-84.047,0.766,0.755,-1.355,1.730,1.557,321255.1,321.26,32179.94,6579.94,1.018,1.273,0.148,-0.310,-0.587,-0.671,96.890,Fuzzy
1201,60.0536,48.243,1075.370,-84.115,0.748,0.764,-1.350,1.722,1.544,321201.3,321.20,32174.68,6574.68,1.018,1.251,-0.016,-0.549,-0.461,-0.818,96.967,Fuzzy
1202,60.1036,48.280,1075.408,-84.182,0.730,0.772,-1.345,1.714,1.530,321147.6,321.15,32169.41,6569.41,1.018,1.216,-0.182,-0.836,-0.568,-0.977,97.044,Fuzzy
1203,60.1536,48.316,1075.448,-84.249,0.710,0.781,-1.339,1.705,1.516,321093.7,321.09,32164.15,6564.15,1.018,1.164,-0.383,-1.175,-0.688,-1.144,97.120,Fuzzy
1204,60.2037,48.351,1075.487,-84.316,0.689,0.789,-1.333,1.695,1.500,321039.8,321.04,32158.89,6558.89,1.018,1.094,-0.624,-1.566,-0.816,-1.311,97.196,Fuzzy
1205,60.2537,48.385,1075.526,-84.382,0.668,0.798,-1.331,1.690,1.489,320986.0,320.99,32153.62,6553.62,1.018,1.003,-0.675,-2.009,0.849,-1.471,97.270,Fuzzy
1206,60.3037,48.418,1075.567,-84.449,0.646,0.806,-1.338,1.691,1.486,320932.2,320.93,32148.36,6548.36,1.018,0.890,-0.436,-2.499,0.662,-1.615,97.345,Fuzzy
1207,60.3537,48.450,1075.607,-84.516,0.624,0.815,-1.344,1.691,1.482,320878.3,320.88,32143.10,6543.10,1.018,0.752,-0.254,-3.030,0.494,-1.737,97.419,Fuzzy
1208,60.4037,48.481,1075.648,-84.583,0.603,0.823,-1.348,1.690,1.477,320824.5,320.82,32137.84,6537.84,1.018,0.586,-0.122,-3.594,0.344,-1.828,97.492,Fuzzy
1209,60.4537,48.510,1075.689,-84.651,0.582,0.832,-1.351,1.690,1.471,320770.7,320.77,32132.58,6532.58,1.018,0.392,-0.037,-4.178,0.209,-1.880,97.565,Fuzzy
1210,60.5037,48.539,1075.731,-84.719,0.563,0.840,-1.353,1.689,1.465,320716.9,320.72,32127.32,6527.32,1.018,0.172,0.009,-4.770,0.093,-1.888,97.638,Fuzzy
1211,60.5537,48.567,1075.773,-84.786,0.556,0.849,-1.354,1.692,1.464,320663.0,320.66,32122.06,6522.06,1.018,0.107,0.027,-4.997,0.057,1.888,97.711,Fuzzy
1212,60.6037,48.595,1075.816,-84.854,0.575,0.857,-1.355,1.704,1.472,320609.1,320.61,32116.81,6516.81,1.018,0.326,0.065,-4.381,0.176,1.895,97.784,Fuzzy
1213,60.6538,48.624,1075.859,-84.922,0.595,0.866,-1.358,1.717,1.482,320555.3,320.56,32111.55,6511.55,1.018,0.526,0.144,-3.771,0.308,1.858,97.857,Fuzzy
1214,60.7038,48.654,1075.903,-84.990,0.616,0.875,-1.361,1.731,1.494,320501.5,320.50,32106.30,6506.30,1.018,0.697,0.267,-3.181,0.452,1.779,97.931,Fuzzy
1215,60.7538,48.686,1075.947,-85.058,0.638,0.883,-1.366,1.747,1.507,320447.6,320.45,32101.04,6501.04,1.018,0.840,0.438,-2.625,0.611,1.665,98.006,Fuzzy
1216,60.8038,48.718,1075.990,-85.126,0.659,0.891,-1.367,1.760,1.517,320393.7,320.39,32095.79,6495.79,1.018,0.957,0.474,-2.111,-0.701,1.524,98.081,Fuzzy
1217,60.8538,48.752,1076.036,-85.194,0.680,0.900,-1.361,1.768,1.521,320339.8,320.34,32090.54,6490.54,1.018,1.049,0.267,-1.647,-0.598,1.364,98.157,Fuzzy
1218,60.9038,48.786,1076.081,-85.262,0.701,0.908,-1.356,1.776,1.526,320285.9,320.29,32085.29,6485.29,1.018,1.120,0.093,-1.238,-0.498,1.194,98.233,Fuzzy
1219,60.9538,48.822,1076.126,-85.330,0.720,0.917,-1.351,1.785,1.531,320232.1,320.23,32080.04,6480.04,1.018,1.172,-0.053,-0.884,-0.463,1.023,98.310,Fuzzy
1220,61.0038,48.858,1076.173,-85.397,0.739,0.925,-1.346,1.793,1.536,320178.2,320.18,32074.79,6474.79,1.018,1.208,-0.223,-0.584,-0.592,0.857,98.386,Fuzzy
1221,61.0538,48.896,1076.219,-85.465,0.756,0.934,-1.340,1.800,1.539,320124.3,320.12,32069.54,6469.54,1.018,1.230,-0.436,-0.337,-0.739,0.704,98.463,Fuzzy
1222,61.1039,48.934,1076.266,-85.531,0.772,0.943,-1.337,1.809,1.544,320070.4,320.07,32064.29,6464.29,1.018,1.241,-0.533,-0.136,0.836,0.568,98.540,Fuzzy
1223,61.1539,48.973,1076.313,-85.599,0.787,0.951,-1.344,1.825,1.558,320016.5,320.02,32059.04,6459.04,1.018,1.244,-0.293,0.025,0.679,0.465,98.618,Fuzzy
1224,61.2039,49.012,1076.361,-85.666,0.803,0.960,-1.349,1.840,1.570,319962.6,319.96,32053.80,6453.80,1.018,1.239,-0.100,0.193,0.541,0.582,98.696,Fuzzy
1225,61.2539,49.053,1076.409,-85.733,0.819,0.969,-1.354,1.855,1.582,319908.7,319.91,32048.55,6448.56,1.018,1.223,0.055,0.401,0.481,0.716,98.775,Fuzzy
1226,61.3039,49.094,1076.458,-85.801,0.837,0.977,-1.359,1.871,1.596,319854.8,319.85,32043.31,6443.31,1.018,1.196,0.228,0.655,0.594,0.865,98.854,Fuzzy
1227,61.3539,49.137,1076.507,-85.869,0.855,0.986,-1.365,1.888,1.611,319800.8,319.80,32038.07,6438.07,1.018,1.155,0.438,0.957,0.720,1.025,98.934,Fuzzy
1228,61.4039,49.180,1076.556,-85.938,0.875,0.994,-1.366,1.903,1.622,319746.9,319.75,32032.82,6432.82,1.018,1.097,0.483,1.310,-0.761,1.189,99.015,Fuzzy
1229,61.4539,49.224,1076.606,-86.006,0.895,1.003,-1.360,1.912,1.628,319693.0,319.69,32027.58,6427.58,1.018,1.021,0.269,1.715,-0.595,1.351,99.096,Fuzzy
1230,61.5039,49.269,1076.656,-86.074,0.916,1.011,-1.355,1.923,1.636,319639.1,319.64,32022.34,6422.34,1.018,0.923,0.105,2.169,-0.449,1.504,99.177,Fuzzy
1231,61.5539,49.316,1076.707,-86.141,0.938,1.019,-1.351,1.935,1.645,319585.1,319.59,32017.10,6417.10,1.018,0.801,-0.016,2.667,-0.329,1.638,99.259,Fuzzy
1232,61.6040,49.363,1076.759,-86.209,0.959,1.028,-1.348,1.947,1.654,319531.2,319.53,32011.86,6411.86,1.018,0.653,-0.126,3.203,-0.355,1.746,99.341,Fuzzy
1233,61.6540,49.412,1076.810,-86.276,0.979,1.036,-1.344,1.960,1.663,319477.2,319.48,32006.63,6406.63,1.018,0.478,-0.241,3.766,-0.366,1.820,99.424,Fuzzy
1234,61.7040,49.461,1076.862,-86.343,0.999,1.045,-1.341,1.971,1.672,319423.3,319.42,32001.39,6401.39,1.018,0.273,-0.356,4.344,-0.356,1.853,99.507,Fuzzy
1235,61.7540,49.512,1076.915,-86.410,1.016,1.053,-1.342,1.986,1.684,319369.3,319.37,31996.15,6396.15,1.018,0.044,-0.285,4.922,0.218,1.836,99.590,Fuzzy
1236,61.8040,49.562,1076.967,-86.477,1.006,1.062,-1.345,1.987,1.679,319315.4,319.32,31990.92,6390.92,1.018,0.203,-0.219,4.555,0.231,-1.857,99.673,Fuzzy
1237,61.8540,49.612,1077.021,-86.545,0.987,1.071,-1.347,1.984,1.670,319261.4,319.26,31985.68,6385.68,1.018,0.414,-0.137,3.952,0.270,-1.843,99.756,Fuzzy
1238,61.9040,49.661,1077.075,-86.612,0.967,1.079,-1.350,1.981,1.661,319207.4,319.21,31980.45,6380.45,1.018,0.594,-0.048,3.364,0.282,-1.782,99.839,Fuzzy
1239,61.9540,49.709,1077.129,-86.680,0.946,1.087,-1.353,1.977,1.651,319153.5,319.15,31975.21,6375.21,1.018,0.747,0.045,2.803,0.322,-1.684,99.922,Fuzzy
1240,62.0040,49.756,1077.183,-86.748,0.925,1.096,-1.357,1.975,1.643,319099.5,319.10,31969.98,6369.98,1.018,0.872,0.169,2.281,0.449,-1.555,100.004,Fuzzy
1241,62.0541,49.801,1077.238,-86.816,0.905,1.104,-1.362,1.973,1.635,319045.5,319.05,31964.75,6364.75,1.018,0.973,0.337,1.806,0.593,-1.404,100.086,Fuzzy
1242,62.1041,49.846,1077.294,-86.884,0.884,1.113,-1.369,1.973,1.630,318991.5,318.99,31959.52,6359.52,1.018,1.051,0.553,1.382,0.755,-1.241,100.167,Fuzzy
1243,62.1541,49.890,1077.350,-86.952,0.865,1.121,-1.369,1.969,1.619,318937.5,318.94,31954.29,6354.30,1.018,1.110,0.548,1.012,-0.802,-1.072,100.248,Fuzzy
1244,62.2041,49.933,1077.406,-87.021,0.847,1.130,-1.362,1.962,1.604,318883.5,318.88,31949.07,6349.07,1.018,1.152,0.315,0.696,-0.665,-0.907,100.329,Fuzzy
1245,62.2541,49.974,1077.462,-87.089,0.829,1.138,-1.357,1.955,1.590,318829.5,318.83,31943.84,6343.84,1.018,1.180,0.124,0.433,-0.540,-0.752,100.409,Fuzzy
1246,62.3041,50.016,1077.520,-87.156,0.813,1.147,-1.352,1.950,1.578,318775.5,318.78,31938.61,6338.61,1.018,1.196,-0.030,0.217,-0.454,-0.611,100.488,Fuzzy
1247,62.3541,50.056,1077.577,-87.224,0.798,1.155,-1.347,1.946,1.566,318721.5,318.72,31933.39,6333.39,1.018,1.201,-0.194,0.044,-0.572,-0.488,100.566,Fuzzy
1248,62.4041,50.095,1077.635,-87.291,0.783,1.164,-1.341,1.941,1.553,318667.5,318.67,31928.16,6328.16,1.018,1.199,-0.400,-0.108,-0.707,-0.511,100.644,Fuzzy
1249,62.4541,50.134,1077.694,-87.358,0.768,1.173,-1.334,1.935,1.539,318613.5,318.61,31922.94,6322.94,1.018,1.188,-0.650,-0.292,-0.859,-0.634,100.722,Fuzzy
1250,62.5042,50.172,1077.752,-87.425,0.751,1.181,-1.340,1.938,1.536,318559.5,318.56,31917.71,6317.71,1.018,1.167,-0.441,-0.517,0.755,-0.772,100.798,Fuzzy
1251,62.5542,50.209,1077.812,-87.492,0.734,1.190,-1.346,1.941,1.533,318505.4,318.51,31912.49,6312.49,1.018,1.134,-0.226,-0.788,0.600,-0.924,100.875,Fuzzy
1252,62.6042,50.245,1077.871,-87.559,0.715,1.198,-1.351,1.943,1.529,318451.4,318.45,31907.27,6307.27,1.018,1.086,-0.058,-1.109,0.466,-1.083,100.952,Fuzzy
1253,62.6542,50.281,1077.931,-87.627,0.696,1.206,-1.356,1.944,1.524,318397.4,318.40,31902.05,6302.05,1.018,1.021,0.078,-1.480,0.440,-1.244,101.028,Fuzzy
1254,62.7042,50.315,1077.992,-87.695,0.676,1.215,-1.360,1.945,1.519,318343.4,318.34,31896.83,6296.83,1.018,0.935,0.232,-1.900,0.519,-1.399,101.104,Fuzzy
1255,62.7542,50.348,1078.053,-87.763,0.655,1.223,-1.366,1.947,1.515,318289.3,318.29,31891.61,6291.61,1.018,0.827,0.411,-2.367,0.599,-1.541,101.180,Fuzzy
1256,62.8042,50.381,1078.114,-87.831,0.635,1.232,-1.369,1.948,1.509,318235.3,318.24,31886.39,6286.40,1.018,0.695,0.529,-2.875,-0.649,-1.661,101.255,Fuzzy
1257,62.8542,50.412,1078.176,-87.900,0.614,1.240,-1.364,1.943,1.496,318181.2,318.18,31881.18,6281.18,1.018,0.538,0.351,-3.414,-0.477,-1.753,101.330,Fuzzy
1258,62.9042,50.442,1078.238,-87.968,0.595,1.248,-1.361,1.940,1.485,318127.2,318.13,31875.96,6275.97,1.018,0.354,0.226,-3.975,-0.321,-1.808,101.404,Fuzzy
1259,62.9542,50.471,1078.301,-88.036,0.577,1.257,-1.358,1.938,1.476,318073.1,318.07,31870.75,6270.75,1.018,0.148,0.148,-4.546,-0.179,-1.822,101.477,Fuzzy
1260,63.0043,50.500,1078.364,-88.104,0.573,1.265,-1.357,1.942,1.473,318019.0,318.02,31865.54,6265.54,1.018,0.120,0.107,-4.649,-0.120,1.826,101.551,Fuzzy
1261,63.0543,50.529,1078.428,-88.172,0.591,1.274,-1.355,1.951,1.478,317965.0,317.97,31860.32,6260.32,1.018,0.324,0.058,-4.056,-0.179,1.817,101.624,Fuzzy
1262,63.1043,50.559,1078.491,-88.239,0.610,1.282,-1.352,1.961,1.483,317910.9,317.91,31855.11,6255.11,1.018,0.509,-0.005,-3.473,-0.210,1.769,101.697,Fuzzy
1263,63.1543,50.590,1078.556,-88.307,0.630,1.291,-1.349,1.970,1.489,317856.8,317.86,31849.90,6249.90,1.018,0.665,-0.092,-2.915,-0.326,1.681,101.771,Fuzzy
1264,63.2043,50.622,1078.621,-88.374,0.650,1.299,-1.345,1.980,1.494,317802.8,317.80,31844.69,6244.69,1.018,0.795,-0.218,-2.391,-0.456,1.562,101.846,Fuzzy
1265,63.2543,50.655,1078.686,-88.441,0.670,1.308,-1.339,1.988,1.498,317748.7,317.75,31839.48,6239.48,1.018,0.900,-0.388,-1.912,-0.602,1.420,101.920,Fuzzy
1266,63.3043,50.689,1078.751,-88.508,0.690,1.316,-1.333,1.996,1.501,317694.6,317.69,31834.27,6234.27,1.018,0.983,-0.608,-1.481,-0.765,1.263,101.995,Fuzzy
1267,63.3543,50.724,1078.817,-88.574,0.709,1.324,-1.327,2.004,1.504,317640.5,317.64,31829.06,6229.06,1.018,1.046,-0.821,-1.103,0.943,1.099,102.070,Fuzzy
1268,63.4043,50.760,1078.884,-88.641,0.727,1.333,-1.334,2.021,1.520,317586.4,317.59,31823.86,6223.85,1.018,1.093,-0.544,-0.779,0.795,0.936,102.146,Fuzzy
1269,63.4544,50.797,1078.951,-88.708,0.744,1.341,-1.341,2.037,1.534,317532.3,317.53,31818.65,6218.65,1.018,1.126,-0.314,-0.506,0.656,0.781,102.222,Fuzzy
1270,63.5044,50.834,1079.018,-88.775,0.760,1.350,-1.346,2.052,1.546,317478.2,317.48,31813.45,6213.44,1.018,1.145,-0.126,-0.281,0.531,0.640,102.299,Fuzzy
1271,63.5544,50.873,1079.086,-88.843,0.775,1.358,-1.351,2.067,1.558,317424.1,317.42,31808.24,6208.24,1.018,1.154,0.025,-0.098,0.439,0.514,102.377,Fuzzy
1272,63.6044,50.912,1079.154,-88.910,0.789,1.367,-1.356,2.081,1.569,317370.0,317.37,31803.04,6203.03,1.018,1.155,0.184,0.049,0.551,0.457,102.455,Fuzzy
1273,63.6544,50.952,1079.222,-88.978,0.804,1.375,-1.362,2.096,1.582,317315.8,317.32,31797.83,6197.83,1.018,1.147,0.381,0.214,0.680,0.570,102.534,Fuzzy
1274,63.7044,50.992,1079.291,-89.046,0.820,1.384,-1.369,2.112,1.595,317261.8,317.26,31792.63,6192.63,1.018,1.130,0.622,0.418,0.824,0.698,102.613,Fuzzy
1275,63.7544,51.034,1079.361,-89.115,0.836,1.392,-1.373,2.127,1.608,317207.6,317.21,31787.43,6187.43,1.018,1.101,0.787,0.664,-0.946,0.841,102.693,Fuzzy
1276,63.8044,51.076,1079.430,-89.183,0.854,1.401,-1.366,2.134,1.610,317153.5,317.15,31782.23,6182.23,1.018,1.061,0.515,0.957,-0.768,0.994,102.774,Fuzzy
1277,63.8544,51.119,1079.501,-89.252,0.872,1.409,-1.359,2.143,1.615,317099.4,317.10,31777.03,6177.03,1.018,1.005,0.297,1.299,-0.608,1.151,102.854,Fuzzy
1278,63.9045,51.163,1079.572,-89.319,0.891,1.417,-1.354,2.153,1.621,317045.2,317.05,31771.83,6171.83,1.018,0.930,0.128,1.691,-0.467,1.306,102.935,Fuzzy
1279,63.9545,51.208,1079.642,-89.387,0.911,1.426,-1.350,2.164,1.628,316991.1,316.99,31766.64,6166.64,1.018,0.834,0.001,2.129,-0.343,1.452,103.016,Fuzzy
1280,64.0045,51.254,1079.714,-89.454,0.931,1.434,-1.346,2.176,1.636,316937.0,316.94,31761.44,6161.44,1.018,0.714,-0.110,2.609,-0.365,1.580,103.097,Fuzzy
1281,64.0544,51.301,1079.786,-89.522,0.951,1.442,-1.342,2.187,1.645,316882.8,316.88,31756.25,6156.25,1.018,0.570,-0.231,3.125,-0.394,1.682,103.179,Fuzzy
1282,64.1044,51.349,1079.858,-89.589,0.970,1.451,-1.338,2.199,1.652,316828.7,316.83,31751.05,6151.05,1.018,0.398,-0.360,3.667,-0.409,1.751,103.261,Fuzzy
1283,64.1544,51.398,1079.931,-89.655,0.988,1.459,-1.334,2.210,1.660,316774.5,316.77,31745.86,6145.86,1.018,0.198,-0.488,4.222,-0.400,1.779,103.343,Fuzzy
1284,64.2044,51.448,1080.004,-89.722,1.004,1.467,-1.333,2.222,1.669,316720.4,316.72,31740.66,6140.66,1.018,0.028,-0.517,4.777,0.323,1.762,103.426,Fuzzy
1285,64.2543,51.498,1080.078,-89.789,0.987,1.476,-1.336,2.222,1.661,316666.2,316.67,31735.47,6135.47,1.018,0.253,-0.403,4.190,0.370,-1.807,103.509,Fuzzy
1286,64.3043,51.547,1080.152,-89.856,0.969,1.484,-1.340,2.222,1.654,316612.0,316.61,31730.28,6130.28,1.018,0.448,-0.281,3.608,0.381,-1.773,103.591,Fuzzy
1287,64.3543,51.595,1080.226,-89.923,0.949,1.493,-1.344,2.222,1.645,316557.9,316.56,31725.09,6125.09,1.018,0.613,-0.161,3.046,0.368,-1.697,103.673,Fuzzy
1288,64.4042,51.641,1080.301,-89.990,0.929,1.501,-1.348,2.221,1.637,316503.7,316.50,31719.90,6119.90,1.018,0.750,-0.048,2.516,0.340,-1.587,103.755,Fuzzy
1289,64.4542,51.687,1080.376,-90.058,0.909,1.509,-1.352,2.221,1.629,316449.5,316.45,31714.71,6114.71,1.018,0.862,0.061,2.027,0.372,-1.451,103.836,Fuzzy
1290,64.5042,51.732,1080.452,-90.125,0.889,1.517,-1.356,2.221,1.622,316395.4,316.40,31709.53,6109.53,1.018,0.950,0.201,1.585,0.497,-1.298,103.917,Fuzzy
1291,64.5542,51.776,1080.528,-90.193,0.870,1.526,-1.362,2.223,1.616,316341.2,316.34,31704.34,6104.34,1.018,1.018,0.383,1.196,0.638,-1.136,103.998,Fuzzy
1292,64.6041,51.819,1080.605,-90.261,0.852,1.534,-1.369,2.226,1.612,316287.0,316.29,31699.15,6099.15,1.018,1.067,0.613,0.859,0.797,-0.973,104.079,Fuzzy
1293,64.6541,51.862,1080.682,-90.330,0.835,1.542,-1.375,2.229,1.609,316232.8,316.23,31693.97,6093.97,1.018,1.102,0.834,0.574,-0.971,-0.817,104.159,Fuzzy
1294,64.7041,51.903,1080.759,-90.399,0.819,1.551,-1.367,2.224,1.594,316178.6,316.18,31688.78,6088.78,1.018,1.125,0.551,0.338,-0.810,-0.672,104.239,Fuzzy
1295,64.7541,51.944,1080.837,-90.467,0.804,1.559,-1.360,2.220,1.580,316124.4,316.12,31683.60,6083.60,1.018,1.138,0.317,0.146,-0.662,-0.543,104.319,Fuzzy
1296,64.8040,51.983,1080.915,-90.535,0.790,1.568,-1.355,2.217,1.568,316070.2,316.07,31678.42,6078.42,1.018,1.141,0.129,-0.008,-0.532,-0.432,104.397,Fuzzy
1297,64.8540,52.022,1080.993,-90.602,0.776,1.576,-1.350,2.215,1.557,316016.0,316.02,31673.24,6073.24,1.018,1.137,-0.022,-0.161,-0.432,-0.530,104.475,Fuzzy
1298,64.9040,52.061,1081.073,-90.670,0.760,1.585,-1.345,2.213,1.545,315961.8,315.96,31668.06,6068.06,1.018,1.123,-0.178,-0.351,-0.538,-0.653,104.553,Fuzzy
1299,64.9539,52.099,1081.152,-90.737,0.744,1.593,-1.339,2.210,1.532,315907.5,315.91,31662.88,6062.88,1.018,1.099,-0.370,-0.582,-0.658,-0.791,104.630,Fuzzy
1300,65.0039,52.135,1081.232,-90.804,0.727,1.601,-1.333,2.207,1.518,315853.3,315.85,31657.70,6057.70,1.018,1.061,-0.601,-0.858,-0.791,-0.939,104.706,Fuzzy
1301,65.0539,52.171,1081.312,-90.870,0.709,1.610,-1.327,2.203,1.505,315799.1,315.80,31652.52,6052.52,1.018,1.009,-0.817,-1.183,0.932,-1.094,104.782,Fuzzy
1302,65.1039,52.206,1081.393,-90.937,0.691,1.618,-1.334,2.208,1.502,315744.9,315.74,31647.35,6047.35,1.018,0.940,-0.550,-1.556,0.750,-1.250,104.857,Fuzzy
1303,65.1538,52.240,1081.474,-91.003,0.671,1.626,-1.341,2.212,1.499,315690.8,315.69,31642.17,6042.17,1.018,0.852,-0.339,-1.977,0.585,-1.398,104.932,Fuzzy
1304,65.2038,52.273,1081.555,-91.071,0.651,1.634,-1.346,2.215,1.495,315636.4,315.64,31636.99,6037.00,1.018,0.742,-0.178,-2.442,0.438,-1.532,105.006,Fuzzy
1305,65.2538,52.305,1081.637,-91.138,0.632,1.642,-1.350,2.218,1.490,315582.2,315.58,31631.82,6031.82,1.018,0.607,-0.061,-2.944,0.308,-1.643,105.081,Fuzzy
1306,65.3038,52.337,1081.719,-91.206,0.612,1.651,-1.353,2.220,1.485,315528.0,315.53,31626.65,6026.65,1.018,0.447,0.017,-3.476,0.206,-1.724,105.155,Fuzzy
1307,65.3537,52.367,1081.802,-91.273,0.594,1.659,-1.355,2.223,1.479,315473.8,315.47,31621.47,6021.48,1.018,0.261,0.078,-4.025,0.174,-1.768,105.229,Fuzzy
1308,65.4037,52.396,1081.885,-91.341,0.577,1.667,-1.357,2.226,1.475,315419.5,315.42,31616.30,6016.30,1.018,0.071,0.124,-4.581,0.119,-1.777,105.302,Fuzzy
1309,65.4537,52.425,1081.969,-91.409,0.587,1.676,-1.359,2.236,1.480,315365.3,315.37,31611.13,6011.13,1.018,0.195,0.168,-4.227,0.187,1.780,105.375,Fuzzy
1310,65.5036,52.455,1082.053,-91.477,0.605,1.684,-1.361,2.248,1.489,315311.0,315.31,31605.96,6005.96,1.018,0.386,0.250,-3.653,0.321,1.751,105.449,Fuzzy
1311,65.5536,52.485,1082.137,-91.545,0.624,1.692,-1.365,2.262,1.501,315256.7,315.26,31600.79,6000.79,1.018,0.551,0.377,-3.097,0.467,1.682,105.524,Fuzzy
1312,65.6036,52.517,1082.222,-91.613,0.643,1.700,-1.368,2.276,1.512,315202.5,315.20,31595.63,5995.63,1.018,0.691,0.513,-2.570,-0.627,1.579,105.599,Fuzzy
1313,65.6536,52.550,1082.308,-91.682,0.663,1.709,-1.363,2.284,1.516,315148.2,315.15,31590.46,5990.46,1.018,0.806,0.325,-2.082,-0.552,1.450,105.674,Fuzzy
1314,65.7035,52.583,1082.393,-91.750,0.682,1.717,-1.358,2.293,1.520,315094.0,315.09,31585.29,5985.29,1.018,0.898,0.162,-1.641,-0.474,1.302,105.750,Fuzzy
1315,65.7535,52.618,1082.479,-91.818,0.701,1.725,-1.354,2.302,1.525,315039.7,315.04,31580.13,5980.13,1.018,0.969,0.024,-1.249,-0.399,1.145,105.826,Fuzzy
1316,65.8035,52.654,1082.566,-91.885,0.719,1.733,-1.350,2.312,1.529,314985.4,314.99,31574.96,5974.96,1.018,1.022,-0.108,-0.909,-0.457,0.985,105.902,Fuzzy
1317,65.8535,52.690,1082.652,-91.952,0.736,1.742,-1.345,2.320,1.533,314931.1,314.93,31569.80,5969.80,1.018,1.059,-0.275,-0.620,-0.582,0.830,105.979,Fuzzy
1318,65.9034,52.727,1082.740,-92.020,0.751,1.750,-1.339,2.328,1.535,314876.8,314.88,31564.64,5964.64,1.018,1.083,-0.484,-0.379,-0.724,0.686,106.055,Fuzzy
1319,65.9534,52.765,1082.828,-92.086,0.766,1.758,-1.339,2.339,1.543,314822.6,314.82,31559.48,5959.48,1.018,1.096,-0.480,-0.183,0.756,0.557,106.132,Fuzzy
1320,66.0034,52.804,1082.916,-92.154,0.780,1.767,-1.345,2.353,1.555,314768.3,314.77,31554.32,5954.32,1.018,1.102,-0.263,-0.025,0.614,0.444,106.210,Fuzzy
1321,66.0533,52.843,1083.004,-92.221,0.794,1.775,-1.350,2.367,1.566,314714.0,314.71,31549.16,5949.16,1.018,1.099,-0.089,0.118,0.491,0.489,106.288,Fuzzy
1322,66.1033,52.883,1083.093,-92.289,0.808,1.783,-1.354,2.380,1.577,314659.8,314.66,31544.00,5944.00,1.018,1.089,0.052,0.293,0.440,0.605,106.366,Fuzzy
1323,66.1533,52.924,1083.182,-92.356,0.823,1.792,-1.359,2.395,1.589,314605.4,314.61,31538.84,5938.84,1.018,1.068,0.210,0.508,0.544,0.736,106.445,Fuzzy
1324,66.2033,52.965,1083.272,-92.424,0.840,1.800,-1.364,2.409,1.602,314551.1,314.55,31533.68,5933.68,1.018,1.035,0.403,0.766,0.660,0.879,106.525,Fuzzy
1325,66.2532,53.008,1083.363,-92.493,0.857,1.808,-1.369,2.424,1.615,314496.9,314.50,31528.53,5928.53,1.018,0.988,0.584,1.071,-0.787,1.029,106.606,Fuzzy
1326,66.3032,53.051,1083.453,-92.561,0.875,1.816,-1.363,2.433,1.619,314442.5,314.44,31523.37,5923.37,1.018,0.926,0.361,1.423,-0.624,1.182,106.686,Fuzzy
1327,66.3532,53.095,1083.544,-92.629,0.893,1.824,-1.358,2.443,1.625,314388.2,314.39,31518.21,5918.21,1.017,0.844,0.187,1.822,-0.479,1.330,106.767,Fuzzy
1328,66.4031,53.140,1083.636,-92.697,0.913,1.833,-1.354,2.454,1.633,314333.9,314.33,31513.06,5913.06,1.017,0.741,0.057,2.266,-0.352,1.466,106.849,Fuzzy
1329,66.4531,53.187,1083.727,-92.764,0.932,1.841,-1.350,2.466,1.641,314279.6,314.28,31507.91,5907.91,1.017,0.615,-0.039,2.749,-0.281,1.582,106.930,Fuzzy
1330,66.5031,53.234,1083.820,-92.832,0.951,1.849,-1.347,2.478,1.649,314225.3,314.23,31502.76,5902.76,1.017,0.464,-0.130,3.263,-0.288,1.671,107.012,Fuzzy
1331,66.5531,53.282,1083.912,-92.899,0.969,1.857,-1.345,2.489,1.657,314170.9,314.17,31497.61,5897.61,1.017,0.285,-0.220,3.797,-0.276,1.724,107.094,Fuzzy
1332,66.6030,53.330,1084.005,-92.966,0.986,1.865,-1.342,2.500,1.665,314116.6,314.12,31492.46,5892.46,1.017,0.079,-0.301,4.340,-0.236,1.733,107.177,Fuzzy
1333,66.6530,53.380,1084.099,-93.033,0.985,1.874,-1.342,2.506,1.665,314062.3,314.06,31487.30,5887.31,1.017,0.144,-0.299,4.323,0.254,-1.768,107.260,Fuzzy
1334,66.7030,53.429,1084.193,-93.101,0.968,1.882,-1.345,2.507,1.657,314007.9,314.01,31482.16,5882.16,1.017,0.344,-0.210,3.750,0.290,-1.752,107.342,Fuzzy
1335,66.7530,53.477,1084.287,-93.168,0.949,1.890,-1.348,2.508,1.648,313953.7,313.95,31477.01,5877.01,1.017,0.517,-0.115,3.191,0.299,-1.692,107.425,Fuzzy
1336,66.8029,53.524,1084.382,-93.235,0.930,1.898,-1.351,2.508,1.640,313899.3,313.90,31471.87,5871.87,1.017,0.661,-0.021,2.660,0.289,-1.595,107.506,Fuzzy
1337,66.8529,53.570,1084.477,-93.303,0.910,1.906,-1.354,2.509,1.631,313845.0,313.85,31466.72,5866.72,1.017,0.780,0.079,2.166,0.357,-1.471,107.588,Fuzzy
1338,66.9029,53.615,1084.572,-93.371,0.891,1.914,-1.358,2.511,1.624,313790.6,313.79,31461.57,5861.57,1.017,0.876,0.214,1.716,0.481,-1.327,107.669,Fuzzy
1339,66.9528,53.659,1084.668,-93.439,0.873,1.922,-1.363,2.513,1.618,313736.2,313.74,31456.43,5856.43,1.017,0.950,0.391,1.316,0.621,-1.171,107.750,Fuzzy
1340,67.0028,53.702,1084.765,-93.507,0.855,1.931,-1.365,2.514,1.611,313681.9,313.68,31451.29,5851.29,1.017,1.006,0.472,0.967,-0.719,-1.012,107.831,Fuzzy
1341,67.0528,53.744,1084.861,-93.575,0.838,1.939,-1.360,2.512,1.597,313627.6,313.63,31446.15,5846.15,1.017,1.047,0.263,0.670,-0.596,-0.856,107.911,Fuzzy
1342,67.1028,53.786,1084.958,-93.643,0.822,1.947,-1.355,2.510,1.584,313573.2,313.57,31441.00,5841.01,1.017,1.074,0.093,0.421,-0.484,-0.710,107.990,Fuzzy
1343,67.1527,53.827,1085.056,-93.711,0.807,1.955,-1.351,2.509,1.573,313518.8,313.52,31435.86,5835.86,1.017,1.089,-0.048,0.217,-0.436,-0.578,108.069,Fuzzy
1344,67.2027,53.866,1085.154,-93.778,0.793,1.963,-1.346,2.509,1.562,313464.5,313.46,31430.72,5830.72,1.017,1.095,-0.206,0.053,-0.548,-0.463,108.148,Fuzzy
1345,67.2527,53.906,1085.252,-93.845,0.779,1.972,-1.341,2.508,1.551,313410.2,313.41,31425.59,5825.59,1.017,1.093,-0.402,-0.087,-0.676,-0.466,108.226,Fuzzy
1346,67.3027,53.944,1085.351,-93.912,0.765,1.980,-1.340,2.510,1.543,313355.7,313.36,31420.45,5820.45,1.017,1.084,-0.443,-0.254,0.729,-0.578,108.303,Fuzzy
1347,67.3526,53.982,1085.450,-93.979,0.750,1.988,-1.345,2.515,1.540,313301.4,313.30,31415.31,5815.31,1.017,1.066,-0.236,-0.460,0.585,-0.705,108.380,Fuzzy
1348,67.4026,54.019,1085.550,-94.047,0.734,1.996,-1.350,2.519,1.537,313247.0,313.25,31410.18,5810.18,1.017,1.037,-0.071,-0.708,0.459,-0.845,108.457,Fuzzy
1349,67.4526,54.056,1085.650,-94.114,0.717,2.004,-1.354,2.523,1.532,313192.7,313.19,31405.04,5805.04,1.017,0.993,0.061,-1.001,0.419,-0.994,108.534,Fuzzy
1350,67.5025,54.091,1085.750,-94.182,0.700,2.012,-1.359,2.527,1.528,313138.3,313.14,31399.91,5799.91,1.017,0.934,0.209,-1.342,0.502,-1.146,108.610,Fuzzy
1351,67.5525,54.126,1085.851,-94.250,0.681,2.020,-1.364,2.531,1.524,313083.8,313.08,31394.77,5794.77,1.017,0.856,0.384,-1.730,0.591,-1.296,108.686,Fuzzy
1352,67.6025,54.159,1085.953,-94.318,0.662,2.028,-1.364,2.532,1.516,313029.5,313.03,31389.64,5789.64,1.017,0.758,0.383,-2.164,-0.580,-1.434,108.762,Fuzzy
1353,67.6525,54.192,1086.054,-94.387,0.643,2.037,-1.359,2.531,1.504,312975.1,312.98,31384.51,5784.51,1.017,0.638,0.224,-2.637,-0.431,-1.555,108.837,Fuzzy
1354,67.7024,54.223,1086.156,-94.454,0.624,2.045,-1.356,2.531,1.493,312920.7,312.92,31379.38,5779.38,1.017,0.493,0.110,-3.143,-0.298,-1.650,108.912,Fuzzy
1355,67.7524,54.254,1086.259,-94.522,0.605,2.053,-1.354,2.532,1.483,312866.3,312.87,31374.25,5774.25,1.017,0.323,0.036,-3.673,-0.179,-1.712,108.986,Fuzzy
1356,67.8024,54.284,1086.361,-94.590,0.588,2.061,-1.353,2.534,1.475,312811.9,312.81,31369.12,5769.12,1.017,0.130,-0.002,-4.214,-0.069,-1.734,109.060,Fuzzy
1357,67.8524,54.313,1086.464,-94.657,0.585,2.069,-1.352,2.540,1.473,312757.5,312.76,31363.99,5764.00,1.017,0.108,-0.015,-4.312,-0.051,1.745,109.133,Fuzzy
1358,67.9023,54.343,1086.568,-94.725,0.602,2.077,-1.350,2.549,1.478,312703.1,312.70,31358.87,5758.87,1.017,0.302,-0.049,-3.747,-0.157,1.727,109.206,Fuzzy
1359,67.9523,54.373,1086.672,-94.792,0.620,2.085,-1.348,2.559,1.484,312648.7,312.65,31353.74,5753.74,1.017,0.473,-0.119,-3.196,-0.272,1.671,109.280,Fuzzy
1360,68.0023,54.405,1086.777,-94.860,0.639,2.093,-1.344,2.568,1.488,312594.3,312.59,31348.61,5748.61,1.017,0.617,-0.227,-2.671,-0.398,1.578,109.354,Fuzzy
1361,68.0522,54.437,1086.882,-94.927,0.658,2.101,-1.340,2.577,1.493,312539.8,312.54,31343.49,5743.49,1.017,0.736,-0.378,-2.182,-0.538,1.458,109.428,Fuzzy
1362,68.1022,54.471,1086.987,-94.994,0.676,2.109,-1.334,2.586,1.496,312485.5,312.49,31338.37,5738.37,1.017,0.833,-0.575,-1.736,-0.693,1.318,109.503,Fuzzy
1363,68.1522,54.505,1087.092,-95.061,0.695,2.117,-1.339,2.599,1.508,312431.0,312.43,31333.25,5733.25,1.017,0.909,-0.400,-1.338,0.639,1.166,109.578,Fuzzy
1364,68.2022,54.540,1087.198,-95.128,0.712,2.125,-1.344,2.613,1.521,312376.7,312.38,31328.13,5728.13,1.017,0.967,-0.214,-0.990,0.535,1.009,109.654,Fuzzy
1365,68.2521,54.576,1087.305,-95.195,0.729,2.133,-1.349,2.627,1.533,312322.2,312.32,31323.00,5723.00,1.017,1.008,-0.060,-0.693,0.440,0.856,109.730,Fuzzy
1366,68.3021,54.613,1087.412,-95.262,0.745,2.141,-1.352,2.640,1.544,312267.8,312.27,31317.88,5717.88,1.017,1.036,0.072,-0.444,0.437,0.712,109.807,Fuzzy
1367,68.3521,54.651,1087.519,-95.330,0.759,2.149,-1.357,2.653,1.555,312213.3,312.21,31312.77,5712.77,1.017,1.052,0.231,-0.239,0.551,0.581,109.884,Fuzzy
1368,68.4021,54.689,1087.626,-95.398,0.773,2.157,-1.363,2.666,1.567,312158.9,312.16,31307.65,5707.65,1.017,1.058,0.429,-0.074,0.682,0.467,109.962,Fuzzy
1369,68.4520,54.728,1087.735,-95.466,0.786,2.165,-1.365,2.678,1.575,312104.5,312.10,31302.53,5702.53,1.017,1.058,0.518,0.063,-0.767,0.438,110.041,Fuzzy
1370,68.5020,54.767,1087.843,-95.535,0.799,2.174,-1.359,2.685,1.577,312050.0,312.05,31297.41,5697.41,1.017,1.051,0.298,0.220,-0.622,0.545,110.120,Fuzzy
1371,68.5520,54.808,1087.952,-95.602,0.814,2.182,-1.354,2.693,1.579,311995.6,312.00,31292.30,5692.30,1.017,1.035,0.122,0.414,-0.494,0.666,110.199,Fuzzy
1372,68.6019,54.849,1088.061,-95.670,0.829,2.190,-1.350,2.702,1.584,311941.2,311.94,31287.18,5687.18,1.017,1.008,-0.017,0.649,-0.391,0.801,110.278,Fuzzy
1373,68.6519,54.891,1088.171,-95.737,0.845,2.198,-1.345,2.712,1.589,311886.7,311.89,31282.07,5682.07,1.017,0.968,-0.156,0.928,-0.476,0.945,110.357,Fuzzy
1374,68.7019,54.933,1088.281,-95.804,0.862,2.206,-1.340,2.721,1.594,311832.3,311.83,31276.96,5676.96,1.017,0.912,-0.324,1.253,-0.570,1.094,110.436,Fuzzy
1375,68.7519,54.977,1088.391,-95.871,0.880,2.214,-1.335,2.731,1.599,311777.8,311.78,31271.85,5671.85,1.017,0.840,-0.522,1.624,-0.670,1.242,110.516,Fuzzy
1376,68.8018,55.021,1088.503,-95.938,0.899,2.222,-1.339,2.745,1.613,311723.3,311.72,31266.73,5666.73,1.017,0.748,-0.363,2.040,0.563,1.381,110.596,Fuzzy
1377,68.8518,55.067,1088.614,-96.005,0.917,2.229,-1.343,2.760,1.627,311668.9,311.67,31261.62,5661.62,1.017,0.634,-0.208,2.497,0.419,1.504,110.677,Fuzzy
1378,68.9018,55.113,1088.725,-96.072,0.936,2.237,-1.346,2.774,1.640,311614.4,311.61,31256.52,5656.52,1.017,0.497,-0.097,2.988,0.291,1.604,110.758,Fuzzy
1379,68.9517,55.160,1088.838,-96.140,0.954,2.245,-1.349,2.788,1.652,311560.0,311.56,31251.41,5651.41,1.017,0.335,-0.025,3.504,0.176,1.672,110.840,Fuzzy
1380,69.0017,55.209,1088.950,-96.207,0.971,2.253,-1.350,2.800,1.663,311505.5,311.51,31246.30,5646.30,1.017,0.151,0.014,4.035,0.085,1.704,110.923,Fuzzy
1381,69.0517,55.257,1089.063,-96.275,0.977,2.261,-1.351,2.810,1.667,311451.1,311.45,31241.19,5641.19,1.017,0.088,0.032,4.241,0.055,-1.718,111.006,Fuzzy
1382,69.1017,55.306,1089.176,-96.342,0.961,2.269,-1.352,2.811,1.659,311396.5,311.40,31236.09,5636.09,1.017,0.273,0.066,3.686,0.156,-1.695,111.088,Fuzzy
1383,69.1516,55.354,1089.290,-96.410,0.943,2.277,-1.355,2.813,1.651,311342.1,311.34,31230.98,5630.98,1.017,0.440,0.135,3.146,0.270,-1.639,111.171,Fuzzy
1384,69.2016,55.400,1089.404,-96.478,0.925,2.285,-1.358,2.815,1.644,311287.7,311.29,31225.88,5625.88,1.017,0.582,0.243,2.631,0.395,-1.548,111.253,Fuzzy
1385,69.2516,55.446,1089.518,-96.546,0.907,2.293,-1.363,2.817,1.637,311233.1,311.23,31220.78,5620.78,1.017,0.699,0.392,2.151,0.534,-1.430,111.335,Fuzzy
1386,69.3016,55.491,1089.633,-96.614,0.889,2.301,-1.369,2.821,1.632,311178.7,311.18,31215.68,5615.68,1.017,0.795,0.587,1.714,0.687,-1.292,111.416,Fuzzy
1387,69.3515,55.535,1089.748,-96.683,0.871,2.309,-1.365,2.820,1.619,311124.2,311.12,31210.57,5610.57,1.017,0.870,0.453,1.324,-0.659,-1.143,111.497,Fuzzy
1388,69.4015,55.578,1089.864,-96.751,0.854,2.317,-1.360,2.819,1.605,311069.7,311.07,31205.47,5605.47,1.017,0.927,0.261,0.983,-0.553,-0.991,111.578,Fuzzy
1389,69.4515,55.620,1089.980,-96.819,0.838,2.325,-1.355,2.818,1.593,311015.2,311.02,31200.38,5600.38,1.017,0.969,0.101,0.691,-0.456,-0.841,111.658,Fuzzy
1390,69.5014,55.662,1090.096,-96.886,0.822,2.332,-1.351,2.818,1.582,310960.8,310.96,31195.28,5595.28,1.017,0.996,-0.030,0.446,-0.396,-0.700,111.737,Fuzzy
1391,69.5514,55.703,1090.213,-96.954,0.808,2.340,-1.347,2.819,1.571,310906.3,310.91,31190.18,5590.18,1.017,1.012,-0.174,0.245,-0.501,-0.572,111.816,Fuzzy
1392,69.6014,55.743,1090.330,-97.021,0.795,2.348,-1.342,2.819,1.559,310851.7,310.85,31185.08,5585.08,1.017,1.020,-0.354,0.082,-0.622,-0.460,111.894,Fuzzy
1393,69.6514,55.782,1090.448,-97.088,0.782,2.356,-1.335,2.819,1.548,310797.3,310.80,31179.98,5579.99,1.017,1.019,-0.575,-0.051,-0.760,-0.418,111.972,Fuzzy
1394,69.7013,55.821,1090.566,-97.155,0.769,2.364,-1.339,2.824,1.544,310742.8,310.74,31174.89,5574.89,1.017,1.013,-0.432,-0.202,0.698,-0.520,112.049,Fuzzy
1395,69.7513,55.859,1090.685,-97.222,0.756,2.372,-1.345,2.830,1.543,310688.3,310.69,31169.80,5569.80,1.017,0.998,-0.233,-0.387,0.561,-0.637,112.126,Fuzzy
1396,69.8013,55.896,1090.803,-97.289,0.741,2.380,-1.350,2.835,1.540,310633.7,310.63,31164.71,5564.71,1.017,0.973,-0.075,-0.611,0.441,-0.767,112.203,Fuzzy
1397,69.8513,55.933,1090.923,-97.357,0.725,2.388,-1.354,2.839,1.536,310579.2,310.58,31159.61,5559.61,1.017,0.935,0.051,-0.879,0.393,-0.907,112.280,Fuzzy
1398,69.9012,55.969,1091.042,-97.425,0.709,2.396,-1.358,2.844,1.532,310524.7,310.52,31154.52,5554.52,1.017,0.882,0.189,-1.191,0.472,-1.053,112.357,Fuzzy
1399,69.9512,56.004,1091.162,-97.493,0.691,2.404,-1.363,2.848,1.528,310470.2,310.47,31149.43,5549.43,1.017,0.813,0.354,-1.548,0.557,-1.197,112.433,Fuzzy
1400,70.0012,56.038,1091.283,-97.561,0.674,2.412,-1.368,2.853,1.525,310415.8,310.42,31144.34,5544.34,1.017,0.725,0.545,-1.950,0.643,-1.335,112.509,Fuzzy
1401,70.0511,56.071,1091.403,-97.629,0.656,2.419,-1.363,2.853,1.513,310361.1,310.36,31139.25,5539.26,1.017,0.616,0.359,-2.392,-0.511,-1.458,112.585,Fuzzy
1402,70.1011,56.104,1091.524,-97.697,0.638,2.427,-1.359,2.854,1.501,310306.7,310.31,31134.17,5534.17,1.017,0.485,0.221,-2.869,-0.369,-1.559,112.660,Fuzzy
1403,70.1511,56.135,1091.646,-97.765,0.620,2.435,-1.356,2.855,1.491,310252.2,310.25,31129.08,5529.08,1.017,0.329,0.125,-3.372,-0.242,-1.632,112.735,Fuzzy
1404,70.2011,56.166,1091.768,-97.833,0.603,2.443,-1.354,2.858,1.483,310197.6,310.20,31123.99,5523.99,1.017,0.153,0.068,-3.890,-0.127,-1.669,112.809,Fuzzy
1405,70.2510,56.195,1091.890,-97.900,0.597,2.451,-1.353,2.863,1.479,310143.1,310.14,31118.91,5518.91,1.017,0.086,0.043,-4.093,-0.064,1.684,112.882,Fuzzy
1406,70.3010,56.226,1092.013,-97.968,0.613,2.459,-1.352,2.872,1.484,310088.6,310.09,31113.83,5513.83,1.017,0.260,0.012,-3.552,-0.120,1.652,112.956,Fuzzy
1407,70.3510,56.257,1092.136,-98.036,0.630,2.466,-1.350,2.881,1.489,310034.1,310.03,31108.74,5508.74,1.017,0.421,-0.038,-3.026,-0.198,1.592,113.030,Fuzzy
1408,70.4010,56.289,1092.260,-98.103,0.647,2.474,-1.347,2.890,1.494,309979.5,309.98,31103.66,5503.66,1.017,0.556,-0.119,-2.527,-0.305,1.499,113.105,Fuzzy
1409,70.4509,56.321,1092.383,-98.170,0.665,2.482,-1.343,2.899,1.499,309925.0,309.93,31098.58,5498.58,1.017,0.669,-0.236,-2.063,-0.424,1.381,113.179,Fuzzy
1410,70.5009,56.355,1092.508,-98.237,0.683,2.490,-1.338,2.908,1.502,309870.4,309.87,31093.50,5493.50,1.017,0.759,-0.394,-1.641,-0.557,1.245,113.254,Fuzzy
1411,70.5509,56.390,1092.632,-98.304,0.700,2.497,-1.332,2.916,1.505,309815.9,309.82,31088.42,5488.42,1.017,0.830,-0.596,-1.266,-0.705,1.099,113.329,Fuzzy
1412,70.6008,56.425,1092.757,-98.371,0.716,2.505,-1.332,2.926,1.512,309761.4,309.76,31083.34,5483.34,1.017,0.884,-0.590,-0.938,0.750,0.951,113.404,Fuzzy
1413,70.6508,56.461,1092.883,-98.437,0.731,2.513,-1.338,2.939,1.525,309706.8,309.71,31078.26,5478.26,1.017,0.924,-0.372,-0.659,0.627,0.806,113.480,Fuzzy
1414,70.7008,56.498,1093.009,-98.504,0.746,2.521,-1.343,2.952,1.536,309652.3,309.65,31073.18,5473.18,1.017,0.951,-0.191,-0.424,0.515,0.671,113.557,Fuzzy
1415,70.7508,56.536,1093.135,-98.572,0.759,2.529,-1.348,2.964,1.547,309597.8,309.60,31068.11,5468.11,1.017,0.967,-0.044,-0.231,0.416,0.548,113.634,Fuzzy
1416,70.8007,56.574,1093.262,-98.639,0.772,2.536,-1.352,2.976,1.557,309543.2,309.54,31063.03,5463.03,1.016,0.974,0.083,-0.075,0.426,0.441,113.712,Fuzzy
1417,70.8507,56.613,1093.389,-98.707,0.784,2.544,-1.356,2.988,1.567,309488.7,309.49,31057.96,5457.96,1.016,0.974,0.236,0.053,0.531,0.405,113.790,Fuzzy
1418,70.9007,56.653,1093.516,-98.775,0.797,2.552,-1.362,3.000,1.578,309434.2,309.43,31052.89,5452.89,1.016,0.967,0.425,0.198,0.651,0.503,113.868,Fuzzy
1419,70.9507,56.693,1093.644,-98.843,0.810,2.560,-1.368,3.013,1.590,309379.6,309.38,31047.81,5447.81,1.016,0.951,0.655,0.377,0.785,0.616,113.947,Fuzzy
1420,71.0006,56.734,1093.772,-98.911,0.824,2.568,-1.364,3.022,1.594,309325.0,309.33,31042.74,5442.74,1.016,0.926,0.508,0.594,-0.717,0.741,114.027,Fuzzy
1421,71.0506,56.775,1093.900,-98.979,0.839,2.575,-1.358,3.030,1.596,309270.5,309.27,31037.67,5437.67,1.016,0.890,0.304,0.852,-0.573,0.877,114.107,Fuzzy
1422,71.1006,56.818,1094.030,-99.047,0.855,2.583,-1.353,3.039,1.600,309215.9,309.22,31032.60,5432.60,1.016,0.840,0.143,1.154,-0.446,1.018,114.187,Fuzzy
1423,71.1505,56.861,1094.159,-99.115,0.871,2.591,-1.349,3.048,1.606,309161.3,309.16,31027.54,5427.53,1.016,0.774,0.021,1.500,-0.336,1.160,114.267,Fuzzy
1424,71.2005,56.905,1094.289,-99.182,0.888,2.599,-1.346,3.058,1.612,309106.8,309.11,31022.46,5422.47,1.016,0.688,-0.082,1.890,-0.335,1.294,114.347,Fuzzy
1425,71.2505,56.949,1094.419,-99.249,0.906,2.606,-1.342,3.068,1.619,309052.2,309.05,31017.40,5417.40,1.016,0.582,-0.195,2.318,-0.373,1.415,114.428,Fuzzy
1426,71.3005,56.995,1094.550,-99.316,0.923,2.614,-1.338,3.078,1.626,308997.6,309.00,31012.33,5412.33,1.016,0.452,-0.319,2.781,-0.404,1.515,114.508,Fuzzy
1427,71.3504,57.042,1094.680,-99.383,0.940,2.622,-1.334,3.088,1.632,308943.1,308.94,31007.27,5407.27,1.016,0.299,-0.450,3.270,-0.421,1.586,114.590,Fuzzy
1428,71.4004,57.089,1094.812,-99.450,0.956,2.629,-1.334,3.099,1.641,308888.5,308.89,31002.20,5402.20,1.016,0.122,-0.454,3.773,0.358,1.622,114.671,Fuzzy
1429,71.4504,57.137,1094.943,-99.517,0.962,2.637,-1.336,3.109,1.646,308833.9,308.83,30997.14,5397.14,1.016,0.084,-0.361,3.968,0.265,-1.648,114.753,Fuzzy
1430,71.5003,57.185,1095.075,-99.583,0.946,2.645,-1.339,3.112,1.640,308779.3,308.78,30992.08,5392.08,1.016,0.266,-0.270,3.437,0.295,-1.624,114.835,Fuzzy
1431,71.5503,57.232,1095.208,-99.650,0.929,2.652,-1.343,3.115,1.633,308724.7,308.72,30987.01,5387.01,1.016,0.423,-0.174,2.921,0.301,-1.561,114.916,Fuzzy
1432,71.6003,57.278,1095.341,-99.718,0.912,2.660,-1.346,3.117,1.626,308670.2,308.67,30981.95,5381.95,1.016,0.555,-0.079,2.432,0.290,-1.466,114.997,Fuzzy
1433,71.6503,57.323,1095.474,-99.785,0.895,2.668,-1.349,3.120,1.619,308615.6,308.62,30976.89,5376.90,1.016,0.664,0.010,1.980,0.270,-1.346,115.078,Fuzzy
1434,71.7002,57.367,1095.607,-99.853,0.877,2.675,-1.353,3.124,1.612,308561.0,308.56,30971.84,5371.84,1.016,0.751,0.114,1.569,0.372,-1.210,115.159,Fuzzy
1435,71.7502,57.411,1095.741,-99.920,0.861,2.683,-1.357,3.127,1.607,308506.4,308.51,30966.78,5366.78,1.016,0.818,0.252,1.206,0.488,-1.065,115.239,Fuzzy
1436,71.8002,57.453,1095.875,-99.988,0.845,2.690,-1.363,3.132,1.603,308451.8,308.45,30961.72,5361.72,1.016,0.868,0.429,0.889,0.618,-0.918,115.319,Fuzzy
1437,71.8502,57.495,1096.010,-100.057,0.830,2.698,-1.369,3.137,1.601,308397.3,308.40,30956.66,5356.66,1.016,0.904,0.650,0.620,0.764,-0.776,115.400,Fuzzy
1438,71.9001,57.536,1096.145,-100.125,0.816,2.706,-1.371,3.141,1.595,308342.7,308.34,30951.61,5351.61,1.016,0.929,0.696,0.395,-0.830,-0.644,115.480,Fuzzy
1439,71.9501,57.577,1096.281,-100.194,0.803,2.713,-1.364,3.141,1.583,308288.1,308.29,30946.55,5346.55,1.016,0.945,0.455,0.210,-0.688,-0.526,115.559,Fuzzy
1440,72.0001,57.617,1096.416,-100.262,0.790,2.721,-1.358,3.142,1.571,308233.5,308.23,30941.50,5341.50,1.016,0.952,0.257,0.060,-0.561,-0.423,115.638,Fuzzy
1441,72.0500,57.656,1096.553,-100.329,0.779,2.729,-1.353,3.144,1.561,308178.9,308.18,30936.45,5336.45,1.016,0.952,0.098,-0.065,-0.450,-0.407,115.716,Fuzzy
1442,72.1000,57.695,1096.689,-100.397,0.766,2.736,-1.349,3.146,1.552,308124.3,308.12,30931.39,5331.39,1.016,0.945,-0.030,-0.211,-0.381,-0.505,115.794,Fuzzy
1443,72.1500,57.733,1096.826,-100.464,0.753,2.744,-1.345,3.147,1.541,308069.7,308.07,30926.34,5326.34,1.016,0.930,-0.166,-0.391,-0.470,-0.617,115.871,Fuzzy
1444,72.2000,57.770,1096.964,-100.532,0.739,2.752,-1.340,3.149,1.530,308015.2,308.02,30921.29,5321.30,1.016,0.904,-0.333,-0.608,-0.572,-0.741,115.948,Fuzzy
1445,72.2499,57.807,1097.102,-100.598,0.724,2.759,-1.334,3.149,1.518,307960.5,307.96,30916.25,5316.25,1.016,0.865,-0.534,-0.865,-0.685,-0.875,116.024,Fuzzy
1446,72.2999,57.842,1097.240,-100.665,0.709,2.767,-1.327,3.150,1.505,307905.9,307.91,30911.20,5311.20,1.016,0.813,-0.771,-1.166,-0.805,-1.014,116.100,Fuzzy
1447,72.3499,57.877,1097.378,-100.731,0.693,2.774,-1.334,3.155,1.503,307851.3,307.85,30906.15,5306.15,1.016,0.745,-0.533,-1.510,0.668,-1.153,116.175,Fuzzy
1448,72.3999,57.912,1097.517,-100.798,0.676,2.782,-1.340,3.161,1.500,307796.7,307.80,30901.10,5301.10,1.016,0.661,-0.346,-1.897,0.519,-1.285,116.250,Fuzzy
1449,72.4498,57.945,1097.656,-100.865,0.659,2.789,-1.344,3.166,1.497,307742.1,307.74,30896.06,5296.06,1.016,0.556,-0.204,-2.322,0.385,-1.404,116.325,Fuzzy
1450,72.4998,57.977,1097.796,-100.933,0.642,2.797,-1.348,3.170,1.493,307687.5,307.69,30891.01,5291.01,1.016,0.429,-0.102,-2.781,0.266,-1.503,116.399,Fuzzy
1451,72.5498,58.009,1097.936,-101.000,0.625,2.804,-1.350,3.175,1.488,307632.9,307.63,30885.97,5285.97,1.016,0.280,-0.036,-3.265,0.160,-1.574,116.474,Fuzzy
1452,72.5997,58.040,1098.077,-101.068,0.610,2.812,-1.352,3.179,1.483,307578.3,307.58,30880.93,5280.93,1.016,0.119,-0.002,-3.766,0.064,-1.615,116.548,Fuzzy
1453,72.6497,58.070,1098.217,-101.135,0.610,2.819,-1.353,3.186,1.484,307523.7,307.52,30875.88,5275.88,1.016,0.122,0.012,-3.755,0.057,1.622,116.621,Fuzzy
1454,72.6997,58.101,1098.358,-101.203,0.625,2.827,-1.354,3.196,1.492,307469.0,307.47,30870.84,5270.84,1.016,0.281,0.046,-3.236,0.147,1.577,116.695,Fuzzy
1455,72.7497,58.133,1098.500,-101.271,0.642,2.834,-1.356,3.207,1.500,307414.4,307.41,30865.80,5265.80,1.016,0.426,0.110,-2.738,0.249,1.504,116.770,Fuzzy
1456,72.7996,58.165,1098.642,-101.339,0.658,2.842,-1.359,3.218,1.510,307359.8,307.36,30860.77,5260.77,1.016,0.548,0.208,-2.269,0.361,1.403,116.845,Fuzzy
1457,72.8496,58.199,1098.784,-101.407,0.675,2.849,-1.363,3.230,1.521,307305.3,307.31,30855.73,5255.73,1.016,0.648,0.344,-1.837,0.485,1.281,116.920,Fuzzy
1458,72.8996,58.233,1098.927,-101.475,0.692,2.857,-1.368,3.242,1.533,307250.6,307.25,30850.69,5250.69,1.016,0.727,0.522,-1.449,0.624,1.145,116.997,Fuzzy
1459,72.9496,58.268,1099.070,-101.543,0.707,2.864,-1.368,3.252,1.540,307195.9,307.20,30845.65,5245.65,1.016,0.790,0.516,-1.105,-0.670,1.002,117.074,Fuzzy
1460,72.9995,58.304,1099.213,-101.612,0.722,2.872,-1.362,3.260,1.542,307141.3,307.14,30840.62,5240.62,1.016,0.837,0.321,-0.808,-0.563,0.861,117.151,Fuzzy
1461,73.0495,58.340,1099.357,-101.680,0.737,2.879,-1.358,3.267,1.545,307086.7,307.09,30835.58,5235.58,1.016,0.871,0.158,-0.556,-0.464,0.725,117.228,Fuzzy
1462,73.0995,58.377,1099.501,-101.747,0.750,2.887,-1.353,3.275,1.547,307032.1,307.03,30830.55,5230.55,1.016,0.893,0.026,-0.346,-0.377,0.600,117.305,Fuzzy
1463,73.1494,58.415,1099.645,-101.815,0.762,2.894,-1.350,3.283,1.550,306977.4,306.98,30825.51,5225.51,1.016,0.905,-0.095,-0.174,-0.413,0.488,117.382,Fuzzy
1464,73.1994,58.453,1099.791,-101.882,0.774,2.902,-1.345,3.291,1.552,306922.8,306.92,30820.48,5220.48,1.016,0.910,-0.243,-0.036,-0.515,0.391,117.460,Fuzzy
1465,73.2494,58.492,1099.936,-101.950,0.785,2.909,-1.340,3.298,1.553,306868.2,306.87,30815.45,5215.45,1.016,0.908,-0.427,0.085,-0.632,0.407,117.538,Fuzzy
1466,73.2994,58.532,1100.081,-102.016,0.797,2.917,-1.333,3.305,1.553,306813.6,306.81,30810.42,5210.42,1.016,0.900,-0.650,0.231,-0.764,0.504,117.615,Fuzzy
1467,73.3493,58.572,1100.228,-102.083,0.810,2.924,-1.340,3.317,1.565,306759.0,306.76,30805.39,5205.39,1.016,0.884,-0.421,0.409,0.647,0.614,117.693,Fuzzy
1468,73.3993,58.613,1100.374,-102.150,0.823,2.932,-1.345,3.329,1.577,306704.3,306.70,30800.36,5200.36,1.016,0.859,-0.238,0.625,0.517,0.736,117.772,Fuzzy
1469,73.4493,58.654,1100.521,-102.218,0.837,2.939,-1.349,3.341,1.588,306649.6,306.65,30795.33,5195.33,1.016,0.821,-0.093,0.880,0.404,0.867,117.851,Fuzzy
1470,73.4992,58.697,1100.668,-102.285,0.853,2.947,-1.353,3.352,1.599,306595.0,306.60,30790.31,5190.31,1.016,0.769,0.019,1.177,0.318,1.003,117.930,Fuzzy
1471,73.5492,58.740,1100.815,-102.353,0.868,2.954,-1.356,3.364,1.610,306540.4,306.54,30785.28,5185.28,1.016,0.701,0.129,1.517,0.371,1.138,118.011,Fuzzy
1472,73.5992,58.784,1100.963,-102.421,0.885,2.961,-1.360,3.377,1.622,306485.8,306.49,30780.26,5180.26,1.016,0.615,0.256,1.898,0.424,1.266,118.091,Fuzzy
1473,73.6492,58.828,1101.111,-102.489,0.901,2.969,-1.364,3.389,1.635,306431.2,306.43,30775.23,5175.23,1.016,0.507,0.399,2.317,0.474,1.380,118.173,Fuzzy
1474,73.6991,58.874,1101.260,-102.557,0.918,2.976,-1.368,3.402,1.647,306376.5,306.38,30770.21,5170.21,1.016,0.378,0.557,2.767,0.515,1.472,118.254,Fuzzy
1475,73.7491,58.920,1101.409,-102.626,0.933,2.983,-1.366,3.411,1.654,306321.8,306.32,30765.19,5165.19,1.016,0.228,0.469,3.240,-0.415,1.537,118.337,Fuzzy
1476,73.7991,58.967,1101.558,-102.694,0.948,2.991,-1.362,3.420,1.660,306267.3,306.27,30760.17,5160.17,1.016,0.063,0.361,3.727,-0.271,1.571,118.419,Fuzzy
1477,73.8491,59.014,1101.708,-102.762,0.942,2.998,-1.360,3.424,1.654,306212.6,306.21,30755.15,5155.15,1.016,0.144,0.283,3.515,-0.247,-1.573,118.502,Fuzzy
1478,73.8990,59.061,1101.858,-102.830,0.927,3.005,-1.357,3.425,1.644,306157.9,306.16,30750.13,5150.13,1.016,0.303,0.200,3.014,-0.267,-1.524,118.584,Fuzzy
1479,73.9490,59.107,1102.008,-102.898,0.911,3.013,-1.354,3.426,1.632,306103.3,306.10,30745.11,5145.11,1.016,0.439,0.114,2.534,-0.268,-1.443,118.666,Fuzzy
1480,73.9990,59.152,1102.159,-102.965,0.895,3.020,-1.352,3.428,1.621,306048.6,306.05,30740.09,5140.09,1.016,0.553,0.030,2.087,-0.256,-1.337,118.747,Fuzzy
1481,74.0489,59.197,1102.311,-103.033,0.879,3.027,-1.349,3.429,1.610,305994.0,305.99,30735.07,5135.07,1.016,0.645,-0.054,1.677,-0.295,-1.212,118.827,Fuzzy
1482,74.0989,59.240,1102.462,-103.100,0.863,3.035,-1.345,3.430,1.598,305939.3,305.94,30730.06,5130.06,1.016,0.717,-0.165,1.311,-0.396,-1.075,118.908,Fuzzy
1483,74.1489,59.283,1102.614,-103.167,0.848,3.042,-1.341,3.431,1.586,305884.7,305.88,30725.04,5125.04,1.016,0.773,-0.310,0.990,-0.510,-0.935,118.987,Fuzzy
1484,74.1989,59.325,1102.766,-103.234,0.833,3.049,-1.335,3.432,1.574,305830.1,305.83,30720.03,5120.03,1.016,0.813,-0.493,0.714,-0.639,-0.798,119.066,Fuzzy
1485,74.2488,59.366,1102.919,-103.301,0.820,3.057,-1.329,3.432,1.562,305775.3,305.78,30715.01,5115.01,1.016,0.841,-0.720,0.481,-0.783,-0.668,119.144,Fuzzy
1486,74.2988,59.407,1103.072,-103.367,0.807,3.064,-1.336,3.438,1.561,305720.7,305.72,30710.00,5110.00,1.015,0.860,-0.484,0.289,0.677,-0.550,119.222,Fuzzy
1487,74.3488,59.447,1103.225,-103.434,0.795,3.071,-1.341,3.444,1.559,305666.1,305.67,30704.99,5104.99,1.015,0.871,-0.289,0.131,0.555,-0.446,119.300,Fuzzy
1488,74.3988,59.486,1103.379,-103.501,0.784,3.079,-1.346,3.450,1.558,305611.4,305.61,30699.98,5099.98,1.015,0.874,-0.131,0.005,0.447,-0.356,119.378,Fuzzy
1489,74.4487,59.525,1103.533,-103.569,0.773,3.086,-1.350,3.456,1.556,305556.8,305.56,30694.97,5094.97,1.015,0.872,-0.005,-0.115,0.356,-0.417,119.456,Fuzzy
1490,74.4987,59.564,1103.688,-103.636,0.762,3.093,-1.354,3.462,1.554,305502.1,305.50,30689.96,5089.96,1.015,0.862,0.115,-0.264,0.413,-0.513,119.534,Fuzzy
1491,74.5487,59.602,1103.843,-103.704,0.750,3.101,-1.358,3.467,1.552,305447.4,305.45,30684.95,5084.95,1.015,0.843,0.262,-0.446,0.506,-0.622,119.612,Fuzzy
1492,74.5986,59.639,1103.998,-103.772,0.736,3.108,-1.364,3.473,1.550,305392.8,305.39,30679.95,5079.94,1.015,0.814,0.440,-0.663,0.609,-0.743,119.689,Fuzzy
1493,74.6486,59.675,1104.153,-103.841,0.723,3.115,-1.370,3.479,1.549,305338.1,305.34,30674.94,5074.94,1.015,0.774,0.652,-0.920,0.722,-0.871,119.766,Fuzzy
1494,74.6986,59.711,1104.309,-103.909,0.708,3.122,-1.365,3.480,1.538,305283.4,305.28,30669.93,5069.94,1.015,0.721,0.478,-1.218,-0.624,-1.004,119.844,Fuzzy
1495,74.7486,59.746,1104.466,-103.977,0.692,3.129,-1.360,3.482,1.526,305228.8,305.23,30664.93,5064.93,1.015,0.652,0.303,-1.558,-0.487,-1.136,119.920,Fuzzy
1496,74.7985,59.780,1104.622,-104.045,0.677,3.137,-1.356,3.484,1.515,305174.1,305.17,30659.93,5059.93,1.015,0.565,0.169,-1.937,-0.365,-1.260,119.996,Fuzzy
1497,74.8485,59.814,1104.779,-104.113,0.661,3.144,-1.353,3.486,1.506,305119.4,305.12,30654.92,5054.92,1.015,0.459,0.072,-2.352,-0.257,-1.369,120.071,Fuzzy
1498,74.8985,59.846,1104.937,-104.180,0.645,3.151,-1.351,3.488,1.497,305064.8,305.06,30649.92,5049.92,1.015,0.332,0.007,-2.798,-0.160,-1.458,120.146,Fuzzy
1499,74.9485,59.878,1105.094,-104.248,0.629,3.158,-1.349,3.492,1.489,305010.1,305.01,30644.92,5044.92,1.015,0.185,-0.034,-3.265,-0.112,-1.519,120.221,Fuzzy
1500,74.9984,59.909,1105.252,-104.315,0.615,3.165,-1.348,3.495,1.482,304955.5,304.96,30639.92,5039.92,1.015,0.069,-0.062,-3.748,-0.072,-1.570,120.295,Fuzzy
1501,75.0484,59.940,1105.411,-104.383,0.629,3.173,-1.346,3.503,1.486,304900.8,304.90,30634.92,5034.92,1.015,0.190,-0.094,-3.245,-0.140,1.526,120.369,Fuzzy
1502,75.0984,59.972,1105.570,-104.450,0.645,3.180,-1.344,3.512,1.490,304846.1,304.85,30629.92,5029.92,1.015,0.333,-0.156,-2.762,-0.241,1.462,120.443,Fuzzy
1503,75.1483,60.005,1105.729,-104.517,0.660,3.187,-1.341,3.520,1.494,304791.5,304.79,30624.93,5024.93,1.015,0.455,-0.251,-2.305,-0.353,1.371,120.517,Fuzzy
1504,75.1983,60.038,1105.888,-104.584,0.676,3.194,-1.336,3.528,1.498,304736.8,304.74,30619.93,5019.93,1.015,0.557,-0.384,-1.882,-0.476,1.258,120.592,Fuzzy
1505,75.2483,60.072,1106.048,-104.651,0.691,3.201,-1.331,3.535,1.500,304682.1,304.68,30614.94,5014.94,1.015,0.640,-0.558,-1.499,-0.613,1.130,120.667,Fuzzy
1506,75.2983,60.107,1106.208,-104.717,0.706,3.208,-1.331,3.545,1.507,304627.4,304.63,30609.94,5009.94,1.015,0.706,-0.553,-1.159,0.660,0.996,120.742,Fuzzy
1507,75.3482,60.143,1106.369,-104.784,0.721,3.215,-1.337,3.556,1.519,304572.8,304.57,30604.95,5004.95,1.015,0.756,-0.359,-0.863,0.558,0.860,120.817,Fuzzy
1508,75.3982,60.179,1106.530,-104.851,0.734,3.222,-1.341,3.567,1.529,304518.2,304.52,30599.95,4999.95,1.015,0.793,-0.198,-0.611,0.464,0.729,120.894,Fuzzy
1509,75.4482,60.216,1106.691,-104.918,0.747,3.230,-1.345,3.577,1.539,304463.4,304.46,30594.96,4994.96,1.015,0.818,-0.064,-0.399,0.380,0.607,120.970,Fuzzy
1510,75.4982,60.254,1106.853,-104.985,0.759,3.237,-1.349,3.588,1.548,304408.8,304.41,30589.97,4989.97,1.015,0.833,0.047,-0.224,0.356,0.497,121.047,Fuzzy
1511,75.5481,60.292,1107.015,-105.053,0.770,3.244,-1.353,3.598,1.556,304354.1,304.35,30584.98,4984.98,1.015,0.840,0.175,-0.083,0.447,0.401,121.125,Fuzzy
1512,75.5981,60.331,1107.177,-105.121,0.780,3.251,-1.357,3.609,1.566,304299.4,304.30,30579.99,4979.99,1.015,0.840,0.335,0.032,0.551,0.348,121.203,Fuzzy
1513,75.6481,60.370,1107.340,-105.189,0.791,3.258,-1.363,3.619,1.576,304244.8,304.24,30575.00,4975.00,1.015,0.834,0.530,0.157,0.670,0.433,121.282,Fuzzy
1514,75.6980,60.410,1107.503,-105.257,0.803,3.265,-1.363,3.628,1.582,304190.1,304.19,30570.02,4970.02,1.015,0.822,0.527,0.311,-0.690,0.530,121.361,Fuzzy
1515,75.7480,60.451,1107.667,-105.325,0.815,3.273,-1.357,3.635,1.583,304135.4,304.14,30565.03,4965.03,1.015,0.802,0.329,0.497,-0.558,0.640,121.440,Fuzzy
1516,75.7980,60.492,1107.830,-105.393,0.828,3.280,-1.352,3.643,1.586,304080.7,304.08,30560.04,4960.05,1.015,0.772,0.172,0.720,-0.441,0.760,121.519,Fuzzy
1517,75.8480,60.533,1107.995,-105.460,0.841,3.287,-1.349,3.651,1.589,304026.0,304.03,30555.06,4955.06,1.015,0.729,0.049,0.982,-0.340,0.887,121.598,Fuzzy
1518,75.8979,60.576,1108.159,-105.528,0.856,3.294,-1.345,3.659,1.594,303971.3,303.97,30550.07,4950.08,1.015,0.671,-0.048,1.284,-0.305,1.017,121.678,Fuzzy
1519,75.9479,60.619,1108.324,-105.595,0.871,3.301,-1.342,3.668,1.600,303916.7,303.92,30545.09,4945.09,1.015,0.598,-0.152,1.626,-0.350,1.143,121.758,Fuzzy
1520,75.9979,60.663,1108.489,-105.662,0.886,3.308,-1.338,3.677,1.605,303862.0,303.86,30540.11,4940.11,1.015,0.506,-0.271,2.006,-0.393,1.260,121.837,Fuzzy
1521,76.0478,60.707,1108.655,-105.729,0.901,3.315,-1.334,3.685,1.610,303807.3,303.81,30535.13,4935.13,1.015,0.394,-0.402,2.420,-0.430,1.361,121.918,Fuzzy
1522,76.0978,60.753,1108.821,-105.795,0.916,3.322,-1.333,3.694,1.617,303752.7,303.75,30530.15,4930.15,1.015,0.261,-0.457,2.861,0.423,1.440,121.998,Fuzzy
1523,76.1478,60.799,1108.987,-105.862,0.931,3.329,-1.336,3.705,1.628,303697.9,303.70,30525.17,4925.17,1.015,0.110,-0.346,3.321,0.285,1.491,122.079,Fuzzy
1524,76.1978,60.846,1109.153,-105.929,0.936,3.336,-1.338,3.714,1.633,303643.3,303.64,30520.19,4920.19,1.015,0.084,-0.272,3.501,0.213,-1.533,122.160,Fuzzy
1525,76.2477,60.892,1109.321,-105.996,0.922,3.343,-1.341,3.718,1.627,303588.6,303.59,30515.21,4915.22,1.015,0.240,-0.199,3.012,0.238,-1.487,122.241,Fuzzy
1526,76.2977,60.938,1109.488,-106.063,0.907,3.350,-1.343,3.721,1.621,303534.0,303.53,30510.24,4910.24,1.015,0.376,-0.121,2.543,0.247,-1.413,122.322,Fuzzy
1527,76.3477,60.983,1109.655,-106.130,0.891,3.357,-1.346,3.725,1.614,303479.3,303.48,30505.26,4905.26,1.015,0.490,-0.043,2.104,0.240,-1.313,122.403,Fuzzy
1528,76.3977,61.027,1109.823,-106.197,0.876,3.363,-1.349,3.728,1.608,303424.6,303.42,30500.29,4900.29,1.015,0.583,0.033,1.702,0.258,-1.194,122.483,Fuzzy
1529,76.4476,61.071,1109.992,-106.265,0.861,3.370,-1.352,3.732,1.603,303369.9,303.37,30495.31,4895.31,1.015,0.658,0.131,1.340,0.352,-1.064,122.564,Fuzzy
1530,76.4976,61.113,1110.160,-106.333,0.846,3.377,-1.357,3.737,1.599,303315.2,303.32,30490.34,4890.34,1.015,0.714,0.261,1.022,0.458,-0.929,122.644,Fuzzy
1531,76.5476,61.155,1110.329,-106.401,0.832,3.384,-1.362,3.742,1.596,303260.6,303.26,30485.37,4885.37,1.015,0.757,0.427,0.747,0.579,-0.795,122.723,Fuzzy
1532,76.5975,61.196,1110.499,-106.469,0.819,3.391,-1.368,3.747,1.595,303205.8,303.21,30480.40,4880.40,1.015,0.787,0.633,0.515,0.713,-0.669,122.803,Fuzzy
1533,76.6475,61.237,1110.669,-106.537,0.807,3.398,-1.369,3.751,1.589,303151.2,303.15,30475.43,4875.43,1.015,0.807,0.676,0.322,-0.774,-0.553,122.883,Fuzzy
1534,76.6975,61.277,1110.838,-106.606,0.796,3.405,-1.363,3.753,1.578,303096.5,303.10,30470.46,4870.46,1.015,0.820,0.451,0.163,-0.642,-0.451,122.962,Fuzzy
1535,76.7475,61.317,1111.009,-106.674,0.785,3.412,-1.357,3.755,1.568,303041.8,303.04,30465.49,4865.49,1.015,0.826,0.267,0.035,-0.524,-0.362,123.041,Fuzzy
1536,76.7974,61.356,1111.180,-106.741,0.775,3.419,-1.353,3.758,1.559,302987.1,302.99,30460.52,4860.52,1.015,0.825,0.118,-0.076,-0.421,-0.374,123.119,Fuzzy
1537,76.8474,61.394,1111.351,-106.809,0.764,3.426,-1.349,3.760,1.550,302932.4,302.93,30455.56,4855.56,1.015,0.818,0.000,-0.210,-0.334,-0.463,123.197,Fuzzy
1538,76.8974,61.432,1111.522,-106.876,0.753,3.433,-1.345,3.763,1.542,302877.8,302.88,30450.59,4850.59,1.015,0.803,-0.115,-0.374,-0.394,-0.564,123.274,Fuzzy
1539,76.9474,61.469,1111.694,-106.943,0.740,3.440,-1.341,3.765,1.532,302823.1,302.82,30445.63,4845.63,1.015,0.778,-0.254,-0.571,-0.479,-0.676,123.351,Fuzzy
1540,76.9973,61.506,1111.867,-107.010,0.727,3.447,-1.336,3.767,1.521,302768.4,302.77,30440.66,4840.66,1.015,0.742,-0.422,-0.805,-0.573,-0.797,123.427,Fuzzy
1541,77.0473,61.542,1112.039,-107.077,0.713,3.454,-1.330,3.769,1.509,302713.7,302.71,30435.70,4835.70,1.015,0.693,-0.621,-1.079,-0.675,-0.923,123.503,Fuzzy
1542,77.0973,61.577,1112.212,-107.143,0.699,3.460,-1.330,3.773,1.503,302659.0,302.66,30430.74,4830.74,1.015,0.631,-0.619,-1.392,0.675,-1.051,123.578,Fuzzy
1543,77.1472,61.612,1112.385,-107.210,0.684,3.467,-1.336,3.778,1.501,302604.3,302.60,30425.78,4825.78,1.015,0.552,-0.429,-1.744,0.529,-1.174,123.653,Fuzzy
1544,77.1972,61.646,1112.558,-107.277,0.669,3.474,-1.340,3.783,1.498,302549.7,302.55,30420.81,4820.81,1.015,0.457,-0.283,-2.132,0.398,-1.286,123.728,Fuzzy
1545,77.2472,61.679,1112.732,-107.344,0.654,3.481,-1.344,3.788,1.494,302494.9,302.49,30415.85,4815.85,1.014,0.341,-0.177,-2.552,0.280,-1.381,123.803,Fuzzy
1546,77.2972,61.711,1112.907,-107.411,0.639,3.487,-1.346,3.793,1.490,302440.3,302.44,30410.89,4810.89,1.014,0.208,-0.106,-2.998,0.175,-1.453,123.877,Fuzzy
1547,77.3471,61.743,1113.081,-107.479,0.625,3.494,-1.348,3.797,1.486,302385.6,302.39,30405.94,4805.94,1.014,0.082,-0.066,-3.461,0.088,-1.508,123.951,Fuzzy
1548,77.3971,61.774,1113.256,-107.546,0.633,3.501,-1.350,3.805,1.491,302330.9,302.33,30400.98,4800.98,1.014,0.156,-0.040,-3.166,0.095,1.484,124.025,Fuzzy
1549,77.4471,61.806,1113.431,-107.614,0.648,3.508,-1.351,3.814,1.498,302276.2,302.28,30396.03,4796.03,1.014,0.291,-0.003,-2.697,0.129,1.418,124.100,Fuzzy
1550,77.4971,61.839,1113.607,-107.681,0.663,3.515,-1.353,3.824,1.507,302221.5,302.22,30391.07,4791.07,1.014,0.410,0.049,-2.254,0.203,1.329,124.175,Fuzzy
1551,77.5470,61.873,1113.783,-107.749,0.678,3.521,-1.356,3.834,1.516,302166.9,302.17,30386.11,4786.11,1.014,0.510,0.130,-1.844,0.296,1.220,124.250,Fuzzy
1552,77.5970,61.907,1113.958,-107.817,0.692,3.528,-1.359,3.844,1.525,302112.2,302.11,30381.16,4781.16,1.014,0.590,0.241,-1.473,0.399,1.096,124.326,Fuzzy
1553,77.6470,61.942,1114.135,-107.885,0.707,3.535,-1.363,3.854,1.536,302057.5,302.06,30376.21,4776.21,1.014,0.652,0.387,-1.144,0.515,0.966,124.402,Fuzzy
1554,77.6969,61.977,1114.313,-107.953,0.720,3.541,-1.369,3.864,1.547,302002.8,302.00,30371.26,4771.26,1.014,0.700,0.572,-0.857,0.645,0.834,124.479,Fuzzy
1555,77.7469,62.014,1114.490,-108.022,0.733,3.548,-1.369,3.873,1.553,301948.2,301.95,30366.31,4766.31,1.014,0.736,0.568,-0.612,-0.682,0.708,124.557,Fuzzy
1556,77.7969,62.051,1114.667,-108.090,0.745,3.555,-1.363,3.879,1.553,301893.5,301.89,30361.36,4761.36,1.014,0.761,0.370,-0.406,-0.568,0.591,124.635,Fuzzy
1557,77.8469,62.088,1114.845,-108.158,0.756,3.562,-1.358,3.886,1.554,301838.8,301.84,30356.41,4756.41,1.014,0.777,0.207,-0.236,-0.465,0.485,124.712,Fuzzy
1558,77.8968,62.126,1115.023,-108.226,0.767,3.568,-1.354,3.893,1.556,301784.1,301.78,30351.46,4751.46,1.014,0.786,0.074,-0.098,-0.376,0.393,124.790,Fuzzy
1559,77.9468,62.165,1115.202,-108.293,0.777,3.575,-1.350,3.900,1.558,301729.4,301.73,30346.52,4746.52,1.014,0.787,-0.034,0.013,-0.332,0.318,124.868,Fuzzy
1560,77.9968,62.204,1115.381,-108.361,0.786,3.582,-1.347,3.907,1.559,301674.7,301.67,30341.57,4741.57,1.014,0.783,-0.153,0.128,-0.413,0.396,124.946,Fuzzy
1561,78.0468,62.244,1115.560,-108.428,0.797,3.589,-1.342,3.914,1.561,301620.0,301.62,30336.62,4736.62,1.014,0.773,-0.299,0.269,-0.506,0.486,125.024,Fuzzy
1562,78.0967,62.284,1115.740,-108.495,0.808,3.595,-1.337,3.920,1.562,301565.4,301.57,30331.68,4731.68,1.014,0.754,-0.477,0.440,-0.610,0.588,125.102,Fuzzy
1563,78.1467,62.324,1115.919,-108.562,0.820,3.602,-1.332,3.927,1.564,301510.7,301.51,30326.73,4726.74,1.014,0.726,-0.644,0.645,0.726,0.700,125.180,Fuzzy
1564,78.1967,62.366,1116.100,-108.629,0.833,3.609,-1.338,3.938,1.576,301456.0,301.46,30321.79,4721.79,1.014,0.689,-0.436,0.886,0.585,0.821,125.258,Fuzzy
1565,78.2466,62.408,1116.281,-108.696,0.847,3.615,-1.342,3.948,1.587,301401.4,301.40,30316.85,4716.85,1.014,0.638,-0.272,1.167,0.460,0.945,125.337,Fuzzy
1566,78.2966,62.450,1116.461,-108.763,0.861,3.622,-1.346,3.959,1.598,301346.7,301.35,30311.91,4711.91,1.014,0.573,-0.144,1.486,0.350,1.069,125.417,Fuzzy
1567,78.3466,62.494,1116.643,-108.830,0.875,3.629,-1.349,3.969,1.608,301292.0,301.29,30306.97,4706.97,1.014,0.490,-0.050,1.842,0.253,1.186,125.497,Fuzzy
1568,78.3966,62.538,1116.825,-108.898,0.890,3.635,-1.351,3.979,1.618,301237.3,301.24,30302.03,4702.03,1.014,0.389,0.016,2.233,0.181,1.291,125.577,Fuzzy
1569,78.4465,62.583,1117.006,-108.965,0.904,3.642,-1.353,3.989,1.628,301182.6,301.18,30297.09,4697.09,1.014,0.268,0.072,2.652,0.170,1.376,125.658,Fuzzy
1570,78.4965,62.628,1117.188,-109.033,0.918,3.648,-1.355,3.999,1.637,301128.0,301.13,30292.16,4692.16,1.014,0.131,0.121,3.094,0.145,1.437,125.740,Fuzzy
1571,78.5465,62.675,1117.371,-109.101,0.926,3.655,-1.357,4.007,1.643,301073.2,301.07,30287.22,4687.22,1.014,0.077,0.163,3.362,0.135,-1.492,125.822,Fuzzy
1572,78.5964,62.721,1117.554,-109.169,0.912,3.662,-1.359,4.011,1.637,301018.6,301.02,30282.29,4682.28,1.014,0.212,0.221,2.889,0.231,-1.434,125.903,Fuzzy
1573,78.6464,62.766,1117.737,-109.237,0.898,3.668,-1.362,4.015,1.631,300963.9,300.96,30277.35,4677.35,1.014,0.340,0.313,2.439,0.344,-1.358,125.985,Fuzzy
1574,78.6964,62.810,1117.921,-109.305,0.883,3.675,-1.366,4.019,1.627,300909.3,300.91,30272.42,4672.42,1.014,0.449,0.443,2.018,0.468,-1.259,126.066,Fuzzy
1575,78.7464,62.854,1118.105,-109.373,0.869,3.681,-1.370,4.023,1.622,300854.6,300.85,30267.48,4667.49,1.014,0.539,0.576,1.632,-0.606,-1.144,126.147,Fuzzy
1576,78.7963,62.897,1118.289,-109.442,0.854,3.688,-1.365,4.024,1.610,300799.9,300.80,30262.55,4662.55,1.014,0.612,0.396,1.286,-0.526,-1.018,126.228,Fuzzy
1577,78.8463,62.940,1118.474,-109.510,0.841,3.694,-1.360,4.025,1.599,300745.3,300.75,30257.62,4657.62,1.014,0.669,0.242,0.982,-0.448,-0.889,126.308,Fuzzy
1578,78.8963,62.981,1118.658,-109.578,0.827,3.701,-1.357,4.027,1.589,300690.6,300.69,30252.69,4652.69,1.014,0.711,0.112,0.720,-0.375,-0.761,126.388,Fuzzy
1579,78.9463,63.022,1118.844,-109.645,0.815,3.707,-1.353,4.030,1.580,300635.8,300.64,30247.76,4647.76,1.014,0.740,0.004,0.497,-0.309,-0.640,126.467,Fuzzy
1580,78.9962,63.063,1119.029,-109.713,0.804,3.714,-1.350,4.032,1.571,300581.2,300.58,30242.83,4642.83,1.014,0.760,-0.102,0.312,-0.369,-0.530,126.546,Fuzzy
1581,79.0462,63.103,1119.215,-109.780,0.793,3.720,-1.346,4.035,1.562,300526.5,300.53,30237.91,4637.91,1.014,0.771,-0.235,0.161,-0.462,-0.431,126.624,Fuzzy
1582,79.0962,63.142,1119.401,-109.848,0.783,3.727,-1.341,4.037,1.553,300471.8,300.47,30232.98,4632.98,1.014,0.774,-0.399,0.038,-0.569,-0.346,126.702,Fuzzy
1583,79.1461,63.181,1119.588,-109.915,0.773,3.733,-1.335,4.040,1.543,300417.2,300.42,30228.05,4628.05,1.014,0.773,-0.599,-0.067,-0.689,-0.350,126.780,Fuzzy
1584,79.1961,63.219,1119.775,-109.981,0.763,3.740,-1.340,4.045,1.542,300362.5,300.36,30223.13,4623.13,1.014,0.766,-0.431,-0.192,0.610,-0.433,126.857,Fuzzy
1585,79.2461,63.257,1119.961,-110.049,0.752,3.746,-1.345,4.051,1.541,300307.8,300.31,30218.21,4618.21,1.014,0.753,-0.257,-0.345,0.492,-0.528,126.934,Fuzzy
1586,79.2961,63.295,1120.149,-110.116,0.741,3.753,-1.349,4.056,1.539,300253.2,300.25,30213.29,4613.29,1.014,0.731,-0.119,-0.530,0.389,-0.634,127.011,Fuzzy
1587,79.3460,63.331,1120.337,-110.183,0.729,3.759,-1.353,4.061,1.536,300198.5,300.20,30208.36,4608.36,1.014,0.699,-0.010,-0.750,0.301,-0.750,127.088,Fuzzy
1588,79.3960,63.368,1120.525,-110.251,0.716,3.766,-1.356,4.066,1.533,300143.8,300.14,30203.44,4603.44,1.014,0.655,0.086,-1.008,0.325,-0.871,127.164,Fuzzy
1589,79.4460,63.403,1120.713,-110.319,0.702,3.772,-1.359,4.071,1.530,300089.2,300.09,30198.52,4598.52,1.014,0.596,0.198,-1.303,0.379,-0.994,127.241,Fuzzy
1590,79.4960,63.438,1120.902,-110.387,0.688,3.779,-1.363,4.075,1.527,300034.5,300.03,30193.60,4593.60,1.014,0.521,0.327,-1.637,0.434,-1.114,127.317,Fuzzy
1591,79.5459,63.472,1121.092,-110.455,0.674,3.785,-1.368,4.080,1.525,299979.8,299.98,30188.68,4588.68,1.014,0.428,0.473,-2.005,0.486,-1.224,127.393,Fuzzy
1592,79.5959,63.505,1121.281,-110.524,0.659,3.791,-1.366,4.083,1.517,299925.2,299.93,30183.77,4583.77,1.014,0.318,0.416,-2.406,-0.423,-1.318,127.469,Fuzzy
1593,79.6459,63.538,1121.470,-110.592,0.645,3.798,-1.363,4.086,1.508,299870.5,299.87,30178.85,4578.85,1.014,0.190,0.304,-2.831,-0.295,-1.390,127.545,Fuzzy
1594,79.6958,63.570,1121.661,-110.660,0.632,3.804,-1.361,4.089,1.500,299815.8,299.82,30173.93,4573.93,1.014,0.059,0.229,-3.274,-0.184,-1.443,127.620,Fuzzy
1595,79.7458,63.601,1121.851,-110.728,0.640,3.810,-1.359,4.096,1.502,299761.2,299.76,30169.02,4569.02,1.014,0.141,0.175,-2.991,-0.178,1.423,127.694,Fuzzy
1596,79.7958,63.634,1122.042,-110.796,0.653,3.817,-1.356,4.103,1.505,299706.6,299.71,30164.11,4564.11,1.014,0.273,0.114,-2.542,-0.198,1.357,127.769,Fuzzy
1597,79.8458,63.667,1122.232,-110.864,0.667,3.823,-1.354,4.110,1.509,299651.9,299.65,30159.19,4559.19,1.014,0.387,0.049,-2.120,-0.203,1.267,127.844,Fuzzy
1598,79.8957,63.700,1122.424,-110.931,0.682,3.829,-1.351,4.117,1.513,299597.2,299.60,30154.28,4554.28,1.013,0.481,-0.015,-1.730,-0.208,1.158,127.920,Fuzzy
1599,79.9457,63.735,1122.616,-110.999,0.695,3.836,-1.348,4.125,1.517,299542.5,299.54,30149.37,4549.37,1.013,0.556,-0.095,-1.379,-0.291,1.037,127.996,Fuzzy
1600,79.9957,63.770,1122.807,-111.066,0.709,3.842,-1.345,4.132,1.520,299487.9,299.49,30144.46,4544.46,1.013,0.615,-0.203,-1.068,-0.385,0.911,128.071,Fuzzy
1601,80.0457,63.806,1123.000,-111.133,0.722,3.848,-1.340,4.138,1.522,299433.3,299.43,30139.55,4539.55,1.013,0.660,-0.343,-0.798,-0.491,0.785,128.147,Fuzzy
1602,80.0956,63.842,1123.192,-111.200,0.734,3.854,-1.335,4.144,1.523,299378.6,299.38,30134.64,4534.64,1.013,0.692,-0.518,-0.568,-0.611,0.665,128.224,Fuzzy
1603,80.1456,63.879,1123.385,-111.267,0.745,3.861,-1.329,4.150,1.523,299323.9,299.32,30129.73,4529.73,1.013,0.714,-0.734,-0.375,-0.744,0.553,128.300,Fuzzy
1604,80.1956,63.917,1123.578,-111.333,0.755,3.867,-1.334,4.160,1.533,299269.3,299.27,30124.83,4524.83,1.013,0.729,-0.550,-0.216,0.669,0.454,128.376,Fuzzy
1605,80.2455,63.955,1123.772,-111.400,0.765,3.873,-1.339,4.169,1.542,299214.6,299.21,30119.92,4519.92,1.013,0.738,-0.357,-0.086,0.551,0.368,128.453,Fuzzy
1606,80.2955,63.993,1123.966,-111.467,0.775,3.880,-1.344,4.178,1.551,299160.0,299.16,30115.01,4515.01,1.013,0.740,-0.200,0.018,0.448,0.306,128.530,Fuzzy
1607,80.3455,64.032,1124.160,-111.534,0.784,3.886,-1.348,4.187,1.559,299105.3,299.11,30110.11,4510.11,1.013,0.737,-0.073,0.127,0.358,0.380,128.608,Fuzzy
1608,80.3955,64.071,1124.354,-111.602,0.794,3.892,-1.351,4.196,1.567,299050.7,299.05,30105.21,4505.21,1.013,0.727,0.029,0.262,0.309,0.466,128.686,Fuzzy
1609,80.4454,64.111,1124.549,-111.670,0.805,3.899,-1.355,4.205,1.576,298996.1,299.00,30100.31,4500.31,1.013,0.710,0.139,0.426,0.379,0.563,128.765,Fuzzy
1610,80.4954,64.152,1124.744,-111.737,0.816,3.905,-1.359,4.214,1.585,298941.4,298.94,30095.40,4495.41,1.013,0.682,0.272,0.623,0.457,0.671,128.844,Fuzzy
1611,80.5454,64.193,1124.940,-111.805,0.828,3.911,-1.364,4.224,1.595,298886.7,298.89,30090.50,4490.50,1.013,0.643,0.431,0.854,0.543,0.785,128.923,Fuzzy
1612,80.5953,64.235,1125.135,-111.874,0.841,3.917,-1.369,4.234,1.607,298832.1,298.83,30085.61,4485.60,1.013,0.592,0.618,1.122,0.634,0.904,129.003,Fuzzy
1613,80.6453,64.277,1125.331,-111.942,0.854,3.923,-1.369,4.242,1.613,298777.5,298.78,30080.71,4480.71,1.013,0.527,0.616,1.426,-0.631,1.023,129.084,Fuzzy
1614,80.6953,64.320,1125.528,-112.011,0.868,3.930,-1.364,4.249,1.616,298722.8,298.72,30075.81,4475.81,1.013,0.448,0.439,1.767,-0.492,1.136,129.164,Fuzzy
1615,80.7453,64.364,1125.724,-112.079,0.882,3.936,-1.359,4.256,1.620,298668.2,298.67,30070.91,4470.91,1.013,0.353,0.304,2.141,-0.367,1.238,129.245,Fuzzy
1616,80.7952,64.408,1125.921,-112.146,0.895,3.942,-1.356,4.264,1.625,298613.5,298.61,30066.02,4466.02,1.013,0.241,0.207,2.544,-0.256,1.324,129.326,Fuzzy
1617,80.8452,64.453,1126.118,-112.214,0.909,3.948,-1.353,4.271,1.630,298558.9,298.56,30061.12,4461.12,1.013,0.120,0.142,2.970,-0.158,1.392,129.407,Fuzzy
1618,80.8952,64.499,1126.316,-112.282,0.911,3.954,-1.352,4.277,1.630,298504.3,298.50,30056.23,4456.23,1.013,0.105,0.102,3.049,-0.115,-1.422,129.489,Fuzzy
1619,80.9452,64.544,1126.514,-112.349,0.898,3.960,-1.350,4.279,1.621,298449.7,298.45,30051.33,4451.33,1.013,0.222,0.061,2.603,-0.140,-1.349,129.570,Fuzzy
1620,80.9951,64.589,1126.712,-112.417,0.884,3.966,-1.348,4.281,1.612,298395.1,298.40,30046.44,4446.44,1.013,0.335,0.014,2.182,-0.156,-1.264,129.651,Fuzzy
1621,81.0451,64.633,1126.910,-112.484,0.871,3.972,-1.346,4.284,1.603,298340.4,298.34,30041.55,4441.55,1.013,0.430,-0.042,1.793,-0.207,-1.160,129.731,Fuzzy
1622,81.0951,64.676,1127.109,-112.551,0.857,3.978,-1.343,4.286,1.593,298285.7,298.29,30036.66,4436.66,1.013,0.508,-0.122,1.440,-0.291,-1.044,129.811,Fuzzy
1623,81.1450,64.719,1127.308,-112.618,0.844,3.985,-1.339,4.288,1.583,298231.1,298.23,30031.77,4431.77,1.013,0.569,-0.231,1.126,-0.385,-0.921,129.890,Fuzzy
1624,81.1950,64.760,1127.507,-112.685,0.832,3.991,-1.335,4.289,1.573,298176.5,298.18,30026.88,4426.88,1.013,0.616,-0.371,0.853,-0.492,-0.797,129.969,Fuzzy
1625,81.2450,64.802,1127.707,-112.752,0.820,3.997,-1.330,4.291,1.562,298121.9,298.12,30021.99,4421.99,1.013,0.650,-0.546,0.618,-0.612,-0.678,130.047,Fuzzy
1626,81.2950,64.842,1127.907,-112.818,0.809,4.003,-1.324,4.293,1.551,298067.2,298.07,30017.11,4417.11,1.013,0.674,-0.762,0.421,-0.744,-0.568,130.125,Fuzzy
1627,81.3449,64.883,1128.108,-112.885,0.798,4.009,-1.330,4.298,1.551,298012.6,298.01,30012.22,4412.22,1.013,0.691,-0.537,0.257,0.646,-0.468,130.202,Fuzzy
1628,81.3949,64.922,1128.308,-112.951,0.789,4.015,-1.336,4.304,1.551,297958.0,297.96,30007.33,4407.33,1.013,0.702,-0.351,0.124,0.533,-0.381,130.280,Fuzzy
1629,81.4449,64.961,1128.509,-113.018,0.780,4.021,-1.340,4.310,1.551,297903.4,297.90,30002.45,4402.45,1.013,0.706,-0.198,0.016,0.434,-0.306,130.358,Fuzzy
1630,81.4949,65.000,1128.710,-113.085,0.771,4.027,-1.344,4.315,1.550,297848.8,297.85,29997.57,4397.57,1.013,0.704,-0.075,-0.083,0.348,-0.338,130.435,Fuzzy
1631,81.5448,65.039,1128.912,-113.153,0.762,4.033,-1.348,4.320,1.548,297794.1,297.79,29992.69,4392.69,1.013,0.697,0.023,-0.203,0.295,-0.417,130.513,Fuzzy
1632,81.5948,65.076,1129.113,-113.220,0.752,4.039,-1.351,4.325,1.546,297739.5,297.74,29987.80,4387.80,1.013,0.683,0.128,-0.350,0.362,-0.506,130.590,Fuzzy
1633,81.6448,65.114,1129.316,-113.288,0.741,4.045,-1.355,4.330,1.545,297684.9,297.68,29982.92,4382.92,1.013,0.660,0.256,-0.527,0.438,-0.606,130.667,Fuzzy
1634,81.6947,65.150,1129.518,-113.356,0.730,4.051,-1.360,4.335,1.543,297630.3,297.63,29978.04,4378.04,1.013,0.627,0.409,-0.736,0.523,-0.714,130.744,Fuzzy
1635,81.7447,65.187,1129.721,-113.424,0.718,4.057,-1.365,4.341,1.542,297575.7,297.58,29973.16,4373.16,1.013,0.582,0.589,-0.981,0.614,-0.828,130.821,Fuzzy
1636,81.7947,65.222,1129.923,-113.492,0.705,4.063,-1.368,4.345,1.539,297521.1,297.52,29968.29,4368.29,1.013,0.526,0.668,-1.261,-0.660,-0.944,130.898,Fuzzy
1637,81.8447,65.257,1130.127,-113.560,0.692,4.069,-1.362,4.347,1.528,297466.5,297.47,29963.41,4363.41,1.013,0.456,0.482,-1.578,-0.521,-1.059,130.975,Fuzzy
1638,81.8946,65.291,1130.331,-113.628,0.679,4.075,-1.358,4.349,1.518,297411.8,297.41,29958.53,4358.53,1.013,0.372,0.337,-1.928,-0.396,-1.165,131.051,Fuzzy
1639,81.9446,65.325,1130.535,-113.696,0.665,4.081,-1.355,4.351,1.509,297357.2,297.36,29953.66,4353.66,1.013,0.271,0.231,-2.309,-0.284,-1.258,131.127,Fuzzy
1640,81.9946,65.358,1130.739,-113.764,0.652,4.087,-1.352,4.354,1.501,297302.6,297.30,29948.78,4348.78,1.013,0.161,0.157,-2.716,-0.186,-1.336,131.202,Fuzzy
1641,82.0446,65.390,1130.943,-113.831,0.640,4.093,-1.350,4.357,1.494,297248.0,297.25,29943.91,4343.91,1.013,0.099,0.111,-3.146,-0.121,-1.424,131.276,Fuzzy
1642,82.0945,65.423,1131.148,-113.899,0.653,4.099,-1.348,4.364,1.498,297193.5,297.19,29939.04,4339.04,1.013,0.190,0.071,-2.695,-0.132,1.360,131.351,Fuzzy
1643,82.1445,65.456,1131.353,-113.966,0.666,4.104,-1.346,4.370,1.501,297138.8,297.14,29934.16,4334.16,1.013,0.301,0.026,-2.270,-0.150,1.278,131.426,Fuzzy
1644,82.1945,65.489,1131.558,-114.033,0.679,4.110,-1.343,4.377,1.505,297084.2,297.08,29929.29,4329.29,1.013,0.399,-0.025,-1.876,-0.184,1.178,131.501,Fuzzy
1645,82.2444,65.523,1131.764,-114.100,0.693,4.116,-1.340,4.384,1.509,297029.7,297.03,29924.42,4324.42,1.013,0.480,-0.097,-1.516,-0.264,1.065,131.576,Fuzzy
1646,82.2944,65.558,1131.970,-114.167,0.706,4.122,-1.337,4.390,1.511,296975.1,296.98,29919.55,4319.56,1.013,0.544,-0.196,-1.195,-0.354,0.944,131.651,Fuzzy
1647,82.3444,65.594,1132.177,-114.234,0.718,4.128,-1.332,4.396,1.513,296920.4,296.92,29914.69,4314.69,1.012,0.593,-0.325,-0.914,-0.455,0.821,131.727,Fuzzy
1648,82.3944,65.630,1132.383,-114.301,0.730,4.134,-1.327,4.402,1.514,296865.9,296.87,29909.82,4309.82,1.012,0.630,-0.488,-0.672,-0.569,0.702,131.803,Fuzzy
1649,82.4443,65.667,1132.589,-114.367,0.741,4.139,-1.321,4.408,1.514,296811.3,296.81,29904.95,4304.95,1.012,0.655,-0.689,-0.468,-0.697,0.589,131.878,Fuzzy
1650,82.4943,65.704,1132.797,-114.433,0.751,4.145,-1.314,4.413,1.513,296756.7,296.76,29900.09,4300.09,1.012,0.673,-0.933,-0.297,-0.837,0.488,131.954,Fuzzy
1651,82.5443,65.742,1133.004,-114.499,0.761,4.151,-1.321,4.422,1.524,296702.1,296.70,29895.22,4295.22,1.012,0.686,-0.680,-0.158,0.729,0.399,132.030,Fuzzy
1652,82.5943,65.780,1133.212,-114.565,0.770,4.157,-1.327,4.431,1.534,296647.5,296.65,29890.36,4290.36,1.012,0.693,-0.469,-0.045,0.605,0.322,132.106,Fuzzy
1653,82.6442,65.819,1133.419,-114.631,0.778,4.163,-1.332,4.439,1.543,296593.0,296.59,29885.50,4285.50,1.012,0.695,-0.295,0.051,0.495,0.313,132.183,Fuzzy
1654,82.6942,65.858,1133.628,-114.698,0.787,4.169,-1.337,4.448,1.552,296538.4,296.54,29880.63,4280.63,1.012,0.691,-0.154,0.163,0.399,0.388,132.261,Fuzzy
1655,82.7442,65.898,1133.837,-114.765,0.797,4.174,-1.341,4.456,1.560,296483.8,296.48,29875.77,4275.77,1.012,0.680,-0.042,0.300,0.316,0.473,132.339,Fuzzy
1656,82.7941,65.938,1134.046,-114.832,0.807,4.180,-1.344,4.465,1.568,296429.2,296.43,29870.91,4270.91,1.012,0.661,0.051,0.466,0.302,0.570,132.417,Fuzzy
1657,82.8441,65.979,1134.254,-114.899,0.818,4.186,-1.348,4.473,1.577,296374.7,296.37,29866.05,4266.06,1.012,0.632,0.157,0.663,0.364,0.675,132.495,Fuzzy
1658,82.8941,66.020,1134.464,-114.967,0.830,4.192,-1.352,4.482,1.587,296320.1,296.32,29861.20,4261.20,1.012,0.591,0.284,0.895,0.431,0.787,132.574,Fuzzy
1659,82.9441,66.062,1134.674,-115.035,0.842,4.197,-1.357,4.491,1.597,296265.5,296.27,29856.34,4256.34,1.012,0.537,0.432,1.162,0.503,0.901,132.654,Fuzzy
1660,82.9940,66.104,1134.884,-115.102,0.855,4.203,-1.362,4.500,1.608,296210.9,296.21,29851.48,4251.48,1.012,0.468,0.603,1.465,0.577,1.014,132.734,Fuzzy
1661,83.0440,66.147,1135.094,-115.171,0.868,4.209,-1.367,4.510,1.620,296156.4,296.16,29846.63,4246.63,1.012,0.383,0.797,1.801,0.649,1.120,132.815,Fuzzy
1662,83.0940,66.191,1135.305,-115.239,0.881,4.214,-1.365,4.517,1.625,296101.9,296.10,29841.77,4241.77,1.012,0.284,0.718,2.168,-0.583,1.213,132.896,Fuzzy
1663,83.1439,66.235,1135.516,-115.307,0.894,4.220,-1.360,4.523,1.628,296047.3,296.05,29836.92,4236.92,1.012,0.172,0.557,2.561,-0.439,1.292,132.977,Fuzzy
1664,83.1939,66.280,1135.727,-115.375,0.906,4.226,-1.356,4.529,1.631,295992.8,295.99,29832.06,4232.07,1.012,0.084,0.438,2.976,-0.321,1.367,133.058,Fuzzy
1665,83.2439,66.325,1135.938,-115.443,0.899,4.231,-1.353,4.532,1.624,295938.2,295.94,29827.21,4227.21,1.012,0.156,0.343,2.708,-0.292,-1.345,133.139,Fuzzy
1666,83.2939,66.370,1136.150,-115.510,0.886,4.237,-1.350,4.534,1.614,295883.6,295.88,29822.36,4222.36,1.012,0.269,0.250,2.287,-0.286,-1.266,133.220,Fuzzy
1667,83.3438,66.414,1136.362,-115.578,0.873,4.242,-1.346,4.536,1.605,295829.1,295.83,29817.51,4217.51,1.012,0.369,0.161,1.896,-0.272,-1.171,133.301,Fuzzy
1668,83.3938,66.457,1136.574,-115.645,0.860,4.248,-1.343,4.537,1.595,295774.6,295.77,29812.66,4212.66,1.012,0.451,0.078,1.538,-0.250,-1.061,133.380,Fuzzy
1669,83.4438,66.500,1136.787,-115.712,0.847,4.254,-1.340,4.539,1.585,295720.0,295.72,29807.81,4207.81,1.012,0.517,0.003,1.218,-0.224,-0.943,133.460,Fuzzy
1670,83.4938,66.542,1136.999,-115.779,0.835,4.259,-1.337,4.541,1.576,295665.4,295.67,29802.96,4202.97,1.012,0.568,-0.077,0.937,-0.284,-0.823,133.539,Fuzzy
1671,83.5437,66.583,1137.213,-115.846,0.823,4.265,-1.333,4.543,1.567,295610.9,295.61,29798.12,4198.12,1.012,0.606,-0.181,0.694,-0.367,-0.705,133.617,Fuzzy
1672,83.5937,66.624,1137.426,-115.912,0.812,4.270,-1.328,4.545,1.557,295556.3,295.56,29793.27,4193.27,1.012,0.632,-0.313,0.489,-0.463,-0.593,133.695,Fuzzy
1673,83.6437,66.665,1137.640,-115.979,0.802,4.276,-1.323,4.547,1.547,295501.8,295.50,29788.43,4188.43,1.012,0.648,-0.477,0.317,-0.570,-0.491,133.773,Fuzzy
1674,83.6936,66.705,1137.853,-116.045,0.793,4.282,-1.317,4.549,1.537,295447.3,295.45,29783.59,4183.59,1.012,0.656,-0.678,0.177,-0.691,-0.401,133.850,Fuzzy
1675,83.7436,66.744,1138.068,-116.110,0.784,4.287,-1.310,4.551,1.527,295392.8,295.39,29778.74,4178.74,1.012,0.659,-0.918,0.063,-0.824,-0.323,133.927,Fuzzy
1676,83.7936,66.783,1138.282,-116.176,0.776,4.293,-1.313,4.556,1.525,295338.2,295.34,29773.90,4173.90,1.012,0.660,-0.810,-0.029,0.794,-0.286,134.003,Fuzzy
1677,83.8436,66.822,1138.497,-116.242,0.767,4.298,-1.320,4.561,1.527,295283.7,295.28,29769.06,4169.06,1.012,0.658,-0.580,-0.132,0.660,-0.355,134.079,Fuzzy
1678,83.8935,66.860,1138.712,-116.308,0.758,4.304,-1.326,4.567,1.527,295229.2,295.23,29764.22,4164.22,1.012,0.651,-0.391,-0.257,0.540,-0.435,134.156,Fuzzy
1679,83.9435,66.897,1138.927,-116.374,0.749,4.309,-1.331,4.572,1.527,295174.7,295.17,29759.38,4159.38,1.012,0.636,-0.237,-0.410,0.435,-0.526,134.232,Fuzzy
1680,83.9935,66.935,1139.143,-116.441,0.738,4.315,-1.335,4.576,1.525,295120.2,295.12,29754.54,4154.54,1.012,0.612,-0.115,-0.594,0.343,-0.627,134.308,Fuzzy
1681,84.0435,66.971,1139.359,-116.508,0.727,4.320,-1.338,4.581,1.523,295065.6,295.07,29749.70,4149.70,1.012,0.578,-0.020,-0.809,0.263,-0.735,134.384,Fuzzy
1682,84.0934,67.007,1139.575,-116.575,0.716,4.326,-1.342,4.585,1.521,295011.1,295.01,29744.86,4144.86,1.012,0.532,0.059,-1.060,0.262,-0.847,134.460,Fuzzy
1683,84.1434,67.043,1139.791,-116.642,0.703,4.331,-1.345,4.590,1.518,294956.6,294.96,29740.03,4140.03,1.012,0.471,0.149,-1.345,0.300,-0.960,134.536,Fuzzy
1684,84.1934,67.078,1140.008,-116.709,0.691,4.337,-1.349,4.594,1.516,294902.1,294.90,29735.19,4135.19,1.012,0.395,0.250,-1.665,0.335,-1.068,134.612,Fuzzy
1685,84.2433,67.112,1140.225,-116.777,0.678,4.342,-1.353,4.598,1.513,294847.6,294.85,29730.36,4130.36,1.012,0.301,0.361,-2.016,0.366,-1.165,134.688,Fuzzy
1686,84.2933,67.145,1140.443,-116.844,0.666,4.347,-1.357,4.603,1.511,294793.1,294.79,29725.53,4125.53,1.012,0.189,0.480,-2.394,0.387,-1.245,134.763,Fuzzy
1687,84.3433,67.178,1140.660,-116.912,0.654,4.353,-1.361,4.607,1.509,294738.5,294.74,29720.69,4120.69,1.012,0.056,0.603,-2.793,0.395,-1.302,134.839,Fuzzy
1688,84.3933,67.211,1140.877,-116.981,0.656,4.358,-1.363,4.613,1.513,294684.0,294.68,29715.86,4115.86,1.012,0.093,0.704,-2.701,-0.469,1.304,134.914,Fuzzy
1689,84.4432,67.244,1141.096,-117.049,0.668,4.364,-1.359,4.619,1.515,294629.6,294.63,29711.03,4111.03,1.012,0.219,0.556,-2.291,-0.450,1.240,134.989,Fuzzy
1690,84.4932,67.278,1141.314,-117.116,0.681,4.369,-1.355,4.625,1.516,294575.1,294.58,29706.20,4106.20,1.012,0.326,0.418,-1.907,-0.417,1.153,135.065,Fuzzy
1691,84.5432,67.312,1141.533,-117.184,0.693,4.374,-1.351,4.630,1.518,294520.6,294.52,29701.37,4101.37,1.012,0.413,0.291,-1.554,-0.377,1.050,135.141,Fuzzy
1692,84.5932,67.347,1141.751,-117.251,0.706,4.380,-1.347,4.636,1.520,294466.1,294.47,29696.54,4096.54,1.011,0.483,0.179,-1.237,-0.332,0.937,135.217,Fuzzy
1693,84.6431,67.383,1141.970,-117.319,0.718,4.385,-1.343,4.642,1.523,294411.6,294.41,29691.72,4091.72,1.011,0.537,0.081,-0.957,-0.287,0.820,135.293,Fuzzy
1694,84.6931,67.419,1142.190,-117.386,0.729,4.390,-1.340,4.648,1.525,294357.2,294.36,29686.89,4086.89,1.011,0.577,-0.003,-0.715,-0.244,0.705,135.369,Fuzzy
1695,84.7431,67.456,1142.410,-117.453,0.739,4.396,-1.337,4.653,1.527,294302.6,294.30,29682.07,4082.07,1.011,0.607,-0.090,-0.509,-0.308,0.595,135.445,Fuzzy
1696,84.7930,67.493,1142.630,-117.519,0.749,4.401,-1.333,4.659,1.529,294248.2,294.25,29677.24,4077.24,1.011,0.626,-0.201,-0.336,-0.389,0.495,135.522,Fuzzy
1697,84.8430,67.531,1142.849,-117.586,0.759,4.406,-1.328,4.664,1.529,294193.7,294.19,29672.42,4072.42,1.011,0.637,-0.340,-0.195,-0.482,0.406,135.598,Fuzzy
1698,84.8930,67.569,1143.070,-117.652,0.767,4.412,-1.323,4.669,1.529,294139.2,294.14,29667.60,4067.60,1.011,0.641,-0.510,-0.079,-0.587,0.328,135.675,Fuzzy
1699,84.9430,67.607,1143.291,-117.718,0.775,4.417,-1.317,4.674,1.528,294084.8,294.08,29662.77,4062.77,1.011,0.641,-0.715,0.013,-0.706,0.268,135.751,Fuzzy
1700,84.9929,67.646,1143.512,-117.784,0.783,4.422,-1.314,4.679,1.530,294030.3,294.03,29657.95,4057.95,1.011,0.638,-0.805,0.109,0.782,0.333,135.827,Fuzzy
1701,85.0429,67.686,1143.733,-117.850,0.792,4.428,-1.320,4.688,1.540,293975.8,293.98,29653.13,4053.13,1.011,0.631,-0.579,0.227,0.649,0.408,135.904,Fuzzy
1702,85.0929,67.725,1143.954,-117.916,0.801,4.433,-1.326,4.696,1.549,293921.4,293.92,29648.31,4048.31,1.011,0.618,-0.393,0.370,0.529,0.495,135.981,Fuzzy
1703,85.1429,67.766,1144.176,-117.982,0.811,4.438,-1.330,4.704,1.558,293866.9,293.87,29643.50,4043.50,1.011,0.598,-0.243,0.543,0.424,0.592,136.059,Fuzzy
1704,85.1928,67.807,1144.399,-118.049,0.822,4.443,-1.334,4.712,1.567,293812.4,293.81,29638.68,4038.68,1.011,0.567,-0.124,0.747,0.332,0.696,136.137,Fuzzy
1705,85.2428,67.848,1144.621,-118.116,0.833,4.449,-1.338,4.719,1.576,293758.0,293.76,29633.86,4033.86,1.011,0.525,-0.033,0.985,0.252,0.806,136.216,Fuzzy
1706,85.2928,67.890,1144.843,-118.183,0.845,4.454,-1.340,4.727,1.584,293703.5,293.70,29629.05,4029.05,1.011,0.469,0.039,1.257,0.226,0.918,136.294,Fuzzy
1707,85.3427,67.932,1145.066,-118.250,0.857,4.459,-1.343,4.735,1.593,293649.1,293.65,29624.23,4024.23,1.011,0.399,0.114,1.563,0.250,1.026,136.374,Fuzzy
1708,85.3927,67.976,1145.289,-118.317,0.869,4.464,-1.346,4.743,1.602,293594.6,293.59,29619.42,4019.42,1.011,0.313,0.197,1.901,0.269,1.125,136.454,Fuzzy
1709,85.4427,68.019,1145.513,-118.384,0.882,4.469,-1.349,4.751,1.612,293540.2,293.54,29614.61,4014.61,1.011,0.210,0.283,2.268,0.279,1.211,136.534,Fuzzy
1710,85.4927,68.064,1145.736,-118.452,0.894,4.474,-1.352,4.759,1.621,293485.8,293.49,29609.79,4009.79,1.011,0.095,0.371,2.658,0.280,1.280,136.615,Fuzzy
1711,85.5426,68.109,1145.959,-118.520,0.896,4.480,-1.355,4.765,1.624,293431.3,293.43,29604.98,4004.98,1.011,0.082,0.462,2.731,0.316,-1.308,136.696,Fuzzy
1712,85.5926,68.153,1146.184,-118.587,0.884,4.485,-1.358,4.769,1.621,293376.9,293.38,29600.17,4000.17,1.011,0.196,0.582,2.321,0.437,-1.238,136.777,Fuzzy
1713,85.6426,68.197,1146.409,-118.655,0.872,4.490,-1.360,4.772,1.615,293322.5,293.32,29595.36,3995.36,1.011,0.301,0.637,1.937,-0.536,-1.152,136.857,Fuzzy
1714,85.6925,68.240,1146.633,-118.723,0.859,4.495,-1.356,4.773,1.605,293268.1,293.27,29590.56,3990.56,1.011,0.390,0.475,1.584,-0.482,-1.052,136.938,Fuzzy
1715,85.7425,68.283,1146.858,-118.791,0.847,4.500,-1.351,4.774,1.595,293213.6,293.21,29585.75,3985.75,1.011,0.462,0.331,1.266,-0.424,-0.941,137.018,Fuzzy
1716,85.7925,68.325,1147.083,-118.858,0.835,4.505,-1.348,4.776,1.585,293159.2,293.16,29580.94,3980.94,1.011,0.519,0.207,0.985,-0.366,-0.826,137.097,Fuzzy
1717,85.8425,68.367,1147.308,-118.926,0.824,4.510,-1.344,4.778,1.576,293104.8,293.10,29576.14,3976.14,1.011,0.562,0.100,0.740,-0.310,-0.712,137.176,Fuzzy
1718,85.8924,68.407,1147.534,-118.993,0.813,4.515,-1.341,4.780,1.568,293050.4,293.05,29571.33,3971.33,1.011,0.593,0.010,0.532,-0.259,-0.604,137.255,Fuzzy
1719,85.9424,68.448,1147.760,-119.060,0.803,4.520,-1.338,4.782,1.560,292995.9,293.00,29566.53,3966.53,1.011,0.614,-0.076,0.357,-0.301,-0.503,137.333,Fuzzy
1720,85.9924,68.488,1147.986,-119.127,0.794,4.525,-1.334,4.784,1.553,292941.6,292.94,29561.72,3961.73,1.011,0.627,-0.184,0.212,-0.378,-0.414,137.411,Fuzzy
1721,86.0424,68.527,1148.212,-119.193,0.785,4.530,-1.330,4.786,1.545,292887.2,292.89,29556.92,3956.92,1.011,0.632,-0.319,0.095,-0.467,-0.335,137.488,Fuzzy
1722,86.0923,68.566,1148.439,-119.260,0.777,4.535,-1.325,4.788,1.536,292832.7,292.83,29552.12,3952.12,1.011,0.633,-0.483,0.000,-0.569,-0.268,137.565,Fuzzy
1723,86.1423,68.605,1148.666,-119.326,0.769,4.540,-1.320,4.790,1.527,292778.3,292.78,29547.32,3947.32,1.011,0.629,-0.681,-0.091,-0.683,-0.318,137.642,Fuzzy
1724,86.1923,68.643,1148.893,-119.392,0.761,4.545,-1.322,4.794,1.525,292723.9,292.72,29542.52,3942.52,1.011,0.621,-0.593,-0.204,0.653,-0.390,137.718,Fuzzy
1725,86.2422,68.681,1149.120,-119.458,0.752,4.550,-1.327,4.799,1.525,292669.6,292.67,29537.72,3937.72,1.011,0.609,-0.406,-0.341,0.534,-0.473,137.794,Fuzzy
1726,86.2922,68.718,1149.348,-119.524,0.742,4.555,-1.332,4.804,1.525,292615.3,292.62,29532.93,3932.93,1.011,0.589,-0.254,-0.506,0.429,-0.566,137.871,Fuzzy
1727,86.3422,68.755,1149.576,-119.591,0.732,4.560,-1.336,4.808,1.523,292560.8,292.56,29528.13,3928.13,1.011,0.560,-0.134,-0.701,0.336,-0.668,137.947,Fuzzy
1728,86.3922,68.792,1149.804,-119.658,0.721,4.565,-1.339,4.812,1.521,292506.5,292.51,29523.33,3923.33,1.011,0.519,-0.042,-0.930,0.257,-0.775,138.023,Fuzzy
1729,86.4421,68.827,1150.033,-119.725,0.709,4.570,-1.342,4.816,1.518,292452.1,292.45,29518.54,3918.54,1.011,0.466,0.029,-1.192,0.218,-0.885,138.099,Fuzzy
1730,86.4921,68.862,1150.261,-119.792,0.697,4.575,-1.345,4.819,1.515,292397.7,292.40,29513.74,3913.74,1.011,0.399,0.103,-1.488,0.242,-0.992,138.175,Fuzzy
1731,86.5421,68.897,1150.490,-119.860,0.685,4.580,-1.347,4.823,1.512,292343.3,292.34,29508.95,3908.95,1.011,0.316,0.182,-1.815,0.261,-1.092,138.250,Fuzzy
1732,86.5921,68.931,1150.719,-119.927,0.673,4.585,-1.350,4.827,1.509,292288.9,292.29,29504.16,3904.16,1.011,0.216,0.266,-2.172,0.271,-1.179,138.326,Fuzzy
1733,86.6420,68.964,1150.949,-119.995,0.661,4.590,-1.353,4.831,1.506,292234.6,292.23,29499.37,3899.37,1.011,0.097,0.352,-2.552,0.270,-1.247,138.401,Fuzzy
1734,86.6920,68.997,1151.178,-120.062,0.657,4.595,-1.356,4.835,1.506,292180.2,292.18,29494.58,3894.58,1.011,0.048,0.436,-2.703,0.283,1.277,138.476,Fuzzy
1735,86.7420,69.030,1151.408,-120.130,0.668,4.600,-1.357,4.842,1.512,292125.9,292.13,29489.79,3889.79,1.010,0.169,0.472,-2.302,-0.376,1.216,138.551,Fuzzy
1736,86.7919,69.064,1151.638,-120.198,0.680,4.604,-1.353,4.847,1.514,292071.6,292.07,29485.00,3885.00,1.010,0.276,0.355,-1.925,-0.356,1.133,138.627,Fuzzy
1737,86.8419,69.098,1151.869,-120.265,0.692,4.609,-1.350,4.852,1.517,292017.2,292.02,29480.21,3880.21,1.010,0.363,0.246,-1.577,-0.326,1.035,138.702,Fuzzy
1738,86.8919,69.133,1152.099,-120.333,0.704,4.614,-1.347,4.858,1.519,291962.8,291.96,29475.42,3875.42,1.010,0.434,0.148,-1.264,-0.292,0.927,138.778,Fuzzy
1739,86.9419,69.169,1152.330,-120.400,0.715,4.619,-1.344,4.863,1.522,291908.5,291.91,29470.64,3870.64,1.010,0.489,0.062,-0.987,-0.255,0.814,138.854,Fuzzy
1740,86.9918,69.205,1152.561,-120.467,0.726,4.624,-1.341,4.869,1.525,291854.1,291.85,29465.85,3865.85,1.010,0.532,-0.013,-0.746,-0.228,0.703,138.930,Fuzzy
1741,87.0418,69.241,1152.792,-120.534,0.736,4.629,-1.338,4.874,1.527,291799.8,291.80,29461.07,3861.07,1.010,0.563,-0.097,-0.540,-0.296,0.596,139.007,Fuzzy
1742,87.0918,69.278,1153.024,-120.601,0.746,4.633,-1.334,4.879,1.529,291745.4,291.75,29456.29,3856.29,1.010,0.584,-0.204,-0.367,-0.375,0.498,139.083,Fuzzy
1743,87.1418,69.316,1153.256,-120.668,0.755,4.638,-1.330,4.884,1.530,291691.2,291.69,29451.50,3851.50,1.010,0.597,-0.338,-0.224,-0.466,0.410,139.159,Fuzzy
1744,87.1917,69.354,1153.488,-120.734,0.763,4.643,-1.325,4.888,1.529,291636.8,291.64,29446.72,3846.72,1.010,0.605,-0.502,-0.107,-0.569,0.333,139.236,Fuzzy
1745,87.2417,69.392,1153.720,-120.800,0.771,4.648,-1.323,4.894,1.532,291582.5,291.58,29441.94,3841.94,1.010,0.607,-0.575,-0.013,0.636,0.268,139.312,Fuzzy
1746,87.2917,69.431,1153.952,-120.866,0.779,4.652,-1.328,4.901,1.540,291528.3,291.53,29437.16,3837.16,1.010,0.607,-0.392,0.073,0.524,0.297,139.389,Fuzzy
1747,87.3416,69.470,1154.185,-120.933,0.787,4.657,-1.333,4.908,1.548,291473.8,291.47,29432.38,3832.38,1.010,0.601,-0.243,0.179,0.425,0.366,139.466,Fuzzy
1748,87.3916,69.510,1154.418,-121.000,0.795,4.662,-1.336,4.915,1.555,291419.5,291.42,29427.61,3827.61,1.010,0.590,-0.123,0.308,0.339,0.445,139.544,Fuzzy
1749,87.4416,69.550,1154.651,-121.067,0.805,4.667,-1.339,4.921,1.563,291365.3,291.37,29422.83,3822.83,1.010,0.571,-0.028,0.463,0.266,0.534,139.622,Fuzzy
1750,87.4916,69.590,1154.885,-121.134,0.815,4.671,-1.342,4.928,1.570,291311.0,291.31,29418.05,3818.05,1.010,0.543,0.051,0.647,0.260,0.631,139.700,Fuzzy
1751,87.5415,69.631,1155.118,-121.201,0.825,4.676,-1.345,4.935,1.578,291256.7,291.26,29413.28,3813.28,1.010,0.504,0.141,0.863,0.306,0.734,139.779,Fuzzy
1752,87.5915,69.673,1155.352,-121.268,0.836,4.681,-1.348,4.942,1.586,291202.4,291.20,29408.50,3808.50,1.010,0.454,0.246,1.111,0.355,0.840,139.858,Fuzzy
1753,87.6415,69.715,1155.587,-121.336,0.848,4.685,-1.352,4.950,1.595,291148.1,291.15,29403.73,3803.73,1.010,0.389,0.366,1.392,0.405,0.945,139.937,Fuzzy
1754,87.6914,69.757,1155.821,-121.403,0.859,4.690,-1.355,4.957,1.605,291093.8,291.09,29398.96,3798.96,1.010,0.310,0.502,1.705,0.452,1.044,140.017,Fuzzy
1755,87.7414,69.801,1156.055,-121.471,0.871,4.695,-1.355,4.963,1.611,291039.5,291.04,29394.18,3794.18,1.010,0.216,0.502,2.046,-0.427,1.132,140.098,Fuzzy
1756,87.7914,69.845,1156.290,-121.539,0.883,4.699,-1.352,4.969,1.614,290985.3,290.99,29389.41,3789.41,1.010,0.108,0.387,2.412,-0.307,1.205,140.178,Fuzzy
1757,87.8414,69.889,1156.525,-121.606,0.889,4.704,-1.349,4.974,1.616,290930.9,290.93,29384.64,3784.64,1.010,0.056,0.306,2.638,-0.224,-1.267,140.259,Fuzzy
1758,87.8913,69.933,1156.761,-121.674,0.878,4.708,-1.347,4.975,1.608,290876.7,290.88,29379.88,3779.87,1.010,0.162,0.234,2.244,-0.227,-1.190,140.339,Fuzzy
1759,87.9413,69.977,1156.996,-121.741,0.866,4.713,-1.344,4.977,1.599,290822.4,290.82,29375.11,3775.11,1.010,0.261,0.162,1.875,-0.226,-1.107,140.419,Fuzzy
1760,87.9913,70.020,1157.232,-121.808,0.855,4.718,-1.342,4.979,1.591,290768.2,290.77,29370.34,3770.34,1.010,0.344,0.091,1.537,-0.215,-1.008,140.499,Fuzzy
1761,88.0413,70.062,1157.468,-121.875,0.843,4.722,-1.340,4.980,1.583,290713.9,290.71,29365.57,3765.57,1.010,0.411,0.026,1.232,-0.198,-0.901,140.578,Fuzzy
1762,88.0912,70.104,1157.704,-121.942,0.832,4.727,-1.337,4.982,1.575,290659.6,290.66,29360.81,3760.81,1.010,0.464,-0.037,0.963,-0.218,-0.791,140.657,Fuzzy
1763,88.1412,70.145,1157.941,-122.009,0.822,4.731,-1.334,4.984,1.567,290605.4,290.61,29356.04,3756.04,1.010,0.504,-0.118,0.729,-0.288,-0.682,140.736,Fuzzy
1764,88.1912,70.186,1158.178,-122.075,0.812,4.736,-1.331,4.986,1.559,290551.2,290.55,29351.28,3751.28,1.010,0.533,-0.222,0.530,-0.368,-0.578,140.814,Fuzzy
1765,88.2411,70.227,1158.414,-122.142,0.803,4.740,-1.327,4.987,1.551,290496.9,290.50,29346.52,3746.52,1.010,0.554,-0.353,0.362,-0.459,-0.483,140.892,Fuzzy
1766,88.2911,70.266,1158.651,-122.208,0.794,4.745,-1.322,4.989,1.542,290442.7,290.44,29341.75,3741.75,1.010,0.566,-0.515,0.224,-0.561,-0.398,140.969,Fuzzy
1767,88.3411,70.306,1158.888,-122.274,0.786,4.749,-1.317,4.991,1.533,290388.5,290.39,29336.99,3736.99,1.010,0.573,-0.711,0.110,-0.677,-0.323,141.046,Fuzzy
1768,88.3911,70.345,1159.126,-122.340,0.779,4.754,-1.322,4.995,1.534,290334.2,290.33,29332.23,3732.23,1.010,0.576,-0.508,0.019,0.584,-0.260,141.122,Fuzzy
1769,88.4410,70.384,1159.364,-122.406,0.771,4.758,-1.327,5.000,1.535,290280.0,290.28,29327.47,3727.47,1.010,0.576,-0.341,-0.063,0.479,-0.279,141.199,Fuzzy
1770,88.4910,70.422,1159.602,-122.473,0.764,4.763,-1.331,5.004,1.535,290225.8,290.23,29322.71,3722.72,1.010,0.572,-0.204,-0.162,0.388,-0.344,141.276,Fuzzy
1771,88.5410,70.460,1159.840,-122.539,0.756,4.767,-1.335,5.008,1.534,290171.5,290.17,29317.96,3717.96,1.010,0.561,-0.095,-0.283,0.309,-0.419,141.353,Fuzzy
1772,88.5910,70.498,1160.078,-122.606,0.747,4.772,-1.338,5.012,1.532,290117.3,290.12,29313.20,3713.20,1.010,0.544,-0.009,-0.429,0.242,-0.502,141.429,Fuzzy
1773,88.6409,70.535,1160.317,-122.673,0.738,4.776,-1.341,5.015,1.530,290063.1,290.06,29308.45,3708.45,1.010,0.518,0.068,-0.603,0.262,-0.595,141.506,Fuzzy
1774,88.6909,70.572,1160.557,-122.740,0.728,4.781,-1.344,5.019,1.528,290008.8,290.01,29303.69,3703.69,1.010,0.482,0.159,-0.806,0.309,-0.694,141.582,Fuzzy
1775,88.7409,70.608,1160.796,-122.808,0.717,4.785,-1.347,5.023,1.526,289954.7,289.95,29298.94,3698.94,1.010,0.434,0.265,-1.041,0.359,-0.796,141.659,Fuzzy
1776,88.7908,70.643,1161.035,-122.875,0.706,4.789,-1.351,5.026,1.525,289900.5,289.90,29294.18,3694.18,1.009,0.373,0.387,-1.308,0.410,-0.898,141.735,Fuzzy
1777,88.8408,70.678,1161.274,-122.943,0.695,4.794,-1.355,5.030,1.523,289846.3,289.85,29289.43,3689.43,1.009,0.298,0.524,-1.606,0.460,-0.996,141.811,Fuzzy
1778,88.8908,70.713,1161.514,-123.011,0.684,4.798,-1.356,5.033,1.519,289792.2,289.79,29284.68,3684.68,1.009,0.209,0.553,-1.932,-0.454,-1.084,141.887,Fuzzy
1779,88.9408,70.747,1161.754,-123.078,0.673,4.802,-1.353,5.034,1.511,289737.9,289.74,29279.93,3679.93,1.009,0.110,0.430,-2.283,-0.333,-1.161,141.963,Fuzzy
1780,88.9907,70.780,1161.995,-123.146,0.664,4.807,-1.350,5.037,1.504,289683.8,289.68,29275.18,3675.18,1.009,0.063,0.340,-2.579,-0.249,1.252,142.038,Fuzzy
1781,89.0407,70.814,1162.235,-123.213,0.675,4.811,-1.347,5.041,1.507,289629.6,289.63,29270.43,3670.43,1.009,0.157,0.262,-2.191,-0.243,1.169,142.113,Fuzzy
1782,89.0907,70.848,1162.476,-123.281,0.686,4.815,-1.344,5.046,1.509,289575.4,289.58,29265.68,3665.68,1.009,0.253,0.185,-1.829,-0.238,1.084,142.188,Fuzzy
1783,89.1407,70.882,1162.716,-123.348,0.698,4.820,-1.341,5.051,1.512,289521.3,289.52,29260.94,3660.94,1.009,0.334,0.112,-1.498,-0.225,0.986,142.264,Fuzzy
1784,89.1906,70.917,1162.957,-123.415,0.709,4.824,-1.338,5.056,1.514,289467.1,289.47,29256.19,3656.19,1.009,0.399,0.043,-1.201,-0.206,0.880,142.339,Fuzzy
1785,89.2406,70.953,1163.199,-123.482,0.719,4.828,-1.336,5.061,1.517,289412.9,289.41,29251.45,3651.45,1.009,0.451,-0.019,-0.938,-0.201,0.772,142.415,Fuzzy
1786,89.2906,70.989,1163.441,-123.548,0.729,4.832,-1.333,5.066,1.519,289358.8,289.36,29246.70,3646.70,1.009,0.490,-0.093,-0.710,-0.266,0.665,142.491,Fuzzy
1787,89.3405,71.026,1163.682,-123.615,0.739,4.837,-1.329,5.070,1.521,289304.6,289.30,29241.96,3641.96,1.009,0.518,-0.190,-0.516,-0.341,0.563,142.567,Fuzzy
1788,89.3905,71.063,1163.924,-123.681,0.748,4.841,-1.325,5.074,1.521,289250.5,289.25,29237.21,3637.22,1.009,0.537,-0.312,-0.353,-0.426,0.470,142.643,Fuzzy
1789,89.4405,71.101,1164.166,-123.747,0.756,4.845,-1.320,5.078,1.521,289196.3,289.20,29232.47,3632.47,1.009,0.548,-0.462,-0.218,-0.523,0.387,142.719,Fuzzy
1790,89.4905,71.139,1164.408,-123.813,0.764,4.849,-1.315,5.082,1.520,289142.3,289.14,29227.73,3627.73,1.009,0.554,-0.645,-0.108,-0.632,0.314,142.795,Fuzzy
1791,89.5404,71.177,1164.651,-123.879,0.771,4.854,-1.310,5.086,1.520,289088.1,289.09,29222.99,3622.99,1.009,0.556,-0.817,-0.019,0.754,0.253,142.871,Fuzzy
1792,89.5904,71.216,1164.894,-123.944,0.778,4.858,-1.316,5.093,1.528,289034.0,289.03,29218.25,3618.26,1.009,0.557,-0.598,0.060,0.630,0.270,142.947,Fuzzy
1793,89.6404,71.255,1165.137,-124.010,0.785,4.862,-1.321,5.099,1.537,288979.8,288.98,29213.52,3613.52,1.009,0.554,-0.417,0.156,0.518,0.333,143.024,Fuzzy
1794,89.6904,71.294,1165.380,-124.077,0.793,4.866,-1.326,5.106,1.545,288925.8,288.93,29208.78,3608.78,1.009,0.546,-0.269,0.273,0.421,0.406,143.101,Fuzzy
1795,89.7403,71.334,1165.623,-124.143,0.802,4.870,-1.330,5.112,1.553,288871.7,288.87,29204.04,3604.04,1.009,0.530,-0.151,0.415,0.335,0.489,143.178,Fuzzy
1796,89.7903,71.374,1165.867,-124.209,0.811,4.875,-1.333,5.118,1.560,288817.5,288.82,29199.31,3599.31,1.009,0.506,-0.057,0.584,0.262,0.580,143.256,Fuzzy
1797,89.8403,71.415,1166.111,-124.276,0.820,4.879,-1.336,5.124,1.567,288763.4,288.76,29194.57,3594.57,1.009,0.473,0.015,0.783,0.209,0.677,143.334,Fuzzy
1798,89.8902,71.456,1166.355,-124.343,0.830,4.883,-1.338,5.130,1.575,288709.3,288.71,29189.84,3589.84,1.009,0.428,0.086,1.012,0.241,0.779,143.413,Fuzzy
1799,89.9402,71.498,1166.599,-124.410,0.841,4.887,-1.341,5.137,1.583,288655.3,288.66,29185.11,3585.11,1.009,0.371,0.168,1.273,0.272,0.881,143.492,Fuzzy
1800,89.9902,71.541,1166.844,-124.477,0.852,4.891,-1.344,5.143,1.592,288601.2,288.60,29180.38,3580.38,1.009,0.299,0.259,1.566,0.301,0.979,143.571,Fuzzy
1801,90.0402,71.583,1167.088,-124.544,0.863,4.895,-1.348,5.150,1.600,288547.1,288.55,29175.64,3575.64,1.009,0.210,0.357,1.886,0.324,1.067,143.651,Fuzzy
1802,90.0901,71.627,1167.333,-124.612,0.874,4.899,-1.351,5.156,1.609,288493.0,288.49,29170.91,3570.92,1.009,0.107,0.461,2.232,0.337,1.141,143.731,Fuzzy
1803,90.1401,71.671,1167.578,-124.680,0.882,4.903,-1.354,5.162,1.616,288438.9,288.44,29166.19,3566.19,1.009,0.028,0.568,2.520,0.354,-1.213,143.811,Fuzzy
1804,90.1901,71.715,1167.824,-124.747,0.872,4.907,-1.356,5.165,1.612,288384.8,288.38,29161.46,3561.46,1.009,0.141,0.640,2.143,-0.459,-1.142,143.892,Fuzzy
1805,90.2400,71.758,1168.069,-124.815,0.860,4.911,-1.352,5.166,1.603,288330.8,288.33,29156.73,3556.73,1.009,0.241,0.498,1.790,-0.427,-1.061,143.972,Fuzzy
1806,90.2900,71.801,1168.315,-124.883,0.849,4.915,-1.348,5.167,1.594,288276.7,288.28,29152.00,3552.00,1.009,0.324,0.369,1.466,-0.387,-0.967,144.052,Fuzzy
1807,90.3400,71.843,1168.560,-124.950,0.838,4.919,-1.345,5.168,1.585,288222.6,288.22,29147.28,3547.28,1.009,0.391,0.253,1.174,-0.343,-0.863,144.131,Fuzzy
1808,90.3900,71.885,1168.806,-125.017,0.828,4.923,-1.341,5.169,1.576,288168.6,288.17,29142.55,3542.55,1.009,0.443,0.151,0.916,-0.298,-0.757,144.210,Fuzzy
1809,90.4399,71.926,1169.053,-125.084,0.818,4.927,-1.338,5.171,1.568,288114.6,288.11,29137.83,3537.83,1.009,0.483,0.064,0.693,-0.255,-0.652,144.289,Fuzzy
1810,90.4899,71.966,1169.300,-125.151,0.808,4.931,-1.336,5.172,1.561,288060.5,288.06,29133.11,3533.11,1.009,0.512,-0.009,0.503,-0.218,-0.553,144.367,Fuzzy
1811,90.5399,72.007,1169.546,-125.218,0.800,4.935,-1.333,5.174,1.554,288006.5,288.01,29128.38,3528.39,1.009,0.532,-0.089,0.343,-0.280,-0.462,144.445,Fuzzy
1812,90.5899,72.046,1169.793,-125.284,0.791,4.939,-1.329,5.175,1.547,287952.4,287.95,29123.66,3523.66,1.009,0.544,-0.189,0.210,-0.351,-0.380,144.523,Fuzzy
1813,90.6398,72.086,1170.039,-125.350,0.784,4.943,-1.325,5.177,1.540,287898.4,287.90,29118.94,3518.94,1.009,0.550,-0.313,0.102,-0.433,-0.309,144.600,Fuzzy
1814,90.6898,72.125,1170.287,-125.417,0.777,4.947,-1.321,5.179,1.532,287844.4,287.84,29114.22,3514.22,1.009,0.550,-0.465,0.015,-0.526,-0.248,144.677,Fuzzy
1815,90.7398,72.163,1170.535,-125.483,0.770,4.951,-1.315,5.180,1.524,287790.4,287.79,29109.50,3509.51,1.009,0.547,-0.648,-0.063,-0.632,-0.269,144.753,Fuzzy
1816,90.7897,72.202,1170.782,-125.548,0.762,4.955,-1.315,5.183,1.520,287736.4,287.74,29104.79,3504.79,1.008,0.541,-0.645,-0.158,0.651,-0.330,144.829,Fuzzy
1817,90.8397,72.240,1171.030,-125.614,0.755,4.958,-1.321,5.187,1.521,287682.4,287.68,29100.07,3500.07,1.008,0.532,-0.458,-0.274,0.535,-0.402,144.905,Fuzzy
1818,90.8897,72.277,1171.278,-125.680,0.746,4.962,-1.325,5.190,1.521,287628.4,287.63,29095.36,3495.36,1.008,0.516,-0.306,-0.414,0.433,-0.483,144.981,Fuzzy
1819,90.9397,72.314,1171.526,-125.747,0.737,4.966,-1.329,5.194,1.520,287574.4,287.57,29090.64,3490.64,1.008,0.492,-0.184,-0.581,0.343,-0.572,145.057,Fuzzy
1820,90.9896,72.351,1171.774,-125.813,0.728,4.970,-1.333,5.197,1.518,287520.5,287.52,29085.93,3485.93,1.008,0.459,-0.089,-0.777,0.266,-0.668,145.133,Fuzzy
1821,91.0396,72.387,1172.023,-125.880,0.718,4.974,-1.335,5.200,1.516,287466.4,287.47,29081.21,3481.21,1.008,0.416,-0.017,-1.003,0.198,-0.769,145.209,Fuzzy
1822,91.0896,72.423,1172.272,-125.947,0.708,4.978,-1.338,5.203,1.513,287412.5,287.41,29076.50,3476.50,1.008,0.360,0.041,-1.261,0.184,-0.870,145.285,Fuzzy
1823,91.1396,72.458,1172.521,-126.014,0.697,4.981,-1.340,5.205,1.510,287358.5,287.36,29071.79,3471.79,1.008,0.290,0.101,-1.549,0.197,-0.967,145.360,Fuzzy
1824,91.1895,72.492,1172.770,-126.081,0.686,4.985,-1.343,5.208,1.508,287304.5,287.30,29067.08,3467.08,1.008,0.206,0.164,-1.866,0.202,-1.056,145.436,Fuzzy
1825,91.2395,72.526,1173.019,-126.148,0.675,4.989,-1.345,5.211,1.505,287250.6,287.25,29062.37,3462.37,1.008,0.108,0.227,-2.208,0.199,-1.133,145.511,Fuzzy
1826,91.2895,72.560,1173.268,-126.215,0.669,4.993,-1.347,5.214,1.504,287196.6,287.20,29057.66,3457.66,1.008,0.052,0.289,-2.421,0.204,1.192,145.586,Fuzzy
1827,91.3394,72.594,1173.519,-126.283,0.679,4.996,-1.349,5.220,1.511,287142.7,287.14,29052.95,3452.95,1.008,0.141,0.366,-2.053,0.289,1.109,145.661,Fuzzy
1828,91.3894,72.628,1173.769,-126.350,0.690,5.000,-1.352,5.226,1.518,287088.7,287.09,29048.25,3448.25,1.008,0.232,0.475,-1.711,0.394,1.024,145.737,Fuzzy
1829,91.4394,72.663,1174.019,-126.418,0.701,5.004,-1.351,5.230,1.522,287034.8,287.03,29043.54,3443.54,1.008,0.309,0.419,-1.399,-0.412,0.929,145.813,Fuzzy
1830,91.4894,72.698,1174.269,-126.485,0.711,5.007,-1.347,5.234,1.523,286980.8,286.98,29038.83,3438.83,1.008,0.372,0.296,-1.119,-0.363,0.828,145.889,Fuzzy
1831,91.5393,72.734,1174.520,-126.553,0.721,5.011,-1.344,5.238,1.525,286926.9,286.93,29034.13,3434.13,1.008,0.422,0.189,-0.873,-0.315,0.724,145.965,Fuzzy
1832,91.5893,72.770,1174.770,-126.620,0.731,5.015,-1.341,5.242,1.527,286873.0,286.87,29029.43,3429.43,1.008,0.460,0.097,-0.660,-0.269,0.623,146.041,Fuzzy
1833,91.6393,72.807,1175.021,-126.687,0.740,5.019,-1.338,5.246,1.529,286819.1,286.82,29024.72,3424.72,1.008,0.488,0.019,-0.478,-0.226,0.528,146.117,Fuzzy
1834,91.6893,72.844,1175.272,-126.753,0.748,5.022,-1.336,5.250,1.531,286765.1,286.77,29020.02,3420.02,1.008,0.507,-0.052,-0.325,-0.246,0.440,146.194,Fuzzy
1835,91.7392,72.882,1175.523,-126.820,0.756,5.026,-1.333,5.254,1.532,286711.2,286.71,29015.32,3415.32,1.008,0.520,-0.140,-0.199,-0.310,0.363,146.271,Fuzzy
1836,91.7892,72.920,1175.775,-126.887,0.763,5.030,-1.329,5.258,1.533,286657.3,286.66,29010.62,3410.62,1.008,0.526,-0.250,-0.096,-0.384,0.295,146.347,Fuzzy
1837,91.8392,72.958,1176.026,-126.953,0.770,5.033,-1.325,5.261,1.532,286603.4,286.60,29005.92,3405.92,1.008,0.527,-0.385,-0.013,-0.469,0.237,146.424,Fuzzy
1838,91.8891,72.997,1176.278,-127.019,0.776,5.037,-1.320,5.265,1.532,286549.5,286.55,29001.22,3401.23,1.008,0.526,-0.549,0.063,-0.566,0.261,146.500,Fuzzy
1839,91.9391,73.036,1176.529,-127.085,0.783,5.040,-1.323,5.270,1.538,286495.6,286.50,28996.53,3396.53,1.008,0.521,-0.443,0.156,0.521,0.321,146.577,Fuzzy
1840,91.9891,73.075,1176.782,-127.152,0.791,5.044,-1.327,5.275,1.545,286441.8,286.44,28991.83,3391.83,1.008,0.511,-0.294,0.268,0.423,0.390,146.654,Fuzzy
1841,92.0391,73.115,1177.034,-127.218,0.799,5.048,-1.331,5.281,1.552,286387.9,286.39,28987.13,3387.14,1.008,0.495,-0.175,0.404,0.338,0.468,146.732,Fuzzy
1842,92.0890,73.155,1177.287,-127.285,0.808,5.051,-1.334,5.286,1.559,286334.0,286.33,28982.44,3382.44,1.008,0.472,-0.081,0.566,0.265,0.555,146.809,Fuzzy
1843,92.1390,73.195,1177.540,-127.351,0.817,5.055,-1.336,5.292,1.566,286280.1,286.28,28977.75,3377.75,1.008,0.439,-0.008,0.755,0.201,0.648,146.888,Fuzzy
1844,92.1890,73.237,1177.792,-127.418,0.826,5.058,-1.338,5.297,1.573,286226.3,286.23,28973.05,3373.05,1.008,0.396,0.054,0.975,0.207,0.745,146.966,Fuzzy
1845,92.2390,73.278,1178.045,-127.485,0.837,5.062,-1.341,5.303,1.580,286172.4,286.17,28968.36,3368.36,1.008,0.340,0.123,1.225,0.231,0.844,147.045,Fuzzy
1846,92.2889,73.320,1178.298,-127.552,0.847,5.065,-1.343,5.308,1.588,286118.6,286.12,28963.67,3363.67,1.008,0.271,0.200,1.504,0.252,0.938,147.124,Fuzzy
1847,92.3389,73.363,1178.551,-127.620,0.857,5.069,-1.346,5.314,1.596,286064.8,286.06,28958.98,3358.98,1.008,0.187,0.281,1.811,0.267,1.024,147.203,Fuzzy
1848,92.3889,73.406,1178.805,-127.687,0.868,5.072,-1.348,5.320,1.603,286010.9,286.01,28954.29,3354.29,1.008,0.086,0.366,2.143,0.273,1.097,147.283,Fuzzy
1849,92.4388,73.450,1179.059,-127.754,0.876,5.076,-1.351,5.325,1.610,285957.1,285.96,28949.60,3349.60,1.008,0.034,0.451,2.419,0.284,-1.174,147.364,Fuzzy
1850,92.4888,73.493,1179.313,-127.822,0.865,5.079,-1.348,5.326,1.602,285903.2,285.90,28944.92,3344.92,1.008,0.145,0.372,2.052,-0.305,-1.111,147.444,Fuzzy
1851,92.5388,73.536,1179.567,-127.889,0.854,5.083,-1.346,5.327,1.594,285849.4,285.85,28940.23,3340.23,1.008,0.239,0.277,1.710,-0.291,-1.028,147.524,Fuzzy
1852,92.5888,73.579,1179.821,-127.956,0.844,5.086,-1.343,5.327,1.586,285795.6,285.80,28935.54,3335.54,1.008,0.317,0.188,1.397,-0.268,-0.932,147.603,Fuzzy
1853,92.6387,73.620,1180.075,-128.023,0.833,5.089,-1.340,5.328,1.578,285741.8,285.74,28930.86,3330.86,1.008,0.379,0.107,1.117,-0.242,-0.830,147.682,Fuzzy
1854,92.6887,73.662,1180.330,-128.090,0.823,5.093,-1.338,5.329,1.571,285688.0,285.69,28926.17,3326.17,1.007,0.428,0.036,0.870,-0.213,-0.725,147.761,Fuzzy
1855,92.7387,73.703,1180.585,-128.157,0.813,5.096,-1.336,5.331,1.564,285634.2,285.63,28921.49,3321.49,1.007,0.466,-0.029,0.656,-0.214,-0.624,147.839,Fuzzy
1856,92.7886,73.743,1180.840,-128.224,0.804,5.099,-1.333,5.332,1.557,285580.4,285.58,28916.81,3316.81,1.007,0.493,-0.107,0.475,-0.277,-0.528,147.917,Fuzzy
1857,92.8386,73.783,1181.095,-128.291,0.796,5.103,-1.330,5.333,1.550,285526.6,285.53,28912.13,3312.13,1.007,0.511,-0.206,0.322,-0.349,-0.440,147.995,Fuzzy
1858,92.8886,73.823,1181.350,-128.357,0.788,5.106,-1.327,5.334,1.543,285472.9,285.47,28907.45,3307.45,1.007,0.523,-0.330,0.196,-0.433,-0.362,148.072,Fuzzy
1859,92.9386,73.862,1181.605,-128.423,0.780,5.110,-1.322,5.335,1.535,285419.1,285.42,28902.77,3302.77,1.007,0.529,-0.482,0.093,-0.527,-0.294,148.149,Fuzzy
1860,92.9885,73.901,1181.860,-128.489,0.774,5.113,-1.324,5.338,1.534,285365.3,285.37,28898.09,3298.09,1.007,0.531,-0.414,0.010,0.507,-0.237,148.226,Fuzzy
1861,93.0385,73.939,1182.116,-128.556,0.767,5.116,-1.328,5.341,1.534,285311.6,285.31,28893.41,3293.41,1.007,0.530,-0.269,-0.066,0.414,-0.265,148.302,Fuzzy
1862,93.0885,73.977,1182.372,-128.622,0.760,5.120,-1.332,5.344,1.533,285257.8,285.26,28888.73,3288.73,1.007,0.525,-0.152,-0.160,0.334,-0.325,148.379,Fuzzy
1863,93.1385,74.015,1182.629,-128.689,0.752,5.123,-1.335,5.347,1.532,285204.0,285.20,28884.06,3284.06,1.007,0.514,-0.058,-0.274,0.265,-0.395,148.456,Fuzzy
1864,93.1884,74.053,1182.885,-128.756,0.744,5.126,-1.337,5.350,1.530,285150.3,285.15,28879.38,3279.38,1.007,0.497,0.016,-0.411,0.219,-0.474,148.532,Fuzzy
1865,93.2384,74.090,1183.141,-128.823,0.736,5.129,-1.340,5.352,1.528,285096.6,285.10,28874.71,3274.71,1.007,0.472,0.092,-0.574,0.261,-0.560,148.609,Fuzzy
1866,93.2884,74.126,1183.398,-128.890,0.726,5.133,-1.343,5.355,1.527,285042.8,285.04,28870.04,3270.04,1.007,0.438,0.182,-0.765,0.307,-0.653,148.685,Fuzzy
1867,93.3383,74.162,1183.654,-128.957,0.717,5.136,-1.346,5.357,1.525,284989.2,284.99,28865.36,3265.36,1.007,0.393,0.287,-0.986,0.356,-0.750,148.761,Fuzzy
1868,93.3883,74.198,1183.910,-129.024,0.707,5.139,-1.349,5.360,1.523,284935.4,284.94,28860.69,3260.69,1.007,0.336,0.407,-1.237,0.407,-0.848,148.837,Fuzzy
1869,93.4383,74.233,1184.168,-129.092,0.696,5.142,-1.349,5.362,1.519,284881.7,284.88,28856.02,3256.02,1.007,0.267,0.407,-1.518,-0.392,-0.942,148.914,Fuzzy
1870,93.4883,74.268,1184.426,-129.159,0.686,5.145,-1.346,5.363,1.511,284828.0,284.83,28851.35,3251.35,1.007,0.186,0.300,-1.826,-0.289,-1.029,148.989,Fuzzy
1871,93.5382,74.302,1184.683,-129.226,0.675,5.149,-1.344,5.364,1.504,284774.3,284.77,28846.68,3246.68,1.007,0.093,0.225,-2.159,-0.198,-1.106,149.064,Fuzzy
1872,93.5882,74.335,1184.941,-129.294,0.669,5.152,-1.342,5.366,1.500,284720.6,284.72,28842.01,3242.01,1.007,0.066,0.173,-2.367,-0.144,1.180,149.139,Fuzzy
1873,93.6382,74.369,1185.198,-129.361,0.680,5.155,-1.340,5.369,1.503,284666.9,284.67,28837.35,3237.35,1.007,0.156,0.126,-2.002,-0.154,1.099,149.214,Fuzzy
1874,93.6882,74.403,1185.456,-129.428,0.690,5.158,-1.338,5.373,1.506,284613.2,284.61,28832.68,3232.68,1.007,0.243,0.076,-1.665,-0.160,1.011,149.289,Fuzzy
1875,93.7381,74.438,1185.713,-129.495,0.701,5.161,-1.336,5.377,1.509,284559.6,284.56,28828.01,3228.01,1.007,0.316,0.025,-1.358,-0.158,0.914,149.365,Fuzzy
1876,93.7881,74.473,1185.971,-129.561,0.711,5.164,-1.334,5.381,1.512,284505.9,284.51,28823.35,3223.35,1.007,0.375,-0.025,-1.084,-0.176,0.811,149.440,Fuzzy
1877,93.8381,74.509,1186.230,-129.628,0.721,5.167,-1.332,5.384,1.514,284452.2,284.45,28818.69,3218.69,1.007,0.421,-0.091,-0.843,-0.238,0.708,149.516,Fuzzy
1878,93.8880,74.545,1186.489,-129.694,0.730,5.170,-1.329,5.388,1.516,284398.6,284.40,28814.02,3214.02,1.007,0.456,-0.179,-0.635,-0.309,0.607,149.592,Fuzzy
1879,93.9380,74.582,1186.748,-129.761,0.739,5.173,-1.325,5.391,1.517,284344.9,284.34,28809.36,3209.36,1.007,0.481,-0.289,-0.458,-0.390,0.513,149.667,Fuzzy
1880,93.9880,74.619,1187.006,-129.827,0.747,5.176,-1.321,5.394,1.517,284291.3,284.29,28804.70,3204.70,1.007,0.499,-0.427,-0.310,-0.482,0.427,149.743,Fuzzy
1881,94.0380,74.657,1187.265,-129.893,0.754,5.179,-1.316,5.397,1.517,284237.6,284.24,28800.04,3200.04,1.007,0.509,-0.596,-0.188,-0.586,0.352,149.819,Fuzzy
1882,94.0879,74.694,1187.524,-129.959,0.762,5.182,-1.317,5.401,1.521,284183.9,284.18,28795.38,3195.38,1.007,0.517,-0.555,-0.088,0.587,0.286,149.895,Fuzzy
1883,94.1379,74.733,1187.783,-130.025,0.768,5.186,-1.322,5.406,1.529,284130.4,284.13,28790.72,3190.72,1.007,0.520,-0.387,-0.008,0.486,0.231,149.971,Fuzzy
1884,94.1879,74.771,1188.042,-130.091,0.775,5.189,-1.326,5.411,1.536,284076.8,284.08,28786.06,3186.06,1.007,0.521,-0.248,0.068,0.396,0.262,150.048,Fuzzy
1885,94.2379,74.810,1188.302,-130.157,0.782,5.192,-1.329,5.416,1.542,284023.1,284.02,28781.41,3181.41,1.007,0.516,-0.136,0.161,0.319,0.322,150.125,Fuzzy
1886,94.2878,74.849,1188.562,-130.224,0.789,5.195,-1.332,5.420,1.549,283969.5,283.97,28776.75,3176.75,1.007,0.506,-0.047,0.274,0.254,0.391,150.202,Fuzzy
1887,94.3378,74.889,1188.822,-130.290,0.797,5.198,-1.335,5.425,1.555,283915.9,283.92,28772.10,3172.10,1.007,0.489,0.025,0.410,0.222,0.469,150.280,Fuzzy
1888,94.3878,74.929,1189.082,-130.357,0.806,5.201,-1.337,5.430,1.561,283862.3,283.86,28767.44,3167.44,1.007,0.464,0.102,0.571,0.264,0.555,150.358,Fuzzy
1889,94.4377,74.970,1189.342,-130.424,0.815,5.203,-1.340,5.435,1.569,283808.8,283.81,28762.79,3162.79,1.007,0.429,0.193,0.760,0.311,0.647,150.436,Fuzzy
1890,94.4877,75.011,1189.602,-130.491,0.824,5.206,-1.344,5.440,1.576,283755.2,283.76,28758.14,3158.14,1.007,0.384,0.299,0.979,0.360,0.742,150.514,Fuzzy
1891,94.5377,75.052,1189.862,-130.558,0.834,5.209,-1.347,5.445,1.585,283701.6,283.70,28753.48,3153.49,1.006,0.326,0.421,1.227,0.411,0.838,150.593,Fuzzy
1892,94.5877,75.094,1190.122,-130.626,0.845,5.212,-1.351,5.450,1.593,283648.0,283.65,28748.83,3148.83,1.006,0.256,0.557,1.504,0.460,0.930,150.673,Fuzzy
1893,94.6376,75.137,1190.383,-130.694,0.855,5.215,-1.350,5.454,1.598,283594.5,283.59,28744.19,3144.19,1.006,0.172,0.530,1.808,-0.422,1.015,150.753,Fuzzy
1894,94.6876,75.180,1190.644,-130.761,0.865,5.218,-1.347,5.458,1.601,283540.9,283.54,28739.54,3139.54,1.006,0.082,0.415,2.136,-0.310,1.091,150.832,Fuzzy
1895,94.7376,75.223,1190.905,-130.828,0.869,5.221,-1.344,5.460,1.600,283487.4,283.49,28734.89,3134.89,1.006,0.071,0.330,2.269,-0.244,-1.148,150.912,Fuzzy
1896,94.7875,75.266,1191.167,-130.895,0.859,5.223,-1.342,5.461,1.593,283433.8,283.43,28730.24,3130.24,1.006,0.162,0.253,1.915,-0.240,-1.068,150.992,Fuzzy
1897,94.8375,75.309,1191.428,-130.962,0.848,5.226,-1.339,5.461,1.585,283380.3,283.38,28725.60,3125.60,1.006,0.245,0.178,1.588,-0.231,-0.980,151.071,Fuzzy
1898,94.8875,75.351,1191.689,-131.029,0.838,5.229,-1.336,5.462,1.577,283326.8,283.33,28720.95,3120.95,1.006,0.316,0.108,1.291,-0.215,-0.883,151.150,Fuzzy
1899,94.9375,75.393,1191.950,-131.096,0.828,5.232,-1.334,5.462,1.570,283273.3,283.27,28716.30,3116.31,1.006,0.372,0.043,1.027,-0.195,-0.781,151.229,Fuzzy
1900,94.9874,75.434,1192.212,-131.163,0.818,5.235,-1.332,5.463,1.563,283219.8,283.22,28711.66,3111.66,1.006,0.415,-0.015,0.795,-0.185,-0.679,151.307,Fuzzy
1901,95.0374,75.475,1192.473,-131.229,0.809,5.237,-1.329,5.464,1.556,283166.2,283.17,28707.02,3107.02,1.006,0.448,-0.083,0.596,-0.244,-0.581,151.385,Fuzzy
1902,95.0874,75.515,1192.735,-131.296,0.801,5.240,-1.326,5.464,1.549,283112.8,283.11,28702.38,3102.38,1.006,0.471,-0.171,0.427,-0.311,-0.490,151.463,Fuzzy
1903,95.1374,75.555,1192.998,-131.362,0.793,5.243,-1.322,5.465,1.542,283059.2,283.06,28697.74,3097.74,1.006,0.487,-0.282,0.286,-0.388,-0.407,151.540,Fuzzy
1904,95.1873,75.594,1193.260,-131.428,0.785,5.246,-1.318,5.465,1.534,283005.8,283.01,28693.10,3093.10,1.006,0.495,-0.419,0.170,-0.476,-0.334,151.617,Fuzzy
1905,95.2373,75.633,1193.523,-131.494,0.778,5.248,-1.313,5.466,1.526,282952.3,282.95,28688.46,3088.46,1.006,0.499,-0.585,0.076,-0.576,-0.271,151.694,Fuzzy
1906,95.2873,75.672,1193.785,-131.559,0.772,5.251,-1.310,5.467,1.520,282898.8,282.90,28683.82,3083.82,1.006,0.500,-0.698,0.000,0.664,-0.217,151.770,Fuzzy
1907,95.3372,75.710,1194.048,-131.625,0.766,5.254,-1.315,5.470,1.522,282845.3,282.85,28679.18,3079.18,1.006,0.499,-0.507,-0.075,0.551,-0.258,151.846,Fuzzy
1908,95.3872,75.749,1194.310,-131.691,0.759,5.257,-1.320,5.473,1.522,282791.9,282.79,28674.54,3074.55,1.006,0.495,-0.350,-0.166,0.452,-0.317,151.922,Fuzzy
1909,95.4372,75.786,1194.573,-131.757,0.752,5.259,-1.324,5.475,1.522,282738.4,282.74,28669.91,3069.91,1.006,0.485,-0.222,-0.277,0.365,-0.385,151.998,Fuzzy
1910,95.4872,75.824,1194.835,-131.823,0.744,5.262,-1.327,5.477,1.522,282685.0,282.69,28665.28,3065.28,1.006,0.469,-0.119,-0.411,0.290,-0.462,152.074,Fuzzy
1911,95.5371,75.861,1195.099,-131.889,0.736,5.265,-1.330,5.480,1.520,282631.6,282.63,28660.64,3060.64,1.006,0.445,-0.039,-0.570,0.225,-0.546,152.150,Fuzzy
1912,95.5871,75.897,1195.363,-131.956,0.727,5.267,-1.333,5.482,1.518,282578.2,282.58,28656.01,3056.01,1.006,0.412,0.023,-0.756,0.192,-0.637,152.226,Fuzzy
1913,95.6371,75.933,1195.626,-132.023,0.718,5.270,-1.335,5.483,1.516,282524.7,282.52,28651.38,3051.38,1.006,0.369,0.089,-0.971,0.219,-0.731,152.302,Fuzzy
1914,95.6871,75.969,1195.890,-132.089,0.708,5.272,-1.338,5.485,1.514,282471.2,282.47,28646.74,3046.74,1.006,0.313,0.162,-1.215,0.245,-0.826,152.378,Fuzzy
1915,95.7370,76.004,1196.154,-132.156,0.698,5.275,-1.341,5.487,1.512,282417.8,282.42,28642.11,3042.11,1.006,0.245,0.243,-1.488,0.268,-0.918,152.453,Fuzzy
1916,95.7870,76.039,1196.417,-132.223,0.688,5.277,-1.344,5.489,1.510,282364.5,282.36,28637.48,3037.49,1.006,0.162,0.330,-1.788,0.285,-1.001,152.529,Fuzzy
1917,95.8370,76.073,1196.681,-132.291,0.678,5.280,-1.347,5.491,1.508,282311.0,282.31,28632.86,3032.86,1.006,0.063,0.420,-2.111,0.293,-1.072,152.604,Fuzzy
1918,95.8869,76.107,1196.945,-132.358,0.678,5.283,-1.349,5.494,1.510,282257.7,282.26,28628.23,3028.23,1.006,0.052,0.514,-2.105,0.330,1.075,152.679,Fuzzy
1919,95.9369,76.141,1197.208,-132.426,0.688,5.285,-1.347,5.497,1.512,282204.3,282.20,28623.60,3023.60,1.006,0.149,0.425,-1.772,-0.340,1.005,152.755,Fuzzy
1920,95.9869,76.176,1197.473,-132.493,0.698,5.288,-1.343,5.500,1.514,282150.9,282.15,28618.97,3018.98,1.006,0.232,0.320,-1.465,-0.316,0.920,152.830,Fuzzy
1921,96.0369,76.211,1197.738,-132.560,0.708,5.290,-1.340,5.503,1.516,282097.6,282.10,28614.35,3014.35,1.006,0.299,0.225,-1.188,-0.286,0.825,152.906,Fuzzy
1922,96.0868,76.246,1198.003,-132.627,0.717,5.292,-1.337,5.506,1.517,282044.1,282.04,28609.73,3009.73,1.006,0.352,0.140,-0.941,-0.253,0.728,152.982,Fuzzy
1923,96.1368,76.282,1198.268,-132.694,0.726,5.295,-1.335,5.509,1.519,281990.8,281.99,28605.10,3005.10,1.006,0.393,0.066,-0.726,-0.220,0.631,153.058,Fuzzy
1924,96.1868,76.319,1198.532,-132.760,0.734,5.297,-1.332,5.512,1.521,281937.5,281.94,28600.48,3000.48,1.006,0.424,0.002,-0.542,-0.188,0.539,153.134,Fuzzy
1925,96.2368,76.356,1198.797,-132.827,0.742,5.300,-1.330,5.514,1.523,281884.2,281.88,28595.86,2995.86,1.006,0.446,-0.063,-0.385,-0.230,0.453,153.210,Fuzzy
1926,96.2867,76.393,1199.062,-132.893,0.749,5.302,-1.327,5.517,1.524,281830.8,281.83,28591.24,2991.24,1.006,0.461,-0.145,-0.255,-0.290,0.376,153.286,Fuzzy
1927,96.3367,76.431,1199.327,-132.960,0.756,5.305,-1.324,5.519,1.524,281777.5,281.78,28586.62,2986.62,1.006,0.469,-0.248,-0.148,-0.360,0.308,153.362,Fuzzy
1928,96.3867,76.469,1199.592,-133.026,0.763,5.307,-1.320,5.522,1.524,281724.2,281.72,28582.00,2982.00,1.005,0.473,-0.375,-0.061,-0.441,0.250,153.438,Fuzzy
1929,96.4366,76.507,1199.857,-133.091,0.769,5.310,-1.315,5.524,1.523,281670.9,281.67,28577.38,2977.38,1.005,0.473,-0.528,0.010,-0.533,0.205,153.514,Fuzzy
1930,96.4866,76.546,1200.123,-133.157,0.775,5.312,-1.314,5.527,1.525,281617.6,281.62,28572.76,2972.76,1.005,0.471,-0.560,0.082,0.571,0.253,153.591,Fuzzy
1931,96.5366,76.585,1200.389,-133.223,0.781,5.314,-1.319,5.531,1.533,281564.3,281.56,28568.15,2968.15,1.005,0.466,-0.396,0.171,0.469,0.310,153.667,Fuzzy
1932,96.5866,76.624,1200.655,-133.289,0.788,5.317,-1.323,5.535,1.539,281511.0,281.51,28563.53,2963.53,1.005,0.456,-0.263,0.279,0.380,0.376,153.744,Fuzzy
1933,96.6365,76.663,1200.921,-133.355,0.795,5.319,-1.326,5.539,1.546,281457.7,281.46,28558.92,2958.92,1.005,0.440,-0.156,0.410,0.303,0.450,153.821,Fuzzy
1934,96.6865,76.703,1201.187,-133.422,0.803,5.322,-1.329,5.543,1.553,281404.4,281.40,28554.30,2954.30,1.005,0.416,-0.072,0.564,0.236,0.531,153.898,Fuzzy
1935,96.7365,76.744,1201.453,-133.488,0.812,5.324,-1.331,5.547,1.559,281351.1,281.35,28549.69,2949.69,1.005,0.385,-0.008,0.745,0.179,0.619,153.976,Fuzzy
1936,96.7865,76.784,1201.719,-133.555,0.821,5.326,-1.333,5.551,1.565,281297.9,281.30,28545.08,2945.08,1.005,0.342,0.047,0.953,0.181,0.710,154.054,Fuzzy
1937,96.8364,76.826,1201.986,-133.621,0.830,5.328,-1.335,5.555,1.572,281244.6,281.24,28540.46,2940.47,1.005,0.289,0.107,1.191,0.199,0.803,154.133,Fuzzy
1938,96.8864,76.867,1202.252,-133.688,0.839,5.331,-1.337,5.560,1.579,281191.4,281.19,28535.86,2935.86,1.005,0.222,0.172,1.456,0.214,0.893,154.211,Fuzzy
1939,96.9364,76.910,1202.518,-133.755,0.849,5.333,-1.340,5.564,1.586,281138.2,281.14,28531.25,2931.25,1.005,0.143,0.240,1.747,0.222,0.975,154.290,Fuzzy
1940,96.9863,76.952,1202.784,-133.822,0.858,5.335,-1.342,5.568,1.593,281084.9,281.08,28526.64,2926.64,1.005,0.052,0.309,2.062,0.221,1.046,154.370,Fuzzy
1941,97.0363,76.995,1203.052,-133.889,0.856,5.337,-1.344,5.570,1.594,281031.8,281.03,28522.03,2922.03,1.005,0.071,0.383,1.989,0.266,-1.045,154.449,Fuzzy
1942,97.0863,77.038,1203.319,-133.957,0.847,5.340,-1.347,5.572,1.591,280978.5,280.98,28517.42,2917.42,1.005,0.158,0.483,1.668,0.365,-0.966,154.529,Fuzzy
1943,97.1363,77.080,1203.586,-134.024,0.837,5.342,-1.344,5.571,1.583,280925.3,280.93,28512.82,2912.82,1.005,0.235,0.367,1.374,-0.346,-0.880,154.608,Fuzzy
1944,97.1862,77.122,1203.854,-134.091,0.828,5.344,-1.341,5.571,1.576,280872.1,280.87,28508.21,2908.21,1.005,0.297,0.264,1.109,-0.310,-0.786,154.687,Fuzzy
1945,97.2362,77.163,1204.121,-134.158,0.819,5.346,-1.338,5.571,1.569,280818.9,280.82,28503.61,2903.61,1.005,0.347,0.172,0.875,-0.272,-0.691,154.766,Fuzzy
1946,97.2862,77.204,1204.388,-134.225,0.810,5.348,-1.335,5.572,1.562,280765.7,280.77,28499.01,2899.01,1.005,0.386,0.092,0.671,-0.235,-0.597,154.844,Fuzzy
1947,97.3361,77.244,1204.656,-134.291,0.802,5.350,-1.333,5.572,1.556,280712.6,280.71,28494.40,2894.40,1.005,0.414,0.024,0.497,-0.200,-0.508,154.922,Fuzzy
1948,97.3861,77.284,1204.923,-134.358,0.794,5.353,-1.331,5.572,1.550,280659.4,280.66,28489.80,2889.80,1.005,0.435,-0.037,0.350,-0.208,-0.426,155.000,Fuzzy
1949,97.4361,77.323,1205.190,-134.425,0.787,5.355,-1.329,5.573,1.544,280606.2,280.61,28485.20,2885.20,1.005,0.448,-0.112,0.228,-0.264,-0.353,155.077,Fuzzy
1950,97.4861,77.362,1205.458,-134.491,0.781,5.357,-1.326,5.573,1.538,280553.1,280.55,28480.60,2880.60,1.005,0.456,-0.205,0.127,-0.328,-0.289,155.154,Fuzzy
1951,97.5360,77.401,1205.725,-134.557,0.774,5.359,-1.322,5.574,1.532,280500.0,280.50,28476.00,2876.00,1.005,0.459,-0.321,0.046,-0.402,-0.234,155.231,Fuzzy
1952,97.5860,77.440,1205.994,-134.623,0.769,5.361,-1.318,5.574,1.526,280446.8,280.45,28471.40,2871.40,1.005,0.458,-0.461,-0.021,-0.487,-0.207,155.307,Fuzzy
1953,97.6360,77.478,1206.262,-134.689,0.763,5.363,-1.319,5.575,1.524,280393.7,280.39,28466.81,2866.81,1.005,0.455,-0.427,-0.094,0.484,-0.255,155.383,Fuzzy
1954,97.6860,77.516,1206.531,-134.755,0.756,5.365,-1.323,5.577,1.524,280340.6,280.34,28462.21,2862.21,1.005,0.449,-0.290,-0.183,0.394,-0.311,155.460,Fuzzy
1955,97.7359,77.554,1206.799,-134.821,0.750,5.367,-1.326,5.579,1.523,280287.4,280.29,28457.62,2857.62,1.005,0.438,-0.178,-0.292,0.317,-0.376,155.536,Fuzzy
1956,97.7859,77.591,1207.068,-134.888,0.742,5.369,-1.329,5.581,1.522,280234.3,280.23,28453.02,2853.02,1.005,0.421,-0.090,-0.422,0.250,-0.449,155.612,Fuzzy
1957,97.8359,77.628,1207.336,-134.954,0.735,5.371,-1.331,5.582,1.521,280181.3,280.18,28448.43,2848.43,1.005,0.396,-0.021,-0.576,0.192,-0.529,155.688,Fuzzy
1958,97.8858,77.665,1207.605,-135.021,0.726,5.373,-1.333,5.584,1.518,280128.2,280.13,28443.83,2843.83,1.005,0.363,0.034,-0.756,0.180,-0.615,155.764,Fuzzy
1959,97.9358,77.701,1207.873,-135.088,0.718,5.375,-1.336,5.585,1.516,280075.0,280.08,28439.24,2839.24,1.005,0.319,0.095,-0.963,0.203,-0.705,155.840,Fuzzy
1960,97.9858,77.736,1208.142,-135.154,0.709,5.377,-1.338,5.586,1.514,280022.0,280.02,28434.65,2834.65,1.005,0.264,0.163,-1.197,0.225,-0.794,155.915,Fuzzy
1961,98.0358,77.772,1208.411,-135.221,0.700,5.379,-1.340,5.588,1.512,279968.9,279.97,28430.06,2830.06,1.005,0.196,0.236,-1.459,0.243,-0.881,155.991,Fuzzy
1962,98.0857,77.806,1208.679,-135.288,0.690,5.381,-1.343,5.589,1.510,279915.9,279.92,28425.47,2825.47,1.005,0.114,0.314,-1.746,0.254,-0.960,156.067,Fuzzy
1963,98.1357,77.841,1208.948,-135.356,0.681,5.383,-1.345,5.590,1.507,279862.8,279.86,28420.88,2820.88,1.005,0.020,0.377,-2.055,-0.256,-1.025,156.142,Fuzzy
1964,98.1857,77.875,1209.217,-135.423,0.688,5.385,-1.343,5.593,1.509,279809.8,279.81,28416.29,2816.30,1.004,0.082,0.342,-1.798,-0.256,0.976,156.217,Fuzzy
1965,98.2357,77.909,1209.487,-135.490,0.697,5.387,-1.341,5.595,1.511,279756.8,279.76,28411.71,2811.71,1.004,0.164,0.262,-1.499,-0.247,0.898,156.293,Fuzzy
1966,98.2856,77.944,1209.757,-135.557,0.706,5.389,-1.338,5.597,1.513,279703.7,279.70,28407.12,2807.12,1.004,0.232,0.186,-1.227,-0.230,0.811,156.368,Fuzzy
1967,98.3356,77.980,1210.027,-135.624,0.715,5.391,-1.336,5.600,1.515,279650.7,279.65,28402.54,2802.54,1.004,0.287,0.117,-0.984,-0.209,0.719,156.444,Fuzzy
1968,98.3856,78.016,1210.296,-135.690,0.723,5.393,-1.334,5.602,1.517,279597.7,279.60,28397.95,2797.95,1.004,0.331,0.055,-0.771,-0.186,0.627,156.520,Fuzzy
1969,98.4355,78.052,1210.566,-135.757,0.731,5.394,-1.331,5.604,1.519,279544.7,279.54,28393.37,2793.37,1.004,0.364,0.000,-0.587,-0.162,0.539,156.596,Fuzzy
1970,98.4855,78.089,1210.836,-135.824,0.738,5.396,-1.329,5.606,1.521,279491.7,279.49,28388.79,2788.79,1.004,0.388,-0.057,-0.430,-0.203,0.456,156.671,Fuzzy
1971,98.5355,78.126,1211.106,-135.890,0.745,5.398,-1.327,5.608,1.522,279438.7,279.44,28384.21,2784.21,1.004,0.405,-0.130,-0.299,-0.259,0.381,156.748,Fuzzy
1972,98.5855,78.164,1211.375,-135.956,0.752,5.400,-1.324,5.610,1.522,279385.7,279.39,28379.63,2779.63,1.004,0.416,-0.222,-0.190,-0.322,0.314,156.824,Fuzzy
1973,98.6354,78.201,1211.645,-136.022,0.758,5.402,-1.320,5.612,1.522,279332.8,279.33,28375.04,2775.05,1.004,0.422,-0.335,-0.100,-0.396,0.257,156.900,Fuzzy
1974,98.6854,78.239,1211.915,-136.088,0.763,5.404,-1.316,5.614,1.521,279279.8,279.28,28370.47,2770.47,1.004,0.424,-0.473,-0.028,-0.480,0.207,156.976,Fuzzy
1975,98.7354,78.278,1212.185,-136.154,0.768,5.405,-1.315,5.616,1.523,279226.8,279.23,28365.89,2765.89,1.004,0.423,-0.501,0.033,0.516,0.202,157.052,Fuzzy
1976,98.7854,78.316,1212.455,-136.220,0.774,5.407,-1.319,5.619,1.530,279173.9,279.17,28361.31,2761.31,1.004,0.422,-0.354,0.104,0.424,0.248,157.128,Fuzzy
1977,98.8353,78.355,1212.725,-136.286,0.780,5.409,-1.323,5.623,1.536,279121.0,279.12,28356.73,2756.74,1.004,0.415,-0.234,0.191,0.344,0.303,157.205,Fuzzy
1978,98.8853,78.394,1212.996,-136.352,0.786,5.411,-1.326,5.626,1.541,279068.0,279.07,28352.16,2752.16,1.004,0.404,-0.137,0.297,0.275,0.366,157.282,Fuzzy
1979,98.9353,78.434,1213.267,-136.419,0.793,5.412,-1.328,5.629,1.547,279015.1,279.02,28347.58,2747.58,1.004,0.387,-0.061,0.423,0.216,0.436,157.359,Fuzzy
1980,98.9852,78.473,1213.538,-136.485,0.800,5.414,-1.330,5.632,1.553,278962.2,278.96,28343.01,2743.01,1.004,0.363,-0.001,0.572,0.165,0.513,157.436,Fuzzy
1981,99.0352,78.514,1213.809,-136.552,0.808,5.416,-1.332,5.635,1.558,278909.3,278.91,28338.44,2738.44,1.004,0.330,0.051,0.746,0.179,0.595,157.514,Fuzzy
1982,99.0852,78.554,1214.080,-136.618,0.816,5.417,-1.334,5.639,1.564,278856.3,278.86,28333.87,2733.87,1.004,0.287,0.111,0.946,0.201,0.681,157.592,Fuzzy
1983,99.1352,78.595,1214.351,-136.685,0.825,5.419,-1.337,5.642,1.571,278803.5,278.80,28329.29,2729.30,1.004,0.233,0.178,1.172,0.222,0.768,157.671,Fuzzy
1984,99.1851,78.637,1214.622,-136.752,0.834,5.421,-1.339,5.645,1.577,278750.6,278.75,28324.72,2724.73,1.004,0.167,0.250,1.425,0.238,0.851,157.749,Fuzzy
1985,99.2351,78.679,1214.893,-136.819,0.842,5.422,-1.341,5.649,1.584,278697.7,278.70,28320.15,2720.16,1.004,0.086,0.326,1.702,0.248,0.926,157.828,Fuzzy
1986,99.2851,78.721,1215.164,-136.886,0.851,5.424,-1.343,5.652,1.590,278644.8,278.64,28315.59,2715.59,1.004,0.000,0.404,2.000,0.248,0.988,157.908,Fuzzy
1987,99.3350,78.763,1215.435,-136.953,0.844,5.425,-1.343,5.653,1.586,278592.0,278.59,28311.02,2711.02,1.004,0.105,0.398,1.743,-0.301,-0.967,157.987,Fuzzy
1988,99.3850,78.805,1215.706,-137.020,0.834,5.427,-1.341,5.652,1.579,278539.2,278.54,28306.45,2706.45,1.004,0.186,0.305,1.448,-0.284,-0.887,158.066,Fuzzy
1989,99.4350,78.847,1215.977,-137.087,0.825,5.429,-1.338,5.652,1.572,278486.4,278.49,28301.89,2701.89,1.004,0.252,0.218,1.180,-0.260,-0.798,158.145,Fuzzy
1990,99.4850,78.888,1216.248,-137.154,0.816,5.430,-1.336,5.651,1.565,278433.5,278.43,28297.32,2697.32,1.004,0.305,0.141,0.942,-0.233,-0.706,158.223,Fuzzy
1991,99.5349,78.929,1216.519,-137.221,0.808,5.432,-1.333,5.651,1.559,278380.7,278.38,28292.76,2692.76,1.004,0.346,0.072,0.733,-0.204,-0.613,158.301,Fuzzy
1992,99.5849,78.969,1216.791,-137.287,0.800,5.433,-1.331,5.651,1.553,278327.9,278.33,28288.19,2688.19,1.004,0.378,0.012,0.554,-0.176,-0.525,158.379,Fuzzy
1993,99.6349,79.009,1217.063,-137.354,0.793,5.435,-1.329,5.651,1.548,278275.1,278.28,28283.63,2683.63,1.004,0.401,-0.045,0.401,-0.200,-0.444,158.457,Fuzzy
1994,99.6849,79.048,1217.335,-137.420,0.786,5.436,-1.327,5.651,1.542,278222.3,278.22,28279.07,2679.07,1.004,0.416,-0.116,0.273,-0.254,-0.370,158.534,Fuzzy
1995,99.7348,79.087,1217.608,-137.487,0.779,5.438,-1.324,5.651,1.536,278169.5,278.17,28274.51,2674.51,1.004,0.426,-0.207,0.168,-0.317,-0.304,158.611,Fuzzy
1996,99.7848,79.126,1217.880,-137.553,0.773,5.439,-1.321,5.650,1.530,278116.7,278.12,28269.95,2669.95,1.004,0.431,-0.318,0.082,-0.389,-0.248,158.687,Fuzzy
1997,99.8348,79.164,1218.152,-137.619,0.767,5.441,-1.317,5.650,1.524,278063.9,278.06,28265.39,2665.39,1.004,0.432,-0.453,0.012,-0.472,-0.199,158.764,Fuzzy
1998,99.8847,79.203,1218.424,-137.685,0.762,5.442,-1.318,5.651,1.523,278011.1,278.01,28260.83,2660.83,1.004,0.431,-0.393,-0.050,0.452,-0.216,158.840,Fuzzy
1999,99.9347,79.241,1218.696,-137.751,0.756,5.444,-1.322,5.653,1.523,277958.4,277.96,28256.27,2656.27,1.003,0.427,-0.264,-0.127,0.369,-0.266,158.916,Fuzzy
2000,99.9847,79.278,1218.969,-137.817,0.750,5.445,-1.325,5.654,1.523,277905.7,277.91,28251.72,2651.72,1.003,0.419,-0.160,-0.220,0.297,-0.323,158.992,Fuzzy
2001,100.0347,79.316,1219.241,-137.883,0.744,5.447,-1.328,5.655,1.522,277852.9,277.85,28247.16,2647.16,1.003,0.406,-0.077,-0.332,0.235,-0.388,159.068,Fuzzy
2002,100.0846,79.353,1219.513,-137.950,0.737,5.448,-1.330,5.656,1.520,277800.2,277.80,28242.61,2642.61,1.003,0.386,-0.013,-0.465,0.182,-0.460,159.144,Fuzzy
2003,100.1346,79.389,1219.785,-138.016,0.729,5.449,-1.332,5.657,1.518,277747.5,277.75,28238.05,2638.05,1.003,0.359,0.042,-0.622,0.184,-0.540,159.220,Fuzzy
2004,100.1846,79.426,1220.057,-138.083,0.721,5.451,-1.334,5.658,1.517,277694.8,277.69,28233.50,2633.50,1.003,0.323,0.105,-0.804,0.211,-0.624,159.296,Fuzzy
2005,100.2346,79.461,1220.330,-138.150,0.713,5.452,-1.336,5.658,1.515,277642.1,277.64,28228.95,2628.95,1.003,0.276,0.175,-1.013,0.238,-0.710,159.372,Fuzzy
2006,100.2845,79.497,1220.602,-138.216,0.704,5.453,-1.339,5.659,1.513,277589.4,277.59,28224.40,2624.40,1.003,0.219,0.254,-1.248,0.263,-0.796,159.448,Fuzzy
2007,100.3345,79.532,1220.874,-138.283,0.695,5.455,-1.342,5.660,1.511,277536.8,277.54,28219.85,2619.85,1.003,0.148,0.340,-1.509,0.284,-0.878,159.523,Fuzzy
2008,100.3845,79.566,1221.146,-138.351,0.686,5.456,-1.342,5.660,1.507,277484.1,277.48,28215.30,2615.30,1.003,0.066,0.341,-1.794,-0.257,-0.951,159.598,Fuzzy
2009,100.4344,79.600,1221.419,-138.418,0.683,5.457,-1.340,5.661,1.504,277431.4,277.43,28210.75,2610.75,1.003,0.040,0.273,-1.909,-0.195,0.998,159.674,Fuzzy
2010,100.4844,79.635,1221.693,-138.485,0.692,5.458,-1.338,5.662,1.506,277378.8,277.38,28206.20,2606.20,1.003,0.124,0.211,-1.603,-0.195,0.921,159.749,Fuzzy
2011,100.5344,79.670,1221.966,-138.551,0.700,5.460,-1.335,5.664,1.508,277326.1,277.33,28201.65,2601.66,1.003,0.196,0.150,-1.324,-0.190,0.837,159.824,Fuzzy
2012,100.5844,79.705,1222.240,-138.618,0.709,5.461,-1.333,5.666,1.510,277273.5,277.27,28197.11,2597.11,1.003,0.256,0.092,-1.072,-0.178,0.748,159.899,Fuzzy
2013,100.6343,79.741,1222.513,-138.685,0.717,5.462,-1.331,5.668,1.512,277220.8,277.22,28192.56,2592.56,1.003,0.303,0.038,-0.850,-0.162,0.656,159.975,Fuzzy
2014,100.6843,79.777,1222.786,-138.751,0.725,5.463,-1.329,5.669,1.514,277168.2,277.17,28188.02,2588.02,1.003,0.339,-0.010,-0.657,-0.152,0.567,160.051,Fuzzy
2015,100.7343,79.813,1223.060,-138.818,0.733,5.465,-1.327,5.671,1.516,277115.5,277.12,28183.48,2583.48,1.003,0.366,-0.066,-0.491,-0.201,0.484,160.126,Fuzzy
2016,100.7842,79.850,1223.333,-138.884,0.740,5.466,-1.325,5.672,1.517,277062.9,277.06,28178.93,2578.93,1.003,0.386,-0.138,-0.352,-0.256,0.406,160.202,Fuzzy
2017,100.8342,79.887,1223.607,-138.950,0.746,5.467,-1.322,5.674,1.518,277010.3,277.01,28174.39,2574.39,1.003,0.400,-0.229,-0.235,-0.321,0.338,160.278,Fuzzy
2018,100.8842,79.924,1223.880,-139.016,0.752,5.468,-1.318,5.675,1.518,276957.8,276.96,28169.85,2569.85,1.003,0.407,-0.342,-0.139,-0.394,0.277,160.354,Fuzzy
2019,100.9342,79.962,1224.154,-139.082,0.758,5.469,-1.314,5.676,1.517,276905.2,276.91,28165.31,2565.31,1.003,0.411,-0.479,-0.061,-0.478,0.225,160.430,Fuzzy
2020,100.9841,80.000,1224.427,-139.148,0.763,5.471,-1.315,5.678,1.520,276852.6,276.85,28160.77,2560.77,1.003,0.413,-0.446,0.002,0.478,0.181,160.506,Fuzzy
2021,101.0341,80.038,1224.700,-139.213,0.768,5.472,-1.319,5.681,1.526,276800.1,276.80,28156.23,2556.23,1.003,0.413,-0.310,0.065,0.392,0.219,160.582,Fuzzy
2022,101.0841,80.077,1224.974,-139.279,0.774,5.473,-1.322,5.683,1.532,276747.5,276.75,28151.70,2551.70,1.003,0.409,-0.199,0.142,0.318,0.269,160.658,Fuzzy
2023,101.1341,80.116,1225.247,-139.346,0.780,5.474,-1.325,5.686,1.537,276695.0,276.70,28147.16,2547.16,1.003,0.400,-0.110,0.236,0.255,0.325,160.735,Fuzzy
2024,101.1840,80.155,1225.521,-139.412,0.786,5.475,-1.327,5.688,1.543,276642.5,276.64,28142.62,2542.62,1.003,0.386,-0.039,0.348,0.200,0.390,160.812,Fuzzy
2025,101.2340,80.195,1225.794,-139.478,0.793,5.476,-1.329,5.691,1.548,276589.9,276.59,28138.09,2538.09,1.003,0.365,0.016,0.482,0.169,0.462,160.889,Fuzzy
2026,101.2840,80.234,1226.068,-139.545,0.800,5.477,-1.331,5.693,1.553,276537.5,276.54,28133.55,2533.55,1.003,0.337,0.074,0.639,0.196,0.540,160.967,Fuzzy
2027,101.3339,80.275,1226.341,-139.612,0.808,5.478,-1.334,5.696,1.559,276484.9,276.48,28129.02,2529.02,1.003,0.300,0.141,0.821,0.225,0.622,161.045,Fuzzy
2028,101.3839,80.315,1226.615,-139.678,0.816,5.479,-1.336,5.699,1.566,276432.5,276.43,28124.49,2524.49,1.003,0.253,0.216,1.029,0.253,0.707,161.123,Fuzzy
2029,101.4339,80.356,1226.888,-139.745,0.825,5.480,-1.338,5.701,1.572,276380.0,276.38,28119.96,2519.96,1.003,0.193,0.299,1.262,0.280,0.790,161.201,Fuzzy
2030,101.4839,80.398,1227.162,-139.812,0.833,5.481,-1.341,5.704,1.579,276327.5,276.33,28115.43,2515.43,1.003,0.120,0.390,1.521,0.302,0.868,161.280,Fuzzy
2031,101.5338,80.439,1227.436,-139.879,0.842,5.482,-1.342,5.706,1.584,276275.1,276.28,28110.90,2510.90,1.003,0.034,0.428,1.801,-0.294,0.938,161.359,Fuzzy
2032,101.5838,80.482,1227.711,-139.946,0.841,5.483,-1.340,5.707,1.583,276222.6,276.22,28106.37,2506.37,1.003,0.063,0.375,1.793,-0.266,-0.963,161.438,Fuzzy
2033,101.6338,80.524,1227.986,-140.013,0.833,5.484,-1.338,5.706,1.576,276170.2,276.17,28101.84,2501.84,1.003,0.144,0.292,1.498,-0.257,-0.887,161.517,Fuzzy
2034,101.6838,80.565,1228.260,-140.080,0.824,5.485,-1.335,5.705,1.569,276117.7,276.12,28097.31,2497.31,1.002,0.213,0.213,1.230,-0.239,-0.802,161.596,Fuzzy
2035,101.7337,80.606,1228.535,-140.147,0.816,5.486,-1.333,5.704,1.563,276065.3,276.07,28092.79,2492.79,1.002,0.268,0.141,0.990,-0.217,-0.712,161.674,Fuzzy
2036,101.7837,80.646,1228.810,-140.213,0.807,5.487,-1.331,5.703,1.557,276012.8,276.01,28088.26,2488.26,1.002,0.312,0.077,0.779,-0.193,-0.622,161.752,Fuzzy
2037,101.8337,80.687,1229.084,-140.280,0.800,5.488,-1.329,5.703,1.551,275960.4,275.96,28083.74,2483.74,1.002,0.345,0.020,0.596,-0.168,-0.535,161.829,Fuzzy
2038,101.8836,80.726,1229.359,-140.346,0.792,5.489,-1.327,5.702,1.545,275908.0,275.91,28079.21,2479.21,1.002,0.370,-0.032,0.440,-0.179,-0.454,161.907,Fuzzy
2039,101.9336,80.766,1229.634,-140.413,0.786,5.490,-1.324,5.701,1.540,275855.6,275.86,28074.69,2474.69,1.002,0.388,-0.096,0.310,-0.229,-0.380,161.984,Fuzzy
2040,101.9836,80.805,1229.908,-140.479,0.779,5.490,-1.322,5.701,1.534,275803.2,275.80,28070.17,2470.17,1.002,0.399,-0.178,0.201,-0.287,-0.315,162.061,Fuzzy
2041,102.0336,80.844,1230.183,-140.545,0.773,5.491,-1.318,5.700,1.529,275750.8,275.75,28065.65,2465.65,1.002,0.404,-0.279,0.112,-0.354,-0.257,162.137,Fuzzy
2042,102.0835,80.882,1230.458,-140.611,0.768,5.492,-1.315,5.699,1.523,275698.4,275.70,28061.13,2461.13,1.002,0.406,-0.402,0.039,-0.430,-0.208,162.214,Fuzzy
2043,102.1335,80.921,1230.732,-140.676,0.763,5.493,-1.310,5.698,1.516,275646.1,275.65,28056.61,2456.61,1.002,0.405,-0.551,-0.020,-0.518,-0.186,162.290,Fuzzy
2044,102.1835,80.959,1231.007,-140.742,0.758,5.494,-1.313,5.699,1.516,275593.8,275.59,28052.09,2452.09,1.002,0.403,-0.454,-0.085,0.478,-0.229,162.365,Fuzzy
2045,102.2335,80.996,1231.282,-140.807,0.752,5.495,-1.317,5.700,1.517,275541.4,275.54,28047.57,2447.57,1.002,0.398,-0.318,-0.166,0.391,-0.280,162.441,Fuzzy
2046,102.2834,81.034,1231.556,-140.873,0.746,5.495,-1.320,5.701,1.517,275489.1,275.49,28043.05,2443.06,1.002,0.388,-0.208,-0.263,0.316,-0.338,162.517,Fuzzy
2047,102.3334,81.071,1231.831,-140.939,0.740,5.496,-1.323,5.701,1.516,275436.8,275.44,28038.54,2438.54,1.002,0.373,-0.120,-0.379,0.251,-0.404,162.593,Fuzzy
2048,102.3834,81.108,1232.106,-141.006,0.733,5.497,-1.326,5.702,1.515,275384.5,275.38,28034.02,2434.02,1.002,0.352,-0.050,-0.518,0.194,-0.477,162.669,Fuzzy
2049,102.4333,81.144,1232.380,-141.072,0.725,5.498,-1.328,5.702,1.513,275332.2,275.33,28029.51,2429.51,1.002,0.322,0.002,-0.679,0.146,-0.556,162.744,Fuzzy
2050,102.4833,81.180,1232.655,-141.138,0.718,5.498,-1.330,5.702,1.511,275279.9,275.28,28025.00,2425.00,1.002,0.284,0.050,-0.866,0.159,-0.639,162.820,Fuzzy
2051,102.5333,81.216,1232.930,-141.205,0.710,5.499,-1.332,5.702,1.509,275227.7,275.23,28020.48,2420.48,1.002,0.235,0.102,-1.079,0.173,-0.723,162.895,Fuzzy
2052,102.5833,81.251,1233.204,-141.272,0.701,5.500,-1.334,5.702,1.507,275175.4,275.18,28015.97,2415.97,1.002,0.175,0.158,-1.317,0.184,-0.806,162.971,Fuzzy
2053,102.6332,81.286,1233.479,-141.338,0.693,5.500,-1.336,5.702,1.505,275123.1,275.12,28011.46,2411.46,1.002,0.103,0.216,-1.580,0.188,-0.884,163.046,Fuzzy
2054,102.6832,81.321,1233.754,-141.405,0.684,5.501,-1.338,5.703,1.503,275070.9,275.07,28006.95,2406.95,1.002,0.028,0.275,-1.865,0.188,-0.957,163.121,Fuzzy
2055,102.7332,81.355,1234.028,-141.472,0.691,5.502,-1.340,5.704,1.507,275018.7,275.02,28002.44,2402.44,1.002,0.082,0.341,-1.625,0.247,0.907,163.196,Fuzzy
2056,102.7831,81.390,1234.303,-141.539,0.699,5.502,-1.340,5.706,1.512,274966.5,274.97,27997.93,2397.93,1.002,0.153,0.372,-1.350,-0.311,0.826,163.272,Fuzzy
2057,102.8331,81.425,1234.578,-141.606,0.708,5.503,-1.338,5.707,1.513,274914.3,274.91,27993.43,2393.43,1.002,0.215,0.278,-1.101,-0.282,0.741,163.347,Fuzzy
2058,102.8831,81.460,1234.852,-141.673,0.716,5.503,-1.335,5.708,1.515,274862.1,274.86,27988.92,2388.92,1.002,0.265,0.194,-0.880,-0.251,0.654,163.423,Fuzzy
2059,102.9331,81.496,1235.127,-141.740,0.723,5.504,-1.333,5.709,1.516,274809.8,274.81,27984.41,2384.42,1.002,0.304,0.120,-0.687,-0.219,0.569,163.499,Fuzzy
2060,102.9830,81.533,1235.401,-141.806,0.730,5.505,-1.330,5.710,1.518,274757.7,274.76,27979.91,2379.91,1.002,0.334,0.056,-0.521,-0.189,0.487,163.574,Fuzzy
2061,103.0330,81.569,1235.676,-141.873,0.737,5.505,-1.328,5.711,1.519,274705.5,274.71,27975.41,2375.41,1.002,0.356,0.002,-0.380,-0.160,0.411,163.650,Fuzzy
2062,103.0830,81.606,1235.952,-141.939,0.743,5.506,-1.327,5.712,1.521,274653.4,274.65,27970.90,2370.90,1.002,0.372,-0.053,-0.262,-0.194,0.343,163.726,Fuzzy
2063,103.1330,81.644,1236.227,-142.005,0.749,5.506,-1.324,5.713,1.521,274601.2,274.60,27966.40,2366.40,1.002,0.382,-0.122,-0.164,-0.244,0.283,163.802,Fuzzy
2064,103.1829,81.681,1236.503,-142.071,0.755,5.507,-1.321,5.713,1.522,274549.1,274.55,27961.90,2361.90,1.002,0.387,-0.208,-0.084,-0.302,0.231,163.878,Fuzzy
2065,103.2329,81.719,1236.779,-142.137,0.760,5.507,-1.318,5.714,1.521,274496.9,274.50,27957.40,2357.40,1.002,0.388,-0.314,-0.019,-0.369,0.187,163.955,Fuzzy
2066,103.2829,81.757,1237.055,-142.203,0.764,5.508,-1.314,5.714,1.521,274444.7,274.44,27952.90,2352.90,1.002,0.387,-0.441,0.037,-0.446,0.190,164.031,Fuzzy
2067,103.3328,81.796,1237.331,-142.269,0.769,5.508,-1.317,5.716,1.525,274392.6,274.39,27948.40,2348.40,1.002,0.384,-0.358,0.104,0.410,0.234,164.107,Fuzzy
2068,103.3828,81.834,1237.607,-142.335,0.775,5.509,-1.320,5.718,1.531,274340.5,274.34,27943.90,2343.90,1.002,0.377,-0.242,0.185,0.334,0.284,164.183,Fuzzy
2069,103.4328,81.873,1237.883,-142.401,0.781,5.509,-1.323,5.719,1.536,274288.4,274.29,27939.41,2339.41,1.001,0.367,-0.148,0.284,0.267,0.342,164.260,Fuzzy
2070,103.4828,81.912,1238.159,-142.467,0.787,5.510,-1.325,5.721,1.541,274236.2,274.24,27934.91,2334.91,1.001,0.351,-0.074,0.402,0.210,0.408,164.337,Fuzzy
2071,103.5327,81.952,1238.434,-142.534,0.794,5.510,-1.327,5.723,1.546,274184.2,274.18,27930.41,2330.41,1.001,0.327,-0.017,0.541,0.161,0.480,164.414,Fuzzy
2072,103.5827,81.992,1238.710,-142.600,0.801,5.511,-1.329,5.725,1.551,274132.1,274.13,27925.92,2325.92,1.001,0.296,0.029,0.703,0.150,0.557,164.491,Fuzzy
2073,103.6327,82.032,1238.986,-142.666,0.809,5.511,-1.330,5.727,1.557,274080.0,274.08,27921.43,2321.43,1.001,0.256,0.079,0.889,0.167,0.638,164.569,Fuzzy
2074,103.6827,82.073,1239.262,-142.733,0.816,5.511,-1.332,5.729,1.562,274027.9,274.03,27916.93,2316.93,1.001,0.206,0.134,1.101,0.182,0.720,164.647,Fuzzy
2075,103.7326,82.114,1239.538,-142.800,0.824,5.512,-1.334,5.730,1.568,273975.9,273.98,27912.44,2312.44,1.001,0.144,0.193,1.338,0.192,0.800,164.725,Fuzzy
2076,103.7826,82.155,1239.814,-142.866,0.833,5.512,-1.336,5.732,1.574,273923.8,273.92,27907.95,2307.95,1.001,0.069,0.253,1.598,0.195,0.873,164.804,Fuzzy
2077,103.8326,82.197,1240.090,-142.933,0.841,5.512,-1.337,5.734,1.580,273871.8,273.87,27903.46,2303.46,1.001,0.020,0.313,1.879,0.195,0.943,164.882,Fuzzy
2078,103.8825,82.239,1240.366,-143.000,0.832,5.513,-1.338,5.733,1.576,273819.8,273.82,27898.97,2298.97,1.001,0.107,0.338,1.580,-0.267,-0.902,164.961,Fuzzy
2079,103.9325,82.280,1240.641,-143.067,0.823,5.513,-1.336,5.732,1.569,273767.8,273.77,27894.48,2294.48,1.001,0.180,0.256,1.307,-0.251,-0.821,165.040,Fuzzy
2080,103.9825,82.321,1240.917,-143.134,0.815,5.513,-1.334,5.731,1.563,273715.8,273.72,27889.99,2289.99,1.001,0.239,0.180,1.060,-0.230,-0.734,165.118,Fuzzy
2081,104.0325,82.362,1241.193,-143.200,0.807,5.514,-1.332,5.729,1.557,273663.8,273.66,27885.51,2285.51,1.001,0.287,0.112,0.843,-0.206,-0.645,165.196,Fuzzy
2082,104.0824,82.402,1241.469,-143.267,0.799,5.514,-1.330,5.728,1.551,273611.8,273.61,27881.02,2281.02,1.001,0.324,0.051,0.653,-0.181,-0.558,165.274,Fuzzy
2083,104.1324,82.441,1241.745,-143.333,0.792,5.514,-1.328,5.727,1.546,273559.9,273.56,27876.54,2276.54,1.001,0.352,-0.001,0.490,-0.156,-0.476,165.351,Fuzzy
2084,104.1824,82.481,1242.021,-143.400,0.785,5.514,-1.326,5.726,1.541,273507.9,273.51,27872.05,2272.05,1.001,0.372,-0.056,0.353,-0.196,-0.401,165.428,Fuzzy
2085,104.2324,82.520,1242.297,-143.466,0.779,5.515,-1.324,5.724,1.536,273456.0,273.46,27867.57,2267.57,1.001,0.386,-0.127,0.238,-0.249,-0.334,165.505,Fuzzy
2086,104.2823,82.559,1242.573,-143.532,0.773,5.515,-1.321,5.723,1.531,273404.0,273.40,27863.09,2263.09,1.001,0.394,-0.214,0.143,-0.309,-0.274,165.582,Fuzzy
2087,104.3323,82.597,1242.849,-143.598,0.767,5.515,-1.318,5.722,1.525,273352.1,273.35,27858.60,2258.60,1.001,0.398,-0.322,0.066,-0.379,-0.223,165.658,Fuzzy
2088,104.3823,82.635,1243.124,-143.664,0.762,5.515,-1.317,5.721,1.521,273300.2,273.30,27854.12,2254.12,1.001,0.400,-0.371,0.003,0.425,-0.180,165.735,Fuzzy
2089,104.4322,82.673,1243.400,-143.730,0.757,5.515,-1.320,5.721,1.522,273248.3,273.25,27849.64,2249.64,1.001,0.399,-0.250,-0.056,0.347,-0.208,165.811,Fuzzy
2090,104.4822,82.711,1243.676,-143.796,0.752,5.515,-1.323,5.722,1.522,273196.4,273.20,27845.16,2245.16,1.001,0.394,-0.152,-0.129,0.281,-0.254,165.887,Fuzzy
2091,104.5322,82.749,1243.952,-143.862,0.746,5.516,-1.325,5.721,1.521,273144.5,273.14,27840.68,2240.69,1.001,0.386,-0.074,-0.218,0.224,-0.309,165.963,Fuzzy
2092,104.5822,82.786,1244.228,-143.928,0.740,5.516,-1.327,5.721,1.520,273092.6,273.09,27836.21,2236.21,1.001,0.372,-0.012,-0.324,0.175,-0.370,166.039,Fuzzy
2093,104.6321,82.823,1244.504,-143.995,0.733,5.516,-1.329,5.721,1.518,273040.8,273.04,27831.73,2231.73,1.001,0.353,0.042,-0.451,0.181,-0.438,166.115,Fuzzy
2094,104.6821,82.859,1244.780,-144.061,0.726,5.516,-1.331,5.721,1.516,272989.0,272.99,27827.25,2227.26,1.001,0.326,0.104,-0.600,0.211,-0.513,166.191,Fuzzy
2095,104.7321,82.895,1245.056,-144.128,0.719,5.516,-1.333,5.720,1.515,272937.1,272.94,27822.78,2222.78,1.001,0.291,0.175,-0.772,0.243,-0.592,166.266,Fuzzy
2096,104.7821,82.931,1245.331,-144.195,0.711,5.516,-1.336,5.720,1.513,272885.2,272.89,27818.30,2218.31,1.001,0.246,0.256,-0.970,0.276,-0.674,166.342,Fuzzy
2097,104.8320,82.966,1245.607,-144.262,0.703,5.516,-1.338,5.720,1.512,272833.5,272.83,27813.83,2213.83,1.001,0.192,0.348,-1.193,0.308,-0.757,166.418,Fuzzy
2098,104.8820,83.001,1245.883,-144.328,0.695,5.516,-1.336,5.718,1.506,272781.7,272.78,27809.36,2209.36,1.001,0.127,0.261,-1.440,-0.235,-0.836,166.493,Fuzzy
2099,104.9320,83.036,1246.159,-144.395,0.686,5.516,-1.334,5.717,1.500,272729.8,272.73,27804.89,2204.89,1.001,0.052,0.200,-1.711,-0.161,-0.910,166.568,Fuzzy
2100,104.9819,83.070,1246.435,-144.462,0.685,5.516,-1.333,5.716,1.498,272678.0,272.68,27800.42,2200.42,1.001,0.059,0.156,-1.762,-0.130,0.950,166.643,Fuzzy
2101,105.0319,83.104,1246.711,-144.528,0.693,5.516,-1.331,5.717,1.501,272626.3,272.63,27795.95,2195.95,1.001,0.133,0.114,-1.473,-0.137,0.870,166.718,Fuzzy
2102,105.0819,83.139,1246.987,-144.595,0.701,5.516,-1.330,5.717,1.503,272574.5,272.57,27791.48,2191.48,1.001,0.197,0.071,-1.211,-0.137,0.785,166.793,Fuzzy
2103,105.1319,83.174,1247.263,-144.661,0.710,5.516,-1.328,5.718,1.505,272522.8,272.52,27787.01,2187.01,1.000,0.250,0.028,-0.977,-0.133,0.697,166.868,Fuzzy
2104,105.1818,83.210,1247.538,-144.728,0.717,5.516,-1.326,5.718,1.508,272471.0,272.47,27782.54,2182.54,1.000,0.293,-0.012,-0.771,-0.134,0.609,166.943,Fuzzy
2105,105.2318,83.246,1247.814,-144.794,0.725,5.516,-1.324,5.719,1.510,272419.3,272.42,27778.08,2178.08,1.000,0.325,-0.062,-0.592,-0.181,0.524,167.019,Fuzzy
2106,105.2818,83.283,1248.090,-144.860,0.732,5.516,-1.322,5.719,1.511,272367.6,272.37,27773.61,2173.61,1.000,0.349,-0.128,-0.440,-0.235,0.445,167.094,Fuzzy
2107,105.3317,83.319,1248.366,-144.926,0.738,5.516,-1.319,5.719,1.512,272315.8,272.32,27769.15,2169.15,1.000,0.367,-0.212,-0.312,-0.296,0.373,167.170,Fuzzy
2108,105.3817,83.356,1248.642,-144.992,0.744,5.516,-1.316,5.719,1.512,272264.2,272.26,27764.68,2164.68,1.000,0.378,-0.316,-0.205,-0.366,0.309,167.245,Fuzzy
2109,105.4317,83.394,1248.918,-145.058,0.750,5.516,-1.312,5.719,1.511,272212.5,272.21,27760.22,2160.22,1.000,0.386,-0.443,-0.118,-0.446,0.254,167.321,Fuzzy
2110,105.4817,83.431,1249.194,-145.123,0.755,5.515,-1.313,5.720,1.515,272160.8,272.16,27755.76,2155.76,1.000,0.390,-0.412,-0.046,0.446,0.206,167.397,Fuzzy
2111,105.5316,83.469,1249.470,-145.189,0.760,5.515,-1.317,5.721,1.520,272109.1,272.11,27751.29,2151.30,1.000,0.392,-0.285,0.012,0.367,0.175,167.472,Fuzzy
2112,105.5816,83.507,1249.745,-145.255,0.765,5.515,-1.320,5.722,1.525,272057.4,272.06,27746.84,2146.84,1.000,0.391,-0.181,0.073,0.299,0.216,167.549,Fuzzy
2113,105.6316,83.546,1250.021,-145.321,0.770,5.515,-1.322,5.723,1.530,272005.8,272.01,27742.38,2142.38,1.000,0.386,-0.097,0.149,0.240,0.264,167.625,Fuzzy
2114,105.6816,83.584,1250.297,-145.387,0.776,5.515,-1.325,5.725,1.535,271954.1,271.95,27737.92,2137.92,1.000,0.376,-0.031,0.241,0.190,0.319,167.702,Fuzzy
2115,105.7315,83.623,1250.573,-145.454,0.782,5.515,-1.326,5.726,1.540,271902.5,271.90,27733.46,2133.46,1.000,0.362,0.023,0.350,0.172,0.382,167.778,Fuzzy
2116,105.7815,83.663,1250.849,-145.520,0.789,5.514,-1.328,5.727,1.545,271850.9,271.85,27729.00,2129.00,1.000,0.340,0.082,0.481,0.203,0.451,167.856,Fuzzy
2117,105.8315,83.702,1251.125,-145.586,0.796,5.514,-1.331,5.728,1.550,271799.3,271.80,27724.54,2124.55,1.000,0.312,0.151,0.633,0.237,0.526,167.933,Fuzzy
2118,105.8814,83.742,1251.401,-145.653,0.803,5.514,-1.333,5.729,1.556,271747.7,271.75,27720.09,2120.09,1.000,0.274,0.231,0.810,0.272,0.605,168.011,Fuzzy
2119,105.9314,83.783,1251.677,-145.720,0.811,5.514,-1.336,5.731,1.563,271696.1,271.70,27715.63,2115.64,1.000,0.227,0.322,1.011,0.308,0.686,168.089,Fuzzy
2120,105.9814,83.823,1251.953,-145.787,0.819,5.513,-1.339,5.732,1.569,271644.5,271.64,27711.18,2111.18,1.000,0.169,0.423,1.237,0.343,0.767,168.167,Fuzzy
2121,106.0314,83.864,1252.228,-145.853,0.827,5.513,-1.337,5.733,1.572,271593.0,271.59,27706.73,2106.73,1.000,0.101,0.364,1.487,-0.287,0.843,168.245,Fuzzy
2122,106.0813,83.906,1252.504,-145.920,0.835,5.513,-1.334,5.733,1.574,271541.4,271.54,27702.28,2102.28,1.000,0.034,0.287,1.759,-0.206,0.918,168.324,Fuzzy
2123,106.1313,83.948,1252.780,-145.987,0.832,5.512,-1.333,5.732,1.571,271489.9,271.49,27697.83,2097.83,1.000,0.082,0.227,1.637,-0.186,-0.911,168.403,Fuzzy
2124,106.1813,83.989,1253.056,-146.053,0.823,5.512,-1.331,5.730,1.565,271438.4,271.44,27693.38,2093.38,1.000,0.152,0.169,1.361,-0.182,-0.831,168.481,Fuzzy
2125,106.2313,84.030,1253.332,-146.120,0.815,5.512,-1.329,5.728,1.559,271386.8,271.39,27688.93,2088.93,1.000,0.212,0.113,1.111,-0.173,-0.745,168.559,Fuzzy
2126,106.2812,84.071,1253.608,-146.186,0.807,5.511,-1.327,5.726,1.553,271335.3,271.34,27684.48,2084.48,1.000,0.261,0.061,0.890,-0.160,-0.657,168.637,Fuzzy
2127,106.3312,84.111,1253.884,-146.253,0.799,5.511,-1.325,5.724,1.547,271283.8,271.28,27680.03,2080.03,1.000,0.299,0.013,0.696,-0.144,-0.571,168.714,Fuzzy
2128,106.3812,84.151,1254.160,-146.319,0.792,5.511,-1.323,5.722,1.542,271232.3,271.23,27675.58,2075.58,1.000,0.329,-0.033,0.529,-0.163,-0.489,168.791,Fuzzy
2129,106.4311,84.190,1254.435,-146.385,0.786,5.510,-1.321,5.721,1.537,271180.8,271.18,27671.14,2071.14,1.000,0.351,-0.092,0.388,-0.212,-0.413,168.868,Fuzzy
2130,106.4811,84.229,1254.711,-146.451,0.779,5.510,-1.319,5.719,1.532,271129.4,271.13,27666.69,2066.69,1.000,0.365,-0.168,0.269,-0.267,-0.345,168.945,Fuzzy
2131,106.5311,84.268,1254.987,-146.517,0.773,5.509,-1.316,5.717,1.526,271077.9,271.08,27662.25,2062.25,1.000,0.374,-0.262,0.171,-0.331,-0.285,169.021,Fuzzy
2132,106.5811,84.307,1255.263,-146.582,0.768,5.509,-1.312,5.715,1.520,271026.4,271.03,27657.80,2057.80,1.000,0.379,-0.377,0.091,-0.404,-0.232,169.098,Fuzzy
2133,106.6310,84.345,1255.539,-146.648,0.763,5.509,-1.308,5.713,1.514,270975.0,270.98,27653.36,2053.36,1.000,0.381,-0.516,0.026,-0.487,-0.188,169.174,Fuzzy
2134,106.6810,84.383,1255.815,-146.713,0.758,5.508,-1.311,5.713,1.515,270923.6,270.92,27648.92,2048.92,1.000,0.381,-0.398,-0.030,0.434,-0.183,169.249,Fuzzy
2135,106.7310,84.421,1256.091,-146.779,0.753,5.508,-1.315,5.712,1.515,270872.2,270.87,27644.48,2044.48,1.000,0.378,-0.275,-0.094,0.355,-0.225,169.325,Fuzzy
2136,106.7810,84.458,1256.367,-146.845,0.748,5.507,-1.318,5.712,1.515,270820.8,270.82,27640.04,2040.04,1.000,0.373,-0.175,-0.172,0.287,-0.274,169.401,Fuzzy
2137,106.8309,84.495,1256.642,-146.911,0.742,5.507,-1.321,5.711,1.515,270769.4,270.77,27635.60,2035.60,0.999,0.363,-0.095,-0.267,0.229,-0.330,169.477,Fuzzy
2138,106.8809,84.532,1256.918,-146.977,0.736,5.506,-1.323,5.710,1.514,270718.0,270.72,27631.16,2031.16,0.999,0.347,-0.032,-0.380,0.179,-0.393,169.552,Fuzzy
2139,106.9309,84.569,1257.194,-147.043,0.730,5.506,-1.325,5.709,1.512,270666.6,270.67,27626.72,2026.72,0.999,0.325,0.018,-0.514,0.154,-0.463,169.628,Fuzzy
2140,106.9808,84.605,1257.469,-147.109,0.723,5.505,-1.327,5.709,1.511,270615.2,270.62,27622.28,2022.28,0.999,0.295,0.070,-0.671,0.177,-0.539,169.703,Fuzzy
2141,107.0308,84.641,1257.744,-147.176,0.715,5.504,-1.329,5.708,1.509,270564.0,270.56,27617.85,2017.85,0.999,0.256,0.129,-0.851,0.199,-0.618,169.779,Fuzzy
2142,107.0808,84.677,1258.019,-147.242,0.708,5.504,-1.331,5.707,1.507,270512.6,270.51,27613.41,2013.41,0.999,0.207,0.195,-1.056,0.221,-0.699,169.854,Fuzzy
2143,107.1308,84.712,1258.293,-147.309,0.700,5.503,-1.333,5.705,1.506,270461.3,270.46,27608.98,2008.98,0.999,0.147,0.267,-1.285,0.239,-0.778,169.930,Fuzzy
2144,107.1807,84.747,1258.568,-147.376,0.692,5.503,-1.336,5.704,1.504,270410.0,270.41,27604.54,2004.54,0.999,0.074,0.343,-1.538,0.252,-0.851,170.005,Fuzzy
2145,107.2307,84.781,1258.843,-147.443,0.689,5.502,-1.338,5.704,1.505,270358.8,270.36,27600.11,2000.11,0.999,0.000,0.422,-1.643,0.258,0.871,170.080,Fuzzy
2146,107.2807,84.816,1259.117,-147.509,0.696,5.501,-1.336,5.704,1.506,270307.5,270.31,27595.68,1995.68,0.999,0.088,0.352,-1.377,-0.266,0.802,170.155,Fuzzy
2147,107.3307,84.851,1259.392,-147.576,0.703,5.501,-1.333,5.703,1.507,270256.2,270.26,27591.25,1991.25,0.999,0.152,0.271,-1.135,-0.247,0.725,170.230,Fuzzy
2148,107.3806,84.886,1259.667,-147.643,0.711,5.500,-1.331,5.703,1.508,270205.0,270.21,27586.82,1986.82,0.999,0.204,0.196,-0.919,-0.225,0.644,170.306,Fuzzy
2149,107.4306,84.922,1259.941,-147.709,0.718,5.499,-1.328,5.703,1.510,270153.8,270.15,27582.39,1982.39,0.999,0.245,0.130,-0.728,-0.200,0.563,170.381,Fuzzy
2150,107.4806,84.958,1260.216,-147.775,0.724,5.499,-1.326,5.702,1.511,270102.5,270.10,27577.96,1977.96,0.999,0.277,0.071,-0.564,-0.175,0.485,170.457,Fuzzy
2151,107.5305,84.994,1260.491,-147.842,0.730,5.498,-1.324,5.702,1.512,270051.3,270.05,27573.53,1973.53,0.999,0.301,0.021,-0.423,-0.150,0.413,170.532,Fuzzy
2152,107.5805,85.031,1260.765,-147.908,0.736,5.497,-1.322,5.702,1.513,270000.1,270.00,27569.11,1969.11,0.999,0.318,-0.025,-0.304,-0.154,0.347,170.608,Fuzzy
2153,107.6305,85.068,1261.040,-147.974,0.741,5.496,-1.320,5.701,1.514,269948.9,269.95,27564.68,1964.68,0.999,0.330,-0.080,-0.205,-0.195,0.288,170.683,Fuzzy
2154,107.6805,85.105,1261.315,-148.040,0.746,5.496,-1.317,5.700,1.514,269897.7,269.90,27560.26,1960.26,0.999,0.336,-0.149,-0.123,-0.243,0.236,170.759,Fuzzy
2155,107.7304,85.142,1261.589,-148.106,0.751,5.495,-1.314,5.700,1.514,269846.5,269.85,27555.83,1955.83,0.999,0.339,-0.234,-0.057,-0.299,0.192,170.835,Fuzzy
2156,107.7804,85.180,1261.864,-148.171,0.755,5.494,-1.311,5.699,1.513,269795.4,269.80,27551.41,1951.41,0.999,0.339,-0.338,-0.003,-0.363,0.155,170.910,Fuzzy
2157,107.8304,85.218,1262.139,-148.237,0.759,5.493,-1.307,5.698,1.512,269744.2,269.74,27546.98,1946.99,0.999,0.336,-0.463,0.048,-0.437,0.177,170.986,Fuzzy
2158,107.8803,85.256,1262.413,-148.302,0.764,5.493,-1.305,5.697,1.512,269693.1,269.69,27542.56,1942.56,0.999,0.332,-0.548,0.110,0.503,0.216,171.062,Fuzzy
2159,107.9303,85.294,1262.688,-148.367,0.769,5.492,-1.309,5.698,1.518,269641.9,269.64,27538.14,1938.14,0.999,0.326,-0.405,0.185,0.414,0.263,171.137,Fuzzy
2160,107.9803,85.333,1262.963,-148.433,0.774,5.491,-1.312,5.698,1.523,269590.8,269.59,27533.72,1933.72,0.999,0.316,-0.288,0.276,0.337,0.316,171.213,Fuzzy
2161,108.0303,85.372,1263.237,-148.499,0.780,5.490,-1.315,5.699,1.529,269539.7,269.54,27529.30,1929.30,0.999,0.302,-0.193,0.384,0.270,0.377,171.290,Fuzzy
2162,108.0802,85.411,1263.512,-148.564,0.786,5.489,-1.318,5.700,1.534,269488.6,269.49,27524.88,1924.89,0.999,0.282,-0.119,0.512,0.211,0.443,171.366,Fuzzy
2163,108.1302,85.450,1263.786,-148.630,0.792,5.488,-1.320,5.700,1.539,269437.5,269.44,27520.47,1920.47,0.999,0.254,-0.061,0.661,0.160,0.515,171.443,Fuzzy
2164,108.1802,85.490,1264.061,-148.696,0.799,5.488,-1.321,5.701,1.544,269386.4,269.39,27516.05,1916.05,0.999,0.219,-0.019,0.834,0.116,0.591,171.520,Fuzzy
2165,108.2302,85.530,1264.336,-148.762,0.806,5.487,-1.323,5.701,1.549,269335.3,269.34,27511.63,1911.63,0.999,0.176,0.012,1.030,0.088,0.670,171.597,Fuzzy
2166,108.2801,85.571,1264.610,-148.829,0.813,5.486,-1.324,5.701,1.554,269284.3,269.28,27507.22,1907.22,0.999,0.125,0.039,1.250,0.085,0.750,171.675,Fuzzy
2167,108.3301,85.612,1264.885,-148.895,0.820,5.485,-1.325,5.702,1.559,269233.3,269.23,27502.80,1902.81,0.999,0.079,0.064,1.495,0.079,0.833,171.753,Fuzzy
2168,108.3801,85.653,1265.160,-148.961,0.820,5.484,-1.327,5.701,1.560,269182.2,269.18,27498.39,1898.39,0.999,0.082,0.090,1.489,0.095,-0.851,171.831,Fuzzy
2169,108.4300,85.693,1265.434,-149.027,0.813,5.483,-1.328,5.700,1.557,269131.1,269.13,27493.98,1893.98,0.999,0.130,0.127,1.234,0.138,-0.761,171.909,Fuzzy
2170,108.4800,85.734,1265.709,-149.094,0.805,5.482,-1.330,5.698,1.555,269080.1,269.08,27489.57,1889.57,0.999,0.177,0.179,1.007,0.193,-0.676,171.986,Fuzzy
2171,108.5300,85.774,1265.984,-149.160,0.798,5.481,-1.333,5.697,1.554,269029.1,269.03,27485.16,1885.16,0.999,0.218,0.250,0.807,0.256,-0.593,172.064,Fuzzy
2172,108.5800,85.814,1266.257,-149.227,0.792,5.480,-1.335,5.696,1.553,268978.2,268.98,27480.75,1880.75,0.998,0.250,0.341,0.633,0.326,-0.513,172.142,Fuzzy
2173,108.6299,85.853,1266.531,-149.294,0.786,5.479,-1.339,5.694,1.552,268927.2,268.93,27476.34,1876.34,0.998,0.276,0.455,0.484,0.406,-0.439,172.219,Fuzzy
2174,108.6799,85.892,1266.804,-149.361,0.780,5.478,-1.340,5.693,1.550,268876.3,268.88,27471.93,1871.93,0.998,0.297,0.478,0.357,-0.445,-0.371,172.297,Fuzzy
2175,108.7299,85.931,1267.077,-149.428,0.774,5.477,-1.336,5.690,1.544,268825.3,268.83,27467.52,1867.52,0.998,0.314,0.350,0.251,-0.374,-0.311,172.374,Fuzzy
2176,108.7799,85.970,1267.351,-149.495,0.769,5.476,-1.333,5.688,1.539,268774.4,268.77,27463.12,1863.12,0.998,0.326,0.243,0.162,-0.311,-0.258,172.451,Fuzzy
2177,108.8298,86.008,1267.624,-149.561,0.764,5.475,-1.330,5.685,1.534,268723.5,268.72,27458.71,1858.71,0.998,0.333,0.155,0.089,-0.257,-0.212,172.528,Fuzzy
2178,108.8798,86.046,1267.898,-149.628,0.760,5.474,-1.327,5.683,1.529,268672.6,268.67,27454.30,1854.30,0.998,0.337,0.083,0.030,-0.209,-0.173,172.605,Fuzzy
2179,108.9298,86.084,1268.171,-149.694,0.756,5.472,-1.325,5.681,1.525,268621.7,268.62,27449.90,1849.90,0.998,0.337,0.024,-0.020,-0.169,-0.159,172.681,Fuzzy
2180,108.9797,86.122,1268.445,-149.760,0.751,5.471,-1.323,5.679,1.522,268570.8,268.57,27445.50,1845.50,0.998,0.335,-0.025,-0.076,-0.162,-0.196,172.757,Fuzzy
2181,109.0297,86.159,1268.718,-149.826,0.746,5.470,-1.321,5.677,1.517,268519.9,268.52,27441.09,1841.09,0.998,0.329,-0.082,-0.144,-0.197,-0.238,172.833,Fuzzy
2182,109.0797,86.196,1268.991,-149.892,0.741,5.469,-1.319,5.675,1.513,268469.1,268.47,27436.69,1836.69,0.998,0.319,-0.150,-0.226,-0.238,-0.286,172.909,Fuzzy
2183,109.1297,86.233,1269.265,-149.958,0.736,5.468,-1.316,5.672,1.508,268418.3,268.42,27432.29,1832.29,0.998,0.303,-0.231,-0.324,-0.283,-0.341,172.984,Fuzzy
2184,109.1796,86.270,1269.538,-150.024,0.730,5.467,-1.313,5.670,1.503,268367.4,268.37,27427.89,1827.89,0.998,0.283,-0.328,-0.440,-0.334,-0.401,173.060,Fuzzy
2185,109.2296,86.306,1269.812,-150.089,0.724,5.466,-1.310,5.667,1.497,268316.6,268.32,27423.49,1823.49,0.998,0.255,-0.441,-0.575,-0.390,-0.467,173.135,Fuzzy
2186,109.2796,86.342,1270.085,-150.155,0.718,5.464,-1.309,5.665,1.493,268265.8,268.27,27419.09,1819.09,0.998,0.221,-0.465,-0.732,0.404,-0.538,173.209,Fuzzy
2187,109.3296,86.378,1270.359,-150.220,0.711,5.463,-1.312,5.663,1.493,268215.0,268.22,27414.70,1814.70,0.998,0.182,-0.352,-0.911,0.318,-0.614,173.284,Fuzzy
2188,109.3795,86.413,1270.632,-150.286,0.704,5.462,-1.315,5.662,1.492,268164.2,268.16,27410.30,1810.30,0.998,0.136,-0.265,-1.113,0.242,-0.691,173.359,Fuzzy
2189,109.4295,86.449,1270.906,-150.352,0.697,5.461,-1.317,5.660,1.490,268113.4,268.11,27405.90,1805.90,0.998,0.086,-0.200,-1.339,0.176,-0.769,173.433,Fuzzy
2190,109.4795,86.483,1271.179,-150.418,0.690,5.459,-1.319,5.659,1.489,268062.6,268.06,27401.51,1801.51,0.998,0.063,-0.153,-1.591,0.132,-0.863,173.508,Fuzzy
2191,109.5294,86.518,1271.452,-150.484,0.697,5.458,-1.321,5.659,1.493,268011.8,268.01,27397.11,1797.11,0.998,0.105,-0.113,-1.327,0.124,0.790,173.582,Fuzzy
2192,109.5794,86.553,1271.726,-150.550,0.705,5.457,-1.322,5.659,1.498,267961.1,267.96,27392.72,1792.72,0.998,0.157,-0.075,-1.090,0.122,0.707,173.657,Fuzzy
2193,109.6294,86.588,1271.998,-150.616,0.712,5.456,-1.324,5.659,1.503,267910.3,267.91,27388.33,1788.33,0.998,0.202,-0.037,-0.881,0.117,0.624,173.732,Fuzzy
2194,109.6794,86.624,1272.271,-150.682,0.718,5.454,-1.325,5.659,1.507,267859.6,267.86,27383.94,1783.94,0.998,0.239,-0.001,-0.697,0.110,0.543,173.807,Fuzzy
2195,109.7293,86.660,1272.543,-150.749,0.725,5.453,-1.327,5.659,1.512,267809.0,267.81,27379.54,1779.55,0.998,0.268,0.037,-0.539,0.141,0.466,173.882,Fuzzy
2196,109.7793,86.697,1272.815,-150.815,0.730,5.452,-1.329,5.659,1.516,267758.3,267.76,27375.16,1775.16,0.998,0.289,0.089,-0.404,0.184,0.395,173.958,Fuzzy
2197,109.8293,86.733,1273.087,-150.881,0.736,5.450,-1.331,5.659,1.521,267707.6,267.71,27370.77,1770.77,0.998,0.304,0.154,-0.290,0.233,0.332,174.034,Fuzzy
2198,109.8792,86.770,1273.359,-150.948,0.741,5.449,-1.334,5.659,1.526,267656.9,267.66,27366.38,1766.38,0.998,0.313,0.236,-0.195,0.290,0.275,174.110,Fuzzy
2199,109.9292,86.807,1273.632,-151.015,0.746,5.448,-1.337,5.659,1.531,267606.3,267.61,27361.99,1761.99,0.998,0.318,0.337,-0.118,0.354,0.225,174.187,Fuzzy
2200,109.9792,86.845,1273.904,-151.082,0.750,5.446,-1.341,5.659,1.536,267555.6,267.56,27357.60,1757.60,0.998,0.320,0.459,-0.054,0.428,0.183,174.263,Fuzzy
2201,110.0292,86.882,1274.176,-151.149,0.755,5.445,-1.343,5.658,1.540,267505.0,267.51,27353.22,1753.22,0.998,0.321,0.543,-0.003,-0.495,0.147,174.340,Fuzzy
2202,110.0791,86.920,1274.448,-151.216,0.759,5.443,-1.339,5.657,1.539,267454.4,267.45,27348.83,1748.83,0.998,0.321,0.402,0.045,-0.410,0.169,174.417,Fuzzy
2203,110.1291,86.958,1274.721,-151.283,0.763,5.442,-1.335,5.655,1.538,267403.8,267.40,27344.45,1744.45,0.998,0.319,0.285,0.104,-0.336,0.207,174.494,Fuzzy
2204,110.1791,86.996,1274.993,-151.350,0.767,5.440,-1.332,5.654,1.538,267353.2,267.35,27340.06,1740.07,0.998,0.313,0.191,0.176,-0.272,0.252,174.571,Fuzzy
2205,110.2291,87.035,1275.265,-151.416,0.772,5.439,-1.330,5.652,1.538,267302.6,267.30,27335.68,1735.68,0.998,0.304,0.115,0.263,-0.218,0.303,174.648,Fuzzy
2206,110.2790,87.074,1275.537,-151.482,0.778,5.438,-1.327,5.651,1.538,267252.0,267.25,27331.30,1731.30,0.998,0.289,0.055,0.367,-0.170,0.361,174.725,Fuzzy
2207,110.3290,87.113,1275.809,-151.549,0.783,5.436,-1.326,5.650,1.540,267201.4,267.20,27326.92,1726.92,0.997,0.268,0.008,0.489,-0.130,0.424,174.802,Fuzzy
2208,110.3790,87.152,1276.082,-151.615,0.789,5.435,-1.324,5.649,1.541,267150.9,267.15,27322.54,1722.54,0.997,0.241,-0.030,0.632,-0.128,0.493,174.879,Fuzzy
2209,110.4289,87.192,1276.354,-151.681,0.796,5.433,-1.322,5.648,1.543,267100.3,267.10,27318.16,1718.16,0.997,0.206,-0.072,0.797,-0.141,0.566,174.956,Fuzzy
2210,110.4789,87.232,1276.626,-151.747,0.802,5.431,-1.320,5.647,1.545,267049.8,267.05,27313.78,1713.78,0.997,0.162,-0.118,0.984,-0.152,0.641,175.033,Fuzzy
2211,110.5289,87.272,1276.897,-151.813,0.809,5.430,-1.318,5.646,1.547,266999.3,267.00,27309.40,1709.41,0.997,0.108,-0.167,1.194,-0.160,0.716,175.110,Fuzzy
2212,110.5789,87.313,1277.168,-151.879,0.816,5.428,-1.316,5.645,1.549,266948.8,266.95,27305.03,1705.03,0.997,0.052,-0.217,1.427,-0.163,0.789,175.188,Fuzzy
2213,110.6288,87.353,1277.439,-151.945,0.815,5.427,-1.314,5.643,1.547,266898.4,266.90,27300.65,1700.65,0.997,0.052,-0.270,1.373,-0.193,-0.783,175.265,Fuzzy
2214,110.6788,87.394,1277.710,-152.010,0.808,5.425,-1.312,5.640,1.541,266847.9,266.85,27296.28,1696.28,0.997,0.105,-0.341,1.138,-0.259,-0.703,175.342,Fuzzy
2215,110.7288,87.434,1277.981,-152.076,0.801,5.424,-1.311,5.637,1.536,266797.5,266.80,27291.90,1691.90,0.997,0.156,-0.392,0.929,0.325,-0.625,175.419,Fuzzy
2216,110.7788,87.474,1278.252,-152.142,0.795,5.422,-1.314,5.635,1.535,266747.0,266.75,27287.53,1687.53,0.997,0.198,-0.296,0.744,0.286,-0.549,175.496,Fuzzy
2217,110.8287,87.514,1278.523,-152.207,0.788,5.420,-1.316,5.633,1.534,266696.6,266.70,27283.16,1683.16,0.997,0.232,-0.213,0.583,0.249,-0.475,175.573,Fuzzy
2218,110.8787,87.553,1278.794,-152.273,0.783,5.419,-1.319,5.631,1.533,266646.2,266.65,27278.79,1678.79,0.997,0.259,-0.140,0.445,0.214,-0.407,175.649,Fuzzy
2219,110.9287,87.592,1279.065,-152.339,0.777,5.417,-1.321,5.630,1.532,266595.7,266.60,27274.41,1674.41,0.997,0.278,-0.079,0.328,0.181,-0.344,175.726,Fuzzy
2220,110.9786,87.631,1279.336,-152.405,0.772,5.415,-1.322,5.628,1.531,266545.3,266.55,27270.04,1670.04,0.997,0.292,-0.027,0.229,0.152,-0.287,175.803,Fuzzy
2221,111.0286,87.669,1279.607,-152.472,0.768,5.414,-1.324,5.626,1.530,266494.9,266.49,27265.67,1665.67,0.997,0.301,0.016,0.148,0.142,-0.237,175.879,Fuzzy
2222,111.0786,87.707,1279.878,-152.538,0.763,5.412,-1.326,5.624,1.530,266444.6,266.44,27261.30,1661.31,0.997,0.306,0.067,0.080,0.177,-0.195,175.956,Fuzzy
2223,111.1286,87.745,1280.149,-152.604,0.759,5.410,-1.328,5.622,1.530,266394.3,266.39,27256.94,1656.94,0.997,0.308,0.129,0.026,0.219,-0.158,176.032,Fuzzy
2224,111.1785,87.783,1280.420,-152.671,0.755,5.409,-1.330,5.621,1.530,266343.8,266.34,27252.57,1652.57,0.997,0.306,0.205,-0.019,0.267,-0.146,176.109,Fuzzy
2225,111.2285,87.821,1280.690,-152.737,0.751,5.407,-1.333,5.619,1.530,266293.5,266.29,27248.21,1648.21,0.997,0.303,0.297,-0.070,0.324,-0.179,176.185,Fuzzy
2226,111.2785,87.858,1280.960,-152.804,0.747,5.405,-1.336,5.618,1.531,266243.2,266.24,27243.84,1643.84,0.997,0.297,0.408,-0.132,0.389,-0.217,176.262,Fuzzy
2227,111.3285,87.896,1281.229,-152.871,0.742,5.403,-1.336,5.615,1.528,266192.9,266.19,27239.48,1639.48,0.997,0.289,0.382,-0.207,-0.384,-0.262,176.338,Fuzzy
2228,111.3784,87.933,1281.499,-152.937,0.738,5.402,-1.333,5.612,1.523,266142.6,266.14,27235.11,1635.11,0.997,0.278,0.274,-0.297,-0.311,-0.313,176.414,Fuzzy
2229,111.4284,87.969,1281.769,-153.004,0.732,5.400,-1.330,5.609,1.518,266092.3,266.09,27230.75,1630.75,0.997,0.262,0.187,-0.404,-0.248,-0.371,176.490,Fuzzy
2230,111.4784,88.006,1282.039,-153.070,0.727,5.398,-1.328,5.606,1.514,266042.1,266.04,27226.39,1626.39,0.997,0.240,0.119,-0.529,-0.193,-0.434,176.566,Fuzzy
2231,111.5283,88.042,1282.309,-153.137,0.721,5.396,-1.326,5.603,1.509,265991.8,265.99,27222.03,1622.03,0.997,0.211,0.067,-0.675,-0.145,-0.503,176.642,Fuzzy
2232,111.5783,88.078,1282.578,-153.203,0.714,5.394,-1.324,5.600,1.505,265941.6,265.94,27217.67,1617.67,0.997,0.176,0.028,-0.842,-0.103,-0.575,176.717,Fuzzy
2233,111.6283,88.114,1282.848,-153.269,0.708,5.392,-1.323,5.597,1.501,265891.4,265.89,27213.31,1613.31,0.997,0.133,0.003,-1.032,-0.066,-0.650,176.792,Fuzzy
2234,111.6783,88.149,1283.118,-153.335,0.701,5.391,-1.322,5.595,1.497,265841.1,265.84,27208.95,1608.95,0.997,0.084,-0.015,-1.245,-0.050,-0.725,176.867,Fuzzy
2235,111.7282,88.184,1283.388,-153.401,0.694,5.389,-1.321,5.592,1.493,265790.9,265.79,27204.59,1604.59,0.997,0.056,-0.029,-1.482,-0.045,-0.813,176.942,Fuzzy
2236,111.7782,88.219,1283.657,-153.468,0.701,5.387,-1.320,5.590,1.495,265740.7,265.74,27200.23,1600.23,0.997,0.093,-0.047,-1.234,-0.071,0.742,177.016,Fuzzy
2237,111.8282,88.254,1283.927,-153.534,0.708,5.385,-1.319,5.589,1.497,265690.5,265.69,27195.88,1595.88,0.997,0.140,-0.075,-1.013,-0.111,0.660,177.091,Fuzzy
2238,111.8782,88.289,1284.197,-153.599,0.715,5.383,-1.317,5.588,1.499,265640.3,265.64,27191.52,1591.52,0.997,0.181,-0.117,-0.818,-0.156,0.581,177.166,Fuzzy
2239,111.9281,88.325,1284.465,-153.665,0.721,5.381,-1.315,5.586,1.500,265590.2,265.59,27187.17,1587.17,0.997,0.215,-0.174,-0.647,-0.208,0.504,177.241,Fuzzy
2240,111.9781,88.361,1284.734,-153.731,0.727,5.379,-1.313,5.584,1.501,265540.1,265.54,27182.81,1582.81,0.997,0.241,-0.249,-0.501,-0.266,0.432,177.316,Fuzzy
2241,112.0281,88.398,1285.002,-153.797,0.732,5.377,-1.310,5.583,1.501,265490.0,265.49,27178.46,1578.46,0.997,0.262,-0.342,-0.376,-0.332,0.366,177.391,Fuzzy
2242,112.0780,88.435,1285.271,-153.862,0.737,5.375,-1.307,5.581,1.501,265439.8,265.44,27174.11,1574.11,0.996,0.277,-0.432,-0.271,0.408,0.307,177.466,Fuzzy
2243,112.1280,88.472,1285.540,-153.927,0.742,5.373,-1.311,5.580,1.506,265389.7,265.39,27169.76,1569.76,0.996,0.289,-0.315,-0.183,0.341,0.256,177.541,Fuzzy
2244,112.1780,88.509,1285.808,-153.993,0.746,5.371,-1.313,5.580,1.511,265339.7,265.34,27165.41,1565.41,0.996,0.297,-0.218,-0.111,0.283,0.211,177.617,Fuzzy
2245,112.2280,88.546,1286.077,-154.059,0.751,5.369,-1.316,5.579,1.515,265289.6,265.29,27161.06,1561.06,0.996,0.302,-0.138,-0.051,0.232,0.173,177.692,Fuzzy
2246,112.2779,88.584,1286.345,-154.125,0.754,5.367,-1.318,5.578,1.519,265239.5,265.24,27156.71,1556.71,0.996,0.304,-0.073,-0.003,0.189,0.140,177.768,Fuzzy
2247,112.3279,88.622,1286.614,-154.190,0.758,5.365,-1.320,5.577,1.522,265189.5,265.19,27152.36,1552.36,0.996,0.303,-0.020,0.043,0.152,0.161,177.844,Fuzzy
2248,112.3779,88.660,1286.882,-154.257,0.762,5.363,-1.321,5.576,1.525,265139.4,265.14,27148.01,1548.01,0.996,0.300,0.024,0.099,0.147,0.197,177.920,Fuzzy
2249,112.4278,88.698,1287.151,-154.323,0.767,5.361,-1.323,5.575,1.529,265089.4,265.09,27143.67,1543.67,0.996,0.293,0.075,0.167,0.178,0.238,177.997,Fuzzy
2250,112.4778,88.736,1287.419,-154.389,0.771,5.359,-1.325,5.574,1.533,265039.3,265.04,27139.32,1539.32,0.996,0.281,0.136,0.249,0.213,0.285,178.073,Fuzzy
2251,112.5278,88.775,1287.687,-154.455,0.776,5.357,-1.327,5.573,1.538,264989.4,264.99,27134.98,1534.98,0.996,0.265,0.209,0.346,0.253,0.338,178.150,Fuzzy
2252,112.5778,88.814,1287.954,-154.522,0.782,5.355,-1.330,5.573,1.543,264939.4,264.94,27130.63,1530.63,0.996,0.244,0.295,0.460,0.298,0.396,178.227,Fuzzy
2253,112.6277,88.853,1288.221,-154.588,0.787,5.353,-1.333,5.572,1.548,264889.4,264.89,27126.29,1526.29,0.996,0.216,0.396,0.593,0.346,0.460,178.304,Fuzzy
2254,112.6777,88.893,1288.489,-154.655,0.793,5.351,-1.331,5.570,1.549,264839.5,264.84,27121.95,1521.95,0.996,0.182,0.333,0.747,-0.306,0.528,178.382,Fuzzy
2255,112.7277,88.933,1288.756,-154.721,0.799,5.348,-1.328,5.569,1.550,264789.5,264.79,27117.61,1517.61,0.996,0.143,0.249,0.922,-0.234,0.600,178.459,Fuzzy
2256,112.7777,88.973,1289.023,-154.788,0.806,5.346,-1.326,5.567,1.552,264739.6,264.74,27113.27,1513.27,0.996,0.097,0.186,1.119,-0.172,0.673,178.537,Fuzzy
2257,112.8276,89.013,1289.291,-154.854,0.812,5.344,-1.325,5.565,1.554,264689.7,264.69,27108.93,1508.93,0.996,0.052,0.141,1.338,-0.121,0.750,178.614,Fuzzy
2258,112.8776,89.054,1289.558,-154.920,0.811,5.342,-1.323,5.563,1.552,264639.8,264.64,27104.59,1504.59,0.996,0.066,0.107,1.286,-0.102,-0.751,178.692,Fuzzy
2259,112.9276,89.094,1289.825,-154.986,0.804,5.340,-1.322,5.559,1.547,264589.9,264.59,27100.25,1500.25,0.996,0.114,0.075,1.062,-0.103,-0.671,178.769,Fuzzy
2260,112.9775,89.134,1290.093,-155.052,0.798,5.337,-1.321,5.556,1.543,264540.0,264.54,27095.91,1495.91,0.996,0.158,0.043,0.863,-0.102,-0.593,178.847,Fuzzy
2261,113.0275,89.174,1290.360,-155.118,0.792,5.335,-1.319,5.553,1.539,264490.1,264.49,27091.58,1491.58,0.996,0.195,0.012,0.689,-0.097,-0.517,178.924,Fuzzy
2262,113.0775,89.213,1290.627,-155.184,0.786,5.333,-1.318,5.549,1.535,264440.3,264.44,27087.24,1487.24,0.996,0.224,-0.019,0.538,-0.111,-0.445,179.000,Fuzzy
2263,113.1275,89.253,1290.893,-155.250,0.781,5.331,-1.316,5.546,1.530,264390.4,264.39,27082.91,1482.91,0.996,0.245,-0.060,0.409,-0.148,-0.379,179.077,Fuzzy
2264,113.1774,89.291,1291.159,-155.316,0.776,5.328,-1.314,5.543,1.526,264340.6,264.34,27078.57,1478.57,0.996,0.262,-0.113,0.300,-0.189,-0.319,179.154,Fuzzy
2265,113.2274,89.330,1291.425,-155.381,0.771,5.326,-1.312,5.539,1.522,264290.8,264.29,27074.24,1474.24,0.996,0.273,-0.180,0.209,-0.236,-0.265,179.230,Fuzzy
2266,113.2774,89.369,1291.691,-155.447,0.766,5.324,-1.310,5.536,1.517,264241.0,264.24,27069.91,1469.91,0.996,0.279,-0.262,0.134,-0.291,-0.219,179.306,Fuzzy
2267,113.3274,89.407,1291.957,-155.512,0.762,5.321,-1.307,5.532,1.513,264191.3,264.19,27065.57,1465.57,0.996,0.283,-0.363,0.072,-0.354,-0.178,179.381,Fuzzy
2268,113.3773,89.445,1292.223,-155.578,0.758,5.319,-1.304,5.529,1.508,264141.5,264.14,27061.24,1461.24,0.996,0.284,-0.458,0.022,0.427,-0.145,179.457,Fuzzy
2269,113.4273,89.483,1292.489,-155.643,0.755,5.317,-1.307,5.527,1.510,264091.7,264.09,27056.91,1456.91,0.996,0.285,-0.336,-0.020,0.353,-0.138,179.532,Fuzzy
2270,113.4773,89.520,1292.755,-155.708,0.751,5.314,-1.310,5.525,1.510,264041.9,264.04,27052.58,1452.58,0.996,0.283,-0.236,-0.068,0.289,-0.169,179.608,Fuzzy
2271,113.5272,89.558,1293.022,-155.774,0.747,5.312,-1.313,5.523,1.510,263992.2,263.99,27048.26,1448.26,0.996,0.280,-0.155,-0.127,0.234,-0.206,179.683,Fuzzy
2272,113.5772,89.595,1293.288,-155.840,0.743,5.310,-1.315,5.520,1.510,263942.4,263.94,27043.93,1443.93,0.996,0.273,-0.090,-0.198,0.187,-0.249,179.759,Fuzzy
2273,113.6272,89.632,1293.552,-155.905,0.738,5.307,-1.317,5.518,1.510,263892.7,263.89,27039.60,1439.60,0.996,0.262,-0.038,-0.283,0.147,-0.297,179.834,Fuzzy
2274,113.6772,89.669,1293.817,-155.971,0.733,5.305,-1.318,5.515,1.509,263843.1,263.84,27035.28,1435.28,0.996,0.245,0.002,-0.384,0.112,-0.352,179.910,Fuzzy
2275,113.7271,89.705,1294.082,-156.037,0.728,5.303,-1.320,5.513,1.507,263793.4,263.79,27030.95,1430.95,0.996,0.223,0.038,-0.503,0.125,-0.412,179.985,Fuzzy
2276,113.7771,89.742,1294.347,-156.103,0.723,5.300,-1.321,5.510,1.506,263743.7,263.74,27026.63,1426.63,0.996,0.194,0.080,-0.641,0.141,-0.476,180.061,Fuzzy
2277,113.8271,89.778,1294.612,-156.169,0.717,5.298,-1.323,5.507,1.505,263694.1,263.69,27022.30,1422.30,0.995,0.158,0.126,-0.799,0.155,-0.544,180.136,Fuzzy
2278,113.8771,89.813,1294.877,-156.236,0.711,5.295,-1.325,5.504,1.504,263644.4,263.64,27017.98,1417.98,0.995,0.112,0.176,-0.978,0.167,-0.613,180.211,Fuzzy
2279,113.9270,89.849,1295.142,-156.302,0.705,5.293,-1.327,5.502,1.502,263594.8,263.59,27013.66,1413.66,0.995,0.059,0.229,-1.178,0.174,-0.681,180.286,Fuzzy
2280,113.9770,89.884,1295.407,-156.368,0.701,5.290,-1.328,5.499,1.502,263545.2,263.55,27009.34,1409.34,0.995,0.020,0.284,-1.307,0.177,0.726,180.361,Fuzzy
2281,114.0270,89.919,1295.672,-156.435,0.707,5.288,-1.330,5.498,1.506,263495.6,263.50,27005.02,1405.02,0.995,0.071,0.335,-1.087,-0.249,0.659,180.436,Fuzzy
2282,114.0769,89.954,1295.936,-156.501,0.713,5.285,-1.328,5.496,1.507,263446.0,263.45,27000.70,1400.70,0.995,0.120,0.260,-0.891,-0.226,0.587,180.512,Fuzzy
2283,114.1269,89.990,1296.200,-156.568,0.719,5.283,-1.325,5.494,1.508,263396.4,263.40,26996.38,1396.38,0.995,0.162,0.193,-0.717,-0.204,0.516,180.587,Fuzzy
2284,114.1769,90.026,1296.464,-156.634,0.724,5.280,-1.323,5.491,1.509,263346.9,263.35,26992.06,1392.06,0.995,0.194,0.133,-0.566,-0.179,0.447,180.662,Fuzzy
2285,114.2269,90.063,1296.727,-156.700,0.729,5.277,-1.322,5.489,1.510,263297.3,263.30,26987.74,1387.75,0.995,0.219,0.081,-0.436,-0.156,0.383,180.738,Fuzzy
2286,114.2768,90.099,1296.991,-156.766,0.734,5.275,-1.320,5.487,1.511,263247.8,263.25,26983.43,1383.43,0.995,0.238,0.036,-0.326,-0.134,0.324,180.813,Fuzzy
2287,114.3268,90.136,1297.255,-156.832,0.739,5.272,-1.318,5.485,1.511,263198.3,263.20,26979.11,1379.11,0.995,0.252,-0.003,-0.233,-0.113,0.272,180.889,Fuzzy
2288,114.3768,90.173,1297.518,-156.898,0.743,5.270,-1.317,5.482,1.512,263148.8,263.15,26974.80,1374.80,0.995,0.261,-0.043,-0.155,-0.143,0.225,180.964,Fuzzy
2289,114.4268,90.210,1297.782,-156.964,0.747,5.267,-1.315,5.480,1.512,263099.3,263.10,26970.48,1370.49,0.995,0.266,-0.093,-0.092,-0.178,0.185,181.040,Fuzzy
2290,114.4767,90.248,1298.046,-157.029,0.751,5.265,-1.313,5.478,1.512,263049.8,263.05,26966.17,1366.17,0.995,0.268,-0.155,-0.040,-0.220,0.151,181.116,Fuzzy
2291,114.5267,90.285,1298.309,-157.095,0.754,5.262,-1.311,5.475,1.512,263000.3,263.00,26961.86,1361.86,0.995,0.268,-0.231,0.002,-0.268,0.121,181.191,Fuzzy
2292,114.5767,90.323,1298.572,-157.160,0.757,5.259,-1.308,5.472,1.511,262950.8,262.95,26957.55,1357.55,0.995,0.266,-0.323,0.043,-0.324,0.146,181.267,Fuzzy
2293,114.6266,90.361,1298.835,-157.226,0.761,5.257,-1.307,5.470,1.512,262901.4,262.90,26953.24,1353.24,0.995,0.262,-0.364,0.094,0.360,0.178,181.342,Fuzzy
2294,114.6766,90.399,1299.097,-157.291,0.765,5.254,-1.309,5.468,1.516,262852.0,262.85,26948.93,1348.93,0.995,0.257,-0.262,0.156,0.294,0.215,181.418,Fuzzy
2295,114.7266,90.438,1299.359,-157.357,0.769,5.251,-1.312,5.467,1.521,262802.6,262.80,26944.62,1344.62,0.995,0.249,-0.180,0.230,0.237,0.259,181.494,Fuzzy
2296,114.7766,90.476,1299.622,-157.422,0.774,5.249,-1.314,5.466,1.525,262753.2,262.75,26940.31,1340.31,0.995,0.237,-0.114,0.318,0.188,0.308,181.570,Fuzzy
2297,114.8265,90.515,1299.884,-157.488,0.778,5.246,-1.316,5.464,1.529,262703.8,262.70,26936.01,1336.01,0.995,0.219,-0.063,0.422,0.145,0.362,181.647,Fuzzy
2298,114.8765,90.554,1300.147,-157.554,0.783,5.243,-1.317,5.462,1.532,262654.5,262.65,26931.70,1331.70,0.995,0.195,-0.024,0.544,0.108,0.422,181.723,Fuzzy
2299,114.9265,90.593,1300.409,-157.620,0.789,5.240,-1.318,5.461,1.536,262605.1,262.61,26927.39,1327.39,0.995,0.166,0.005,0.685,0.079,0.487,181.800,Fuzzy
2300,114.9764,90.633,1300.672,-157.686,0.794,5.238,-1.319,5.459,1.540,262555.8,262.56,26923.09,1323.09,0.995,0.128,0.029,0.846,0.079,0.554,181.877,Fuzzy
2301,115.0264,90.673,1300.933,-157.752,0.800,5.235,-1.320,5.458,1.544,262506.4,262.51,26918.79,1318.79,0.995,0.086,0.053,1.028,0.076,0.624,181.954,Fuzzy
2302,115.0764,90.713,1301.195,-157.818,0.806,5.232,-1.321,5.456,1.548,262457.2,262.46,26914.48,1314.48,0.995,0.044,0.076,1.232,0.072,0.698,182.031,Fuzzy
2303,115.1264,90.753,1301.456,-157.884,0.804,5.229,-1.322,5.453,1.547,262407.9,262.41,26910.18,1310.18,0.995,0.059,0.100,1.141,0.090,-0.680,182.108,Fuzzy
2304,115.1763,90.793,1301.717,-157.950,0.798,5.226,-1.323,5.450,1.545,262358.6,262.36,26905.88,1305.88,0.995,0.101,0.135,0.939,0.131,-0.602,182.186,Fuzzy
2305,115.2263,90.833,1301.978,-158.016,0.792,5.224,-1.325,5.447,1.544,262309.3,262.31,26901.58,1301.58,0.995,0.140,0.183,0.761,0.180,-0.530,182.263,Fuzzy
2306,115.2763,90.873,1302.240,-158.082,0.787,5.221,-1.327,5.444,1.542,262260.0,262.26,26897.28,1297.28,0.995,0.172,0.248,0.606,0.235,-0.460,182.340,Fuzzy
2307,115.3263,90.912,1302.501,-158.149,0.781,5.218,-1.329,5.441,1.542,262210.8,262.21,26892.98,1292.98,0.995,0.199,0.331,0.472,0.298,-0.395,182.417,Fuzzy
2308,115.3762,90.951,1302.762,-158.215,0.777,5.215,-1.327,5.437,1.538,262161.5,262.16,26888.68,1288.68,0.995,0.220,0.258,0.358,-0.273,-0.336,182.494,Fuzzy
2309,115.4262,90.989,1303.023,-158.281,0.772,5.212,-1.325,5.433,1.533,262112.3,262.11,26884.38,1284.38,0.995,0.236,0.179,0.262,-0.230,-0.283,182.571,Fuzzy
2310,115.4762,91.028,1303.283,-158.348,0.768,5.209,-1.323,5.429,1.529,262063.2,262.06,26880.09,1280.09,0.995,0.248,0.114,0.181,-0.192,-0.236,182.647,Fuzzy
2311,115.5261,91.066,1303.543,-158.414,0.764,5.206,-1.321,5.425,1.526,262014.0,262.01,26875.79,1275.79,0.995,0.256,0.060,0.114,-0.158,-0.195,182.724,Fuzzy
2312,115.5761,91.104,1303.803,-158.480,0.760,5.203,-1.320,5.422,1.523,261964.8,261.96,26871.49,1271.50,0.995,0.259,0.015,0.059,-0.130,-0.160,182.800,Fuzzy
2313,115.6261,91.142,1304.063,-158.546,0.757,5.201,-1.318,5.418,1.520,261915.6,261.92,26867.20,1267.20,0.994,0.262,-0.023,0.014,-0.130,-0.130,182.876,Fuzzy
2314,115.6761,91.180,1304.323,-158.612,0.753,5.198,-1.317,5.414,1.517,261866.5,261.87,26862.91,1262.91,0.994,0.261,-0.069,-0.024,-0.160,-0.131,182.952,Fuzzy
2315,115.7260,91.218,1304.583,-158.677,0.750,5.195,-1.315,5.411,1.514,261817.3,261.82,26858.62,1258.62,0.994,0.258,-0.124,-0.070,-0.195,-0.160,183.028,Fuzzy
2316,115.7760,91.255,1304.843,-158.743,0.746,5.192,-1.313,5.407,1.510,261768.2,261.77,26854.32,1254.32,0.994,0.252,-0.192,-0.125,-0.236,-0.193,183.103,Fuzzy
2317,115.8260,91.292,1305.103,-158.809,0.742,5.189,-1.310,5.403,1.506,261719.1,261.72,26850.03,1250.03,0.994,0.243,-0.272,-0.191,-0.283,-0.232,183.179,Fuzzy
2318,115.8760,91.329,1305.362,-158.874,0.738,5.186,-1.309,5.399,1.503,261670.0,261.67,26845.74,1245.74,0.994,0.231,-0.308,-0.271,0.311,-0.277,183.254,Fuzzy
2319,115.9259,91.366,1305.621,-158.940,0.733,5.183,-1.312,5.396,1.503,261621.0,261.62,26841.45,1241.45,0.994,0.215,-0.221,-0.364,0.249,-0.327,183.329,Fuzzy
2320,115.9759,91.403,1305.880,-159.005,0.729,5.180,-1.314,5.393,1.502,261571.9,261.57,26837.16,1237.16,0.994,0.195,-0.152,-0.475,0.195,-0.383,183.404,Fuzzy
2321,116.0259,91.439,1306.139,-159.071,0.724,5.177,-1.315,5.390,1.501,261522.9,261.52,26832.88,1232.88,0.994,0.169,-0.099,-0.603,0.148,-0.444,183.479,Fuzzy
2322,116.0758,91.475,1306.397,-159.137,0.718,5.174,-1.317,5.387,1.500,261473.9,261.47,26828.59,1228.59,0.994,0.137,-0.060,-0.750,0.107,-0.508,183.554,Fuzzy
2323,116.1258,91.511,1306.656,-159.203,0.713,5.171,-1.318,5.383,1.498,261424.8,261.42,26824.30,1224.30,0.994,0.097,-0.033,-0.917,0.070,-0.575,183.629,Fuzzy
2324,116.1758,91.546,1306.915,-159.269,0.707,5.168,-1.319,5.380,1.496,261375.8,261.38,26820.02,1220.02,0.994,0.052,-0.016,-1.105,0.040,-0.645,183.704,Fuzzy
2325,116.2258,91.581,1307.174,-159.334,0.704,5.164,-1.319,5.377,1.496,261326.8,261.33,26815.73,1215.73,0.994,0.044,-0.008,-1.184,0.024,0.691,183.779,Fuzzy
2326,116.2757,91.617,1307.432,-159.400,0.710,5.161,-1.320,5.375,1.499,261277.8,261.28,26811.45,1211.45,0.994,0.082,0.002,-0.979,0.037,0.613,183.853,Fuzzy
2327,116.3257,91.652,1307.689,-159.466,0.716,5.158,-1.320,5.372,1.502,261228.9,261.23,26807.17,1207.17,0.994,0.124,0.018,-0.798,0.066,0.540,183.928,Fuzzy
2328,116.3757,91.688,1307.947,-159.532,0.721,5.155,-1.321,5.370,1.505,261180.0,261.18,26802.88,1202.88,0.994,0.157,0.044,-0.639,0.098,0.470,184.004,Fuzzy
2329,116.4257,91.725,1308.204,-159.599,0.727,5.152,-1.323,5.368,1.509,261131.0,261.13,26798.60,1198.60,0.994,0.183,0.081,-0.502,0.134,0.405,184.079,Fuzzy
2330,116.4756,91.761,1308.462,-159.665,0.731,5.149,-1.324,5.366,1.513,261082.1,261.08,26794.32,1194.32,0.994,0.205,0.129,-0.385,0.175,0.345,184.155,Fuzzy
2331,116.5256,91.798,1308.720,-159.731,0.736,5.146,-1.326,5.364,1.516,261033.2,261.03,26790.04,1190.04,0.994,0.219,0.191,-0.286,0.221,0.291,184.230,Fuzzy
2332,116.5756,91.835,1308.977,-159.797,0.740,5.142,-1.328,5.362,1.520,260984.3,260.98,26785.76,1185.76,0.994,0.231,0.268,-0.203,0.274,0.243,184.306,Fuzzy
2333,116.6255,91.872,1309.235,-159.864,0.744,5.139,-1.327,5.360,1.522,260935.4,260.94,26781.48,1181.48,0.994,0.239,0.249,-0.134,-0.276,0.201,184.382,Fuzzy
2334,116.6755,91.909,1309.491,-159.930,0.747,5.136,-1.325,5.357,1.521,260886.5,260.89,26777.21,1177.21,0.994,0.245,0.171,-0.077,-0.228,0.165,184.458,Fuzzy
2335,116.7255,91.946,1309.747,-159.996,0.751,5.133,-1.323,5.354,1.521,260837.7,260.84,26772.93,1172.93,0.994,0.248,0.106,-0.031,-0.187,0.135,184.534,Fuzzy
2336,116.7755,91.984,1310.004,-160.062,0.754,5.130,-1.322,5.350,1.521,260788.9,260.79,26768.65,1168.66,0.994,0.249,0.054,0.007,-0.152,0.114,184.610,Fuzzy
2337,116.8254,92.022,1310.260,-160.128,0.757,5.126,-1.320,5.347,1.522,260740.0,260.74,26764.38,1164.38,0.994,0.247,0.012,0.047,-0.122,0.141,184.686,Fuzzy
2338,116.8754,92.060,1310.516,-160.194,0.760,5.123,-1.319,5.345,1.522,260691.3,260.69,26760.11,1160.11,0.994,0.244,-0.025,0.096,-0.124,0.171,184.763,Fuzzy
2339,116.9254,92.098,1310.773,-160.260,0.764,5.120,-1.317,5.342,1.523,260642.5,260.64,26755.83,1155.83,0.994,0.237,-0.067,0.155,-0.150,0.206,184.839,Fuzzy
2340,116.9753,92.136,1311.029,-160.326,0.768,5.117,-1.316,5.339,1.523,260593.6,260.59,26751.56,1151.56,0.994,0.227,-0.119,0.225,-0.179,0.247,184.915,Fuzzy
2341,117.0253,92.175,1311.285,-160.392,0.772,5.113,-1.314,5.336,1.524,260544.9,260.55,26747.29,1147.29,0.994,0.213,-0.180,0.309,-0.212,0.292,184.991,Fuzzy
2342,117.0753,92.213,1311.540,-160.457,0.776,5.110,-1.312,5.332,1.524,260496.2,260.50,26743.02,1143.02,0.994,0.195,-0.252,0.408,-0.249,0.343,185.067,Fuzzy
2343,117.1253,92.252,1311.795,-160.523,0.781,5.107,-1.312,5.330,1.527,260447.4,260.45,26738.75,1138.75,0.994,0.171,-0.221,0.523,0.229,0.399,185.144,Fuzzy
2344,117.1752,92.291,1312.050,-160.589,0.786,5.103,-1.314,5.328,1.531,260398.8,260.40,26734.48,1134.48,0.994,0.143,-0.158,0.656,0.175,0.460,185.220,Fuzzy
2345,117.2252,92.331,1312.306,-160.654,0.791,5.100,-1.316,5.326,1.535,260350.0,260.35,26730.21,1130.21,0.994,0.107,-0.112,0.808,0.129,0.524,185.297,Fuzzy
2346,117.2752,92.371,1312.561,-160.720,0.797,5.097,-1.317,5.324,1.539,260301.3,260.30,26725.94,1125.94,0.994,0.066,-0.079,0.980,0.087,0.591,185.373,Fuzzy
2347,117.3252,92.411,1312.816,-160.786,0.802,5.093,-1.317,5.322,1.543,260252.7,260.25,26721.67,1121.67,0.994,0.034,-0.057,1.173,0.055,0.663,185.450,Fuzzy
2348,117.3751,92.451,1313.071,-160.852,0.798,5.090,-1.318,5.318,1.541,260204.0,260.20,26717.41,1117.41,0.994,0.059,-0.041,1.009,0.055,-0.615,185.528,Fuzzy
2349,117.4251,92.490,1313.325,-160.918,0.792,5.086,-1.319,5.314,1.539,260155.3,260.16,26713.14,1113.14,0.993,0.103,-0.022,0.826,0.062,-0.545,185.605,Fuzzy
2350,117.4751,92.530,1313.578,-160.984,0.787,5.083,-1.320,5.310,1.537,260106.8,260.11,26708.88,1108.88,0.993,0.137,-0.002,0.666,0.065,-0.476,185.681,Fuzzy
2351,117.5250,92.569,1313.832,-161.050,0.782,5.080,-1.321,5.306,1.535,260058.1,260.06,26704.61,1104.61,0.993,0.166,0.021,0.527,0.087,-0.411,185.758,Fuzzy
2352,117.5750,92.608,1314.086,-161.116,0.777,5.076,-1.322,5.303,1.534,260009.5,260.01,26700.35,1100.35,0.993,0.188,0.053,0.408,0.118,-0.351,185.835,Fuzzy
2353,117.6250,92.647,1314.340,-161.182,0.773,5.073,-1.324,5.299,1.533,259960.9,259.96,26696.09,1096.09,0.993,0.205,0.096,0.307,0.153,-0.297,185.912,Fuzzy
2354,117.6750,92.685,1314.594,-161.248,0.769,5.069,-1.325,5.296,1.532,259912.4,259.91,26691.83,1091.83,0.993,0.216,0.150,0.222,0.193,-0.249,185.988,Fuzzy
2355,117.7249,92.724,1314.848,-161.315,0.765,5.066,-1.327,5.292,1.532,259863.8,259.86,26687.57,1087.57,0.993,0.225,0.217,0.151,0.240,-0.206,186.065,Fuzzy
2356,117.7749,92.762,1315.101,-161.381,0.762,5.062,-1.330,5.289,1.533,259815.2,259.82,26683.31,1083.31,0.993,0.230,0.300,0.093,0.293,-0.170,186.141,Fuzzy
2357,117.8249,92.800,1315.353,-161.448,0.759,5.059,-1.330,5.285,1.531,259766.7,259.77,26679.05,1079.05,0.993,0.233,0.298,0.046,-0.306,-0.139,186.218,Fuzzy
2358,117.8749,92.838,1315.606,-161.514,0.755,5.055,-1.327,5.281,1.527,259718.2,259.72,26674.79,1074.79,0.993,0.236,0.212,0.007,-0.251,-0.113,186.294,Fuzzy
2359,117.9248,92.875,1315.859,-161.580,0.752,5.052,-1.325,5.277,1.524,259669.7,259.67,26670.53,1070.53,0.993,0.236,0.141,-0.029,-0.205,-0.123,186.371,Fuzzy
2360,117.9748,92.913,1316.111,-161.647,0.749,5.048,-1.323,5.272,1.521,259621.2,259.62,26666.28,1066.28,0.993,0.234,0.084,-0.072,-0.166,-0.151,186.447,Fuzzy
2361,118.0248,92.950,1316.364,-161.713,0.746,5.045,-1.322,5.268,1.518,259572.7,259.57,26662.02,1062.02,0.993,0.230,0.038,-0.124,-0.132,-0.183,186.523,Fuzzy
2362,118.0747,92.988,1316.617,-161.779,0.742,5.041,-1.320,5.264,1.515,259524.3,259.52,26657.77,1057.77,0.993,0.222,0.002,-0.186,-0.104,-0.220,186.599,Fuzzy
2363,118.1247,93.025,1316.868,-161.845,0.738,5.038,-1.319,5.259,1.512,259475.9,259.48,26653.51,1053.51,0.993,0.211,-0.032,-0.261,-0.115,-0.262,186.674,Fuzzy
2364,118.1747,93.061,1317.120,-161.911,0.734,5.034,-1.318,5.255,1.508,259427.4,259.43,26649.26,1049.26,0.993,0.195,-0.071,-0.350,-0.135,-0.309,186.750,Fuzzy
2365,118.2247,93.098,1317.371,-161.976,0.730,5.030,-1.316,5.251,1.505,259379.0,259.38,26645.00,1045.01,0.993,0.175,-0.116,-0.454,-0.155,-0.361,186.825,Fuzzy
2366,118.2746,93.134,1317.622,-162.042,0.725,5.027,-1.314,5.246,1.501,259330.6,259.33,26640.75,1040.75,0.993,0.147,-0.168,-0.575,-0.176,-0.418,186.900,Fuzzy
2367,118.3246,93.170,1317.874,-162.108,0.720,5.023,-1.313,5.241,1.497,259282.3,259.28,26636.50,1036.50,0.993,0.114,-0.226,-0.713,-0.197,-0.477,186.975,Fuzzy
2368,118.3746,93.206,1318.125,-162.173,0.715,5.019,-1.311,5.237,1.493,259233.9,259.23,26632.25,1032.25,0.993,0.071,-0.290,-0.870,-0.218,-0.538,187.050,Fuzzy
2369,118.4246,93.242,1318.376,-162.239,0.709,5.016,-1.312,5.233,1.491,259185.5,259.19,26628.00,1028.00,0.993,0.028,-0.265,-1.045,0.187,-0.600,187.124,Fuzzy
2370,118.4745,93.277,1318.627,-162.305,0.711,5.012,-1.313,5.230,1.493,259137.1,259.14,26623.75,1023.75,0.993,0.034,-0.214,-0.969,0.154,0.580,187.199,Fuzzy
2371,118.5245,93.313,1318.877,-162.370,0.717,5.008,-1.314,5.227,1.497,259088.9,259.09,26619.51,1019.51,0.993,0.077,-0.166,-0.796,0.146,0.516,187.274,Fuzzy
2372,118.5745,93.349,1319.127,-162.436,0.721,5.005,-1.316,5.225,1.501,259040.5,259.04,26615.26,1015.26,0.993,0.114,-0.122,-0.645,0.135,0.452,187.349,Fuzzy
2373,118.6244,93.385,1319.377,-162.502,0.726,5.001,-1.317,5.222,1.504,258992.3,258.99,26611.01,1011.01,0.993,0.141,-0.082,-0.513,0.121,0.391,187.424,Fuzzy
2374,118.6744,93.422,1319.628,-162.568,0.730,4.997,-1.318,5.220,1.507,258944.0,258.94,26606.77,1006.77,0.993,0.164,-0.046,-0.399,0.108,0.335,187.499,Fuzzy
2375,118.7244,93.458,1319.878,-162.634,0.734,4.994,-1.320,5.217,1.510,258895.7,258.90,26602.52,1002.52,0.993,0.181,-0.015,-0.303,0.094,0.283,187.574,Fuzzy
2376,118.7744,93.495,1320.127,-162.700,0.738,4.990,-1.321,5.214,1.513,258847.5,258.85,26598.28,998.28,0.993,0.194,0.013,-0.222,0.095,0.238,187.650,Fuzzy
2377,118.8243,93.532,1320.376,-162.766,0.741,4.986,-1.322,5.211,1.516,258799.2,258.80,26594.04,994.03,0.993,0.202,0.047,-0.154,0.121,0.198,187.726,Fuzzy
2378,118.8743,93.569,1320.625,-162.832,0.745,4.982,-1.323,5.209,1.519,258751.0,258.75,26589.79,989.79,0.993,0.207,0.089,-0.098,0.151,0.163,187.802,Fuzzy
2379,118.9243,93.606,1320.874,-162.898,0.748,4.978,-1.325,5.206,1.522,258702.8,258.70,26585.55,985.55,0.993,0.209,0.142,-0.052,0.186,0.133,187.878,Fuzzy
2380,118.9743,93.644,1321.123,-162.965,0.750,4.975,-1.327,5.203,1.525,258654.6,258.65,26581.31,981.31,0.993,0.210,0.206,-0.015,0.227,0.108,187.954,Fuzzy
2381,119.0242,93.682,1321.372,-163.031,0.753,4.971,-1.329,5.200,1.528,258606.4,258.61,26577.07,977.07,0.993,0.208,0.283,0.016,0.274,0.103,188.030,Fuzzy
2382,119.0742,93.719,1321.621,-163.097,0.756,4.967,-1.332,5.198,1.531,258558.3,258.56,26572.83,972.83,0.993,0.206,0.357,0.052,-0.330,0.126,188.107,Fuzzy
2383,119.1242,93.757,1321.869,-163.164,0.759,4.963,-1.329,5.194,1.530,258510.1,258.51,26568.59,968.59,0.993,0.203,0.263,0.096,-0.270,0.154,188.183,Fuzzy
2384,119.1741,93.795,1322.116,-163.230,0.762,4.959,-1.327,5.190,1.530,258462.0,258.46,26564.36,964.35,0.993,0.198,0.188,0.148,-0.219,0.185,188.260,Fuzzy
2385,119.2241,93.833,1322.364,-163.297,0.765,4.956,-1.325,5.186,1.530,258413.9,258.41,26560.12,960.12,0.993,0.190,0.127,0.212,-0.175,0.222,188.336,Fuzzy
2386,119.2741,93.872,1322.612,-163.363,0.769,4.952,-1.323,5.183,1.530,258365.8,258.37,26555.88,955.88,0.993,0.179,0.079,0.287,-0.138,0.264,188.413,Fuzzy
2387,119.3241,93.910,1322.860,-163.429,0.772,4.948,-1.322,5.179,1.531,258317.7,258.32,26551.65,951.65,0.992,0.163,0.041,0.376,-0.105,0.310,188.489,Fuzzy
2388,119.3740,93.949,1323.108,-163.495,0.777,4.944,-1.320,5.176,1.532,258269.6,258.27,26547.41,947.41,0.992,0.143,0.013,0.480,-0.077,0.361,188.566,Fuzzy
2389,119.4240,93.988,1323.354,-163.561,0.781,4.940,-1.319,5.172,1.533,258221.6,258.22,26543.18,943.18,0.992,0.117,-0.007,0.600,-0.059,0.417,188.642,Fuzzy
2390,119.4740,94.027,1323.601,-163.627,0.786,4.936,-1.318,5.169,1.535,258173.5,258.17,26538.95,938.95,0.992,0.086,-0.025,0.738,-0.057,0.476,188.719,Fuzzy
2391,119.5239,94.066,1323.847,-163.693,0.790,4.932,-1.318,5.166,1.536,258125.5,258.13,26534.71,934.71,0.992,0.052,-0.042,0.894,-0.053,0.540,188.796,Fuzzy
2392,119.5739,94.106,1324.094,-163.759,0.793,4.928,-1.317,5.162,1.537,258077.5,258.08,26530.48,930.48,0.992,0.040,-0.058,0.996,-0.056,-0.600,188.873,Fuzzy
2393,119.6239,94.145,1324.341,-163.824,0.788,4.924,-1.316,5.158,1.534,258029.5,258.03,26526.25,926.25,0.992,0.069,-0.079,0.820,-0.082,-0.524,188.949,Fuzzy
2394,119.6739,94.185,1324.587,-163.890,0.783,4.920,-1.315,5.153,1.530,257981.5,257.98,26522.02,922.02,0.992,0.101,-0.110,0.666,-0.116,-0.457,189.026,Fuzzy
2395,119.7238,94.224,1324.833,-163.956,0.779,4.916,-1.313,5.148,1.527,257933.6,257.93,26517.79,917.79,0.992,0.128,-0.153,0.533,-0.155,-0.396,189.102,Fuzzy
2396,119.7738,94.263,1325.078,-164.022,0.775,4.912,-1.312,5.143,1.523,257885.6,257.89,26513.56,913.56,0.992,0.149,-0.208,0.418,-0.201,-0.339,189.179,Fuzzy
2397,119.8238,94.301,1325.323,-164.087,0.771,4.908,-1.310,5.138,1.520,257837.7,257.84,26509.34,909.34,0.992,0.167,-0.278,0.320,-0.252,-0.288,189.255,Fuzzy
2398,119.8738,94.340,1325.569,-164.153,0.767,4.904,-1.311,5.134,1.519,257789.7,257.79,26505.11,905.11,0.992,0.181,-0.217,0.238,0.229,-0.243,189.331,Fuzzy
2399,119.9237,94.378,1325.814,-164.218,0.763,4.900,-1.313,5.130,1.519,257741.8,257.74,26500.88,900.89,0.992,0.192,-0.151,0.169,0.191,-0.203,189.406,Fuzzy
2400,119.9737,94.416,1326.060,-164.284,0.760,4.896,-1.315,5.126,1.519,257694.0,257.69,26496.66,896.66,0.992,0.199,-0.097,0.111,0.159,-0.168,189.482,Fuzzy
2401,120.0237,94.454,1326.304,-164.350,0.757,4.892,-1.316,5.122,1.519,257646.0,257.65,26492.44,892.44,0.992,0.204,-0.052,0.064,0.131,-0.138,189.558,Fuzzy
2402,120.0736,94.492,1326.548,-164.416,0.754,4.888,-1.318,5.118,1.518,257598.2,257.60,26488.21,888.21,0.992,0.207,-0.016,0.025,0.107,-0.113,189.634,Fuzzy
2403,120.1236,94.529,1326.792,-164.481,0.752,4.884,-1.319,5.114,1.518,257550.4,257.55,26483.99,883.99,0.992,0.207,0.015,-0.007,0.102,-0.096,189.710,Fuzzy
2404,120.1736,94.567,1327.036,-164.547,0.749,4.880,-1.320,5.110,1.518,257502.6,257.50,26479.77,879.77,0.992,0.206,0.050,-0.040,0.125,-0.118,189.786,Fuzzy
2405,120.2236,94.604,1327.281,-164.613,0.746,4.876,-1.321,5.106,1.518,257454.8,257.45,26475.55,875.55,0.992,0.202,0.093,-0.081,0.151,-0.143,189.862,Fuzzy
2406,120.2735,94.642,1327.525,-164.680,0.743,4.872,-1.323,5.103,1.518,257406.9,257.41,26471.33,871.33,0.992,0.196,0.145,-0.130,0.182,-0.172,189.938,Fuzzy
2407,120.3235,94.679,1327.768,-164.746,0.740,4.868,-1.325,5.099,1.518,257359.1,257.36,26467.11,867.11,0.992,0.187,0.207,-0.189,0.218,-0.206,190.014,Fuzzy
2408,120.3735,94.716,1328.011,-164.812,0.737,4.863,-1.327,5.095,1.518,257311.4,257.31,26462.89,862.89,0.992,0.175,0.281,-0.259,0.259,-0.245,190.090,Fuzzy
2409,120.4235,94.752,1328.254,-164.878,0.733,4.859,-1.325,5.090,1.514,257263.6,257.26,26458.67,858.67,0.992,0.161,0.206,-0.341,-0.214,-0.288,190.165,Fuzzy
2410,120.4734,94.789,1328.497,-164.945,0.729,4.855,-1.323,5.085,1.511,257215.9,257.22,26454.45,854.45,0.992,0.143,0.148,-0.438,-0.167,-0.337,190.241,Fuzzy
2411,120.5234,94.825,1328.740,-165.011,0.725,4.851,-1.322,5.080,1.507,257168.2,257.17,26450.24,850.24,0.992,0.119,0.102,-0.551,-0.127,-0.391,190.316,Fuzzy
2412,120.5734,94.861,1328.983,-165.077,0.720,4.847,-1.321,5.075,1.504,257120.5,257.12,26446.02,846.02,0.992,0.091,0.069,-0.680,-0.091,-0.447,190.392,Fuzzy
2413,120.6233,94.897,1329.224,-165.143,0.716,4.842,-1.320,5.070,1.501,257072.8,257.07,26441.81,841.81,0.992,0.059,0.046,-0.827,-0.061,-0.509,190.467,Fuzzy
2414,120.6733,94.933,1329.466,-165.209,0.711,4.838,-1.319,5.065,1.498,257025.1,257.03,26437.59,837.59,0.992,0.034,0.031,-0.994,-0.037,-0.578,190.542,Fuzzy
2415,120.7233,94.969,1329.708,-165.275,0.715,4.834,-1.318,5.061,1.499,256977.4,256.98,26433.38,833.38,0.992,0.059,0.019,-0.852,-0.040,0.535,190.617,Fuzzy
2416,120.7733,95.004,1329.950,-165.340,0.719,4.830,-1.317,5.058,1.501,256929.8,256.93,26429.17,829.17,0.992,0.093,0.006,-0.694,-0.046,0.468,190.692,Fuzzy
2417,120.8232,95.040,1330.191,-165.406,0.724,4.825,-1.317,5.054,1.502,256882.2,256.88,26424.96,824.95,0.992,0.120,-0.011,-0.557,-0.061,0.407,190.767,Fuzzy
2418,120.8732,95.077,1330.433,-165.472,0.728,4.821,-1.316,5.050,1.504,256834.5,256.83,26420.74,820.74,0.992,0.144,-0.034,-0.439,-0.086,0.349,190.842,Fuzzy
2419,120.9232,95.113,1330.673,-165.538,0.732,4.817,-1.314,5.046,1.504,256787.0,256.79,26416.53,816.53,0.992,0.162,-0.065,-0.339,-0.115,0.297,190.917,Fuzzy
2420,120.9732,95.150,1330.914,-165.604,0.736,4.813,-1.313,5.042,1.505,256739.4,256.74,26412.32,812.32,0.992,0.176,-0.106,-0.254,-0.148,0.250,190.992,Fuzzy
2421,121.0231,95.187,1331.154,-165.669,0.739,4.808,-1.311,5.038,1.505,256691.8,256.69,26408.12,808.12,0.992,0.185,-0.158,-0.182,-0.185,0.209,191.068,Fuzzy
2422,121.0731,95.224,1331.395,-165.735,0.742,4.804,-1.309,5.034,1.505,256644.3,256.64,26403.91,803.91,0.992,0.192,-0.222,-0.123,-0.228,0.173,191.143,Fuzzy
2423,121.1231,95.261,1331.635,-165.800,0.745,4.800,-1.307,5.030,1.504,256596.7,256.60,26399.70,799.70,0.992,0.196,-0.301,-0.075,-0.279,0.142,191.218,Fuzzy
2424,121.1730,95.298,1331.875,-165.865,0.748,4.795,-1.308,5.026,1.507,256549.2,256.55,26395.49,795.49,0.992,0.199,-0.265,-0.035,0.269,0.116,191.293,Fuzzy
2425,121.2230,95.336,1332.114,-165.931,0.750,4.791,-1.310,5.023,1.510,256501.7,256.50,26391.29,791.29,0.991,0.201,-0.189,-0.002,0.221,0.095,191.369,Fuzzy
2426,121.2730,95.373,1332.354,-165.996,0.753,4.787,-1.312,5.020,1.513,256454.2,256.45,26387.08,787.08,0.991,0.201,-0.127,0.028,0.180,0.108,191.444,Fuzzy
2427,121.3230,95.411,1332.593,-166.062,0.756,4.782,-1.313,5.017,1.515,256406.7,256.41,26382.88,782.88,0.991,0.200,-0.077,0.066,0.146,0.133,191.520,Fuzzy
2428,121.3729,95.449,1332.832,-166.128,0.759,4.778,-1.315,5.013,1.518,256359.3,256.36,26378.68,778.68,0.991,0.196,-0.037,0.112,0.116,0.161,191.596,Fuzzy
2429,121.4229,95.487,1333.071,-166.193,0.762,4.773,-1.316,5.010,1.520,256311.8,256.31,26374.47,774.47,0.991,0.189,-0.005,0.167,0.092,0.193,191.672,Fuzzy
2430,121.4729,95.525,1333.310,-166.259,0.765,4.769,-1.317,5.006,1.523,256264.4,256.26,26370.27,770.27,0.991,0.179,0.023,0.232,0.096,0.230,191.748,Fuzzy
2431,121.5229,95.563,1333.548,-166.325,0.769,4.765,-1.318,5.003,1.526,256217.0,256.22,26366.07,766.07,0.991,0.166,0.056,0.310,0.112,0.271,191.824,Fuzzy
2432,121.5728,95.602,1333.786,-166.391,0.772,4.760,-1.319,5.000,1.529,256169.5,256.17,26361.87,761.87,0.991,0.147,0.093,0.401,0.128,0.317,191.900,Fuzzy
2433,121.6228,95.641,1334.024,-166.457,0.776,4.756,-1.321,4.996,1.532,256122.2,256.12,26357.67,757.67,0.991,0.124,0.135,0.507,0.144,0.367,191.977,Fuzzy
2434,121.6728,95.680,1334.262,-166.523,0.781,4.751,-1.322,4.993,1.535,256074.8,256.07,26353.47,753.47,0.991,0.093,0.183,0.628,0.161,0.421,192.054,Fuzzy
2435,121.7227,95.719,1334.499,-166.589,0.785,4.747,-1.324,4.990,1.539,256027.5,256.03,26349.28,749.28,0.991,0.056,0.235,0.767,0.176,0.477,192.130,Fuzzy
2436,121.7727,95.758,1334.736,-166.656,0.790,4.742,-1.325,4.987,1.542,255980.1,255.98,26345.08,745.08,0.991,0.000,0.268,0.922,-0.184,0.535,192.207,Fuzzy
2437,121.8227,95.798,1334.973,-166.722,0.791,4.738,-1.325,4.983,1.543,255932.8,255.93,26340.88,740.88,0.991,0.040,0.276,0.950,-0.197,-0.574,192.285,Fuzzy
2438,121.8727,95.837,1335.210,-166.788,0.786,4.733,-1.323,4.977,1.539,255885.5,255.89,26336.69,736.69,0.991,0.084,0.217,0.780,-0.181,-0.510,192.362,Fuzzy
2439,121.9226,95.876,1335.447,-166.854,0.781,4.729,-1.321,4.971,1.535,255838.2,255.84,26332.49,732.49,0.991,0.119,0.163,0.630,-0.164,-0.447,192.438,Fuzzy
2440,121.9726,95.915,1335.683,-166.920,0.776,4.724,-1.320,4.966,1.531,255790.9,255.79,26328.30,728.30,0.991,0.148,0.114,0.500,-0.146,-0.387,192.515,Fuzzy
2441,122.0226,95.954,1335.919,-166.986,0.772,4.720,-1.318,4.961,1.527,255743.7,255.74,26324.11,724.11,0.991,0.170,0.072,0.388,-0.128,-0.331,192.592,Fuzzy
2442,122.0725,95.992,1336.155,-167.052,0.768,4.715,-1.317,4.955,1.524,255696.4,255.70,26319.91,719.91,0.991,0.187,0.035,0.293,-0.111,-0.280,192.668,Fuzzy
2443,122.1225,96.031,1336.390,-167.118,0.764,4.710,-1.315,4.950,1.521,255649.2,255.65,26315.72,715.72,0.991,0.199,0.003,0.213,-0.094,-0.235,192.744,Fuzzy
2444,122.1725,96.069,1336.626,-167.183,0.760,4.706,-1.314,4.945,1.518,255602.0,255.60,26311.53,711.53,0.991,0.207,-0.028,0.146,-0.110,-0.195,192.820,Fuzzy
2445,122.2225,96.107,1336.861,-167.249,0.757,4.701,-1.313,4.939,1.515,255554.8,255.55,26307.34,707.34,0.991,0.212,-0.066,0.091,-0.138,-0.161,192.896,Fuzzy
2446,122.2724,96.145,1337.096,-167.315,0.754,4.697,-1.311,4.934,1.512,255507.6,255.51,26303.15,703.15,0.991,0.214,-0.114,0.046,-0.170,-0.131,192.971,Fuzzy
2447,122.3224,96.182,1337.330,-167.380,0.751,4.692,-1.309,4.929,1.509,255460.5,255.46,26298.96,698.96,0.991,0.214,-0.173,0.010,-0.208,-0.106,193.047,Fuzzy
2448,122.3724,96.220,1337.565,-167.446,0.749,4.687,-1.307,4.923,1.506,255413.3,255.41,26294.78,694.78,0.991,0.212,-0.244,-0.022,-0.252,-0.109,193.122,Fuzzy
2449,122.4224,96.257,1337.799,-167.511,0.746,4.683,-1.304,4.918,1.502,255366.2,255.37,26290.59,690.59,0.991,0.208,-0.330,-0.060,-0.303,-0.132,193.198,Fuzzy
2450,122.4723,96.294,1338.034,-167.576,0.743,4.678,-1.303,4.913,1.500,255319.0,255.32,26286.40,686.40,0.991,0.204,-0.368,-0.105,0.336,-0.160,193.273,Fuzzy
2451,122.5223,96.331,1338.267,-167.641,0.740,4.673,-1.306,4.908,1.501,255272.0,255.27,26282.22,682.22,0.991,0.198,-0.273,-0.160,0.274,-0.193,193.348,Fuzzy
2452,122.5723,96.368,1338.501,-167.707,0.736,4.669,-1.308,4.904,1.501,255224.9,255.22,26278.04,678.03,0.991,0.190,-0.197,-0.226,0.221,-0.230,193.423,Fuzzy
2453,122.6222,96.405,1338.734,-167.772,0.732,4.664,-1.310,4.900,1.501,255177.8,255.18,26273.85,673.85,0.991,0.179,-0.135,-0.304,0.176,-0.274,193.498,Fuzzy
2454,122.6722,96.441,1338.967,-167.838,0.729,4.659,-1.312,4.895,1.500,255130.8,255.13,26269.67,669.67,0.991,0.163,-0.087,-0.396,0.137,-0.322,193.573,Fuzzy
2455,122.7222,96.478,1339.200,-167.903,0.724,4.655,-1.313,4.890,1.500,255083.7,255.08,26265.49,665.49,0.991,0.143,-0.051,-0.503,0.102,-0.374,193.648,Fuzzy
2456,122.7722,96.514,1339.433,-167.969,0.720,4.650,-1.314,4.885,1.498,255036.7,255.04,26261.30,661.30,0.991,0.117,-0.024,-0.628,0.072,-0.432,193.723,Fuzzy
2457,122.8221,96.550,1339.665,-168.035,0.715,4.645,-1.315,4.880,1.497,254989.7,254.99,26257.12,657.12,0.991,0.086,-0.006,-0.770,0.047,-0.494,193.797,Fuzzy
2458,122.8721,96.585,1339.897,-168.100,0.710,4.640,-1.316,4.875,1.495,254942.7,254.94,26252.94,652.94,0.991,0.056,0.006,-0.932,0.031,-0.561,193.872,Fuzzy
2459,122.9221,96.621,1340.129,-168.166,0.709,4.636,-1.317,4.871,1.495,254895.8,254.90,26248.76,648.76,0.991,0.056,0.015,-0.964,0.034,0.591,193.947,Fuzzy
2460,122.9721,96.656,1340.361,-168.232,0.714,4.631,-1.317,4.867,1.498,254848.8,254.85,26244.59,644.59,0.991,0.082,0.029,-0.791,0.055,0.516,194.022,Fuzzy
2461,123.0220,96.692,1340.593,-168.298,0.719,4.626,-1.318,4.864,1.502,254801.8,254.80,26240.41,640.41,0.991,0.112,0.051,-0.640,0.083,0.448,194.097,Fuzzy
2462,123.0720,96.728,1340.823,-168.364,0.723,4.621,-1.319,4.860,1.505,254754.9,254.75,26236.23,636.23,0.991,0.137,0.082,-0.510,0.114,0.387,194.172,Fuzzy
2463,123.1220,96.765,1341.054,-168.430,0.728,4.616,-1.321,4.856,1.508,254708.0,254.71,26232.05,632.06,0.991,0.156,0.123,-0.398,0.149,0.330,194.247,Fuzzy
2464,123.1719,96.801,1341.285,-168.496,0.732,4.612,-1.322,4.853,1.511,254661.1,254.66,26227.88,627.88,0.991,0.171,0.175,-0.303,0.190,0.279,194.323,Fuzzy
2465,123.2219,96.838,1341.515,-168.562,0.735,4.607,-1.324,4.849,1.515,254614.2,254.61,26223.71,623.71,0.990,0.182,0.242,-0.223,0.236,0.234,194.398,Fuzzy
2466,123.2719,96.875,1341.746,-168.628,0.739,4.602,-1.327,4.846,1.518,254567.4,254.57,26219.53,619.53,0.990,0.191,0.323,-0.157,0.290,0.194,194.474,Fuzzy
2467,123.3219,96.912,1341.976,-168.695,0.742,4.597,-1.326,4.842,1.519,254520.5,254.52,26215.36,615.36,0.990,0.197,0.286,-0.102,-0.281,0.161,194.550,Fuzzy
2468,123.3718,96.949,1342.205,-168.761,0.745,4.592,-1.323,4.837,1.518,254473.7,254.47,26211.19,611.19,0.990,0.202,0.206,-0.057,-0.232,0.133,194.626,Fuzzy
2469,123.4218,96.986,1342.435,-168.827,0.747,4.587,-1.321,4.832,1.518,254426.9,254.43,26207.02,607.02,0.990,0.205,0.141,-0.019,-0.191,0.108,194.702,Fuzzy
2470,123.4718,97.023,1342.664,-168.893,0.750,4.582,-1.320,4.827,1.518,254380.0,254.38,26202.84,602.84,0.990,0.206,0.087,0.011,-0.155,0.099,194.778,Fuzzy
2471,123.5218,97.061,1342.894,-168.959,0.752,4.578,-1.318,4.823,1.518,254333.3,254.33,26198.67,598.67,0.990,0.205,0.044,0.046,-0.125,0.121,194.854,Fuzzy
2472,123.5717,97.099,1343.122,-169.025,0.755,4.573,-1.317,4.818,1.518,254286.5,254.29,26194.51,594.51,0.990,0.202,0.009,0.088,-0.100,0.148,194.930,Fuzzy
2473,123.6217,97.136,1343.350,-169.091,0.758,4.568,-1.316,4.813,1.518,254239.8,254.24,26190.34,590.34,0.990,0.196,-0.020,0.138,-0.101,0.178,195.005,Fuzzy
2474,123.6717,97.174,1343.578,-169.156,0.761,4.563,-1.314,4.809,1.519,254193.0,254.19,26186.17,586.17,0.990,0.188,-0.055,0.199,-0.121,0.213,195.081,Fuzzy
2475,123.7216,97.213,1343.807,-169.222,0.765,4.558,-1.313,4.804,1.519,254146.3,254.15,26182.00,582.00,0.990,0.175,-0.096,0.271,-0.142,0.252,195.157,Fuzzy
2476,123.7716,97.251,1344.035,-169.288,0.769,4.553,-1.311,4.800,1.520,254099.6,254.10,26177.84,577.84,0.990,0.158,-0.143,0.356,-0.165,0.296,195.233,Fuzzy
2477,123.8216,97.289,1344.262,-169.353,0.773,4.548,-1.309,4.795,1.520,254052.9,254.05,26173.67,573.67,0.990,0.137,-0.198,0.454,-0.190,0.344,195.309,Fuzzy
2478,123.8716,97.328,1344.489,-169.419,0.777,4.543,-1.307,4.791,1.521,254006.2,254.01,26169.51,569.51,0.990,0.110,-0.261,0.569,-0.217,0.396,195.385,Fuzzy
2479,123.9215,97.367,1344.716,-169.484,0.781,4.538,-1.307,4.786,1.523,253959.6,253.96,26165.34,565.34,0.990,0.077,-0.274,0.699,0.219,0.452,195.461,Fuzzy
2480,123.9715,97.406,1344.943,-169.549,0.786,4.533,-1.309,4.783,1.526,253913.0,253.91,26161.18,561.18,0.990,0.044,-0.215,0.847,0.163,0.510,195.538,Fuzzy
2481,124.0215,97.446,1345.170,-169.615,0.790,4.528,-1.310,4.779,1.529,253866.3,253.87,26157.02,557.02,0.990,0.028,-0.171,0.978,0.127,-0.585,195.614,Fuzzy
2482,124.0714,97.485,1345.396,-169.680,0.785,4.523,-1.311,4.774,1.528,253819.7,253.82,26152.86,552.86,0.990,0.063,-0.133,0.807,0.118,-0.514,195.690,Fuzzy
2483,124.1214,97.524,1345.621,-169.746,0.780,4.518,-1.312,4.769,1.527,253773.1,253.77,26148.70,548.69,0.990,0.097,-0.097,0.656,0.110,-0.449,195.767,Fuzzy
2484,124.1714,97.563,1345.847,-169.811,0.776,4.513,-1.314,4.764,1.526,253726.5,253.73,26144.54,544.54,0.990,0.125,-0.064,0.525,0.102,-0.390,195.843,Fuzzy
2485,124.2214,97.602,1346.073,-169.877,0.772,4.508,-1.315,4.758,1.525,253680.0,253.68,26140.38,540.38,0.990,0.148,-0.034,0.412,0.092,-0.334,195.919,Fuzzy
2486,124.2713,97.640,1346.298,-169.943,0.768,4.503,-1.316,4.753,1.524,253633.5,253.63,26136.22,536.22,0.990,0.166,-0.007,0.316,0.081,-0.284,195.996,Fuzzy
2487,124.3213,97.679,1346.523,-170.009,0.764,4.497,-1.317,4.748,1.523,253586.9,253.59,26132.06,532.06,0.990,0.178,0.019,0.234,0.091,-0.239,196.072,Fuzzy
2488,124.3713,97.717,1346.748,-170.075,0.761,4.492,-1.319,4.743,1.522,253540.4,253.54,26127.90,527.90,0.990,0.187,0.051,0.166,0.117,-0.199,196.148,Fuzzy
2489,124.4213,97.755,1346.972,-170.141,0.758,4.487,-1.320,4.738,1.522,253493.9,253.49,26123.75,523.75,0.990,0.193,0.092,0.110,0.146,-0.164,196.224,Fuzzy
2490,124.4712,97.792,1347.197,-170.207,0.755,4.482,-1.322,4.734,1.522,253447.4,253.45,26119.59,519.59,0.990,0.196,0.143,0.064,0.181,-0.135,196.300,Fuzzy
2491,124.5212,97.830,1347.421,-170.273,0.752,4.477,-1.324,4.729,1.523,253401.0,253.40,26115.44,515.44,0.990,0.196,0.205,0.026,0.220,-0.109,196.376,Fuzzy
2492,124.5712,97.868,1347.644,-170.339,0.750,4.472,-1.326,4.724,1.523,253354.5,253.35,26111.28,511.28,0.990,0.195,0.280,-0.004,0.266,-0.090,196.452,Fuzzy
2493,124.6211,97.905,1347.868,-170.405,0.747,4.467,-1.329,4.720,1.524,253308.1,253.31,26107.13,507.13,0.990,0.194,0.371,-0.035,0.320,-0.110,196.528,Fuzzy
2494,124.6711,97.942,1348.091,-170.472,0.745,4.462,-1.327,4.714,1.522,253261.7,253.26,26102.98,502.98,0.990,0.192,0.312,-0.073,-0.295,-0.134,196.605,Fuzzy
2495,124.7211,97.980,1348.314,-170.538,0.742,4.456,-1.325,4.708,1.518,253215.3,253.22,26098.83,498.83,0.990,0.189,0.229,-0.119,-0.241,-0.162,196.681,Fuzzy
2496,124.7711,98.017,1348.537,-170.604,0.739,4.451,-1.323,4.702,1.515,253168.9,253.17,26094.67,494.67,0.990,0.183,0.161,-0.174,-0.195,-0.195,196.756,Fuzzy
2497,124.8210,98.053,1348.759,-170.670,0.735,4.446,-1.321,4.696,1.512,253122.6,253.12,26090.52,490.52,0.990,0.175,0.108,-0.240,-0.155,-0.233,196.832,Fuzzy
2498,124.8710,98.090,1348.981,-170.736,0.732,4.441,-1.319,4.690,1.508,253076.2,253.08,26086.38,486.38,0.990,0.162,0.065,-0.319,-0.121,-0.275,196.908,Fuzzy
2499,124.9210,98.127,1349.203,-170.802,0.728,4.435,-1.318,4.684,1.505,253029.8,253.03,26082.23,482.23,0.990,0.145,0.032,-0.412,-0.091,-0.323,196.983,Fuzzy
2500,124.9710,98.163,1349.425,-170.868,0.724,4.430,-1.317,4.678,1.503,252983.5,252.98,26078.08,478.08,0.990,0.124,0.008,-0.519,-0.066,-0.375,197.058,Fuzzy
2501,125.0209,98.199,1349.646,-170.934,0.719,4.425,-1.316,4.672,1.500,252937.3,252.94,26073.93,473.93,0.990,0.099,-0.009,-0.643,-0.052,-0.432,197.133,Fuzzy
2502,125.0709,98.235,1349.867,-171.000,0.715,4.420,-1.315,4.666,1.497,252891.0,252.89,26069.79,469.79,0.990,0.071,-0.024,-0.786,-0.050,-0.494,197.208,Fuzzy
2503,125.1209,98.270,1350.088,-171.066,0.710,4.414,-1.314,4.660,1.494,252844.7,252.84,26065.64,465.64,0.990,0.052,-0.040,-0.948,-0.050,-0.565,197.283,Fuzzy
2504,125.1708,98.306,1350.309,-171.131,0.714,4.409,-1.313,4.656,1.495,252798.5,252.80,26061.49,461.50,0.990,0.063,-0.057,-0.810,-0.066,0.517,197.357,Fuzzy
2505,125.2208,98.342,1350.529,-171.197,0.718,4.404,-1.312,4.651,1.496,252752.2,252.75,26057.35,457.35,0.990,0.088,-0.082,-0.659,-0.093,0.448,197.432,Fuzzy
2506,125.2708,98.378,1350.749,-171.262,0.723,4.399,-1.311,4.646,1.497,252706.0,252.71,26053.21,453.21,0.990,0.114,-0.116,-0.529,-0.126,0.387,197.507,Fuzzy
2507,125.3208,98.414,1350.969,-171.328,0.727,4.393,-1.309,4.641,1.497,252659.8,252.66,26049.07,449.07,0.989,0.134,-0.161,-0.417,-0.164,0.331,197.582,Fuzzy
2508,125.3707,98.451,1351.188,-171.393,0.730,4.388,-1.307,4.636,1.497,252613.6,252.61,26044.92,444.92,0.989,0.149,-0.218,-0.322,-0.207,0.281,197.657,Fuzzy
2509,125.4207,98.487,1351.408,-171.459,0.734,4.383,-1.305,4.631,1.497,252567.4,252.57,26040.78,440.78,0.989,0.162,-0.290,-0.242,-0.257,0.236,197.732,Fuzzy
2510,125.4707,98.524,1351.627,-171.524,0.737,4.377,-1.303,4.626,1.497,252521.3,252.52,26036.64,436.64,0.989,0.172,-0.359,-0.174,0.315,0.198,197.806,Fuzzy
2511,125.5207,98.561,1351.845,-171.589,0.740,4.372,-1.305,4.622,1.501,252475.2,252.48,26032.50,432.50,0.989,0.180,-0.269,-0.119,0.262,0.164,197.881,Fuzzy
2512,125.5706,98.598,1352.064,-171.654,0.743,4.366,-1.307,4.618,1.504,252429.0,252.43,26028.37,428.36,0.989,0.187,-0.195,-0.072,0.218,0.136,197.956,Fuzzy
2513,125.6206,98.635,1352.282,-171.720,0.745,4.361,-1.309,4.614,1.507,252383.0,252.38,26024.23,424.23,0.989,0.191,-0.134,-0.034,0.179,0.112,198.032,Fuzzy
2514,125.6706,98.672,1352.500,-171.785,0.748,4.356,-1.311,4.610,1.509,252336.8,252.34,26020.09,420.09,0.989,0.193,-0.083,-0.003,0.146,0.091,198.107,Fuzzy
2515,125.7205,98.710,1352.717,-171.851,0.750,4.350,-1.313,4.606,1.512,252290.8,252.29,26015.95,415.95,0.989,0.193,-0.043,0.027,0.119,0.104,198.183,Fuzzy
2516,125.7705,98.747,1352.935,-171.916,0.753,4.345,-1.314,4.601,1.514,252244.7,252.24,26011.82,411.82,0.989,0.191,-0.010,0.063,0.095,0.126,198.258,Fuzzy
2517,125.8205,98.785,1353.152,-171.982,0.756,4.339,-1.315,4.597,1.517,252198.7,252.20,26007.68,407.68,0.989,0.187,0.019,0.106,0.096,0.153,198.334,Fuzzy
2518,125.8705,98.823,1353.369,-172.048,0.759,4.334,-1.316,4.593,1.519,252152.7,252.15,26003.55,403.55,0.989,0.179,0.051,0.158,0.115,0.183,198.410,Fuzzy
2519,125.9204,98.861,1353.585,-172.114,0.762,4.329,-1.318,4.588,1.522,252106.7,252.11,25999.41,399.41,0.989,0.169,0.090,0.220,0.136,0.218,198.486,Fuzzy
2520,125.9704,98.899,1353.802,-172.180,0.765,4.323,-1.319,4.584,1.525,252060.7,252.06,25995.28,395.28,0.989,0.156,0.136,0.294,0.159,0.257,198.562,Fuzzy
2521,126.0204,98.938,1354.018,-172.246,0.769,4.318,-1.321,4.580,1.528,252014.7,252.01,25991.15,391.15,0.989,0.137,0.189,0.380,0.184,0.300,198.638,Fuzzy
2522,126.0704,98.976,1354.234,-172.312,0.772,4.312,-1.323,4.576,1.532,251968.8,251.97,25987.02,387.02,0.989,0.114,0.250,0.480,0.212,0.347,198.715,Fuzzy
2523,126.1203,99.015,1354.449,-172.378,0.776,4.307,-1.325,4.572,1.535,251922.8,251.92,25982.89,382.89,0.989,0.084,0.320,0.594,0.241,0.399,198.792,Fuzzy
2524,126.1703,99.054,1354.664,-172.444,0.781,4.301,-1.324,4.567,1.537,251876.9,251.88,25978.76,378.76,0.989,0.052,0.291,0.725,-0.217,0.453,198.868,Fuzzy
2525,126.2203,99.093,1354.879,-172.510,0.785,4.296,-1.322,4.562,1.537,251831.0,251.83,25974.63,374.63,0.989,0.028,0.232,0.873,-0.166,0.515,198.945,Fuzzy
2526,126.2702,99.132,1355.094,-172.576,0.783,4.290,-1.320,4.557,1.535,251785.1,251.79,25970.50,370.50,0.989,0.044,0.185,0.806,-0.144,-0.505,199.022,Fuzzy
2527,126.3202,99.171,1355.309,-172.642,0.779,4.285,-1.319,4.550,1.532,251739.2,251.74,25966.38,366.37,0.989,0.079,0.142,0.658,-0.132,-0.442,199.099,Fuzzy
2528,126.3702,99.210,1355.522,-172.708,0.775,4.279,-1.318,4.544,1.528,251693.3,251.69,25962.25,362.25,0.989,0.108,0.103,0.529,-0.120,-0.384,199.175,Fuzzy
2529,126.4202,99.249,1355.736,-172.774,0.771,4.273,-1.316,4.537,1.525,251647.5,251.65,25958.12,358.12,0.989,0.131,0.067,0.418,-0.107,-0.330,199.252,Fuzzy
2530,126.4701,99.287,1355.949,-172.840,0.767,4.268,-1.315,4.531,1.522,251601.7,251.60,25954.00,354.00,0.989,0.149,0.036,0.323,-0.094,-0.281,199.328,Fuzzy
2531,126.5201,99.325,1356.163,-172.906,0.763,4.262,-1.314,4.525,1.519,251555.9,251.56,25949.87,349.87,0.989,0.163,0.009,0.242,-0.082,-0.237,199.404,Fuzzy
2532,126.5701,99.363,1356.376,-172.971,0.760,4.257,-1.313,4.519,1.517,251510.1,251.51,25945.75,345.75,0.989,0.172,-0.016,0.175,-0.087,-0.198,199.480,Fuzzy
2533,126.6200,99.401,1356.588,-173.037,0.757,4.251,-1.311,4.513,1.514,251464.3,251.46,25941.63,341.63,0.989,0.178,-0.047,0.119,-0.111,-0.164,199.555,Fuzzy
2534,126.6700,99.439,1356.801,-173.102,0.755,4.246,-1.310,4.507,1.512,251418.6,251.42,25937.50,337.50,0.989,0.182,-0.086,0.073,-0.137,-0.135,199.631,Fuzzy
2535,126.7200,99.477,1357.013,-173.168,0.752,4.240,-1.308,4.500,1.509,251372.8,251.37,25933.38,333.38,0.989,0.182,-0.133,0.035,-0.169,-0.109,199.707,Fuzzy
2536,126.7700,99.514,1357.225,-173.233,0.750,4.234,-1.306,4.494,1.506,251327.1,251.33,25929.26,329.26,0.989,0.182,-0.191,0.005,-0.205,-0.089,199.782,Fuzzy
2537,126.8199,99.552,1357.436,-173.298,0.747,4.229,-1.304,4.488,1.503,251281.4,251.28,25925.14,325.14,0.989,0.179,-0.261,-0.022,-0.248,-0.095,199.857,Fuzzy
2538,126.8699,99.589,1357.648,-173.364,0.745,4.223,-1.301,4.481,1.500,251235.7,251.24,25921.02,321.02,0.989,0.176,-0.345,-0.055,-0.297,-0.115,199.932,Fuzzy
2539,126.9199,99.626,1357.859,-173.429,0.742,4.217,-1.301,4.476,1.498,251190.0,251.19,25916.90,316.90,0.989,0.172,-0.343,-0.095,0.305,-0.139,200.007,Fuzzy
2540,126.9699,99.663,1358.070,-173.494,0.740,4.212,-1.304,4.470,1.499,251144.4,251.14,25912.79,312.79,0.989,0.167,-0.257,-0.142,0.249,-0.168,200.082,Fuzzy
2541,127.0198,99.700,1358.280,-173.559,0.737,4.206,-1.306,4.465,1.499,251098.8,251.10,25908.67,308.67,0.989,0.161,-0.188,-0.199,0.201,-0.201,200.157,Fuzzy
2542,127.0698,99.737,1358.490,-173.624,0.734,4.200,-1.308,4.460,1.499,251053.1,251.05,25904.55,304.55,0.989,0.151,-0.132,-0.267,0.161,-0.239,200.232,Fuzzy
2543,127.1198,99.774,1358.700,-173.690,0.730,4.195,-1.309,4.454,1.499,251007.5,251.01,25900.44,300.44,0.989,0.137,-0.088,-0.348,0.126,-0.282,200.307,Fuzzy
2544,127.1697,99.810,1358.910,-173.755,0.727,4.189,-1.311,4.449,1.499,250961.9,250.96,25896.32,296.32,0.989,0.120,-0.054,-0.442,0.095,-0.329,200.382,Fuzzy
2545,127.2197,99.846,1359.119,-173.821,0.723,4.183,-1.312,4.443,1.498,250916.3,250.92,25892.21,292.21,0.989,0.099,-0.029,-0.551,0.068,-0.381,200.457,Fuzzy
2546,127.2697,99.882,1359.328,-173.886,0.719,4.177,-1.313,4.437,1.497,250870.8,250.87,25888.10,288.10,0.989,0.074,-0.012,-0.677,0.045,-0.438,200.532,Fuzzy
2547,127.3197,99.918,1359.536,-173.952,0.714,4.172,-1.313,4.431,1.495,250825.2,250.83,25883.98,283.98,0.989,0.056,-0.001,-0.821,0.028,-0.503,200.606,Fuzzy
2548,127.3696,99.954,1359.745,-174.018,0.715,4.166,-1.314,4.426,1.496,250779.7,250.78,25879.87,279.87,0.989,0.059,0.007,-0.786,0.030,0.501,200.681,Fuzzy
2549,127.4196,99.990,1359.953,-174.084,0.719,4.160,-1.315,4.422,1.499,250734.2,250.73,25875.76,275.76,0.989,0.079,0.019,-0.640,0.048,0.433,200.756,Fuzzy
2550,127.4696,100.026,1360.161,-174.149,0.723,4.154,-1.316,4.417,1.501,250688.8,250.69,25871.65,271.65,0.988,0.103,0.038,-0.515,0.071,0.373,200.831,Fuzzy
2551,127.5196,100.062,1360.368,-174.215,0.727,4.148,-1.317,4.413,1.504,250643.3,250.64,25867.54,267.54,0.988,0.122,0.064,-0.407,0.097,0.319,200.906,Fuzzy
2552,127.5695,100.098,1360.576,-174.281,0.731,4.143,-1.318,4.408,1.507,250597.8,250.60,25863.43,263.43,0.988,0.137,0.098,-0.315,0.126,0.271,200.981,Fuzzy
2553,127.6195,100.135,1360.783,-174.347,0.734,4.137,-1.320,4.404,1.510,250552.3,250.55,25859.33,259.33,0.988,0.148,0.143,-0.238,0.159,0.227,201.057,Fuzzy
2554,127.6695,100.172,1360.990,-174.413,0.737,4.131,-1.321,4.399,1.513,250506.9,250.51,25855.22,255.22,0.988,0.156,0.198,-0.174,0.198,0.190,201.132,Fuzzy
2555,127.7194,100.209,1361.196,-174.479,0.740,4.125,-1.323,4.395,1.516,250461.5,250.46,25851.11,251.11,0.988,0.161,0.266,-0.120,0.242,0.157,201.208,Fuzzy
2556,127.7694,100.246,1361.402,-174.545,0.742,4.119,-1.326,4.391,1.519,250416.1,250.42,25847.01,247.01,0.988,0.166,0.348,-0.076,0.293,0.129,201.284,Fuzzy
2557,127.8194,100.283,1361.608,-174.611,0.745,4.113,-1.324,4.385,1.519,250370.7,250.37,25842.90,242.90,0.988,0.168,0.278,-0.040,-0.262,0.106,201.360,Fuzzy
2558,127.8694,100.320,1361.813,-174.678,0.747,4.108,-1.321,4.379,1.518,250325.4,250.33,25838.80,238.80,0.988,0.171,0.204,-0.010,-0.216,0.087,201.436,Fuzzy
2559,127.9193,100.358,1362.018,-174.744,0.749,4.102,-1.319,4.373,1.517,250280.0,250.28,25834.69,234.69,0.988,0.172,0.143,0.015,-0.177,0.087,201.512,Fuzzy
2560,127.9693,100.395,1362.224,-174.810,0.751,4.096,-1.318,4.368,1.517,250234.8,250.23,25830.59,230.59,0.988,0.171,0.093,0.046,-0.144,0.108,201.588,Fuzzy
2561,128.0193,100.433,1362.429,-174.875,0.754,4.090,-1.316,4.362,1.517,250189.4,250.19,25826.49,226.49,0.988,0.169,0.053,0.083,-0.116,0.131,201.663,Fuzzy
2562,128.0694,100.471,1362.633,-174.941,0.756,4.084,-1.315,4.357,1.517,250144.2,250.14,25822.39,222.39,0.988,0.164,0.021,0.127,-0.092,0.157,201.739,Fuzzy
2563,128.1194,100.508,1362.836,-175.007,0.759,4.078,-1.314,4.351,1.517,250098.9,250.10,25818.29,218.29,0.988,0.157,-0.004,0.181,-0.074,0.188,201.815,Fuzzy
2564,128.1694,100.546,1363.040,-175.073,0.762,4.072,-1.313,4.346,1.518,250053.6,250.05,25814.19,214.19,0.988,0.147,-0.029,0.244,-0.086,0.223,201.891,Fuzzy
2565,128.2195,100.585,1363.244,-175.138,0.765,4.066,-1.312,4.341,1.518,250008.4,250.01,25810.09,210.09,0.988,0.133,-0.057,0.319,-0.098,0.262,201.967,Fuzzy
2566,128.2695,100.623,1363.447,-175.204,0.768,4.060,-1.310,4.335,1.519,249963.1,249.96,25805.99,205.99,0.988,0.114,-0.089,0.406,-0.111,0.305,202.043,Fuzzy
2567,128.3196,100.661,1363.650,-175.269,0.772,4.054,-1.309,4.330,1.520,249917.9,249.92,25801.89,201.89,0.988,0.091,-0.126,0.507,-0.124,0.352,202.119,Fuzzy
2568,128.3696,100.700,1363.852,-175.335,0.776,4.048,-1.308,4.324,1.520,249872.8,249.87,25797.79,197.80,0.988,0.063,-0.166,0.624,-0.136,0.403,202.195,Fuzzy
2569,128.4197,100.739,1364.055,-175.400,0.780,4.042,-1.306,4.319,1.521,249827.6,249.83,25793.70,193.70,0.988,0.028,-0.209,0.755,-0.146,0.455,202.271,Fuzzy
2570,128.4697,100.778,1364.257,-175.465,0.784,4.036,-1.306,4.314,1.523,249782.4,249.78,25789.60,189.60,0.988,0.020,-0.193,0.903,0.127,0.515,202.347,Fuzzy
2571,128.5198,100.817,1364.458,-175.531,0.779,4.030,-1.306,4.308,1.521,249737.3,249.74,25785.51,185.51,0.988,0.059,-0.200,0.744,0.159,-0.478,202.423,Fuzzy
2572,128.5698,100.856,1364.660,-175.596,0.775,4.024,-1.308,4.302,1.520,249692.2,249.69,25781.42,181.42,0.988,0.095,-0.152,0.603,0.145,-0.419,202.499,Fuzzy
2573,128.6199,100.895,1364.861,-175.661,0.771,4.018,-1.309,4.296,1.519,249647.0,249.65,25777.32,177.32,0.988,0.122,-0.109,0.481,0.131,-0.364,202.575,Fuzzy
2574,128.6699,100.933,1365.062,-175.727,0.767,4.012,-1.310,4.290,1.518,249602.0,249.60,25773.23,173.23,0.988,0.144,-0.071,0.376,0.115,-0.311,202.651,Fuzzy
2575,128.7200,100.971,1365.262,-175.792,0.763,4.006,-1.311,4.284,1.517,249556.9,249.56,25769.14,169.14,0.988,0.161,-0.038,0.287,0.100,-0.264,202.727,Fuzzy
2576,128.7700,101.009,1365.462,-175.858,0.760,4.000,-1.312,4.278,1.516,249511.9,249.51,25765.05,165.05,0.988,0.172,-0.009,0.212,0.086,-0.222,202.803,Fuzzy
2577,128.8201,101.047,1365.662,-175.923,0.756,3.994,-1.313,4.272,1.515,249466.8,249.47,25760.96,160.96,0.988,0.181,0.018,0.149,0.092,-0.185,202.878,Fuzzy
2578,128.8701,101.085,1365.862,-175.989,0.754,3.988,-1.314,4.266,1.515,249421.8,249.42,25756.87,156.87,0.988,0.187,0.050,0.097,0.116,-0.153,202.954,Fuzzy
2579,128.9202,101.123,1366.061,-176.055,0.751,3.982,-1.316,4.260,1.515,249376.8,249.38,25752.78,152.78,0.988,0.190,0.091,0.054,0.144,-0.125,203.030,Fuzzy
2580,128.9702,101.160,1366.260,-176.121,0.748,3.976,-1.317,4.255,1.515,249331.8,249.33,25748.69,148.69,0.988,0.191,0.140,0.019,0.177,-0.102,203.106,Fuzzy
2581,129.0203,101.198,1366.459,-176.187,0.746,3.970,-1.319,4.249,1.515,249286.8,249.29,25744.61,144.60,0.988,0.191,0.201,-0.010,0.215,-0.092,203.181,Fuzzy
2582,129.0703,101.235,1366.657,-176.253,0.743,3.964,-1.321,4.243,1.515,249241.9,249.24,25740.52,140.52,0.988,0.190,0.258,-0.041,-0.260,-0.112,203.257,Fuzzy
2583,129.1204,101.272,1366.855,-176.319,0.741,3.958,-1.319,4.237,1.512,249197.0,249.20,25736.43,136.43,0.988,0.187,0.185,-0.080,-0.212,-0.136,203.333,Fuzzy
2584,129.1704,101.309,1367.052,-176.385,0.738,3.951,-1.317,4.230,1.509,249152.0,249.15,25732.35,132.35,0.988,0.182,0.126,-0.126,-0.171,-0.164,203.408,Fuzzy
2585,129.2205,101.346,1367.250,-176.450,0.735,3.945,-1.315,4.223,1.507,249107.1,249.11,25728.26,128.26,0.988,0.175,0.079,-0.182,-0.136,-0.197,203.484,Fuzzy
2586,129.2705,101.382,1367.447,-176.516,0.731,3.939,-1.314,4.216,1.504,249062.3,249.06,25724.18,124.18,0.988,0.166,0.042,-0.249,-0.107,-0.234,203.559,Fuzzy
2587,129.3206,101.419,1367.644,-176.582,0.728,3.933,-1.313,4.210,1.501,249017.4,249.02,25720.10,120.10,0.988,0.151,0.013,-0.327,-0.080,-0.275,203.634,Fuzzy
2588,129.3706,101.455,1367.840,-176.647,0.724,3.927,-1.312,4.203,1.499,248972.5,248.97,25716.02,116.02,0.988,0.133,-0.008,-0.419,-0.066,-0.321,203.709,Fuzzy
2589,129.4207,101.491,1368.037,-176.713,0.720,3.921,-1.311,4.196,1.496,248927.7,248.93,25711.93,111.93,0.988,0.108,-0.030,-0.526,-0.070,-0.372,203.784,Fuzzy
2590,129.4707,101.527,1368.232,-176.779,0.716,3.914,-1.311,4.190,1.493,248882.9,248.88,25707.85,107.85,0.988,0.079,-0.052,-0.648,-0.072,-0.426,203.859,Fuzzy
2591,129.5208,101.563,1368.428,-176.844,0.712,3.908,-1.310,4.183,1.491,248838.1,248.84,25703.77,103.77,0.988,0.044,-0.073,-0.788,-0.070,-0.482,203.933,Fuzzy
2592,129.5708,101.598,1368.623,-176.909,0.707,3.902,-1.309,4.176,1.488,248793.3,248.79,25699.70,99.69,0.988,0.020,-0.095,-0.945,-0.070,-0.547,204.008,Fuzzy
2593,129.6209,101.634,1368.818,-176.975,0.712,3.896,-1.308,4.171,1.489,248748.5,248.75,25695.62,95.62,0.988,0.048,-0.120,-0.781,-0.098,0.492,204.082,Fuzzy
2594,129.6709,101.669,1369.013,-177.040,0.716,3.890,-1.307,4.165,1.490,248703.8,248.70,25691.54,91.54,0.988,0.082,-0.157,-0.636,-0.137,0.431,204.157,Fuzzy
2595,129.7210,101.705,1369.207,-177.106,0.720,3.883,-1.305,4.160,1.491,248659.0,248.66,25687.46,87.46,0.988,0.110,-0.206,-0.511,-0.180,0.374,204.231,Fuzzy
2596,129.7710,101.741,1369.401,-177.171,0.724,3.877,-1.307,4.155,1.494,248614.3,248.61,25683.38,83.39,0.988,0.133,-0.161,-0.402,0.170,0.322,204.306,Fuzzy
2597,129.8211,101.778,1369.595,-177.236,0.728,3.871,-1.308,4.150,1.497,248569.6,248.57,25679.31,79.31,0.987,0.151,-0.112,-0.310,0.146,0.274,204.380,Fuzzy
2598,129.8711,101.814,1369.788,-177.302,0.731,3.864,-1.309,4.145,1.500,248525.0,248.52,25675.23,75.24,0.987,0.164,-0.070,-0.232,0.124,0.231,204.455,Fuzzy
2599,129.9212,101.851,1369.981,-177.367,0.734,3.858,-1.310,4.140,1.502,248480.3,248.48,25671.16,71.16,0.987,0.175,-0.035,-0.166,0.105,0.193,204.530,Fuzzy
2600,129.9712,101.888,1370.174,-177.433,0.737,3.852,-1.311,4.135,1.504,248435.7,248.44,25667.09,67.09,0.987,0.181,-0.005,-0.112,0.088,0.160,204.606,Fuzzy
2601,130.0213,101.925,1370.367,-177.498,0.740,3.846,-1.312,4.130,1.506,248391.0,248.39,25663.02,63.02,0.987,0.186,0.022,-0.067,0.098,0.132,204.681,Fuzzy
2602,130.0713,101.962,1370.559,-177.564,0.743,3.839,-1.313,4.125,1.509,248346.4,248.35,25658.94,58.94,0.987,0.188,0.056,-0.030,0.121,0.108,204.756,Fuzzy
2603,130.1214,101.999,1370.750,-177.630,0.745,3.833,-1.314,4.120,1.511,248301.8,248.30,25654.87,54.87,0.987,0.188,0.098,0.000,0.148,0.087,204.832,Fuzzy
2604,130.1714,102.036,1370.942,-177.695,0.748,3.827,-1.316,4.115,1.513,248257.3,248.26,25650.80,50.80,0.987,0.187,0.149,0.029,0.181,0.103,204.907,Fuzzy
2605,130.2215,102.074,1371.133,-177.761,0.750,3.820,-1.318,4.110,1.516,248212.7,248.21,25646.73,46.73,0.987,0.183,0.211,0.064,0.219,0.125,204.983,Fuzzy
2606,130.2715,102.111,1371.324,-177.827,0.753,3.814,-1.316,4.104,1.516,248168.1,248.17,25642.66,42.66,0.987,0.179,0.159,0.107,-0.192,0.151,205.059,Fuzzy
2607,130.3215,102.149,1371.514,-177.893,0.756,3.808,-1.315,4.098,1.516,248123.6,248.12,25638.60,38.60,0.987,0.174,0.106,0.159,-0.153,0.181,205.135,Fuzzy
2608,130.3716,102.187,1371.705,-177.958,0.759,3.801,-1.313,4.093,1.517,248079.1,248.08,25634.53,34.53,0.987,0.164,0.064,0.220,-0.121,0.216,205.211,Fuzzy
2609,130.4216,102.225,1371.895,-178.024,0.762,3.795,-1.312,4.087,1.517,248034.6,248.03,25630.46,30.46,0.987,0.152,0.031,0.292,-0.093,0.255,205.286,Fuzzy
2610,130.4717,102.263,1372.084,-178.090,0.766,3.788,-1.311,4.081,1.518,247990.2,247.99,25626.40,26.40,0.987,0.134,0.006,0.377,-0.069,0.298,205.362,Fuzzy
2611,130.5217,102.301,1372.273,-178.155,0.769,3.782,-1.310,4.076,1.520,247945.7,247.95,25622.33,22.33,0.987,0.114,-0.013,0.476,-0.061,0.345,205.438,Fuzzy
2612,130.5718,102.340,1372.463,-178.221,0.773,3.776,-1.310,4.070,1.521,247901.3,247.90,25618.27,18.27,0.987,0.086,-0.032,0.590,-0.062,0.397,205.514,Fuzzy
2613,130.6218,102.379,1372.651,-178.286,0.777,3.769,-1.309,4.065,1.522,247856.8,247.86,25614.20,14.20,0.987,0.052,-0.050,0.720,-0.059,0.450,205.590,Fuzzy
2614,130.6719,102.418,1372.839,-178.352,0.782,3.763,-1.308,4.060,1.524,247812.4,247.81,25610.14,10.14,0.987,0.020,-0.068,0.867,-0.053,0.508,205.666,Fuzzy
2615,130.7219,102.457,1373.027,-178.417,0.783,3.756,-1.308,4.054,1.524,247768.0,247.77,25606.08,6.08,0.987,0.034,-0.069,0.894,-0.058,-0.542,205.743,Fuzzy
2616,130.7720,102.496,1373.215,-178.483,0.778,3.750,-1.307,4.047,1.521,247723.7,247.72,25602.02,2.02,0.987,0.074,-0.093,0.734,-0.093,-0.481,205.819,Fuzzy
2617,130.8220,102.535,1373.399,-178.548,0.775,3.502,-1.307,3.817,1.520,0.0,0.00,25600.00,0.00,0.000,0.108,-0.108,0.660,-0.120,-0.450,205.895,Fuzzy
2618,130.8721,102.573,1373.562,-178.613,0.775,3.011,-1.307,3.373,1.520,0.0,0.00,25600.00,0.00,0.000,0.140,-0.108,0.658,0.135,-0.465,205.971,Fuzzy
2619,130.9221,102.612,1373.700,-178.678,0.775,2.521,-1.307,2.944,1.520,0.0,0.00,25600.00,0.00,0.000,0.174,-0.108,0.656,0.150,-0.480,206.047,Fuzzy
2620,130.9722,102.651,1373.813,-178.744,0.775,2.031,-1.307,2.537,1.520,0.0,0.00,25600.00,0.00,0.000,0.207,-0.107,0.654,0.164,-0.495,206.123,Fuzzy
2621,131.0222,102.690,1373.902,-178.809,0.775,1.541,-1.307,2.164,1.520,0.0,0.00,25600.00,0.00,0.000,0.240,-0.107,0.652,0.179,-0.509,206.199,Fuzzy
2622,131.0723,102.728,1373.967,-178.874,0.775,1.051,-1.307,1.847,1.520,0.0,0.00,25600.00,0.00,0.000,0.273,-0.107,0.650,0.192,-0.523,206.274,Fuzzy
2623,131.1223,102.767,1374.007,-178.940,0.775,0.561,-1.307,1.620,1.520,0.0,0.00,25600.00,0.00,0.000,0.305,-0.106,0.648,0.206,-0.537,206.350,Fuzzy
2624,131.1724,102.806,1374.023,-179.005,0.775,0.070,-1.307,1.521,1.520,0.0,0.00,25600.00,0.00,0.000,0.338,-0.106,0.646,0.220,-0.551,206.426,Fuzzy
2625,131.2224,102.845,1374.015,-179.070,0.775,-0.420,-1.307,1.576,1.520,0.0,0.00,25600.00,0.00,0.000,0.371,-0.106,0.644,0.233,-0.564,206.502,Fuzzy
2626,131.2725,102.883,1373.982,-179.136,0.775,-0.910,-1.307,1.771,1.520,0.0,0.00,25600.00,0.00,0.000,0.403,-0.105,0.642,0.246,-0.577,206.578,Fuzzy
2627,131.3225,102.922,1373.924,-179.201,0.775,-1.400,-1.307,2.066,1.520,0.0,0.00,25600.00,0.00,0.000,0.436,-0.105,0.640,0.259,-0.590,206.654,Fuzzy
2628,131.3726,102.961,1373.843,-179.266,0.775,-1.890,-1.307,2.425,1.520,0.0,0.00,25600.00,0.00,0.000,0.468,-0.105,0.638,0.271,-0.603,206.730,Fuzzy
2629,131.4226,103.000,1373.736,-179.332,0.775,-2.380,-1.307,2.824,1.520,0.0,0.00,25600.00,0.00,0.000,0.500,-0.104,0.636,0.284,-0.615,206.806,Fuzzy
2630,131.4727,103.039,1373.605,-179.397,0.775,-2.870,-1.307,3.248,1.520,0.0,0.00,25600.00,0.00,0.000,0.532,-0.104,0.634,0.296,-0.627,206.882,Fuzzy
2631,131.5227,103.077,1373.448,-179.462,0.775,-3.360,-1.307,3.688,1.519,0.0,0.00,25600.00,0.00,0.000,0.564,-0.104,0.632,0.308,-0.639,206.958,Fuzzy
2632,131.5728,103.116,1373.268,-179.527,0.775,-3.850,-1.307,4.139,1.519,0.0,0.00,25600.00,0.00,0.000,0.596,-0.103,0.630,0.319,-0.651,207.034,Fuzzy
2633,131.6228,103.155,1373.063,-179.593,0.775,-4.340,-1.307,4.598,1.519,0.0,0.00,25600.00,0.00,0.000,0.628,-0.103,0.628,0.331,-0.663,207.110,Fuzzy
2634,131.6729,103.194,1372.833,-179.658,0.775,-4.830,-1.307,5.064,1.519,0.0,0.00,25600.00,0.00,0.000,0.660,-0.103,0.626,0.342,-0.674,207.186,Fuzzy
2635,131.7229,103.232,1372.579,-179.723,0.775,-5.320,-1.307,5.533,1.519,0.0,0.00,25600.00,0.00,0.000,0.692,-0.102,0.624,0.353,-0.685,207.262,Fuzzy
2636,131.7730,103.271,1372.301,-179.789,0.775,-5.810,-1.307,6.005,1.519,0.0,0.00,25600.00,0.00,0.000,0.723,-0.102,0.622,0.364,-0.696,207.338,Fuzzy
2637,131.8230,103.310,1371.998,-179.854,0.775,-6.300,-1.307,6.480,1.519,0.0,0.00,25600.00,0.00,0.000,0.755,-0.102,0.620,0.375,-0.707,207.413,Fuzzy
2638,131.8731,103.349,1371.671,-179.919,0.775,-6.790,-1.307,6.958,1.519,0.0,0.00,25600.00,0.00,0.000,0.786,-0.101,0.618,0.386,-0.717,207.489,Fuzzy
2639,131.9231,103.387,1371.320,-179.985,0.775,-7.279,-1.307,7.436,1.519,0.0,0.00,25600.00,0.00,0.000,0.817,-0.101,0.616,0.396,-0.727,207.565,Fuzzy
2640,131.9732,103.426,1370.944,-180.050,0.775,-7.769,-1.306,7.916,1.519,0.0,0.00,25600.00,0.00,0.000,0.848,-0.101,0.614,0.407,-0.738,207.641,Fuzzy
2641,132.0232,103.465,1370.543,-180.115,0.775,-8.259,-1.306,8.397,1.519,0.0,0.00,25600.00,0.00,0.000,0.879,-0.100,0.612,0.417,-0.748,207.717,Fuzzy
2642,132.0733,103.504,1370.118,-180.181,0.775,-8.748,-1.306,8.879,1.519,0.0,0.00,25600.00,0.00,0.000,0.910,-0.100,0.610,0.427,-0.757,207.793,Fuzzy
2643,132.1233,103.542,1369.669,-180.246,0.775,-9.238,-1.306,9.362,1.519,0.0,0.00,25600.00,0.00,0.000,0.941,-0.100,0.608,0.437,-0.767,207.869,Fuzzy
2644,132.1734,103.581,1369.196,-180.311,0.775,-9.727,-1.306,9.845,1.519,0.0,0.00,25600.00,0.00,0.000,0.972,-0.100,0.606,0.446,-0.777,207.945,Fuzzy
2645,132.2234,103.620,1368.698,-180.376,0.775,-10.217,-1.306,10.329,1.519,0.0,0.00,25600.00,0.00,0.000,1.003,-0.099,0.605,0.456,-0.786,208.021,Fuzzy
2646,132.2735,103.659,1368.175,-180.442,0.775,-10.706,-1.306,10.813,1.519,0.0,0.00,25600.00,0.00,0.000,1.033,-0.099,0.603,0.465,-0.795,208.097,Fuzzy
2647,132.3235,103.697,1367.626,-180.507,0.775,-11.195,-1.306,11.298,1.519,0.0,0.00,25600.00,0.00,0.000,1.064,-0.099,0.601,0.474,-0.804,208.173,Fuzzy
2648,132.3736,103.736,1367.054,-180.572,0.775,-11.684,-1.306,11.783,1.519,0.0,0.00,25600.00,0.00,0.000,1.094,-0.098,0.599,0.484,-0.813,208.249,Fuzzy
2649,132.4236,103.775,1366.457,-180.638,0.775,-12.173,-1.306,12.268,1.519,0.0,0.00,25600.00,0.00,0.000,1.124,-0.098,0.597,0.493,-0.822,208.325,Fuzzy
2650,132.4736,103.814,1365.836,-180.703,0.775,-12.662,-1.306,12.753,1.518,0.0,0.00,25600.00,0.00,0.000,1.155,-0.098,0.595,0.501,-0.830,208.401,Fuzzy
2651,132.5237,103.852,1365.190,-180.768,0.775,-13.151,-1.306,13.239,1.518,0.0,0.00,25600.00,0.00,0.000,1.185,-0.097,0.593,0.510,-0.839,208.477,Fuzzy
2652,132.5737,103.891,1364.520,-180.834,0.775,-13.640,-1.306,13.724,1.518,0.0,0.00,25600.00,0.00,0.000,1.215,-0.097,0.592,0.519,-0.847,208.553,Fuzzy
2653,132.6238,103.930,1363.825,-180.899,0.775,-14.129,-1.306,14.210,1.518,0.0,0.00,25600.00,0.00,0.000,1.245,-0.097,0.590,0.527,-0.855,208.628,Fuzzy
2654,132.6738,103.969,1363.106,-180.964,0.775,-14.617,-1.306,14.696,1.518,0.0,0.00,25600.00,0.00,0.000,1.274,-0.096,0.588,0.535,-0.863,208.704,Fuzzy
2655,132.7239,104.007,1362.363,-181.029,0.775,-15.106,-1.305,15.182,1.518,0.0,0.00,25600.00,0.00,0.000,1.304,-0.096,0.586,0.544,-0.871,208.780,Fuzzy
2656,132.7739,104.046,1361.595,-181.095,0.775,-15.594,-1.305,15.668,1.518,0.0,0.00,25600.00,0.00,0.000,1.334,-0.096,0.584,0.552,-0.879,208.856,Fuzzy
2657,132.8240,104.085,1360.803,-181.160,0.774,-16.083,-1.305,16.154,1.518,0.0,0.00,25600.00,0.00,0.000,1.363,-0.096,0.582,0.560,-0.887,208.932,Fuzzy
2658,132.8740,104.124,1359.986,-181.225,0.774,-16.571,-1.305,16.640,1.518,0.0,0.00,25600.00,0.00,0.000,1.393,-0.095,0.581,0.568,-0.894,209.008,Fuzzy
2659,132.9241,104.162,1359.145,-181.291,0.774,-17.059,-1.305,17.126,1.518,0.0,0.00,25600.00,0.00,0.000,1.422,-0.095,0.579,0.575,-0.902,209.084,Fuzzy
2660,132.9741,104.201,1358.280,-181.356,0.774,-17.547,-1.305,17.612,1.517,0.0,0.00,25600.00,0.00,0.000,1.451,-0.095,0.577,0.583,-0.909,209.160,Fuzzy
2661,133.0242,104.240,1357.390,-181.421,0.774,-18.035,-1.305,18.098,1.517,0.0,0.00,25600.00,0.00,0.000,1.481,-0.094,0.575,0.591,-0.916,209.236,Fuzzy
2662,133.0742,104.279,1356.475,-181.487,0.774,-18.522,-1.305,18.584,1.517,0.0,0.00,25600.00,0.00,0.000,1.510,-0.094,0.573,0.598,-0.923,209.312,Fuzzy
2663,133.1243,104.317,1355.537,-181.552,0.774,-19.010,-1.305,19.070,1.517,0.0,0.00,25600.00,0.00,0.000,1.539,-0.094,0.572,0.605,-0.930,209.388,Fuzzy
2664,133.1743,104.356,1354.573,-181.617,0.774,-19.497,-1.305,19.556,1.517,0.0,0.00,25600.00,0.00,0.000,1.568,-0.093,0.570,0.613,-0.937,209.463,Fuzzy
2665,133.2244,104.395,1353.586,-181.682,0.774,-19.984,-1.304,20.042,1.517,0.0,0.00,25600.00,0.00,0.000,1.596,-0.093,0.568,0.620,-0.944,209.539,Fuzzy
2666,133.2744,104.433,1352.574,-181.748,0.774,-20.471,-1.304,20.528,1.517,0.0,0.00,25600.00,0.00,0.000,1.625,-0.093,0.566,0.627,-0.950,209.615,Fuzzy
2667,133.3245,104.472,1351.539,-181.813,0.774,-20.958,-1.304,21.013,1.517,0.0,0.00,25600.00,0.00,0.000,1.654,-0.093,0.564,0.634,-0.957,209.691,Fuzzy
2668,133.3745,104.511,1350.479,-181.878,0.774,-21.445,-1.304,21.499,1.516,0.0,0.00,25600.00,0.00,0.000,1.682,-0.092,0.563,0.641,-0.963,209.767,Fuzzy
2669,133.4246,104.549,1349.395,-181.943,0.774,-21.932,-1.304,21.984,1.516,0.0,0.00,25600.00,0.00,0.000,1.711,-0.092,0.561,0.647,-0.970,209.842,Fuzzy
2670,133.4746,104.588,1348.287,-182.008,0.774,-22.418,-1.304,22.470,1.516,0.0,0.00,25600.00,0.00,0.000,1.739,-0.092,0.559,0.654,-0.976,209.918,Fuzzy
2671,133.5247,104.627,1347.154,-182.073,0.774,-22.905,-1.304,22.955,1.516,0.0,0.00,25600.00,0.00,0.000,1.767,-0.091,0.557,0.661,-0.982,209.994,Fuzzy
2672,133.5747,104.665,1345.997,-182.138,0.773,-23.391,-1.304,23.440,1.516,0.0,0.00,25600.00,0.00,0.000,1.796,-0.091,0.556,0.667,-0.988,210.070,Fuzzy
2673,133.6248,104.704,1344.815,-182.204,0.773,-23.877,-1.303,23.925,1.516,0.0,0.00,25600.00,0.00,0.000,1.824,-0.091,0.554,0.674,-0.994,210.145,Fuzzy
2674,133.6748,104.743,1343.609,-182.269,0.773,-24.363,-1.303,24.410,1.515,0.0,0.00,25600.00,0.00,0.000,1.852,-0.091,0.552,0.680,-1.000,210.221,Fuzzy
2675,133.7249,104.781,1342.378,-182.334,0.773,-24.848,-1.303,24.895,1.515,0.0,0.00,25600.00,0.00,0.000,1.880,-0.090,0.550,0.686,-1.006,210.297,Fuzzy
2676,133.7749,104.820,1341.124,-182.399,0.773,-25.334,-1.303,25.379,1.515,0.0,0.00,25600.00,0.00,0.000,1.908,-0.090,0.549,0.692,-1.012,210.373,Fuzzy
2677,133.8250,104.859,1339.844,-182.464,0.773,-25.819,-1.303,25.864,1.515,0.0,0.00,25600.00,0.00,0.000,1.935,-0.090,0.547,0.699,-1.017,210.448,Fuzzy
2678,133.8750,104.897,1338.541,-182.529,0.773,-26.304,-1.303,26.348,1.515,0.0,0.00,25600.00,0.00,0.000,1.963,-0.089,0.545,0.705,-1.023,210.524,Fuzzy
2679,133.9251,104.936,1337.214,-182.595,0.773,-26.789,-1.303,26.832,1.515,0.0,0.00,25600.00,0.00,0.000,1.991,-0.089,0.544,0.711,-1.028,210.600,Fuzzy
2680,133.9751,104.975,1335.863,-182.660,0.773,-27.274,-1.302,27.316,1.514,0.0,0.00,25600.00,0.00,0.000,2.018,-0.089,0.542,0.716,-1.034,210.676,Fuzzy
2681,134.0252,105.013,1334.487,-182.725,0.773,-27.758,-1.302,27.800,1.514,0.0,0.00,25600.00,0.00,0.000,2.045,-0.089,0.540,0.722,-1.039,210.751,Fuzzy
2682,134.0752,105.052,1333.087,-182.790,0.773,-28.243,-1.302,28.283,1.514,0.0,0.00,25600.00,0.00,0.000,2.073,-0.088,0.539,0.728,-1.044,210.827,Fuzzy
2683,134.1253,105.091,1331.663,-182.855,0.772,-28.727,-1.302,28.767,1.514,0.0,0.00,25600.00,0.00,0.000,2.100,-0.088,0.537,0.734,-1.050,210.903,Fuzzy
2684,134.1753,105.129,1330.214,-182.920,0.772,-29.211,-1.302,29.250,1.514,0.0,0.00,25600.00,0.00,0.000,2.127,-0.088,0.535,0.739,-1.055,210.979,Fuzzy
2685,134.2254,105.168,1328.742,-182.985,0.772,-29.695,-1.302,29.733,1.513,0.0,0.00,25600.00,0.00,0.000,2.154,-0.088,0.534,0.745,-1.060,211.054,Fuzzy
2686,134.2754,105.206,1327.245,-183.051,0.772,-30.178,-1.301,30.216,1.513,0.0,0.00,25600.00,0.00,0.000,2.181,-0.087,0.532,0.750,-1.065,211.130,Fuzzy
2687,134.3255,105.245,1325.724,-183.116,0.772,-30.661,-1.301,30.699,1.513,0.0,0.00,25600.00,0.00,0.000,2.208,-0.087,0.530,0.756,-1.069,211.206,Fuzzy
2688,134.3755,105.284,1324.179,-183.181,0.772,-31.144,-1.301,31.181,1.513,0.0,0.00,25600.00,0.00,0.000,2.235,-0.087,0.529,0.761,-1.074,211.281,Fuzzy
2689,134.4256,105.322,1322.609,-183.246,0.772,-31.627,-1.301,31.663,1.513,0.0,0.00,25600.00,0.00,0.000,2.262,-0.086,0.527,0.766,-1.079,211.357,Fuzzy
2690,134.4756,105.361,1321.016,-183.311,0.772,-32.110,-1.301,32.146,1.512,0.0,0.00,25600.00,0.00,0.000,2.288,-0.086,0.525,0.771,-1.084,211.432,Fuzzy
2691,134.5257,105.399,1319.399,-183.376,0.772,-32.592,-1.301,32.627,1.512,0.0,0.00,25600.00,0.00,0.000,2.315,-0.086,0.524,0.777,-1.088,211.508,Fuzzy
2692,134.5757,105.438,1317.757,-183.441,0.772,-33.074,-1.300,33.109,1.512,0.0,0.00,25600.00,0.00,0.000,2.341,-0.086,0.522,0.782,-1.093,211.584,Fuzzy
2693,134.6257,105.477,1316.091,-183.506,0.771,-33.556,-1.300,33.590,1.512,0.0,0.00,25600.00,0.00,0.000,2.368,-0.085,0.520,0.787,-1.097,211.659,Fuzzy
2694,134.6758,105.515,1314.401,-183.571,0.771,-34.038,-1.300,34.072,1.512,0.0,0.00,25600.00,0.00,0.000,2.394,-0.085,0.519,0.792,-1.102,211.735,Fuzzy
2695,134.7258,105.554,1312.687,-183.636,0.771,-34.520,-1.300,34.553,1.511,0.0,0.00,25600.00,0.00,0.000,2.420,-0.085,0.517,0.797,-1.106,211.810,Fuzzy
2696,134.7759,105.592,1310.949,-183.701,0.771,-35.001,-1.300,35.033,1.511,0.0,0.00,25600.00,0.00,0.000,2.446,-0.085,0.516,0.802,-1.111,211.886,Fuzzy
2697,134.8259,105.631,1309.187,-183.766,0.771,-35.482,-1.299,35.514,1.511,0.0,0.00,25600.00,0.00,0.000,2.473,-0.084,0.514,0.806,-1.115,211.961,Fuzzy
2698,134.8760,105.669,1307.401,-183.831,0.771,-35.962,-1.299,35.994,1.511,0.0,0.00,25600.00,0.00,0.000,2.499,-0.084,0.512,0.811,-1.119,212.037,Fuzzy
2699,134.9260,105.708,1305.591,-183.896,0.771,-36.443,-1.299,36.474,1.510,0.0,0.00,25600.00,0.00,0.000,2.524,-0.084,0.511,0.816,-1.123,212.112,Fuzzy
2700,134.9761,105.746,1303.757,-183.961,0.771,-36.923,-1.299,36.954,1.510,0.0,0.00,25600.00,0.00,0.000,2.550,-0.084,0.509,0.820,-1.127,212.188,Fuzzy
2701,135.0261,105.785,1301.899,-184.026,0.770,-37.403,-1.299,37.433,1.510,0.0,0.00,25600.00,0.00,0.000,2.576,-0.083,0.508,0.825,-1.131,212.264,Fuzzy
2702,135.0762,105.823,1300.016,-184.090,0.770,-37.882,-1.298,37.912,1.510,0.0,0.00,25600.00,0.00,0.000,2.602,-0.083,0.506,0.830,-1.135,212.339,Fuzzy
2703,135.1262,105.862,1298.110,-184.155,0.770,-38.362,-1.298,38.391,1.509,0.0,0.00,25600.00,0.00,0.000,2.627,-0.083,0.504,0.834,-1.139,212.414,Fuzzy
2704,135.1763,105.900,1296.180,-184.220,0.770,-38.841,-1.298,38.870,1.509,0.0,0.00,25600.00,0.00,0.000,2.653,-0.082,0.503,0.839,-1.143,212.490,Fuzzy
2705,135.2263,105.939,1294.226,-184.285,0.770,-39.320,-1.298,39.349,1.509,0.0,0.00,25600.00,0.00,0.000,2.678,-0.082,0.501,0.843,-1.147,212.565,Fuzzy
2706,135.2764,105.977,1292.248,-184.350,0.770,-39.798,-1.297,39.827,1.509,0.0,0.00,25600.00,0.00,0.000,2.704,-0.082,0.500,0.847,-1.151,212.641,Fuzzy
2707,135.3264,106.016,1290.246,-184.415,0.770,-40.276,-1.297,40.305,1.508,0.0,0.00,25600.00,0.00,0.000,2.729,-0.082,0.498,0.852,-1.154,212.716,Fuzzy
2708,135.3765,106.054,1288.221,-184.480,0.769,-40.754,-1.297,40.782,1.508,0.0,0.00,25600.00,0.00,0.000,2.754,-0.081,0.497,0.856,-1.158,212.791,Fuzzy
2709,135.4265,106.093,1286.171,-184.544,0.769,-41.232,-1.297,41.260,1.508,0.0,0.00,25600.00,0.00,0.000,2.779,-0.081,0.495,0.860,-1.162,212.867,Fuzzy
2710,135.4766,106.131,1284.097,-184.609,0.769,-41.709,-1.296,41.737,1.507,0.0,0.00,25600.00,0.00,0.000,2.804,-0.081,0.493,0.864,-1.165,212.942,Fuzzy
2711,135.5266,106.170,1282.000,-184.674,0.769,-42.186,-1.296,42.213,1.507,0.0,0.00,25600.00,0.00,0.000,2.829,-0.081,0.492,0.868,-1.169,213.018,Fuzzy
2712,135.5767,106.208,1279.879,-184.739,0.769,-42.663,-1.296,42.690,1.507,0.0,0.00,25600.00,0.00,0.000,2.854,-0.080,0.490,0.872,-1.172,213.093,Fuzzy
2713,135.6267,106.247,1277.734,-184.804,0.769,-43.140,-1.296,43.166,1.507,0.0,0.00,25600.00,0.00,0.000,2.879,-0.080,0.489,0.876,-1.176,213.168,Fuzzy
2714,135.6768,106.285,1275.565,-184.869,0.769,-43.616,-1.296,43.642,1.506,0.0,0.00,25600.00,0.00,0.000,2.904,-0.080,0.487,0.880,-1.179,213.244,Fuzzy
2715,135.7268,106.324,1273.372,-184.933,0.768,-44.092,-1.295,44.117,1.506,0.0,0.00,25600.00,0.00,0.000,2.928,-0.080,0.486,0.884,-1.183,213.319,Fuzzy
2716,135.7769,106.362,1271.156,-184.998,0.768,-44.567,-1.295,44.593,1.506,0.0,0.00,25600.00,0.00,0.000,2.953,-0.079,0.484,0.888,-1.186,213.394,Fuzzy
2717,135.8269,106.400,1268.916,-185.063,0.768,-45.042,-1.295,45.068,1.505,0.0,0.00,25600.00,0.00,0.000,2.977,-0.079,0.483,0.892,-1.189,213.470,Fuzzy
2718,135.8770,106.439,1266.651,-185.127,0.768,-45.517,-1.294,45.542,1.505,0.0,0.00,25600.00,0.00,0.000,3.002,-0.079,0.481,0.896,-1.192,213.545,Fuzzy
2719,135.9270,106.477,1264.364,-185.192,0.768,-45.992,-1.294,46.016,1.505,0.0,0.00,25600.00,0.00,0.000,3.026,-0.079,0.480,0.900,-1.196,213.620,Fuzzy
2720,135.9771,106.515,1262.052,-185.257,0.768,-46.466,-1.294,46.490,1.505,0.0,0.00,25600.00,0.00,0.000,3.050,-0.078,0.478,0.904,-1.199,213.695,Fuzzy
2721,136.0271,106.554,1259.717,-185.322,0.768,-46.940,-1.294,46.964,1.504,0.0,0.00,25600.00,0.00,0.000,3.075,-0.078,0.477,0.907,-1.202,213.770,Fuzzy
2722,136.0772,106.592,1257.358,-185.386,0.767,-47.414,-1.293,47.437,1.504,0.0,0.00,25600.00,0.00,0.000,3.099,-0.078,0.475,0.911,-1.205,213.846,Fuzzy
2723,136.1272,106.631,1254.976,-185.451,0.767,-47.887,-1.293,47.910,1.504,0.0,0.00,25600.00,0.00,0.000,3.123,-0.078,0.474,0.915,-1.208,213.921,Fuzzy
2724,136.1773,106.669,1252.570,-185.516,0.767,-48.360,-1.293,48.383,1.503,0.0,0.00,25600.00,0.00,0.000,3.147,-0.077,0.472,0.918,-1.211,213.996,Fuzzy
2725,136.2273,106.707,1250.140,-185.580,0.767,-48.832,-1.293,48.855,1.503,0.0,0.00,25600.00,0.00,0.000,3.171,-0.077,0.471,0.922,-1.214,214.071,Fuzzy
2726,136.2774,106.746,1247.686,-185.645,0.767,-49.304,-1.292,49.327,1.503,0.0,0.00,25600.00,0.00,0.000,3.194,-0.077,0.469,0.925,-1.217,214.146,Fuzzy
2727,136.3274,106.784,1245.209,-185.709,0.767,-49.776,-1.292,49.799,1.502,0.0,0.00,25600.00,0.00,0.000,3.218,-0.077,0.468,0.929,-1.220,214.221,Fuzzy
2728,136.3775,106.822,1242.709,-185.774,0.766,-50.248,-1.292,50.270,1.502,0.0,0.00,25600.00,0.00,0.000,3.242,-0.077,0.466,0.932,-1.222,214.296,Fuzzy
2729,136.4275,106.861,1240.184,-185.839,0.766,-50.719,-1.291,50.741,1.502,0.0,0.00,25600.00,0.00,0.000,3.265,-0.076,0.465,0.936,-1.225,214.372,Fuzzy
2730,136.4776,106.899,1237.637,-185.903,0.766,-51.190,-1.291,51.212,1.501,0.0,0.00,25600.00,0.00,0.000,3.289,-0.076,0.464,0.939,-1.228,214.447,Fuzzy
2731,136.5276,106.937,1235.066,-185.968,0.766,-51.660,-1.291,51.682,1.501,0.0,0.00,25600.00,0.00,0.000,3.312,-0.076,0.462,0.942,-1.231,214.522,Fuzzy
2732,136.5777,106.976,1232.471,-186.032,0.766,-52.130,-1.291,52.152,1.501,0.0,0.00,25600.00,0.00,0.000,3.336,-0.076,0.461,0.946,-1.234,214.597,Fuzzy
2733,136.6277,107.014,1229.852,-186.097,0.765,-52.600,-1.290,52.621,1.500,0.0,0.00,25600.00,0.00,0.000,3.359,-0.075,0.459,0.949,-1.236,214.672,Fuzzy
2734,136.6777,107.052,1227.211,-186.161,0.765,-53.069,-1.290,53.090,1.500,0.0,0.00,25600.00,0.00,0.000,3.382,-0.075,0.458,0.952,-1.239,214.747,Fuzzy
2735,136.7278,107.090,1224.546,-186.226,0.765,-53.538,-1.290,53.559,1.500,0.0,0.00,25600.00,0.00,0.000,3.405,-0.075,0.456,0.956,-1.241,214.822,Fuzzy
2736,136.7778,107.129,1221.857,-186.290,0.765,-54.006,-1.289,54.027,1.499,0.0,0.00,25600.00,0.00,0.000,3.428,-0.075,0.455,0.959,-1.244,214.897,Fuzzy
2737,136.8279,107.167,1219.145,-186.355,0.765,-54.474,-1.289,54.495,1.499,0.0,0.00,25600.00,0.00,0.000,3.451,-0.074,0.454,0.962,-1.247,214.972,Fuzzy
2738,136.8779,107.205,1216.410,-186.419,0.765,-54.942,-1.289,54.963,1.498,0.0,0.00,25600.00,0.00,0.000,3.474,-0.074,0.452,0.965,-1.249,215.047,Fuzzy
2739,136.9280,107.243,1213.651,-186.484,0.764,-55.410,-1.288,55.430,1.498,0.0,0.00,25600.00,0.00,0.000,3.497,-0.074,0.451,0.968,-1.252,215.121,Fuzzy
2740,136.9780,107.281,1210.869,-186.548,0.764,-55.876,-1.288,55.897,1.498,0.0,0.00,25600.00,0.00,0.000,3.520,-0.074,0.449,0.971,-1.254,215.196,Fuzzy
2741,137.0281,107.320,1208.063,-186.612,0.764,-56.343,-1.288,56.363,1.497,0.0,0.00,25600.00,0.00,0.000,3.543,-0.073,0.448,0.974,-1.256,215.271,Fuzzy
2742,137.0781,107.358,1205.234,-186.677,0.764,-56.809,-1.287,56.829,1.497,0.0,0.00,25600.00,0.00,0.000,3.565,-0.073,0.446,0.977,-1.259,215.346,Fuzzy
2743,137.1282,107.396,1202.382,-186.741,0.764,-57.275,-1.287,57.294,1.497,0.0,0.00,25600.00,0.00,0.000,3.588,-0.073,0.445,0.980,-1.261,215.421,Fuzzy
2744,137.1782,107.434,1199.507,-186.806,0.763,-57.740,-1.287,57.760,1.496,0.0,0.00,25600.00,0.00,0.000,3.611,-0.073,0.444,0.983,-1.264,215.496,Fuzzy
2745,137.2283,107.472,1196.608,-186.870,0.763,-58.205,-1.286,58.224,1.496,0.0,0.00,25600.00,0.00,0.000,3.633,-0.073,0.442,0.986,-1.266,215.571,Fuzzy
2746,137.2783,107.511,1193.687,-186.934,0.763,-58.670,-1.286,58.689,1.495,0.0,0.00,25600.00,0.00,0.000,3.655,-0.072,0.441,0.989,-1.268,215.645,Fuzzy
2747,137.3284,107.549,1190.741,-186.998,0.763,-59.134,-1.286,59.153,1.495,0.0,0.00,25600.00,0.00,0.000,3.678,-0.072,0.440,0.992,-1.270,215.720,Fuzzy
2748,137.3784,107.587,1187.773,-187.063,0.763,-59.598,-1.285,59.616,1.495,0.0,0.00,25600.00,0.00,0.000,3.700,-0.072,0.438,0.995,-1.273,215.795,Fuzzy
2749,137.4285,107.625,1184.782,-187.127,0.762,-60.061,-1.285,60.079,1.494,0.0,0.00,25600.00,0.00,0.000,3.722,-0.072,0.437,0.998,-1.275,215.869,Fuzzy
2750,137.4785,107.663,1181.767,-187.191,0.762,-60.524,-1.285,60.542,1.494,0.0,0.00,25600.00,0.00,0.000,3.744,-0.071,0.435,1.000,-1.277,215.944,Fuzzy
2751,137.5286,107.701,1178.729,-187.255,0.762,-60.986,-1.284,61.004,1.493,0.0,0.00,25600.00,0.00,0.000,3.766,-0.071,0.434,1.003,-1.279,216.019,Fuzzy
2752,137.5786,107.739,1175.668,-187.320,0.762,-61.448,-1.284,61.466,1.493,0.0,0.00,25600.00,0.00,0.000,3.788,-0.071,0.433,1.006,-1.281,216.093,Fuzzy
2753,137.6287,107.777,1172.584,-187.384,0.762,-61.910,-1.284,61.928,1.493,0.0,0.00,25600.00,0.00,0.000,3.810,-0.071,0.431,1.009,-1.283,216.168,Fuzzy
2754,137.6787,107.815,1169.477,-187.448,0.761,-62.371,-1.283,62.389,1.492,0.0,0.00,25600.00,0.00,0.000,3.832,-0.071,0.430,1.011,-1.285,216.243,Fuzzy
2755,137.7288,107.854,1166.347,-187.512,0.761,-62.831,-1.283,62.849,1.492,0.0,0.00,25600.00,0.00,0.000,3.854,-0.070,0.429,1.014,-1.288,216.317,Fuzzy
2756,137.7788,107.892,1163.194,-187.576,0.761,-63.292,-1.283,63.309,1.491,0.0,0.00,25600.00,0.00,0.000,3.875,-0.070,0.427,1.017,-1.290,216.392,Fuzzy
2757,137.8289,107.930,1160.018,-187.640,0.761,-63.751,-1.282,63.769,1.491,0.0,0.00,25600.00,0.00,0.000,3.897,-0.070,0.426,1.019,-1.292,216.466,Fuzzy
2758,137.8789,107.968,1156.819,-187.704,0.760,-64.211,-1.282,64.228,1.490,0.0,0.00,25600.00,0.00,0.000,3.918,-0.070,0.425,1.022,-1.294,216.541,Fuzzy
2759,137.9290,108.006,1153.597,-187.769,0.760,-64.669,-1.282,64.687,1.490,0.0,0.00,25600.00,0.00,0.000,3.940,-0.069,0.423,1.025,-1.296,216.615,Fuzzy
2760,137.9790,108.044,1150.352,-187.833,0.760,-65.128,-1.281,65.145,1.490,0.0,0.00,25600.00,0.00,0.000,3.961,-0.069,0.422,1.027,-1.297,216.690,Fuzzy
2761,138.0291,108.082,1147.084,-187.897,0.760,-65.586,-1.281,65.603,1.489,0.0,0.00,25600.00,0.00,0.000,3.983,-0.069,0.421,1.030,-1.299,216.764,Fuzzy
2762,138.0791,108.120,1143.794,-187.961,0.760,-66.043,-1.280,66.060,1.489,0.0,0.00,25600.00,0.00,0.000,4.004,-0.069,0.419,1.032,-1.301,216.839,Fuzzy
2763,138.1292,108.158,1140.480,-188.025,0.759,-66.500,-1.280,66.517,1.488,0.0,0.00,25600.00,0.00,0.000,4.025,-0.069,0.418,1.035,-1.303,216.913,Fuzzy
2764,138.1792,108.196,1137.144,-188.089,0.759,-66.957,-1.280,66.973,1.488,0.0,0.00,25600.00,0.00,0.000,4.046,-0.068,0.417,1.037,-1.305,216.988,Fuzzy
2765,138.2293,108.234,1133.784,-188.153,0.759,-67.413,-1.279,67.429,1.487,0.0,0.00,25600.00,0.00,0.000,4.067,-0.068,0.416,1.040,-1.307,217.062,Fuzzy
2766,138.2793,108.271,1130.402,-188.217,0.759,-67.868,-1.279,67.885,1.487,0.0,0.00,25600.00,0.00,0.000,4.088,-0.068,0.414,1.042,-1.309,217.136,Fuzzy
2767,138.3294,108.309,1126.998,-188.281,0.758,-68.323,-1.278,68.340,1.487,0.0,0.00,25600.00,0.00,0.000,4.109,-0.068,0.413,1.045,-1.310,217.211,Fuzzy
2768,138.3794,108.347,1123.570,-188.345,0.758,-68.778,-1.278,68.794,1.486,0.0,0.00,25600.00,0.00,0.000,4.130,-0.068,0.412,1.047,-1.312,217.285,Fuzzy
2769,138.4295,108.385,1120.120,-188.408,0.758,-69.232,-1.278,69.248,1.486,0.0,0.00,25600.00,0.00,0.000,4.151,-0.067,0.410,1.049,-1.314,217.359,Fuzzy
2770,138.4795,108.423,1116.647,-188.472,0.758,-69.686,-1.277,69.702,1.485,0.0,0.00,25600.00,0.00,0.000,4.172,-0.067,0.409,1.052,-1.316,217.434,Fuzzy
2771,138.5296,108.461,1113.151,-188.536,0.757,-70.139,-1.277,70.155,1.485,0.0,0.00,25600.00,0.00,0.000,4.193,-0.067,0.408,1.054,-1.317,217.508,Fuzzy
2772,138.5796,108.499,1109.633,-188.600,0.757,-70.592,-1.276,70.607,1.484,0.0,0.00,25600.00,0.00,0.000,4.213,-0.067,0.407,1.060,-1.323,217.582,Fuzzy
2773,138.6297,108.537,1106.092,-188.664,0.757,-71.044,-1.276,71.059,1.484,0.0,0.00,25600.00,0.00,0.000,4.234,-0.066,0.405,1.069,-1.331,217.656,Fuzzy
2774,138.6797,108.575,1102.528,-188.728,0.757,-71.495,-1.276,71.511,1.483,0.0,0.00,25600.00,0.00,0.000,4.254,-0.066,0.404,1.078,-1.339,217.730,Fuzzy
2775,138.7298,108.612,1098.943,-188.791,0.757,-71.946,-1.275,71.962,1.483,0.0,0.00,25600.00,0.00,0.000,4.275,-0.066,0.403,1.087,-1.347,217.805,Fuzzy
2776,138.7798,108.650,1095.334,-188.855,0.756,-72.397,-1.275,72.412,1.482,0.0,0.00,25600.00,0.00,0.000,4.295,-0.066,0.401,1.095,-1.356,217.879,Fuzzy
2777,138.8298,108.688,1091.703,-188.919,0.756,-72.847,-1.274,72.862,1.482,0.0,0.00,25600.00,0.00,0.000,4.315,-0.066,0.400,1.104,-1.364,217.953,Fuzzy
2778,138.8799,108.726,1088.049,-188.983,0.756,-73.297,-1.274,73.312,1.481,0.0,0.00,25600.00,0.00,0.000,4.336,-0.065,0.399,1.113,-1.372,218.027,Fuzzy
2779,138.9299,108.764,1084.373,-189.046,0.756,-73.746,-1.274,73.761,1.481,0.0,0.00,25600.00,0.00,0.000,4.356,-0.065,0.398,1.122,-1.380,218.101,Fuzzy
2780,138.9800,108.801,1080.675,-189.110,0.755,-74.194,-1.273,74.209,1.480,0.0,0.00,25600.00,0.00,0.000,4.376,-0.065,0.396,1.131,-1.388,218.175,Fuzzy
2781,139.0300,108.839,1076.954,-189.174,0.755,-74.642,-1.273,74.657,1.480,0.0,0.00,25600.00,0.00,0.000,4.396,-0.065,0.395,1.139,-1.397,218.249,Fuzzy
2782,139.0801,108.877,1073.210,-189.237,0.755,-75.090,-1.272,75.105,1.479,0.0,0.00,25600.00,0.00,0.000,4.416,-0.065,0.394,1.148,-1.405,218.323,Fuzzy
2783,139.1301,108.915,1069.445,-189.301,0.754,-75.537,-1.272,75.551,1.479,0.0,0.00,25600.00,0.00,0.000,4.436,-0.064,0.393,1.157,-1.413,218.397,Fuzzy
2784,139.1802,108.952,1065.657,-189.364,0.754,-75.983,-1.271,75.998,1.478,0.0,0.00,25600.00,0.00,0.000,4.456,-0.064,0.392,1.166,-1.421,218.471,Fuzzy
2785,139.2302,108.990,1061.846,-189.428,0.754,-76.429,-1.271,76.444,1.478,0.0,0.00,25600.00,0.00,0.000,4.476,-0.064,0.390,1.174,-1.429,218.545,Fuzzy
2786,139.2803,109.028,1058.014,-189.492,0.754,-76.875,-1.271,76.889,1.477,0.0,0.00,25600.00,0.00,0.000,4.495,-0.064,0.389,1.183,-1.437,218.619,Fuzzy
2787,139.3303,109.065,1054.159,-189.555,0.753,-77.320,-1.270,77.334,1.477,0.0,0.00,25600.00,0.00,0.000,4.515,-0.064,0.388,1.192,-1.445,218.692,Fuzzy
2788,139.3804,109.103,1050.282,-189.618,0.753,-77.764,-1.270,77.778,1.476,0.0,0.00,25600.00,0.00,0.000,4.535,-0.063,0.387,1.200,-1.453,218.766,Fuzzy
2789,139.4304,109.141,1046.382,-189.682,0.753,-78.208,-1.269,78.221,1.476,0.0,0.00,25600.00,0.00,0.000,4.554,-0.063,0.385,1.209,-1.461,218.840,Fuzzy
2790,139.4805,109.178,1042.461,-189.745,0.753,-78.651,-1.269,78.665,1.475,0.0,0.00,25600.00,0.00,0.000,4.574,-0.063,0.384,1.218,-1.469,218.914,Fuzzy
2791,139.5305,109.216,1038.517,-189.809,0.752,-79.093,-1.268,79.107,1.475,0.0,0.00,25600.00,0.00,0.000,4.593,-0.063,0.383,1.226,-1.477,218.988,Fuzzy
2792,139.5806,109.254,1034.552,-189.872,0.752,-79.535,-1.268,79.549,1.474,0.0,0.00,25600.00,0.00,0.000,4.612,-0.063,0.382,1.235,-1.486,219.061,Fuzzy
2793,139.6306,109.291,1030.564,-189.936,0.752,-79.977,-1.267,79.991,1.474,0.0,0.00,25600.00,0.00,0.000,4.632,-0.062,0.381,1.244,-1.494,219.135,Fuzzy
2794,139.6807,109.329,1026.554,-189.999,0.752,-80.418,-1.267,80.431,1.473,0.0,0.00,25600.00,0.00,0.000,4.651,-0.062,0.380,1.252,-1.502,219.209,Fuzzy
2795,139.7307,109.366,1022.522,-190.062,0.751,-80.858,-1.267,80.872,1.473,0.0,0.00,25600.00,0.00,0.000,4.670,-0.062,0.378,1.261,-1.510,219.282,Fuzzy
2796,139.7808,109.404,1018.468,-190.126,0.751,-81.298,-1.266,81.311,1.472,0.0,0.00,25600.00,0.00,0.000,4.689,-0.062,0.377,1.269,-1.517,219.356,Fuzzy
2797,139.8308,109.441,1014.392,-190.189,0.751,-81.737,-1.266,81.751,1.472,0.0,0.00,25600.00,0.00,0.000,4.708,-0.062,0.376,1.278,-1.525,219.429,Fuzzy
2798,139.8809,109.479,1010.294,-190.252,0.750,-82.176,-1.265,82.189,1.471,0.0,0.00,25600.00,0.00,0.000,4.727,-0.061,0.375,1.287,-1.533,219.503,Fuzzy
2799,139.9309,109.516,1006.175,-190.316,0.750,-82.614,-1.265,82.627,1.470,0.0,0.00,25600.00,0.00,0.000,4.746,-0.061,0.374,1.295,-1.541,219.577,Fuzzy
2800,139.9810,109.554,1002.033,-190.379,0.750,-83.052,-1.264,83.065,1.470,0.0,0.00,25600.00,0.00,0.000,4.765,-0.061,0.372,1.304,-1.549,219.650,Fuzzy
2801,140.0310,109.591,997.869,-190.442,0.750,-83.489,-1.264,83.502,1.469,0.0,0.00,25600.00,0.00,0.000,4.784,-0.061,0.371,1.312,-1.557,219.723,Fuzzy
2802,140.0811,109.629,993.684,-190.505,0.749,-83.925,-1.263,83.938,1.469,0.0,0.00,25600.00,0.00,0.000,4.803,-0.061,0.370,1.321,-1.565,219.797,Fuzzy
2803,140.1311,109.666,989.477,-190.568,0.749,-84.361,-1.263,84.373,1.468,0.0,0.00,25600.00,0.00,0.000,4.822,-0.061,0.369,1.329,-1.573,219.870,Fuzzy
2804,140.1812,109.704,985.248,-190.631,0.749,-84.796,-1.262,84.809,1.468,0.0,0.00,25600.00,0.00,0.000,4.840,-0.060,0.368,1.337,-1.581,219.944,Fuzzy
2805,140.2312,109.741,980.997,-190.695,0.748,-85.230,-1.262,85.243,1.467,0.0,0.00,25600.00,0.00,0.000,4.859,-0.060,0.367,1.346,-1.589,220.017,Fuzzy
2806,140.2813,109.779,976.725,-190.758,0.748,-85.664,-1.261,85.677,1.467,0.0,0.00,25600.00,0.00,0.000,4.877,-0.060,0.366,1.354,-1.597,220.090,Fuzzy
2807,140.3313,109.816,972.431,-190.821,0.748,-86.098,-1.261,86.110,1.466,0.0,0.00,25600.00,0.00,0.000,4.896,-0.060,0.364,1.363,-1.604,220.164,Fuzzy
2808,140.3814,109.853,968.115,-190.884,0.748,-86.531,-1.260,86.543,1.465,0.0,0.00,25600.00,0.00,0.000,4.914,-0.060,0.363,1.371,-1.612,220.237,Fuzzy
2809,140.4314,109.891,963.778,-190.947,0.747,-86.963,-1.260,86.975,1.465,0.0,0.00,25600.00,0.00,0.000,4.933,-0.059,0.362,1.380,-1.620,220.310,Fuzzy
2810,140.4815,109.928,959.419,-191.010,0.747,-87.394,-1.259,87.407,1.464,0.0,0.00,25600.00,0.00,0.000,4.951,-0.059,0.361,1.388,-1.628,220.384,Fuzzy
2811,140.5315,109.966,955.038,-191.073,0.747,-87.825,-1.259,87.837,1.464,0.0,0.00,25600.00,0.00,0.000,4.969,-0.059,0.360,1.396,-1.636,220.457,Fuzzy
2812,140.5816,110.003,950.636,-191.136,0.746,-88.256,-1.258,88.268,1.463,0.0,0.00,25600.00,0.00,0.000,4.988,-0.059,0.359,1.405,-1.643,220.530,Fuzzy
2813,140.6316,110.040,946.213,-191.198,0.746,-88.685,-1.258,88.697,1.462,0.0,0.00,25600.00,0.00,0.000,5.006,-0.059,0.358,1.413,-1.651,220.603,Fuzzy
2814,140.6817,110.078,941.768,-191.261,0.746,-89.114,-1.257,89.126,1.462,0.0,0.00,25600.00,0.00,0.000,5.024,-0.058,0.357,1.421,-1.659,220.676,Fuzzy
2815,140.7317,110.115,937.301,-191.324,0.745,-89.543,-1.257,89.555,1.461,0.0,0.00,25600.00,0.00,0.000,5.042,-0.058,0.355,1.430,-1.667,220.749,Fuzzy
2816,140.7818,110.152,932.814,-191.387,0.745,-89.971,-1.256,89.983,1.461,0.0,0.00,25600.00,0.00,0.000,5.060,-0.058,0.354,1.438,-1.674,220.822,Fuzzy
2817,140.8318,110.189,928.304,-191.450,0.745,-90.398,-1.256,90.410,1.460,0.0,0.00,25600.00,0.00,0.000,5.078,-0.058,0.353,1.446,-1.682,220.895,Fuzzy
2818,140.8819,110.227,923.774,-191.513,0.745,-90.825,-1.255,90.836,1.460,0.0,0.00,25600.00,0.00,0.000,5.096,-0.058,0.352,1.454,-1.690,220.968,Fuzzy
2819,140.9319,110.264,919.222,-191.575,0.744,-91.251,-1.255,91.262,1.459,0.0,0.00,25600.00,0.00,0.000,5.113,-0.058,0.351,1.463,-1.697,221.041,Fuzzy
2820,140.9819,110.301,914.649,-191.638,0.744,-91.676,-1.254,91.687,1.458,0.0,0.00,25600.00,0.00,0.000,5.131,-0.057,0.350,1.471,-1.705,221.114,Fuzzy
2821,141.0320,110.338,910.054,-191.701,0.744,-92.101,-1.254,92.112,1.458,0.0,0.00,25600.00,0.00,0.000,5.149,-0.057,0.349,1.479,-1.713,221.187,Fuzzy
2822,141.0820,110.375,905.439,-191.763,0.743,-92.525,-1.253,92.536,1.457,0.0,0.00,25600.00,0.00,0.000,5.166,-0.057,0.348,1.487,-1.720,221.260,Fuzzy
2823,141.1321,110.412,900.802,-191.826,0.743,-92.948,-1.253,92.959,1.456,0.0,0.00,25600.00,0.00,0.000,5.184,-0.057,0.347,1.495,-1.728,221.333,Fuzzy
2824,141.1821,110.450,896.144,-191.889,0.743,-93.371,-1.252,93.382,1.456,0.0,0.00,25600.00,0.00,0.000,5.202,-0.057,0.346,1.504,-1.735,221.405,Fuzzy
2825,141.2322,110.487,891.465,-191.951,0.742,-93.793,-1.252,93.804,1.455,0.0,0.00,25600.00,0.00,0.000,5.219,-0.057,0.344,1.512,-1.743,221.478,Fuzzy
2826,141.2822,110.524,886.765,-192.014,0.742,-94.214,-1.251,94.226,1.455,0.0,0.00,25600.00,0.00,0.000,5.236,-0.056,0.343,1.520,-1.751,221.551,Fuzzy
2827,141.3323,110.561,882.043,-192.076,0.742,-94.635,-1.251,94.646,1.454,0.0,0.00,25600.00,0.00,0.000,5.254,-0.056,0.342,1.528,-1.758,221.624,Fuzzy
2828,141.3823,110.598,877.301,-192.139,0.741,-95.055,-1.250,95.066,1.453,0.0,0.00,25600.00,0.00,0.000,5.271,-0.056,0.341,1.536,-1.766,221.696,Fuzzy
2829,141.4324,110.635,872.538,-192.201,0.741,-95.475,-1.249,95.486,1.453,0.0,0.00,25600.00,0.00,0.000,5.288,-0.056,0.340,1.544,-1.773,221.769,Fuzzy
2830,141.4824,110.672,867.754,-192.264,0.741,-95.893,-1.249,95.904,1.452,0.0,0.00,25600.00,0.00,0.000,5.306,-0.056,0.339,1.552,-1.781,221.842,Fuzzy
2831,141.5325,110.709,862.948,-192.326,0.740,-96.312,-1.248,96.323,1.451,0.0,0.00,25600.00,0.00,0.000,5.323,-0.055,0.338,1.560,-1.788,221.914,Fuzzy
2832,141.5825,110.746,858.122,-192.389,0.740,-96.729,-1.248,96.740,1.451,0.0,0.00,25600.00,0.00,0.000,5.340,-0.055,0.337,1.569,-1.796,221.987,Fuzzy
2833,141.6326,110.783,853.276,-192.451,0.740,-97.146,-1.247,97.157,1.450,0.0,0.00,25600.00,0.00,0.000,5.357,-0.055,0.336,1.577,-1.803,222.059,Fuzzy
2834,141.6826,110.820,848.408,-192.513,0.739,-97.562,-1.247,97.573,1.450,0.0,0.00,25600.00,0.00,0.000,5.374,-0.055,0.335,1.585,-1.811,222.132,Fuzzy
2835,141.7327,110.857,843.519,-192.576,0.739,-97.977,-1.246,97.988,1.449,0.0,0.00,25600.00,0.00,0.000,5.391,-0.055,0.334,1.593,-1.818,222.204,Fuzzy
2836,141.7827,110.894,838.610,-192.638,0.739,-98.392,-1.246,98.403,1.448,0.0,0.00,25600.00,0.00,0.000,5.408,-0.055,0.333,1.601,-1.826,222.277,Fuzzy
2837,141.8328,110.931,833.680,-192.700,0.738,-98.806,-1.245,98.817,1.448,0.0,0.00,25600.00,0.00,0.000,5.425,-0.054,0.332,1.609,-1.833,222.349,Fuzzy
2838,141.8828,110.968,828.729,-192.763,0.738,-99.220,-1.245,99.230,1.447,0.0,0.00,25600.00,0.00,0.000,5.441,-0.054,0.331,1.617,-1.841,222.421,Fuzzy
2839,141.9329,111.005,823.758,-192.825,0.738,-99.632,-1.244,99.643,1.446,0.0,0.00,25600.00,0.00,0.000,5.458,-0.054,0.330,1.625,-1.848,222.494,Fuzzy
2840,141.9829,111.042,818.766,-192.887,0.737,-100.045,-1.243,100.055,1.446,0.0,0.00,25600.00,0.00,0.000,5.475,-0.054,0.329,1.632,-1.855,222.566,Fuzzy
2841,142.0330,111.079,813.754,-192.949,0.737,-100.456,-1.243,100.466,1.445,0.0,0.00,25600.00,0.00,0.000,5.491,-0.054,0.328,1.640,-1.863,222.638,Fuzzy
2842,142.0830,111.115,808.721,-193.011,0.737,-100.867,-1.242,100.877,1.444,0.0,0.00,25600.00,0.00,0.000,5.508,-0.054,0.327,1.648,-1.870,222.710,Fuzzy
2843,142.1331,111.152,803.667,-193.073,0.736,-101.277,-1.242,101.287,1.444,0.0,0.00,25600.00,0.00,0.000,5.525,-0.053,0.326,1.656,-1.878,222.783,Fuzzy
2844,142.1831,111.189,798.593,-193.135,0.736,-101.686,-1.241,101.696,1.443,0.0,0.00,25600.00,0.00,0.000,5.541,-0.053,0.325,1.664,-1.885,222.855,Fuzzy
2845,142.2332,111.226,793.498,-193.197,0.736,-102.094,-1.241,102.105,1.442,0.0,0.00,25600.00,0.00,0.000,5.557,-0.053,0.324,1.672,-1.892,222.927,Fuzzy
2846,142.2832,111.263,788.384,-193.259,0.735,-102.502,-1.240,102.512,1.442,0.0,0.00,25600.00,0.00,0.000,5.574,-0.053,0.323,1.680,-1.899,222.999,Fuzzy
2847,142.3333,111.299,783.248,-193.321,0.735,-102.909,-1.239,102.919,1.441,0.0,0.00,25600.00,0.00,0.000,5.590,-0.053,0.322,1.688,-1.907,223.071,Fuzzy
2848,142.3833,111.336,778.093,-193.383,0.735,-103.316,-1.239,103.326,1.440,0.0,0.00,25600.00,0.00,0.000,5.606,-0.053,0.321,1.695,-1.914,223.143,Fuzzy
2849,142.4334,111.373,772.917,-193.445,0.734,-103.721,-1.238,103.731,1.440,0.0,0.00,25600.00,0.00,0.000,5.623,-0.052,0.320,1.703,-1.921,223.215,Fuzzy
2850,142.4834,111.410,767.720,-193.507,0.734,-104.126,-1.238,104.136,1.439,0.0,0.00,25600.00,0.00,0.000,5.639,-0.052,0.319,1.711,-1.929,223.287,Fuzzy
2851,142.5335,111.446,762.504,-193.569,0.734,-104.531,-1.237,104.541,1.438,0.0,0.00,25600.00,0.00,0.000,5.655,-0.052,0.318,1.719,-1.936,223.359,Fuzzy
2852,142.5835,111.483,757.267,-193.631,0.733,-104.934,-1.236,104.944,1.438,0.0,0.00,25600.00,0.00,0.000,5.671,-0.052,0.317,1.727,-1.943,223.431,Fuzzy
2853,142.6336,111.520,752.011,-193.693,0.733,-105.337,-1.236,105.347,1.437,0.0,0.00,25600.00,0.00,0.000,5.687,-0.052,0.316,1.734,-1.950,223.503,Fuzzy
2854,142.6836,111.556,746.734,-193.754,0.733,-105.739,-1.235,105.749,1.436,0.0,0.00,25600.00,0.00,0.000,5.703,-0.052,0.315,1.742,-1.958,223.575,Fuzzy
2855,142.7337,111.593,741.437,-193.816,0.732,-106.141,-1.235,106.150,1.435,0.0,0.00,25600.00,0.00,0.000,5.719,-0.051,0.314,1.750,-1.965,223.646,Fuzzy
2856,142.7837,111.629,736.120,-193.878,0.732,-106.541,-1.234,106.551,1.435,0.0,0.00,25600.00,0.00,0.000,5.735,-0.051,0.313,1.758,-1.972,223.718,Fuzzy
2857,142.8338,111.666,730.783,-193.940,0.732,-106.941,-1.233,106.951,1.434,0.0,0.00,25600.00,0.00,0.000,5.751,-0.051,0.312,1.765,-1.979,223.790,Fuzzy
2858,142.8838,111.703,725.426,-194.001,0.731,-107.340,-1.233,107.350,1.433,0.0,0.00,25600.00,0.00,0.000,5.766,-0.051,0.311,1.773,-1.986,223.861,Fuzzy
2859,142.9339,111.739,720.049,-194.063,0.731,-107.739,-1.232,107.748,1.433,0.0,0.00,25600.00,0.00,0.000,5.782,-0.051,0.310,1.781,-1.993,223.933,Fuzzy
2860,142.9839,111.776,714.652,-194.125,0.730,-108.137,-1.232,108.146,1.432,0.0,0.00,25600.00,0.00,0.000,5.798,-0.051,0.309,1.788,-2.001,224.005,Fuzzy
2861,143.0340,111.812,709.235,-194.186,0.730,-108.534,-1.231,108.543,1.431,0.0,0.00,25600.00,0.00,0.000,5.813,-0.050,0.308,1.796,-2.008,224.076,Fuzzy
2862,143.0840,111.849,703.798,-194.248,0.730,-108.930,-1.230,108.939,1.431,0.0,0.00,25600.00,0.00,0.000,5.829,-0.050,0.307,1.804,-2.015,224.148,Fuzzy
2863,143.1340,111.885,698.342,-194.309,0.729,-109.325,-1.230,109.335,1.430,0.0,0.00,25600.00,0.00,0.000,5.844,-0.050,0.306,1.811,-2.022,224.219,Fuzzy
2864,143.1841,111.922,692.866,-194.371,0.729,-109.720,-1.229,109.729,1.429,0.0,0.00,25600.00,0.00,0.000,5.860,-0.050,0.305,1.819,-2.029,224.291,Fuzzy
2865,143.2341,111.958,687.370,-194.432,0.729,-110.114,-1.229,110.123,1.428,0.0,0.00,25600.00,0.00,0.000,5.875,-0.050,0.304,1.826,-2.036,224.362,Fuzzy
2866,143.2842,111.995,681.855,-194.493,0.728,-110.507,-1.228,110.517,1.428,0.0,0.00,25600.00,0.00,0.000,5.891,-0.050,0.303,1.834,-2.043,224.434,Fuzzy
2867,143.3342,112.031,676.319,-194.555,0.728,-110.900,-1.227,110.909,1.427,0.0,0.00,25600.00,0.00,0.000,5.906,-0.050,0.302,1.842,-2.050,224.505,Fuzzy
2868,143.3843,112.067,670.765,-194.616,0.727,-111.292,-1.227,111.301,1.426,0.0,0.00,25600.00,0.00,0.000,5.921,-0.049,0.301,1.849,-2.057,224.576,Fuzzy
2869,143.4343,112.104,665.190,-194.677,0.727,-111.682,-1.226,111.692,1.425,0.0,0.00,25600.00,0.00,0.000,5.937,-0.049,0.300,1.857,-2.064,224.648,Fuzzy
2870,143.4844,112.140,659.596,-194.739,0.727,-112.073,-1.225,112.082,1.425,0.0,0.00,25600.00,0.00,0.000,5.952,-0.049,0.299,1.864,-2.071,224.719,Fuzzy
2871,143.5344,112.176,653.983,-194.800,0.726,-112.462,-1.225,112.471,1.424,0.0,0.00,25600.00,0.00,0.000,5.967,-0.049,0.298,1.872,-2.078,224.790,Fuzzy
2872,143.5845,112.213,648.350,-194.861,0.726,-112.851,-1.224,112.860,1.423,0.0,0.00,25600.00,0.00,0.000,5.982,-0.049,0.297,1.879,-2.085,224.861,Fuzzy
2873,143.6345,112.249,642.698,-194.922,0.726,-113.239,-1.224,113.248,1.423,0.0,0.00,25600.00,0.00,0.000,5.997,-0.049,0.296,1.887,-2.092,224.932,Fuzzy
2874,143.6846,112.285,637.026,-194.984,0.725,-113.626,-1.223,113.635,1.422,0.0,0.00,25600.00,0.00,0.000,6.012,-0.048,0.296,1.894,-2.099,225.003,Fuzzy
2875,143.7346,112.321,631.335,-195.045,0.725,-114.012,-1.222,114.021,1.421,0.0,0.00,25600.00,0.00,0.000,6.027,-0.048,0.295,1.901,-2.106,225.075,Fuzzy
2876,143.7847,112.358,625.625,-195.106,0.724,-114.398,-1.222,114.407,1.420,0.0,0.00,25600.00,0.00,0.000,6.042,-0.048,0.294,1.909,-2.113,225.146,Fuzzy
2877,143.8347,112.394,619.896,-195.167,0.724,-114.783,-1.221,114.791,1.420,0.0,0.00,25600.00,0.00,0.000,6.057,-0.048,0.293,1.916,-2.120,225.217,Fuzzy
2878,143.8848,112.430,614.147,-195.228,0.724,-115.167,-1.220,115.175,1.419,0.0,0.00,25600.00,0.00,0.000,6.071,-0.048,0.292,1.924,-2.127,225.287,Fuzzy
2879,143.9348,112.466,608.379,-195.289,0.723,-115.550,-1.220,115.559,1.418,0.0,0.00,25600.00,0.00,0.000,6.086,-0.048,0.291,1.931,-2.134,225.358,Fuzzy
2880,143.9849,112.502,602.592,-195.350,0.723,-115.932,-1.219,115.941,1.417,0.0,0.00,25600.00,0.00,0.000,6.101,-0.048,0.290,1.938,-2.140,225.429,Fuzzy
2881,144.0349,112.539,596.786,-195.411,0.723,-116.314,-1.218,116.323,1.417,0.0,0.00,25600.00,0.00,0.000,6.116,-0.047,0.289,1.946,-2.147,225.500,Fuzzy
2882,144.0850,112.575,590.960,-195.472,0.722,-116.695,-1.218,116.704,1.416,0.0,0.00,25600.00,0.00,0.000,6.130,-0.047,0.288,1.953,-2.154,225.571,Fuzzy
2883,144.1350,112.611,585.116,-195.533,0.722,-117.075,-1.217,117.084,1.415,0.0,0.00,25600.00,0.00,0.000,6.145,-0.047,0.287,1.961,-2.161,225.642,Fuzzy
2884,144.1851,112.647,579.253,-195.593,0.721,-117.454,-1.216,117.463,1.414,0.0,0.00,25600.00,0.00,0.000,6.159,-0.047,0.286,1.968,-2.168,225.712,Fuzzy
2885,144.2351,112.683,573.371,-195.654,0.721,-117.833,-1.216,117.841,1.413,0.0,0.00,25600.00,0.00,0.000,6.174,-0.047,0.286,1.975,-2.175,225.783,Fuzzy
2886,144.2852,112.719,567.470,-195.715,0.721,-118.211,-1.215,118.219,1.413,0.0,0.00,25600.00,0.00,0.000,6.188,-0.047,0.285,1.982,-2.181,225.854,Fuzzy
2887,144.3352,112.755,561.550,-195.776,0.720,-118.587,-1.214,118.596,1.412,0.0,0.00,25600.00,0.00,0.000,6.203,-0.047,0.284,1.990,-2.188,225.924,Fuzzy
2888,144.3853,112.791,555.611,-195.836,0.720,-118.964,-1.214,118.972,1.411,0.0,0.00,25600.00,0.00,0.000,6.217,-0.046,0.283,1.997,-2.195,225.995,Fuzzy
2889,144.4353,112.827,549.653,-195.897,0.719,-119.339,-1.213,119.347,1.410,0.0,0.00,25600.00,0.00,0.000,6.231,-0.046,0.282,2.004,-2.202,226.066,Fuzzy
2890,144.4854,112.863,543.677,-195.958,0.719,-119.713,-1.212,119.722,1.410,0.0,0.00,25600.00,0.00,0.000,6.246,-0.046,0.281,2.011,-2.208,226.136,Fuzzy
2891,144.5354,112.899,537.682,-196.018,0.719,-120.087,-1.212,120.095,1.409,0.0,0.00,25600.00,0.00,0.000,6.260,-0.046,0.280,2.019,-2.215,226.206,Fuzzy
2892,144.5855,112.935,531.668,-196.079,0.718,-120.460,-1.211,120.468,1.408,0.0,0.00,25600.00,0.00,0.000,6.274,-0.046,0.279,2.026,-2.222,226.277,Fuzzy
2893,144.6355,112.971,525.636,-196.140,0.718,-120.832,-1.210,120.840,1.407,0.0,0.00,25600.00,0.00,0.000,6.288,-0.046,0.279,2.033,-2.229,226.347,Fuzzy
2894,144.6856,113.006,519.585,-196.200,0.717,-121.203,-1.210,121.211,1.406,0.0,0.00,25600.00,0.00,0.000,6.302,-0.046,0.278,2.040,-2.235,226.418,Fuzzy
2895,144.7356,113.042,513.516,-196.260,0.717,-121.574,-1.209,121.582,1.406,0.0,0.00,25600.00,0.00,0.000,6.316,-0.045,0.277,2.047,-2.242,226.488,Fuzzy
2896,144.7857,113.078,507.428,-196.321,0.717,-121.943,-1.208,121.951,1.405,0.0,0.00,25600.00,0.00,0.000,6.330,-0.045,0.276,2.054,-2.249,226.558,Fuzzy
2897,144.8357,113.114,501.321,-196.381,0.716,-122.312,-1.208,122.320,1.404,0.0,0.00,25600.00,0.00,0.000,6.344,-0.045,0.275,2.062,-2.255,226.628,Fuzzy
2898,144.8858,113.150,495.197,-196.442,0.716,-122.680,-1.207,122.688,1.403,0.0,0.00,25600.00,0.00,0.000,6.358,-0.045,0.274,2.069,-2.262,226.699,Fuzzy
2899,144.9358,113.186,489.053,-196.502,0.715,-123.047,-1.206,123.055,1.402,0.0,0.00,25600.00,0.00,0.000,6.372,-0.045,0.273,2.076,-2.268,226.769,Fuzzy
2900,144.9859,113.221,482.892,-196.562,0.715,-123.414,-1.206,123.422,1.402,0.0,0.00,25600.00,0.00,0.000,6.386,-0.045,0.272,2.083,-2.275,226.839,Fuzzy
2901,145.0359,113.257,476.712,-196.623,0.714,-123.779,-1.205,123.787,1.401,0.0,0.00,25600.00,0.00,0.000,6.400,-0.045,0.272,2.090,-2.282,226.909,Fuzzy
2902,145.0860,113.293,470.514,-196.683,0.714,-124.144,-1.204,124.152,1.400,0.0,0.00,25600.00,0.00,0.000,6.413,-0.044,0.271,2.097,-2.288,226.979,Fuzzy
2903,145.1360,113.328,464.298,-196.743,0.714,-124.508,-1.204,124.516,1.399,0.0,0.00,25600.00,0.00,0.000,6.427,-0.044,0.270,2.104,-2.295,227.049,Fuzzy
2904,145.1861,113.364,458.063,-196.803,0.713,-124.871,-1.203,124.879,1.398,0.0,0.00,25600.00,0.00,0.000,6.441,-0.044,0.269,2.111,-2.301,227.119,Fuzzy
2905,145.2361,113.400,451.811,-196.863,0.713,-125.233,-1.202,125.241,1.398,0.0,0.00,25600.00,0.00,0.000,6.454,-0.044,0.268,2.118,-2.308,227.189,Fuzzy
2906,145.2861,113.435,445.540,-196.923,0.712,-125.594,-1.201,125.602,1.397,0.0,0.00,25600.00,0.00,0.000,6.468,-0.044,0.267,2.125,-2.314,227.258,Fuzzy
2907,145.3362,113.471,439.251,-196.983,0.712,-125.955,-1.201,125.963,1.396,0.0,0.00,25600.00,0.00,0.000,6.481,-0.044,0.267,2.132,-2.321,227.328,Fuzzy
2908,145.3862,113.507,432.944,-197.043,0.712,-126.315,-1.200,126.322,1.395,0.0,0.00,25600.00,0.00,0.000,6.495,-0.044,0.266,2.139,-2.328,227.398,Fuzzy
2909,145.4363,113.542,426.620,-197.103,0.711,-126.673,-1.199,126.681,1.394,0.0,0.00,25600.00,0.00,0.000,6.508,-0.043,0.265,2.146,-2.334,227.468,Fuzzy
2910,145.4863,113.578,420.277,-197.163,0.711,-127.031,-1.199,127.039,1.394,0.0,0.00,25600.00,0.00,0.000,6.522,-0.043,0.264,2.153,-2.340,227.537,Fuzzy
2911,145.5364,113.613,413.917,-197.223,0.710,-127.388,-1.198,127.396,1.393,0.0,0.00,25600.00,0.00,0.000,6.535,-0.043,0.263,2.160,-2.347,227.607,Fuzzy
2912,145.5864,113.649,407.538,-197.283,0.710,-127.745,-1.197,127.752,1.392,0.0,0.00,25600.00,0.00,0.000,6.548,-0.043,0.262,2.167,-2.353,227.677,Fuzzy
2913,145.6365,113.684,401.142,-197.343,0.709,-128.100,-1.197,128.108,1.391,0.0,0.00,25600.00,0.00,0.000,6.562,-0.043,0.262,2.174,-2.360,227.746,Fuzzy
2914,145.6865,113.720,394.728,-197.403,0.709,-128.455,-1.196,128.462,1.390,0.0,0.00,25600.00,0.00,0.000,6.575,-0.043,0.261,2.181,-2.366,227.816,Fuzzy
2915,145.7366,113.755,388.297,-197.463,0.709,-128.809,-1.195,128.816,1.389,0.0,0.00,25600.00,0.00,0.000,6.588,-0.043,0.260,2.188,-2.373,227.885,Fuzzy
2916,145.7866,113.791,381.847,-197.522,0.708,-129.161,-1.194,129.169,1.389,0.0,0.00,25600.00,0.00,0.000,6.601,-0.043,0.259,2.194,-2.379,227.955,Fuzzy
2917,145.8367,113.826,375.381,-197.582,0.708,-129.513,-1.194,129.521,1.388,0.0,0.00,25600.00,0.00,0.000,6.614,-0.042,0.258,2.201,-2.385,228.024,Fuzzy
2918,145.8867,113.861,368.896,-197.642,0.707,-129.865,-1.193,129.872,1.387,0.0,0.00,25600.00,0.00,0.000,6.627,-0.042,0.258,2.208,-2.392,228.093,Fuzzy
2919,145.9368,113.897,362.394,-197.701,0.707,-130.215,-1.192,130.222,1.386,0.0,0.00,25600.00,0.00,0.000,6.640,-0.042,0.257,2.215,-2.398,228.163,Fuzzy
2920,145.9868,113.932,355.875,-197.761,0.706,-130.564,-1.192,130.572,1.385,0.0,0.00,25600.00,0.00,0.000,6.653,-0.042,0.256,2.222,-2.405,228.232,Fuzzy
2921,146.0369,113.967,349.338,-197.820,0.706,-130.913,-1.191,130.920,1.384,0.0,0.00,25600.00,0.00,0.000,6.666,-0.042,0.255,2.229,-2.411,228.301,Fuzzy
2922,146.0869,114.003,342.783,-197.880,0.706,-131.261,-1.190,131.268,1.384,0.0,0.00,25600.00,0.00,0.000,6.679,-0.042,0.254,2.235,-2.417,228.371,Fuzzy
2923,146.1370,114.038,336.212,-197.940,0.705,-131.608,-1.189,131.615,1.383,0.0,0.00,25600.00,0.00,0.000,6.692,-0.042,0.254,2.242,-2.424,228.440,Fuzzy
2924,146.1870,114.073,329.623,-197.999,0.705,-131.953,-1.189,131.961,1.382,0.0,0.00,25600.00,0.00,0.000,6.705,-0.041,0.253,2.249,-2.430,228.509,Fuzzy
2925,146.2371,114.108,323.016,-198.058,0.704,-132.299,-1.188,132.306,1.381,0.0,0.00,25600.00,0.00,0.000,6.718,-0.041,0.252,2.256,-2.436,228.578,Fuzzy
2926,146.2871,114.144,316.393,-198.118,0.704,-132.643,-1.187,132.650,1.380,0.0,0.00,25600.00,0.00,0.000,6.731,-0.041,0.251,2.262,-2.442,228.647,Fuzzy
2927,146.3372,114.179,309.752,-198.177,0.703,-132.986,-1.186,132.993,1.379,0.0,0.00,25600.00,0.00,0.000,6.743,-0.041,0.250,2.269,-2.449,228.716,Fuzzy
2928,146.3872,114.214,303.094,-198.236,0.703,-133.329,-1.186,133.336,1.378,0.0,0.00,25600.00,0.00,0.000,6.756,-0.041,0.250,2.276,-2.455,228.785,Fuzzy
2929,146.4373,114.249,296.419,-198.296,0.702,-133.670,-1.185,133.677,1.378,0.0,0.00,25600.00,0.00,0.000,6.769,-0.041,0.249,2.282,-2.461,228.854,Fuzzy
2930,146.4873,114.284,289.727,-198.355,0.702,-134.011,-1.184,134.018,1.377,0.0,0.00,25600.00,0.00,0.000,6.781,-0.041,0.248,2.289,-2.467,228.922,Fuzzy
2931,146.5374,114.319,283.018,-198.414,0.702,-134.351,-1.183,134.358,1.376,0.0,0.00,25600.00,0.00,0.000,6.794,-0.041,0.247,2.296,-2.474,228.991,Fuzzy
2932,146.5874,114.354,276.292,-198.473,0.701,-134.690,-1.183,134.697,1.375,0.0,0.00,25600.00,0.00,0.000,6.806,-0.040,0.247,2.302,-2.480,229.060,Fuzzy
2933,146.6375,114.389,269.549,-198.532,0.701,-135.028,-1.182,135.035,1.374,0.0,0.00,25600.00,0.00,0.000,6.819,-0.040,0.246,2.309,-2.486,229.129,Fuzzy
2934,146.6875,114.424,262.789,-198.591,0.700,-135.365,-1.181,135.372,1.373,0.0,0.00,25600.00,0.00,0.000,6.831,-0.040,0.245,2.316,-2.492,229.197,Fuzzy
2935,146.7376,114.459,256.013,-198.650,0.700,-135.701,-1.180,135.708,1.372,0.0,0.00,25600.00,0.00,0.000,6.843,-0.040,0.244,2.322,-2.498,229.266,Fuzzy
2936,146.7876,114.494,249.219,-198.709,0.699,-136.037,-1.180,136.044,1.371,0.0,0.00,25600.00,0.00,0.000,6.856,-0.040,0.243,2.329,-2.504,229.335,Fuzzy
2937,146.8377,114.529,242.409,-198.768,0.699,-136.371,-1.179,136.378,1.371,0.0,0.00,25600.00,0.00,0.000,6.868,-0.040,0.243,2.335,-2.511,229.403,Fuzzy
2938,146.8877,114.564,235.582,-198.827,0.698,-136.705,-1.178,136.712,1.370,0.0,0.00,25600.00,0.00,0.000,6.880,-0.040,0.242,2.342,-2.517,229.472,Fuzzy
2939,146.9378,114.599,228.738,-198.886,0.698,-137.038,-1.177,137.045,1.369,0.0,0.00,25600.00,0.00,0.000,6.893,-0.040,0.241,2.348,-2.523,229.540,Fuzzy
2940,146.9878,114.634,221.878,-198.945,0.698,-137.370,-1.177,137.377,1.368,0.0,0.00,25600.00,0.00,0.000,6.905,-0.039,0.240,2.355,-2.529,229.609,Fuzzy
2941,147.0379,114.669,215.002,-199.004,0.697,-137.701,-1.176,137.708,1.367,0.0,0.00,25600.00,0.00,0.000,6.917,-0.039,0.240,2.362,-2.535,229.677,Fuzzy
2942,147.0879,114.704,208.108,-199.063,0.697,-138.031,-1.175,138.038,1.366,0.0,0.00,25600.00,0.00,0.000,6.929,-0.039,0.239,2.368,-2.541,229.745,Fuzzy
2943,147.1380,114.739,201.198,-199.121,0.696,-138.360,-1.174,138.367,1.365,0.0,0.00,25600.00,0.00,0.000,6.941,-0.039,0.238,2.375,-2.547,229.814,Fuzzy
2944,147.1880,114.773,194.272,-199.180,0.696,-138.688,-1.174,138.695,1.364,0.0,0.00,25600.00,0.00,0.000,6.953,-0.039,0.237,2.381,-2.553,229.882,Fuzzy
2945,147.2381,114.808,187.330,-199.239,0.695,-139.016,-1.173,139.022,1.364,0.0,0.00,25600.00,0.00,0.000,6.965,-0.039,0.237,2.387,-2.559,229.950,Fuzzy
2946,147.2881,114.843,180.371,-199.297,0.695,-139.342,-1.172,139.349,1.363,0.0,0.00,25600.00,0.00,0.000,6.977,-0.039,0.236,2.394,-2.565,230.018,Fuzzy
2947,147.3382,114.878,173.395,-199.356,0.694,-139.668,-1.171,139.674,1.362,0.0,0.00,25600.00,0.00,0.000,6.989,-0.039,0.235,2.400,-2.571,230.086,Fuzzy
2948,147.3882,114.912,166.404,-199.415,0.694,-139.992,-1.171,139.999,1.361,0.0,0.00,25600.00,0.00,0.000,7.001,-0.038,0.235,2.407,-2.577,230.154,Fuzzy
2949,147.4382,114.947,159.396,-199.473,0.693,-140.316,-1.170,140.323,1.360,0.0,0.00,25600.00,0.00,0.000,7.013,-0.038,0.234,2.413,-2.583,230.222,Fuzzy
2950,147.4883,114.982,152.372,-199.532,0.693,-140.639,-1.169,140.646,1.359,0.0,0.00,25600.00,0.00,0.000,7.025,-0.038,0.233,2.420,-2.589,230.290,Fuzzy
2951,147.5383,115.016,145.332,-199.590,0.693,-140.961,-1.168,140.968,1.358,0.0,0.00,25600.00,0.00,0.000,7.037,-0.038,0.232,2.426,-2.595,230.358,Fuzzy
2952,147.5884,115.051,138.276,-199.648,0.692,-141.282,-1.168,141.289,1.357,0.0,0.00,25600.00,0.00,0.000,7.048,-0.038,0.232,2.432,-2.601,230.426,Fuzzy
2953,147.6384,115.086,131.204,-199.707,0.692,-141.602,-1.167,141.609,1.356,0.0,0.00,25600.00,0.00,0.000,7.060,-0.038,0.231,2.439,-2.607,230.494,Fuzzy
2954,147.6885,115.120,124.116,-199.765,0.691,-141.921,-1.166,141.928,1.355,0.0,0.00,25600.00,0.00,0.000,7.072,-0.038,0.230,2.445,-2.613,230.562,Fuzzy
2955,147.7385,115.155,117.012,-199.823,0.691,-142.240,-1.165,142.246,1.355,0.0,0.00,25600.00,0.00,0.000,7.083,-0.038,0.229,2.451,-2.619,230.629,Fuzzy
2956,147.7886,115.189,109.892,-199.882,0.690,-142.557,-1.164,142.564,1.354,0.0,0.00,25600.00,0.00,0.000,7.095,-0.038,0.229,2.458,-2.625,230.697,Fuzzy
2957,147.8386,115.224,102.756,-199.940,0.690,-142.874,-1.164,142.880,1.353,0.0,0.00,25600.00,0.00,0.000,7.107,-0.037,0.228,2.464,-2.631,230.765,Fuzzy
2958,147.8887,115.258,95.605,-199.998,0.689,-143.189,-1.163,143.196,1.352,0.0,0.00,25600.00,0.00,0.000,7.118,-0.037,0.227,2.470,-2.636,230.832,Fuzzy
2959,147.9387,115.293,88.437,-200.056,0.689,-143.504,-1.162,143.510,1.351,0.0,0.00,25600.00,0.00,0.000,7.130,-0.037,0.227,2.477,-2.642,230.900,Fuzzy
2960,147.9888,115.327,81.254,-200.114,0.688,-143.818,-1.161,143.824,1.350,0.0,0.00,25600.00,0.00,0.000,7.141,-0.037,0.226,2.483,-2.648,230.968,Fuzzy
2961,148.0388,115.361,74.056,-200.172,0.688,-144.130,-1.160,144.137,1.349,0.0,0.00,25600.00,0.00,0.000,7.152,-0.037,0.225,2.489,-2.654,231.035,Fuzzy
2962,148.0889,115.396,66.841,-200.230,0.687,-144.442,-1.160,144.448,1.348,0.0,0.00,25600.00,0.00,0.000,7.164,-0.037,0.224,2.495,-2.660,231.102,Fuzzy
2963,148.1389,115.430,59.612,-200.288,0.687,-144.753,-1.159,144.759,1.347,0.0,0.00,25600.00,0.00,0.000,7.175,-0.037,0.224,2.501,-2.666,231.170,Fuzzy
2964,148.1890,115.465,52.366,-200.346,0.686,-145.063,-1.158,145.069,1.346,0.0,0.00,25600.00,0.00,0.000,7.187,-0.037,0.223,2.508,-2.671,231.237,Fuzzy
2965,148.2390,115.499,45.105,-200.404,0.686,-145.372,-1.157,145.378,1.345,0.0,0.00,25600.00,0.00,0.000,7.198,-0.036,0.222,2.514,-2.677,231.304,Fuzzy
2966,148.2891,115.533,37.829,-200.462,0.686,-145.680,-1.157,145.687,1.344,0.0,0.00,25600.00,0.00,0.000,7.209,-0.036,0.222,2.520,-2.683,231.372,Fuzzy
2967,148.3391,115.567,30.537,-200.520,0.685,-145.988,-1.156,145.994,1.343,0.0,0.00,25600.00,0.00,0.000,7.220,-0.036,0.221,2.526,-2.689,231.439,Fuzzy
2968,148.3892,115.602,23.230,-200.577,0.685,-146.294,-1.155,146.300,1.343,0.0,0.00,25600.00,0.00,0.000,7.231,-0.036,0.220,2.532,-2.694,231.506,Fuzzy
2969,148.4392,115.636,15.908,-200.635,0.684,-146.599,-1.154,146.606,1.342,0.0,0.00,25600.00,0.00,0.000,7.243,-0.036,0.220,2.539,-2.700,231.573,Fuzzy
2970,148.4893,115.670,8.570,-200.693,0.684,-146.904,-1.153,146.910,1.341,0.0,0.00,25600.00,0.00,0.000,7.254,-0.036,0.219,2.545,-2.706,231.640,Fuzzy
2971,148.5393,115.704,1.217,-200.750,0.683,-147.207,-1.153,147.213,1.340,0.0,0.00,25600.00,0.00,0.000,7.265,-0.036,0.218,2.551,-2.712,231.707,Fuzzy
2972,148.5443,115.708,0.481,-200.756,0.683,-147.238,-1.152,147.244,1.340,0.0,0.00,25600.00,0.00,0.000,7.266,-0.036,0.218,2.551,-2.712,231.714,Fuzzy
2973,148.5493,115.711,-0.255,-200.762,0.683,-147.268,-1.152,147.274,1.340,0.0,0.00,25600.00,0.00,0.000,7.267,-0.036,0.218,2.552,-2.713,231.721,Fuzzy
