time,posX,posY,posZ,velX,velY,velZ,thrust,mass,angleError,fuel
0,050,1,10,2495,01,-0,18,22,01,-99,42,-3,49,845000,0,39954,24,3,81,14354,2
0,100,2,20,2490,06,-0,35,21,98,-98,82,-3,41,845000,0,39940,38,3,66,14340,4
0,150,3,30,2485,13,-0,52,21,95,-98,21,-3,33,845000,0,39926,52,3,49,14326,5
0,200,4,40,2480,24,-0,68,21,93,-97,61,-3,26,845000,0,39912,67,3,31,14312,7
0,250,5,49,2475,37,-0,84,21,97,-97,01,-3,19,845000,0,39898,81,3,12,14298,8
0,300,6,59,2470,54,-1,00,21,97,-96,41,-3,13,845000,0,39884,95,2,92,14285,0
0,350,7,69,2465,73,-1,16,21,97,-95,80,-3,07,845000,0,39871,09,2,72,14271,1
0,400,8,79,2460,96,-1,31,21,97,-95,19,-3,02,845000,0,39857,24,2,51,14257,2
0,450,9,89,2456,21,-1,46,21,97,-94,59,-2,97,845000,0,39843,38,2,31,14243,4
0,500,10,98,2451,50,-1,61,21,97,-93,98,-2,93,845000,0,39829,52,2,11,14229,5
0,550,12,08,2446,81,-1,75,21,97,-93,37,-2,89,845000,0,39815,66,1,93,14215,7
0,600,13,18,2442,16,-1,90,21,98,-92,77,-2,86,835817,3,39801,88,1,76,14201,9
0,650,14,28,2437,54,-2,04,21,99,-92,18,-2,83,824990,6,39788,28,1,61,14188,3
0,700,15,38,2432,94,-2,18,22,00,-91,61,-2,80,814397,4,39774,85,1,48,14174,9
0,750,16,48,2428,38,-2,32,22,01,-91,04,-2,78,802636,4,39761,60,1,38,14161,6
0,800,17,58,2423,84,-2,46,22,03,-90,50,-2,76,789937,7,39748,55,1,32,14148,6
0,850,18,68,2419,33,-2,59,22,05,-89,97,-2,74,777609,4,39735,71,1,29,14135,7
0,900,19,79,2414,84,-2,73,22,08,-89,46,-2,72,765664,9,39723,08,1,31,14123,1
0,950,20,89,2410,38,-2,87,22,11,-88,97,-2,76,755940,6,39710,59,1,36,14110,6
1,000,22,00,2405,94,-3,01,22,14,-88,48,-2,78,742946,4,39698,32,1,41,14098,3
1,050,23,10,2401,53,-3,14,22,17,-88,01,-2,80,731999,1,39686,24,1,46,14086,2
1,100,24,21,2397,14,-3,29,22,20,-87,55,-2,81,721320,5,39674,34,1,50,14074,3
1,150,25,32,2392,77,-3,43,22,22,-87,11,-2,83,710980,1,39662,61,1,52,14062,6
1,200,26,44,2388,43,-3,57,22,25,-86,68,-2,85,700908,8,39651,04,1,53,14051,0
1,250,27,55,2384,10,-3,71,22,27,-86,26,-2,88,691149,3,39639,64,1,53,14039,6
1,300,28,66,2379,80,-3,86,22,29,-85,85,-2,90,681661,6,39628,39,1,53,14028,4
1,350,29,78,2375,52,-4,00,22,31,-85,46,-2,92,672461,6,39617,30,1,51,14017,3
1,400,30,89,2371,26,-4,15,22,33,-85,08,-2,95,663510,8,39606,36,1,49,14006,4
1,450,32,01,2367,01,-4,30,22,34,-84,71,-2,97,654825,6,39595,56,1,48,13995,6
1,500,33,13,2362,79,-4,45,22,35,-84,34,-3,00,646367,6,39584,90,1,47,13984,9
1,550,34,25,2358,58,-4,60,22,36,-83,99,-3,02,638209,5,39574,38,1,46,13974,4
1,600,35,37,2354,39,-4,75,22,37,-83,65,-3,05,630258,7,39563,99,1,48,13964,0
1,650,36,48,2350,21,-4,90,22,32,-83,33,-3,08,622549,0,39553,69,1,50,13953,7
1,700,37,60,2346,05,-5,06,22,30,-83,01,-3,10,615197,6,39543,55,1,51,13943,6
1,750,38,71,2341,91,-5,21,22,29,-82,70,-3,13,607913,9,39533,52,1,52,13933,5
1,800,39,83,2337,78,-5,37,22,27,-82,39,-3,16,600826,6,39523,63,1,52,13923,6
1,850,40,94,2333,67,-5,53,22,25,-82,10,-3,18,593954,4,39513,84,1,52,13913,8
1,900,42,05,2329,57,-5,69,22,23,-81,81,-3,21,587287,9,39504,16,1,50,13904,2
1,950,43,16,2325,49,-5,85,22,21,-81,54,-3,23,580791,5,39494,59,1,48,13894,6
2,000,44,27,2321,42,-6,01,22,19,-81,27,-3,25,574484,5,39485,13,1,45,13885,1
2,050,45,38,2317,36,-6,17,22,17,-81,01,-3,27,568359,1,39475,77,1,41,13875,8
2,100,46,49,2313,32,-6,34,22,15,-80,75,-3,28,562435,1,39466,50,1,37,13866,5
2,150,47,60,2309,29,-6,50,22,13,-80,51,-3,30,556650,3,39457,34,1,33,13857,3
2,200,48,70,2305,27,-6,67,22,11,-80,27,-3,31,551052,6,39448,26,1,28,13848,3
2,250,49,81,2301,26,-6,83,22,09,-80,03,-3,32,545607,0,39439,27,1,24,13839,3
2,300,50,91,2297,26,-7,00,22,07,-79,81,-3,33,540335,2,39430,38,1,19,13830,4
2,350,52,01,2293,28,-7,16,22,05,-79,59,-3,34,535202,4,39421,57,1,15,13821,6
2,400,53,12,2289,30,-7,33,22,03,-79,38,-3,35,530202,7,39412,84,1,12,13812,8
2,450,54,22,2285,34,-7,50,22,01,-79,17,-3,36,525385,5,39404,19,1,09,13804,2
2,500,55,32,2281,39,-7,67,21,99,-78,97,-3,36,520688,8,39395,62,1,07,13795,6
2,550,56,42,2277,44,-7,84,21,97,-78,78,-3,33,522067,6,39387,09,1,06,13787,1
2,600,57,51,2273,51,-8,00,21,95,-78,59,-3,32,511805,3,39378,67,1,05,13778,7
2,650,58,61,2269,59,-8,17,21,93,-78,41,-3,32,507486,8,39370,32,1,04,13770,3
2,700,59,71,2265,67,-8,33,21,91,-78,23,-3,31,503321,9,39362,04,1,02,13762,0
2,750,60,80,2261,76,-8,50,21,89,-78,06,-3,30,499249,8,39353,82,1,01,13753,8
2,800,61,90,2257,86,-8,66,21,87,-77,89,-3,30,495293,2,39345,67,0,99,13745,7
2,850,62,99,2253,97,-8,83,21,85,-77,72,-3,29,491474,9,39337,59,0,96,13737,6
2,900,64,08,2250,09,-8,99,21,84,-77,57,-3,28,487761,8,39329,56,0,93,13729,6
2,950,65,17,2246,22,-9,16,21,82,-77,41,-3,27,484122,4,39321,60,0,90,13721,6
3,000,66,26,2242,35,-9,32,21,81,-77,26,-3,26,480606,7,39313,70,0,87,13713,7
3,050,67,35,2238,49,-9,48,21,79,-77,12,-3,25,477210,8,39305,85,0,83,13705,9
3,100,68,44,2234,64,-9,65,21,78,-76,98,-3,24,473875,3,39298,05,0,80,13698,1
3,150,69,53,2230,79,-9,81,21,77,-76,84,-3,24,470678,3,39290,31,0,76,13690,3
3,200,70,62,2226,95,-9,97,21,76,-76,71,-3,23,467533,4,39282,63,0,73,13682,6
3,250,71,71,2223,12,-10,13,21,74,-76,58,-3,22,464492,0,39274,99,0,70,13675,0
3,300,72,79,2219,30,-10,29,21,74,-76,45,-3,21,461550,1,39267,40,0,67,13667,4
3,350,73,88,2215,48,-10,45,21,73,-76,33,-3,20,458676,7,39259,86,0,65,13659,9
3,400,74,97,2211,66,-10,61,21,72,-76,22,-3,19,455895,5,39252,37,0,63,13652,4
3,450,76,05,2207,85,-10,77,21,71,-76,10,-3,18,453203,3,39244,91,0,62,13644,9
3,500,77,14,2204,05,-10,93,21,73,-75,99,-3,17,450720,3,39237,48,0,61,13637,5
3,550,78,23,2200,26,-11,09,21,73,-75,89,-3,16,448136,0,39230,11,0,60,13630,1
3,600,79,31,2196,46,-11,25,21,73,-75,78,-3,15,445630,6,39222,79,0,59,13622,8
3,650,80,40,2192,68,-11,40,21,73,-75,68,-3,15,443228,6,39215,51,0,58,13615,5
3,700,81,49,2188,90,-11,56,21,73,-75,58,-3,14,440872,5,39208,26,0,56,13608,3
3,750,82,57,2185,12,-11,72,21,72,-75,48,-3,13,438613,7,39201,05,0,54,13601,1
3,800,83,66,2181,35,-11,87,21,72,-75,39,-3,12,436394,4,39193,88,0,53,13593,9
3,850,84,74,2177,58,-12,03,21,72,-75,30,-3,12,434239,6,39186,75,0,51,13586,8
3,900,85,83,2173,82,-12,18,21,72,-75,21,-3,11,432174,2,39179,65,0,49,13579,7
3,950,86,92,2170,06,-12,34,21,72,-75,13,-3,10,430140,6,39172,58,0,47,13572,6
4,000,88,00,2166,30,-12,49,21,72,-75,05,-3,10,428163,5,39165,55,0,45,13565,6
4,050,89,09,2162,55,-12,65,21,72,-74,97,-3,09,426266,5,39158,55,0,44,13558,6
4,100,90,17,2158,81,-12,80,21,72,-74,89,-3,09,424379,0,39151,58,0,42,13551,6
4,150,91,26,2155,07,-12,96,21,72,-74,81,-3,08,422550,8,39144,64,0,42,13544,6
4,200,92,35,2151,33,-13,11,21,72,-74,74,-3,08,420753,3,39137,73,0,42,13537,7
4,250,93,43,2147,59,-13,27,21,72,-74,67,-3,08,419012,8,39130,84,0,42,13530,8
4,300,94,52,2143,86,-13,42,21,72,-74,60,-3,10,417607,9,39123,96,0,43,13524,0
4,350,95,60,2140,13,-13,58,21,72,-74,54,-3,10,415699,0,39117,13,0,43,13517,1
4,400,96,69,2136,41,-13,73,21,72,-74,47,-3,10,414064,0,39110,34,0,44,13510,3
4,450,97,78,2132,68,-13,89,21,72,-74,41,-3,10,412454,3,39103,56,0,44,13503,6
4,500,98,86,2128,97,-14,04,21,73,-74,35,-3,11,410896,0,39096,81,0,44,13496,8
4,550,99,95,2125,25,-14,20,21,73,-74,29,-3,11,409360,8,39090,09,0,43,13490,1
4,600,101,03,2121,54,-14,35,21,73,-74,23,-3,11,407847,3,39083,39,0,43,13483,4
4,650,102,12,2117,83,-14,51,21,73,-74,17,-3,11,406382,4,39076,72,0,42,13476,7
4,700,103,21,2114,12,-14,66,21,73,-74,12,-3,11,404937,3,39070,07,0,41,13470,1
4,750,104,29,2110,41,-14,82,21,73,-74,07,-3,11,403538,8,39063,45,0,40,13463,5
4,800,105,38,2106,71,-14,97,21,73,-74,02,-3,11,402158,2,39056,84,0,38,13456,8
4,850,106,47,2103,01,-15,13,21,72,-73,97,-3,11,400822,0,39050,26,0,37,13450,3
4,900,107,55,2099,32,-15,29,21,72,-73,92,-3,11,399502,1,39043,70,0,36,13443,7
4,950,108,64,2095,62,-15,44,21,72,-73,88,-3,11,398197,0,39037,16,0,34,13437,2
5,000,109,73,2091,93,-15,60,21,72,-73,83,-3,11,396962,0,39030,65,0,33,13430,7
5,050,110,81,2088,24,-15,75,21,72,-73,79,-3,12,395712,8,39024,15,0,31,13424,2
5,100,111,90,2084,55,-15,91,21,72,-73,75,-3,12,394531,1,39017,67,0,30,13417,7
5,150,112,98,2080,86,-16,06,21,72,-73,71,-3,12,393333,6,39011,21,0,29,13411,2
5,200,114,07,2077,18,-16,22,21,71,-73,67,-3,12,392202,4,39004,78,0,28,13404,8
5,250,115,15,2073,49,-16,38,21,71,-73,64,-3,12,391081,4,38998,36,0,27,13398,4
5,300,116,24,2069,81,-16,53,21,71,-73,60,-3,12,389969,5,38991,96,0,26,13392,0
5,350,117,32,2066,13,-16,69,21,70,-73,57,-3,12,388894,0,38985,57,0,26,13385,6
5,400,118,41,2062,46,-16,84,21,70,-73,54,-3,13,387854,5,38979,21,0,26,13379,2
5,450,119,49,2058,78,-17,00,21,70,-73,50,-3,13,386849,4,38972,86,0,26,13372,9
5,500,120,58,2055,11,-17,16,21,67,-73,48,-3,13,384997,3,38966,46,0,27,13366,5
5,550,121,66,2051,43,-17,31,21,67,-73,46,-3,13,384173,8,38960,10,0,27,13360,1
5,600,122,75,2047,76,-17,47,21,68,-73,45,-3,13,386871,3,38953,71,0,28,13353,7
5,650,123,83,2044,09,-17,63,21,67,-73,45,-3,14,394385,2,38947,23,0,28,13347,2
5,700,124,91,2040,41,-17,78,21,67,-73,46,-3,14,397774,0,38940,70,0,28,13340,7
5,750,125,99,2036,74,-17,94,21,66,-73,47,-3,14,407410,3,38934,22,0,28,13334,2
5,800,127,08,2033,07,-18,10,21,63,-73,47,-3,14,397498,4,38927,73,0,28,13327,7
5,850,128,16,2029,39,-18,26,21,65,-73,47,-3,15,405446,3,38921,29,0,28,13321,3
5,900,129,24,2025,72,-18,41,21,65,-73,47,-3,15,398038,5,38914,81,0,28,13314,8
5,950,130,32,2022,05,-18,57,21,64,-73,48,-3,15,404162,4,38908,38,0,27,13308,4
6,000,131,40,2018,37,-18,73,21,64,-73,48,-3,15,403159,8,38901,94,0,27,13301,9
6,050,132,49,2014,70,-18,89,21,61,-73,47,-3,15,395941,2,38895,51,0,26,13295,5
6,100,133,57,2011,02,-19,04,21,63,-73,48,-3,16,401233,8,38889,08,0,26,13289,1
6,150,134,65,2007,35,-19,20,21,62,-73,48,-3,16,393254,3,38882,66,0,25,13282,7
6,200,135,73,2003,67,-19,36,21,60,-73,48,-3,16,392599,3,38876,26,0,25,13276,3
6,250,136,81,2000,00,-19,52,21,59,-73,47,-3,16,392777,9,38869,89,0,24,13269,9
6,300,137,89,1996,33,-19,68,21,59,-73,48,-3,16,390539,0,38863,50,0,24,13263,5
6,350,138,97,1992,65,-19,83,21,59,-73,48,-3,16,389676,4,38857,11,0,23,13257,1
6,400,140,05,1988,98,-19,99,21,58,-73,48,-3,16,388770,7,38850,73,0,22,13250,7
6,450,141,13,1985,30,-20,15,21,58,-73,48,-3,17,387876,8,38844,36,0,21,13244,4
6,500,142,21,1981,63,-20,31,21,57,-73,47,-3,17,386940,7,38838,02,0,21,13238,0
6,550,143,28,1977,96,-20,47,21,58,-73,47,-3,17,385484,6,38831,69,0,20,13231,7
6,600,144,36,1974,28,-20,62,21,58,-73,46,-3,17,384457,3,38825,40,0,19,13225,4
6,650,145,44,1970,61,-20,78,21,56,-73,45,-3,17,375232,7,38819,11,0,18,13219,1
6,700,146,52,1966,94,-20,94,21,56,-73,44,-3,17,381269,1,38812,84,0,17,13212,8
6,750,147,60,1963,27,-21,10,21,56,-73,44,-3,17,381797,7,38806,58,0,17,13206,6
6,800,148,68,1959,59,-21,26,21,55,-73,43,-3,17,379464,4,38800,36,0,16,13200,4
6,850,149,75,1955,92,-21,42,21,55,-73,42,-3,17,379817,0,38794,13,0,15,13194,1
6,900,150,83,1952,25,-21,58,21,55,-73,41,-3,17,378950,6,38787,91,0,14,13187,9
6,950,151,91,1948,58,-21,73,21,54,-73,40,-3,17,377984,0,38781,70,0,14,13181,7
7,000,152,98,1944,91,-21,89,21,53,-73,39,-3,17,377580,1,38775,52,0,13,13175,5
7,050,154,06,1941,24,-22,05,21,52,-73,38,-3,17,376312,1,38769,34,0,12,13169,3
7,100,155,14,1937,57,-22,21,21,53,-73,37,-3,17,375425,2,38763,19,0,12,13163,2
7,150,156,21,1933,91,-22,37,21,52,-73,36,-3,17,374701,2,38757,04,0,11,13157,0
7,200,157,29,1930,24,-22,53,21,52,-73,35,-3,17,373204,9,38750,91,0,10,13150,9
7,250,158,37,1926,57,-22,69,21,51,-73,34,-3,17,374106,3,38744,79,0,09,13144,8
7,300,159,44,1922,91,-22,85,21,51,-73,33,-3,17,372145,5,38738,69,0,09,13138,7
7,350,160,52,1919,24,-23,00,21,50,-73,32,-3,17,371594,0,38732,59,0,08,13132,6
7,400,161,59,1915,57,-23,16,21,49,-73,31,-3,17,370954,8,38726,51,0,08,13126,5
7,450,162,67,1911,91,-23,32,21,49,-73,30,-3,17,370710,9,38720,44,0,07,13120,4
7,500,163,74,1908,24,-23,48,21,49,-73,29,-3,17,369980,8,38714,38,0,07,13114,4
7,550,164,81,1904,58,-23,64,21,49,-73,28,-3,17,367850,2,38708,34,0,07,13108,3
7,600,165,89,1900,92,-23,80,21,48,-73,27,-3,17,367997,9,38702,30,0,06,13102,3
7,650,166,96,1897,25,-23,96,21,48,-73,26,-3,17,366824,3,38696,27,0,06,13096,3
7,700,168,04,1893,59,-24,12,21,47,-73,25,-3,17,366547,6,38690,25,0,05,13090,3
7,750,169,11,1889,93,-24,27,21,47,-73,25,-3,17,365761,8,38684,25,0,05,13084,3
7,800,170,18,1886,27,-24,43,21,46,-73,24,-3,17,365734,1,38678,25,0,05,13078,3
7,850,171,25,1882,60,-24,59,21,45,-73,23,-3,17,364805,9,38672,26,0,04,13072,3
7,900,172,33,1878,94,-24,75,21,45,-73,23,-3,17,364693,6,38666,28,0,04,13066,3
7,950,173,40,1875,28,-24,91,21,44,-73,22,-3,17,363929,7,38660,31,0,04,13060,3
8,000,174,47,1871,62,-25,07,21,44,-73,21,-3,17,363485,9,38654,35,0,04,13054,4
8,050,175,54,1867,96,-25,23,21,44,-73,21,-3,17,363031,4,38648,39,0,03,13048,4
8,100,176,62,1864,30,-25,38,21,43,-73,21,-3,17,362560,3,38642,44,0,03,13042,4
8,150,177,69,1860,64,-25,54,21,43,-73,20,-3,17,362132,7,38636,50,0,03,13036,5
8,200,178,76,1856,98,-25,70,21,42,-73,20,-3,17,361692,6,38630,57,0,03,13030,6
8,250,179,83,1853,32,-25,86,21,42,-73,20,-3,17,361267,8,38624,64,0,03,13024,6
8,300,180,90,1849,66,-26,02,21,41,-73,19,-3,17,360857,8,38618,73,0,03,13018,7
8,350,181,97,1846,00,-26,18,21,41,-73,19,-3,17,360462,3,38612,81,0,03,13012,8
8,400,183,04,1842,34,-26,33,21,40,-73,19,-3,17,360053,4,38606,91,0,03,13006,9
8,450,184,11,1838,68,-26,49,21,40,-73,19,-3,17,359686,2,38601,01,0,03,13001,0
8,500,185,18,1835,02,-26,65,21,39,-73,19,-3,17,359304,8,38595,12,0,03,12995,1
8,550,186,25,1831,36,-26,81,21,39,-73,19,-3,17,358936,9,38589,23,0,03,12989,2
8,600,187,32,1827,70,-26,97,21,38,-73,19,-3,17,358581,9,38583,35,0,03,12983,4
8,650,188,39,1824,04,-27,13,21,38,-73,19,-3,16,358239,3,38577,47,0,03,12977,5
8,700,189,46,1820,38,-27,28,21,37,-73,19,-3,16,357908,9,38571,60,0,03,12971,6
8,750,190,53,1816,72,-27,44,21,37,-73,19,-3,16,357562,8,38565,73,0,03,12965,7
8,800,191,59,1813,06,-27,60,21,37,-73,19,-3,16,357256,4,38559,88,0,03,12959,9
8,850,192,66,1809,40,-27,76,21,36,-73,19,-3,16,356934,1,38554,02,0,03,12954,0
8,900,193,73,1805,74,-27,92,21,36,-73,19,-3,16,356622,6,38548,17,0,03,12948,2
8,950,194,80,1802,08,-28,08,21,35,-73,20,-3,16,356322,6,38542,33,0,04,12942,3
9,000,195,87,1798,43,-28,23,21,35,-73,20,-3,16,356032,9,38536,49,0,04,12936,5
9,050,196,93,1794,77,-28,39,21,34,-73,20,-3,16,355754,0,38530,66,0,04,12930,7
9,100,198,00,1791,11,-28,55,21,34,-73,21,-3,16,355457,6,38524,83,0,04,12924,8
9,150,199,07,1787,44,-28,71,21,33,-73,21,-3,16,355199,0,38519,00,0,04,12919,0
9,200,200,13,1783,78,-28,87,21,33,-73,21,-3,16,354922,4,38513,18,0,04,12913,2
9,250,201,20,1780,12,-29,02,21,32,-73,22,-3,16,354655,2,38507,37,0,04,12907,4
9,300,202,26,1776,46,-29,18,21,32,-73,22,-3,16,354425,2,38501,55,0,04,12901,6
9,350,203,33,1772,80,-29,34,21,31,-73,23,-3,16,354176,5,38495,74,0,04,12895,7
9,400,204,40,1769,14,-29,50,21,31,-73,23,-3,16,353937,0,38489,94,0,04,12889,9
9,450,205,46,1765,48,-29,66,21,30,-73,24,-3,16,353678,4,38484,14,0,04,12884,1
9,500,206,53,1761,82,-29,81,21,30,-73,24,-3,16,353455,9,38478,34,0,04,12878,3
9,550,207,59,1758,15,-29,97,21,29,-73,25,-3,16,353241,6,38472,55,0,05,12872,6
9,600,208,66,1754,49,-30,13,21,29,-73,23,-3,16,373197,5,38466,49,0,05,12866,5
9,650,209,72,1750,83,-30,29,21,28,-73,21,-3,16,374240,4,38460,36,0,05,12860,4
9,700,210,78,1747,17,-30,44,21,28,-73,19,-3,16,375198,1,38454,22,0,05,12854,2
9,750,211,85,1743,51,-30,60,21,27,-73,16,-3,16,376154,3,38448,06,0,05,12848,1
9,800,212,91,1739,85,-30,76,21,27,-73,14,-3,16,377081,5,38441,89,0,05,12841,9
9,850,213,97,1736,20,-30,92,21,26,-73,11,-3,16,377980,4,38435,70,0,05,12835,7
9,900,215,04,1732,54,-31,08,21,26,-73,08,-3,16,378851,5,38429,49,0,05,12829,5
9,950,216,10,1728,89,-31,23,21,25,-73,05,-3,16,379722,7,38423,27,0,05,12823,3
10,000,217,16,1725,24,-31,39,21,25,-73,02,-3,16,380539,6,38417,04,0,05,12817,0
10,050,218,22,1721,59,-31,55,21,24,-72,99,-3,16,381413,2,38410,79,0,04,12810,8
10,100,219,29,1717,94,-31,71,21,24,-72,96,-3,16,382205,7,38404,53,0,04,12804,5
10,150,220,35,1714,29,-31,87,21,23,-72,93,-3,16,383000,6,38398,26,0,04,12798,3
10,200,221,41,1710,65,-32,02,21,23,-72,89,-3,15,383797,9,38391,98,0,04,12792,0
10,250,222,47,1707,00,-32,18,21,22,-72,86,-3,15,384543,9,38385,68,0,04,12785,7
10,300,223,53,1703,36,-32,34,21,22,-72,82,-3,15,385293,3,38379,36,0,04,12779,4
10,350,224,59,1699,72,-32,50,21,21,-72,78,-3,15,386019,3,38373,04,0,04,12773,0
10,400,225,65,1696,08,-32,65,21,21,-72,74,-3,15,386750,1,38366,71,0,04,12766,7
10,450,226,71,1692,45,-32,81,21,20,-72,70,-3,15,387430,4,38360,36,0,04,12760,4
10,500,227,77,1688,81,-32,97,21,20,-72,66,-3,15,388144,1,38354,00,0,04,12754,0
10,550,228,83,1685,18,-33,13,21,19,-72,62,-3,15,388808,5,38347,63,0,04,12747,6
10,600,229,89,1681,55,-33,28,21,19,-72,58,-3,15,389423,7,38341,25,0,04,12741,3
10,650,230,95,1677,92,-33,44,21,19,-72,53,-3,15,390100,9,38334,86,0,04,12734,9
10,700,232,01,1674,30,-33,60,21,18,-72,49,-3,15,390702,5,38328,46,0,04,12728,5
10,750,233,07,1670,67,-33,76,21,18,-72,44,-3,15,391214,4,38322,05,0,04,12722,1
10,800,234,13,1667,05,-33,91,21,17,-72,40,-3,15,392453,2,38315,62,0,04,12715,6
10,850,235,19,1663,43,-34,07,21,17,-72,35,-3,15,392404,9,38309,19,0,04,12709,2
10,900,236,25,1659,82,-34,23,21,16,-72,30,-3,15,393442,6,38302,75,0,04,12702,8
10,950,237,30,1656,20,-34,39,21,16,-72,26,-3,15,393766,0,38296,29,0,04,12696,3
11,000,238,36,1652,59,-34,55,21,15,-72,21,-3,15,394489,2,38289,83,0,04,12689,8
11,050,239,42,1648,98,-34,70,21,15,-72,16,-3,15,394662,8,38283,36,0,04,12683,4
11,100,240,48,1645,38,-34,86,21,15,-72,11,-3,15,395397,5,38276,88,0,04,12676,9
11,150,241,53,1641,77,-35,02,21,14,-72,05,-3,15,396227,8,38270,39,0,04,12670,4
11,200,242,59,1638,17,-35,18,21,13,-72,00,-3,15,396572,5,38263,90,0,04,12663,9
11,250,243,65,1634,57,-35,33,21,13,-71,95,-3,15,396732,3,38257,39,0,04,12657,4
11,300,244,70,1630,98,-35,49,21,12,-71,90,-3,15,397399,5,38250,88,0,04,12650,9
11,350,245,76,1627,38,-35,65,21,12,-71,84,-3,15,397774,7,38244,36,0,04,12644,4
11,400,246,82,1623,79,-35,81,21,11,-71,79,-3,15,398687,8,38237,84,0,04,12637,8
11,450,247,87,1620,20,-35,96,21,11,-71,73,-3,15,398924,0,38231,30,0,03,12631,3
11,500,248,93,1616,62,-36,12,21,11,-71,67,-3,15,399305,2,38224,76,0,03,12624,8
11,550,249,98,1613,04,-36,28,21,10,-71,62,-3,15,399862,5,38218,21,0,03,12618,2
11,600,251,04,1609,46,-36,43,21,10,-71,56,-3,15,399964,5,38211,65,0,03,12611,7
11,650,252,09,1605,88,-36,59,21,09,-71,50,-3,15,400357,3,38205,09,0,03,12605,1
11,700,253,15,1602,31,-36,75,21,09,-71,44,-3,15,400790,9,38198,52,0,03,12598,5
11,750,254,20,1598,74,-36,91,21,08,-71,38,-3,15,401100,9,38191,95,0,03,12592,0
11,800,255,25,1595,17,-37,06,21,08,-71,32,-3,15,401672,8,38185,36,0,03,12585,4
11,850,256,31,1591,61,-37,22,21,07,-71,26,-3,15,402201,8,38178,78,0,03,12578,8
11,900,257,36,1588,04,-37,38,21,07,-71,20,-3,15,402249,7,38172,18,0,03,12572,2
11,950,258,42,1584,49,-37,54,21,06,-71,14,-3,15,402590,0,38165,58,0,03,12565,6
12,000,259,47,1580,93,-37,69,21,06,-71,08,-3,14,402940,0,38158,98,0,03,12559,0
12,050,260,52,1577,38,-37,85,21,05,-71,01,-3,14,403499,4,38152,37,0,03,12552,4
12,100,261,57,1573,83,-38,01,21,05,-70,95,-3,14,403551,4,38145,76,0,03,12545,8
12,150,262,63,1570,28,-38,17,21,05,-70,89,-3,14,403893,2,38139,14,0,03,12539,1
12,200,263,68,1566,74,-38,32,21,04,-70,82,-3,14,404223,9,38132,51,0,03,12532,5
12,250,264,73,1563,20,-38,48,21,04,-70,76,-3,14,404737,5,38125,88,0,03,12525,9
12,300,265,78,1559,66,-38,64,21,03,-70,69,-3,14,404854,6,38119,25,0,03,12519,3
12,350,266,83,1556,13,-38,79,21,03,-70,63,-3,14,405152,4,38112,61,0,03,12512,6
12,400,267,89,1552,60,-38,95,21,02,-70,56,-3,14,405633,9,38105,96,0,03,12506,0
12,450,268,94,1549,08,-39,11,21,02,-70,49,-3,14,405691,6,38099,31,0,03,12499,3
12,500,269,99,1545,55,-39,27,21,02,-70,43,-3,14,405930,4,38092,66,0,03,12492,7
12,550,271,04,1542,03,-39,42,21,01,-70,36,-3,14,406107,3,38086,00,0,03,12486,0
12,600,272,09,1538,52,-39,58,21,00,-70,29,-3,14,406409,3,38079,34,0,03,12479,3
12,650,273,14,1535,00,-39,74,21,00,-70,22,-3,14,406674,3,38072,67,0,02,12472,7
12,700,274,19,1531,49,-39,89,21,00,-70,16,-3,14,406900,9,38066,00,0,02,12466,0
12,750,275,24,1527,99,-40,05,20,99,-70,09,-3,14,407144,8,38059,33,0,02,12459,3
12,800,276,29,1524,49,-40,21,20,99,-70,02,-3,14,407351,9,38052,65,0,02,12452,7
12,850,277,34,1520,99,-40,36,20,98,-69,95,-3,14,407550,8,38045,97,0,02,12446,0
12,900,278,39,1517,49,-40,52,20,98,-69,88,-3,14,407768,3,38039,29,0,02,12439,3
12,950,279,43,1514,00,-40,68,20,97,-69,81,-3,14,408004,9,38032,60,0,02,12432,6
13,000,280,48,1510,51,-40,83,20,97,-69,74,-3,14,408180,0,38025,91,0,02,12425,9
13,050,281,53,1507,02,-40,99,20,96,-69,67,-3,14,408400,2,38019,22,0,02,12419,2
13,100,282,58,1503,54,-41,15,20,96,-69,60,-3,14,408586,9,38012,52,0,02,12412,5
13,150,283,63,1500,07,-41,30,20,95,-69,52,-3,14,408736,6,38005,82,0,02,12405,8
13,200,284,67,1496,59,-41,46,20,95,-69,45,-3,14,408906,2,37999,12,0,02,12399,1
13,250,285,72,1493,12,-41,62,20,94,-69,38,-3,13,409069,6,37992,41,0,02,12392,4
13,300,286,77,1489,65,-41,78,20,94,-69,31,-3,13,409253,4,37985,70,0,02,12385,7
13,350,287,82,1486,19,-41,93,20,94,-69,24,-3,13,409428,5,37978,99,0,02,12379,0
13,400,288,86,1482,73,-42,09,20,93,-69,16,-3,13,409598,3,37972,28,0,02,12372,3
13,450,289,91,1479,27,-42,25,20,93,-69,09,-3,13,409759,8,37965,56,0,02,12365,6
13,500,290,95,1475,82,-42,40,20,92,-69,02,-3,13,409888,6,37958,84,0,02,12358,8
13,550,292,00,1472,37,-42,56,20,92,-68,94,-3,13,410038,3,37952,12,0,02,12352,1
13,600,293,05,1468,93,-42,72,20,91,-68,87,-3,13,410236,0,37945,40,0,02,12345,4
13,650,294,09,1465,48,-42,87,20,91,-68,79,-3,13,410316,3,37938,67,0,02,12338,7
13,700,295,14,1462,05,-43,03,20,90,-68,72,-3,13,410474,4,37931,94,0,02,12331,9
13,750,296,18,1458,61,-43,18,20,90,-68,65,-3,13,410598,6,37925,21,0,02,12325,2
13,800,297,23,1455,18,-43,34,20,89,-68,57,-3,13,410716,8,37918,48,0,02,12318,5
13,850,298,27,1451,76,-43,50,20,89,-68,50,-3,13,410829,2,37911,75,0,02,12311,8
13,900,299,32,1448,33,-43,65,20,89,-68,42,-3,13,410936,0,37905,01,0,02,12305,0
13,950,300,36,1444,91,-43,81,20,88,-68,34,-3,13,411036,9,37898,27,0,02,12298,3
14,000,301,40,1441,50,-43,97,20,88,-68,27,-3,13,411160,3,37891,54,0,02,12291,5
14,050,302,45,1438,09,-44,12,20,87,-68,19,-3,13,411278,1,37884,80,0,02,12284,8
14,100,303,49,1434,68,-44,28,20,87,-68,12,-3,13,411419,5,37878,05,0,02,12278,1
14,150,304,54,1431,27,-44,44,20,86,-68,04,-3,13,411471,8,37871,30,0,02,12271,3
14,200,305,58,1427,87,-44,59,20,86,-67,96,-3,13,411546,8,37864,55,0,02,12264,6
14,250,306,62,1424,48,-44,75,20,86,-67,89,-3,13,411671,9,37857,80,0,02,12257,8
14,300,307,66,1421,09,-44,91,20,85,-67,81,-3,13,411710,7,37851,06,0,02,12251,1
14,350,308,71,1417,70,-45,06,20,85,-67,73,-3,13,411826,1,37844,31,0,02,12244,3
14,400,309,75,1414,31,-45,22,20,84,-67,66,-3,13,411965,8,37837,56,0,02,12237,6
14,450,310,79,1410,93,-45,37,20,84,-67,58,-3,13,411961,8,37830,80,0,02,12230,8
14,500,311,83,1407,55,-45,53,20,83,-67,50,-3,13,412064,8,37824,05,0,02,12224,1
14,550,312,87,1404,18,-45,69,20,83,-67,42,-3,12,412106,7,37817,29,0,02,12217,3
14,600,313,91,1400,81,-45,84,20,82,-67,35,-3,12,412173,9,37810,53,0,02,12210,5
14,650,314,96,1397,45,-46,00,20,82,-67,27,-3,12,412373,7,37803,77,0,02,12203,8
14,700,316,00,1394,09,-46,16,20,81,-67,19,-3,12,412349,3,37797,02,0,02,12197,0
14,750,317,04,1390,73,-46,31,20,81,-67,11,-3,12,412348,5,37790,26,0,02,12190,3
14,800,318,08,1387,37,-46,47,20,81,-67,03,-3,12,412509,2,37783,50,0,02,12183,5
14,850,319,12,1384,02,-46,62,20,80,-66,96,-3,12,412610,5,37776,74,0,02,12176,7
14,900,320,16,1380,68,-46,78,20,80,-66,88,-3,12,412599,2,37769,97,0,02,12170,0
14,950,321,20,1377,34,-46,94,20,79,-66,80,-3,12,412638,9,37763,20,0,00,12163,2
15,000,322,24,1374,00,-47,09,20,79,-66,72,-3,12,412674,9,37756,44,0,02,12156,4
15,050,323,28,1370,66,-47,25,20,78,-66,64,-3,12,412734,8,37749,67,0,00,12149,7
15,100,324,32,1367,33,-47,40,20,78,-66,56,-3,12,412791,4,37742,90,0,02,12142,9
15,150,325,35,1364,01,-47,56,20,77,-66,48,-3,12,412816,7,37736,13,0,00,12136,1
15,200,326,39,1360,69,-47,72,20,77,-66,40,-3,12,412838,8,37729,37,0,00,12129,4
15,250,327,43,1357,37,-47,87,20,77,-66,32,-3,12,412857,2,37722,60,0,02,12122,6
15,300,328,47,1354,05,-48,03,20,76,-66,25,-3,12,412928,1,37715,83,0,02,12115,8
15,350,329,51,1350,74,-48,18,20,76,-66,17,-3,12,412967,9,37709,06,0,00,12109,1
15,400,330,54,1347,44,-48,34,20,75,-66,09,-3,12,412977,6,37702,30,0,00,12102,3
15,450,331,58,1344,13,-48,50,20,75,-66,01,-3,12,413011,6,37695,53,0,02,12095,5
15,500,332,62,1340,84,-48,65,20,74,-65,93,-3,12,413015,1,37688,76,0,02,12088,8
15,550,333,66,1337,54,-48,81,20,74,-65,85,-3,12,413070,8,37681,99,0,00,12082,0
15,600,334,69,1334,25,-48,96,20,73,-65,77,-3,12,413068,8,37675,23,0,00,12075,2
15,650,335,73,1330,96,-49,12,20,73,-65,69,-3,11,413146,3,37668,45,0,02,12068,5
15,700,336,77,1327,68,-49,27,20,73,-65,61,-3,11,413083,8,37661,68,0,02,12061,7
15,750,337,80,1324,40,-49,43,20,72,-65,53,-3,11,413101,3,37654,91,0,00,12054,9
15,800,338,84,1321,13,-49,59,20,72,-65,45,-3,11,413171,5,37648,13,0,02,12048,1
15,850,339,87,1317,86,-49,74,20,71,-65,37,-3,11,413100,8,37641,36,0,02,12041,4
15,900,340,91,1314,59,-49,90,20,71,-65,28,-3,11,413166,2,37634,58,0,00,12034,6
15,950,341,95,1311,33,-50,05,20,70,-65,20,-3,11,413174,1,37627,80,0,02,12027,8
16,000,342,98,1308,07,-50,21,20,70,-65,12,-3,11,413179,4,37621,02,0,00,12021,0
16,050,344,02,1304,82,-50,36,20,70,-65,04,-3,11,413182,3,37614,25,0,02,12014,3
16,100,345,05,1301,57,-50,52,20,69,-64,96,-3,11,413183,1,37607,47,0,00,12007,5
16,150,346,08,1298,32,-50,67,20,69,-64,88,-3,11,413209,1,37600,69,0,02,12000,7
16,200,347,12,1295,08,-50,83,20,68,-64,80,-3,11,413178,0,37593,91,0,00,11993,9
16,250,348,15,1291,84,-50,99,20,68,-64,72,-3,11,413200,2,37587,14,0,02,11987,1
16,300,349,19,1288,61,-51,14,20,67,-64,64,-3,11,413219,9,37580,36,0,00,11980,4
16,350,350,22,1285,38,-51,30,20,67,-64,56,-3,11,413183,2,37573,58,0,00,11973,6
16,400,351,25,1282,15,-51,45,20,67,-64,48,-3,11,413171,3,37566,80,0,02,11966,8
16,450,352,29,1278,93,-51,61,20,66,-64,40,-3,11,413199,3,37560,03,0,00,11960,0
16,500,353,32,1275,71,-51,76,20,66,-64,31,-3,11,413183,8,37553,25,0,00,11953,3
16,550,354,35,1272,50,-51,92,20,65,-64,23,-3,11,413194,5,37546,47,0,02,11946,5
16,600,355,38,1269,29,-52,07,20,65,-64,15,-3,11,413175,9,37539,70,0,02,11939,7
16,650,356,42,1266,09,-52,23,20,64,-64,07,-3,10,413183,2,37532,92,0,02,11932,9
16,700,357,45,1262,88,-52,38,20,64,-63,99,-3,10,413160,8,37526,14,0,02,11926,1
16,750,358,48,1259,69,-52,54,20,64,-63,91,-3,10,413150,7,37519,36,0,02,11919,4
16,800,359,51,1256,49,-52,69,20,63,-63,83,-3,10,413139,0,37512,59,0,02,11912,6
16,850,360,54,1253,31,-52,85,20,63,-63,74,-3,10,413111,8,37505,81,0,02,11905,8
16,900,361,58,1250,12,-53,00,20,62,-63,66,-3,10,413110,8,37499,04,0,02,11899,0
16,950,362,61,1246,94,-53,16,20,62,-63,58,-3,10,413080,3,37492,27,0,00,11892,3
17,000,363,64,1243,76,-53,32,20,61,-63,50,-3,10,413076,3,37485,50,0,00,11885,5
17,050,364,67,1240,59,-53,47,20,61,-63,42,-3,10,413057,0,37478,73,0,02,11878,7
17,100,365,70,1237,42,-53,63,20,61,-63,34,-3,10,413036,1,37471,96,0,02,11872,0
17,150,366,73,1234,26,-53,78,20,60,-63,25,-3,10,413013,7,37465,20,0,00,11865,2
17,200,367,76,1231,10,-53,94,20,60,-63,17,-3,10,413031,2,37458,43,0,02,11858,4
17,250,368,79,1227,94,-54,09,20,59,-63,09,-3,10,412909,9,37451,66,0,00,11851,7
17,300,369,82,1224,79,-54,25,20,59,-63,01,-3,10,412939,0,37444,89,0,02,11844,9
17,350,370,85,1221,64,-54,40,20,58,-62,93,-3,10,412883,7,37438,13,0,00,11838,1
17,400,371,88,1218,49,-54,56,20,58,-62,85,-3,10,412923,8,37431,36,0,02,11831,4
17,450,372,90,1215,35,-54,71,20,58,-62,76,-3,10,412852,7,37424,59,0,00,11824,6
17,500,373,93,1212,22,-54,87,20,57,-62,68,-3,10,412863,0,37417,82,0,00,11817,8
17,550,374,96,1209,09,-55,02,20,57,-62,60,-3,10,412858,2,37411,05,0,02,11811,1
17,600,375,99,1205,96,-55,17,20,56,-62,52,-3,10,412797,4,37404,29,0,00,11804,3
17,650,377,02,1202,83,-55,33,20,56,-62,44,-3,10,412721,4,37397,52,0,00,11797,5
17,700,378,05,1199,71,-55,48,20,55,-62,35,-3,10,412754,9,37390,75,0,00,11790,8
17,750,379,07,1196,60,-55,64,20,55,-62,27,-3,10,412718,0,37383,98,0,00,11784,0
17,800,380,10,1193,49,-55,79,20,55,-62,19,-3,09,412693,9,37377,21,0,02,11777,2
17,850,381,13,1190,38,-55,95,20,54,-62,11,-3,09,412655,1,37370,45,0,02,11770,5
17,900,382,16,1187,28,-56,10,20,54,-62,03,-3,09,412642,8,37363,68,0,02,11763,7
17,950,383,18,1184,18,-56,26,20,53,-61,94,-3,09,412588,5,37356,91,0,00,11756,9
18,000,384,21,1181,08,-56,41,20,53,-61,86,-3,09,412533,2,37350,15,0,00,11750,2
18,050,385,23,1177,99,-56,57,20,52,-61,78,-3,09,412462,9,37343,38,0,00,11743,4
18,100,386,26,1174,90,-56,72,20,52,-61,70,-3,09,412461,1,37336,62,0,00,11736,6
18,150,387,29,1171,82,-56,88,20,52,-61,61,-3,09,412431,0,37329,86,0,02,11729,9
18,200,388,31,1168,74,-57,03,20,51,-61,53,-3,09,412440,9,37323,11,0,02,11723,1
18,250,389,34,1165,67,-57,19,20,51,-61,45,-3,09,412326,0,37316,35,0,00,11716,4
18,300,390,36,1162,60,-57,34,20,50,-61,37,-3,09,412306,8,37309,59,0,02,11709,6
18,350,391,39,1159,53,-57,50,20,50,-61,29,-3,09,412342,0,37302,83,0,00,11702,8
18,400,392,41,1156,47,-57,65,20,50,-61,20,-3,09,412210,7,37296,07,0,00,11696,1
18,450,393,44,1153,41,-57,80,20,49,-61,12,-3,09,412203,3,37289,32,0,02,11689,3
18,500,394,46,1150,36,-57,96,20,49,-61,04,-3,09,412139,6,37282,56,0,00,11682,6
18,550,395,49,1147,31,-58,11,20,48,-60,96,-3,09,412144,6,37275,80,0,02,11675,8
18,600,396,51,1144,26,-58,27,20,48,-60,87,-3,09,412065,7,37269,04,0,00,11669,0
18,650,397,54,1141,22,-58,42,20,48,-60,79,-3,09,412096,9,37262,29,0,00,11662,3
18,700,398,56,1138,18,-58,58,20,47,-60,71,-3,09,412017,1,37255,53,0,02,11655,5
18,750,399,58,1135,15,-58,73,20,47,-60,63,-3,09,411950,3,37248,77,0,00,11648,8
18,800,400,61,1132,12,-58,89,20,46,-60,55,-3,09,411951,8,37242,01,0,00,11642,0
18,850,401,63,1129,09,-59,04,20,46,-60,46,-3,09,411897,7,37235,26,0,00,11635,3
18,900,402,65,1126,07,-59,19,20,46,-60,38,-3,09,411829,1,37228,51,0,02,11628,5
18,950,403,67,1123,06,-59,35,20,45,-60,30,-3,09,411773,8,37221,77,0,00,11621,8
19,000,404,70,1120,04,-59,50,20,45,-60,22,-3,09,411731,8,37215,02,0,00,11615,0
19,050,405,72,1117,03,-59,66,20,44,-60,13,-3,09,411703,1,37208,27,0,00,11608,3
19,100,406,74,1114,03,-59,81,20,44,-60,05,-3,08,411715,7,37201,52,0,00,11601,5
19,150,407,76,1111,03,-59,97,20,44,-59,97,-3,08,411672,4,37194,77,0,00,11594,8
19,200,408,78,1108,03,-60,12,20,43,-59,89,-3,08,411628,5,37188,02,0,00,11588,0
19,250,409,81,1105,04,-60,27,20,43,-59,81,-3,08,411584,2,37181,28,0,00,11581,3
19,300,410,83,1102,05,-60,43,20,42,-59,72,-3,08,411484,0,37174,53,0,00,11574,5
19,350,411,85,1099,07,-60,58,20,42,-59,64,-3,08,411397,3,37167,78,0,00,11567,8
19,400,412,87,1096,09,-60,74,20,41,-59,56,-3,08,411365,3,37161,03,0,02,11561,0
19,450,413,89,1093,11,-60,89,20,41,-59,48,-3,08,411374,4,37154,29,0,02,11554,3
19,500,414,91,1090,14,-61,04,20,41,-59,39,-3,08,411300,1,37147,54,0,00,11547,5
19,550,415,93,1087,17,-61,20,20,40,-59,31,-3,08,411308,2,37140,80,0,00,11540,8
19,600,416,95,1084,21,-61,35,20,40,-59,23,-3,08,411191,9,37134,06,0,00,11534,1
19,650,417,97,1081,25,-61,51,20,39,-59,15,-3,08,411171,8,37127,32,0,02,11527,3
19,700,418,99,1078,29,-61,66,20,39,-59,07,-3,08,411165,0,37120,59,0,00,11520,6
19,750,420,01,1075,34,-61,81,20,39,-58,98,-3,08,411033,7,37113,85,0,00,11513,9
19,800,421,03,1072,40,-61,97,20,38,-58,90,-3,08,411040,2,37107,11,0,00,11507,1
19,850,422,05,1069,45,-62,12,20,38,-58,82,-3,08,410963,2,37100,37,0,00,11500,4
19,900,423,07,1066,51,-62,28,20,37,-58,74,-3,08,410955,3,37093,63,0,02,11493,6
19,950,424,08,1063,58,-62,43,20,37,-58,65,-3,08,410933,1,37086,89,0,00,11486,9
20,000,425,10,1060,65,-62,58,20,37,-58,57,-3,08,410855,6,37080,16,0,00,11480,2
20,050,426,12,1057,72,-62,74,20,36,-58,49,-3,08,410777,3,37073,42,0,00,11473,4
20,100,427,14,1054,80,-62,89,20,36,-58,41,-3,08,410741,0,37066,68,0,00,11466,7
20,150,428,16,1051,88,-63,04,20,35,-58,33,-3,08,410676,1,37059,95,0,02,11460,0
20,200,429,18,1048,97,-63,20,20,35,-58,24,-3,08,410666,4,37053,22,0,00,11453,2
20,250,430,19,1046,06,-63,35,20,35,-58,16,-3,07,410573,7,37046,49,0,00,11446,5
20,300,431,21,1043,15,-63,51,20,34,-58,08,-3,07,410522,0,37039,76,0,02,11439,8
20,350,432,23,1040,25,-63,66,20,34,-58,00,-3,07,410539,1,37033,03,0,00,11433,0
20,400,433,24,1037,35,-63,81,20,33,-57,91,-3,07,410432,3,37026,30,0,00,11426,3
20,450,434,26,1034,46,-63,97,20,33,-57,83,-3,07,410352,2,37019,57,0,00,11419,6
20,500,435,28,1031,57,-64,12,20,33,-57,75,-3,07,410340,7,37012,84,0,02,11412,9
20,550,436,29,1028,68,-64,27,20,32,-57,67,-3,07,410274,2,37006,12,0,00,11406,1
20,600,437,31,1025,80,-64,43,20,32,-57,59,-3,07,410276,7,36999,39,0,00,11399,4
20,650,438,32,1022,92,-64,58,20,32,-57,50,-3,07,410251,2,36992,66,0,00,11392,7
20,700,439,34,1020,05,-64,74,20,31,-57,42,-3,07,410129,2,36985,93,0,00,11385,9
20,750,440,36,1017,18,-64,89,20,31,-57,34,-3,07,410075,6,36979,21,0,00,11379,2
20,800,441,37,1014,32,-65,04,20,30,-57,26,-3,07,410008,3,36972,49,0,00,11372,5
20,850,442,39,1011,46,-65,20,20,30,-57,18,-3,07,409968,3,36965,77,0,00,11365,8
20,900,443,40,1008,60,-65,35,20,30,-57,09,-3,07,409900,5,36959,05,0,00,11359,1
20,949,444,42,1005,75,-65,50,20,29,-57,01,-3,07,409832,5,36952,34,0,00,11352,3
20,999,445,43,1002,90,-65,66,20,29,-56,93,-3,07,409833,6,36945,62,0,00,11345,6
21,049,446,44,1000,05,-65,81,20,28,-56,85,-3,07,409779,1,36938,90,0,00,11338,9
21,099,447,46,997,21,-65,96,20,28,-56,77,-3,07,409752,3,36932,18,0,00,11332,2
21,149,448,47,994,38,-66,12,20,28,-56,68,-3,07,409724,8,36925,46,0,00,11325,5
21,199,449,49,991,54,-66,27,20,27,-56,60,-3,07,409614,8,36918,74,0,00,11318,7
21,249,450,50,988,72,-66,42,20,27,-56,52,-3,07,409560,2,36912,02,0,00,11312,0
21,299,451,51,985,89,-66,58,20,26,-56,44,-3,07,409505,3,36905,31,0,02,11305,3
21,349,452,53,983,07,-66,73,20,26,-56,36,-3,07,409422,8,36898,60,0,00,11298,6
21,399,453,54,980,26,-66,88,20,26,-56,27,-3,07,409422,9,36891,89,0,00,11291,9
21,449,454,55,977,45,-67,04,20,25,-56,19,-3,07,409353,4,36885,18,0,00,11285,2
21,499,455,56,974,64,-67,19,20,25,-56,11,-3,06,409298,2,36878,47,0,02,11278,5
21,549,456,58,971,83,-67,34,20,25,-56,03,-3,06,409243,1,36871,77,0,00,11271,8
21,599,457,59,969,03,-67,50,20,24,-55,95,-3,06,409256,4,36865,05,0,00,11265,1
21,649,458,60,966,24,-67,65,20,24,-55,86,-3,06,409117,9,36858,34,0,02,11258,4
21,699,459,61,963,45,-67,80,20,23,-55,78,-3,06,409076,4,36851,64,0,00,11251,6
21,749,460,62,960,66,-67,96,20,23,-55,70,-3,06,409089,6,36844,93,0,00,11244,9
21,799,461,64,957,88,-68,11,20,23,-55,62,-3,06,408992,5,36838,22,0,02,11238,2
21,849,462,65,955,10,-68,26,20,22,-55,54,-3,06,408909,5,36831,51,0,00,11231,5
21,899,463,66,952,32,-68,42,20,22,-55,45,-3,06,408880,9,36824,81,0,00,11224,8
21,949,464,67,949,55,-68,57,20,21,-55,37,-3,06,408811,5,36818,11,0,00,11218,1
21,999,465,68,946,79,-68,72,20,21,-55,29,-3,06,408755,1,36811,41,0,00,11211,4
22,049,466,69,944,03,-68,87,20,21,-55,21,-3,06,408727,1,36804,71,0,00,11204,7
22,099,467,70,941,27,-69,03,20,20,-55,13,-3,06,408739,9,36798,02,0,00,11198,0
22,149,468,71,938,51,-69,18,20,20,-55,04,-3,06,408628,7,36791,31,0,00,11191,3
22,199,469,72,935,76,-69,33,20,19,-54,96,-3,06,408558,4,36784,62,0,00,11184,6
22,249,470,73,933,02,-69,49,20,19,-54,88,-3,06,408502,7,36777,91,0,00,11177,9
22,299,471,74,930,27,-69,64,20,19,-54,80,-3,06,408446,3,36771,22,0,00,11171,2
22,349,472,75,927,54,-69,79,20,18,-54,72,-3,06,408390,3,36764,52,0,00,11164,5
22,399,473,76,924,80,-69,95,20,18,-54,64,-3,06,408347,5,36757,82,0,00,11157,8
22,449,474,77,922,07,-70,10,20,18,-54,55,-3,06,408360,1,36751,13,0,00,11151,1
22,499,475,78,919,35,-70,25,20,17,-54,47,-3,06,408235,1,36744,43,0,00,11144,4
22,549,476,78,916,63,-70,40,20,17,-54,39,-3,06,408192,5,36737,75,0,02,11137,8
22,599,477,79,913,91,-70,56,20,17,-54,31,-3,06,408164,3,36731,05,0,00,11131,1
22,649,478,80,911,19,-70,71,20,16,-54,23,-3,06,408080,2,36724,37,0,00,11124,4
22,699,479,81,908,49,-70,86,20,16,-54,15,-3,06,408037,5,36717,68,0,02,11117,7
22,749,480,82,905,78,-71,02,20,15,-54,06,-3,06,408036,6,36710,99,0,00,11111,0
22,799,481,82,903,08,-71,17,20,15,-53,98,-3,06,407897,8,36704,30,0,00,11104,3
22,849,482,83,900,38,-71,32,20,15,-53,90,-3,05,407868,8,36697,61,0,00,11097,6
22,899,483,84,897,69,-71,47,20,14,-53,82,-3,05,407812,4,36690,92,0,02,11090,9
22,949,484,85,895,00,-71,63,20,14,-53,74,-3,05,407797,4,36684,23,0,00,11084,2
22,999,485,85,892,32,-71,78,20,14,-53,66,-3,05,407699,8,36677,54,0,00,11077,5
23,049,486,86,889,63,-71,93,20,13,-53,57,-3,05,407670,9,36670,86,0,00,11070,9
23,099,487,87,886,96,-72,08,20,13,-53,49,-3,05,407614,5,36664,18,0,00,11064,2
23,149,488,87,884,29,-72,24,20,12,-53,41,-3,05,407544,3,36657,50,0,02,11057,5
23,199,489,88,881,62,-72,39,20,12,-53,33,-3,05,407557,2,36650,82,0,00,11050,8
23,249,490,88,878,95,-72,54,20,12,-53,25,-3,05,407473,5,36644,14,0,00,11044,1
23,299,491,89,876,29,-72,69,20,11,-53,17,-3,05,407375,8,36637,46,0,00,11037,5
23,349,492,90,873,64,-72,85,20,11,-53,08,-3,05,407360,9,36630,79,0,00,11030,8
23,399,493,90,870,98,-73,00,20,11,-53,00,-3,05,407304,6,36624,11,0,00,11024,1
23,449,494,91,868,34,-73,15,20,10,-52,92,-3,05,407234,4,36617,43,0,00,11017,4
23,499,495,91,865,69,-73,30,20,10,-52,84,-3,05,407205,7,36610,75,0,00,11010,8
23,549,496,92,863,05,-73,46,20,10,-52,76,-3,05,407122,0,36604,07,0,00,11004,1
23,599,497,92,860,42,-73,61,20,09,-52,68,-3,05,407079,6,36597,40,0,02,10997,4
23,649,498,92,857,78,-73,76,20,09,-52,60,-3,05,407037,3,36590,73,0,02,10990,7
23,699,499,93,855,16,-73,91,20,08,-52,51,-3,05,406967,5,36584,06,0,00,10984,1
23,749,500,93,852,53,-74,07,20,08,-52,43,-3,05,406897,6,36577,39,0,00,10977,4
23,799,501,94,849,91,-74,22,20,08,-52,35,-3,05,406869,1,36570,72,0,00,10970,7
23,849,502,94,847,30,-74,37,20,07,-52,27,-3,05,406813,1,36564,05,0,00,10964,1
23,899,503,94,844,69,-74,52,20,07,-52,19,-3,05,406757,3,36557,38,0,00,10957,4
23,949,504,95,842,08,-74,68,20,07,-52,11,-3,05,406715,1,36550,71,0,02,10950,7
23,999,505,95,839,48,-74,83,20,06,-52,02,-3,05,406659,2,36544,04,0,02,10944,0
24,049,506,95,836,88,-74,98,20,06,-51,94,-3,05,406603,3,36537,37,0,00,10937,4
24,099,507,96,834,28,-75,13,20,06,-51,86,-3,05,406561,3,36530,70,0,00,10930,7
24,149,508,96,831,69,-75,29,20,05,-51,78,-3,05,406505,5,36524,04,0,00,10924,0
24,199,509,96,829,10,-75,44,20,05,-51,70,-3,04,406449,9,36517,38,0,00,10917,4
24,249,510,96,826,52,-75,59,20,04,-51,62,-3,04,406394,2,36510,71,0,00,10910,7
24,299,511,97,823,94,-75,74,20,04,-51,54,-3,04,406338,6,36504,05,0,00,10904,1
24,349,512,97,821,37,-75,89,20,04,-51,46,-3,04,406269,4,36497,39,0,00,10897,4
24,399,513,97,818,79,-76,05,20,03,-51,37,-3,04,406269,0,36490,73,0,00,10890,7
24,449,514,97,816,23,-76,20,20,03,-51,29,-3,04,406157,7,36484,07,0,00,10884,1
24,499,515,97,813,67,-76,35,20,03,-51,21,-3,04,406116,1,36477,41,0,02,10877,4
24,549,516,97,811,11,-76,50,20,02,-51,13,-3,04,406088,3,36470,75,0,00,10870,8
24,599,517,98,808,55,-76,66,20,02,-51,05,-3,04,406032,9,36464,09,0,00,10864,1
24,649,518,98,806,00,-76,81,20,02,-50,97,-3,04,405963,8,36457,43,0,00,10857,4
24,699,519,98,803,46,-76,96,20,01,-50,89,-3,04,405963,7,36450,78,0,00,10850,8
24,749,520,98,800,91,-77,11,20,01,-50,80,-3,04,405852,6,36444,13,0,00,10844,1
24,799,521,98,798,37,-77,26,20,01,-50,72,-3,04,405811,3,36437,48,0,00,10837,5
24,849,522,98,795,84,-77,42,20,00,-50,64,-3,04,405783,9,36430,83,0,00,10830,8
24,899,523,98,793,31,-77,57,20,00,-50,56,-3,04,405715,1,36424,18,0,00,10824,2
24,949,524,98,790,78,-77,72,19,99,-50,48,-3,04,405714,7,36417,53,0,00,10817,5
24,999,525,98,788,26,-77,87,19,99,-50,40,-3,04,405618,1,36410,88,0,00,10810,9
25,049,526,98,785,74,-78,02,19,99,-50,32,-3,04,405563,2,36404,23,0,00,10804,2
25,099,527,98,783,23,-78,18,19,98,-50,24,-3,04,405494,3,36397,57,0,00,10797,6
25,149,528,98,780,72,-78,33,19,98,-50,15,-3,04,405507,9,36390,93,0,00,10790,9
25,199,529,97,778,22,-78,48,19,98,-50,07,-3,04,405397,6,36384,27,0,00,10784,3
25,249,530,97,775,71,-78,63,19,97,-49,99,-3,04,405315,0,36377,63,0,00,10777,6
25,299,531,97,773,22,-78,78,19,97,-49,91,-3,04,405287,8,36370,98,0,00,10771,0
25,349,532,97,770,72,-78,94,19,97,-49,83,-3,04,405232,5,36364,34,0,00,10764,3
25,399,533,97,768,23,-79,09,19,96,-49,75,-3,04,405164,0,36357,70,0,00,10757,7
25,449,534,97,765,75,-79,24,19,96,-49,67,-3,04,405150,9,36351,06,0,00,10751,1
25,499,535,96,763,27,-79,39,19,96,-49,59,-3,04,405068,1,36344,42,0,02,10744,4
25,549,536,96,760,79,-79,54,19,95,-49,51,-3,04,405027,2,36337,78,0,00,10737,8
25,599,537,96,758,32,-79,69,19,95,-49,42,-3,04,404986,5,36331,14,0,00,10731,1
25,649,538,96,755,85,-79,85,19,95,-49,34,-3,04,404917,6,36324,50,0,00,10724,5
25,699,539,95,753,38,-80,00,19,94,-49,26,-3,03,404877,2,36317,86,0,00,10717,9
25,749,540,95,750,92,-80,15,19,94,-49,18,-3,03,404864,2,36311,22,0,00,10711,2
25,799,541,95,748,46,-80,30,19,94,-49,10,-3,03,404767,8,36304,58,0,00,10704,6
25,849,542,94,746,01,-80,45,19,93,-49,02,-3,03,404755,1,36297,94,0,00,10697,9
25,899,543,94,743,56,-80,60,19,93,-48,94,-3,03,404672,8,36291,31,0,00,10691,3
25,949,544,94,741,12,-80,76,19,92,-48,86,-3,03,404632,4,36284,68,0,00,10684,7
25,999,545,93,738,68,-80,91,19,92,-48,78,-3,03,404578,4,36278,05,0,00,10678,1
26,049,546,93,736,24,-81,06,19,92,-48,69,-3,03,404509,8,36271,42,0,00,10671,4
26,099,547,92,733,81,-81,21,19,91,-48,61,-3,03,404469,7,36264,79,0,00,10664,8
26,149,548,92,731,38,-81,36,19,91,-48,53,-3,03,404428,8,36258,16,0,02,10658,2
26,199,549,92,728,95,-81,51,19,91,-48,45,-3,03,404333,4,36251,53,0,00,10651,5
26,249,550,91,726,53,-81,67,19,90,-48,37,-3,03,404361,8,36244,89,0,00,10644,9
26,299,551,91,724,12,-81,82,19,90,-48,29,-3,03,404266,4,36238,27,0,00,10638,3
26,349,552,90,721,70,-81,97,19,90,-48,21,-3,03,404199,0,36231,63,0,00,10631,6
26,399,553,90,719,30,-82,12,19,89,-48,13,-3,03,404172,2,36225,00,0,00,10625,0
26,449,554,89,716,89,-82,27,19,89,-48,05,-3,03,404104,9,36218,38,0,00,10618,4
26,499,555,89,714,49,-82,42,19,89,-47,97,-3,03,404050,5,36211,76,0,00,10611,8
26,549,556,88,712,09,-82,57,19,88,-47,88,-3,03,404024,6,36205,14,0,00,10605,1
26,599,557,87,709,70,-82,73,19,88,-47,80,-3,03,403956,5,36198,52,0,00,10598,5
26,649,558,87,707,31,-82,88,19,88,-47,72,-3,03,403916,8,36191,90,0,00,10591,9
26,699,559,86,704,93,-83,03,19,87,-47,64,-3,03,403862,6,36185,28,0,00,10585,3
26,749,560,85,702,55,-83,18,19,87,-47,56,-3,03,403781,7,36178,66,0,00,10578,7
26,799,561,85,700,17,-83,33,19,87,-47,48,-3,03,403727,4,36172,04,0,00,10572,0
26,849,562,84,697,80,-83,48,19,86,-47,40,-3,03,403674,0,36165,41,0,00,10565,4
26,898,563,83,695,43,-83,63,19,86,-47,32,-3,03,403633,9,36158,79,0,00,10558,8
26,948,564,83,693,07,-83,79,19,86,-47,24,-3,03,403594,4,36152,17,0,00,10552,2
26,998,565,82,690,71,-83,94,19,85,-47,16,-3,03,403526,9,36145,55,0,00,10545,6
27,048,566,81,688,35,-84,09,19,85,-47,07,-3,03,403473,7,36138,95,0,00,10539,0
27,098,567,81,686,00,-84,24,19,85,-46,99,-3,03,403419,9,36132,34,0,00,10532,3
27,148,568,80,683,66,-84,39,19,84,-46,91,-3,03,403394,2,36125,72,0,00,10525,7
27,198,569,79,681,31,-84,54,19,84,-46,83,-3,02,403312,8,36119,11,0,00,10519,1
27,248,570,78,678,97,-84,69,19,84,-46,75,-3,03,403286,7,36112,50,0,00,10512,5
27,298,571,77,676,64,-84,84,19,83,-46,67,-3,02,403233,9,36105,89,0,00,10505,9
27,348,572,77,674,31,-85,00,19,83,-46,59,-3,02,403166,6,36099,28,0,00,10499,3
27,398,573,76,671,98,-85,15,19,83,-46,51,-3,02,403141,3,36092,66,0,00,10492,7
27,448,574,75,669,65,-85,30,19,82,-46,43,-3,02,403060,1,36086,05,0,00,10486,1
27,498,575,74,667,34,-85,45,19,82,-46,35,-3,02,403007,2,36079,45,0,00,10479,4
27,548,576,73,665,02,-85,60,19,82,-46,27,-3,02,402981,2,36072,83,0,00,10472,8
27,598,577,72,662,71,-85,75,19,81,-46,18,-3,02,402913,8,36066,23,0,02,10466,2
27,648,578,71,660,40,-85,90,19,81,-46,10,-3,02,402861,2,36059,63,0,00,10459,6
27,698,579,70,658,10,-86,05,19,81,-46,02,-3,02,402794,1,36053,03,0,00,10453,0
27,748,580,69,655,80,-86,21,19,80,-45,94,-3,02,402755,5,36046,43,0,00,10446,4
27,798,581,68,653,50,-86,36,19,80,-45,86,-3,02,402702,2,36039,82,0,00,10439,8
27,848,582,67,651,21,-86,51,19,80,-45,78,-3,02,402648,9,36033,22,0,00,10433,2
27,898,583,66,648,93,-86,66,19,79,-45,70,-3,02,402623,9,36026,62,0,00,10426,6
27,948,584,65,646,64,-86,81,19,79,-45,62,-3,02,402556,8,36020,02,0,00,10420,0
27,998,585,64,644,36,-86,96,19,79,-45,54,-3,02,402489,9,36013,42,0,00,10413,4
28,048,586,63,642,09,-87,11,19,78,-45,46,-3,02,402451,2,36006,82,0,00,10406,8
28,098,587,62,639,82,-87,26,19,78,-45,38,-3,02,402412,1,36000,21,0,00,10400,2
28,148,588,61,637,55,-87,41,19,78,-45,30,-3,02,402359,8,35993,62,0,00,10393,6
28,198,589,60,635,29,-87,56,19,78,-45,22,-3,02,402306,7,35987,02,0,00,10387,0
28,248,590,59,633,03,-87,72,19,77,-45,13,-3,02,402253,9,35980,43,0,00,10380,4
28,298,591,57,630,78,-87,87,19,77,-45,05,-3,02,402201,4,35973,84,0,00,10373,8
28,348,592,56,628,52,-88,02,19,77,-44,97,-3,02,402162,2,35967,25,0,00,10367,3
28,398,593,55,626,28,-88,17,19,76,-44,89,-3,02,402123,1,35960,66,0,00,10360,7
28,448,594,54,624,04,-88,32,19,76,-44,81,-3,02,402057,2,35954,07,0,00,10354,1
28,498,595,53,621,80,-88,47,19,76,-44,73,-3,02,402004,6,35947,48,0,00,10347,5
28,548,596,51,619,56,-88,62,19,75,-44,65,-3,02,401951,9,35940,88,0,00,10340,9
28,598,597,50,617,33,-88,77,19,75,-44,57,-3,02,401899,9,35934,29,0,00,10334,3
28,648,598,49,615,11,-88,92,19,75,-44,49,-3,02,401847,0,35927,70,0,00,10327,7
28,698,599,48,612,88,-89,07,19,74,-44,41,-3,02,401794,0,35921,11,0,00,10321,1
28,748,600,46,610,66,-89,22,19,74,-44,33,-3,02,401714,5,35914,52,0,00,10314,5
28,798,601,45,608,45,-89,37,19,74,-44,25,-3,02,401703,3,35907,94,0,00,10307,9
28,848,602,44,606,24,-89,53,19,73,-44,17,-3,01,401650,6,35901,36,0,00,10301,4
28,898,603,42,604,03,-89,68,19,73,-44,08,-3,01,401584,5,35894,77,0,02,10294,8
28,948,604,41,601,83,-89,83,19,73,-44,00,-3,01,401532,6,35888,20,0,00,10288,2
28,998,605,40,599,63,-89,98,19,72,-43,92,-3,01,401493,8,35881,61,0,00,10281,6
29,048,606,38,597,44,-90,13,19,72,-43,84,-3,01,401441,3,35875,03,0,00,10275,0
29,098,607,37,595,25,-90,28,19,72,-43,76,-3,01,401389,3,35868,45,0,00,10268,5
29,148,608,36,593,06,-90,43,19,71,-43,68,-3,01,401350,5,35861,87,0,00,10261,9
29,198,609,34,590,88,-90,58,19,71,-43,60,-3,01,401270,4,35855,28,0,00,10255,3
29,248,610,33,588,70,-90,73,19,71,-43,52,-3,01,401231,7,35848,70,0,02,10248,7
29,298,611,31,586,53,-90,88,19,71,-43,44,-3,01,401193,6,35842,12,0,00,10242,1
29,348,612,30,584,36,-91,03,19,70,-43,36,-3,01,401141,5,35835,55,0,00,10235,6
29,398,613,28,582,19,-91,18,19,70,-43,28,-3,01,401089,3,35828,98,0,00,10229,0
29,448,614,27,580,03,-91,33,19,70,-43,20,-3,01,401065,2,35822,41,0,00,10222,4
29,498,615,25,577,87,-91,48,19,69,-43,12,-3,01,400971,6,35815,83,0,00,10215,8
29,548,616,24,575,72,-91,63,19,69,-43,04,-3,01,400946,9,35809,26,0,00,10209,3
29,598,617,22,573,57,-91,79,19,69,-42,95,-3,01,400880,8,35802,69,0,00,10202,7
29,648,618,20,571,42,-91,94,19,68,-42,87,-3,01,400856,8,35796,12,0,00,10196,1
29,698,619,19,569,28,-92,09,19,68,-42,79,-3,01,400763,2,35789,54,0,00,10189,5
29,748,620,17,567,15,-92,24,19,68,-42,71,-3,01,400724,7,35782,97,0,00,10183,0
29,798,621,16,565,01,-92,39,19,67,-42,63,-3,01,400686,1,35776,40,0,00,10176,4
29,848,622,14,562,88,-92,54,19,67,-42,55,-3,01,400689,4,35769,83,0,00,10169,8
29,898,623,12,560,76,-92,69,19,67,-42,47,-3,01,400582,5,35763,26,0,00,10163,3
29,948,624,11,558,63,-92,84,19,67,-42,39,-3,01,400516,5,35756,70,0,00,10156,7
29,998,625,09,556,52,-92,99,19,66,-42,31,-3,01,400478,4,35750,13,0,00,10150,1
30,048,626,07,554,40,-93,14,19,66,-42,23,-3,01,400412,6,35743,57,0,00,10143,6
30,098,627,06,552,29,-93,29,19,66,-42,15,-3,01,400361,1,35737,01,0,00,10137,0
30,148,628,04,550,19,-93,44,19,65,-42,07,-3,01,400336,6,35730,45,0,00,10130,5
30,198,629,02,548,09,-93,59,19,65,-41,99,-3,01,400284,6,35723,88,0,00,10123,9
30,248,630,00,545,99,-93,74,19,65,-41,91,-3,01,400232,5,35717,32,0,00,10117,3
30,298,630,99,543,90,-93,89,19,64,-41,83,-3,01,400139,6,35710,76,0,00,10110,8
30,348,631,97,541,81,-94,04,19,64,-41,75,-3,01,400128,8,35704,20,0,00,10104,2
30,398,632,95,539,72,-94,19,19,64,-41,66,-3,01,400076,8,35697,63,0,00,10097,6
30,448,633,93,537,64,-94,34,19,64,-41,58,-3,01,400024,8,35691,07,0,00,10091,1
30,498,634,91,535,56,-94,49,19,63,-41,50,-3,01,399972,7,35684,52,0,00,10084,5
30,548,635,90,533,49,-94,64,19,63,-41,42,-3,01,399935,2,35677,96,0,00,10078,0
30,598,636,88,531,42,-94,79,19,63,-41,34,-3,01,399855,8,35671,41,0,00,10071,4
30,648,637,86,529,36,-94,94,19,62,-41,26,-3,00,399803,8,35664,86,0,00,10064,9
30,698,638,84,527,30,-95,09,19,62,-41,18,-3,00,399779,4,35658,30,0,00,10058,3
30,748,639,82,525,24,-95,24,19,62,-41,10,-3,00,399727,3,35651,75,0,00,10051,8
30,798,640,80,523,19,-95,39,19,61,-41,02,-3,00,399676,0,35645,20,0,00,10045,2
30,848,641,78,521,14,-95,54,19,61,-40,94,-3,00,399610,2,35638,64,0,00,10038,6
30,898,642,76,519,09,-95,69,19,61,-40,86,-3,00,399571,8,35632,09,0,00,10032,1
30,948,643,74,517,05,-95,84,19,61,-40,78,-3,00,399519,7,35625,54,0,00,10025,5
30,998,644,72,515,01,-95,99,19,60,-40,70,-3,00,399467,8,35618,98,0,00,10019,0
31,048,645,70,512,98,-96,14,19,60,-40,62,-3,00,399415,9,35612,43,0,02,10012,4
31,098,646,68,510,95,-96,29,19,60,-40,54,-3,00,399364,7,35605,89,0,00,10005,9
31,148,647,66,508,93,-96,45,19,59,-40,46,-3,00,399298,9,35599,34,0,00,9999,3
31,198,648,64,506,91,-96,60,19,59,-40,38,-3,00,399260,7,35592,80,0,00,9992,8
31,248,649,62,504,89,-96,75,19,59,-40,30,-3,00,399209,0,35586,26,0,00,9986,3
31,298,650,60,502,88,-96,90,19,59,-40,21,-3,00,399143,3,35579,71,0,00,9979,7
31,348,651,58,500,87,-97,05,19,58,-40,13,-3,00,399174,4,35573,17,0,00,9973,2
31,398,652,56,498,86,-97,20,19,58,-40,05,-3,00,399040,1,35566,63,0,00,9966,6
31,448,653,54,496,86,-97,35,19,58,-39,97,-3,00,399001,8,35560,09,0,00,9960,1
31,498,654,52,494,87,-97,50,19,57,-39,89,-3,00,398963,8,35553,54,0,00,9953,5
31,548,655,50,492,87,-97,65,19,57,-39,81,-3,00,398884,3,35547,00,0,00,9947,0
31,598,656,47,490,88,-97,80,19,57,-39,73,-3,00,398832,3,35540,46,0,00,9940,5
31,648,657,45,488,90,-97,95,19,56,-39,65,-3,00,398793,9,35533,92,0,02,9933,9
31,698,658,43,486,92,-98,10,19,56,-39,57,-3,00,398728,9,35527,38,0,00,9927,4
31,748,659,41,484,94,-98,25,19,56,-39,49,-3,00,398691,1,35520,85,0,00,9920,9
31,798,660,39,482,97,-98,40,19,56,-39,41,-3,00,398639,2,35514,32,0,00,9914,3
31,848,661,36,481,00,-98,55,19,55,-39,33,-3,00,398601,0,35507,78,0,00,9907,8
31,898,662,34,479,04,-98,70,19,55,-39,25,-3,00,398521,4,35501,25,0,00,9901,3
31,948,663,32,477,08,-98,85,19,55,-39,17,-3,00,398469,4,35494,72,0,00,9894,7
31,998,664,30,475,12,-99,00,19,54,-39,09,-3,00,398500,7,35488,18,0,00,9888,2
32,048,665,27,473,17,-99,14,19,54,-39,01,-3,00,398380,4,35481,65,0,00,9881,7
32,098,666,25,471,22,-99,29,19,54,-38,93,-3,00,398342,5,35475,12,0,00,9875,1
32,148,667,23,469,28,-99,44,19,54,-38,85,-3,00,398290,5,35468,59,0,00,9868,6
32,198,668,20,467,34,-99,59,19,53,-38,77,-3,00,398238,5,35462,05,0,00,9862,1
32,248,669,18,465,40,-99,74,19,53,-38,68,-3,00,398186,5,35455,52,0,00,9855,5
32,298,670,16,463,47,-99,89,19,53,-38,60,-3,00,398134,8,35449,00,0,00,9849,0
32,348,671,13,461,54,-100,04,19,52,-38,52,-3,00,398083,1,35442,48,0,00,9842,5
32,398,672,11,459,62,-100,19,19,52,-38,44,-3,00,398032,0,35435,95,0,00,9836,0
32,448,673,09,457,69,-100,34,19,52,-38,36,-3,00,397952,6,35429,43,0,00,9829,4
32,498,674,06,455,78,-100,49,19,52,-38,28,-3,00,397928,2,35422,91,0,00,9822,9
32,548,675,04,453,87,-100,64,19,51,-38,20,-3,00,397876,2,35416,38,0,00,9816,4
32,598,676,01,451,96,-100,79,19,51,-38,12,-2,99,397824,4,35409,86,0,00,9809,9
32,648,676,99,450,05,-100,94,19,51,-38,04,-2,99,397772,5,35403,34,0,00,9803,3
32,698,677,96,448,15,-101,09,19,51,-37,96,-2,99,397720,6,35396,81,0,00,9796,8
32,748,678,94,446,26,-101,24,19,50,-37,88,-2,99,397668,5,35390,29,0,00,9790,3
32,798,679,91,444,37,-101,39,19,50,-37,80,-2,99,397617,2,35383,77,0,00,9783,8
32,848,680,89,442,48,-101,54,19,50,-37,72,-2,99,397592,7,35377,25,0,00,9777,3
32,898,681,86,440,59,-101,69,19,49,-37,64,-2,99,397526,9,35370,74,0,00,9770,7
32,948,682,84,438,71,-101,84,19,49,-37,56,-2,99,397475,0,35364,22,0,00,9764,2
32,998,683,81,436,84,-101,99,19,49,-37,48,-2,99,397423,2,35357,71,0,00,9757,7
33,048,684,79,434,97,-102,14,19,49,-37,40,-2,99,397371,4,35351,20,0,00,9751,2
33,098,685,76,433,10,-102,29,19,48,-37,32,-2,99,397305,7,35344,68,0,00,9744,7
33,148,686,74,431,24,-102,44,19,48,-37,24,-2,99,397281,3,35338,17,0,00,9738,2
33,198,687,71,429,38,-102,59,19,48,-37,16,-2,99,397229,2,35331,66,0,00,9731,7
33,248,688,68,427,52,-102,74,19,47,-37,07,-2,99,397164,1,35325,14,0,00,9725,1
33,298,689,66,425,67,-102,89,19,47,-36,99,-2,99,397098,2,35318,63,0,00,9718,6
33,348,690,63,423,82,-103,04,19,47,-36,91,-2,99,397060,2,35312,11,0,00,9712,1
33,398,691,60,421,98,-103,19,19,47,-36,83,-2,99,397008,3,35305,60,0,00,9705,6
33,448,692,58,420,14,-103,34,19,46,-36,75,-2,99,396970,4,35299,10,0,00,9699,1
33,498,693,55,418,30,-103,49,19,46,-36,67,-2,99,396904,8,35292,59,0,00,9692,6
33,548,694,52,416,47,-103,64,19,46,-36,59,-2,99,396852,9,35286,09,0,00,9686,1
33,598,695,50,414,64,-103,79,19,46,-36,51,-2,99,396800,9,35279,59,0,00,9679,6
33,648,696,47,412,82,-103,94,19,45,-36,43,-2,99,396748,9,35273,09,0,00,9673,1
33,698,697,44,411,00,-104,08,19,45,-36,35,-2,99,396696,8,35266,58,0,00,9666,6
33,748,698,41,409,18,-104,23,19,45,-36,27,-2,99,396645,3,35260,08,0,00,9660,1
33,798,699,39,407,37,-104,38,19,45,-36,19,-2,99,396579,4,35253,57,0,00,9653,6
33,848,700,36,405,56,-104,53,19,44,-36,11,-2,99,396541,1,35247,07,0,00,9647,1
33,898,701,33,403,76,-104,68,19,44,-36,03,-2,99,396488,9,35240,56,0,00,9640,6
33,948,702,30,401,96,-104,83,19,44,-35,95,-2,99,396436,5,35234,06,0,00,9634,1
33,998,703,27,400,17,-104,98,19,43,-35,87,-2,99,396384,2,35227,56,0,00,9627,6
34,048,704,25,398,37,-105,13,19,43,-35,79,-2,99,396345,7,35221,07,0,00,9621,1
34,098,705,22,396,59,-105,28,19,43,-35,71,-2,99,396279,5,35214,57,0,00,9614,6
34,148,706,19,394,80,-105,43,19,43,-35,63,-2,99,396213,3,35208,08,0,00,9608,1
34,198,707,16,393,02,-105,58,19,42,-35,55,-2,99,396202,6,35201,59,0,00,9601,6
34,248,708,13,391,25,-105,73,19,42,-35,47,-2,99,396136,8,35195,09,0,00,9595,1
34,298,709,10,389,48,-105,88,19,42,-35,39,-2,99,396085,4,35188,60,0,00,9588,6
34,348,710,07,387,71,-106,03,19,42,-35,31,-2,99,396005,6,35182,11,0,00,9582,1
34,398,711,04,385,95,-106,18,19,41,-35,22,-2,99,395980,9,35175,61,0,00,9575,6
34,448,712,01,384,19,-106,33,19,41,-35,14,-2,99,395915,0,35169,12,0,00,9569,1
34,498,712,98,382,43,-106,48,19,41,-35,06,-2,99,395862,7,35162,62,0,00,9562,6
34,548,713,96,380,68,-106,62,19,41,-34,98,-2,99,395810,2,35156,13,0,00,9556,1
34,598,714,93,378,94,-106,77,19,40,-34,90,-2,99,395757,9,35149,64,0,00,9549,6
34,648,715,90,377,19,-106,92,19,40,-34,82,-2,99,395705,5,35143,16,0,00,9543,2
34,698,716,87,375,45,-107,07,19,40,-34,74,-2,99,395653,0,35136,68,0,00,9536,7
34,748,717,84,373,72,-107,22,19,40,-34,66,-2,99,395614,6,35130,19,0,00,9530,2
34,798,718,80,371,99,-107,37,19,39,-34,58,-2,99,395562,6,35123,71,0,00,9523,7
34,848,719,77,370,26,-107,52,19,39,-34,50,-2,98,395510,6,35117,22,0,00,9517,2
34,898,720,74,368,54,-107,67,19,39,-34,42,-2,98,395458,5,35110,74,0,00,9510,7
34,948,721,71,366,82,-107,82,19,39,-34,34,-2,98,395420,8,35104,25,0,00,9504,3
34,998,722,68,365,10,-107,97,19,38,-34,26,-2,98,395368,3,35097,77,0,00,9497,8
35,048,723,65,363,39,-108,12,19,38,-34,18,-2,98,395302,2,35091,29,0,00,9491,3
35,098,724,62,361,68,-108,27,19,38,-34,10,-2,98,395249,9,35084,80,0,00,9484,8
35,148,725,59,359,98,-108,42,19,38,-34,02,-2,98,395211,2,35078,32,0,00,9478,3
35,198,726,56,358,28,-108,56,19,37,-33,94,-2,98,395131,0,35071,85,0,00,9471,8
35,248,727,53,356,59,-108,71,19,37,-33,86,-2,98,395078,6,35065,38,0,00,9465,4
35,298,728,50,354,90,-108,86,19,37,-33,78,-2,98,395039,6,35058,90,0,00,9458,9
35,348,729,46,353,21,-109,01,19,37,-33,70,-2,98,394987,0,35052,43,0,00,9452,4
35,398,730,43,351,53,-109,16,19,36,-33,62,-2,98,394934,5,35045,95,0,00,9446,0
35,448,731,40,349,85,-109,31,19,36,-33,54,-2,98,394867,9,35039,48,0,00,9439,5
35,498,732,37,348,17,-109,46,19,36,-33,46,-2,98,394829,1,35033,00,0,00,9433,0
35,548,733,34,346,50,-109,61,19,35,-33,37,-2,98,394776,4,35026,53,0,00,9426,5
35,598,734,30,344,84,-109,76,19,35,-33,29,-2,98,394709,8,35020,05,0,00,9420,1
35,648,735,27,343,17,-109,91,19,35,-33,21,-2,98,394670,9,35013,58,0,00,9413,6
35,698,736,24,341,51,-110,06,19,35,-33,13,-2,98,394604,3,35007,11,0,00,9407,1
35,748,737,21,339,86,-110,20,19,35,-33,05,-2,98,394566,2,35000,64,0,00,9400,6
35,798,738,17,338,21,-110,35,19,34,-32,97,-2,98,394499,8,34994,18,0,00,9394,2
35,848,739,14,336,56,-110,50,19,34,-32,89,-2,98,394460,7,34987,71,0,00,9387,7
35,898,740,11,334,92,-110,65,19,34,-32,81,-2,98,394407,7,34981,25,0,00,9381,2
35,948,741,07,333,28,-110,80,19,34,-32,73,-2,98,394354,7,34974,78,0,00,9374,8
35,998,742,04,331,65,-110,95,19,33,-32,65,-2,98,394329,3,34968,32,0,00,9368,3
36,049,743,01,330,02,-111,10,19,33,-32,57,-2,98,394248,6,34961,85,0,00,9361,9
36,099,743,97,328,39,-111,25,19,33,-32,49,-2,98,394195,4,34955,39,0,00,9355,4
36,149,744,94,326,77,-111,40,19,33,-32,41,-2,98,394142,2,34948,92,0,00,9348,9
36,199,745,91,325,15,-111,55,19,32,-32,33,-2,98,394102,9,34942,46,0,00,9342,5
36,249,746,87,323,53,-111,69,19,32,-32,25,-2,98,394036,3,34935,99,0,00,9336,0
36,299,747,84,321,92,-111,84,19,32,-32,17,-2,98,393983,5,34929,54,0,00,9329,5
36,349,748,80,320,32,-111,99,19,32,-32,09,-2,98,393930,8,34923,08,0,00,9323,1
36,399,749,77,318,72,-112,14,19,31,-32,01,-2,98,393877,9,34916,63,0,00,9316,6
36,449,750,73,317,12,-112,29,19,31,-31,93,-2,98,393831,8,34910,17,0,00,9310,2
36,499,751,70,315,52,-112,44,19,31,-31,85,-2,98,393778,7,34903,71,0,00,9303,7
36,549,752,67,313,93,-112,59,19,31,-31,77,-2,98,393718,8,34897,26,0,00,9297,3
36,599,753,63,312,35,-112,74,19,30,-31,69,-2,98,393672,5,34890,80,0,00,9290,8
36,649,754,60,310,76,-112,89,19,30,-31,61,-2,98,393599,3,34884,35,0,00,9284,4
36,699,755,56,309,19,-113,04,19,30,-31,53,-2,98,393566,6,34877,89,0,00,9277,9
36,749,756,53,307,61,-113,18,19,30,-31,45,-2,98,393520,3,34871,44,0,00,9271,4
36,799,757,49,306,04,-113,33,19,29,-31,36,-2,98,393474,0,34864,98,0,00,9265,0
36,849,758,46,304,47,-113,48,19,29,-31,28,-2,98,393407,0,34858,54,0,00,9258,5
36,899,759,42,302,91,-113,63,19,29,-31,20,-2,98,393346,9,34852,09,0,00,9252,1
36,949,760,38,301,35,-113,78,19,29,-31,12,-2,98,393293,7,34845,65,0,00,9245,6
36,999,761,35,299,80,-113,93,19,28,-31,04,-2,98,393254,2,34839,20,0,00,9239,2
37,049,762,31,298,25,-114,08,19,28,-30,96,-2,98,393200,8,34832,76,0,00,9232,8
37,099,763,28,296,70,-114,23,19,28,-30,88,-2,98,393140,6,34826,31,0,00,9226,3
37,149,764,24,295,16,-114,37,19,28,-30,80,-2,98,393093,9,34819,87,0,00,9219,9
37,199,765,20,293,62,-114,52,19,28,-30,72,-2,98,393026,6,34813,42,0,00,9213,4
37,249,766,17,292,09,-114,67,19,27,-30,64,-2,98,392980,0,34806,98,0,00,9207,0
37,299,767,13,290,56,-114,82,19,27,-30,56,-2,98,392933,3,34800,53,0,00,9200,5
37,349,768,10,289,03,-114,97,19,27,-30,48,-2,98,392879,8,34794,09,0,00,9194,1
37,399,769,06,287,51,-115,12,19,27,-30,40,-2,98,392826,3,34787,64,0,00,9187,6
37,449,770,02,285,99,-115,27,19,26,-30,32,-2,97,392766,0,34781,21,0,00,9181,2
37,499,770,98,284,48,-115,42,19,26,-30,24,-2,97,392719,4,34774,77,0,00,9174,8
37,549,771,95,282,97,-115,56,19,26,-30,16,-2,97,392658,9,34768,34,0,00,9168,3
37,599,772,91,281,46,-115,71,19,26,-30,08,-2,97,392612,2,34761,90,0,00,9161,9
37,649,773,87,279,96,-115,86,19,25,-30,00,-2,97,392558,4,34755,47,0,00,9155,5
37,699,774,84,278,46,-116,01,19,25,-29,92,-2,97,392497,9,34749,03,0,00,9149,0
37,749,775,80,276,97,-116,16,19,25,-29,84,-2,97,392457,9,34742,60,0,00,9142,6
37,799,776,76,275,48,-116,31,19,25,-29,76,-2,97,392397,2,34736,16,0,00,9136,2
37,849,777,72,273,99,-116,46,19,25,-29,68,-2,97,392329,4,34729,73,0,00,9129,7
37,899,778,69,272,51,-116,61,19,24,-29,60,-2,97,392283,2,34723,29,0,00,9123,3
37,949,779,65,271,03,-116,75,19,24,-29,52,-2,97,392236,1,34716,86,0,00,9116,9
37,999,780,61,269,56,-116,90,19,24,-29,44,-2,97,392182,3,34710,43,0,00,9110,4
38,049,781,57,268,09,-117,05,19,24,-29,36,-2,97,392128,4,34704,01,0,00,9104,0
38,099,782,53,266,62,-117,20,19,23,-29,27,-2,97,392067,5,34697,58,0,00,9097,6
38,149,783,50,265,16,-117,35,19,23,-29,19,-2,97,392013,7,34691,16,0,00,9091,2
38,199,784,46,263,71,-117,50,19,23,-29,11,-2,97,391959,8,34684,73,0,00,9084,7
38,249,785,42,262,25,-117,65,19,23,-29,03,-2,97,391905,9,34678,30,0,00,9078,3
38,299,786,38,260,80,-117,79,19,23,-28,95,-2,97,391851,9,34671,88,0,00,9071,9
38,349,787,34,259,36,-117,94,19,22,-28,87,-2,97,391804,8,34665,45,0,00,9065,5
38,399,788,30,257,91,-118,09,19,22,-28,79,-2,97,391743,8,34659,03,0,00,9059,0
38,449,789,26,256,48,-118,24,19,22,-28,71,-2,97,391696,6,34652,60,0,00,9052,6
38,499,790,22,255,04,-118,39,19,22,-28,63,-2,97,391649,4,34646,18,0,00,9046,2
38,549,791,18,253,61,-118,54,19,21,-28,55,-2,97,391588,3,34639,76,0,00,9039,8
38,599,792,14,252,19,-118,69,19,21,-28,47,-2,97,391527,3,34633,34,0,00,9033,3
38,649,793,11,250,77,-118,83,19,21,-28,39,-2,97,391480,0,34626,93,0,00,9026,9
38,699,794,07,249,35,-118,98,19,21,-28,31,-2,97,391425,8,34620,52,0,00,9020,5
38,749,795,03,247,94,-119,13,19,21,-28,23,-2,97,391364,6,34614,10,0,00,9014,1
38,799,795,99,246,53,-119,28,19,20,-28,15,-2,97,391317,1,34607,68,0,00,9007,7
38,849,796,95,245,12,-119,43,19,20,-28,07,-2,97,391262,6,34601,27,0,00,9001,3
38,899,797,91,243,72,-119,58,19,20,-27,99,-2,97,391208,3,34594,85,0,00,8994,9
38,949,798,87,242,32,-119,73,19,20,-27,91,-2,97,391139,9,34588,43,0,00,8988,4
38,999,799,83,240,93,-119,87,19,19,-27,83,-2,97,391092,2,34582,02,0,00,8982,0
39,049,800,79,239,54,-120,02,19,19,-27,75,-2,97,391044,5,34575,61,0,00,8975,6
39,099,801,75,238,15,-120,17,19,19,-27,67,-2,97,390983,1,34569,20,0,00,8969,2
39,149,802,70,236,77,-120,32,19,19,-27,59,-2,97,390935,3,34562,79,0,00,8962,8
39,199,803,66,235,40,-120,47,19,19,-27,51,-2,97,390873,9,34556,39,0,00,8956,4
39,249,804,62,234,02,-120,62,19,18,-27,43,-2,97,390826,2,34549,98,0,00,8950,0
39,299,805,58,232,65,-120,77,19,18,-27,35,-2,97,390778,4,34543,57,0,00,8943,6
39,349,806,54,231,29,-120,91,19,18,-27,27,-2,97,390717,0,34537,17,0,00,8937,2
39,399,807,50,229,93,-121,06,19,18,-27,19,-2,97,390655,4,34530,76,0,00,8930,8
39,449,808,46,228,57,-121,21,19,18,-27,10,-2,97,390607,7,34524,36,0,00,8924,4
39,499,809,42,227,22,-121,36,19,17,-27,02,-2,97,390546,0,34517,95,0,00,8917,9
39,549,810,38,225,87,-121,51,19,17,-26,94,-2,97,390498,2,34511,54,0,00,8911,5
39,599,811,34,224,52,-121,66,19,17,-26,86,-2,97,390505,7,34505,14,0,00,8905,1
39,649,812,29,223,18,-121,80,19,17,-26,78,-2,97,390389,3,34498,74,0,00,8898,7
39,699,813,25,221,84,-121,95,19,16,-26,70,-2,97,390327,4,34492,35,0,00,8892,3
39,749,814,21,220,51,-122,10,19,16,-26,62,-2,97,390286,4,34485,95,0,00,8886,0
39,799,815,17,219,18,-122,25,19,16,-26,54,-2,97,390231,5,34479,55,0,00,8879,6
39,849,816,13,217,86,-122,40,19,16,-26,46,-2,97,390162,8,34473,16,0,00,8873,2
39,899,817,08,216,53,-122,55,19,16,-26,38,-2,97,390107,8,34466,76,0,00,8866,8
39,949,818,04,215,22,-122,69,19,15,-26,30,-2,97,390066,6,34460,36,0,00,8860,4
39,999,819,00,213,90,-122,84,19,15,-26,22,-2,97,389997,7,34453,97,0,00,8854,0
40,049,819,96,212,60,-122,99,19,15,-26,14,-2,97,389942,6,34447,57,0,00,8847,6
40,099,820,91,211,29,-123,14,19,15,-26,06,-2,97,389901,1,34441,18,0,00,8841,2
40,149,821,87,209,99,-123,29,19,15,-25,98,-2,97,389839,2,34434,79,0,00,8834,8
40,199,822,83,208,69,-123,44,19,14,-25,90,-2,97,389790,9,34428,40,0,00,8828,4
40,249,823,79,207,40,-123,58,19,14,-25,82,-2,97,389721,8,34422,01,0,00,8822,0
40,299,824,74,206,11,-123,73,19,14,-25,74,-2,97,389666,5,34415,63,0,00,8815,6
40,349,825,70,204,83,-123,88,19,14,-25,66,-2,97,389618,1,34409,24,0,00,8809,2
40,399,826,66,203,54,-124,03,19,14,-25,58,-2,97,389562,8,34402,85,0,00,8802,9
40,449,827,61,202,27,-124,18,19,13,-25,50,-2,97,389514,2,34396,46,0,00,8796,5
40,499,828,57,200,99,-124,33,19,13,-25,42,-2,97,389458,7,34390,08,0,00,8790,1
40,549,829,53,199,73,-124,47,19,13,-25,34,-2,97,389389,4,34383,69,0,00,8783,7
40,599,830,48,198,46,-124,62,19,13,-25,26,-2,97,389340,7,34377,30,0,00,8777,3
40,649,831,44,197,20,-124,77,19,13,-25,18,-2,97,389291,9,34370,92,0,00,8770,9
40,699,832,40,195,94,-124,92,19,12,-25,10,-2,97,389229,5,34364,54,0,00,8764,5
40,750,833,35,194,69,-125,07,19,12,-25,02,-2,96,389167,0,34358,16,0,00,8758,2
40,800,834,31,193,44,-125,22,19,12,-24,93,-2,96,389125,1,34351,79,0,00,8751,8
40,850,835,26,192,20,-125,36,19,12,-24,85,-2,96,389062,5,34345,41,0,00,8745,4
40,900,836,22,190,96,-125,51,19,12,-24,77,-2,96,389006,7,34339,03,0,00,8739,0
40,950,837,18,189,72,-125,66,19,11,-24,69,-2,96,388957,8,34332,66,0,00,8732,7
41,000,838,13,188,49,-125,81,19,11,-24,61,-2,96,388895,0,34326,28,0,00,8726,3
41,050,839,09,187,26,-125,96,19,11,-24,53,-2,96,388832,2,34319,90,0,00,8719,9
41,100,840,04,186,03,-126,10,19,11,-24,45,-2,96,388783,0,34313,52,0,00,8713,5
41,150,841,00,184,81,-126,25,19,11,-24,37,-2,96,388726,9,34307,15,0,00,8707,1
41,200,841,95,183,60,-126,40,19,10,-24,29,-2,96,388664,0,34300,77,0,00,8700,8
41,250,842,91,182,38,-126,55,19,10,-24,21,-2,96,388607,9,34294,41,0,00,8694,4
41,300,843,86,181,18,-126,70,19,10,-24,13,-2,96,388565,7,34288,04,0,00,8688,0
41,350,844,82,179,97,-126,85,19,10,-24,05,-2,96,388509,6,34281,67,0,00,8681,7
41,400,845,77,178,77,-126,99,19,10,-23,97,-2,96,388446,6,34275,30,0,00,8675,3
41,450,846,73,177,57,-127,14,19,09,-23,89,-2,96,388383,5,34268,94,0,00,8668,9
41,500,847,68,176,38,-127,29,19,09,-23,81,-2,96,388334,2,34262,57,0,00,8662,6
41,550,848,64,175,19,-127,44,19,09,-23,73,-2,96,388277,8,34256,20,0,00,8656,2
41,600,849,59,174,01,-127,59,19,09,-23,65,-2,96,388221,5,34249,84,0,00,8649,8
41,650,850,55,172,83,-127,73,19,09,-23,57,-2,96,388165,2,34243,47,0,00,8643,5
41,700,851,50,171,65,-127,88,19,09,-23,49,-2,96,388115,7,34237,10,0,00,8637,1
41,750,852,45,170,48,-128,03,19,08,-23,41,-2,96,388045,4,34230,74,0,00,8630,7
41,800,853,41,169,31,-128,18,19,08,-23,33,-2,96,387995,9,34224,38,0,00,8624,4
41,850,854,36,168,15,-128,33,19,08,-23,25,-2,96,387939,4,34218,02,0,00,8618,0
41,900,855,32,166,99,-128,48,19,08,-23,17,-2,96,387876,0,34211,66,0,00,8611,7
41,950,856,27,165,83,-128,62,19,08,-23,09,-2,96,387819,4,34205,31,0,00,8605,3
42,000,857,22,164,68,-128,77,19,07,-23,01,-2,96,387769,7,34198,95,0,00,8599,0
42,050,858,18,163,53,-128,92,19,07,-22,93,-2,96,387706,1,34192,59,0,00,8592,6
42,100,859,13,162,38,-129,07,19,07,-22,85,-2,96,387656,3,34186,23,0,00,8586,2
42,150,860,08,161,24,-129,22,19,07,-22,76,-2,96,387592,6,34179,88,0,00,8579,9
42,200,861,04,160,11,-129,36,19,07,-22,68,-2,96,387535,8,34173,52,0,00,8573,5
42,250,861,99,158,98,-129,51,19,06,-22,60,-2,96,387485,8,34167,16,0,00,8567,2
42,300,862,94,157,85,-129,66,19,06,-22,52,-2,96,387429,0,34160,82,0,00,8560,8
42,350,863,90,156,72,-129,81,19,06,-22,44,-2,96,387372,1,34154,47,0,00,8554,5
42,400,864,85,155,60,-129,96,19,06,-22,36,-2,96,387308,3,34148,12,0,00,8548,1
42,450,865,80,154,49,-130,10,19,06,-22,28,-2,96,387258,2,34141,77,0,00,8541,8
42,500,866,76,153,38,-130,25,19,06,-22,20,-2,96,387194,3,34135,43,0,00,8535,4
42,550,867,71,152,27,-130,40,19,05,-22,12,-2,96,387137,2,34129,08,0,02,8529,1
42,600,868,66,151,16,-130,55,19,05,-22,04,-2,96,387094,7,34122,73,0,00,8522,7
42,650,869,61,150,06,-130,70,19,05,-21,96,-2,96,387023,8,34116,38,0,00,8516,4
42,700,870,57,148,97,-130,84,19,05,-21,88,-2,96,386973,4,34110,04,0,00,8510,0
42,750,871,52,147,87,-130,99,19,05,-21,80,-2,96,386923,0,34103,69,0,00,8503,7
42,800,872,47,146,79,-131,14,19,04,-21,72,-2,96,386852,0,34097,35,0,00,8497,3
42,850,873,42,145,70,-131,29,19,04,-21,64,-2,96,386808,5,34091,01,0,00,8491,0
42,900,874,38,144,62,-131,44,19,04,-21,56,-2,96,386737,5,34084,67,0,00,8484,7
42,950,875,33,143,55,-131,58,19,04,-21,48,-2,96,386680,2,34078,33,0,00,8478,3
43,000,876,28,142,48,-131,73,19,04,-21,40,-2,96,386629,6,34072,00,0,00,8472,0
43,050,877,23,141,41,-131,88,19,04,-21,32,-2,96,386572,1,34065,66,0,00,8465,7
43,100,878,18,140,34,-132,03,19,03,-21,24,-2,96,386507,8,34059,32,0,00,8459,3
43,150,879,13,139,28,-132,18,19,03,-21,16,-2,96,386450,3,34052,98,0,00,8453,0
43,200,880,09,138,23,-132,32,19,03,-21,08,-2,96,386392,8,34046,64,0,00,8446,6
43,250,881,04,137,18,-132,47,19,03,-21,00,-2,96,386335,1,34040,30,0,00,8440,3
43,300,881,99,136,13,-132,62,19,03,-20,92,-2,96,386270,7,34033,97,0,00,8434,0
43,350,882,94,135,08,-132,77,19,03,-20,84,-2,96,386233,8,34027,64,0,00,8427,6
43,400,883,89,134,04,-132,92,19,02,-20,76,-2,96,386176,2,34021,31,0,00,8421,3
43,450,884,84,133,01,-133,06,19,02,-20,68,-2,96,386104,7,34014,98,0,00,8415,0
43,500,885,79,131,98,-133,21,19,02,-20,60,-2,96,386060,8,34008,66,0,00,8408,7
43,550,886,75,130,95,-133,36,19,02,-20,51,-2,96,385989,3,34002,33,0,00,8402,3
43,600,887,70,129,93,-133,51,19,02,-20,43,-2,96,385945,2,33996,00,0,00,8396,0
43,650,888,65,128,91,-133,66,19,02,-20,35,-2,96,385880,4,33989,67,0,00,8389,7
43,700,889,60,127,89,-133,80,19,01,-20,27,-2,96,385815,6,33983,34,0,00,8383,3
43,750,890,55,126,88,-133,95,19,01,-20,19,-2,96,385757,7,33977,02,0,00,8377,0
43,800,891,50,125,87,-134,10,19,01,-20,11,-2,96,385706,4,33970,69,0,00,8370,7
43,850,892,45,124,87,-134,25,19,01,-20,03,-2,96,385655,4,33964,37,0,00,8364,4
43,900,893,40,123,87,-134,40,19,01,-19,95,-2,96,385583,6,33958,05,0,00,8358,1
43,950,894,35,122,87,-134,54,19,01,-19,87,-2,96,385539,4,33951,73,0,00,8351,7
44,000,895,30,121,88,-134,69,19,00,-19,79,-2,96,385474,3,33945,41,0,00,8345,4
44,050,896,25,120,89,-134,84,19,00,-19,71,-2,96,385416,1,33939,10,0,00,8339,1
44,100,897,20,119,91,-134,99,19,00,-19,63,-2,96,385357,9,33932,78,0,00,8332,8
44,150,898,15,118,93,-135,14,19,00,-19,55,-2,96,385299,6,33926,46,0,00,8326,5
44,200,899,10,117,95,-135,28,19,00,-19,47,-2,96,385248,2,33920,14,0,00,8320,1
44,250,900,05,116,98,-135,43,19,00,-19,39,-2,96,385189,8,33913,82,0,00,8313,8
44,300,901,00,116,01,-135,58,18,99,-19,31,-2,96,385110,6,33907,50,0,00,8307,5
44,350,901,95,115,05,-135,73,18,99,-19,23,-2,96,385066,1,33901,20,0,00,8301,2
44,400,902,90,114,09,-135,87,18,99,-19,15,-2,96,385007,6,33894,89,0,00,8294,9
44,450,903,85,113,14,-136,02,18,99,-19,07,-2,96,384949,2,33888,58,0,00,8288,6
44,500,904,80,112,19,-136,17,18,99,-18,99,-2,96,384897,5,33882,27,0,00,8282,3
44,550,905,75,111,24,-136,32,18,99,-18,91,-2,96,384832,0,33875,96,0,00,8276,0
44,600,906,70,110,29,-136,47,18,98,-18,83,-2,96,384766,4,33869,65,0,00,8269,7
44,650,907,65,109,36,-136,61,18,98,-18,75,-2,96,384707,9,33863,34,0,00,8263,3
44,700,908,59,108,42,-136,76,18,98,-18,67,-2,96,384656,0,33857,04,0,00,8257,0
44,750,909,54,107,49,-136,91,18,98,-18,59,-2,96,384597,2,33850,73,0,00,8250,7
44,800,910,49,106,56,-137,06,18,98,-18,51,-2,96,384538,3,33844,42,0,00,8244,4
44,850,911,44,105,64,-137,21,18,98,-18,43,-2,96,384479,6,33838,12,0,00,8238,1
44,900,912,39,104,72,-137,35,18,97,-18,34,-2,96,384420,7,33831,82,0,00,8231,8
44,950,913,34,103,80,-137,50,18,97,-18,26,-2,96,384368,7,33825,52,0,00,8225,5
45,000,914,29,102,89,-137,65,18,97,-18,18,-2,96,384296,0,33819,22,0,00,8219,2
45,050,915,24,101,99,-137,80,18,97,-18,10,-2,96,384243,9,33812,92,0,00,8212,9
45,100,916,18,101,08,-137,94,18,97,-18,02,-2,96,384177,9,33806,62,0,00,8206,6
45,150,917,13,100,18,-138,09,18,97,-17,94,-2,96,384139,5,33800,32,0,00,8200,3
45,200,918,08,99,29,-138,24,18,96,-17,86,-2,96,384066,6,33794,02,0,00,8194,0
45,250,919,03,98,40,-138,39,18,96,-17,78,-2,96,384014,4,33787,73,0,00,8187,7
45,300,919,98,97,51,-138,54,18,96,-17,70,-2,96,383948,3,33781,43,0,00,8181,4
45,350,920,93,96,63,-138,68,18,96,-17,62,-2,96,383882,2,33775,14,0,00,8175,1
45,400,921,87,95,75,-138,83,18,96,-17,54,-2,96,383836,8,33768,85,0,00,8168,8
45,451,922,82,94,87,-138,98,18,96,-17,46,-2,96,383770,5,33762,55,0,00,8162,6
45,501,923,77,94,00,-139,13,18,96,-17,38,-2,96,383704,2,33756,26,0,00,8156,3
45,551,924,72,93,13,-139,28,18,95,-17,30,-2,96,383644,8,33749,97,0,00,8150,0
45,601,925,66,92,27,-139,42,18,95,-17,22,-2,96,383592,2,33743,68,0,00,8143,7
45,651,926,61,91,41,-139,57,18,95,-17,14,-2,96,383532,7,33737,39,0,00,8137,4
45,701,927,56,90,56,-139,72,18,95,-17,06,-2,96,383480,0,33731,11,0,00,8131,1
45,751,928,51,89,71,-139,87,18,95,-16,98,-2,96,383413,6,33724,82,0,00,8124,8
45,801,929,45,88,86,-140,01,18,95,-16,90,-2,96,383360,9,33718,54,0,00,8118,5
45,851,930,40,88,02,-140,16,18,95,-16,82,-2,96,383301,3,33712,25,0,00,8112,3
45,901,931,35,87,18,-140,31,18,94,-16,74,-2,96,383248,4,33705,97,0,00,8106,0
45,951,932,30,86,34,-140,46,18,94,-16,66,-2,96,383168,0,33699,69,0,00,8099,7
46,001,933,24,85,51,-140,61,18,94,-16,58,-2,96,383108,3,33693,41,0,00,8093,4
46,051,934,19,84,69,-140,75,18,94,-16,50,-2,96,383055,4,33687,13,0,00,8087,1
46,101,935,14,83,86,-140,90,18,94,-16,42,-2,96,382995,4,33680,85,0,00,8080,8
46,151,936,08,83,04,-141,05,18,94,-16,34,-2,96,382935,6,33674,57,0,00,8074,6
46,201,937,03,82,23,-141,20,18,93,-16,26,-2,96,382868,7,33668,29,0,00,8068,3
46,251,937,98,81,42,-141,34,18,93,-16,17,-2,96,382815,6,33662,02,0,00,8062,0
46,301,938,92,80,61,-141,49,18,93,-16,09,-2,96,382755,7,33655,74,0,00,8055,7
46,351,939,87,79,81,-141,64,18,93,-16,01,-2,96,382699,0,33649,47,0,00,8049,5
46,401,940,82,79,01,-141,79,18,93,-15,93,-2,96,382632,1,33643,19,0,00,8043,2
46,451,941,76,78,22,-141,94,18,93,-15,85,-2,96,382572,0,33636,92,0,00,8036,9
46,501,942,71,77,42,-142,08,18,93,-15,77,-2,96,382511,9,33630,65,0,00,8030,6
46,551,943,66,76,64,-142,23,18,92,-15,69,-2,95,382451,7,33624,38,0,00,8024,4
46,601,944,60,75,86,-142,38,18,92,-15,61,-2,95,382394,9,33618,11,0,00,8018,1
46,651,945,55,75,08,-142,53,18,92,-15,53,-2,95,382327,7,33611,84,0,00,8011,8
46,701,946,49,74,30,-142,67,18,92,-15,45,-2,95,382270,8,33605,57,0,00,8005,6
46,751,947,44,73,53,-142,82,18,92,-15,37,-2,95,382210,4,33599,31,0,00,7999,3
46,801,948,39,72,76,-142,97,18,92,-15,29,-2,95,382143,1,33593,04,0,00,7993,0
46,851,949,33,72,00,-143,12,18,92,-15,21,-2,95,382082,7,33586,78,0,00,7986,8
46,901,950,28,71,24,-143,26,18,91,-15,13,-2,95,382032,5,33580,51,0,00,7980,5
46,951,951,22,70,49,-143,41,18,91,-15,05,-2,95,381968,5,33574,25,0,00,7974,3
47,001,952,17,69,74,-143,56,18,91,-14,97,-2,95,381904,4,33567,99,0,00,7968,0
47,051,953,11,68,99,-143,71,18,91,-14,89,-2,95,381843,8,33561,73,0,00,7961,7
47,101,954,06,68,25,-143,86,18,91,-14,81,-2,95,381786,6,33555,47,0,00,7955,5
47,151,955,01,67,51,-144,00,18,91,-14,73,-2,95,381719,0,33549,21,0,00,7949,2
47,201,955,95,66,78,-144,15,18,91,-14,65,-2,95,381668,6,33542,95,0,00,7943,0
47,251,956,90,66,05,-144,30,18,91,-14,57,-2,95,381604,3,33536,70,0,00,7936,7
47,301,957,84,65,32,-144,45,18,90,-14,49,-2,95,381543,5,33530,45,0,00,7930,4
47,351,958,79,64,60,-144,59,18,90,-14,41,-2,95,381482,6,33524,19,0,00,7924,2
47,401,959,73,63,88,-144,74,18,90,-14,33,-2,95,381421,8,33517,93,0,00,7917,9
47,451,960,68,63,17,-144,89,18,90,-14,25,-2,95,381360,7,33511,68,0,00,7911,7
47,501,961,62,62,46,-145,04,18,90,-14,17,-2,95,381303,2,33505,43,0,00,7905,4
47,551,962,57,61,75,-145,18,18,90,-14,09,-2,95,381242,2,33499,18,0,00,7899,2
47,601,963,51,61,05,-145,33,18,90,-14,01,-2,95,381177,7,33492,93,0,00,7892,9
47,651,964,46,60,35,-145,48,18,89,-13,92,-2,95,381113,1,33486,68,0,00,7886,7
47,701,965,40,59,65,-145,63,18,89,-13,84,-2,95,381058,9,33480,43,0,00,7880,4
47,751,966,35,58,96,-145,78,18,89,-13,76,-2,95,380990,8,33474,19,0,00,7874,2
47,801,967,29,58,28,-145,92,18,89,-13,68,-2,95,380936,4,33467,94,0,00,7867,9
47,851,968,24,57,60,-146,07,18,89,-13,60,-2,95,380868,3,33461,70,0,00,7861,7
47,901,969,18,56,92,-146,22,18,89,-13,52,-2,95,380806,9,33455,45,0,00,7855,5
47,951,970,12,56,24,-146,37,18,89,-13,44,-2,95,380752,5,33449,21,0,00,7849,2
48,001,971,07,55,57,-146,51,18,89,-13,36,-2,95,380691,1,33442,97,0,00,7843,0
48,051,972,01,54,91,-146,66,18,88,-13,28,-2,95,380622,8,33436,73,0,00,7836,7
48,101,972,96,54,24,-146,81,18,88,-13,20,-2,95,380564,8,33430,49,0,00,7830,5
48,151,973,90,53,59,-146,96,18,88,-13,12,-2,95,380503,3,33424,25,0,00,7824,3
48,201,974,84,52,93,-147,10,18,88,-13,04,-2,95,380441,6,33418,02,0,00,7818,0
48,251,975,79,52,28,-147,25,18,88,-12,96,-2,95,380380,1,33411,78,0,00,7811,8
48,301,976,73,51,64,-147,40,18,88,-12,88,-2,95,380318,5,33405,54,0,00,7805,5
48,351,977,68,50,99,-147,55,18,88,-12,80,-2,95,380260,2,33399,31,0,00,7799,3
48,401,978,62,50,36,-147,70,18,88,-12,72,-2,95,380188,1,33393,07,0,00,7793,1
48,451,979,56,49,72,-147,84,18,87,-12,64,-2,95,380133,2,33386,84,0,00,7786,8
48,501,980,51,49,09,-147,99,18,87,-12,56,-2,95,380071,5,33380,61,0,00,7780,6
48,551,981,45,48,47,-148,14,18,87,-12,48,-2,95,380009,6,33374,38,0,00,7774,4
48,601,982,39,47,85,-148,29,18,87,-12,40,-2,95,379947,8,33368,15,0,00,7768,2
48,651,983,34,47,23,-148,43,18,87,-12,32,-2,95,379892,7,33361,92,0,00,7761,9
48,701,984,28,46,61,-148,58,18,87,-12,24,-2,95,379823,8,33355,70,0,00,7755,7
48,751,985,23,46,00,-148,73,18,87,-12,16,-2,95,379765,3,33349,47,0,00,7749,5
48,801,986,17,45,40,-148,88,18,87,-12,08,-2,95,379699,8,33343,25,0,00,7743,2
48,851,987,11,44,80,-149,02,18,86,-12,00,-2,95,379637,7,33337,02,0,00,7737,0
48,901,988,05,44,20,-149,17,18,86,-11,92,-2,95,379575,5,33330,80,0,00,7730,8
48,951,989,00,43,60,-149,32,18,86,-11,84,-2,95,379513,3,33324,57,0,00,7724,6
49,001,989,94,43,01,-149,47,18,86,-11,76,-2,95,379451,1,33318,35,0,00,7718,4
49,051,990,88,42,43,-149,62,18,86,-11,67,-2,95,379385,4,33312,13,0,00,7712,1
49,101,991,83,41,85,-149,76,18,86,-11,59,-2,95,379326,5,33305,91,0,00,7705,9
49,151,992,77,41,27,-149,91,18,86,-11,51,-2,95,379260,6,33299,70,0,00,7699,7
49,201,993,71,40,70,-150,06,18,86,-11,43,-2,95,379194,8,33293,48,0,00,7693,5
49,251,994,66,40,13,-150,21,18,85,-11,35,-2,95,379139,1,33287,26,0,00,7687,3
49,301,995,60,39,56,-150,35,18,85,-11,27,-2,95,379073,2,33281,05,0,00,7681,0
49,351,996,54,39,00,-150,50,18,85,-11,19,-2,95,379014,1,33274,83,0,00,7674,8
49,401,997,48,38,44,-150,65,18,85,-11,11,-2,95,378951,5,33268,62,0,00,7668,6
49,451,998,43,37,89,-150,80,18,85,-11,03,-2,95,378885,3,33262,41,0,00,7662,4
49,501,999,37,37,34,-150,95,18,85,-10,95,-2,95,378826,1,33256,20,0,00,7656,2
49,551,1000,31,36,79,-151,09,18,85,-10,87,-2,95,378759,8,33249,98,0,00,7650,0
49,601,1001,25,36,25,-151,24,18,85,-10,79,-2,95,378697,0,33243,78,0,00,7643,8
49,651,1002,20,35,71,-151,39,18,85,-10,71,-2,95,378634,2,33237,57,0,00,7637,6
49,701,1003,14,35,18,-151,54,18,84,-10,63,-2,95,378574,6,33231,36,0,00,7631,4
49,751,1004,08,34,65,-151,68,18,84,-10,55,-2,95,378508,2,33225,16,0,00,7625,2
49,801,1005,02,34,12,-151,83,18,84,-10,47,-2,95,378441,7,33218,95,0,00,7619,0
49,851,1005,96,33,60,-151,98,18,84,-10,39,-2,95,378382,1,33212,75,0,00,7612,7
49,901,1006,91,33,09,-152,13,18,84,-10,31,-2,95,378319,2,33206,55,0,00,7606,5
49,951,1007,85,32,57,-152,27,18,84,-10,23,-2,95,378256,1,33200,34,0,00,7600,3
50,001,1008,79,32,06,-152,42,18,84,-10,15,-2,95,378193,0,33194,14,0,00,7594,1
50,051,1009,73,31,56,-152,57,18,84,-10,07,-2,95,378133,3,33187,94,0,00,7587,9
50,102,1010,67,31,06,-152,72,18,84,-9,99,-2,95,378066,6,33181,75,0,00,7581,7
50,152,1011,62,30,56,-152,87,18,83,-9,91,-2,95,378003,3,33175,55,0,00,7575,5
50,202,1012,56,30,07,-153,01,18,83,-9,83,-2,95,377940,0,33169,35,0,00,7569,4
50,252,1013,50,29,58,-153,16,18,83,-9,75,-2,95,377880,1,33163,16,0,00,7563,2
50,302,1014,44,29,09,-153,31,18,83,-9,67,-2,95,377816,6,33156,96,0,00,7557,0
50,352,1015,38,28,61,-153,46,18,83,-9,59,-2,95,377746,3,33150,77,0,00,7550,8
50,402,1016,32,28,13,-153,60,18,83,-9,51,-2,95,377689,7,33144,58,0,00,7544,6
50,452,1017,26,27,66,-153,75,18,83,-9,42,-2,95,377626,1,33138,39,0,00,7538,4
50,502,1018,21,27,19,-153,90,18,83,-9,34,-2,95,377559,1,33132,20,0,00,7532,2
50,552,1019,15,26,72,-154,05,18,83,-9,26,-2,95,377495,5,33126,00,0,00,7526,0
50,602,1020,09,26,26,-154,19,18,82,-9,18,-2,95,377431,9,33119,82,0,00,7519,8
50,652,1021,03,25,81,-154,34,18,82,-9,10,-2,95,377371,7,33113,63,0,00,7513,6
50,702,1021,97,25,35,-154,49,18,82,-9,02,-2,95,377307,9,33107,45,0,00,7507,4
50,752,1022,91,24,90,-154,64,18,82,-8,94,-2,95,377240,7,33101,26,0,00,7501,3
50,802,1023,85,24,46,-154,79,18,82,-8,86,-2,95,377176,8,33095,07,0,00,7495,1
50,852,1024,79,24,02,-154,93,18,82,-8,78,-2,95,377113,0,33088,89,0,00,7488,9
50,902,1025,74,23,58,-155,08,18,82,-8,70,-2,95,377048,9,33082,71,0,00,7482,7
50,952,1026,68,23,15,-155,23,18,82,-8,62,-2,95,376988,4,33076,53,0,00,7476,5
51,002,1027,62,22,72,-155,38,18,82,-8,54,-2,95,376924,4,33070,35,0,00,7470,3
51,052,1028,56,22,29,-155,52,18,81,-8,46,-2,95,376860,5,33064,17,0,00,7464,2
51,102,1029,50,21,87,-155,67,18,81,-8,38,-2,95,376796,4,33057,99,0,00,7458,0
51,152,1030,44,21,46,-155,82,18,81,-8,30,-2,95,376732,3,33051,82,0,00,7451,8
51,202,1031,38,21,04,-155,97,18,81,-8,22,-2,95,376664,7,33045,64,0,00,7445,6
51,252,1032,32,20,63,-156,11,18,81,-8,14,-2,95,376600,5,33039,46,0,00,7439,5
51,302,1033,26,20,23,-156,26,18,81,-8,06,-2,95,376536,3,33033,29,0,00,7433,3
51,352,1034,20,19,83,-156,41,18,81,-7,98,-2,95,376472,0,33027,12,0,00,7427,1
51,402,1035,14,19,43,-156,56,18,81,-7,90,-2,95,376409,4,33020,95,0,00,7421,0
51,452,1036,08,19,04,-156,71,18,81,-7,82,-2,95,376345,0,33014,78,0,00,7414,8
51,502,1037,02,18,65,-156,85,18,81,-7,74,-2,95,376280,6,33008,61,0,00,7408,6
51,552,1037,96,18,26,-157,00,18,80,-7,66,-2,95,376214,4,33002,44,0,00,7402,4
51,602,1038,90,17,88,-157,15,18,80,-7,58,-2,95,376151,7,32996,27,0,00,7396,3
51,652,1039,84,17,51,-157,30,18,80,-7,50,-2,95,376087,2,32990,11,0,00,7390,1
51,702,1040,78,17,13,-157,44,18,80,-7,42,-2,95,376019,1,32983,94,0,00,7383,9
51,752,1041,72,16,76,-157,59,18,80,-7,34,-2,95,375957,9,32977,78,0,00,7377,8
51,802,1042,66,16,40,-157,74,18,80,-7,26,-2,95,375893,3,32971,62,0,00,7371,6
51,852,1043,60,16,04,-157,89,18,80,-7,18,-2,95,375825,1,32965,45,0,00,7365,5
51,902,1044,54,15,68,-158,03,18,80,-7,09,-2,95,375765,6,32959,29,0,00,7359,3
51,952,1045,48,15,33,-158,18,18,80,-7,01,-2,95,375699,0,32953,13,0,00,7353,1
52,002,1046,42,14,98,-158,33,18,80,-6,93,-2,95,375632,4,32946,98,0,00,7347,0
52,052,1047,36,14,64,-158,48,18,79,-6,85,-2,95,375567,6,32940,82,0,00,7340,8
52,102,1048,30,14,30,-158,63,18,79,-6,77,-2,95,375502,6,32934,66,0,00,7334,7
52,152,1049,24,13,96,-158,77,18,79,-6,69,-2,95,375437,7,32928,50,0,00,7328,5
52,202,1050,18,13,63,-158,92,18,79,-6,61,-2,95,375374,4,32922,35,0,00,7322,4
52,252,1051,12,13,30,-159,07,18,79,-6,53,-2,95,375309,3,32916,20,0,00,7316,2
52,302,1052,06,12,97,-159,22,18,79,-6,45,-2,95,375244,3,32910,05,0,00,7310,0
52,352,1053,00,12,65,-159,36,18,79,-6,37,-2,95,375177,4,32903,89,0,00,7303,9
52,402,1053,94,12,34,-159,51,18,79,-6,29,-2,95,375110,5,32897,74,0,00,7297,7
52,452,1054,88,12,02,-159,66,18,79,-6,21,-2,95,375047,0,32891,59,0,00,7291,6
52,502,1055,82,11,71,-159,81,18,79,-6,13,-2,95,374985,2,32885,45,0,00,7285,4
52,552,1056,76,11,41,-159,96,18,78,-6,05,-2,95,374916,4,32879,30,0,00,7279,3
52,602,1057,70,11,11,-160,10,18,78,-5,97,-2,95,374849,3,32873,15,0,00,7273,2
52,652,1058,64,10,81,-160,25,18,78,-5,89,-2,95,374785,7,32867,01,0,00,7267,0
52,702,1059,57,10,52,-160,40,18,78,-5,81,-2,95,374720,3,32860,87,0,00,7260,9
52,752,1060,51,10,23,-160,55,18,78,-5,73,-2,95,374657,2,32854,72,0,00,7254,7
52,802,1061,45,9,95,-160,69,18,78,-5,65,-2,95,374589,9,32848,58,0,00,7248,6
52,852,1062,39,9,67,-160,84,18,78,-5,57,-2,95,374526,0,32842,44,0,00,7242,4
52,902,1063,33,9,39,-160,99,18,78,-5,49,-2,95,374456,9,32836,30,0,00,7236,3
52,952,1064,27,9,12,-161,14,18,78,-5,41,-2,95,374391,3,32830,16,0,00,7230,2
53,002,1065,21,8,85,-161,28,18,78,-5,33,-2,95,374327,3,32824,03,0,00,7224,0
53,052,1066,15,8,59,-161,43,18,78,-5,25,-2,95,374261,6,32817,89,0,00,7217,9
53,102,1067,08,8,33,-161,58,18,77,-5,17,-2,95,374195,7,32811,75,0,00,7211,8
53,152,1068,02,8,07,-161,73,18,77,-5,09,-2,95,374129,8,32805,62,0,00,7205,6
53,202,1068,96,7,82,-161,88,18,77,-5,01,-2,95,374062,2,32799,49,0,00,7199,5
53,252,1069,90,7,57,-162,02,18,77,-4,93,-2,95,373999,7,32793,36,0,00,7193,4
53,302,1070,84,7,32,-162,17,18,77,-4,85,-2,95,373930,2,32787,22,0,00,7187,2
53,352,1071,78,7,08,-162,32,18,77,-4,77,-2,95,373865,8,32781,09,0,00,7181,1
53,402,1072,72,6,85,-162,47,18,77,-4,69,-2,95,373798,1,32774,97,0,00,7175,0
53,452,1073,66,6,62,-162,61,18,77,-4,61,-2,95,373731,9,32768,84,0,00,7168,8
53,502,1074,59,6,39,-162,76,18,77,-4,52,-2,95,373667,3,32762,71,0,00,7162,7
53,552,1075,53,6,16,-162,91,18,77,-4,44,-2,95,373601,1,32756,59,0,00,7156,6
53,602,1076,47,5,94,-163,06,18,77,-4,32,-2,95,179698,0,32750,01,0,00,7150,0
53,652,1077,41,5,73,-163,20,18,76,-4,17,-2,95,412697,8,32743,07,0,00,7143,1
53,702,1078,35,5,53,-163,35,18,76,-4,03,-2,95,410624,7,32736,32,0,00,7136,3
53,752,1079,29,5,33,-163,50,18,76,-3,89,-2,95,408006,5,32729,62,0,00,7129,6
53,802,1080,23,5,14,-163,65,18,76,-3,76,-2,95,405449,0,32722,95,0,00,7122,9
53,852,1081,16,4,95,-163,80,18,76,-3,63,-2,95,402954,2,32716,32,0,00,7116,3
53,902,1082,10,4,77,-163,94,18,76,-3,51,-2,95,400519,1,32709,74,0,00,7109,7
53,952,1083,04,4,60,-164,09,18,76,-3,39,-2,95,398143,2,32703,20,0,00,7103,2
54,002,1083,98,4,43,-164,24,18,76,-3,27,-2,95,395825,2,32696,69,0,00,7096,7
54,052,1084,91,4,27,-164,39,18,76,-3,16,-2,95,393563,2,32690,22,0,00,7090,2
54,102,1085,85,4,12,-164,53,18,76,-3,05,-2,96,391356,8,32683,79,0,00,7083,8
54,152,1086,79,3,97,-164,68,18,76,-2,94,-2,96,389203,2,32677,39,0,00,7077,4
54,202,1087,73,3,82,-164,83,18,75,-2,84,-2,96,387102,9,32671,03,0,00,7071,0
54,252,1088,66,3,68,-164,98,18,75,-2,74,-2,96,385053,3,32664,70,0,00,7064,7
54,302,1089,60,3,55,-165,12,18,75,-2,64,-2,96,383054,4,32658,41,0,00,7058,4
54,352,1090,54,3,42,-165,27,18,75,-2,55,-2,96,381103,3,32652,15,0,00,7052,1
54,402,1091,48,3,30,-165,42,18,75,-2,45,-2,96,379201,0,32645,92,0,00,7045,9
54,452,1092,41,3,18,-165,57,18,75,-2,36,-2,96,377344,8,32639,71,0,00,7039,7
54,502,1093,35,3,06,-165,72,18,75,-2,28,-2,96,375534,8,32633,55,0,00,7033,5
54,552,1094,29,2,95,-165,86,18,75,-2,19,-2,96,373768,6,32627,41,0,00,7027,4
54,602,1095,23,2,84,-166,01,18,75,-2,11,-2,96,372046,1,32621,29,0,00,7021,3
54,652,1096,16,2,74,-166,16,18,75,-2,03,-2,96,370365,8,32615,21,0,00,7015,2
54,702,1097,10,2,64,-166,31,18,75,-1,96,-2,96,368726,8,32609,15,0,00,7009,2
54,752,1098,04,2,54,-166,45,18,75,-1,88,-2,96,367128,6,32603,12,0,00,7003,1
54,803,1098,98,2,45,-166,60,18,74,-1,81,-2,96,365569,4,32597,12,0,00,6997,1
54,853,1099,91,2,36,-166,75,18,74,-1,74,-2,96,364049,2,32591,14,0,00,6991,1
54,903,1100,85,2,27,-166,90,18,74,-1,68,-2,96,362566,4,32585,18,0,00,6985,2
54,953,1101,79,2,19,-167,05,18,74,-1,61,-2,96,361120,2,32579,25,0,00,6979,3
55,003,1102,73,2,11,-167,19,18,74,-1,55,-2,96,359710,4,32573,35,0,00,6973,3
55,053,1103,66,2,04,-167,34,18,74,-1,49,-2,96,358335,0,32567,46,0,00,6967,5
55,103,1104,60,1,96,-167,49,18,74,-1,43,-2,96,356993,9,32561,60,0,00,6961,6
55,153,1105,54,1,89,-167,64,18,74,-1,37,-2,96,355686,4,32555,76,0,00,6955,8
55,203,1106,48,1,83,-167,78,18,74,-1,32,-2,96,354411,6,32549,94,0,00,6949,9
55,253,1107,41,1,76,-167,93,18,74,-1,26,-2,96,353168,3,32544,14,0,00,6944,1
55,303,1108,35,1,70,-168,08,18,74,-1,21,-2,96,351956,3,32538,36,0,00,6938,4
55,353,1109,28,1,64,-168,23,18,74,-1,16,-2,96,350774,3,32532,60,0,00,6932,6
55,403,1110,22,1,58,-168,38,18,73,-1,12,-2,96,349622,2,32526,86,0,00,6926,9
55,453,1111,16,1,53,-168,52,18,73,-1,07,-2,96,348498,8,32521,14,0,00,6921,1
55,503,1112,09,1,48,-168,67,18,73,-1,02,-2,96,347403,6,32515,44,0,00,6915,4
55,553,1113,03,1,43,-168,82,18,73,-0,98,-2,96,346335,9,32509,75,0,00,6909,7
55,603,1113,97,1,38,-168,97,18,73,-0,94,-2,96,345295,3,32504,08,0,00,6904,1
55,653,1114,90,1,33,-169,12,18,73,-0,90,-2,96,344280,9,32498,43,0,00,6898,4
55,703,1115,84,1,29,-169,26,18,73,-0,86,-2,96,343291,9,32492,79,0,00,6892,8
55,753,1116,77,1,25,-169,41,18,73,-0,82,-2,96,342327,8,32487,17,0,00,6887,2
55,803,1117,71,1,21,-169,56,18,73,-0,79,-2,96,341388,2,32481,57,0,00,6881,6
55,853,1118,65,1,17,-169,71,18,73,-0,75,-2,96,340472,3,32475,98,0,00,6876,0
55,903,1119,58,1,13,-169,85,18,73,-0,72,-2,96,339579,9,32470,41,0,00,6870,4
55,953,1120,52,1,09,-170,00,18,73,-0,69,-2,96,338709,9,32464,85,0,00,6864,8
56,003,1121,46,1,06,-170,15,18,72,-0,66,-2,96,337862,0,32459,30,0,00,6859,3
56,053,1122,39,1,03,-170,30,18,72,-0,63,-2,96,337035,7,32453,77,0,00,6853,8
56,103,1123,33,1,00,-170,45,18,72,-0,60,-2,96,336230,4,32448,25,0,00,6848,3
56,108,1123,42,1,00,-170,46,18,72,-0,60,-2,96,336151,2,32447,70,0,00,6847,7
56,113,1123,52,0,99,-170,48,18,72,-0,59,-2,96,336071,8,32447,15,0,00,6847,2
56,118,1123,61,0,99,-170,49,18,72,-0,59,-2,96,335993,0,32446,60,0,00,6846,6
56,123,1123,70,0,99,-170,50,18,72,-0,59,-2,96,335914,0,32446,05,0,00,6846,1
56,128,1123,80,0,98,-170,52,18,72,-0,59,-2,96,335835,6,32445,50,0,00,6845,5
56,133,1123,89,0,98,-170,53,18,72,-0,58,-2,96,335757,1,32444,95,0,00,6844,9
56,138,1123,98,0,98,-170,55,18,72,-0,58,-2,96,335679,1,32444,40,0,00,6844,4
56,143,1124,08,0,97,-170,56,18,72,-0,58,-2,96,335601,0,32443,85,0,00,6843,8
56,148,1124,17,0,97,-170,58,18,72,-0,58,-2,96,335523,4,32443,30,0,00,6843,3
56,153,1124,26,0,97,-170,59,18,72,-0,57,-2,96,335445,7,32442,75,0,00,6842,7
56,158,1124,36,0,97,-170,61,18,72,-0,57,-2,96,335368,5,32442,20,0,00,6842,2
56,163,1124,45,0,96,-170,62,18,72,-0,57,-2,96,335291,2,32441,65,0,00,6841,6
56,168,1124,55,0,96,-170,64,18,72,-0,56,-2,96,335214,2,32441,10,0,00,6841,1
56,173,1124,64,0,96,-170,65,18,72,-0,56,-2,96,335137,5,32440,55,0,00,6840,6
56,178,1124,73,0,95,-170,67,18,72,-0,56,-2,96,335061,0,32440,00,0,00,6840,0
56,183,1124,83,0,95,-170,68,18,72,-0,56,-2,96,334984,7,32439,45,0,00,6839,5
56,188,1124,92,0,95,-170,70,18,72,-0,55,-2,96,334908,5,32438,90,0,00,6838,9
56,193,1125,01,0,95,-170,71,18,72,-0,55,-2,96,334832,4,32438,35,0,00,6838,4
56,198,1125,11,0,94,-170,73,18,72,-0,55,-2,96,334756,8,32437,80,0,00,6837,8
56,203,1125,20,0,94,-170,74,18,72,-0,55,-2,96,334681,1,32437,26,0,00,6837,3
56,208,1125,29,0,94,-170,76,18,72,-0,54,-2,96,334605,7,32436,71,0,00,6836,7
56,213,1125,39,0,94,-170,77,18,72,-0,54,-2,96,334530,6,32436,16,0,00,6836,2
56,218,1125,48,0,93,-170,79,18,72,-0,54,-2,96,334455,6,32435,61,0,00,6835,6
56,223,1125,58,0,93,-170,80,18,72,-0,54,-2,96,334380,9,32435,06,0,00,6835,1
56,228,1125,67,0,93,-170,82,18,72,-0,53,-2,96,334306,2,32434,52,0,00,6834,5
56,233,1125,76,0,92,-170,83,18,72,-0,53,-2,96,334231,7,32433,97,0,00,6834,0
56,238,1125,86,0,92,-170,84,18,72,-0,53,-2,96,334157,6,32433,42,0,00,6833,4
56,243,1125,95,0,92,-170,86,18,72,-0,53,-2,96,334083,5,32432,87,0,00,6832,9
56,248,1126,04,0,92,-170,87,18,72,-0,52,-2,96,334009,8,32432,32,0,00,6832,3
56,253,1126,14,0,91,-170,89,18,72,-0,52,-2,96,333936,0,32431,78,0,00,6831,8
56,258,1126,23,0,91,-170,90,18,72,-0,52,-2,96,333862,8,32431,23,0,00,6831,2
56,263,1126,32,0,91,-170,92,18,72,-0,52,-2,96,333789,3,32430,68,0,00,6830,7
56,268,1126,42,0,91,-170,93,18,72,-0,51,-2,96,333716,2,32430,13,0,00,6830,1
56,273,1126,51,0,90,-170,95,18,72,-0,51,-2,96,333643,4,32429,59,0,00,6829,6
56,278,1126,61,0,90,-170,96,18,72,-0,51,-2,96,333570,8,32429,04,0,00,6829,0
56,283,1126,70,0,90,-170,98,18,72,-0,51,-2,96,333498,2,32428,49,0,00,6828,5
56,288,1126,79,0,90,-170,99,18,72,-0,50,-2,96,333426,0,32427,95,0,00,6827,9
56,293,1126,89,0,89,-171,01,18,72,-0,50,-2,96,333353,7,32427,40,0,00,6827,4
56,298,1126,98,0,89,-171,02,18,72,-0,50,-2,96,333281,9,32426,86,0,00,6826,9
56,303,1127,07,0,89,-171,04,18,72,-0,50,-2,96,333210,1,32426,31,0,00,6826,3
56,308,1127,17,0,89,-171,05,18,72,-0,50,-2,96,333138,5,32425,76,0,00,6825,8
56,313,1127,26,0,88,-171,07,18,72,-0,49,-2,96,333066,9,32425,22,0,00,6825,2
56,318,1127,35,0,88,-171,08,18,72,-0,49,-2,96,332996,0,32424,67,0,00,6824,7
56,323,1127,45,0,88,-171,10,18,72,-0,49,-2,96,332925,0,32424,13,0,00,6824,1
56,328,1127,54,0,88,-171,11,18,72,-0,49,-2,96,332853,8,32423,58,0,00,6823,6
56,333,1127,64,0,87,-171,13,18,72,-0,48,-2,96,332783,4,32423,03,0,00,6823,0
56,338,1127,73,0,87,-171,14,18,72,-0,48,-2,96,332712,8,32422,49,0,00,6822,5
56,343,1127,82,0,87,-171,16,18,72,-0,48,-2,96,332643,0,32421,94,0,00,6821,9
56,348,1127,92,0,87,-171,17,18,72,-0,48,-2,96,332572,5,32421,40,0,00,6821,4
56,353,1128,01,0,86,-171,19,18,72,-0,47,-2,96,332502,3,32420,85,0,00,6820,9
56,358,1128,10,0,86,-171,20,18,72,-0,47,-2,96,332433,3,32420,31,0,00,6820,3
56,363,1128,20,0,86,-171,21,18,72,-0,47,-2,96,332363,3,32419,76,0,00,6819,8
56,368,1128,29,0,86,-171,23,18,72,-0,47,-2,96,332293,9,32419,22,0,00,6819,2
56,373,1128,38,0,86,-171,24,18,72,-0,47,-2,96,332224,9,32418,67,0,00,6818,7
56,378,1128,48,0,85,-171,26,18,72,-0,46,-2,96,332155,7,32418,13,0,00,6818,1
56,383,1128,57,0,85,-171,27,18,72,-0,46,-2,96,332086,8,32417,58,0,00,6817,6
56,388,1128,66,0,85,-171,29,18,72,-0,46,-2,96,332018,5,32417,04,0,00,6817,0
56,393,1128,76,0,85,-171,30,18,72,-0,46,-2,96,331949,7,32416,50,0,00,6816,5
56,398,1128,85,0,84,-171,32,18,72,-0,45,-2,96,331881,7,32415,95,0,00,6816,0
56,403,1128,95,0,84,-171,33,18,72,-0,45,-2,96,331813,0,32415,41,0,00,6815,4
56,408,1129,04,0,84,-171,35,18,72,-0,45,-2,96,331745,8,32414,86,0,00,6814,9
56,413,1129,13,0,84,-171,36,18,72,-0,45,-2,96,331677,3,32414,32,0,00,6814,3
56,418,1129,23,0,83,-171,38,18,72,-0,45,-2,96,331610,3,32413,78,0,00,6813,8
56,423,1129,32,0,83,-171,39,18,72,-0,44,-2,96,331542,3,32413,23,0,00,6813,2
56,428,1129,41,0,83,-171,41,18,72,-0,44,-2,96,331475,8,32412,69,0,00,6812,7
56,433,1129,51,0,83,-171,42,18,72,-0,44,-2,96,331407,9,32412,15,0,00,6812,1
56,438,1129,60,0,83,-171,44,18,72,-0,44,-2,96,331342,0,32411,60,0,00,6811,6
56,443,1129,69,0,82,-171,45,18,72,-0,44,-2,96,331274,2,32411,06,0,00,6811,1
56,448,1129,79,0,82,-171,47,18,72,-0,43,-2,96,331208,4,32410,52,0,00,6810,5
56,453,1129,88,0,82,-171,48,18,72,-0,43,-2,96,331142,0,32409,97,0,00,6810,0
56,458,1129,98,0,82,-171,50,18,72,-0,43,-2,96,331075,5,32409,43,0,00,6809,4
56,463,1130,07,0,82,-171,51,18,72,-0,43,-2,96,331009,6,32408,89,0,00,6808,9
56,468,1130,16,0,81,-171,53,18,72,-0,43,-2,96,330944,0,32408,35,0,00,6808,3
56,473,1130,26,0,81,-171,54,18,72,-0,42,-2,96,330877,8,32407,80,0,00,6807,8
56,478,1130,35,0,81,-171,55,18,72,-0,42,-2,96,330812,8,32407,26,0,00,6807,3
56,483,1130,44,0,81,-171,57,18,72,-0,42,-2,96,330747,1,32406,72,0,00,6806,7
56,488,1130,54,0,80,-171,58,18,72,-0,42,-2,96,330682,1,32406,18,0,00,6806,2
56,493,1130,63,0,80,-171,60,18,72,-0,42,-2,96,330617,0,32405,63,0,00,6805,6
56,498,1130,72,0,80,-171,61,18,72,-0,41,-2,96,330552,6,32405,09,0,00,6805,1
56,503,1130,82,0,80,-171,63,18,72,-0,41,-2,96,330487,5,32404,55,0,00,6804,6
56,508,1130,91,0,80,-171,64,18,72,-0,41,-2,96,330422,7,32404,01,0,00,6804,0
56,513,1131,01,0,79,-171,66,18,72,-0,41,-2,96,330359,1,32403,47,0,00,6803,5
56,518,1131,10,0,79,-171,67,18,72,-0,41,-2,96,330294,4,32402,93,0,00,6802,9
56,523,1131,19,0,79,-171,69,18,72,-0,40,-2,96,330230,8,32402,38,0,00,6802,4
56,528,1131,29,0,79,-171,70,18,72,-0,40,-2,96,330166,7,32401,84,0,00,6801,8
56,533,1131,38,0,79,-171,72,18,72,-0,40,-2,96,330103,2,32401,30,0,00,6801,3
56,538,1131,47,0,78,-171,73,18,72,-0,40,-2,96,330039,5,32400,76,0,00,6800,8
56,543,1131,57,0,78,-171,75,18,72,-0,40,-2,96,329976,6,32400,22,0,00,6800,2
56,548,1131,66,0,78,-171,76,18,72,-0,39,-2,96,329913,0,32399,68,0,00,6799,7
56,553,1131,75,0,78,-171,78,18,71,-0,39,-2,96,329850,1,32399,14,0,00,6799,1
56,558,1131,85,0,78,-171,79,18,71,-0,39,-2,96,329787,5,32398,60,0,00,6798,6
56,563,1131,94,0,77,-171,81,18,71,-0,39,-2,96,329724,7,32398,06,0,00,6798,1
56,568,1132,04,0,77,-171,82,18,71,-0,39,-2,96,329662,1,32397,52,0,00,6797,5
56,573,1132,13,0,77,-171,84,18,71,-0,39,-2,96,329600,3,32396,98,0,00,6797,0
56,578,1132,22,0,77,-171,85,18,71,-0,38,-2,96,329537,3,32396,44,0,00,6796,4
56,583,1132,32,0,77,-171,87,18,71,-0,38,-2,96,329476,0,32395,90,0,00,6795,9
56,588,1132,41,0,76,-171,88,18,71,-0,38,-2,96,329413,6,32395,36,0,00,6795,4
56,593,1132,50,0,76,-171,89,18,71,-0,38,-2,96,329352,3,32394,82,0,00,6794,8
56,598,1132,60,0,76,-171,91,18,71,-0,38,-2,96,329290,3,32394,28,0,00,6794,3
56,603,1132,69,0,76,-171,92,18,71,-0,37,-2,96,329229,6,32393,74,0,00,6793,7
56,608,1132,78,0,76,-171,94,18,71,-0,37,-2,96,329167,8,32393,20,0,00,6793,2
56,613,1132,88,0,76,-171,95,18,71,-0,37,-2,96,329107,0,32392,66,0,00,6792,7
56,618,1132,97,0,75,-171,97,18,71,-0,37,-2,96,329046,1,32392,12,0,00,6792,1
56,623,1133,07,0,75,-171,98,18,71,-0,37,-2,96,328985,4,32391,58,0,00,6791,6
56,628,1133,16,0,75,-172,00,18,71,-0,37,-2,96,328924,6,32391,04,0,00,6791,0
56,633,1133,25,0,75,-172,01,18,71,-0,36,-2,96,328864,8,32390,50,0,00,6790,5
56,638,1133,35,0,75,-172,03,18,71,-0,36,-2,96,328803,6,32389,96,0,00,6790,0
56,643,1133,44,0,74,-172,04,18,71,-0,36,-2,96,328744,3,32389,42,0,00,6789,4
56,648,1133,53,0,74,-172,06,18,71,-0,36,-2,96,328684,1,32388,88,0,00,6788,9
56,653,1133,63,0,74,-172,07,18,71,-0,36,-2,96,328624,4,32388,35,0,00,6788,3
56,658,1133,72,0,74,-172,09,18,71,-0,36,-2,96,328564,6,32387,81,0,00,6787,8
56,663,1133,81,0,74,-172,10,18,71,-0,35,-2,96,328505,1,32387,27,0,00,6787,3
56,668,1133,91,0,74,-172,12,18,71,-0,35,-2,96,328446,2,32386,73,0,00,6786,7
56,673,1134,00,0,73,-172,13,18,71,-0,35,-2,96,328386,6,32386,19,0,00,6786,2
56,678,1134,09,0,73,-172,15,18,71,-0,35,-2,96,328327,8,32385,65,0,00,6785,7
56,683,1134,19,0,73,-172,16,18,71,-0,35,-2,96,328268,8,32385,12,0,00,6785,1
56,688,1134,28,0,73,-172,18,18,71,-0,35,-2,96,328210,4,32384,58,0,00,6784,6
56,693,1134,38,0,73,-172,19,18,71,-0,34,-2,96,328151,4,32384,04,0,00,6784,0
56,698,1134,47,0,73,-172,21,18,71,-0,34,-2,96,328093,5,32383,50,0,00,6783,5
56,703,1134,56,0,72,-172,22,18,71,-0,34,-2,96,328034,9,32382,96,0,00,6783,0
56,708,1134,66,0,72,-172,23,18,71,-0,34,-2,96,327977,1,32382,43,0,00,6782,4
56,713,1134,75,0,72,-172,25,18,71,-0,34,-2,96,327919,1,32381,89,0,00,6781,9
56,718,1134,84,0,72,-172,26,18,71,-0,34,-2,96,327861,3,32381,35,0,00,6781,4
56,723,1134,94,0,72,-172,28,18,71,-0,33,-2,96,327803,7,32380,81,0,00,6780,8
56,728,1135,03,0,71,-172,29,18,71,-0,33,-2,96,327745,9,32380,28,0,00,6780,3
56,733,1135,12,0,71,-172,31,18,71,-0,33,-2,96,327689,2,32379,74,0,00,6779,7
56,738,1135,22,0,71,-172,32,18,71,-0,33,-2,96,327631,5,32379,20,0,00,6779,2
56,743,1135,31,0,71,-172,34,18,71,-0,33,-2,96,327574,8,32378,66,0,00,6778,7
56,748,1135,40,0,71,-172,35,18,71,-0,33,-2,96,327517,6,32378,13,0,00,6778,1
56,753,1135,50,0,71,-172,37,18,71,-0,32,-2,96,327461,0,32377,59,0,00,6777,6
56,758,1135,59,0,71,-172,38,18,71,-0,32,-2,96,327404,6,32377,05,0,00,6777,1
56,763,1135,68,0,70,-172,40,18,71,-0,32,-2,96,327348,0,32376,52,0,00,6776,5
56,768,1135,78,0,70,-172,41,18,71,-0,32,-2,96,327292,1,32375,98,0,00,6776,0
56,773,1135,87,0,70,-172,43,18,71,-0,32,-2,96,327235,1,32375,44,0,00,6775,4
56,778,1135,96,0,70,-172,44,18,71,-0,32,-2,96,327180,1,32374,91,0,00,6774,9
56,783,1136,06,0,70,-172,46,18,71,-0,32,-2,96,327123,5,32374,37,0,00,6774,4
56,788,1136,15,0,70,-172,47,18,71,-0,31,-2,96,327068,1,32373,84,0,00,6773,8
56,793,1136,25,0,69,-172,49,18,71,-0,31,-2,96,327012,9,32373,30,0,00,6773,3
56,798,1136,34,0,69,-172,50,18,71,-0,31,-2,96,326957,1,32372,76,0,00,6772,8
56,803,1136,43,0,69,-172,52,18,71,-0,31,-2,96,326901,8,32372,23,0,00,6772,2
56,808,1136,53,0,69,-172,53,18,71,-0,31,-2,96,326846,9,32371,69,0,00,6771,7
56,813,1136,62,0,69,-172,55,18,71,-0,31,-2,96,326791,8,32371,16,0,00,6771,2
56,818,1136,71,0,69,-172,56,18,71,-0,31,-2,96,326737,2,32370,62,0,00,6770,6
56,823,1136,81,0,68,-172,57,18,71,-0,30,-2,96,326682,1,32370,08,0,00,6770,1
56,828,1136,90,0,68,-172,59,18,71,-0,30,-2,96,326628,0,32369,55,0,00,6769,5
56,833,1136,99,0,68,-172,60,18,71,-0,30,-2,96,326573,7,32369,01,0,00,6769,0
56,838,1137,09,0,68,-172,62,18,71,-0,30,-2,96,326518,8,32368,48,0,00,6768,5
56,843,1137,18,0,68,-172,63,18,71,-0,30,-2,96,326465,4,32367,94,0,00,6767,9
56,848,1137,27,0,68,-172,65,18,71,-0,30,-2,96,326410,9,32367,41,0,00,6767,4
56,853,1137,37,0,68,-172,66,18,71,-0,30,-2,96,326357,1,32366,87,0,00,6766,9
56,858,1137,46,0,67,-172,68,18,71,-0,29,-2,96,326303,9,32366,34,0,00,6766,3
56,863,1137,55,0,67,-172,69,18,71,-0,29,-2,96,326250,1,32365,80,0,00,6765,8
56,868,1137,65,0,67,-172,71,18,71,-0,29,-2,96,326196,5,32365,27,0,00,6765,3
56,873,1137,74,0,67,-172,72,18,71,-0,29,-2,96,326143,6,32364,73,0,00,6764,7
56,878,1137,83,0,67,-172,74,18,71,-0,29,-2,96,326090,4,32364,20,0,00,6764,2
56,883,1137,93,0,67,-172,75,18,71,-0,29,-2,96,326037,5,32363,66,0,00,6763,7
56,888,1138,02,0,67,-172,77,18,71,-0,29,-2,96,325984,3,32363,13,0,00,6763,1
56,893,1138,12,0,66,-172,78,18,71,-0,28,-2,96,325932,2,32362,60,0,00,6762,6
56,898,1138,21,0,66,-172,80,18,71,-0,28,-2,96,325879,1,32362,06,0,00,6762,1
56,903,1138,30,0,66,-172,81,18,71,-0,28,-2,96,325827,0,32361,53,0,00,6761,5
56,908,1138,40,0,66,-172,83,18,71,-0,28,-2,96,325774,3,32360,99,0,00,6761,0
56,913,1138,49,0,66,-172,84,18,71,-0,28,-2,96,325723,0,32360,46,0,00,6760,5
56,918,1138,58,0,66,-172,86,18,71,-0,28,-2,96,325669,8,32359,93,0,00,6759,9
56,923,1138,68,0,66,-172,87,18,71,-0,28,-2,96,325619,1,32359,39,0,00,6759,4
56,928,1138,77,0,65,-172,89,18,71,-0,28,-2,96,325566,8,32358,86,0,00,6758,9
56,933,1138,86,0,65,-172,90,18,71,-0,27,-2,96,325515,1,32358,32,0,00,6758,3
56,938,1138,96,0,65,-172,91,18,71,-0,27,-2,96,325464,1,32357,79,0,00,6757,8
56,943,1139,05,0,65,-172,93,18,71,-0,27,-2,96,325412,4,32357,26,0,00,6757,3
56,948,1139,14,0,65,-172,94,18,71,-0,27,-2,96,325361,3,32356,72,0,00,6756,7
56,953,1139,24,0,65,-172,96,18,71,-0,27,-2,96,325310,1,32356,19,0,00,6756,2
56,958,1139,33,0,65,-172,97,18,71,-0,27,-2,96,325259,5,32355,66,0,00,6755,7
56,963,1139,42,0,64,-172,99,18,71,-0,27,-2,96,325208,6,32355,13,0,00,6755,1
56,968,1139,52,0,64,-173,00,18,71,-0,27,-2,96,325158,0,32354,59,0,00,6754,6
56,973,1139,61,0,64,-173,02,18,71,-0,26,-2,96,325107,6,32354,06,0,00,6754,1
56,978,1139,70,0,64,-173,03,18,71,-0,26,-2,96,325056,5,32353,53,0,00,6753,5
56,983,1139,80,0,64,-173,05,18,71,-0,26,-2,96,325007,3,32352,99,0,00,6753,0
56,988,1139,89,0,64,-173,06,18,71,-0,26,-2,96,324956,3,32352,46,0,00,6752,5
56,993,1139,99,0,64,-173,08,18,71,-0,26,-2,96,324906,7,32351,93,0,00,6751,9
56,998,1140,08,0,64,-173,09,18,71,-0,26,-2,96,324856,8,32351,39,0,00,6751,4
57,003,1140,17,0,63,-173,11,18,71,-0,26,-2,96,324807,2,32350,86,0,00,6750,9
57,008,1140,27,0,63,-173,12,18,71,-0,26,-2,96,324757,8,32350,33,0,00,6750,3
57,013,1140,36,0,63,-173,14,18,71,-0,26,-2,96,324707,7,32349,80,0,00,6749,8
57,018,1140,45,0,63,-173,15,18,71,-0,25,-2,96,324658,7,32349,27,0,00,6749,3
57,023,1140,55,0,63,-173,17,18,71,-0,25,-2,96,324609,9,32348,73,0,00,6748,7
57,028,1140,64,0,63,-173,18,18,71,-0,25,-2,96,324560,0,32348,20,0,00,6748,2
57,033,1140,73,0,63,-173,20,18,71,-0,25,-2,96,324511,6,32347,67,0,00,6747,7
57,038,1140,83,0,63,-173,21,18,71,-0,25,-2,96,324462,9,32347,14,0,00,6747,1
57,043,1140,92,0,62,-173,23,18,71,-0,25,-2,96,324413,7,32346,61,0,00,6746,6
57,048,1141,01,0,62,-173,24,18,71,-0,25,-2,96,324365,8,32346,07,0,00,6746,1
57,053,1141,11,0,62,-173,26,18,71,-0,25,-2,96,324316,5,32345,54,0,00,6745,5
57,058,1141,20,0,62,-173,27,18,71,-0,24,-2,96,324269,1,32345,01,0,00,6745,0
57,063,1141,29,0,62,-173,28,18,71,-0,24,-2,96,324220,6,32344,48,0,00,6744,5
57,068,1141,39,0,62,-173,30,18,71,-0,24,-2,96,324172,3,32343,95,0,00,6743,9
57,073,1141,48,0,62,-173,31,18,71,-0,24,-2,96,324125,0,32343,41,0,00,6743,4
57,078,1141,57,0,62,-173,33,18,71,-0,24,-2,96,324076,3,32342,88,0,00,6742,9
57,083,1141,67,0,61,-173,34,18,71,-0,24,-2,96,324029,8,32342,35,0,00,6742,4
57,088,1141,76,0,61,-173,36,18,71,-0,24,-2,96,323981,0,32341,82,0,00,6741,8
57,093,1141,86,0,61,-173,37,18,71,-0,24,-2,96,323934,6,32341,29,0,00,6741,3
57,098,1141,95,0,61,-173,39,18,71,-0,24,-2,96,323887,0,32340,76,0,00,6740,8
57,103,1142,04,0,61,-173,40,18,71,-0,24,-2,96,323839,7,32340,23,0,00,6740,2
57,108,1142,14,0,61,-173,42,18,71,-0,23,-2,96,323792,9,32339,70,0,00,6739,7
57,113,1142,23,0,61,-173,43,18,71,-0,23,-2,96,323745,9,32339,17,0,00,6739,2
57,118,1142,32,0,61,-173,45,18,71,-0,23,-2,96,323698,7,32338,64,0,00,6738,6
57,123,1142,42,0,61,-173,46,18,71,-0,23,-2,96,323653,0,32338,11,0,00,6738,1
57,128,1142,51,0,60,-173,48,18,71,-0,23,-2,96,323605,3,32337,57,0,00,6737,6
57,133,1142,60,0,60,-173,49,18,71,-0,23,-2,96,323559,9,32337,04,0,00,6737,0
57,138,1142,70,0,60,-173,51,18,71,-0,23,-2,96,323513,1,32336,51,0,00,6736,5
57,143,1142,79,0,60,-173,52,18,71,-0,23,-2,96,323467,2,32335,98,0,00,6736,0
57,148,1142,88,0,60,-173,54,18,71,-0,23,-2,96,323420,8,32335,45,0,00,6735,5
57,153,1142,98,0,60,-173,55,18,70,-0,23,-2,96,323375,3,32334,92,0,00,6734,9
57,158,1143,07,0,60,-173,57,18,70,-0,22,-2,96,323329,2,32334,39,0,00,6734,4
57,163,1143,16,0,60,-173,58,18,70,-0,22,-2,96,323283,7,32333,86,0,00,6733,9
57,168,1143,26,0,59,-173,60,18,70,-0,22,-2,96,323237,9,32333,33,0,00,6733,3
57,173,1143,35,0,59,-173,61,18,70,-0,22,-2,96,323192,8,32332,80,0,00,6732,8
57,178,1143,45,0,59,-173,62,18,70,-0,22,-2,96,323147,0,32332,27,0,00,6732,3
57,183,1143,54,0,59,-173,64,18,70,-0,22,-2,96,323102,7,32331,74,0,00,6731,7
57,188,1143,63,0,59,-173,65,18,70,-0,22,-2,96,323056,4,32331,21,0,00,6731,2
57,193,1143,73,0,59,-173,67,18,70,-0,22,-2,96,323012,4,32330,68,0,00,6730,7
57,198,1143,82,0,59,-173,68,18,70,-0,22,-2,96,322967,3,32330,16,0,00,6730,2
57,203,1143,91,0,59,-173,70,18,70,-0,22,-2,96,322922,1,32329,63,0,00,6729,6
57,208,1144,01,0,59,-173,71,18,70,-0,22,-2,96,322878,2,32329,10,0,00,6729,1
57,213,1144,10,0,59,-173,73,18,70,-0,21,-2,96,322833,3,32328,57,0,00,6728,6
57,218,1144,19,0,58,-173,74,18,70,-0,21,-2,96,322788,9,32328,04,0,00,6728,0
57,223,1144,29,0,58,-173,76,18,70,-0,21,-2,96,322745,3,32327,51,0,00,6727,5
57,228,1144,38,0,58,-173,77,18,70,-0,21,-2,96,322700,0,32326,98,0,00,6727,0
57,233,1144,47,0,58,-173,79,18,70,-0,21,-2,96,322657,1,32326,45,0,00,6726,5
57,238,1144,57,0,58,-173,80,18,70,-0,21,-2,96,322612,6,32325,92,0,00,6725,9
57,243,1144,66,0,58,-173,82,18,70,-0,21,-2,96,322569,2,32325,39,0,00,6725,4
57,248,1144,75,0,58,-173,83,18,70,-0,21,-2,96,322525,1,32324,87,0,00,6724,9
57,253,1144,85,0,58,-173,85,18,70,-0,21,-2,96,322482,1,32324,34,0,00,6724,3
57,258,1144,94,0,58,-173,86,18,70,-0,21,-2,96,322437,9,32323,81,0,00,6723,8
57,263,1145,03,0,57,-173,88,18,70,-0,21,-2,96,322395,2,32323,28,0,00,6723,3
57,268,1145,13,0,57,-173,89,18,70,-0,20,-2,96,322351,8,32322,75,0,00,6722,8
57,273,1145,22,0,57,-173,91,18,70,-0,20,-2,96,322309,1,32322,22,0,00,6722,2
57,278,1145,32,0,57,-173,92,18,70,-0,20,-2,96,322265,6,32321,69,0,00,6721,7
57,283,1145,41,0,57,-173,94,18,70,-0,20,-2,96,322222,8,32321,17,0,00,6721,2
57,288,1145,50,0,57,-173,95,18,70,-0,20,-2,96,322180,6,32320,64,0,00,6720,6
57,293,1145,60,0,57,-173,96,18,70,-0,20,-2,96,322137,2,32320,11,0,00,6720,1
57,298,1145,69,0,57,-173,98,18,70,-0,20,-2,96,322095,3,32319,58,0,00,6719,6
57,303,1145,78,0,57,-173,99,18,70,-0,20,-2,96,322052,8,32319,05,0,00,6719,1
57,308,1145,88,0,57,-174,01,18,70,-0,20,-2,96,322010,4,32318,53,0,00,6718,5
57,313,1145,97,0,56,-174,02,18,70,-0,20,-2,96,321968,2,32318,00,0,00,6718,0
57,318,1146,06,0,56,-174,04,18,70,-0,20,-2,96,321926,1,32317,47,0,00,6717,5
57,323,1146,16,0,56,-174,05,18,70,-0,20,-2,96,321884,3,32316,94,0,00,6716,9
57,328,1146,25,0,56,-174,07,18,70,-0,20,-2,96,321842,6,32316,41,0,00,6716,4
57,333,1146,34,0,56,-174,08,18,70,-0,19,-2,96,321800,6,32315,89,0,00,6715,9
57,338,1146,44,0,56,-174,10,18,70,-0,19,-2,96,321758,8,32315,36,0,00,6715,4
57,343,1146,53,0,56,-174,11,18,70,-0,19,-2,96,321718,1,32314,83,0,00,6714,8
57,348,1146,62,0,56,-174,13,18,70,-0,19,-2,96,321675,8,32314,30,0,00,6714,3
57,353,1146,72,0,56,-174,14,18,70,-0,19,-2,96,321634,9,32313,78,0,00,6713,8
57,358,1146,81,0,56,-174,16,18,70,-0,19,-2,96,321593,8,32313,25,0,00,6713,3
57,363,1146,90,0,55,-174,17,18,70,-0,19,-2,96,321552,5,32312,72,0,00,6712,7
57,368,1147,00,0,55,-174,19,18,70,-0,19,-2,96,321511,7,32312,20,0,00,6712,2
57,373,1147,09,0,55,-174,20,18,70,-0,19,-2,96,321470,7,32311,67,0,00,6711,7
57,378,1147,19,0,55,-174,22,18,70,-0,19,-2,96,321430,3,32311,14,0,00,6711,1
57,383,1147,28,0,55,-174,23,18,70,-0,19,-2,96,321389,6,32310,62,0,00,6710,6
57,388,1147,37,0,55,-174,25,18,70,-0,19,-2,96,321348,7,32310,09,0,00,6710,1
57,393,1147,47,0,55,-174,26,18,70,-0,19,-2,96,321308,8,32309,56,0,00,6709,6
57,398,1147,56,0,55,-174,28,18,70,-0,19,-2,96,321268,2,32309,04,0,00,6709,0
57,403,1147,65,0,55,-174,29,18,70,-0,18,-2,96,321227,7,32308,51,0,00,6708,5
57,408,1147,75,0,55,-174,30,18,70,-0,18,-2,96,321188,3,32307,98,0,00,6708,0
57,413,1147,84,0,55,-174,32,18,70,-0,18,-2,96,321147,8,32307,46,0,00,6707,5
57,418,1147,93,0,54,-174,33,18,70,-0,18,-2,96,321108,3,32306,93,0,00,6706,9
57,423,1148,03,0,54,-174,35,18,70,-0,18,-2,96,321068,1,32306,40,0,00,6706,4
57,428,1148,12,0,54,-174,36,18,70,-0,18,-2,96,321028,9,32305,88,0,00,6705,9
57,433,1148,21,0,54,-174,38,18,70,-0,18,-2,96,320989,0,32305,35,0,00,6705,4
57,438,1148,31,0,54,-174,39,18,70,-0,18,-2,96,320949,7,32304,82,0,00,6704,8
57,443,1148,40,0,54,-174,41,18,70,-0,18,-2,96,320910,2,32304,30,0,00,6704,3
57,448,1148,49,0,54,-174,42,18,70,-0,18,-2,96,320871,2,32303,77,0,00,6703,8
57,453,1148,59,0,54,-174,44,18,70,-0,18,-2,96,320832,0,32303,25,0,00,6703,2
57,458,1148,68,0,54,-174,45,18,70,-0,18,-2,96,320792,9,32302,72,0,00,6702,7
57,463,1148,77,0,54,-174,47,18,70,-0,18,-2,96,320754,0,32302,19,0,00,6702,2
57,468,1148,87,0,54,-174,48,18,70,-0,18,-2,96,320714,8,32301,67,0,00,6701,7
57,473,1148,96,0,53,-174,50,18,70,-0,18,-2,96,320676,7,32301,14,0,00,6701,1
57,478,1149,06,0,53,-174,51,18,70,-0,17,-2,96,320637,8,32300,62,0,00,6700,6
57,483,1149,15,0,53,-174,53,18,70,-0,17,-2,96,320599,2,32300,09,0,00,6700,1
57,488,1149,24,0,53,-174,54,18,70,-0,17,-2,96,320561,1,32299,57,0,00,6699,6
57,493,1149,34,0,53,-174,56,18,70,-0,17,-2,96,320522,3,32299,04,0,00,6699,0
57,498,1149,43,0,53,-174,57,18,70,-0,17,-2,96,320484,5,32298,52,0,00,6698,5
57,503,1149,52,0,53,-174,59,18,70,-0,17,-2,96,320446,4,32297,99,0,00,6698,0
57,508,1149,62,0,53,-174,60,18,70,-0,17,-2,96,320408,1,32297,46,0,00,6697,5
57,513,1149,71,0,53,-174,62,18,70,-0,17,-2,96,320370,4,32296,94,0,00,6696,9
57,518,1149,80,0,53,-174,63,18,70,-0,17,-2,96,320332,8,32296,41,0,00,6696,4
57,523,1149,90,0,53,-174,64,18,70,-0,17,-2,96,320294,5,32295,89,0,00,6695,9
57,528,1149,99,0,53,-174,66,18,70,-0,17,-2,96,320257,7,32295,36,0,00,6695,4
57,533,1150,08,0,52,-174,67,18,70,-0,17,-2,96,320219,3,32294,84,0,00,6694,8
57,538,1150,18,0,52,-174,69,18,70,-0,17,-2,96,320182,8,32294,31,0,00,6694,3
57,543,1150,27,0,52,-174,70,18,70,-0,17,-2,96,320145,1,32293,79,0,00,6693,8
57,548,1150,36,0,52,-174,72,18,70,-0,17,-2,96,320107,6,32293,26,0,00,6693,3
57,553,1150,46,0,52,-174,73,18,70,-0,17,-2,96,320071,1,32292,74,0,00,6692,7
57,558,1150,55,0,52,-174,75,18,70,-0,17,-2,96,320033,5,32292,21,0,00,6692,2
57,563,1150,65,0,52,-174,76,18,70,-0,17,-2,96,319997,3,32291,69,0,00,6691,7
57,568,1150,74,0,52,-174,78,18,70,-0,16,-2,96,319959,6,32291,16,0,00,6691,2
57,573,1150,83,0,52,-174,79,18,70,-0,16,-2,96,319923,7,32290,64,0,00,6690,6
57,578,1150,93,0,52,-174,81,18,70,-0,16,-2,96,319886,7,32290,12,0,00,6690,1
57,583,1151,02,0,52,-174,82,18,70,-0,16,-2,96,319850,3,32289,59,0,00,6689,6
57,588,1151,11,0,52,-174,84,18,70,-0,16,-2,96,319814,0,32289,07,0,00,6689,1
57,593,1151,21,0,51,-174,85,18,70,-0,16,-2,96,319777,4,32288,54,0,00,6688,5
57,598,1151,30,0,51,-174,87,18,70,-0,16,-2,96,319741,4,32288,02,0,00,6688,0
57,603,1151,39,0,51,-174,88,18,70,-0,16,-2,96,319705,2,32287,49,0,00,6687,5
57,608,1151,49,0,51,-174,90,18,70,-0,16,-2,96,319669,5,32286,97,0,00,6687,0
57,613,1151,58,0,51,-174,91,18,70,-0,16,-2,96,319633,1,32286,45,0,00,6686,4
57,618,1151,67,0,51,-174,93,18,70,-0,16,-2,96,319597,8,32285,92,0,00,6685,9
57,623,1151,77,0,51,-174,94,18,70,-0,16,-2,96,319561,7,32285,40,0,00,6685,4
57,628,1151,86,0,51,-174,96,18,70,-0,16,-2,96,319526,2,32284,88,0,00,6684,9
57,633,1151,95,0,51,-174,97,18,70,-0,16,-2,96,319490,4,32284,35,0,00,6684,4
57,638,1152,05,0,51,-174,98,18,70,-0,16,-2,96,319455,2,32283,83,0,00,6683,8
57,643,1152,14,0,51,-175,00,18,70,-0,16,-2,96,319419,7,32283,30,0,00,6683,3
57,648,1152,23,0,51,-175,01,18,70,-0,16,-2,96,319384,8,32282,78,0,00,6682,8
57,653,1152,33,0,50,-175,03,18,70,-0,16,-2,96,319349,2,32282,26,0,00,6682,3
57,658,1152,42,0,50,-175,04,18,70,-0,16,-2,96,319314,5,32281,73,0,00,6681,7
57,663,1152,52,0,50,-175,06,18,70,-0,16,-2,96,319279,2,32281,21,0,00,6681,2
57,668,1152,61,0,50,-175,07,18,70,-0,16,-2,96,319244,9,32280,69,0,00,6680,7
57,673,1152,70,0,50,-175,09,18,70,-0,16,-2,96,319209,4,32280,16,0,00,6680,2
57,678,1152,80,0,50,-175,10,18,70,-0,15,-2,96,319175,3,32279,64,0,00,6679,6
57,683,1152,89,0,50,-175,12,18,70,-0,15,-2,96,319140,2,32279,12,0,00,6679,1
57,688,1152,98,0,50,-175,13,18,70,-0,15,-2,96,319106,0,32278,59,0,00,6678,6
57,693,1153,08,0,50,-175,15,18,70,-0,15,-2,96,319071,5,32278,07,0,00,6678,1
57,698,1153,17,0,50,-175,16,18,70,-0,15,-2,96,319037,2,32277,55,0,00,6677,5
57,703,1153,26,0,50,-175,18,18,70,-0,15,-2,96,319003,0,32277,02,0,00,6677,0
57,708,1153,36,0,50,-175,19,18,70,-0,15,-2,96,318969,0,32276,50,0,00,6676,5
57,713,1153,45,0,50,-175,21,18,70,-0,15,-2,96,318934,7,32275,98,0,00,6676,0
57,718,1153,54,0,49,-175,22,18,70,-0,15,-2,96,318900,9,32275,46,0,00,6675,5
57,723,1153,64,0,49,-175,24,18,70,-0,15,-2,96,318866,9,32274,93,0,00,6674,9
57,728,1153,73,0,49,-175,25,18,70,-0,15,-2,96,318833,4,32274,41,0,00,6674,4
57,733,1153,82,0,49,-175,27,18,70,-0,15,-2,96,318799,7,32273,89,0,00,6673,9
57,738,1153,92,0,49,-175,28,18,70,-0,15,-2,96,318766,0,32273,37,0,00,6673,4
57,743,1154,01,0,49,-175,30,18,70,-0,15,-2,96,318732,6,32272,84,0,00,6672,8
57,748,1154,10,0,49,-175,31,18,70,-0,15,-2,96,318698,8,32272,32,0,00,6672,3
57,753,1154,20,0,49,-175,33,18,70,-0,15,-2,96,318666,0,32271,80,0,00,6671,8
57,758,1154,29,0,49,-175,34,18,70,-0,15,-2,96,318632,5,32271,28,0,00,6671,3
57,763,1154,39,0,49,-175,35,18,69,-0,15,-2,96,318599,2,32270,75,0,00,6670,8
57,768,1154,48,0,49,-175,37,18,69,-0,15,-2,96,318566,8,32270,23,0,00,6670,2
57,773,1154,57,0,49,-175,38,18,69,-0,15,-2,96,318532,9,32269,71,0,00,6669,7
57,778,1154,67,0,49,-175,40,18,69,-0,15,-2,96,318500,8,32269,19,0,00,6669,2
57,783,1154,76,0,49,-175,41,18,69,-0,15,-2,96,318467,6,32268,66,0,00,6668,7
57,788,1154,85,0,48,-175,43,18,69,-0,15,-2,96,318435,4,32268,14,0,00,6668,1
57,793,1154,95,0,48,-175,44,18,69,-0,15,-2,96,318402,4,32267,62,0,00,6667,6
57,798,1155,04,0,48,-175,46,18,69,-0,15,-2,96,318369,6,32267,10,0,00,6667,1
57,803,1155,13,0,48,-175,47,18,69,-0,15,-2,96,318337,8,32266,58,0,00,6666,6
57,808,1155,23,0,48,-175,49,18,69,-0,15,-2,96,318305,2,32266,05,0,00,6666,1
57,813,1155,32,0,48,-175,50,18,69,-0,15,-2,96,318272,8,32265,53,0,00,6665,5
57,818,1155,41,0,48,-175,52,18,69,-0,15,-2,96,318241,0,32265,01,0,00,6665,0
57,823,1155,51,0,48,-175,53,18,69,-0,15,-2,96,318208,4,32264,49,0,00,6664,5
57,828,1155,60,0,48,-175,55,18,69,-0,14,-2,96,318177,3,32263,97,0,00,6664,0
57,833,1155,69,0,48,-175,56,18,69,-0,14,-2,96,318144,1,32263,45,0,00,6663,4
57,838,1155,79,0,48,-175,58,18,69,-0,14,-2,96,318113,6,32262,93,0,00,6662,9
57,843,1155,88,0,48,-175,59,18,69,-0,14,-2,96,318080,8,32262,40,0,00,6662,4
57,848,1155,97,0,48,-175,61,18,69,-0,14,-2,96,318049,7,32261,88,0,00,6661,9
57,853,1156,07,0,47,-175,62,18,69,-0,14,-2,96,318017,9,32261,36,0,00,6661,4
57,858,1156,16,0,47,-175,64,18,69,-0,14,-2,96,317986,7,32260,84,0,00,6660,8
57,863,1156,26,0,47,-175,65,18,69,-0,14,-2,96,317955,2,32260,32,0,00,6660,3
57,868,1156,35,0,47,-175,67,18,69,-0,14,-2,96,317923,4,32259,80,0,00,6659,8
57,873,1156,44,0,47,-175,68,18,69,-0,14,-2,96,317893,0,32259,28,0,00,6659,3
57,878,1156,54,0,47,-175,69,18,69,-0,14,-2,96,317861,5,32258,75,0,00,6658,8
57,883,1156,63,0,47,-175,71,18,69,-0,14,-2,96,317830,0,32258,23,0,00,6658,2
57,888,1156,72,0,47,-175,72,18,69,-0,14,-2,96,317799,6,32257,71,0,00,6657,7
57,893,1156,82,0,47,-175,74,18,69,-0,14,-2,96,317768,5,32257,19,0,00,6657,2
57,898,1156,91,0,47,-175,75,18,69,-0,14,-2,96,317737,9,32256,67,0,00,6656,7
57,903,1157,00,0,47,-175,77,18,69,-0,14,-2,96,317707,0,32256,15,0,00,6656,1
57,908,1157,10,0,47,-175,78,18,69,-0,14,-2,96,317676,2,32255,63,0,00,6655,6
57,913,1157,19,0,47,-175,80,18,69,-0,14,-2,96,317646,0,32255,11,0,00,6655,1
57,918,1157,28,0,47,-175,81,18,69,-0,14,-2,96,317615,1,32254,59,0,00,6654,6
57,923,1157,38,0,47,-175,83,18,69,-0,14,-2,96,317585,1,32254,07,0,00,6654,1
57,928,1157,47,0,46,-175,84,18,69,-0,14,-2,96,317554,8,32253,55,0,00,6653,5
57,933,1157,56,0,46,-175,86,18,69,-0,14,-2,96,317523,9,32253,03,0,00,6653,0
57,938,1157,66,0,46,-175,87,18,69,-0,14,-2,96,317494,7,32252,50,0,00,6652,5
57,943,1157,75,0,46,-175,89,18,69,-0,14,-2,96,317464,0,32251,98,0,00,6652,0
57,948,1157,84,0,46,-175,90,18,69,-0,14,-2,96,317434,2,32251,46,0,00,6651,5
57,953,1157,94,0,46,-175,92,18,69,-0,14,-2,96,317404,2,32250,94,0,00,6650,9
57,958,1158,03,0,46,-175,93,18,69,-0,14,-2,96,317374,3,32250,42,0,00,6650,4
57,963,1158,13,0,46,-175,95,18,69,-0,14,-2,96,317344,9,32249,90,0,00,6649,9
57,968,1158,22,0,46,-175,96,18,69,-0,14,-2,96,317315,2,32249,38,0,00,6649,4
57,973,1158,31,0,46,-175,98,18,69,-0,14,-2,96,317285,2,32248,86,0,00,6648,9
57,978,1158,41,0,46,-175,99,18,69,-0,14,-2,96,317256,2,32248,34,0,00,6648,3
57,983,1158,50,0,46,-176,01,18,69,-0,14,-2,96,317226,5,32247,82,0,00,6647,8
57,988,1158,59,0,46,-176,02,18,69,-0,14,-2,96,317196,9,32247,30,0,00,6647,3
57,993,1158,69,0,46,-176,03,18,69,-0,14,-2,96,317168,3,32246,78,0,00,6646,8
57,998,1158,78,0,45,-176,05,18,69,-0,14,-2,96,317138,5,32246,26,0,00,6646,3
58,003,1158,87,0,45,-176,06,18,69,-0,14,-2,96,317110,1,32245,74,0,00,6645,7
58,008,1158,97,0,45,-176,08,18,69,-0,14,-2,96,317080,1,32245,22,0,00,6645,2
58,013,1159,06,0,45,-176,09,18,69,-0,14,-2,96,317051,9,32244,70,0,00,6644,7
58,018,1159,15,0,45,-176,11,18,69,-0,14,-2,96,317022,7,32244,18,0,00,6644,2
58,023,1159,25,0,45,-176,12,18,69,-0,14,-2,96,316994,3,32243,66,0,00,6643,7
58,028,1159,34,0,45,-176,14,18,69,-0,14,-2,96,316964,8,32243,14,0,00,6643,1
58,033,1159,43,0,45,-176,15,18,69,-0,14,-2,96,316937,2,32242,63,0,00,6642,6
58,038,1159,53,0,45,-176,17,18,69,-0,14,-2,96,316907,5,32242,11,0,00,6642,1
58,043,1159,62,0,45,-176,18,18,69,-0,14,-2,96,316880,1,32241,59,0,00,6641,6
58,048,1159,72,0,45,-176,20,18,69,-0,14,-2,96,316851,1,32241,07,0,00,6641,1
58,053,1159,81,0,45,-176,21,18,69,-0,14,-2,96,316823,0,32240,55,0,00,6640,5
58,058,1159,90,0,45,-176,23,18,69,-0,14,-2,96,316794,3,32240,03,0,00,6640,0
58,063,1160,00,0,45,-176,24,18,69,-0,14,-2,96,316766,9,32239,51,0,00,6639,5
58,068,1160,09,0,45,-176,26,18,69,-0,14,-2,96,316737,9,32238,99,0,00,6639,0
58,073,1160,18,0,44,-176,27,18,69,-0,14,-2,96,316710,8,32238,47,0,00,6638,5
58,078,1160,28,0,44,-176,29,18,69,-0,14,-2,96,316682,1,32237,95,0,00,6638,0
58,083,1160,37,0,44,-176,30,18,69,-0,14,-2,96,316654,7,32237,43,0,00,6637,4
58,088,1160,46,0,44,-176,32,18,69,-0,14,-2,96,316626,7,32236,91,0,00,6636,9
58,093,1160,56,0,44,-176,33,18,69,-0,14,-2,96,316599,2,32236,39,0,00,6636,4
58,098,1160,65,0,44,-176,35,18,69,-0,14,-2,96,316571,3,32235,88,0,00,6635,9
58,103,1160,74,0,44,-176,36,18,69,-0,14,-2,96,316543,6,32235,36,0,00,6635,4
58,108,1160,84,0,44,-176,37,18,69,-0,14,-2,96,316516,4,32234,84,0,00,6634,8
58,113,1160,93,0,44,-176,39,18,69,-0,14,-2,96,316488,5,32234,32,0,00,6634,3
58,118,1161,02,0,44,-176,40,18,69,-0,14,-2,96,316462,0,32233,80,0,00,6633,8
58,123,1161,12,0,44,-176,42,18,69,-0,14,-2,96,316433,9,32233,28,0,00,6633,3
58,128,1161,21,0,44,-176,43,18,69,-0,14,-2,96,316407,2,32232,76,0,00,6632,8
58,133,1161,30,0,44,-176,45,18,69,-0,14,-2,96,316380,2,32232,24,0,00,6632,2
58,138,1161,40,0,44,-176,46,18,69,-0,14,-2,96,316352,4,32231,72,0,00,6631,7
58,143,1161,49,0,43,-176,48,18,69,-0,14,-2,96,316326,4,32231,21,0,00,6631,2
58,148,1161,58,0,43,-176,49,18,69,-0,14,-2,96,316298,5,32230,69,0,00,6630,7
58,153,1161,68,0,43,-176,51,18,69,-0,14,-2,96,316272,8,32230,17,0,00,6630,2
58,158,1161,77,0,43,-176,52,18,69,-0,14,-2,96,316245,0,32229,65,0,00,6629,6
58,163,1161,86,0,43,-176,54,18,69,-0,14,-2,96,316218,7,32229,13,0,00,6629,1
58,168,1161,96,0,43,-176,55,18,69,-0,14,-2,96,316192,0,32228,61,0,00,6628,6
58,173,1162,05,0,43,-176,57,18,69,-0,14,-2,96,316165,9,32228,09,0,00,6628,1
58,178,1162,15,0,43,-176,58,18,69,-0,14,-2,96,316138,6,32227,58,0,00,6627,6
58,183,1162,24,0,43,-176,60,18,69,-0,14,-2,96,316113,2,32227,06,0,00,6627,1
58,188,1162,33,0,43,-176,61,18,69,-0,14,-2,96,316086,1,32226,54,0,00,6626,5
58,193,1162,43,0,43,-176,63,18,69,-0,14,-2,96,316060,4,32226,02,0,00,6626,0
58,198,1162,52,0,43,-176,64,18,69,-0,14,-2,96,316033,5,32225,50,0,00,6625,5
58,203,1162,61,0,43,-176,66,18,69,-0,14,-2,96,316008,1,32224,98,0,00,6625,0
58,208,1162,71,0,43,-176,67,18,69,-0,14,-2,96,315981,9,32224,47,0,00,6624,5
58,213,1162,80,0,43,-176,69,18,69,-0,14,-2,96,315955,8,32223,95,0,00,6623,9
58,218,1162,89,0,42,-176,70,18,69,-0,14,-2,96,315929,8,32223,43,0,00,6623,4
58,223,1162,99,0,42,-176,71,18,69,-0,14,-2,96,315904,0,32222,91,0,00,6622,9
58,228,1163,08,0,42,-176,73,18,69,-0,14,-2,96,315878,6,32222,39,0,00,6622,4
58,233,1163,17,0,42,-176,74,18,69,-0,14,-2,96,315852,5,32221,88,0,00,6621,9
58,238,1163,27,0,42,-176,76,18,69,-0,14,-2,96,315827,0,32221,36,0,00,6621,4
58,243,1163,36,0,42,-176,77,18,69,-0,14,-2,96,315801,5,32220,84,0,00,6620,8
58,248,1163,45,0,42,-176,79,18,69,-0,14,-2,96,315775,8,32220,32,0,00,6620,3
58,253,1163,55,0,42,-176,80,18,69,-0,14,-2,96,315750,6,32219,81,0,00,6619,8
58,258,1163,64,0,42,-176,82,18,69,-0,14,-2,96,315725,5,32219,29,0,00,6619,3
58,263,1163,73,0,42,-176,83,18,69,-0,14,-2,96,315700,0,32218,77,0,00,6618,8
58,268,1163,83,0,42,-176,85,18,69,-0,14,-2,96,315674,7,32218,25,0,00,6618,3
58,273,1163,92,0,42,-176,86,18,69,-0,14,-2,96,315649,5,32217,74,0,00,6617,7
58,278,1164,01,0,42,-176,88,18,69,-0,14,-2,96,315624,8,32217,22,0,00,6617,2
58,283,1164,11,0,42,-176,89,18,69,-0,14,-2,96,315599,3,32216,70,0,00,6616,7
58,288,1164,20,0,42,-176,91,18,69,-0,14,-2,96,315574,8,32216,18,0,00,6616,2
58,293,1164,29,0,41,-176,92,18,69,-0,14,-2,96,315549,6,32215,67,0,00,6615,7
58,298,1164,39,0,41,-176,94,18,69,-0,14,-2,96,315524,9,32215,15,0,00,6615,2
58,303,1164,48,0,41,-176,95,18,69,-0,14,-2,96,315500,3,32214,63,0,00,6614,6
58,308,1164,57,0,41,-176,97,18,69,-0,14,-2,96,315475,4,32214,12,0,00,6614,1
58,313,1164,67,0,41,-176,98,18,69,-0,14,-2,96,315451,0,32213,60,0,00,6613,6
58,318,1164,76,0,41,-177,00,18,69,-0,14,-2,96,315426,3,32213,08,0,00,6613,1
58,323,1164,85,0,41,-177,01,18,69,-0,14,-2,96,315402,2,32212,56,0,00,6612,6
58,328,1164,95,0,41,-177,03,18,69,-0,14,-2,96,315377,7,32212,05,0,00,6612,0
58,333,1165,04,0,41,-177,04,18,69,-0,14,-2,96,315353,3,32211,53,0,00,6611,5
58,338,1165,13,0,41,-177,05,18,69,-0,14,-2,96,315329,0,32211,01,0,00,6611,0
58,343,1165,23,0,41,-177,07,18,69,-0,14,-2,96,315304,8,32210,50,0,00,6610,5
58,348,1165,32,0,41,-177,08,18,69,-0,14,-2,96,315280,7,32209,98,0,00,6610,0
58,353,1165,41,0,41,-177,10,18,69,-0,14,-2,96,315256,7,32209,46,0,00,6609,5
58,358,1165,51,0,41,-177,11,18,69,-0,14,-2,96,315232,8,32208,95,0,00,6608,9
58,363,1165,60,0,41,-177,13,18,69,-0,14,-2,96,315208,6,32208,43,0,00,6608,4
58,368,1165,69,0,40,-177,14,18,69,-0,14,-2,96,315184,9,32207,91,0,00,6607,9
58,373,1165,79,0,40,-177,16,18,68,-0,14,-2,96,315160,9,32207,40,0,00,6607,4
58,378,1165,88,0,40,-177,17,18,68,-0,14,-2,96,315137,4,32206,88,0,00,6606,9
58,383,1165,97,0,40,-177,19,18,68,-0,14,-2,96,315113,6,32206,36,0,00,6606,4
58,388,1166,07,0,40,-177,20,18,68,-0,14,-2,96,315089,9,32205,85,0,00,6605,8
58,393,1166,16,0,40,-177,22,18,68,-0,14,-2,96,315066,7,32205,33,0,00,6605,3
58,398,1166,25,0,40,-177,23,18,68,-0,14,-2,96,315042,8,32204,81,0,00,6604,8
58,403,1166,35,0,40,-177,25,18,68,-0,14,-2,96,315019,8,32204,30,0,00,6604,3
58,408,1166,44,0,40,-177,26,18,68,-0,14,-2,96,314996,0,32203,78,0,00,6603,8
58,413,1166,53,0,40,-177,28,18,68,-0,14,-2,96,314973,3,32203,26,0,00,6603,3
58,418,1166,63,0,40,-177,29,18,68,-0,14,-2,96,314949,3,32202,75,0,00,6602,7
58,423,1166,72,0,40,-177,31,18,68,-0,14,-2,96,314926,7,32202,23,0,00,6602,2
58,428,1166,81,0,40,-177,32,18,68,-0,14,-2,96,314903,3,32201,71,0,00,6601,7
58,433,1166,91,0,40,-177,34,18,68,-0,14,-2,96,314880,5,32201,20,0,00,6601,2
58,438,1167,00,0,39,-177,35,18,68,-0,14,-2,96,314857,4,32200,68,0,00,6600,7
58,443,1167,09,0,39,-177,37,18,68,-0,14,-2,96,314834,8,32200,17,0,00,6600,2
58,448,1167,19,0,39,-177,38,18,68,-0,14,-2,96,314811,3,32199,65,0,00,6599,7
58,453,1167,28,0,39,-177,40,18,68,-0,14,-2,96,314789,3,32199,13,0,00,6599,1
58,458,1167,37,0,39,-177,41,18,68,-0,14,-2,96,314765,7,32198,62,0,00,6598,6
58,463,1167,47,0,39,-177,42,18,68,-0,14,-2,96,314743,9,32198,10,0,00,6598,1
58,468,1167,56,0,39,-177,44,18,68,-0,14,-2,96,314720,5,32197,59,0,00,6597,6
58,473,1167,65,0,39,-177,45,18,68,-0,14,-2,96,314698,8,32197,07,0,00,6597,1
58,478,1167,75,0,39,-177,47,18,68,-0,14,-2,96,314675,6,32196,55,0,00,6596,6
58,483,1167,84,0,39,-177,48,18,68,-0,14,-2,96,314653,8,32196,04,0,00,6596,0
58,488,1167,93,0,39,-177,50,18,68,-0,14,-2,96,314630,7,32195,52,0,00,6595,5
58,493,1168,03,0,39,-177,51,18,68,-0,14,-2,96,314609,0,32195,01,0,00,6595,0
58,498,1168,12,0,39,-177,53,18,68,-0,14,-2,96,314586,6,32194,49,0,00,6594,5
58,503,1168,21,0,39,-177,54,18,68,-0,14,-2,96,314564,3,32193,98,0,00,6594,0
58,508,1168,31,0,38,-177,56,18,68,-0,14,-2,96,314542,5,32193,46,0,00,6593,5
58,513,1168,40,0,38,-177,57,18,68,-0,14,-2,96,314520,3,32192,95,0,00,6592,9
58,518,1168,50,0,38,-177,59,18,68,-0,14,-2,96,314498,3,32192,43,0,00,6592,4
58,523,1168,59,0,38,-177,60,18,68,-0,14,-2,96,314476,3,32191,91,0,00,6591,9
58,528,1168,68,0,38,-177,62,18,68,-0,14,-2,96,314454,4,32191,40,0,00,6591,4
58,533,1168,78,0,38,-177,63,18,68,-0,14,-2,96,314432,6,32190,88,0,00,6590,9
58,538,1168,87,0,38,-177,65,18,68,-0,14,-2,96,314410,9,32190,37,0,00,6590,4
58,543,1168,96,0,38,-177,66,18,68,-0,14,-2,96,314389,3,32189,85,0,00,6589,9
58,548,1169,06,0,38,-177,68,18,68,-0,14,-2,96,314367,4,32189,34,0,00,6589,3
58,553,1169,15,0,38,-177,69,18,68,-0,14,-2,96,314346,0,32188,82,0,00,6588,8
58,558,1169,24,0,38,-177,71,18,68,-0,14,-2,96,314324,7,32188,30,0,00,6588,3
58,563,1169,34,0,38,-177,72,18,68,-0,14,-2,96,314302,6,32187,79,0,00,6587,8
58,568,1169,43,0,38,-177,74,18,68,-0,14,-2,96,314281,9,32187,28,0,00,6587,3
58,573,1169,52,0,38,-177,75,18,68,-0,14,-2,96,314260,0,32186,76,0,00,6586,8
58,578,1169,62,0,37,-177,76,18,68,-0,14,-2,96,314239,5,32186,24,0,00,6586,2
58,583,1169,71,0,37,-177,78,18,68,-0,14,-2,96,314217,3,32185,73,0,00,6585,7
58,588,1169,80,0,37,-177,79,18,68,-0,14,-2,96,314197,0,32185,21,0,00,6585,2
58,593,1169,90,0,37,-177,81,18,68,-0,14,-2,96,314175,0,32184,70,0,00,6584,7
58,598,1169,99,0,37,-177,82,18,68,-0,14,-2,96,314154,8,32184,18,0,00,6584,2
58,603,1170,08,0,37,-177,84,18,68,-0,14,-2,96,314133,5,32183,67,0,00,6583,7
58,608,1170,18,0,37,-177,85,18,68,-0,15,-2,96,314112,2,32183,15,0,00,6583,2
58,613,1170,27,0,37,-177,87,18,68,-0,15,-2,96,314091,9,32182,64,0,00,6582,6
58,618,1170,36,0,37,-177,88,18,68,-0,15,-2,96,314070,8,32182,13,0,00,6582,1
58,623,1170,46,0,37,-177,90,18,68,-0,15,-2,96,314050,2,32181,61,0,00,6581,6
58,628,1170,55,0,37,-177,91,18,68,-0,15,-2,96,314029,3,32181,09,0,00,6581,1
58,633,1170,64,0,37,-177,93,18,68,-0,15,-2,96,314008,5,32180,58,0,00,6580,6
58,638,1170,74,0,37,-177,94,18,68,-0,15,-2,96,313988,6,32180,07,0,00,6580,1
58,643,1170,83,0,37,-177,96,18,68,-0,15,-2,96,313967,1,32179,55,0,00,6579,6
58,648,1170,92,0,36,-177,97,18,68,-0,15,-2,96,313947,4,32179,04,0,00,6579,0
58,653,1171,02,0,36,-177,99,18,68,-0,15,-2,96,313926,4,32178,52,0,00,6578,5
58,658,1171,11,0,36,-178,00,18,68,-0,15,-2,96,313906,9,32178,01,0,00,6578,0
58,663,1171,20,0,36,-178,02,18,68,-0,15,-2,96,313885,3,32177,49,0,00,6577,5
58,668,1171,30,0,36,-178,03,18,68,-0,15,-2,96,313866,4,32176,98,0,00,6577,0
58,673,1171,39,0,36,-178,05,18,68,-0,15,-2,96,313844,9,32176,46,0,00,6576,5
58,678,1171,48,0,36,-178,06,18,68,-0,15,-2,96,313826,2,32175,95,0,00,6575,9
58,683,1171,58,0,36,-178,08,18,68,-0,15,-2,96,313804,5,32175,43,0,00,6575,4
58,688,1171,67,0,36,-178,09,18,68,-0,15,-2,96,313785,9,32174,92,0,00,6574,9
58,693,1171,76,0,36,-178,10,18,68,-0,15,-2,96,313764,8,32174,40,0,00,6574,4
58,698,1171,86,0,36,-178,12,18,68,-0,15,-2,96,313745,6,32173,89,0,00,6573,9
58,703,1171,95,0,36,-178,13,18,68,-0,15,-2,96,313725,5,32173,38,0,00,6573,4
58,708,1172,04,0,36,-178,15,18,68,-0,15,-2,96,313705,6,32172,86,0,00,6572,9
58,713,1172,14,0,36,-178,16,18,68,-0,15,-2,96,313686,1,32172,35,0,00,6572,3
58,718,1172,23,0,35,-178,18,18,68,-0,15,-2,96,313666,3,32171,83,0,00,6571,8
58,723,1172,32,0,35,-178,19,18,68,-0,15,-2,96,313646,1,32171,32,0,00,6571,3
58,728,1172,42,0,35,-178,21,18,68,-0,15,-2,96,313627,4,32170,80,0,00,6570,8
58,733,1172,51,0,35,-178,22,18,68,-0,15,-2,96,313607,4,32170,29,0,00,6570,3
58,738,1172,60,0,35,-178,24,18,68,-0,15,-2,96,313587,9,32169,78,0,00,6569,8
58,743,1172,70,0,35,-178,25,18,68,-0,15,-2,96,313568,1,32169,26,0,00,6569,3
58,748,1172,79,0,35,-178,27,18,68,-0,15,-2,96,313549,7,32168,75,0,00,6568,7
58,753,1172,88,0,35,-178,28,18,68,-0,15,-2,96,313529,2,32168,23,0,00,6568,2
58,758,1172,98,0,35,-178,30,18,68,-0,15,-2,96,313510,9,32167,72,0,00,6567,7
58,763,1173,07,0,35,-178,31,18,68,-0,15,-2,96,313491,0,32167,21,0,00,6567,2
58,768,1173,16,0,35,-178,33,18,68,-0,15,-2,96,313472,4,32166,69,0,00,6566,7
58,773,1173,26,0,35,-178,34,18,68,-0,15,-2,96,313452,7,32166,18,0,00,6566,2
58,778,1173,35,0,35,-178,36,18,68,-0,15,-2,96,313433,9,32165,67,0,00,6565,7
58,783,1173,44,0,34,-178,37,18,68,-0,15,-2,96,313414,7,32165,15,0,00,6565,2
58,788,1173,54,0,34,-178,39,18,68,-0,16,-2,96,313396,1,32164,64,0,00,6564,6
58,793,1173,63,0,34,-178,40,18,68,-0,16,-2,96,313376,6,32164,13,0,00,6564,1
58,798,1173,72,0,34,-178,42,18,68,-0,16,-2,96,313358,6,32163,61,0,00,6563,6
58,803,1173,82,0,34,-178,43,18,68,-0,16,-2,96,313338,9,32163,10,0,00,6563,1
58,808,1173,91,0,34,-178,44,18,68,-0,16,-2,96,313320,6,32162,58,0,00,6562,6
58,813,1174,00,0,34,-178,46,18,68,-0,16,-2,96,313301,9,32162,07,0,00,6562,1
58,818,1174,10,0,34,-178,47,18,68,-0,16,-2,96,313282,8,32161,56,0,00,6561,6
58,823,1174,19,0,34,-178,49,18,68,-0,16,-2,96,313264,8,32161,04,0,00,6561,0
58,828,1174,28,0,34,-178,50,18,68,-0,16,-2,96,313245,9,32160,53,0,00,6560,5
58,833,1174,38,0,34,-178,52,18,68,-0,16,-2,96,313227,5,32160,02,0,00,6560,0
58,838,1174,47,0,34,-178,53,18,68,-0,16,-2,96,313208,8,32159,50,0,00,6559,5
58,843,1174,57,0,34,-178,55,18,68,-0,16,-2,96,313191,1,32158,99,0,00,6559,0
58,848,1174,66,0,33,-178,56,18,68,-0,16,-2,96,313171,7,32158,47,0,00,6558,5
58,853,1174,75,0,33,-178,58,18,68,-0,16,-2,96,313154,5,32157,96,0,00,6558,0
58,858,1174,85,0,33,-178,59,18,68,-0,16,-2,96,313135,2,32157,45,0,00,6557,4
58,863,1174,94,0,33,-178,61,18,68,-0,16,-2,96,313117,8,32156,94,0,00,6556,9
58,868,1175,03,0,33,-178,62,18,68,-0,16,-2,96,313099,5,32156,42,0,00,6556,4
58,873,1175,13,0,33,-178,64,18,68,-0,16,-2,96,313080,9,32155,91,0,00,6555,9
58,878,1175,22,0,33,-178,65,18,68,-0,16,-2,96,313063,3,32155,39,0,00,6555,4
58,883,1175,31,0,33,-178,67,18,68,-0,16,-2,96,313045,3,32154,88,0,00,6554,9
58,888,1175,41,0,33,-178,68,18,68,-0,16,-2,96,313027,3,32154,37,0,00,6554,4
58,893,1175,50,0,33,-178,70,18,68,-0,16,-2,96,313009,0,32153,86,0,00,6553,9
58,898,1175,59,0,33,-178,71,18,68,-0,16,-2,96,312991,7,32153,34,0,00,6553,3
58,903,1175,69,0,33,-178,73,18,68,-0,16,-2,96,312973,6,32152,83,0,00,6552,8
58,908,1175,78,0,32,-178,74,18,68,-0,16,-2,96,312955,9,32152,32,0,00,6552,3
58,913,1175,87,0,32,-178,76,18,68,-0,16,-2,96,312937,9,32151,80,0,00,6551,8
58,918,1175,97,0,32,-178,77,18,68,-0,16,-2,96,312920,9,32151,29,0,00,6551,3
58,923,1176,06,0,32,-178,78,18,68,-0,16,-2,96,312902,6,32150,78,0,00,6550,8
58,928,1176,15,0,32,-178,80,18,68,-0,16,-2,96,312885,3,32150,26,0,00,6550,3
58,933,1176,25,0,32,-178,81,18,68,-0,17,-2,96,312868,1,32149,75,0,00,6549,8
58,938,1176,34,0,32,-178,83,18,68,-0,17,-2,96,312850,0,32149,24,0,00,6549,2
58,943,1176,43,0,32,-178,84,18,68,-0,17,-2,96,312832,9,32148,73,0,00,6548,7
58,948,1176,53,0,32,-178,86,18,68,-0,17,-2,96,312815,9,32148,21,0,00,6548,2
58,953,1176,62,0,32,-178,87,18,68,-0,17,-2,96,312797,7,32147,70,0,00,6547,7
58,958,1176,71,0,32,-178,89,18,68,-0,17,-2,96,312781,6,32147,19,0,00,6547,2
58,963,1176,81,0,32,-178,90,18,68,-0,17,-2,96,312763,1,32146,68,0,00,6546,7
58,968,1176,90,0,31,-178,92,18,68,-0,17,-2,96,312746,8,32146,16,0,00,6546,2
58,973,1176,99,0,31,-178,93,18,68,-0,17,-2,96,312729,3,32145,65,0,00,6545,6
58,978,1177,09,0,31,-178,95,18,68,-0,17,-2,96,312712,3,32145,14,0,00,6545,1
58,983,1177,18,0,31,-178,96,18,67,-0,17,-2,96,312695,3,32144,63,0,00,6544,6
58,988,1177,27,0,31,-178,98,18,67,-0,17,-2,96,312678,5,32144,11,0,00,6544,1
58,993,1177,37,0,31,-178,99,18,67,-0,17,-2,96,312660,8,32143,60,0,00,6543,6
58,998,1177,46,0,31,-179,01,18,67,-0,17,-2,96,312644,9,32143,09,0,00,6543,1
59,003,1177,55,0,31,-179,02,18,67,-0,17,-2,96,312627,4,32142,57,0,00,6542,6
59,008,1177,65,0,31,-179,04,18,67,-0,17,-2,96,312610,4,32142,06,0,00,6542,1
59,013,1177,74,0,31,-179,05,18,67,-0,17,-2,96,312594,3,32141,55,0,00,6541,5
59,018,1177,83,0,31,-179,07,18,67,-0,17,-2,96,312577,0,32141,04,0,00,6541,0
59,023,1177,93,0,31,-179,08,18,67,-0,17,-2,96,312560,7,32140,52,0,00,6540,5
59,028,1178,02,0,30,-179,10,18,67,-0,17,-2,96,312543,9,32140,01,0,00,6540,0
59,033,1178,11,0,30,-179,11,18,67,-0,17,-2,96,312527,3,32139,50,0,00,6539,5
59,038,1178,21,0,30,-179,13,18,67,-0,17,-2,96,312511,1,32138,99,0,00,6539,0
59,043,1178,30,0,30,-179,14,18,67,-0,17,-2,96,312494,2,32138,47,0,00,6538,5
59,048,1178,39,0,30,-179,15,18,67,-0,17,-2,96,312477,7,32137,96,0,00,6538,0
59,053,1178,49,0,30,-179,17,18,67,-0,17,-2,96,312461,8,32137,45,0,00,6537,5
59,058,1178,58,0,30,-179,18,18,67,-0,18,-2,96,312445,0,32136,94,0,00,6536,9
59,063,1178,67,0,30,-179,20,18,67,-0,18,-2,96,312428,8,32136,43,0,00,6536,4
59,068,1178,77,0,30,-179,21,18,67,-0,18,-2,96,312412,2,32135,91,0,00,6535,9
59,073,1178,86,0,30,-179,23,18,67,-0,18,-2,96,312396,6,32135,40,0,00,6535,4
59,078,1178,95,0,30,-179,24,18,67,-0,18,-2,96,312380,1,32134,89,0,00,6534,9
59,083,1179,05,0,29,-179,26,18,67,-0,18,-2,96,312364,2,32134,38,0,00,6534,4
59,088,1179,14,0,29,-179,27,18,67,-0,18,-2,96,312347,8,32133,87,0,00,6533,9
59,093,1179,23,0,29,-179,29,18,67,-0,18,-2,96,312332,0,32133,35,0,00,6533,4
59,098,1179,33,0,29,-179,30,18,67,-0,18,-2,96,312315,8,32132,84,0,00,6532,8
59,103,1179,42,0,29,-179,32,18,67,-0,18,-2,96,312299,7,32132,33,0,00,6532,3
59,108,1179,51,0,29,-179,33,18,67,-0,18,-2,96,312284,1,32131,82,0,00,6531,8
59,113,1179,61,0,29,-179,35,18,67,-0,18,-2,96,312268,1,32131,30,0,00,6531,3
59,118,1179,70,0,29,-179,36,18,67,-0,18,-2,96,312252,7,32130,79,0,00,6530,8
59,123,1179,79,0,29,-179,38,18,67,-0,18,-2,96,312235,9,32130,28,0,00,6530,3
59,128,1179,89,0,29,-179,39,18,67,-0,18,-2,96,312221,5,32129,77,0,00,6529,8
59,133,1179,98,0,29,-179,41,18,67,-0,18,-2,96,312204,5,32129,26,0,00,6529,3
59,138,1180,07,0,28,-179,42,18,67,-0,18,-2,96,312190,1,32128,75,0,00,6528,7
59,143,1180,17,0,28,-179,44,18,67,-0,18,-2,96,312173,3,32128,23,0,00,6528,2
59,148,1180,26,0,28,-179,45,18,67,-0,18,-2,96,312158,6,32127,72,0,00,6527,7
59,153,1180,35,0,28,-179,47,18,67,-0,18,-2,96,312142,8,32127,21,0,00,6527,2
59,158,1180,45,0,28,-179,48,18,67,-0,18,-2,96,312126,9,32126,70,0,00,6526,7
59,163,1180,54,0,28,-179,49,18,67,-0,18,-2,96,312112,1,32126,19,0,00,6526,2
59,168,1180,64,0,28,-179,51,18,67,-0,18,-2,96,312096,4,32125,68,0,00,6525,7
59,173,1180,73,0,28,-179,52,18,67,-0,19,-2,96,312080,8,32125,16,0,00,6525,2
59,178,1180,82,0,28,-179,54,18,67,-0,19,-2,96,312066,1,32124,65,0,00,6524,7
59,183,1180,92,0,28,-179,55,18,67,-0,19,-2,96,312050,2,32124,14,0,00,6524,1
59,188,1181,01,0,28,-179,57,18,67,-0,19,-2,96,312035,7,32123,63,0,00,6523,6
59,193,1181,10,0,27,-179,58,18,67,-0,19,-2,96,312019,9,32123,12,0,00,6523,1
59,198,1181,20,0,27,-179,60,18,67,-0,19,-2,96,312005,0,32122,61,0,00,6522,6
59,203,1181,29,0,27,-179,61,18,67,-0,19,-2,96,311989,8,32122,09,0,00,6522,1
59,208,1181,38,0,27,-179,63,18,67,-0,19,-2,96,311974,7,32121,58,0,00,6521,6
59,213,1181,48,0,27,-179,64,18,67,-0,19,-2,96,311959,6,32121,07,0,00,6521,1
59,218,1181,57,0,27,-179,66,18,67,-0,19,-2,96,311945,0,32120,56,0,00,6520,6
59,223,1181,66,0,27,-179,67,18,67,-0,19,-2,96,311929,6,32120,05,0,00,6520,0
59,228,1181,76,0,27,-179,69,18,67,-0,19,-2,96,311915,1,32119,54,0,00,6519,5
59,233,1181,85,0,27,-179,70,18,67,-0,19,-2,96,311899,8,32119,03,0,00,6519,0
59,238,1181,94,0,27,-179,72,18,67,-0,19,-2,96,311885,5,32118,52,0,00,6518,5
59,243,1182,04,0,27,-179,73,18,67,-0,19,-2,96,311870,4,32118,00,0,00,6518,0
59,248,1182,13,0,26,-179,75,18,67,-0,19,-2,96,311855,8,32117,49,0,00,6517,5
59,253,1182,22,0,26,-179,76,18,67,-0,19,-2,96,311840,8,32116,98,0,00,6517,0
59,258,1182,32,0,26,-179,78,18,67,-0,19,-2,96,311826,7,32116,47,0,00,6516,5
59,263,1182,41,0,26,-179,79,18,67,-0,19,-2,96,311811,8,32115,96,0,00,6516,0
59,268,1182,50,0,26,-179,81,18,67,-0,19,-2,96,311796,9,32115,45,0,00,6515,4
59,273,1182,60,0,26,-179,82,18,67,-0,19,-2,96,311783,1,32114,94,0,00,6514,9
59,278,1182,69,0,26,-179,83,18,67,-0,20,-2,96,311767,9,32114,43,0,00,6514,4
59,283,1182,78,0,26,-179,85,18,67,-0,20,-2,96,311753,7,32113,91,0,00,6513,9
59,288,1182,88,0,26,-179,86,18,67,-0,20,-2,96,311739,6,32113,40,0,00,6513,4
59,293,1182,97,0,26,-179,88,18,67,-0,20,-2,96,311724,6,32112,89,0,00,6512,9
59,298,1183,06,0,25,-179,89,18,67,-0,20,-2,96,311710,6,32112,38,0,00,6512,4
59,303,1183,16,0,25,-179,91,18,67,-0,20,-2,96,311696,2,32111,87,0,00,6511,9
59,308,1183,25,0,25,-179,92,18,67,-0,20,-2,96,311682,3,32111,36,0,00,6511,4
59,313,1183,34,0,25,-179,94,18,67,-0,20,-2,96,311667,2,32110,85,0,00,6510,8
59,318,1183,44,0,25,-179,95,18,67,-0,20,-2,96,311654,3,32110,34,0,00,6510,3
59,323,1183,53,0,25,-179,97,18,67,-0,20,-2,96,311638,8,32109,83,0,00,6509,8
59,328,1183,62,0,25,-179,98,18,67,-0,20,-2,96,311626,1,32109,31,0,00,6509,3
59,333,1183,72,0,25,-180,00,18,67,-0,20,-2,96,311610,7,32108,80,0,00,6508,8
59,338,1183,81,0,25,-180,01,18,67,-0,20,-2,96,311597,6,32108,29,0,00,6508,3
59,343,1183,90,0,25,-180,03,18,67,-0,20,-2,96,311583,3,32107,78,0,00,6507,8
59,348,1184,00,0,24,-180,04,18,67,-0,20,-2,96,311569,4,32107,27,0,00,6507,3
59,353,1184,09,0,24,-180,06,18,67,-0,20,-2,96,311555,2,32106,76,0,00,6506,8
59,358,1184,18,0,24,-180,07,18,67,-0,20,-2,96,311541,5,32106,25,0,00,6506,3
59,363,1184,28,0,24,-180,09,18,67,-0,20,-2,96,311527,8,32105,74,0,00,6505,7
59,368,1184,37,0,24,-180,10,18,67,-0,20,-2,96,311514,2,32105,23,0,00,6505,2
59,373,1184,46,0,24,-180,12,18,67,-0,20,-2,96,311499,8,32104,72,0,00,6504,7
59,378,1184,56,0,24,-180,13,18,67,-0,21,-2,96,311486,8,32104,21,0,00,6504,2
59,383,1184,65,0,24,-180,15,18,67,-0,21,-2,96,311472,4,32103,70,0,00,6503,7
59,388,1184,74,0,24,-180,16,18,67,-0,21,-2,96,311459,5,32103,19,0,00,6503,2
59,393,1184,84,0,24,-180,17,18,67,-0,21,-2,96,311445,3,32102,68,0,00,6502,7
59,398,1184,93,0,23,-180,19,18,67,-0,21,-2,96,311432,1,32102,16,0,00,6502,2
59,403,1185,02,0,23,-180,20,18,67,-0,21,-2,96,311418,4,32101,65,0,00,6501,7
59,408,1185,12,0,23,-180,22,18,67,-0,21,-2,96,311404,8,32101,14,0,00,6501,1
59,413,1185,21,0,23,-180,23,18,67,-0,21,-2,96,311391,3,32100,63,0,00,6500,6
59,418,1185,30,0,23,-180,25,18,67,-0,21,-2,96,311378,3,32100,12,0,00,6500,1
59,423,1185,40,0,23,-180,26,18,67,-0,21,-2,96,311364,5,32099,61,0,00,6499,6
59,428,1185,49,0,23,-180,28,18,67,-0,21,-2,96,311351,1,32099,10,0,00,6499,1
59,433,1185,58,0,23,-180,29,18,67,-0,21,-2,96,311338,3,32098,59,0,00,6498,6
59,438,1185,68,0,23,-180,31,18,67,-0,21,-2,96,311324,6,32098,08,0,00,6498,1
59,443,1185,77,0,22,-180,32,18,67,-0,21,-2,96,311311,4,32097,57,0,00,6497,6
59,448,1185,86,0,22,-180,34,18,67,-0,21,-2,96,311298,3,32097,06,0,00,6497,1
59,454,1185,96,0,22,-180,35,18,67,-0,21,-2,96,311284,8,32096,55,0,00,6496,6
59,459,1186,05,0,22,-180,37,18,67,-0,21,-2,96,311272,3,32096,04,0,00,6496,0
59,464,1186,14,0,22,-180,38,18,67,-0,21,-2,96,311258,4,32095,53,0,00,6495,5
59,469,1186,24,0,22,-180,40,18,67,-0,21,-2,96,311246,4,32095,02,0,00,6495,0
59,474,1186,33,0,22,-180,41,18,67,-0,22,-2,96,311232,3,32094,51,0,00,6494,5
59,479,1186,42,0,22,-180,43,18,67,-0,22,-2,96,311219,9,32094,00,0,00,6494,0
59,484,1186,52,0,22,-180,44,18,67,-0,22,-2,96,311206,8,32093,49,0,00,6493,5
59,489,1186,61,0,22,-180,46,18,67,-0,22,-2,96,311194,1,32092,98,0,00,6493,0
59,494,1186,70,0,21,-180,47,18,67,-0,22,-2,96,311180,6,32092,47,0,00,6492,5
59,499,1186,80,0,21,-180,49,18,67,-0,22,-2,96,311168,5,32091,96,0,00,6492,0
59,504,1186,89,0,21,-180,50,18,67,-0,22,-2,96,311155,1,32091,45,0,00,6491,4
59,509,1186,99,0,21,-180,51,18,67,-0,22,-2,96,311142,7,32090,94,0,00,6490,9
59,514,1187,08,0,21,-180,53,18,67,-0,22,-2,96,311129,8,32090,43,0,00,6490,4
59,519,1187,17,0,21,-180,54,18,67,-0,22,-2,96,311117,1,32089,92,0,00,6489,9
59,524,1187,27,0,21,-180,56,18,67,-0,22,-2,96,311104,8,32089,41,0,00,6489,4
59,529,1187,36,0,21,-180,57,18,67,-0,22,-2,96,311091,7,32088,90,0,00,6488,9
59,534,1187,45,0,21,-180,59,18,67,-0,22,-2,96,311079,1,32088,39,0,00,6488,4
59,539,1187,55,0,20,-180,60,18,67,-0,22,-2,96,311066,9,32087,88,0,00,6487,9
59,544,1187,64,0,20,-180,62,18,67,-0,22,-2,96,311054,0,32087,37,0,00,6487,4
59,549,1187,73,0,20,-180,63,18,67,-0,22,-2,96,311041,5,32086,86,0,00,6486,9
59,554,1187,83,0,20,-180,65,18,67,-0,22,-2,96,311029,2,32086,35,0,00,6486,3
59,559,1187,92,0,20,-180,66,18,67,-0,22,-2,96,311016,8,32085,84,0,00,6485,8
59,564,1188,01,0,20,-180,68,18,67,-0,23,-2,96,311004,1,32085,33,0,00,6485,3
59,569,1188,11,0,20,-180,69,18,67,-0,23,-2,96,310992,3,32084,82,0,00,6484,8
59,574,1188,20,0,20,-180,71,18,67,-0,23,-2,96,310979,2,32084,31,0,00,6484,3
59,579,1188,29,0,20,-180,72,18,67,-0,23,-2,96,310967,5,32083,80,0,00,6483,8
59,584,1188,39,0,19,-180,74,18,67,-0,23,-2,96,310955,0,32083,29,0,00,6483,3
59,589,1188,48,0,19,-180,75,18,67,-0,23,-2,96,310943,0,32082,78,0,00,6482,8
59,594,1188,57,0,19,-180,77,18,66,-0,23,-2,96,310930,6,32082,27,0,00,6482,3
59,599,1188,67,0,19,-180,78,18,66,-0,23,-2,96,310918,6,32081,76,0,00,6481,8
59,604,1188,76,0,19,-180,80,18,66,-0,23,-2,96,310905,9,32081,25,0,00,6481,3
59,609,1188,85,0,19,-180,81,18,66,-0,23,-2,96,310894,5,32080,74,0,00,6480,7
59,614,1188,95,0,19,-180,83,18,66,-0,23,-2,96,310882,3,32080,23,0,00,6480,2
59,619,1189,04,0,19,-180,84,18,66,-0,23,-2,96,310870,2,32079,72,0,00,6479,7
59,624,1189,13,0,18,-180,85,18,66,-0,23,-2,96,310858,1,32079,21,0,00,6479,2
59,629,1189,23,0,18,-180,87,18,66,-0,23,-2,96,310846,5,32078,70,0,00,6478,7
59,634,1189,32,0,18,-180,88,18,66,-0,23,-2,96,310834,0,32078,19,0,00,6478,2
59,639,1189,41,0,18,-180,90,18,66,-0,23,-2,96,310822,5,32077,68,0,00,6477,7
59,644,1189,51,0,18,-180,91,18,66,-0,23,-2,96,310810,2,32077,17,0,00,6477,2
59,649,1189,60,0,18,-180,93,18,66,-0,24,-2,96,310799,2,32076,66,0,00,6476,7
59,654,1189,69,0,18,-180,94,18,66,-0,24,-2,96,310786,5,32076,15,0,00,6476,2
59,659,1189,79,0,18,-180,96,18,66,-0,24,-2,96,310775,2,32075,64,0,00,6475,6
59,664,1189,88,0,18,-180,97,18,66,-0,24,-2,96,310763,1,32075,13,0,00,6475,1
59,669,1189,97,0,17,-180,99,18,66,-0,24,-2,96,310751,9,32074,63,0,00,6474,6
59,674,1190,07,0,17,-181,00,18,66,-0,24,-2,96,310739,8,32074,12,0,00,6474,1
59,679,1190,16,0,17,-181,02,18,66,-0,24,-2,96,310728,3,32073,61,0,00,6473,6
59,684,1190,25,0,17,-181,03,18,66,-0,24,-2,96,310716,8,32073,10,0,00,6473,1
59,689,1190,35,0,17,-181,05,18,66,-0,24,-2,96,310704,9,32072,59,0,00,6472,6
59,694,1190,44,0,17,-181,06,18,66,-0,24,-2,96,310694,0,32072,08,0,00,6472,1
59,699,1190,53,0,17,-181,08,18,66,-0,24,-2,96,310681,8,32071,57,0,00,6471,6
59,704,1190,63,0,17,-181,09,18,66,-0,24,-2,96,310670,9,32071,06,0,00,6471,1
59,709,1190,72,0,16,-181,11,18,66,-0,24,-2,96,310658,8,32070,55,0,00,6470,6
59,714,1190,81,0,16,-181,12,18,66,-0,24,-2,96,310648,0,32070,04,0,00,6470,0
59,719,1190,90,0,16,-181,14,18,66,-0,24,-2,96,310636,0,32069,53,0,00,6469,5
59,724,1191,00,0,16,-181,15,18,66,-0,24,-2,96,310625,3,32069,02,0,00,6469,0
59,729,1191,09,0,16,-181,17,18,66,-0,24,-2,96,310613,4,32068,51,0,00,6468,5
59,734,1191,18,0,16,-181,18,18,66,-0,25,-2,96,310602,4,32068,00,0,00,6468,0
59,739,1191,28,0,16,-181,20,18,66,-0,25,-2,96,310591,0,32067,50,0,00,6467,5
59,744,1191,37,0,16,-181,21,18,66,-0,25,-2,96,310580,1,32066,99,0,00,6467,0
59,749,1191,46,0,15,-181,22,18,66,-0,25,-2,96,310568,3,32066,48,0,00,6466,5
59,754,1191,56,0,15,-181,24,18,66,-0,25,-2,96,310557,5,32065,97,0,00,6466,0
59,759,1191,65,0,15,-181,25,18,66,-0,25,-2,96,310546,3,32065,46,0,00,6465,5
59,764,1191,74,0,15,-181,27,18,66,-0,25,-2,96,310535,2,32064,95,0,00,6464,9
59,769,1191,84,0,15,-181,28,18,66,-0,25,-2,96,310524,1,32064,44,0,00,6464,4
59,774,1191,93,0,15,-181,30,18,66,-0,25,-2,96,310513,0,32063,93,0,00,6463,9
59,779,1192,02,0,15,-181,31,18,66,-0,25,-2,96,310502,0,32063,42,0,00,6463,4
59,784,1192,12,0,15,-181,33,18,66,-0,25,-2,96,310491,0,32062,91,0,00,6462,9
59,789,1192,21,0,14,-181,34,18,66,-0,25,-2,96,310480,1,32062,40,0,00,6462,4
59,794,1192,30,0,14,-181,36,18,66,-0,25,-2,96,310469,2,32061,89,0,00,6461,9
59,799,1192,40,0,14,-181,37,18,66,-0,25,-2,96,310457,9,32061,39,0,00,6461,4
59,804,1192,49,0,14,-181,39,18,66,-0,25,-2,96,310447,6,32060,88,0,00,6460,9
59,809,1192,58,0,14,-181,40,18,66,-0,25,-2,96,310436,4,32060,37,0,00,6460,4
59,814,1192,68,0,14,-181,42,18,66,-0,26,-2,96,310425,8,32059,86,0,00,6459,9
59,819,1192,77,0,14,-181,43,18,66,-0,26,-2,96,310414,7,32059,35,0,00,6459,4
59,824,1192,86,0,14,-181,45,18,66,-0,26,-2,96,310404,1,32058,84,0,00,6458,8
59,829,1192,96,0,13,-181,46,18,66,-0,26,-2,96,310393,5,32058,33,0,00,6458,3
59,834,1193,05,0,13,-181,48,18,66,-0,26,-2,96,310382,6,32057,82,0,00,6457,8
59,839,1193,14,0,13,-181,49,18,66,-0,26,-2,96,310372,1,32057,32,0,00,6457,3
59,844,1193,24,0,13,-181,51,18,66,-0,26,-2,96,310361,3,32056,81,0,00,6456,8
59,849,1193,33,0,13,-181,52,18,66,-0,26,-2,96,310350,9,32056,30,0,00,6456,3
59,854,1193,42,0,13,-181,54,18,66,-0,26,-2,96,310339,7,32055,79,0,00,6455,8
59,859,1193,52,0,13,-181,55,18,66,-0,26,-2,96,310329,9,32055,28,0,00,6455,3
59,864,1193,61,0,13,-181,56,18,66,-0,26,-2,96,310319,2,32054,77,0,00,6454,8
59,869,1193,70,0,12,-181,58,18,66,-0,26,-2,96,310308,6,32054,26,0,00,6454,3
59,874,1193,80,0,12,-181,59,18,66,-0,26,-2,96,310298,0,32053,75,0,00,6453,8
59,879,1193,89,0,12,-181,61,18,66,-0,26,-2,96,310287,9,32053,25,0,00,6453,2
59,884,1193,98,0,12,-181,62,18,66,-0,26,-2,96,310277,0,32052,74,0,00,6452,7
59,889,1194,08,0,12,-181,64,18,66,-0,26,-2,96,310266,9,32052,23,0,00,6452,2
59,894,1194,17,0,12,-181,65,18,66,-0,27,-2,96,310256,5,32051,72,0,00,6451,7
59,899,1194,26,0,12,-181,67,18,66,-0,27,-2,96,310246,2,32051,21,0,00,6451,2
59,904,1194,36,0,12,-181,68,18,66,-0,27,-2,96,310235,9,32050,70,0,00,6450,7
59,909,1194,45,0,11,-181,70,18,66,-0,27,-2,96,310225,6,32050,19,0,00,6450,2
59,914,1194,54,0,11,-181,71,18,66,-0,27,-2,96,310215,3,32049,68,0,00,6449,7
59,919,1194,64,0,11,-181,73,18,66,-0,27,-2,96,310205,2,32049,18,0,00,6449,2
59,924,1194,73,0,11,-181,74,18,66,-0,27,-2,96,310195,0,32048,67,0,00,6448,7
59,929,1194,82,0,11,-181,76,18,66,-0,27,-2,96,310184,5,32048,16,0,00,6448,2
59,934,1194,92,0,11,-181,77,18,66,-0,27,-2,96,310174,8,32047,65,0,00,6447,7
59,939,1195,01,0,11,-181,79,18,66,-0,27,-2,96,310164,4,32047,14,0,00,6447,1
59,944,1195,10,0,10,-181,80,18,66,-0,27,-2,96,310154,4,32046,63,0,00,6446,6
59,949,1195,19,0,10,-181,82,18,66,-0,27,-2,96,310144,5,32046,13,0,00,6446,1
59,954,1195,29,0,10,-181,83,18,66,-0,27,-2,96,310134,2,32045,62,0,00,6445,6
59,959,1195,38,0,10,-181,85,18,66,-0,27,-2,96,310124,8,32045,11,0,00,6445,1
59,964,1195,47,0,10,-181,86,18,66,-0,27,-2,96,310114,1,32044,60,0,00,6444,6
59,969,1195,57,0,10,-181,88,18,66,-0,27,-2,96,310104,4,32044,09,0,00,6444,1
59,974,1195,66,0,10,-181,89,18,66,-0,28,-2,96,310094,7,32043,58,0,00,6443,6
59,979,1195,75,0,09,-181,90,18,66,-0,28,-2,96,310085,0,32043,08,0,00,6443,1
59,984,1195,85,0,09,-181,92,18,66,-0,28,-2,96,310074,5,32042,57,0,00,6442,6
59,989,1195,94,0,09,-181,93,18,66,-0,28,-2,96,310064,9,32042,06,0,00,6442,1
59,994,1196,03,0,09,-181,95,18,66,-0,28,-2,96,310055,3,32041,55,0,00,6441,6
59,999,1196,13,0,09,-181,96,18,66,-0,28,-2,96,310045,4,32041,04,0,00,6441,0
60,004,1196,22,0,09,-181,98,18,66,-0,28,-2,96,310035,5,32040,54,0,00,6440,5
60,009,1196,31,0,09,-181,99,18,66,-0,28,-2,96,310026,1,32040,03,0,00,6440,0
60,014,1196,41,0,09,-182,01,18,66,-0,28,-2,96,310015,8,32039,52,0,00,6439,5
60,019,1196,50,0,08,-182,02,18,66,-0,28,-2,96,310006,9,32039,01,0,00,6439,0
60,024,1196,59,0,08,-182,04,18,66,-0,28,-2,96,309996,7,32038,50,0,00,6438,5
60,029,1196,69,0,08,-182,05,18,66,-0,28,-2,96,309987,0,32037,99,0,00,6438,0
60,034,1196,78,0,08,-182,07,18,66,-0,28,-2,96,309977,8,32037,48,0,00,6437,5
60,039,1196,87,0,08,-182,08,18,66,-0,28,-2,96,309967,8,32036,98,0,00,6437,0
60,044,1196,97,0,08,-182,10,18,66,-0,28,-2,96,309958,6,32036,47,0,00,6436,5
60,049,1197,06,0,08,-182,11,18,66,-0,29,-2,96,309948,6,32035,96,0,00,6436,0
60,054,1197,15,0,07,-182,13,18,66,-0,29,-2,96,309940,0,32035,45,0,00,6435,5
60,059,1197,25,0,07,-182,14,18,66,-0,29,-2,96,309929,7,32034,94,0,00,6434,9
60,064,1197,34,0,07,-182,16,18,66,-0,29,-2,96,309920,3,32034,43,0,00,6434,4
60,069,1197,43,0,07,-182,17,18,66,-0,29,-2,96,309911,3,32033,93,0,00,6433,9
60,074,1197,53,0,07,-182,19,18,66,-0,29,-2,96,309901,5,32033,42,0,00,6433,4
60,079,1197,62,0,07,-182,20,18,66,-0,29,-2,96,309892,7,32032,91,0,00,6432,9
60,084,1197,71,0,07,-182,22,18,66,-0,29,-2,96,309882,5,32032,40,0,00,6432,4
60,089,1197,81,0,06,-182,23,18,66,-0,29,-2,96,309873,8,32031,89,0,00,6431,9
60,094,1197,90,0,06,-182,24,18,66,-0,29,-2,96,309864,2,32031,39,0,00,6431,4
60,099,1197,99,0,06,-182,26,18,66,-0,29,-2,96,309855,4,32030,88,0,00,6430,9
60,104,1198,09,0,06,-182,27,18,66,-0,29,-2,96,309845,5,32030,37,0,00,6430,4
60,109,1198,18,0,06,-182,29,18,66,-0,29,-2,96,309836,8,32029,86,0,00,6429,9
60,114,1198,27,0,06,-182,30,18,66,-0,29,-2,96,309827,4,32029,36,0,00,6429,4
60,119,1198,37,0,05,-182,32,18,66,-0,29,-2,96,309818,0,32028,85,0,00,6428,8
60,124,1198,46,0,05,-182,33,18,66,-0,30,-2,96,309809,4,32028,34,0,00,6428,3
60,129,1198,55,0,05,-182,35,18,66,-0,30,-2,96,309799,7,32027,83,0,00,6427,8
60,134,1198,65,0,05,-182,36,18,66,-0,30,-2,96,309791,3,32027,32,0,00,6427,3
60,139,1198,74,0,05,-182,38,18,66,-0,30,-2,96,309781,5,32026,82,0,00,6426,8
