time,posX,posY,posZ,velX,velY,velZ,thrust,mass,angleError,fuel
0,050,1,05,2495,01,0,45,20,98,-99,44,9,00,845000,0,39761,72,7,57,14161,7
0,100,2,10,2490,06,0,90,20,87,-98,84,8,85,845000,0,39747,86,7,30,14147,9
0,150,3,14,2485,13,1,34,20,77,-98,24,8,71,845000,0,39734,00,6,97,14134,0
0,200,4,18,2480,23,1,77,20,68,-97,63,8,59,845000,0,39720,15,6,58,14120,2
0,250,5,21,2475,37,2,20,20,60,-97,03,8,47,845000,0,39706,29,6,16,14106,3
0,300,6,24,2470,53,2,62,20,53,-96,42,8,37,845000,0,39692,43,5,71,14092,4
0,350,7,26,2465,72,3,04,20,47,-95,81,8,27,845000,0,39678,57,5,26,14078,6
0,400,8,28,2460,95,3,45,20,42,-95,21,8,18,845000,0,39664,72,4,81,14064,7
0,450,9,30,2456,20,3,85,20,38,-94,60,8,11,845000,0,39650,86,4,36,14050,9
0,500,10,32,2451,49,4,26,20,35,-93,98,8,04,845000,0,39637,00,3,93,14037,0
0,550,11,34,2446,81,4,66,20,33,-93,37,7,97,844988,8,39623,14,3,51,14023,1
0,600,12,35,2442,15,5,05,20,31,-92,77,7,92,833462,1,39609,40,3,12,14009,4
0,650,13,37,2437,53,5,45,20,30,-92,18,7,87,822556,5,39595,84,2,76,13995,8
0,700,14,38,2432,93,5,84,20,29,-91,60,7,83,811909,8,39582,45,2,44,13982,5
0,750,15,40,2428,37,6,23,20,33,-91,05,7,79,843104,8,39569,17,2,15,13969,2
0,800,16,41,2423,83,6,62,20,32,-90,50,7,75,787483,4,39556,19,1,89,13956,2
0,850,17,43,2419,32,7,01,20,31,-89,97,7,72,775092,9,39543,39,1,68,13943,4
0,900,18,45,2414,83,7,39,20,31,-89,46,7,69,763086,3,39530,79,1,53,13930,8
0,950,19,46,2410,37,7,78,20,32,-88,96,7,66,751478,9,39518,39,1,46,13918,4
1,000,20,48,2405,94,8,16,20,34,-88,47,7,63,740260,0,39506,17,1,47,13906,2
1,050,21,49,2401,53,8,54,20,36,-88,00,7,59,729362,1,39494,13,1,56,13894,1
1,100,22,51,2397,14,8,92,20,40,-87,54,7,56,718827,6,39482,27,1,72,13882,3
1,150,23,54,2392,77,9,30,20,45,-87,10,7,63,708738,1,39470,53,1,92,13870,5
1,200,24,56,2388,43,9,68,20,50,-86,67,7,65,698709,1,39459,00,2,10,13859,0
1,250,25,59,2384,10,10,06,20,55,-86,25,7,68,688970,9,39447,64,2,26,13847,6
1,300,26,61,2379,80,10,45,20,59,-85,85,7,71,679507,6,39436,43,2,39,13836,4
1,350,27,64,2375,52,10,84,20,64,-85,45,7,74,670278,0,39425,38,2,48,13825,4
1,400,28,68,2371,26,11,22,20,68,-85,07,7,78,661324,6,39414,46,2,54,13814,5
1,450,29,71,2367,01,11,61,20,72,-84,70,7,81,652635,7,39403,70,2,56,13803,7
1,500,30,75,2362,79,12,00,20,76,-84,34,7,84,644172,4,39393,08,2,56,13793,1
1,550,31,79,2358,58,12,40,20,79,-83,99,7,87,635951,9,39382,59,2,54,13782,6
1,600,32,83,2354,39,12,79,20,82,-83,64,7,90,627963,3,39372,24,2,50,13772,2
1,650,33,87,2350,21,13,19,20,85,-83,31,7,93,620225,3,39362,02,2,44,13762,0
1,700,34,91,2346,06,13,58,20,87,-82,99,7,96,612700,4,39351,91,2,37,13751,9
1,750,35,96,2341,91,13,98,20,90,-82,68,7,98,605407,2,39341,94,2,30,13741,9
1,800,37,00,2337,79,14,38,20,91,-82,38,8,01,598309,3,39332,07,2,22,13732,1
1,850,38,05,2333,68,14,78,20,93,-82,08,8,04,591426,1,39322,33,2,14,13722,3
1,900,39,10,2329,58,15,19,20,94,-81,80,8,06,584721,3,39312,69,2,06,13712,7
1,950,40,14,2325,50,15,59,20,95,-81,52,8,09,578242,3,39303,16,1,98,13703,2
2,000,41,19,2321,43,15,99,20,96,-81,25,8,11,571953,7,39293,74,1,91,13693,7
2,050,42,24,2317,37,16,40,20,97,-80,99,8,13,565820,2,39284,42,1,84,13684,4
2,100,43,29,2313,33,16,81,20,97,-80,73,8,16,559889,4,39275,20,1,79,13675,2
2,150,44,34,2309,30,17,22,20,94,-80,49,8,18,584122,4,39266,02,1,76,13666,0
2,200,45,38,2305,28,17,63,20,92,-80,25,8,21,548710,4,39257,00,1,73,13657,0
2,250,46,43,2301,27,18,04,20,91,-80,02,8,23,543258,3,39248,05,1,70,13648,1
2,300,47,47,2297,28,18,45,20,89,-79,80,8,25,537953,3,39239,20,1,68,13639,2
2,350,48,52,2293,29,18,86,20,87,-79,58,8,28,532843,6,39230,43,1,65,13630,4
2,400,49,56,2289,32,19,28,20,86,-79,36,8,30,527839,9,39221,73,1,61,13621,7
2,450,50,60,2285,36,19,69,20,84,-79,16,8,32,523018,3,39213,13,1,57,13613,1
2,500,51,64,2281,40,20,11,20,82,-78,96,8,33,518318,1,39204,59,1,53,13604,6
2,550,52,68,2277,46,20,53,20,80,-78,76,8,35,513760,3,39196,14,1,48,13596,1
2,600,53,72,2273,53,20,94,20,78,-78,57,8,36,509311,7,39187,75,1,43,13587,8
2,650,54,76,2269,60,21,36,20,76,-78,39,8,38,505022,0,39179,44,1,37,13579,4
2,700,55,80,2265,69,21,78,20,74,-78,21,8,39,500830,9,39171,20,1,32,13571,2
2,750,56,84,2261,78,22,20,20,72,-78,04,8,40,496760,0,39163,03,1,26,13563,0
2,800,57,87,2257,89,22,62,20,70,-77,87,8,41,492832,2,39154,92,1,20,13554,9
2,850,58,91,2254,00,23,04,20,68,-77,71,8,41,488987,5,39146,88,1,14,13546,9
2,900,59,94,2250,11,23,46,20,67,-77,55,8,42,485276,5,39138,89,1,08,13538,9
2,950,60,97,2246,24,23,88,20,65,-77,39,8,42,481666,4,39130,97,1,02,13531,0
3,000,62,01,2242,37,24,30,20,63,-77,24,8,42,478153,5,39123,11,0,97,13523,1
3,050,63,04,2238,52,24,73,20,61,-77,10,8,43,474760,8,39115,30,0,92,13515,3
3,100,64,07,2234,66,25,15,20,59,-76,96,8,43,471455,9,39107,54,0,88,13507,5
3,150,65,10,2230,82,25,57,20,58,-76,83,8,40,465861,0,39099,81,0,84,13499,8
3,200,66,12,2226,98,25,99,20,56,-76,69,8,39,465222,9,39092,16,0,81,13492,2
3,250,67,15,2223,15,26,41,20,55,-76,57,8,39,462180,8,39084,56,0,77,13484,6
3,300,68,18,2219,33,26,83,20,53,-76,44,8,38,459239,3,39077,02,0,73,13477,0
3,350,69,20,2215,51,27,24,20,52,-76,32,8,38,456366,3,39069,51,0,69,13469,5
3,400,70,23,2211,69,27,66,20,50,-76,20,8,37,453585,7,39062,05,0,66,13462,1
3,450,71,26,2207,89,28,08,20,49,-76,09,8,36,450894,4,39054,64,0,62,13454,6
3,500,72,28,2204,08,28,50,20,48,-75,98,8,36,448289,0,39047,27,0,59,13447,3
3,550,73,30,2200,29,28,92,20,47,-75,87,8,35,445738,5,39039,95,0,56,13440,0
3,600,74,33,2196,50,29,33,20,46,-75,76,8,34,443267,0,39032,66,0,54,13432,7
3,650,75,35,2192,71,29,75,20,45,-75,66,8,33,440844,9,39025,42,0,52,13425,4
3,700,76,37,2188,93,30,17,20,44,-75,56,8,32,438523,3,39018,21,0,52,13418,2
3,750,77,39,2185,16,30,58,20,43,-75,47,8,31,436272,1,39011,04,0,53,13411,0
3,800,78,41,2181,39,31,00,20,45,-75,38,8,30,434042,1,39003,88,0,55,13403,9
3,850,79,44,2177,62,31,41,20,45,-75,29,8,29,432028,7,38996,78,0,56,13396,8
3,900,80,46,2173,86,31,83,20,44,-75,20,8,28,429939,6,38989,72,0,57,13389,7
3,950,81,48,2170,10,32,24,20,44,-75,12,8,27,427909,8,38982,69,0,59,13382,7
4,000,82,50,2166,34,32,65,20,44,-75,03,8,26,425964,3,38975,69,0,59,13375,7
4,050,83,53,2162,59,33,07,20,44,-74,95,8,25,424042,8,38968,73,0,60,13368,7
4,100,84,55,2158,85,33,48,20,44,-74,88,8,24,422156,7,38961,79,0,61,13361,8
4,150,85,57,2155,11,33,89,20,44,-74,80,8,23,420330,9,38954,89,0,61,13354,9
4,200,86,59,2151,37,34,30,20,44,-74,73,8,22,418562,9,38948,01,0,62,13348,0
4,250,87,61,2147,63,34,71,20,44,-74,66,8,21,416797,0,38941,16,0,62,13341,2
4,300,88,64,2143,90,35,12,20,44,-74,59,8,20,415114,8,38934,35,0,63,13334,4
4,350,89,66,2140,18,35,53,20,45,-74,52,8,19,413432,5,38927,55,0,64,13327,6
4,400,90,68,2136,45,35,94,20,45,-74,46,8,19,411803,7,38920,79,0,65,13320,8
4,450,91,70,2132,73,36,35,20,45,-74,39,8,18,410200,4,38914,05,0,67,13314,1
4,500,92,73,2129,01,36,76,20,45,-74,33,8,17,408648,8,38907,34,0,69,13307,4
4,550,93,75,2125,30,37,17,20,46,-74,28,8,20,408251,7,38900,63,0,72,13300,6
4,600,94,77,2121,58,37,58,20,46,-74,22,8,20,405695,2,38893,97,0,74,13294,0
4,650,95,79,2117,87,37,99,20,47,-74,17,8,20,404234,3,38887,33,0,77,13287,3
4,700,96,82,2114,17,38,40,20,47,-74,11,8,20,402821,2,38880,72,0,79,13280,7
4,750,97,84,2110,46,38,81,20,48,-74,06,8,20,401399,6,38874,13,0,80,13274,1
4,800,98,87,2106,76,39,22,20,48,-74,01,8,21,400051,1,38867,56,0,81,13267,6
4,850,99,89,2103,06,39,63,20,49,-73,96,8,21,398691,9,38861,02,0,82,13261,0
4,900,100,91,2099,37,40,04,20,49,-73,91,8,21,397404,1,38854,49,0,82,13254,5
4,950,101,94,2095,67,40,45,20,50,-73,87,8,21,396104,1,38847,99,0,82,13248,0
5,000,102,96,2091,98,40,86,20,50,-73,83,8,21,394845,5,38841,50,0,82,13241,5
5,050,103,99,2088,29,41,27,20,50,-73,78,8,22,393628,0,38835,04,0,81,13235,0
5,100,105,01,2084,60,41,68,20,51,-73,74,8,22,392423,8,38828,60,0,80,13228,6
5,150,106,04,2080,91,42,09,20,51,-73,70,8,22,391258,8,38822,18,0,79,13222,2
5,200,107,07,2077,23,42,51,20,51,-73,67,8,22,390132,3,38815,77,0,77,13215,8
5,250,108,09,2073,55,42,92,20,52,-73,63,8,22,389016,0,38809,39,0,75,13209,4
5,300,109,12,2069,87,43,33,20,52,-73,60,8,22,387909,3,38803,02,0,73,13203,0
5,350,110,14,2066,19,43,74,20,52,-73,56,8,22,386838,4,38796,67,0,71,13196,7
5,400,111,17,2062,51,44,15,20,52,-73,53,8,22,385775,5,38790,34,0,69,13190,3
5,450,112,20,2058,83,44,56,20,53,-73,50,8,22,384774,9,38784,02,0,67,13184,0
5,500,113,22,2055,16,44,97,20,53,-73,47,8,22,383780,7,38777,73,0,64,13177,7
5,550,114,25,2051,49,45,38,20,53,-73,44,8,22,382792,4,38771,44,0,62,13171,4
5,600,115,27,2047,82,45,80,20,53,-73,41,8,22,381836,7,38765,18,0,60,13165,2
5,650,116,30,2044,15,46,21,20,53,-73,39,8,22,380913,1,38758,92,0,57,13158,9
5,700,117,33,2040,48,46,62,20,53,-73,36,8,22,379992,9,38752,69,0,55,13152,7
5,750,118,35,2036,81,47,03,20,53,-73,35,8,22,395099,5,38746,38,0,53,13146,4
5,800,119,38,2033,14,47,44,20,53,-73,37,8,19,394062,8,38739,95,0,51,13140,0
5,850,120,41,2029,47,47,85,20,53,-73,37,8,22,389989,7,38733,57,0,48,13133,6
5,900,121,43,2025,80,48,26,20,53,-73,38,8,21,371386,8,38727,18,0,46,13127,2
5,950,122,46,2022,14,48,67,20,53,-73,39,8,19,392947,0,38720,74,0,44,13120,7
6,000,123,49,2018,47,49,08,20,53,-73,40,8,19,389747,3,38714,34,0,42,13114,3
6,050,124,51,2014,80,49,49,20,53,-73,41,8,19,389497,7,38707,95,0,40,13107,9
6,100,125,54,2011,13,49,90,20,52,-73,42,8,18,371516,2,38701,55,0,38,13101,6
6,150,126,57,2007,45,50,31,20,52,-73,42,8,18,370805,7,38695,16,0,36,13095,2
6,200,127,59,2003,78,50,72,20,52,-73,44,8,20,392357,3,38688,73,0,34,13088,7
6,250,128,62,2000,11,51,13,20,52,-73,45,8,20,389175,7,38682,34,0,32,13082,3
6,300,129,64,1996,44,51,54,20,52,-73,45,8,20,389054,6,38675,95,0,30,13076,0
6,350,130,67,1992,77,51,95,20,51,-73,46,8,20,388854,5,38669,56,0,29,13069,6
6,400,131,69,1989,09,52,36,20,51,-73,47,8,18,390445,3,38663,17,0,27,13063,2
6,450,132,72,1985,42,52,77,20,51,-73,47,8,19,371334,0,38656,85,0,25,13056,9
6,500,133,75,1981,75,53,18,20,51,-73,47,8,17,386692,2,38650,50,0,24,13050,5
6,550,134,77,1978,07,53,58,20,50,-73,48,8,17,385822,7,38644,16,0,22,13044,2
6,600,135,80,1974,40,53,99,20,50,-73,48,8,17,384501,5,38637,85,0,21,13037,9
6,650,136,82,1970,72,54,40,20,50,-73,47,8,19,383213,9,38631,55,0,20,13031,6
6,700,137,85,1967,05,54,81,20,49,-73,47,8,18,382237,0,38625,29,0,19,13025,3
6,750,138,87,1963,38,55,22,20,49,-73,46,8,17,380529,6,38619,05,0,18,13019,1
6,800,139,89,1959,70,55,63,20,49,-73,45,8,18,379795,4,38612,81,0,17,13012,8
6,850,140,92,1956,03,56,04,20,48,-73,45,8,18,378898,5,38606,60,0,16,13006,6
6,900,141,94,1952,36,56,45,20,48,-73,44,8,16,377731,9,38600,41,0,15,13000,4
6,950,142,97,1948,69,56,85,20,48,-73,43,8,17,377101,0,38594,23,0,14,12994,2
7,000,143,99,1945,02,57,26,20,47,-73,41,8,17,375934,2,38588,06,0,14,12988,1
7,050,145,01,1941,35,57,67,20,47,-73,41,8,16,374237,6,38581,91,0,13,12981,9
7,100,146,04,1937,68,58,08,20,46,-73,39,8,16,370559,4,38575,79,0,13,12975,8
7,150,147,06,1934,01,58,49,20,46,-73,38,8,16,373987,4,38569,66,0,12,12969,7
7,200,148,08,1930,34,58,89,20,46,-73,37,8,16,373264,1,38563,55,0,12,12963,5
7,250,149,11,1926,67,59,30,20,45,-73,36,8,15,369306,3,38557,45,0,11,12957,5
7,300,150,13,1923,00,59,71,20,45,-73,35,8,15,370861,3,38551,36,0,11,12951,4
7,350,151,15,1919,33,60,12,20,45,-73,34,8,16,372079,4,38545,29,0,11,12945,3
7,400,152,17,1915,67,60,53,20,44,-73,33,8,15,367718,8,38539,23,0,10,12939,2
7,450,153,19,1912,00,60,93,20,44,-73,32,8,15,370756,1,38533,17,0,10,12933,2
7,500,154,22,1908,34,61,34,20,43,-73,31,8,15,368492,9,38527,13,0,10,12927,1
7,550,155,24,1904,67,61,75,20,43,-73,31,8,14,366146,0,38521,09,0,10,12921,1
7,600,156,26,1901,00,62,16,20,43,-73,30,8,14,365552,5,38515,07,0,10,12915,1
7,650,157,28,1897,34,62,56,20,42,-73,29,8,14,365059,6,38509,05,0,10,12909,1
7,700,158,30,1893,68,62,97,20,42,-73,28,8,14,364638,8,38503,04,0,10,12903,0
7,750,159,32,1890,01,63,38,20,41,-73,28,8,14,366195,0,38497,04,0,10,12897,0
7,800,160,34,1886,35,63,78,20,41,-73,27,8,14,366869,9,38491,05,0,11,12891,1
7,850,161,36,1882,68,64,19,20,41,-73,27,8,14,363073,3,38485,07,0,11,12885,1
7,900,162,38,1879,02,64,60,20,40,-73,26,8,13,363161,0,38479,09,0,11,12879,1
7,950,163,40,1875,36,65,00,20,40,-73,26,8,14,364487,7,38473,12,0,11,12873,1
8,000,164,42,1871,69,65,41,20,40,-73,25,8,13,361663,8,38467,16,0,11,12867,2
8,050,165,44,1868,03,65,82,20,39,-73,25,8,13,362383,6,38461,21,0,11,12861,2
8,100,166,46,1864,37,66,22,20,39,-73,25,8,12,361412,2,38455,27,0,12,12855,3
8,150,167,48,1860,71,66,63,20,39,-73,25,8,13,364610,9,38449,32,0,12,12849,3
8,200,168,50,1857,05,67,04,20,38,-73,24,8,13,362565,1,38443,38,0,12,12843,4
8,250,169,52,1853,38,67,44,20,38,-73,24,8,13,360872,8,38437,46,0,12,12837,5
8,300,170,54,1849,72,67,85,20,38,-73,24,8,12,363572,5,38431,53,0,12,12831,5
8,350,171,56,1846,06,68,26,20,37,-73,24,8,12,361798,5,38425,61,0,13,12825,6
8,400,172,58,1842,40,68,66,20,37,-73,24,8,11,359850,6,38419,70,0,13,12819,7
8,450,173,60,1838,74,69,07,20,37,-73,24,8,12,361328,0,38413,78,0,13,12813,8
8,500,174,61,1835,07,69,47,20,36,-73,25,8,11,359243,8,38407,88,0,13,12807,9
8,550,175,63,1831,41,69,88,20,36,-73,25,8,12,360780,0,38401,97,0,13,12802,0
8,600,176,65,1827,75,70,28,20,36,-73,25,8,12,362220,3,38396,08,0,13,12796,1
8,650,177,67,1824,09,70,69,20,35,-73,25,8,11,362076,3,38390,18,0,14,12790,2
8,700,178,68,1820,42,71,10,20,35,-73,26,8,11,359797,3,38384,28,0,14,12784,3
8,750,179,70,1816,76,71,50,20,35,-73,26,8,11,361002,3,38378,38,0,14,12778,4
8,800,180,72,1813,10,71,91,20,34,-73,27,8,10,355799,5,38372,49,0,14,12772,5
8,850,181,74,1809,43,72,31,20,34,-73,27,8,10,355567,4,38366,59,0,14,12766,6
8,900,182,75,1805,77,72,72,20,34,-73,28,8,11,360583,2,38360,69,0,14,12760,7
8,950,183,77,1802,11,73,12,20,33,-73,29,8,10,359851,1,38354,80,0,14,12754,8
9,000,184,79,1798,44,73,53,20,33,-73,30,8,09,358738,1,38348,91,0,14,12748,9
9,050,185,80,1794,78,73,93,20,33,-73,30,8,10,359840,9,38343,02,0,14,12743,0
9,100,186,82,1791,11,74,34,20,32,-73,31,8,09,359436,8,38337,13,0,14,12737,1
9,150,187,83,1787,44,74,74,20,32,-73,32,8,10,359478,8,38331,24,0,14,12731,2
9,200,188,85,1783,78,75,15,20,32,-73,33,8,10,359195,1,38325,36,0,14,12725,4
9,250,189,87,1780,11,75,55,20,31,-73,34,8,08,354174,6,38319,48,0,14,12719,5
9,300,190,88,1776,44,75,95,20,31,-73,35,8,09,361256,3,38313,59,0,14,12713,6
9,350,191,90,1772,78,76,36,20,31,-73,36,8,08,357705,1,38307,72,0,14,12707,7
9,400,192,91,1769,11,76,76,20,30,-73,36,8,09,359144,4,38301,84,0,14,12701,8
9,450,193,93,1765,44,77,17,20,30,-73,37,8,08,358327,5,38295,97,0,14,12696,0
9,500,194,94,1761,77,77,57,20,30,-73,38,8,09,358475,8,38290,10,0,14,12690,1
9,550,195,96,1758,10,77,98,20,29,-73,39,8,08,358046,2,38284,23,0,14,12684,2
9,600,196,97,1754,43,78,38,20,29,-73,38,8,07,377237,0,38278,09,0,14,12678,1
9,650,197,99,1750,76,78,78,20,29,-73,36,8,07,374592,1,38271,89,0,14,12671,9
9,700,199,00,1747,10,79,19,20,28,-73,34,8,08,380921,1,38265,67,0,14,12665,7
9,750,200,01,1743,43,79,59,20,28,-73,31,8,08,381290,4,38259,43,0,14,12659,4
9,800,201,03,1739,77,79,99,20,28,-73,29,8,06,381318,3,38253,18,0,13,12653,2
9,850,202,04,1736,10,80,40,20,27,-73,27,8,07,383406,1,38246,91,0,13,12646,9
9,900,203,06,1732,44,80,80,20,27,-73,24,8,07,386145,5,38240,63,0,13,12640,6
9,950,204,07,1728,78,81,20,20,27,-73,21,8,06,384774,1,38234,33,0,13,12634,3
10,000,205,08,1725,12,81,61,20,26,-73,18,8,06,381660,1,38228,02,0,13,12628,0
10,050,206,10,1721,46,82,01,20,26,-73,15,8,07,386994,9,38221,69,0,13,12621,7
10,100,207,11,1717,80,82,41,20,26,-73,12,8,07,389185,9,38215,36,0,12,12615,4
10,150,208,12,1714,15,82,82,20,25,-73,09,8,06,387897,8,38209,00,0,12,12609,0
10,200,209,13,1710,49,83,22,20,25,-73,05,8,05,388013,7,38202,64,0,12,12602,6
10,250,210,15,1706,84,83,62,20,25,-73,02,8,05,388786,9,38196,27,0,12,12596,3
10,300,211,16,1703,19,84,03,20,24,-72,98,8,05,386802,2,38189,88,0,12,12589,9
10,350,212,17,1699,54,84,43,20,24,-72,94,8,05,387624,8,38183,49,0,11,12583,5
10,400,213,18,1695,90,84,83,20,24,-72,90,8,05,388307,3,38177,08,0,11,12577,1
10,450,214,19,1692,25,85,23,20,23,-72,86,8,04,391524,1,38170,66,0,11,12570,7
10,500,215,20,1688,61,85,64,20,23,-72,82,8,04,392067,7,38164,23,0,11,12564,2
10,550,216,22,1684,97,86,04,20,22,-72,77,8,05,393190,6,38157,80,0,11,12557,8
10,600,217,23,1681,34,86,44,20,22,-72,73,8,05,395287,5,38151,35,0,10,12551,4
10,650,218,24,1677,70,86,84,20,22,-72,68,8,04,391767,1,38144,90,0,10,12544,9
10,700,219,25,1674,07,87,25,20,21,-72,64,8,04,396128,9,38138,44,0,10,12538,4
10,750,220,26,1670,44,87,65,20,21,-72,59,8,03,393194,4,38131,97,0,10,12532,0
10,800,221,27,1666,81,88,05,20,21,-72,54,8,04,397096,1,38125,48,0,10,12525,5
10,850,222,28,1663,18,88,45,20,20,-72,49,8,04,395988,9,38119,00,0,09,12519,0
10,900,223,29,1659,56,88,85,20,20,-72,44,8,04,396470,7,38112,50,0,09,12512,5
10,950,224,30,1655,94,89,25,20,20,-72,38,8,03,397096,9,38106,00,0,09,12506,0
11,000,225,31,1652,32,89,66,20,19,-72,33,8,03,397400,8,38099,49,0,09,12499,5
11,050,226,32,1648,71,90,06,20,19,-72,28,8,02,397107,6,38092,98,0,09,12493,0
11,100,227,33,1645,09,90,46,20,18,-72,22,8,03,398419,8,38086,45,0,09,12486,5
11,150,228,34,1641,48,90,86,20,18,-72,17,8,03,398697,2,38079,93,0,08,12479,9
11,200,229,35,1637,88,91,26,20,18,-72,11,8,03,399151,2,38073,39,0,08,12473,4
11,250,230,36,1634,27,91,66,20,17,-72,05,8,02,398628,8,38066,86,0,08,12466,9
11,300,231,36,1630,67,92,06,20,17,-72,00,8,02,399933,0,38060,31,0,08,12460,3
11,350,232,37,1627,07,92,46,20,17,-71,94,8,02,398968,9,38053,77,0,08,12453,8
11,400,233,38,1623,48,92,87,20,16,-71,88,8,02,400552,2,38047,21,0,08,12447,2
11,450,234,39,1619,89,93,27,20,16,-71,82,8,02,400118,9,38040,65,0,08,12440,7
11,500,235,40,1616,30,93,67,20,15,-71,75,8,01,400444,9,38034,09,0,07,12434,1
11,550,236,40,1612,71,94,07,20,15,-71,69,8,01,400777,2,38027,52,0,07,12427,5
11,600,237,41,1609,13,94,47,20,15,-71,63,8,01,401133,9,38020,95,0,07,12421,0
11,650,238,42,1605,55,94,87,20,14,-71,57,8,01,401451,4,38014,37,0,07,12414,4
11,700,239,43,1601,97,95,27,20,14,-71,50,8,01,401730,2,38007,78,0,07,12407,8
11,750,240,43,1598,40,95,67,20,13,-71,44,8,00,402080,5,38001,19,0,07,12401,2
11,800,241,44,1594,83,96,07,20,13,-71,38,8,00,402337,3,37994,60,0,07,12394,6
11,850,242,45,1591,26,96,47,20,13,-71,31,8,00,402638,5,37988,00,0,07,12388,0
11,900,243,45,1587,69,96,87,20,12,-71,25,8,00,402929,3,37981,40,0,07,12381,4
11,950,244,46,1584,13,97,27,20,12,-71,18,8,00,403209,8,37974,79,0,07,12374,8
12,000,245,46,1580,58,97,67,20,12,-71,12,8,00,403453,0,37968,18,0,07,12368,2
12,050,246,47,1577,02,98,07,20,11,-71,05,7,99,403713,8,37961,56,0,07,12361,6
12,100,247,47,1573,47,98,47,20,11,-70,98,7,99,403964,7,37954,94,0,07,12354,9
12,150,248,48,1569,92,98,87,20,10,-70,92,7,99,404261,4,37948,32,0,07,12348,3
12,200,249,49,1566,38,99,27,20,10,-70,85,7,99,404465,8,37941,69,0,07,12341,7
12,250,250,49,1562,84,99,67,20,10,-70,78,7,99,404716,4,37935,05,0,07,12335,1
12,300,251,49,1559,30,100,07,20,09,-70,71,7,99,404930,6,37928,42,0,07,12328,4
12,350,252,50,1555,77,100,47,20,09,-70,64,7,99,405136,0,37921,78,0,07,12321,8
12,400,253,50,1552,24,100,87,20,09,-70,57,7,98,405305,1,37915,14,0,07,12315,1
12,450,254,51,1548,71,101,26,20,08,-70,51,7,98,405521,2,37908,48,0,07,12308,5
12,500,255,51,1545,19,101,66,20,08,-70,44,7,98,405729,1,37901,84,0,07,12301,8
12,550,256,52,1541,67,102,06,20,07,-70,37,7,98,405956,5,37895,18,0,07,12295,2
12,600,257,52,1538,15,102,46,20,07,-70,30,7,98,406175,9,37888,52,0,07,12288,5
12,650,258,52,1534,64,102,86,20,07,-70,23,7,98,406332,5,37881,86,0,08,12281,9
12,700,259,53,1531,13,103,26,20,06,-70,15,7,98,406509,0,37875,20,0,08,12275,2
12,750,260,53,1527,62,103,66,20,06,-70,08,7,98,406678,1,37868,54,0,08,12268,5
12,800,261,53,1524,12,104,06,20,05,-70,01,7,98,406895,1,37861,87,0,08,12261,9
12,850,262,53,1520,62,104,46,20,05,-69,94,7,97,407022,2,37855,20,0,08,12255,2
12,900,263,54,1517,13,104,85,20,05,-69,87,7,97,407169,9,37848,52,0,09,12248,5
12,950,264,54,1513,63,105,25,20,04,-69,80,7,97,407365,7,37841,84,0,09,12241,8
13,000,265,54,1510,15,105,65,20,04,-69,72,7,97,407527,7,37835,16,0,09,12235,2
13,050,266,54,1506,66,106,05,20,04,-69,65,7,97,407683,2,37828,48,0,09,12228,5
13,100,267,54,1503,18,106,45,20,03,-69,58,7,97,407804,8,37821,80,0,09,12221,8
13,150,268,55,1499,70,106,85,20,02,-69,51,7,97,409245,4,37815,10,0,10,12215,1
13,200,269,55,1496,23,107,25,20,02,-69,44,7,97,410241,3,37808,39,0,10,12208,4
13,250,270,55,1492,76,107,64,20,02,-69,37,7,97,410215,5,37801,66,0,10,12201,7
13,300,271,55,1489,29,108,04,20,00,-69,30,7,97,407772,7,37794,94,0,10,12194,9
13,350,272,55,1485,83,108,44,20,01,-69,23,7,97,412230,2,37788,21,0,10,12188,2
13,400,273,55,1482,37,108,84,20,00,-69,16,7,97,408086,1,37781,48,0,10,12181,5
13,450,274,55,1478,91,109,24,20,00,-69,09,7,97,412808,8,37774,73,0,10,12174,7
13,500,275,55,1475,46,109,64,19,99,-69,02,7,97,408569,4,37767,99,0,10,12168,0
13,550,276,55,1472,01,110,03,19,99,-68,95,7,97,411837,1,37761,24,0,11,12161,2
13,600,277,55,1468,57,110,43,19,98,-68,87,7,97,408888,8,37754,50,0,11,12154,5
13,650,278,55,1465,13,110,83,19,97,-68,80,7,96,412223,5,37747,74,0,10,12147,7
13,700,279,55,1461,69,111,23,19,98,-68,73,7,96,412412,6,37740,98,0,10,12141,0
13,750,280,54,1458,25,111,63,19,97,-68,66,7,96,412593,6,37734,23,0,10,12134,2
13,800,281,54,1454,82,112,03,19,97,-68,59,7,96,412849,4,37727,46,0,10,12127,5
13,850,282,54,1451,39,112,42,19,96,-68,51,7,96,412817,6,37720,70,0,10,12120,7
13,900,283,54,1447,97,112,82,19,96,-68,44,7,96,413327,6,37713,93,0,10,12113,9
13,950,284,54,1444,55,113,22,19,95,-68,37,7,96,412998,1,37707,16,0,10,12107,2
14,000,285,53,1441,13,113,62,19,95,-68,29,7,96,413512,8,37700,39,0,10,12100,4
14,050,286,53,1437,72,114,02,19,94,-68,22,7,96,412639,3,37693,62,0,10,12093,6
14,100,287,53,1434,31,114,41,19,94,-68,14,7,96,413681,8,37686,84,0,09,12086,8
14,150,288,53,1430,91,114,81,19,93,-68,07,7,96,413307,9,37680,07,0,09,12080,1
14,200,289,52,1427,50,115,21,19,94,-67,99,7,96,413749,8,37673,29,0,09,12073,3
14,250,290,52,1424,11,115,61,19,92,-67,92,7,96,413381,8,37666,52,0,09,12066,5
14,300,291,51,1420,71,116,01,19,93,-67,84,7,96,413581,4,37659,74,0,09,12059,7
14,350,292,51,1417,32,116,40,19,92,-67,76,7,96,413577,1,37652,96,0,09,12053,0
14,400,293,51,1413,94,116,80,19,91,-67,69,7,95,413136,8,37646,19,0,08,12046,2
14,450,294,50,1410,55,117,20,19,91,-67,61,7,95,413718,0,37639,41,0,08,12039,4
14,500,295,50,1407,18,117,60,19,91,-67,53,7,95,414553,0,37632,63,0,08,12032,6
14,550,296,49,1403,80,117,99,19,90,-67,45,7,95,413516,9,37625,86,0,08,12025,9
14,600,297,49,1400,43,118,39,19,89,-67,37,7,95,413259,8,37619,08,0,08,12019,1
14,650,298,48,1397,06,118,79,19,89,-67,29,7,95,412085,8,37612,30,0,07,12012,3
14,700,299,48,1393,70,119,19,19,89,-67,22,7,95,413751,2,37605,52,0,07,12005,5
14,750,300,47,1390,34,119,58,19,89,-67,14,7,95,413800,3,37598,74,0,07,11998,7
14,800,301,47,1386,99,119,98,19,88,-67,06,7,95,413704,3,37591,96,0,07,11992,0
14,850,302,46,1383,64,120,38,19,87,-66,98,7,95,412437,8,37585,19,0,07,11985,2
14,900,303,45,1380,29,120,78,19,87,-66,90,7,95,412356,6,37578,41,0,07,11978,4
14,950,304,45,1376,95,121,17,19,86,-66,82,7,94,413289,2,37571,63,0,06,11971,6
15,000,305,44,1373,61,121,57,19,87,-66,74,7,94,414016,4,37564,86,0,06,11964,9
15,050,306,43,1370,27,121,97,19,86,-66,66,7,94,412533,5,37558,08,0,06,11958,1
15,100,307,43,1366,94,122,37,19,86,-66,57,7,94,413229,7,37551,30,0,06,11951,3
15,150,308,42,1363,62,122,76,19,85,-66,49,7,94,412557,5,37544,53,0,06,11944,5
15,200,309,41,1360,29,123,16,19,85,-66,41,7,94,413734,4,37537,75,0,06,11937,8
15,250,310,40,1356,98,123,56,19,84,-66,33,7,94,413143,6,37530,98,0,05,11931,0
15,300,311,40,1353,66,123,95,19,84,-66,25,7,94,412571,4,37524,20,0,05,11924,2
15,350,312,39,1350,35,124,35,19,83,-66,17,7,94,412576,3,37517,43,0,05,11917,4
15,400,313,38,1347,04,124,75,19,83,-66,09,7,94,413072,5,37510,66,0,05,11910,7
15,450,314,37,1343,74,125,14,19,83,-66,00,7,93,413368,9,37503,89,0,05,11903,9
15,500,315,36,1340,44,125,54,19,82,-65,92,7,93,412754,6,37497,12,0,05,11897,1
15,550,316,35,1337,15,125,94,19,82,-65,84,7,93,412968,0,37490,35,0,04,11890,4
15,600,317,34,1333,86,126,33,19,81,-65,76,7,93,412537,3,37483,58,0,04,11883,6
15,650,318,33,1330,57,126,73,19,81,-65,68,7,93,412711,2,37476,81,0,04,11876,8
15,700,319,32,1327,29,127,13,19,80,-65,59,7,93,412608,6,37470,04,0,04,11870,0
15,750,320,31,1324,01,127,52,19,80,-65,51,7,93,412532,5,37463,27,0,04,11863,3
15,800,321,30,1320,74,127,92,19,80,-65,43,7,93,412591,8,37456,51,0,04,11856,5
15,850,322,29,1317,47,128,32,19,79,-65,35,7,92,412976,7,37449,75,0,04,11849,8
15,900,323,28,1314,21,128,71,19,79,-65,26,7,92,412451,5,37442,98,0,04,11843,0
15,950,324,27,1310,95,129,11,19,78,-65,18,7,92,412889,7,37436,22,0,04,11836,2
16,000,325,26,1307,69,129,50,19,78,-65,10,7,92,412307,6,37429,46,0,04,11829,5
16,050,326,25,1304,44,129,90,19,78,-65,02,7,92,412410,9,37422,70,0,04,11822,7
16,100,327,24,1301,19,130,30,19,77,-64,94,7,92,412791,5,37415,94,0,04,11815,9
16,150,328,23,1297,94,130,69,19,77,-64,85,7,92,412206,9,37409,18,0,04,11809,2
16,200,329,22,1294,70,131,09,19,76,-64,77,7,92,412306,3,37402,42,0,03,11802,4
16,250,330,20,1291,46,131,48,19,76,-64,69,7,91,412208,0,37395,66,0,03,11795,7
16,300,331,19,1288,23,131,88,19,75,-64,60,7,91,412168,4,37388,91,0,03,11788,9
16,350,332,18,1285,00,132,27,19,75,-64,52,7,91,412320,9,37382,15,0,03,11782,2
16,400,333,17,1281,78,132,67,19,75,-64,44,7,91,412082,9,37375,39,0,03,11775,4
16,450,334,15,1278,56,133,07,19,74,-64,36,7,91,412110,8,37368,63,0,03,11768,6
16,500,335,14,1275,34,133,46,19,74,-64,27,7,91,411996,1,37361,88,0,03,11761,9
16,550,336,13,1272,13,133,86,19,73,-64,19,7,91,411981,4,37355,12,0,03,11755,1
16,600,337,11,1268,93,134,25,19,73,-64,11,7,91,411892,6,37348,36,0,03,11748,4
16,650,338,10,1265,72,134,65,19,73,-64,03,7,90,411849,1,37341,61,0,03,11741,6
16,700,339,09,1262,52,135,04,19,72,-63,94,7,90,411815,2,37334,86,0,03,11734,9
16,750,340,07,1259,33,135,44,19,72,-63,86,7,90,411757,3,37328,11,0,03,11728,1
16,800,341,06,1256,14,135,83,19,71,-63,78,7,90,412082,6,37321,36,0,03,11721,4
16,850,342,04,1252,95,136,23,19,71,-63,70,7,90,411677,3,37314,61,0,03,11714,6
16,900,343,03,1249,77,136,62,19,71,-63,61,7,90,411687,0,37307,86,0,03,11707,9
16,950,344,02,1246,59,137,02,19,70,-63,53,7,90,411581,7,37301,12,0,03,11701,1
17,000,345,00,1243,41,137,41,19,70,-63,45,7,90,411535,5,37294,37,0,03,11694,4
17,050,345,98,1240,24,137,81,19,69,-63,37,7,90,411681,8,37287,62,0,03,11687,6
17,100,346,97,1237,08,138,20,19,69,-63,28,7,89,411451,5,37280,87,0,03,11680,9
17,150,347,95,1233,92,138,60,19,69,-63,20,7,89,411404,3,37274,13,0,03,11674,1
17,200,348,94,1230,76,138,99,19,68,-63,12,7,89,411384,2,37267,38,0,03,11667,4
17,250,349,92,1227,60,139,39,19,68,-63,04,7,89,411623,2,37260,63,0,03,11660,6
17,300,350,91,1224,45,139,78,19,67,-62,95,7,89,411255,8,37253,89,0,03,11653,9
17,350,351,89,1221,31,140,17,19,67,-62,87,7,89,411207,1,37247,15,0,03,11647,2
17,400,352,87,1218,17,140,57,19,66,-62,79,7,89,411144,3,37240,41,0,03,11640,4
17,450,353,86,1215,03,140,96,19,66,-62,71,7,89,411122,6,37233,67,0,03,11633,7
17,500,354,84,1211,90,141,36,19,66,-62,62,7,88,411045,5,37226,93,0,03,11626,9
17,550,355,82,1208,77,141,75,19,65,-62,54,7,88,411032,8,37220,19,0,03,11620,2
17,600,356,80,1205,64,142,15,19,65,-62,46,7,88,410992,3,37213,45,0,03,11613,5
17,650,357,79,1202,52,142,54,19,64,-62,38,7,88,410912,8,37206,71,0,03,11606,7
17,700,358,77,1199,40,142,93,19,64,-62,29,7,88,410871,8,37199,98,0,03,11600,0
17,750,359,75,1196,29,143,33,19,64,-62,21,7,88,410817,0,37193,24,0,03,11593,2
17,800,360,73,1193,18,143,72,19,63,-62,13,7,88,410761,8,37186,50,0,03,11586,5
17,850,361,71,1190,08,144,12,19,63,-62,05,7,88,410668,0,37179,76,0,03,11579,8
17,900,362,69,1186,98,144,51,19,62,-61,96,7,87,410681,5,37173,03,0,03,11573,0
17,950,363,68,1183,88,144,90,19,62,-61,88,7,87,410625,8,37166,30,0,03,11566,3
18,000,364,66,1180,79,145,30,19,62,-61,80,7,87,410572,7,37159,57,0,03,11559,6
18,050,365,64,1177,70,145,69,19,61,-61,72,7,87,410502,8,37152,84,0,03,11552,9
18,100,366,62,1174,62,146,08,19,61,-61,63,7,87,410435,7,37146,12,0,03,11546,1
18,150,367,60,1171,54,146,48,19,60,-61,55,7,87,410420,9,37139,39,0,03,11539,4
18,200,368,58,1168,46,146,87,19,60,-61,47,7,87,410353,3,37132,66,0,03,11532,7
18,250,369,56,1165,39,147,26,19,60,-61,39,7,87,410423,6,37125,93,0,03,11525,9
18,300,370,54,1162,33,147,66,19,59,-61,30,7,87,410242,8,37119,20,0,03,11519,2
18,350,371,52,1159,26,148,05,19,59,-61,22,7,86,410188,6,37112,48,0,03,11512,5
18,400,372,50,1156,20,148,44,19,58,-61,14,7,86,410175,6,37105,75,0,03,11505,8
18,450,373,48,1153,15,148,84,19,58,-61,06,7,86,410203,7,37099,02,0,03,11499,0
18,500,374,46,1150,10,149,23,19,57,-60,97,7,86,410050,2,37092,30,0,03,11492,3
18,550,375,43,1147,05,149,62,19,57,-60,89,7,86,409995,5,37085,59,0,03,11485,6
18,600,376,41,1144,01,150,02,19,57,-60,81,7,86,409940,7,37078,86,0,03,11478,9
18,650,377,39,1140,97,150,41,19,57,-60,73,7,86,409899,7,37072,14,0,03,11472,1
18,700,378,37,1137,94,150,80,19,56,-60,64,7,86,409844,8,37065,43,0,03,11465,4
18,750,379,35,1134,91,151,19,19,55,-60,56,7,85,409789,9,37058,71,0,03,11458,7
18,800,380,32,1131,88,151,59,19,55,-60,48,7,85,409970,0,37051,99,0,03,11452,0
18,850,381,30,1128,86,151,98,19,55,-60,40,7,85,409653,1,37045,27,0,02,11445,3
18,900,382,28,1125,84,152,37,19,55,-60,32,7,85,409636,2,37038,55,0,02,11438,6
18,950,383,26,1122,83,152,76,19,54,-60,23,7,85,409564,2,37031,83,0,02,11431,8
19,000,384,23,1119,82,153,16,19,54,-60,15,7,85,409505,8,37025,11,0,02,11425,1
19,050,385,21,1116,81,153,55,19,53,-60,07,7,85,409461,4,37018,40,0,02,11418,4
19,100,386,19,1113,81,153,94,19,53,-59,99,7,85,409403,3,37011,70,0,02,11411,7
19,150,387,16,1110,81,154,33,19,53,-59,90,7,84,409345,1,37004,98,0,02,11405,0
19,200,388,14,1107,82,154,73,19,52,-59,82,7,84,409314,5,36998,28,0,02,11398,3
19,250,389,12,1104,83,155,12,19,52,-59,74,7,84,409269,8,36991,57,0,02,11391,6
19,300,390,09,1101,85,155,51,19,51,-59,66,7,84,409225,3,36984,86,0,02,11384,9
19,350,391,07,1098,86,155,90,19,51,-59,58,7,84,409139,4,36978,15,0,02,11378,2
19,400,392,04,1095,89,156,29,19,51,-59,49,7,84,409094,8,36971,44,0,02,11371,4
19,450,393,02,1092,92,156,69,19,50,-59,41,7,84,409050,2,36964,73,0,02,11364,7
19,500,393,99,1089,95,157,08,19,50,-59,33,7,84,409005,8,36958,02,0,02,11358,0
19,550,394,97,1086,98,157,47,19,49,-59,25,7,83,408933,8,36951,31,0,02,11351,3
19,600,395,94,1084,02,157,86,19,49,-59,17,7,83,408875,6,36944,61,0,02,11344,6
19,650,396,92,1081,07,158,25,19,49,-59,08,7,83,408845,0,36937,91,0,02,11337,9
19,700,397,89,1078,11,158,64,19,48,-59,00,7,83,408773,0,36931,21,0,02,11331,2
19,750,398,87,1075,17,159,04,19,48,-58,92,7,83,408728,7,36924,52,0,02,11324,5
19,800,399,84,1072,22,159,43,19,48,-58,84,7,83,408630,6,36917,82,0,02,11317,8
19,850,400,81,1069,28,159,82,19,47,-58,76,7,83,408627,5,36911,12,0,02,11311,1
19,900,401,79,1066,35,160,21,19,47,-58,67,7,83,408570,6,36904,42,0,02,11304,4
19,950,402,76,1063,41,160,60,19,46,-58,59,7,82,408527,6,36897,72,0,02,11297,7
20,000,403,73,1060,49,160,99,19,46,-58,51,7,82,408484,5,36891,02,0,02,11291,0
20,050,404,71,1057,56,161,38,19,46,-58,43,7,82,408386,4,36884,32,0,02,11284,3
20,100,405,68,1054,64,161,77,19,45,-58,35,7,82,408398,4,36877,62,0,02,11277,6
20,150,406,65,1051,73,162,17,19,45,-58,26,7,82,408369,3,36870,93,0,02,11270,9
20,200,407,62,1048,82,162,56,19,45,-58,18,7,82,408312,8,36864,24,0,02,11264,2
20,250,408,60,1045,91,162,95,19,44,-58,10,7,82,408159,6,36857,55,0,02,11257,6
20,300,409,57,1043,01,163,34,19,44,-58,02,7,82,408116,6,36850,86,0,02,11250,9
20,350,410,54,1040,11,163,73,19,43,-57,94,7,81,408087,4,36844,17,0,02,11244,2
20,400,411,51,1037,21,164,12,19,43,-57,85,7,81,408030,7,36837,48,0,02,11237,5
20,450,412,48,1034,32,164,51,19,42,-57,77,7,81,407987,7,36830,79,0,02,11230,8
20,500,413,45,1031,44,164,90,19,42,-57,69,7,81,407987,6,36824,10,0,02,11224,1
20,550,414,42,1028,55,165,29,19,42,-57,61,7,81,407876,0,36817,41,0,02,11217,4
20,600,415,39,1025,68,165,68,19,42,-57,53,7,81,407847,1,36810,72,0,00,11210,7
20,650,416,37,1022,80,166,07,19,41,-57,45,7,81,407805,3,36804,03,0,02,11204,0
20,700,417,34,1019,93,166,46,19,41,-57,36,7,81,407764,1,36797,34,0,02,11197,3
20,750,418,31,1017,06,166,85,19,40,-57,28,7,80,407722,6,36790,66,0,00,11190,7
20,800,419,28,1014,20,167,24,19,40,-57,20,7,80,407681,2,36783,98,0,00,11184,0
20,850,420,25,1011,34,167,63,19,40,-57,12,7,80,407612,5,36777,30,0,00,11177,3
20,900,421,22,1008,49,168,02,19,39,-57,04,7,80,407557,5,36770,63,0,00,11170,6
20,949,422,19,1005,64,168,41,19,39,-56,96,7,80,407502,2,36763,95,0,00,11163,9
20,999,423,15,1002,79,168,80,19,39,-56,87,7,80,407460,8,36757,27,0,00,11157,3
21,049,424,12,999,95,169,19,19,38,-56,79,7,80,407377,9,36750,59,0,00,11150,6
21,099,425,09,997,12,169,58,19,38,-56,71,7,80,407350,2,36743,91,0,00,11143,9
21,149,426,06,994,28,169,97,19,37,-56,63,7,79,407322,3,36737,23,0,00,11137,2
21,199,427,03,991,45,170,36,19,37,-56,55,7,79,407267,1,36730,55,0,00,11130,5
21,249,428,00,988,63,170,75,19,37,-56,47,7,79,407211,7,36723,87,0,02,11123,9
21,299,428,97,985,81,171,14,19,36,-56,38,7,79,407156,7,36717,19,0,02,11117,2
21,349,429,93,982,99,171,53,19,36,-56,30,7,79,407087,6,36710,52,0,02,11110,5
21,399,430,90,980,18,171,92,19,36,-56,22,7,79,407046,4,36703,85,0,02,11103,9
21,449,431,87,977,37,172,31,19,35,-56,14,7,79,406977,5,36697,18,0,02,11097,2
21,499,432,84,974,56,172,70,19,35,-56,06,7,79,406936,1,36690,51,0,02,11090,5
21,549,433,81,971,76,173,09,19,34,-55,98,7,78,406881,3,36683,84,0,02,11083,8
21,599,434,77,968,96,173,48,19,34,-55,90,7,78,406826,2,36677,17,0,00,11077,2
21,649,435,74,966,17,173,87,19,34,-55,81,7,78,406798,9,36670,50,0,00,11070,5
21,699,436,71,963,38,174,26,19,33,-55,73,7,78,406716,7,36663,83,0,00,11063,8
21,749,437,67,960,60,174,64,19,33,-55,65,7,78,406648,0,36657,16,0,02,11057,2
21,799,438,64,957,82,175,03,19,33,-55,57,7,78,406565,4,36650,49,0,02,11050,5
21,849,439,61,955,04,175,42,19,32,-55,49,7,78,406552,3,36643,82,0,00,11043,8
21,899,440,57,952,27,175,81,19,32,-55,41,7,78,406525,3,36637,16,0,00,11037,2
21,949,441,54,949,50,176,20,19,31,-55,32,7,77,406401,7,36630,50,0,02,11030,5
21,999,442,50,946,74,176,59,19,31,-55,24,7,77,406416,1,36623,84,0,00,11023,8
22,049,443,47,943,98,176,98,19,31,-55,16,7,77,406375,7,36617,18,0,02,11017,2
22,099,444,43,941,22,177,37,19,30,-55,08,7,77,406321,4,36610,52,0,00,11010,5
22,149,445,40,938,47,177,75,19,30,-55,00,7,77,406225,8,36603,86,0,02,11003,9
22,199,446,36,935,72,178,14,19,30,-54,92,7,77,406226,9,36597,20,0,00,10997,2
22,249,447,33,932,98,178,53,19,29,-54,84,7,77,406158,8,36590,54,0,00,10990,5
22,299,448,29,930,24,178,92,19,29,-54,76,7,77,406090,8,36583,88,0,02,10983,9
22,349,449,26,927,50,179,31,19,29,-54,67,7,76,406064,5,36577,22,0,02,10977,2
22,399,450,22,924,77,179,70,19,28,-54,59,7,76,406010,3,36570,55,0,00,10970,6
22,449,451,19,922,04,180,08,19,28,-54,51,7,76,405956,6,36563,90,0,00,10963,9
22,499,452,15,919,32,180,47,19,28,-54,43,7,76,405902,7,36557,25,0,00,10957,3
22,549,453,11,916,60,180,86,19,27,-54,35,7,76,405862,7,36550,59,0,00,10950,6
22,599,454,08,913,88,181,25,19,27,-54,27,7,76,405808,8,36543,95,0,00,10944,0
22,649,455,04,911,17,181,64,19,27,-54,19,7,76,405755,2,36537,30,0,00,10937,3
22,699,456,00,908,46,182,02,19,26,-54,10,7,76,405701,4,36530,64,0,00,10930,6
22,749,456,97,905,76,182,41,19,26,-54,02,7,75,405674,8,36523,99,0,02,10924,0
22,799,457,93,903,06,182,80,19,25,-53,94,7,75,405607,5,36517,34,0,02,10917,3
22,849,458,89,900,37,183,19,19,25,-53,86,7,75,405498,2,36510,70,0,00,10910,7
22,899,459,85,897,67,183,57,19,25,-53,78,7,75,405485,7,36504,04,0,00,10904,0
22,949,460,82,894,99,183,96,19,24,-53,70,7,75,405459,5,36497,39,0,02,10897,4
22,999,461,78,892,30,184,35,19,24,-53,62,7,75,405378,0,36490,74,0,00,10890,7
23,049,462,74,889,63,184,74,19,24,-53,54,7,75,405365,5,36484,09,0,02,10884,1
23,099,463,70,886,95,185,12,19,23,-53,45,7,75,405256,7,36477,45,0,00,10877,5
23,149,464,66,884,28,185,51,19,23,-53,37,7,74,405258,0,36470,81,0,02,10870,8
23,199,465,63,881,61,185,90,19,23,-53,29,7,74,405162,8,36464,17,0,00,10864,2
23,249,466,59,878,95,186,29,19,22,-53,21,7,74,405136,9,36457,53,0,02,10857,5
23,299,467,55,876,29,186,67,19,22,-53,13,7,74,405083,3,36450,89,0,02,10850,9
23,349,468,51,873,64,187,06,19,22,-53,05,7,74,404988,0,36444,25,0,00,10844,3
23,399,469,47,870,99,187,45,19,21,-52,97,7,74,404934,1,36437,61,0,00,10837,6
23,449,470,43,868,34,187,83,19,21,-52,89,7,74,404949,5,36430,97,0,00,10831,0
23,499,471,39,865,70,188,22,19,21,-52,81,7,74,404909,5,36424,33,0,02,10824,3
23,549,472,35,863,06,188,61,19,20,-52,72,7,74,404855,7,36417,69,0,02,10817,7
23,599,473,31,860,43,188,99,19,20,-52,64,7,73,404774,7,36411,05,0,02,10811,1
23,649,474,27,857,80,189,38,19,20,-52,56,7,73,404720,9,36404,42,0,02,10804,4
23,699,475,23,855,17,189,77,19,19,-52,48,7,73,404667,4,36397,79,0,02,10797,8
23,749,476,19,852,55,190,15,19,19,-52,40,7,73,404655,0,36391,16,0,02,10791,2
23,799,477,15,849,93,190,54,19,18,-52,32,7,73,404601,5,36384,52,0,02,10784,5
23,849,478,11,847,32,190,93,19,18,-52,24,7,73,404534,3,36377,89,0,00,10777,9
23,899,479,07,844,71,191,31,19,18,-52,16,7,73,404425,4,36371,26,0,00,10771,3
23,949,480,03,842,10,191,70,19,18,-52,07,7,73,404399,7,36364,63,0,00,10764,6
23,999,480,98,839,50,192,09,19,17,-51,99,7,72,404346,3,36358,00,0,02,10758,0
24,049,481,94,836,90,192,47,19,17,-51,91,7,72,404347,8,36351,37,0,00,10751,4
24,099,482,90,834,31,192,86,19,17,-51,83,7,72,404225,4,36344,74,0,00,10744,7
24,149,483,86,831,72,193,24,19,16,-51,75,7,72,404213,4,36338,11,0,02,10738,1
24,199,484,82,829,13,193,63,19,16,-51,67,7,72,404187,6,36331,48,0,00,10731,5
24,249,485,78,826,55,194,02,19,15,-51,59,7,72,404092,7,36324,86,0,02,10724,9
24,299,486,73,823,97,194,40,19,15,-51,51,7,72,404108,3,36318,24,0,00,10718,2
24,349,487,69,821,40,194,79,19,15,-51,43,7,72,404000,0,36311,62,0,02,10711,6
24,399,488,65,818,83,195,17,19,14,-51,35,7,72,403988,1,36305,00,0,00,10705,0
24,449,489,60,816,27,195,56,19,14,-51,26,7,71,403893,7,36298,38,0,02,10698,4
24,499,490,56,813,71,195,95,19,14,-51,18,7,71,403798,9,36291,75,0,00,10691,8
24,549,491,52,811,15,196,33,19,13,-51,10,7,71,403842,4,36285,13,0,00,10685,1
24,599,492,47,808,59,196,72,19,13,-51,02,7,71,403748,0,36278,51,0,02,10678,5
24,649,493,43,806,05,197,10,19,13,-50,94,7,71,403667,1,36271,89,0,00,10671,9
24,699,494,39,803,50,197,49,19,12,-50,86,7,71,403669,3,36265,27,0,00,10665,3
24,749,495,34,800,96,197,87,19,12,-50,78,7,71,403575,0,36258,65,0,02,10658,7
24,799,496,30,798,42,198,26,19,12,-50,70,7,71,403535,7,36252,03,0,02,10652,0
24,849,497,26,795,89,198,64,19,11,-50,62,7,71,403454,8,36245,42,0,00,10645,4
24,899,498,21,793,36,199,03,19,11,-50,54,7,70,403429,4,36238,81,0,00,10638,8
24,949,499,17,790,84,199,41,19,11,-50,45,7,70,403418,2,36232,20,0,00,10632,2
24,999,500,12,788,32,199,80,19,10,-50,37,7,70,403379,0,36225,59,0,00,10625,6
25,049,501,08,785,80,200,18,19,10,-50,29,7,70,403312,3,36218,98,0,00,10619,0
25,099,502,03,783,29,200,57,19,10,-50,21,7,70,403246,2,36212,36,0,00,10612,4
25,149,502,99,780,78,200,95,19,09,-50,13,7,70,403193,5,36205,75,0,00,10605,8
25,199,503,94,778,27,201,34,19,09,-50,05,7,70,403140,7,36199,14,0,02,10599,1
25,249,504,90,775,77,201,72,19,09,-49,97,7,70,403087,8,36192,53,0,00,10592,5
25,299,505,85,773,28,202,11,19,08,-49,89,7,70,403048,9,36185,92,0,00,10585,9
25,349,506,80,770,78,202,49,19,08,-49,81,7,69,403023,6,36179,31,0,00,10579,3
25,399,507,76,768,30,202,88,19,08,-49,73,7,69,402971,1,36172,70,0,00,10572,7
25,449,508,71,765,81,203,26,19,07,-49,65,7,69,402863,3,36166,10,0,00,10566,1
25,499,509,66,763,33,203,65,19,07,-49,56,7,69,402810,7,36159,50,0,00,10559,5
25,549,510,62,760,86,204,03,19,07,-49,48,7,69,402786,0,36152,90,0,02,10552,9
25,599,511,57,758,38,204,42,19,06,-49,40,7,69,402774,8,36146,30,0,00,10546,3
25,649,512,52,755,91,204,80,19,06,-49,32,7,69,402680,7,36139,70,0,00,10539,7
25,699,513,48,753,45,205,19,19,06,-49,24,7,69,402601,0,36133,09,0,02,10533,1
25,749,514,43,750,99,205,57,19,05,-49,16,7,69,402617,4,36126,49,0,00,10526,5
25,799,515,38,748,53,205,95,19,05,-49,08,7,68,402509,8,36119,89,0,00,10519,9
25,849,516,34,746,08,206,34,19,05,-49,00,7,68,402485,3,36113,29,0,00,10513,3
25,899,517,29,743,63,206,72,19,04,-48,92,7,68,402418,7,36106,69,0,00,10506,7
25,949,518,24,741,19,207,11,19,04,-48,84,7,68,402394,4,36100,09,0,00,10500,1
25,999,519,19,738,75,207,49,19,04,-48,76,7,68,402314,3,36093,50,0,02,10493,5
26,049,520,14,736,32,207,87,19,03,-48,68,7,68,402303,3,36086,91,0,00,10486,9
26,099,521,09,733,88,208,26,19,03,-48,59,7,68,402209,9,36080,31,0,02,10480,3
26,149,522,05,731,46,208,64,19,03,-48,51,7,68,402185,2,36073,72,0,00,10473,7
26,199,523,00,729,03,209,03,19,02,-48,43,7,68,402147,5,36067,13,0,00,10467,1
26,249,523,95,726,61,209,41,19,02,-48,35,7,67,402039,8,36060,54,0,02,10460,5
26,299,524,90,724,20,209,79,19,02,-48,27,7,67,402028,9,36053,95,0,00,10454,0
26,349,525,85,721,79,210,18,19,01,-48,19,7,67,402004,4,36047,35,0,00,10447,4
26,399,526,80,719,38,210,56,19,01,-48,11,7,67,401952,6,36040,76,0,00,10440,8
26,449,527,75,716,97,210,94,19,01,-48,03,7,67,401886,8,36034,17,0,00,10434,2
26,499,528,70,714,58,211,33,19,00,-47,95,7,67,401793,3,36027,58,0,02,10427,6
26,549,529,65,712,18,211,71,19,00,-47,87,7,67,401768,9,36020,99,0,02,10421,0
26,599,530,60,709,79,212,09,19,00,-47,79,7,67,401730,5,36014,41,0,00,10414,4
26,649,531,55,707,40,212,48,19,00,-47,71,7,67,401664,9,36007,82,0,00,10407,8
26,699,532,50,705,02,212,86,18,99,-47,62,7,67,401612,8,36001,24,0,00,10401,2
26,749,533,45,702,64,213,24,18,99,-47,54,7,66,401561,0,35994,66,0,00,10394,7
26,799,534,40,700,26,213,63,18,98,-47,46,7,66,401550,8,35988,08,0,00,10388,1
26,849,535,35,697,89,214,01,18,98,-47,38,7,66,401471,3,35981,50,0,00,10381,5
26,898,536,30,695,53,214,39,18,98,-47,30,7,66,401391,8,35974,91,0,00,10374,9
26,948,537,25,693,16,214,78,18,98,-47,22,7,66,401367,8,35968,33,0,00,10368,3
26,998,538,20,690,80,215,16,18,97,-47,14,7,66,401329,9,35961,75,0,02,10361,8
27,048,539,14,688,45,215,54,18,97,-47,06,7,66,401250,6,35955,17,0,02,10355,2
27,098,540,09,686,10,215,93,18,97,-46,98,7,66,401198,9,35948,59,0,00,10348,6
27,148,541,04,683,75,216,31,18,96,-46,90,7,65,401147,4,35942,01,0,00,10342,0
27,198,541,99,681,41,216,69,18,96,-46,82,7,65,401178,1,35935,43,0,00,10335,4
27,248,542,94,679,07,217,07,18,96,-46,74,7,65,401057,6,35928,86,0,00,10328,9
27,298,543,88,676,73,217,46,18,95,-46,66,7,65,401019,9,35922,29,0,02,10322,3
27,348,544,83,674,40,217,84,18,95,-46,58,7,65,400954,7,35915,72,0,00,10315,7
27,398,545,78,672,08,218,22,18,95,-46,49,7,65,400944,8,35909,14,0,00,10309,2
27,448,546,73,669,75,218,60,18,94,-46,41,7,65,400879,0,35902,57,0,00,10302,6
27,498,547,67,667,43,218,99,18,94,-46,33,7,65,400827,9,35896,00,0,00,10296,0
27,548,548,62,665,12,219,37,18,94,-46,25,7,65,400790,6,35889,43,0,00,10289,4
27,598,549,57,662,81,219,75,18,93,-46,17,7,65,400697,3,35882,86,0,00,10282,9
27,648,550,51,660,50,220,13,18,93,-46,09,7,64,400659,8,35876,29,0,00,10276,3
27,698,551,46,658,20,220,52,18,93,-46,01,7,64,400622,4,35869,71,0,00,10269,7
27,748,552,41,655,90,220,90,18,92,-45,93,7,64,400570,7,35863,14,0,02,10263,1
27,798,553,35,653,61,221,28,18,92,-45,85,7,64,400492,1,35856,58,0,00,10256,6
27,848,554,30,651,32,221,66,18,92,-45,77,7,64,400481,9,35850,02,0,00,10250,0
27,898,555,24,649,03,222,04,18,91,-45,69,7,64,400403,2,35843,45,0,00,10243,5
27,948,556,19,646,75,222,43,18,91,-45,61,7,64,400379,1,35836,89,0,00,10236,9
27,998,557,14,644,47,222,81,18,91,-45,53,7,64,400328,4,35830,33,0,00,10230,3
28,048,558,08,642,20,223,19,18,91,-45,45,7,64,400276,8,35823,77,0,00,10223,8
28,098,559,03,639,93,223,57,18,90,-45,37,7,64,400198,6,35817,20,0,00,10217,2
28,148,559,97,637,66,223,95,18,90,-45,29,7,63,400174,7,35810,64,0,02,10210,6
28,198,560,92,635,40,224,33,18,90,-45,20,7,63,400082,4,35804,08,0,00,10204,1
28,248,561,86,633,14,224,72,18,89,-45,12,7,63,400072,4,35797,52,0,00,10197,5
28,298,562,81,630,88,225,10,18,89,-45,04,7,63,400062,8,35790,95,0,00,10191,0
28,348,563,75,628,63,225,48,18,89,-44,96,7,63,399956,7,35784,40,0,00,10184,4
28,398,564,69,626,39,225,86,18,88,-44,88,7,63,399919,1,35777,84,0,02,10177,9
28,448,565,64,624,15,226,24,18,88,-44,80,7,63,399909,9,35771,29,0,00,10171,3
28,498,566,58,621,91,226,62,18,88,-44,72,7,63,399817,2,35764,74,0,00,10164,7
28,548,567,53,619,67,227,01,18,87,-44,64,7,63,399765,9,35758,19,0,02,10158,2
28,598,568,47,617,44,227,39,18,87,-44,56,7,63,399784,0,35751,63,0,00,10151,6
28,648,569,41,615,22,227,77,18,87,-44,48,7,62,399664,3,35745,08,0,00,10145,1
28,698,570,36,613,00,228,15,18,87,-44,40,7,62,399599,2,35738,53,0,00,10138,5
28,748,571,30,610,78,228,53,18,86,-44,32,7,62,399575,6,35731,98,0,02,10132,0
28,798,572,24,608,56,228,91,18,86,-44,24,7,62,399566,3,35725,42,0,00,10125,4
28,848,573,19,606,35,229,29,18,86,-44,16,7,62,399446,7,35718,87,0,00,10118,9
28,898,574,13,604,15,229,67,18,85,-44,08,7,62,399409,2,35712,32,0,00,10112,3
28,948,575,07,601,95,230,05,18,85,-44,00,7,62,399358,0,35705,77,0,02,10105,8
28,998,576,01,599,75,230,43,18,85,-43,91,7,62,399320,9,35699,23,0,00,10099,2
29,048,576,96,597,56,230,82,18,84,-43,83,7,62,399325,5,35692,68,0,00,10092,7
29,098,577,90,595,37,231,20,18,84,-43,75,7,62,399206,0,35686,14,0,00,10086,1
29,148,578,84,593,18,231,58,18,84,-43,67,7,61,399168,8,35679,60,0,00,10079,6
29,198,579,78,591,00,231,96,18,84,-43,59,7,61,399104,2,35673,05,0,00,10073,1
29,248,580,72,588,82,232,34,18,83,-43,51,7,61,399067,0,35666,51,0,00,10066,5
29,298,581,67,586,65,232,72,18,83,-43,43,7,61,399015,9,35659,97,0,00,10060,0
29,348,582,61,584,48,233,10,18,83,-43,35,7,61,398965,2,35653,43,0,02,10053,4
29,398,583,55,582,31,233,48,18,82,-43,27,7,61,398914,3,35646,88,0,02,10046,9
29,448,584,49,580,15,233,86,18,82,-43,19,7,61,398863,3,35640,34,0,00,10040,3
29,498,585,43,577,99,234,24,18,82,-43,11,7,61,398826,2,35633,80,0,00,10033,8
29,548,586,37,575,84,234,62,18,82,-43,03,7,61,398761,6,35627,26,0,00,10027,3
29,598,587,31,573,69,235,00,18,81,-42,95,7,61,398766,4,35620,73,0,00,10020,7
29,648,588,25,571,54,235,38,18,81,-42,87,7,60,398715,8,35614,20,0,00,10014,2
29,698,589,19,569,40,235,76,18,81,-42,79,7,60,398664,9,35607,66,0,00,10007,7
29,748,590,13,567,27,236,14,18,80,-42,71,7,60,398627,9,35601,13,0,00,10001,1
29,798,591,07,565,13,236,52,18,80,-42,63,7,60,398563,5,35594,59,0,00,9994,6
29,848,592,01,563,00,236,90,18,80,-42,55,7,60,398471,2,35588,06,0,00,9988,1
29,898,592,95,560,88,237,28,18,80,-42,47,7,60,398420,6,35581,53,0,00,9981,5
29,948,593,89,558,76,237,66,18,79,-42,38,7,60,398369,8,35574,99,0,02,9975,0
29,998,594,83,556,64,238,04,18,79,-42,30,7,60,398333,0,35568,46,0,00,9968,5
30,048,595,77,554,53,238,42,18,79,-42,22,7,60,398268,7,35561,93,0,00,9961,9
30,098,596,71,552,42,238,80,18,78,-42,14,7,60,398217,8,35555,39,0,00,9955,4
30,148,597,65,550,31,239,18,18,78,-42,06,7,59,398167,1,35548,87,0,00,9948,9
30,198,598,59,548,21,239,56,18,78,-41,98,7,59,398116,3,35542,34,0,00,9942,3
30,248,599,53,546,11,239,94,18,77,-41,90,7,59,398093,4,35535,82,0,00,9935,8
30,298,600,47,544,02,240,32,18,77,-41,82,7,59,398042,9,35529,30,0,00,9929,3
30,348,601,40,541,93,240,70,18,77,-41,74,7,59,397978,1,35522,77,0,00,9922,8
30,398,602,34,539,85,241,08,18,77,-41,66,7,59,397927,4,35516,25,0,02,9916,3
30,448,603,28,537,77,241,46,18,76,-41,58,7,59,397890,5,35509,73,0,00,9909,7
30,498,604,22,535,69,241,84,18,76,-41,50,7,59,397853,8,35503,20,0,00,9903,2
30,548,605,16,533,62,242,22,18,76,-41,42,7,59,397775,8,35496,68,0,00,9896,7
30,598,606,09,531,55,242,60,18,75,-41,34,7,59,397753,1,35490,16,0,00,9890,2
30,648,607,03,529,48,242,98,18,75,-41,26,7,59,397674,2,35483,63,0,02,9883,6
30,698,607,97,527,42,243,36,18,75,-41,18,7,58,397623,7,35477,11,0,00,9877,1
30,748,608,91,525,36,243,74,18,75,-41,10,7,58,397573,2,35470,59,0,00,9870,6
30,798,609,84,523,31,244,11,18,74,-41,02,7,58,397536,6,35464,08,0,00,9864,1
30,848,610,78,521,26,244,49,18,74,-40,94,7,58,397527,1,35457,57,0,00,9857,6
30,898,611,72,519,22,244,87,18,74,-40,86,7,58,397421,1,35451,05,0,00,9851,1
30,948,612,65,517,18,245,25,18,73,-40,78,7,58,397370,5,35444,54,0,00,9844,5
30,998,613,59,515,14,245,63,18,73,-40,69,7,58,397333,7,35438,02,0,00,9838,0
31,048,614,53,513,11,246,01,18,73,-40,61,7,58,397282,5,35431,51,0,00,9831,5
31,098,615,46,511,08,246,39,18,73,-40,53,7,58,397232,1,35425,00,0,00,9825,0
31,148,616,40,509,05,246,77,18,72,-40,45,7,58,397167,8,35418,48,0,00,9818,5
31,198,617,34,507,03,247,15,18,72,-40,37,7,58,397172,7,35411,97,0,00,9812,0
31,248,618,27,505,02,247,53,18,72,-40,29,7,57,397066,4,35405,46,0,00,9805,5
31,298,619,21,503,00,247,90,18,71,-40,21,7,57,397015,9,35398,95,0,00,9798,9
31,348,620,14,501,00,248,28,18,71,-40,13,7,57,396965,5,35392,44,0,00,9792,4
31,398,621,08,498,99,248,66,18,71,-40,05,7,57,396928,4,35385,93,0,00,9785,9
31,448,622,01,496,99,249,04,18,71,-39,97,7,57,396878,1,35379,43,0,00,9779,4
31,498,622,95,494,99,249,42,18,70,-39,89,7,57,396855,6,35372,93,0,00,9772,9
31,548,623,88,493,00,249,80,18,70,-39,81,7,57,396777,1,35366,42,0,00,9766,4
31,598,624,82,491,01,250,17,18,70,-39,73,7,57,396726,8,35359,92,0,00,9759,9
31,648,625,75,489,03,250,55,18,69,-39,65,7,57,396717,5,35353,41,0,00,9753,4
31,698,626,69,487,05,250,93,18,69,-39,57,7,57,396611,5,35346,91,0,00,9746,9
31,748,627,62,485,07,251,31,18,69,-39,49,7,57,396574,7,35340,41,0,00,9740,4
31,798,628,56,483,10,251,69,18,69,-39,41,7,56,396523,6,35333,90,0,00,9733,9
31,848,629,49,481,13,252,07,18,68,-39,33,7,56,396473,3,35327,40,0,00,9727,4
31,898,630,43,479,17,252,44,18,68,-39,25,7,56,396477,5,35320,89,0,00,9720,9
31,948,631,36,477,21,252,82,18,68,-39,17,7,56,396371,6,35314,40,0,00,9714,4
31,998,632,29,475,25,253,20,18,68,-39,09,7,56,396334,8,35307,91,0,00,9707,9
32,048,633,23,473,30,253,58,18,67,-39,01,7,56,396269,8,35301,41,0,00,9701,4
32,098,634,16,471,35,253,96,18,67,-38,92,7,56,396219,2,35294,92,0,00,9694,9
32,148,635,09,469,41,254,33,18,67,-38,84,7,56,396181,9,35288,42,0,02,9688,4
32,198,636,03,467,47,254,71,18,66,-38,76,7,56,396104,0,35281,93,0,00,9681,9
32,248,636,96,465,53,255,09,18,66,-38,68,7,56,396122,2,35275,44,0,00,9675,4
32,298,637,89,463,60,255,47,18,66,-38,60,7,56,396016,3,35268,94,0,00,9668,9
32,348,638,83,461,67,255,85,18,66,-38,52,7,55,395993,4,35262,45,0,00,9662,4
32,398,639,76,459,74,256,22,18,65,-38,44,7,55,395914,7,35255,95,0,00,9656,0
32,448,640,69,457,82,256,60,18,65,-38,36,7,55,395864,2,35249,46,0,00,9649,5
32,498,641,62,455,91,256,98,18,65,-38,28,7,55,395826,8,35242,97,0,00,9643,0
32,548,642,56,454,00,257,36,18,65,-38,20,7,55,395748,7,35236,48,0,00,9636,5
32,598,643,49,452,09,257,73,18,64,-38,12,7,55,395725,1,35230,00,0,00,9630,0
32,648,644,42,450,18,258,11,18,64,-38,04,7,55,395633,5,35223,52,0,00,9623,5
32,698,645,35,448,28,258,49,18,64,-37,96,7,55,395623,9,35217,03,0,00,9617,0
32,748,646,29,446,39,258,87,18,63,-37,88,7,55,395587,4,35210,55,0,00,9610,5
32,798,647,22,444,50,259,24,18,63,-37,80,7,55,395522,6,35204,06,0,00,9604,1
32,848,648,15,442,61,259,62,18,63,-37,72,7,55,395458,4,35197,58,0,00,9597,6
32,898,649,08,440,72,260,00,18,63,-37,64,7,55,395421,2,35191,09,0,00,9591,1
32,948,650,01,438,84,260,38,18,62,-37,56,7,54,395425,4,35184,61,0,00,9584,6
32,998,650,94,436,97,260,75,18,62,-37,48,7,54,395305,6,35178,13,0,00,9578,1
33,048,651,87,435,10,261,13,18,62,-37,40,7,54,395268,1,35171,64,0,02,9571,6
33,098,652,80,433,23,261,51,18,62,-37,32,7,54,395217,4,35165,16,0,00,9565,2
33,148,653,73,431,37,261,88,18,61,-37,24,7,54,395152,4,35158,68,0,00,9558,7
33,198,654,67,429,51,262,26,18,61,-37,16,7,54,395115,9,35152,21,0,00,9552,2
33,248,655,60,427,65,262,64,18,61,-37,08,7,54,395064,7,35145,73,0,00,9545,7
33,298,656,53,425,80,263,02,18,61,-36,99,7,54,395000,3,35139,26,0,00,9539,3
33,348,657,46,423,95,263,39,18,60,-36,91,7,54,394976,6,35132,79,0,00,9532,8
33,398,658,39,422,11,263,77,18,60,-36,83,7,54,394925,3,35126,31,0,02,9526,3
33,448,659,32,420,27,264,15,18,60,-36,75,7,54,394861,1,35119,84,0,00,9519,8
33,498,660,25,418,43,264,52,18,60,-36,67,7,54,394809,6,35113,36,0,00,9513,4
33,548,661,18,416,60,264,90,18,59,-36,59,7,53,394758,9,35106,89,0,00,9506,9
33,598,662,11,414,77,265,28,18,59,-36,51,7,53,394707,3,35100,41,0,00,9500,4
33,648,663,04,412,95,265,65,18,59,-36,43,7,53,394655,8,35093,94,0,02,9493,9
33,698,663,96,411,13,266,03,18,59,-36,35,7,53,394604,9,35087,47,0,00,9487,5
33,748,664,89,409,31,266,41,18,58,-36,27,7,53,394553,6,35081,00,0,00,9481,0
33,798,665,82,407,50,266,78,18,58,-36,19,7,53,394503,0,35074,54,0,00,9474,5
33,848,666,75,405,69,267,16,18,58,-36,11,7,53,394451,7,35068,07,0,00,9468,1
33,898,667,68,403,89,267,54,18,58,-36,03,7,53,394414,2,35061,61,0,00,9461,6
33,948,668,61,402,09,267,91,18,57,-35,95,7,53,394363,5,35055,14,0,00,9455,1
33,998,669,54,400,30,268,29,18,57,-35,87,7,53,394312,0,35048,68,0,00,9448,7
34,048,670,47,398,50,268,66,18,57,-35,79,7,53,394246,8,35042,21,0,00,9442,2
34,098,671,39,396,72,269,04,18,56,-35,71,7,53,394195,8,35035,75,0,00,9435,8
34,148,672,32,394,93,269,42,18,56,-35,63,7,52,394158,2,35029,29,0,00,9429,3
34,198,673,25,393,15,269,79,18,56,-35,55,7,52,394106,4,35022,82,0,02,9422,8
34,248,674,18,391,38,270,17,18,56,-35,47,7,52,394055,4,35016,36,0,00,9416,4
34,298,675,11,389,61,270,55,18,55,-35,39,7,52,393989,9,35009,90,0,00,9409,9
34,348,676,03,387,84,270,92,18,55,-35,31,7,52,393938,2,35003,45,0,02,9403,4
34,398,676,96,386,08,271,30,18,55,-35,23,7,52,393887,2,34996,99,0,00,9397,0
34,448,677,89,384,32,271,67,18,55,-35,15,7,52,393821,8,34990,53,0,00,9390,5
34,498,678,82,382,56,272,05,18,54,-35,07,7,52,393797,9,34984,08,0,00,9384,1
34,548,679,74,380,81,272,43,18,54,-34,99,7,52,393747,2,34977,63,0,00,9377,6
34,598,680,67,379,06,272,80,18,54,-34,90,7,52,393695,8,34971,17,0,00,9371,2
34,648,681,60,377,32,273,18,18,54,-34,82,7,52,393644,3,34964,71,0,00,9364,7
34,698,682,52,375,58,273,55,18,53,-34,74,7,52,393593,5,34958,26,0,00,9358,3
34,748,683,45,373,85,273,93,18,53,-34,66,7,52,393528,2,34951,80,0,00,9351,8
34,798,684,38,372,11,274,30,18,53,-34,58,7,51,393490,3,34945,35,0,00,9345,3
34,848,685,30,370,39,274,68,18,53,-34,50,7,51,393467,0,34938,89,0,00,9338,9
34,898,686,23,368,66,275,06,18,53,-34,42,7,51,393374,0,34932,45,0,00,9332,4
34,948,687,16,366,94,275,43,18,52,-34,34,7,51,393336,2,34926,00,0,00,9326,0
34,998,688,08,365,23,275,81,18,52,-34,26,7,51,393270,7,34919,55,0,00,9319,6
35,048,689,01,363,52,276,18,18,52,-34,18,7,51,393233,4,34913,11,0,00,9313,1
35,098,689,93,361,81,276,56,18,52,-34,10,7,51,393167,8,34906,66,0,00,9306,7
35,148,690,86,360,11,276,93,18,51,-34,02,7,51,393129,8,34900,22,0,00,9300,2
35,198,691,79,358,41,277,31,18,51,-33,94,7,51,393077,9,34893,77,0,00,9293,8
35,248,692,71,356,71,277,68,18,51,-33,86,7,51,393026,7,34887,33,0,00,9287,3
35,298,693,64,355,02,278,06,18,51,-33,78,7,51,392974,7,34880,88,0,00,9280,9
35,348,694,56,353,34,278,44,18,50,-33,70,7,51,392922,7,34874,44,0,00,9274,4
35,398,695,49,351,65,278,81,18,50,-33,62,7,50,392898,8,34867,99,0,00,9268,0
35,448,696,41,349,97,279,19,18,50,-33,54,7,50,392819,2,34861,55,0,00,9261,6
35,498,697,34,348,30,279,56,18,50,-33,46,7,50,392767,1,34855,12,0,00,9255,1
35,548,698,26,346,63,279,94,18,49,-33,38,7,50,392701,2,34848,68,0,00,9248,7
35,598,699,19,344,96,280,31,18,49,-33,30,7,50,392677,4,34842,25,0,00,9242,2
35,648,700,11,343,30,280,69,18,49,-33,22,7,50,392611,6,34835,81,0,00,9235,8
35,698,701,04,341,64,281,06,18,49,-33,14,7,50,392545,8,34829,38,0,00,9229,4
35,748,701,96,339,99,281,44,18,48,-33,06,7,50,392521,4,34822,94,0,00,9222,9
35,798,702,88,338,33,281,81,18,48,-32,98,7,50,392470,0,34816,51,0,00,9216,5
35,848,703,81,336,69,282,19,18,48,-32,90,7,50,392404,2,34810,07,0,00,9210,1
35,898,704,73,335,04,282,56,18,48,-32,82,7,50,392338,2,34803,64,0,00,9203,6
35,948,705,66,333,41,282,94,18,47,-32,73,7,50,392299,9,34797,20,0,00,9197,2
35,998,706,58,331,77,283,31,18,47,-32,65,7,50,392233,9,34790,77,0,00,9190,8
36,049,707,50,330,14,283,69,18,47,-32,57,7,50,392182,4,34784,34,0,00,9184,3
36,099,708,43,328,51,284,06,18,47,-32,49,7,49,392157,9,34777,91,0,00,9177,9
36,149,709,35,326,89,284,44,18,47,-32,41,7,49,392078,0,34771,48,0,00,9171,5
36,199,710,27,325,27,284,81,18,46,-32,33,7,49,392025,7,34765,06,0,00,9165,1
36,249,711,20,323,66,285,18,18,46,-32,25,7,49,392056,4,34758,63,0,00,9158,6
36,299,712,12,322,05,285,56,18,46,-32,17,7,49,391921,6,34752,21,0,00,9152,2
36,349,713,04,320,44,285,93,18,46,-32,09,7,49,391883,1,34745,78,0,00,9145,8
36,399,713,96,318,84,286,31,18,45,-32,01,7,49,391830,4,34739,36,0,00,9139,4
36,449,714,89,317,24,286,68,18,45,-31,93,7,49,391777,9,34732,93,0,00,9132,9
36,499,715,81,315,65,287,06,18,45,-31,85,7,49,391705,3,34726,51,0,00,9126,5
36,549,716,73,314,05,287,43,18,45,-31,77,7,49,391673,5,34720,08,0,00,9120,1
36,599,717,65,312,47,287,81,18,44,-31,69,7,49,391621,0,34713,66,0,00,9113,7
36,649,718,58,310,89,288,18,18,44,-31,61,7,49,391561,6,34707,25,0,00,9107,2
36,699,719,50,309,31,288,55,18,44,-31,53,7,49,391508,9,34700,83,0,00,9100,8
36,749,720,42,307,73,288,93,18,44,-31,45,7,49,391470,1,34694,41,0,00,9094,4
36,799,721,34,306,16,289,30,18,44,-31,37,7,48,391404,4,34688,00,0,00,9088,0
36,849,722,26,304,60,289,68,18,43,-31,29,7,48,391351,8,34681,58,0,00,9081,6
36,899,723,18,303,03,290,05,18,43,-31,21,7,48,391305,8,34675,16,0,00,9075,2
36,949,724,11,301,47,290,43,18,43,-31,13,7,48,391253,0,34668,75,0,00,9068,7
36,999,725,03,299,92,290,80,18,43,-31,05,7,48,391193,3,34662,33,0,00,9062,3
37,049,725,95,298,37,291,17,18,42,-30,97,7,48,391154,8,34655,92,0,00,9055,9
37,099,726,87,296,82,291,55,18,42,-30,89,7,48,391088,0,34649,50,0,00,9049,5
37,149,727,79,295,28,291,92,18,42,-30,81,7,48,391048,9,34643,09,0,00,9043,1
37,199,728,71,293,74,292,30,18,42,-30,73,7,48,390995,9,34636,68,0,00,9036,7
37,249,729,63,292,21,292,67,18,41,-30,65,7,48,390942,9,34630,28,0,00,9030,3
37,299,730,55,290,68,293,04,18,41,-30,57,7,48,390882,9,34623,87,0,00,9023,9
37,349,731,47,289,15,293,42,18,41,-30,48,7,48,390837,5,34617,46,0,00,9017,5
37,399,732,39,287,63,293,79,18,41,-30,40,7,48,390777,6,34611,06,0,00,9011,1
37,449,733,31,286,11,294,17,18,41,-30,32,7,48,390717,7,34604,65,0,00,9004,7
37,499,734,24,284,60,294,54,18,40,-30,24,7,47,390671,6,34598,25,0,00,8998,2
37,549,735,16,283,09,294,91,18,40,-30,16,7,47,390618,6,34591,84,0,00,8991,8
37,599,736,08,281,58,295,29,18,40,-30,08,7,47,390565,4,34585,43,0,00,8985,4
37,649,736,99,280,08,295,66,18,40,-30,00,7,47,390581,6,34579,03,0,00,8979,0
37,699,737,91,278,58,296,03,18,40,-29,92,7,47,390459,9,34572,62,0,00,8972,6
37,749,738,83,277,09,296,41,18,39,-29,84,7,47,390406,8,34566,23,0,00,8966,2
37,799,739,75,275,60,296,78,18,39,-29,76,7,47,390353,7,34559,83,0,00,8959,8
37,849,740,67,274,11,297,15,18,39,-29,68,7,47,390307,4,34553,43,0,00,8953,4
37,899,741,59,272,63,297,53,18,39,-29,60,7,47,390254,1,34547,04,0,00,8947,0
37,949,742,51,271,15,297,90,18,38,-29,52,7,47,390200,9,34540,64,0,00,8940,6
37,999,743,43,269,68,298,27,18,38,-29,44,7,47,390202,9,34534,24,0,00,8934,2
38,049,744,35,268,21,298,65,18,38,-29,36,7,47,390087,8,34527,84,0,00,8927,8
38,099,745,27,266,74,299,02,18,38,-29,28,7,47,390034,4,34521,45,0,00,8921,4
38,149,746,19,265,28,299,39,18,38,-29,20,7,47,389987,9,34515,05,0,00,8915,1
38,199,747,11,263,82,299,77,18,37,-29,12,7,47,389934,4,34508,66,0,00,8908,7
38,249,748,03,262,37,300,14,18,37,-29,04,7,46,389880,9,34502,26,0,00,8902,3
38,299,748,94,260,92,300,51,18,37,-28,96,7,46,389820,4,34495,87,0,00,8895,9
38,349,749,86,259,47,300,89,18,37,-28,88,7,46,389773,8,34489,48,0,00,8889,5
38,399,750,78,258,03,301,26,18,37,-28,80,7,46,389713,9,34483,10,0,00,8883,1
38,449,751,70,256,59,301,63,18,36,-28,72,7,46,389667,3,34476,71,0,00,8876,7
38,499,752,62,255,16,302,01,18,36,-28,64,7,46,389606,8,34470,32,0,00,8870,3
38,549,753,54,253,73,302,38,18,36,-28,56,7,46,389553,0,34463,94,0,00,8863,9
38,599,754,45,252,30,302,75,18,36,-28,48,7,46,389499,3,34457,55,0,00,8857,6
38,649,755,37,250,88,303,13,18,35,-28,40,7,46,389452,4,34451,16,0,00,8851,2
38,699,756,29,249,46,303,50,18,35,-28,32,7,46,389391,7,34444,78,0,00,8844,8
38,749,757,21,248,05,303,87,18,35,-28,23,7,46,389337,7,34438,39,0,00,8838,4
38,799,758,12,246,64,304,24,18,35,-28,15,7,46,389283,8,34432,00,0,00,8832,0
38,849,759,04,245,23,304,62,18,35,-28,07,7,46,389230,6,34425,63,0,00,8825,6
38,899,759,96,243,83,304,99,18,34,-27,99,7,46,389183,6,34419,25,0,00,8819,2
38,949,760,88,242,43,305,36,18,34,-27,91,7,46,389122,7,34412,87,0,00,8812,9
38,999,761,79,241,04,305,74,18,34,-27,83,7,45,389075,6,34406,49,0,00,8806,5
39,049,762,71,239,65,306,11,18,34,-27,75,7,45,389021,6,34400,12,0,00,8800,1
39,099,763,63,238,26,306,48,18,34,-27,67,7,45,388967,4,34393,74,0,00,8793,7
39,149,764,54,236,88,306,85,18,33,-27,59,7,45,388906,3,34387,36,0,00,8787,4
39,199,765,46,235,51,307,23,18,33,-27,51,7,45,388859,1,34380,98,0,00,8781,0
39,249,766,38,234,13,307,60,18,33,-27,43,7,45,388804,8,34374,61,0,00,8774,6
39,299,767,29,232,76,307,97,18,33,-27,35,7,45,388737,5,34368,23,0,00,8768,2
39,349,768,21,231,40,308,34,18,33,-27,27,7,45,388683,1,34361,86,0,00,8761,9
39,399,769,12,230,04,308,72,18,32,-27,19,7,45,388642,7,34355,48,0,00,8755,5
39,449,770,04,228,68,309,09,18,32,-27,11,7,45,388581,4,34349,12,0,00,8749,1
39,499,770,96,227,32,309,46,18,32,-27,03,7,45,388527,1,34342,75,0,00,8742,8
39,549,771,87,225,97,309,83,18,32,-26,95,7,45,388472,7,34336,38,0,00,8736,4
39,599,772,79,224,63,310,21,18,32,-26,87,7,45,388425,1,34330,02,0,00,8730,0
39,649,773,70,223,29,310,58,18,31,-26,79,7,45,388377,8,34323,65,0,00,8723,7
39,699,774,62,221,95,310,95,18,31,-26,71,7,45,388316,4,34317,28,0,00,8717,3
39,749,775,54,220,62,311,32,18,31,-26,63,7,45,388262,0,34310,91,0,00,8710,9
39,799,776,45,219,29,311,70,18,31,-26,55,7,44,388187,4,34304,55,0,00,8704,5
39,849,777,37,217,96,312,07,18,31,-26,47,7,44,388146,6,34298,18,0,00,8698,2
39,899,778,28,216,64,312,44,18,30,-26,39,7,44,388098,8,34291,81,0,00,8691,8
39,949,779,20,215,32,312,81,18,30,-26,31,7,44,388044,1,34285,46,0,00,8685,5
39,999,780,11,214,01,313,18,18,30,-26,23,7,44,387989,5,34279,10,0,00,8679,1
40,049,781,03,212,70,313,56,18,30,-26,15,7,44,387927,9,34272,74,0,00,8672,7
40,099,781,94,211,40,313,93,18,30,-26,07,7,44,387880,1,34266,38,0,00,8666,4
40,149,782,86,210,09,314,30,18,29,-25,99,7,44,387825,4,34260,03,0,00,8660,0
40,199,783,77,208,80,314,67,18,29,-25,90,7,44,387777,6,34253,67,0,00,8653,7
40,249,784,69,207,50,315,04,18,29,-25,82,7,44,387708,9,34247,31,0,00,8647,3
40,299,785,60,206,22,315,42,18,29,-25,74,7,44,387668,0,34240,95,0,00,8641,0
40,349,786,51,204,93,315,79,18,29,-25,66,7,44,387599,3,34234,60,0,00,8634,6
40,399,787,43,203,65,316,16,18,28,-25,58,7,44,387551,9,34228,24,0,00,8628,2
40,449,788,34,202,37,316,53,18,28,-25,50,7,44,387489,9,34221,88,0,00,8621,9
40,499,789,26,201,10,316,90,18,28,-25,42,7,44,387434,8,34215,54,0,00,8615,5
40,549,790,17,199,83,317,28,18,28,-25,34,7,44,387379,8,34209,19,0,00,8609,2
40,599,791,08,198,56,317,65,18,28,-25,26,7,44,387338,5,34202,84,0,00,8602,8
40,649,792,00,197,30,318,02,18,27,-25,18,7,44,387276,4,34196,49,0,00,8596,5
40,699,792,91,196,05,318,39,18,27,-25,10,7,43,387214,3,34190,14,0,00,8590,1
40,750,793,83,194,79,318,76,18,27,-25,02,7,43,387166,1,34183,80,0,00,8583,8
40,800,794,74,193,54,319,13,18,27,-24,94,7,43,387097,1,34177,45,0,00,8577,4
40,850,795,65,192,30,319,51,18,27,-24,86,7,43,387048,8,34171,10,0,00,8571,1
40,900,796,57,191,06,319,88,18,27,-24,78,7,43,387007,3,34164,75,0,00,8564,8
40,950,797,48,189,82,320,25,18,26,-24,70,7,43,386945,0,34158,41,0,00,8558,4
41,000,798,39,188,59,320,62,18,26,-24,62,7,43,386896,5,34152,06,0,00,8552,1
41,050,799,31,187,36,320,99,18,26,-24,54,7,43,386820,4,34145,72,0,00,8545,7
41,100,800,22,186,13,321,36,18,26,-24,46,7,43,386779,5,34139,38,0,00,8539,4
41,150,801,13,184,91,321,74,18,26,-24,38,7,43,386717,2,34133,05,0,00,8533,0
41,200,802,04,183,70,322,11,18,25,-24,30,7,43,386661,6,34126,71,0,00,8526,7
41,250,802,96,182,48,322,48,18,25,-24,22,7,43,386605,9,34120,37,0,00,8520,4
41,300,803,87,181,27,322,85,18,25,-24,14,7,43,386550,3,34114,03,0,00,8514,0
41,350,804,78,180,07,323,22,18,25,-24,06,7,43,386494,5,34107,70,0,00,8507,7
41,400,805,69,178,87,323,59,18,25,-23,98,7,43,386438,8,34101,36,0,00,8501,4
41,450,806,61,177,67,323,96,18,24,-23,90,7,43,386389,8,34095,02,0,00,8495,0
41,500,807,52,176,48,324,34,18,24,-23,82,7,43,386327,1,34088,68,0,00,8488,7
41,550,808,43,175,29,324,71,18,24,-23,74,7,43,386278,2,34082,35,0,00,8482,3
41,600,809,34,174,11,325,08,18,24,-23,65,7,42,386215,4,34076,02,0,00,8476,0
41,650,810,25,172,93,325,45,18,24,-23,57,7,42,386166,4,34069,69,0,00,8469,7
41,700,811,17,171,75,325,82,18,24,-23,49,7,42,386110,5,34063,36,0,00,8463,4
41,750,812,08,170,58,326,19,18,23,-23,41,7,42,386047,7,34057,04,0,00,8457,0
41,800,812,99,169,41,326,56,18,23,-23,33,7,42,385998,6,34050,71,0,00,8450,7
41,850,813,90,168,24,326,93,18,23,-23,25,7,42,385928,8,34044,38,0,00,8444,4
41,900,814,81,167,08,327,30,18,23,-23,17,7,42,385893,4,34038,05,0,00,8438,1
41,950,815,72,165,93,327,68,18,23,-23,09,7,42,385824,1,34031,72,0,00,8431,7
42,000,816,64,164,77,328,05,18,22,-23,01,7,42,385774,8,34025,39,0,00,8425,4
42,050,817,55,163,62,328,42,18,22,-22,93,7,42,385711,7,34019,07,0,00,8419,1
42,100,818,46,162,48,328,79,18,22,-22,85,7,42,385655,4,34012,75,0,00,8412,7
42,150,819,37,161,34,329,16,18,22,-22,77,7,42,385599,2,34006,43,0,00,8406,4
42,200,820,28,160,20,329,53,18,22,-22,69,7,42,385549,8,34000,11,0,00,8400,1
42,250,821,19,159,07,329,90,18,22,-22,61,7,42,385493,5,33993,79,0,00,8393,8
42,300,822,10,157,94,330,27,18,21,-22,53,7,42,385437,2,33987,47,0,00,8387,5
42,350,823,01,156,82,330,64,18,21,-22,45,7,42,385373,8,33981,16,0,00,8381,2
42,400,823,92,155,70,331,01,18,21,-22,37,7,42,385317,3,33974,84,0,00,8374,8
42,450,824,83,154,58,331,38,18,21,-22,29,7,42,385267,7,33968,52,0,00,8368,5
42,500,825,74,153,47,331,76,18,21,-22,21,7,42,385204,3,33962,20,0,00,8362,2
42,550,826,65,152,36,332,13,18,21,-22,13,7,41,385147,6,33955,88,0,00,8355,9
42,600,827,56,151,25,332,50,18,20,-22,05,7,41,385097,9,33949,56,0,00,8349,6
42,650,828,47,150,15,332,87,18,20,-21,97,7,41,385034,4,33943,26,0,00,8343,3
42,700,829,38,149,06,333,24,18,20,-21,89,7,41,384984,6,33936,95,0,00,8336,9
42,750,830,29,147,97,333,61,18,20,-21,81,7,41,384927,9,33930,64,0,00,8330,6
42,800,831,20,146,88,333,98,18,20,-21,73,7,41,384864,3,33924,33,0,00,8324,3
42,850,832,11,145,79,334,35,18,20,-21,65,7,41,384814,4,33918,02,0,00,8318,0
42,900,833,02,144,71,334,72,18,19,-21,57,7,41,384757,6,33911,71,0,00,8311,7
42,950,833,93,143,64,335,09,18,19,-21,49,7,41,384700,7,33905,41,0,00,8305,4
43,000,834,84,142,56,335,46,18,19,-21,40,7,41,384637,6,33899,09,0,00,8299,1
43,050,835,75,141,50,335,83,18,19,-21,32,7,41,384580,6,33892,79,0,00,8292,8
43,100,836,66,140,43,336,20,18,19,-21,24,7,41,384523,6,33886,48,0,00,8286,5
43,150,837,57,139,37,336,57,18,19,-21,16,7,41,384466,6,33880,18,0,00,8280,2
43,200,838,48,138,32,336,94,18,18,-21,08,7,41,384409,6,33873,88,0,00,8273,9
43,250,839,39,137,26,337,31,18,18,-21,00,7,41,384359,3,33867,58,0,00,8267,6
43,300,840,30,136,22,337,68,18,18,-20,92,7,41,384295,4,33861,28,0,00,8261,3
43,350,841,21,135,17,338,06,18,18,-20,84,7,41,384238,3,33854,98,0,00,8255,0
43,400,842,12,134,13,338,43,18,18,-20,76,7,41,384181,0,33848,68,0,00,8248,7
43,450,843,03,133,09,338,80,18,18,-20,68,7,41,384130,7,33842,38,0,00,8242,4
43,500,843,93,132,06,339,17,18,17,-20,60,7,41,384066,4,33836,09,0,00,8236,1
43,550,844,84,131,03,339,54,18,17,-20,52,7,40,384016,1,33829,79,0,00,8229,8
43,600,845,75,130,01,339,91,18,17,-20,44,7,40,383951,8,33823,49,0,00,8223,5
43,650,846,66,128,99,340,28,18,17,-20,36,7,40,383894,4,33817,20,0,00,8217,2
43,700,847,57,127,97,340,65,18,17,-20,28,7,40,383843,9,33810,91,0,00,8210,9
43,750,848,48,126,96,341,02,18,17,-20,20,7,40,383779,5,33804,62,0,00,8204,6
43,800,849,38,125,95,341,39,18,16,-20,12,7,40,383722,1,33798,33,0,00,8198,3
43,850,850,29,124,95,341,76,18,16,-20,04,7,40,383664,6,33792,04,0,00,8192,0
43,900,851,20,123,95,342,13,18,16,-19,96,7,40,383613,8,33785,75,0,00,8185,7
43,950,852,11,122,95,342,50,18,16,-19,88,7,40,383549,3,33779,46,0,00,8179,5
44,000,853,02,121,96,342,87,18,16,-19,80,7,40,383491,8,33773,17,0,00,8173,2
44,050,853,92,120,97,343,24,18,16,-19,72,7,40,383434,0,33766,88,0,00,8166,9
44,100,854,83,119,99,343,61,18,15,-19,64,7,40,383376,3,33760,60,0,00,8160,6
44,150,855,74,119,01,343,98,18,15,-19,56,7,40,383325,5,33754,32,0,00,8154,3
44,200,856,65,118,04,344,35,18,15,-19,48,7,40,383267,7,33748,03,0,00,8148,0
44,250,857,56,117,06,344,72,18,15,-19,40,7,40,383202,9,33741,75,0,00,8141,7
44,300,858,46,116,10,345,09,18,15,-19,32,7,40,383152,0,33735,46,0,00,8135,5
44,350,859,37,115,13,345,46,18,15,-19,24,7,40,383087,9,33729,19,0,00,8129,2
44,400,860,28,114,17,345,83,18,14,-19,15,7,40,383029,9,33722,91,0,00,8122,9
44,450,861,18,113,22,346,20,18,14,-19,07,7,40,382978,8,33716,63,0,00,8116,6
44,500,862,09,112,26,346,57,18,14,-18,99,7,40,382913,9,33710,35,0,00,8110,3
44,550,863,00,111,32,346,94,18,14,-18,91,7,40,382855,8,33704,07,0,00,8104,1
44,600,863,91,110,37,347,31,18,14,-18,83,7,40,382804,6,33697,80,0,00,8097,8
44,650,864,81,109,43,347,68,18,14,-18,75,7,40,382739,7,33691,52,0,00,8091,5
44,700,865,72,108,50,348,05,18,14,-18,67,7,39,382681,4,33685,25,0,00,8085,2
44,750,866,63,107,57,348,42,18,13,-18,59,7,39,382630,0,33678,97,0,00,8079,0
44,800,867,53,106,64,348,79,18,13,-18,51,7,39,382564,8,33672,70,0,00,8072,7
44,850,868,44,105,72,349,15,18,13,-18,43,7,39,382499,6,33666,43,0,00,8066,4
44,900,869,35,104,80,349,52,18,13,-18,35,7,39,382448,1,33660,16,0,00,8060,2
44,950,870,25,103,88,349,89,18,13,-18,27,7,39,382389,7,33653,89,0,00,8053,9
45,000,871,16,102,97,350,26,18,13,-18,19,7,39,382338,2,33647,62,0,00,8047,6
45,050,872,06,102,06,350,63,18,13,-18,11,7,39,382272,7,33641,35,0,00,8041,4
45,100,872,97,101,16,351,00,18,12,-18,03,7,39,382221,0,33635,09,0,00,8035,1
45,150,873,88,100,26,351,37,18,12,-17,95,7,39,382162,4,33628,82,0,00,8028,8
45,200,874,78,99,36,351,74,18,12,-17,87,7,39,382096,8,33622,56,0,00,8022,6
45,250,875,69,98,47,352,11,18,12,-17,79,7,39,382045,0,33616,29,0,00,8016,3
45,300,876,60,97,58,352,48,18,12,-17,71,7,39,381979,3,33610,03,0,00,8010,0
45,350,877,50,96,70,352,85,18,12,-17,63,7,39,381927,4,33603,77,0,00,8003,8
45,400,878,41,95,82,353,22,18,11,-17,55,7,39,381861,7,33597,51,0,00,7997,5
45,451,879,31,94,95,353,59,18,11,-17,47,7,39,381802,8,33591,25,0,00,7991,3
45,501,880,22,94,07,353,96,18,11,-17,39,7,39,381743,9,33584,99,0,00,7985,0
45,551,881,12,93,21,354,33,18,11,-17,31,7,39,381684,9,33578,73,0,00,7978,7
45,601,882,03,92,34,354,70,18,11,-17,23,7,39,381633,0,33572,48,0,00,7972,5
45,651,882,93,91,48,355,07,18,11,-17,15,7,39,381567,0,33566,22,0,00,7966,2
45,701,883,84,90,63,355,44,18,11,-17,07,7,39,381507,9,33559,96,0,00,7960,0
45,751,884,75,89,78,355,81,18,10,-16,99,7,39,381442,0,33553,71,0,00,7953,7
45,801,885,65,88,93,356,17,18,10,-16,90,7,39,381396,6,33547,45,0,00,7947,5
45,851,886,56,88,09,356,54,18,10,-16,82,7,39,381330,5,33541,20,0,00,7941,2
45,901,887,46,87,25,356,91,18,10,-16,74,7,38,381264,4,33534,95,0,00,7935,0
45,951,888,37,86,41,357,28,18,10,-16,66,7,38,381212,1,33528,70,0,00,7928,7
46,001,889,27,85,58,357,65,18,10,-16,58,7,38,381152,8,33522,45,0,00,7922,5
46,051,890,18,84,75,358,02,18,10,-16,50,7,38,381093,5,33516,20,0,00,7916,2
46,101,891,08,83,93,358,39,18,09,-16,42,7,38,381034,2,33509,96,0,00,7910,0
46,151,891,98,83,11,358,76,18,09,-16,34,7,38,380974,8,33503,71,0,00,7903,7
46,201,892,89,82,30,359,13,18,09,-16,26,7,38,380970,8,33497,47,0,00,7897,5
46,251,893,79,81,49,359,50,18,09,-16,18,7,38,380856,5,33491,22,0,00,7891,2
46,301,894,70,80,68,359,87,18,09,-16,10,7,38,380797,0,33484,98,0,00,7885,0
46,351,895,60,79,88,360,24,18,09,-16,02,7,38,380737,5,33478,74,0,00,7878,7
46,401,896,51,79,08,360,61,18,09,-15,94,7,38,380681,3,33472,50,0,00,7872,5
46,451,897,41,78,28,360,97,18,09,-15,86,7,38,380614,6,33466,26,0,00,7866,3
46,501,898,32,77,49,361,34,18,08,-15,78,7,38,380554,8,33460,02,0,00,7860,0
46,551,899,22,76,70,361,71,18,08,-15,70,7,38,380495,0,33453,78,0,00,7853,8
46,601,900,12,75,92,362,08,18,08,-15,62,7,38,380438,6,33447,54,0,00,7847,5
46,651,901,03,75,14,362,45,18,08,-15,54,7,38,380375,2,33441,30,0,00,7841,3
46,701,901,93,74,37,362,82,18,08,-15,46,7,38,380322,2,33435,07,0,00,7835,1
46,751,902,84,73,60,363,19,18,08,-15,38,7,38,380258,7,33428,84,0,00,7828,8
46,801,903,74,72,83,363,56,18,08,-15,30,7,38,380191,8,33422,60,0,00,7822,6
46,851,904,64,72,07,363,93,18,07,-15,22,7,38,380138,6,33416,37,0,00,7816,4
46,901,905,55,71,31,364,29,18,07,-15,14,7,38,380078,5,33410,14,0,00,7810,1
46,951,906,45,70,55,364,66,18,07,-15,06,7,38,380011,4,33403,91,0,00,7803,9
47,001,907,35,69,80,365,03,18,07,-14,98,7,38,379954,7,33397,68,0,00,7797,7
47,051,908,26,69,06,365,40,18,07,-14,90,7,38,379897,9,33391,45,0,00,7791,4
47,101,909,16,68,31,365,77,18,07,-14,82,7,38,379830,7,33385,22,0,00,7785,2
47,151,910,06,67,57,366,14,18,07,-14,74,7,38,379780,8,33379,00,0,00,7779,0
47,201,910,97,66,84,366,51,18,07,-14,65,7,38,379713,5,33372,77,0,00,7772,8
47,251,911,87,66,11,366,88,18,06,-14,57,7,38,379656,6,33366,55,0,00,7766,5
47,301,912,77,65,38,367,25,18,06,-14,49,7,37,379596,1,33360,32,0,00,7760,3
47,351,913,68,64,66,367,61,18,06,-14,41,7,37,379532,2,33354,10,0,00,7754,1
47,401,914,58,63,94,367,98,18,06,-14,33,7,37,379475,1,33347,88,0,00,7747,9
47,451,915,48,63,23,368,35,18,06,-14,25,7,37,379411,1,33341,66,0,00,7741,7
47,501,916,39,62,51,368,72,18,06,-14,17,7,37,379350,5,33335,44,0,00,7735,4
47,551,917,29,61,81,369,09,18,06,-14,09,7,37,379293,3,33329,22,0,00,7729,2
47,601,918,19,61,11,369,46,18,06,-14,01,7,37,379229,1,33323,00,0,00,7723,0
47,651,919,09,60,41,369,83,18,05,-13,93,7,37,379168,4,33316,79,0,00,7716,8
47,701,920,00,59,71,370,19,18,05,-13,85,7,37,379111,0,33310,57,0,00,7710,6
47,751,920,90,59,02,370,56,18,05,-13,77,7,37,379046,7,33304,36,0,00,7704,4
47,801,921,80,58,34,370,93,18,05,-13,69,7,37,378989,3,33298,14,0,00,7698,1
47,851,922,71,57,65,371,30,18,05,-13,61,7,37,378924,9,33291,93,0,00,7691,9
47,901,923,61,56,97,371,67,18,05,-13,53,7,37,378867,4,33285,72,0,00,7685,7
47,951,924,51,56,30,372,04,18,05,-13,45,7,37,378799,6,33279,51,0,00,7679,5
48,001,925,41,55,63,372,41,18,05,-13,37,7,37,378745,4,33273,30,0,00,7673,3
48,051,926,31,54,96,372,77,18,04,-13,29,7,37,378684,3,33267,09,0,00,7667,1
48,101,927,22,54,30,373,14,18,04,-13,21,7,37,378619,8,33260,88,0,00,7660,9
48,151,928,12,53,64,373,51,18,04,-13,13,7,37,378565,6,33254,68,0,00,7654,7
48,201,929,02,52,99,373,88,18,04,-13,05,7,37,378497,4,33248,47,0,00,7648,5
48,251,929,92,52,34,374,25,18,04,-12,97,7,37,378436,3,33242,26,0,00,7642,3
48,301,930,82,51,69,374,62,18,04,-12,89,7,37,378375,0,33236,06,0,00,7636,1
48,351,931,73,51,05,374,99,18,04,-12,81,7,37,378317,2,33229,86,0,00,7629,9
48,401,932,63,50,41,375,35,18,04,-12,73,7,37,378255,8,33223,66,0,00,7623,7
48,451,933,53,49,78,375,72,18,03,-12,65,7,37,378187,5,33217,46,0,00,7617,5
48,501,934,43,49,15,376,09,18,03,-12,57,7,37,378136,4,33211,25,0,00,7611,3
48,551,935,33,48,52,376,46,18,03,-12,49,7,37,378075,0,33205,05,0,00,7605,1
48,601,936,23,47,90,376,83,18,03,-12,40,7,37,378010,1,33198,86,0,00,7598,9
48,651,937,14,47,28,377,20,18,03,-12,32,7,37,377945,0,33192,66,0,00,7592,7
48,701,938,04,46,66,377,56,18,03,-12,24,7,37,377876,5,33186,47,0,00,7586,5
48,751,938,94,46,05,377,93,18,03,-12,16,7,37,377821,8,33180,27,0,00,7580,3
48,801,939,84,45,45,378,30,18,03,-12,08,7,37,377767,0,33174,08,0,00,7574,1
48,851,940,74,44,85,378,67,18,03,-12,00,7,37,377701,8,33167,89,0,00,7567,9
48,901,941,64,44,25,379,04,18,02,-11,92,7,36,377640,1,33161,70,0,00,7561,7
48,951,942,54,43,65,379,41,18,02,-11,84,7,36,377578,2,33155,50,0,00,7555,5
49,001,943,45,43,06,379,77,18,02,-11,76,7,36,377506,0,33149,31,0,00,7549,3
49,051,944,35,42,48,380,14,18,02,-11,68,7,36,377447,5,33143,13,0,00,7543,1
49,101,945,25,41,90,380,51,18,02,-11,60,7,36,377389,1,33136,94,0,00,7536,9
49,151,946,15,41,32,380,88,18,02,-11,52,7,36,377327,1,33130,75,0,00,7530,8
49,201,947,05,40,74,381,25,18,02,-11,44,7,36,377261,6,33124,57,0,00,7524,6
49,251,947,95,40,17,381,61,18,02,-11,36,7,36,377203,0,33118,38,0,00,7518,4
49,301,948,85,39,61,381,98,18,01,-11,28,7,36,377137,5,33112,20,0,00,7512,2
49,351,949,75,39,05,382,35,18,01,-11,20,7,36,377078,8,33106,02,0,00,7506,0
49,401,950,65,38,49,382,72,18,01,-11,12,7,36,377020,1,33099,84,0,00,7499,8
49,451,951,55,37,93,383,09,18,01,-11,04,7,36,376957,8,33093,66,0,00,7493,7
49,501,952,45,37,38,383,45,18,01,-10,96,7,36,376888,7,33087,48,0,00,7487,5
49,551,953,35,36,84,383,82,18,01,-10,88,7,36,376829,9,33081,30,0,00,7481,3
49,601,954,25,36,30,384,19,18,01,-10,80,7,36,376764,1,33075,13,0,00,7475,1
49,651,955,15,35,76,384,56,18,01,-10,72,7,36,376705,8,33068,95,0,00,7468,9
49,701,956,05,35,22,384,93,18,01,-10,64,7,36,376646,8,33062,77,0,00,7462,8
49,751,956,96,34,69,385,29,18,01,-10,56,7,36,376577,3,33056,60,0,00,7456,6
49,801,957,86,34,17,385,66,18,00,-10,48,7,36,376514,9,33050,43,0,00,7450,4
49,851,958,76,33,65,386,03,18,00,-10,40,7,36,376455,8,33044,25,0,00,7444,3
49,901,959,66,33,13,386,40,18,00,-10,32,7,36,376393,1,33038,08,0,00,7438,1
49,951,960,56,32,62,386,77,18,00,-10,24,7,36,376327,0,33031,91,0,00,7431,9
50,001,961,46,32,11,387,14,18,00,-10,15,7,36,376267,7,33025,74,0,00,7425,7
50,051,962,36,31,60,387,50,18,00,-10,07,7,36,376204,9,33019,57,0,00,7419,6
50,102,963,26,31,10,387,87,18,00,-9,99,7,36,376138,6,33013,41,0,00,7413,4
50,152,964,16,30,60,388,24,18,00,-9,91,7,36,376075,7,33007,24,0,00,7407,2
50,202,965,06,30,11,388,61,18,00,-9,83,7,36,376012,8,33001,07,0,00,7401,1
50,252,965,96,29,62,388,98,17,99,-9,75,7,36,375953,3,32994,91,0,00,7394,9
50,302,966,85,29,13,389,34,17,99,-9,67,7,36,375890,3,32988,75,0,00,7388,8
50,352,967,75,28,65,389,71,17,99,-9,59,7,36,375827,3,32982,59,0,00,7382,6
50,402,968,65,28,17,390,08,17,99,-9,51,7,36,375764,3,32976,43,0,00,7376,4
50,452,969,55,27,70,390,45,17,99,-9,43,7,36,375701,3,32970,27,0,00,7370,3
50,502,970,45,27,23,390,81,17,99,-9,35,7,36,375641,6,32964,11,0,00,7364,1
50,552,971,35,26,76,391,18,17,99,-9,27,7,36,375574,9,32957,95,0,00,7358,0
50,602,972,25,26,30,391,55,17,99,-9,19,7,36,375511,7,32951,79,0,00,7351,8
50,652,973,15,25,84,391,92,17,99,-9,11,7,36,375448,4,32945,64,0,00,7345,6
50,702,974,05,25,39,392,28,17,99,-9,03,7,36,375381,7,32939,48,0,00,7339,5
50,752,974,95,24,94,392,65,17,98,-8,95,7,36,375321,8,32933,33,0,00,7333,3
50,802,975,85,24,50,393,02,17,98,-8,87,7,36,375258,3,32927,18,0,00,7327,2
50,852,976,75,24,05,393,39,17,98,-8,79,7,35,375191,3,32921,02,0,00,7321,0
50,902,977,65,23,62,393,76,17,98,-8,71,7,35,375127,8,32914,88,0,00,7314,9
50,952,978,55,23,18,394,12,17,98,-8,63,7,35,375067,8,32908,73,0,00,7308,7
51,002,979,45,22,75,394,49,17,98,-8,55,7,35,375000,8,32902,58,0,00,7302,6
51,052,980,34,22,33,394,86,17,98,-8,47,7,35,374940,7,32896,43,0,00,7296,4
51,102,981,24,21,91,395,23,17,98,-8,39,7,35,374877,0,32890,28,0,00,7290,3
51,152,982,14,21,49,395,59,17,98,-8,31,7,35,374813,3,32884,14,0,00,7284,1
51,202,983,04,21,08,395,96,17,98,-8,23,7,35,374749,5,32878,00,0,00,7278,0
51,252,983,94,20,67,396,33,17,97,-8,15,7,35,374682,3,32871,85,0,00,7271,9
51,302,984,84,20,26,396,70,17,97,-8,07,7,35,374621,9,32865,71,0,00,7265,7
51,352,985,74,19,86,397,07,17,97,-7,99,7,35,374557,9,32859,57,0,00,7259,6
51,402,986,64,19,46,397,43,17,97,-7,91,7,35,374492,4,32853,43,0,00,7253,4
51,452,987,53,19,07,397,80,17,97,-7,82,7,35,374430,2,32847,29,0,00,7247,3
51,502,988,43,18,68,398,17,17,97,-7,74,7,35,374366,2,32841,15,0,00,7241,2
51,552,989,33,18,30,398,54,17,97,-7,66,7,35,374302,1,32835,02,0,00,7235,0
51,602,990,23,17,91,398,90,17,97,-7,58,7,35,374236,3,32828,88,0,00,7228,9
51,652,991,13,17,54,399,27,17,97,-7,50,7,35,374172,2,32822,75,0,00,7222,7
51,702,992,03,17,16,399,64,17,97,-7,42,7,35,374108,1,32816,61,0,00,7216,6
51,752,992,92,16,80,400,01,17,97,-7,34,7,35,374043,8,32810,48,0,00,7210,5
51,802,993,82,16,43,400,37,17,96,-7,26,7,35,373979,6,32804,35,0,00,7204,3
51,852,994,72,16,07,400,74,17,96,-7,18,7,35,373913,6,32798,21,0,00,7198,2
51,902,995,62,15,71,401,11,17,96,-7,10,7,35,373849,3,32792,09,0,00,7192,1
51,952,996,52,15,36,401,48,17,96,-7,02,7,35,373786,6,32785,96,0,00,7186,0
52,002,997,42,15,01,401,84,17,96,-6,94,7,35,373720,5,32779,83,0,00,7179,8
52,052,998,31,14,66,402,21,17,96,-6,86,7,35,373656,0,32773,70,0,00,7173,7
52,102,999,21,14,32,402,58,17,96,-6,78,7,35,373593,2,32767,58,0,00,7167,6
52,152,1000,11,13,99,402,95,17,96,-6,70,7,35,373527,0,32761,46,0,00,7161,5
52,202,1001,01,13,65,403,31,17,96,-6,62,7,35,373465,9,32755,33,0,00,7155,3
52,252,1001,90,13,32,403,68,17,96,-6,54,7,35,373396,1,32749,21,0,00,7149,2
52,302,1002,80,13,00,404,05,17,95,-6,46,7,35,373336,6,32743,09,0,00,7143,1
52,352,1003,70,12,68,404,42,17,95,-6,38,7,35,373270,2,32736,97,0,00,7137,0
52,402,1004,60,12,36,404,78,17,95,-6,30,7,35,373203,7,32730,85,0,00,7130,9
52,452,1005,50,12,05,405,15,17,95,-6,22,7,35,373140,6,32724,73,0,00,7124,7
52,502,1006,39,11,74,405,52,17,95,-6,14,7,35,373075,8,32718,62,0,00,7118,6
52,552,1007,29,11,44,405,89,17,95,-6,06,7,35,373010,9,32712,50,0,00,7112,5
52,602,1008,19,11,13,406,25,17,95,-5,98,7,35,372942,5,32706,39,0,00,7106,4
52,652,1009,09,10,84,406,62,17,95,-5,90,7,35,372881,0,32700,27,0,00,7100,3
52,702,1009,98,10,54,406,99,17,95,-5,82,7,35,372814,2,32694,16,0,00,7094,2
52,752,1010,88,10,26,407,35,17,95,-5,74,7,35,372750,9,32688,05,0,00,7088,0
52,802,1011,78,9,97,407,72,17,95,-5,66,7,35,372682,3,32681,94,0,00,7081,9
52,852,1012,68,9,69,408,09,17,95,-5,58,7,35,372617,2,32675,83,0,00,7075,8
52,902,1013,57,9,41,408,46,17,94,-5,50,7,35,372557,2,32669,72,0,00,7069,7
52,952,1014,47,9,14,408,82,17,94,-5,42,7,35,372490,2,32663,61,0,00,7063,6
53,002,1015,37,8,87,409,19,17,94,-5,33,7,35,372423,2,32657,51,0,00,7057,5
53,052,1016,26,8,61,409,56,17,94,-5,25,7,35,372361,3,32651,40,0,00,7051,4
53,102,1017,16,8,35,409,93,17,94,-5,17,7,35,372292,5,32645,30,0,00,7045,3
53,152,1018,06,8,09,410,29,17,94,-5,09,7,35,372228,8,32639,20,0,00,7039,2
53,202,1018,96,7,84,410,66,17,94,-5,01,7,35,372163,3,32633,09,0,00,7033,1
53,252,1019,85,7,59,411,03,17,94,-4,93,7,35,372097,8,32626,99,0,00,7027,0
53,302,1020,75,7,34,411,40,17,94,-4,85,7,34,372032,2,32620,89,0,00,7020,9
53,352,1021,65,7,10,411,76,17,94,-4,77,7,34,371964,9,32614,80,0,00,7014,8
53,402,1022,54,6,87,412,13,17,94,-4,69,7,34,371899,2,32608,70,0,00,7008,7
53,452,1023,44,6,63,412,50,17,94,-4,61,7,34,371833,5,32602,60,0,00,7002,6
53,502,1024,34,6,41,412,86,17,93,-4,53,7,34,371764,3,32596,51,0,00,6996,5
53,552,1025,23,6,18,413,23,17,93,-4,45,7,34,371698,5,32590,41,0,00,6990,4
53,602,1026,13,5,96,413,60,17,93,-4,30,7,34,845000,0,32583,54,0,00,6983,5
53,652,1027,03,5,75,413,97,17,93,-4,18,7,34,412743,7,32577,03,0,00,6977,0
53,702,1027,92,5,54,414,33,17,93,-4,04,7,34,408876,8,32570,30,0,00,6970,3
53,752,1028,82,5,34,414,70,17,93,-3,90,7,34,406250,1,32563,63,0,00,6963,6
53,802,1029,72,5,15,415,07,17,93,-3,77,7,34,403688,2,32556,99,0,00,6957,0
53,852,1030,61,4,97,415,43,17,93,-3,64,7,34,401189,8,32550,39,0,00,6950,4
53,902,1031,51,4,79,415,80,17,93,-3,52,7,34,398752,5,32543,84,0,00,6943,8
53,952,1032,40,4,61,416,17,17,93,-3,40,7,34,396373,5,32537,32,0,00,6937,3
54,002,1033,30,4,45,416,54,17,93,-3,28,7,34,394053,1,32530,84,0,00,6930,8
54,052,1034,20,4,29,416,90,17,93,-3,17,7,34,391789,3,32524,40,0,00,6924,4
54,102,1035,09,4,13,417,27,17,92,-3,06,7,34,389580,7,32518,00,0,00,6918,0
54,152,1035,99,3,98,417,64,17,92,-2,95,7,34,387426,4,32511,63,0,00,6911,6
54,202,1036,88,3,84,418,00,17,92,-2,85,7,34,385324,3,32505,30,0,00,6905,3
54,252,1037,78,3,70,418,37,17,92,-2,75,7,34,383273,5,32499,00,0,00,6899,0
54,302,1038,68,3,56,418,74,17,92,-2,65,7,34,381273,8,32492,74,0,00,6892,7
54,352,1039,57,3,43,419,11,17,92,-2,55,7,34,379323,3,32486,51,0,00,6886,5
54,402,1040,47,3,31,419,47,17,92,-2,46,7,34,377419,5,32480,30,0,00,6880,3
54,452,1041,36,3,18,419,84,17,92,-2,37,7,34,375564,0,32474,13,0,00,6874,1
54,502,1042,26,3,07,420,21,17,92,-2,29,7,34,373753,4,32467,99,0,00,6868,0
54,552,1043,16,2,96,420,57,17,92,-2,20,7,34,371987,7,32461,88,0,00,6861,9
54,602,1044,05,2,85,420,94,17,92,-2,12,7,34,370266,3,32455,80,0,00,6855,8
54,652,1044,95,2,74,421,31,17,92,-2,04,7,34,368586,6,32449,74,0,00,6849,7
54,702,1045,84,2,64,421,67,17,92,-1,96,7,34,366948,4,32443,71,0,00,6843,7
54,752,1046,74,2,55,422,04,17,91,-1,89,7,34,365350,6,32437,71,0,00,6837,7
54,803,1047,64,2,45,422,41,17,91,-1,82,7,34,363792,7,32431,74,0,00,6831,7
54,853,1048,53,2,37,422,78,17,91,-1,75,7,34,362273,8,32425,79,0,00,6825,8
54,903,1049,43,2,28,423,14,17,91,-1,68,7,34,360792,4,32419,86,0,00,6819,9
54,953,1050,32,2,20,423,51,17,91,-1,62,7,34,359347,8,32413,96,0,00,6814,0
55,003,1051,22,2,12,423,88,17,91,-1,55,7,34,357939,2,32408,08,0,00,6808,1
55,053,1052,12,2,04,424,24,17,91,-1,49,7,34,356565,9,32402,23,0,00,6802,2
55,103,1053,01,1,97,424,61,17,91,-1,43,7,34,355226,8,32396,39,0,00,6796,4
55,153,1053,91,1,90,424,98,17,91,-1,38,7,34,353921,1,32390,58,0,00,6790,6
55,203,1054,80,1,83,425,34,17,91,-1,32,7,34,352647,9,32384,79,0,00,6784,8
55,253,1055,70,1,77,425,71,17,91,-1,27,7,34,351407,3,32379,02,0,00,6779,0
55,303,1056,59,1,70,426,08,17,91,-1,22,7,34,350197,3,32373,27,0,00,6773,3
55,353,1057,49,1,64,426,45,17,91,-1,17,7,34,349017,1,32367,54,0,00,6767,5
55,403,1058,38,1,59,426,81,17,90,-1,12,7,34,347867,4,32361,83,0,00,6761,8
55,453,1059,28,1,53,427,18,17,90,-1,07,7,34,346746,3,32356,14,0,00,6756,1
55,503,1060,17,1,48,427,55,17,90,-1,03,7,34,345653,8,32350,46,0,00,6750,5
55,553,1061,07,1,43,427,91,17,90,-0,99,7,34,344588,5,32344,81,0,00,6744,8
55,603,1061,96,1,38,428,28,17,90,-0,94,7,34,343550,3,32339,17,0,00,6739,2
55,653,1062,86,1,34,428,65,17,90,-0,90,7,34,342538,3,32333,54,0,00,6733,5
55,703,1063,75,1,29,429,01,17,90,-0,87,7,34,341551,9,32327,94,0,00,6727,9
55,753,1064,65,1,25,429,38,17,90,-0,83,7,34,340590,6,32322,35,0,00,6722,3
55,803,1065,54,1,21,429,75,17,90,-0,79,7,34,339653,5,32316,77,0,00,6716,8
55,853,1066,43,1,17,430,11,17,90,-0,76,7,34,338740,3,32311,21,0,00,6711,2
55,903,1067,33,1,13,430,48,17,90,-0,72,7,34,337850,3,32305,67,0,00,6705,7
55,953,1068,22,1,10,430,85,17,90,-0,69,7,34,336983,1,32300,13,0,00,6700,1
56,003,1069,12,1,06,431,21,17,90,-0,66,7,34,336137,9,32294,62,0,00,6694,6
56,053,1070,01,1,03,431,58,17,89,-0,63,7,34,335314,6,32289,12,0,00,6689,1
56,103,1070,91,1,00,431,95,17,89,-0,60,7,34,334512,1,32283,63,0,00,6683,6
56,108,1071,00,1,00,431,98,17,89,-0,60,7,34,334432,8,32283,08,0,00,6683,1
56,113,1071,09,0,99,432,02,17,89,-0,60,7,34,334354,1,32282,53,0,00,6682,5
56,118,1071,18,0,99,432,06,17,89,-0,60,7,34,334275,3,32281,98,0,00,6682,0
56,123,1071,27,0,99,432,09,17,89,-0,59,7,34,334196,7,32281,43,0,00,6681,4
56,128,1071,36,0,98,432,13,17,89,-0,59,7,34,334118,5,32280,88,0,00,6680,9
56,133,1071,45,0,98,432,17,17,89,-0,59,7,34,334040,4,32280,34,0,00,6680,3
56,138,1071,53,0,98,432,20,17,89,-0,59,7,34,333962,4,32279,79,0,00,6679,8
56,143,1071,62,0,98,432,24,17,89,-0,58,7,34,333884,9,32279,24,0,00,6679,2
56,148,1071,71,0,97,432,28,17,89,-0,58,7,34,333807,3,32278,70,0,00,6678,7
56,153,1071,80,0,97,432,31,17,89,-0,58,7,34,333730,1,32278,15,0,00,6678,1
56,158,1071,89,0,97,432,35,17,89,-0,57,7,34,333652,9,32277,60,0,00,6677,6
56,163,1071,98,0,96,432,39,17,89,-0,57,7,34,333576,2,32277,05,0,00,6677,1
56,168,1072,07,0,96,432,42,17,89,-0,57,7,34,333499,2,32276,51,0,00,6676,5
56,173,1072,16,0,96,432,46,17,89,-0,57,7,34,333422,9,32275,96,0,00,6676,0
56,178,1072,25,0,96,432,50,17,89,-0,56,7,34,333346,6,32275,41,0,00,6675,4
56,183,1072,34,0,95,432,53,17,89,-0,56,7,34,333270,5,32274,87,0,00,6674,9
56,188,1072,43,0,95,432,57,17,89,-0,56,7,34,333194,7,32274,32,0,00,6674,3
56,193,1072,52,0,95,432,61,17,89,-0,56,7,34,333118,8,32273,78,0,00,6673,8
56,198,1072,61,0,94,432,64,17,89,-0,55,7,34,333043,5,32273,23,0,00,6673,2
56,203,1072,70,0,94,432,68,17,89,-0,55,7,34,332968,3,32272,68,0,00,6672,7
56,208,1072,79,0,94,432,72,17,89,-0,55,7,34,332893,0,32272,14,0,00,6672,1
56,213,1072,88,0,94,432,75,17,89,-0,55,7,34,332818,2,32271,59,0,00,6671,6
56,218,1072,97,0,93,432,79,17,89,-0,54,7,34,332743,6,32271,05,0,00,6671,0
56,223,1073,06,0,93,432,83,17,89,-0,54,7,34,332668,8,32270,50,0,00,6670,5
56,228,1073,15,0,93,432,86,17,89,-0,54,7,34,332594,6,32269,96,0,00,6670,0
56,233,1073,23,0,93,432,90,17,89,-0,54,7,34,332520,5,32269,41,0,00,6669,4
56,238,1073,32,0,92,432,94,17,89,-0,53,7,34,332446,5,32268,87,0,00,6668,9
56,243,1073,41,0,92,432,97,17,89,-0,53,7,34,332372,8,32268,32,0,00,6668,3
56,248,1073,50,0,92,433,01,17,89,-0,53,7,34,332299,3,32267,78,0,00,6667,8
56,253,1073,59,0,91,433,05,17,89,-0,53,7,34,332225,8,32267,23,0,00,6667,2
56,258,1073,68,0,91,433,08,17,89,-0,52,7,34,332152,7,32266,69,0,00,6666,7
56,263,1073,77,0,91,433,12,17,89,-0,52,7,33,332079,7,32266,14,0,00,6666,1
56,268,1073,86,0,91,433,16,17,89,-0,52,7,33,332007,0,32265,60,0,00,6665,6
56,273,1073,95,0,90,433,19,17,89,-0,52,7,33,331934,2,32265,05,0,00,6665,1
56,278,1074,04,0,90,433,23,17,89,-0,51,7,33,331861,9,32264,51,0,00,6664,5
56,283,1074,13,0,90,433,27,17,89,-0,51,7,33,331789,6,32263,97,0,00,6664,0
56,288,1074,22,0,90,433,30,17,89,-0,51,7,33,331717,7,32263,42,0,00,6663,4
56,293,1074,31,0,89,433,34,17,89,-0,51,7,33,331645,8,32262,88,0,00,6662,9
56,298,1074,40,0,89,433,38,17,89,-0,50,7,33,331574,0,32262,34,0,00,6662,3
56,303,1074,49,0,89,433,41,17,89,-0,50,7,33,331502,7,32261,79,0,00,6661,8
56,308,1074,58,0,89,433,45,17,89,-0,50,7,33,331431,3,32261,25,0,00,6661,2
56,313,1074,67,0,88,433,49,17,89,-0,50,7,33,331360,2,32260,71,0,00,6660,7
56,318,1074,76,0,88,433,52,17,89,-0,50,7,33,331289,3,32260,16,0,00,6660,2
56,323,1074,85,0,88,433,56,17,89,-0,49,7,33,331218,5,32259,62,0,00,6659,6
56,328,1074,94,0,88,433,60,17,89,-0,49,7,33,331148,0,32259,08,0,00,6659,1
56,333,1075,02,0,87,433,63,17,89,-0,49,7,33,331077,8,32258,53,0,00,6658,5
56,338,1075,11,0,87,433,67,17,89,-0,49,7,33,331007,0,32257,99,0,00,6658,0
56,343,1075,20,0,87,433,71,17,89,-0,48,7,33,330937,8,32257,45,0,00,6657,4
56,348,1075,29,0,87,433,74,17,89,-0,48,7,33,330867,6,32256,91,0,00,6656,9
56,353,1075,38,0,86,433,78,17,89,-0,48,7,33,330797,6,32256,36,0,00,6656,4
56,358,1075,47,0,86,433,82,17,89,-0,48,7,33,330728,8,32255,82,0,00,6655,8
56,363,1075,56,0,86,433,85,17,89,-0,47,7,33,330659,0,32255,28,0,00,6655,3
56,368,1075,65,0,86,433,89,17,89,-0,47,7,33,330590,3,32254,74,0,00,6654,7
56,373,1075,74,0,86,433,93,17,89,-0,47,7,33,330521,1,32254,20,0,00,6654,2
56,378,1075,83,0,85,433,96,17,89,-0,47,7,33,330452,6,32253,65,0,00,6653,7
56,383,1075,92,0,85,434,00,17,89,-0,47,7,33,330383,9,32253,11,0,00,6653,1
56,388,1076,01,0,85,434,04,17,89,-0,46,7,33,330315,5,32252,57,0,00,6652,6
56,393,1076,10,0,85,434,07,17,89,-0,46,7,33,330247,3,32252,03,0,00,6652,0
56,398,1076,19,0,84,434,11,17,89,-0,46,7,33,330179,5,32251,49,0,00,6651,5
56,403,1076,28,0,84,434,15,17,89,-0,46,7,33,330111,0,32250,95,0,00,6650,9
56,408,1076,37,0,84,434,18,17,89,-0,46,7,33,330044,2,32250,41,0,00,6650,4
56,413,1076,46,0,84,434,22,17,89,-0,45,7,33,329976,3,32249,87,0,00,6649,9
56,418,1076,55,0,83,434,26,17,89,-0,45,7,33,329909,1,32249,32,0,00,6649,3
56,423,1076,64,0,83,434,30,17,89,-0,45,7,33,329841,7,32248,78,0,00,6648,8
56,428,1076,72,0,83,434,33,17,89,-0,45,7,33,329775,1,32248,24,0,00,6648,2
56,433,1076,81,0,83,434,37,17,89,-0,44,7,33,329708,3,32247,70,0,00,6647,7
56,438,1076,90,0,83,434,41,17,89,-0,44,7,33,329641,3,32247,16,0,00,6647,2
56,443,1076,99,0,82,434,44,17,89,-0,44,7,33,329575,1,32246,62,0,00,6646,6
56,448,1077,08,0,82,434,48,17,89,-0,44,7,33,329508,6,32246,08,0,00,6646,1
56,453,1077,17,0,82,434,52,17,89,-0,44,7,33,329442,9,32245,54,0,00,6645,5
56,458,1077,26,0,82,434,55,17,89,-0,43,7,33,329376,6,32245,00,0,00,6645,0
56,463,1077,35,0,81,434,59,17,89,-0,43,7,33,329311,4,32244,46,0,00,6644,5
56,468,1077,44,0,81,434,63,17,89,-0,43,7,33,329245,2,32243,92,0,00,6643,9
56,473,1077,53,0,81,434,66,17,89,-0,43,7,33,329180,5,32243,38,0,00,6643,4
56,478,1077,62,0,81,434,70,17,89,-0,43,7,33,329114,4,32242,84,0,00,6642,8
56,483,1077,71,0,81,434,74,17,89,-0,42,7,33,329049,8,32242,30,0,00,6642,3
56,488,1077,80,0,80,434,77,17,89,-0,42,7,33,328984,7,32241,76,0,00,6641,8
56,493,1077,89,0,80,434,81,17,89,-0,42,7,33,328920,2,32241,22,0,00,6641,2
56,498,1077,98,0,80,434,85,17,89,-0,42,7,33,328855,6,32240,69,0,00,6640,7
56,503,1078,07,0,80,434,88,17,89,-0,42,7,33,328791,3,32240,15,0,00,6640,1
56,508,1078,16,0,80,434,92,17,89,-0,41,7,33,328726,7,32239,61,0,00,6639,6
56,513,1078,25,0,79,434,96,17,89,-0,41,7,33,328663,3,32239,07,0,00,6639,1
56,518,1078,34,0,79,434,99,17,89,-0,41,7,33,328598,8,32238,53,0,00,6638,5
56,523,1078,42,0,79,435,03,17,89,-0,41,7,33,328535,1,32237,99,0,00,6638,0
56,528,1078,51,0,79,435,07,17,89,-0,41,7,33,328472,0,32237,45,0,00,6637,5
56,533,1078,60,0,79,435,10,17,89,-0,40,7,33,328408,4,32236,91,0,00,6636,9
56,538,1078,69,0,78,435,14,17,89,-0,40,7,33,328345,0,32236,38,0,00,6636,4
56,543,1078,78,0,78,435,18,17,89,-0,40,7,33,328282,7,32235,84,0,00,6635,8
56,548,1078,87,0,78,435,21,17,89,-0,40,7,33,328218,5,32235,30,0,00,6635,3
56,553,1078,96,0,78,435,25,17,89,-0,40,7,33,328157,2,32234,76,0,00,6634,8
56,558,1079,05,0,78,435,29,17,89,-0,40,7,33,328093,5,32234,22,0,00,6634,2
56,563,1079,14,0,77,435,32,17,89,-0,39,7,33,328031,8,32233,69,0,00,6633,7
56,568,1079,23,0,77,435,36,17,89,-0,39,7,33,327969,4,32233,15,0,00,6633,1
56,573,1079,32,0,77,435,40,17,89,-0,39,7,33,327907,4,32232,61,0,00,6632,6
56,578,1079,41,0,77,435,43,17,89,-0,39,7,33,327845,2,32232,07,0,00,6632,1
56,583,1079,50,0,77,435,47,17,89,-0,39,7,33,327783,6,32231,54,0,00,6631,5
56,588,1079,59,0,76,435,51,17,89,-0,38,7,33,327721,9,32231,00,0,00,6631,0
56,593,1079,68,0,76,435,54,17,89,-0,38,7,33,327660,8,32230,46,0,00,6630,5
56,598,1079,77,0,76,435,58,17,89,-0,38,7,33,327599,2,32229,92,0,00,6629,9
56,603,1079,86,0,76,435,62,17,89,-0,38,7,33,327538,7,32229,39,0,00,6629,4
56,608,1079,95,0,76,435,65,17,89,-0,38,7,33,327477,1,32228,85,0,00,6628,9
56,613,1080,04,0,75,435,69,17,89,-0,38,7,33,327417,0,32228,31,0,00,6628,3
56,618,1080,12,0,75,435,73,17,89,-0,37,7,33,327355,5,32227,78,0,00,6627,8
56,623,1080,21,0,75,435,76,17,89,-0,37,7,33,327295,9,32227,24,0,00,6627,2
56,628,1080,30,0,75,435,80,17,89,-0,37,7,33,327234,9,32226,70,0,00,6626,7
56,633,1080,39,0,75,435,84,17,89,-0,37,7,33,327175,0,32226,17,0,00,6626,2
56,638,1080,48,0,74,435,87,17,89,-0,37,7,33,327115,3,32225,63,0,00,6625,6
56,643,1080,57,0,74,435,91,17,89,-0,37,7,33,327055,0,32225,10,0,00,6625,1
56,648,1080,66,0,74,435,95,17,89,-0,36,7,33,326995,8,32224,56,0,00,6624,6
56,653,1080,75,0,74,435,98,17,89,-0,36,7,33,326936,0,32224,02,0,00,6624,0
56,658,1080,84,0,74,436,02,17,89,-0,36,7,33,326876,9,32223,49,0,00,6623,5
56,663,1080,93,0,74,436,06,17,89,-0,36,7,33,326817,6,32222,95,0,00,6623,0
56,668,1081,02,0,73,436,09,17,88,-0,36,7,33,326758,5,32222,42,0,00,6622,4
56,673,1081,11,0,73,436,13,17,88,-0,36,7,33,326699,7,32221,88,0,00,6621,9
56,678,1081,20,0,73,436,17,17,88,-0,35,7,33,326640,7,32221,34,0,00,6621,3
56,683,1081,29,0,73,436,20,17,88,-0,35,7,33,326582,3,32220,81,0,00,6620,8
56,688,1081,38,0,73,436,24,17,88,-0,35,7,33,326524,2,32220,27,0,00,6620,3
56,693,1081,47,0,73,436,28,17,88,-0,35,7,33,326465,4,32219,74,0,00,6619,7
56,698,1081,56,0,72,436,31,17,88,-0,35,7,33,326407,3,32219,20,0,00,6619,2
56,703,1081,65,0,72,436,35,17,88,-0,35,7,33,326349,9,32218,67,0,00,6618,7
56,708,1081,74,0,72,436,39,17,88,-0,34,7,33,326291,5,32218,13,0,00,6618,1
56,713,1081,82,0,72,436,42,17,88,-0,34,7,33,326234,1,32217,60,0,00,6617,6
56,718,1081,91,0,72,436,46,17,88,-0,34,7,33,326176,6,32217,06,0,00,6617,1
56,723,1082,00,0,71,436,50,17,88,-0,34,7,33,326119,3,32216,53,0,00,6616,5
56,728,1082,09,0,71,436,53,17,88,-0,34,7,33,326061,8,32215,99,0,00,6616,0
56,733,1082,18,0,71,436,57,17,88,-0,34,7,33,326005,3,32215,46,0,00,6615,5
56,738,1082,27,0,71,436,61,17,88,-0,33,7,33,325947,8,32214,93,0,00,6614,9
56,743,1082,36,0,71,436,64,17,88,-0,33,7,33,325891,4,32214,39,0,00,6614,4
56,748,1082,45,0,71,436,68,17,88,-0,33,7,33,325834,4,32213,86,0,00,6613,9
56,753,1082,54,0,70,436,72,17,88,-0,33,7,33,325778,5,32213,32,0,00,6613,3
56,758,1082,63,0,70,436,75,17,88,-0,33,7,33,325722,0,32212,79,0,00,6612,8
56,763,1082,72,0,70,436,79,17,88,-0,33,7,33,325665,6,32212,26,0,00,6612,3
56,768,1082,81,0,70,436,83,17,88,-0,33,7,33,325610,0,32211,72,0,00,6611,7
56,773,1082,90,0,70,436,86,17,88,-0,32,7,33,325553,7,32211,19,0,00,6611,2
56,778,1082,99,0,70,436,90,17,88,-0,32,7,33,325498,5,32210,65,0,00,6610,7
56,783,1083,08,0,70,436,94,17,88,-0,32,7,33,325442,2,32210,12,0,00,6610,1
56,788,1083,17,0,69,436,97,17,88,-0,32,7,33,325387,5,32209,59,0,00,6609,6
56,793,1083,26,0,69,437,01,17,88,-0,32,7,33,325331,7,32209,05,0,00,6609,1
56,798,1083,35,0,69,437,05,17,88,-0,32,7,33,325276,9,32208,52,0,00,6608,5
56,803,1083,43,0,69,437,08,17,88,-0,31,7,33,325222,0,32207,99,0,00,6608,0
56,808,1083,52,0,69,437,12,17,88,-0,31,7,33,325166,4,32207,46,0,00,6607,5
56,813,1083,61,0,69,437,16,17,88,-0,31,7,33,325112,8,32206,92,0,00,6606,9
56,818,1083,70,0,68,437,19,17,88,-0,31,7,33,325057,3,32206,39,0,00,6606,4
56,823,1083,79,0,68,437,23,17,88,-0,31,7,33,325003,7,32205,86,0,00,6605,9
56,828,1083,88,0,68,437,27,17,88,-0,31,7,33,324949,0,32205,32,0,00,6605,3
56,833,1083,97,0,68,437,30,17,88,-0,31,7,33,324895,0,32204,79,0,00,6604,8
56,838,1084,06,0,68,437,34,17,88,-0,30,7,33,324840,8,32204,26,0,00,6604,3
56,843,1084,15,0,68,437,38,17,88,-0,30,7,33,324787,2,32203,73,0,00,6603,7
56,848,1084,24,0,67,437,41,17,88,-0,30,7,33,324733,4,32203,19,0,00,6603,2
56,853,1084,33,0,67,437,45,17,88,-0,30,7,33,324679,8,32202,66,0,00,6602,7
56,858,1084,42,0,67,437,49,17,88,-0,30,7,33,324626,5,32202,13,0,00,6602,1
56,863,1084,51,0,67,437,52,17,88,-0,30,7,33,324573,3,32201,60,0,00,6601,6
56,868,1084,60,0,67,437,56,17,88,-0,30,7,33,324520,0,32201,06,0,00,6601,1
56,873,1084,69,0,67,437,60,17,88,-0,30,7,33,324466,9,32200,53,0,00,6600,5
56,878,1084,78,0,67,437,63,17,88,-0,29,7,33,324414,4,32200,00,0,00,6600,0
56,883,1084,86,0,66,437,67,17,88,-0,29,7,33,324361,3,32199,47,0,00,6599,5
56,888,1084,95,0,66,437,71,17,88,-0,29,7,33,324309,3,32198,94,0,00,6598,9
56,893,1085,04,0,66,437,74,17,88,-0,29,7,33,324256,2,32198,41,0,00,6598,4
56,898,1085,13,0,66,437,78,17,88,-0,29,7,33,324204,6,32197,88,0,00,6597,9
56,903,1085,22,0,66,437,82,17,88,-0,29,7,33,324151,9,32197,34,0,00,6597,3
56,908,1085,31,0,66,437,85,17,88,-0,29,7,33,324100,3,32196,81,0,00,6596,8
56,913,1085,40,0,66,437,89,17,88,-0,28,7,33,324048,0,32196,28,0,00,6596,3
56,918,1085,49,0,65,437,93,17,88,-0,28,7,33,323996,4,32195,75,0,00,6595,7
56,923,1085,58,0,65,437,96,17,88,-0,28,7,33,323945,0,32195,22,0,00,6595,2
56,928,1085,67,0,65,438,00,17,88,-0,28,7,33,323893,4,32194,69,0,00,6594,7
56,933,1085,76,0,65,438,04,17,88,-0,28,7,33,323841,5,32194,16,0,00,6594,2
56,938,1085,85,0,65,438,07,17,88,-0,28,7,33,323791,2,32193,63,0,00,6593,6
56,943,1085,94,0,65,438,11,17,88,-0,28,7,33,323739,8,32193,09,0,00,6593,1
56,948,1086,03,0,65,438,15,17,88,-0,28,7,33,323688,6,32192,56,0,00,6592,6
56,953,1086,12,0,64,438,18,17,88,-0,27,7,33,323638,5,32192,03,0,00,6592,0
56,958,1086,20,0,64,438,22,17,88,-0,27,7,33,323586,8,32191,50,0,00,6591,5
56,963,1086,29,0,64,438,26,17,88,-0,27,7,33,323537,5,32190,97,0,00,6591,0
56,968,1086,38,0,64,438,29,17,88,-0,27,7,33,323485,8,32190,44,0,00,6590,4
56,973,1086,47,0,64,438,33,17,88,-0,27,7,33,323436,6,32189,91,0,00,6589,9
56,978,1086,56,0,64,438,37,17,88,-0,27,7,33,323386,2,32189,38,0,00,6589,4
56,983,1086,65,0,64,438,40,17,88,-0,27,7,33,323336,0,32188,85,0,00,6588,9
56,988,1086,74,0,64,438,44,17,88,-0,27,7,33,323286,4,32188,32,0,00,6588,3
56,993,1086,83,0,63,438,48,17,88,-0,26,7,33,323236,3,32187,79,0,00,6587,8
56,998,1086,92,0,63,438,51,17,88,-0,26,7,33,323187,1,32187,26,0,00,6587,3
57,003,1087,01,0,63,438,55,17,88,-0,26,7,33,323137,8,32186,73,0,00,6586,7
57,008,1087,10,0,63,438,59,17,88,-0,26,7,33,323087,8,32186,20,0,00,6586,2
57,013,1087,19,0,63,438,62,17,88,-0,26,7,33,323039,2,32185,67,0,00,6585,7
57,018,1087,28,0,63,438,66,17,88,-0,26,7,33,322989,6,32185,14,0,00,6585,1
57,023,1087,37,0,63,438,70,17,88,-0,26,7,33,322941,1,32184,61,0,00,6584,6
57,028,1087,46,0,62,438,73,17,88,-0,26,7,33,322892,3,32184,09,0,00,6584,1
57,033,1087,55,0,62,438,77,17,88,-0,26,7,33,322843,3,32183,55,0,00,6583,6
57,038,1087,63,0,62,438,80,17,88,-0,25,7,33,322794,9,32183,03,0,00,6583,0
57,043,1087,72,0,62,438,84,17,88,-0,25,7,33,322746,7,32182,50,0,00,6582,5
57,048,1087,81,0,62,438,88,17,88,-0,25,7,33,322697,9,32181,97,0,00,6582,0
57,053,1087,90,0,62,438,91,17,88,-0,25,7,33,322650,6,32181,44,0,00,6581,4
57,058,1087,99,0,62,438,95,17,88,-0,25,7,33,322601,3,32180,91,0,00,6580,9
57,063,1088,08,0,62,438,99,17,88,-0,25,7,33,322554,7,32180,38,0,00,6580,4
57,068,1088,17,0,61,439,02,17,88,-0,25,7,33,322505,8,32179,85,0,00,6579,9
57,073,1088,26,0,61,439,06,17,88,-0,25,7,33,322458,8,32179,32,0,00,6579,3
57,078,1088,35,0,61,439,10,17,88,-0,25,7,33,322411,2,32178,79,0,00,6578,8
57,083,1088,44,0,61,439,13,17,88,-0,24,7,33,322363,7,32178,27,0,00,6578,3
57,088,1088,53,0,61,439,17,17,88,-0,24,7,33,322316,5,32177,74,0,00,6577,7
57,093,1088,62,0,61,439,21,17,88,-0,24,7,33,322269,0,32177,21,0,00,6577,2
57,098,1088,71,0,61,439,24,17,88,-0,24,7,33,322222,6,32176,68,0,00,6576,7
57,103,1088,80,0,61,439,28,17,88,-0,24,7,33,322175,0,32176,15,0,00,6576,2
57,108,1088,89,0,60,439,32,17,88,-0,24,7,33,322129,0,32175,63,0,00,6575,6
57,113,1088,97,0,60,439,35,17,88,-0,24,7,33,322081,8,32175,10,0,00,6575,1
57,118,1089,06,0,60,439,39,17,88,-0,24,7,33,322035,3,32174,57,0,00,6574,6
57,123,1089,15,0,60,439,43,17,88,-0,24,7,33,321989,0,32174,04,0,00,6574,0
57,128,1089,24,0,60,439,46,17,88,-0,24,7,33,321942,8,32173,51,0,00,6573,5
57,133,1089,33,0,60,439,50,17,88,-0,23,7,33,321896,4,32172,99,0,00,6573,0
57,138,1089,42,0,60,439,54,17,88,-0,23,7,33,321850,7,32172,46,0,00,6572,5
57,143,1089,51,0,60,439,57,17,88,-0,23,7,33,321804,3,32171,93,0,00,6571,9
57,148,1089,60,0,60,439,61,17,88,-0,23,7,33,321759,3,32171,40,0,00,6571,4
57,153,1089,69,0,59,439,65,17,88,-0,23,7,33,321712,8,32170,88,0,00,6570,9
57,158,1089,78,0,59,439,68,17,88,-0,23,7,33,321667,8,32170,35,0,00,6570,3
57,163,1089,87,0,59,439,72,17,88,-0,23,7,33,321621,8,32169,82,0,00,6569,8
57,168,1089,96,0,59,439,76,17,88,-0,23,7,33,321577,1,32169,29,0,00,6569,3
57,173,1090,05,0,59,439,79,17,88,-0,23,7,33,321531,8,32168,77,0,00,6568,8
57,178,1090,14,0,59,439,83,17,88,-0,23,7,33,321486,3,32168,24,0,00,6568,2
57,183,1090,23,0,59,439,87,17,88,-0,23,7,33,321441,8,32167,71,0,00,6567,7
57,188,1090,32,0,59,439,90,17,88,-0,22,7,33,321397,1,32167,19,0,00,6567,2
57,193,1090,40,0,59,439,94,17,88,-0,22,7,33,321352,1,32166,66,0,00,6566,7
57,198,1090,49,0,58,439,98,17,88,-0,22,7,33,321307,3,32166,13,0,00,6566,1
57,203,1090,58,0,58,440,01,17,88,-0,22,7,33,321263,5,32165,61,0,00,6565,6
57,208,1090,67,0,58,440,05,17,88,-0,22,7,33,321218,3,32165,08,0,00,6565,1
57,213,1090,76,0,58,440,09,17,88,-0,22,7,33,321174,9,32164,55,0,00,6564,6
57,218,1090,85,0,58,440,12,17,88,-0,22,7,33,321130,4,32164,03,0,00,6564,0
57,223,1090,94,0,58,440,16,17,88,-0,22,7,33,321086,5,32163,50,0,00,6563,5
57,228,1091,03,0,58,440,20,17,88,-0,22,7,33,321042,4,32162,97,0,00,6563,0
57,233,1091,12,0,58,440,23,17,88,-0,22,7,33,320998,9,32162,45,0,00,6562,4
57,238,1091,21,0,58,440,27,17,88,-0,22,7,33,320955,1,32161,92,0,00,6561,9
57,243,1091,30,0,57,440,31,17,88,-0,21,7,33,320911,5,32161,39,0,00,6561,4
57,248,1091,39,0,57,440,34,17,88,-0,21,7,33,320868,1,32160,87,0,00,6560,9
57,253,1091,48,0,57,440,38,17,88,-0,21,7,33,320824,9,32160,34,0,00,6560,3
57,258,1091,57,0,57,440,42,17,88,-0,21,7,33,320781,8,32159,82,0,00,6559,8
57,263,1091,66,0,57,440,45,17,88,-0,21,7,33,320738,6,32159,29,0,00,6559,3
57,268,1091,74,0,57,440,49,17,88,-0,21,7,33,320695,9,32158,77,0,00,6558,8
57,273,1091,83,0,57,440,53,17,88,-0,21,7,33,320652,5,32158,24,0,00,6558,2
57,278,1091,92,0,57,440,56,17,88,-0,21,7,33,320610,7,32157,71,0,00,6557,7
57,283,1092,01,0,57,440,60,17,88,-0,21,7,33,320567,2,32157,19,0,00,6557,2
57,288,1092,10,0,56,440,64,17,88,-0,21,7,33,320525,2,32156,66,0,00,6556,7
57,293,1092,19,0,56,440,67,17,88,-0,21,7,33,320482,6,32156,14,0,00,6556,1
57,298,1092,28,0,56,440,71,17,88,-0,21,7,33,320440,5,32155,61,0,00,6555,6
57,303,1092,37,0,56,440,75,17,88,-0,20,7,33,320398,2,32155,09,0,00,6555,1
57,308,1092,46,0,56,440,78,17,88,-0,20,7,33,320356,1,32154,56,0,00,6554,6
57,313,1092,55,0,56,440,82,17,88,-0,20,7,33,320314,6,32154,04,0,00,6554,0
57,318,1092,64,0,56,440,86,17,88,-0,20,7,33,320272,3,32153,51,0,00,6553,5
57,323,1092,73,0,56,440,89,17,87,-0,20,7,33,320230,7,32152,99,0,00,6553,0
57,328,1092,82,0,56,440,93,17,87,-0,20,7,33,320189,3,32152,46,0,00,6552,5
57,333,1092,91,0,56,440,97,17,87,-0,20,7,33,320147,6,32151,94,0,00,6551,9
57,338,1093,00,0,55,441,00,17,87,-0,20,7,33,320106,5,32151,41,0,00,6551,4
57,343,1093,09,0,55,441,04,17,87,-0,20,7,33,320064,8,32150,89,0,00,6550,9
57,348,1093,17,0,55,441,08,17,87,-0,20,7,33,320024,0,32150,36,0,00,6550,4
57,353,1093,26,0,55,441,11,17,87,-0,20,7,33,319983,0,32149,84,0,00,6549,8
57,358,1093,35,0,55,441,15,17,87,-0,20,7,33,319941,7,32149,31,0,00,6549,3
57,363,1093,44,0,55,441,19,17,87,-0,20,7,33,319901,5,32148,79,0,00,6548,8
57,368,1093,53,0,55,441,22,17,87,-0,19,7,33,319860,1,32148,27,0,00,6548,3
57,373,1093,62,0,55,441,26,17,87,-0,19,7,33,319819,8,32147,74,0,00,6547,7
57,378,1093,71,0,55,441,30,17,87,-0,19,7,33,319779,2,32147,22,0,00,6547,2
57,383,1093,80,0,55,441,33,17,87,-0,19,7,33,319739,2,32146,69,0,00,6546,7
57,388,1093,89,0,54,441,37,17,87,-0,19,7,33,319698,1,32146,17,0,00,6546,2
57,393,1093,98,0,54,441,41,17,87,-0,19,7,33,319658,9,32145,64,0,00,6545,6
57,398,1094,07,0,54,441,44,17,87,-0,19,7,33,319618,1,32145,12,0,00,6545,1
57,403,1094,16,0,54,441,48,17,87,-0,19,7,33,319578,8,32144,60,0,00,6544,6
57,408,1094,25,0,54,441,52,17,87,-0,19,7,33,319538,3,32144,07,0,00,6544,1
57,413,1094,34,0,54,441,55,17,87,-0,19,7,33,319498,9,32143,55,0,00,6543,5
57,418,1094,43,0,54,441,59,17,87,-0,19,7,33,319459,3,32143,03,0,00,6543,0
57,423,1094,51,0,54,441,63,17,87,-0,19,7,33,319419,3,32142,50,0,00,6542,5
57,428,1094,60,0,54,441,66,17,87,-0,19,7,33,319380,8,32141,98,0,00,6542,0
57,433,1094,69,0,54,441,70,17,87,-0,19,7,33,319340,3,32141,46,0,00,6541,5
57,438,1094,78,0,54,441,74,17,87,-0,19,7,33,319302,2,32140,93,0,00,6540,9
57,443,1094,87,0,53,441,77,17,87,-0,18,7,33,319262,4,32140,41,0,00,6540,4
57,448,1094,96,0,53,441,81,17,87,-0,18,7,33,319223,8,32139,88,0,00,6539,9
57,453,1095,05,0,53,441,85,17,87,-0,18,7,33,319184,3,32139,36,0,00,6539,4
57,458,1095,14,0,53,441,88,17,87,-0,18,7,33,319146,4,32138,84,0,00,6538,8
57,463,1095,23,0,53,441,92,17,87,-0,18,7,33,319106,9,32138,31,0,00,6538,3
57,468,1095,32,0,53,441,96,17,87,-0,18,7,33,319068,8,32137,79,0,00,6537,8
57,473,1095,41,0,53,441,99,17,87,-0,18,7,33,319030,1,32137,27,0,00,6537,3
57,478,1095,50,0,53,442,03,17,87,-0,18,7,33,318991,5,32136,75,0,00,6536,7
57,483,1095,59,0,53,442,07,17,87,-0,18,7,33,318953,9,32136,22,0,00,6536,2
57,488,1095,68,0,53,442,10,17,87,-0,18,7,33,318914,8,32135,70,0,00,6535,7
57,493,1095,77,0,53,442,14,17,87,-0,18,7,33,318877,6,32135,18,0,00,6535,2
57,498,1095,86,0,52,442,18,17,87,-0,18,7,33,318839,2,32134,65,0,00,6534,7
57,503,1095,94,0,52,442,21,17,87,-0,18,7,33,318801,4,32134,13,0,00,6534,1
57,508,1096,03,0,52,442,25,17,87,-0,18,7,33,318763,8,32133,61,0,00,6533,6
57,513,1096,12,0,52,442,29,17,87,-0,18,7,33,318725,8,32133,09,0,00,6533,1
57,518,1096,21,0,52,442,32,17,87,-0,18,7,33,318688,5,32132,56,0,00,6532,6
57,523,1096,30,0,52,442,36,17,87,-0,18,7,33,318650,9,32132,04,0,00,6532,0
57,528,1096,39,0,52,442,40,17,87,-0,17,7,33,318613,5,32131,52,0,00,6531,5
57,533,1096,48,0,52,442,43,17,87,-0,17,7,33,318576,6,32131,00,0,00,6531,0
57,538,1096,57,0,52,442,47,17,87,-0,17,7,33,318538,6,32130,47,0,00,6530,5
57,543,1096,66,0,52,442,51,17,87,-0,17,7,33,318502,5,32129,95,0,00,6530,0
57,548,1096,75,0,52,442,54,17,87,-0,17,7,33,318464,9,32129,43,0,00,6529,4
57,553,1096,84,0,51,442,58,17,87,-0,17,7,33,318428,6,32128,91,0,00,6528,9
57,558,1096,93,0,51,442,62,17,87,-0,17,7,33,318391,3,32128,39,0,00,6528,4
57,563,1097,02,0,51,442,65,17,87,-0,17,7,33,318354,9,32127,87,0,00,6527,9
57,568,1097,11,0,51,442,69,17,87,-0,17,7,33,318318,3,32127,34,0,00,6527,3
57,573,1097,20,0,51,442,73,17,87,-0,17,7,33,318281,8,32126,82,0,00,6526,8
57,578,1097,28,0,51,442,76,17,87,-0,17,7,33,318245,5,32126,30,0,00,6526,3
57,583,1097,37,0,51,442,80,17,87,-0,17,7,33,318208,8,32125,78,0,00,6525,8
57,588,1097,46,0,51,442,84,17,87,-0,17,7,33,318173,3,32125,26,0,00,6525,3
57,593,1097,55,0,51,442,87,17,87,-0,17,7,33,318136,5,32124,73,0,00,6524,7
57,598,1097,64,0,51,442,91,17,87,-0,17,7,33,318101,3,32124,21,0,00,6524,2
57,603,1097,73,0,51,442,95,17,87,-0,17,7,33,318064,8,32123,69,0,00,6523,7
57,608,1097,82,0,51,442,98,17,87,-0,17,7,33,318029,4,32123,17,0,00,6523,2
57,613,1097,91,0,50,443,02,17,87,-0,17,7,33,317993,3,32122,65,0,00,6522,6
57,618,1098,00,0,50,443,06,17,87,-0,17,7,33,317958,2,32122,13,0,00,6522,1
57,623,1098,09,0,50,443,09,17,87,-0,17,7,33,317922,3,32121,61,0,00,6521,6
57,628,1098,18,0,50,443,13,17,87,-0,16,7,33,317887,1,32121,09,0,00,6521,1
57,633,1098,27,0,50,443,17,17,87,-0,16,7,33,317852,0,32120,56,0,00,6520,6
57,638,1098,36,0,50,443,20,17,87,-0,16,7,33,317816,6,32120,04,0,00,6520,0
57,643,1098,45,0,50,443,24,17,87,-0,16,7,33,317781,3,32119,52,0,00,6519,5
57,648,1098,54,0,50,443,28,17,87,-0,16,7,33,317746,3,32119,00,0,00,6519,0
57,653,1098,63,0,50,443,31,17,87,-0,16,7,33,317711,7,32118,48,0,00,6518,5
57,658,1098,71,0,50,443,35,17,87,-0,16,7,33,317676,5,32117,96,0,00,6518,0
57,663,1098,80,0,50,443,39,17,87,-0,16,7,33,317641,8,32117,44,0,00,6517,4
57,668,1098,89,0,50,443,42,17,87,-0,16,7,33,317606,9,32116,92,0,00,6516,9
57,673,1098,98,0,49,443,46,17,87,-0,16,7,33,317573,0,32116,40,0,00,6516,4
57,678,1099,07,0,49,443,50,17,87,-0,16,7,33,317537,9,32115,88,0,00,6515,9
57,683,1099,16,0,49,443,53,17,87,-0,16,7,33,317504,3,32115,36,0,00,6515,4
57,688,1099,25,0,49,443,57,17,87,-0,16,7,33,317469,0,32114,84,0,00,6514,8
57,693,1099,34,0,49,443,61,17,87,-0,16,7,33,317435,7,32114,32,0,00,6514,3
57,698,1099,43,0,49,443,64,17,87,-0,16,7,33,317401,2,32113,79,0,00,6513,8
57,703,1099,52,0,49,443,68,17,87,-0,16,7,33,317367,7,32113,27,0,00,6513,3
57,708,1099,61,0,49,443,72,17,87,-0,16,7,33,317333,0,32112,75,0,00,6512,8
57,713,1099,70,0,49,443,75,17,87,-0,16,7,33,317299,8,32112,23,0,00,6512,2
57,718,1099,79,0,49,443,79,17,87,-0,16,7,33,317265,5,32111,71,0,00,6511,7
57,723,1099,88,0,49,443,83,17,87,-0,16,7,33,317232,5,32111,20,0,00,6511,2
57,728,1099,97,0,49,443,86,17,87,-0,16,7,33,317198,5,32110,67,0,00,6510,7
57,733,1100,05,0,49,443,90,17,87,-0,16,7,33,317165,4,32110,15,0,00,6510,2
57,738,1100,14,0,48,443,94,17,87,-0,16,7,33,317131,6,32109,63,0,00,6509,6
57,743,1100,23,0,48,443,97,17,87,-0,16,7,33,317098,8,32109,11,0,00,6509,1
57,748,1100,32,0,48,444,01,17,87,-0,16,7,33,317065,3,32108,59,0,00,6508,6
57,753,1100,41,0,48,444,05,17,87,-0,16,7,33,317032,3,32108,07,0,00,6508,1
57,758,1100,50,0,48,444,08,17,87,-0,15,7,33,316999,1,32107,55,0,00,6507,6
57,763,1100,59,0,48,444,12,17,87,-0,15,7,33,316966,8,32107,04,0,00,6507,0
57,768,1100,68,0,48,444,16,17,87,-0,15,7,33,316933,0,32106,52,0,00,6506,5
57,773,1100,77,0,48,444,19,17,87,-0,15,7,33,316901,0,32106,00,0,00,6506,0
57,778,1100,86,0,48,444,23,17,87,-0,15,7,33,316868,3,32105,48,0,00,6505,5
57,783,1100,95,0,48,444,27,17,87,-0,15,7,33,316835,3,32104,96,0,00,6505,0
57,788,1101,04,0,48,444,30,17,87,-0,15,7,33,316802,9,32104,44,0,00,6504,4
57,793,1101,13,0,48,444,34,17,87,-0,15,7,33,316771,1,32103,92,0,00,6503,9
57,798,1101,22,0,48,444,38,17,87,-0,15,7,33,316738,1,32103,40,0,00,6503,4
57,803,1101,31,0,47,444,41,17,87,-0,15,7,33,316706,5,32102,88,0,00,6502,9
57,808,1101,40,0,47,444,45,17,87,-0,15,7,33,316673,8,32102,36,0,00,6502,4
57,813,1101,48,0,47,444,49,17,87,-0,15,7,33,316642,0,32101,84,0,00,6501,8
57,818,1101,57,0,47,444,52,17,87,-0,15,7,33,316610,4,32101,32,0,00,6501,3
57,823,1101,66,0,47,444,56,17,87,-0,15,7,33,316578,1,32100,80,0,00,6500,8
57,828,1101,75,0,47,444,60,17,87,-0,15,7,33,316546,3,32100,29,0,00,6500,3
57,833,1101,84,0,47,444,63,17,87,-0,15,7,33,316514,7,32099,77,0,00,6499,8
57,838,1101,93,0,47,444,67,17,87,-0,15,7,33,316483,2,32099,25,0,00,6499,2
57,843,1102,02,0,47,444,71,17,87,-0,15,7,33,316451,4,32098,73,0,00,6498,7
57,848,1102,11,0,47,444,74,17,87,-0,15,7,33,316420,6,32098,21,0,00,6498,2
57,853,1102,20,0,47,444,78,17,87,-0,15,7,33,316388,3,32097,69,0,00,6497,7
57,858,1102,29,0,47,444,82,17,87,-0,15,7,33,316358,2,32097,17,0,00,6497,2
57,863,1102,38,0,47,444,85,17,87,-0,15,7,33,316326,0,32096,65,0,00,6496,7
57,868,1102,47,0,46,444,89,17,87,-0,15,7,33,316295,3,32096,14,0,00,6496,1
57,873,1102,56,0,46,444,93,17,87,-0,15,7,33,316264,3,32095,62,0,00,6495,6
57,878,1102,65,0,46,444,96,17,87,-0,15,7,33,316233,4,32095,10,0,00,6495,1
57,883,1102,74,0,46,445,00,17,87,-0,15,7,33,316202,3,32094,58,0,00,6494,6
57,888,1102,82,0,46,445,04,17,87,-0,15,7,33,316172,1,32094,06,0,00,6494,1
57,893,1102,91,0,46,445,07,17,87,-0,15,7,33,316140,8,32093,54,0,00,6493,5
57,898,1103,00,0,46,445,11,17,87,-0,15,7,33,316110,8,32093,03,0,00,6493,0
57,903,1103,09,0,46,445,15,17,87,-0,15,7,33,316079,7,32092,51,0,00,6492,5
57,908,1103,18,0,46,445,18,17,87,-0,15,7,33,316049,7,32091,99,0,00,6492,0
57,913,1103,27,0,46,445,22,17,87,-0,15,7,33,316018,8,32091,47,0,00,6491,5
57,918,1103,36,0,46,445,26,17,87,-0,15,7,33,315989,4,32090,95,0,00,6491,0
57,923,1103,45,0,46,445,29,17,87,-0,15,7,33,315958,4,32090,44,0,00,6490,4
57,928,1103,54,0,46,445,33,17,87,-0,15,7,33,315928,8,32089,92,0,00,6489,9
57,933,1103,63,0,46,445,37,17,87,-0,15,7,33,315898,5,32089,40,0,00,6489,4
57,938,1103,72,0,45,445,40,17,87,-0,15,7,33,315868,7,32088,88,0,00,6488,9
57,943,1103,81,0,45,445,44,17,87,-0,15,7,33,315838,7,32088,36,0,00,6488,4
57,948,1103,90,0,45,445,48,17,87,-0,15,7,33,315809,2,32087,85,0,00,6487,8
57,953,1103,99,0,45,445,51,17,87,-0,14,7,33,315779,3,32087,33,0,00,6487,3
57,958,1104,08,0,45,445,55,17,87,-0,14,7,33,315749,7,32086,81,0,00,6486,8
57,963,1104,17,0,45,445,59,17,87,-0,14,7,33,315720,1,32086,29,0,00,6486,3
57,968,1104,25,0,45,445,62,17,87,-0,14,7,33,315691,1,32085,78,0,00,6485,8
57,973,1104,34,0,45,445,66,17,87,-0,14,7,33,315660,9,32085,26,0,00,6485,3
57,978,1104,43,0,45,445,70,17,86,-0,14,7,33,315632,2,32084,74,0,00,6484,7
57,983,1104,52,0,45,445,73,17,86,-0,14,7,33,315603,1,32084,22,0,00,6484,2
57,988,1104,61,0,45,445,77,17,86,-0,14,7,33,315573,3,32083,71,0,00,6483,7
57,993,1104,70,0,45,445,81,17,86,-0,14,7,33,315544,9,32083,19,0,00,6483,2
57,998,1104,79,0,45,445,84,17,86,-0,14,7,33,315515,8,32082,67,0,00,6482,7
58,003,1104,88,0,45,445,88,17,86,-0,14,7,33,315486,8,32082,15,0,00,6482,2
58,008,1104,97,0,44,445,92,17,86,-0,14,7,33,315457,9,32081,64,0,00,6481,6
58,013,1105,06,0,44,445,95,17,86,-0,14,7,33,315429,1,32081,12,0,00,6481,1
58,018,1105,15,0,44,445,99,17,86,-0,14,7,33,315400,5,32080,60,0,00,6480,6
58,023,1105,24,0,44,446,03,17,86,-0,14,7,33,315371,9,32080,09,0,00,6480,1
58,028,1105,33,0,44,446,06,17,86,-0,14,7,33,315343,6,32079,57,0,00,6479,6
58,033,1105,42,0,44,446,10,17,86,-0,14,7,33,315314,8,32079,05,0,00,6479,1
58,038,1105,51,0,44,446,14,17,86,-0,14,7,33,315286,7,32078,54,0,00,6478,5
58,043,1105,59,0,44,446,17,17,86,-0,14,7,33,315258,7,32078,02,0,00,6478,0
58,048,1105,68,0,44,446,21,17,86,-0,14,7,33,315229,9,32077,50,0,00,6477,5
58,053,1105,77,0,44,446,25,17,86,-0,14,7,33,315202,1,32076,98,0,00,6477,0
58,058,1105,86,0,44,446,28,17,86,-0,14,7,33,315174,0,32076,47,0,00,6476,5
58,063,1105,95,0,44,446,32,17,86,-0,14,7,33,315146,0,32075,95,0,00,6476,0
58,068,1106,04,0,44,446,36,17,86,-0,14,7,33,315118,1,32075,43,0,00,6475,4
58,073,1106,13,0,44,446,39,17,86,-0,14,7,33,315090,3,32074,92,0,00,6474,9
58,078,1106,22,0,43,446,43,17,86,-0,14,7,33,315062,7,32074,40,0,00,6474,4
58,083,1106,31,0,43,446,47,17,86,-0,14,7,33,315034,8,32073,88,0,00,6473,9
58,088,1106,40,0,43,446,50,17,86,-0,14,7,33,315007,3,32073,37,0,00,6473,4
58,093,1106,49,0,43,446,54,17,86,-0,14,7,33,314979,6,32072,85,0,00,6472,9
58,098,1106,58,0,43,446,58,17,86,-0,14,7,33,314952,4,32072,34,0,00,6472,3
58,103,1106,67,0,43,446,61,17,86,-0,14,7,33,314925,0,32071,82,0,00,6471,8
58,108,1106,76,0,43,446,65,17,86,-0,14,7,33,314897,6,32071,30,0,00,6471,3
58,113,1106,85,0,43,446,69,17,86,-0,14,7,33,314870,3,32070,79,0,00,6470,8
58,118,1106,94,0,43,446,72,17,86,-0,14,7,33,314843,2,32070,27,0,00,6470,3
58,123,1107,02,0,43,446,76,17,86,-0,14,7,33,314816,2,32069,75,0,00,6469,8
58,128,1107,11,0,43,446,80,17,86,-0,14,7,33,314789,3,32069,24,0,00,6469,2
58,133,1107,20,0,43,446,83,17,86,-0,14,7,33,314762,1,32068,72,0,00,6468,7
58,138,1107,29,0,43,446,87,17,86,-0,14,7,33,314735,8,32068,21,0,00,6468,2
58,143,1107,38,0,43,446,90,17,86,-0,14,7,33,314708,4,32067,69,0,00,6467,7
58,148,1107,47,0,42,446,94,17,86,-0,14,7,33,314681,9,32067,17,0,00,6467,2
58,153,1107,56,0,42,446,98,17,86,-0,14,7,33,314655,2,32066,66,0,00,6466,7
58,158,1107,65,0,42,447,01,17,86,-0,14,7,33,314628,9,32066,14,0,00,6466,1
58,163,1107,74,0,42,447,05,17,86,-0,14,7,33,314601,9,32065,63,0,00,6465,6
58,168,1107,83,0,42,447,09,17,86,-0,14,7,33,314575,9,32065,11,0,00,6465,1
58,173,1107,92,0,42,447,12,17,86,-0,14,7,33,314549,6,32064,60,0,00,6464,6
58,178,1108,01,0,42,447,16,17,86,-0,14,7,33,314523,0,32064,08,0,00,6464,1
58,183,1108,10,0,42,447,20,17,86,-0,14,7,33,314497,3,32063,56,0,00,6463,6
58,188,1108,19,0,42,447,23,17,86,-0,14,7,33,314470,5,32063,05,0,00,6463,0
58,193,1108,28,0,42,447,27,17,86,-0,14,7,33,314445,0,32062,53,0,00,6462,5
58,198,1108,37,0,42,447,31,17,86,-0,14,7,33,314418,8,32062,02,0,00,6462,0
58,203,1108,45,0,42,447,34,17,86,-0,14,7,33,314392,8,32061,50,0,00,6461,5
58,208,1108,54,0,42,447,38,17,86,-0,14,7,33,314367,2,32060,99,0,00,6461,0
58,213,1108,63,0,42,447,42,17,86,-0,14,7,33,314340,9,32060,47,0,00,6460,5
58,218,1108,72,0,41,447,45,17,86,-0,14,7,33,314316,0,32059,96,0,00,6460,0
58,223,1108,81,0,41,447,49,17,86,-0,14,7,33,314289,5,32059,44,0,00,6459,4
58,228,1108,90,0,41,447,53,17,86,-0,14,7,33,314264,4,32058,93,0,00,6458,9
58,233,1108,99,0,41,447,56,17,86,-0,14,7,33,314239,0,32058,41,0,00,6458,4
58,238,1109,08,0,41,447,60,17,86,-0,14,7,33,314213,2,32057,90,0,00,6457,9
58,243,1109,17,0,41,447,64,17,86,-0,14,7,33,314188,4,32057,38,0,00,6457,4
58,248,1109,26,0,41,447,67,17,86,-0,14,7,33,314162,5,32056,87,0,00,6456,9
58,253,1109,35,0,41,447,71,17,86,-0,14,7,33,314137,9,32056,35,0,00,6456,4
58,258,1109,44,0,41,447,75,17,86,-0,14,7,33,314112,2,32055,84,0,00,6455,8
58,263,1109,53,0,41,447,78,17,86,-0,14,7,33,314087,4,32055,32,0,00,6455,3
58,268,1109,62,0,41,447,82,17,86,-0,14,7,33,314062,3,32054,81,0,00,6454,8
58,273,1109,71,0,41,447,86,17,86,-0,14,7,33,314037,3,32054,29,0,00,6454,3
58,278,1109,79,0,41,447,89,17,86,-0,14,7,33,314012,8,32053,78,0,00,6453,8
58,283,1109,88,0,41,447,93,17,86,-0,14,7,33,313987,2,32053,26,0,00,6453,3
58,288,1109,97,0,40,447,97,17,86,-0,14,7,33,313963,3,32052,75,0,00,6452,7
58,293,1110,06,0,40,448,00,17,86,-0,14,7,33,313937,9,32052,23,0,00,6452,2
58,298,1110,15,0,40,448,04,17,86,-0,14,7,33,313913,8,32051,72,0,00,6451,7
58,303,1110,24,0,40,448,08,17,86,-0,14,7,33,313889,0,32051,20,0,00,6451,2
58,308,1110,33,0,40,448,11,17,86,-0,14,7,33,313864,8,32050,69,0,00,6450,7
58,313,1110,42,0,40,448,15,17,86,-0,14,7,33,313840,2,32050,17,0,00,6450,2
58,318,1110,51,0,40,448,19,17,86,-0,14,7,33,313816,1,32049,66,0,00,6449,7
58,323,1110,60,0,40,448,22,17,86,-0,14,7,33,313791,3,32049,14,0,00,6449,1
58,328,1110,69,0,40,448,26,17,86,-0,14,7,33,313767,4,32048,63,0,00,6448,6
58,333,1110,78,0,40,448,30,17,86,-0,14,7,33,313743,3,32048,12,0,00,6448,1
58,338,1110,87,0,40,448,33,17,86,-0,14,7,33,313719,2,32047,60,0,00,6447,6
58,343,1110,96,0,40,448,37,17,86,-0,14,7,33,313695,2,32047,09,0,00,6447,1
58,348,1111,05,0,40,448,41,17,86,-0,14,7,33,313670,9,32046,57,0,00,6446,6
58,353,1111,14,0,40,448,44,17,86,-0,14,7,33,313647,6,32046,06,0,00,6446,1
58,358,1111,22,0,39,448,48,17,86,-0,14,7,33,313623,5,32045,55,0,00,6445,5
58,363,1111,31,0,39,448,52,17,86,-0,14,7,33,313599,9,32045,03,0,00,6445,0
58,368,1111,40,0,39,448,55,17,86,-0,14,7,33,313576,0,32044,52,0,00,6444,5
58,373,1111,49,0,39,448,59,17,86,-0,14,7,33,313552,2,32044,00,0,00,6444,0
58,378,1111,58,0,39,448,63,17,86,-0,14,7,33,313529,4,32043,49,0,00,6443,5
58,383,1111,67,0,39,448,66,17,86,-0,14,7,33,313504,9,32042,97,0,00,6443,0
58,388,1111,76,0,39,448,70,17,86,-0,14,7,33,313482,3,32042,46,0,00,6442,5
58,393,1111,85,0,39,448,74,17,86,-0,14,7,33,313458,4,32041,95,0,00,6441,9
58,398,1111,94,0,39,448,77,17,86,-0,14,7,33,313435,6,32041,43,0,00,6441,4
58,403,1112,03,0,39,448,81,17,86,-0,14,7,33,313411,5,32040,92,0,00,6440,9
58,408,1112,12,0,39,448,85,17,86,-0,14,7,33,313389,3,32040,41,0,00,6440,4
58,413,1112,21,0,39,448,88,17,86,-0,14,7,33,313365,9,32039,89,0,00,6439,9
58,418,1112,30,0,39,448,92,17,86,-0,14,7,33,313342,5,32039,38,0,00,6439,4
58,423,1112,38,0,39,448,96,17,86,-0,14,7,33,313320,2,32038,87,0,00,6438,9
58,428,1112,47,0,38,448,99,17,86,-0,14,7,33,313296,6,32038,35,0,00,6438,4
58,433,1112,56,0,38,449,03,17,86,-0,14,7,33,313274,0,32037,84,0,00,6437,8
58,438,1112,65,0,38,449,07,17,86,-0,14,7,33,313251,0,32037,32,0,00,6437,3
58,443,1112,74,0,38,449,10,17,86,-0,14,7,33,313228,6,32036,81,0,00,6436,8
58,448,1112,83,0,38,449,14,17,86,-0,14,7,33,313205,9,32036,30,0,00,6436,3
58,453,1112,92,0,38,449,18,17,86,-0,14,7,33,313183,2,32035,78,0,00,6435,8
58,458,1113,01,0,38,449,21,17,86,-0,15,7,33,313160,7,32035,27,0,00,6435,3
58,463,1113,10,0,38,449,25,17,86,-0,15,7,33,313137,8,32034,76,0,00,6434,8
58,468,1113,19,0,38,449,29,17,86,-0,15,7,33,313116,3,32034,24,0,00,6434,2
58,473,1113,28,0,38,449,32,17,86,-0,15,7,33,313092,8,32033,73,0,00,6433,7
58,478,1113,37,0,38,449,36,17,86,-0,15,7,33,313071,4,32033,22,0,00,6433,2
58,483,1113,46,0,38,449,40,17,86,-0,15,7,33,313048,9,32032,70,0,00,6432,7
58,488,1113,54,0,38,449,43,17,86,-0,15,7,33,313026,5,32032,19,0,00,6432,2
58,493,1113,63,0,38,449,47,17,86,-0,15,7,33,313004,6,32031,68,0,00,6431,7
58,498,1113,72,0,37,449,51,17,86,-0,15,7,33,312982,4,32031,16,0,00,6431,2
58,503,1113,81,0,37,449,54,17,86,-0,15,7,33,312960,7,32030,65,0,00,6430,7
58,508,1113,90,0,37,449,58,17,86,-0,15,7,33,312938,3,32030,14,0,00,6430,1
58,513,1113,99,0,37,449,62,17,86,-0,15,7,33,312916,7,32029,63,0,00,6429,6
58,518,1114,08,0,37,449,65,17,86,-0,15,7,33,312894,9,32029,11,0,00,6429,1
58,523,1114,17,0,37,449,69,17,86,-0,15,7,33,312873,1,32028,60,0,00,6428,6
58,528,1114,26,0,37,449,73,17,86,-0,15,7,33,312851,5,32028,09,0,02,6428,1
58,533,1114,35,0,37,449,76,17,86,-0,15,7,33,312829,9,32027,57,0,00,6427,6
58,538,1114,44,0,37,449,80,17,86,-0,15,7,33,312858,7,32027,06,0,00,6427,1
58,543,1114,53,0,37,449,84,17,86,-0,15,7,33,312806,1,32026,55,0,00,6426,5
58,548,1114,62,0,37,449,87,17,86,-0,15,7,33,312754,7,32026,04,0,00,6426,0
58,553,1114,70,0,37,449,91,17,86,-0,15,7,33,312750,3,32025,52,0,00,6425,5
58,558,1114,79,0,37,449,95,17,86,-0,15,7,33,312719,3,32025,01,0,00,6425,0
58,563,1114,88,0,37,449,98,17,86,-0,15,7,33,312703,8,32024,50,0,00,6424,5
58,568,1114,97,0,36,450,02,17,86,-0,15,7,33,312679,0,32023,98,0,00,6424,0
58,573,1115,06,0,36,450,06,17,86,-0,15,7,33,312659,9,32023,47,0,00,6423,5
58,578,1115,15,0,36,450,09,17,86,-0,15,7,33,312637,4,32022,96,0,00,6423,0
58,583,1115,24,0,36,450,13,17,86,-0,15,7,33,312617,2,32022,45,0,00,6422,4
58,588,1115,33,0,36,450,17,17,86,-0,15,7,33,312595,8,32021,93,0,00,6421,9
58,593,1115,42,0,36,450,20,17,86,-0,15,7,33,312575,3,32021,42,0,00,6421,4
58,598,1115,51,0,36,450,24,17,86,-0,15,7,33,312554,1,32020,91,0,00,6420,9
58,603,1115,60,0,36,450,28,17,86,-0,15,7,33,312533,3,32020,40,0,00,6420,4
58,608,1115,69,0,36,450,31,17,86,-0,15,7,33,312512,7,32019,88,0,00,6419,9
58,613,1115,78,0,36,450,35,17,86,-0,15,7,33,312491,7,32019,37,0,00,6419,4
58,618,1115,87,0,36,450,39,17,86,-0,15,7,33,312471,3,32018,86,0,00,6418,9
58,623,1115,95,0,36,450,42,17,86,-0,15,7,33,312450,9,32018,35,0,00,6418,3
58,628,1116,04,0,36,450,46,17,86,-0,15,7,33,312429,7,32017,84,0,00,6417,8
58,633,1116,13,0,35,450,50,17,86,-0,15,7,33,312409,9,32017,32,0,00,6417,3
58,638,1116,22,0,35,450,53,17,85,-0,15,7,33,312389,0,32016,81,0,00,6416,8
58,643,1116,31,0,35,450,57,17,85,-0,15,7,33,312368,5,32016,30,0,00,6416,3
58,648,1116,40,0,35,450,61,17,85,-0,15,7,33,312349,0,32015,79,0,00,6415,8
58,653,1116,49,0,35,450,64,17,85,-0,15,7,33,312327,8,32015,28,0,00,6415,3
58,658,1116,58,0,35,450,68,17,85,-0,15,7,33,312308,1,32014,76,0,00,6414,8
58,663,1116,67,0,35,450,72,17,85,-0,15,7,33,312288,0,32014,25,0,00,6414,3
58,668,1116,76,0,35,450,75,17,85,-0,15,7,33,312267,5,32013,74,0,00,6413,7
58,673,1116,85,0,35,450,79,17,85,-0,15,7,33,312248,0,32013,23,0,00,6413,2
58,678,1116,94,0,35,450,83,17,85,-0,15,7,33,312227,3,32012,71,0,00,6412,7
58,683,1117,03,0,35,450,86,17,85,-0,15,7,33,312207,9,32012,20,0,00,6412,2
58,688,1117,11,0,35,450,90,17,85,-0,16,7,33,312187,8,32011,69,0,00,6411,7
58,693,1117,20,0,35,450,93,17,85,-0,16,7,33,312168,3,32011,18,0,00,6411,2
58,698,1117,29,0,34,450,97,17,85,-0,16,7,33,312148,3,32010,67,0,00,6410,7
58,703,1117,38,0,34,451,01,17,85,-0,16,7,33,312128,9,32010,16,0,00,6410,2
58,708,1117,47,0,34,451,04,17,85,-0,16,7,33,312108,7,32009,64,0,00,6409,6
58,713,1117,56,0,34,451,08,17,85,-0,16,7,33,312089,4,32009,13,0,00,6409,1
58,718,1117,65,0,34,451,12,17,85,-0,16,7,33,312069,8,32008,62,0,00,6408,6
58,723,1117,74,0,34,451,15,17,85,-0,16,7,33,312050,3,32008,11,0,00,6408,1
58,728,1117,83,0,34,451,19,17,85,-0,16,7,33,312030,8,32007,60,0,00,6407,6
58,733,1117,92,0,34,451,23,17,85,-0,16,7,33,312011,5,32007,09,0,00,6407,1
58,738,1118,01,0,34,451,26,17,85,-0,16,7,33,311992,2,32006,57,0,00,6406,6
58,743,1118,10,0,34,451,30,17,85,-0,16,7,33,311973,0,32006,06,0,00,6406,1
58,748,1118,19,0,34,451,34,17,85,-0,16,7,33,311953,5,32005,55,0,00,6405,6
58,753,1118,27,0,34,451,37,17,85,-0,16,7,33,311934,4,32005,04,0,00,6405,0
58,758,1118,36,0,34,451,41,17,85,-0,16,7,33,311915,5,32004,53,0,00,6404,5
58,763,1118,45,0,33,451,45,17,85,-0,16,7,33,311896,2,32004,02,0,00,6404,0
58,768,1118,54,0,33,451,48,17,85,-0,16,7,33,311877,0,32003,51,0,00,6403,5
58,773,1118,63,0,33,451,52,17,85,-0,16,7,33,311858,8,32003,00,0,00,6403,0
58,778,1118,72,0,33,451,56,17,85,-0,16,7,33,311838,8,32002,48,0,00,6402,5
58,783,1118,81,0,33,451,59,17,85,-0,16,7,33,311820,7,32001,97,0,00,6402,0
58,788,1118,90,0,33,451,63,17,85,-0,16,7,33,311801,8,32001,46,0,00,6401,5
58,793,1118,99,0,33,451,67,17,85,-0,16,7,33,311782,6,32000,95,0,00,6401,0
58,798,1119,08,0,33,451,70,17,85,-0,16,7,33,311764,8,32000,44,0,00,6400,4
58,803,1119,17,0,33,451,74,17,85,-0,16,7,33,311745,3,31999,93,0,00,6399,9
58,808,1119,26,0,33,451,78,17,85,-0,16,7,33,311727,1,31999,42,0,00,6399,4
58,813,1119,35,0,33,451,81,17,85,-0,16,7,33,311708,2,31998,91,0,00,6398,9
58,818,1119,43,0,33,451,85,17,85,-0,16,7,33,311690,2,31998,39,0,00,6398,4
58,823,1119,52,0,32,451,89,17,85,-0,16,7,33,311671,0,31997,88,0,00,6397,9
58,828,1119,61,0,32,451,92,17,85,-0,16,7,33,311653,2,31997,38,0,00,6397,4
58,833,1119,70,0,32,451,96,17,85,-0,16,7,33,311634,6,31996,86,0,00,6396,9
58,838,1119,79,0,32,452,00,17,85,-0,16,7,33,311616,5,31996,35,0,00,6396,4
58,843,1119,88,0,32,452,03,17,85,-0,16,7,33,311598,1,31995,84,0,00,6395,8
58,848,1119,97,0,32,452,07,17,85,-0,16,7,33,311580,1,31995,33,0,00,6395,3
58,853,1120,06,0,32,452,11,17,85,-0,17,7,33,311561,4,31994,82,0,00,6394,8
58,858,1120,15,0,32,452,14,17,85,-0,17,7,33,311544,1,31994,31,0,00,6394,3
58,863,1120,24,0,32,452,18,17,85,-0,17,7,33,311525,5,31993,80,0,00,6393,8
58,868,1120,33,0,32,452,22,17,85,-0,17,7,33,311507,4,31993,29,0,00,6393,3
58,873,1120,42,0,32,452,25,17,85,-0,17,7,33,311489,9,31992,78,0,00,6392,8
58,878,1120,51,0,32,452,29,17,85,-0,17,7,33,311471,6,31992,27,0,00,6392,3
58,883,1120,59,0,31,452,33,17,85,-0,17,7,33,311454,2,31991,76,0,00,6391,8
58,888,1120,68,0,31,452,36,17,85,-0,17,7,33,311436,0,31991,25,0,00,6391,2
58,893,1120,77,0,31,452,40,17,85,-0,17,7,33,311418,8,31990,73,0,00,6390,7
58,898,1120,86,0,31,452,44,17,85,-0,17,7,33,311400,3,31990,22,0,00,6390,2
58,903,1120,95,0,31,452,47,17,85,-0,17,7,33,311383,2,31989,71,0,00,6389,7
58,908,1121,04,0,31,452,51,17,85,-0,17,7,33,311365,3,31989,20,0,00,6389,2
58,913,1121,13,0,31,452,55,17,85,-0,17,7,33,311347,5,31988,69,0,00,6388,7
58,918,1121,22,0,31,452,58,17,85,-0,17,7,33,311330,7,31988,18,0,00,6388,2
58,923,1121,31,0,31,452,62,17,85,-0,17,7,33,311312,6,31987,67,0,00,6387,7
58,928,1121,40,0,31,452,66,17,85,-0,17,7,33,311295,4,31987,16,0,00,6387,2
58,933,1121,49,0,31,452,69,17,85,-0,17,7,33,311278,4,31986,65,0,00,6386,7
58,938,1121,58,0,31,452,73,17,85,-0,17,7,33,311260,5,31986,14,0,00,6386,1
58,943,1121,67,0,30,452,77,17,85,-0,17,7,33,311243,2,31985,63,0,00,6385,6
58,948,1121,75,0,30,452,80,17,85,-0,17,7,33,311226,8,31985,12,0,00,6385,1
58,953,1121,84,0,30,452,84,17,85,-0,17,7,33,311208,7,31984,61,0,00,6384,6
58,958,1121,93,0,30,452,88,17,85,-0,17,7,33,311192,0,31984,10,0,00,6384,1
58,963,1122,02,0,30,452,91,17,85,-0,17,7,33,311174,9,31983,59,0,00,6383,6
58,968,1122,11,0,30,452,95,17,85,-0,17,7,33,311157,5,31983,08,0,00,6383,1
58,973,1122,20,0,30,452,99,17,85,-0,17,7,33,311141,1,31982,57,0,00,6382,6
58,978,1122,29,0,30,453,02,17,85,-0,17,7,33,311123,8,31982,06,0,00,6382,1
58,983,1122,38,0,30,453,06,17,85,-0,17,7,33,311107,0,31981,55,0,00,6381,5
58,988,1122,47,0,30,453,10,17,85,-0,18,7,33,311089,9,31981,04,0,00,6381,0
58,993,1122,56,0,30,453,13,17,85,-0,18,7,33,311073,7,31980,53,0,00,6380,5
58,998,1122,65,0,29,453,17,17,85,-0,18,7,33,311055,8,31980,02,0,00,6380,0
59,003,1122,74,0,29,453,21,17,85,-0,18,7,33,311040,3,31979,51,0,00,6379,5
59,008,1122,83,0,29,453,24,17,85,-0,18,7,33,311023,0,31979,00,0,00,6379,0
59,013,1122,91,0,29,453,28,17,85,-0,18,7,33,311006,7,31978,49,0,00,6378,5
59,018,1123,00,0,29,453,32,17,85,-0,18,7,32,310989,9,31977,98,0,00,6378,0
59,023,1123,09,0,29,453,35,17,85,-0,18,7,32,310973,8,31977,47,0,00,6377,5
59,028,1123,18,0,29,453,39,17,85,-0,18,7,32,310956,3,31976,96,0,00,6377,0
59,033,1123,27,0,29,453,43,17,85,-0,18,7,32,310941,2,31976,45,0,00,6376,5
59,038,1123,36,0,29,453,46,17,85,-0,18,7,32,310923,5,31975,94,0,00,6375,9
59,043,1123,45,0,29,453,50,17,85,-0,18,7,32,310908,4,31975,43,0,00,6375,4
59,048,1123,54,0,29,453,53,17,85,-0,18,7,32,310890,8,31974,92,0,00,6374,9
59,053,1123,63,0,29,453,57,17,85,-0,18,7,32,310875,5,31974,41,0,00,6374,4
59,058,1123,72,0,28,453,61,17,85,-0,18,7,32,310859,0,31973,90,0,00,6373,9
59,063,1123,81,0,28,453,64,17,85,-0,18,7,32,310842,9,31973,39,0,00,6373,4
59,068,1123,90,0,28,453,68,17,85,-0,18,7,32,310826,5,31972,88,0,00,6372,9
59,073,1123,99,0,28,453,72,17,85,-0,18,7,32,310810,5,31972,37,0,00,6372,4
59,078,1124,07,0,28,453,75,17,85,-0,18,7,32,310794,7,31971,86,0,00,6371,9
59,083,1124,16,0,28,453,79,17,85,-0,18,7,32,310778,5,31971,36,0,00,6371,4
59,088,1124,25,0,28,453,83,17,85,-0,18,7,32,310762,8,31970,85,0,00,6370,8
59,093,1124,34,0,28,453,86,17,85,-0,18,7,32,310746,7,31970,34,0,00,6370,3
59,098,1124,43,0,28,453,90,17,85,-0,18,7,32,310730,7,31969,83,0,00,6369,8
59,103,1124,52,0,28,453,94,17,85,-0,18,7,32,310715,2,31969,32,0,00,6369,3
59,108,1124,61,0,28,453,97,17,85,-0,19,7,32,310699,3,31968,81,0,00,6368,8
59,113,1124,70,0,27,454,01,17,85,-0,19,7,32,310683,5,31968,30,0,00,6368,3
59,118,1124,79,0,27,454,05,17,85,-0,19,7,32,310667,8,31967,79,0,00,6367,8
59,123,1124,88,0,27,454,08,17,85,-0,19,7,32,310652,1,31967,28,0,00,6367,3
59,128,1124,97,0,27,454,12,17,85,-0,19,7,32,310636,9,31966,77,0,00,6366,8
59,133,1125,06,0,27,454,16,17,85,-0,19,7,32,310620,5,31966,26,0,00,6366,3
59,138,1125,15,0,27,454,19,17,85,-0,19,7,32,310605,9,31965,75,0,00,6365,8
59,143,1125,23,0,27,454,23,17,85,-0,19,7,32,310590,1,31965,24,0,00,6365,2
59,148,1125,32,0,27,454,27,17,85,-0,19,7,32,310574,3,31964,73,0,00,6364,7
59,153,1125,41,0,27,454,30,17,85,-0,19,7,32,310559,5,31964,22,0,00,6364,2
59,158,1125,50,0,27,454,34,17,85,-0,19,7,32,310543,8,31963,71,0,00,6363,7
59,163,1125,59,0,26,454,38,17,85,-0,19,7,32,310528,7,31963,21,0,00,6363,2
59,168,1125,68,0,26,454,41,17,85,-0,19,7,32,310513,2,31962,70,0,00,6362,7
59,173,1125,77,0,26,454,45,17,85,-0,19,7,32,310498,2,31962,19,0,00,6362,2
59,178,1125,86,0,26,454,49,17,85,-0,19,7,32,310482,8,31961,68,0,00,6361,7
59,183,1125,95,0,26,454,52,17,85,-0,19,7,32,310467,9,31961,17,0,00,6361,2
59,188,1126,04,0,26,454,56,17,85,-0,19,7,32,310452,7,31960,66,0,00,6360,7
59,193,1126,13,0,26,454,60,17,85,-0,19,7,32,310437,5,31960,15,0,00,6360,2
59,198,1126,22,0,26,454,63,17,85,-0,19,7,32,310422,8,31959,64,0,00,6359,6
59,203,1126,31,0,26,454,67,17,85,-0,19,7,32,310407,3,31959,13,0,00,6359,1
59,208,1126,39,0,26,454,71,17,85,-0,19,7,32,310392,8,31958,63,0,00,6358,6
59,213,1126,48,0,26,454,74,17,85,-0,19,7,32,310377,8,31958,12,0,00,6358,1
59,218,1126,57,0,25,454,78,17,85,-0,20,7,32,310363,0,31957,61,0,00,6357,6
59,223,1126,66,0,25,454,82,17,85,-0,20,7,32,310348,2,31957,10,0,00,6357,1
59,228,1126,75,0,25,454,85,17,85,-0,20,7,32,310333,5,31956,59,0,00,6356,6
59,233,1126,84,0,25,454,89,17,85,-0,20,7,32,310318,8,31956,08,0,00,6356,1
59,238,1126,93,0,25,454,93,17,85,-0,20,7,32,310303,8,31955,57,0,00,6355,6
59,243,1127,02,0,25,454,96,17,85,-0,20,7,32,310289,7,31955,06,0,00,6355,1
59,248,1127,11,0,25,455,00,17,85,-0,20,7,32,310274,3,31954,55,0,00,6354,6
59,253,1127,20,0,25,455,04,17,85,-0,20,7,32,310260,3,31954,05,0,00,6354,0
59,258,1127,29,0,25,455,07,17,85,-0,20,7,32,310245,5,31953,54,0,00,6353,5
59,263,1127,38,0,25,455,11,17,85,-0,20,7,32,310231,3,31953,03,0,00,6353,0
59,268,1127,47,0,24,455,15,17,85,-0,20,7,32,310216,6,31952,52,0,00,6352,5
59,273,1127,55,0,24,455,18,17,85,-0,20,7,32,310202,4,31952,01,0,00,6352,0
59,278,1127,64,0,24,455,22,17,85,-0,20,7,32,310187,9,31951,50,0,00,6351,5
59,283,1127,73,0,24,455,26,17,85,-0,20,7,32,310173,8,31951,00,0,00,6351,0
59,288,1127,82,0,24,455,29,17,85,-0,20,7,32,310159,0,31950,49,0,00,6350,5
59,293,1127,91,0,24,455,33,17,85,-0,20,7,32,310145,1,31949,98,0,00,6350,0
59,298,1128,00,0,24,455,37,17,85,-0,20,7,32,310131,2,31949,47,0,00,6349,5
59,303,1128,09,0,24,455,40,17,85,-0,20,7,32,310116,6,31948,96,0,00,6349,0
59,308,1128,18,0,24,455,44,17,84,-0,20,7,32,310102,4,31948,45,0,00,6348,5
59,313,1128,27,0,24,455,48,17,84,-0,20,7,32,310088,7,31947,95,0,00,6347,9
59,318,1128,36,0,23,455,51,17,84,-0,21,7,32,310074,2,31947,44,0,00,6347,4
59,323,1128,45,0,23,455,55,17,84,-0,21,7,32,310060,7,31946,93,0,00,6346,9
59,328,1128,54,0,23,455,59,17,84,-0,21,7,32,310046,3,31946,42,0,00,6346,4
59,333,1128,63,0,23,455,62,17,84,-0,21,7,32,310032,4,31945,91,0,00,6345,9
59,338,1128,71,0,23,455,66,17,84,-0,21,7,32,310018,6,31945,40,0,00,6345,4
59,343,1128,80,0,23,455,70,17,84,-0,21,7,32,310004,9,31944,89,0,00,6344,9
59,348,1128,89,0,23,455,73,17,84,-0,21,7,32,309990,8,31944,39,0,00,6344,4
59,353,1128,98,0,23,455,77,17,84,-0,21,7,32,309977,1,31943,88,0,00,6343,9
59,358,1129,07,0,23,455,81,17,84,-0,21,7,32,309963,5,31943,37,0,00,6343,4
59,363,1129,16,0,22,455,84,17,84,-0,21,7,32,309949,6,31942,86,0,00,6342,9
59,368,1129,25,0,22,455,88,17,84,-0,21,7,32,309936,2,31942,35,0,00,6342,4
59,373,1129,34,0,22,455,92,17,84,-0,21,7,32,309921,9,31941,85,0,00,6341,8
59,378,1129,43,0,22,455,95,17,84,-0,21,7,32,309909,4,31941,34,0,00,6341,3
59,383,1129,52,0,22,455,99,17,84,-0,21,7,32,309894,4,31940,83,0,00,6340,8
59,388,1129,61,0,22,456,03,17,84,-0,21,7,32,309882,5,31940,32,0,00,6340,3
59,393,1129,70,0,22,456,06,17,84,-0,21,7,32,309867,6,31939,81,0,00,6339,8
59,398,1129,79,0,22,456,10,17,84,-0,21,7,32,309854,9,31939,31,0,00,6339,3
59,403,1129,87,0,22,456,14,17,84,-0,21,7,32,309841,4,31938,80,0,00,6338,8
59,408,1129,96,0,22,456,17,17,84,-0,21,7,32,309828,0,31938,29,0,00,6338,3
59,413,1130,05,0,21,456,21,17,84,-0,22,7,32,309814,2,31937,78,0,00,6337,8
59,418,1130,14,0,21,456,24,17,84,-0,22,7,32,309801,8,31937,28,0,00,6337,3
59,423,1130,23,0,21,456,28,17,84,-0,22,7,32,309787,7,31936,77,0,00,6336,8
59,428,1130,32,0,21,456,32,17,84,-0,22,7,32,309774,9,31936,26,0,00,6336,3
59,433,1130,41,0,21,456,35,17,84,-0,22,7,32,309761,8,31935,75,0,00,6335,8
59,438,1130,50,0,21,456,39,17,84,-0,22,7,32,309748,3,31935,24,0,00,6335,2
59,443,1130,59,0,21,456,43,17,84,-0,22,7,32,309735,3,31934,74,0,00,6334,7
59,448,1130,68,0,21,456,46,17,84,-0,22,7,32,309722,7,31934,23,0,00,6334,2
59,454,1130,77,0,21,456,50,17,84,-0,22,7,32,309708,9,31933,72,0,00,6333,7
59,459,1130,86,0,20,456,54,17,84,-0,22,7,32,309696,1,31933,21,0,00,6333,2
59,464,1130,95,0,20,456,57,17,84,-0,22,7,32,309683,3,31932,71,0,00,6332,7
59,469,1131,03,0,20,456,61,17,84,-0,22,7,32,309670,5,31932,20,0,00,6332,2
59,474,1131,12,0,20,456,65,17,84,-0,22,7,32,309657,4,31931,69,0,00,6331,7
59,479,1131,21,0,20,456,68,17,84,-0,22,7,32,309644,3,31931,18,0,00,6331,2
59,484,1131,30,0,20,456,72,17,84,-0,22,7,32,309631,8,31930,67,0,00,6330,7
59,489,1131,39,0,20,456,76,17,84,-0,22,7,32,309618,8,31930,17,0,00,6330,2
59,494,1131,48,0,20,456,79,17,84,-0,22,7,32,309605,9,31929,66,0,00,6329,7
59,499,1131,57,0,20,456,83,17,84,-0,22,7,32,309593,5,31929,15,0,00,6329,2
59,504,1131,66,0,19,456,87,17,84,-0,22,7,32,309580,7,31928,64,0,00,6328,6
59,509,1131,75,0,19,456,90,17,84,-0,23,7,32,309567,9,31928,14,0,00,6328,1
59,514,1131,84,0,19,456,94,17,84,-0,23,7,32,309555,7,31927,63,0,00,6327,6
59,519,1131,93,0,19,456,98,17,84,-0,23,7,32,309542,7,31927,12,0,00,6327,1
59,524,1132,02,0,19,457,01,17,84,-0,23,7,32,309530,1,31926,61,0,00,6326,6
59,529,1132,11,0,19,457,05,17,84,-0,23,7,32,309518,0,31926,11,0,00,6326,1
59,534,1132,19,0,19,457,09,17,84,-0,23,7,32,309505,1,31925,60,0,00,6325,6
59,539,1132,28,0,19,457,12,17,84,-0,23,7,32,309492,7,31925,09,0,00,6325,1
59,544,1132,37,0,19,457,16,17,84,-0,23,7,32,309480,3,31924,58,0,00,6324,6
59,549,1132,46,0,18,457,20,17,84,-0,23,7,32,309468,0,31924,08,0,00,6324,1
59,554,1132,55,0,18,457,23,17,84,-0,23,7,32,309455,8,31923,57,0,00,6323,6
59,559,1132,64,0,18,457,27,17,84,-0,23,7,32,309443,2,31923,06,0,00,6323,1
59,564,1132,73,0,18,457,31,17,84,-0,23,7,32,309431,4,31922,55,0,00,6322,6
59,569,1132,82,0,18,457,34,17,84,-0,23,7,32,309418,5,31922,05,0,00,6322,0
59,574,1132,91,0,18,457,38,17,84,-0,23,7,32,309406,8,31921,54,0,00,6321,5
59,579,1133,00,0,18,457,42,17,84,-0,23,7,32,309394,0,31921,03,0,00,6321,0
59,584,1133,09,0,18,457,45,17,84,-0,23,7,32,309382,5,31920,53,0,00,6320,5
59,589,1133,18,0,17,457,49,17,84,-0,23,7,32,309370,2,31920,02,0,00,6320,0
59,594,1133,27,0,17,457,53,17,84,-0,23,7,32,309357,9,31919,51,0,00,6319,5
59,599,1133,35,0,17,457,56,17,84,-0,24,7,32,309346,1,31919,00,0,00,6319,0
59,604,1133,44,0,17,457,60,17,84,-0,24,7,32,309333,9,31918,50,0,00,6318,5
59,609,1133,53,0,17,457,64,17,84,-0,24,7,32,309321,8,31917,99,0,00,6318,0
59,614,1133,62,0,17,457,67,17,84,-0,24,7,32,309310,2,31917,48,0,00,6317,5
59,619,1133,71,0,17,457,71,17,84,-0,24,7,32,309297,8,31916,97,0,00,6317,0
59,624,1133,80,0,17,457,75,17,84,-0,24,7,32,309286,7,31916,47,0,00,6316,5
59,629,1133,89,0,17,457,78,17,84,-0,24,7,32,309273,9,31915,96,0,00,6316,0
59,634,1133,98,0,16,457,82,17,84,-0,24,7,32,309262,9,31915,46,0,00,6315,5
59,639,1134,07,0,16,457,86,17,84,-0,24,7,32,309250,7,31914,95,0,00,6314,9
59,644,1134,16,0,16,457,89,17,84,-0,24,7,32,309238,9,31914,44,0,00,6314,4
59,649,1134,25,0,16,457,93,17,84,-0,24,7,32,309227,2,31913,93,0,00,6313,9
59,654,1134,34,0,16,457,97,17,84,-0,24,7,32,309215,9,31913,43,0,00,6313,4
59,659,1134,43,0,16,458,00,17,84,-0,24,7,32,309203,5,31912,92,0,00,6312,9
59,664,1134,51,0,16,458,04,17,84,-0,24,7,32,309192,8,31912,41,0,00,6312,4
59,669,1134,60,0,16,458,08,17,84,-0,24,7,32,309180,0,31911,91,0,00,6311,9
59,674,1134,69,0,15,458,11,17,84,-0,24,7,32,309169,8,31911,40,0,00,6311,4
59,679,1134,78,0,15,458,15,17,84,-0,24,7,32,309157,1,31910,89,0,00,6310,9
59,684,1134,87,0,15,458,19,17,84,-0,25,7,32,309146,2,31910,39,0,00,6310,4
59,689,1134,96,0,15,458,22,17,84,-0,25,7,32,309134,5,31909,88,0,00,6309,9
59,694,1135,05,0,15,458,26,17,84,-0,25,7,32,309123,6,31909,37,0,00,6309,4
59,699,1135,14,0,15,458,30,17,84,-0,25,7,32,309111,1,31908,87,0,00,6308,9
59,704,1135,23,0,15,458,33,17,84,-0,25,7,32,309100,8,31908,36,0,00,6308,4
59,709,1135,32,0,15,458,37,17,84,-0,25,7,32,309088,8,31907,85,0,00,6307,9
59,714,1135,41,0,14,458,41,17,84,-0,25,7,32,309077,8,31907,35,0,00,6307,3
59,719,1135,50,0,14,458,44,17,84,-0,25,7,32,309066,3,31906,84,0,00,6306,8
59,724,1135,59,0,14,458,48,17,84,-0,25,7,32,309055,3,31906,33,0,00,6306,3
59,729,1135,67,0,14,458,52,17,84,-0,25,7,32,309044,0,31905,82,0,00,6305,8
59,734,1135,76,0,14,458,55,17,84,-0,25,7,32,309032,7,31905,32,0,00,6305,3
59,739,1135,85,0,14,458,59,17,84,-0,25,7,32,309021,4,31904,81,0,00,6304,8
59,744,1135,94,0,14,458,63,17,84,-0,25,7,32,309010,6,31904,30,0,00,6304,3
59,749,1136,03,0,14,458,66,17,84,-0,25,7,32,308999,5,31903,80,0,00,6303,8
59,754,1136,12,0,13,458,70,17,84,-0,25,7,32,308988,3,31903,29,0,00,6303,3
59,759,1136,21,0,13,458,74,17,84,-0,25,7,32,308976,8,31902,79,0,00,6302,8
59,764,1136,30,0,13,458,77,17,84,-0,26,7,32,308966,7,31902,28,0,00,6302,3
59,769,1136,39,0,13,458,81,17,84,-0,26,7,32,308954,8,31901,77,0,00,6301,8
59,774,1136,48,0,13,458,85,17,84,-0,26,7,32,308944,8,31901,27,0,00,6301,3
59,779,1136,57,0,13,458,88,17,84,-0,26,7,32,308933,0,31900,76,0,00,6300,8
59,784,1136,66,0,13,458,92,17,84,-0,26,7,32,308922,6,31900,25,0,00,6300,3
59,789,1136,75,0,13,458,95,17,84,-0,26,7,32,308911,4,31899,75,0,00,6299,7
59,794,1136,83,0,12,458,99,17,84,-0,26,7,32,308901,1,31899,24,0,00,6299,2
59,799,1136,92,0,12,459,03,17,84,-0,26,7,32,308889,5,31898,73,0,00,6298,7
59,804,1137,01,0,12,459,06,17,84,-0,26,7,32,308879,3,31898,23,0,00,6298,2
59,809,1137,10,0,12,459,10,17,84,-0,26,7,32,308868,7,31897,72,0,00,6297,7
59,814,1137,19,0,12,459,14,17,84,-0,26,7,32,308857,3,31897,21,0,00,6297,2
59,819,1137,28,0,12,459,17,17,84,-0,26,7,32,308847,6,31896,71,0,00,6296,7
59,824,1137,37,0,12,459,21,17,84,-0,26,7,32,308835,9,31896,20,0,00,6296,2
59,829,1137,46,0,12,459,25,17,84,-0,26,7,32,308826,3,31895,70,0,00,6295,7
59,834,1137,55,0,11,459,28,17,84,-0,26,7,32,308814,6,31895,19,0,00,6295,2
59,839,1137,64,0,11,459,32,17,84,-0,26,7,32,308805,2,31894,68,0,00,6294,7
59,844,1137,73,0,11,459,36,17,84,-0,26,7,32,308793,6,31894,18,0,00,6294,2
59,849,1137,82,0,11,459,39,17,84,-0,27,7,32,308783,8,31893,67,0,00,6293,7
59,854,1137,91,0,11,459,43,17,84,-0,27,7,32,308772,7,31893,16,0,00,6293,2
59,859,1137,99,0,11,459,47,17,84,-0,27,7,32,308762,9,31892,66,0,00,6292,7
59,864,1138,08,0,11,459,50,17,84,-0,27,7,32,308752,0,31892,15,0,00,6292,2
59,869,1138,17,0,10,459,54,17,84,-0,27,7,32,308741,9,31891,64,0,00,6291,6
59,874,1138,26,0,10,459,58,17,84,-0,27,7,32,308731,4,31891,14,0,00,6291,1
59,879,1138,35,0,10,459,61,17,84,-0,27,7,32,308721,0,31890,63,0,00,6290,6
59,884,1138,44,0,10,459,65,17,84,-0,27,7,32,308710,7,31890,13,0,00,6290,1
59,889,1138,53,0,10,459,69,17,84,-0,27,7,32,308700,3,31889,62,0,00,6289,6
59,894,1138,62,0,10,459,72,17,84,-0,27,7,32,308690,1,31889,12,0,00,6289,1
59,899,1138,71,0,10,459,76,17,84,-0,27,7,32,308680,3,31888,61,0,00,6288,6
59,904,1138,80,0,10,459,80,17,84,-0,27,7,32,308669,2,31888,10,0,00,6288,1
59,909,1138,89,0,09,459,83,17,84,-0,27,7,32,308659,9,31887,60,0,00,6287,6
59,914,1138,98,0,09,459,87,17,84,-0,27,7,32,308649,4,31887,09,0,00,6287,1
59,919,1139,07,0,09,459,91,17,84,-0,27,7,32,308639,3,31886,59,0,00,6286,6
59,924,1139,15,0,09,459,94,17,84,-0,28,7,32,308628,9,31886,08,0,00,6286,1
59,929,1139,24,0,09,459,98,17,84,-0,28,7,32,308619,3,31885,57,0,00,6285,6
59,934,1139,33,0,09,460,02,17,84,-0,28,7,32,308609,0,31885,07,0,00,6285,1
59,939,1139,42,0,09,460,05,17,84,-0,28,7,32,308599,5,31884,56,0,00,6284,6
59,944,1139,51,0,08,460,09,17,84,-0,28,7,32,308588,8,31884,06,0,00,6284,1
59,949,1139,60,0,08,460,13,17,84,-0,28,7,32,308579,4,31883,55,0,00,6283,6
59,954,1139,69,0,08,460,16,17,84,-0,28,7,32,308568,8,31883,04,0,00,6283,0
59,959,1139,78,0,08,460,20,17,84,-0,28,7,32,308559,5,31882,54,0,00,6282,5
59,964,1139,87,0,08,460,24,17,84,-0,28,7,32,308549,4,31882,03,0,00,6282,0
59,969,1139,96,0,08,460,27,17,84,-0,28,7,32,308539,8,31881,53,0,00,6281,5
59,974,1140,05,0,08,460,31,17,84,-0,28,7,32,308529,7,31881,02,0,00,6281,0
59,979,1140,14,0,07,460,35,17,84,-0,28,7,32,308520,2,31880,52,0,00,6280,5
59,984,1140,23,0,07,460,38,17,83,-0,28,7,32,308509,8,31880,01,0,00,6280,0
59,989,1140,31,0,07,460,42,17,83,-0,28,7,32,308500,7,31879,50,0,00,6279,5
59,994,1140,40,0,07,460,46,17,83,-0,28,7,32,308490,4,31879,00,0,00,6279,0
59,999,1140,49,0,07,460,49,17,83,-0,28,7,32,308481,5,31878,49,0,00,6278,5
60,004,1140,58,0,07,460,53,17,83,-0,29,7,32,308470,8,31877,99,0,00,6278,0
60,009,1140,67,0,07,460,57,17,83,-0,29,7,32,308461,9,31877,48,0,00,6277,5
60,014,1140,76,0,06,460,60,17,83,-0,29,7,32,308452,3,31876,97,0,00,6277,0
60,019,1140,85,0,06,460,64,17,83,-0,29,7,32,308442,6,31876,47,0,00,6276,5
60,024,1140,94,0,06,460,68,17,83,-0,29,7,32,308433,0,31875,96,0,00,6276,0
60,029,1141,03,0,06,460,71,17,83,-0,29,7,32,308423,4,31875,46,0,00,6275,5
60,034,1141,12,0,06,460,75,17,83,-0,29,7,32,308413,8,31874,95,0,00,6275,0
60,039,1141,21,0,06,460,79,17,83,-0,29,7,32,308404,3,31874,45,0,00,6274,4
60,044,1141,30,0,06,460,82,17,83,-0,29,7,32,308394,9,31873,94,0,00,6273,9
60,049,1141,38,0,05,460,86,17,83,-0,29,7,32,308385,4,31873,43,0,00,6273,4
60,054,1141,47,0,05,460,90,17,83,-0,29,7,32,308376,5,31872,93,0,00,6272,9
60,059,1141,56,0,05,460,93,17,83,-0,29,7,32,308366,3,31872,42,0,00,6272,4
60,064,1141,65,0,05,460,97,17,83,-0,29,7,32,308357,9,31871,92,0,00,6271,9
