time,posX,posY,posZ,velX,velY,velZ,thrust,mass,angleError,fuel
0,050,1,24,2495,01,0,52,24,68,-99,59,10,27,685759,5,38805,48,8,86,13205,5
0,100,2,47,2490,04,1,03,24,48,-99,19,10,11,685147,4,38794,24,8,58,13194,2
0,150,3,69,2485,09,1,53,24,26,-98,80,9,93,684549,7,38783,02,8,05,13183,0
0,200,4,89,2480,16,2,02,24,01,-98,43,9,72,683983,2,38771,80,7,21,13171,8
0,250,6,09,2475,25,2,50,23,69,-98,10,9,45,683479,1,38760,59,5,90,13160,6
0,300,7,26,2470,35,2,96,23,28,-97,84,9,11,683077,4,38749,39,3,91,13149,4
0,350,8,41,2465,46,3,41,22,85,-97,61,8,89,682719,3,38738,20,1,55,13138,2
0,400,9,55,2460,59,3,86,22,76,-97,36,9,24,682341,1,38727,00,2,68,13127,0
0,450,10,70,2455,73,4,33,23,18,-97,10,9,54,681953,6,38715,82,5,02,13115,8
0,500,11,87,2450,88,4,82,23,61,-96,82,9,77,681536,8,38704,65,6,69,13104,7
0,550,13,06,2446,05,5,31,23,94,-96,48,9,95,681047,6,38693,48,7,75,13093,5
0,600,14,26,2441,23,5,81,24,19,-96,10,10,12,680509,3,38682,32,8,41,13082,3
0,650,15,48,2436,44,6,32,24,40,-95,71,10,27,679953,0,38671,16,8,77,13071,2
0,700,16,70,2431,66,6,84,24,59,-95,32,10,41,679392,1,38660,02,8,93,13060,0
0,750,17,93,2426,91,7,36,24,75,-94,92,10,56,678832,2,38648,89,8,90,13048,9
0,800,19,18,2422,17,7,89,24,92,-94,53,10,72,678281,2,38637,77,8,69,13037,8
0,850,20,43,2417,45,8,43,25,11,-94,14,10,90,677744,0,38626,65,8,26,13026,7
0,900,21,69,2412,75,8,98,25,30,-93,77,11,14,677230,1,38615,55,7,56,13015,5
0,950,22,96,2408,07,9,55,25,53,-93,44,11,45,676248,5,38604,45,6,49,13004,5
1,000,24,24,2403,41,10,13,25,83,-93,17,11,83,674718,9,38593,38,5,02,12993,4
1,050,25,54,2398,76,10,73,26,21,-92,94,11,83,673410,9,38582,33,3,58,12982,3
1,100,26,86,2394,12,11,31,26,62,-92,71,11,47,672179,3,38571,30,3,02,12971,3
1,150,28,20,2389,49,11,87,26,61,-92,45,11,18,670747,6,38560,29,4,14,12960,3
1,200,29,52,2384,87,12,43,26,18,-92,17,10,96,669254,3,38549,30,5,84,12949,3
1,250,30,82,2380,27,12,97,25,76,-91,88,10,79,667681,6,38538,35,7,15,12938,4
1,300,32,10,2375,68,13,51,25,44,-91,55,10,62,665867,6,38527,42,8,00,12927,4
1,350,33,36,2371,12,14,03,25,19,-91,19,10,46,663914,1,38516,52,8,52,12916,5
1,400,34,62,2366,56,14,55,24,99,-90,81,10,31,661901,9,38505,65,8,79,12905,7
1,450,35,86,2362,03,15,07,24,80,-90,44,10,17,659881,6,38494,82,8,86,12894,8
1,500,37,10,2357,52,15,57,24,63,-90,07,10,00,657874,1,38484,02,8,76,12884,0
1,550,38,32,2353,03,16,07,24,46,-89,71,9,82,655898,8,38473,25,8,46,12873,3
1,600,39,54,2348,55,16,55,24,28,-89,36,9,61,653993,6,38462,52,7,94,12862,5
1,650,40,75,2344,09,17,03,24,08,-89,03,9,33,652213,5,38451,81,7,12,12851,8
1,700,41,95,2339,65,17,48,23,87,-88,75,8,97,650662,4,38441,13,5,95,12841,1
1,750,43,14,2335,21,17,92,23,59,-88,50,8,58,649295,2,38430,48,4,64,12830,5
1,800,44,31,2330,80,18,36,23,24,-88,28,8,88,648070,1,38419,85,3,86,12819,9
1,850,45,46,2326,39,18,81,22,85,-88,08,9,23,646969,9,38409,23,3,77,12809,2
1,900,46,60,2321,99,19,28,22,77,-87,84,9,50,645682,5,38398,64,4,73,12798,6
1,950,47,74,2317,60,19,76,23,18,-87,59,9,70,644339,8,38388,06,6,19,12788,1
2,000,48,91,2313,23,20,25,23,56,-87,33,9,86,642908,3,38377,52,7,37,12777,5
2,050,50,10,2308,87,20,74,23,85,-87,02,10,02,641255,8,38366,99,8,16,12767,0
2,100,51,30,2304,53,21,25,24,07,-86,69,10,17,639479,8,38356,49,8,64,12756,5
2,150,52,51,2300,20,21,76,24,25,-86,35,10,32,637648,9,38346,02,8,89,12746,0
2,200,53,72,2295,89,22,28,24,42,-86,00,10,46,635811,2,38335,59,8,95,12735,6
2,250,54,95,2291,60,22,81,24,57,-85,67,10,63,633986,3,38325,18,8,84,12725,2
2,300,56,18,2287,33,23,34,24,72,-85,33,10,80,632188,9,38314,80,8,53,12714,8
2,350,57,42,2283,07,23,89,24,88,-85,01,11,01,630457,2,38304,45,8,00,12704,5
2,400,58,67,2278,82,24,45,25,05,-84,71,11,27,628838,3,38294,13,7,16,12694,1
2,450,59,92,2274,60,25,02,25,24,-84,45,11,62,627422,1,38283,84,5,95,12683,8
2,500,61,19,2270,38,25,61,25,48,-84,23,11,99,626181,0,38273,56,4,49,12673,6
2,550,62,47,2266,17,26,21,25,77,-84,02,11,91,625021,5,38263,31,3,52,12663,3
2,600,63,77,2261,98,26,80,26,13,-83,84,11,55,624047,4,38253,07,3,60,12653,1
2,650,65,08,2257,79,27,37,26,19,-83,65,11,23,623008,1,38242,85,4,67,12642,9
2,700,66,38,2253,61,27,92,25,79,-83,43,11,00,621842,6,38232,64,6,10,12632,6
2,750,67,66,2249,45,28,47,25,44,-83,18,10,80,620514,2,38222,46,7,22,12622,5
2,800,68,93,2245,30,29,00,25,18,-82,89,10,63,618975,6,38212,30,7,99,12612,3
2,850,70,18,2241,16,29,53,24,97,-82,58,10,47,617334,6,38202,17,8,47,12602,2
2,900,71,43,2237,04,30,05,24,80,-82,27,10,31,615658,7,38192,06,8,73,12592,1
2,950,72,66,2232,93,30,56,24,63,-81,95,10,16,613968,1,38181,98,8,82,12582,0
3,000,73,89,2228,84,31,06,24,49,-81,63,10,00,612285,4,38171,94,8,75,12571,9
3,050,75,11,2224,77,31,56,24,34,-81,32,9,84,610628,6,38161,91,8,51,12561,9
3,100,76,32,2220,71,32,05,24,18,-81,02,9,65,609010,9,38151,92,8,07,12551,9
3,150,77,53,2216,67,32,53,24,01,-80,73,9,44,607457,1,38141,95,7,36,12542,0
3,200,78,72,2212,64,32,99,23,83,-80,47,9,16,606027,9,38132,00,6,30,12532,0
3,250,79,91,2208,62,33,44,23,60,-80,25,8,82,604814,3,38122,07,4,77,12522,1
3,300,81,08,2204,61,33,87,23,31,-80,05,8,47,603769,7,38112,17,2,75,12512,2
3,350,82,24,2200,61,34,29,22,97,-79,88,8,54,602826,3,38102,28,1,70,12502,3
3,400,83,39,2196,62,34,73,22,98,-79,73,8,87,601959,0,38092,41,3,49,12492,4
3,450,84,54,2192,64,35,18,23,34,-79,55,9,17,601050,5,38082,54,5,36,12482,5
3,500,85,72,2188,67,35,65,23,62,-79,33,9,42,599863,6,38072,70,6,68,12472,7
3,550,86,90,2184,71,36,12,23,84,-79,06,9,63,598469,3,38062,88,7,57,12462,9
3,600,88,10,2180,76,36,61,24,01,-78,78,9,80,596970,2,38053,08,8,14,12453,1
3,650,89,31,2176,83,37,10,24,16,-78,49,9,96,595437,2,38043,31,8,50,12443,3
3,700,90,52,2172,91,37,60,24,30,-78,20,10,11,593898,1,38033,56,8,66,12433,6
3,750,91,73,2169,01,38,11,24,42,-77,90,10,24,592342,5,38023,84,8,68,12423,8
3,800,92,96,2165,12,38,63,24,55,-77,62,10,39,590807,9,38014,14,8,55,12414,1
3,850,94,19,2161,25,39,15,24,69,-77,33,10,54,589307,1,38004,47,8,25,12404,5
3,900,95,43,2157,39,39,68,24,84,-77,05,10,71,588075,6,37994,82,7,75,12394,8
3,950,96,67,2153,54,40,22,25,01,-76,79,10,89,587078,7,37985,19,6,99,12385,2
4,000,97,93,2149,71,40,77,25,22,-76,55,11,12,586198,4,37975,57,5,88,12375,6
4,050,99,20,2145,89,41,33,25,49,-76,35,11,39,585515,3,37965,97,4,26,12366,0
4,100,100,48,2142,07,41,91,25,83,-76,19,11,70,585092,9,37956,37,2,01,12356,4
4,150,101,77,2138,27,42,51,25,77,-76,05,11,96,584704,9,37946,78,1,40,12346,8
4,200,103,05,2134,47,43,10,25,42,-75,89,11,64,584301,9,37937,20,3,70,12337,2
4,250,104,32,2130,68,43,67,25,15,-75,71,11,31,583764,8,37927,63,5,43,12327,6
4,300,105,57,2126,90,44,23,24,94,-75,49,11,03,582995,8,37918,06,6,62,12318,1
4,350,106,81,2123,13,44,77,24,77,-75,23,10,82,582069,1,37908,52,7,42,12308,5
4,400,108,05,2119,38,45,31,24,61,-74,96,10,64,581065,1,37898,98,7,94,12299,0
4,450,109,27,2115,64,45,84,24,46,-74,69,10,49,580035,5,37889,46,8,26,12289,5
4,500,110,49,2111,91,46,36,24,33,-74,42,10,34,578993,9,37879,96,8,41,12280,0
4,550,111,71,2108,19,46,87,24,20,-74,14,10,20,577940,0,37870,48,8,41,12270,5
4,600,112,91,2104,49,47,38,24,05,-73,87,10,07,576899,4,37861,02,8,28,12261,0
4,650,114,11,2100,81,47,88,23,90,-73,60,9,93,575883,7,37851,57,7,98,12251,6
4,700,115,30,2097,13,48,37,23,73,-73,33,9,78,574891,8,37842,14,7,50,12242,1
4,750,116,48,2093,47,48,86,23,54,-73,08,9,63,573950,4,37832,72,6,78,12232,7
4,800,117,66,2089,83,49,33,23,29,-72,85,9,45,573111,4,37823,32,5,75,12223,3
4,850,118,81,2086,19,49,80,22,97,-72,66,9,25,572455,1,37813,93,4,37,12213,9
4,900,119,95,2082,56,50,26,22,68,-72,50,9,00,571973,6,37804,55,2,88,12204,6
4,950,121,09,2078,94,50,70,23,00,-72,36,8,68,571611,2,37795,17,2,41,12195,2
5,000,122,25,2075,32,51,13,23,28,-72,21,8,55,571189,4,37785,80,3,45,12185,8
5,050,123,42,2071,72,51,56,23,50,-72,03,8,88,570664,1,37776,45,4,98,12176,5
5,100,124,60,2068,12,52,02,23,67,-71,83,9,19,570007,8,37767,09,6,19,12167,1
5,150,125,79,2064,53,52,48,23,82,-71,60,9,42,569176,4,37757,76,7,04,12157,8
5,200,126,98,2060,96,52,96,23,96,-71,35,9,60,568253,6,37748,43,7,62,12148,4
5,250,128,18,2057,40,53,44,24,09,-71,09,9,76,567291,8,37739,13,7,98,12139,1
5,300,129,39,2053,85,53,93,24,21,-70,83,9,90,566311,9,37729,84,8,18,12129,8
5,350,130,60,2050,32,54,43,24,33,-70,57,10,03,565325,4,37720,56,8,22,12120,6
5,400,131,82,2046,79,54,93,24,46,-70,31,10,14,564343,1,37711,30,8,14,12111,3
5,450,133,05,2043,29,55,45,24,60,-70,05,10,27,563376,2,37702,05,7,91,12102,1
5,500,134,28,2039,79,55,96,24,75,-69,80,10,40,562434,3,37692,83,7,50,12092,8
5,550,135,53,2036,30,56,48,24,93,-69,56,10,53,561530,4,37683,62,6,90,12083,6
5,600,136,78,2032,83,57,01,25,15,-69,33,10,66,560704,1,37674,42,6,04,12074,4
5,650,138,04,2029,37,57,55,25,45,-69,14,10,81,560014,5,37665,23,4,90,12065,2
5,700,139,32,2025,92,58,10,25,78,-68,97,10,98,559473,8,37656,05,3,69,12056,1
5,750,140,61,2022,47,58,65,25,51,-68,81,11,21,559010,3,37646,89,3,14,12046,9
5,800,141,87,2019,04,59,22,25,21,-68,67,11,51,558614,6,37637,73,3,29,12037,7
5,850,143,13,2015,61,59,80,24,99,-68,51,11,58,558137,4,37628,57,4,15,12028,6
5,900,144,37,2012,19,60,37,24,80,-68,34,11,25,557584,3,37619,43,5,31,12019,4
5,950,145,61,2008,77,60,93,24,64,-68,13,10,99,556874,8,37610,29,6,26,12010,3
6,000,146,84,2005,37,61,47,24,50,-67,90,10,78,556042,0,37601,17,6,94,12001,2
6,050,148,06,2001,98,62,00,24,36,-67,66,10,62,555149,5,37592,06,7,41,11992,1
6,100,149,27,1998,61,62,53,24,23,-67,41,10,48,554230,9,37582,97,7,70,11983,0
6,150,150,48,1995,24,63,05,24,10,-67,17,10,35,553299,9,37573,89,7,84,11973,9
6,200,151,68,1991,89,63,57,23,97,-66,92,10,23,552369,9,37564,83,7,85,11964,8
6,250,152,88,1988,55,64,08,23,84,-66,67,10,12,551444,4,37555,78,7,73,11955,8
6,300,154,07,1985,22,64,58,23,69,-66,43,10,01,550532,4,37546,75,7,48,11946,8
6,350,155,25,1981,91,65,08,23,53,-66,19,9,89,549643,6,37537,73,7,07,11937,7
6,400,156,42,1978,60,65,57,23,35,-65,96,9,77,548799,9,37528,73,6,45,11928,7
6,450,157,58,1975,31,66,05,23,12,-65,75,9,65,548149,6,37519,74,5,59,11919,7
6,500,158,73,1972,03,66,53,22,83,-65,56,9,52,547601,8,37510,76,4,46,11910,8
6,550,159,86,1968,75,67,01,22,49,-65,39,9,37,547171,3,37501,78,3,26,11901,8
6,600,160,99,1965,49,67,47,22,69,-65,24,9,18,546792,4,37492,82,2,85,11892,8
6,650,162,13,1962,23,67,92,22,99,-65,10,8,93,546458,4,37483,86,3,26,11883,9
6,700,163,29,1958,98,68,36,23,21,-64,95,8,80,546098,6,37474,90,4,14,11874,9
6,750,164,45,1955,74,68,81,23,39,-64,78,9,10,545656,6,37465,95,5,21,11866,0
6,800,165,63,1952,50,69,27,23,54,-64,58,9,33,545062,8,37457,01,6,09,11857,0
6,850,166,81,1949,28,69,74,23,68,-64,36,9,50,544377,8,37448,08,6,73,11848,1
6,900,168,00,1946,07,70,22,23,81,-64,13,9,64,543647,9,37439,16,7,18,11839,2
6,950,169,19,1942,87,70,71,23,93,-63,89,9,76,542898,7,37430,26,7,46,11830,3
7,000,170,39,1939,68,71,20,24,04,-63,66,9,88,542138,1,37421,36,7,60,11821,4
7,050,171,59,1936,50,71,69,24,16,-63,42,9,98,541369,6,37412,48,7,63,11812,5
7,100,172,80,1933,33,72,20,24,28,-63,19,10,08,540602,3,37403,61,7,54,11803,6
7,150,174,02,1930,18,72,70,24,41,-62,96,10,18,539843,9,37394,76,7,32,11794,8
7,200,175,24,1927,04,73,21,24,54,-62,73,10,28,539096,2,37385,91,6,96,11785,9
7,250,176,48,1923,91,73,73,24,70,-62,50,10,39,538365,9,37377,08,6,41,11777,1
7,300,177,72,1920,79,74,25,24,88,-62,29,10,50,537671,3,37368,26,5,64,11768,3
7,350,178,96,1917,68,74,78,25,11,-62,09,10,62,537046,1,37359,45,4,59,11759,5
7,400,180,23,1914,58,75,32,25,41,-61,92,10,75,536546,9,37350,65,3,20,11750,7
7,450,181,51,1911,49,75,86,25,66,-61,78,10,91,536141,6,37341,86,1,89,11741,9
7,500,182,78,1908,40,76,41,25,34,-61,64,11,13,535796,2,37333,07,2,24,11733,1
7,550,184,04,1905,32,76,97,25,05,-61,52,11,12,535491,8,37324,29,3,52,11724,3
7,600,185,29,1902,25,77,52,24,82,-61,35,10,89,535008,3,37315,52,4,73,11715,5
7,650,186,52,1899,19,78,06,24,64,-61,15,10,70,534378,6,37306,75,5,64,11706,8
7,700,187,75,1896,14,78,59,24,49,-60,93,10,56,533672,8,37298,00,6,31,11698,0
7,750,188,97,1893,09,79,11,24,35,-60,71,10,44,532932,4,37289,25,6,78,11689,3
7,800,190,19,1890,06,79,63,24,22,-60,49,10,33,532180,3,37280,52,7,10,11680,5
7,850,191,39,1887,05,80,15,24,09,-60,27,10,23,531422,6,37271,80,7,28,11671,8
7,900,192,59,1884,04,80,66,23,97,-60,04,10,13,530653,8,37263,10,7,34,11663,1
7,950,193,79,1881,04,81,16,23,85,-59,82,10,04,529878,4,37254,41,7,31,11654,4
8,000,194,98,1878,06,81,66,23,73,-59,60,9,95,529115,5,37245,73,7,16,11645,7
8,050,196,16,1875,08,82,15,23,59,-59,38,9,85,528363,9,37237,06,6,89,11637,1
8,100,197,34,1872,12,82,64,23,46,-59,16,9,74,527618,4,37228,41,6,48,11628,4
8,150,198,51,1869,16,83,13,23,31,-58,95,9,63,526887,6,37219,76,5,89,11619,8
8,200,199,67,1866,22,83,61,23,14,-58,75,9,51,526190,4,37211,13,5,07,11611,1
8,250,200,82,1863,29,84,08,22,92,-58,56,9,37,525559,9,37202,51,3,95,11602,5
8,300,201,96,1860,37,84,54,22,66,-58,40,9,20,525051,9,37193,90,2,40,11593,9
8,350,203,09,1857,45,85,00,22,34,-58,28,8,98,524703,6,37185,30,0,37,11585,3
8,400,204,21,1854,54,85,45,22,53,-58,16,9,20,524388,8,37176,70,2,03,11576,7
8,450,205,34,1851,63,85,92,22,82,-58,01,9,37,523970,6,37168,10,3,66,11568,1
8,500,206,49,1848,74,86,39,23,04,-57,84,9,50,523390,7,37159,52,4,81,11559,5
8,550,207,64,1845,85,86,87,23,21,-57,64,9,62,522717,6,37150,94,5,64,11550,9
8,600,208,81,1842,97,87,35,23,36,-57,43,9,72,521997,6,37142,38,6,24,11542,4
8,650,209,98,1840,11,87,84,23,48,-57,22,9,82,521258,2,37133,83,6,65,11533,8
8,700,211,15,1837,25,88,33,23,60,-57,01,9,92,520512,7,37125,29,6,93,11525,3
8,750,212,34,1834,41,88,83,23,71,-56,80,10,00,519761,3,37116,76,7,07,11516,8
8,800,213,53,1831,57,89,33,23,82,-56,59,10,09,518999,9,37108,25,7,11,11508,3
8,850,214,72,1828,75,89,84,23,92,-56,38,10,17,518237,8,37099,75,7,06,11499,8
8,900,215,92,1825,93,90,35,24,03,-56,17,10,27,517487,8,37091,26,6,91,11491,3
8,950,217,12,1823,13,90,87,24,14,-55,97,10,37,516747,7,37082,78,6,63,11482,8
9,000,218,33,1820,34,91,39,24,26,-55,76,10,47,516014,1,37074,32,6,22,11474,3
9,050,219,55,1817,55,91,91,24,38,-55,56,10,59,515295,2,37065,86,5,64,11465,9
9,100,220,77,1814,78,92,45,24,51,-55,37,10,73,514610,0,37057,42,4,88,11457,4
9,150,222,00,1812,02,92,99,24,66,-55,20,10,91,513989,9,37048,99,3,89,11449,0
9,200,223,24,1809,26,93,54,24,86,-55,05,11,14,513494,1,37040,57,2,75,11440,6
9,250,224,49,1806,51,94,09,25,10,-54,93,10,91,513105,5,37032,15,1,93,11432,2
9,300,225,75,1803,77,94,63,25,34,-54,80,10,73,512714,9,37023,75,2,18,11423,8
9,350,227,01,1801,03,95,16,25,03,-54,66,10,60,512292,9,37015,34,3,42,11415,3
9,400,228,25,1798,30,95,69,24,78,-54,50,10,49,511754,6,37006,95,4,52,11407,0
9,450,229,49,1795,58,96,21,24,58,-54,32,10,39,511113,1,36998,57,5,36,11398,6
9,500,230,71,1792,87,96,73,24,42,-54,13,10,29,510418,3,36990,19,5,97,11390,2
9,550,231,93,1790,17,97,24,24,29,-53,94,10,20,509700,7,36981,83,6,41,11381,8
9,600,233,14,1787,48,97,75,24,16,-53,74,10,10,508972,1,36973,48,6,70,11373,5
9,650,234,34,1784,79,98,25,24,04,-53,54,10,01,508238,2,36965,14,6,87,11365,1
9,700,235,54,1782,12,98,75,23,93,-53,34,9,93,507498,3,36956,82,6,94,11356,8
9,750,236,74,1779,46,99,25,23,83,-53,15,9,84,506759,1,36948,50,6,90,11348,5
9,800,237,93,1776,81,99,74,23,72,-52,95,9,74,506024,1,36940,20,6,78,11340,2
9,850,239,11,1774,16,100,22,23,62,-52,76,9,64,505299,2,36931,91,6,54,11331,9
9,900,240,29,1771,53,100,70,23,50,-52,57,9,53,504583,8,36923,64,6,18,11323,6
9,950,241,46,1768,91,101,17,23,39,-52,38,9,41,503882,5,36915,37,5,67,11315,4
10,000,242,63,1766,29,101,64,23,27,-52,20,9,26,503209,6,36907,12,5,01,11307,1
10,050,243,79,1763,69,102,10,23,14,-52,04,9,07,502592,5,36898,88,4,18,11298,9
10,100,244,94,1761,09,102,55,22,99,-51,89,8,82,502080,0,36890,64,3,31,11290,6
10,150,246,09,1758,50,102,99,22,82,-51,76,9,07,501633,0,36882,41,2,74,11282,4
10,200,247,22,1755,91,103,45,22,59,-51,62,9,25,501150,1,36874,19,2,51,11274,2
10,250,248,34,1753,33,103,92,22,42,-51,50,9,38,500721,5,36865,98,2,88,11266,0
10,300,249,47,1750,76,104,39,22,69,-51,36,9,48,500262,6,36857,77,3,81,11257,8
10,350,250,61,1748,20,104,86,22,90,-51,20,9,57,499681,6,36849,58,4,68,11249,6
10,400,251,76,1745,64,105,35,23,06,-51,03,9,66,499029,0,36841,39,5,36,11241,4
10,450,252,92,1743,10,105,83,23,19,-50,85,9,75,498341,1,36833,21,5,86,11233,2
10,500,254,08,1740,56,106,32,23,30,-50,66,9,84,497638,2,36825,05,6,22,11225,1
10,550,255,25,1738,03,106,82,23,41,-50,48,9,93,496927,3,36816,90,6,46,11216,9
10,600,256,42,1735,51,107,31,23,51,-50,30,10,01,496211,7,36808,76,6,59,11208,8
10,650,257,60,1733,00,107,82,23,60,-50,11,10,09,495494,9,36800,63,6,63,11200,6
10,700,258,78,1730,50,108,32,23,69,-49,93,10,18,494779,8,36792,52,6,57,11192,5
10,750,259,97,1728,01,108,83,23,77,-49,75,10,27,494068,4,36784,41,6,43,11184,4
10,800,261,16,1725,52,109,35,23,86,-49,57,10,37,493365,6,36776,32,6,18,11176,3
10,850,262,35,1723,05,109,87,23,96,-49,39,10,47,492672,3,36768,23,5,81,11168,2
10,900,263,55,1720,58,110,40,24,05,-49,22,10,59,491993,3,36760,16,5,30,11160,2
10,950,264,76,1718,13,110,93,24,15,-49,05,10,73,491340,0,36752,11,4,65,11152,1
11,000,265,97,1715,68,111,47,24,25,-48,89,10,91,490737,8,36744,05,3,84,11144,1
11,050,267,18,1713,24,112,02,24,37,-48,76,11,15,490231,6,36736,02,3,02,11136,0
11,100,268,41,1710,80,112,58,24,50,-48,64,10,94,489799,0,36727,98,2,62,11128,0
11,150,269,63,1708,38,113,12,24,67,-48,50,10,75,489303,6,36719,95,2,61,11120,0
11,200,270,87,1705,95,113,65,24,91,-48,38,10,60,488836,8,36711,94,2,98,11111,9
11,250,272,11,1703,54,114,18,24,65,-48,25,10,49,488376,6,36703,93,3,78,11103,9
11,300,273,34,1701,13,114,70,24,46,-48,10,10,39,487799,8,36695,93,4,56,11095,9
11,350,274,56,1698,73,115,22,24,30,-47,93,10,30,487162,7,36687,94,5,19,11087,9
11,400,275,77,1696,34,115,73,24,18,-47,76,10,21,486497,0,36679,95,5,67,11080,0
11,450,276,98,1693,95,116,24,24,07,-47,59,10,11,485820,3,36671,98,6,02,11072,0
11,500,278,18,1691,58,116,74,23,97,-47,42,10,02,485137,9,36664,03,6,26,11064,0
11,550,279,37,1689,21,117,24,23,87,-47,25,9,94,484451,9,36656,08,6,39,11056,1
11,600,280,57,1686,85,117,74,23,78,-47,08,9,86,483762,4,36648,14,6,44,11048,1
11,650,281,75,1684,50,118,23,23,69,-46,91,9,77,483075,1,36640,22,6,41,11040,2
11,700,282,93,1682,16,118,71,23,61,-46,74,9,67,482391,6,36632,30,6,29,11032,3
11,750,284,11,1679,83,119,19,23,52,-46,58,9,57,481716,7,36624,40,6,07,11024,4
11,800,285,29,1677,50,119,67,23,43,-46,41,9,48,481048,5,36616,51,5,74,11016,5
11,850,286,46,1675,19,120,14,23,34,-46,25,9,37,480390,2,36608,63,5,29,11008,6
11,900,287,62,1672,88,120,61,23,24,-46,09,9,24,479746,3,36600,76,4,69,11000,8
11,950,288,78,1670,58,121,06,23,15,-45,94,9,09,479133,6,36592,90,3,92,10992,9
12,000,289,94,1668,28,121,51,23,04,-45,80,8,90,478579,1,36585,05,2,96,10985,1
12,050,291,08,1666,00,121,95,22,91,-45,68,8,71,478130,1,36577,21,2,05,10977,2
12,100,292,23,1663,71,122,40,22,77,-45,57,8,95,477710,9,36569,38,1,84,10969,4
12,150,293,36,1661,44,122,85,22,58,-45,45,9,13,477247,7,36561,55,2,32,10961,6
12,200,294,49,1659,17,123,31,22,75,-45,33,9,25,476778,5,36553,73,3,20,10953,7
12,250,295,63,1656,91,123,77,22,91,-45,18,9,36,476213,8,36545,92,4,02,10945,9
12,300,296,78,1654,65,124,24,23,03,-45,03,9,45,475596,4,36538,12,4,69,10938,1
12,350,297,94,1652,40,124,72,23,13,-44,88,9,54,474955,7,36530,32,5,20,10930,3
12,400,299,10,1650,16,125,20,23,22,-44,72,9,63,474307,2,36522,55,5,60,10922,5
12,450,300,26,1647,93,125,68,23,31,-44,56,9,72,473656,8,36514,77,5,87,10914,8
12,500,301,43,1645,71,126,17,23,39,-44,40,9,80,473005,0,36507,02,6,05,10907,0
12,550,302,60,1643,49,126,66,23,47,-44,25,9,88,472349,4,36499,27,6,14,10899,3
12,600,303,77,1641,28,127,16,23,54,-44,09,9,95,471689,5,36491,53,6,15,10891,5
12,650,304,95,1639,08,127,66,23,60,-43,93,10,03,471032,3,36483,80,6,10,10883,8
12,700,306,13,1636,89,128,16,23,68,-43,78,10,12,470384,1,36476,09,5,96,10876,1
12,750,307,32,1634,71,128,67,23,75,-43,62,10,21,469743,9,36468,38,5,73,10868,4
12,800,308,51,1632,53,129,18,23,83,-43,47,10,30,469108,4,36460,68,5,40,10860,7
12,850,309,70,1630,36,129,70,23,91,-43,32,10,39,468478,3,36453,00,4,94,10853,0
12,900,310,90,1628,20,130,22,23,99,-43,17,10,50,467858,1,36445,32,4,35,10845,3
12,950,312,10,1626,04,130,75,24,08,-43,03,10,62,467258,8,36437,66,3,59,10837,7
13,000,313,31,1623,89,131,28,24,18,-42,90,10,77,466702,0,36430,00,2,60,10830,0
13,050,314,52,1621,75,131,83,24,30,-42,78,10,95,466216,8,36422,36,1,34,10822,4
13,100,315,74,1619,61,132,38,24,45,-42,68,10,95,465835,8,36414,72,0,76,10814,7
13,150,316,96,1617,48,132,92,24,34,-42,58,10,76,465425,3,36407,09,1,97,10807,1
13,200,318,17,1615,36,133,45,24,20,-42,45,10,61,464917,9,36399,46,3,03,10799,5
13,250,319,38,1613,24,133,98,24,09,-42,31,10,49,464347,9,36391,84,3,86,10791,8
13,300,320,58,1611,13,134,50,23,99,-42,17,10,39,463746,8,36384,23,4,49,10784,2
13,350,321,78,1609,02,135,02,23,91,-42,03,10,29,463133,7,36376,64,4,98,10776,6
13,400,322,97,1606,92,135,53,23,82,-41,88,10,20,462513,5,36369,05,5,36,10769,1
13,450,324,16,1604,83,136,04,23,74,-41,74,10,12,461896,2,36361,47,5,62,10761,5
13,500,325,35,1602,75,136,54,23,66,-41,59,10,03,461281,0,36353,91,5,79,10753,9
13,550,326,53,1600,67,137,04,23,59,-41,45,9,95,460664,8,36346,35,5,88,10746,4
13,600,327,71,1598,60,137,54,23,52,-41,30,9,88,460046,6,36338,80,5,89,10738,8
13,650,328,88,1596,54,138,03,23,45,-41,16,9,80,459433,1,36331,27,5,86,10731,3
13,700,330,05,1594,49,138,52,23,38,-41,02,9,72,458831,4,36323,74,5,75,10723,7
13,750,331,22,1592,44,139,00,23,30,-40,88,9,64,458239,8,36316,22,5,55,10716,2
13,800,332,38,1590,40,139,48,23,22,-40,74,9,55,457655,8,36308,72,5,26,10708,7
13,850,333,54,1588,37,139,96,23,14,-40,60,9,46,457076,5,36301,22,4,86,10701,2
13,900,334,69,1586,34,140,43,23,05,-40,46,9,38,456504,7,36293,73,4,36,10693,7
13,950,335,84,1584,32,140,90,22,96,-40,33,9,28,455947,5,36286,25,3,71,10686,3
14,000,336,99,1582,31,141,36,22,85,-40,20,9,17,455416,3,36278,78,2,91,10678,8
14,050,338,13,1580,30,141,81,22,71,-40,08,9,05,454932,4,36271,32,1,93,10671,3
14,100,339,26,1578,30,142,26,22,70,-39,98,8,89,454515,4,36263,87,1,05,10663,9
14,150,340,40,1576,30,142,70,22,82,-39,88,8,77,454135,9,36256,41,1,38,10656,4
14,200,341,54,1574,31,143,14,22,93,-39,78,8,96,453730,9,36248,98,2,43,10649,0
14,250,342,69,1572,32,143,60,23,01,-39,66,9,11,453253,7,36241,54,3,33,10641,5
14,300,343,85,1570,34,144,05,23,09,-39,53,9,22,452738,0,36234,12,4,03,10634,1
14,350,345,00,1568,37,144,52,23,16,-39,40,9,32,452204,0,36226,70,4,58,10626,7
14,400,346,16,1566,40,144,99,23,23,-39,27,9,41,451666,3,36219,29,5,00,10619,3
14,450,347,33,1564,44,145,46,23,30,-39,14,9,49,451128,3,36211,89,5,32,10611,9
14,500,348,49,1562,49,145,94,23,37,-39,01,9,57,450592,6,36204,50,5,53,10604,5
14,550,349,66,1560,54,146,42,23,44,-38,88,9,65,450057,2,36197,11,5,67,10597,1
14,600,350,84,1558,60,146,90,23,49,-38,75,9,72,449520,5,36189,74,5,72,10589,7
14,650,352,01,1556,67,147,39,23,56,-38,61,9,79,448985,6,36182,38,5,72,10582,4
14,700,353,19,1554,74,147,88,23,62,-38,48,9,85,448455,3,36175,02,5,66,10575,0
14,750,354,37,1552,82,148,37,23,69,-38,35,9,92,447933,4,36167,67,5,52,10567,7
14,800,355,56,1550,91,148,87,23,77,-38,23,10,00,447419,3,36160,34,5,31,10560,3
14,850,356,75,1549,00,149,37,23,84,-38,10,10,07,446910,2,36153,00,5,00,10553,0
14,900,357,94,1547,10,149,88,23,92,-37,97,10,15,446407,3,36145,68,4,60,10545,7
14,950,359,14,1545,20,150,39,24,01,-37,85,10,23,445912,3,36138,37,4,10,10538,4
15,000,360,35,1543,31,150,90,24,11,-37,73,10,30,445433,0,36131,06,3,49,10531,1
15,050,361,55,1541,43,151,42,24,24,-37,62,10,39,444984,4,36123,77,2,80,10523,8
15,100,362,77,1539,55,151,94,24,30,-37,52,10,48,444585,7,36116,47,2,20,10516,5
15,150,363,98,1537,68,152,47,24,15,-37,41,10,61,444193,1,36109,19,1,95,10509,2
15,200,365,19,1535,81,153,00,24,04,-37,31,10,77,443801,3,36101,91,2,06,10501,9
15,250,366,39,1533,94,153,54,23,95,-37,22,10,73,443443,9,36094,64,2,65,10494,6
15,300,367,58,1532,09,154,07,23,86,-37,11,10,58,443039,3,36087,37,3,38,10487,4
15,350,368,77,1530,23,154,60,23,78,-37,00,10,45,442595,0,36080,11,4,01,10480,1
15,400,369,96,1528,39,155,12,23,70,-36,88,10,36,442131,3,36072,86,4,53,10472,9
15,450,371,14,1526,55,155,64,23,63,-36,76,10,27,441662,2,36065,62,4,93,10465,6
15,500,372,32,1524,71,156,15,23,55,-36,64,10,19,441191,2,36058,38,5,23,10458,4
15,550,373,50,1522,88,156,65,23,47,-36,52,10,11,440721,0,36051,15,5,44,10451,2
15,600,374,67,1521,06,157,16,23,41,-36,40,10,03,440250,8,36043,93,5,58,10443,9
15,650,375,84,1519,24,157,66,23,34,-36,28,9,96,439780,1,36036,72,5,64,10436,7
15,700,377,00,1517,43,158,15,23,27,-36,16,9,89,439311,9,36029,51,5,64,10429,5
15,750,378,16,1515,63,158,65,23,19,-36,04,9,83,438846,6,36022,31,5,57,10422,3
15,800,379,32,1513,83,159,14,23,11,-35,92,9,77,438387,1,36015,13,5,44,10415,1
15,850,380,48,1512,03,159,62,23,03,-35,81,9,70,437933,9,36007,94,5,23,10407,9
15,900,381,63,1510,25,160,11,22,95,-35,69,9,63,437485,1,36000,77,4,94,10400,8
15,950,382,77,1508,46,160,59,22,86,-35,58,9,56,437042,5,35993,60,4,55,10393,6
16,000,383,91,1506,69,161,06,22,77,-35,46,9,49,436607,7,35986,44,4,06,10386,4
16,050,385,05,1504,92,161,54,22,65,-35,35,9,42,436185,8,35979,28,3,47,10379,3
16,100,386,18,1503,15,162,01,22,52,-35,25,9,35,435791,3,35972,13,2,80,10372,1
16,150,387,30,1501,39,162,47,22,38,-35,16,9,27,435440,9,35964,99,2,22,10365,0
16,200,388,42,1499,64,162,93,22,54,-35,07,9,17,435109,2,35957,86,2,05,10357,9
16,250,389,55,1497,89,163,39,22,66,-34,97,9,05,434781,6,35950,73,2,19,10350,7
16,300,390,69,1496,14,163,84,22,76,-34,88,8,89,434464,1,35943,60,2,60,10343,6
16,350,391,83,1494,40,164,28,22,84,-34,79,9,05,434154,0,35936,48,3,24,10336,5
16,400,392,97,1492,66,164,74,22,92,-34,68,9,17,433802,2,35929,37,3,87,10329,4
16,450,394,12,1490,93,165,20,22,99,-34,58,9,27,433426,7,35922,26,4,39,10322,3
16,500,395,27,1489,20,165,67,23,07,-34,47,9,35,433043,4,35915,16,4,82,10315,2
16,550,396,43,1487,48,166,14,23,14,-34,36,9,42,432657,0,35908,06,5,14,10308,1
16,600,397,59,1485,77,166,61,23,21,-34,25,9,49,432269,6,35900,97,5,38,10301,0
16,650,398,75,1484,06,167,09,23,28,-34,14,9,57,431881,8,35893,89,5,53,10293,9
16,700,399,91,1482,35,167,57,23,35,-34,03,9,63,431492,3,35886,81,5,62,10286,8
16,750,401,08,1480,65,168,05,23,41,-33,92,9,70,431102,5,35879,74,5,64,10279,7
16,800,402,25,1478,96,168,54,23,48,-33,81,9,75,430714,7,35872,68,5,60,10272,7
16,850,403,43,1477,27,169,02,23,55,-33,70,9,81,430329,8,35865,62,5,50,10265,6
16,900,404,61,1475,59,169,52,23,63,-33,59,9,87,429950,3,35858,57,5,32,10258,6
16,950,405,79,1473,91,170,01,23,71,-33,48,9,93,429574,8,35851,52,5,07,10251,5
17,000,406,98,1472,24,170,51,23,78,-33,38,10,00,429202,4,35844,48,4,72,10244,5
17,050,408,17,1470,58,171,01,23,87,-33,27,10,06,428835,0,35837,45,4,27,10237,5
17,100,409,37,1468,92,171,52,23,96,-33,17,10,13,428474,7,35830,43,3,71,10230,4
17,150,410,57,1467,26,172,02,24,07,-33,07,10,19,428130,1,35823,40,3,02,10223,4
17,200,411,77,1465,61,172,53,24,22,-32,98,10,26,427813,5,35816,39,2,24,10216,4
17,250,412,99,1463,96,173,05,24,28,-32,90,10,33,427541,7,35809,38,1,63,10209,4
17,300,414,20,1462,32,173,57,24,12,-32,81,10,43,427261,5,35802,37,1,63,10202,4
17,350,415,40,1460,68,174,09,24,00,-32,73,10,55,426965,8,35795,37,2,07,10195,4
17,400,416,60,1459,05,174,62,23,90,-32,64,10,47,426672,6,35788,37,2,76,10188,4
17,450,417,79,1457,42,175,14,23,81,-32,54,10,36,426347,2,35781,38,3,43,10181,4
17,500,418,98,1455,79,175,66,23,73,-32,44,10,27,426001,6,35774,39,4,00,10174,4
17,550,420,17,1454,17,176,17,23,65,-32,34,10,19,425646,9,35767,41,4,46,10167,4
17,600,421,35,1452,56,176,67,23,57,-32,24,10,12,425290,6,35760,44,4,83,10160,4
17,650,422,52,1450,95,177,18,23,49,-32,14,10,06,424934,6,35753,47,5,10,10153,5
17,700,423,69,1449,34,177,68,23,42,-32,04,9,99,424579,1,35746,50,5,30,10146,5
17,750,424,86,1447,74,178,18,23,34,-31,94,9,92,424222,5,35739,55,5,41,10139,6
17,800,426,03,1446,15,178,67,23,28,-31,83,9,86,423863,7,35732,59,5,47,10132,6
17,850,427,19,1444,56,179,16,23,21,-31,73,9,81,423504,2,35725,65,5,47,10125,7
17,900,428,35,1442,98,179,65,23,14,-31,63,9,75,423147,1,35718,71,5,42,10118,7
17,950,429,51,1441,40,180,14,23,06,-31,53,9,70,422795,0,35711,77,5,30,10111,8
18,000,430,66,1439,82,180,62,22,98,-31,43,9,64,422447,7,35704,85,5,12,10104,9
18,050,431,80,1438,26,181,10,22,90,-31,33,9,57,422103,8,35697,92,4,85,10097,9
18,100,432,95,1436,69,181,58,22,82,-31,23,9,51,421761,4,35691,01,4,49,10091,0
18,150,434,09,1435,13,182,05,22,74,-31,13,9,45,421422,0,35684,09,4,03,10084,1
18,200,435,22,1433,58,182,52,22,65,-31,04,9,38,421088,3,35677,19,3,46,10077,2
18,250,436,35,1432,03,182,99,22,55,-30,95,9,32,420765,8,35670,29,2,75,10070,3
18,300,437,48,1430,48,183,46,22,42,-30,86,9,24,420463,3,35663,39,1,87,10063,4
18,350,438,59,1428,94,183,92,22,27,-30,78,9,16,420191,3,35656,50,0,88,10056,5
18,400,439,71,1427,41,184,37,22,36,-30,70,9,06,419949,0,35649,62,0,90,10049,6
18,450,440,83,1425,87,184,83,22,49,-30,63,9,13,419688,7,35642,73,1,84,10042,7
18,500,441,96,1424,34,185,29,22,59,-30,54,9,22,419395,0,35635,86,2,69,10035,9
18,550,443,09,1422,82,185,75,22,68,-30,45,9,29,419080,4,35628,98,3,37,10029,0
18,600,444,22,1421,30,186,21,22,76,-30,35,9,36,418756,0,35622,12,3,92,10022,1
18,650,445,36,1419,78,186,68,22,83,-30,26,9,42,418426,6,35615,25,4,36,10015,3
18,700,446,51,1418,27,187,16,22,91,-30,16,9,48,418097,6,35608,40,4,71,10008,4
18,750,447,65,1416,77,187,63,22,98,-30,07,9,54,417770,3,35601,55,4,96,10001,6
18,800,448,81,1415,26,188,11,23,05,-29,98,9,60,417443,1,35594,70,5,14,9994,7
18,850,449,96,1413,77,188,59,23,11,-29,88,9,65,417114,6,35587,86,5,25,9987,9
18,900,451,12,1412,28,189,08,23,18,-29,79,9,70,416783,9,35581,02,5,30,9981,0
18,950,452,28,1410,79,189,56,23,23,-29,69,9,75,416451,3,35574,20,5,29,9974,2
19,000,453,44,1409,31,190,05,23,30,-29,60,9,80,416122,0,35567,37,5,25,9967,4
19,050,454,61,1407,83,190,54,23,36,-29,50,9,85,415797,5,35560,55,5,14,9960,6
19,100,455,78,1406,36,191,04,23,43,-29,41,9,91,415477,3,35553,73,4,97,9953,7
19,150,456,95,1404,89,191,53,23,50,-29,32,9,97,415160,1,35546,93,4,72,9946,9
19,200,458,13,1403,43,192,03,23,57,-29,23,10,03,414844,5,35540,13,4,38,9940,1
19,250,459,31,1401,97,192,54,23,64,-29,14,10,09,414529,2,35533,33,3,96,9933,3
19,300,460,49,1400,51,193,04,23,71,-29,05,10,15,414218,4,35526,54,3,43,9926,5
19,350,461,68,1399,06,193,55,23,79,-28,96,10,22,413915,4,35519,75,2,79,9919,7
19,400,462,87,1397,62,194,06,23,89,-28,88,10,29,413624,6,35512,96,2,01,9913,0
19,450,464,07,1396,17,194,58,23,99,-28,80,10,39,413356,0,35506,19,1,11,9906,2
19,500,465,27,1394,74,195,10,24,12,-28,73,10,31,413110,7,35499,41,0,70,9899,4
19,550,466,47,1393,30,195,61,24,03,-28,65,10,23,412871,8,35492,64,1,51,9892,6
19,600,467,67,1391,87,196,12,23,91,-28,57,10,16,412604,5,35485,88,2,37,9885,9
19,650,468,87,1390,44,196,63,23,80,-28,49,10,10,412316,9,35479,11,3,07,9879,1
19,700,470,05,1389,02,197,13,23,72,-28,40,10,04,412018,5,35472,36,3,63,9872,4
19,750,471,24,1387,60,197,63,23,64,-28,32,9,98,411715,8,35465,60,4,08,9865,6
19,800,472,42,1386,19,198,13,23,57,-28,23,9,92,411411,8,35458,86,4,43,9858,9
19,850,473,59,1384,78,198,62,23,49,-28,14,9,86,411108,8,35452,11,4,71,9852,1
19,900,474,77,1383,38,199,12,23,42,-28,05,9,81,410806,1,35445,38,4,90,9845,4
19,950,475,94,1381,97,199,60,23,35,-27,97,9,75,410502,9,35438,64,5,02,9838,6
20,000,477,10,1380,58,200,09,23,28,-27,88,9,71,410198,0,35431,92,5,09,9831,9
20,050,478,26,1379,19,200,58,23,22,-27,79,9,66,409892,3,35425,20,5,10,9825,2
20,100,479,42,1377,80,201,06,23,16,-27,70,9,61,409587,4,35418,48,5,07,9818,5
20,150,480,58,1376,42,201,54,23,10,-27,61,9,55,409286,3,35411,77,4,99,9811,8
20,200,481,73,1375,04,202,01,23,03,-27,53,9,49,408988,9,35405,06,4,85,9805,1
20,250,482,88,1373,66,202,48,22,97,-27,44,9,43,408694,7,35398,36,4,65,9798,4
20,300,484,03,1372,29,202,95,22,90,-27,36,9,37,408402,4,35391,66,4,36,9791,7
20,350,485,17,1370,93,203,42,22,83,-27,28,9,31,408111,2,35384,97,4,00,9785,0
20,400,486,31,1369,57,203,89,22,76,-27,19,9,24,407823,1,35378,28,3,56,9778,3
20,450,487,45,1368,21,204,35,22,69,-27,11,9,17,407540,3,35371,60,3,03,9771,6
20,500,488,58,1366,86,204,80,22,61,-27,03,9,08,407267,1,35364,92,2,43,9764,9
20,550,489,71,1365,51,205,25,22,53,-26,96,9,02,407011,3,35358,24,1,84,9758,2
20,600,490,83,1364,16,205,71,22,44,-26,88,9,12,406758,8,35351,57,1,46,9751,6
20,650,491,95,1362,82,206,17,22,33,-26,81,9,20,406507,3,35344,91,1,44,9744,9
20,700,493,07,1361,48,206,63,22,35,-26,74,9,26,406269,7,35338,25,1,90,9738,2
20,750,494,19,1360,14,207,09,22,46,-26,66,9,31,406014,4,35331,59,2,53,9731,6
20,800,495,31,1358,81,207,56,22,55,-26,59,9,37,405743,4,35324,93,3,09,9724,9
20,850,496,44,1357,49,208,03,22,62,-26,50,9,42,405465,8,35318,28,3,56,9718,3
20,900,497,58,1356,16,208,50,22,69,-26,42,9,48,405185,6,35311,64,3,94,9711,6
20,949,498,71,1354,84,208,98,22,75,-26,34,9,53,404903,8,35305,00,4,24,9705,0
20,999,499,85,1353,53,209,45,22,81,-26,26,9,58,404622,3,35298,36,4,47,9698,4
21,049,500,99,1352,22,209,93,22,87,-26,18,9,63,404341,0,35291,73,4,63,9691,7
21,099,502,14,1350,91,210,42,22,93,-26,10,9,68,404058,8,35285,11,4,73,9685,1
21,149,503,29,1349,61,210,90,22,99,-26,02,9,72,403775,9,35278,48,4,79,9678,5
21,199,504,44,1348,31,211,39,23,04,-25,93,9,77,403493,5,35271,87,4,79,9671,9
21,249,505,59,1347,01,211,88,23,09,-25,85,9,82,403212,0,35265,25,4,75,9665,3
21,299,506,75,1345,72,212,37,23,14,-25,77,9,87,402932,8,35258,64,4,67,9658,6
21,349,507,91,1344,44,212,87,23,19,-25,69,9,93,402656,6,35252,04,4,53,9652,0
21,399,509,07,1343,16,213,36,23,25,-25,61,9,99,402382,9,35245,44,4,32,9645,4
21,449,510,23,1341,88,213,86,23,30,-25,53,10,04,402110,8,35238,85,4,05,9638,9
21,499,511,40,1340,60,214,37,23,36,-25,46,10,10,401840,7,35232,26,3,72,9632,3
21,549,512,57,1339,33,214,87,23,42,-25,38,10,16,401573,9,35225,67,3,30,9625,7
21,599,513,74,1338,06,215,38,23,48,-25,30,10,23,401311,3,35219,09,2,81,9619,1
21,649,514,91,1336,80,215,90,23,54,-25,23,10,32,401056,9,35212,52,2,28,9612,5
21,699,516,09,1335,54,216,42,23,60,-25,16,10,34,400817,0,35205,95,1,82,9605,9
21,749,517,27,1334,28,216,93,23,66,-25,09,10,25,400571,7,35199,37,1,58,9599,4
21,799,518,46,1333,03,217,44,23,74,-25,02,10,17,400322,9,35192,81,1,57,9592,8
21,849,519,65,1331,78,217,95,23,80,-24,95,10,11,400083,7,35186,25,1,86,9586,2
21,899,520,83,1330,54,218,45,23,70,-24,88,10,05,399841,5,35179,69,2,35,9579,7
21,949,522,02,1329,29,218,95,23,62,-24,80,10,00,399587,0,35173,14,2,85,9573,1
21,999,523,20,1328,06,219,45,23,54,-24,73,9,95,399328,0,35166,59,3,28,9566,6
22,049,524,37,1326,82,219,95,23,48,-24,65,9,89,399067,2,35160,05,3,63,9560,0
22,099,525,54,1325,59,220,44,23,42,-24,58,9,84,398805,2,35153,50,3,91,9553,5
22,149,526,71,1324,36,220,93,23,36,-24,50,9,79,398543,4,35146,97,4,13,9547,0
22,199,527,88,1323,14,221,42,23,30,-24,43,9,74,398281,5,35140,44,4,28,9540,4
22,249,529,04,1321,92,221,91,23,24,-24,35,9,69,398019,1,35133,91,4,38,9533,9
22,299,530,21,1320,71,222,39,23,19,-24,27,9,65,397756,0,35127,39,4,44,9527,4
22,349,531,36,1319,49,222,87,23,14,-24,20,9,60,397493,4,35120,87,4,45,9520,9
22,399,532,52,1318,29,223,35,23,09,-24,12,9,55,397231,6,35114,36,4,43,9514,4
22,449,533,67,1317,08,223,83,23,04,-24,05,9,50,396971,1,35107,84,4,37,9507,8
22,499,534,82,1315,88,224,30,23,00,-23,97,9,45,396713,3,35101,34,4,25,9501,3
22,549,535,97,1314,68,224,77,22,94,-23,90,9,39,396457,7,35094,84,4,09,9494,8
22,599,537,12,1313,49,225,24,22,89,-23,83,9,34,396204,2,35088,34,3,86,9488,3
22,649,538,26,1312,30,225,70,22,83,-23,75,9,28,395952,3,35081,85,3,57,9481,8
22,699,539,40,1311,12,226,17,22,78,-23,68,9,22,395702,4,35075,36,3,21,9475,4
22,749,540,54,1309,93,226,63,22,72,-23,61,9,16,395455,6,35068,88,2,78,9468,9
22,799,541,67,1308,76,227,08,22,66,-23,54,9,09,395212,5,35062,39,2,27,9462,4
22,849,542,81,1307,58,227,53,22,61,-23,47,9,00,394976,9,35055,92,1,74,9455,9
22,899,543,93,1306,41,227,98,22,55,-23,41,9,02,394752,0,35049,44,1,37,9449,4
22,949,545,06,1305,24,228,44,22,49,-23,34,9,10,394519,9,35042,97,1,32,9443,0
22,999,546,18,1304,07,228,89,22,41,-23,27,9,17,394286,6,35036,51,1,55,9436,5
23,049,547,30,1302,91,229,35,22,46,-23,21,9,23,394056,1,35030,04,2,00,9430,0
23,099,548,43,1301,75,229,82,22,53,-23,14,9,28,393818,2,35023,59,2,49,9423,6
23,149,549,56,1300,60,230,28,22,59,-23,07,9,33,393576,5,35017,13,2,92,9417,1
23,199,550,69,1299,45,230,75,22,64,-23,00,9,38,393333,9,35010,68,3,28,9410,7
23,249,551,82,1298,30,231,22,22,69,-22,93,9,44,393090,9,35004,24,3,58,9404,2
23,299,552,96,1297,15,231,69,22,74,-22,86,9,49,392848,5,34997,79,3,81,9397,8
23,349,554,09,1296,01,232,17,22,79,-22,79,9,53,392606,0,34991,36,3,98,9391,4
23,399,555,24,1294,87,232,65,22,84,-22,72,9,58,392362,9,34984,92,4,09,9384,9
23,449,556,38,1293,74,233,13,22,88,-22,65,9,62,392118,9,34978,49,4,16,9378,5
23,499,557,52,1292,61,233,61,22,92,-22,58,9,66,391874,2,34972,07,4,19,9372,1
23,549,558,67,1291,48,234,09,22,96,-22,51,9,71,391629,9,34965,64,4,19,9365,6
23,599,559,82,1290,36,234,58,23,00,-22,44,9,75,391386,6,34959,23,4,15,9359,2
23,649,560,97,1289,24,235,07,23,03,-22,37,9,80,391145,4,34952,81,4,08,9352,8
23,699,562,12,1288,12,235,56,23,07,-22,30,9,85,390906,8,34946,40,3,96,9346,4
23,749,563,28,1287,01,236,05,23,12,-22,23,9,90,390670,2,34940,00,3,79,9340,0
23,799,564,43,1285,90,236,55,23,16,-22,16,9,95,390435,4,34933,59,3,55,9333,6
23,849,565,59,1284,79,237,05,23,21,-22,10,10,01,390202,1,34927,20,3,25,9327,2
23,899,566,76,1283,69,237,55,23,26,-22,03,10,06,389969,6,34920,80,2,87,9320,8
23,949,567,92,1282,59,238,05,23,31,-21,96,10,12,389738,9,34914,41,2,41,9314,4
23,999,569,09,1281,49,238,56,23,35,-21,90,10,18,389510,8,34908,02,1,86,9308,0
24,049,570,25,1280,40,239,07,23,40,-21,84,10,25,389287,1,34901,63,1,22,9301,6
24,099,571,43,1279,31,239,59,23,45,-21,77,10,31,389071,4,34895,26,0,63,9295,3
24,149,572,60,1278,22,240,10,23,50,-21,71,10,23,388857,9,34888,88,0,78,9288,9
24,199,573,77,1277,14,240,61,23,45,-21,65,10,16,388639,8,34882,50,1,40,9282,5
24,249,574,94,1276,06,241,12,23,39,-21,59,10,10,388417,2,34876,14,1,98,9276,1
24,299,576,11,1274,98,241,62,23,34,-21,52,10,04,388191,8,34869,77,2,48,9269,8
24,349,577,28,1273,90,242,12,23,29,-21,46,9,99,387964,9,34863,41,2,90,9263,4
24,399,578,44,1272,83,242,62,23,24,-21,39,9,93,387738,9,34857,05,3,24,9257,1
24,449,579,60,1271,77,243,11,23,19,-21,33,9,88,387513,7,34850,70,3,51,9250,7
24,499,580,76,1270,70,243,61,23,14,-21,26,9,83,387288,8,34844,34,3,71,9244,3
24,549,581,92,1269,64,244,10,23,10,-21,20,9,78,387063,6,34838,00,3,85,9238,0
24,599,583,07,1268,58,244,58,23,05,-21,13,9,73,386837,7,34831,65,3,94,9231,7
24,649,584,22,1267,53,245,07,23,01,-21,07,9,68,386610,9,34825,32,3,99,9225,3
24,699,585,37,1266,47,245,55,22,97,-21,00,9,64,386383,4,34818,98,4,01,9219,0
24,749,586,52,1265,43,246,03,22,94,-20,94,9,60,386156,0,34812,65,4,00,9212,6
24,799,587,67,1264,38,246,51,22,90,-20,87,9,56,385930,7,34806,32,3,96,9206,3
24,849,588,81,1263,34,246,99,22,86,-20,81,9,51,385707,6,34799,99,3,88,9200,0
24,899,589,95,1262,30,247,46,22,81,-20,75,9,46,385486,7,34793,67,3,75,9193,7
24,949,591,09,1261,26,247,94,22,76,-20,68,9,41,385267,8,34787,35,3,57,9187,4
24,999,592,23,1260,23,248,40,22,72,-20,62,9,35,385050,4,34781,04,3,33,9181,0
25,049,593,36,1259,20,248,87,22,67,-20,56,9,30,384834,2,34774,73,3,01,9174,7
25,099,594,49,1258,17,249,33,22,62,-20,50,9,25,384618,1,34768,42,2,63,9168,4
25,149,595,62,1257,15,249,80,22,57,-20,44,9,20,384403,0,34762,12,2,18,9162,1
25,199,596,75,1256,13,250,25,22,52,-20,38,9,14,384190,5,34755,82,1,64,9155,8
25,249,597,88,1255,11,250,71,22,46,-20,32,9,08,383981,2,34749,52,1,05,9149,5
25,299,599,00,1254,10,251,16,22,47,-20,26,9,01,383776,5,34743,23,0,60,9143,2
25,349,600,12,1253,09,251,61,22,52,-20,20,8,97,383576,3,34736,94,0,87,9136,9
25,399,601,25,1252,08,252,06,22,56,-20,15,9,04,383376,3,34730,65,1,50,9130,6
25,449,602,38,1251,07,252,52,22,61,-20,09,9,11,383170,6,34724,37,2,07,9124,4
25,499,603,51,1250,07,252,97,22,65,-20,03,9,17,382962,4,34718,09,2,54,9118,1
25,549,604,64,1249,07,253,43,22,70,-19,97,9,22,382753,4,34711,81,2,94,9111,8
25,599,605,78,1248,07,253,89,22,74,-19,91,9,27,382544,3,34705,54,3,26,9105,5
25,649,606,92,1247,08,254,36,22,78,-19,85,9,32,382335,7,34699,27,3,51,9099,3
25,699,608,06,1246,09,254,83,22,83,-19,79,9,37,382127,0,34693,00,3,70,9093,0
25,749,609,20,1245,10,255,30,22,87,-19,73,9,42,381917,9,34686,74,3,83,9086,7
25,799,610,35,1244,11,255,77,22,90,-19,67,9,47,381708,2,34680,48,3,91,9080,5
25,849,611,49,1243,13,256,24,22,94,-19,61,9,51,381497,6,34674,22,3,96,9074,2
25,899,612,64,1242,15,256,72,22,97,-19,55,9,55,381287,1,34667,97,3,97,9068,0
25,949,613,79,1241,18,257,20,23,01,-19,49,9,59,381077,1,34661,72,3,95,9061,7
25,999,614,94,1240,20,257,68,23,05,-19,43,9,63,380868,5,34655,48,3,89,9055,5
26,049,616,09,1239,23,258,16,23,09,-19,38,9,67,380661,9,34649,24,3,80,9049,2
26,099,617,25,1238,27,258,65,23,13,-19,32,9,71,380457,2,34643,00,3,66,9043,0
26,149,618,41,1237,30,259,13,23,18,-19,26,9,76,380254,1,34636,76,3,47,9036,8
26,199,619,57,1236,34,259,62,23,23,-19,20,9,81,380052,5,34630,53,3,22,9030,5
26,249,620,73,1235,38,260,11,23,27,-19,15,9,86,379851,4,34624,30,2,91,9024,3
26,299,621,89,1234,43,260,61,23,32,-19,09,9,90,379651,5,34618,07,2,54,9018,1
26,349,623,06,1233,47,261,10,23,37,-19,03,9,95,379453,3,34611,86,2,12,9011,9
26,399,624,23,1232,52,261,60,23,43,-18,98,10,00,379257,9,34605,63,1,70,9005,6
26,449,625,40,1231,57,262,10,23,40,-18,93,10,05,379066,8,34599,42,1,39,8999,4
26,499,626,57,1230,63,262,61,23,35,-18,87,10,11,378874,3,34593,21,1,27,8993,2
26,549,627,74,1229,69,263,11,23,30,-18,82,10,18,378683,2,34587,00,1,39,8987,0
26,599,628,90,1228,75,263,62,23,25,-18,77,10,17,378498,1,34580,79,1,75,8980,8
26,649,630,06,1227,81,264,13,23,20,-18,71,10,10,378309,8,34574,59,2,21,8974,6
26,699,631,22,1226,88,264,64,23,15,-18,66,10,04,378118,1,34568,39,2,63,8968,4
26,749,632,38,1225,94,265,14,23,10,-18,60,9,99,377924,8,34562,19,2,99,8962,2
26,799,633,53,1225,02,265,63,23,05,-18,55,9,94,377730,5,34556,00,3,29,8956,0
26,849,634,68,1224,09,266,13,23,00,-18,50,9,89,377536,3,34549,80,3,52,8949,8
26,898,635,83,1223,17,266,62,22,96,-18,44,9,84,377342,1,34543,61,3,70,8943,6
26,948,636,98,1222,25,267,11,22,92,-18,39,9,79,377147,5,34537,43,3,83,8937,4
26,998,638,12,1221,33,267,60,22,88,-18,33,9,74,376952,3,34531,25,3,91,8931,3
27,048,639,27,1220,41,268,09,22,84,-18,28,9,70,376756,8,34525,07,3,95,8925,1
27,098,640,41,1219,50,268,57,22,79,-18,22,9,65,376561,7,34518,90,3,96,8918,9
27,148,641,55,1218,59,269,05,22,75,-18,17,9,61,376367,2,34512,73,3,93,8912,7
27,198,642,68,1217,68,269,53,22,70,-18,11,9,58,376173,4,34506,55,3,87,8906,6
27,248,643,82,1216,78,270,01,22,65,-18,06,9,54,375981,5,34500,39,3,77,8900,4
27,298,644,95,1215,88,270,49,22,60,-18,01,9,50,375791,3,34494,23,3,62,8894,2
27,348,646,08,1214,98,270,96,22,55,-17,95,9,45,375696,8,34488,07,3,42,8888,1
27,398,647,20,1214,08,271,43,22,50,-17,90,9,41,375628,0,34481,91,3,16,8881,9
27,448,648,33,1213,19,271,90,22,45,-17,85,9,36,375559,0,34475,75,2,85,8875,7
27,498,649,45,1212,30,272,37,22,39,-17,80,9,31,375490,2,34469,59,2,48,8869,6
27,548,650,57,1211,41,272,83,22,33,-17,74,9,26,375421,5,34463,44,2,08,8863,4
27,598,651,68,1210,52,273,29,22,26,-17,69,9,22,375353,5,34457,29,1,71,8857,3
27,648,652,80,1209,64,273,75,22,32,-17,64,9,17,375285,8,34451,14,1,50,8851,1
27,698,653,91,1208,76,274,21,22,38,-17,59,9,12,375216,4,34444,98,1,45,8845,0
27,748,655,03,1207,88,274,66,22,43,-17,54,9,06,375146,6,34438,83,1,57,8838,8
27,798,656,16,1207,00,275,12,22,47,-17,49,9,02,375077,5,34432,68,1,85,8832,7
27,848,657,28,1206,13,275,57,22,52,-17,44,9,08,375007,9,34426,53,2,24,8826,5
27,898,658,41,1205,26,276,02,22,56,-17,39,9,14,374936,9,34420,38,2,63,8820,4
27,948,659,54,1204,39,276,48,22,61,-17,34,9,19,374865,1,34414,24,2,96,8814,2
27,998,660,67,1203,53,276,94,22,66,-17,28,9,23,374792,3,34408,10,3,24,8808,1
28,048,661,80,1202,66,277,41,22,70,-17,23,9,28,374719,0,34401,95,3,46,8802,0
28,098,662,94,1201,80,277,87,22,75,-17,18,9,33,374645,2,34395,81,3,63,8795,8
28,148,664,08,1200,95,278,34,22,79,-17,13,9,37,374570,7,34389,67,3,75,8789,7
28,198,665,22,1200,09,278,81,22,82,-17,07,9,41,374495,4,34383,53,3,83,8783,5
28,248,666,36,1199,24,279,28,22,86,-17,02,9,46,374419,5,34377,38,3,87,8777,4
28,298,667,50,1198,39,279,75,22,90,-16,97,9,49,374343,3,34371,25,3,87,8771,2
28,348,668,65,1197,54,280,23,22,94,-16,91,9,53,374266,6,34365,11,3,84,8765,1
28,398,669,80,1196,70,280,71,22,98,-16,86,9,56,374189,7,34358,98,3,78,8759,0
28,448,670,95,1195,86,281,19,23,03,-16,81,9,60,374112,8,34352,85,3,67,8752,8
28,498,672,10,1195,02,281,67,23,08,-16,75,9,63,374035,9,34346,71,3,52,8746,7
28,548,673,25,1194,18,282,15,23,13,-16,70,9,67,373958,9,34340,58,3,31,8740,6
28,598,674,41,1193,35,282,63,23,18,-16,65,9,72,373881,7,34334,45,3,05,8734,5
28,648,675,57,1192,52,283,12,23,22,-16,59,9,76,373804,2,34328,32,2,73,8728,3
28,698,676,74,1191,69,283,61,23,28,-16,54,9,80,373726,9,34322,19,2,35,8722,2
28,748,677,90,1190,86,284,10,23,34,-16,49,9,84,373649,7,34316,07,1,92,8716,1
28,798,679,07,1190,04,284,59,23,40,-16,44,9,88,373573,1,34309,95,1,49,8709,9
28,848,680,24,1189,22,285,09,23,37,-16,39,9,93,373497,4,34303,82,1,24,8703,8
28,898,681,41,1188,40,285,59,23,31,-16,34,9,97,373420,1,34297,70,1,25,8697,7
28,948,682,57,1187,58,286,09,23,25,-16,29,10,03,373341,8,34291,58,1,47,8691,6
28,998,683,73,1186,77,286,59,23,20,-16,24,10,04,373264,1,34285,45,1,84,8685,5
29,048,684,89,1185,96,287,09,23,15,-16,19,9,98,373185,3,34279,33,2,26,8679,3
29,098,686,05,1185,15,287,59,23,10,-16,14,9,93,373105,6,34273,22,2,65,8673,2
29,148,687,20,1184,35,288,08,23,05,-16,09,9,88,373025,1,34267,11,2,98,8667,1
29,198,688,35,1183,54,288,58,23,00,-16,03,9,84,372944,1,34260,99,3,26,8661,0
29,248,689,50,1182,74,289,07,22,95,-15,98,9,79,372862,6,34254,88,3,47,8654,9
29,298,690,65,1181,94,289,55,22,90,-15,93,9,75,372780,6,34248,77,3,63,8648,8
29,348,691,79,1181,15,290,04,22,85,-15,88,9,70,372697,8,34242,65,3,74,8642,7
29,398,692,93,1180,36,290,52,22,81,-15,82,9,66,372614,2,34236,54,3,81,8636,5
29,448,694,07,1179,57,291,01,22,77,-15,77,9,62,372529,9,34230,43,3,84,8630,4
29,498,695,21,1178,78,291,49,22,73,-15,72,9,58,372445,1,34224,33,3,84,8624,3
29,548,696,34,1178,00,291,96,22,68,-15,66,9,55,372360,0,34218,23,3,81,8618,2
29,598,697,48,1177,21,292,44,22,63,-15,61,9,52,372274,9,34212,13,3,75,8612,1
29,648,698,61,1176,43,292,92,22,58,-15,56,9,48,372189,9,34206,02,3,64,8606,0
29,698,699,73,1175,66,293,39,22,53,-15,51,9,44,372104,8,34199,91,3,48,8599,9
29,748,700,86,1174,88,293,86,22,48,-15,45,9,40,372019,8,34193,81,3,27,8593,8
29,798,701,98,1174,11,294,33,22,43,-15,40,9,36,371934,6,34187,72,3,00,8587,7
29,848,703,10,1173,34,294,80,22,37,-15,35,9,32,371849,2,34181,63,2,66,8581,6
29,898,704,22,1172,58,295,26,22,32,-15,30,9,27,371763,6,34175,53,2,25,8575,5
29,948,705,33,1171,81,295,72,22,26,-15,25,9,23,371678,0,34169,44,1,77,8569,4
29,998,706,45,1171,05,296,18,22,20,-15,20,9,19,371592,7,34163,34,1,22,8563,3
30,048,707,55,1170,29,296,64,22,14,-15,15,9,15,371508,3,34157,25,0,74,8557,2
30,098,708,66,1169,54,297,10,22,21,-15,10,9,10,371423,9,34151,16,0,76,8551,2
30,148,709,77,1168,78,297,55,22,26,-15,05,9,08,371338,4,34145,07,1,22,8545,1
30,198,710,89,1168,03,298,01,22,31,-15,00,9,13,371252,2,34138,98,1,75,8539,0
30,248,712,01,1167,28,298,47,22,36,-14,95,9,18,371164,6,34132,90,2,22,8532,9
30,298,713,13,1166,54,298,93,22,41,-14,90,9,22,371076,2,34126,82,2,63,8526,8
30,348,714,25,1165,79,299,39,22,46,-14,85,9,26,370987,4,34120,73,2,96,8520,7
30,398,715,37,1165,05,299,85,22,51,-14,79,9,30,370898,4,34114,65,3,23,8514,6
30,448,716,50,1164,31,300,32,22,56,-14,74,9,34,370809,0,34108,57,3,44,8508,6
30,498,717,63,1163,58,300,79,22,60,-14,69,9,38,370718,9,34102,49,3,59,8502,5
30,548,718,76,1162,85,301,26,22,65,-14,64,9,42,370628,1,34096,42,3,69,8496,4
30,598,719,89,1162,12,301,73,22,69,-14,59,9,46,370536,4,34090,34,3,74,8490,3
30,648,721,03,1161,39,302,20,22,73,-14,54,9,49,370443,9,34084,27,3,77,8484,3
30,698,722,16,1160,66,302,68,22,77,-14,48,9,52,370350,7,34078,20,3,76,8478,2
30,748,723,30,1159,94,303,16,22,80,-14,43,9,55,370257,4,34072,12,3,73,8472,1
30,798,724,45,1159,22,303,63,22,85,-14,38,9,59,370164,2,34066,05,3,67,8466,1
30,848,725,59,1158,50,304,11,22,89,-14,33,9,62,370071,4,34059,99,3,56,8460,0
30,898,726,73,1157,79,304,60,22,94,-14,28,9,66,369978,5,34053,92,3,40,8453,9
30,948,727,88,1157,07,305,08,22,99,-14,22,9,70,369885,6,34047,86,3,19,8447,9
30,998,729,03,1156,36,305,57,23,04,-14,17,9,74,369792,6,34041,79,2,91,8441,8
31,048,730,19,1155,66,306,05,23,08,-14,12,9,78,369699,2,34035,73,2,56,8435,7
31,098,731,34,1154,95,306,54,23,13,-14,07,9,82,369605,4,34029,67,2,14,8429,7
31,148,732,50,1154,25,307,04,23,18,-14,02,9,86,369511,4,34023,61,1,65,8423,6
31,198,733,66,1153,55,307,53,23,24,-13,97,9,90,369417,7,34017,56,1,06,8417,6
31,248,734,82,1152,85,308,03,23,29,-13,92,9,95,369324,4,34011,50,0,40,8411,5
31,298,735,99,1152,16,308,52,23,31,-13,87,9,91,369231,8,34005,45,0,48,8405,4
31,348,737,15,1151,46,309,02,23,25,-13,82,9,87,369138,4,33999,39,1,13,8399,4
31,398,738,31,1150,77,309,51,23,19,-13,77,9,83,369043,5,33993,34,1,70,8393,3
31,448,739,47,1150,09,310,00,23,14,-13,72,9,79,368947,8,33987,29,2,17,8387,3
31,498,740,63,1149,40,310,49,23,09,-13,67,9,75,368851,4,33981,25,2,57,8381,2
31,548,741,78,1148,72,310,98,23,03,-13,62,9,71,368754,7,33975,20,2,89,8375,2
31,598,742,93,1148,04,311,46,22,98,-13,57,9,67,368657,8,33969,16,3,14,8369,2
31,648,744,08,1147,36,311,94,22,93,-13,52,9,63,368560,4,33963,11,3,33,8363,1
31,698,745,22,1146,69,312,42,22,88,-13,47,9,59,368462,3,33957,07,3,47,8357,1
31,748,746,37,1146,01,312,90,22,84,-13,42,9,55,368363,4,33951,03,3,55,8351,0
31,798,747,51,1145,34,313,38,22,79,-13,37,9,52,368263,8,33944,99,3,60,8345,0
31,848,748,65,1144,68,313,85,22,75,-13,32,9,49,368163,4,33938,96,3,62,8339,0
31,898,749,78,1144,01,314,33,22,71,-13,27,9,46,368062,6,33932,92,3,61,8332,9
31,948,750,92,1143,35,314,80,22,67,-13,22,9,42,367961,6,33926,89,3,57,8326,9
31,998,752,05,1142,69,315,27,22,63,-13,16,9,39,367860,8,33920,85,3,50,8320,9
32,048,753,18,1142,03,315,74,22,59,-13,11,9,35,367760,3,33914,83,3,39,8314,8
32,098,754,31,1141,38,316,20,22,54,-13,06,9,30,367659,9,33908,80,3,22,8308,8
32,148,755,43,1140,73,316,67,22,49,-13,01,9,26,367559,4,33902,77,3,00,8302,8
32,198,756,56,1140,08,317,13,22,44,-12,96,9,22,367458,8,33896,75,2,73,8296,8
32,248,757,68,1139,43,317,59,22,39,-12,92,9,18,367357,9,33890,73,2,39,8290,7
32,298,758,80,1138,79,318,05,22,34,-12,87,9,14,367256,6,33884,70,1,99,8284,7
32,348,759,91,1138,14,318,50,22,29,-12,82,9,09,367155,3,33878,68,1,56,8278,7
32,398,761,03,1137,51,318,96,22,25,-12,77,9,07,367054,5,33872,66,1,14,8272,7
32,448,762,14,1136,87,319,41,22,20,-12,72,9,12,366953,3,33866,65,0,90,8266,7
32,498,763,25,1136,23,319,87,22,14,-12,67,9,16,366851,8,33860,63,0,96,8260,6
32,548,764,35,1135,60,320,33,22,16,-12,62,9,19,366751,0,33854,62,1,33,8254,6
32,598,765,46,1134,97,320,79,22,22,-12,57,9,23,366648,9,33848,60,1,77,8248,6
32,648,766,57,1134,34,321,25,22,27,-12,52,9,27,366546,0,33842,60,2,17,8242,6
32,698,767,69,1133,72,321,71,22,31,-12,48,9,31,366442,4,33836,59,2,51,8236,6
32,748,768,81,1133,10,322,18,22,36,-12,43,9,35,366338,2,33830,59,2,79,8230,6
32,798,769,92,1132,48,322,65,22,40,-12,38,9,38,366233,6,33824,58,3,02,8224,6
32,848,771,05,1131,86,323,12,22,45,-12,33,9,42,366128,5,33818,57,3,18,8218,6
32,898,772,17,1131,24,323,59,22,49,-12,28,9,45,366022,8,33812,57,3,30,8212,6
32,948,773,30,1130,63,324,06,22,53,-12,23,9,48,365916,3,33806,57,3,38,8206,6
32,998,774,42,1130,02,324,54,22,57,-12,18,9,51,365809,2,33800,58,3,42,8200,6
33,048,775,55,1129,41,325,02,22,61,-12,13,9,54,365701,5,33794,58,3,43,8194,6
33,098,776,68,1128,81,325,49,22,64,-12,08,9,58,365593,6,33788,59,3,41,8188,6
33,148,777,82,1128,20,325,97,22,68,-12,03,9,61,365485,5,33782,59,3,36,8182,6
33,198,778,95,1127,60,326,46,22,71,-11,98,9,65,365377,5,33776,61,3,27,8176,6
33,248,780,09,1127,01,326,94,22,75,-11,93,9,69,365269,8,33770,61,3,14,8170,6
33,298,781,23,1126,41,327,42,22,79,-11,88,9,73,365162,0,33764,63,2,96,8164,6
33,348,782,37,1125,82,327,91,22,83,-11,83,9,77,365054,3,33758,64,2,73,8158,6
33,398,783,51,1125,23,328,40,22,87,-11,78,9,81,364946,3,33752,66,2,45,8152,7
33,448,784,65,1124,64,328,89,22,92,-11,74,9,85,364838,1,33746,68,2,13,8146,7
33,498,785,80,1124,05,329,39,22,96,-11,69,9,90,364729,9,33740,70,1,76,8140,7
33,548,786,95,1123,47,329,88,23,00,-11,64,9,94,364622,2,33734,72,1,42,8134,7
33,598,788,10,1122,89,330,38,23,04,-11,59,9,89,364513,9,33728,74,1,20,8128,7
33,648,789,25,1122,31,330,87,23,08,-11,55,9,84,364404,8,33722,77,1,14,8122,8
33,698,790,41,1121,74,331,36,23,12,-11,50,9,80,364295,5,33716,79,1,26,8116,8
33,748,791,57,1121,16,331,85,23,11,-11,45,9,76,364186,8,33710,82,1,55,8110,8
33,798,792,72,1120,59,332,34,23,06,-11,40,9,72,364077,3,33704,85,1,90,8104,9
33,848,793,87,1120,02,332,83,23,01,-11,36,9,68,363967,0,33698,88,2,23,8098,9
33,898,795,02,1119,46,333,31,22,97,-11,31,9,64,363855,9,33692,92,2,51,8092,9
33,948,796,17,1118,89,333,79,22,92,-11,26,9,60,363744,6,33686,95,2,75,8087,0
33,998,797,31,1118,33,334,27,22,88,-11,21,9,57,363632,9,33680,99,2,93,8081,0
34,048,798,46,1117,77,334,75,22,83,-11,16,9,53,363520,6,33675,03,3,06,8075,0
34,098,799,60,1117,21,335,22,22,79,-11,12,9,50,363407,7,33669,07,3,16,8069,1
34,148,800,73,1116,66,335,70,22,75,-11,07,9,47,363294,0,33663,12,3,21,8063,1
34,198,801,87,1116,11,336,17,22,71,-11,02,9,44,363179,8,33657,16,3,24,8057,2
34,248,803,01,1115,56,336,64,22,68,-10,97,9,40,363065,3,33651,21,3,23,8051,2
34,298,804,14,1115,01,337,11,22,65,-10,92,9,37,362950,6,33645,26,3,19,8045,3
34,348,805,27,1114,46,337,58,22,61,-10,87,9,33,362835,8,33639,31,3,13,8039,3
34,398,806,40,1113,92,338,04,22,58,-10,83,9,29,362721,2,33633,36,3,02,8033,4
34,448,807,53,1113,38,338,51,22,54,-10,78,9,24,362606,8,33627,41,2,87,8027,4
34,498,808,65,1112,84,338,97,22,50,-10,73,9,20,362492,4,33621,47,2,67,8021,5
34,548,809,78,1112,31,339,43,22,46,-10,68,9,16,362378,0,33615,53,2,42,8015,5
34,598,810,90,1111,78,339,88,22,42,-10,64,9,12,362263,3,33609,59,2,12,8009,6
34,648,812,02,1111,25,340,34,22,37,-10,59,9,08,362148,6,33603,65,1,77,8003,7
34,698,813,14,1110,72,340,79,22,33,-10,54,9,03,362033,9,33597,71,1,40,7997,7
34,748,814,25,1110,19,341,24,22,30,-10,50,9,02,361919,6,33591,78,1,09,7991,8
34,798,815,37,1109,67,341,69,22,26,-10,45,9,07,361804,2,33585,85,0,97,7985,9
34,848,816,48,1109,15,342,15,22,22,-10,41,9,11,361688,1,33579,92,1,06,7979,9
34,898,817,59,1108,63,342,60,22,20,-10,36,9,15,361572,1,33573,99,1,32,7974,0
34,948,818,70,1108,11,343,06,22,24,-10,31,9,18,361455,9,33568,06,1,66,7968,1
34,998,819,81,1107,60,343,52,22,28,-10,27,9,22,361339,2,33562,14,2,00,7962,1
35,048,820,93,1107,08,343,98,22,31,-10,22,9,26,361222,0,33556,22,2,29,7956,2
35,098,822,04,1106,57,344,45,22,35,-10,17,9,30,361104,6,33550,30,2,53,7950,3
35,148,823,16,1106,07,344,91,22,39,-10,13,9,34,360987,0,33544,38,2,73,7944,4
35,198,824,28,1105,56,345,38,22,43,-10,08,9,37,360868,8,33538,46,2,87,7938,5
35,248,825,41,1105,06,345,85,22,46,-10,04,9,41,360749,9,33532,55,2,97,7932,5
35,298,826,53,1104,56,346,32,22,50,-9,99,9,44,360630,4,33526,63,3,03,7926,6
35,348,827,66,1104,06,346,79,22,53,-9,94,9,47,360510,1,33520,72,3,06,7920,7
35,398,828,78,1103,56,347,27,22,56,-9,90,9,50,360389,4,33514,81,3,07,7914,8
35,448,829,91,1103,07,347,74,22,59,-9,85,9,53,360268,5,33508,91,3,04,7908,9
35,498,831,04,1102,58,348,22,22,61,-9,80,9,56,360147,6,33503,00,2,99,7903,0
35,548,832,17,1102,09,348,70,22,64,-9,76,9,60,360026,8,33497,10,2,90,7897,1
35,598,833,31,1101,60,349,18,22,67,-9,71,9,64,359906,5,33491,20,2,78,7891,2
35,648,834,44,1101,12,349,66,22,71,-9,66,9,68,359786,2,33485,30,2,60,7885,3
35,698,835,58,1100,64,350,15,22,74,-9,62,9,72,359665,9,33479,40,2,37,7879,4
35,748,836,72,1100,16,350,64,22,78,-9,57,9,76,359545,4,33473,50,2,08,7873,5
35,798,837,85,1099,68,351,13,22,81,-9,53,9,80,359424,5,33467,61,1,74,7867,6
35,848,839,00,1099,20,351,62,22,85,-9,48,9,84,359303,4,33461,72,1,33,7861,7
35,898,840,14,1098,73,352,11,22,88,-9,44,9,88,359182,3,33455,83,0,88,7855,8
35,948,841,28,1098,26,352,60,22,91,-9,39,9,90,359061,0,33449,94,0,51,7849,9
35,998,842,43,1097,79,353,10,22,94,-9,35,9,85,358939,3,33444,05,0,59,7844,1
36,049,843,58,1097,32,353,59,22,92,-9,31,9,81,358817,2,33438,17,1,00,7838,2
36,099,844,72,1096,86,354,08,22,89,-9,26,9,78,358694,5,33432,29,1,42,7832,3
36,149,845,87,1096,40,354,57,22,85,-9,22,9,74,358571,6,33426,41,1,79,7826,4
36,199,847,01,1095,94,355,05,22,81,-9,17,9,70,358448,9,33420,54,2,11,7820,5
36,249,848,15,1095,48,355,54,22,78,-9,13,9,66,358326,2,33414,66,2,36,7814,7
36,299,849,29,1095,03,356,02,22,74,-9,08,9,62,358203,2,33408,79,2,56,7808,8
36,349,850,42,1094,57,356,50,22,70,-9,04,9,58,358079,7,33402,91,2,71,7802,9
36,399,851,56,1094,12,356,98,22,67,-8,99,9,54,357955,6,33397,05,2,81,7797,0
36,449,852,69,1093,67,357,45,22,64,-8,95,9,51,357830,8,33391,18,2,88,7791,2
36,499,853,82,1093,23,357,93,22,61,-8,90,9,47,357705,3,33385,31,2,91,7785,3
36,549,854,95,1092,78,358,40,22,58,-8,86,9,44,357579,2,33379,45,2,92,7779,4
36,599,856,08,1092,34,358,87,22,55,-8,81,9,41,357452,8,33373,59,2,91,7773,6
36,649,857,20,1091,90,359,34,22,52,-8,77,9,38,357326,5,33367,73,2,87,7767,7
36,699,858,33,1091,46,359,81,22,49,-8,73,9,35,357200,6,33361,88,2,79,7761,9
36,749,859,45,1091,03,360,28,22,46,-8,68,9,31,357075,1,33356,02,2,68,7756,0
36,799,860,58,1090,60,360,74,22,42,-8,64,9,27,356949,7,33350,16,2,53,7750,2
36,849,861,70,1090,16,361,20,22,38,-8,60,9,23,356824,6,33344,32,2,32,7744,3
36,899,862,81,1089,74,361,66,22,35,-8,55,9,19,356699,3,33338,46,2,06,7738,5
36,949,863,93,1089,31,362,12,22,31,-8,51,9,15,356573,6,33332,62,1,73,7732,6
36,999,865,05,1088,89,362,58,22,28,-8,47,9,11,356447,5,33326,77,1,35,7726,8
37,049,866,16,1088,46,363,03,22,24,-8,42,9,08,356320,9,33320,93,0,91,7720,9
37,099,867,27,1088,04,363,49,22,21,-8,38,9,04,356194,2,33315,09,0,46,7715,1
37,149,868,38,1087,62,363,94,22,24,-8,34,9,00,356067,3,33309,25,0,37,7709,3
37,199,869,49,1087,21,364,39,22,27,-8,29,9,03,355940,7,33303,42,0,81,7703,4
37,249,870,61,1086,80,364,84,22,30,-8,25,9,07,355813,7,33297,58,1,26,7697,6
37,299,871,72,1086,38,365,30,22,33,-8,21,9,11,355686,6,33291,75,1,64,7691,8
37,349,872,84,1085,97,365,75,22,36,-8,17,9,14,355559,4,33285,92,1,97,7685,9
37,399,873,96,1085,57,366,21,22,40,-8,12,9,18,355432,2,33280,09,2,23,7680,1
37,449,875,08,1085,16,366,67,22,43,-8,08,9,22,355304,8,33274,27,2,44,7674,3
37,499,876,20,1084,76,367,13,22,46,-8,04,9,26,355176,9,33268,44,2,59,7668,4
37,549,877,33,1084,36,367,60,22,49,-8,00,9,29,355048,6,33262,62,2,71,7662,6
37,599,878,45,1083,96,368,06,22,52,-7,96,9,33,354919,7,33256,80,2,78,7656,8
37,649,879,58,1083,56,368,53,22,54,-7,91,9,36,354790,0,33250,98,2,82,7651,0
37,699,880,70,1083,17,369,00,22,57,-7,87,9,39,354659,8,33245,17,2,83,7645,2
37,749,881,83,1082,78,369,47,22,59,-7,83,9,42,354529,3,33239,36,2,82,7639,4
37,799,882,96,1082,38,369,94,22,62,-7,79,9,44,354399,0,33233,55,2,78,7633,5
37,849,884,10,1082,00,370,41,22,65,-7,74,9,47,354268,9,33227,73,2,71,7627,7
37,899,885,23,1081,61,370,89,22,68,-7,70,9,51,354139,3,33221,93,2,61,7621,9
37,949,886,36,1081,23,371,36,22,72,-7,66,9,54,354009,8,33216,13,2,47,7616,1
37,999,887,50,1080,84,371,84,22,75,-7,62,9,57,353880,6,33210,32,2,28,7610,3
38,049,888,64,1080,46,372,32,22,79,-7,58,9,61,353751,4,33204,52,2,04,7604,5
38,099,889,78,1080,09,372,80,22,82,-7,54,9,65,353622,0,33198,72,1,76,7598,7
38,149,890,92,1079,71,373,28,22,85,-7,50,9,68,353492,1,33192,93,1,43,7592,9
38,199,892,06,1079,34,373,77,22,89,-7,46,9,72,353362,1,33187,13,1,11,7587,1
38,249,893,21,1078,96,374,26,22,87,-7,42,9,75,353231,9,33181,34,0,87,7581,3
38,299,894,35,1078,59,374,74,22,83,-7,38,9,78,353101,3,33175,55,0,81,7575,6
38,349,895,49,1078,23,375,23,22,80,-7,34,9,82,352970,7,33169,77,0,97,7569,8
38,399,896,63,1077,86,375,73,22,77,-7,30,9,80,352840,9,33163,98,1,28,7564,0
38,449,897,77,1077,50,376,21,22,73,-7,26,9,76,352710,8,33158,20,1,61,7558,2
38,499,898,90,1077,14,376,70,22,70,-7,22,9,72,352580,4,33152,41,1,91,7552,4
38,549,900,04,1076,78,377,19,22,66,-7,18,9,69,352449,7,33146,63,2,17,7546,6
38,599,901,17,1076,42,377,67,22,62,-7,14,9,65,352319,1,33140,86,2,37,7540,9
38,649,902,30,1076,06,378,15,22,59,-7,10,9,61,352188,0,33135,08,2,53,7535,1
38,699,903,43,1075,71,378,63,22,56,-7,06,9,57,352056,5,33129,31,2,65,7529,3
38,749,904,56,1075,36,379,11,22,53,-7,02,9,54,351924,4,33123,54,2,73,7523,5
38,799,905,68,1075,01,379,58,22,50,-6,98,9,50,351791,6,33117,77,2,78,7517,8
38,849,906,81,1074,66,380,06,22,47,-6,94,9,47,351658,6,33112,00,2,79,7512,0
38,899,907,93,1074,31,380,53,22,44,-6,90,9,44,351525,4,33106,24,2,79,7506,2
38,949,909,05,1073,97,381,00,22,41,-6,86,9,42,351392,2,33100,48,2,75,7500,5
38,999,910,17,1073,63,381,47,22,37,-6,82,9,39,351259,2,33094,72,2,68,7494,7
39,049,911,29,1073,29,381,94,22,33,-6,78,9,36,351126,6,33088,96,2,58,7489,0
39,099,912,40,1072,95,382,41,22,30,-6,74,9,33,350994,3,33083,21,2,45,7483,2
39,149,913,52,1072,61,382,88,22,26,-6,70,9,30,350862,3,33077,45,2,26,7477,5
39,199,914,63,1072,28,383,34,22,22,-6,66,9,26,350730,3,33071,70,2,04,7471,7
39,249,915,74,1071,95,383,80,22,18,-6,62,9,23,350598,2,33065,95,1,77,7466,0
39,299,916,85,1071,62,384,26,22,14,-6,59,9,19,350465,9,33060,21,1,48,7460,2
39,349,917,95,1071,29,384,72,22,10,-6,55,9,16,350333,8,33054,46,1,19,7454,5
39,399,919,06,1070,96,385,18,22,13,-6,51,9,12,350201,8,33048,72,1,00,7448,7
39,449,920,17,1070,64,385,63,22,16,-6,47,9,09,350068,8,33042,98,0,96,7443,0
39,499,921,27,1070,31,386,09,22,19,-6,43,9,06,349935,7,33037,24,1,07,7437,2
39,549,922,38,1069,99,386,54,22,22,-6,40,9,03,349803,3,33031,51,1,30,7431,5
39,599,923,50,1069,67,386,99,22,26,-6,36,9,07,349671,2,33025,77,1,60,7425,8
39,649,924,61,1069,36,387,45,22,29,-6,32,9,10,349538,7,33020,04,1,89,7420,0
39,699,925,73,1069,04,387,90,22,33,-6,29,9,14,349406,0,33014,31,2,14,7414,3
39,749,926,84,1068,73,388,36,22,36,-6,25,9,17,349273,3,33008,59,2,35,7408,6
39,799,927,96,1068,42,388,82,22,40,-6,21,9,21,349140,3,33002,86,2,52,7402,9
39,849,929,08,1068,11,389,28,22,43,-6,17,9,24,349006,9,32997,14,2,64,7397,1
39,899,930,20,1067,80,389,74,22,46,-6,14,9,28,348872,9,32991,42,2,72,7391,4
39,949,931,33,1067,49,390,21,22,48,-6,10,9,31,348738,4,32985,70,2,77,7385,7
39,999,932,45,1067,19,390,67,22,51,-6,06,9,34,348603,3,32979,98,2,80,7380,0
40,049,933,58,1066,89,391,14,22,54,-6,02,9,36,348468,3,32974,27,2,79,7374,3
40,099,934,71,1066,59,391,61,22,57,-5,99,9,39,348333,1,32968,56,2,76,7368,6
40,149,935,84,1066,29,392,08,22,60,-5,95,9,41,348198,2,32962,85,2,70,7362,9
40,199,936,97,1065,99,392,55,22,64,-5,91,9,44,348063,8,32957,14,2,61,7357,1
40,249,938,10,1065,70,393,02,22,67,-5,88,9,47,347929,8,32951,44,2,48,7351,4
40,299,939,23,1065,40,393,50,22,71,-5,84,9,50,347796,0,32945,73,2,30,7345,7
40,349,940,37,1065,11,393,97,22,75,-5,81,9,53,347662,5,32940,04,2,08,7340,0
40,399,941,51,1064,82,394,45,22,78,-5,77,9,56,347528,8,32934,34,1,81,7334,3
40,449,942,65,1064,54,394,93,22,82,-5,73,9,59,347395,1,32928,64,1,50,7328,6
40,499,943,79,1064,25,395,41,22,85,-5,70,9,62,347261,3,32922,95,1,16,7322,9
40,549,944,93,1063,97,395,89,22,88,-5,66,9,65,347127,7,32917,25,0,87,7317,3
40,599,946,08,1063,68,396,38,22,84,-5,63,9,68,346993,6,32911,57,0,77,7311,6
40,649,947,22,1063,40,396,86,22,80,-5,59,9,71,346859,0,32905,88,0,89,7305,9
40,699,948,36,1063,12,397,35,22,77,-5,56,9,73,346724,6,32900,19,1,16,7300,2
40,750,949,50,1062,85,397,83,22,73,-5,52,9,70,346590,7,32894,51,1,49,7294,5
40,800,950,63,1062,57,398,32,22,69,-5,49,9,67,346456,6,32888,83,1,80,7288,8
40,850,951,77,1062,30,398,80,22,66,-5,45,9,63,346322,8,32883,15,2,07,7283,1
40,900,952,90,1062,03,399,28,22,62,-5,42,9,60,346189,2,32877,47,2,29,7277,5
40,950,954,03,1061,76,399,76,22,58,-5,38,9,56,346055,3,32871,80,2,46,7271,8
41,000,955,15,1061,49,400,24,22,54,-5,35,9,53,345920,9,32866,13,2,59,7266,1
41,050,956,28,1061,22,400,71,22,51,-5,32,9,50,345786,1,32860,46,2,68,7260,5
41,100,957,41,1060,96,401,19,22,48,-5,28,9,47,345650,7,32854,79,2,73,7254,8
41,150,958,53,1060,69,401,66,22,45,-5,25,9,44,345514,7,32849,13,2,76,7249,1
41,200,959,65,1060,43,402,13,22,42,-5,21,9,41,345378,4,32843,46,2,76,7243,5
41,250,960,77,1060,17,402,60,22,39,-5,18,9,39,345242,2,32837,80,2,74,7237,8
41,300,961,89,1059,91,403,07,22,35,-5,14,9,37,345106,3,32832,14,2,69,7232,1
41,350,963,01,1059,66,403,54,22,32,-5,11,9,34,344971,0,32826,48,2,61,7226,5
41,400,964,12,1059,40,404,00,22,28,-5,07,9,31,344836,3,32820,83,2,49,7220,8
41,450,965,23,1059,15,404,47,22,24,-5,04,9,28,344701,9,32815,18,2,33,7215,2
41,500,966,34,1058,90,404,93,22,20,-5,01,9,25,344568,0,32809,53,2,12,7209,5
41,550,967,45,1058,65,405,39,22,16,-4,98,9,22,344434,2,32803,88,1,86,7203,9
41,600,968,56,1058,40,405,85,22,12,-4,94,9,19,344300,1,32798,23,1,54,7198,2
41,650,969,67,1058,16,406,31,22,09,-4,91,9,15,344165,6,32792,59,1,16,7192,6
41,700,970,77,1057,91,406,77,22,05,-4,88,9,13,344031,0,32786,95,0,74,7187,0
41,750,971,87,1057,67,407,22,22,02,-4,84,9,10,343896,3,32781,31,0,35,7181,3
41,800,972,97,1057,43,407,68,22,05,-4,81,9,07,343761,3,32775,68,0,48,7175,7
41,850,974,08,1057,19,408,13,22,09,-4,78,9,09,343626,5,32770,04,0,90,7170,0
41,900,975,18,1056,95,408,59,22,12,-4,75,9,12,343491,6,32764,41,1,30,7164,4
41,950,976,29,1056,71,409,04,22,15,-4,71,9,15,343357,3,32758,78,1,65,7158,8
42,000,977,40,1056,48,409,50,22,19,-4,68,9,18,343223,4,32753,15,1,95,7153,2
42,050,978,51,1056,24,409,96,22,23,-4,65,9,21,343089,8,32747,53,2,19,7147,5
42,100,979,62,1056,01,410,42,22,26,-4,62,9,24,342956,0,32741,90,2,37,7141,9
42,150,980,73,1055,78,410,89,22,30,-4,59,9,27,342821,8,32736,28,2,51,7136,3
42,200,981,85,1055,55,411,35,22,33,-4,55,9,30,342687,3,32730,66,2,60,7130,7
42,250,982,97,1055,33,411,82,22,36,-4,52,9,33,342552,1,32725,04,2,66,7125,0
42,300,984,09,1055,10,412,28,22,39,-4,49,9,35,342416,4,32719,43,2,69,7119,4
42,350,985,21,1054,88,412,75,22,42,-4,46,9,37,342280,2,32713,82,2,70,7113,8
42,400,986,33,1054,66,413,22,22,44,-4,43,9,39,342143,8,32708,21,2,69,7108,2
42,450,987,45,1054,44,413,69,22,47,-4,39,9,42,342008,1,32702,60,2,65,7102,6
42,500,988,57,1054,22,414,16,22,51,-4,36,9,44,341873,0,32696,99,2,58,7097,0
42,550,989,70,1054,00,414,64,22,54,-4,33,9,47,341738,6,32691,39,2,48,7091,4
42,600,990,83,1053,78,415,11,22,57,-4,30,9,50,341604,7,32685,79,2,33,7085,8
42,650,991,96,1053,57,415,59,22,61,-4,27,9,53,341471,3,32680,19,2,14,7080,2
42,700,993,09,1053,36,416,06,22,64,-4,24,9,56,341338,1,32674,59,1,90,7074,6
42,750,994,22,1053,15,416,54,22,68,-4,21,9,59,341204,8,32669,00,1,60,7069,0
42,800,995,36,1052,94,417,02,22,71,-4,18,9,62,341071,1,32663,41,1,26,7063,4
42,850,996,49,1052,73,417,50,22,75,-4,15,9,65,340936,8,32657,81,0,86,7057,8
42,900,997,63,1052,52,417,99,22,78,-4,12,9,66,340802,4,32652,23,0,48,7052,2
42,950,998,77,1052,32,418,47,22,81,-4,09,9,63,340667,8,32646,64,0,40,7046,6
43,000,999,91,1052,11,418,95,22,79,-4,06,9,61,340533,8,32641,06,0,75,7041,1
43,050,1001,05,1051,91,419,43,22,75,-4,03,9,58,340399,8,32635,48,1,14,7035,5
43,100,1002,19,1051,71,419,91,22,71,-4,00,9,55,340266,2,32629,90,1,49,7029,9
43,150,1003,32,1051,51,420,38,22,68,-3,97,9,52,340133,0,32624,32,1,78,7024,3
43,200,1004,45,1051,31,420,86,22,64,-3,94,9,49,340000,1,32618,74,2,02,7018,7
43,250,1005,59,1051,12,421,33,22,60,-3,91,9,46,339867,2,32613,17,2,21,7013,2
43,300,1006,72,1050,92,421,81,22,57,-3,88,9,43,339734,1,32607,60,2,35,7007,6
43,350,1007,84,1050,73,422,28,22,53,-3,85,9,40,339600,6,32602,03,2,45,7002,0
43,400,1008,97,1050,54,422,75,22,50,-3,82,9,38,339466,6,32596,47,2,52,6996,5
43,450,1010,09,1050,35,423,21,22,47,-3,79,9,36,339332,0,32590,90,2,56,6990,9
43,500,1011,22,1050,16,423,68,22,44,-3,76,9,33,339197,3,32585,34,2,57,6985,3
43,550,1012,34,1049,97,424,15,22,41,-3,73,9,31,339062,4,32579,78,2,56,6979,8
43,600,1013,46,1049,78,424,61,22,38,-3,70,9,28,338928,0,32574,22,2,53,6974,2
43,650,1014,57,1049,60,425,08,22,35,-3,68,9,25,338794,1,32568,67,2,47,6968,7
43,700,1015,69,1049,42,425,54,22,32,-3,65,9,22,338661,0,32563,12,2,37,6963,1
43,750,1016,81,1049,23,426,00,22,29,-3,62,9,19,338528,4,32557,56,2,24,6957,6
43,800,1017,92,1049,05,426,46,22,25,-3,59,9,16,338396,4,32552,02,2,07,6952,0
43,850,1019,03,1048,88,426,91,22,22,-3,56,9,13,338264,6,32546,47,1,85,6946,5
43,900,1020,14,1048,70,427,37,22,18,-3,54,9,10,338132,9,32540,93,1,60,6940,9
43,950,1021,25,1048,52,427,82,22,15,-3,51,9,07,338001,0,32535,38,1,30,6935,4
44,000,1022,36,1048,35,428,28,22,11,-3,48,9,04,337868,9,32529,84,1,00,6929,8
44,050,1023,46,1048,17,428,73,22,08,-3,45,9,06,337736,7,32524,30,0,77,6924,3
44,100,1024,57,1048,00,429,18,22,05,-3,42,9,08,337603,8,32518,77,0,71,6918,8
44,150,1025,67,1047,83,429,64,22,02,-3,40,9,11,337471,4,32513,24,0,84,6913,2
44,200,1026,77,1047,66,430,09,22,05,-3,37,9,14,337339,8,32507,70,1,12,6907,7
44,250,1027,87,1047,49,430,55,22,08,-3,34,9,17,337208,3,32502,18,1,41,6902,2
44,300,1028,98,1047,33,431,01,22,11,-3,32,9,20,337076,9,32496,65,1,67,6896,6
44,350,1030,08,1047,16,431,47,22,14,-3,29,9,23,336945,9,32491,12,1,90,6891,1
44,400,1031,19,1047,00,431,93,22,17,-3,26,9,26,336815,0,32485,60,2,08,6885,6
44,450,1032,30,1046,84,432,40,22,21,-3,24,9,28,336683,9,32480,08,2,22,6880,1
44,500,1033,41,1046,67,432,86,22,24,-3,21,9,31,336552,6,32474,56,2,32,6874,6
44,550,1034,52,1046,51,433,33,22,27,-3,18,9,33,336420,8,32469,04,2,39,6869,0
44,600,1035,64,1046,36,433,79,22,29,-3,16,9,35,336288,6,32463,53,2,43,6863,5
44,650,1036,75,1046,20,434,26,22,32,-3,13,9,37,336156,1,32458,02,2,44,6858,0
44,700,1037,87,1046,04,434,73,22,34,-3,10,9,40,336023,8,32452,51,2,43,6852,5
44,750,1038,99,1045,89,435,20,22,37,-3,08,9,42,335891,8,32447,00,2,40,6847,0
44,800,1040,11,1045,74,435,67,22,39,-3,05,9,45,335760,3,32441,50,2,34,6841,5
44,850,1041,23,1045,58,436,15,22,41,-3,02,9,48,335629,4,32435,99,2,25,6836,0
44,900,1042,35,1045,43,436,62,22,44,-3,00,9,51,335499,1,32430,49,2,13,6830,5
44,950,1043,47,1045,28,437,10,22,47,-2,97,9,54,335369,5,32424,99,1,96,6825,0
45,000,1044,60,1045,14,437,58,22,50,-2,95,9,57,335240,1,32419,50,1,76,6819,5
45,050,1045,72,1044,99,438,06,22,53,-2,92,9,60,335110,9,32414,00,1,51,6814,0
45,100,1046,85,1044,84,438,54,22,56,-2,90,9,63,334981,5,32408,51,1,23,6808,5
45,150,1047,98,1044,70,439,02,22,59,-2,87,9,66,334852,0,32403,02,0,95,6803,0
45,200,1049,11,1044,56,439,50,22,61,-2,85,9,65,334722,5,32397,53,0,74,6797,5
45,250,1050,24,1044,42,439,98,22,64,-2,82,9,62,334592,5,32392,04,0,69,6792,0
45,300,1051,37,1044,28,440,46,22,66,-2,80,9,59,334462,4,32386,56,0,83,6786,6
45,350,1052,50,1044,14,440,94,22,65,-2,77,9,56,334333,3,32381,08,1,08,6781,1
45,400,1053,64,1044,00,441,42,22,62,-2,75,9,53,334204,3,32375,60,1,35,6775,6
45,451,1054,77,1043,86,441,90,22,59,-2,72,9,50,334076,0,32370,12,1,61,6770,1
45,501,1055,89,1043,73,442,37,22,56,-2,70,9,47,333947,9,32364,64,1,82,6764,6
45,551,1057,02,1043,59,442,84,22,52,-2,67,9,44,333820,0,32359,17,1,99,6759,2
45,601,1058,15,1043,46,443,32,22,49,-2,65,9,41,333691,9,32353,70,2,12,6753,7
45,651,1059,27,1043,33,443,79,22,46,-2,63,9,39,333563,7,32348,23,2,22,6748,2
45,701,1060,39,1043,20,444,25,22,43,-2,60,9,36,333434,9,32342,76,2,28,6742,8
45,751,1061,51,1043,07,444,72,22,41,-2,58,9,34,333305,9,32337,30,2,32,6737,3
45,801,1062,63,1042,94,445,19,22,38,-2,55,9,32,333176,4,32331,83,2,33,6731,8
45,851,1063,75,1042,81,445,65,22,36,-2,53,9,29,333047,3,32326,37,2,32,6726,4
45,901,1064,87,1042,69,446,12,22,33,-2,50,9,26,332918,3,32320,91,2,29,6720,9
45,951,1065,99,1042,56,446,58,22,31,-2,48,9,24,332790,2,32315,46,2,23,6715,5
46,001,1067,10,1042,44,447,04,22,28,-2,46,9,21,332662,6,32310,00,2,15,6710,0
46,051,1068,21,1042,32,447,50,22,26,-2,43,9,18,332535,8,32304,55,2,03,6704,5
46,101,1069,33,1042,19,447,96,22,23,-2,41,9,15,332409,5,32299,10,1,87,6699,1
46,151,1070,44,1042,07,448,41,22,20,-2,39,9,11,332283,6,32293,65,1,66,6693,7
46,201,1071,55,1041,96,448,87,22,17,-2,37,9,08,332157,9,32288,21,1,41,6688,2
46,251,1072,65,1041,84,449,32,22,14,-2,34,9,05,332032,0,32282,76,1,11,6682,8
46,301,1073,76,1041,72,449,77,22,11,-2,32,9,03,331905,8,32277,32,0,78,6677,3
46,351,1074,86,1041,61,450,23,22,08,-2,30,9,00,331779,5,32271,88,0,47,6671,9
46,401,1075,97,1041,49,450,68,22,06,-2,27,9,03,331652,9,32266,44,0,41,6666,4
46,451,1077,07,1041,38,451,13,22,06,-2,25,9,05,331526,3,32261,00,0,68,6661,0
46,501,1078,17,1041,27,451,58,22,08,-2,23,9,08,331400,3,32255,57,1,01,6655,6
46,551,1079,28,1041,16,452,04,22,10,-2,21,9,11,331275,3,32250,14,1,31,6650,1
46,601,1080,38,1041,05,452,49,22,13,-2,18,9,14,331150,9,32244,71,1,57,6644,7
46,651,1081,49,1040,94,452,95,22,16,-2,16,9,17,331026,9,32239,28,1,78,6639,3
46,701,1082,60,1040,83,453,41,22,19,-2,14,9,20,330902,9,32233,86,1,94,6633,9
46,751,1083,71,1040,72,453,87,22,21,-2,12,9,23,330778,8,32228,43,2,07,6628,4
46,801,1084,82,1040,62,454,33,22,23,-2,10,9,25,330654,3,32223,01,2,15,6623,0
46,851,1085,93,1040,51,454,79,22,26,-2,08,9,28,330529,6,32217,59,2,21,6617,6
46,901,1087,05,1040,41,455,26,22,28,-2,05,9,30,330404,4,32212,17,2,24,6612,2
46,951,1088,16,1040,31,455,72,22,30,-2,03,9,32,330278,9,32206,76,2,25,6606,8
47,001,1089,28,1040,21,456,19,22,32,-2,01,9,35,330153,5,32201,34,2,24,6601,3
47,051,1090,39,1040,11,456,66,22,33,-1,99,9,37,330028,8,32195,93,2,21,6595,9
47,101,1091,51,1040,01,457,13,22,36,-1,97,9,40,329904,7,32190,52,2,16,6590,5
47,151,1092,63,1039,91,457,60,22,38,-1,95,9,42,329781,4,32185,11,2,07,6585,1
47,201,1093,75,1039,81,458,07,22,40,-1,93,9,45,329658,8,32179,71,1,95,6579,7
47,251,1094,87,1039,72,458,54,22,43,-1,91,9,48,329536,9,32174,30,1,79,6574,3
47,301,1095,99,1039,62,459,02,22,46,-1,88,9,51,329415,4,32168,90,1,59,6568,9
47,351,1097,11,1039,53,459,50,22,48,-1,86,9,54,329294,0,32163,50,1,34,6563,5
47,401,1098,24,1039,44,459,97,22,51,-1,84,9,57,329172,5,32158,11,1,04,6558,1
47,451,1099,37,1039,34,460,45,22,53,-1,82,9,60,329050,7,32152,71,0,70,6552,7
47,501,1100,49,1039,25,460,93,22,55,-1,80,9,62,328928,3,32147,32,0,35,6547,3
47,551,1101,62,1039,16,461,41,22,53,-1,78,9,64,328805,6,32141,93,0,30,6541,9
47,601,1102,75,1039,07,461,90,22,51,-1,76,9,62,328683,6,32136,54,0,63,6536,5
47,651,1103,87,1038,99,462,38,22,48,-1,74,9,60,328562,3,32131,15,0,97,6531,2
47,701,1104,99,1038,90,462,86,22,45,-1,72,9,57,328441,8,32125,77,1,27,6525,8
47,751,1106,12,1038,82,463,33,22,42,-1,70,9,54,328322,0,32120,38,1,52,6520,4
47,801,1107,24,1038,73,463,81,22,40,-1,68,9,51,328202,4,32115,00,1,73,6515,0
47,851,1108,35,1038,65,464,28,22,37,-1,66,9,48,328082,9,32109,62,1,88,6509,6
47,901,1109,47,1038,56,464,76,22,34,-1,65,9,45,327963,5,32104,24,2,00,6504,2
47,951,1110,59,1038,48,465,23,22,32,-1,63,9,42,327843,6,32098,87,2,09,6498,9
48,001,1111,70,1038,40,465,70,22,29,-1,61,9,39,327723,5,32093,49,2,14,6493,5
48,051,1112,82,1038,32,466,17,22,27,-1,59,9,37,327603,0,32088,12,2,17,6488,1
48,101,1113,93,1038,24,466,64,22,25,-1,57,9,35,327482,4,32082,75,2,17,6482,8
48,151,1115,04,1038,16,467,10,22,23,-1,55,9,32,327362,2,32077,38,2,16,6477,4
48,201,1116,15,1038,09,467,57,22,21,-1,53,9,30,327242,3,32072,02,2,13,6472,0
48,251,1117,26,1038,01,468,03,22,18,-1,51,9,28,327123,2,32066,65,2,07,6466,7
48,301,1118,37,1037,94,468,50,22,15,-1,49,9,25,327004,8,32061,29,1,99,6461,3
48,351,1119,48,1037,86,468,96,22,12,-1,47,9,23,326887,3,32055,93,1,87,6455,9
48,401,1120,58,1037,79,469,42,22,09,-1,45,9,20,326770,3,32050,57,1,71,6450,6
48,451,1121,69,1037,72,469,88,22,07,-1,44,9,17,326653,6,32045,22,1,52,6445,2
48,501,1122,79,1037,65,470,34,22,04,-1,42,9,14,326537,2,32039,86,1,29,6439,9
48,551,1123,89,1037,58,470,79,22,01,-1,40,9,11,326420,7,32034,51,1,04,6434,5
48,601,1124,99,1037,51,471,25,21,98,-1,38,9,09,326303,9,32029,16,0,79,6429,2
48,651,1126,09,1037,44,471,70,22,01,-1,36,9,06,326187,0,32023,81,0,64,6423,8
48,701,1127,19,1037,37,472,15,22,03,-1,35,9,03,326070,1,32018,47,0,64,6418,5
48,751,1128,29,1037,30,472,61,22,05,-1,33,9,01,325953,8,32013,12,0,82,6413,1
48,801,1129,40,1037,24,473,06,22,08,-1,31,9,04,325838,1,32007,78,1,07,6407,8
48,851,1130,50,1037,17,473,51,22,10,-1,29,9,07,325723,0,32002,44,1,33,6402,4
48,901,1131,61,1037,11,473,96,22,13,-1,28,9,09,325608,4,31997,10,1,55,6397,1
48,951,1132,72,1037,04,474,42,22,15,-1,26,9,12,325494,1,31991,76,1,74,6391,8
49,001,1133,82,1036,98,474,88,22,18,-1,24,9,15,325379,9,31986,43,1,88,6386,4
49,051,1134,93,1036,92,475,33,22,20,-1,22,9,18,325265,7,31981,09,1,99,6381,1
49,101,1136,04,1036,86,475,79,22,23,-1,21,9,20,325151,2,31975,76,2,07,6375,8
49,151,1137,16,1036,80,476,25,22,25,-1,19,9,23,325036,3,31970,43,2,12,6370,4
49,201,1138,27,1036,74,476,72,22,26,-1,17,9,25,324921,2,31965,11,2,15,6365,1
49,251,1139,38,1036,68,477,18,22,29,-1,16,9,27,324806,2,31959,78,2,16,6359,8
49,301,1140,50,1036,62,477,64,22,31,-1,14,9,29,324691,5,31954,46,2,14,6354,5
49,351,1141,61,1036,57,478,11,22,33,-1,12,9,31,324577,2,31949,13,2,10,6349,1
49,401,1142,73,1036,51,478,57,22,36,-1,10,9,33,324463,6,31943,81,2,04,6343,8
49,451,1143,85,1036,46,479,04,22,38,-1,09,9,35,324350,8,31938,50,1,95,6338,5
49,501,1144,97,1036,40,479,51,22,41,-1,07,9,38,324238,6,31933,18,1,82,6333,2
49,551,1146,09,1036,35,479,98,22,44,-1,06,9,40,324127,1,31927,86,1,66,6327,9
49,601,1147,21,1036,30,480,45,22,47,-1,04,9,43,324015,9,31922,55,1,46,6322,6
49,651,1148,34,1036,25,480,92,22,49,-1,02,9,45,323904,8,31917,24,1,24,6317,2
49,701,1149,46,1036,20,481,40,22,52,-1,01,9,48,323793,7,31911,93,0,99,6311,9
49,751,1150,59,1036,15,481,87,22,53,-0,99,9,50,323682,4,31906,63,0,77,6306,6
49,801,1151,71,1036,10,482,35,22,51,-0,98,9,53,323570,9,31901,32,0,66,6301,3
49,851,1152,84,1036,05,482,82,22,48,-0,96,9,55,323459,7,31896,02,0,70,6296,0
49,901,1153,96,1036,00,483,30,22,46,-0,94,9,58,323348,8,31890,71,0,87,6290,7
49,951,1155,08,1035,95,483,78,22,43,-0,93,9,55,323238,6,31885,41,1,11,6285,4
50,001,1156,21,1035,91,484,26,22,40,-0,91,9,53,323129,1,31880,12,1,34,6280,1
50,051,1157,32,1035,86,484,73,22,37,-0,90,9,50,323020,0,31874,82,1,55,6274,8
50,102,1158,44,1035,82,485,21,22,34,-0,88,9,47,322911,3,31869,52,1,73,6269,5
50,152,1159,56,1035,77,485,68,22,31,-0,87,9,44,322802,6,31864,23,1,87,6264,2
50,202,1160,67,1035,73,486,15,22,28,-0,85,9,42,322693,7,31858,94,1,97,6258,9
50,252,1161,79,1035,69,486,62,22,26,-0,84,9,39,322584,6,31853,65,2,04,6253,7
50,302,1162,90,1035,65,487,09,22,24,-0,82,9,37,322475,2,31848,36,2,08,6248,4
50,352,1164,01,1035,61,487,56,22,21,-0,81,9,35,322365,6,31843,08,2,11,6243,1
50,402,1165,12,1035,57,488,02,22,19,-0,79,9,32,322256,0,31837,79,2,11,6237,8
50,452,1166,23,1035,53,488,49,22,17,-0,78,9,31,322146,7,31832,51,2,09,6232,5
50,502,1167,34,1035,49,488,95,22,14,-0,76,9,29,322037,9,31827,23,2,05,6227,2
50,552,1168,44,1035,45,489,42,22,11,-0,75,9,27,321929,9,31821,95,1,99,6222,0
50,602,1169,55,1035,41,489,88,22,08,-0,73,9,24,321822,7,31816,67,1,89,6216,7
50,652,1170,65,1035,38,490,34,22,05,-0,72,9,22,321716,2,31811,40,1,76,6211,4
50,702,1171,75,1035,34,490,80,22,02,-0,71,9,20,321610,1,31806,13,1,60,6206,1
50,752,1172,85,1035,31,491,26,21,99,-0,69,9,17,321504,5,31800,86,1,39,6200,9
50,802,1173,95,1035,27,491,72,21,96,-0,68,9,15,321399,0,31795,59,1,14,6195,6
50,852,1175,05,1035,24,492,18,21,93,-0,66,9,12,321293,3,31790,32,0,86,6190,3
50,902,1176,15,1035,21,492,63,21,91,-0,65,9,10,321187,3,31785,05,0,58,6185,1
50,952,1177,24,1035,17,493,09,21,92,-0,64,9,08,321081,3,31779,79,0,43,6179,8
51,002,1178,34,1035,14,493,54,21,94,-0,62,9,05,320975,1,31774,52,0,54,6174,5
51,052,1179,44,1035,11,493,99,21,96,-0,61,9,06,320869,6,31769,26,0,81,6169,3
51,102,1180,53,1035,08,494,45,21,99,-0,59,9,08,320765,0,31764,00,1,09,6164,0
51,152,1181,63,1035,05,494,90,22,02,-0,58,9,10,320661,3,31758,74,1,35,6158,7
51,202,1182,74,1035,02,495,36,22,04,-0,57,9,13,320558,1,31753,49,1,56,6153,5
51,252,1183,84,1035,00,495,81,22,07,-0,55,9,15,320455,0,31748,23,1,73,6148,2
51,302,1184,94,1034,97,496,27,22,10,-0,54,9,18,320351,9,31742,98,1,86,6143,0
51,352,1186,05,1034,94,496,73,22,12,-0,53,9,20,320248,7,31737,73,1,96,6137,7
51,402,1187,16,1034,91,497,19,22,15,-0,52,9,22,320145,1,31732,48,2,02,6132,5
51,452,1188,26,1034,89,497,65,22,17,-0,50,9,24,320041,3,31727,23,2,06,6127,2
51,502,1189,37,1034,86,498,12,22,19,-0,49,9,26,319937,1,31721,99,2,08,6122,0
51,552,1190,48,1034,84,498,58,22,21,-0,48,9,28,319832,8,31716,74,2,08,6116,7
51,602,1191,59,1034,82,499,04,22,23,-0,46,9,29,319728,9,31711,50,2,06,6111,5
51,652,1192,71,1034,79,499,51,22,26,-0,45,9,31,319625,8,31706,26,2,02,6106,3
51,702,1193,82,1034,77,499,98,22,28,-0,44,9,33,319523,5,31701,02,1,96,6101,0
51,752,1194,93,1034,75,500,44,22,31,-0,42,9,35,319422,0,31695,78,1,86,6095,8
51,802,1196,05,1034,73,500,91,22,33,-0,41,9,38,319321,2,31690,55,1,73,6090,5
51,852,1197,17,1034,71,501,38,22,36,-0,40,9,40,319220,9,31685,31,1,56,6085,3
51,902,1198,29,1034,69,501,85,22,39,-0,39,9,42,319121,0,31680,08,1,35,6080,1
51,952,1199,41,1034,67,502,32,22,42,-0,37,9,45,319021,3,31674,85,1,09,6074,9
52,002,1200,53,1034,65,502,80,22,44,-0,36,9,47,318921,2,31669,62,0,78,6069,6
52,052,1201,65,1034,63,503,27,22,47,-0,35,9,49,318820,7,31664,39,0,42,6064,4
52,102,1202,77,1034,62,503,74,22,49,-0,34,9,50,318719,5,31659,17,0,05,6059,2
52,152,1203,90,1034,60,504,22,22,47,-0,33,9,48,318618,3,31653,95,0,39,6053,9
52,202,1205,02,1034,58,504,69,22,45,-0,31,9,46,318518,2,31648,72,0,75,6048,7
52,252,1206,14,1034,57,505,17,22,42,-0,30,9,44,318419,2,31643,50,1,05,6043,5
52,302,1207,26,1034,55,505,64,22,39,-0,29,9,42,318320,9,31638,28,1,31,6038,3
52,352,1208,38,1034,54,506,11,22,36,-0,28,9,39,318223,1,31633,06,1,52,6033,1
52,402,1209,50,1034,53,506,58,22,33,-0,27,9,37,318125,4,31627,85,1,69,6027,8
52,452,1210,61,1034,51,507,04,22,30,-0,26,9,35,318027,7,31622,63,1,81,6022,6
52,502,1211,73,1034,50,507,51,22,27,-0,24,9,32,317929,8,31617,42,1,90,6017,4
52,552,1212,84,1034,49,507,98,22,24,-0,23,9,30,317831,6,31612,21,1,96,6012,2
52,602,1213,95,1034,48,508,44,22,22,-0,22,9,29,317733,2,31607,00,2,00,6007,0
52,652,1215,06,1034,47,508,90,22,20,-0,21,9,27,317634,4,31601,79,2,01,6001,8
52,702,1216,17,1034,46,509,37,22,17,-0,20,9,25,317535,6,31596,59,2,01,5996,6
52,752,1217,28,1034,45,509,83,22,15,-0,19,9,23,317437,3,31591,38,1,99,5991,4
52,802,1218,39,1034,44,510,29,22,13,-0,17,9,21,317339,8,31586,18,1,95,5986,2
52,852,1219,49,1034,43,510,75,22,10,-0,16,9,19,317243,1,31580,98,1,88,5981,0
52,902,1220,60,1034,42,511,21,22,08,-0,15,9,17,317147,1,31575,78,1,79,5975,8
52,952,1221,70,1034,41,511,67,22,05,-0,14,9,14,317051,7,31570,57,1,66,5970,6
53,002,1222,80,1034,41,512,12,22,02,-0,13,9,12,316956,9,31565,38,1,49,5965,4
53,052,1223,90,1034,40,512,58,21,99,-0,12,9,09,316862,4,31560,18,1,29,5960,2
53,102,1225,00,1034,40,513,03,21,96,-0,11,9,07,316768,0,31554,99,1,05,5955,0
53,152,1226,10,1034,39,513,49,21,94,-0,10,9,05,316673,4,31549,80,0,79,5949,8
53,202,1227,20,1034,39,513,94,21,91,-0,09,9,05,316578,4,31544,61,0,56,5944,6
53,252,1228,29,1034,38,514,39,21,89,-0,08,9,07,316483,3,31539,42,0,47,5939,4
53,302,1229,39,1034,38,514,84,21,87,-0,07,9,09,316388,3,31534,23,0,58,5934,2
53,352,1230,48,1034,37,515,30,21,89,-0,06,9,11,316293,9,31529,04,0,82,5929,0
53,402,1231,57,1034,37,515,76,21,91,-0,05,9,13,316200,3,31523,86,1,07,5923,9
53,452,1232,67,1034,37,516,21,21,94,-0,04,9,15,316107,3,31518,68,1,29,5918,7
53,502,1233,77,1034,37,516,67,21,96,-0,03,9,18,316014,5,31513,50,1,48,5913,5
53,552,1234,87,1034,37,517,13,21,99,-0,02,9,20,315922,0,31508,32,1,63,5908,3
53,602,1235,97,1034,37,517,59,22,01,-0,01,9,22,315829,4,31503,14,1,74,5903,1
53,652,1237,07,1034,37,518,05,22,04,0,00,9,24,315742,8,31497,96,1,82,5898,0
53,702,1238,17,1034,37,518,51,22,06,0,01,9,25,315690,9,31492,79,1,88,5892,8
53,752,1239,27,1034,37,518,98,22,08,0,02,9,27,315639,0,31487,61,1,91,5887,6
53,802,1240,38,1034,37,519,44,22,10,0,03,9,29,315587,1,31482,43,1,92,5882,4
53,852,1241,49,1034,37,519,91,22,12,0,04,9,30,315535,1,31477,26,1,91,5877,3
53,902,1242,59,1034,37,520,37,22,14,0,05,9,32,315483,2,31472,09,1,89,5872,1
53,952,1243,70,1034,38,520,84,22,16,0,06,9,34,315431,3,31466,92,1,84,5866,9
54,002,1244,81,1034,38,521,31,22,18,0,07,9,37,315379,4,31461,75,1,77,5861,7
54,052,1245,92,1034,38,521,77,22,20,0,08,9,39,315327,4,31456,58,1,67,5856,6
54,102,1247,03,1034,39,522,24,22,22,0,09,9,41,315275,4,31451,41,1,54,5851,4
54,152,1248,14,1034,39,522,72,22,25,0,10,9,44,315223,5,31446,24,1,37,5846,2
54,202,1249,25,1034,40,523,19,22,27,0,11,9,46,315171,5,31441,07,1,18,5841,1
54,252,1250,37,1034,40,523,66,22,30,0,12,9,49,315119,6,31435,91,0,97,5835,9
54,302,1251,48,1034,41,524,14,22,32,0,13,9,50,315067,6,31430,74,0,77,5830,7
54,352,1252,60,1034,42,524,61,22,34,0,14,9,48,315015,6,31425,57,0,65,5825,6
54,402,1253,72,1034,43,525,08,22,36,0,15,9,45,314963,5,31420,41,0,63,5820,4
54,452,1254,83,1034,43,525,56,22,38,0,16,9,43,314911,6,31415,25,0,72,5815,2
54,502,1255,95,1034,44,526,03,22,37,0,17,9,41,314859,6,31410,09,0,91,5810,1
54,552,1257,07,1034,45,526,50,22,34,0,18,9,38,314807,6,31404,93,1,11,5804,9
54,602,1258,19,1034,46,526,97,22,32,0,19,9,36,314755,6,31399,77,1,29,5799,8
54,652,1259,30,1034,47,527,43,22,29,0,20,9,34,314703,5,31394,60,1,45,5794,6
54,702,1260,42,1034,48,527,90,22,26,0,21,9,31,314651,4,31389,44,1,58,5789,4
54,752,1261,53,1034,49,528,36,22,24,0,22,9,29,314599,4,31384,29,1,67,5784,3
54,803,1262,64,1034,50,528,83,22,21,0,23,9,27,314547,4,31379,13,1,74,5779,1
54,853,1263,75,1034,51,529,29,22,19,0,24,9,26,314495,3,31373,97,1,78,5774,0
54,903,1264,86,1034,53,529,75,22,17,0,25,9,24,314443,3,31368,82,1,80,5768,8
54,953,1265,97,1034,54,530,22,22,15,0,26,9,22,314391,2,31363,66,1,81,5763,7
55,003,1267,07,1034,55,530,68,22,13,0,27,9,20,314339,1,31358,51,1,79,5758,5
55,053,1268,18,1034,57,531,14,22,11,0,28,9,18,314287,0,31353,36,1,76,5753,4
55,103,1269,28,1034,58,531,59,22,09,0,29,9,16,314234,9,31348,21,1,71,5748,2
55,153,1270,39,1034,60,532,05,22,07,0,30,9,13,314182,8,31343,05,1,62,5743,1
55,203,1271,49,1034,61,532,51,22,05,0,31,9,11,314130,7,31337,90,1,51,5737,9
55,253,1272,59,1034,63,532,96,22,02,0,32,9,08,314078,6,31332,75,1,37,5732,8
55,303,1273,69,1034,64,533,42,22,00,0,33,9,06,314026,4,31327,61,1,20,5727,6
55,353,1274,79,1034,66,533,87,21,97,0,34,9,03,313974,3,31322,46,1,00,5722,5
55,403,1275,89,1034,68,534,32,21,95,0,35,9,01,313922,2,31317,31,0,78,5717,3
55,453,1276,99,1034,70,534,77,21,93,0,36,9,00,313870,1,31312,17,0,59,5712,2
55,503,1278,08,1034,71,535,22,21,91,0,37,9,02,313817,9,31307,02,0,52,5707,0
55,553,1279,18,1034,73,535,67,21,89,0,38,9,05,313765,8,31301,88,0,58,5701,9
55,603,1280,27,1034,75,536,12,21,88,0,39,9,07,313713,6,31296,73,0,75,5696,7
55,653,1281,37,1034,77,536,58,21,90,0,40,9,09,313661,4,31291,59,0,96,5691,6
55,703,1282,46,1034,79,537,03,21,92,0,41,9,11,313609,2,31286,45,1,15,5686,4
55,753,1283,56,1034,81,537,49,21,94,0,42,9,14,313557,0,31281,31,1,32,5681,3
55,803,1284,66,1034,84,537,95,21,97,0,43,9,16,313504,8,31276,17,1,45,5676,2
55,853,1285,76,1034,86,538,41,21,99,0,44,9,18,313452,6,31271,03,1,56,5671,0
55,903,1286,86,1034,88,538,87,22,01,0,45,9,20,313400,4,31265,89,1,63,5665,9
55,953,1287,96,1034,90,539,33,22,03,0,46,9,22,313348,3,31260,75,1,68,5660,8
56,003,1289,06,1034,93,539,79,22,04,0,47,9,23,313296,0,31255,62,1,70,5655,6
56,053,1290,16,1034,95,540,25,22,06,0,49,9,25,313243,8,31250,48,1,71,5650,5
56,103,1291,26,1034,98,540,71,22,07,0,50,9,27,313191,5,31245,34,1,71,5645,3
56,153,1292,37,1035,00,541,18,22,09,0,51,9,29,313139,3,31240,21,1,69,5640,2
56,203,1293,47,1035,03,541,64,22,10,0,52,9,31,313087,1,31235,08,1,64,5635,1
56,253,1294,58,1035,05,542,11,22,12,0,53,9,33,313034,8,31229,95,1,58,5629,9
56,303,1295,69,1035,08,542,57,22,14,0,54,9,35,312982,5,31224,81,1,49,5624,8
56,353,1296,79,1035,11,543,04,22,16,0,55,9,37,312930,3,31219,68,1,36,5619,7
56,403,1297,90,1035,13,543,51,22,18,0,56,9,40,312878,0,31214,55,1,20,5614,6
56,453,1299,01,1035,16,543,98,22,20,0,57,9,42,312825,6,31209,43,1,00,5609,4
56,503,1300,12,1035,19,544,45,22,22,0,58,9,44,312773,4,31204,30,0,76,5604,3
56,553,1301,23,1035,22,544,92,22,24,0,59,9,46,312721,1,31199,17,0,49,5599,2
56,603,1302,34,1035,25,545,40,22,25,0,60,9,48,312668,8,31194,04,0,21,5594,0
56,653,1303,46,1035,28,545,87,22,27,0,61,9,46,312616,5,31188,92,0,26,5588,9
56,703,1304,57,1035,31,546,34,22,25,0,62,9,44,312564,1,31183,79,0,54,5583,8
56,753,1305,68,1035,34,546,82,22,23,0,63,9,42,312511,8,31178,67,0,81,5578,7
56,803,1306,79,1035,37,547,29,22,21,0,64,9,40,312459,5,31173,55,1,04,5573,5
56,853,1307,90,1035,40,547,76,22,18,0,65,9,37,312407,1,31168,43,1,22,5568,4
56,903,1309,01,1035,44,548,22,22,16,0,66,9,35,312354,8,31163,30,1,37,5563,3
56,953,1310,12,1035,47,548,69,22,14,0,67,9,33,312302,4,31158,18,1,48,5558,2
57,003,1311,23,1035,50,549,16,22,12,0,68,9,30,312250,1,31153,06,1,57,5553,1
57,053,1312,33,1035,54,549,62,22,10,0,69,9,28,312197,7,31147,95,1,62,5547,9
57,103,1313,44,1035,57,550,09,22,08,0,70,9,26,312145,3,31142,83,1,65,5542,8
57,153,1314,54,1035,61,550,55,22,07,0,71,9,24,312093,0,31137,71,1,67,5537,7
57,203,1315,64,1035,64,551,01,22,05,0,72,9,23,312040,6,31132,59,1,67,5532,6
57,253,1316,74,1035,68,551,47,22,03,0,73,9,21,311988,2,31127,48,1,65,5527,5
57,303,1317,85,1035,72,551,93,22,02,0,74,9,19,311935,8,31122,37,1,62,5522,4
57,353,1318,95,1035,75,552,39,22,00,0,75,9,17,311883,3,31117,25,1,57,5517,3
57,403,1320,05,1035,79,552,85,21,98,0,76,9,15,311831,0,31112,14,1,49,5512,1
57,453,1321,14,1035,83,553,30,21,95,0,77,9,12,311778,6,31107,03,1,38,5507,0
57,503,1322,24,1035,87,553,76,21,93,0,78,9,10,311726,1,31101,92,1,24,5501,9
57,553,1323,34,1035,91,554,21,21,91,0,79,9,08,311673,7,31096,80,1,06,5496,8
57,603,1324,43,1035,95,554,67,21,89,0,80,9,05,311621,2,31091,70,0,85,5491,7
57,653,1325,53,1035,99,555,12,21,87,0,81,9,03,311568,8,31086,59,0,62,5486,6
57,703,1326,62,1036,03,555,57,21,86,0,82,9,01,311516,3,31081,48,0,40,5481,5
57,753,1327,71,1036,07,556,02,21,87,0,83,8,99,311463,9,31076,38,0,33,5476,4
57,803,1328,81,1036,11,556,47,21,89,0,84,8,98,311411,4,31071,27,0,49,5471,3
57,853,1329,90,1036,15,556,92,21,91,0,85,9,00,311359,0,31066,16,0,72,5466,2
57,903,1331,00,1036,19,557,37,21,93,0,86,9,03,311306,4,31061,06,0,94,5461,1
57,953,1332,09,1036,24,557,82,21,95,0,87,9,05,311254,0,31055,96,1,13,5456,0
58,003,1333,19,1036,28,558,28,21,97,0,88,9,07,311201,5,31050,86,1,28,5450,9
58,053,1334,29,1036,33,558,73,21,98,0,89,9,09,311149,0,31045,75,1,40,5445,8
58,103,1335,39,1036,37,559,18,22,00,0,90,9,12,311096,5,31040,65,1,49,5440,7
58,153,1336,49,1036,42,559,64,22,02,0,91,9,14,311043,9,31035,55,1,55,5435,6
58,203,1337,59,1036,46,560,10,22,03,0,92,9,16,310991,5,31030,46,1,59,5430,5
58,253,1338,69,1036,51,560,56,22,04,0,93,9,17,310938,9,31025,36,1,61,5425,4
58,303,1339,80,1036,55,561,02,22,06,0,94,9,19,310886,4,31020,26,1,61,5420,3
58,353,1340,90,1036,60,561,48,22,07,0,95,9,21,310833,8,31015,16,1,60,5415,2
58,403,1342,00,1036,65,561,94,22,09,0,96,9,22,310781,3,31010,07,1,57,5410,1
58,453,1343,11,1036,70,562,40,22,11,0,97,9,24,310728,7,31004,97,1,52,5405,0
58,503,1344,21,1036,75,562,86,22,13,0,98,9,25,310676,2,30999,88,1,45,5399,9
58,553,1345,32,1036,80,563,32,22,15,0,99,9,27,310623,6,30994,79,1,35,5394,8
58,603,1346,43,1036,85,563,79,22,17,1,00,9,29,310571,0,30989,70,1,23,5389,7
58,653,1347,54,1036,90,564,25,22,19,1,01,9,31,310518,4,30984,60,1,07,5384,6
58,703,1348,65,1036,95,564,72,22,21,1,02,9,33,310465,9,30979,51,0,90,5379,5
58,753,1349,76,1037,00,565,19,22,23,1,03,9,36,310413,3,30974,42,0,72,5374,4
58,803,1350,87,1037,05,565,65,22,22,1,04,9,38,310360,7,30969,34,0,59,5369,3
58,853,1351,98,1037,10,566,12,22,20,1,05,9,40,310308,1,30964,25,0,54,5364,2
58,903,1353,09,1037,15,566,59,22,18,1,06,9,42,310255,5,30959,16,0,59,5359,2
58,953,1354,20,1037,21,567,06,22,16,1,07,9,42,310202,8,30954,07,0,73,5354,1
59,003,1355,31,1037,26,567,54,22,14,1,08,9,40,310150,2,30948,99,0,91,5349,0
59,053,1356,41,1037,32,568,00,22,11,1,09,9,38,310097,6,30943,91,1,08,5343,9
59,103,1357,52,1037,37,568,47,22,09,1,10,9,35,310044,9,30938,82,1,22,5338,8
59,153,1358,62,1037,43,568,94,22,07,1,11,9,33,309992,3,30933,74,1,34,5333,7
59,203,1359,72,1037,48,569,41,22,05,1,12,9,31,309939,6,30928,66,1,43,5328,7
59,253,1360,83,1037,54,569,87,22,03,1,13,9,29,309887,0,30923,58,1,50,5323,6
59,303,1361,93,1037,59,570,34,22,02,1,14,9,27,309834,3,30918,50,1,54,5318,5
59,353,1363,03,1037,65,570,80,22,00,1,15,9,25,309781,7,30913,42,1,56,5313,4
59,403,1364,13,1037,71,571,26,21,98,1,16,9,23,309729,0,30908,34,1,57,5308,3
59,454,1365,23,1037,77,571,72,21,96,1,17,9,22,309676,3,30903,26,1,56,5303,3
59,504,1366,32,1037,83,572,18,21,94,1,18,9,20,309623,6,30898,19,1,53,5298,2
59,554,1367,42,1037,89,572,64,21,92,1,19,9,19,309570,9,30893,11,1,49,5293,1
59,604,1368,52,1037,95,573,10,21,90,1,20,9,17,309518,3,30888,04,1,42,5288,0
59,654,1369,61,1038,01,573,56,21,88,1,21,9,15,309465,6,30882,96,1,32,5283,0
59,704,1370,70,1038,07,574,02,21,85,1,22,9,13,309412,8,30877,89,1,20,5277,9
59,754,1371,80,1038,13,574,47,21,83,1,23,9,11,309360,1,30872,82,1,06,5272,8
59,804,1372,89,1038,19,574,93,21,80,1,24,9,09,309307,4,30867,74,0,89,5267,7
59,854,1373,98,1038,25,575,38,21,78,1,25,9,07,309254,6,30862,68,0,72,5262,7
59,904,1375,07,1038,31,575,83,21,78,1,26,9,05,309201,9,30857,61,0,59,5257,6
59,954,1376,15,1038,38,576,29,21,80,1,27,9,03,309149,2,30852,54,0,54,5252,5
60,004,1377,25,1038,44,576,74,21,82,1,28,9,01,309096,4,30847,47,0,60,5247,5
60,054,1378,34,1038,51,577,19,21,84,1,29,8,99,309043,7,30842,40,0,73,5242,4
60,104,1379,43,1038,57,577,64,21,86,1,30,9,01,308991,0,30837,34,0,90,5237,3
60,154,1380,52,1038,64,578,09,21,88,1,31,9,03,308938,1,30832,27,1,07,5232,3
60,204,1381,62,1038,70,578,54,21,90,1,32,9,05,308885,3,30827,21,1,21,5227,2
60,254,1382,71,1038,77,578,99,21,92,1,33,9,07,308832,6,30822,15,1,33,5222,1
60,304,1383,81,1038,83,579,45,21,94,1,34,9,09,308779,8,30817,08,1,43,5217,1
60,354,1384,91,1038,90,579,90,21,95,1,35,9,11,308727,0,30812,02,1,49,5212,0
60,404,1386,00,1038,97,580,36,21,97,1,36,9,13,308674,2,30806,96,1,54,5207,0
60,454,1387,10,1039,04,580,82,21,99,1,37,9,15,308621,4,30801,90,1,56,5201,9
60,504,1388,20,1039,11,581,27,22,00,1,38,9,16,308568,6,30796,84,1,57,5196,8
60,554,1389,30,1039,17,581,73,22,02,1,39,9,18,308515,8,30791,78,1,56,5191,8
60,604,1390,40,1039,24,582,19,22,03,1,40,9,19,308463,0,30786,72,1,54,5186,7
60,654,1391,51,1039,31,582,65,22,05,1,41,9,20,308410,2,30781,67,1,50,5181,7
60,704,1392,61,1039,39,583,11,22,07,1,42,9,22,308357,3,30776,61,1,43,5176,6
60,754,1393,71,1039,46,583,57,22,09,1,43,9,24,308304,6,30771,56,1,34,5171,6
60,804,1394,82,1039,53,584,04,22,12,1,44,9,25,308251,7,30766,51,1,22,5166,5
60,854,1395,92,1039,60,584,50,22,14,1,45,9,27,308198,8,30761,45,1,07,5161,5
60,904,1397,03,1039,67,584,96,22,16,1,46,9,29,308146,0,30756,40,0,89,5156,4
60,954,1398,14,1039,75,585,43,22,18,1,47,9,31,308093,0,30751,35,0,68,5151,3
61,004,1399,25,1039,82,585,89,22,20,1,48,9,32,308040,2,30746,30,0,47,5146,3
61,054,1400,36,1039,89,586,36,22,19,1,49,9,34,307987,4,30741,25,0,36,5141,2
61,104,1401,47,1039,97,586,83,22,17,1,50,9,36,307934,5,30736,20,0,44,5136,2
61,154,1402,58,1040,04,587,30,22,15,1,51,9,36,307881,6,30731,15,0,63,5131,2
61,204,1403,68,1040,12,587,76,22,12,1,52,9,34,307828,6,30726,10,0,85,5126,1
61,254,1404,79,1040,20,588,23,22,10,1,53,9,32,307775,8,30721,06,1,04,5121,1
61,304,1405,89,1040,27,588,70,22,08,1,54,9,30,307722,9,30716,01,1,20,5116,0
61,354,1407,00,1040,35,589,16,22,05,1,55,9,28,307669,9,30710,97,1,32,5111,0
61,404,1408,10,1040,43,589,62,22,03,1,56,9,26,307617,1,30705,93,1,42,5105,9
61,454,1409,20,1040,50,590,09,22,01,1,57,9,24,307564,1,30700,88,1,49,5100,9
61,504,1410,30,1040,58,590,55,21,99,1,58,9,23,307511,2,30695,84,1,53,5095,8
61,554,1411,40,1040,66,591,01,21,97,1,59,9,21,307458,3,30690,80,1,56,5090,8
61,604,1412,50,1040,74,591,47,21,95,1,60,9,20,307405,3,30685,76,1,57,5085,8
61,654,1413,59,1040,82,591,93,21,93,1,61,9,18,307352,4,30680,72,1,56,5080,7
61,704,1414,69,1040,90,592,39,21,91,1,62,9,17,307299,4,30675,68,1,54,5075,7
61,754,1415,79,1040,98,592,85,21,89,1,63,9,15,307246,5,30670,64,1,51,5070,6
61,804,1416,88,1041,07,593,30,21,87,1,64,9,14,307193,5,30665,61,1,45,5065,6
61,854,1417,97,1041,15,593,76,21,85,1,65,9,12,307140,6,30660,57,1,36,5060,6
61,904,1419,06,1041,23,594,22,21,83,1,66,9,10,307087,6,30655,54,1,24,5055,5
61,954,1420,16,1041,31,594,67,21,80,1,67,9,08,307034,6,30650,50,1,10,5050,5
62,004,1421,24,1041,40,595,12,21,78,1,67,9,06,306981,7,30645,47,0,91,5045,5
62,054,1422,33,1041,48,595,58,21,75,1,68,9,04,306928,7,30640,44,0,68,5040,4
62,104,1423,42,1041,56,596,03,21,73,1,69,9,03,306875,7,30635,41,0,42,5035,4
62,154,1424,51,1041,65,596,48,21,71,1,70,9,01,306822,7,30630,38,0,11,5030,4
62,204,1425,59,1041,74,596,93,21,71,1,71,9,01,306769,7,30625,35,0,22,5025,3
62,254,1426,68,1041,82,597,38,21,73,1,72,9,03,306716,7,30620,32,0,51,5020,3
62,304,1427,76,1041,91,597,83,21,75,1,73,9,05,306663,7,30615,29,0,75,5015,3
62,354,1428,85,1041,99,598,28,21,77,1,74,9,07,306610,7,30610,26,0,96,5010,3
62,404,1429,94,1042,08,598,74,21,79,1,75,9,08,306557,6,30605,24,1,13,5005,2
62,454,1431,03,1042,17,599,19,21,82,1,76,9,10,306504,6,30600,21,1,26,5000,2
62,504,1432,12,1042,26,599,65,21,84,1,77,9,12,306451,6,30595,19,1,36,4995,2
62,554,1433,22,1042,35,600,11,21,86,1,78,9,13,306398,5,30590,16,1,43,4990,2
62,604,1434,31,1042,44,600,56,21,87,1,79,9,15,306345,4,30585,14,1,47,4985,1
62,654,1435,40,1042,53,601,02,21,89,1,80,9,16,306292,4,30580,12,1,50,4980,1
62,704,1436,50,1042,62,601,48,21,91,1,81,9,17,306239,4,30575,10,1,51,4975,1
62,754,1437,59,1042,71,601,94,21,92,1,82,9,19,306186,3,30570,08,1,51,4970,1
62,804,1438,69,1042,80,602,40,21,94,1,83,9,20,306133,2,30565,06,1,49,4965,1
62,854,1439,79,1042,89,602,86,21,95,1,84,9,22,306080,1,30560,04,1,45,4960,0
62,904,1440,89,1042,98,603,32,21,97,1,85,9,23,306027,0,30555,02,1,40,4955,0
62,954,1441,98,1043,08,603,78,21,99,1,86,9,25,305974,0,30550,01,1,32,4950,0
63,004,1443,08,1043,17,604,24,22,01,1,87,9,27,305920,9,30544,99,1,21,4945,0
63,054,1444,18,1043,26,604,71,22,03,1,88,9,29,305867,8,30539,98,1,07,4940,0
63,104,1445,29,1043,36,605,17,22,05,1,89,9,31,305814,8,30534,96,0,91,4935,0
63,154,1446,39,1043,45,605,64,22,07,1,90,9,32,305761,5,30529,95,0,71,4929,9
63,204,1447,49,1043,55,606,10,22,09,1,91,9,34,305708,4,30524,94,0,51,4924,9
63,254,1448,60,1043,64,606,57,22,11,1,92,9,33,305655,3,30519,93,0,37,4919,9
63,304,1449,70,1043,74,607,04,22,12,1,93,9,31,305602,3,30514,92,0,38,4914,9
63,354,1450,81,1043,84,607,50,22,12,1,94,9,29,305549,1,30509,91,0,53,4909,9
63,404,1451,92,1043,93,607,97,22,10,1,95,9,27,305496,0,30504,90,0,73,4904,9
63,454,1453,02,1044,03,608,43,22,07,1,96,9,25,305442,8,30499,89,0,91,4899,9
63,504,1454,12,1044,13,608,89,22,05,1,97,9,23,305389,7,30494,88,1,07,4894,9
63,554,1455,22,1044,23,609,35,22,03,1,98,9,22,305336,6,30489,88,1,19,4889,9
63,604,1456,33,1044,33,609,81,22,01,1,99,9,20,305283,4,30484,87,1,28,4884,9
63,654,1457,43,1044,43,610,27,21,98,2,00,9,18,305230,3,30479,87,1,35,4879,9
63,704,1458,52,1044,53,610,73,21,96,2,01,9,17,305177,0,30474,86,1,40,4874,9
63,754,1459,62,1044,63,611,19,21,94,2,02,9,16,305123,9,30469,86,1,42,4869,9
63,804,1460,72,1044,73,611,65,21,93,2,03,9,14,305070,8,30464,86,1,43,4864,9
63,854,1461,81,1044,83,612,10,21,91,2,04,9,13,305017,6,30459,86,1,43,4859,9
63,904,1462,91,1044,93,612,56,21,89,2,05,9,11,304964,4,30454,86,1,41,4854,9
63,954,1464,00,1045,03,613,02,21,88,2,06,9,10,304911,3,30449,86,1,38,4849,9
64,004,1465,10,1045,14,613,47,21,86,2,06,9,08,304858,0,30444,86,1,32,4844,9
64,054,1466,19,1045,24,613,92,21,84,2,07,9,06,304804,8,30439,86,1,24,4839,9
64,104,1467,28,1045,34,614,38,21,82,2,08,9,04,304751,7,30434,87,1,14,4834,9
64,154,1468,37,1045,45,614,83,21,80,2,09,9,02,304698,4,30429,87,1,01,4829,9
64,204,1469,46,1045,55,615,28,21,78,2,10,9,00,304645,1,30424,88,0,85,4824,9
64,254,1470,55,1045,66,615,73,21,76,2,11,8,98,304592,0,30419,88,0,69,4819,9
64,304,1471,64,1045,76,616,18,21,74,2,12,8,97,304538,7,30414,89,0,54,4814,9
64,354,1472,72,1045,87,616,62,21,72,2,13,8,99,304485,5,30409,90,0,46,4809,9
64,404,1473,81,1045,98,617,07,21,70,2,14,9,01,304432,3,30404,91,0,47,4804,9
64,454,1474,89,1046,08,617,53,21,69,2,15,9,03,304379,0,30399,92,0,58,4799,9
64,504,1475,98,1046,19,617,98,21,71,2,16,9,05,304325,8,30394,93,0,74,4794,9
64,554,1477,07,1046,30,618,43,21,73,2,17,9,06,304272,5,30389,94,0,89,4789,9
64,604,1478,15,1046,41,618,88,21,74,2,18,9,08,304219,3,30384,95,1,02,4784,9
64,654,1479,24,1046,52,619,34,21,76,2,19,9,10,304166,1,30379,96,1,13,4780,0
64,704,1480,33,1046,63,619,79,21,78,2,20,9,11,304112,8,30374,98,1,22,4775,0
64,754,1481,42,1046,74,620,25,21,80,2,21,9,13,304059,5,30369,99,1,28,4770,0
64,804,1482,51,1046,85,620,71,21,82,2,22,9,14,304006,3,30365,01,1,32,4765,0
64,854,1483,60,1046,96,621,16,21,83,2,23,9,15,303952,9,30360,02,1,34,4760,0
64,904,1484,69,1047,07,621,62,21,84,2,24,9,16,303899,7,30355,04,1,35,4755,0
64,954,1485,78,1047,18,622,08,21,86,2,25,9,18,303846,4,30350,06,1,34,4750,1
65,004,1486,88,1047,30,622,54,21,87,2,26,9,19,303793,2,30345,08,1,32,4745,1
65,054,1487,97,1047,41,623,00,21,88,2,27,9,21,303739,8,30340,10,1,28,4740,1
65,104,1489,07,1047,52,623,46,21,90,2,28,9,23,303686,5,30335,12,1,22,4735,1
65,154,1490,16,1047,64,623,92,21,91,2,29,9,24,303633,2,30330,14,1,15,4730,1
65,204,1491,26,1047,75,624,38,21,93,2,30,9,26,303579,9,30325,16,1,04,4725,2
65,254,1492,35,1047,87,624,85,21,94,2,31,9,28,303526,6,30320,19,0,91,4720,2
65,304,1493,45,1047,98,625,31,21,96,2,31,9,30,303473,3,30315,21,0,75,4715,2
65,354,1494,55,1048,10,625,78,21,98,2,32,9,32,303419,9,30310,24,0,59,4710,2
65,404,1495,65,1048,22,626,24,21,99,2,33,9,32,303366,5,30305,26,0,44,4705,3
65,454,1496,75,1048,33,626,71,22,01,2,34,9,31,303313,2,30300,29,0,39,4700,3
65,504,1497,85,1048,45,627,17,22,02,2,35,9,29,303259,9,30295,32,0,45,4695,3
65,554,1498,95,1048,57,627,64,22,02,2,36,9,27,303206,5,30290,35,0,58,4690,3
65,604,1500,05,1048,69,628,10,22,00,2,37,9,25,303153,2,30285,38,0,75,4685,4
65,654,1501,15,1048,80,628,56,21,98,2,38,9,23,303099,9,30280,41,0,89,4680,4
65,704,1502,25,1048,92,629,02,21,96,2,39,9,21,303046,5,30275,44,1,01,4675,4
65,754,1503,35,1049,04,629,48,21,94,2,40,9,20,302993,1,30270,47,1,11,4670,5
65,803,1504,44,1049,16,629,94,21,92,2,41,9,18,302939,8,30265,50,1,18,4665,5
65,853,1505,54,1049,28,630,40,21,91,2,42,9,16,302886,4,30260,54,1,23,4660,5
65,903,1506,63,1049,41,630,86,21,89,2,43,9,15,302833,0,30255,57,1,26,4655,6
65,953,1507,73,1049,53,631,32,21,87,2,44,9,13,302779,7,30250,61,1,28,4650,6
66,003,1508,82,1049,65,631,77,21,86,2,45,9,12,302726,3,30245,64,1,28,4645,6
66,053,1509,91,1049,77,632,23,21,85,2,46,9,11,302672,9,30240,68,1,27,4640,7
66,103,1511,01,1049,90,632,68,21,83,2,47,9,09,302619,5,30235,72,1,25,4635,7
66,153,1512,10,1050,02,633,14,21,82,2,48,9,07,302566,1,30230,76,1,21,4630,8
66,203,1513,19,1050,14,633,59,21,80,2,49,9,06,302512,7,30225,80,1,15,4625,8
66,253,1514,28,1050,27,634,04,21,79,2,50,9,04,302459,3,30220,84,1,06,4620,8
66,303,1515,37,1050,39,634,49,21,77,2,51,9,02,302405,8,30215,88,0,95,4615,9
66,353,1516,45,1050,52,634,95,21,75,2,51,9,00,302352,4,30210,93,0,81,4610,9
66,403,1517,54,1050,64,635,39,21,73,2,52,8,98,302299,0,30205,97,0,64,4606,0
66,453,1518,63,1050,77,635,84,21,72,2,53,8,96,302245,6,30201,02,0,43,4601,0
66,503,1519,71,1050,90,636,29,21,70,2,54,8,94,302192,1,30196,06,0,22,4596,1
66,553,1520,80,1051,02,636,74,21,68,2,55,8,95,302138,7,30191,11,0,18,4591,1
66,603,1521,88,1051,15,637,19,21,69,2,56,8,97,302085,3,30186,15,0,37,4586,2
66,653,1522,97,1051,28,637,64,21,70,2,57,8,99,302031,8,30181,20,0,58,4581,2
66,703,1524,05,1051,41,638,09,21,72,2,58,9,01,301978,4,30176,25,0,76,4576,3
66,753,1525,14,1051,54,638,54,21,74,2,59,9,02,301924,9,30171,30,0,90,4571,3
66,803,1526,22,1051,67,638,99,21,75,2,60,9,04,301871,5,30166,35,1,01,4566,3
66,853,1527,31,1051,80,639,44,21,77,2,61,9,06,301818,1,30161,40,1,10,4561,4
66,903,1528,40,1051,93,639,89,21,78,2,62,9,07,301764,5,30156,46,1,16,4556,5
66,953,1529,49,1052,06,640,35,21,79,2,63,9,09,301711,1,30151,51,1,20,4551,5
67,003,1530,58,1052,19,640,80,21,80,2,64,9,10,301657,6,30146,56,1,22,4546,6
67,053,1531,67,1052,32,641,26,21,81,2,65,9,12,301604,1,30141,62,1,23,4541,6
67,103,1532,76,1052,46,641,71,21,82,2,66,9,13,301550,7,30136,67,1,23,4536,7
67,153,1533,85,1052,59,642,17,21,83,2,67,9,14,301497,2,30131,73,1,22,4531,7
67,203,1534,95,1052,72,642,63,21,85,2,67,9,15,301443,7,30126,79,1,19,4526,8
67,253,1536,04,1052,86,643,09,21,86,2,68,9,17,301390,2,30121,85,1,15,4521,8
67,303,1537,13,1052,99,643,54,21,87,2,69,9,18,301336,7,30116,91,1,08,4516,9
67,353,1538,22,1053,13,644,00,21,89,2,70,9,20,301283,2,30111,96,0,99,4512,0
67,403,1539,32,1053,26,644,46,21,90,2,71,9,22,301229,7,30107,03,0,87,4507,0
67,453,1540,42,1053,40,644,93,21,92,2,72,9,24,301176,3,30102,09,0,72,4502,1
67,503,1541,51,1053,53,645,39,21,93,2,73,9,25,301122,7,30097,15,0,55,4497,2
67,553,1542,61,1053,67,645,85,21,95,2,74,9,27,301069,2,30092,22,0,35,4492,2
67,602,1543,71,1053,81,646,32,21,95,2,75,9,29,301015,6,30087,28,0,19,4487,3
67,652,1544,80,1053,95,646,78,21,93,2,76,9,30,300962,1,30082,34,0,26,4482,3
67,702,1545,90,1054,08,647,24,21,91,2,77,9,28,300908,6,30077,41,0,45,4477,4
67,752,1546,99,1054,22,647,71,21,90,2,78,9,26,300855,0,30072,48,0,64,4472,5
67,802,1548,09,1054,36,648,17,21,88,2,79,9,24,300801,5,30067,55,0,80,4467,6
67,852,1549,18,1054,50,648,63,21,86,2,80,9,23,300748,0,30062,62,0,92,4462,6
67,902,1550,28,1054,64,649,09,21,85,2,80,9,21,300694,4,30057,69,1,02,4457,7
67,952,1551,37,1054,78,649,55,21,83,2,81,9,19,300640,9,30052,76,1,10,4452,8
68,002,1552,46,1054,92,650,01,21,82,2,82,9,17,300587,3,30047,83,1,15,4447,8
68,052,1553,55,1055,06,650,47,21,80,2,83,9,16,300533,8,30042,90,1,18,4442,9
68,102,1554,64,1055,21,650,93,21,79,2,84,9,14,300480,2,30037,98,1,20,4438,0
68,152,1555,73,1055,35,651,38,21,78,2,85,9,13,300426,6,30033,05,1,20,4433,1
68,202,1556,82,1055,49,651,84,21,76,2,86,9,12,300373,0,30028,13,1,20,4428,1
68,252,1557,90,1055,63,652,30,21,75,2,87,9,10,300319,5,30023,20,1,18,4423,2
68,302,1558,99,1055,78,652,75,21,73,2,88,9,09,300266,0,30018,28,1,14,4418,3
68,352,1560,08,1055,92,653,21,21,72,2,89,9,08,300212,4,30013,36,1,08,4413,4
68,402,1561,16,1056,07,653,66,21,70,2,90,9,06,300158,7,30008,44,1,01,4408,4
68,452,1562,25,1056,21,654,11,21,68,2,91,9,04,300105,2,30003,52,0,91,4403,5
68,502,1563,33,1056,36,654,56,21,66,2,92,9,03,300051,6,29998,59,0,79,4398,6
68,552,1564,41,1056,50,655,01,21,64,2,93,9,01,299998,0,29993,68,0,65,4393,7
68,602,1565,49,1056,65,655,46,21,62,2,93,8,99,299944,3,29988,76,0,50,4388,8
68,652,1566,58,1056,80,655,91,21,63,2,94,8,97,299890,8,29983,84,0,39,4383,8
68,702,1567,66,1056,94,656,36,21,64,2,95,8,96,299837,2,29978,93,0,37,4378,9
68,752,1568,74,1057,09,656,81,21,66,2,96,8,94,299783,6,29974,01,0,44,4374,0
68,802,1569,82,1057,24,657,26,21,67,2,97,8,95,299729,9,29969,10,0,58,4369,1
68,852,1570,91,1057,39,657,70,21,69,2,98,8,97,299676,3,29964,19,0,72,4364,2
68,902,1571,99,1057,54,658,15,21,70,2,99,8,98,299622,7,29959,27,0,86,4359,3
68,952,1573,08,1057,69,658,60,21,72,3,00,9,00,299569,1,29954,36,0,96,4354,4
69,002,1574,16,1057,84,659,05,21,73,3,01,9,02,299515,4,29949,45,1,05,4349,4
69,052,1575,25,1057,99,659,50,21,74,3,02,9,03,299461,8,29944,54,1,11,4344,5
69,102,1576,34,1058,14,659,96,21,76,3,02,9,05,299408,2,29939,63,1,15,4339,6
69,152,1577,43,1058,29,660,41,21,77,3,03,9,06,299354,6,29934,72,1,18,4334,7
69,202,1578,52,1058,44,660,86,21,78,3,04,9,08,299300,9,29929,82,1,19,4329,8
69,252,1579,60,1058,60,661,32,21,79,3,05,9,09,299247,3,29924,91,1,19,4324,9
69,302,1580,69,1058,75,661,77,21,80,3,06,9,10,299193,6,29920,00,1,17,4320,0
69,352,1581,78,1058,90,662,23,21,81,3,07,9,11,299139,9,29915,10,1,14,4315,1
69,402,1582,88,1059,06,662,68,21,83,3,08,9,12,299086,3,29910,20,1,10,4310,2
69,451,1583,97,1059,21,663,14,21,85,3,09,9,13,299032,7,29905,29,1,03,4305,3
69,501,1585,06,1059,36,663,60,21,86,3,10,9,15,298979,0,29900,39,0,95,4300,4
69,551,1586,15,1059,52,664,05,21,88,3,11,9,16,298925,3,29895,49,0,84,4295,5
69,601,1587,25,1059,68,664,51,21,90,3,12,9,18,298871,7,29890,59,0,71,4290,6
69,651,1588,34,1059,83,664,97,21,91,3,12,9,19,298818,0,29885,69,0,57,4285,7
69,701,1589,44,1059,99,665,43,21,92,3,13,9,21,298764,3,29880,79,0,44,4280,8
69,751,1590,53,1060,14,665,89,21,90,3,14,9,22,298710,6,29875,89,0,39,4275,9
69,801,1591,63,1060,30,666,35,21,89,3,15,9,24,298656,9,29871,00,0,42,4271,0
69,851,1592,72,1060,46,666,82,21,87,3,16,9,25,298603,2,29866,10,0,52,4266,1
69,901,1593,82,1060,62,667,28,21,85,3,17,9,24,298549,6,29861,21,0,66,4261,2
69,951,1594,91,1060,78,667,74,21,83,3,18,9,22,298495,9,29856,31,0,80,4256,3
70,001,1596,00,1060,94,668,20,21,81,3,19,9,20,298442,2,29851,42,0,91,4251,4
70,051,1597,09,1061,10,668,66,21,80,3,20,9,18,298388,5,29846,53,1,00,4246,5
70,101,1598,18,1061,26,669,12,21,78,3,20,9,17,298334,8,29841,64,1,07,4241,6
70,151,1599,27,1061,42,669,58,21,76,3,21,9,15,298281,0,29836,74,1,12,4236,7
70,201,1600,36,1061,58,670,03,21,75,3,22,9,14,298227,4,29831,86,1,15,4231,9
70,251,1601,44,1061,74,670,49,21,74,3,23,9,12,298173,7,29826,97,1,17,4227,0
70,301,1602,53,1061,90,670,95,21,72,3,24,9,11,298120,0,29822,08,1,17,4222,1
70,351,1603,61,1062,06,671,40,21,71,3,25,9,10,298066,3,29817,19,1,17,4217,2
70,401,1604,70,1062,22,671,86,21,69,3,26,9,09,298012,5,29812,30,1,14,4212,3
70,451,1605,78,1062,39,672,31,21,68,3,27,9,08,297958,8,29807,42,1,11,4207,4
70,501,1606,87,1062,55,672,76,21,66,3,28,9,06,297905,1,29802,54,1,05,4202,5
70,551,1607,95,1062,72,673,22,21,64,3,29,9,05,297851,3,29797,66,0,98,4197,7
70,601,1609,03,1062,88,673,67,21,62,3,29,9,04,297797,7,29792,77,0,87,4192,8
70,651,1610,11,1063,05,674,12,21,60,3,30,9,02,297743,9,29787,89,0,75,4187,9
70,701,1611,19,1063,21,674,57,21,58,3,31,9,00,297690,1,29783,01,0,60,4183,0
70,751,1612,27,1063,38,675,02,21,56,3,32,8,99,297636,4,29778,13,0,43,4178,1
70,801,1613,35,1063,54,675,47,21,55,3,33,8,97,297582,7,29773,25,0,28,4173,3
70,851,1614,43,1063,71,675,92,21,56,3,34,8,96,297528,9,29768,37,0,27,4168,4
70,901,1615,50,1063,88,676,37,21,58,3,35,8,95,297475,2,29763,50,0,40,4163,5
70,951,1616,58,1064,04,676,81,21,59,3,36,8,96,297421,4,29758,62,0,57,4158,6
71,001,1617,66,1064,21,677,26,21,61,3,36,8,98,297367,6,29753,74,0,73,4153,7
71,051,1618,74,1064,38,677,71,21,63,3,37,8,99,297313,9,29748,87,0,86,4148,9
71,101,1619,83,1064,55,678,16,21,64,3,38,9,01,297260,2,29744,00,0,96,4144,0
71,151,1620,91,1064,72,678,61,21,66,3,39,9,02,297206,4,29739,12,1,04,4139,1
71,201,1621,99,1064,89,679,06,21,67,3,40,9,04,297152,6,29734,25,1,10,4134,3
71,250,1623,08,1065,06,679,51,21,69,3,41,9,05,297098,8,29729,38,1,14,4129,4
71,300,1624,16,1065,23,679,97,21,70,3,42,9,06,297045,1,29724,51,1,16,4124,5
71,350,1625,25,1065,40,680,42,21,71,3,43,9,07,296991,3,29719,64,1,17,4119,6
71,400,1626,33,1065,57,680,87,21,72,3,43,9,08,296937,5,29714,77,1,17,4114,8
71,450,1627,42,1065,74,681,33,21,74,3,44,9,09,296883,7,29709,90,1,15,4109,9
71,500,1628,51,1065,92,681,78,21,75,3,45,9,10,296830,0,29705,04,1,13,4105,0
71,550,1629,59,1066,09,682,24,21,76,3,46,9,11,296776,2,29700,17,1,08,4100,2
71,600,1630,68,1066,26,682,69,21,78,3,47,9,12,296722,4,29695,30,1,02,4095,3
71,650,1631,77,1066,44,683,15,21,79,3,48,9,14,296668,7,29690,44,0,93,4090,4
71,700,1632,86,1066,61,683,61,21,81,3,49,9,15,296614,8,29685,58,0,81,4085,6
71,750,1633,95,1066,78,684,07,21,83,3,49,9,17,296561,0,29680,72,0,67,4080,7
71,800,1635,04,1066,96,684,52,21,84,3,50,9,18,296507,3,29675,86,0,49,4075,9
71,850,1636,14,1067,13,684,98,21,86,3,51,9,19,296453,4,29670,99,0,28,4071,0
71,900,1637,23,1067,31,685,44,21,88,3,52,9,21,296399,6,29666,13,0,05,4066,1
71,950,1638,32,1067,49,685,90,21,87,3,53,9,19,296345,8,29661,28,0,22,4061,3
72,000,1639,42,1067,66,686,36,21,85,3,54,9,18,296292,0,29656,42,0,43,4056,4
72,050,1640,51,1067,84,686,82,21,83,3,55,9,16,296238,2,29651,56,0,61,4051,6
72,100,1641,60,1068,02,687,28,21,81,3,55,9,15,296184,4,29646,71,0,76,4046,7
72,150,1642,69,1068,20,687,74,21,79,3,56,9,13,296130,6,29641,85,0,88,4041,9
72,200,1643,78,1068,37,688,19,21,77,3,57,9,12,296076,7,29637,00,0,97,4037,0
72,250,1644,87,1068,55,688,65,21,76,3,58,9,11,296023,0,29632,14,1,04,4032,1
72,300,1645,95,1068,73,689,10,21,74,3,59,9,09,295969,1,29627,29,1,08,4027,3
72,350,1647,04,1068,91,689,56,21,72,3,60,9,08,295915,3,29622,44,1,11,4022,4
72,400,1648,13,1069,09,690,01,21,71,3,61,9,07,295861,4,29617,59,1,13,4017,6
72,450,1649,21,1069,27,690,46,21,69,3,61,9,06,295807,6,29612,74,1,13,4012,7
72,500,1650,30,1069,45,690,92,21,68,3,62,9,05,295753,8,29607,89,1,12,4007,9
72,550,1651,38,1069,63,691,37,21,67,3,63,9,04,295700,0,29603,04,1,10,4003,0
72,600,1652,46,1069,82,691,82,21,65,3,64,9,02,295646,1,29598,19,1,06,3998,2
72,650,1653,55,1070,00,692,27,21,64,3,65,9,01,295592,3,29593,35,1,01,3993,3
72,700,1654,63,1070,18,692,72,21,62,3,66,8,99,295538,5,29588,50,0,94,3988,5
72,750,1655,71,1070,36,693,17,21,60,3,67,8,98,295484,6,29583,66,0,84,3983,7
72,800,1656,79,1070,55,693,62,21,58,3,67,8,96,295430,8,29578,81,0,72,3978,8
72,850,1657,87,1070,73,694,07,21,57,3,68,8,95,295376,9,29573,97,0,58,3974,0
72,900,1658,94,1070,92,694,51,21,55,3,69,8,93,295323,1,29569,13,0,42,3969,1
72,950,1660,02,1071,10,694,96,21,53,3,70,8,94,295269,3,29564,29,0,31,3964,3
73,000,1661,10,1071,29,695,41,21,51,3,71,8,95,295215,4,29559,45,0,28,3959,4
73,049,1662,17,1071,47,695,86,21,51,3,72,8,97,295161,6,29554,61,0,39,3954,6
73,099,1663,25,1071,66,696,31,21,53,3,72,8,98,295107,7,29549,77,0,53,3949,8
73,149,1664,32,1071,84,696,76,21,54,3,73,9,00,295053,8,29544,93,0,67,3944,9
73,199,1665,40,1072,03,697,21,21,56,3,74,9,01,294999,9,29540,10,0,79,3940,1
73,249,1666,48,1072,22,697,66,21,57,3,75,9,02,294946,1,29535,26,0,88,3935,3
73,299,1667,56,1072,41,698,11,21,59,3,76,9,03,294892,2,29530,42,0,96,3930,4
73,349,1668,64,1072,59,698,56,21,60,3,77,9,04,294838,3,29525,59,1,01,3925,6
73,399,1669,72,1072,78,699,01,21,62,3,77,9,05,294784,5,29520,76,1,04,3920,8
73,449,1670,80,1072,97,699,46,21,63,3,78,9,06,294730,6,29515,93,1,06,3915,9
73,499,1671,88,1073,16,699,92,21,64,3,79,9,07,294676,7,29511,09,1,07,3911,1
73,549,1672,96,1073,35,700,37,21,65,3,80,9,08,294622,9,29506,26,1,06,3906,3
73,599,1674,05,1073,54,700,83,21,66,3,81,9,09,294569,0,29501,43,1,05,3901,4
73,649,1675,13,1073,73,701,28,21,67,3,82,9,11,294515,1,29496,61,1,02,3896,6
73,699,1676,21,1073,92,701,74,21,68,3,83,9,12,294461,3,29491,78,0,97,3891,8
73,749,1677,30,1074,11,702,19,21,69,3,83,9,13,294407,3,29486,95,0,91,3887,0
73,799,1678,38,1074,31,702,65,21,71,3,84,9,15,294353,5,29482,12,0,82,3882,1
73,849,1679,47,1074,50,703,11,21,72,3,85,9,16,294299,6,29477,30,0,72,3877,3
73,899,1680,56,1074,69,703,57,21,73,3,86,9,18,294245,7,29472,47,0,60,3872,5
73,949,1681,64,1074,88,704,03,21,75,3,87,9,19,294191,8,29467,65,0,48,3867,7
73,999,1682,73,1075,08,704,49,21,76,3,87,9,18,294137,9,29462,83,0,40,3862,8
74,049,1683,82,1075,27,704,94,21,78,3,88,9,16,294084,0,29458,01,0,37,3858,0
74,099,1684,91,1075,47,705,40,21,79,3,89,9,15,294030,1,29453,19,0,40,3853,2
74,149,1686,00,1075,66,705,86,21,79,3,90,9,13,293976,3,29448,37,0,50,3848,4
74,199,1687,09,1075,86,706,31,21,77,3,91,9,12,293922,3,29443,55,0,61,3843,5
74,249,1688,18,1076,05,706,77,21,75,3,92,9,11,293868,4,29438,73,0,72,3838,7
74,299,1689,26,1076,25,707,23,21,73,3,92,9,09,293814,6,29433,91,0,82,3833,9
74,349,1690,35,1076,44,707,68,21,72,3,93,9,08,293760,6,29429,10,0,89,3829,1
74,399,1691,43,1076,64,708,13,21,70,3,94,9,07,293706,8,29424,28,0,95,3824,3
74,449,1692,52,1076,84,708,59,21,69,3,95,9,06,293652,9,29419,46,0,98,3819,5
74,499,1693,60,1077,04,709,04,21,67,3,96,9,05,293598,9,29414,65,1,01,3814,7
74,549,1694,69,1077,23,709,49,21,66,3,96,9,04,293545,1,29409,84,1,02,3809,8
74,599,1695,77,1077,43,709,94,21,65,3,97,9,02,293491,1,29405,03,1,01,3805,0
74,649,1696,85,1077,63,710,39,21,63,3,98,9,01,293437,2,29400,21,1,00,3800,2
74,699,1697,93,1077,83,710,84,21,62,3,99,9,00,293383,3,29395,41,0,98,3795,4
74,749,1699,01,1078,03,711,29,21,61,4,00,8,99,293329,4,29390,60,0,93,3790,6
74,799,1700,09,1078,23,711,74,21,60,4,01,8,97,293275,5,29385,79,0,88,3785,8
74,849,1701,17,1078,43,712,19,21,58,4,01,8,96,293221,6,29380,98,0,80,3781,0
74,898,1702,25,1078,63,712,64,21,57,4,02,8,94,293167,7,29376,17,0,71,3776,2
74,948,1703,33,1078,83,713,08,21,55,4,03,8,92,293113,8,29371,37,0,59,3771,4
74,998,1704,41,1079,03,713,53,21,54,4,04,8,91,293059,8,29366,56,0,48,3766,6
75,048,1705,48,1079,24,713,98,21,52,4,05,8,91,293005,9,29361,76,0,38,3761,8
75,098,1706,56,1079,44,714,42,21,51,4,05,8,92,292952,0,29356,96,0,35,3757,0
75,148,1707,63,1079,64,714,87,21,49,4,06,8,94,292898,0,29352,15,0,38,3752,2
75,198,1708,71,1079,84,715,31,21,48,4,07,8,95,292844,2,29347,35,0,46,3747,4
75,248,1709,78,1080,05,715,76,21,50,4,08,8,96,292790,2,29342,55,0,57,3742,6
75,298,1710,86,1080,25,716,21,21,51,4,08,8,98,292736,3,29337,75,0,68,3737,8
75,348,1711,93,1080,46,716,66,21,53,4,09,8,99,292682,3,29332,95,0,77,3733,0
75,398,1713,01,1080,66,717,11,21,54,4,10,9,00,292628,5,29328,16,0,84,3728,2
75,448,1714,09,1080,87,717,56,21,55,4,11,9,01,292574,5,29323,36,0,89,3723,4
75,498,1715,17,1081,07,718,01,21,56,4,12,9,02,292520,6,29318,56,0,93,3718,6
75,548,1716,24,1081,28,718,46,21,57,4,12,9,03,292466,6,29313,77,0,95,3713,8
75,598,1717,32,1081,48,718,91,21,58,4,13,9,04,292412,7,29308,97,0,97,3709,0
75,648,1718,40,1081,69,719,37,21,59,4,14,9,05,292358,8,29304,18,0,97,3704,2
75,698,1719,48,1081,90,719,82,21,60,4,15,9,06,292304,8,29299,39,0,96,3699,4
75,748,1720,56,1082,11,720,27,21,61,4,16,9,07,292250,8,29294,60,0,93,3694,6
75,798,1721,64,1082,31,720,73,21,62,4,16,9,09,292196,9,29289,80,0,90,3689,8
75,848,1722,72,1082,52,721,18,21,63,4,17,9,10,292143,0,29285,02,0,85,3685,0
75,898,1723,81,1082,73,721,64,21,64,4,18,9,11,292089,1,29280,23,0,77,3680,2
75,948,1724,89,1082,94,722,09,21,65,4,19,9,13,292035,1,29275,44,0,68,3675,4
75,998,1725,97,1083,15,722,55,21,66,4,20,9,14,291981,2,29270,65,0,57,3670,7
76,048,1727,05,1083,36,723,01,21,67,4,20,9,16,291927,3,29265,87,0,44,3665,9
76,098,1728,14,1083,57,723,47,21,68,4,21,9,17,291873,3,29261,08,0,30,3661,1
76,148,1729,22,1083,78,723,92,21,70,4,22,9,16,291819,4,29256,29,0,21,3656,3
76,198,1730,31,1083,99,724,38,21,71,4,23,9,15,291765,4,29251,51,0,26,3651,5
76,248,1731,39,1084,20,724,84,21,70,4,24,9,13,291711,4,29246,73,0,39,3646,7
76,298,1732,48,1084,42,725,29,21,69,4,24,9,12,291657,5,29241,95,0,52,3641,9
76,348,1733,56,1084,63,725,75,21,67,4,25,9,10,291603,6,29237,17,0,64,3637,2
76,398,1734,64,1084,84,726,21,21,66,4,26,9,09,291549,6,29232,39,0,73,3632,4
76,448,1735,73,1085,05,726,66,21,64,4,27,9,08,291495,7,29227,61,0,80,3627,6
76,498,1736,81,1085,27,727,11,21,63,4,27,9,06,291441,7,29222,83,0,86,3622,8
76,548,1737,89,1085,48,727,57,21,62,4,28,9,05,291387,8,29218,05,0,89,3618,1
76,598,1738,97,1085,70,728,02,21,60,4,29,9,04,291333,8,29213,27,0,92,3613,3
76,648,1740,05,1085,91,728,47,21,59,4,30,9,03,291279,8,29208,50,0,93,3608,5
76,697,1741,13,1086,13,728,92,21,58,4,31,9,02,291225,9,29203,72,0,93,3603,7
76,747,1742,21,1086,34,729,37,21,57,4,31,9,01,291172,0,29198,95,0,92,3599,0
76,797,1743,29,1086,56,729,82,21,56,4,32,9,00,291118,0,29194,18,0,90,3594,2
76,847,1744,37,1086,77,730,27,21,55,4,33,8,99,291064,0,29189,40,0,87,3589,4
76,897,1745,44,1086,99,730,72,21,54,4,34,8,97,291010,1,29184,63,0,82,3584,6
76,947,1746,52,1087,21,731,17,21,53,4,34,8,96,290956,1,29179,86,0,76,3579,9
76,997,1747,60,1087,42,731,62,21,51,4,35,8,94,290902,1,29175,09,0,67,3575,1
77,047,1748,67,1087,64,732,06,21,50,4,36,8,93,290848,2,29170,32,0,56,3570,3
77,097,1749,75,1087,86,732,51,21,48,4,37,8,91,290794,3,29165,56,0,42,3565,6
77,147,1750,82,1088,08,732,95,21,47,4,37,8,90,290740,3,29160,79,0,25,3560,8
77,197,1751,89,1088,30,733,40,21,46,4,38,8,89,290686,3,29156,03,0,06,3556,0
77,247,1752,97,1088,52,733,84,21,46,4,39,8,89,290632,3,29151,26,0,15,3551,3
77,297,1754,04,1088,74,734,29,21,47,4,40,8,90,290578,4,29146,50,0,33,3546,5
77,347,1755,11,1088,96,734,73,21,49,4,40,8,91,290524,5,29141,73,0,48,3541,7
77,397,1756,19,1089,18,735,18,21,50,4,41,8,93,290470,4,29136,97,0,60,3537,0
77,447,1757,26,1089,40,735,63,21,51,4,42,8,94,290416,5,29132,21,0,70,3532,2
77,497,1758,34,1089,62,736,07,21,52,4,43,8,96,290362,5,29127,45,0,77,3527,4
77,547,1759,41,1089,84,736,52,21,53,4,43,8,97,290308,6,29122,69,0,83,3522,7
77,597,1760,49,1090,06,736,97,21,54,4,44,8,98,290254,6,29117,93,0,86,3517,9
77,647,1761,57,1090,28,737,42,21,55,4,45,8,99,290200,7,29113,17,0,89,3513,2
77,697,1762,65,1090,51,737,87,21,55,4,46,9,00,290146,7,29108,41,0,90,3508,4
77,747,1763,72,1090,73,738,32,21,56,4,46,9,01,290092,7,29103,66,0,90,3503,7
77,797,1764,80,1090,95,738,77,21,57,4,47,9,02,290038,8,29098,90,0,89,3498,9
77,847,1765,88,1091,18,739,22,21,58,4,48,9,03,289984,8,29094,15,0,87,3494,1
77,897,1766,96,1091,40,739,67,21,59,4,49,9,04,289930,8,29089,39,0,84,3489,4
77,947,1768,04,1091,63,740,13,21,60,4,49,9,05,289876,8,29084,64,0,80,3484,6
77,997,1769,12,1091,85,740,58,21,61,4,50,9,06,289822,9,29079,89,0,74,3479,9
78,047,1770,20,1092,08,741,03,21,62,4,51,9,07,289768,9,29075,14,0,66,3475,1
78,097,1771,28,1092,30,741,49,21,63,4,52,9,09,289715,0,29070,39,0,55,3470,4
78,147,1772,36,1092,53,741,94,21,64,4,52,9,10,289661,0,29065,64,0,44,3465,6
78,197,1773,44,1092,75,742,40,21,65,4,53,9,11,289607,0,29060,89,0,32,3460,9
78,247,1774,53,1092,98,742,85,21,64,4,54,9,12,289553,0,29056,14,0,24,3456,1
78,297,1775,61,1093,21,743,31,21,63,4,55,9,14,289499,2,29051,40,0,25,3451,4
78,347,1776,69,1093,44,743,76,21,61,4,55,9,13,289445,2,29046,65,0,35,3446,7
78,397,1777,77,1093,66,744,22,21,60,4,56,9,12,289391,2,29041,91,0,47,3441,9
78,447,1778,85,1093,89,744,68,21,59,4,57,9,11,289337,2,29037,16,0,58,3437,2
78,497,1779,93,1094,12,745,13,21,58,4,58,9,09,289283,2,29032,42,0,67,3432,4
78,546,1781,01,1094,35,745,59,21,56,4,58,9,08,289229,3,29027,68,0,75,3427,7
78,596,1782,09,1094,58,746,04,21,55,4,59,9,06,289175,3,29022,94,0,80,3422,9
78,646,1783,16,1094,81,746,49,21,54,4,60,9,05,289121,4,29018,20,0,84,3418,2
78,696,1784,24,1095,04,746,94,21,53,4,60,9,04,289067,4,29013,46,0,86,3413,5
78,746,1785,32,1095,27,747,40,21,52,4,61,9,03,289013,4,29008,72,0,87,3408,7
78,796,1786,39,1095,50,747,85,21,51,4,62,9,02,288959,5,29003,98,0,87,3404,0
78,846,1787,47,1095,73,748,30,21,50,4,63,9,01,288905,5,28999,24,0,86,3399,2
78,896,1788,54,1095,96,748,75,21,49,4,63,9,00,288851,5,28994,51,0,85,3394,5
78,946,1789,62,1096,19,749,20,21,47,4,64,8,99,288797,5,28989,77,0,81,3389,8
78,996,1790,69,1096,43,749,65,21,46,4,65,8,98,288743,6,28985,04,0,77,3385,0
79,046,1791,76,1096,66,750,10,21,45,4,66,8,97,288689,7,28980,30,0,71,3380,3
79,096,1792,83,1096,89,750,54,21,43,4,66,8,95,288635,7,28975,57,0,63,3375,6
79,146,1793,90,1097,13,750,99,21,42,4,67,8,94,288581,7,28970,84,0,54,3370,8
79,196,1794,97,1097,36,751,44,21,40,4,68,8,93,288527,8,28966,11,0,44,3366,1
79,246,1796,04,1097,59,751,88,21,40,4,68,8,92,288473,8,28961,38,0,37,3361,4
79,296,1797,11,1097,83,752,33,21,41,4,69,8,90,288419,8,28956,65,0,33,3356,7
79,346,1798,19,1098,06,752,77,21,42,4,70,8,89,288365,9,28951,93,0,34,3351,9
79,396,1799,26,1098,30,753,22,21,43,4,70,8,87,288311,9,28947,20,0,40,3347,2
79,446,1800,33,1098,53,753,66,21,44,4,71,8,89,288257,9,28942,47,0,50,3342,5
79,496,1801,40,1098,77,754,11,21,45,4,72,8,90,288203,9,28937,75,0,59,3337,7
79,546,1802,47,1099,00,754,55,21,47,4,73,8,91,288150,0,28933,02,0,68,3333,0
79,596,1803,55,1099,24,755,00,21,48,4,73,8,93,288096,1,28928,30,0,74,3328,3
79,646,1804,62,1099,48,755,44,21,48,4,74,8,94,288042,1,28923,58,0,79,3323,6
79,696,1805,70,1099,71,755,89,21,49,4,75,8,95,287988,2,28918,86,0,83,3318,9
79,746,1806,77,1099,95,756,34,21,50,4,75,8,96,287934,2,28914,13,0,85,3314,1
79,796,1807,85,1100,19,756,79,21,51,4,76,8,97,287880,2,28909,41,0,86,3309,4
79,846,1808,92,1100,43,757,24,21,52,4,77,8,98,287826,3,28904,70,0,87,3304,7
79,896,1810,00,1100,67,757,69,21,53,4,78,8,99,287772,3,28899,98,0,86,3300,0
79,946,1811,07,1100,91,758,13,21,54,4,78,8,99,287718,3,28895,26,0,84,3295,3
79,996,1812,15,1101,15,758,58,21,55,4,79,9,00,287664,4,28890,54,0,80,3290,5
80,046,1813,23,1101,39,759,03,21,56,4,80,9,01,287610,5,28885,83,0,76,3285,8
80,096,1814,31,1101,63,759,49,21,57,4,80,9,02,287556,5,28881,11,0,69,3281,1
80,146,1815,39,1101,87,759,94,21,58,4,81,9,03,287502,6,28876,40,0,61,3276,4
80,196,1816,47,1102,11,760,39,21,60,4,82,9,04,287448,6,28871,69,0,52,3271,7
80,246,1817,55,1102,35,760,84,21,61,4,82,9,05,287394,7,28866,97,0,41,3267,0
80,296,1818,63,1102,59,761,29,21,62,4,83,9,06,287340,7,28862,26,0,32,3262,3
80,345,1819,71,1102,83,761,75,21,60,4,84,9,07,287286,7,28857,55,0,29,3257,6
80,395,1820,79,1103,07,762,20,21,59,4,84,9,09,287232,8,28852,84,0,31,3252,8
80,445,1821,87,1103,31,762,66,21,57,4,85,9,10,287178,9,28848,13,0,39,3248,1
80,495,1822,94,1103,56,763,11,21,56,4,86,9,09,287124,9,28843,43,0,49,3243,4
80,545,1824,02,1103,80,763,56,21,55,4,86,9,07,287071,0,28838,72,0,59,3238,7
80,595,1825,10,1104,04,764,02,21,53,4,87,9,06,287017,0,28834,02,0,67,3234,0
80,645,1826,18,1104,29,764,47,21,52,4,88,9,04,286963,1,28829,31,0,74,3229,3
80,695,1827,25,1104,53,764,92,21,51,4,88,9,03,286909,1,28824,61,0,79,3224,6
80,745,1828,33,1104,78,765,37,21,49,4,89,9,02,286855,2,28819,90,0,82,3219,9
80,795,1829,40,1105,02,765,82,21,48,4,90,9,01,286801,3,28815,20,0,85,3215,2
80,845,1830,47,1105,27,766,27,21,47,4,90,9,00,286747,3,28810,50,0,86,3210,5
80,895,1831,55,1105,51,766,72,21,46,4,91,8,99,286693,3,28805,80,0,86,3205,8
80,945,1832,62,1105,76,767,17,21,45,4,92,8,98,286639,5,28801,10,0,85,3201,1
80,995,1833,69,1106,00,767,62,21,44,4,93,8,97,286585,5,28796,40,0,83,3196,4
81,045,1834,76,1106,25,768,07,21,43,4,93,8,96,286531,6,28791,70,0,80,3191,7
81,095,1835,83,1106,50,768,52,21,41,4,94,8,95,286477,7,28787,01,0,75,3187,0
81,145,1836,91,1106,74,768,97,21,40,4,95,8,94,286423,7,28782,31,0,69,3182,3
81,195,1837,97,1106,99,769,41,21,38,4,95,8,93,286369,8,28777,62,0,61,3177,6
81,245,1839,04,1107,24,769,86,21,37,4,96,8,92,286315,8,28772,92,0,50,3172,9
81,295,1840,11,1107,49,770,31,21,35,4,97,8,91,286261,9,28768,23,0,38,3168,2
81,345,1841,18,1107,73,770,75,21,34,4,97,8,90,286208,0,28763,54,0,25,3163,5
81,395,1842,25,1107,98,771,20,21,34,4,98,8,89,286154,1,28758,84,0,18,3158,8
81,445,1843,31,1108,23,771,64,21,35,4,98,8,87,286100,1,28754,15,0,23,3154,2
81,495,1844,38,1108,48,772,08,21,36,4,99,8,88,286046,3,28749,46,0,35,3149,5
81,545,1845,45,1108,73,772,53,21,37,5,00,8,89,285992,3,28744,77,0,47,3144,8
81,595,1846,52,1108,98,772,97,21,39,5,00,8,90,285938,3,28740,09,0,58,3140,1
81,645,1847,59,1109,23,773,42,21,40,5,01,8,91,285884,4,28735,40,0,66,3135,4
81,695,1848,66,1109,48,773,86,21,41,5,02,8,92,285830,5,28730,71,0,73,3130,7
81,745,1849,73,1109,73,774,31,21,42,5,02,8,93,285776,6,28726,03,0,78,3126,0
81,795,1850,80,1109,99,774,76,21,43,5,03,8,94,285722,7,28721,34,0,81,3121,3
81,845,1851,87,1110,24,775,20,21,44,5,04,8,95,285668,8,28716,66,0,83,3116,7
81,895,1852,94,1110,49,775,65,21,45,5,04,8,96,285614,8,28711,97,0,84,3112,0
81,945,1854,02,1110,74,776,10,21,45,5,05,8,97,285561,0,28707,29,0,84,3107,3
81,995,1855,09,1110,99,776,55,21,46,5,06,8,97,285507,1,28702,61,0,83,3102,6
82,045,1856,16,1111,25,777,00,21,47,5,06,8,98,285453,2,28697,93,0,81,3097,9
82,095,1857,24,1111,50,777,45,21,48,5,07,8,99,285399,3,28693,25,0,78,3093,3
82,144,1858,31,1111,75,777,90,21,49,5,08,9,00,285345,3,28688,57,0,73,3088,6
82,194,1859,38,1112,01,778,35,21,50,5,08,9,01,285291,4,28683,90,0,67,3083,9
82,244,1860,46,1112,26,778,80,21,52,5,09,9,02,285237,5,28679,22,0,59,3079,2
82,294,1861,54,1112,52,779,25,21,53,5,09,9,03,285183,6,28674,54,0,48,3074,5
82,344,1862,61,1112,77,779,70,21,54,5,10,9,04,285129,7,28669,87,0,36,3069,9
82,394,1863,69,1113,03,780,15,21,55,5,11,9,05,285075,8,28665,20,0,20,3065,2
82,444,1864,77,1113,28,780,60,21,56,5,11,9,06,285021,9,28660,52,0,03,3060,5
82,494,1865,85,1113,54,781,06,21,56,5,12,9,05,284968,0,28655,85,0,17,3055,9
82,544,1866,92,1113,79,781,51,21,54,5,13,9,04,284914,2,28651,18,0,33,3051,2
82,594,1868,00,1114,05,781,96,21,53,5,13,9,02,284860,2,28646,51,0,46,3046,5
82,644,1869,08,1114,31,782,41,21,51,5,14,9,01,284806,4,28641,84,0,57,3041,8
82,694,1870,15,1114,56,782,86,21,50,5,14,9,00,284752,5,28637,17,0,65,3037,2
82,744,1871,23,1114,82,783,31,21,48,5,15,8,99,284698,6,28632,50,0,72,3032,5
82,794,1872,30,1115,08,783,76,21,47,5,16,8,98,284644,7,28627,84,0,76,3027,8
82,844,1873,37,1115,34,784,21,21,46,5,16,8,97,284590,9,28623,17,0,79,3023,2
82,894,1874,45,1115,60,784,66,21,45,5,17,8,96,284536,9,28618,50,0,81,3018,5
82,944,1875,52,1115,85,785,11,21,43,5,18,8,96,284483,1,28613,84,0,82,3013,8
82,994,1876,59,1116,11,785,55,21,42,5,18,8,95,284429,2,28609,18,0,82,3009,2
83,044,1877,66,1116,37,786,00,21,41,5,19,8,94,284375,3,28604,51,0,81,3004,5
83,094,1878,73,1116,63,786,45,21,40,5,19,8,93,284321,5,28599,85,0,79,2999,9
83,144,1879,80,1116,89,786,89,21,39,5,20,8,92,284267,6,28595,19,0,76,2995,2
83,194,1880,87,1117,15,787,34,21,38,5,21,8,91,284213,7,28590,53,0,71,2990,5
83,244,1881,94,1117,41,787,79,21,37,5,21,8,90,284159,9,28585,87,0,65,2985,9
83,294,1883,01,1117,67,788,23,21,35,5,22,8,89,284106,0,28581,21,0,57,2981,2
83,344,1884,07,1117,94,788,67,21,34,5,23,8,87,284052,1,28576,56,0,47,2976,6
83,394,1885,14,1118,20,789,12,21,32,5,23,8,86,283998,3,28571,90,0,36,2971,9
83,444,1886,21,1118,46,789,56,21,31,5,24,8,86,283944,4,28567,25,0,25,2967,2
83,494,1887,27,1118,72,790,00,21,30,5,24,8,87,283890,6,28562,59,0,20,2962,6
83,544,1888,34,1118,98,790,45,21,28,5,25,8,88,283836,7,28557,94,0,24,2957,9
83,594,1889,40,1119,25,790,89,21,30,5,25,8,89,283782,9,28553,29,0,34,2953,3
83,644,1890,47,1119,51,791,34,21,31,5,26,8,90,283729,1,28548,63,0,45,2948,6
83,694,1891,53,1119,77,791,78,21,32,5,27,8,91,283675,2,28543,98,0,55,2944,0
83,744,1892,60,1120,03,792,23,21,33,5,27,8,92,283621,3,28539,33,0,62,2939,3
83,794,1893,66,1120,30,792,67,21,34,5,28,8,92,283567,5,28534,68,0,68,2934,7
83,844,1894,73,1120,56,793,12,21,35,5,28,8,93,283513,7,28530,04,0,72,2930,0
83,894,1895,80,1120,83,793,56,21,36,5,29,8,94,283459,8,28525,39,0,75,2925,4
83,944,1896,87,1121,09,794,01,21,37,5,30,8,95,283406,0,28520,74,0,77,2920,7
83,993,1897,94,1121,36,794,46,21,38,5,30,8,95,283352,2,28516,09,0,77,2916,1
84,043,1899,01,1121,62,794,91,21,39,5,31,8,96,283298,4,28511,45,0,77,2911,4
84,093,1900,08,1121,89,795,36,21,39,5,31,8,97,283244,5,28506,81,0,76,2906,8
84,143,1901,14,1122,15,795,80,21,40,5,32,8,98,283190,7,28502,16,0,74,2902,2
84,193,1902,22,1122,42,796,25,21,41,5,33,8,99,283136,9,28497,52,0,71,2897,5
84,243,1903,29,1122,69,796,70,21,42,5,33,9,00,283083,0,28492,88,0,66,2892,9
84,293,1904,36,1122,95,797,15,21,43,5,34,9,01,283029,3,28488,24,0,60,2888,2
84,343,1905,43,1123,22,797,60,21,44,5,34,9,02,282975,5,28483,60,0,53,2883,6
84,393,1906,50,1123,49,798,06,21,45,5,35,9,03,282921,6,28478,96,0,44,2879,0
84,443,1907,57,1123,75,798,51,21,46,5,36,9,04,282867,8,28474,32,0,36,2874,3
84,493,1908,65,1124,02,798,96,21,47,5,36,9,03,282814,0,28469,69,0,29,2869,7
84,543,1909,72,1124,29,799,41,21,48,5,37,9,02,282760,2,28465,05,0,27,2865,1
84,593,1910,79,1124,56,799,86,21,49,5,37,9,01,282706,3,28460,41,0,30,2860,4
84,643,1911,87,1124,83,800,31,21,48,5,38,9,00,282652,6,28455,78,0,37,2855,8
84,693,1912,94,1125,10,800,76,21,47,5,38,8,99,282598,8,28451,15,0,46,2851,1
84,743,1914,02,1125,37,801,21,21,46,5,39,8,97,282545,0,28446,52,0,54,2846,5
84,793,1915,09,1125,64,801,66,21,44,5,40,8,97,282491,2,28441,88,0,60,2841,9
84,843,1916,16,1125,91,802,11,21,43,5,40,8,96,282437,4,28437,25,0,65,2837,3
84,893,1917,23,1126,18,802,55,21,42,5,41,8,95,282383,7,28432,62,0,69,2832,6
84,943,1918,30,1126,45,803,00,21,41,5,41,8,94,282329,8,28427,99,0,71,2828,0
84,993,1919,37,1126,72,803,45,21,40,5,42,8,93,282276,1,28423,37,0,73,2823,4
85,043,1920,44,1126,99,803,89,21,39,5,42,8,92,282222,3,28418,74,0,73,2818,7
85,093,1921,51,1127,26,804,34,21,38,5,43,8,91,282168,6,28414,11,0,73,2814,1
85,143,1922,58,1127,53,804,79,21,37,5,43,8,91,282114,8,28409,49,0,72,2809,5
85,193,1923,65,1127,80,805,23,21,36,5,44,8,90,282061,0,28404,86,0,70,2804,9
85,243,1924,71,1128,08,805,67,21,35,5,45,8,88,282007,3,28400,24,0,66,2800,2
85,293,1925,78,1128,35,806,12,21,34,5,45,8,87,281953,5,28395,62,0,61,2795,6
85,343,1926,85,1128,62,806,56,21,33,5,46,8,86,281899,8,28390,99,0,55,2791,0
85,393,1927,91,1128,89,807,00,21,32,5,46,8,85,281846,0,28386,37,0,48,2786,4
85,443,1928,98,1129,17,807,45,21,30,5,47,8,84,281792,2,28381,75,0,39,2781,8
85,493,1930,04,1129,44,807,89,21,29,5,47,8,82,281738,5,28377,13,0,31,2777,1
85,543,1931,11,1129,71,808,33,21,28,5,48,8,84,281684,8,28372,51,0,26,2772,5
85,593,1932,17,1129,99,808,77,21,27,5,48,8,85,281631,0,28367,90,0,26,2767,9
85,643,1933,24,1130,26,809,21,21,26,5,49,8,86,281577,3,28363,28,0,30,2763,3
85,693,1934,30,1130,54,809,66,21,26,5,50,8,87,281523,5,28358,66,0,37,2758,7
85,743,1935,36,1130,81,810,10,21,27,5,50,8,88,281469,8,28354,05,0,45,2754,1
85,792,1936,43,1131,09,810,55,21,28,5,51,8,89,281416,0,28349,44,0,52,2749,4
85,842,1937,49,1131,36,810,99,21,29,5,51,8,90,281362,3,28344,82,0,58,2744,8
85,892,1938,56,1131,64,811,43,21,30,5,52,8,90,281308,6,28340,21,0,62,2740,2
85,942,1939,62,1131,91,811,88,21,31,5,52,8,91,281254,8,28335,60,0,65,2735,6
85,992,1940,69,1132,19,812,33,21,32,5,53,8,92,281201,2,28330,99,0,67,2731,0
86,042,1941,75,1132,47,812,77,21,33,5,53,8,92,281147,4,28326,38,0,68,2726,4
86,092,1942,82,1132,74,813,22,21,33,5,54,8,93,281093,7,28321,77,0,69,2721,8
86,142,1943,89,1133,02,813,67,21,34,5,54,8,94,281040,1,28317,16,0,68,2717,2
86,192,1944,95,1133,30,814,11,21,34,5,55,8,95,280986,3,28312,56,0,67,2712,6
86,242,1946,02,1133,58,814,56,21,35,5,55,8,95,280932,6,28307,95,0,64,2708,0
86,292,1947,09,1133,85,815,01,21,35,5,56,8,96,280879,0,28303,35,0,61,2703,3
86,342,1948,16,1134,13,815,46,21,36,5,57,8,97,280825,2,28298,74,0,56,2698,7
86,392,1949,22,1134,41,815,91,21,37,5,57,8,98,280771,5,28294,14,0,49,2694,1
86,442,1950,29,1134,69,816,35,21,38,5,58,8,99,280717,9,28289,54,0,41,2689,5
86,492,1951,36,1134,97,816,80,21,39,5,58,9,01,280664,2,28284,93,0,32,2684,9
86,542,1952,43,1135,25,817,26,21,39,5,59,9,02,280610,5,28280,33,0,21,2680,3
86,592,1953,50,1135,53,817,71,21,40,5,59,9,01,280556,8,28275,73,0,15,2675,7
86,642,1954,57,1135,81,818,16,21,41,5,60,9,00,280503,2,28271,13,0,18,2671,1
86,692,1955,64,1136,09,818,61,21,40,5,60,8,99,280449,5,28266,54,0,28,2666,5
86,742,1956,71,1136,37,819,06,21,39,5,61,8,98,280395,9,28261,94,0,37,2661,9
86,792,1957,78,1136,65,819,50,21,38,5,61,8,97,280342,2,28257,34,0,46,2657,3
86,842,1958,85,1136,93,819,95,21,37,5,62,8,96,280288,5,28252,75,0,52,2652,7
86,892,1959,92,1137,21,820,40,21,36,5,62,8,95,280234,8,28248,15,0,57,2648,2
86,942,1960,99,1137,49,820,85,21,35,5,63,8,94,280181,2,28243,56,0,61,2643,6
86,992,1962,05,1137,77,821,29,21,34,5,63,8,93,280127,5,28238,96,0,63,2639,0
87,042,1963,12,1138,05,821,74,21,33,5,64,8,92,280073,9,28234,37,0,65,2634,4
87,092,1964,19,1138,34,822,19,21,32,5,64,8,91,280020,2,28229,78,0,66,2629,8
87,142,1965,25,1138,62,822,63,21,32,5,65,8,91,279966,6,28225,19,0,65,2625,2
87,192,1966,32,1138,90,823,08,21,31,5,65,8,90,279913,0,28220,60,0,65,2620,6
87,242,1967,38,1139,18,823,52,21,30,5,66,8,89,279859,4,28216,01,0,63,2616,0
87,292,1968,45,1139,47,823,97,21,29,5,66,8,88,279805,7,28211,43,0,61,2611,4
87,342,1969,51,1139,75,824,41,21,28,5,67,8,87,279752,1,28206,84,0,57,2606,8
87,392,1970,58,1140,03,824,85,21,27,5,67,8,86,279698,5,28202,25,0,52,2602,3
87,442,1971,64,1140,32,825,30,21,26,5,68,8,85,279644,9,28197,67,0,45,2597,7
87,492,1972,70,1140,60,825,74,21,25,5,68,8,84,279591,3,28193,08,0,36,2593,1
87,542,1973,77,1140,88,826,18,21,24,5,69,8,83,279537,6,28188,50,0,25,2588,5
87,592,1974,83,1141,17,826,62,21,23,5,69,8,82,279484,0,28183,92,0,13,2583,9
87,641,1975,89,1141,45,827,06,21,23,5,70,8,80,279430,5,28179,34,0,04,2579,3
87,691,1976,95,1141,74,827,50,21,23,5,70,8,81,279376,9,28174,76,0,17,2574,8
87,741,1978,01,1142,02,827,94,21,24,5,71,8,82,279323,3,28170,18,0,29,2570,2
87,791,1979,07,1142,31,828,38,21,25,5,71,8,83,279269,7,28165,60,0,39,2565,6
87,841,1980,14,1142,60,828,83,21,26,5,72,8,84,279216,1,28161,02,0,47,2561,0
87,891,1981,20,1142,88,829,27,21,27,5,72,8,85,279162,5,28156,44,0,53,2556,4
87,941,1982,26,1143,17,829,71,21,27,5,73,8,86,279109,0,28151,87,0,57,2551,9
87,991,1983,33,1143,45,830,15,21,28,5,73,8,87,279055,4,28147,29,0,60,2547,3
88,041,1984,39,1143,74,830,60,21,28,5,74,8,88,279001,8,28142,72,0,63,2542,7
88,091,1985,46,1144,03,831,04,21,29,5,74,8,89,278948,3,28138,14,0,64,2538,1
88,141,1986,52,1144,31,831,49,21,29,5,75,8,89,278894,7,28133,57,0,64,2533,6
88,191,1987,59,1144,60,831,93,21,30,5,75,8,90,278841,1,28129,00,0,64,2529,0
88,241,1988,65,1144,89,832,38,21,31,5,76,8,91,278787,6,28124,43,0,63,2524,4
88,291,1989,72,1145,18,832,82,21,31,5,76,8,91,278734,1,28119,86,0,61,2519,9
88,341,1990,78,1145,47,833,27,21,32,5,76,8,92,278680,5,28115,29,0,58,2515,3
88,391,1991,85,1145,75,833,71,21,33,5,77,8,93,278627,0,28110,72,0,54,2510,7
88,441,1992,91,1146,04,834,16,21,33,5,77,8,94,278573,5,28106,15,0,48,2506,2
88,491,1993,98,1146,33,834,61,21,34,5,78,8,95,278519,9,28101,59,0,41,2501,6
88,541,1995,05,1146,62,835,05,21,35,5,78,8,95,278466,4,28097,02,0,33,2497,0
88,591,1996,12,1146,91,835,50,21,36,5,79,8,96,278412,9,28092,46,0,25,2492,5
88,641,1997,19,1147,20,835,95,21,35,5,79,8,97,278359,4,28087,89,0,19,2487,9
88,691,1998,25,1147,49,836,40,21,34,5,80,8,98,278305,9,28083,33,0,19,2483,3
88,741,1999,32,1147,78,836,85,21,33,5,80,8,99,278252,3,28078,77,0,26,2478,8
88,791,2000,39,1148,07,837,30,21,32,5,81,8,97,278198,8,28074,21,0,34,2474,2
88,841,2001,45,1148,36,837,75,21,31,5,81,8,96,278145,4,28069,65,0,42,2469,6
88,891,2002,52,1148,65,838,20,21,30,5,82,8,95,278091,8,28065,09,0,49,2465,1
88,941,2003,58,1148,94,838,64,21,29,5,82,8,94,278038,4,28060,53,0,54,2460,5
88,991,2004,65,1149,23,839,09,21,28,5,82,8,93,277984,9,28055,97,0,58,2456,0
89,041,2005,71,1149,52,839,54,21,27,5,83,8,92,277931,4,28051,41,0,60,2451,4
89,091,2006,77,1149,82,839,98,21,27,5,83,8,91,277877,9,28046,86,0,62,2446,9
89,141,2007,84,1150,11,840,43,21,26,5,84,8,91,277824,5,28042,30,0,63,2442,3
89,191,2008,90,1150,40,840,87,21,25,5,84,8,90,277771,0,28037,75,0,63,2437,7
89,241,2009,96,1150,69,841,32,21,24,5,85,8,89,277717,6,28033,20,0,62,2433,2
89,291,2011,02,1150,98,841,76,21,23,5,85,8,88,277664,1,28028,64,0,60,2428,6
89,341,2012,08,1151,28,842,21,21,22,5,86,8,88,277610,6,28024,09,0,58,2424,1
89,391,2013,15,1151,57,842,65,21,21,5,86,8,87,277557,2,28019,54,0,55,2419,5
89,440,2014,21,1151,86,843,09,21,20,5,86,8,86,277503,8,28014,99,0,50,2415,0
89,490,2015,27,1152,16,843,53,21,19,5,87,8,85,277450,4,28010,44,0,44,2410,4
89,540,2016,32,1152,45,843,98,21,18,5,87,8,84,277396,9,28005,89,0,37,2405,9
89,590,2017,38,1152,74,844,42,21,17,5,88,8,83,277343,4,28001,35,0,30,2401,3
89,640,2018,44,1153,04,844,86,21,17,5,88,8,82,277290,0,27996,80,0,24,2396,8
89,690,2019,50,1153,33,845,30,21,17,5,89,8,81,277236,6,27992,26,0,23,2392,3
89,740,2020,56,1153,63,845,74,21,18,5,89,8,80,277183,2,27987,71,0,25,2387,7
89,790,2021,62,1153,92,846,18,21,19,5,89,8,80,277129,8,27983,17,0,31,2383,2
89,840,2022,68,1154,21,846,62,21,20,5,90,8,81,277076,4,27978,62,0,38,2378,6
89,890,2023,74,1154,51,847,06,21,21,5,90,8,82,277023,0,27974,08,0,45,2374,1
89,940,2024,80,1154,81,847,50,21,21,5,91,8,83,276969,6,27969,54,0,51,2369,5
89,990,2025,86,1155,10,847,95,21,22,5,91,8,84,276916,2,27965,00,0,55,2365,0
90,040,2026,92,1155,40,848,39,21,23,5,92,8,84,276862,8,27960,46,0,58,2360,5
90,090,2027,98,1155,69,848,83,21,23,5,92,8,85,276809,4,27955,92,0,61,2355,9
90,140,2029,04,1155,99,849,27,21,24,5,92,8,86,276756,1,27951,38,0,62,2351,4
90,190,2030,11,1156,28,849,72,21,24,5,93,8,87,276702,8,27946,85,0,62,2346,8
90,240,2031,17,1156,58,850,16,21,25,5,93,8,87,276649,4,27942,31,0,62,2342,3
90,290,2032,23,1156,88,850,60,21,26,5,94,8,88,276596,0,27937,78,0,61,2337,8
90,340,2033,29,1157,17,851,05,21,26,5,94,8,88,276542,6,27933,24,0,59,2333,2
90,390,2034,36,1157,47,851,49,21,27,5,94,8,89,276489,3,27928,71,0,56,2328,7
90,440,2035,42,1157,77,851,94,21,28,5,95,8,90,276436,0,27924,18,0,52,2324,2
90,490,2036,49,1158,07,852,38,21,29,5,95,8,90,276382,7,27919,65,0,47,2319,6
90,540,2037,55,1158,36,852,83,21,30,5,96,8,91,276329,3,27915,12,0,41,2315,1
90,590,2038,62,1158,66,853,27,21,31,5,96,8,92,276276,0,27910,59,0,33,2310,6
90,640,2039,68,1158,96,853,72,21,32,5,96,8,93,276222,7,27906,06,0,25,2306,1
90,690,2040,75,1159,26,854,16,21,31,5,97,8,93,276169,3,27901,53,0,21,2301,5
90,740,2041,81,1159,56,854,61,21,30,5,97,8,94,276116,0,27897,00,0,22,2297,0
90,790,2042,88,1159,86,855,06,21,29,5,98,8,95,276062,8,27892,48,0,27,2292,5
90,840,2043,94,1160,15,855,51,21,28,5,98,8,95,276009,5,27887,95,0,34,2288,0
90,890,2045,01,1160,45,855,95,21,27,5,98,8,94,275956,2,27883,43,0,42,2283,4
90,940,2046,07,1160,75,856,40,21,26,5,99,8,93,275902,8,27878,90,0,48,2278,9
90,990,2047,13,1161,05,856,85,21,25,5,99,8,92,275849,6,27874,38,0,53,2274,4
91,040,2048,19,1161,35,857,29,21,24,6,00,8,91,275796,3,27869,86,0,57,2269,9
91,090,2049,25,1161,65,857,74,21,23,6,00,8,90,275743,0,27865,34,0,60,2265,3
91,140,2050,32,1161,95,858,18,21,22,6,00,8,89,275689,8,27860,82,0,61,2260,8
91,190,2051,38,1162,25,858,63,21,21,6,01,8,88,275636,5,27856,30,0,62,2256,3
91,239,2052,44,1162,55,859,07,21,20,6,01,8,88,275583,2,27851,78,0,62,2251,8
91,289,2053,50,1162,85,859,51,21,19,6,01,8,87,275530,0,27847,26,0,62,2247,3
91,339,2054,56,1163,15,859,96,21,18,6,02,8,86,275476,8,27842,75,0,60,2242,7
91,389,2055,62,1163,46,860,40,21,17,6,02,8,86,275423,5,27838,23,0,58,2238,2
91,439,2056,67,1163,76,860,84,21,16,6,03,8,85,275370,3,27833,71,0,55,2233,7
91,489,2057,73,1164,06,861,29,21,15,6,03,8,84,275317,0,27829,20,0,50,2229,2
91,539,2058,79,1164,36,861,73,21,14,6,03,8,83,275263,8,27824,69,0,44,2224,7
91,589,2059,85,1164,66,862,17,21,13,6,04,8,83,275210,7,27820,18,0,36,2220,2
91,639,2060,90,1164,96,862,61,21,12,6,04,8,82,275157,4,27815,66,0,27,2215,7
91,689,2061,96,1165,27,863,05,21,10,6,04,8,81,275104,2,27811,15,0,17,2211,2
91,739,2063,01,1165,57,863,49,21,10,6,05,8,80,275051,0,27806,64,0,09,2206,6
91,789,2064,07,1165,87,863,93,21,11,6,05,8,79,274997,8,27802,14,0,16,2202,1
91,839,2065,12,1166,17,864,37,21,12,6,06,8,80,274944,7,27797,63,0,26,2197,6
91,889,2066,18,1166,48,864,81,21,13,6,06,8,81,274891,5,27793,12,0,36,2193,1
91,939,2067,24,1166,78,865,25,21,14,6,06,8,81,274838,3,27788,62,0,44,2188,6
91,989,2068,29,1167,08,865,69,21,15,6,07,8,82,274785,2,27784,11,0,50,2184,1
92,039,2069,35,1167,39,866,13,21,15,6,07,8,83,274731,9,27779,61,0,54,2179,6
92,089,2070,41,1167,69,866,57,21,16,6,07,8,84,274678,8,27775,10,0,58,2175,1
92,139,2071,46,1167,99,867,02,21,17,6,08,8,84,274625,7,27770,60,0,60,2170,6
92,189,2072,52,1168,30,867,46,21,17,6,08,8,85,274572,5,27766,10,0,61,2166,1
92,239,2073,58,1168,60,867,90,21,18,6,08,8,85,274519,4,27761,60,0,62,2161,6
92,289,2074,64,1168,90,868,34,21,19,6,09,8,86,274466,3,27757,10,0,61,2157,1
92,339,2075,70,1169,21,868,79,21,19,6,09,8,86,274413,2,27752,60,0,61,2152,6
92,389,2076,76,1169,51,869,23,21,20,6,09,8,87,274360,0,27748,10,0,59,2148,1
92,439,2077,82,1169,82,869,67,21,21,6,10,8,88,274306,9,27743,60,0,56,2143,6
92,489,2078,88,1170,12,870,12,21,21,6,10,8,88,274253,8,27739,11,0,53,2139,1
92,539,2079,94,1170,43,870,56,21,22,6,10,8,89,274200,7,27734,61,0,48,2134,6
92,589,2081,01,1170,73,871,01,21,23,6,11,8,90,274147,6,27730,12,0,41,2130,1
92,639,2082,07,1171,04,871,45,21,24,6,11,8,91,274094,5,27725,62,0,33,2125,6
92,689,2083,13,1171,34,871,90,21,25,6,11,8,92,274041,5,27721,13,0,23,2121,1
92,739,2084,19,1171,65,872,34,21,26,6,12,8,92,273988,3,27716,63,0,11,2116,6
92,789,2085,25,1171,96,872,79,21,27,6,12,8,92,273935,3,27712,14,0,07,2112,1
92,839,2086,32,1172,26,873,24,21,26,6,12,8,91,273882,2,27707,65,0,18,2107,7
92,889,2087,38,1172,57,873,68,21,24,6,13,8,90,273829,2,27703,16,0,29,2103,2
92,939,2088,44,1172,88,874,13,21,23,6,13,8,89,273776,1,27698,68,0,38,2098,7
92,989,2089,50,1173,18,874,57,21,22,6,13,8,88,273723,1,27694,19,0,45,2094,2
93,039,2090,56,1173,49,875,01,21,21,6,14,8,87,273670,0,27689,70,0,50,2089,7
93,088,2091,62,1173,80,875,46,21,20,6,14,8,87,273617,0,27685,21,0,54,2085,2
93,138,2092,68,1174,10,875,90,21,19,6,14,8,86,273564,0,27680,73,0,57,2080,7
93,188,2093,74,1174,41,876,34,21,18,6,15,8,85,273510,9,27676,24,0,58,2076,2
93,238,2094,80,1174,72,876,79,21,17,6,15,8,85,273457,9,27671,76,0,59,2071,8
93,288,2095,86,1175,03,877,23,21,16,6,15,8,84,273404,9,27667,28,0,60,2067,3
93,338,2096,92,1175,33,877,67,21,15,6,16,8,83,273352,0,27662,80,0,59,2062,8
93,388,2097,97,1175,64,878,11,21,15,6,16,8,83,273299,0,27658,32,0,58,2058,3
93,438,2099,03,1175,95,878,55,21,14,6,16,8,82,273246,0,27653,84,0,56,2053,8
93,488,2100,09,1176,26,878,99,21,13,6,17,8,81,273193,0,27649,36,0,53,2049,4
93,538,2101,14,1176,57,879,43,21,12,6,17,8,80,273140,0,27644,88,0,49,2044,9
93,588,2102,20,1176,88,879,87,21,11,6,17,8,79,273087,0,27640,40,0,44,2040,4
93,638,2103,25,1177,18,880,31,21,10,6,18,8,78,273034,1,27635,92,0,37,2035,9
93,688,2104,31,1177,49,880,75,21,09,6,18,8,77,272981,2,27631,45,0,29,2031,4
93,738,2105,36,1177,80,881,19,21,08,6,18,8,77,272928,2,27626,97,0,22,2027,0
93,788,2106,42,1178,11,881,63,21,07,6,18,8,78,272875,2,27622,50,0,17,2022,5
93,838,2107,47,1178,42,882,07,21,06,6,19,8,79,272822,3,27618,03,0,18,2018,0
93,888,2108,52,1178,73,882,51,21,06,6,19,8,79,272769,4,27613,55,0,24,2013,6
93,938,2109,57,1179,04,882,95,21,07,6,19,8,80,272716,5,27609,08,0,32,2009,1
93,988,2110,63,1179,35,883,39,21,07,6,20,8,81,272663,6,27604,61,0,39,2004,6
94,038,2111,68,1179,66,883,83,21,08,6,20,8,81,272610,7,27600,14,0,45,2000,1
94,088,2112,74,1179,97,884,27,21,09,6,20,8,82,272557,7,27595,67,0,49,1995,7
94,138,2113,79,1180,28,884,71,21,10,6,20,8,83,272504,9,27591,21,0,52,1991,2
94,188,2114,85,1180,59,885,15,21,11,6,21,8,83,272452,0,27586,74,0,55,1986,7
94,238,2115,90,1180,90,885,59,21,11,6,21,8,84,272399,2,27582,27,0,56,1982,3
94,288,2116,96,1181,21,886,04,21,12,6,21,8,84,272346,3,27577,81,0,57,1977,8
94,338,2118,01,1181,52,886,48,21,12,6,22,8,85,272293,4,27573,34,0,57,1973,3
94,388,2119,07,1181,83,886,92,21,13,6,22,8,85,272240,5,27568,88,0,56,1968,9
94,438,2120,13,1182,14,887,36,21,13,6,22,8,86,272187,7,27564,42,0,54,1964,4
94,488,2121,18,1182,45,887,81,21,14,6,23,8,87,272134,8,27559,96,0,52,1960,0
94,538,2122,24,1182,77,888,25,21,14,6,23,8,87,272082,0,27555,49,0,48,1955,5
94,588,2123,30,1183,08,888,69,21,15,6,23,8,88,272029,2,27551,04,0,44,1951,0
94,638,2124,36,1183,39,889,14,21,16,6,23,8,89,271976,4,27546,58,0,38,1946,6
94,688,2125,41,1183,70,889,58,21,16,6,24,8,90,271923,6,27542,12,0,32,1942,1
94,738,2126,47,1184,01,890,03,21,17,6,24,8,91,271870,8,27537,66,0,25,1937,7
94,788,2127,53,1184,32,890,47,21,18,6,24,8,90,271817,9,27533,20,0,21,1933,2
94,838,2128,59,1184,64,890,92,21,19,6,24,8,89,271765,1,27528,75,0,20,1928,7
94,887,2129,65,1184,95,891,36,21,19,6,25,8,88,271712,3,27524,29,0,22,1924,3
94,937,2130,71,1185,26,891,81,21,19,6,25,8,87,271659,5,27519,84,0,28,1919,8
94,987,2131,77,1185,57,892,25,21,18,6,25,8,86,271606,8,27515,38,0,34,1915,4
95,037,2132,83,1185,89,892,69,21,17,6,25,8,86,271554,0,27510,93,0,40,1910,9
95,087,2133,89,1186,20,893,14,21,16,6,26,8,85,271501,3,27506,48,0,44,1906,5
95,137,2134,94,1186,51,893,58,21,15,6,26,8,84,271448,5,27502,03,0,48,1902,0
95,187,2136,00,1186,82,894,02,21,14,6,26,8,83,271395,8,27497,58,0,50,1897,6
95,237,2137,06,1187,14,894,46,21,13,6,26,8,83,271343,0,27493,13,0,52,1893,1
95,287,2138,12,1187,45,894,90,21,12,6,27,8,82,271290,3,27488,68,0,53,1888,7
95,337,2139,17,1187,77,895,34,21,11,6,27,8,82,271237,6,27484,24,0,53,1884,2
95,387,2140,23,1188,08,895,78,21,11,6,27,8,81,271184,9,27479,79,0,53,1879,8
95,437,2141,28,1188,39,896,22,21,10,6,27,8,80,271132,2,27475,35,0,51,1875,3
95,487,2142,33,1188,71,896,66,21,09,6,28,8,80,271079,4,27470,90,0,50,1870,9
95,537,2143,39,1189,02,897,10,21,09,6,28,8,79,271026,8,27466,46,0,47,1866,5
95,587,2144,44,1189,33,897,54,21,08,6,28,8,78,270974,1,27462,02,0,43,1862,0
95,637,2145,50,1189,65,897,98,21,07,6,28,8,77,270921,4,27457,57,0,38,1857,6
95,687,2146,55,1189,96,898,42,21,06,6,29,8,76,270868,8,27453,13,0,32,1853,1
95,737,2147,60,1190,28,898,86,21,05,6,29,8,75,270816,1,27448,69,0,26,1848,7
95,787,2148,66,1190,59,899,30,21,04,6,29,8,75,270763,4,27444,25,0,20,1844,3
95,837,2149,71,1190,91,899,73,21,03,6,29,8,76,270710,8,27439,81,0,17,1839,8
95,887,2150,76,1191,22,900,17,21,02,6,30,8,76,270658,2,27435,38,0,19,1835,4
95,937,2151,81,1191,54,900,61,21,02,6,30,8,77,270605,5,27430,94,0,23,1830,9
95,987,2152,86,1191,85,901,05,21,03,6,30,8,78,270552,9,27426,50,0,29,1826,5
96,037,2153,92,1192,17,901,49,21,03,6,30,8,79,270500,3,27422,07,0,35,1822,1
96,087,2154,97,1192,48,901,93,21,04,6,31,8,79,270447,7,27417,63,0,40,1817,6
96,137,2156,02,1192,80,902,37,21,05,6,31,8,80,270395,1,27413,20,0,43,1813,2
96,187,2157,07,1193,11,902,81,21,05,6,31,8,80,270342,6,27408,77,0,46,1808,8
96,237,2158,12,1193,43,903,25,21,06,6,31,8,81,270289,9,27404,34,0,48,1804,3
96,287,2159,18,1193,74,903,69,21,06,6,31,8,81,270237,4,27399,91,0,49,1799,9
96,337,2160,23,1194,06,904,13,21,07,6,32,8,82,270184,8,27395,48,0,49,1795,5
96,387,2161,28,1194,38,904,57,21,07,6,32,8,82,270132,2,27391,05,0,49,1791,0
96,437,2162,34,1194,69,905,01,21,08,6,32,8,83,270079,7,27386,62,0,48,1786,6
96,487,2163,39,1195,01,905,45,21,08,6,32,8,83,270027,1,27382,19,0,47,1782,2
96,537,2164,45,1195,32,905,89,21,08,6,33,8,84,269974,6,27377,77,0,45,1777,8
96,587,2165,50,1195,64,906,34,21,09,6,33,8,85,269922,1,27373,34,0,42,1773,3
96,637,2166,56,1195,96,906,78,21,09,6,33,8,85,269869,5,27368,92,0,37,1768,9
96,687,2167,61,1196,27,907,22,21,10,6,33,8,86,269817,0,27364,49,0,32,1764,5
96,736,2168,67,1196,59,907,66,21,10,6,33,8,87,269764,6,27360,07,0,25,1760,1
96,786,2169,72,1196,90,908,11,21,11,6,34,8,88,269712,1,27355,65,0,17,1755,6
96,836,2170,77,1197,22,908,55,21,12,6,34,8,88,269659,5,27351,23,0,10,1751,2
96,886,2171,83,1197,54,909,00,21,12,6,34,8,87,269607,1,27346,80,0,11,1746,8
96,936,2172,89,1197,86,909,44,21,12,6,34,8,86,269554,5,27342,39,0,18,1742,4
96,986,2173,94,1198,17,909,88,21,11,6,34,8,86,269502,1,27337,97,0,25,1738,0
97,036,2175,00,1198,49,910,32,21,10,6,35,8,85,269449,7,27333,55,0,32,1733,5
97,086,2176,05,1198,81,910,77,21,09,6,35,8,84,269397,2,27329,13,0,37,1729,1
97,136,2177,11,1199,13,911,21,21,09,6,35,8,83,269344,8,27324,72,0,41,1724,7
97,186,2178,16,1199,44,911,65,21,08,6,35,8,82,269292,3,27320,30,0,43,1720,3
97,236,2179,22,1199,76,912,09,21,07,6,35,8,82,269239,9,27315,89,0,45,1715,9
97,286,2180,27,1200,08,912,53,21,06,6,36,8,81,269187,5,27311,47,0,47,1711,5
97,336,2181,32,1200,40,912,97,21,06,6,36,8,81,269135,1,27307,06,0,47,1707,1
97,386,2182,37,1200,71,913,41,21,05,6,36,8,80,269082,7,27302,65,0,47,1702,6
97,436,2183,43,1201,03,913,85,21,05,6,36,8,79,269030,3,27298,24,0,47,1698,2
97,486,2184,48,1201,35,914,29,21,04,6,36,8,79,268977,9,27293,83,0,46,1693,8
97,536,2185,53,1201,67,914,73,21,03,6,37,8,78,268925,6,27289,42,0,44,1689,4
97,586,2186,58,1201,99,915,17,21,03,6,37,8,77,268873,2,27285,01,0,41,1685,0
97,636,2187,64,1202,31,915,61,21,02,6,37,8,77,268820,8,27280,60,0,38,1680,6
97,686,2188,68,1202,63,916,05,21,01,6,37,8,76,268768,5,27276,20,0,33,1676,2
97,736,2189,73,1202,94,916,48,21,00,6,37,8,75,268716,1,27271,79,0,26,1671,8
97,786,2190,78,1203,26,916,92,20,99,6,37,8,74,268663,8,27267,39,0,19,1667,4
97,836,2191,83,1203,58,917,36,20,98,6,38,8,73,268611,5,27262,98,0,09,1663,0
97,886,2192,88,1203,90,917,80,20,98,6,38,8,73,268559,2,27258,58,0,03,1658,6
97,936,2193,93,1204,22,918,23,20,99,6,38,8,73,268506,9,27254,18,0,13,1654,2
97,986,2194,98,1204,54,918,67,20,99,6,38,8,74,268454,6,27249,78,0,21,1649,8
98,036,2196,03,1204,86,919,11,21,00,6,38,8,75,268402,3,27245,38,0,29,1645,4
98,086,2197,08,1205,17,919,54,21,00,6,38,8,75,268350,0,27240,97,0,34,1641,0
98,136,2198,13,1205,49,919,98,21,01,6,39,8,76,268297,8,27236,58,0,39,1636,6
98,186,2199,18,1205,81,920,42,21,01,6,39,8,77,268245,5,27232,18,0,42,1632,2
98,236,2200,23,1206,13,920,86,21,02,6,39,8,77,268193,2,27227,78,0,44,1627,8
98,286,2201,28,1206,45,921,30,21,02,6,39,8,78,268141,0,27223,38,0,45,1623,4
98,336,2202,34,1206,77,921,74,21,03,6,39,8,78,268088,7,27218,99,0,46,1619,0
98,386,2203,39,1207,09,922,18,21,03,6,39,8,79,268036,5,27214,59,0,46,1614,6
98,436,2204,44,1207,41,922,61,21,03,6,40,8,79,267984,3,27210,20,0,46,1610,2
98,486,2205,49,1207,73,923,05,21,04,6,40,8,80,267932,0,27205,81,0,45,1605,8
98,535,2206,54,1208,05,923,49,21,04,6,40,8,80,267879,8,27201,42,0,44,1601,4
98,585,2207,60,1208,37,923,93,21,05,6,40,8,81,267827,7,27197,02,0,41,1597,0
98,635,2208,65,1208,69,924,38,21,05,6,40,8,81,267775,5,27192,63,0,38,1592,6
98,685,2209,70,1209,01,924,82,21,06,6,40,8,82,267723,3,27188,24,0,34,1588,2
98,735,2210,75,1209,33,925,26,21,06,6,40,8,83,267671,2,27183,86,0,28,1583,9
98,785,2211,81,1209,65,925,70,21,07,6,41,8,83,267619,0,27179,47,0,22,1579,5
98,835,2212,86,1209,97,926,14,21,08,6,41,8,84,267566,8,27175,08,0,15,1575,1
98,885,2213,91,1210,29,926,58,21,07,6,41,8,85,267514,8,27170,70,0,12,1570,7
98,935,2214,97,1210,61,927,03,21,06,6,41,8,85,267462,6,27166,31,0,13,1566,3
98,985,2216,02,1210,93,927,47,21,05,6,41,8,85,267410,5,27161,93,0,20,1561,9
99,035,2217,07,1211,25,927,91,21,04,6,41,8,84,267358,3,27157,54,0,26,1557,5
99,085,2218,12,1211,58,928,35,21,04,6,41,8,83,267306,2,27153,16,0,32,1553,2
99,135,2219,18,1211,90,928,79,21,03,6,41,8,82,267254,1,27148,78,0,37,1548,8
99,185,2220,23,1212,22,929,23,21,02,6,42,8,82,267202,0,27144,40,0,40,1544,4
99,235,2221,28,1212,54,929,67,21,01,6,42,8,81,267150,0,27140,02,0,43,1540,0
99,285,2222,33,1212,86,930,11,21,01,6,42,8,80,267097,9,27135,64,0,44,1535,6
99,335,2223,38,1213,18,930,55,21,00,6,42,8,80,267045,8,27131,26,0,45,1531,3
99,385,2224,43,1213,50,930,99,21,00,6,42,8,79,266993,8,27126,88,0,46,1526,9
99,435,2225,48,1213,82,931,43,20,99,6,42,8,78,266941,7,27122,50,0,45,1522,5
99,485,2226,53,1214,14,931,87,20,98,6,42,8,78,266889,7,27118,13,0,45,1518,1
99,535,2227,58,1214,46,932,31,20,98,6,42,8,77,266837,7,27113,75,0,43,1513,8
99,585,2228,63,1214,79,932,75,20,97,6,43,8,77,266785,7,27109,38,0,41,1509,4
99,635,2229,67,1215,11,933,19,20,96,6,43,8,76,266733,7,27105,01,0,38,1505,0
99,685,2230,72,1215,43,933,63,20,95,6,43,8,76,266681,7,27100,63,0,34,1500,6
99,735,2231,77,1215,75,934,06,20,94,6,43,8,75,266629,7,27096,26,0,30,1496,3
99,785,2232,81,1216,07,934,50,20,93,6,43,8,74,266577,7,27091,89,0,24,1491,9
99,835,2233,86,1216,39,934,94,20,92,6,43,8,73,266525,8,27087,52,0,18,1487,5
99,885,2234,91,1216,71,935,37,20,93,6,43,8,73,266473,9,27083,15,0,15,1483,2
99,935,2235,96,1217,03,935,81,20,93,6,43,8,72,266421,9,27078,79,0,15,1478,8
99,985,2237,00,1217,36,936,25,20,94,6,43,8,71,266370,0,27074,42,0,19,1474,4
100,035,2238,05,1217,68,936,68,20,95,6,44,8,72,266318,0,27070,05,0,24,1470,1
100,085,2239,10,1218,00,937,12,20,95,6,44,8,73,266266,1,27065,69,0,30,1465,7
100,135,2240,15,1218,32,937,55,20,96,6,44,8,73,266214,2,27061,32,0,35,1461,3
100,185,2241,19,1218,64,937,99,20,96,6,44,8,74,266162,3,27056,96,0,38,1457,0
100,235,2242,24,1218,97,938,43,20,97,6,44,8,75,266110,3,27052,59,0,41,1452,6
100,285,2243,29,1219,29,938,87,20,97,6,44,8,75,266058,5,27048,23,0,43,1448,2
100,335,2244,34,1219,61,939,30,20,97,6,44,8,76,266006,6,27043,87,0,44,1443,9
100,385,2245,39,1219,93,939,74,20,98,6,44,8,76,265954,7,27039,51,0,44,1439,5
100,434,2246,44,1220,26,940,18,20,98,6,44,8,76,265902,8,27035,15,0,44,1435,2
100,484,2247,49,1220,58,940,62,20,98,6,44,8,77,265851,0,27030,79,0,44,1430,8
100,534,2248,54,1220,90,941,06,20,99,6,44,8,77,265799,2,27026,43,0,43,1426,4
100,584,2249,58,1221,22,941,50,20,99,6,45,8,78,265747,3,27022,08,0,41,1422,1
100,634,2250,63,1221,55,941,93,21,00,6,45,8,78,265695,5,27017,72,0,38,1417,7
100,684,2251,68,1221,87,942,37,21,00,6,45,8,79,265643,8,27013,37,0,35,1413,4
100,734,2252,73,1222,19,942,81,21,01,6,45,8,79,265591,9,27009,01,0,30,1409,0
100,784,2253,78,1222,51,943,25,21,02,6,45,8,80,265540,2,27004,66,0,25,1404,7
100,834,2254,84,1222,83,943,69,21,02,6,45,8,80,265488,4,27000,30,0,19,1400,3
100,884,2255,89,1223,16,944,13,21,03,6,45,8,81,265436,6,26995,95,0,14,1396,0
100,934,2256,94,1223,48,944,57,21,02,6,45,8,82,265384,9,26991,60,0,13,1391,6
100,984,2257,99,1223,80,945,01,21,01,6,45,8,82,265333,1,26987,25,0,17,1387,3
101,034,2259,04,1224,12,945,46,21,00,6,45,8,82,265281,4,26982,90,0,23,1382,9
101,084,2260,09,1224,45,945,90,20,99,6,45,8,81,265229,7,26978,55,0,29,1378,6
101,134,2261,14,1224,77,946,34,20,98,6,45,8,80,265178,0,26974,21,0,34,1374,2
101,184,2262,19,1225,09,946,78,20,98,6,45,8,79,265126,3,26969,86,0,37,1369,9
101,234,2263,24,1225,41,947,22,20,97,6,45,8,79,265074,6,26965,51,0,40,1365,5
101,284,2264,28,1225,73,947,66,20,96,6,46,8,78,265023,0,26961,17,0,42,1361,2
101,334,2265,33,1226,06,948,09,20,95,6,46,8,77,264971,3,26956,82,0,44,1356,8
101,384,2266,38,1226,38,948,53,20,95,6,46,8,77,264919,6,26952,48,0,44,1352,5
101,434,2267,43,1226,70,948,97,20,94,6,46,8,76,264867,9,26948,14,0,45,1348,1
101,484,2268,47,1227,02,949,41,20,94,6,46,8,76,264816,3,26943,79,0,44,1343,8
101,534,2269,52,1227,35,949,85,20,93,6,46,8,75,264764,7,26939,45,0,43,1339,5
101,584,2270,57,1227,67,950,28,20,92,6,46,8,75,264713,1,26935,11,0,42,1335,1
101,634,2271,61,1227,99,950,72,20,91,6,46,8,74,264661,4,26930,77,0,39,1330,8
101,684,2272,66,1228,32,951,16,20,91,6,46,8,74,264609,8,26926,44,0,36,1326,4
101,734,2273,70,1228,64,951,60,20,90,6,46,8,73,264558,2,26922,10,0,32,1322,1
101,784,2274,75,1228,96,952,03,20,89,6,46,8,73,264506,6,26917,76,0,26,1317,8
101,834,2275,79,1229,29,952,47,20,88,6,46,8,72,264455,0,26913,43,0,19,1313,4
101,884,2276,84,1229,61,952,90,20,87,6,46,8,71,264403,4,26909,09,0,12,1309,1
101,934,2277,88,1229,93,953,34,20,87,6,46,8,71,264351,9,26904,76,0,07,1304,8
101,984,2278,92,1230,26,953,77,20,87,6,46,8,70,264300,3,26900,42,0,12,1300,4
102,034,2279,97,1230,58,954,21,20,88,6,46,8,71,264248,8,26896,09,0,19,1296,1
102,084,2281,01,1230,91,954,65,20,89,6,46,8,71,264197,2,26891,76,0,26,1291,8
102,134,2282,05,1231,23,955,08,20,89,6,46,8,72,264145,7,26887,43,0,32,1287,4
102,184,2283,10,1231,55,955,52,20,90,6,46,8,72,264094,2,26883,10,0,36,1283,1
102,234,2284,14,1231,88,955,95,20,90,6,46,8,73,264042,7,26878,77,0,39,1278,8
102,283,2285,19,1232,20,956,39,20,91,6,46,8,73,263991,2,26874,44,0,41,1274,4
102,333,2286,23,1232,52,956,83,20,91,6,46,8,74,263939,7,26870,11,0,43,1270,1
102,383,2287,28,1232,85,957,26,20,92,6,46,8,74,263888,2,26865,79,0,43,1265,8
102,433,2288,32,1233,17,957,70,20,92,6,46,8,75,263836,8,26861,46,0,44,1261,5
102,483,2289,37,1233,49,958,14,20,92,6,46,8,75,263785,3,26857,13,0,44,1257,1
102,533,2290,42,1233,82,958,58,20,93,6,46,8,75,263733,9,26852,81,0,43,1252,8
102,583,2291,46,1234,14,959,01,20,93,6,46,8,76,263682,5,26848,49,0,42,1248,5
102,633,2292,51,1234,46,959,45,20,94,6,46,8,76,263631,1,26844,17,0,39,1244,2
102,683,2293,56,1234,79,959,89,20,94,6,47,8,77,263579,6,26839,84,0,37,1239,8
102,733,2294,61,1235,11,960,33,20,95,6,47,8,77,263528,2,26835,52,0,33,1235,5
102,783,2295,65,1235,43,960,77,20,95,6,47,8,78,263476,8,26831,20,0,28,1231,2
102,833,2296,70,1235,76,961,21,20,96,6,47,8,78,263425,5,26826,88,0,21,1226,9
102,883,2297,75,1236,08,961,65,20,97,6,47,8,79,263374,1,26822,57,0,14,1222,6
102,933,2298,80,1236,40,962,09,20,97,6,47,8,79,263322,8,26818,25,0,06,1218,2
102,983,2299,85,1236,73,962,52,20,97,6,47,8,79,263271,4,26813,93,0,08,1213,9
103,033,2300,89,1237,05,962,96,20,96,6,47,8,78,263220,1,26809,62,0,16,1209,6
103,083,2301,94,1237,38,963,40,20,96,6,47,8,77,263168,8,26805,30,0,23,1205,3
103,133,2302,99,1237,70,963,84,20,95,6,47,8,77,263117,5,26800,99,0,29,1201,0
103,183,2304,04,1238,02,964,28,20,94,6,47,8,76,263066,2,26796,68,0,33,1196,7
103,233,2305,08,1238,35,964,72,20,93,6,47,8,76,263014,8,26792,36,0,36,1192,4
103,283,2306,13,1238,67,965,15,20,92,6,47,8,75,262963,6,26788,05,0,39,1188,1
103,333,2307,18,1238,99,965,59,20,92,6,46,8,74,262912,3,26783,74,0,40,1183,7
103,383,2308,22,1239,32,966,03,20,91,6,46,8,74,262861,1,26779,43,0,41,1179,4
103,433,2309,27,1239,64,966,47,20,90,6,46,8,74,262809,8,26775,12,0,42,1175,1
103,483,2310,31,1239,96,966,90,20,90,6,46,8,73,262758,6,26770,81,0,42,1170,8
103,533,2311,35,1240,29,967,34,20,89,6,46,8,73,262707,3,26766,51,0,41,1166,5
103,583,2312,40,1240,61,967,78,20,88,6,46,8,72,262656,2,26762,20,0,40,1162,2
103,633,2313,44,1240,93,968,21,20,88,6,46,8,72,262605,0,26757,89,0,38,1157,9
103,683,2314,49,1241,26,968,65,20,87,6,46,8,71,262553,7,26753,59,0,36,1153,6
103,733,2315,53,1241,58,969,08,20,86,6,46,8,70,262502,5,26749,29,0,32,1149,3
103,783,2316,57,1241,90,969,52,20,86,6,46,8,70,262451,4,26744,98,0,28,1145,0
103,833,2317,62,1242,23,969,95,20,85,6,46,8,69,262400,2,26740,68,0,23,1140,7
103,883,2318,66,1242,55,970,39,20,84,6,46,8,68,262349,1,26736,38,0,17,1136,4
103,933,2319,70,1242,87,970,82,20,83,6,46,8,68,262298,0,26732,08,0,12,1132,1
103,983,2320,74,1243,20,971,25,20,82,6,46,8,69,262246,8,26727,78,0,11,1127,8
104,033,2321,78,1243,52,971,69,20,82,6,46,8,69,262195,7,26723,48,0,15,1123,5
104,082,2322,82,1243,84,972,12,20,83,6,46,8,70,262144,6,26719,18,0,21,1119,2
104,132,2323,87,1244,17,972,56,20,83,6,46,8,70,262093,5,26714,88,0,26,1114,9
104,182,2324,91,1244,49,972,99,20,84,6,46,8,71,262042,4,26710,59,0,30,1110,6
104,232,2325,95,1244,82,973,43,20,84,6,46,8,71,261991,4,26706,29,0,34,1106,3
104,282,2326,99,1245,14,973,87,20,85,6,46,8,72,261940,3,26702,00,0,36,1102,0
104,332,2328,04,1245,46,974,30,20,85,6,46,8,72,261889,2,26697,71,0,38,1097,7
104,382,2329,08,1245,79,974,74,20,86,6,46,8,73,261838,2,26693,41,0,39,1093,4
104,432,2330,12,1246,11,975,17,20,86,6,46,8,73,261787,1,26689,12,0,40,1089,1
104,482,2331,16,1246,43,975,61,20,86,6,46,8,73,261736,1,26684,83,0,40,1084,8
104,532,2332,21,1246,76,976,05,20,87,6,46,8,74,261685,1,26680,54,0,39,1080,5
104,582,2333,25,1247,08,976,48,20,87,6,46,8,74,261634,1,26676,25,0,38,1076,2
104,632,2334,29,1247,40,976,92,20,87,6,46,8,74,261583,1,26671,96,0,37,1072,0
104,682,2335,33,1247,72,977,36,20,88,6,46,8,75,261532,2,26667,67,0,34,1067,7
104,732,2336,38,1248,05,977,80,20,88,6,46,8,76,261481,3,26663,38,0,31,1063,4
104,782,2337,42,1248,37,978,23,20,89,6,46,8,76,261430,3,26659,10,0,27,1059,1
104,832,2338,47,1248,69,978,67,20,89,6,45,8,77,261379,4,26654,81,0,22,1054,8
104,882,2339,51,1249,01,979,11,20,89,6,45,8,77,261328,6,26650,53,0,17,1050,5
104,932,2340,56,1249,34,979,55,20,90,6,45,8,77,261277,6,26646,24,0,13,1046,2
104,982,2341,60,1249,66,979,99,20,90,6,45,8,77,261226,7,26641,96,0,11,1042,0
105,032,2342,65,1249,98,980,43,20,91,6,45,8,76,261175,8,26637,68,0,14,1037,7
105,082,2343,69,1250,30,980,86,20,90,6,45,8,75,261125,0,26633,40,0,19,1033,4
105,132,2344,74,1250,62,981,30,20,89,6,45,8,75,261074,1,26629,12,0,24,1029,1
105,182,2345,78,1250,95,981,74,20,89,6,45,8,74,261023,3,26624,84,0,28,1024,8
105,232,2346,83,1251,27,982,18,20,88,6,45,8,73,260972,5,26620,56,0,31,1020,6
105,282,2347,87,1251,59,982,61,20,87,6,45,8,73,260921,7,26616,28,0,34,1016,3
105,332,2348,92,1251,91,983,05,20,87,6,45,8,72,260870,8,26612,00,0,35,1012,0
105,382,2349,96,1252,24,983,48,20,86,6,45,8,72,260820,0,26607,73,0,37,1007,7
105,432,2351,00,1252,56,983,92,20,85,6,45,8,72,260769,3,26603,45,0,37,1003,5
105,482,2352,04,1252,88,984,36,20,85,6,45,8,71,260718,5,26599,18,0,37,999,2
105,532,2353,09,1253,20,984,79,20,84,6,44,8,71,260667,7,26594,90,0,37,994,9
105,582,2354,13,1253,52,985,23,20,84,6,44,8,70,260617,0,26590,63,0,36,990,6
105,632,2355,17,1253,85,985,66,20,83,6,44,8,70,260566,2,26586,36,0,35,986,4
105,682,2356,21,1254,17,986,10,20,83,6,44,8,69,260515,5,26582,09,0,33,982,1
105,732,2357,25,1254,49,986,53,20,82,6,44,8,68,260464,8,26577,82,0,30,977,8
105,782,2358,29,1254,81,986,97,20,81,6,44,8,68,260414,0,26573,55,0,27,973,5
105,832,2359,33,1255,14,987,40,20,81,6,44,8,67,260363,3,26569,28,0,22,969,3
105,881,2360,37,1255,46,987,83,20,80,6,44,8,66,260312,7,26565,01,0,17,965,0
105,931,2361,41,1255,78,988,27,20,79,6,44,8,66,260262,0,26560,74,0,11,960,7
105,981,2362,45,1256,10,988,70,20,79,6,44,8,66,260211,3,26556,48,0,09,956,5
106,031,2363,49,1256,43,989,13,20,78,6,44,8,67,260160,6,26552,21,0,11,952,2
106,081,2364,53,1256,75,989,56,20,78,6,43,8,67,260110,0,26547,95,0,16,947,9
106,131,2365,57,1257,07,990,00,20,79,6,43,8,68,260059,3,26543,68,0,21,943,7
106,181,2366,61,1257,39,990,43,20,79,6,43,8,68,260008,7,26539,42,0,26,939,4
106,231,2367,65,1257,71,990,87,20,80,6,43,8,69,259958,1,26535,16,0,29,935,2
106,281,2368,69,1258,03,991,30,20,80,6,43,8,69,259907,6,26530,90,0,31,930,9
106,331,2369,73,1258,35,991,74,20,80,6,43,8,70,259857,0,26526,64,0,33,926,6
106,381,2370,77,1258,68,992,17,20,81,6,43,8,70,259806,4,26522,38,0,34,922,4
106,431,2371,81,1259,00,992,61,20,81,6,43,8,70,259755,9,26518,12,0,35,918,1
106,481,2372,85,1259,32,993,04,20,81,6,43,8,71,259705,4,26513,86,0,35,913,9
106,531,2373,89,1259,64,993,48,20,82,6,43,8,71,259654,9,26509,60,0,35,909,6
106,581,2374,93,1259,96,993,91,20,82,6,42,8,71,259604,4,26505,35,0,34,905,3
106,631,2375,97,1260,28,994,35,20,82,6,42,8,72,259553,8,26501,09,0,33,901,1
106,681,2377,01,1260,60,994,78,20,82,6,42,8,72,259503,3,26496,84,0,31,896,8
106,731,2378,06,1260,92,995,22,20,83,6,42,8,73,259452,9,26492,58,0,29,892,6
106,781,2379,10,1261,24,995,66,20,83,6,42,8,73,259402,4,26488,33,0,26,888,3
106,831,2380,14,1261,57,996,09,20,83,6,42,8,74,259352,0,26484,08,0,21,884,1
106,881,2381,18,1261,89,996,53,20,84,6,42,8,74,259301,5,26479,82,0,16,879,8
106,931,2382,23,1262,21,996,97,20,84,6,42,8,75,259251,0,26475,57,0,09,875,6
106,981,2383,27,1262,53,997,41,20,85,6,41,8,75,259200,6,26471,32,0,03,871,3
107,031,2384,31,1262,85,997,84,20,85,6,41,8,74,259150,2,26467,08,0,08,867,1
107,081,2385,35,1263,17,998,28,20,84,6,41,8,74,259099,8,26462,83,0,14,862,8
107,131,2386,40,1263,49,998,72,20,83,6,41,8,73,259049,4,26458,58,0,20,858,6
107,181,2387,44,1263,81,999,15,20,83,6,41,8,73,258999,0,26454,33,0,24,854,3
107,231,2388,48,1264,13,999,59,20,82,6,41,8,72,258948,7,26450,09,0,27,850,1
107,281,2389,52,1264,45,1000,03,20,81,6,41,8,71,258898,3,26445,84,0,30,845,8
107,331,2390,56,1264,77,1000,46,20,81,6,40,8,71,258848,0,26441,60,0,31,841,6
107,381,2391,60,1265,09,1000,90,20,80,6,40,8,70,258797,7,26437,36,0,33,837,4
107,431,2392,64,1265,41,1001,33,20,80,6,40,8,70,258747,4,26433,11,0,33,833,1
107,481,2393,68,1265,73,1001,77,20,79,6,40,8,70,258697,1,26428,87,0,33,828,9
107,531,2394,72,1266,05,1002,20,20,79,6,40,8,69,258646,8,26424,63,0,33,824,6
107,581,2395,76,1266,37,1002,64,20,78,6,40,8,69,258596,6,26420,39,0,33,820,4
107,631,2396,80,1266,69,1003,07,20,78,6,40,8,68,258546,3,26416,15,0,32,816,2
107,681,2397,84,1267,01,1003,50,20,77,6,39,8,68,258496,0,26411,91,0,30,811,9
107,730,2398,87,1267,33,1003,94,20,77,6,39,8,67,258445,8,26407,68,0,28,807,7
107,780,2399,91,1267,65,1004,37,20,76,6,39,8,67,258395,6,26403,44,0,25,803,4
107,830,2400,95,1267,97,1004,80,20,75,6,39,8,66,258345,4,26399,21,0,21,799,2
107,880,2401,99,1268,29,1005,24,20,75,6,39,8,66,258295,2,26394,97,0,16,795,0
107,930,2403,02,1268,61,1005,67,20,74,6,39,8,65,258245,0,26390,74,0,10,790,7
107,980,2404,06,1268,93,1006,10,20,74,6,39,8,64,258194,8,26386,50,0,04,786,5
108,030,2405,10,1269,25,1006,53,20,74,6,38,8,64,258144,6,26382,27,0,07,782,3
108,080,2406,14,1269,57,1006,97,20,74,6,38,8,65,258094,5,26378,04,0,13,778,0
108,130,2407,18,1269,89,1007,40,20,75,6,38,8,65,258044,4,26373,81,0,18,773,8
108,180,2408,21,1270,21,1007,83,20,75,6,38,8,66,257994,3,26369,58,0,22,769,6
108,230,2409,25,1270,52,1008,26,20,76,6,38,8,66,257944,1,26365,35,0,26,765,3
108,280,2410,29,1270,84,1008,70,20,76,6,38,8,66,257894,0,26361,12,0,28,761,1
108,330,2411,33,1271,16,1009,13,20,76,6,37,8,67,257844,0,26356,89,0,30,756,9
108,380,2412,36,1271,48,1009,56,20,76,6,37,8,67,257793,9,26352,67,0,31,752,7
108,430,2413,40,1271,80,1010,00,20,77,6,37,8,68,257743,9,26348,44,0,32,748,4
108,480,2414,44,1272,12,1010,43,20,77,6,37,8,68,257693,8,26344,21,0,32,744,2
108,530,2415,48,1272,44,1010,87,20,77,6,37,8,68,257643,8,26339,99,0,32,740,0
108,580,2416,51,1272,75,1011,30,20,77,6,37,8,68,257593,7,26335,77,0,32,735,8
108,630,2417,55,1273,07,1011,73,20,78,6,36,8,69,257543,7,26331,54,0,31,731,5
108,680,2418,59,1273,39,1012,17,20,78,6,36,8,69,257493,7,26327,32,0,29,727,3
108,730,2419,63,1273,71,1012,60,20,78,6,36,8,69,257443,7,26323,10,0,27,723,1
108,780,2420,67,1274,03,1013,04,20,79,6,36,8,70,257393,8,26318,88,0,24,718,9
108,830,2421,71,1274,34,1013,47,20,79,6,36,8,70,257343,8,26314,66,0,21,714,7
108,880,2422,75,1274,66,1013,91,20,79,6,35,8,71,257293,9,26310,45,0,16,710,4
108,930,2423,79,1274,98,1014,34,20,80,6,35,8,71,257244,0,26306,23,0,12,706,2
108,980,2424,83,1275,30,1014,78,20,80,6,35,8,72,257194,0,26302,01,0,08,702,0
109,030,2425,87,1275,61,1015,22,20,79,6,35,8,72,257144,2,26297,79,0,09,697,8
109,080,2426,91,1275,93,1015,65,20,78,6,35,8,72,257094,3,26293,58,0,13,693,6
109,130,2427,95,1276,25,1016,09,20,78,6,34,8,71,257044,4,26289,37,0,18,689,4
109,180,2428,99,1276,57,1016,52,20,77,6,34,8,71,256994,6,26285,15,0,22,685,2
109,230,2430,03,1276,88,1016,96,20,76,6,34,8,70,256944,7,26280,94,0,25,680,9
109,280,2431,06,1277,20,1017,39,20,76,6,34,8,70,256894,8,26276,73,0,28,676,7
109,330,2432,10,1277,52,1017,83,20,75,6,34,8,69,256845,0,26272,52,0,29,672,5
109,380,2433,14,1277,84,1018,26,20,75,6,33,8,69,256795,2,26268,30,0,31,668,3
109,430,2434,18,1278,15,1018,70,20,74,6,33,8,68,256745,4,26264,10,0,31,664,1
109,480,2435,21,1278,47,1019,13,20,74,6,33,8,68,256695,6,26259,89,0,32,659,9
109,529,2436,25,1278,78,1019,57,20,73,6,33,8,67,256645,8,26255,68,0,31,655,7
109,579,2437,29,1279,10,1020,00,20,73,6,33,8,67,256596,1,26251,47,0,31,651,5
109,629,2438,32,1279,42,1020,43,20,72,6,32,8,67,256546,4,26247,27,0,30,647,3
109,679,2439,36,1279,73,1020,87,20,72,6,32,8,66,256496,6,26243,06,0,29,643,1
109,729,2440,40,1280,05,1021,30,20,71,6,32,8,66,256446,9,26238,86,0,27,638,9
109,779,2441,43,1280,36,1021,73,20,71,6,32,8,65,256397,2,26234,65,0,24,634,7
109,829,2442,47,1280,68,1022,16,20,70,6,31,8,65,256347,5,26230,45,0,21,630,4
109,879,2443,50,1281,00,1022,60,20,69,6,31,8,64,256297,8,26226,25,0,16,626,2
109,929,2444,54,1281,31,1023,03,20,69,6,31,8,64,256248,1,26222,04,0,12,622,0
109,979,2445,57,1281,63,1023,46,20,68,6,31,8,63,256198,5,26217,85,0,09,617,8
110,029,2446,61,1281,94,1023,89,20,69,6,31,8,63,256148,8,26213,64,0,09,613,6
110,079,2447,64,1282,26,1024,32,20,69,6,30,8,62,256099,2,26209,45,0,13,609,4
110,129,2448,68,1282,57,1024,75,20,70,6,30,8,63,256049,6,26205,25,0,17,605,2
110,179,2449,71,1282,89,1025,19,20,70,6,30,8,63,256000,0,26201,05,0,21,601,1
110,229,2450,75,1283,20,1025,62,20,70,6,30,8,64,255950,4,26196,86,0,25,596,9
110,279,2451,78,1283,52,1026,05,20,71,6,29,8,64,255900,9,26192,66,0,27,592,7
110,329,2452,82,1283,83,1026,48,20,71,6,29,8,65,255851,3,26188,46,0,29,588,5
110,379,2453,85,1284,15,1026,91,20,71,6,29,8,65,255801,8,26184,27,0,30,584,3
110,429,2454,89,1284,46,1027,35,20,72,6,29,8,65,255752,2,26180,08,0,31,580,1
110,479,2455,92,1284,78,1027,78,20,72,6,28,8,66,255702,7,26175,88,0,32,575,9
110,529,2456,96,1285,09,1028,21,20,72,6,28,8,66,255653,2,26171,69,0,31,571,7
110,579,2457,99,1285,40,1028,65,20,72,6,28,8,66,255603,7,26167,50,0,31,567,5
110,629,2459,03,1285,72,1029,08,20,72,6,28,8,66,255554,2,26163,31,0,30,563,3
110,679,2460,06,1286,03,1029,51,20,73,6,28,8,67,255504,8,26159,12,0,29,559,1
110,729,2461,10,1286,34,1029,95,20,73,6,27,8,67,255455,3,26154,94,0,27,554,9
110,779,2462,14,1286,66,1030,38,20,74,6,27,8,67,255405,9,26150,75,0,24,550,7
110,829,2463,18,1286,97,1030,81,20,74,6,27,8,68,255356,5,26146,56,0,21,546,6
110,879,2464,21,1287,29,1031,25,20,74,6,27,8,68,255307,0,26142,38,0,17,542,4
110,929,2465,25,1287,60,1031,68,20,75,6,26,8,69,255257,6,26138,19,0,12,538,2
110,979,2466,29,1287,91,1032,12,20,75,6,26,8,69,255208,3,26134,01,0,07,534,0
111,029,2467,33,1288,22,1032,55,20,75,6,26,8,70,255158,9,26129,82,0,07,529,8
111,079,2468,36,1288,54,1032,98,20,74,6,25,8,69,255109,6,26125,64,0,11,525,6
111,129,2469,40,1288,85,1033,42,20,73,6,25,8,69,255060,3,26121,46,0,16,521,5
111,179,2470,44,1289,16,1033,85,20,73,6,25,8,68,255010,9,26117,28,0,21,517,3
111,229,2471,47,1289,47,1034,29,20,72,6,25,8,68,254961,6,26113,10,0,24,513,1
111,279,2472,51,1289,79,1034,72,20,71,6,24,8,67,254912,3,26108,92,0,27,508,9
111,329,2473,54,1290,10,1035,16,20,71,6,24,8,67,254863,0,26104,74,0,28,504,7
111,378,2474,58,1290,41,1035,59,20,70,6,24,8,66,254813,7,26100,56,0,30,500,6
111,428,2475,61,1290,72,1036,02,20,70,6,24,8,66,254764,5,26096,38,0,31,496,4
111,478,2476,65,1291,04,1036,46,20,69,6,23,8,66,254715,2,26092,21,0,31,492,2
111,528,2477,68,1291,35,1036,89,20,69,6,23,8,65,254666,0,26088,03,0,31,488,0
111,578,2478,72,1291,66,1037,32,20,68,6,23,8,65,254616,8,26083,86,0,31,483,9
111,628,2479,75,1291,97,1037,75,20,68,6,23,8,64,254567,6,26079,68,0,30,479,7
111,678,2480,79,1292,28,1038,18,20,67,6,22,8,64,254518,4,26075,51,0,29,475,5
111,728,2481,82,1292,59,1038,62,20,67,6,22,8,64,254469,2,26071,34,0,27,471,3
111,778,2482,85,1292,90,1039,05,20,66,6,22,8,63,254420,0,26067,17,0,24,467,2
111,828,2483,89,1293,21,1039,48,20,65,6,21,8,63,254370,9,26063,00,0,21,463,0
111,878,2484,92,1293,52,1039,91,20,65,6,21,8,62,254321,8,26058,83,0,17,458,8
111,928,2485,95,1293,83,1040,34,20,64,6,21,8,62,254272,7,26054,66,0,11,454,7
111,978,2486,98,1294,14,1040,77,20,63,6,21,8,61,254223,6,26050,49,0,05,450,5
112,028,2488,02,1294,45,1041,20,20,63,6,20,8,61,254174,5,26046,32,0,03,446,3
112,078,2489,05,1294,76,1041,63,20,64,6,20,8,61,254125,4,26042,16,0,09,442,2
112,128,2490,08,1295,07,1042,06,20,64,6,20,8,62,254076,3,26037,99,0,15,438,0
112,178,2491,11,1295,39,1042,50,20,65,6,19,8,62,254027,3,26033,82,0,19,433,8
112,228,2492,15,1295,70,1042,93,20,65,6,19,8,62,253978,2,26029,66,0,23,429,7
112,278,2493,18,1296,00,1043,36,20,65,6,19,8,63,253929,2,26025,50,0,25,425,5
112,328,2494,21,1296,31,1043,79,20,66,6,18,8,63,253880,2,26021,33,0,27,421,3
112,378,2495,25,1296,62,1044,22,20,66,6,18,8,63,253831,3,26017,17,0,28,417,2
112,428,2496,28,1296,93,1044,65,20,66,6,18,8,64,253782,3,26013,01,0,29,413,0
112,478,2497,31,1297,24,1045,09,20,66,6,18,8,64,253733,3,26008,85,0,29,408,9
112,528,2498,34,1297,55,1045,52,20,66,6,17,8,64,253684,4,26004,69,0,29,404,7
112,578,2499,38,1297,86,1045,95,20,67,6,17,8,64,253635,4,26000,54,0,29,400,5
112,628,2500,41,1298,17,1046,38,20,67,6,17,8,65,253586,5,25996,38,0,28,396,4
112,678,2501,44,1298,47,1046,81,20,67,6,16,8,65,253537,5,25992,22,0,27,392,2
112,728,2502,47,1298,78,1047,25,20,67,6,16,8,65,253488,7,25988,06,0,26,388,1
112,778,2503,51,1299,09,1047,68,20,68,6,16,8,66,253439,8,25983,91,0,23,383,9
112,828,2504,54,1299,40,1048,11,20,68,6,15,8,66,253391,0,25979,75,0,20,379,8
112,878,2505,58,1299,71,1048,54,20,68,6,15,8,66,253342,1,25975,60,0,16,375,6
112,928,2506,61,1300,01,1048,98,20,69,6,15,8,67,253293,3,25971,45,0,12,371,4
112,978,2507,65,1300,32,1049,41,20,69,6,14,8,67,253244,5,25967,29,0,06,367,3
113,028,2508,68,1300,63,1049,84,20,70,6,14,8,67,253195,6,25963,14,0,03,363,1
113,078,2509,72,1300,93,1050,28,20,69,6,14,8,66,253146,8,25958,99,0,09,359,0
113,128,2510,75,1301,24,1050,71,20,69,6,13,8,66,253098,1,25954,84,0,14,354,8
113,177,2511,79,1301,55,1051,14,20,68,6,13,8,65,253049,3,25950,70,0,18,350,7
113,227,2512,82,1301,85,1051,58,20,67,6,13,8,65,253000,6,25946,55,0,21,346,5
113,277,2513,85,1302,16,1052,01,20,67,6,12,8,64,252951,9,25942,40,0,24,342,4
113,327,2514,89,1302,47,1052,44,20,66,6,12,8,64,252903,1,25938,25,0,25,338,3
113,377,2515,92,1302,77,1052,87,20,66,6,12,8,64,252854,4,25934,11,0,27,334,1
113,427,2516,95,1303,08,1053,31,20,65,6,11,8,63,252805,7,25929,96,0,27,330,0
113,477,2517,98,1303,38,1053,74,20,65,6,11,8,63,252757,0,25925,82,0,28,325,8
113,527,2519,02,1303,69,1054,17,20,64,6,11,8,63,252708,4,25921,68,0,28,321,7
113,577,2520,05,1304,00,1054,60,20,64,6,10,8,62,252659,8,25917,53,0,28,317,5
113,627,2521,08,1304,30,1055,03,20,63,6,10,8,62,252611,1,25913,39,0,27,313,4
113,677,2522,11,1304,61,1055,46,20,63,6,10,8,62,252562,5,25909,25,0,26,309,2
113,727,2523,14,1304,91,1055,89,20,62,6,09,8,61,252513,9,25905,11,0,24,305,1
113,777,2524,17,1305,22,1056,32,20,62,6,09,8,61,252465,3,25900,97,0,22,301,0
113,827,2525,20,1305,52,1056,75,20,61,6,09,8,60,252416,7,25896,83,0,19,296,8
113,877,2526,24,1305,82,1057,18,20,61,6,08,8,60,252368,2,25892,69,0,16,292,7
113,927,2527,27,1306,13,1057,61,20,60,6,08,8,59,252319,6,25888,56,0,12,288,6
113,977,2528,30,1306,43,1058,04,20,60,6,08,8,59,252271,1,25884,42,0,08,284,4
114,027,2529,33,1306,74,1058,47,20,59,6,07,8,59,252222,6,25880,29,0,06,280,3
114,077,2530,36,1307,04,1058,90,20,59,6,07,8,60,252174,1,25876,15,0,09,276,2
114,127,2531,39,1307,34,1059,33,20,59,6,07,8,60,252125,6,25872,02,0,13,272,0
114,177,2532,42,1307,65,1059,76,20,59,6,06,8,60,252077,1,25867,88,0,17,267,9
114,227,2533,45,1307,95,1060,19,20,60,6,06,8,61,252028,7,25863,75,0,20,263,8
114,277,2534,48,1308,25,1060,62,20,60,6,06,8,61,251980,3,25859,62,0,22,259,6
114,327,2535,51,1308,55,1061,05,20,60,6,05,8,61,251931,9,25855,49,0,24,255,5
114,377,2536,54,1308,86,1061,48,20,61,6,05,8,62,251883,4,25851,36,0,25,251,4
114,427,2537,57,1309,16,1061,92,20,61,6,05,8,62,251835,0,25847,23,0,26,247,2
114,477,2538,60,1309,46,1062,35,20,61,6,04,8,62,251786,6,25843,10,0,26,243,1
114,527,2539,63,1309,76,1062,78,20,61,6,04,8,62,251738,3,25838,98,0,26,239,0
114,577,2540,66,1310,07,1063,21,20,61,6,03,8,63,251689,9,25834,85,0,26,234,8
114,627,2541,69,1310,37,1063,64,20,62,6,03,8,63,251641,6,25830,72,0,26,230,7
114,677,2542,72,1310,67,1064,07,20,62,6,03,8,63,251593,3,25826,60,0,25,226,6
114,727,2543,75,1310,97,1064,50,20,62,6,02,8,63,251545,0,25822,47,0,23,222,5
114,777,2544,78,1311,27,1064,93,20,62,6,02,8,64,251496,7,25818,35,0,21,218,4
114,827,2545,81,1311,57,1065,37,20,62,6,02,8,64,251448,4,25814,23,0,18,214,2
114,877,2546,84,1311,87,1065,80,20,63,6,01,8,64,251400,2,25810,11,0,15,210,1
114,927,2547,87,1312,17,1066,23,20,63,6,01,8,65,251351,9,25805,99,0,11,206,0
114,976,2548,90,1312,47,1066,66,20,63,6,00,8,65,251303,7,25801,87,0,07,201,9
115,026,2549,94,1312,77,1067,09,20,64,6,00,8,65,251255,5,25797,75,0,06,197,7
115,076,2550,97,1313,07,1067,53,20,64,6,00,8,64,251207,2,25793,63,0,09,193,6
115,126,2552,00,1313,37,1067,96,20,63,5,99,8,64,251159,1,25789,51,0,13,189,5
115,176,2553,03,1313,67,1068,39,20,63,5,99,8,63,251110,9,25785,39,0,16,185,4
115,226,2554,06,1313,97,1068,82,20,62,5,98,8,63,251062,7,25781,28,0,19,181,3
115,276,2555,09,1314,27,1069,25,20,61,5,98,8,62,251014,6,25777,16,0,21,177,2
115,326,2556,12,1314,57,1069,68,20,61,5,98,8,62,250966,5,25773,04,0,23,173,0
115,376,2557,15,1314,87,1070,12,20,60,5,97,8,62,250918,3,25768,93,0,24,168,9
115,426,2558,18,1315,17,1070,55,20,60,5,97,8,61,250870,3,25764,82,0,25,164,8
115,476,2559,21,1315,47,1070,98,20,60,5,97,8,61,250822,2,25760,71,0,25,160,7
115,526,2560,24,1315,76,1071,41,20,59,5,96,8,61,250774,1,25756,59,0,25,156,6
115,576,2561,27,1316,06,1071,84,20,59,5,96,8,60,250726,1,25752,48,0,25,152,5
115,626,2562,30,1316,36,1072,27,20,58,5,95,8,60,250678,0,25748,37,0,24,148,4
115,676,2563,33,1316,66,1072,70,20,58,5,95,8,60,250630,0,25744,26,0,23,144,3
115,726,2564,36,1316,95,1073,13,20,58,5,95,8,59,250582,0,25740,16,0,22,140,2
115,776,2565,39,1317,25,1073,56,20,57,5,94,8,59,250534,0,25736,05,0,20,136,0
115,826,2566,42,1317,55,1073,99,20,57,5,94,8,58,250486,0,25731,94,0,17,131,9
115,876,2567,45,1317,84,1074,42,20,56,5,93,8,58,250438,1,25727,84,0,14,127,8
115,926,2568,47,1318,14,1074,84,20,56,5,93,8,57,250390,2,25723,73,0,10,123,7
115,976,2569,50,1318,44,1075,27,20,55,5,93,8,57,250342,2,25719,63,0,05,119,6
116,026,2570,53,1318,73,1075,70,20,55,5,92,8,57,250294,3,25715,52,0,03,115,5
116,076,2571,56,1319,03,1076,13,20,55,5,92,8,57,250246,4,25711,42,0,07,111,4
116,126,2572,59,1319,33,1076,56,20,55,5,91,8,58,250198,5,25707,32,0,12,107,3
116,176,2573,61,1319,62,1076,99,20,55,5,91,8,58,250150,7,25703,21,0,15,103,2
116,226,2574,64,1319,92,1077,42,20,56,5,90,8,58,250102,9,25699,12,0,18,99,1
116,276,2575,67,1320,21,1077,85,20,56,5,90,8,59,250055,0,25695,02,0,20,95,0
116,326,2576,70,1320,51,1078,27,20,56,5,90,8,59,250007,1,25690,92,0,22,90,9
116,376,2577,72,1320,80,1078,70,20,56,5,89,8,59,249959,4,25686,82,0,23,86,8
116,426,2578,75,1321,10,1079,13,20,56,5,89,8,59,249911,6,25682,72,0,23,82,7
116,476,2579,78,1321,39,1079,56,20,56,5,88,8,60,249863,8,25678,62,0,24,78,6
116,526,2580,81,1321,68,1079,99,20,57,5,88,8,60,249816,0,25674,53,0,24,74,5
116,576,2581,84,1321,98,1080,42,20,57,5,87,8,60,249768,3,25670,43,0,23,70,4
116,626,2582,86,1322,27,1080,85,20,57,5,87,8,60,249720,6,25666,34,0,23,66,3
116,676,2583,89,1322,57,1081,28,20,57,5,87,8,61,249672,9,25662,25,0,22,62,2
116,726,2584,92,1322,86,1081,71,20,57,5,86,8,61,249625,2,25658,15,0,21,58,2
116,776,2585,95,1323,15,1082,14,20,57,5,86,8,61,249577,5,25654,06,0,19,54,1
116,825,2586,97,1323,44,1082,58,20,58,5,85,8,61,249529,9,25649,97,0,17,50,0
116,875,2588,00,1323,74,1083,01,20,58,5,85,8,62,249482,2,25645,88,0,13,45,9
116,925,2589,03,1324,03,1083,44,20,58,5,84,8,62,249434,5,25641,79,0,09,41,8
116,975,2590,06,1324,32,1083,87,20,58,5,84,8,63,249386,9,25637,70,0,05,37,7
117,025,2591,09,1324,61,1084,30,20,58,5,84,8,63,249339,3,25633,61,0,02,33,6
117,075,2592,12,1324,90,1084,73,20,58,5,83,8,63,249291,8,25629,53,0,07,29,5
117,125,2593,15,1325,20,1085,16,20,57,5,83,8,62,249244,2,25625,44,0,11,25,4
117,175,2594,17,1325,49,1085,59,20,57,5,82,8,62,249196,6,25621,35,0,15,21,4
117,225,2595,20,1325,78,1086,02,20,56,5,82,8,61,249149,1,25617,27,0,18,17,3
117,275,2596,23,1326,07,1086,45,20,56,5,81,8,61,249101,5,25613,18,0,20,13,2
117,325,2597,26,1326,36,1086,88,20,55,5,81,8,60,249054,0,25609,10,0,21,9,1
117,375,2598,29,1326,65,1087,31,20,55,5,80,8,60,249006,5,25605,02,0,22,5,0
117,425,2599,31,1326,94,1087,74,20,55,5,80,8,60,248959,0,25600,94,0,23,0,9
117,475,2600,34,1327,22,1088,17,20,54,5,45,8,59,0,0,25600,00,0,23,0,0
117,525,2601,37,1327,48,1088,60,20,54,4,96,8,59,0,0,25600,00,0,24,0,0
117,575,2602,40,1327,72,1089,03,20,54,4,47,8,59,0,0,25600,00,0,24,0,0
117,625,2603,43,1327,93,1089,46,20,54,3,98,8,59,0,0,25600,00,0,25,0,0
117,675,2604,45,1328,12,1089,89,20,54,3,49,8,59,0,0,25600,00,0,25,0,0
117,725,2605,48,1328,28,1090,32,20,54,3,00,8,59,0,0,25600,00,0,25,0,0
117,775,2606,51,1328,42,1090,75,20,54,2,51,8,59,0,0,25600,00,0,26,0,0
117,825,2607,54,1328,53,1091,18,20,54,2,02,8,59,0,0,25600,00,0,26,0,0
117,875,2608,56,1328,62,1091,61,20,53,1,53,8,59,0,0,25600,00,0,27,0,0
117,925,2609,59,1328,69,1092,04,20,53,1,04,8,59,0,0,25600,00,0,27,0,0
117,975,2610,62,1328,73,1092,47,20,53,0,55,8,59,0,0,25600,00,0,27,0,0
118,025,2611,64,1328,74,1092,90,20,53,0,06,8,59,0,0,25600,00,0,28,0,0
118,075,2612,67,1328,73,1093,33,20,53,-0,43,8,59,0,0,25600,00,0,28,0,0
118,125,2613,70,1328,70,1093,76,20,53,-0,92,8,59,0,0,25600,00,0,28,0,0
118,175,2614,72,1328,64,1094,19,20,53,-1,41,8,59,0,0,25600,00,0,29,0,0
118,225,2615,75,1328,56,1094,62,20,53,-1,90,8,59,0,0,25600,00,0,29,0,0
118,275,2616,77,1328,45,1095,05,20,53,-2,39,8,59,0,0,25600,00,0,30,0,0
118,325,2617,80,1328,32,1095,48,20,52,-2,88,8,59,0,0,25600,00,0,30,0,0
118,375,2618,82,1328,16,1095,91,20,52,-3,37,8,59,0,0,25600,00,0,30,0,0
118,425,2619,85,1327,98,1096,34,20,52,-3,86,8,59,0,0,25600,00,0,31,0,0
118,475,2620,87,1327,77,1096,77,20,52,-4,35,8,59,0,0,25600,00,0,31,0,0
118,525,2621,90,1327,54,1097,20,20,52,-4,84,8,58,0,0,25600,00,0,32,0,0
118,575,2622,92,1327,29,1097,63,20,52,-5,33,8,58,0,0,25600,00,0,32,0,0
118,624,2623,95,1327,01,1098,06,20,52,-5,82,8,58,0,0,25600,00,0,32,0,0
118,674,2624,97,1326,71,1098,49,20,52,-6,31,8,58,0,0,25600,00,0,33,0,0
118,724,2626,00,1326,38,1098,91,20,51,-6,80,8,58,0,0,25600,00,0,33,0,0
118,774,2627,03,1326,03,1099,34,20,51,-7,29,8,58,0,0,25600,00,0,33,0,0
118,824,2628,05,1325,66,1099,77,20,51,-7,78,8,58,0,0,25600,00,0,34,0,0
118,874,2629,08,1325,25,1100,20,20,51,-8,26,8,58,0,0,25600,00,0,34,0,0
118,924,2630,10,1324,83,1100,63,20,51,-8,75,8,58,0,0,25600,00,0,35,0,0
118,974,2631,13,1324,38,1101,06,20,51,-9,24,8,58,0,0,25600,00,0,35,0,0
119,024,2632,15,1323,90,1101,49,20,51,-9,73,8,58,0,0,25600,00,0,35,0,0
119,074,2633,18,1323,40,1101,92,20,50,-10,22,8,58,0,0,25600,00,0,36,0,0
119,124,2634,20,1322,88,1102,34,20,50,-10,71,8,58,0,0,25600,00,0,36,0,0
119,174,2635,23,1322,33,1102,77,20,50,-11,20,8,58,0,0,25600,00,0,36,0,0
119,224,2636,25,1321,76,1103,20,20,50,-11,69,8,58,0,0,25600,00,0,37,0,0
119,274,2637,28,1321,16,1103,63,20,50,-12,18,8,58,0,0,25600,00,0,37,0,0
119,324,2638,30,1320,54,1104,06,20,50,-12,66,8,58,0,0,25600,00,0,37,0,0
119,374,2639,33,1319,90,1104,49,20,50,-13,15,8,57,0,0,25600,00,0,38,0,0
119,424,2640,36,1319,23,1104,92,20,49,-13,64,8,57,0,0,25600,00,0,38,0,0
119,474,2641,38,1318,53,1105,34,20,49,-14,13,8,57,0,0,25600,00,0,39,0,0
119,524,2642,41,1317,81,1105,77,20,49,-14,62,8,57,0,0,25600,00,0,39,0,0
119,574,2643,43,1317,07,1106,20,20,49,-15,11,8,57,0,0,25600,00,0,39,0,0
119,624,2644,46,1316,30,1106,63,20,49,-15,59,8,57,0,0,25600,00,0,40,0,0
119,674,2645,48,1315,51,1107,06,20,49,-16,08,8,57,0,0,25600,00,0,40,0,0
119,724,2646,51,1314,69,1107,49,20,48,-16,57,8,57,0,0,25600,00,0,40,0,0
119,774,2647,53,1313,85,1107,92,20,48,-17,06,8,57,0,0,25600,00,0,41,0,0
119,824,2648,55,1312,98,1108,34,20,48,-17,54,8,57,0,0,25600,00,0,41,0,0
119,874,2649,58,1312,10,1108,77,20,48,-18,03,8,57,0,0,25600,00,0,41,0,0
119,924,2650,60,1311,18,1109,20,20,48,-18,52,8,57,0,0,25600,00,0,42,0,0
119,974,2651,62,1310,24,1109,63,20,47,-19,00,8,57,0,0,25600,00,0,42,0,0
120,024,2652,65,1309,28,1110,06,20,47,-19,49,8,57,0,0,25600,00,0,43,0,0
120,074,2653,67,1308,30,1110,49,20,47,-19,98,8,56,0,0,25600,00,0,43,0,0
120,124,2654,69,1307,28,1110,91,20,47,-20,46,8,56,0,0,25600,00,0,43,0,0
120,174,2655,72,1306,25,1111,34,20,47,-20,95,8,56,0,0,25600,00,0,44,0,0
120,224,2656,74,1305,19,1111,77,20,46,-21,44,8,56,0,0,25600,00,0,44,0,0
120,274,2657,76,1304,11,1112,20,20,46,-21,92,8,56,0,0,25600,00,0,44,0,0
120,324,2658,78,1303,00,1112,63,20,46,-22,41,8,56,0,0,25600,00,0,45,0,0
120,374,2659,81,1301,86,1113,06,20,46,-22,90,8,56,0,0,25600,00,0,45,0,0
120,424,2660,83,1300,71,1113,49,20,46,-23,38,8,56,0,0,25600,00,0,45,0,0
120,473,2661,85,1299,53,1113,91,20,45,-23,87,8,56,0,0,25600,00,0,46,0,0
120,523,2662,88,1298,32,1114,34,20,45,-24,35,8,56,0,0,25600,00,0,46,0,0
120,573,2663,90,1297,09,1114,77,20,45,-24,84,8,55,0,0,25600,00,0,46,0,0
120,623,2664,92,1295,84,1115,19,20,45,-25,32,8,55,0,0,25600,00,0,47,0,0
120,673,2665,94,1294,56,1115,62,20,44,-25,81,8,55,0,0,25600,00,0,47,0,0
120,723,2666,97,1293,26,1116,05,20,44,-26,29,8,55,0,0,25600,00,0,47,0,0
120,773,2667,99,1291,93,1116,48,20,44,-26,77,8,55,0,0,25600,00,0,48,0,0
120,823,2669,01,1290,58,1116,90,20,44,-27,26,8,55,0,0,25600,00,0,48,0,0
120,873,2670,03,1289,20,1117,33,20,43,-27,74,8,55,0,0,25600,00,0,48,0,0
120,923,2671,06,1287,81,1117,76,20,43,-28,23,8,55,0,0,25600,00,0,49,0,0
120,973,2672,08,1286,38,1118,19,20,43,-28,71,8,55,0,0,25600,00,0,49,0,0
121,023,2673,10,1284,93,1118,61,20,42,-29,19,8,55,0,0,25600,00,0,49,0,0
121,073,2674,12,1283,46,1119,04,20,42,-29,68,8,54,0,0,25600,00,0,50,0,0
121,123,2675,14,1281,97,1119,47,20,42,-30,16,8,54,0,0,25600,00,0,50,0,0
121,173,2676,16,1280,45,1119,89,20,42,-30,64,8,54,0,0,25600,00,0,50,0,0
121,223,2677,18,1278,90,1120,32,20,41,-31,12,8,54,0,0,25600,00,0,51,0,0
121,273,2678,20,1277,33,1120,75,20,41,-31,61,8,54,0,0,25600,00,0,51,0,0
121,323,2679,22,1275,74,1121,18,20,41,-32,09,8,54,0,0,25600,00,0,51,0,0
121,373,2680,24,1274,13,1121,60,20,40,-32,57,8,54,0,0,25600,00,0,52,0,0
121,423,2681,26,1272,48,1122,03,20,40,-33,05,8,54,0,0,25600,00,0,52,0,0
121,473,2682,28,1270,82,1122,46,20,40,-33,53,8,53,0,0,25600,00,0,52,0,0
121,523,2683,30,1269,13,1122,89,20,39,-34,01,8,53,0,0,25600,00,0,53,0,0
121,573,2684,32,1267,42,1123,31,20,39,-34,50,8,53,0,0,25600,00,0,53,0,0
121,623,2685,34,1265,68,1123,74,20,39,-34,98,8,53,0,0,25600,00,0,53,0,0
121,673,2686,36,1263,92,1124,16,20,39,-35,46,8,53,0,0,25600,00,0,54,0,0
121,723,2687,38,1262,14,1124,59,20,38,-35,94,8,53,0,0,25600,00,0,54,0,0
121,773,2688,40,1260,33,1125,02,20,38,-36,42,8,53,0,0,25600,00,0,54,0,0
121,823,2689,42,1258,49,1125,44,20,38,-36,90,8,52,0,0,25600,00,0,55,0,0
121,873,2690,43,1256,64,1125,87,20,37,-37,38,8,52,0,0,25600,00,0,55,0,0
121,923,2691,45,1254,76,1126,29,20,37,-37,85,8,52,0,0,25600,00,0,55,0,0
121,973,2692,47,1252,85,1126,72,20,36,-38,33,8,52,0,0,25600,00,0,55,0,0
122,023,2693,49,1250,92,1127,15,20,36,-38,81,8,52,0,0,25600,00,0,56,0,0
122,073,2694,51,1248,97,1127,57,20,36,-39,29,8,52,0,0,25600,00,0,56,0,0
122,123,2695,52,1246,99,1128,00,20,35,-39,77,8,52,0,0,25600,00,0,56,0,0
122,173,2696,54,1244,99,1128,42,20,35,-40,25,8,51,0,0,25600,00,0,57,0,0
122,223,2697,56,1242,97,1128,85,20,35,-40,72,8,51,0,0,25600,00,0,57,0,0
122,272,2698,58,1240,92,1129,28,20,34,-41,20,8,51,0,0,25600,00,0,57,0,0
122,322,2699,60,1238,85,1129,70,20,34,-41,68,8,51,0,0,25600,00,0,58,0,0
122,372,2700,61,1236,75,1130,13,20,34,-42,15,8,51,0,0,25600,00,0,58,0,0
122,422,2701,63,1234,63,1130,55,20,33,-42,63,8,51,0,0,25600,00,0,58,0,0
122,472,2702,65,1232,49,1130,98,20,33,-43,10,8,50,0,0,25600,00,0,59,0,0
122,522,2703,66,1230,32,1131,40,20,32,-43,58,8,50,0,0,25600,00,0,59,0,0
122,572,2704,68,1228,13,1131,83,20,32,-44,06,8,50,0,0,25600,00,0,59,0,0
122,622,2705,69,1225,92,1132,25,20,32,-44,53,8,50,0,0,25600,00,0,60,0,0
122,672,2706,71,1223,68,1132,68,20,31,-45,01,8,50,0,0,25600,00,0,60,0,0
122,722,2707,72,1221,42,1133,10,20,31,-45,48,8,50,0,0,25600,00,0,60,0,0
122,772,2708,74,1219,13,1133,53,20,30,-45,95,8,49,0,0,25600,00,0,60,0,0
122,822,2709,75,1216,82,1133,95,20,30,-46,43,8,49,0,0,25600,00,0,61,0,0
122,872,2710,77,1214,49,1134,38,20,30,-46,90,8,49,0,0,25600,00,0,61,0,0
122,922,2711,79,1212,13,1134,80,20,29,-47,37,8,49,0,0,25600,00,0,61,0,0
122,972,2712,80,1209,75,1135,23,20,29,-47,85,8,49,0,0,25600,00,0,62,0,0
123,022,2713,81,1207,35,1135,65,20,28,-48,32,8,49,0,0,25600,00,0,62,0,0
123,072,2714,83,1204,92,1136,07,20,28,-48,79,8,48,0,0,25600,00,0,62,0,0
123,122,2715,84,1202,47,1136,50,20,27,-49,26,8,48,0,0,25600,00,0,62,0,0
123,172,2716,85,1199,99,1136,92,20,27,-49,73,8,48,0,0,25600,00,0,63,0,0
123,222,2717,87,1197,50,1137,35,20,26,-50,20,8,48,0,0,25600,00,0,63,0,0
123,272,2718,88,1194,97,1137,77,20,26,-50,67,8,48,0,0,25600,00,0,63,0,0
123,322,2719,89,1192,43,1138,19,20,26,-51,14,8,47,0,0,25600,00,0,64,0,0
123,372,2720,91,1189,86,1138,62,20,25,-51,61,8,47,0,0,25600,00,0,64,0,0
123,422,2721,92,1187,27,1139,04,20,25,-52,08,8,47,0,0,25600,00,0,64,0,0
123,472,2722,93,1184,65,1139,46,20,24,-52,55,8,47,0,0,25600,00,0,64,0,0
123,522,2723,95,1182,01,1139,89,20,24,-53,02,8,47,0,0,25600,00,0,65,0,0
123,572,2724,96,1179,35,1140,31,20,23,-53,49,8,46,0,0,25600,00,0,65,0,0
123,622,2725,97,1176,66,1140,73,20,23,-53,96,8,46,0,0,25600,00,0,65,0,0
123,672,2726,98,1173,95,1141,16,20,22,-54,42,8,46,0,0,25600,00,0,66,0,0
123,722,2727,99,1171,22,1141,58,20,22,-54,89,8,46,0,0,25600,00,0,66,0,0
123,772,2729,00,1168,46,1142,00,20,21,-55,36,8,46,0,0,25600,00,0,66,0,0
123,822,2730,01,1165,68,1142,43,20,21,-55,82,8,45,0,0,25600,00,0,66,0,0
123,872,2731,02,1162,88,1142,85,20,20,-56,29,8,45,0,0,25600,00,0,67,0,0
123,922,2732,03,1160,06,1143,27,20,20,-56,76,8,45,0,0,25600,00,0,67,0,0
123,972,2733,04,1157,21,1143,69,20,19,-57,22,8,45,0,0,25600,00,0,67,0,0
124,022,2734,05,1154,33,1144,12,20,19,-57,69,8,45,0,0,25600,00,0,68,0,0
124,071,2735,06,1151,44,1144,54,20,18,-58,15,8,44,0,0,25600,00,0,68,0,0
124,121,2736,07,1148,52,1144,96,20,18,-58,61,8,44,0,0,25600,00,0,68,0,0
124,171,2737,08,1145,58,1145,38,20,17,-59,08,8,44,0,0,25600,00,0,68,0,0
124,221,2738,08,1142,61,1145,80,20,17,-59,54,8,44,0,0,25600,00,0,69,0,0
124,271,2739,09,1139,62,1146,23,20,16,-60,00,8,44,0,0,25600,00,0,69,0,0
124,321,2740,10,1136,61,1146,65,20,16,-60,47,8,43,0,0,25600,00,0,69,0,0
124,371,2741,11,1133,58,1147,07,20,15,-60,93,8,43,0,0,25600,00,0,70,0,0
124,421,2742,12,1130,52,1147,49,20,15,-61,39,8,43,0,0,25600,00,0,70,0,0
124,471,2743,13,1127,44,1147,91,20,14,-61,85,8,43,0,0,25600,00,0,70,0,0
124,521,2744,13,1124,33,1148,33,20,14,-62,31,8,42,0,0,25600,00,0,70,0,0
124,571,2745,14,1121,21,1148,75,20,13,-62,77,8,42,0,0,25600,00,0,71,0,0
124,621,2746,14,1118,06,1149,18,20,12,-63,23,8,42,0,0,25600,00,0,71,0,0
124,671,2747,15,1114,88,1149,60,20,12,-63,69,8,42,0,0,25600,00,0,71,0,0
124,721,2748,16,1111,69,1150,02,20,11,-64,15,8,41,0,0,25600,00,0,71,0,0
124,771,2749,16,1108,47,1150,44,20,11,-64,61,8,41,0,0,25600,00,0,72,0,0
124,821,2750,17,1105,23,1150,86,20,10,-65,06,8,41,0,0,25600,00,0,72,0,0
124,871,2751,17,1101,96,1151,28,20,10,-65,52,8,41,0,0,25600,00,0,72,0,0
124,921,2752,18,1098,67,1151,70,20,09,-65,98,8,41,0,0,25600,00,0,72,0,0
124,971,2753,18,1095,36,1152,12,20,08,-66,43,8,40,0,0,25600,00,0,73,0,0
125,021,2754,18,1092,03,1152,54,20,08,-66,89,8,40,0,0,25600,00,0,73,0,0
125,071,2755,19,1088,68,1152,96,20,07,-67,34,8,40,0,0,25600,00,0,73,0,0
125,121,2756,19,1085,30,1153,38,20,07,-67,80,8,40,0,0,25600,00,0,73,0,0
125,171,2757,19,1081,90,1153,80,20,06,-68,25,8,39,0,0,25600,00,0,74,0,0
125,221,2758,20,1078,47,1154,22,20,05,-68,71,8,39,0,0,25600,00,0,74,0,0
125,271,2759,20,1075,02,1154,64,20,05,-69,16,8,39,0,0,25600,00,0,74,0,0
125,321,2760,20,1071,56,1155,06,20,04,-69,61,8,39,0,0,25600,00,0,75,0,0
125,371,2761,20,1068,06,1155,48,20,04,-70,07,8,38,0,0,25600,00,0,75,0,0
125,421,2762,21,1064,55,1155,90,20,03,-70,52,8,38,0,0,25600,00,0,75,0,0
125,471,2763,21,1061,01,1156,31,20,02,-70,97,8,38,0,0,25600,00,0,75,0,0
125,521,2764,21,1057,45,1156,73,20,02,-71,42,8,37,0,0,25600,00,0,76,0,0
125,571,2765,21,1053,87,1157,15,20,01,-71,87,8,37,0,0,25600,00,0,76,0,0
125,621,2766,21,1050,26,1157,57,20,01,-72,32,8,37,0,0,25600,00,0,76,0,0
125,671,2767,21,1046,64,1157,99,20,00,-72,77,8,37,0,0,25600,00,0,76,0,0
125,721,2768,21,1042,99,1158,41,19,99,-73,22,8,36,0,0,25600,00,0,77,0,0
125,771,2769,21,1039,32,1158,83,19,99,-73,67,8,36,0,0,25600,00,0,77,0,0
125,821,2770,21,1035,62,1159,24,19,98,-74,12,8,36,0,0,25600,00,0,77,0,0
125,871,2771,21,1031,90,1159,66,19,97,-74,56,8,36,0,0,25600,00,0,77,0,0
125,920,2772,20,1028,16,1160,08,19,97,-75,01,8,35,0,0,25600,00,0,78,0,0
125,970,2773,20,1024,40,1160,50,19,96,-75,46,8,35,0,0,25600,00,0,78,0,0
126,020,2774,20,1020,62,1160,91,19,95,-75,90,8,35,0,0,25600,00,0,78,0,0
126,070,2775,20,1016,81,1161,33,19,95,-76,35,8,35,0,0,25600,00,0,78,0,0
126,120,2776,20,1012,98,1161,75,19,94,-76,79,8,34,0,0,25600,00,0,79,0,0
126,170,2777,19,1009,13,1162,17,19,93,-77,24,8,34,0,0,25600,00,0,79,0,0
126,220,2778,19,1005,26,1162,58,19,93,-77,68,8,34,0,0,25600,00,0,79,0,0
126,270,2779,18,1001,37,1163,00,19,92,-78,12,8,33,0,0,25600,00,0,79,0,0
126,320,2780,18,997,45,1163,42,19,91,-78,57,8,33,0,0,25600,00,0,79,0,0
126,370,2781,18,993,51,1163,83,19,91,-79,01,8,33,0,0,25600,00,0,80,0,0
126,420,2782,17,989,55,1164,25,19,90,-79,45,8,33,0,0,25600,00,0,80,0,0
126,470,2783,17,985,56,1164,66,19,89,-79,89,8,32,0,0,25600,00,0,80,0,0
126,520,2784,16,981,56,1165,08,19,89,-80,33,8,32,0,0,25600,00,0,80,0,0
126,570,2785,15,977,53,1165,50,19,88,-80,77,8,32,0,0,25600,00,0,81,0,0
126,620,2786,15,973,48,1165,91,19,87,-81,21,8,31,0,0,25600,00,0,81,0,0
126,670,2787,14,969,41,1166,33,19,86,-81,65,8,31,0,0,25600,00,0,81,0,0
126,720,2788,14,965,32,1166,74,19,86,-82,08,8,31,0,0,25600,00,0,81,0,0
126,770,2789,13,961,20,1167,16,19,85,-82,52,8,30,0,0,25600,00,0,82,0,0
126,820,2790,12,957,06,1167,57,19,84,-82,96,8,30,0,0,25600,00,0,82,0,0
126,870,2791,11,952,91,1167,99,19,84,-83,40,8,30,0,0,25600,00,0,82,0,0
126,920,2792,10,948,73,1168,40,19,83,-83,83,8,30,0,0,25600,00,0,82,0,0
126,970,2793,09,944,52,1168,82,19,82,-84,27,8,29,0,0,25600,00,0,83,0,0
127,020,2794,09,940,30,1169,23,19,81,-84,70,8,29,0,0,25600,00,0,83,0,0
127,070,2795,08,936,05,1169,65,19,81,-85,13,8,29,0,0,25600,00,0,83,0,0
127,120,2796,07,931,79,1170,06,19,80,-85,57,8,28,0,0,25600,00,0,83,0,0
127,170,2797,06,927,50,1170,48,19,79,-86,00,8,28,0,0,25600,00,0,83,0,0
127,220,2798,05,923,19,1170,89,19,78,-86,43,8,28,0,0,25600,00,0,84,0,0
127,270,2799,03,918,85,1171,30,19,78,-86,86,8,27,0,0,25600,00,0,84,0,0
127,320,2800,02,914,50,1171,72,19,77,-87,29,8,27,0,0,25600,00,0,84,0,0
127,370,2801,01,910,12,1172,13,19,76,-87,72,8,27,0,0,25600,00,0,84,0,0
127,420,2802,00,905,73,1172,55,19,75,-88,15,8,26,0,0,25600,00,0,85,0,0
127,470,2802,99,901,31,1172,96,19,75,-88,58,8,26,0,0,25600,00,0,85,0,0
127,520,2803,97,896,87,1173,37,19,74,-89,01,8,26,0,0,25600,00,0,85,0,0
127,570,2804,96,892,41,1173,78,19,73,-89,44,8,25,0,0,25600,00,0,85,0,0
127,620,2805,95,887,92,1174,20,19,72,-89,87,8,25,0,0,25600,00,0,85,0,0
127,670,2806,93,883,42,1174,61,19,71,-90,29,8,25,0,0,25600,00,0,86,0,0
127,719,2807,92,878,89,1175,02,19,71,-90,72,8,25,0,0,25600,00,0,86,0,0
127,769,2808,90,874,35,1175,43,19,70,-91,14,8,24,0,0,25600,00,0,86,0,0
127,819,2809,89,869,78,1175,85,19,69,-91,57,8,24,0,0,25600,00,0,86,0,0
127,869,2810,87,865,19,1176,26,19,68,-91,99,8,24,0,0,25600,00,0,87,0,0
127,919,2811,86,860,58,1176,67,19,68,-92,42,8,23,0,0,25600,00,0,87,0,0
127,969,2812,84,855,95,1177,08,19,67,-92,84,8,23,0,0,25600,00,0,87,0,0
128,019,2813,82,851,30,1177,49,19,66,-93,26,8,23,0,0,25600,00,0,87,0,0
128,069,2814,81,846,62,1177,90,19,65,-93,68,8,22,0,0,25600,00,0,87,0,0
128,119,2815,79,841,93,1178,31,19,64,-94,10,8,22,0,0,25600,00,0,88,0,0
128,169,2816,77,837,21,1178,73,19,64,-94,52,8,22,0,0,25600,00,0,88,0,0
128,220,2817,75,832,48,1179,14,19,63,-94,94,8,21,0,0,25600,00,0,88,0,0
128,270,2818,73,827,72,1179,55,19,62,-95,36,8,21,0,0,25600,00,0,88,0,0
128,320,2819,71,822,94,1179,96,19,61,-95,78,8,20,0,0,25600,00,0,89,0,0
128,370,2820,70,818,14,1180,37,19,60,-96,20,8,20,0,0,25600,00,0,89,0,0
128,420,2821,67,813,32,1180,78,19,59,-96,61,8,20,0,0,25600,00,0,89,0,0
128,470,2822,65,808,48,1181,19,19,59,-97,03,8,19,0,0,25600,00,0,89,0,0
128,520,2823,63,803,62,1181,60,19,58,-97,44,8,19,0,0,25600,00,0,89,0,0
128,570,2824,61,798,74,1182,01,19,57,-97,86,8,19,0,0,25600,00,0,90,0,0
128,620,2825,59,793,83,1182,41,19,56,-98,27,8,18,0,0,25600,00,0,90,0,0
128,670,2826,57,788,91,1182,82,19,55,-98,69,8,18,0,0,25600,00,0,90,0,0
128,720,2827,54,783,96,1183,23,19,54,-99,10,8,18,0,0,25600,00,0,90,0,0
128,770,2828,52,779,00,1183,64,19,53,-99,51,8,17,0,0,25600,00,0,90,0,0
128,820,2829,50,774,01,1184,05,19,53,-99,92,8,17,0,0,25600,00,0,91,0,0
128,870,2830,47,769,01,1184,46,19,52,-100,33,8,17,0,0,25600,00,0,91,0,0
128,920,2831,45,763,98,1184,87,19,51,-100,74,8,16,0,0,25600,00,0,91,0,0
128,970,2832,43,758,93,1185,27,19,50,-101,15,8,16,0,0,25600,00,0,91,0,0
129,020,2833,40,753,86,1185,68,19,49,-101,56,8,16,0,0,25600,00,0,91,0,0
129,070,2834,37,748,78,1186,09,19,48,-101,97,8,15,0,0,25600,00,0,92,0,0
129,120,2835,35,743,67,1186,50,19,47,-102,38,8,15,0,0,25600,00,0,92,0,0
129,170,2836,32,738,54,1186,90,19,47,-102,78,8,14,0,0,25600,00,0,92,0,0
129,221,2837,30,733,39,1187,31,19,46,-103,19,8,14,0,0,25600,00,0,92,0,0
129,271,2838,27,728,22,1187,72,19,45,-103,59,8,14,0,0,25600,00,0,92,0,0
129,321,2839,24,723,03,1188,13,19,44,-104,00,8,13,0,0,25600,00,0,93,0,0
129,371,2840,21,717,82,1188,53,19,43,-104,40,8,13,0,0,25600,00,0,93,0,0
129,421,2841,18,712,59,1188,94,19,42,-104,80,8,13,0,0,25600,00,0,93,0,0
129,471,2842,15,707,34,1189,34,19,41,-105,21,8,12,0,0,25600,00,0,93,0,0
129,521,2843,12,702,07,1189,75,19,40,-105,61,8,12,0,0,25600,00,0,93,0,0
129,571,2844,09,696,78,1190,16,19,39,-106,01,8,11,0,0,25600,00,0,94,0,0
129,621,2845,06,691,47,1190,56,19,38,-106,41,8,11,0,0,25600,00,0,94,0,0
129,671,2846,03,686,14,1190,97,19,38,-106,81,8,11,0,0,25600,00,0,94,0,0
129,721,2847,00,680,79,1191,37,19,37,-107,20,8,10,0,0,25600,00,0,94,0,0
129,771,2847,97,675,42,1191,78,19,36,-107,60,8,10,0,0,25600,00,0,94,0,0
129,821,2848,94,670,03,1192,18,19,35,-108,00,8,10,0,0,25600,00,0,95,0,0
129,871,2849,90,664,62,1192,59,19,34,-108,40,8,09,0,0,25600,00,0,95,0,0
129,921,2850,87,659,19,1192,99,19,33,-108,79,8,09,0,0,25600,00,0,95,0,0
129,971,2851,84,653,74,1193,40,19,32,-109,19,8,08,0,0,25600,00,0,95,0,0
130,021,2852,80,648,27,1193,80,19,31,-109,58,8,08,0,0,25600,00,0,95,0,0
130,071,2853,77,642,78,1194,20,19,30,-109,97,8,08,0,0,25600,00,0,96,0,0
130,121,2854,73,637,27,1194,61,19,29,-110,37,8,07,0,0,25600,00,0,96,0,0
130,171,2855,70,631,74,1195,01,19,28,-110,76,8,07,0,0,25600,00,0,96,0,0
130,222,2856,66,626,20,1195,41,19,27,-111,15,8,06,0,0,25600,00,0,96,0,0
130,272,2857,63,620,63,1195,82,19,26,-111,54,8,06,0,0,25600,00,0,96,0,0
130,322,2858,59,615,04,1196,22,19,25,-111,93,8,06,0,0,25600,00,0,97,0,0
130,372,2859,55,609,44,1196,62,19,24,-112,32,8,05,0,0,25600,00,0,97,0,0
130,422,2860,51,603,81,1197,03,19,24,-112,70,8,05,0,0,25600,00,0,97,0,0
130,472,2861,47,598,17,1197,43,19,23,-113,09,8,04,0,0,25600,00,0,97,0,0
130,522,2862,44,592,50,1197,83,19,22,-113,48,8,04,0,0,25600,00,0,97,0,0
130,572,2863,40,586,82,1198,23,19,21,-113,86,8,04,0,0,25600,00,0,97,0,0
130,622,2864,35,581,12,1198,63,19,20,-114,25,8,03,0,0,25600,00,0,98,0,0
130,672,2865,31,575,39,1199,03,19,19,-114,63,8,03,0,0,25600,00,0,98,0,0
130,722,2866,27,569,65,1199,44,19,18,-115,02,8,02,0,0,25600,00,0,98,0,0
130,772,2867,23,563,89,1199,84,19,17,-115,40,8,02,0,0,25600,00,0,98,0,0
130,822,2868,19,558,11,1200,24,19,16,-115,78,8,02,0,0,25600,00,0,98,0,0
130,872,2869,15,552,31,1200,64,19,15,-116,16,8,01,0,0,25600,00,0,99,0,0
130,922,2870,10,546,50,1201,04,19,14,-116,54,8,01,0,0,25600,00,0,99,0,0
130,972,2871,06,540,66,1201,44,19,13,-116,92,8,00,0,0,25600,00,0,99,0,0
131,022,2872,02,534,81,1201,84,19,12,-117,30,8,00,0,0,25600,00,0,99,0,0
131,072,2872,97,528,93,1202,24,19,11,-117,68,7,99,0,0,25600,00,0,99,0,0
131,122,2873,93,523,04,1202,64,19,10,-118,05,7,99,0,0,25600,00,0,99,0,0
131,172,2874,88,517,13,1203,04,19,09,-118,43,7,99,0,0,25600,00,1,00,0,0
131,222,2875,84,511,19,1203,44,19,08,-118,80,7,98,0,0,25600,00,1,00,0,0
131,273,2876,79,505,25,1203,84,19,07,-119,18,7,98,0,0,25600,00,1,00,0,0
131,323,2877,74,499,28,1204,24,19,06,-119,55,7,97,0,0,25600,00,1,00,0,0
131,373,2878,70,493,29,1204,63,19,05,-119,93,7,97,0,0,25600,00,1,00,0,0
131,423,2879,65,487,28,1205,03,19,04,-120,30,7,97,0,0,25600,00,1,01,0,0
131,473,2880,60,481,26,1205,43,19,03,-120,67,7,96,0,0,25600,00,1,01,0,0
131,523,2881,55,475,22,1205,83,19,02,-121,04,7,96,0,0,25600,00,1,01,0,0
131,573,2882,50,469,16,1206,23,19,01,-121,41,7,95,0,0,25600,00,1,01,0,0
131,623,2883,45,463,08,1206,62,19,00,-121,78,7,95,0,0,25600,00,1,01,0,0
131,673,2884,40,456,98,1207,02,18,99,-122,15,7,94,0,0,25600,00,1,01,0,0
131,723,2885,35,450,86,1207,42,18,98,-122,51,7,94,0,0,25600,00,1,02,0,0
131,773,2886,30,444,73,1207,81,18,97,-122,88,7,94,0,0,25600,00,1,02,0,0
131,823,2887,25,438,57,1208,21,18,95,-123,24,7,93,0,0,25600,00,1,02,0,0
131,873,2888,19,432,40,1208,61,18,94,-123,61,7,93,0,0,25600,00,1,02,0,0
131,923,2889,14,426,21,1209,00,18,93,-123,97,7,92,0,0,25600,00,1,02,0,0
131,973,2890,09,420,01,1209,40,18,92,-124,34,7,92,0,0,25600,00,1,02,0,0
132,023,2891,03,413,78,1209,80,18,91,-124,70,7,91,0,0,25600,00,1,03,0,0
132,073,2891,98,407,54,1210,19,18,90,-125,06,7,91,0,0,25600,00,1,03,0,0
132,123,2892,92,401,27,1210,59,18,89,-125,42,7,90,0,0,25600,00,1,03,0,0
132,173,2893,87,394,99,1210,98,18,88,-125,78,7,90,0,0,25600,00,1,03,0,0
132,223,2894,81,388,70,1211,38,18,87,-126,14,7,90,0,0,25600,00,1,03,0,0
132,274,2895,76,382,38,1211,77,18,86,-126,50,7,89,0,0,25600,00,1,03,0,0
132,324,2896,70,376,05,1212,17,18,85,-126,85,7,89,0,0,25600,00,1,04,0,0
132,374,2897,64,369,70,1212,56,18,84,-127,21,7,88,0,0,25600,00,1,04,0,0
132,424,2898,58,363,33,1212,95,18,83,-127,57,7,88,0,0,25600,00,1,04,0,0
132,474,2899,52,356,94,1213,35,18,82,-127,92,7,87,0,0,25600,00,1,04,0,0
132,524,2900,46,350,53,1213,74,18,81,-128,27,7,87,0,0,25600,00,1,04,0,0
132,574,2901,40,344,11,1214,13,18,80,-128,63,7,86,0,0,25600,00,1,04,0,0
132,624,2902,34,337,67,1214,53,18,78,-128,98,7,86,0,0,25600,00,1,05,0,0
132,674,2903,28,331,21,1214,92,18,77,-129,33,7,86,0,0,25600,00,1,05,0,0
132,724,2904,22,324,74,1215,31,18,76,-129,68,7,85,0,0,25600,00,1,05,0,0
132,774,2905,16,318,25,1215,71,18,75,-130,03,7,85,0,0,25600,00,1,05,0,0
132,824,2906,10,311,73,1216,10,18,74,-130,38,7,84,0,0,25600,00,1,05,0,0
132,874,2907,03,305,21,1216,49,18,73,-130,73,7,84,0,0,25600,00,1,05,0,0
132,924,2907,97,298,66,1216,88,18,72,-131,07,7,83,0,0,25600,00,1,06,0,0
132,974,2908,90,292,10,1217,27,18,71,-131,42,7,83,0,0,25600,00,1,06,0,0
133,024,2909,84,285,52,1217,66,18,70,-131,76,7,82,0,0,25600,00,1,06,0,0
133,074,2910,77,278,92,1218,06,18,69,-132,11,7,82,0,0,25600,00,1,06,0,0
133,124,2911,71,272,31,1218,45,18,68,-132,45,7,81,0,0,25600,00,1,06,0,0
133,174,2912,64,265,68,1218,84,18,66,-132,79,7,81,0,0,25600,00,1,06,0,0
133,224,2913,57,259,03,1219,23,18,65,-133,14,7,80,0,0,25600,00,1,06,0,0
133,274,2914,51,252,36,1219,62,18,64,-133,48,7,80,0,0,25600,00,1,07,0,0
133,325,2915,44,245,68,1220,01,18,63,-133,82,7,80,0,0,25600,00,1,07,0,0
133,375,2916,37,238,98,1220,40,18,62,-134,16,7,79,0,0,25600,00,1,07,0,0
133,425,2917,30,232,27,1220,79,18,61,-134,49,7,79,0,0,25600,00,1,07,0,0
133,475,2918,23,225,53,1221,18,18,60,-134,83,7,78,0,0,25600,00,1,07,0,0
133,525,2919,16,218,78,1221,56,18,59,-135,17,7,78,0,0,25600,00,1,07,0,0
133,575,2920,09,212,02,1221,95,18,57,-135,50,7,77,0,0,25600,00,1,08,0,0
133,625,2921,02,205,23,1222,34,18,56,-135,84,7,77,0,0,25600,00,1,08,0,0
133,675,2921,95,198,43,1222,73,18,55,-136,17,7,76,0,0,25600,00,1,08,0,0
133,725,2922,87,191,62,1223,12,18,54,-136,50,7,76,0,0,25600,00,1,08,0,0
133,775,2923,80,184,78,1223,51,18,53,-136,84,7,75,0,0,25600,00,1,08,0,0
133,825,2924,73,177,93,1223,89,18,52,-137,17,7,75,0,0,25600,00,1,08,0,0
133,875,2925,65,171,07,1224,28,18,51,-137,50,7,74,0,0,25600,00,1,08,0,0
133,925,2926,58,164,18,1224,67,18,49,-137,83,7,74,0,0,25600,00,1,09,0,0
133,975,2927,50,157,28,1225,05,18,48,-138,16,7,73,0,0,25600,00,1,09,0,0
134,025,2928,42,150,37,1225,44,18,47,-138,48,7,73,0,0,25600,00,1,09,0,0
134,075,2929,35,143,43,1225,83,18,46,-138,81,7,72,0,0,25600,00,1,09,0,0
134,125,2930,27,136,49,1226,21,18,45,-139,14,7,72,0,0,25600,00,1,09,0,0
134,175,2931,19,129,52,1226,60,18,44,-139,46,7,71,0,0,25600,00,1,09,0,0
134,225,2932,11,122,54,1226,98,18,43,-139,78,7,71,0,0,25600,00,1,09,0,0
134,275,2933,03,115,54,1227,37,18,41,-140,11,7,70,0,0,25600,00,1,10,0,0
134,326,2933,96,108,53,1227,76,18,40,-140,43,7,70,0,0,25600,00,1,10,0,0
134,376,2934,88,101,50,1228,14,18,39,-140,75,7,69,0,0,25600,00,1,10,0,0
134,426,2935,80,94,45,1228,52,18,38,-141,07,7,69,0,0,25600,00,1,10,0,0
134,476,2936,71,87,39,1228,91,18,37,-141,39,7,68,0,0,25600,00,1,10,0,0
134,526,2937,63,80,32,1229,29,18,36,-141,71,7,68,0,0,25600,00,1,10,0,0
134,576,2938,55,73,22,1229,68,18,34,-142,03,7,68,0,0,25600,00,1,11,0,0
134,626,2939,47,66,11,1230,06,18,33,-142,34,7,67,0,0,25600,00,1,11,0,0
134,676,2940,38,58,99,1230,44,18,32,-142,66,7,67,0,0,25600,00,1,11,0,0
134,726,2941,30,51,85,1230,83,18,31,-142,97,7,66,0,0,25600,00,1,11,0,0
134,776,2942,21,44,69,1231,21,18,30,-143,29,7,66,0,0,25600,00,1,11,0,0
134,826,2943,13,37,52,1231,59,18,28,-143,60,7,65,0,0,25600,00,1,11,0,0
134,876,2944,04,30,33,1231,97,18,27,-143,91,7,65,0,0,25600,00,1,11,0,0
134,926,2944,95,23,13,1232,36,18,26,-144,22,7,64,0,0,25600,00,1,12,0,0
134,976,2945,87,15,91,1232,74,18,25,-144,53,7,64,0,0,25600,00,1,12,0,0
135,026,2946,78,8,67,1233,12,18,24,-144,84,7,63,0,0,25600,00,1,12,0,0
135,076,2947,69,1,42,1233,50,18,22,-145,15,7,63,0,0,25600,00,1,12,0,0
135,081,2947,78,0,70,1233,54,18,22,-145,18,7,63,0,0,25600,00,1,12,0,0
135,086,2947,87,-0,03,1233,58,18,22,-145,21,7,62,0,0,25600,00,1,12,0,0
