time,posX,posY,posZ,velX,velY,velZ,thrust,mass,angleError,fuel
0,050,-0,34,2495,01,0,07,-6,85,-99,42,1,33,845000,0,39515,89,6,40,13915,9
0,100,-0,68,2490,06,0,13,-6,99,-98,81,1,27,845000,0,39502,03,6,18,13902,0
0,150,-1,04,2485,13,0,20,-7,11,-98,20,1,21,845000,0,39488,18,5,91,13888,2
0,200,-1,40,2480,24,0,25,-7,23,-97,59,1,17,845000,0,39474,32,5,59,13874,3
0,250,-1,76,2475,37,0,31,-7,34,-96,98,1,14,845000,0,39460,46,5,26,13860,5
0,300,-2,13,2470,54,0,37,-7,44,-96,36,1,11,845000,0,39446,60,4,91,13846,6
0,350,-2,50,2465,74,0,42,-7,54,-95,75,1,09,845000,0,39432,75,4,55,13832,8
0,400,-2,88,2460,97,0,48,-7,62,-95,13,1,08,845000,0,39418,89,4,21,13818,9
0,450,-3,27,2456,22,0,53,-7,70,-94,52,1,13,845000,0,39405,03,3,88,13805,0
0,500,-3,65,2451,51,0,59,-7,77,-93,91,1,13,845000,0,39391,17,3,56,13791,2
0,550,-4,04,2446,83,0,65,-7,83,-93,29,1,14,839460,0,39377,34,3,26,13777,3
0,600,-4,44,2442,18,0,70,-7,89,-92,69,1,15,828339,8,39363,68,2,98,13763,7
0,650,-4,83,2437,56,0,76,-7,94,-92,10,1,16,817486,9,39350,20,2,75,13750,2
0,700,-5,23,2432,97,0,82,-7,99,-91,52,1,19,806899,8,39336,89,2,56,13736,9
0,750,-5,63,2428,41,0,88,-8,03,-90,96,1,22,795263,7,39323,77,2,43,13723,8
0,800,-6,03,2423,88,0,94,-8,07,-90,42,1,26,782654,4,39310,84,2,35,13710,8
0,850,-6,44,2419,37,1,01,-8,11,-89,89,1,31,770425,2,39298,13,2,34,13698,1
0,900,-6,84,2414,89,1,07,-8,14,-89,37,1,36,758589,6,39285,60,2,39,13685,6
0,950,-7,25,2410,43,1,14,-8,12,-88,89,1,43,747132,9,39273,27,2,51,13673,3
1,000,-7,66,2406,00,1,22,-8,09,-88,40,1,50,736094,4,39261,07,2,66,13661,1
1,050,-8,06,2401,59,1,29,-8,05,-87,93,1,57,725315,6,39249,11,2,82,13649,1
1,100,-8,46,2397,21,1,37,-8,01,-87,47,1,64,714730,3,39237,31,2,94,13637,3
1,150,-8,86,2392,84,1,46,-7,96,-87,03,1,71,704429,8,39225,69,3,04,13625,7
1,200,-9,26,2388,50,1,54,-7,91,-86,60,1,77,694426,8,39214,23,3,11,13614,2
1,250,-9,65,2384,18,1,63,-7,86,-86,18,1,83,684679,1,39202,93,3,14,13602,9
1,300,-10,04,2379,88,1,73,-7,81,-85,78,1,88,675201,3,39191,79,3,14,13591,8
1,350,-10,43,2375,61,1,82,-7,76,-85,38,1,93,666009,3,39180,81,3,13,13580,8
1,400,-10,82,2371,35,1,92,-7,71,-85,00,1,97,657064,1,39169,97,3,09,13570,0
1,450,-11,20,2367,10,2,02,-7,66,-84,63,2,01,648382,6,39159,28,3,05,13559,3
1,500,-11,59,2362,88,2,12,-7,60,-84,27,2,05,639982,6,39148,72,3,01,13548,7
1,550,-11,96,2358,68,2,22,-7,55,-83,92,2,08,631826,6,39138,30,2,97,13538,3
1,600,-12,34,2354,49,2,33,-7,50,-83,58,2,10,623905,4,39128,02,2,94,13528,0
1,650,-12,71,2350,32,2,43,-7,44,-83,25,2,12,616237,5,39117,86,2,92,13517,9
1,700,-13,08,2346,16,2,54,-7,39,-82,94,2,08,608249,4,39107,79,2,93,13507,8
1,750,-13,45,2342,03,2,64,-7,33,-82,63,2,06,601745,3,39097,87,2,95,13497,9
1,800,-13,82,2337,90,2,74,-7,27,-82,33,2,03,594724,4,39088,07,2,96,13488,1
1,850,-14,18,2333,79,2,85,-7,22,-82,03,2,00,587920,0,39078,38,2,96,13478,4
1,900,-14,54,2329,70,2,94,-7,17,-81,75,1,97,581266,6,39068,80,2,95,13468,8
1,950,-14,90,2325,62,3,04,-7,12,-81,47,1,94,574810,9,39059,33,2,93,13459,3
2,000,-15,25,2321,55,3,14,-7,08,-81,20,1,91,568544,0,39049,96,2,89,13450,0
2,050,-15,60,2317,50,3,23,-7,04,-80,94,1,88,562457,4,39040,70,2,84,13440,7
2,100,-15,96,2313,46,3,33,-7,00,-80,69,1,84,556543,6,39031,53,2,79,13431,5
2,150,-16,30,2309,43,3,42,-6,96,-80,45,1,81,550794,6,39022,46,2,72,13422,5
2,200,-16,65,2305,41,3,51,-6,93,-80,21,1,77,545204,3,39013,48,2,65,13413,5
2,250,-17,00,2301,41,3,59,-6,90,-79,98,1,74,539792,7,39004,59,2,58,13404,6
2,300,-17,34,2297,41,3,68,-6,88,-79,75,1,70,534526,1,38995,79,2,51,13395,8
2,350,-17,69,2293,43,3,76,-6,86,-79,53,1,66,529426,3,38987,07,2,45,13387,1
2,400,-18,03,2289,46,3,85,-6,84,-79,32,1,63,524487,3,38978,44,2,40,13378,4
2,450,-18,37,2285,50,3,93,-6,82,-79,12,1,59,519675,1,38969,89,2,36,13369,9
2,500,-18,71,2281,55,4,01,-6,85,-78,92,1,55,502214,4,38961,38,2,35,13361,4
2,550,-19,05,2277,61,4,08,-6,86,-78,73,1,51,510637,4,38952,97,2,34,13353,0
2,600,-19,40,2273,68,4,16,-6,87,-78,54,1,47,506251,9,38944,64,2,34,13344,6
2,650,-19,74,2269,75,4,23,-6,89,-78,36,1,44,501998,4,38936,38,2,34,13336,4
2,700,-20,09,2265,84,4,30,-6,91,-78,18,1,40,497843,5,38928,19,2,33,13328,2
2,750,-20,43,2261,94,4,37,-6,93,-78,01,1,37,493809,1,38920,06,2,31,13320,1
2,800,-20,78,2258,04,4,44,-6,95,-77,84,1,34,489889,5,38912,00,2,29,13312,0
2,850,-21,13,2254,15,4,50,-6,97,-77,68,1,31,486107,3,38904,00,2,26,13304,0
2,900,-21,48,2250,27,4,57,-7,00,-77,52,1,28,482402,3,38896,07,2,23,13296,1
2,950,-21,83,2246,40,4,63,-7,02,-77,37,1,25,478797,7,38888,19,2,19,13288,2
3,000,-22,18,2242,53,4,69,-7,04,-77,22,1,23,475316,3,38880,38,2,15,13280,4
3,050,-22,53,2238,68,4,75,-7,07,-77,08,1,21,471926,3,38872,61,2,12,13272,6
3,100,-22,89,2234,83,4,81,-7,10,-76,94,1,19,468651,4,38864,91,2,09,13264,9
3,150,-23,24,2230,98,4,87,-7,12,-76,80,1,18,465460,0,38857,25,2,07,13257,3
3,200,-23,60,2227,15,4,93,-7,15,-76,67,1,16,462376,0,38849,65,2,06,13249,7
3,250,-23,96,2223,32,4,99,-7,18,-76,55,1,18,484512,0,38842,05,2,07,13242,1
3,300,-24,32,2219,49,5,05,-7,21,-76,42,1,19,456586,0,38834,56,2,09,13234,6
3,350,-24,68,2215,67,5,11,-7,24,-76,30,1,20,453742,9,38827,10,2,11,13227,1
3,400,-25,04,2211,86,5,17,-7,27,-76,19,1,22,450992,7,38819,69,2,13,13219,7
3,450,-25,40,2208,05,5,23,-7,30,-76,07,1,23,448331,9,38812,32,2,15,13212,3
3,500,-25,77,2204,25,5,29,-7,33,-75,96,1,25,445728,8,38804,99,2,16,13205,0
3,550,-26,14,2200,46,5,36,-7,36,-75,86,1,27,443207,4,38797,70,2,16,13197,7
3,600,-26,51,2196,67,5,42,-7,38,-75,75,1,29,440764,3,38790,46,2,15,13190,5
3,650,-26,88,2192,88,5,48,-7,40,-75,65,1,31,438368,7,38783,26,2,14,13183,3
3,700,-27,25,2189,10,5,55,-7,43,-75,55,1,33,436045,5,38776,09,2,13,13176,1
3,750,-27,62,2185,33,5,62,-7,45,-75,46,1,35,433791,0,38768,96,2,11,13169,0
3,800,-27,99,2181,56,5,69,-7,47,-75,37,1,37,431603,0,38761,88,2,09,13161,9
3,850,-28,36,2177,79,5,75,-7,48,-75,28,1,40,429479,1,38754,82,2,07,13154,8
3,900,-28,74,2174,03,5,83,-7,50,-75,19,1,42,427416,3,38747,79,2,06,13147,8
3,950,-29,11,2170,27,5,90,-7,51,-75,10,1,45,425412,4,38740,80,2,06,13140,8
4,000,-29,49,2166,52,5,97,-7,52,-75,02,1,47,423492,8,38733,85,2,07,13133,9
4,050,-29,87,2162,77,6,04,-7,50,-74,95,1,50,426671,5,38726,89,2,10,13126,9
4,100,-30,24,2159,02,6,12,-7,49,-74,87,1,53,419846,8,38720,00,2,13,13120,0
4,150,-30,61,2155,28,6,20,-7,47,-74,80,1,56,418041,0,38713,13,2,16,13113,1
4,200,-30,99,2151,54,6,28,-7,46,-74,72,1,59,416294,6,38706,30,2,19,13106,3
4,250,-31,36,2147,81,6,36,-7,44,-74,65,1,62,414550,4,38699,48,2,22,13099,5
4,300,-31,73,2144,08,6,44,-7,43,-74,58,1,64,412862,4,38692,70,2,23,13092,7
4,350,-32,10,2140,35,6,52,-7,41,-74,52,1,67,411201,1,38685,95,2,24,13086,0
4,400,-32,47,2136,63,6,60,-7,39,-74,45,1,69,409592,7,38679,22,2,23,13079,2
4,450,-32,84,2132,91,6,69,-7,37,-74,39,1,72,407981,4,38672,52,2,22,13072,5
4,500,-33,21,2129,19,6,78,-7,35,-74,33,1,74,406420,3,38665,85,2,20,13065,9
4,550,-33,58,2125,47,6,86,-7,33,-74,27,1,76,404909,3,38659,20,2,17,13059,2
4,600,-33,94,2121,76,6,95,-7,30,-74,22,1,78,403419,3,38652,57,2,14,13052,6
4,650,-34,31,2118,05,7,04,-7,28,-74,16,1,80,401949,2,38645,97,2,11,13046,0
4,700,-34,67,2114,35,7,13,-7,26,-74,11,1,82,400525,8,38639,39,2,07,13039,4
4,750,-35,03,2110,64,7,22,-7,24,-74,06,1,83,399147,8,38632,84,2,03,13032,8
4,800,-35,39,2106,94,7,32,-7,21,-74,01,1,84,397787,4,38626,31,2,00,13026,3
4,850,-35,75,2103,24,7,41,-7,19,-73,96,1,86,396443,7,38619,80,1,97,13019,8
4,900,-36,11,2099,54,7,50,-7,17,-73,91,1,87,395143,5,38613,31,1,94,13013,3
4,950,-36,47,2095,85,7,59,-7,14,-73,87,1,87,393885,8,38606,85,1,93,13006,9
5,000,-36,83,2092,16,7,69,-7,12,-73,83,1,85,397433,9,38600,38,1,93,13000,4
5,050,-37,18,2088,47,7,78,-7,09,-73,79,1,84,391518,1,38593,95,1,94,12994,0
5,100,-37,54,2084,78,7,87,-7,07,-73,75,1,83,390353,9,38587,54,1,94,12987,5
5,150,-37,89,2081,09,7,96,-7,04,-73,71,1,82,389174,5,38581,15,1,95,12981,2
5,200,-38,24,2077,41,8,05,-7,02,-73,67,1,81,388061,4,38574,78,1,95,12974,8
5,250,-38,59,2073,72,8,14,-6,99,-73,64,1,80,386958,7,38568,43,1,95,12968,4
5,300,-38,94,2070,04,8,23,-6,97,-73,60,1,78,385864,8,38562,09,1,94,12962,1
5,350,-39,29,2066,36,8,32,-6,95,-73,57,1,77,384806,7,38555,78,1,92,12955,8
5,400,-39,63,2062,69,8,41,-6,93,-73,54,1,75,383756,1,38549,48,1,90,12949,5
5,450,-39,98,2059,01,8,50,-6,91,-73,51,1,74,382739,5,38543,20,1,87,12943,2
5,500,-40,33,2055,34,8,58,-6,89,-73,48,1,72,381756,3,38536,93,1,84,12936,9
5,550,-40,67,2051,66,8,67,-6,87,-73,45,1,70,380778,6,38530,68,1,80,12930,7
5,600,-41,01,2047,99,8,76,-6,86,-73,42,1,69,379832,9,38524,45,1,77,12924,5
5,650,-41,36,2044,32,8,84,-6,84,-73,39,1,67,378918,2,38518,23,1,73,12918,2
5,700,-41,70,2040,65,8,92,-6,83,-73,37,1,65,378006,7,38512,02,1,69,12912,0
5,750,-42,04,2036,98,9,00,-6,82,-73,34,1,63,377125,6,38505,84,1,65,12905,8
5,800,-42,38,2033,32,9,09,-6,81,-73,32,1,62,376246,3,38499,66,1,62,12899,7
5,850,-42,72,2029,65,9,17,-6,80,-73,30,1,60,375424,1,38493,50,1,59,12893,5
5,900,-43,06,2025,99,9,25,-6,79,-73,28,1,58,374574,8,38487,35,1,58,12887,4
5,950,-43,40,2022,32,9,32,-6,81,-73,26,1,56,378373,3,38481,19,1,57,12881,2
6,000,-43,74,2018,66,9,40,-6,81,-73,24,1,54,373086,5,38475,07,1,57,12875,1
6,050,-44,08,2015,00,9,48,-6,82,-73,23,1,52,372317,1,38468,96,1,56,12869,0
6,100,-44,42,2011,34,9,55,-6,82,-73,21,1,50,371574,3,38462,87,1,56,12862,9
6,150,-44,76,2007,68,9,63,-6,83,-73,19,1,48,370857,3,38456,78,1,56,12856,8
6,200,-45,10,2004,02,9,70,-6,84,-73,18,1,47,370138,0,38450,71,1,55,12850,7
6,250,-45,45,2000,36,9,77,-6,85,-73,16,1,45,369443,2,38444,65,1,53,12844,7
6,300,-45,79,1996,70,9,85,-6,86,-73,15,1,43,368745,1,38438,60,1,52,12838,6
6,350,-46,13,1993,05,9,92,-6,87,-73,13,1,42,368070,1,38432,56,1,50,12832,6
6,400,-46,48,1989,39,9,99,-6,88,-73,12,1,40,367417,8,38426,53,1,48,12826,5
6,450,-46,82,1985,73,10,06,-6,89,-73,11,1,39,366788,3,38420,51,1,45,12820,5
6,500,-47,16,1982,08,10,13,-6,90,-73,10,1,38,366152,7,38414,50,1,43,12814,5
6,550,-47,51,1978,42,10,20,-6,91,-73,09,1,37,365538,6,38408,51,1,41,12808,5
6,600,-47,86,1974,77,10,26,-6,93,-73,08,1,35,364945,3,38402,52,1,38,12802,5
6,650,-48,20,1971,12,10,33,-6,94,-73,07,1,35,364372,8,38396,54,1,37,12796,5
6,700,-48,55,1967,46,10,40,-6,95,-73,06,1,34,363792,9,38390,57,1,35,12790,6
6,750,-48,90,1963,81,10,47,-6,97,-73,05,1,33,363260,4,38384,61,1,35,12784,6
6,800,-49,25,1960,16,10,53,-6,98,-73,05,1,32,362719,8,38378,66,1,35,12778,7
6,850,-49,60,1956,51,10,60,-6,99,-73,05,1,35,362184,7,38372,70,1,36,12772,7
6,900,-49,95,1952,85,10,67,-7,01,-73,04,1,35,361761,4,38366,76,1,37,12766,8
6,950,-50,30,1949,20,10,73,-7,02,-73,03,1,36,361274,2,38360,84,1,38,12760,8
7,000,-50,65,1945,55,10,80,-7,04,-73,03,1,36,360777,0,38354,92,1,39,12754,9
7,050,-51,00,1941,90,10,87,-7,05,-73,03,1,37,360297,5,38349,01,1,40,12749,0
7,100,-51,35,1938,25,10,94,-7,07,-73,02,1,38,359834,9,38343,11,1,40,12743,1
7,150,-51,71,1934,60,11,01,-7,08,-73,02,1,39,359388,8,38337,21,1,40,12737,2
7,200,-52,06,1930,94,11,08,-7,09,-73,02,1,40,358931,3,38331,32,1,39,12731,3
7,250,-52,42,1927,29,11,15,-7,10,-73,01,1,41,358489,4,38325,44,1,38,12725,4
7,300,-52,77,1923,64,11,22,-7,12,-73,01,1,42,358063,1,38319,57,1,36,12719,6
7,350,-53,13,1919,99,11,29,-7,13,-73,01,1,43,357651,8,38313,70,1,35,12713,7
7,400,-53,48,1916,34,11,36,-7,14,-73,01,1,44,357255,0,38307,84,1,33,12707,8
7,450,-53,84,1912,69,11,43,-7,14,-73,01,1,45,356844,7,38301,99,1,31,12702,0
7,500,-54,20,1909,04,11,51,-7,15,-73,01,1,46,356476,3,38296,14,1,29,12696,1
7,550,-54,56,1905,39,11,58,-7,16,-73,01,1,48,356094,1,38290,30,1,28,12690,3
7,600,-54,91,1901,74,11,65,-7,17,-73,01,1,49,355725,4,38284,46,1,27,12684,5
7,650,-55,27,1898,09,11,73,-7,17,-73,01,1,50,355369,9,38278,64,1,26,12678,6
7,700,-55,63,1894,44,11,81,-7,18,-73,01,1,52,355027,7,38272,81,1,26,12672,8
7,750,-55,99,1890,79,11,88,-7,16,-73,02,1,53,359146,3,38266,97,1,27,12667,0
7,800,-56,35,1887,13,11,96,-7,15,-73,02,1,54,354445,7,38261,16,1,28,12661,2
7,850,-56,71,1883,48,12,04,-7,14,-73,02,1,56,354110,3,38255,35,1,29,12655,4
7,900,-57,06,1879,83,12,11,-7,13,-73,03,1,57,353814,6,38249,55,1,30,12649,6
7,950,-57,42,1876,18,12,19,-7,13,-73,03,1,59,353503,2,38243,75,1,31,12643,8
8,000,-57,78,1872,53,12,27,-7,12,-73,03,1,60,353202,9,38237,96,1,31,12638,0
8,050,-58,13,1868,88,12,35,-7,11,-73,04,1,61,352913,6,38232,17,1,31,12632,2
8,100,-58,49,1865,23,12,43,-7,10,-73,04,1,63,352635,1,38226,39,1,30,12626,4
8,150,-58,84,1861,57,12,52,-7,09,-73,05,1,64,352339,3,38220,61,1,29,12620,6
8,200,-59,19,1857,92,12,60,-7,08,-73,05,1,65,352081,3,38214,84,1,27,12614,8
8,250,-59,55,1854,27,12,68,-7,07,-73,06,1,66,351805,8,38209,07,1,26,12609,1
8,300,-59,90,1850,62,12,76,-7,06,-73,06,1,67,351539,3,38203,30,1,23,12603,3
8,350,-60,25,1846,96,12,85,-7,05,-73,07,1,68,351282,6,38197,54,1,21,12597,5
8,400,-60,61,1843,31,12,93,-7,03,-73,07,1,69,351034,8,38191,79,1,18,12591,8
8,450,-60,96,1839,65,13,02,-7,02,-73,08,1,70,350796,1,38186,03,1,15,12586,0
8,500,-61,31,1836,00,13,10,-7,01,-73,08,1,70,350538,3,38180,28,1,12,12580,3
8,550,-61,66,1832,35,13,19,-7,00,-73,09,1,71,350344,3,38174,54,1,10,12574,5
8,600,-62,01,1828,69,13,27,-6,99,-73,10,1,72,350103,6,38168,80,1,07,12568,8
8,650,-62,36,1825,04,13,36,-6,98,-73,10,1,72,349898,6,38163,06,1,05,12563,1
8,700,-62,71,1821,38,13,44,-6,96,-73,11,1,73,349674,2,38157,33,1,03,12557,3
8,750,-63,05,1817,73,13,53,-6,95,-73,12,1,73,349485,4,38151,59,1,02,12551,6
8,800,-63,40,1814,07,13,62,-6,94,-73,13,1,71,340196,9,38145,85,1,01,12545,9
8,850,-63,75,1810,41,13,70,-6,93,-73,14,1,71,349138,9,38140,12,1,01,12540,1
8,900,-64,09,1806,76,13,79,-6,91,-73,14,1,70,348969,8,38134,39,1,01,12534,4
8,950,-64,44,1803,10,13,87,-6,90,-73,15,1,70,348780,5,38128,67,1,00,12528,7
9,000,-64,78,1799,44,13,96,-6,89,-73,16,1,69,348598,3,38122,96,1,00,12523,0
9,050,-65,13,1795,78,14,04,-6,88,-73,17,1,69,348395,3,38117,25,0,99,12517,3
9,100,-65,47,1792,12,14,13,-6,87,-73,18,1,68,348254,1,38111,54,0,97,12511,5
9,150,-65,82,1788,46,14,21,-6,86,-73,18,1,68,348064,1,38105,83,0,96,12505,8
9,200,-66,16,1784,81,14,29,-6,85,-73,19,1,67,347907,8,38100,13,0,94,12500,1
9,250,-66,50,1781,15,14,38,-6,84,-73,20,1,66,347730,3,38094,42,0,92,12494,4
9,300,-66,84,1777,49,14,46,-6,83,-73,21,1,66,347586,4,38088,72,0,90,12488,7
9,350,-67,18,1773,82,14,54,-6,82,-73,22,1,65,347420,7,38083,02,0,88,12483,0
9,400,-67,52,1770,16,14,63,-6,81,-73,23,1,64,347260,8,38077,33,0,85,12477,3
9,450,-67,86,1766,50,14,71,-6,80,-73,24,1,64,347133,9,38071,64,0,83,12471,6
9,500,-68,20,1762,84,14,79,-6,79,-73,24,1,63,346984,9,38065,95,0,80,12466,0
9,550,-68,54,1759,18,14,87,-6,79,-73,25,1,62,346841,2,38060,26,0,78,12460,3
9,600,-68,88,1755,52,14,95,-6,78,-73,25,1,61,366838,3,38054,40,0,76,12454,4
9,650,-69,22,1751,85,15,03,-6,77,-73,23,1,61,367619,9,38048,38,0,74,12448,4
9,700,-69,56,1748,19,15,11,-6,77,-73,21,1,60,368643,9,38042,34,0,72,12442,3
9,750,-69,90,1744,53,15,19,-6,76,-73,19,1,59,369690,6,38036,29,0,70,12436,3
9,800,-70,23,1740,87,15,27,-6,76,-73,17,1,58,370705,7,38030,22,0,70,12430,2
9,850,-70,57,1737,22,15,35,-6,78,-73,15,1,57,371955,4,38024,11,0,69,12424,1
9,900,-70,91,1733,56,15,43,-6,78,-73,12,1,56,372685,3,38018,01,0,69,12418,0
9,950,-71,25,1729,90,15,51,-6,78,-73,10,1,56,373633,0,38011,89,0,68,12411,9
10,000,-71,59,1726,25,15,58,-6,78,-73,07,1,55,374496,0,38005,76,0,67,12405,8
10,050,-71,93,1722,60,15,66,-6,78,-73,04,1,54,375413,2,37999,61,0,66,12399,6
10,100,-72,27,1718,94,15,74,-6,79,-73,01,1,53,376301,8,37993,45,0,65,12393,5
10,150,-72,61,1715,29,15,81,-6,79,-72,98,1,52,377135,0,37987,27,0,63,12387,3
10,200,-72,95,1711,65,15,89,-6,79,-72,95,1,52,378023,7,37981,08,0,61,12381,1
10,250,-73,29,1708,00,15,97,-6,79,-72,92,1,51,378803,1,37974,88,0,59,12374,9
10,300,-73,63,1704,35,16,04,-6,79,-72,88,1,50,379638,8,37968,66,0,57,12368,7
10,350,-73,97,1700,71,16,12,-6,80,-72,84,1,50,380421,1,37962,43,0,55,12362,4
10,400,-74,31,1697,07,16,19,-6,80,-72,81,1,49,381178,3,37956,18,0,53,12356,2
10,450,-74,65,1693,43,16,26,-6,80,-72,77,1,49,381938,3,37949,93,0,51,12349,9
10,500,-74,99,1689,79,16,34,-6,80,-72,73,1,48,382646,4,37943,66,0,49,12343,7
10,550,-75,33,1686,16,16,41,-6,81,-72,69,1,48,383358,1,37937,38,0,48,12337,4
10,600,-75,67,1682,52,16,49,-6,81,-72,65,1,47,384074,3,37931,09,0,46,12331,1
10,650,-76,01,1678,89,16,56,-6,81,-72,61,1,47,384795,1,37924,79,0,45,12324,8
10,700,-76,35,1675,26,16,63,-6,82,-72,57,1,47,385466,3,37918,47,0,44,12318,5
10,750,-76,69,1671,64,16,71,-6,82,-72,52,1,47,386087,7,37912,15,0,44,12312,2
10,800,-77,03,1668,01,16,78,-6,82,-72,48,1,49,387069,1,37905,79,0,45,12305,8
10,850,-77,37,1664,39,16,86,-6,83,-72,43,1,49,387479,4,37899,44,0,45,12299,4
10,900,-77,71,1660,77,16,93,-6,83,-72,39,1,49,388062,2,37893,09,0,45,12293,1
10,950,-78,06,1657,15,17,01,-6,84,-72,34,1,49,388624,4,37886,72,0,44,12286,7
11,000,-78,40,1653,53,17,08,-6,84,-72,29,1,49,389194,7,37880,34,0,44,12280,3
11,050,-78,74,1649,92,17,15,-6,84,-72,24,1,50,389772,8,37873,95,0,43,12274,0
11,100,-79,08,1646,31,17,23,-6,85,-72,19,1,50,390304,3,37867,55,0,42,12267,6
11,150,-79,42,1642,70,17,30,-6,85,-72,14,1,50,390899,8,37861,15,0,41,12261,2
11,200,-79,77,1639,09,17,38,-6,85,-72,09,1,50,391421,4,37854,74,0,39,12254,7
11,250,-80,11,1635,49,17,45,-6,86,-72,04,1,50,391925,3,37848,32,0,38,12248,3
11,300,-80,45,1631,89,17,53,-6,86,-71,98,1,50,392438,9,37841,89,0,36,12241,9
11,350,-80,80,1628,29,17,60,-6,86,-71,93,1,50,392962,8,37835,45,0,35,12235,5
11,400,-81,14,1624,70,17,68,-6,86,-71,88,1,50,393442,3,37829,00,0,33,12229,0
11,450,-81,48,1621,11,17,75,-6,86,-71,82,1,50,393932,5,37822,55,0,31,12222,6
11,500,-81,82,1617,52,17,83,-6,86,-71,76,1,50,394379,2,37816,09,0,30,12216,1
11,550,-82,17,1613,93,17,91,-6,87,-71,71,1,51,394809,4,37809,62,0,28,12209,6
11,600,-82,51,1610,35,17,98,-6,87,-71,65,1,51,395279,5,37803,14,0,26,12203,1
11,650,-82,85,1606,76,18,06,-6,87,-71,59,1,51,395678,9,37796,66,0,25,12196,7
11,700,-83,20,1603,19,18,13,-6,87,-71,53,1,51,396063,2,37790,16,0,24,12190,2
11,750,-83,54,1599,61,18,21,-6,87,-71,48,1,51,396488,0,37783,67,0,23,12183,7
11,800,-83,89,1596,04,18,28,-6,87,-71,42,1,51,396953,8,37777,16,0,22,12177,2
11,850,-84,23,1592,47,18,36,-6,87,-71,36,1,51,397294,8,37770,65,0,21,12170,7
11,900,-84,57,1588,90,18,43,-6,87,-71,29,1,52,397704,8,37764,14,0,21,12164,1
11,950,-84,92,1585,34,18,51,-6,85,-71,24,1,52,398045,8,37757,61,0,21,12157,6
12,000,-85,26,1581,78,18,59,-6,85,-71,17,1,52,398421,3,37751,07,0,22,12151,1
12,050,-85,60,1578,22,18,66,-6,84,-71,11,1,52,398816,9,37744,54,0,22,12144,5
12,100,-85,94,1574,67,18,74,-6,84,-71,05,1,53,400937,7,37737,96,0,22,12138,0
12,150,-86,28,1571,12,18,81,-6,86,-71,00,1,53,400066,4,37731,38,0,22,12131,4
12,200,-86,63,1567,57,18,89,-6,83,-70,94,1,53,412818,0,37724,74,0,22,12124,7
12,250,-86,97,1564,02,18,97,-6,83,-70,89,1,53,415408,0,37718,09,0,22,12118,1
12,300,-87,31,1560,48,19,04,-6,83,-70,85,1,53,410560,1,37711,38,0,22,12111,4
12,350,-87,65,1556,94,19,12,-6,83,-70,80,1,54,411203,3,37704,66,0,21,12104,7
12,400,-87,99,1553,40,19,20,-6,82,-70,76,1,54,411712,5,37697,91,0,21,12097,9
12,450,-88,34,1549,86,19,27,-6,82,-70,71,1,54,412082,6,37691,16,0,21,12091,2
12,500,-88,68,1546,33,19,35,-6,82,-70,66,1,54,412421,0,37684,40,0,20,12084,4
12,550,-89,02,1542,80,19,43,-6,82,-70,60,1,54,398755,9,37677,70,0,19,12077,7
12,600,-89,36,1539,27,19,51,-6,82,-70,54,1,54,412121,4,37670,95,0,19,12071,0
12,650,-89,70,1535,74,19,58,-6,82,-70,48,1,55,400495,5,37664,24,0,18,12064,2
12,700,-90,04,1532,22,19,66,-6,82,-70,42,1,55,412108,2,37657,49,0,18,12057,5
12,750,-90,38,1528,70,19,74,-6,83,-70,36,1,55,412512,9,37650,73,0,17,12050,7
12,800,-90,72,1525,18,19,82,-6,81,-70,30,1,55,404915,5,37644,00,0,16,12044,0
12,850,-91,07,1521,67,19,89,-6,83,-70,23,1,55,412294,3,37637,24,0,15,12037,2
12,900,-91,41,1518,16,19,97,-6,81,-70,16,1,55,406071,2,37630,51,0,15,12030,5
12,950,-91,75,1514,65,20,05,-6,82,-70,10,1,55,412056,6,37623,75,0,14,12023,8
13,000,-92,09,1511,15,20,13,-6,82,-70,03,1,55,412079,3,37617,00,0,13,12017,0
13,050,-92,43,1507,65,20,20,-6,82,-69,96,1,56,411970,3,37610,24,0,12,12010,2
13,100,-92,77,1504,15,20,28,-6,81,-69,89,1,56,412039,8,37603,49,0,12,12003,5
13,150,-93,11,1500,66,20,36,-6,82,-69,82,1,56,408464,2,37596,74,0,11,11996,7
13,200,-93,45,1497,17,20,44,-6,80,-69,74,1,56,413145,7,37589,99,0,10,11990,0
13,250,-93,79,1493,69,20,51,-6,81,-69,67,1,56,409035,1,37583,25,0,09,11983,3
13,300,-94,13,1490,21,20,59,-6,80,-69,59,1,56,412582,4,37576,50,0,09,11976,5
13,350,-94,47,1486,73,20,67,-6,81,-69,52,1,56,411281,0,37569,76,0,08,11969,8
13,400,-94,81,1483,26,20,75,-6,81,-69,44,1,56,410937,4,37563,02,0,07,11963,0
13,450,-95,15,1479,79,20,83,-6,81,-69,36,1,56,410959,4,37556,28,0,07,11956,3
13,500,-95,49,1476,32,20,90,-6,80,-69,28,1,56,411074,6,37549,54,0,06,11949,5
13,550,-95,83,1472,86,20,98,-6,80,-69,20,1,56,410336,2,37542,80,0,06,11942,8
13,600,-96,17,1469,40,21,06,-6,80,-69,12,1,56,411438,1,37536,06,0,05,11936,1
13,650,-96,51,1465,94,21,14,-6,79,-69,04,1,56,411312,2,37529,33,0,04,11929,3
13,700,-96,85,1462,49,21,22,-6,79,-68,96,1,56,410870,8,37522,59,0,04,11922,6
13,750,-97,19,1459,05,21,29,-6,79,-68,88,1,56,410861,0,37515,86,0,03,11915,9
13,800,-97,53,1455,61,21,37,-6,79,-68,80,1,56,411059,6,37509,13,0,03,11909,1
13,850,-97,87,1452,17,21,45,-6,79,-68,72,1,56,410758,9,37502,39,0,03,11902,4
13,900,-98,21,1448,73,21,53,-6,79,-68,64,1,56,410784,1,37495,65,0,03,11895,7
13,950,-98,55,1445,30,21,61,-6,79,-68,56,1,56,410806,3,37488,91,0,02,11888,9
14,000,-98,89,1441,88,21,68,-6,79,-68,48,1,56,410825,6,37482,18,0,02,11882,2
14,050,-99,23,1438,46,21,76,-6,78,-68,40,1,56,410841,8,37475,44,0,02,11875,4
14,100,-99,57,1435,04,21,84,-6,78,-68,32,1,56,410855,5,37468,70,0,00,11868,7
14,150,-99,91,1431,62,21,92,-6,78,-68,23,1,56,410896,3,37461,96,0,02,11862,0
14,200,-100,24,1428,21,22,00,-6,78,-68,15,1,56,410878,7,37455,22,0,02,11855,2
14,250,-100,58,1424,81,22,07,-6,78,-68,07,1,56,410884,2,37448,48,0,02,11848,5
14,300,-100,92,1421,41,22,15,-6,78,-67,99,1,56,410915,3,37441,75,0,02,11841,8
14,350,-101,26,1418,01,22,23,-6,77,-67,91,1,56,410888,4,37435,01,0,02,11835,0
14,400,-101,60,1414,62,22,31,-6,77,-67,83,1,56,410887,1,37428,27,0,02,11828,3
14,450,-101,94,1411,23,22,38,-6,77,-67,74,1,56,410883,1,37421,53,0,03,11821,5
14,500,-102,28,1407,84,22,46,-6,77,-67,66,1,55,410994,1,37414,79,0,03,11814,8
14,550,-102,62,1404,46,22,54,-6,77,-67,58,1,55,411080,6,37408,05,0,03,11808,1
14,600,-102,95,1401,08,22,62,-6,77,-67,50,1,55,411115,2,37401,32,0,03,11801,3
14,650,-103,29,1397,71,22,69,-6,76,-67,42,1,55,411202,9,37394,58,0,03,11794,6
14,700,-103,63,1394,34,22,77,-6,76,-67,34,1,55,411153,6,37387,84,0,04,11787,8
14,750,-103,97,1390,98,22,85,-6,76,-67,25,1,55,411325,1,37381,10,0,04,11781,1
14,800,-104,31,1387,62,22,93,-6,76,-67,17,1,55,411604,1,37374,36,0,04,11774,4
14,850,-104,64,1384,26,23,01,-6,76,-67,09,1,55,411308,4,37367,61,0,04,11767,6
14,900,-104,98,1380,91,23,08,-6,75,-67,01,1,55,411720,4,37360,87,0,05,11760,9
14,950,-105,32,1377,56,23,16,-6,75,-66,93,1,55,411725,4,37354,13,0,05,11754,1
15,000,-105,66,1374,21,23,24,-6,75,-66,85,1,55,411755,1,37347,38,0,05,11747,4
15,050,-105,99,1370,87,23,32,-6,75,-66,76,1,55,411592,4,37340,64,0,05,11740,6
15,100,-106,33,1367,54,23,39,-6,75,-66,68,1,55,410763,8,37333,89,0,05,11733,9
15,150,-106,67,1364,21,23,47,-6,74,-66,60,1,55,411342,7,37327,15,0,05,11727,2
15,200,-107,01,1360,88,23,55,-6,74,-66,52,1,55,411478,6,37320,40,0,06,11720,4
15,250,-107,34,1357,55,23,62,-6,74,-66,44,1,55,411970,0,37313,66,0,06,11713,7
15,300,-107,68,1354,23,23,70,-6,74,-66,36,1,55,412024,1,37306,91,0,06,11706,9
15,350,-108,02,1350,92,23,78,-6,74,-66,27,1,54,410802,9,37300,16,0,06,11700,2
15,400,-108,35,1347,61,23,86,-6,73,-66,19,1,54,410797,6,37293,41,0,06,11693,4
15,450,-108,69,1344,30,23,93,-6,73,-66,11,1,55,411368,3,37286,66,0,06,11686,7
15,500,-109,03,1341,00,24,01,-6,73,-66,03,1,55,411523,8,37279,91,0,06,11679,9
15,550,-109,36,1337,70,24,09,-6,73,-65,95,1,55,412002,3,37273,17,0,06,11673,2
15,600,-109,70,1334,40,24,17,-6,72,-65,86,1,55,411685,1,37266,42,0,06,11666,4
15,650,-110,04,1331,11,24,24,-6,72,-65,78,1,54,410727,0,37259,68,0,06,11659,7
15,700,-110,37,1327,82,24,32,-6,72,-65,70,1,55,411370,4,37252,93,0,06,11652,9
15,750,-110,71,1324,54,24,40,-6,72,-65,62,1,55,411809,7,37246,18,0,05,11646,2
15,800,-111,04,1321,26,24,48,-6,72,-65,54,1,55,411535,0,37239,44,0,05,11639,4
15,850,-111,38,1317,99,24,55,-6,71,-65,45,1,54,410702,7,37232,70,0,05,11632,7
15,900,-111,72,1314,72,24,63,-6,71,-65,37,1,55,411278,3,37225,95,0,05,11626,0
15,950,-112,05,1311,45,24,71,-6,71,-65,29,1,55,411792,6,37219,21,0,05,11619,2
16,000,-112,39,1308,19,24,78,-6,71,-65,21,1,54,410761,8,37212,47,0,05,11612,5
16,050,-112,72,1304,93,24,86,-6,71,-65,12,1,54,411272,6,37205,73,0,05,11605,7
16,100,-113,06,1301,68,24,94,-6,70,-65,04,1,54,410672,0,37198,99,0,05,11599,0
16,150,-113,39,1298,43,25,02,-6,70,-64,96,1,54,411097,7,37192,25,0,05,11592,3
16,200,-113,73,1295,18,25,09,-6,70,-64,87,1,54,411489,9,37185,52,0,04,11585,5
16,250,-114,06,1291,94,25,17,-6,70,-64,79,1,54,410967,4,37178,78,0,04,11578,8
16,300,-114,40,1288,70,25,25,-6,70,-64,71,1,54,410550,4,37172,04,0,04,11572,0
16,350,-114,73,1285,47,25,32,-6,70,-64,63,1,54,411265,5,37165,30,0,04,11565,3
16,400,-115,07,1282,24,25,40,-6,69,-64,54,1,54,410877,4,37158,57,0,04,11558,6
16,450,-115,40,1279,01,25,48,-6,69,-64,46,1,54,410509,8,37151,84,0,04,11551,8
16,500,-115,74,1275,79,25,55,-6,69,-64,38,1,54,410429,1,37145,10,0,04,11545,1
16,550,-116,07,1272,58,25,63,-6,69,-64,29,1,54,410554,5,37138,37,0,04,11538,4
16,600,-116,40,1269,36,25,71,-6,69,-64,21,1,54,410527,7,37131,63,0,04,11531,6
16,650,-116,74,1266,15,25,79,-6,68,-64,13,1,54,410846,6,37124,90,0,03,11524,9
16,700,-117,07,1262,95,25,86,-6,68,-64,04,1,54,410288,4,37118,17,0,03,11518,2
16,750,-117,41,1259,75,25,94,-6,68,-63,96,1,54,410489,6,37111,45,0,03,11511,4
16,800,-117,74,1256,55,26,02,-6,68,-63,88,1,54,410660,8,37104,71,0,03,11504,7
16,850,-118,07,1253,36,26,09,-6,68,-63,79,1,54,410128,7,37097,98,0,03,11498,0
16,900,-118,41,1250,18,26,17,-6,68,-63,71,1,54,410491,5,37091,26,0,03,11491,3
16,950,-118,74,1246,99,26,25,-6,67,-63,63,1,54,410041,1,37084,54,0,03,11484,5
17,000,-119,08,1243,81,26,32,-6,67,-63,54,1,54,410109,0,37077,81,0,03,11477,8
17,050,-119,41,1240,64,26,40,-6,67,-63,46,1,54,410052,4,37071,09,0,03,11471,1
17,100,-119,74,1237,47,26,48,-6,67,-63,37,1,54,409912,8,37064,37,0,03,11464,4
17,150,-120,08,1234,30,26,55,-6,67,-63,29,1,54,410048,7,37057,64,0,03,11457,7
17,200,-120,41,1231,14,26,63,-6,66,-63,21,1,54,409977,6,37050,93,0,03,11450,9
17,250,-120,74,1227,98,26,71,-6,66,-63,12,1,53,410056,2,37044,21,0,03,11444,2
17,300,-121,08,1224,83,26,78,-6,66,-63,04,1,53,409748,8,37037,49,0,03,11437,5
17,350,-121,41,1221,68,26,86,-6,66,-62,96,1,53,409745,7,37030,77,0,03,11430,8
17,400,-121,74,1218,53,26,94,-6,66,-62,87,1,53,409604,6,37024,05,0,03,11424,1
17,450,-122,08,1215,39,27,01,-6,66,-62,79,1,53,409725,0,37017,33,0,02,11417,3
17,500,-122,41,1212,25,27,09,-6,66,-62,71,1,53,409550,4,37010,61,0,02,11410,6
17,550,-122,74,1209,12,27,17,-6,65,-62,62,1,53,409501,3,37003,90,0,02,11403,9
17,600,-123,07,1205,99,27,24,-6,65,-62,54,1,53,409422,8,36997,20,0,02,11397,2
17,650,-123,41,1202,86,27,32,-6,65,-62,46,1,53,409372,9,36990,48,0,02,11390,5
17,700,-123,74,1199,74,27,40,-6,65,-62,37,1,53,409308,0,36983,77,0,02,11383,8
17,750,-124,07,1196,63,27,47,-6,65,-62,29,1,53,409258,4,36977,07,0,02,11377,1
17,800,-124,40,1193,51,27,55,-6,65,-62,21,1,53,409179,6,36970,36,0,02,11370,4
17,850,-124,74,1190,41,27,63,-6,64,-62,12,1,53,409129,6,36963,65,0,02,11363,7
17,900,-125,07,1187,30,27,70,-6,64,-62,04,1,53,409078,2,36956,94,0,02,11356,9
17,950,-125,40,1184,20,27,78,-6,64,-61,96,1,53,409028,3,36950,23,0,02,11350,2
18,000,-125,73,1181,11,27,86,-6,64,-61,87,1,53,408949,3,36943,52,0,02,11343,5
18,050,-126,06,1178,01,27,93,-6,64,-61,79,1,53,408899,0,36936,82,0,02,11336,8
18,100,-126,39,1174,93,28,01,-6,64,-61,71,1,53,408917,8,36930,12,0,02,11330,1
18,150,-126,73,1171,84,28,09,-6,63,-61,62,1,53,408797,2,36923,42,0,02,11323,4
18,200,-127,06,1168,76,28,16,-6,63,-61,54,1,53,408733,3,36916,72,0,02,11316,7
18,250,-127,39,1165,69,28,24,-6,63,-61,46,1,53,408738,1,36910,02,0,02,11310,0
18,300,-127,72,1162,62,28,31,-6,63,-61,37,1,53,408603,8,36903,32,0,02,11303,3
18,350,-128,05,1159,55,28,39,-6,63,-61,29,1,53,408567,1,36896,62,0,02,11296,6
18,400,-128,38,1156,49,28,47,-6,63,-61,21,1,53,408516,8,36889,92,0,02,11289,9
18,450,-128,72,1153,43,28,54,-6,62,-61,12,1,53,408507,7,36883,22,0,02,11283,2
18,500,-129,05,1150,38,28,62,-6,62,-61,04,1,52,408387,0,36876,52,0,02,11276,5
18,550,-129,38,1147,33,28,70,-6,62,-60,96,1,53,408336,5,36869,83,0,02,11269,8
18,600,-129,71,1144,28,28,77,-6,62,-60,87,1,53,408286,2,36863,14,0,02,11263,1
18,650,-130,04,1141,24,28,85,-6,62,-60,79,1,53,408208,4,36856,45,0,02,11256,5
18,700,-130,37,1138,20,28,93,-6,62,-60,71,1,53,408157,9,36849,76,0,02,11249,8
18,750,-130,70,1135,17,29,00,-6,61,-60,63,1,52,408093,8,36843,07,0,02,11243,1
18,800,-131,03,1132,14,29,08,-6,61,-60,54,1,52,408057,2,36836,38,0,02,11236,4
18,850,-131,36,1129,12,29,15,-6,61,-60,46,1,52,407979,3,36829,69,0,02,11229,7
18,900,-131,69,1126,09,29,23,-6,61,-60,38,1,52,408053,8,36823,00,0,02,11223,0
18,950,-132,02,1123,08,29,31,-6,61,-60,29,1,52,407935,3,36816,31,0,02,11216,3
19,000,-132,35,1120,06,29,38,-6,61,-60,21,1,52,407829,8,36809,62,0,02,11209,6
19,050,-132,68,1117,06,29,46,-6,60,-60,13,1,52,407751,9,36802,93,0,02,11202,9
19,100,-133,01,1114,05,29,53,-6,60,-60,05,1,52,407701,5,36796,25,0,02,11196,3
19,150,-133,34,1111,05,29,61,-6,60,-59,96,1,52,407694,2,36789,57,0,02,11189,6
19,200,-133,67,1108,06,29,69,-6,60,-59,88,1,52,407575,2,36782,89,0,02,11182,9
19,250,-134,00,1105,06,29,76,-6,60,-59,80,1,52,407511,3,36776,21,0,02,11176,2
19,300,-134,33,1102,08,29,84,-6,60,-59,71,1,52,407434,9,36769,53,0,02,11169,5
19,350,-134,66,1099,09,29,92,-6,60,-59,63,1,52,407398,7,36762,85,0,02,11162,9
19,400,-134,99,1096,11,29,99,-6,59,-59,55,1,52,407322,7,36756,17,0,02,11156,2
19,450,-135,32,1093,14,30,07,-6,59,-59,47,1,52,407286,4,36749,49,0,02,11149,5
19,500,-135,65,1090,17,30,14,-6,59,-59,38,1,52,407251,7,36742,81,0,02,11142,8
19,550,-135,98,1087,20,30,22,-6,59,-59,30,1,52,407285,1,36736,13,0,02,11136,1
19,600,-136,31,1084,24,30,30,-6,59,-59,22,1,52,407125,4,36729,45,0,02,11129,5
19,650,-136,64,1081,28,30,37,-6,59,-59,14,1,52,407049,4,36722,78,0,02,11122,8
19,700,-136,97,1078,32,30,45,-6,58,-59,05,1,52,407069,8,36716,11,0,02,11116,1
19,750,-137,30,1075,37,30,52,-6,58,-58,97,1,52,406965,0,36709,44,0,02,11109,4
19,800,-137,63,1072,43,30,60,-6,58,-58,89,1,52,406902,9,36702,77,0,02,11102,8
19,850,-137,96,1069,48,30,67,-6,58,-58,81,1,52,406855,0,36696,10,0,00,11096,1
19,900,-138,29,1066,54,30,75,-6,58,-58,72,1,52,406820,8,36689,43,0,02,11089,4
19,950,-138,62,1063,61,30,83,-6,58,-58,64,1,52,406772,8,36682,76,0,02,11082,8
20,000,-138,94,1060,68,30,90,-6,58,-58,56,1,52,406697,4,36676,09,0,00,11076,1
20,050,-139,27,1057,76,30,98,-6,57,-58,48,1,52,406635,4,36669,42,0,02,11069,4
20,100,-139,60,1054,83,31,05,-6,57,-58,39,1,52,406532,2,36662,75,0,02,11062,8
20,150,-139,93,1051,92,31,13,-6,57,-58,31,1,52,406539,6,36656,09,0,02,11056,1
20,200,-140,26,1049,00,31,21,-6,57,-58,23,1,52,406519,4,36649,42,0,00,11049,4
20,250,-140,59,1046,09,31,28,-6,57,-58,15,1,52,406444,0,36642,77,0,00,11042,8
20,300,-140,92,1043,19,31,36,-6,57,-58,06,1,52,406382,6,36636,10,0,00,11036,1
20,350,-141,24,1040,29,31,43,-6,57,-57,98,1,51,406307,0,36629,45,0,02,11029,4
20,400,-141,57,1037,39,31,51,-6,56,-57,90,1,51,406259,2,36622,78,0,02,11022,8
20,450,-141,90,1034,50,31,58,-6,56,-57,82,1,51,406142,5,36616,13,0,02,11016,1
20,500,-142,23,1031,61,31,66,-6,56,-57,73,1,51,406081,2,36609,46,0,02,11009,5
20,550,-142,56,1028,72,31,74,-6,56,-57,65,1,51,406102,8,36602,80,0,02,11002,8
20,600,-142,88,1025,84,31,81,-6,56,-57,57,1,51,406069,2,36596,14,0,00,10996,1
20,650,-143,21,1022,97,31,89,-6,56,-57,49,1,51,405980,7,36589,48,0,00,10989,5
20,700,-143,54,1020,09,31,96,-6,56,-57,41,1,51,405919,4,36582,83,0,02,10982,8
20,750,-143,87,1017,23,32,04,-6,55,-57,32,1,51,405817,3,36576,18,0,02,10976,2
20,800,-144,20,1014,36,32,11,-6,55,-57,24,1,51,405811,7,36569,53,0,02,10969,5
20,850,-144,52,1011,50,32,19,-6,55,-57,16,1,51,405778,4,36562,88,0,00,10962,9
20,900,-144,85,1008,65,32,26,-6,55,-57,08,1,51,405717,9,36556,23,0,02,10956,2
20,949,-145,18,1005,79,32,34,-6,55,-56,99,1,51,405602,0,36549,58,0,02,10949,6
20,999,-145,50,1002,95,32,42,-6,55,-56,91,1,51,405610,4,36542,93,0,00,10942,9
21,049,-145,83,1000,10,32,49,-6,54,-56,83,1,51,405551,0,36536,27,0,02,10936,3
21,099,-146,16,997,26,32,57,-6,54,-56,75,1,51,405490,9,36529,63,0,02,10929,6
21,149,-146,49,994,43,32,64,-6,54,-56,67,1,51,405430,7,36522,98,0,00,10923,0
21,199,-146,81,991,60,32,72,-6,54,-56,58,1,51,405301,3,36516,33,0,02,10916,3
21,249,-147,14,988,77,32,79,-6,54,-56,50,1,51,405337,8,36509,68,0,00,10909,7
21,299,-147,47,985,95,32,87,-6,54,-56,42,1,51,405264,6,36503,04,0,02,10903,0
21,349,-147,79,983,13,32,94,-6,54,-56,34,1,51,405218,5,36496,40,0,02,10896,4
21,399,-148,12,980,31,33,02,-6,53,-56,26,1,51,405158,8,36489,76,0,00,10889,8
21,449,-148,45,977,50,33,09,-6,53,-56,17,1,51,405127,4,36483,12,0,02,10883,1
21,499,-148,77,974,69,33,17,-6,53,-56,09,1,51,405040,5,36476,48,0,02,10876,5
21,549,-149,10,971,89,33,25,-6,53,-56,01,1,51,404981,7,36469,84,0,00,10869,8
21,599,-149,43,969,09,33,32,-6,53,-55,93,1,51,404936,3,36463,20,0,00,10863,2
21,649,-149,75,966,30,33,40,-6,53,-55,85,1,51,404890,9,36456,56,0,02,10856,6
21,699,-150,08,963,51,33,47,-6,53,-55,76,1,51,404831,4,36449,92,0,02,10849,9
21,749,-150,41,960,72,33,55,-6,52,-55,68,1,51,404772,6,36443,28,0,02,10843,3
21,799,-150,73,957,94,33,62,-6,52,-55,60,1,51,404741,3,36436,64,0,02,10836,6
21,849,-151,06,955,16,33,70,-6,52,-55,52,1,50,404668,8,36430,02,0,02,10830,0
21,899,-151,38,952,39,33,77,-6,52,-55,44,1,51,404568,5,36423,38,0,00,10823,4
21,949,-151,71,949,62,33,85,-6,52,-55,36,1,51,404537,3,36416,75,0,00,10816,8
21,999,-152,04,946,85,33,92,-6,52,-55,27,1,50,404506,4,36410,12,0,00,10810,1
22,049,-152,36,944,09,34,00,-6,52,-55,19,1,50,404447,9,36403,49,0,02,10803,5
22,099,-152,69,941,33,34,07,-6,51,-55,11,1,50,404403,1,36396,86,0,02,10796,9
22,149,-153,01,938,58,34,15,-6,51,-55,03,1,50,404330,7,36390,23,0,00,10790,2
22,199,-153,34,935,83,34,22,-6,51,-54,95,1,50,404286,4,36383,60,0,00,10783,6
22,249,-153,66,933,09,34,30,-6,51,-54,87,1,50,404241,7,36376,97,0,02,10777,0
22,299,-153,99,930,34,34,37,-6,51,-54,78,1,50,404183,4,36370,34,0,00,10770,3
22,349,-154,32,927,61,34,45,-6,51,-54,70,1,50,404138,9,36363,71,0,02,10763,7
22,399,-154,64,924,87,34,52,-6,51,-54,62,1,50,404053,2,36357,09,0,00,10757,1
22,449,-154,97,922,14,34,60,-6,50,-54,54,1,50,404022,5,36350,47,0,00,10750,5
22,499,-155,29,919,42,34,67,-6,50,-54,46,1,50,403978,3,36343,85,0,02,10743,9
22,549,-155,62,916,70,34,75,-6,50,-54,38,1,50,403906,2,36337,23,0,00,10737,2
22,599,-155,94,913,98,34,82,-6,50,-54,29,1,50,403875,9,36330,61,0,00,10730,6
22,649,-156,27,911,27,34,90,-6,50,-54,21,1,50,403817,8,36323,98,0,02,10724,0
22,699,-156,59,908,56,34,97,-6,50,-54,13,1,50,403746,2,36317,36,0,02,10717,4
22,749,-156,92,905,86,35,05,-6,50,-54,05,1,50,403715,8,36310,74,0,00,10710,7
22,799,-157,24,903,16,35,12,-6,49,-53,97,1,50,403630,4,36304,12,0,00,10704,1
22,849,-157,57,900,46,35,20,-6,49,-53,89,1,50,403572,5,36297,50,0,00,10697,5
22,899,-157,89,897,77,35,27,-6,49,-53,80,1,50,403528,9,36290,89,0,00,10690,9
22,949,-158,21,895,08,35,35,-6,49,-53,72,1,50,403485,3,36284,28,0,00,10684,3
22,999,-158,54,892,40,35,42,-6,49,-53,64,1,50,403413,9,36277,66,0,00,10677,7
23,049,-158,86,889,72,35,50,-6,49,-53,56,1,50,403356,6,36271,05,0,02,10671,1
23,099,-159,19,887,04,35,57,-6,49,-53,48,1,50,403326,8,36264,44,0,02,10664,4
23,149,-159,51,884,37,35,65,-6,48,-53,40,1,50,403269,4,36257,83,0,02,10657,8
23,199,-159,84,881,70,35,72,-6,48,-53,31,1,50,403253,7,36251,22,0,00,10651,2
23,249,-160,16,879,04,35,80,-6,48,-53,23,1,50,403155,1,36244,61,0,00,10644,6
23,299,-160,48,876,38,35,87,-6,48,-53,15,1,50,403084,4,36238,00,0,02,10638,0
23,349,-160,81,873,72,35,95,-6,48,-53,07,1,50,403068,7,36231,39,0,00,10631,4
23,399,-161,13,871,07,36,02,-6,48,-52,99,1,50,402984,2,36224,78,0,00,10624,8
23,449,-161,46,868,42,36,10,-6,48,-52,91,1,50,402968,6,36218,17,0,00,10618,2
23,499,-161,78,865,78,36,17,-6,47,-52,83,1,50,402856,9,36211,57,0,00,10611,6
23,549,-162,10,863,14,36,25,-6,47,-52,74,1,50,402882,9,36204,96,0,00,10605,0
23,599,-162,43,860,50,36,32,-6,47,-52,66,1,50,402729,7,36198,36,0,00,10598,4
23,649,-162,75,857,87,36,40,-6,47,-52,58,1,49,402783,3,36191,76,0,00,10591,8
23,699,-163,07,855,25,36,47,-6,47,-52,50,1,49,402685,4,36185,16,0,02,10585,2
23,749,-163,40,852,62,36,55,-6,47,-52,42,1,49,402587,3,36178,56,0,00,10578,6
23,799,-163,72,850,00,36,62,-6,47,-52,34,1,49,402627,4,36171,96,0,00,10572,0
23,849,-164,04,847,39,36,70,-6,47,-52,26,1,49,402529,9,36165,36,0,02,10565,4
23,899,-164,37,844,78,36,77,-6,46,-52,17,1,49,402418,3,36158,75,0,00,10558,8
23,949,-164,69,842,17,36,85,-6,46,-52,09,1,49,402389,5,36152,15,0,00,10552,2
23,999,-165,01,839,57,36,92,-6,46,-52,01,1,49,402388,7,36145,55,0,00,10545,6
24,049,-165,34,836,97,36,99,-6,46,-51,93,1,49,402332,6,36138,96,0,00,10539,0
24,099,-165,66,834,38,37,07,-6,46,-51,85,1,49,402290,3,36132,37,0,00,10532,4
24,149,-165,98,831,78,37,14,-6,46,-51,77,1,49,402207,3,36125,78,0,00,10525,8
24,199,-166,31,829,20,37,22,-6,46,-51,69,1,49,402151,5,36119,19,0,00,10519,2
24,249,-166,63,826,62,37,29,-6,45,-51,61,1,49,402109,6,36112,60,0,00,10512,6
24,299,-166,95,824,04,37,37,-6,45,-51,52,1,49,402081,1,36106,00,0,00,10506,0
24,349,-167,27,821,46,37,44,-6,45,-51,44,1,49,402011,6,36099,41,0,00,10499,4
24,399,-167,60,818,89,37,52,-6,45,-51,36,1,49,401997,4,36092,82,0,00,10492,8
24,449,-167,92,816,33,37,59,-6,45,-51,28,1,49,401886,4,36086,23,0,00,10486,2
24,499,-168,24,813,77,37,67,-6,45,-51,20,1,49,401803,5,36079,64,0,02,10479,6
24,549,-168,56,811,21,37,74,-6,45,-51,12,1,49,401803,4,36073,05,0,02,10473,1
24,599,-168,89,808,65,37,81,-6,45,-51,04,1,49,401761,6,36066,46,0,00,10466,5
24,649,-169,21,806,10,37,89,-6,44,-50,96,1,49,401651,0,36059,88,0,00,10459,9
24,699,-169,53,803,56,37,96,-6,44,-50,87,1,49,401596,0,36053,30,0,02,10453,3
24,749,-169,85,801,02,38,04,-6,44,-50,79,1,49,401582,3,36046,72,0,00,10446,7
24,799,-170,17,798,48,38,11,-6,44,-50,71,1,49,401499,3,36040,14,0,00,10440,1
24,849,-170,50,795,94,38,19,-6,44,-50,63,1,49,401471,9,36033,55,0,00,10433,6
24,899,-170,82,793,42,38,26,-6,44,-50,55,1,49,401444,4,36026,97,0,00,10427,0
24,949,-171,14,790,89,38,34,-6,44,-50,47,1,49,401334,3,36020,39,0,02,10420,4
24,999,-171,46,788,37,38,41,-6,43,-50,39,1,49,401348,3,36013,81,0,00,10413,8
25,049,-171,78,785,85,38,48,-6,43,-50,31,1,49,401224,4,36007,23,0,02,10407,2
25,099,-172,10,783,34,38,56,-6,43,-50,23,1,49,401183,2,36000,65,0,00,10400,7
25,149,-172,43,780,83,38,63,-6,43,-50,14,1,49,401142,7,35994,07,0,00,10394,1
25,199,-172,75,778,32,38,71,-6,43,-50,06,1,49,401101,8,35987,50,0,02,10387,5
25,249,-173,07,775,82,38,78,-6,43,-49,98,1,49,401088,8,35980,93,0,00,10380,9
25,299,-173,39,773,32,38,86,-6,43,-49,90,1,49,401006,8,35974,36,0,00,10374,4
25,349,-173,71,770,83,38,93,-6,43,-49,82,1,48,400924,6,35967,78,0,02,10367,8
25,399,-174,03,768,34,39,00,-6,42,-49,74,1,48,400939,3,35961,21,0,00,10361,2
25,449,-174,35,765,86,39,08,-6,42,-49,66,1,48,400844,0,35954,64,0,00,10354,6
25,499,-174,68,763,38,39,15,-6,42,-49,58,1,48,400748,2,35948,07,0,00,10348,1
25,549,-175,00,760,90,39,23,-6,42,-49,50,1,48,400748,9,35941,49,0,02,10341,5
25,599,-175,32,758,43,39,30,-6,42,-49,42,1,48,400680,9,35934,92,0,00,10334,9
25,649,-175,64,755,96,39,38,-6,42,-49,33,1,48,400626,8,35928,35,0,00,10328,4
25,699,-175,96,753,49,39,45,-6,42,-49,25,1,48,400628,0,35921,78,0,00,10321,8
25,749,-176,28,751,03,39,52,-6,41,-49,17,1,48,400587,7,35915,21,0,00,10315,2
25,799,-176,60,748,58,39,60,-6,41,-49,09,1,48,400506,8,35908,65,0,00,10308,7
25,849,-176,92,746,12,39,67,-6,41,-49,01,1,48,400439,2,35902,09,0,00,10302,1
25,899,-177,24,743,68,39,75,-6,41,-48,93,1,48,400385,5,35895,53,0,00,10295,5
25,949,-177,56,741,23,39,82,-6,41,-48,85,1,48,400359,3,35888,96,0,00,10289,0
25,999,-177,88,738,79,39,89,-6,41,-48,77,1,48,400291,8,35882,40,0,00,10282,4
26,049,-178,20,736,35,39,97,-6,41,-48,69,1,48,400238,1,35875,84,0,00,10275,8
26,099,-178,52,733,92,40,04,-6,41,-48,61,1,48,400225,7,35869,28,0,00,10269,3
26,149,-178,84,731,49,40,12,-6,40,-48,52,1,48,400158,5,35862,71,0,00,10262,7
26,199,-179,16,729,07,40,19,-6,40,-48,44,1,48,400049,4,35856,15,0,00,10256,2
26,249,-179,48,726,65,40,26,-6,40,-48,36,1,48,400023,8,35849,59,0,02,10249,6
26,299,-179,80,724,23,40,34,-6,40,-48,28,1,48,399970,6,35843,03,0,02,10243,0
26,349,-180,12,721,82,40,41,-6,40,-48,20,1,48,399903,8,35836,48,0,00,10236,5
26,399,-180,44,719,41,40,49,-6,40,-48,12,1,48,399878,2,35829,93,0,00,10229,9
26,449,-180,76,717,01,40,56,-6,40,-48,04,1,48,399810,6,35823,38,0,00,10223,4
26,499,-181,08,714,61,40,63,-6,40,-47,96,1,48,399757,7,35816,82,0,02,10216,8
26,549,-181,40,712,21,40,71,-6,39,-47,88,1,48,399690,9,35810,27,0,00,10210,3
26,599,-181,72,709,82,40,78,-6,39,-47,80,1,48,399679,3,35803,71,0,00,10203,7
26,649,-182,04,707,43,40,86,-6,39,-47,72,1,48,399598,4,35797,16,0,00,10197,2
26,699,-182,36,705,05,40,93,-6,39,-47,63,1,48,399559,6,35790,61,0,00,10190,6
26,749,-182,68,702,67,41,00,-6,39,-47,55,1,48,399520,7,35784,05,0,00,10184,1
26,799,-183,00,700,30,41,08,-6,39,-47,47,1,48,399440,0,35777,50,0,02,10177,5
26,849,-183,32,697,92,41,15,-6,39,-47,39,1,48,399359,9,35770,95,0,00,10171,0
26,898,-183,64,695,56,41,23,-6,39,-47,31,1,48,399403,6,35764,41,0,00,10164,4
26,948,-183,96,693,19,41,30,-6,38,-47,23,1,48,399309,5,35757,86,0,00,10157,9
26,998,-184,28,690,83,41,37,-6,38,-47,15,1,48,399311,8,35751,32,0,00,10151,3
27,048,-184,60,688,48,41,45,-6,38,-47,07,1,48,399176,6,35744,78,0,00,10144,8
27,098,-184,92,686,13,41,52,-6,38,-46,99,1,48,399165,6,35738,23,0,00,10138,2
27,148,-185,24,683,78,41,59,-6,38,-46,91,1,48,399099,0,35731,69,0,00,10131,7
27,198,-185,55,681,44,41,67,-6,38,-46,83,1,48,399046,9,35725,15,0,00,10125,2
27,248,-185,87,679,10,41,74,-6,38,-46,75,1,47,398994,3,35718,61,0,00,10118,6
27,298,-186,19,676,76,41,82,-6,38,-46,66,1,47,399010,7,35712,06,0,00,10112,1
27,348,-186,51,674,43,41,89,-6,37,-46,58,1,47,398875,5,35705,52,0,00,10105,5
27,398,-186,83,672,10,41,96,-6,37,-46,50,1,48,398850,4,35698,98,0,00,10099,0
27,448,-187,15,669,78,42,04,-6,37,-46,42,1,47,398798,6,35692,43,0,00,10092,4
27,498,-187,47,667,46,42,11,-6,37,-46,34,1,47,398746,4,35685,90,0,02,10085,9
27,548,-187,78,665,15,42,18,-6,37,-46,26,1,47,398749,4,35679,37,0,00,10079,4
27,598,-188,10,662,83,42,26,-6,37,-46,18,1,47,398656,1,35672,84,0,00,10072,8
27,648,-188,42,660,53,42,33,-6,37,-46,10,1,47,398576,0,35666,30,0,02,10066,3
27,698,-188,74,658,22,42,41,-6,37,-46,02,1,47,398606,8,35659,77,0,00,10059,8
27,748,-189,06,655,93,42,48,-6,36,-45,94,1,47,398472,3,35653,23,0,00,10053,2
27,798,-189,38,653,63,42,55,-6,36,-45,86,1,47,398447,6,35646,70,0,00,10046,7
27,848,-189,69,651,34,42,63,-6,36,-45,78,1,47,398381,7,35640,17,0,00,10040,2
27,898,-190,01,649,05,42,70,-6,36,-45,70,1,47,398344,0,35633,63,0,00,10033,6
27,948,-190,33,646,77,42,77,-6,36,-45,61,1,47,398319,6,35627,10,0,00,10027,1
27,998,-190,65,644,49,42,85,-6,36,-45,53,1,47,398212,3,35620,57,0,00,10020,6
28,048,-190,97,642,22,42,92,-6,36,-45,45,1,47,398187,9,35614,04,0,02,10014,0
28,098,-191,28,639,95,42,99,-6,36,-45,37,1,47,398191,6,35607,52,0,00,10007,5
28,148,-191,60,637,68,43,07,-6,35,-45,29,1,47,398098,7,35600,99,0,00,10001,0
28,198,-191,92,635,42,43,14,-6,35,-45,21,1,47,398060,7,35594,47,0,00,9994,5
28,248,-192,24,633,16,43,21,-6,35,-45,13,1,47,397981,3,35587,95,0,00,9987,9
28,298,-192,55,630,90,43,29,-6,35,-45,05,1,47,397943,1,35581,42,0,00,9981,4
28,348,-192,87,628,65,43,36,-6,35,-44,97,1,47,397877,7,35574,90,0,02,9974,9
28,398,-193,19,626,41,43,44,-6,35,-44,89,1,47,397853,6,35568,38,0,00,9968,4
28,448,-193,51,624,16,43,51,-6,35,-44,81,1,47,397843,7,35561,85,0,00,9961,9
28,498,-193,82,621,93,43,58,-6,35,-44,73,1,47,397764,7,35555,33,0,00,9955,3
28,548,-194,14,619,69,43,66,-6,34,-44,65,1,47,397699,0,35548,80,0,00,9948,8
28,598,-194,46,617,46,43,73,-6,34,-44,57,1,47,397606,1,35542,28,0,00,9942,3
28,648,-194,78,615,24,43,80,-6,34,-44,48,1,47,397568,4,35535,76,0,00,9935,8
28,698,-195,09,613,01,43,88,-6,34,-44,40,1,47,397544,6,35529,25,0,00,9929,2
28,748,-195,41,610,79,43,95,-6,34,-44,32,1,47,397493,1,35522,73,0,00,9922,7
28,798,-195,73,608,58,44,02,-6,34,-44,24,1,47,397428,1,35516,22,0,00,9916,2
28,848,-196,04,606,37,44,10,-6,34,-44,16,1,47,397404,4,35509,71,0,00,9909,7
28,898,-196,36,604,16,44,17,-6,34,-44,08,1,47,397339,3,35503,19,0,00,9903,2
28,948,-196,68,601,96,44,24,-6,33,-44,00,1,47,397301,8,35496,68,0,00,9896,7
28,998,-196,99,599,76,44,32,-6,33,-43,92,1,47,397236,8,35490,16,0,00,9890,2
29,048,-197,31,597,57,44,39,-6,33,-43,84,1,47,397171,8,35483,65,0,00,9883,7
29,098,-197,63,595,38,44,46,-6,33,-43,76,1,47,397134,4,35477,14,0,00,9877,1
29,148,-197,94,593,19,44,54,-6,33,-43,68,1,47,397110,4,35470,63,0,00,9870,6
29,198,-198,26,591,01,44,61,-6,33,-43,60,1,47,397114,0,35464,11,0,00,9864,1
29,248,-198,58,588,83,44,68,-6,33,-43,52,1,47,396993,8,35457,60,0,00,9857,6
29,298,-198,89,586,66,44,76,-6,33,-43,44,1,46,396928,9,35451,10,0,02,9851,1
29,348,-199,21,584,49,44,83,-6,33,-43,36,1,46,396891,6,35444,59,0,00,9844,6
29,398,-199,53,582,33,44,90,-6,32,-43,28,1,46,396854,4,35438,09,0,00,9838,1
29,448,-199,84,580,16,44,98,-6,32,-43,19,1,46,396803,4,35431,59,0,00,9831,6
29,498,-200,16,578,01,45,05,-6,32,-43,11,1,46,396724,7,35425,08,0,00,9825,1
29,548,-200,47,575,85,45,12,-6,32,-43,03,1,46,396673,6,35418,58,0,00,9818,6
29,598,-200,79,573,70,45,19,-6,32,-42,95,1,46,396705,2,35412,07,0,00,9812,1
29,648,-201,11,571,56,45,27,-6,32,-42,87,1,46,396584,8,35405,57,0,02,9805,6
29,698,-201,42,569,42,45,34,-6,32,-42,79,1,46,396547,5,35399,07,0,00,9799,1
29,748,-201,74,567,28,45,41,-6,32,-42,71,1,46,396483,0,35392,56,0,00,9792,6
29,798,-202,05,565,14,45,49,-6,31,-42,63,1,46,396459,6,35386,06,0,00,9786,1
29,848,-202,37,563,01,45,56,-6,31,-42,55,1,46,396463,7,35379,56,0,00,9779,6
29,898,-202,68,560,89,45,63,-6,31,-42,47,1,46,396329,6,35373,07,0,02,9773,1
29,948,-203,00,558,77,45,71,-6,31,-42,39,1,46,396306,5,35366,57,0,00,9766,6
29,998,-203,32,556,65,45,78,-6,31,-42,31,1,46,396255,8,35360,08,0,00,9760,1
30,048,-203,63,554,54,45,85,-6,31,-42,23,1,46,396232,5,35353,58,0,00,9753,6
30,098,-203,95,552,43,45,93,-6,31,-42,15,1,46,396139,6,35347,09,0,02,9747,1
30,148,-204,26,550,32,46,00,-6,31,-42,07,1,46,396102,8,35340,59,0,00,9740,6
30,198,-204,58,548,22,46,07,-6,31,-41,99,1,46,396052,1,35334,10,0,00,9734,1
30,248,-204,89,546,12,46,14,-6,30,-41,91,1,46,396042,3,35327,61,0,00,9727,6
30,298,-205,21,544,03,46,22,-6,30,-41,83,1,46,395935,9,35321,11,0,00,9721,1
30,348,-205,52,541,94,46,29,-6,30,-41,74,1,46,395885,4,35314,62,0,00,9714,6
30,398,-205,84,539,86,46,36,-6,30,-41,66,1,46,395848,6,35308,13,0,00,9708,1
30,448,-206,15,537,77,46,44,-6,30,-41,58,1,46,395797,3,35301,64,0,00,9701,6
30,498,-206,47,535,70,46,51,-6,30,-41,50,1,46,395732,9,35295,15,0,00,9695,2
30,548,-206,78,533,62,46,58,-6,30,-41,42,1,46,395682,2,35288,67,0,00,9688,7
30,598,-207,10,531,55,46,66,-6,30,-41,34,1,46,395644,9,35282,18,0,00,9682,2
30,648,-207,41,529,49,46,73,-6,30,-41,26,1,46,395608,2,35275,70,0,00,9675,7
30,698,-207,73,527,43,46,80,-6,29,-41,18,1,46,395530,1,35269,21,0,00,9669,2
30,748,-208,04,525,37,46,87,-6,29,-41,10,1,46,395506,3,35262,73,0,00,9662,7
30,798,-208,36,523,32,46,95,-6,29,-41,02,1,46,395442,0,35256,25,0,00,9656,2
30,848,-208,67,521,27,47,02,-6,29,-40,94,1,46,395473,9,35249,76,0,00,9649,8
30,898,-208,99,519,22,47,09,-6,29,-40,86,1,46,395353,9,35243,28,0,00,9643,3
30,948,-209,30,517,18,47,17,-6,29,-40,78,1,46,395303,5,35236,79,0,00,9636,8
30,998,-209,61,515,15,47,24,-6,29,-40,70,1,46,395252,2,35230,31,0,00,9630,3
31,048,-209,93,513,11,47,31,-6,29,-40,62,1,46,395174,0,35223,83,0,00,9623,8
31,098,-210,24,511,09,47,38,-6,29,-40,54,1,46,395206,1,35217,36,0,00,9617,4
31,148,-210,56,509,06,47,46,-6,28,-40,46,1,46,395100,3,35210,88,0,00,9610,9
31,198,-210,87,507,04,47,53,-6,28,-40,38,1,46,395049,8,35204,41,0,00,9604,4
31,248,-211,19,505,02,47,60,-6,28,-40,30,1,46,394984,7,35197,93,0,00,9597,9
31,298,-211,50,503,01,47,68,-6,28,-40,21,1,46,394948,1,35191,46,0,00,9591,5
31,348,-211,81,501,00,47,75,-6,28,-40,13,1,46,394897,3,35184,98,0,00,9585,0
31,398,-212,13,499,00,47,82,-6,28,-40,05,1,45,394847,0,35178,51,0,00,9578,5
31,448,-212,44,497,00,47,89,-6,28,-39,97,1,46,394796,0,35172,04,0,00,9572,0
31,498,-212,75,495,00,47,97,-6,28,-39,89,1,45,394745,6,35165,56,0,00,9565,6
31,548,-213,07,493,01,48,04,-6,27,-39,81,1,45,394750,0,35159,09,0,00,9559,1
31,598,-213,38,491,02,48,11,-6,27,-39,73,1,45,394658,0,35152,61,0,00,9552,6
31,648,-213,70,489,03,48,18,-6,27,-39,65,1,45,394621,3,35146,14,0,00,9546,1
31,698,-214,01,487,05,48,26,-6,27,-39,57,1,45,394556,4,35139,68,0,00,9539,7
31,748,-214,32,485,08,48,33,-6,27,-39,49,1,45,394519,7,35133,21,0,00,9533,2
31,798,-214,64,483,10,48,40,-6,27,-39,41,1,45,394454,8,35126,75,0,00,9526,7
31,848,-214,95,481,14,48,48,-6,27,-39,33,1,45,394458,9,35120,29,0,00,9520,3
31,898,-215,26,479,17,48,55,-6,27,-39,25,1,45,394339,4,35113,82,0,00,9513,8
31,948,-215,58,477,21,48,62,-6,27,-39,17,1,45,394302,3,35107,36,0,00,9507,4
31,998,-215,89,475,25,48,69,-6,27,-39,09,1,45,394251,9,35100,89,0,00,9500,9
32,048,-216,20,473,30,48,77,-6,26,-39,01,1,45,394200,8,35094,43,0,02,9494,4
32,098,-216,52,471,35,48,84,-6,26,-38,93,1,45,394136,5,35087,96,0,00,9488,0
32,148,-216,83,469,41,48,91,-6,26,-38,85,1,45,394085,4,35081,50,0,00,9481,5
32,198,-217,14,467,47,48,98,-6,26,-38,77,1,45,394034,9,35075,03,0,00,9475,0
32,248,-217,46,465,53,49,06,-6,26,-38,69,1,45,393997,9,35068,57,0,00,9468,6
32,298,-217,77,463,60,49,13,-6,26,-38,61,1,45,393947,9,35062,12,0,00,9462,1
32,348,-218,08,461,67,49,20,-6,26,-38,53,1,45,393897,2,35055,66,0,00,9455,7
32,398,-218,39,459,75,49,27,-6,26,-38,44,1,45,393901,8,35049,21,0,00,9449,2
32,448,-218,71,457,83,49,35,-6,26,-38,36,1,45,393796,2,35042,75,0,00,9442,8
32,498,-219,02,455,91,49,42,-6,25,-38,28,1,45,393745,3,35036,30,0,00,9436,3
32,548,-219,33,454,00,49,49,-6,25,-38,20,1,45,393667,3,35029,84,0,00,9429,8
32,598,-219,65,452,09,49,56,-6,25,-38,12,1,45,393629,8,35023,39,0,00,9423,4
32,648,-219,96,450,19,49,64,-6,25,-38,04,1,45,393607,0,35016,93,0,00,9416,9
32,698,-220,27,448,29,49,71,-6,25,-37,96,1,45,393542,1,35010,48,0,00,9410,5
32,748,-220,58,446,39,49,78,-6,25,-37,88,1,45,393477,1,35004,02,0,00,9404,0
32,798,-220,90,444,50,49,85,-6,25,-37,80,1,45,393440,4,34997,57,0,00,9397,6
32,848,-221,21,442,61,49,93,-6,25,-37,72,1,45,393375,3,34991,13,0,00,9391,1
32,898,-221,52,440,73,50,00,-6,25,-37,64,1,45,393366,2,34984,68,0,00,9384,7
32,948,-221,83,438,85,50,07,-6,24,-37,56,1,45,393301,1,34978,23,0,00,9378,2
32,998,-222,14,436,97,50,14,-6,24,-37,48,1,45,393249,8,34971,79,0,00,9371,8
33,048,-222,46,435,10,50,22,-6,24,-37,40,1,45,393199,4,34965,34,0,00,9365,3
33,098,-222,77,433,23,50,29,-6,24,-37,32,1,45,393148,5,34958,90,0,00,9358,9
33,148,-223,08,431,37,50,36,-6,24,-37,24,1,45,393097,4,34952,45,0,00,9352,5
33,198,-223,39,429,51,50,43,-6,24,-37,16,1,45,393047,0,34946,01,0,00,9346,0
33,248,-223,70,427,65,50,50,-6,24,-37,08,1,45,392982,0,34939,56,0,00,9339,6
33,298,-224,02,425,80,50,58,-6,24,-37,00,1,45,392930,8,34933,12,0,02,9333,1
33,348,-224,33,423,95,50,65,-6,24,-36,92,1,45,392894,0,34926,67,0,00,9326,7
33,398,-224,64,422,11,50,72,-6,24,-36,84,1,45,392842,7,34920,23,0,00,9320,2
33,448,-224,95,420,27,50,79,-6,23,-36,76,1,45,392777,6,34913,79,0,02,9313,8
33,498,-225,26,418,43,50,87,-6,23,-36,68,1,45,392727,0,34907,36,0,00,9307,4
33,548,-225,58,416,60,50,94,-6,23,-36,59,1,45,392690,1,34900,92,0,00,9300,9
33,598,-225,89,414,77,51,01,-6,23,-36,51,1,45,392625,3,34894,49,0,00,9294,5
33,648,-226,20,412,95,51,08,-6,23,-36,43,1,45,392588,8,34888,05,0,00,9288,1
33,698,-226,51,411,13,51,16,-6,23,-36,35,1,44,392537,8,34881,62,0,00,9281,6
33,748,-226,82,409,31,51,23,-6,23,-36,27,1,44,392486,8,34875,18,0,00,9275,2
33,798,-227,13,407,50,51,30,-6,23,-36,19,1,44,392436,3,34868,75,0,00,9268,7
33,848,-227,44,405,69,51,37,-6,23,-36,11,1,44,392371,3,34862,31,0,00,9262,3
33,898,-227,76,403,89,51,44,-6,22,-36,03,1,44,392320,1,34855,88,0,00,9255,9
33,948,-228,07,402,09,51,52,-6,22,-35,95,1,44,392269,4,34849,44,0,00,9249,4
33,998,-228,38,400,30,51,59,-6,22,-35,87,1,44,392231,8,34843,01,0,00,9243,0
34,048,-228,69,398,50,51,66,-6,22,-35,79,1,44,392180,6,34836,58,0,00,9236,6
34,098,-229,00,396,72,51,73,-6,22,-35,71,1,44,392129,1,34830,16,0,00,9230,2
34,148,-229,31,394,93,51,81,-6,22,-35,63,1,44,392092,2,34823,73,0,00,9223,7
34,198,-229,62,393,15,51,88,-6,22,-35,55,1,44,392040,8,34817,30,0,00,9217,3
34,248,-229,93,391,38,51,95,-6,22,-35,47,1,44,391975,8,34810,88,0,00,9210,9
34,298,-230,24,389,61,52,02,-6,22,-35,39,1,44,391911,2,34804,45,0,00,9204,5
34,348,-230,55,387,84,52,09,-6,22,-35,31,1,44,391873,6,34798,03,0,00,9198,0
34,398,-230,87,386,08,52,17,-6,21,-35,23,1,44,391822,0,34791,60,0,00,9191,6
34,448,-231,18,384,32,52,24,-6,21,-35,15,1,44,391770,5,34785,18,0,00,9185,2
34,498,-231,49,382,56,52,31,-6,21,-35,07,1,44,391719,4,34778,75,0,00,9178,8
34,548,-231,80,380,81,52,38,-6,21,-34,99,1,44,391667,8,34772,32,0,00,9172,3
34,598,-232,11,379,06,52,45,-6,21,-34,91,1,44,391616,0,34765,91,0,00,9165,9
34,648,-232,42,377,32,52,53,-6,21,-34,83,1,44,391564,3,34759,49,0,00,9159,5
34,698,-232,73,375,58,52,60,-6,21,-34,75,1,44,391513,3,34753,07,0,00,9153,1
34,748,-233,04,373,84,52,67,-6,21,-34,66,1,44,391461,8,34746,66,0,00,9146,7
34,798,-233,35,372,11,52,74,-6,21,-34,58,1,44,391410,3,34740,24,0,00,9140,2
34,848,-233,66,370,39,52,81,-6,21,-34,50,1,44,391372,6,34733,83,0,00,9133,8
34,898,-233,97,368,66,52,89,-6,20,-34,42,1,44,391294,2,34727,41,0,00,9127,4
34,948,-234,28,366,94,52,96,-6,20,-34,34,1,44,391270,2,34720,99,0,00,9121,0
34,998,-234,59,365,23,53,03,-6,20,-34,26,1,44,391204,8,34714,58,0,00,9114,6
35,048,-234,90,363,52,53,10,-6,20,-34,18,1,44,391153,2,34708,16,0,00,9108,2
35,098,-235,21,361,81,53,17,-6,20,-34,10,1,44,391156,9,34701,75,0,00,9101,7
35,148,-235,52,360,11,53,25,-6,20,-34,02,1,44,391050,4,34695,33,0,00,9095,3
35,198,-235,83,358,41,53,32,-6,20,-33,94,1,44,390998,6,34688,93,0,00,9088,9
35,248,-236,14,356,71,53,39,-6,20,-33,86,1,44,390960,8,34682,52,0,00,9082,5
35,298,-236,45,355,02,53,46,-6,20,-33,78,1,44,390908,8,34676,11,0,00,9076,1
35,348,-236,76,353,33,53,53,-6,20,-33,70,1,44,390843,8,34669,71,0,00,9069,7
35,398,-237,07,351,65,53,61,-6,20,-33,62,1,44,390791,9,34663,30,0,00,9063,3
35,448,-237,38,349,97,53,68,-6,19,-33,54,1,44,390753,7,34656,89,0,00,9056,9
35,498,-237,69,348,30,53,75,-6,19,-33,46,1,44,390687,8,34650,49,0,00,9050,5
35,548,-238,00,346,63,53,82,-6,19,-33,38,1,44,390649,8,34644,08,0,00,9044,1
35,598,-238,31,344,96,53,89,-6,19,-33,30,1,44,390585,0,34637,68,0,00,9037,7
35,648,-238,62,343,30,53,97,-6,19,-33,22,1,44,390533,3,34631,27,0,00,9031,3
35,698,-238,93,341,64,54,04,-6,19,-33,14,1,44,390481,6,34624,86,0,00,9024,9
35,748,-239,24,339,98,54,11,-6,19,-33,06,1,44,390443,7,34618,46,0,00,9018,5
35,798,-239,55,338,33,54,18,-6,19,-32,98,1,44,390391,8,34612,07,0,00,9012,1
35,848,-239,86,336,69,54,25,-6,19,-32,90,1,44,390340,7,34605,67,0,00,9005,7
35,898,-240,17,335,04,54,32,-6,19,-32,82,1,44,390302,7,34599,27,0,00,8999,3
35,948,-240,47,333,40,54,40,-6,18,-32,74,1,44,390237,0,34592,88,0,00,8992,9
35,998,-240,78,331,77,54,47,-6,18,-32,66,1,44,390171,2,34586,48,0,00,8986,5
36,049,-241,09,330,14,54,54,-6,18,-32,57,1,44,390119,2,34580,09,0,00,8980,1
36,099,-241,40,328,51,54,61,-6,18,-32,49,1,43,390081,0,34573,69,0,00,8973,7
36,149,-241,71,326,89,54,68,-6,18,-32,41,1,44,390043,5,34567,29,0,00,8967,3
36,199,-242,02,325,27,54,76,-6,18,-32,33,1,44,389977,6,34560,89,0,00,8960,9
36,249,-242,33,323,66,54,83,-6,18,-32,25,1,43,389911,6,34554,50,0,00,8954,5
36,299,-242,64,322,04,54,90,-6,18,-32,17,1,43,389859,5,34548,10,0,00,8948,1
36,349,-242,95,320,44,54,97,-6,18,-32,09,1,43,389821,0,34541,71,0,00,8941,7
36,399,-243,26,318,84,55,04,-6,18,-32,01,1,43,389748,9,34535,33,0,00,8935,3
36,449,-243,56,317,24,55,11,-6,18,-31,93,1,43,389710,5,34528,94,0,00,8928,9
36,499,-243,87,315,64,55,19,-6,17,-31,85,1,43,389665,1,34522,55,0,00,8922,6
36,549,-244,18,314,05,55,26,-6,17,-31,77,1,43,389605,9,34516,17,0,00,8916,2
36,599,-244,49,312,47,55,33,-6,17,-31,69,1,43,389546,7,34509,78,0,00,8909,8
36,649,-244,80,310,88,55,40,-6,17,-31,61,1,43,389508,0,34503,39,0,00,8903,4
36,699,-245,11,309,30,55,47,-6,17,-31,53,1,43,389517,9,34497,01,0,00,8897,0
36,749,-245,42,307,73,55,54,-6,17,-31,45,1,43,389403,8,34490,62,0,00,8890,6
36,799,-245,72,306,16,55,62,-6,17,-31,37,1,43,389351,2,34484,23,0,00,8884,2
36,849,-246,03,304,59,55,69,-6,17,-31,29,1,43,389291,7,34477,85,0,00,8877,8
36,899,-246,34,303,03,55,76,-6,17,-31,21,1,43,389239,1,34471,47,0,00,8871,5
36,949,-246,65,301,47,55,83,-6,17,-31,13,1,43,389200,4,34465,09,0,00,8865,1
36,999,-246,96,299,92,55,90,-6,17,-31,05,1,43,389148,0,34458,71,0,00,8858,7
37,049,-247,27,298,37,55,97,-6,16,-30,97,1,43,389109,9,34452,34,0,00,8852,3
37,099,-247,57,296,82,56,05,-6,16,-30,89,1,43,389036,7,34445,96,0,00,8846,0
37,149,-247,88,295,28,56,12,-6,16,-30,81,1,43,388977,2,34439,59,0,00,8839,6
37,199,-248,19,293,74,56,19,-6,16,-30,73,1,43,388931,5,34433,21,0,00,8833,2
37,249,-248,50,292,21,56,26,-6,16,-30,65,1,43,388878,9,34426,83,0,00,8826,8
37,299,-248,81,290,68,56,33,-6,16,-30,57,1,43,388826,2,34420,45,0,00,8820,5
37,349,-249,11,289,15,56,40,-6,16,-30,49,1,43,388773,4,34414,08,0,00,8814,1
37,399,-249,42,287,63,56,47,-6,16,-30,40,1,43,388720,6,34407,70,0,00,8807,7
37,449,-249,73,286,11,56,55,-6,16,-30,32,1,43,388661,6,34401,32,0,00,8801,3
37,499,-250,04,284,59,56,62,-6,16,-30,24,1,43,388622,5,34394,96,0,00,8795,0
37,549,-250,35,283,08,56,69,-6,16,-30,16,1,43,388562,8,34388,59,0,00,8788,6
37,599,-250,65,281,58,56,76,-6,15,-30,08,1,43,388503,0,34382,22,0,00,8782,2
37,649,-250,96,280,08,56,83,-6,15,-30,00,1,43,388463,9,34375,86,0,00,8775,9
37,699,-251,27,278,58,56,90,-6,15,-29,92,1,43,388404,0,34369,49,0,00,8769,5
37,749,-251,58,277,08,56,98,-6,15,-29,84,1,43,388351,0,34363,12,0,00,8763,1
37,799,-251,88,275,59,57,05,-6,15,-29,76,1,43,388291,0,34356,75,0,00,8756,8
37,849,-252,19,274,11,57,12,-6,15,-29,68,1,43,388252,4,34350,39,0,00,8750,4
37,899,-252,50,272,63,57,19,-6,15,-29,60,1,43,388199,3,34344,02,0,00,8744,0
37,949,-252,81,271,15,57,26,-6,15,-29,52,1,43,388139,3,34337,65,0,00,8737,7
37,999,-253,11,269,67,57,33,-6,15,-29,44,1,43,388079,0,34331,29,0,00,8731,3
38,049,-253,42,268,20,57,40,-6,15,-29,36,1,43,388019,1,34324,93,0,00,8724,9
38,099,-253,73,266,74,57,48,-6,15,-29,28,1,43,387993,6,34318,57,0,00,8718,6
38,149,-254,04,265,28,57,55,-6,14,-29,20,1,43,387926,7,34312,21,0,00,8712,2
38,199,-254,34,263,82,57,62,-6,14,-29,12,1,43,387880,4,34305,86,0,00,8705,9
38,249,-254,65,262,36,57,69,-6,14,-29,04,1,43,387813,4,34299,50,0,00,8699,5
38,299,-254,96,260,91,57,76,-6,14,-28,96,1,43,387767,7,34293,14,0,00,8693,1
38,349,-255,26,259,47,57,83,-6,14,-28,88,1,43,387707,5,34286,79,0,00,8686,8
38,399,-255,57,258,03,57,90,-6,14,-28,80,1,43,387661,1,34280,43,0,00,8680,4
38,449,-255,88,256,59,57,98,-6,14,-28,72,1,43,387614,5,34274,07,0,00,8674,1
38,499,-256,19,255,15,58,05,-6,14,-28,64,1,43,387554,2,34267,71,0,00,8667,7
38,549,-256,49,253,72,58,12,-6,14,-28,56,1,43,387493,8,34261,36,0,00,8661,4
38,599,-256,80,252,30,58,19,-6,14,-28,48,1,43,387447,1,34255,00,0,00,8655,0
38,649,-257,11,250,88,58,26,-6,14,-28,40,1,43,387386,7,34248,66,0,00,8648,7
38,699,-257,41,249,46,58,33,-6,14,-28,32,1,43,387333,1,34242,31,0,00,8642,3
38,749,-257,72,248,04,58,40,-6,13,-28,24,1,43,387293,2,34235,96,0,00,8636,0
38,799,-258,03,246,64,58,47,-6,13,-28,15,1,43,387226,5,34229,61,0,00,8629,6
38,849,-258,33,245,23,58,55,-6,13,-28,07,1,43,387179,8,34223,27,0,00,8623,3
38,899,-258,64,243,83,58,62,-6,13,-27,99,1,43,387132,9,34216,92,0,00,8616,9
38,949,-258,95,242,43,58,69,-6,13,-27,91,1,43,387079,1,34210,57,0,00,8610,6
38,999,-259,25,241,04,58,76,-6,13,-27,83,1,43,387018,4,34204,22,0,00,8604,2
39,049,-259,56,239,65,58,83,-6,13,-27,75,1,43,386957,7,34197,88,0,00,8597,9
39,099,-259,87,238,26,58,90,-6,13,-27,67,1,43,386903,7,34191,53,0,00,8591,5
39,149,-260,17,236,88,58,97,-6,13,-27,59,1,42,386849,8,34185,19,0,00,8585,2
39,199,-260,48,235,50,59,04,-6,13,-27,51,1,42,386809,6,34178,85,0,00,8578,8
39,249,-260,78,234,13,59,12,-6,13,-27,43,1,42,386748,7,34172,51,0,00,8572,5
39,299,-261,09,232,76,59,19,-6,12,-27,35,1,42,386687,8,34166,17,0,00,8566,2
39,349,-261,40,231,39,59,26,-6,12,-27,27,1,42,386696,0,34159,84,0,00,8559,8
39,399,-261,70,230,03,59,33,-6,12,-27,19,1,42,386587,2,34153,50,0,00,8553,5
39,449,-262,01,228,67,59,40,-6,12,-27,11,1,42,386526,2,34147,16,0,00,8547,2
39,499,-262,32,227,32,59,47,-6,12,-27,03,1,42,386485,7,34140,82,0,00,8540,8
39,549,-262,62,225,97,59,54,-6,12,-26,95,1,42,386438,6,34134,48,0,00,8534,5
39,599,-262,93,224,63,59,61,-6,12,-26,87,1,42,386363,8,34128,14,0,00,8528,1
39,649,-263,23,223,28,59,69,-6,12,-26,79,1,42,386323,3,34121,81,0,00,8521,8
39,699,-263,54,221,95,59,76,-6,12,-26,71,1,42,386262,3,34115,48,0,00,8515,5
39,749,-263,85,220,61,59,83,-6,12,-26,63,1,42,386208,1,34109,15,0,00,8509,1
39,799,-264,15,219,28,59,90,-6,12,-26,55,1,42,386153,8,34102,82,0,00,8502,8
39,849,-264,46,217,96,59,97,-6,12,-26,47,1,42,386092,7,34096,49,0,00,8496,5
39,899,-264,76,216,64,60,04,-6,12,-26,39,1,42,386038,3,34090,16,0,00,8490,2
39,949,-265,07,215,32,60,11,-6,11,-26,31,1,42,385997,8,34083,84,0,00,8483,8
39,999,-265,37,214,01,60,18,-6,11,-26,23,1,42,385929,7,34077,51,0,02,8477,5
40,049,-265,68,212,70,60,25,-6,11,-26,15,1,42,385869,0,34071,18,0,00,8471,2
40,099,-265,99,211,39,60,33,-6,11,-26,07,1,42,385821,4,34064,85,0,00,8464,9
40,149,-266,29,210,09,60,40,-6,11,-25,99,1,42,385773,8,34058,52,0,00,8458,5
40,199,-266,60,208,79,60,47,-6,11,-25,90,1,42,385719,2,34052,20,0,00,8452,2
40,249,-266,90,207,50,60,54,-6,11,-25,82,1,42,385657,7,34045,88,0,00,8445,9
40,299,-267,21,206,21,60,61,-6,11,-25,74,1,42,385623,8,34039,55,0,00,8439,6
40,349,-267,51,204,93,60,68,-6,11,-25,66,1,42,385555,3,34033,24,0,00,8433,2
40,399,-267,82,203,64,60,75,-6,11,-25,58,1,42,385507,5,34026,92,0,00,8426,9
40,449,-268,12,202,37,60,82,-6,11,-25,50,1,42,385459,8,34020,60,0,00,8420,6
40,499,-268,43,201,09,60,89,-6,11,-25,42,1,42,385398,2,34014,28,0,00,8414,3
40,549,-268,73,199,83,60,97,-6,10,-25,34,1,42,385336,5,34007,96,0,00,8408,0
40,599,-269,04,198,56,61,04,-6,10,-25,26,1,42,385281,7,34001,64,0,00,8401,6
40,649,-269,34,197,30,61,11,-6,10,-25,18,1,42,385226,8,33995,33,0,00,8395,3
40,699,-269,65,196,04,61,18,-6,10,-25,10,1,42,385165,0,33989,01,0,00,8389,0
40,750,-269,95,194,79,61,25,-6,10,-25,02,1,42,385123,9,33982,69,0,00,8382,7
40,800,-270,26,193,54,61,32,-6,10,-24,94,1,42,385048,8,33976,38,0,00,8376,4
40,850,-270,57,192,29,61,39,-6,10,-24,86,1,42,385014,6,33970,07,0,00,8370,1
40,900,-270,87,191,05,61,46,-6,10,-24,78,1,42,384945,7,33963,76,0,00,8363,8
40,950,-271,17,189,82,61,53,-6,10,-24,70,1,42,384897,6,33957,45,0,00,8357,5
41,000,-271,48,188,58,61,60,-6,10,-24,62,1,42,384856,2,33951,14,0,00,8351,1
41,050,-271,78,187,36,61,68,-6,10,-24,54,1,42,384801,1,33944,84,0,00,8344,8
41,100,-272,09,186,13,61,75,-6,10,-24,46,1,42,384725,1,33938,53,0,00,8338,5
41,150,-272,39,184,91,61,82,-6,10,-24,38,1,42,384676,8,33932,22,0,00,8332,2
41,200,-272,70,183,69,61,89,-6,09,-24,30,1,42,384628,4,33925,91,0,00,8325,9
41,250,-273,00,182,48,61,96,-6,09,-24,22,1,42,384573,1,33919,60,0,00,8319,6
41,300,-273,31,181,27,62,03,-6,09,-24,14,1,42,384503,9,33913,29,0,00,8313,3
41,350,-273,61,180,07,62,10,-6,09,-24,06,1,42,384455,5,33906,99,0,00,8307,0
41,400,-273,92,178,86,62,17,-6,09,-23,98,1,42,384413,9,33900,70,0,00,8300,7
41,450,-274,22,177,67,62,24,-6,09,-23,90,1,42,384344,8,33894,40,0,00,8294,4
41,500,-274,53,176,48,62,31,-6,09,-23,82,1,42,384296,2,33888,10,0,00,8288,1
41,550,-274,83,175,29,62,38,-6,09,-23,74,1,42,384240,7,33881,80,0,00,8281,8
41,600,-275,14,174,10,62,46,-6,09,-23,65,1,42,384178,2,33875,50,0,00,8275,5
41,650,-275,44,172,92,62,53,-6,09,-23,57,1,42,384129,4,33869,20,0,00,8269,2
41,700,-275,74,171,74,62,60,-6,09,-23,49,1,42,384080,7,33862,90,0,00,8262,9
41,750,-276,05,170,57,62,67,-6,09,-23,41,1,42,384011,9,33856,60,0,00,8256,6
41,800,-276,35,169,40,62,74,-6,09,-23,33,1,42,383963,0,33850,30,0,00,8250,3
41,850,-276,66,168,24,62,81,-6,09,-23,25,1,42,383886,3,33844,01,0,00,8244,0
41,900,-276,96,167,08,62,88,-6,08,-23,17,1,42,383837,3,33837,72,0,00,8237,7
41,950,-277,27,165,92,62,95,-6,08,-23,09,1,42,383802,0,33831,43,0,00,8231,4
42,000,-277,57,164,77,63,02,-6,08,-23,01,1,42,383732,3,33825,14,0,00,8225,1
42,050,-277,87,163,62,63,09,-6,08,-22,93,1,42,383683,2,33818,85,0,00,8218,9
42,100,-278,18,162,48,63,16,-6,08,-22,85,1,42,383627,2,33812,56,0,00,8212,6
42,150,-278,48,161,33,63,23,-6,08,-22,77,1,42,383571,1,33806,27,0,00,8206,3
42,200,-278,79,160,20,63,31,-6,08,-22,69,1,42,383508,2,33799,98,0,00,8200,0
42,250,-279,09,159,07,63,38,-6,08,-22,61,1,42,383452,0,33793,70,0,00,8193,7
42,300,-279,39,157,94,63,45,-6,08,-22,53,1,42,383389,0,33787,41,0,00,8187,4
42,350,-279,70,156,81,63,52,-6,08,-22,45,1,42,383339,7,33781,13,0,00,8181,1
42,400,-280,00,155,69,63,59,-6,08,-22,37,1,42,383290,4,33774,84,0,00,8174,8
42,450,-280,31,154,58,63,66,-6,08,-22,29,1,42,383220,3,33768,56,0,00,8168,6
42,500,-280,61,153,46,63,73,-6,08,-22,21,1,42,383164,0,33762,27,0,00,8162,3
42,550,-280,91,152,36,63,80,-6,07,-22,13,1,42,383107,6,33756,00,0,00,8156,0
42,600,-281,22,151,25,63,87,-6,07,-22,05,1,41,383044,3,33749,71,0,00,8149,7
42,650,-281,52,150,15,63,94,-6,07,-21,97,1,41,382994,8,33743,44,0,00,8143,4
42,700,-281,82,149,05,64,01,-6,07,-21,89,1,41,382952,1,33737,16,0,00,8137,2
42,750,-282,13,147,96,64,08,-6,07,-21,81,1,41,382888,6,33730,88,0,00,8130,9
42,800,-282,43,146,87,64,15,-6,07,-21,73,1,41,382832,1,33724,60,0,00,8124,6
42,850,-282,74,145,79,64,23,-6,07,-21,65,1,41,382789,3,33718,33,0,00,8118,3
42,900,-283,04,144,71,64,30,-6,07,-21,57,1,41,382725,7,33712,05,0,00,8112,1
42,950,-283,34,143,63,64,37,-6,07,-21,48,1,41,382662,1,33705,78,0,00,8105,8
43,000,-283,65,142,56,64,44,-6,07,-21,40,1,41,382606,2,33699,50,0,00,8099,5
43,050,-283,95,141,49,64,51,-6,07,-21,32,1,41,382549,4,33693,23,0,00,8093,2
43,100,-284,25,140,43,64,58,-6,07,-21,24,1,41,382492,5,33686,96,0,00,8087,0
43,150,-284,56,139,37,64,65,-6,07,-21,16,1,41,382442,6,33680,70,0,00,8080,7
43,200,-284,86,138,31,64,72,-6,07,-21,08,1,41,382371,9,33674,43,0,00,8074,4
43,250,-285,16,137,26,64,79,-6,07,-21,00,1,41,382314,9,33668,16,0,00,8068,2
43,300,-285,47,136,21,64,86,-6,06,-20,92,1,41,382257,9,33661,89,0,00,8061,9
43,350,-285,77,135,17,64,93,-6,06,-20,84,1,41,382207,9,33655,62,0,00,8055,6
43,400,-286,07,134,13,65,00,-6,06,-20,76,1,41,382143,9,33649,36,0,00,8049,4
43,450,-286,38,133,09,65,07,-6,06,-20,68,1,41,382093,7,33643,09,0,00,8043,1
43,500,-286,68,132,06,65,14,-6,06,-20,60,1,41,382036,5,33636,83,0,00,8036,8
43,550,-286,98,131,03,65,21,-6,06,-20,52,1,41,381965,5,33630,56,0,00,8030,6
43,600,-287,28,130,01,65,29,-6,06,-20,44,1,41,381929,2,33624,30,0,00,8024,3
43,650,-287,59,128,99,65,36,-6,06,-20,36,1,41,381865,0,33618,04,0,00,8018,0
43,700,-287,89,127,97,65,43,-6,06,-20,28,1,41,381800,8,33611,79,0,00,8011,8
43,750,-288,19,126,96,65,50,-6,06,-20,20,1,41,381743,5,33605,52,0,00,8005,5
43,800,-288,50,125,95,65,57,-6,06,-20,12,1,41,381699,9,33599,27,0,00,7999,3
43,850,-288,80,124,95,65,64,-6,06,-20,04,1,41,381635,6,33593,01,0,00,7993,0
43,900,-289,10,123,95,65,71,-6,06,-19,96,1,41,381578,2,33586,75,0,00,7986,8
43,950,-289,40,122,95,65,78,-6,06,-19,88,1,41,381527,7,33580,50,0,00,7980,5
44,000,-289,71,121,96,65,85,-6,06,-19,80,1,41,381463,3,33574,24,0,00,7974,2
44,050,-290,01,120,97,65,92,-6,05,-19,72,1,41,381412,6,33567,99,0,00,7968,0
44,100,-290,31,119,99,65,99,-6,05,-19,64,1,41,381348,2,33561,74,0,00,7961,7
44,150,-290,62,119,01,66,06,-6,05,-19,56,1,41,381283,7,33555,49,0,00,7955,5
44,200,-290,92,118,03,66,13,-6,05,-19,48,1,41,381232,9,33549,24,0,00,7949,2
44,250,-291,22,117,06,66,20,-6,05,-19,40,1,41,381182,1,33542,99,0,00,7943,0
44,300,-291,52,116,09,66,27,-6,05,-19,32,1,41,381110,6,33536,74,0,00,7936,7
44,350,-291,83,115,13,66,34,-6,05,-19,23,1,41,381052,8,33530,49,0,00,7930,5
44,400,-292,13,114,17,66,41,-6,05,-19,15,1,41,381001,9,33524,25,0,00,7924,2
44,450,-292,43,113,21,66,49,-6,05,-19,07,1,41,380944,1,33518,00,0,00,7918,0
44,500,-292,73,112,26,66,56,-6,05,-18,99,1,41,380893,1,33511,75,0,00,7911,8
44,550,-293,04,111,31,66,63,-6,05,-18,91,1,41,380821,4,33505,51,0,00,7905,5
44,600,-293,34,110,37,66,70,-6,05,-18,83,1,41,380763,4,33499,27,0,00,7899,3
44,650,-293,64,109,43,66,77,-6,05,-18,75,1,41,380719,3,33493,03,0,00,7893,0
44,700,-293,94,108,49,66,84,-6,05,-18,67,1,41,380661,3,33486,79,0,00,7886,8
44,750,-294,25,107,56,66,91,-6,05,-18,59,1,41,380651,7,33480,55,0,00,7880,5
44,800,-294,55,106,64,66,98,-6,04,-18,51,1,41,380538,8,33474,30,0,00,7874,3
44,850,-294,85,105,71,67,05,-6,04,-18,43,1,41,380480,7,33468,07,0,00,7868,1
44,900,-295,15,104,79,67,12,-6,04,-18,35,1,41,380415,7,33461,83,0,00,7861,8
44,950,-295,45,103,88,67,19,-6,04,-18,27,1,41,380364,3,33455,59,0,00,7855,6
45,000,-295,76,102,97,67,26,-6,04,-18,19,1,41,380306,1,33449,36,0,00,7849,4
45,050,-296,06,102,06,67,33,-6,04,-18,11,1,41,380254,8,33443,13,0,00,7843,1
45,100,-296,36,101,15,67,40,-6,04,-18,03,1,41,380189,5,33436,89,0,00,7836,9
45,150,-296,66,100,26,67,47,-6,04,-17,95,1,41,380131,2,33430,66,0,00,7830,7
45,200,-296,96,99,36,67,54,-6,04,-17,87,1,41,380059,0,33424,43,0,00,7824,4
45,250,-297,27,98,47,67,61,-6,04,-17,79,1,41,380007,3,33418,20,0,00,7818,2
45,300,-297,57,97,58,67,68,-6,04,-17,71,1,41,379955,8,33411,97,0,00,7812,0
45,350,-297,87,96,70,67,75,-6,04,-17,63,1,41,379897,1,33405,74,0,00,7805,7
45,400,-298,17,95,82,67,82,-6,04,-17,55,1,41,379838,6,33399,51,0,00,7799,5
45,451,-298,47,94,94,67,89,-6,04,-17,47,1,41,379780,1,33393,29,0,00,7793,3
45,501,-298,78,94,07,67,97,-6,04,-17,39,1,41,379714,5,33387,06,0,00,7787,1
45,551,-299,08,93,20,68,04,-6,04,-17,31,1,41,379662,5,33380,84,0,00,7780,8
45,601,-299,38,92,34,68,11,-6,04,-17,23,1,41,379596,8,33374,61,0,00,7774,6
45,651,-299,68,91,48,68,18,-6,03,-17,15,1,41,379544,8,33368,39,0,00,7768,4
45,701,-299,98,90,63,68,25,-6,03,-17,07,1,41,379478,9,33362,17,0,00,7762,2
45,751,-300,28,89,77,68,32,-6,03,-16,98,1,41,379419,8,33355,95,0,00,7755,9
45,801,-300,59,88,93,68,39,-6,03,-16,90,1,41,379360,7,33349,73,0,00,7749,7
45,851,-300,89,88,08,68,46,-6,03,-16,82,1,41,379315,4,33343,50,0,00,7743,5
45,901,-301,19,87,25,68,53,-6,03,-16,74,1,41,379249,3,33337,29,0,00,7737,3
45,951,-301,49,86,41,68,60,-6,03,-16,66,1,41,379190,1,33331,07,0,00,7731,1
46,001,-301,79,85,58,68,67,-6,03,-16,58,1,41,379137,8,33324,86,0,00,7724,9
46,051,-302,09,84,75,68,74,-6,03,-16,50,1,41,379064,7,33318,64,0,00,7718,6
46,101,-302,40,83,93,68,81,-6,03,-16,42,1,41,379005,3,33312,43,0,00,7712,4
46,151,-302,70,83,11,68,88,-6,03,-16,34,1,41,378945,8,33306,21,0,00,7706,2
46,201,-303,00,82,29,68,95,-6,03,-16,26,1,41,378886,4,33300,00,0,00,7700,0
46,251,-303,30,81,48,69,02,-6,03,-16,18,1,41,378826,9,33293,79,0,00,7693,8
46,301,-303,60,80,68,69,09,-6,03,-16,10,1,41,378774,3,33287,58,0,00,7687,6
46,351,-303,90,79,87,69,16,-6,03,-16,02,1,41,378704,4,33281,37,0,00,7681,4
46,401,-304,20,79,07,69,23,-6,03,-15,94,1,41,378651,8,33275,16,0,00,7675,2
46,451,-304,50,78,28,69,30,-6,03,-15,86,1,41,378595,7,33268,96,0,00,7669,0
46,501,-304,81,77,49,69,37,-6,02,-15,78,1,41,378529,1,33262,75,0,00,7662,8
46,551,-305,11,76,70,69,44,-6,02,-15,70,1,41,378472,9,33256,55,0,00,7656,5
46,601,-305,41,75,92,69,51,-6,02,-15,62,1,41,378420,0,33250,34,0,00,7650,3
46,651,-305,71,75,14,69,58,-6,02,-15,54,1,41,378356,8,33244,14,0,00,7644,1
46,701,-306,01,74,36,69,65,-6,02,-15,46,1,41,378293,5,33237,94,0,00,7637,9
46,751,-306,31,73,59,69,72,-6,02,-15,38,1,41,378233,7,33231,73,0,00,7631,7
46,801,-306,61,72,83,69,80,-6,02,-15,30,1,41,378173,8,33225,54,0,00,7625,5
46,851,-306,91,72,06,69,87,-6,02,-15,22,1,41,378110,3,33219,33,0,00,7619,3
46,901,-307,22,71,31,69,94,-6,02,-15,14,1,41,378053,8,33213,14,0,00,7613,1
46,951,-307,52,70,55,70,01,-6,02,-15,06,1,41,377990,3,33206,94,0,00,7606,9
47,001,-307,82,69,80,70,08,-6,02,-14,98,1,41,377930,2,33200,74,0,00,7600,7
47,051,-308,12,69,05,70,15,-6,02,-14,90,1,41,377873,5,33194,55,0,00,7594,5
47,101,-308,42,68,31,70,22,-6,02,-14,81,1,41,377816,8,33188,35,0,00,7588,4
47,151,-308,72,67,57,70,29,-6,02,-14,73,1,41,377749,7,33182,16,0,00,7582,2
47,201,-309,02,66,84,70,36,-6,02,-14,65,1,41,377692,9,33175,97,0,00,7576,0
47,251,-309,32,66,11,70,43,-6,02,-14,57,1,41,377629,2,33169,78,0,00,7569,8
47,301,-309,62,65,38,70,50,-6,02,-14,49,1,41,377568,8,33163,59,0,00,7563,6
47,351,-309,92,64,66,70,57,-6,02,-14,41,1,41,377511,8,33157,39,0,00,7557,4
47,401,-310,22,63,94,70,64,-6,01,-14,33,1,41,377454,8,33151,21,0,00,7551,2
47,451,-310,52,63,22,70,71,-6,01,-14,25,1,41,377394,3,33145,02,0,00,7545,0
47,501,-310,83,62,51,70,78,-6,01,-14,17,1,41,377330,4,33138,84,0,00,7538,8
47,551,-311,13,61,81,70,85,-6,01,-14,09,1,41,377266,4,33132,65,0,00,7532,6
47,601,-311,43,61,10,70,92,-6,01,-14,01,1,41,377209,2,33126,46,0,00,7526,5
47,651,-311,73,60,41,70,99,-6,01,-13,93,1,41,377148,5,33120,28,0,00,7520,3
47,701,-312,03,59,71,71,06,-6,01,-13,85,1,40,377091,4,33114,10,0,00,7514,1
47,751,-312,33,59,02,71,13,-6,01,-13,77,1,40,377027,1,33107,92,0,00,7507,9
47,801,-312,63,58,33,71,20,-6,01,-13,69,1,40,376962,9,33101,73,0,00,7501,7
47,851,-312,93,57,65,71,27,-6,01,-13,61,1,40,376909,7,33095,55,0,00,7495,6
47,901,-313,23,56,97,71,34,-6,01,-13,53,1,40,376845,3,33089,38,0,00,7489,4
47,951,-313,53,56,30,71,41,-6,01,-13,45,1,40,376784,5,33083,20,0,00,7483,2
48,001,-313,83,55,63,71,48,-6,01,-13,37,1,40,376723,5,33077,02,0,00,7477,0
48,051,-314,13,54,96,71,55,-6,01,-13,29,1,40,376659,0,33070,85,0,00,7470,8
48,101,-314,43,54,30,71,62,-6,01,-13,21,1,40,376597,9,33064,67,0,00,7464,7
48,151,-314,73,53,64,71,69,-6,01,-13,13,1,40,376540,3,33058,50,0,00,7458,5
48,201,-315,03,52,99,71,76,-6,01,-13,05,1,40,376479,1,33052,33,0,00,7452,3
48,251,-315,33,52,34,71,83,-6,01,-12,97,1,40,376414,5,33046,16,0,00,7446,2
48,301,-315,63,51,69,71,90,-6,01,-12,89,1,40,376356,7,33039,98,0,00,7440,0
48,351,-315,93,51,05,71,97,-6,01,-12,81,1,40,376295,4,33033,82,0,00,7433,8
48,401,-316,23,50,41,72,04,-6,00,-12,73,1,40,376234,1,33027,65,0,00,7427,6
48,451,-316,53,49,77,72,11,-6,00,-12,65,1,40,376172,7,33021,48,0,00,7421,5
48,501,-316,83,49,14,72,18,-6,00,-12,56,1,40,376111,2,33015,32,0,00,7415,3
48,551,-317,13,48,52,72,25,-6,00,-12,48,1,40,376049,8,33009,15,0,00,7409,1
48,601,-317,43,47,90,72,32,-6,00,-12,40,1,40,375988,3,33002,98,0,00,7403,0
48,651,-317,73,47,28,72,39,-6,00,-12,32,1,40,375926,6,32996,82,0,00,7396,8
48,701,-318,03,46,66,72,46,-6,00,-12,24,1,40,375865,0,32990,66,0,00,7390,7
48,751,-318,33,46,05,72,53,-6,00,-12,16,1,40,375799,9,32984,50,0,00,7384,5
48,801,-318,63,45,45,72,60,-6,00,-12,08,1,40,375741,6,32978,34,0,00,7378,3
48,851,-318,93,44,85,72,67,-6,00,-12,00,1,40,375679,8,32972,18,0,00,7372,2
48,901,-319,23,44,25,72,75,-6,00,-11,92,1,40,375614,6,32966,02,0,00,7366,0
48,951,-319,53,43,65,72,82,-6,00,-11,84,1,40,375556,2,32959,86,0,00,7359,9
49,001,-319,83,43,06,72,89,-6,00,-11,76,1,40,375487,3,32953,71,0,00,7353,7
49,051,-320,13,42,48,72,96,-6,00,-11,68,1,40,375425,3,32947,55,0,00,7347,5
49,101,-320,43,41,89,73,03,-6,00,-11,60,1,40,375370,2,32941,39,0,00,7341,4
49,151,-320,73,41,32,73,10,-6,00,-11,52,1,40,375301,2,32935,24,0,00,7335,2
49,201,-321,03,40,74,73,17,-6,00,-11,44,1,40,375239,1,32929,09,0,00,7329,1
49,251,-321,33,40,17,73,24,-6,00,-11,36,1,40,375176,9,32922,94,0,00,7322,9
49,301,-321,63,39,61,73,31,-6,00,-11,28,1,40,375114,7,32916,79,0,00,7316,8
49,351,-321,93,39,04,73,38,-6,00,-11,20,1,40,375055,8,32910,64,0,00,7310,6
49,401,-322,23,38,49,73,45,-6,00,-11,12,1,40,374997,1,32904,49,0,00,7304,5
49,451,-322,53,37,93,73,52,-5,99,-11,04,1,40,374931,2,32898,34,0,00,7298,3
49,501,-322,83,37,38,73,59,-5,99,-10,96,1,40,374868,8,32892,20,0,00,7292,2
49,551,-323,13,36,84,73,66,-5,99,-10,88,1,40,374806,4,32886,05,0,00,7286,1
49,601,-323,43,36,30,73,73,-5,99,-10,80,1,40,374740,4,32879,91,0,00,7279,9
49,651,-323,73,35,76,73,80,-5,99,-10,72,1,40,374681,4,32873,77,0,00,7273,8
49,701,-324,03,35,22,73,87,-5,99,-10,64,1,40,374622,2,32867,63,0,00,7267,6
49,751,-324,33,34,69,73,94,-5,99,-10,56,1,40,374556,1,32861,48,0,00,7261,5
49,801,-324,63,34,17,74,01,-5,99,-10,48,1,40,374493,4,32855,34,0,00,7255,3
49,851,-324,93,33,65,74,08,-5,99,-10,40,1,40,374430,7,32849,21,0,00,7249,2
49,901,-325,23,33,13,74,15,-5,99,-10,31,1,40,374367,9,32843,07,0,00,7243,1
49,951,-325,53,32,61,74,22,-5,99,-10,23,1,40,374301,6,32836,93,0,00,7236,9
50,001,-325,83,32,11,74,29,-5,99,-10,15,1,40,374245,6,32830,79,0,00,7230,8
50,051,-326,13,31,60,74,36,-5,99,-10,07,1,40,374182,7,32824,66,0,00,7224,7
50,102,-326,43,31,10,74,43,-5,99,-9,99,1,40,374109,3,32818,53,0,00,7218,5
50,152,-326,73,30,60,74,50,-5,99,-9,91,1,40,374049,7,32812,39,0,00,7212,4
50,202,-327,03,30,11,74,57,-5,99,-9,83,1,40,373986,7,32806,26,0,00,7206,3
50,252,-327,33,29,62,74,64,-5,99,-9,75,1,40,373923,6,32800,13,0,00,7200,1
50,302,-327,62,29,13,74,71,-5,99,-9,67,1,40,373863,9,32794,00,0,00,7194,0
50,352,-327,92,28,65,74,78,-5,99,-9,59,1,40,373797,3,32787,88,0,00,7187,9
50,402,-328,22,28,17,74,85,-5,99,-9,51,1,40,373737,5,32781,75,0,00,7181,7
50,452,-328,52,27,70,74,92,-5,99,-9,43,1,40,373674,2,32775,62,0,00,7175,6
50,502,-328,82,27,23,74,99,-5,99,-9,35,1,40,373607,3,32769,49,0,00,7169,5
50,552,-329,12,26,76,75,06,-5,99,-9,27,1,40,373543,9,32763,37,0,00,7163,4
50,602,-329,42,26,30,75,13,-5,98,-9,19,1,40,373480,4,32757,25,0,00,7157,2
50,652,-329,72,25,84,75,20,-5,98,-9,11,1,40,373420,4,32751,12,0,00,7151,1
50,702,-330,02,25,39,75,27,-5,98,-9,03,1,40,373353,3,32745,00,0,00,7145,0
50,752,-330,32,24,94,75,34,-5,98,-8,95,1,40,373293,0,32738,88,0,00,7138,9
50,802,-330,62,24,50,75,41,-5,98,-8,87,1,40,373229,3,32732,76,0,00,7132,8
50,852,-330,92,24,05,75,48,-5,98,-8,79,1,40,373158,8,32726,64,0,00,7126,6
50,902,-331,22,23,62,75,55,-5,98,-8,71,1,40,373095,0,32720,53,0,00,7120,5
50,952,-331,51,23,18,75,62,-5,98,-8,63,1,40,373041,5,32714,41,0,00,7114,4
51,002,-331,81,22,75,75,69,-5,98,-8,55,1,40,372967,3,32708,30,0,00,7108,3
51,052,-332,11,22,33,75,76,-5,98,-8,47,1,40,372906,9,32702,18,0,00,7102,2
51,102,-332,41,21,91,75,83,-5,98,-8,39,1,40,372842,8,32696,07,0,00,7096,1
51,152,-332,71,21,49,75,90,-5,98,-8,31,1,40,372775,3,32689,96,0,00,7090,0
51,202,-333,01,21,08,75,97,-5,98,-8,23,1,40,372714,6,32683,85,0,00,7083,8
51,252,-333,31,20,67,76,04,-5,98,-8,15,1,40,372650,5,32677,74,0,00,7077,7
51,302,-333,61,20,26,76,11,-5,98,-8,06,1,40,372589,8,32671,63,0,00,7071,6
51,352,-333,91,19,86,76,18,-5,98,-7,98,1,40,372520,3,32665,52,0,00,7065,5
51,402,-334,21,19,46,76,25,-5,98,-7,90,1,40,372457,7,32659,41,0,00,7059,4
51,452,-334,51,19,07,76,32,-5,98,-7,82,1,40,372393,3,32653,31,0,00,7053,3
51,502,-334,80,18,68,76,39,-5,98,-7,74,1,40,372327,2,32647,21,0,00,7047,2
51,552,-335,10,18,30,76,46,-5,98,-7,66,1,40,372262,7,32641,10,0,00,7041,1
51,602,-335,40,17,92,76,53,-5,98,-7,58,1,40,372198,2,32635,00,0,00,7035,0
51,652,-335,70,17,54,76,60,-5,98,-7,50,1,40,372133,6,32628,89,0,00,7028,9
51,702,-336,00,17,17,76,67,-5,98,-7,42,1,40,372069,0,32622,80,0,00,7022,8
51,752,-336,30,16,80,76,74,-5,98,-7,34,1,40,372006,1,32616,70,0,00,7016,7
51,802,-336,60,16,43,76,81,-5,98,-7,26,1,40,371941,3,32610,60,0,00,7010,6
51,852,-336,90,16,07,76,88,-5,98,-7,18,1,40,371876,5,32604,50,0,00,7004,5
51,902,-337,19,15,71,76,95,-5,97,-7,10,1,40,371808,2,32598,41,0,00,6998,4
51,952,-337,49,15,36,77,02,-5,97,-7,02,1,40,371745,0,32592,31,0,00,6992,3
52,002,-337,79,15,01,77,09,-5,97,-6,94,1,40,371681,7,32586,22,0,00,6986,2
52,052,-338,09,14,67,77,16,-5,97,-6,86,1,40,371614,9,32580,13,0,00,6980,1
52,102,-338,39,14,33,77,23,-5,97,-6,78,1,40,371548,1,32574,03,0,00,6974,0
52,152,-338,69,13,99,77,30,-5,97,-6,70,1,40,371486,5,32567,94,0,00,6967,9
52,202,-338,99,13,66,77,37,-5,97,-6,62,1,40,371419,5,32561,85,0,00,6961,9
52,252,-339,29,13,33,77,44,-5,97,-6,54,1,40,371352,6,32555,77,0,00,6955,8
52,302,-339,58,13,00,77,51,-5,97,-6,46,1,40,371287,2,32549,68,0,00,6949,7
52,352,-339,88,12,68,77,58,-5,97,-6,38,1,40,371223,6,32543,59,0,00,6943,6
52,402,-340,18,12,36,77,65,-5,97,-6,30,1,40,371158,1,32537,51,0,00,6937,5
52,452,-340,48,12,05,77,72,-5,97,-6,22,1,40,371087,4,32531,42,0,00,6931,4
52,502,-340,78,11,74,77,79,-5,97,-6,14,1,40,371025,3,32525,34,0,00,6925,3
52,552,-341,08,11,44,77,86,-5,97,-6,06,1,40,370959,7,32519,25,0,00,6919,3
52,602,-341,37,11,14,77,93,-5,97,-5,98,1,40,370894,0,32513,18,0,00,6913,2
52,652,-341,67,10,84,78,00,-5,97,-5,90,1,40,370828,2,32507,10,0,00,6907,1
52,702,-341,97,10,55,78,07,-5,97,-5,82,1,40,370764,2,32501,02,0,00,6901,0
52,752,-342,27,10,26,78,14,-5,97,-5,74,1,40,370694,8,32494,94,0,00,6894,9
52,802,-342,57,9,97,78,21,-5,97,-5,66,1,40,370627,1,32488,86,0,00,6888,9
52,852,-342,87,9,69,78,28,-5,97,-5,57,1,40,370562,8,32482,79,0,00,6882,8
52,902,-343,17,9,42,78,35,-5,97,-5,49,1,40,370496,7,32476,71,0,00,6876,7
52,952,-343,46,9,14,78,42,-5,97,-5,41,1,40,370430,6,32470,64,0,00,6870,6
53,002,-343,76,8,87,78,49,-5,97,-5,33,1,40,370362,6,32464,56,0,00,6864,6
53,052,-344,06,8,61,78,56,-5,97,-5,25,1,40,370298,1,32458,50,0,00,6858,5
53,102,-344,36,8,35,78,63,-5,97,-5,17,1,40,370230,0,32452,43,0,00,6852,4
53,152,-344,66,8,09,78,70,-5,97,-5,09,1,40,370163,5,32446,36,0,00,6846,4
53,202,-344,96,7,84,78,77,-5,97,-5,01,1,40,370097,0,32440,29,0,00,6840,3
53,252,-345,25,7,59,78,84,-5,97,-4,93,1,40,370032,1,32434,22,0,00,6834,2
53,302,-345,55,7,35,78,91,-5,97,-4,85,1,40,369963,8,32428,16,0,00,6828,2
53,352,-345,85,7,11,78,98,-5,96,-4,77,1,40,369895,3,32422,09,0,00,6822,1
53,402,-346,15,6,87,79,05,-5,96,-4,69,1,40,369828,4,32416,03,0,00,6816,0
53,452,-346,45,6,64,79,12,-5,96,-4,61,1,40,369763,3,32409,96,0,00,6810,0
53,502,-346,74,6,41,79,19,-5,96,-4,53,1,40,369692,8,32403,90,0,00,6803,9
53,552,-347,04,6,18,79,26,-5,96,-4,45,1,40,369625,8,32397,84,0,00,6797,8
53,602,-347,34,5,96,79,33,-5,96,-4,30,1,40,845000,0,32391,01,0,00,6791,0
53,652,-347,64,5,75,79,40,-5,96,-4,18,1,40,410677,4,32384,53,0,00,6784,5
53,702,-347,94,5,55,79,47,-5,96,-4,04,1,40,406733,1,32377,84,0,00,6777,8
53,752,-348,24,5,35,79,54,-5,96,-3,90,1,40,404103,5,32371,20,0,00,6771,2
53,802,-348,53,5,16,79,61,-5,96,-3,77,1,40,401542,1,32364,59,0,00,6764,6
53,852,-348,83,4,97,79,68,-5,96,-3,64,1,40,399043,8,32358,03,0,00,6758,0
53,902,-349,13,4,79,79,75,-5,96,-3,52,1,40,396606,5,32351,51,0,00,6751,5
53,952,-349,43,4,62,79,82,-5,96,-3,40,1,40,394227,8,32345,03,0,00,6745,0
54,002,-349,73,4,45,79,89,-5,96,-3,28,1,40,391907,5,32338,59,0,00,6738,6
54,052,-350,02,4,29,79,96,-5,96,-3,17,1,40,389645,0,32332,19,0,00,6732,2
54,102,-350,32,4,13,80,03,-5,96,-3,05,1,40,387437,5,32325,82,0,00,6725,8
54,152,-350,62,3,98,80,10,-5,96,-2,95,1,40,385283,7,32319,49,0,00,6719,5
54,202,-350,92,3,84,80,17,-5,96,-2,84,1,40,383183,6,32313,19,0,00,6713,2
54,252,-351,22,3,70,80,24,-5,96,-2,74,1,40,381135,0,32306,93,0,00,6706,9
54,302,-351,51,3,57,80,31,-5,96,-2,64,1,40,379137,1,32300,70,0,00,6700,7
54,352,-351,81,3,44,80,38,-5,96,-2,55,1,40,377187,1,32294,50,0,00,6694,5
54,402,-352,11,3,31,80,45,-5,96,-2,46,1,40,375286,6,32288,33,0,00,6688,3
54,452,-352,41,3,19,80,52,-5,96,-2,37,1,40,373432,2,32282,20,0,00,6682,2
54,502,-352,71,3,07,80,59,-5,96,-2,28,1,40,371624,8,32276,09,0,00,6676,1
54,552,-353,00,2,96,80,66,-5,96,-2,20,1,40,369860,8,32270,01,0,00,6670,0
54,602,-353,30,2,85,80,73,-5,96,-2,12,1,40,368141,4,32263,96,0,00,6664,0
54,652,-353,60,2,75,80,80,-5,96,-2,04,1,40,366464,1,32257,95,0,00,6657,9
54,702,-353,90,2,65,80,87,-5,96,-1,96,1,40,364829,3,32251,95,0,00,6652,0
54,752,-354,19,2,55,80,94,-5,96,-1,89,1,40,363234,3,32245,98,0,00,6646,0
54,803,-354,49,2,46,81,01,-5,96,-1,82,1,40,361679,4,32240,04,0,00,6640,0
54,853,-354,79,2,37,81,08,-5,96,-1,75,1,40,360163,5,32234,13,0,00,6634,1
54,903,-355,09,2,29,81,15,-5,96,-1,68,1,40,358685,1,32228,24,0,00,6628,2
54,953,-355,39,2,20,81,22,-5,96,-1,61,1,40,357243,3,32222,37,0,00,6622,4
55,003,-355,68,2,13,81,29,-5,96,-1,55,1,40,355838,1,32216,53,0,00,6616,5
55,053,-355,98,2,05,81,36,-5,95,-1,49,1,40,354468,0,32210,71,0,00,6610,7
55,103,-356,28,1,98,81,43,-5,95,-1,43,1,40,353131,9,32204,91,0,00,6604,9
55,153,-356,58,1,91,81,50,-5,95,-1,37,1,40,351829,7,32199,13,0,00,6599,1
55,203,-356,88,1,84,81,57,-5,95,-1,32,1,40,350559,7,32193,37,0,00,6593,4
55,253,-357,17,1,77,81,64,-5,95,-1,27,1,40,349322,0,32187,64,0,00,6587,6
55,303,-357,47,1,71,81,71,-5,95,-1,21,1,40,348115,5,32181,92,0,00,6581,9
55,353,-357,77,1,65,81,78,-5,95,-1,17,1,40,346939,5,32176,22,0,00,6576,2
55,403,-358,07,1,60,81,85,-5,95,-1,12,1,40,345792,7,32170,55,0,00,6570,5
55,453,-358,36,1,54,81,92,-5,95,-1,07,1,40,344675,3,32164,89,0,00,6564,9
55,503,-358,66,1,49,81,99,-5,95,-1,03,1,40,343586,0,32159,25,0,00,6559,2
55,553,-358,96,1,44,82,06,-5,95,-0,98,1,40,342524,6,32153,63,0,00,6553,6
55,603,-359,26,1,39,82,13,-5,95,-0,94,1,40,341489,9,32148,02,0,00,6548,0
55,653,-359,55,1,34,82,20,-5,95,-0,90,1,40,340481,4,32142,43,0,00,6542,4
55,703,-359,85,1,30,82,27,-5,95,-0,86,1,40,339498,8,32136,86,0,00,6536,9
55,753,-360,15,1,26,82,34,-5,95,-0,83,1,40,338540,9,32131,30,0,00,6531,3
55,803,-360,45,1,22,82,41,-5,95,-0,79,1,40,337607,4,32125,76,0,00,6525,8
55,853,-360,74,1,18,82,48,-5,95,-0,76,1,40,336698,1,32120,23,0,00,6520,2
55,903,-361,04,1,14,82,55,-5,95,-0,72,1,40,335811,6,32114,72,0,00,6514,7
55,953,-361,34,1,11,82,62,-5,95,-0,69,1,40,334947,9,32109,22,0,00,6509,2
56,003,-361,64,1,07,82,69,-5,95,-0,66,1,40,334106,6,32103,74,0,00,6503,7
56,053,-361,93,1,04,82,76,-5,95,-0,63,1,40,333286,5,32098,27,0,00,6498,3
56,103,-362,23,1,01,82,83,-5,95,-0,60,1,40,332487,7,32092,81,0,00,6492,8
56,123,-362,35,1,00,82,86,-5,95,-0,59,1,40,332173,7,32090,63,0,00,6490,6
56,128,-362,38,0,99,82,86,-5,95,-0,59,1,40,332096,1,32090,09,0,00,6490,1
56,133,-362,41,0,99,82,87,-5,95,-0,59,1,40,332018,1,32089,54,0,00,6489,5
56,138,-362,44,0,99,82,88,-5,95,-0,58,1,40,331940,7,32089,00,0,00,6489,0
56,143,-362,47,0,99,82,88,-5,95,-0,58,1,40,331863,3,32088,45,0,00,6488,5
56,148,-362,50,0,98,82,89,-5,95,-0,58,1,40,331786,3,32087,91,0,00,6487,9
56,153,-362,53,0,98,82,90,-5,95,-0,58,1,40,331709,4,32087,37,0,00,6487,4
56,158,-362,56,0,98,82,91,-5,95,-0,57,1,40,331632,5,32086,82,0,00,6486,8
56,163,-362,59,0,97,82,91,-5,95,-0,57,1,40,331556,0,32086,28,0,00,6486,3
56,168,-362,62,0,97,82,92,-5,95,-0,57,1,40,331479,8,32085,74,0,00,6485,7
56,173,-362,65,0,97,82,93,-5,95,-0,57,1,40,331403,7,32085,19,0,00,6485,2
56,178,-362,68,0,97,82,93,-5,95,-0,56,1,40,331327,6,32084,65,0,00,6484,6
56,183,-362,71,0,96,82,94,-5,95,-0,56,1,40,331251,9,32084,11,0,00,6484,1
56,188,-362,74,0,96,82,95,-5,95,-0,56,1,40,331176,5,32083,56,0,00,6483,6
56,193,-362,77,0,96,82,95,-5,95,-0,56,1,40,331101,0,32083,02,0,00,6483,0
56,198,-362,80,0,95,82,96,-5,95,-0,55,1,40,331025,9,32082,48,0,00,6482,5
56,203,-362,83,0,95,82,97,-5,95,-0,55,1,40,330951,0,32081,94,0,00,6481,9
56,208,-362,86,0,95,82,98,-5,95,-0,55,1,40,330876,2,32081,39,0,00,6481,4
56,213,-362,89,0,95,82,98,-5,95,-0,54,1,40,330801,6,32080,85,0,00,6480,9
56,218,-362,92,0,94,82,99,-5,95,-0,54,1,40,330727,5,32080,31,0,00,6480,3
56,223,-362,95,0,94,83,00,-5,95,-0,54,1,40,330653,1,32079,77,0,00,6479,8
56,228,-362,98,0,94,83,00,-5,95,-0,54,1,40,330579,3,32079,22,0,00,6479,2
56,233,-363,00,0,94,83,01,-5,95,-0,53,1,40,330505,5,32078,68,0,00,6478,7
56,238,-363,03,0,93,83,02,-5,95,-0,53,1,40,330431,8,32078,14,0,00,6478,1
56,243,-363,06,0,93,83,02,-5,95,-0,53,1,40,330358,7,32077,60,0,00,6477,6
56,248,-363,09,0,93,83,03,-5,95,-0,53,1,40,330285,1,32077,06,0,00,6477,1
56,253,-363,12,0,93,83,04,-5,95,-0,53,1,40,330212,3,32076,52,0,00,6476,5
56,258,-363,15,0,92,83,05,-5,95,-0,52,1,40,330139,4,32075,98,0,00,6476,0
56,263,-363,18,0,92,83,05,-5,95,-0,52,1,40,330066,8,32075,43,0,00,6475,4
56,268,-363,21,0,92,83,06,-5,95,-0,52,1,40,329994,5,32074,89,0,00,6474,9
56,273,-363,24,0,91,83,07,-5,95,-0,52,1,40,329922,0,32074,35,0,00,6474,4
56,278,-363,27,0,91,83,07,-5,95,-0,51,1,40,329850,0,32073,81,0,00,6473,8
56,283,-363,30,0,91,83,08,-5,95,-0,51,1,40,329778,2,32073,27,0,00,6473,3
56,288,-363,33,0,91,83,09,-5,95,-0,51,1,40,329706,6,32072,73,0,00,6472,7
56,293,-363,36,0,90,83,09,-5,95,-0,51,1,40,329635,1,32072,19,0,00,6472,2
56,298,-363,39,0,90,83,10,-5,95,-0,50,1,40,329563,7,32071,65,0,00,6471,7
56,303,-363,42,0,90,83,11,-5,95,-0,50,1,40,329492,7,32071,11,0,00,6471,1
56,308,-363,45,0,90,83,12,-5,95,-0,50,1,40,329421,6,32070,57,0,00,6470,6
56,313,-363,48,0,89,83,12,-5,95,-0,50,1,40,329351,1,32070,03,0,00,6470,0
56,318,-363,51,0,89,83,13,-5,95,-0,49,1,40,329279,9,32069,49,0,00,6469,5
56,323,-363,54,0,89,83,14,-5,95,-0,49,1,40,329210,4,32068,95,0,00,6469,0
56,328,-363,57,0,89,83,14,-5,95,-0,49,1,40,329139,3,32068,41,0,00,6468,4
56,333,-363,60,0,88,83,15,-5,95,-0,49,1,40,329069,9,32067,87,0,00,6467,9
56,338,-363,63,0,88,83,16,-5,95,-0,49,1,40,328999,9,32067,33,0,00,6467,3
56,343,-363,66,0,88,83,16,-5,95,-0,48,1,40,328930,2,32066,79,0,00,6466,8
56,348,-363,69,0,88,83,17,-5,95,-0,48,1,40,328860,8,32066,25,0,00,6466,3
56,353,-363,72,0,88,83,18,-5,95,-0,48,1,40,328791,2,32065,71,0,00,6465,7
56,358,-363,75,0,87,83,19,-5,95,-0,48,1,40,328722,8,32065,18,0,00,6465,2
56,363,-363,78,0,87,83,19,-5,95,-0,47,1,40,328653,3,32064,64,0,00,6464,6
56,368,-363,81,0,87,83,20,-5,95,-0,47,1,40,328584,6,32064,10,0,00,6464,1
56,373,-363,84,0,87,83,21,-5,95,-0,47,1,40,328516,2,32063,56,0,00,6463,6
56,378,-363,87,0,86,83,21,-5,95,-0,47,1,40,328448,0,32063,02,0,00,6463,0
56,383,-363,90,0,86,83,22,-5,95,-0,47,1,40,328379,2,32062,48,0,00,6462,5
56,388,-363,93,0,86,83,23,-5,95,-0,46,1,40,328312,0,32061,95,0,00,6461,9
56,393,-363,96,0,86,83,23,-5,95,-0,46,1,40,328243,4,32061,41,0,00,6461,4
56,398,-363,99,0,85,83,24,-5,95,-0,46,1,40,328175,9,32060,87,0,00,6460,9
56,403,-364,02,0,85,83,25,-5,95,-0,46,1,40,328108,7,32060,33,0,00,6460,3
56,408,-364,05,0,85,83,26,-5,95,-0,45,1,40,328040,9,32059,79,0,00,6459,8
56,413,-364,08,0,85,83,26,-5,95,-0,45,1,40,327974,6,32059,25,0,00,6459,3
56,418,-364,11,0,84,83,27,-5,95,-0,45,1,40,327906,5,32058,72,0,00,6458,7
56,423,-364,14,0,84,83,28,-5,95,-0,45,1,40,327840,8,32058,18,0,00,6458,2
56,428,-364,17,0,84,83,28,-5,95,-0,45,1,40,327773,7,32057,64,0,00,6457,6
56,433,-364,20,0,84,83,29,-5,95,-0,44,1,40,327707,3,32057,11,0,00,6457,1
56,438,-364,22,0,84,83,30,-5,95,-0,44,1,40,327641,1,32056,57,0,00,6456,6
56,443,-364,25,0,83,83,30,-5,95,-0,44,1,40,327574,8,32056,03,0,00,6456,0
56,448,-364,28,0,83,83,31,-5,95,-0,44,1,40,327509,1,32055,49,0,00,6455,5
56,453,-364,31,0,83,83,32,-5,95,-0,44,1,40,327443,3,32054,96,0,00,6455,0
56,458,-364,34,0,83,83,33,-5,95,-0,43,1,40,327377,8,32054,42,0,00,6454,4
56,463,-364,37,0,83,83,33,-5,95,-0,43,1,40,327312,1,32053,88,0,00,6453,9
56,468,-364,40,0,82,83,34,-5,95,-0,43,1,40,327247,1,32053,35,0,00,6453,3
56,473,-364,43,0,82,83,35,-5,95,-0,43,1,40,327182,0,32052,81,0,00,6452,8
56,478,-364,46,0,82,83,35,-5,95,-0,43,1,40,327117,1,32052,27,0,00,6452,3
56,483,-364,49,0,82,83,36,-5,95,-0,42,1,40,327052,4,32051,74,0,00,6451,7
56,488,-364,52,0,81,83,37,-5,95,-0,42,1,40,326987,7,32051,20,0,00,6451,2
56,493,-364,55,0,81,83,37,-5,95,-0,42,1,40,326923,6,32050,67,0,00,6450,7
56,498,-364,58,0,81,83,38,-5,95,-0,42,1,40,326859,3,32050,13,0,00,6450,1
56,503,-364,61,0,81,83,39,-5,95,-0,42,1,40,326795,3,32049,59,0,00,6449,6
56,508,-364,64,0,81,83,40,-5,95,-0,41,1,40,326731,6,32049,06,0,00,6449,1
56,513,-364,67,0,80,83,40,-5,95,-0,41,1,40,326667,2,32048,52,0,00,6448,5
56,518,-364,70,0,80,83,41,-5,95,-0,41,1,40,326604,4,32047,99,0,00,6448,0
56,523,-364,73,0,80,83,42,-5,95,-0,41,1,40,326540,6,32047,45,0,00,6447,5
56,528,-364,76,0,80,83,42,-5,95,-0,41,1,40,326477,5,32046,92,0,00,6446,9
56,533,-364,79,0,80,83,43,-5,95,-0,40,1,40,326414,7,32046,38,0,00,6446,4
56,538,-364,82,0,79,83,44,-5,95,-0,40,1,40,326351,6,32045,85,0,00,6445,8
56,543,-364,85,0,79,83,44,-5,95,-0,40,1,40,326289,3,32045,31,0,00,6445,3
56,548,-364,88,0,79,83,45,-5,95,-0,40,1,40,326226,3,32044,78,0,00,6444,8
56,553,-364,91,0,79,83,46,-5,95,-0,40,1,40,326164,0,32044,24,0,00,6444,2
56,558,-364,94,0,79,83,47,-5,95,-0,40,1,40,326102,0,32043,71,0,00,6443,7
56,563,-364,97,0,78,83,47,-5,95,-0,39,1,40,326039,8,32043,17,0,00,6443,2
56,568,-365,00,0,78,83,48,-5,95,-0,39,1,40,325977,9,32042,64,0,00,6442,6
56,573,-365,03,0,78,83,49,-5,95,-0,39,1,40,325916,2,32042,11,0,00,6442,1
56,578,-365,06,0,78,83,49,-5,95,-0,39,1,40,325854,8,32041,57,0,00,6441,6
56,583,-365,09,0,78,83,50,-5,95,-0,39,1,40,325793,1,32041,04,0,00,6441,0
56,588,-365,12,0,77,83,51,-5,95,-0,38,1,40,325732,2,32040,50,0,00,6440,5
56,593,-365,15,0,77,83,51,-5,95,-0,38,1,40,325670,7,32039,97,0,00,6440,0
56,598,-365,18,0,77,83,52,-5,95,-0,38,1,40,325610,3,32039,44,0,00,6439,4
56,603,-365,21,0,77,83,53,-5,95,-0,38,1,40,325549,2,32038,90,0,00,6438,9
56,608,-365,24,0,77,83,54,-5,95,-0,38,1,40,325488,8,32038,37,0,00,6438,4
56,613,-365,27,0,76,83,54,-5,95,-0,38,1,40,325427,9,32037,83,0,00,6437,8
56,618,-365,30,0,76,83,55,-5,95,-0,37,1,40,325368,4,32037,30,0,00,6437,3
56,623,-365,32,0,76,83,56,-5,95,-0,37,1,40,325307,5,32036,77,0,00,6436,8
56,628,-365,35,0,76,83,56,-5,95,-0,37,1,40,325248,2,32036,23,0,00,6436,2
56,633,-365,38,0,76,83,57,-5,95,-0,37,1,40,325188,2,32035,70,0,00,6435,7
56,638,-365,41,0,76,83,58,-5,95,-0,37,1,40,325128,4,32035,17,0,00,6435,2
56,643,-365,44,0,75,83,58,-5,95,-0,36,1,40,325068,9,32034,63,0,00,6434,6
56,648,-365,47,0,75,83,59,-5,95,-0,36,1,40,325009,7,32034,10,0,00,6434,1
56,653,-365,50,0,75,83,60,-5,95,-0,36,1,40,324950,7,32033,57,0,00,6433,6
56,658,-365,53,0,75,83,61,-5,95,-0,36,1,40,324891,5,32033,04,0,00,6433,0
56,663,-365,56,0,75,83,61,-5,95,-0,36,1,40,324833,0,32032,50,0,00,6432,5
56,668,-365,59,0,74,83,62,-5,95,-0,36,1,40,324773,4,32031,97,0,00,6432,0
56,673,-365,62,0,74,83,63,-5,95,-0,35,1,40,324715,8,32031,44,0,00,6431,4
56,678,-365,65,0,74,83,63,-5,95,-0,35,1,40,324657,1,32030,91,0,00,6430,9
56,683,-365,68,0,74,83,64,-5,95,-0,35,1,40,324598,7,32030,38,0,00,6430,4
56,688,-365,71,0,74,83,65,-5,95,-0,35,1,40,324540,5,32029,84,0,00,6429,8
56,693,-365,74,0,74,83,65,-5,95,-0,35,1,40,324483,0,32029,31,0,00,6429,3
56,698,-365,77,0,73,83,66,-5,95,-0,35,1,40,324424,9,32028,78,0,00,6428,8
56,703,-365,80,0,73,83,67,-5,95,-0,35,1,40,324367,4,32028,25,0,00,6428,2
56,708,-365,83,0,73,83,68,-5,95,-0,34,1,40,324309,8,32027,72,0,00,6427,7
56,713,-365,86,0,73,83,68,-5,95,-0,34,1,40,324252,8,32027,18,0,00,6427,2
56,718,-365,89,0,73,83,69,-5,95,-0,34,1,40,324195,5,32026,65,0,00,6426,7
56,723,-365,92,0,73,83,70,-5,95,-0,34,1,40,324138,2,32026,12,0,00,6426,1
56,728,-365,95,0,72,83,70,-5,95,-0,34,1,40,324081,9,32025,59,0,00,6425,6
56,733,-365,98,0,72,83,71,-5,95,-0,34,1,40,324024,5,32025,06,0,00,6425,1
56,738,-366,01,0,72,83,72,-5,95,-0,33,1,40,323968,3,32024,53,0,00,6424,5
56,743,-366,04,0,72,83,72,-5,95,-0,33,1,40,323911,8,32024,00,0,00,6424,0
56,748,-366,07,0,72,83,73,-5,95,-0,33,1,40,323855,6,32023,47,0,00,6423,5
56,753,-366,10,0,72,83,74,-5,95,-0,33,1,40,323799,6,32022,94,0,00,6422,9
56,758,-366,13,0,71,83,75,-5,95,-0,33,1,40,323743,4,32022,40,0,00,6422,4
56,763,-366,16,0,71,83,75,-5,95,-0,33,1,40,323687,5,32021,88,0,00,6421,9
56,768,-366,19,0,71,83,76,-5,95,-0,33,1,40,323632,2,32021,34,0,00,6421,3
56,773,-366,22,0,71,83,77,-5,95,-0,32,1,40,323576,3,32020,81,0,00,6420,8
56,778,-366,25,0,71,83,77,-5,95,-0,32,1,40,323521,4,32020,28,0,00,6420,3
56,783,-366,28,0,71,83,78,-5,95,-0,32,1,40,323465,5,32019,75,0,00,6419,8
56,788,-366,31,0,70,83,79,-5,95,-0,32,1,40,323410,7,32019,22,0,00,6419,2
56,793,-366,34,0,70,83,79,-5,95,-0,32,1,40,323356,1,32018,69,0,00,6418,7
56,798,-366,37,0,70,83,80,-5,95,-0,32,1,40,323300,9,32018,16,0,00,6418,2
56,803,-366,39,0,70,83,81,-5,95,-0,31,1,40,323246,3,32017,63,0,00,6417,6
56,808,-366,42,0,70,83,82,-5,95,-0,31,1,40,323192,0,32017,10,0,00,6417,1
56,813,-366,45,0,70,83,82,-5,95,-0,31,1,40,323137,4,32016,57,0,00,6416,6
56,818,-366,48,0,69,83,83,-5,95,-0,31,1,40,323083,6,32016,04,0,00,6416,0
56,823,-366,51,0,69,83,84,-5,95,-0,31,1,40,323028,6,32015,51,0,00,6415,5
56,828,-366,54,0,69,83,84,-5,95,-0,31,1,40,322975,6,32014,98,0,00,6415,0
56,833,-366,57,0,69,83,85,-5,95,-0,31,1,40,322921,5,32014,46,0,00,6414,5
56,838,-366,60,0,69,83,86,-5,95,-0,30,1,40,322868,1,32013,93,0,00,6413,9
56,843,-366,63,0,69,83,86,-5,95,-0,30,1,40,322814,0,32013,40,0,00,6413,4
56,848,-366,66,0,69,83,87,-5,95,-0,30,1,40,322761,0,32012,87,0,00,6412,9
56,853,-366,69,0,68,83,88,-5,95,-0,30,1,40,322707,8,32012,34,0,00,6412,3
56,858,-366,72,0,68,83,89,-5,95,-0,30,1,40,322654,4,32011,81,0,00,6411,8
56,863,-366,75,0,68,83,89,-5,95,-0,30,1,40,322602,1,32011,28,0,00,6411,3
56,868,-366,78,0,68,83,90,-5,95,-0,30,1,40,322548,7,32010,75,0,00,6410,8
56,873,-366,81,0,68,83,91,-5,95,-0,30,1,40,322496,8,32010,22,0,00,6410,2
56,878,-366,84,0,68,83,91,-5,95,-0,29,1,40,322443,4,32009,69,0,00,6409,7
56,883,-366,87,0,68,83,92,-5,95,-0,29,1,40,322391,5,32009,17,0,00,6409,2
56,888,-366,90,0,67,83,93,-5,95,-0,29,1,40,322339,0,32008,64,0,00,6408,6
56,893,-366,93,0,67,83,93,-5,95,-0,29,1,40,322287,5,32008,11,0,00,6408,1
56,898,-366,96,0,67,83,94,-5,95,-0,29,1,40,322234,6,32007,58,0,00,6407,6
56,903,-366,99,0,67,83,95,-5,95,-0,29,1,40,322184,0,32007,05,0,00,6407,1
56,908,-367,02,0,67,83,96,-5,95,-0,29,1,40,322131,0,32006,52,0,00,6406,5
56,913,-367,05,0,67,83,96,-5,95,-0,28,1,40,322080,4,32006,00,0,00,6406,0
56,918,-367,08,0,66,83,97,-5,95,-0,28,1,40,322028,3,32005,47,0,00,6405,5
56,923,-367,11,0,66,83,98,-5,95,-0,28,1,40,321977,7,32004,94,0,00,6404,9
56,928,-367,14,0,66,83,98,-5,95,-0,28,1,40,321926,0,32004,41,0,00,6404,4
56,933,-367,17,0,66,83,99,-5,95,-0,28,1,40,321875,4,32003,88,0,00,6403,9
56,938,-367,20,0,66,84,00,-5,95,-0,28,1,40,321824,1,32003,36,0,00,6403,4
56,943,-367,23,0,66,84,00,-5,95,-0,28,1,40,321773,9,32002,83,0,00,6402,8
56,948,-367,26,0,66,84,01,-5,95,-0,28,1,40,321722,7,32002,30,0,00,6402,3
56,953,-367,29,0,66,84,02,-5,95,-0,27,1,40,321672,9,32001,78,0,00,6401,8
56,958,-367,32,0,65,84,03,-5,95,-0,27,1,40,321622,0,32001,25,0,00,6401,2
56,963,-367,35,0,65,84,03,-5,95,-0,27,1,40,321572,3,32000,72,0,00,6400,7
56,968,-367,38,0,65,84,04,-5,95,-0,27,1,40,321521,8,32000,19,0,00,6400,2
56,973,-367,41,0,65,84,05,-5,95,-0,27,1,40,321472,0,31999,67,0,00,6399,7
56,978,-367,44,0,65,84,05,-5,95,-0,27,1,40,321422,0,31999,14,0,00,6399,1
56,983,-367,46,0,65,84,06,-5,95,-0,27,1,40,321373,0,31998,61,0,00,6398,6
56,988,-367,49,0,65,84,07,-5,95,-0,27,1,40,321322,6,31998,09,0,00,6398,1
56,993,-367,52,0,64,84,07,-5,95,-0,27,1,40,321274,0,31997,56,0,00,6397,6
56,998,-367,55,0,64,84,08,-5,95,-0,26,1,40,321224,0,31997,03,0,00,6397,0
57,003,-367,58,0,64,84,09,-5,95,-0,26,1,40,321175,8,31996,51,0,00,6396,5
57,008,-367,61,0,64,84,10,-5,95,-0,26,1,40,321125,8,31995,98,0,00,6396,0
57,013,-367,64,0,64,84,10,-5,95,-0,26,1,40,321077,6,31995,45,0,00,6395,5
57,018,-367,67,0,64,84,11,-5,95,-0,26,1,40,321028,3,31994,93,0,00,6394,9
57,023,-367,70,0,64,84,12,-5,95,-0,26,1,40,320980,1,31994,40,0,00,6394,4
57,028,-367,73,0,64,84,12,-5,95,-0,26,1,40,320931,7,31993,87,0,00,6393,9
57,033,-367,76,0,63,84,13,-5,95,-0,26,1,40,320882,6,31993,35,0,00,6393,3
57,038,-367,79,0,63,84,14,-5,95,-0,26,1,40,320835,1,31992,82,0,00,6392,8
57,043,-367,82,0,63,84,14,-5,95,-0,25,1,40,320786,8,31992,30,0,00,6392,3
57,048,-367,85,0,63,84,15,-5,95,-0,25,1,40,320738,8,31991,77,0,00,6391,8
57,053,-367,88,0,63,84,16,-5,95,-0,25,1,40,320691,3,31991,24,0,00,6391,2
57,058,-367,91,0,63,84,17,-5,95,-0,25,1,40,320642,8,31990,72,0,00,6390,7
57,063,-367,94,0,63,84,17,-5,95,-0,25,1,40,320596,3,31990,19,0,00,6390,2
57,068,-367,97,0,63,84,18,-5,94,-0,25,1,40,320547,7,31989,67,0,00,6389,7
57,073,-368,00,0,62,84,19,-5,94,-0,25,1,40,320501,1,31989,14,0,00,6389,1
57,078,-368,03,0,62,84,19,-5,94,-0,25,1,40,320453,4,31988,62,0,00,6388,6
57,083,-368,06,0,62,84,20,-5,94,-0,25,1,40,320407,2,31988,09,0,00,6388,1
57,088,-368,09,0,62,84,21,-5,94,-0,24,1,40,320359,0,31987,57,0,00,6387,6
57,093,-368,12,0,62,84,21,-5,94,-0,24,1,40,320313,6,31987,04,0,00,6387,0
57,098,-368,15,0,62,84,22,-5,94,-0,24,1,40,320265,3,31986,52,0,00,6386,5
57,103,-368,18,0,62,84,23,-5,94,-0,24,1,40,320220,3,31985,99,0,00,6386,0
57,108,-368,21,0,62,84,23,-5,94,-0,24,1,40,320172,5,31985,47,0,00,6385,5
57,113,-368,24,0,61,84,24,-5,94,-0,24,1,40,320127,0,31984,94,0,00,6384,9
57,118,-368,27,0,61,84,25,-5,94,-0,24,1,40,320080,4,31984,42,0,00,6384,4
57,123,-368,30,0,61,84,26,-5,94,-0,24,1,40,320034,4,31983,89,0,00,6383,9
57,128,-368,33,0,61,84,26,-5,94,-0,24,1,40,319988,6,31983,37,0,00,6383,4
57,133,-368,36,0,61,84,27,-5,94,-0,24,1,40,319942,6,31982,84,0,00,6382,8
57,138,-368,39,0,61,84,28,-5,94,-0,23,1,40,319896,8,31982,32,0,00,6382,3
57,143,-368,42,0,61,84,28,-5,94,-0,23,1,40,319851,6,31981,79,0,00,6381,8
57,148,-368,45,0,61,84,29,-5,94,-0,23,1,40,319805,7,31981,27,0,00,6381,3
57,153,-368,48,0,60,84,30,-5,94,-0,23,1,40,319760,4,31980,75,0,00,6380,7
57,158,-368,51,0,60,84,30,-5,94,-0,23,1,40,319715,3,31980,22,0,00,6380,2
57,163,-368,54,0,60,84,31,-5,94,-0,23,1,40,319670,0,31979,70,0,00,6379,7
57,168,-368,56,0,60,84,32,-5,94,-0,23,1,40,319625,3,31979,17,0,00,6379,2
57,173,-368,59,0,60,84,33,-5,94,-0,23,1,40,319580,0,31978,65,0,00,6378,6
57,178,-368,62,0,60,84,33,-5,94,-0,23,1,40,319535,7,31978,13,0,00,6378,1
57,183,-368,65,0,60,84,34,-5,94,-0,23,1,40,319491,1,31977,60,0,00,6377,6
57,188,-368,68,0,60,84,35,-5,94,-0,22,1,40,319446,3,31977,08,0,00,6377,1
57,193,-368,71,0,60,84,35,-5,94,-0,22,1,40,319402,1,31976,55,0,00,6376,6
57,198,-368,74,0,59,84,36,-5,94,-0,22,1,40,319357,7,31976,03,0,00,6376,0
57,203,-368,77,0,59,84,37,-5,94,-0,22,1,40,319313,4,31975,51,0,00,6375,5
57,208,-368,80,0,59,84,37,-5,94,-0,22,1,40,319269,8,31974,98,0,00,6375,0
57,213,-368,83,0,59,84,38,-5,94,-0,22,1,40,319225,4,31974,46,0,00,6374,5
57,218,-368,86,0,59,84,39,-5,94,-0,22,1,40,319181,7,31973,94,0,00,6373,9
57,223,-368,89,0,59,84,40,-5,94,-0,22,1,40,319138,2,31973,41,0,00,6373,4
57,228,-368,92,0,59,84,40,-5,94,-0,22,1,40,319094,4,31972,89,0,00,6372,9
57,233,-368,95,0,59,84,41,-5,94,-0,22,1,40,319051,3,31972,37,0,00,6372,4
57,238,-368,98,0,59,84,42,-5,94,-0,22,1,40,319007,9,31971,84,0,00,6371,8
57,243,-369,01,0,58,84,42,-5,94,-0,22,1,40,318964,2,31971,32,0,00,6371,3
57,248,-369,04,0,58,84,43,-5,94,-0,21,1,40,318921,6,31970,80,0,00,6370,8
57,253,-369,07,0,58,84,44,-5,94,-0,21,1,40,318878,3,31970,28,0,00,6370,3
57,258,-369,10,0,58,84,44,-5,94,-0,21,1,40,318836,0,31969,75,0,00,6369,8
57,263,-369,13,0,58,84,45,-5,94,-0,21,1,40,318792,3,31969,23,0,00,6369,2
57,268,-369,16,0,58,84,46,-5,94,-0,21,1,40,318750,8,31968,71,0,00,6368,7
57,273,-369,19,0,58,84,47,-5,94,-0,21,1,40,318707,3,31968,19,0,00,6368,2
57,278,-369,22,0,58,84,47,-5,94,-0,21,1,40,318665,3,31967,66,0,00,6367,7
57,283,-369,25,0,58,84,48,-5,94,-0,21,1,40,318622,7,31967,14,0,00,6367,1
57,288,-369,28,0,58,84,49,-5,94,-0,21,1,40,318581,1,31966,62,0,00,6366,6
57,293,-369,31,0,57,84,49,-5,94,-0,21,1,40,318538,3,31966,10,0,00,6366,1
57,298,-369,34,0,57,84,50,-5,94,-0,21,1,40,318497,1,31965,57,0,00,6365,6
57,303,-369,37,0,57,84,51,-5,94,-0,21,1,40,318454,7,31965,05,0,00,6365,1
57,308,-369,40,0,57,84,51,-5,94,-0,20,1,40,318413,3,31964,53,0,00,6364,5
57,313,-369,43,0,57,84,52,-5,94,-0,20,1,40,318371,3,31964,01,0,00,6364,0
57,318,-369,46,0,57,84,53,-5,94,-0,20,1,40,318329,9,31963,49,0,00,6363,5
57,323,-369,49,0,57,84,54,-5,94,-0,20,1,40,318289,1,31962,96,0,00,6363,0
57,328,-369,52,0,57,84,54,-5,94,-0,20,1,40,318247,1,31962,44,0,00,6362,4
57,333,-369,55,0,57,84,55,-5,94,-0,20,1,40,318206,2,31961,92,0,00,6361,9
57,338,-369,58,0,56,84,56,-5,94,-0,20,1,40,318165,1,31961,40,0,00,6361,4
57,343,-369,61,0,56,84,56,-5,94,-0,20,1,40,318124,1,31960,88,0,00,6360,9
57,348,-369,63,0,56,84,57,-5,94,-0,20,1,40,318083,2,31960,36,0,00,6360,4
57,353,-369,66,0,56,84,58,-5,94,-0,20,1,40,318042,6,31959,84,0,00,6359,8
57,358,-369,69,0,56,84,58,-5,94,-0,20,1,40,318002,1,31959,31,0,00,6359,3
57,363,-369,72,0,56,84,59,-5,94,-0,20,1,40,317961,3,31958,79,0,00,6358,8
57,368,-369,75,0,56,84,60,-5,94,-0,20,1,40,317920,8,31958,27,0,00,6358,3
57,373,-369,78,0,56,84,61,-5,94,-0,20,1,40,317880,8,31957,75,0,00,6357,8
57,378,-369,81,0,56,84,61,-5,94,-0,19,1,40,317840,5,31957,23,0,00,6357,2
57,383,-369,84,0,56,84,62,-5,94,-0,19,1,40,317800,5,31956,71,0,00,6356,7
57,388,-369,87,0,56,84,63,-5,94,-0,19,1,40,317760,1,31956,19,0,00,6356,2
57,393,-369,90,0,55,84,63,-5,94,-0,19,1,40,317720,8,31955,67,0,00,6355,7
57,398,-369,93,0,55,84,64,-5,94,-0,19,1,40,317680,8,31955,14,0,00,6355,1
57,403,-369,96,0,55,84,65,-5,94,-0,19,1,40,317641,0,31954,63,0,00,6354,6
57,408,-369,99,0,55,84,65,-5,94,-0,19,1,40,317601,8,31954,11,0,00,6354,1
57,413,-370,02,0,55,84,66,-5,94,-0,19,1,40,317561,8,31953,58,0,00,6353,6
57,418,-370,05,0,55,84,67,-5,94,-0,19,1,40,317523,3,31953,06,0,00,6353,1
57,423,-370,08,0,55,84,68,-5,94,-0,19,1,40,317482,9,31952,54,0,00,6352,5
57,428,-370,11,0,55,84,68,-5,94,-0,19,1,40,317445,2,31952,02,0,00,6352,0
57,433,-370,14,0,55,84,69,-5,94,-0,19,1,40,317404,6,31951,50,0,00,6351,5
57,438,-370,17,0,55,84,70,-5,94,-0,19,1,40,317367,2,31950,98,0,00,6351,0
57,443,-370,20,0,54,84,70,-5,94,-0,19,1,40,317327,4,31950,46,0,00,6350,5
57,448,-370,23,0,54,84,71,-5,94,-0,19,1,40,317289,1,31949,94,0,00,6349,9
57,453,-370,26,0,54,84,72,-5,94,-0,18,1,40,317250,4,31949,42,0,00,6349,4
57,458,-370,29,0,54,84,72,-5,94,-0,18,1,40,317211,6,31948,90,0,00,6348,9
57,463,-370,32,0,54,84,73,-5,94,-0,18,1,40,317173,7,31948,38,0,00,6348,4
57,468,-370,35,0,54,84,74,-5,94,-0,18,1,40,317135,1,31947,86,0,00,6347,9
57,473,-370,38,0,54,84,75,-5,94,-0,18,1,40,317097,1,31947,34,0,00,6347,3
57,478,-370,41,0,54,84,75,-5,94,-0,18,1,40,317058,9,31946,82,0,00,6346,8
57,483,-370,44,0,54,84,76,-5,94,-0,18,1,40,317020,8,31946,30,0,00,6346,3
57,488,-370,47,0,54,84,77,-5,94,-0,18,1,40,316983,3,31945,78,0,00,6345,8
57,493,-370,50,0,54,84,77,-5,94,-0,18,1,40,316945,1,31945,26,0,00,6345,3
57,498,-370,53,0,53,84,78,-5,94,-0,18,1,40,316907,9,31944,74,0,00,6344,7
57,503,-370,56,0,53,84,79,-5,94,-0,18,1,40,316869,6,31944,22,0,00,6344,2
57,508,-370,59,0,53,84,79,-5,94,-0,18,1,40,316832,8,31943,70,0,00,6343,7
57,513,-370,62,0,53,84,80,-5,94,-0,18,1,40,316795,2,31943,18,0,00,6343,2
57,518,-370,65,0,53,84,81,-5,94,-0,18,1,40,316757,8,31942,66,0,00,6342,7
57,523,-370,68,0,53,84,82,-5,94,-0,18,1,40,316720,9,31942,15,0,00,6342,1
57,528,-370,70,0,53,84,82,-5,94,-0,18,1,40,316683,4,31941,63,0,00,6341,6
57,533,-370,73,0,53,84,83,-5,94,-0,18,1,40,316646,9,31941,11,0,00,6341,1
57,538,-370,76,0,53,84,84,-5,94,-0,17,1,40,316609,7,31940,59,0,00,6340,6
57,543,-370,79,0,53,84,84,-5,94,-0,17,1,40,316573,1,31940,07,0,00,6340,1
57,548,-370,82,0,53,84,85,-5,94,-0,17,1,40,316536,6,31939,55,0,00,6339,6
57,553,-370,85,0,52,84,86,-5,94,-0,17,1,40,316499,4,31939,03,0,00,6339,0
57,558,-370,88,0,52,84,86,-5,94,-0,17,1,40,316463,7,31938,51,0,00,6338,5
57,563,-370,91,0,52,84,87,-5,94,-0,17,1,40,316426,8,31937,99,0,00,6338,0
57,568,-370,94,0,52,84,88,-5,94,-0,17,1,40,316390,5,31937,48,0,00,6337,5
57,573,-370,97,0,52,84,89,-5,94,-0,17,1,40,316354,8,31936,96,0,00,6337,0
57,578,-371,00,0,52,84,89,-5,94,-0,17,1,40,316318,4,31936,44,0,00,6336,4
57,583,-371,03,0,52,84,90,-5,94,-0,17,1,40,316282,1,31935,92,0,00,6335,9
57,588,-371,06,0,52,84,91,-5,94,-0,17,1,40,316246,8,31935,40,0,00,6335,4
57,593,-371,09,0,52,84,91,-5,94,-0,17,1,40,316210,5,31934,88,0,00,6334,9
57,598,-371,12,0,52,84,92,-5,94,-0,17,1,40,316175,1,31934,36,0,00,6334,4
57,603,-371,15,0,52,84,93,-5,94,-0,17,1,40,316139,4,31933,85,0,00,6333,8
57,608,-371,18,0,52,84,93,-5,94,-0,17,1,40,316104,3,31933,33,0,00,6333,3
57,613,-371,21,0,51,84,94,-5,94,-0,17,1,40,316068,1,31932,81,0,00,6332,8
57,618,-371,24,0,51,84,95,-5,94,-0,17,1,40,316033,3,31932,29,0,00,6332,3
57,623,-371,27,0,51,84,96,-5,94,-0,17,1,40,315998,3,31931,77,0,00,6331,8
57,628,-371,30,0,51,84,96,-5,94,-0,17,1,40,315962,5,31931,26,0,00,6331,3
57,633,-371,33,0,51,84,97,-5,94,-0,17,1,40,315928,1,31930,74,0,00,6330,7
57,638,-371,36,0,51,84,98,-5,94,-0,17,1,40,315893,1,31930,22,0,00,6330,2
57,643,-371,39,0,51,84,98,-5,94,-0,16,1,40,315857,8,31929,70,0,00,6329,7
57,648,-371,42,0,51,84,99,-5,94,-0,16,1,40,315823,4,31929,18,0,00,6329,2
57,653,-371,45,0,51,85,00,-5,94,-0,16,1,40,315788,8,31928,67,0,00,6328,7
57,658,-371,48,0,51,85,00,-5,94,-0,16,1,40,315754,4,31928,15,0,00,6328,1
57,663,-371,51,0,51,85,01,-5,94,-0,16,1,40,315719,6,31927,63,0,00,6327,6
57,668,-371,54,0,51,85,02,-5,94,-0,16,1,40,315685,4,31927,11,0,00,6327,1
57,673,-371,57,0,50,85,03,-5,94,-0,16,1,40,315651,0,31926,60,0,00,6326,6
57,678,-371,60,0,50,85,03,-5,94,-0,16,1,40,315616,7,31926,08,0,00,6326,1
57,683,-371,63,0,50,85,04,-5,94,-0,16,1,40,315582,9,31925,56,0,00,6325,6
57,688,-371,66,0,50,85,05,-5,94,-0,16,1,40,315548,9,31925,04,0,00,6325,0
57,693,-371,69,0,50,85,05,-5,94,-0,16,1,40,315515,0,31924,53,0,00,6324,5
57,698,-371,72,0,50,85,06,-5,94,-0,16,1,40,315480,8,31924,01,0,00,6324,0
57,703,-371,75,0,50,85,07,-5,94,-0,16,1,40,315447,7,31923,49,0,00,6323,5
57,708,-371,77,0,50,85,07,-5,94,-0,16,1,40,315413,3,31922,98,0,00,6323,0
57,713,-371,80,0,50,85,08,-5,94,-0,16,1,40,315380,5,31922,46,0,00,6322,5
57,718,-371,83,0,50,85,09,-5,94,-0,16,1,40,315346,8,31921,94,0,00,6321,9
57,723,-371,86,0,50,85,10,-5,94,-0,16,1,40,315312,9,31921,43,0,00,6321,4
57,728,-371,89,0,50,85,10,-5,94,-0,16,1,40,315280,5,31920,91,0,00,6320,9
57,733,-371,92,0,50,85,11,-5,94,-0,16,1,40,315246,9,31920,39,0,00,6320,4
57,738,-371,95,0,49,85,12,-5,94,-0,16,1,40,315213,8,31919,88,0,00,6319,9
57,743,-371,98,0,49,85,12,-5,94,-0,16,1,40,315180,9,31919,36,0,00,6319,4
57,748,-372,01,0,49,85,13,-5,94,-0,16,1,40,315147,8,31918,84,0,00,6318,8
57,753,-372,04,0,49,85,14,-5,94,-0,16,1,40,315115,1,31918,32,0,00,6318,3
57,758,-372,07,0,49,85,14,-5,94,-0,16,1,40,315082,7,31917,81,0,00,6317,8
57,763,-372,10,0,49,85,15,-5,94,-0,16,1,40,315049,4,31917,29,0,00,6317,3
57,768,-372,13,0,49,85,16,-5,94,-0,16,1,40,315017,2,31916,78,0,00,6316,8
57,773,-372,16,0,49,85,17,-5,94,-0,16,1,40,314984,7,31916,26,0,00,6316,3
57,778,-372,19,0,49,85,17,-5,94,-0,16,1,40,314952,4,31915,74,0,00,6315,7
57,783,-372,22,0,49,85,18,-5,94,-0,15,1,40,314920,2,31915,23,0,00,6315,2
57,788,-372,25,0,49,85,19,-5,94,-0,15,1,40,314888,1,31914,71,0,00,6314,7
57,793,-372,28,0,49,85,19,-5,94,-0,15,1,40,314855,7,31914,19,0,00,6314,2
57,798,-372,31,0,49,85,20,-5,94,-0,15,1,40,314823,8,31913,68,0,00,6313,7
57,803,-372,34,0,48,85,21,-5,94,-0,15,1,40,314791,8,31913,16,0,00,6313,2
57,808,-372,37,0,48,85,21,-5,94,-0,15,1,40,314759,8,31912,64,0,00,6312,6
57,813,-372,40,0,48,85,22,-5,94,-0,15,1,40,314728,3,31912,13,0,00,6312,1
57,818,-372,43,0,48,85,23,-5,94,-0,15,1,40,314696,7,31911,61,0,00,6311,6
57,823,-372,46,0,48,85,24,-5,94,-0,15,1,40,314664,6,31911,10,0,00,6311,1
57,828,-372,49,0,48,85,24,-5,94,-0,15,1,40,314633,6,31910,58,0,00,6310,6
57,833,-372,52,0,48,85,25,-5,94,-0,15,1,40,314601,9,31910,07,0,00,6310,1
57,838,-372,55,0,48,85,26,-5,94,-0,15,1,40,314570,7,31909,55,0,00,6309,6
57,843,-372,58,0,48,85,26,-5,94,-0,15,1,40,314539,3,31909,04,0,00,6309,0
57,848,-372,61,0,48,85,27,-5,94,-0,15,1,40,314508,3,31908,52,0,00,6308,5
57,853,-372,64,0,48,85,28,-5,94,-0,15,1,40,314477,2,31908,00,0,00,6308,0
57,858,-372,67,0,48,85,28,-5,94,-0,15,1,40,314446,1,31907,49,0,00,6307,5
57,863,-372,70,0,48,85,29,-5,94,-0,15,1,40,314415,6,31906,97,0,00,6307,0
57,868,-372,73,0,47,85,30,-5,94,-0,15,1,40,314383,9,31906,46,0,00,6306,5
57,873,-372,76,0,47,85,31,-5,94,-0,15,1,40,314354,1,31905,94,0,00,6305,9
57,878,-372,78,0,47,85,31,-5,94,-0,15,1,40,314323,1,31905,43,0,00,6305,4
57,883,-372,81,0,47,85,32,-5,94,-0,15,1,40,314292,2,31904,91,0,00,6304,9
57,888,-372,84,0,47,85,33,-5,94,-0,15,1,40,314261,9,31904,40,0,00,6304,4
57,893,-372,87,0,47,85,33,-5,94,-0,15,1,40,314231,8,31903,88,0,00,6303,9
57,898,-372,90,0,47,85,34,-5,94,-0,15,1,40,314200,9,31903,37,0,00,6303,4
57,903,-372,93,0,47,85,35,-5,94,-0,15,1,40,314171,4,31902,85,0,00,6302,9
57,908,-372,96,0,47,85,35,-5,94,-0,15,1,40,314140,3,31902,34,0,00,6302,3
57,913,-372,99,0,47,85,36,-5,94,-0,15,1,40,314111,1,31901,82,0,00,6301,8
57,918,-373,02,0,47,85,37,-5,94,-0,15,1,40,314080,3,31901,30,0,00,6301,3
57,923,-373,05,0,47,85,38,-5,94,-0,15,1,40,314050,9,31900,79,0,00,6300,8
57,928,-373,08,0,47,85,38,-5,94,-0,15,1,40,314021,2,31900,28,0,00,6300,3
57,933,-373,11,0,46,85,39,-5,94,-0,15,1,40,313990,8,31899,76,0,00,6299,8
57,938,-373,14,0,46,85,40,-5,94,-0,15,1,40,313961,8,31899,25,0,00,6299,2
57,943,-373,17,0,46,85,40,-5,94,-0,15,1,40,313932,0,31898,73,0,00,6298,7
57,948,-373,20,0,46,85,41,-5,94,-0,15,1,40,313902,4,31898,22,0,00,6298,2
57,953,-373,23,0,46,85,42,-5,94,-0,15,1,40,313872,9,31897,70,0,00,6297,7
57,958,-373,26,0,46,85,42,-5,94,-0,15,1,40,313843,5,31897,19,0,00,6297,2
57,963,-373,29,0,46,85,43,-5,94,-0,15,1,40,313814,7,31896,67,0,00,6296,7
57,968,-373,32,0,46,85,44,-5,94,-0,15,1,40,313784,7,31896,16,0,00,6296,2
57,973,-373,35,0,46,85,45,-5,94,-0,15,1,40,313756,2,31895,64,0,00,6295,6
57,978,-373,38,0,46,85,45,-5,94,-0,15,1,40,313727,3,31895,13,0,00,6295,1
57,983,-373,41,0,46,85,46,-5,94,-0,15,1,40,313697,7,31894,62,0,00,6294,6
57,988,-373,44,0,46,85,47,-5,94,-0,15,1,40,313669,5,31894,10,0,00,6294,1
57,993,-373,47,0,46,85,47,-5,94,-0,15,1,40,313640,1,31893,59,0,00,6293,6
57,998,-373,50,0,46,85,48,-5,94,-0,15,1,40,313612,1,31893,07,0,00,6293,1
58,003,-373,53,0,45,85,49,-5,94,-0,15,1,40,313582,6,31892,56,0,00,6292,6
58,008,-373,56,0,45,85,49,-5,94,-0,15,1,40,313554,4,31892,05,0,00,6292,0
58,013,-373,59,0,45,85,50,-5,94,-0,15,1,40,313526,4,31891,53,0,00,6291,5
58,018,-373,62,0,45,85,51,-5,94,-0,15,1,40,313497,2,31891,02,0,00,6291,0
58,023,-373,65,0,45,85,52,-5,94,-0,15,1,40,313469,4,31890,50,0,00,6290,5
58,028,-373,68,0,45,85,52,-5,94,-0,14,1,40,313440,5,31889,99,0,00,6290,0
58,033,-373,71,0,45,85,53,-5,94,-0,14,1,40,313413,4,31889,48,0,00,6289,5
58,038,-373,73,0,45,85,54,-5,94,-0,14,1,40,313384,3,31888,96,0,00,6289,0
58,043,-373,76,0,45,85,54,-5,94,-0,14,1,40,313356,9,31888,45,0,00,6288,4
58,048,-373,79,0,45,85,55,-5,94,-0,14,1,40,313328,5,31887,94,0,00,6287,9
58,053,-373,82,0,45,85,56,-5,94,-0,14,1,40,313301,0,31887,42,0,00,6287,4
58,058,-373,85,0,45,85,56,-5,94,-0,14,1,40,313273,2,31886,91,0,00,6286,9
58,063,-373,88,0,45,85,57,-5,94,-0,14,1,40,313245,1,31886,39,0,00,6286,4
58,068,-373,91,0,45,85,58,-5,94,-0,14,1,40,313217,9,31885,88,0,00,6285,9
58,073,-373,94,0,44,85,59,-5,94,-0,14,1,40,313190,1,31885,37,0,00,6285,4
58,078,-373,97,0,44,85,59,-5,94,-0,14,1,40,313162,7,31884,85,0,00,6284,9
58,083,-374,00,0,44,85,60,-5,94,-0,14,1,40,313135,1,31884,34,0,00,6284,3
58,088,-374,03,0,44,85,61,-5,94,-0,14,1,40,313108,0,31883,83,0,00,6283,8
58,093,-374,06,0,44,85,61,-5,94,-0,14,1,40,313080,6,31883,31,0,00,6283,3
58,098,-374,09,0,44,85,62,-5,94,-0,14,1,40,313053,7,31882,80,0,00,6282,8
58,103,-374,12,0,44,85,63,-5,94,-0,14,1,40,313026,1,31882,29,0,00,6282,3
58,108,-374,15,0,44,85,63,-5,94,-0,14,1,40,312999,5,31881,78,0,00,6281,8
58,113,-374,18,0,44,85,64,-5,94,-0,14,1,40,312972,1,31881,26,0,00,6281,3
58,118,-374,21,0,44,85,65,-5,94,-0,14,1,40,312945,3,31880,75,0,00,6280,7
58,123,-374,24,0,44,85,66,-5,94,-0,14,1,40,312919,0,31880,23,0,00,6280,2
58,128,-374,27,0,44,85,66,-5,94,-0,14,1,40,312891,5,31879,72,0,00,6279,7
58,133,-374,30,0,44,85,67,-5,94,-0,14,1,40,312865,4,31879,21,0,00,6279,2
58,138,-374,33,0,44,85,68,-5,94,-0,14,1,40,312838,2,31878,70,0,00,6278,7
58,143,-374,36,0,43,85,68,-5,94,-0,14,1,40,312812,4,31878,18,0,00,6278,2
58,148,-374,39,0,43,85,69,-5,94,-0,14,1,40,312785,3,31877,67,0,00,6277,7
58,153,-374,42,0,43,85,70,-5,94,-0,14,1,40,312759,3,31877,16,0,00,6277,2
58,158,-374,45,0,43,85,70,-5,94,-0,14,1,40,312733,0,31876,65,0,00,6276,6
58,163,-374,48,0,43,85,71,-5,94,-0,14,1,40,312706,3,31876,13,0,00,6276,1
58,168,-374,51,0,43,85,72,-5,94,-0,14,1,40,312680,6,31875,62,0,00,6275,6
58,173,-374,54,0,43,85,73,-5,94,-0,14,1,40,312654,6,31875,11,0,00,6275,1
58,178,-374,57,0,43,85,73,-5,94,-0,14,1,40,312628,3,31874,60,0,00,6274,6
58,183,-374,60,0,43,85,74,-5,94,-0,14,1,40,312602,4,31874,08,0,00,6274,1
58,188,-374,63,0,43,85,75,-5,94,-0,14,1,40,312576,3,31873,57,0,00,6273,6
58,193,-374,66,0,43,85,75,-5,94,-0,14,1,40,312550,8,31873,06,0,00,6273,1
58,198,-374,69,0,43,85,76,-5,94,-0,14,1,40,312524,9,31872,55,0,00,6272,5
58,203,-374,71,0,43,85,77,-5,94,-0,14,1,40,312499,5,31872,03,0,00,6272,0
58,208,-374,74,0,43,85,77,-5,94,-0,14,1,40,312473,4,31871,52,0,00,6271,5
58,213,-374,77,0,42,85,78,-5,94,-0,14,1,40,312448,3,31871,01,0,00,6271,0
58,218,-374,80,0,42,85,79,-5,94,-0,14,1,40,312422,8,31870,50,0,00,6270,5
58,223,-374,83,0,42,85,80,-5,94,-0,14,1,40,312397,0,31869,98,0,00,6270,0
58,228,-374,86,0,42,85,80,-5,94,-0,14,1,40,312372,2,31869,47,0,00,6269,5
58,233,-374,89,0,42,85,81,-5,94,-0,14,1,40,312346,7,31868,96,0,00,6269,0
58,238,-374,92,0,42,85,82,-5,94,-0,14,1,40,312321,6,31868,45,0,00,6268,4
58,243,-374,95,0,42,85,82,-5,94,-0,14,1,40,312296,3,31867,94,0,00,6267,9
58,248,-374,98,0,42,85,83,-5,94,-0,14,1,40,312271,5,31867,42,0,00,6267,4
58,253,-375,01,0,42,85,84,-5,94,-0,14,1,40,312246,3,31866,91,0,00,6266,9
58,258,-375,04,0,42,85,84,-5,94,-0,14,1,40,312221,3,31866,40,0,00,6266,4
58,263,-375,07,0,42,85,85,-5,94,-0,14,1,40,312196,8,31865,89,0,00,6265,9
58,268,-375,10,0,42,85,86,-5,94,-0,14,1,40,312171,6,31865,38,0,00,6265,4
58,273,-375,13,0,42,85,87,-5,94,-0,14,1,40,312147,3,31864,87,0,00,6264,9
58,278,-375,16,0,41,85,87,-5,94,-0,14,1,40,312122,7,31864,35,0,00,6264,4
58,283,-375,19,0,41,85,88,-5,94,-0,14,1,40,312097,8,31863,84,0,00,6263,8
58,288,-375,22,0,41,85,89,-5,94,-0,14,1,40,312073,4,31863,33,0,00,6263,3
58,293,-375,25,0,41,85,89,-5,94,-0,14,1,40,312049,1,31862,82,0,00,6262,8
58,298,-375,28,0,41,85,90,-5,94,-0,14,1,40,312024,9,31862,31,0,00,6262,3
58,303,-375,31,0,41,85,91,-5,94,-0,14,1,40,312000,0,31861,79,0,00,6261,8
58,308,-375,34,0,41,85,91,-5,94,-0,14,1,40,311976,4,31861,29,0,00,6261,3
58,313,-375,37,0,41,85,92,-5,94,-0,14,1,40,311951,7,31860,77,0,00,6260,8
58,318,-375,40,0,41,85,93,-5,94,-0,14,1,40,311927,9,31860,26,0,00,6260,3
58,323,-375,43,0,41,85,94,-5,94,-0,14,1,40,311903,8,31859,75,0,00,6259,8
58,328,-375,46,0,41,85,94,-5,94,-0,14,1,40,311879,8,31859,24,0,00,6259,2
58,333,-375,49,0,41,85,95,-5,94,-0,14,1,40,311855,9,31858,73,0,00,6258,7
58,338,-375,52,0,41,85,96,-5,94,-0,14,1,40,311832,2,31858,22,0,00,6258,2
58,343,-375,55,0,41,85,96,-5,94,-0,14,1,40,311808,0,31857,71,0,00,6257,7
58,348,-375,58,0,40,85,97,-5,94,-0,14,1,40,311784,9,31857,20,0,00,6257,2
58,353,-375,61,0,40,85,98,-5,94,-0,14,1,40,311761,0,31856,68,0,00,6256,7
58,358,-375,64,0,40,85,98,-5,94,-0,15,1,40,311737,2,31856,17,0,00,6256,2
58,363,-375,67,0,40,85,99,-5,94,-0,15,1,40,311713,9,31855,66,0,00,6255,7
58,368,-375,69,0,40,86,00,-5,94,-0,15,1,40,311690,7,31855,15,0,00,6255,1
58,373,-375,72,0,40,86,00,-5,94,-0,15,1,40,311666,8,31854,64,0,00,6254,6
58,378,-375,75,0,40,86,01,-5,94,-0,15,1,40,311643,8,31854,13,0,00,6254,1
58,383,-375,78,0,40,86,02,-5,94,-0,15,1,40,311620,5,31853,62,0,00,6253,6
58,388,-375,81,0,40,86,03,-5,94,-0,15,1,40,311597,3,31853,11,0,00,6253,1
58,393,-375,84,0,40,86,03,-5,94,-0,15,1,40,311574,2,31852,60,0,00,6252,6
58,398,-375,87,0,40,86,04,-5,94,-0,15,1,40,311551,2,31852,09,0,00,6252,1
58,403,-375,90,0,40,86,05,-5,94,-0,15,1,40,311527,8,31851,57,0,00,6251,6
58,408,-375,93,0,40,86,05,-5,94,-0,15,1,40,311505,4,31851,06,0,00,6251,1
58,413,-375,96,0,40,86,06,-5,94,-0,15,1,40,311481,8,31850,55,0,00,6250,6
58,418,-375,99,0,39,86,07,-5,94,-0,15,1,40,311459,7,31850,04,0,00,6250,0
58,423,-376,02,0,39,86,07,-5,94,-0,15,1,40,311436,7,31849,53,0,00,6249,5
58,428,-376,05,0,39,86,08,-5,94,-0,15,1,40,311413,8,31849,02,0,00,6249,0
58,433,-376,08,0,39,86,09,-5,94,-0,15,1,40,311391,5,31848,51,0,00,6248,5
58,438,-376,11,0,39,86,10,-5,94,-0,15,1,40,311368,9,31848,00,0,00,6248,0
58,443,-376,14,0,39,86,10,-5,94,-0,15,1,40,311346,3,31847,49,0,00,6247,5
58,448,-376,17,0,39,86,11,-5,94,-0,15,1,40,311323,8,31846,98,0,00,6247,0
58,453,-376,20,0,39,86,12,-5,94,-0,15,1,40,311301,0,31846,47,0,00,6246,5
58,458,-376,23,0,39,86,12,-5,94,-0,15,1,40,311279,6,31845,96,0,00,6246,0
58,463,-376,26,0,39,86,13,-5,94,-0,15,1,40,311256,6,31845,45,0,00,6245,4
58,468,-376,29,0,39,86,14,-5,94,-0,15,1,40,311234,9,31844,94,0,00,6244,9
58,473,-376,32,0,39,86,14,-5,94,-0,15,1,40,311212,5,31844,43,0,00,6244,4
58,478,-376,35,0,39,86,15,-5,94,-0,15,1,40,311190,6,31843,92,0,00,6243,9
58,483,-376,38,0,39,86,16,-5,94,-0,15,1,40,311168,4,31843,41,0,00,6243,4
58,488,-376,41,0,38,86,17,-5,94,-0,15,1,40,311146,3,31842,90,0,00,6242,9
58,493,-376,44,0,38,86,17,-5,94,-0,15,1,40,311125,1,31842,39,0,00,6242,4
58,498,-376,47,0,38,86,18,-5,94,-0,15,1,40,311102,3,31841,88,0,00,6241,9
58,503,-376,50,0,38,86,19,-5,94,-0,15,1,40,311081,7,31841,37,0,00,6241,4
58,508,-376,53,0,38,86,19,-5,94,-0,15,1,40,311058,7,31840,86,0,00,6240,9
58,513,-376,56,0,38,86,20,-5,94,-0,15,1,40,311038,3,31840,35,0,00,6240,3
58,518,-376,59,0,38,86,21,-5,94,-0,15,1,40,311015,5,31839,84,0,00,6239,8
58,523,-376,62,0,38,86,21,-5,94,-0,15,1,40,310995,3,31839,33,0,00,6239,3
58,528,-376,64,0,38,86,22,-5,94,-0,15,1,40,310972,6,31838,82,0,00,6238,8
58,533,-376,67,0,38,86,23,-5,94,-0,15,1,40,310952,2,31838,31,0,00,6238,3
58,538,-376,70,0,38,86,24,-5,94,-0,15,1,40,310929,7,31837,80,0,00,6237,8
58,543,-376,73,0,38,86,24,-5,94,-0,15,1,40,310909,4,31837,29,0,00,6237,3
58,548,-376,76,0,38,86,25,-5,94,-0,15,1,40,310887,5,31836,78,0,00,6236,8
58,553,-376,79,0,37,86,26,-5,94,-0,15,1,40,310867,1,31836,27,0,00,6236,3
58,558,-376,82,0,37,86,26,-5,94,-0,15,1,40,310845,3,31835,76,0,00,6235,8
58,563,-376,85,0,37,86,27,-5,94,-0,15,1,40,310824,2,31835,25,0,00,6235,3
58,568,-376,88,0,37,86,28,-5,94,-0,15,1,40,310803,9,31834,74,0,00,6234,7
58,573,-376,91,0,37,86,28,-5,94,-0,15,1,40,310782,1,31834,23,0,00,6234,2
58,578,-376,94,0,37,86,29,-5,94,-0,15,1,40,310762,0,31833,72,0,00,6233,7
58,583,-376,97,0,37,86,30,-5,94,-0,15,1,40,310740,3,31833,21,0,00,6233,2
58,588,-377,00,0,37,86,31,-5,94,-0,15,1,40,310720,1,31832,70,0,00,6232,7
58,593,-377,03,0,37,86,31,-5,94,-0,15,1,40,310699,4,31832,19,0,00,6232,2
58,598,-377,06,0,37,86,32,-5,94,-0,15,1,40,310678,4,31831,68,0,00,6231,7
58,603,-377,09,0,37,86,33,-5,94,-0,15,1,40,310658,0,31831,18,0,00,6231,2
58,608,-377,12,0,37,86,33,-5,94,-0,15,1,40,310637,6,31830,67,0,00,6230,7
58,613,-377,15,0,37,86,34,-5,94,-0,15,1,40,310616,9,31830,16,0,00,6230,2
58,618,-377,18,0,36,86,35,-5,94,-0,15,1,40,310596,7,31829,65,0,00,6229,6
58,623,-377,21,0,36,86,35,-5,94,-0,15,1,40,310575,8,31829,14,0,00,6229,1
58,628,-377,24,0,36,86,36,-5,94,-0,15,1,40,310556,2,31828,63,0,00,6228,6
58,633,-377,27,0,36,86,37,-5,94,-0,16,1,40,310535,4,31828,12,0,00,6228,1
58,638,-377,30,0,36,86,38,-5,94,-0,16,1,40,310515,5,31827,61,0,00,6227,6
58,643,-377,33,0,36,86,38,-5,94,-0,16,1,40,310495,3,31827,10,0,00,6227,1
58,648,-377,36,0,36,86,39,-5,94,-0,16,1,40,310474,8,31826,59,0,00,6226,6
58,653,-377,39,0,36,86,40,-5,94,-0,16,1,40,310455,2,31826,08,0,00,6226,1
58,658,-377,42,0,36,86,40,-5,94,-0,16,1,40,310435,3,31825,57,0,00,6225,6
58,663,-377,45,0,36,86,41,-5,94,-0,16,1,40,310415,0,31825,07,0,00,6225,1
58,668,-377,48,0,36,86,42,-5,94,-0,16,1,40,310395,3,31824,56,0,00,6224,6
58,673,-377,51,0,36,86,42,-5,94,-0,16,1,40,310375,6,31824,05,0,00,6224,0
58,678,-377,54,0,36,86,43,-5,94,-0,16,1,40,310355,6,31823,54,0,00,6223,5
58,683,-377,57,0,35,86,44,-5,94,-0,16,1,40,310336,1,31823,03,0,00,6223,0
58,688,-377,60,0,35,86,45,-5,94,-0,16,1,40,310316,3,31822,52,0,00,6222,5
58,693,-377,62,0,35,86,45,-5,94,-0,16,1,40,310296,9,31822,01,0,00,6222,0
58,698,-377,65,0,35,86,46,-5,94,-0,16,1,40,310276,8,31821,50,0,00,6221,5
58,703,-377,68,0,35,86,47,-5,94,-0,16,1,40,310258,1,31821,00,0,00,6221,0
58,708,-377,71,0,35,86,47,-5,94,-0,16,1,40,310238,1,31820,49,0,00,6220,5
58,713,-377,74,0,35,86,48,-5,94,-0,16,1,40,310218,7,31819,98,0,00,6220,0
58,718,-377,77,0,35,86,49,-5,94,-0,16,1,40,310199,8,31819,47,0,00,6219,5
58,723,-377,80,0,35,86,49,-5,94,-0,16,1,40,310180,1,31818,96,0,00,6219,0
58,728,-377,83,0,35,86,50,-5,94,-0,16,1,40,310160,9,31818,45,0,00,6218,5
58,733,-377,86,0,35,86,51,-5,94,-0,16,1,40,310141,8,31817,95,0,00,6217,9
58,738,-377,89,0,35,86,52,-5,94,-0,16,1,40,310122,8,31817,44,0,00,6217,4
58,743,-377,92,0,34,86,52,-5,94,-0,16,1,40,310103,4,31816,93,0,00,6216,9
58,748,-377,95,0,34,86,53,-5,94,-0,16,1,40,310085,0,31816,42,0,00,6216,4
58,753,-377,98,0,34,86,54,-5,94,-0,16,1,40,310065,4,31815,91,0,00,6215,9
58,758,-378,01,0,34,86,54,-5,94,-0,16,1,40,310046,7,31815,40,0,00,6215,4
58,763,-378,04,0,34,86,55,-5,94,-0,16,1,40,310027,7,31814,89,0,00,6214,9
58,768,-378,07,0,34,86,56,-5,94,-0,16,1,40,310009,2,31814,39,0,00,6214,4
58,773,-378,10,0,34,86,56,-5,94,-0,16,1,40,309990,3,31813,88,0,00,6213,9
58,778,-378,13,0,34,86,57,-5,94,-0,16,1,40,309971,5,31813,37,0,00,6213,4
58,783,-378,16,0,34,86,58,-5,94,-0,16,1,40,309952,8,31812,86,0,00,6212,9
58,788,-378,19,0,34,86,59,-5,94,-0,16,1,40,309934,6,31812,35,0,00,6212,4
58,793,-378,22,0,34,86,59,-5,94,-0,16,1,40,309915,7,31811,84,0,00,6211,8
58,798,-378,25,0,34,86,60,-5,94,-0,16,1,40,309897,2,31811,34,0,00,6211,3
58,803,-378,28,0,34,86,61,-5,94,-0,16,1,40,309879,2,31810,83,0,00,6210,8
58,808,-378,31,0,33,86,61,-5,94,-0,17,1,40,309860,0,31810,32,0,00,6210,3
58,813,-378,34,0,33,86,62,-5,94,-0,17,1,40,309842,3,31809,81,0,00,6209,8
58,818,-378,37,0,33,86,63,-5,94,-0,17,1,40,309823,7,31809,30,0,00,6209,3
58,823,-378,40,0,33,86,63,-5,94,-0,17,1,40,309805,6,31808,80,0,00,6208,8
58,828,-378,43,0,33,86,64,-5,94,-0,17,1,40,309787,6,31808,29,0,00,6208,3
58,833,-378,46,0,33,86,65,-5,94,-0,17,1,40,309768,8,31807,78,0,00,6207,8
58,838,-378,49,0,33,86,66,-5,94,-0,17,1,40,309751,4,31807,27,0,00,6207,3
58,843,-378,52,0,33,86,66,-5,94,-0,17,1,40,309732,8,31806,77,0,00,6206,8
58,848,-378,55,0,33,86,67,-5,94,-0,17,1,40,309715,6,31806,26,0,00,6206,3
58,853,-378,58,0,33,86,68,-5,94,-0,17,1,40,309696,7,31805,75,0,00,6205,8
58,858,-378,60,0,33,86,68,-5,94,-0,17,1,40,309679,6,31805,24,0,00,6205,2
58,863,-378,63,0,33,86,69,-5,94,-0,17,1,40,309661,3,31804,73,0,00,6204,7
58,868,-378,66,0,32,86,70,-5,94,-0,17,1,40,309643,4,31804,23,0,00,6204,2
58,873,-378,69,0,32,86,70,-5,94,-0,17,1,40,309626,2,31803,72,0,00,6203,7
58,878,-378,72,0,32,86,71,-5,94,-0,17,1,40,309608,1,31803,21,0,00,6203,2
58,883,-378,75,0,32,86,72,-5,94,-0,17,1,40,309590,1,31802,71,0,00,6202,7
58,888,-378,78,0,32,86,73,-5,94,-0,17,1,40,309573,4,31802,20,0,00,6202,2
58,893,-378,81,0,32,86,73,-5,94,-0,17,1,40,309554,8,31801,69,0,00,6201,7
58,898,-378,84,0,32,86,74,-5,94,-0,17,1,40,309538,3,31801,18,0,00,6201,2
58,903,-378,87,0,32,86,75,-5,94,-0,17,1,40,309520,1,31800,68,0,00,6200,7
58,908,-378,90,0,32,86,75,-5,94,-0,17,1,40,309503,4,31800,17,0,00,6200,2
58,913,-378,93,0,32,86,76,-5,94,-0,17,1,40,309485,4,31799,66,0,00,6199,7
58,918,-378,96,0,32,86,77,-5,94,-0,17,1,40,309468,3,31799,15,0,00,6199,2
58,923,-378,99,0,31,86,77,-5,94,-0,17,1,40,309450,9,31798,65,0,00,6198,6
58,928,-379,02,0,31,86,78,-5,94,-0,17,1,40,309434,1,31798,14,0,00,6198,1
58,933,-379,05,0,31,86,79,-5,94,-0,17,1,40,309416,4,31797,63,0,00,6197,6
58,938,-379,08,0,31,86,80,-5,94,-0,17,1,40,309399,6,31797,13,0,00,6197,1
58,943,-379,11,0,31,86,80,-5,94,-0,17,1,40,309382,5,31796,62,0,00,6196,6
58,948,-379,14,0,31,86,81,-5,94,-0,18,1,40,309365,5,31796,11,0,00,6196,1
58,953,-379,17,0,31,86,82,-5,94,-0,18,1,40,309348,1,31795,60,0,00,6195,6
58,958,-379,20,0,31,86,82,-5,94,-0,18,1,40,309331,7,31795,09,0,00,6195,1
58,963,-379,23,0,31,86,83,-5,94,-0,18,1,40,309314,8,31794,59,0,00,6194,6
58,968,-379,26,0,31,86,84,-5,94,-0,18,1,40,309297,7,31794,08,0,00,6194,1
58,973,-379,29,0,31,86,84,-5,94,-0,18,1,40,309281,0,31793,57,0,00,6193,6
58,978,-379,32,0,31,86,85,-5,94,-0,18,1,40,309264,0,31793,07,0,00,6193,1
58,983,-379,35,0,30,86,86,-5,94,-0,18,1,40,309247,9,31792,56,0,00,6192,6
58,988,-379,38,0,30,86,87,-5,94,-0,18,1,40,309230,6,31792,05,0,00,6192,1
58,993,-379,41,0,30,86,87,-5,94,-0,18,1,40,309214,2,31791,55,0,00,6191,5
58,998,-379,44,0,30,86,88,-5,94,-0,18,1,40,309197,9,31791,04,0,00,6191,0
59,003,-379,47,0,30,86,89,-5,94,-0,18,1,40,309181,3,31790,53,0,00,6190,5
59,008,-379,50,0,30,86,89,-5,94,-0,18,1,40,309164,7,31790,03,0,00,6190,0
59,013,-379,53,0,30,86,90,-5,94,-0,18,1,40,309148,2,31789,52,0,00,6189,5
59,018,-379,55,0,30,86,91,-5,94,-0,18,1,40,309132,2,31789,01,0,00,6189,0
59,023,-379,58,0,30,86,91,-5,94,-0,18,1,40,309115,3,31788,51,0,00,6188,5
59,028,-379,61,0,30,86,92,-5,94,-0,18,1,40,309099,5,31788,00,0,00,6188,0
59,033,-379,64,0,30,86,93,-5,94,-0,18,1,40,309083,2,31787,49,0,00,6187,5
59,038,-379,67,0,29,86,94,-5,94,-0,18,1,40,309066,6,31786,98,0,00,6187,0
59,043,-379,70,0,29,86,94,-5,94,-0,18,1,40,309050,9,31786,48,0,00,6186,5
59,048,-379,73,0,29,86,95,-5,94,-0,18,1,40,309034,5,31785,97,0,00,6186,0
59,053,-379,76,0,29,86,96,-5,94,-0,18,1,40,309018,5,31785,46,0,00,6185,5
59,058,-379,79,0,29,86,96,-5,94,-0,18,1,40,309002,6,31784,96,0,00,6185,0
59,063,-379,82,0,29,86,97,-5,94,-0,18,1,40,308986,4,31784,45,0,00,6184,5
59,068,-379,85,0,29,86,98,-5,94,-0,19,1,40,308970,6,31783,95,0,00,6183,9
59,073,-379,88,0,29,86,98,-5,94,-0,19,1,40,308954,5,31783,44,0,00,6183,4
59,078,-379,91,0,29,86,99,-5,94,-0,19,1,40,308938,9,31782,93,0,00,6182,9
59,083,-379,94,0,29,87,00,-5,94,-0,19,1,40,308923,4,31782,43,0,00,6182,4
59,088,-379,97,0,29,87,01,-5,94,-0,19,1,40,308907,0,31781,92,0,00,6181,9
59,093,-380,00,0,28,87,01,-5,94,-0,19,1,40,308891,6,31781,41,0,00,6181,4
59,098,-380,03,0,28,87,02,-5,94,-0,19,1,40,308875,8,31780,91,0,00,6180,9
59,103,-380,06,0,28,87,03,-5,94,-0,19,1,40,308860,6,31780,40,0,00,6180,4
59,108,-380,09,0,28,87,03,-5,94,-0,19,1,40,308844,5,31779,89,0,00,6179,9
59,113,-380,12,0,28,87,04,-5,94,-0,19,1,40,308829,4,31779,39,0,00,6179,4
59,118,-380,15,0,28,87,05,-5,94,-0,19,1,40,308813,4,31778,88,0,00,6178,9
59,123,-380,18,0,28,87,05,-5,94,-0,19,1,40,308798,4,31778,38,0,00,6178,4
59,128,-380,21,0,28,87,06,-5,94,-0,19,1,40,308782,6,31777,87,0,00,6177,9
59,133,-380,24,0,28,87,07,-5,94,-0,19,1,40,308767,3,31777,36,0,00,6177,4
59,138,-380,27,0,28,87,08,-5,94,-0,19,1,40,308752,1,31776,86,0,00,6176,9
59,143,-380,30,0,27,87,08,-5,94,-0,19,1,40,308736,9,31776,35,0,00,6176,4
59,148,-380,33,0,27,87,09,-5,94,-0,19,1,40,308721,4,31775,84,0,00,6175,8
59,153,-380,36,0,27,87,10,-5,94,-0,19,1,40,308706,3,31775,34,0,00,6175,3
59,158,-380,39,0,27,87,10,-5,94,-0,19,1,40,308691,4,31774,83,0,00,6174,8
59,163,-380,42,0,27,87,11,-5,93,-0,19,1,40,308676,1,31774,33,0,00,6174,3
59,168,-380,44,0,27,87,12,-5,93,-0,19,1,40,308660,8,31773,82,0,00,6173,8
59,173,-380,47,0,27,87,12,-5,93,-0,19,1,40,308646,4,31773,31,0,00,6173,3
59,178,-380,50,0,27,87,13,-5,93,-0,19,1,40,308630,9,31772,81,0,00,6172,8
59,183,-380,53,0,27,87,14,-5,93,-0,20,1,40,308615,8,31772,30,0,02,6172,3
59,188,-380,56,0,27,87,15,-5,93,-0,20,1,40,308601,2,31771,80,0,00,6171,8
59,193,-380,59,0,27,87,15,-5,93,-0,20,1,40,308636,5,31771,29,0,00,6171,3
59,198,-380,62,0,26,87,16,-5,93,-0,20,1,40,308590,9,31770,79,0,00,6170,8
59,203,-380,65,0,26,87,17,-5,93,-0,20,1,40,308545,9,31770,28,0,00,6170,3
59,208,-380,68,0,26,87,17,-5,93,-0,20,1,40,308548,8,31769,77,0,00,6169,8
59,213,-380,71,0,26,87,18,-5,93,-0,20,1,40,308523,8,31769,27,0,00,6169,3
59,218,-380,74,0,26,87,19,-5,93,-0,20,1,40,308514,8,31768,76,0,00,6168,8
59,223,-380,77,0,26,87,19,-5,93,-0,20,1,40,308497,2,31768,26,0,00,6168,3
59,228,-380,80,0,26,87,20,-5,93,-0,20,1,40,308484,4,31767,75,0,00,6167,8
59,233,-380,83,0,26,87,21,-5,93,-0,20,1,40,308468,7,31767,24,0,00,6167,2
59,238,-380,86,0,26,87,22,-5,93,-0,20,1,40,308455,2,31766,74,0,00,6166,7
59,243,-380,89,0,26,87,22,-5,93,-0,20,1,40,308439,6,31766,23,0,00,6166,2
59,248,-380,92,0,25,87,23,-5,93,-0,20,1,40,308426,2,31765,73,0,00,6165,7
59,253,-380,95,0,25,87,24,-5,93,-0,20,1,40,308411,1,31765,22,0,00,6165,2
59,258,-380,98,0,25,87,24,-5,93,-0,20,1,40,308397,4,31764,71,0,00,6164,7
59,263,-381,01,0,25,87,25,-5,93,-0,20,1,40,308382,5,31764,21,0,00,6164,2
59,268,-381,04,0,25,87,26,-5,93,-0,20,1,40,308368,5,31763,71,0,00,6163,7
59,273,-381,07,0,25,87,26,-5,93,-0,20,1,40,308354,1,31763,20,0,00,6163,2
59,278,-381,10,0,25,87,27,-5,93,-0,20,1,40,308340,2,31762,70,0,00,6162,7
59,283,-381,13,0,25,87,28,-5,93,-0,21,1,40,308326,0,31762,19,0,00,6162,2
59,288,-381,16,0,25,87,29,-5,93,-0,21,1,40,308311,8,31761,68,0,00,6161,7
59,293,-381,19,0,24,87,29,-5,93,-0,21,1,40,308297,7,31761,18,0,00,6161,2
59,298,-381,22,0,24,87,30,-5,93,-0,21,1,40,308283,6,31760,67,0,00,6160,7
59,303,-381,25,0,24,87,31,-5,93,-0,21,1,40,308269,6,31760,17,0,00,6160,2
59,308,-381,28,0,24,87,31,-5,93,-0,21,1,40,308256,1,31759,66,0,00,6159,7
59,313,-381,31,0,24,87,32,-5,93,-0,21,1,40,308241,8,31759,16,0,00,6159,2
59,318,-381,33,0,24,87,33,-5,93,-0,21,1,40,308227,9,31758,65,0,00,6158,7
59,323,-381,36,0,24,87,33,-5,93,-0,21,1,40,308214,2,31758,15,0,00,6158,1
59,328,-381,39,0,24,87,34,-5,93,-0,21,1,40,308200,4,31757,64,0,00,6157,6
59,333,-381,42,0,24,87,35,-5,93,-0,21,1,40,308186,3,31757,13,0,00,6157,1
59,338,-381,45,0,24,87,36,-5,93,-0,21,1,40,308172,8,31756,63,0,00,6156,6
59,343,-381,48,0,23,87,36,-5,93,-0,21,1,40,308159,2,31756,13,0,00,6156,1
59,348,-381,51,0,23,87,37,-5,93,-0,21,1,40,308145,3,31755,62,0,00,6155,6
59,353,-381,54,0,23,87,38,-5,93,-0,21,1,40,308132,3,31755,11,0,00,6155,1
59,358,-381,57,0,23,87,38,-5,93,-0,21,1,40,308117,7,31754,61,0,00,6154,6
59,363,-381,60,0,23,87,39,-5,93,-0,21,1,40,308105,3,31754,10,0,00,6154,1
59,368,-381,63,0,23,87,40,-5,93,-0,21,1,40,308091,2,31753,60,0,00,6153,6
59,373,-381,66,0,23,87,40,-5,93,-0,21,1,40,308077,5,31753,09,0,00,6153,1
59,378,-381,69,0,23,87,41,-5,93,-0,21,1,40,308064,9,31752,59,0,00,6152,6
59,383,-381,72,0,23,87,42,-5,93,-0,22,1,40,308050,5,31752,08,0,00,6152,1
59,388,-381,75,0,22,87,43,-5,93,-0,22,1,40,308037,9,31751,58,0,00,6151,6
59,393,-381,78,0,22,87,43,-5,93,-0,22,1,40,308024,1,31751,07,0,00,6151,1
59,398,-381,81,0,22,87,44,-5,93,-0,22,1,40,308011,3,31750,57,0,00,6150,6
59,403,-381,84,0,22,87,45,-5,93,-0,22,1,40,307998,0,31750,06,0,00,6150,1
59,408,-381,87,0,22,87,45,-5,93,-0,22,1,40,307984,3,31749,56,0,00,6149,6
59,413,-381,90,0,22,87,46,-5,93,-0,22,1,40,307971,6,31749,05,0,00,6149,1
59,418,-381,93,0,22,87,47,-5,93,-0,22,1,40,307958,1,31748,55,0,00,6148,6
59,423,-381,96,0,22,87,47,-5,93,-0,22,1,40,307945,5,31748,04,0,00,6148,0
59,428,-381,99,0,22,87,48,-5,93,-0,22,1,40,307932,1,31747,54,0,00,6147,5
59,433,-382,02,0,22,87,49,-5,93,-0,22,1,40,307919,2,31747,04,0,00,6147,0
59,438,-382,05,0,21,87,50,-5,93,-0,22,1,40,307905,9,31746,53,0,00,6146,5
59,443,-382,08,0,21,87,50,-5,93,-0,22,1,40,307893,5,31746,03,0,00,6146,0
59,448,-382,11,0,21,87,51,-5,93,-0,22,1,40,307880,3,31745,52,0,00,6145,5
59,454,-382,14,0,21,87,52,-5,93,-0,22,1,40,307867,2,31745,02,0,00,6145,0
59,459,-382,17,0,21,87,52,-5,93,-0,22,1,40,307855,0,31744,51,0,00,6144,5
59,464,-382,19,0,21,87,53,-5,93,-0,22,1,40,307841,5,31744,01,0,00,6144,0
59,469,-382,22,0,21,87,54,-5,93,-0,22,1,40,307829,0,31743,50,0,00,6143,5
59,474,-382,25,0,21,87,54,-5,93,-0,22,1,40,307816,5,31743,00,0,00,6143,0
59,479,-382,28,0,21,87,55,-5,93,-0,23,1,40,307803,2,31742,49,0,00,6142,5
59,484,-382,31,0,20,87,56,-5,93,-0,23,1,40,307791,3,31741,99,0,00,6142,0
59,489,-382,34,0,20,87,57,-5,93,-0,23,1,40,307778,1,31741,48,0,00,6141,5
59,494,-382,37,0,20,87,57,-5,93,-0,23,1,40,307765,8,31740,98,0,00,6141,0
59,499,-382,40,0,20,87,58,-5,93,-0,23,1,40,307752,8,31740,47,0,00,6140,5
59,504,-382,43,0,20,87,59,-5,93,-0,23,1,40,307740,6,31739,97,0,00,6140,0
59,509,-382,46,0,20,87,59,-5,93,-0,23,1,40,307728,1,31739,46,0,00,6139,5
59,514,-382,49,0,20,87,60,-5,93,-0,23,1,40,307715,6,31738,96,0,00,6139,0
59,519,-382,52,0,20,87,61,-5,93,-0,23,1,40,307703,2,31738,46,0,00,6138,5
59,524,-382,55,0,19,87,61,-5,93,-0,23,1,40,307690,8,31737,95,0,00,6138,0
59,529,-382,58,0,19,87,62,-5,93,-0,23,1,40,307678,5,31737,45,0,00,6137,4
59,534,-382,61,0,19,87,63,-5,93,-0,23,1,40,307665,8,31736,94,0,00,6136,9
59,539,-382,64,0,19,87,64,-5,93,-0,23,1,40,307654,1,31736,44,0,00,6136,4
59,544,-382,67,0,19,87,64,-5,93,-0,23,1,40,307641,5,31735,93,0,00,6135,9
59,549,-382,70,0,19,87,65,-5,93,-0,23,1,40,307629,4,31735,43,0,00,6135,4
59,554,-382,73,0,19,87,66,-5,93,-0,23,1,40,307617,3,31734,93,0,00,6134,9
59,559,-382,76,0,19,87,66,-5,93,-0,23,1,40,307604,9,31734,42,0,00,6134,4
59,564,-382,79,0,19,87,67,-5,93,-0,24,1,40,307593,0,31733,92,0,00,6133,9
59,569,-382,82,0,18,87,68,-5,93,-0,24,1,40,307580,7,31733,41,0,00,6133,4
59,574,-382,85,0,18,87,68,-5,93,-0,24,1,40,307569,3,31732,91,0,00,6132,9
59,579,-382,88,0,18,87,69,-5,93,-0,24,1,40,307556,6,31732,40,0,00,6132,4
59,584,-382,91,0,18,87,70,-5,93,-0,24,1,40,307544,8,31731,90,0,00,6131,9
59,589,-382,94,0,18,87,71,-5,93,-0,24,1,40,307532,7,31731,39,0,00,6131,4
59,594,-382,97,0,18,87,71,-5,93,-0,24,1,40,307520,7,31730,89,0,00,6130,9
59,599,-383,00,0,18,87,72,-5,93,-0,24,1,40,307509,1,31730,39,0,00,6130,4
59,604,-383,03,0,18,87,73,-5,93,-0,24,1,40,307497,1,31729,88,0,00,6129,9
59,609,-383,06,0,17,87,73,-5,93,-0,24,1,40,307485,2,31729,38,0,00,6129,4
59,614,-383,08,0,17,87,74,-5,93,-0,24,1,40,307473,8,31728,88,0,00,6128,9
59,619,-383,11,0,17,87,75,-5,93,-0,24,1,40,307461,5,31728,37,0,00,6128,4
59,624,-383,14,0,17,87,75,-5,93,-0,24,1,40,307450,2,31727,87,0,00,6127,9
59,629,-383,17,0,17,87,76,-5,93,-0,24,1,40,307438,1,31727,36,0,00,6127,4
59,634,-383,20,0,17,87,77,-5,93,-0,24,1,40,307426,8,31726,86,0,00,6126,9
59,639,-383,23,0,17,87,78,-5,93,-0,24,1,40,307415,3,31726,36,0,00,6126,4
59,644,-383,26,0,17,87,78,-5,93,-0,24,1,40,307403,3,31725,85,0,00,6125,9
59,649,-383,29,0,17,87,79,-5,93,-0,24,1,40,307392,2,31725,35,0,00,6125,3
59,654,-383,32,0,16,87,80,-5,93,-0,25,1,40,307380,3,31724,84,0,00,6124,8
59,659,-383,35,0,16,87,80,-5,93,-0,25,1,40,307368,9,31724,34,0,00,6124,3
59,664,-383,38,0,16,87,81,-5,93,-0,25,1,40,307357,1,31723,84,0,00,6123,8
59,669,-383,41,0,16,87,82,-5,93,-0,25,1,40,307346,2,31723,33,0,00,6123,3
59,674,-383,44,0,16,87,82,-5,93,-0,25,1,40,307334,5,31722,83,0,00,6122,8
59,679,-383,47,0,16,87,83,-5,93,-0,25,1,40,307322,9,31722,32,0,00,6122,3
59,684,-383,50,0,16,87,84,-5,93,-0,25,1,40,307312,2,31721,82,0,00,6121,8
59,689,-383,53,0,16,87,84,-5,93,-0,25,1,40,307300,2,31721,32,0,00,6121,3
59,694,-383,56,0,15,87,85,-5,93,-0,25,1,40,307289,5,31720,81,0,00,6120,8
59,699,-383,59,0,15,87,86,-5,93,-0,25,1,40,307277,7,31720,31,0,00,6120,3
59,704,-383,62,0,15,87,87,-5,93,-0,25,1,40,307267,1,31719,80,0,00,6119,8
59,709,-383,65,0,15,87,87,-5,93,-0,25,1,40,307254,9,31719,30,0,00,6119,3
59,714,-383,68,0,15,87,88,-5,93,-0,25,1,40,307244,9,31718,80,0,00,6118,8
59,719,-383,71,0,15,87,89,-5,93,-0,25,1,40,307233,2,31718,29,0,00,6118,3
59,724,-383,74,0,15,87,89,-5,93,-0,25,1,40,307222,0,31717,79,0,00,6117,8
59,729,-383,77,0,15,87,90,-5,93,-0,25,1,40,307211,3,31717,29,0,00,6117,3
59,734,-383,80,0,14,87,91,-5,93,-0,26,1,40,307199,7,31716,78,0,00,6116,8
59,739,-383,83,0,14,87,91,-5,93,-0,26,1,40,307189,5,31716,28,0,00,6116,3
59,744,-383,86,0,14,87,92,-5,93,-0,26,1,40,307177,7,31715,78,0,00,6115,8
59,749,-383,89,0,14,87,93,-5,93,-0,26,1,40,307167,5,31715,27,0,00,6115,3
59,754,-383,92,0,14,87,94,-5,93,-0,26,1,40,307155,8,31714,77,0,00,6114,8
59,759,-383,95,0,14,87,94,-5,93,-0,26,1,40,307145,8,31714,27,0,00,6114,3
59,764,-383,97,0,14,87,95,-5,93,-0,26,1,40,307134,0,31713,76,0,00,6113,8
59,769,-384,00,0,13,87,96,-5,93,-0,26,1,40,307124,1,31713,26,0,00,6113,3
59,774,-384,03,0,13,87,96,-5,93,-0,26,1,40,307112,5,31712,75,0,00,6112,8
59,779,-384,06,0,13,87,97,-5,93,-0,26,1,40,307101,8,31712,25,0,00,6112,3
59,784,-384,09,0,13,87,98,-5,93,-0,26,1,40,307091,6,31711,75,0,00,6111,7
59,789,-384,12,0,13,87,98,-5,93,-0,26,1,40,307080,6,31711,24,0,00,6111,2
59,794,-384,15,0,13,87,99,-5,93,-0,26,1,40,307070,0,31710,74,0,00,6110,7
59,799,-384,18,0,13,88,00,-5,93,-0,26,1,40,307059,1,31710,24,0,00,6110,2
59,804,-384,21,0,13,88,01,-5,93,-0,26,1,40,307048,6,31709,73,0,00,6109,7
59,809,-384,24,0,12,88,01,-5,93,-0,26,1,40,307038,2,31709,23,0,00,6109,2
59,814,-384,27,0,12,88,02,-5,93,-0,26,1,40,307027,4,31708,73,0,00,6108,7
59,819,-384,30,0,12,88,03,-5,93,-0,27,1,40,307017,1,31708,22,0,00,6108,2
59,824,-384,33,0,12,88,03,-5,93,-0,27,1,40,307006,4,31707,72,0,00,6107,7
59,829,-384,36,0,12,88,04,-5,93,-0,27,1,40,306996,1,31707,22,0,00,6107,2
59,834,-384,39,0,12,88,05,-5,93,-0,27,1,40,306985,1,31706,71,0,00,6106,7
59,839,-384,42,0,12,88,05,-5,93,-0,27,1,40,306975,4,31706,21,0,00,6106,2
59,844,-384,45,0,12,88,06,-5,93,-0,27,1,40,306964,8,31705,71,0,00,6105,7
59,849,-384,48,0,11,88,07,-5,93,-0,27,1,40,306953,9,31705,20,0,00,6105,2
59,854,-384,51,0,11,88,08,-5,93,-0,27,1,40,306944,3,31704,70,0,00,6104,7
59,859,-384,54,0,11,88,08,-5,93,-0,27,1,40,306933,5,31704,20,0,00,6104,2
59,864,-384,57,0,11,88,09,-5,93,-0,27,1,40,306923,6,31703,69,0,00,6103,7
59,869,-384,60,0,11,88,10,-5,93,-0,27,1,40,306913,3,31703,19,0,00,6103,2
59,874,-384,63,0,11,88,10,-5,93,-0,27,1,40,306902,6,31702,69,0,00,6102,7
59,879,-384,66,0,11,88,11,-5,93,-0,27,1,40,306893,2,31702,18,0,00,6102,2
59,884,-384,69,0,10,88,12,-5,93,-0,27,1,40,306882,1,31701,68,0,00,6101,7
59,889,-384,72,0,10,88,12,-5,93,-0,27,1,40,306872,9,31701,18,0,00,6101,2
59,894,-384,75,0,10,88,13,-5,93,-0,27,1,40,306861,9,31700,68,0,00,6100,7
59,899,-384,78,0,10,88,14,-5,93,-0,28,1,40,306852,7,31700,17,0,00,6100,2
59,904,-384,81,0,10,88,15,-5,93,-0,28,1,40,306841,8,31699,67,0,00,6099,7
59,909,-384,83,0,10,88,15,-5,93,-0,28,1,40,306832,3,31699,17,0,00,6099,2
59,914,-384,86,0,10,88,16,-5,93,-0,28,1,40,306822,0,31698,66,0,00,6098,7
59,919,-384,89,0,09,88,17,-5,93,-0,28,1,40,306812,1,31698,16,0,00,6098,2
59,924,-384,92,0,09,88,17,-5,93,-0,28,1,40,306802,7,31697,66,0,00,6097,7
59,929,-384,95,0,09,88,18,-5,93,-0,28,1,40,306791,6,31697,16,0,00,6097,2
59,934,-384,98,0,09,88,19,-5,93,-0,28,1,40,306783,1,31696,65,0,00,6096,7
59,939,-385,01,0,09,88,19,-5,93,-0,28,1,40,306772,1,31696,15,0,00,6096,1
59,944,-385,04,0,09,88,20,-5,93,-0,28,1,40,306762,9,31695,65,0,00,6095,6
59,949,-385,07,0,09,88,21,-5,93,-0,28,1,40,306752,8,31695,14,0,00,6095,1
59,954,-385,10,0,08,88,22,-5,93,-0,28,1,40,306743,3,31694,64,0,00,6094,6
59,959,-385,13,0,08,88,22,-5,93,-0,28,1,40,306733,3,31694,14,0,00,6094,1
59,964,-385,16,0,08,88,23,-5,93,-0,28,1,40,306723,8,31693,63,0,00,6093,6
59,969,-385,19,0,08,88,24,-5,93,-0,28,1,40,306713,4,31693,13,0,00,6093,1
59,974,-385,22,0,08,88,24,-5,93,-0,29,1,40,306704,5,31692,63,0,00,6092,6
59,979,-385,25,0,08,88,25,-5,93,-0,29,1,40,306694,7,31692,13,0,00,6092,1
59,984,-385,28,0,08,88,26,-5,93,-0,29,1,40,306684,9,31691,62,0,00,6091,6
59,989,-385,31,0,07,88,26,-5,93,-0,29,1,40,306675,2,31691,12,0,00,6091,1
59,994,-385,34,0,07,88,27,-5,93,-0,29,1,40,306665,9,31690,62,0,00,6090,6
59,999,-385,37,0,07,88,28,-5,93,-0,29,1,40,306656,3,31690,11,0,00,6090,1
60,004,-385,40,0,07,88,29,-5,93,-0,29,1,40,306646,6,31689,61,0,00,6089,6
60,009,-385,43,0,07,88,29,-5,93,-0,29,1,40,306637,1,31689,11,0,00,6089,1
60,014,-385,46,0,07,88,30,-5,93,-0,29,1,40,306628,0,31688,61,0,00,6088,6
60,019,-385,49,0,07,88,31,-5,93,-0,29,1,40,306618,1,31688,10,0,00,6088,1
60,024,-385,52,0,06,88,31,-5,93,-0,29,1,40,306608,6,31687,60,0,00,6087,6
60,029,-385,55,0,06,88,32,-5,93,-0,29,1,40,306599,7,31687,10,0,00,6087,1
60,034,-385,58,0,06,88,33,-5,93,-0,29,1,40,306590,3,31686,60,0,00,6086,6
60,039,-385,61,0,06,88,33,-5,93,-0,29,1,40,306580,5,31686,09,0,00,6086,1
60,044,-385,64,0,06,88,34,-5,93,-0,29,1,40,306571,3,31685,59,0,00,6085,6
60,049,-385,67,0,06,88,35,-5,93,-0,29,1,40,306562,4,31685,09,0,00,6085,1
60,054,-385,70,0,06,88,36,-5,93,-0,30,1,40,306552,4,31684,59,0,00,6084,6
60,059,-385,72,0,05,88,36,-5,93,-0,30,1,40,306544,1,31684,08,0,00,6084,1
60,064,-385,75,0,05,88,37,-5,93,-0,30,1,40,306534,1,31683,58,0,00,6083,6
60,069,-385,78,0,05,88,38,-5,93,-0,30,1,40,306525,4,31683,08,0,00,6083,1
60,074,-385,81,0,05,88,38,-5,93,-0,30,1,40,306515,9,31682,58,0,00,6082,6
