step,time_s,posX_m,posY_m,posZ_m,velX_mps,velY_mps,velZ_mps,speed_mps,horizSpeed_mps,thrust_N,thrust_kN,mass_kg,fuel_kg,twr,tilt_deg,pitchRate_dps,yawRate_dps,gimbalX_deg,gimbalZ_deg,miss_m,controlMode
1,0.0500,-0.065,1597.256,0.000,-1.256,-54.751,0.088,54.765,1.259,591184.2,591.18,40016.90,14416.90,1.507,7.051,-1.773,1.049,-7.685,3.199,0.065,PID
2,0.1000,-0.126,1594.525,0.008,-1.189,-54.518,0.261,54.532,1.217,582792.4,582.79,40007.29,14407.29,1.486,6.912,-3.027,1.554,-6.699,2.680,0.126,PID
3,0.1500,-0.184,1591.805,0.025,-1.129,-54.292,0.418,54.305,1.204,574631.4,574.63,39997.80,14397.81,1.466,6.711,-4.085,1.963,-5.765,2.203,0.186,PID
4,0.2000,-0.239,1589.096,0.050,-1.077,-54.072,0.560,54.085,1.214,566761.9,566.76,39988.46,14388.46,1.446,6.459,-4.963,2.284,-4.888,1.767,0.244,PID
5,0.2500,-0.292,1586.397,0.081,-1.032,-53.858,0.686,53.872,1.240,559203.4,559.20,39979.23,14379.23,1.427,6.166,-5.677,2.528,-4.065,1.371,0.303,PID
6,0.3000,-0.342,1583.710,0.118,-0.994,-53.650,0.799,53.666,1.275,551933.6,551.93,39970.13,14370.13,1.409,5.839,-6.242,2.703,-3.301,1.014,0.362,PID
7,0.3500,-0.391,1581.032,0.161,-0.962,-53.450,0.897,53.466,1.315,544970.3,544.97,39961.14,14361.15,1.391,5.488,-6.671,2.818,-2.592,0.692,0.423,PID
8,0.4000,-0.439,1578.365,0.208,-0.935,-53.255,0.982,53.273,1.357,538289.2,538.29,39952.27,14352.27,1.375,5.118,-6.979,2.881,-1.939,0.405,0.485,PID
9,0.4500,-0.485,1575.707,0.259,-0.914,-53.067,1.056,53.086,1.396,531877.8,531.88,39943.51,14343.51,1.359,4.736,-7.179,2.898,-1.340,0.149,0.550,PID
10,0.5000,-0.530,1573.058,0.313,-0.897,-52.886,1.117,52.906,1.433,525750.1,525.75,39934.84,14334.84,1.343,4.347,-7.282,2.876,-0.796,-0.075,0.616,PID
11,0.5500,-0.575,1570.418,0.370,-0.885,-52.711,1.168,52.732,1.466,519891.1,519.89,39926.27,14326.27,1.328,3.956,-7.301,2.821,-0.303,-0.270,0.684,PID
12,0.6000,-0.619,1567.786,0.430,-0.876,-52.543,1.210,52.564,1.494,514270.4,514.27,39917.80,14317.80,1.314,3.567,-7.245,2.738,0.141,-0.439,0.753,PID
13,0.6500,-0.662,1565.163,0.491,-0.871,-52.381,1.242,52.402,1.517,508885.3,508.89,39909.41,14309.42,1.301,3.185,-7.124,2.633,0.535,-0.581,0.825,PID
14,0.7000,-0.706,1562.548,0.554,-0.869,-52.224,1.265,52.247,1.535,503730.8,503.73,39901.12,14301.12,1.288,2.812,-6.948,2.510,0.883,-0.699,0.897,PID
15,0.7500,-0.749,1559.941,0.618,-0.869,-52.074,1.281,52.097,1.548,498787.5,498.79,39892.91,14292.91,1.276,2.450,-6.726,2.372,1.188,-0.797,0.971,PID
16,0.8000,-0.793,1557.341,0.682,-0.872,-51.930,1.291,51.953,1.558,494049.0,494.05,39884.77,14284.77,1.264,2.102,-6.464,2.224,1.451,-0.873,1.046,PID
17,0.8500,-0.836,1554.748,0.747,-0.876,-51.792,1.294,51.815,1.563,489508.9,489.51,39876.71,14276.71,1.252,1.771,-6.170,2.069,1.674,-0.931,1.121,PID
18,0.9000,-0.880,1552.162,0.811,-0.883,-51.659,1.291,51.682,1.564,485131.9,485.13,39868.73,14268.73,1.241,1.456,-5.851,1.908,1.859,-0.971,1.197,PID
19,0.9500,-0.925,1549.582,0.876,-0.890,-51.531,1.284,51.555,1.562,480951.5,480.95,39860.81,14260.81,1.231,1.160,-5.512,1.746,2.012,-0.998,1.273,PID
20,1.0000,-0.969,1547.009,0.940,-0.898,-51.408,1.273,51.432,1.558,476918.5,476.92,39852.96,14252.96,1.221,0.884,-5.159,1.583,2.130,-1.008,1.350,PID
21,1.0500,-1.015,1544.441,1.003,-0.908,-51.291,1.258,51.314,1.551,473052.5,473.05,39845.18,14245.18,1.211,0.627,-4.797,1.423,2.216,-1.005,1.427,PID
22,1.1000,-1.060,1541.880,1.065,-0.918,-51.178,1.240,51.201,1.542,469331.7,469.33,39837.46,14237.46,1.202,0.394,-4.430,1.267,2.273,-0.988,1.503,PID
23,1.1500,-1.107,1539.323,1.127,-0.936,-51.071,1.219,51.094,1.537,465738.1,465.74,39829.79,14229.79,1.193,0.188,-4.065,1.001,2.300,-0.151,1.579,PID
24,1.2000,-1.154,1536.772,1.187,-0.940,-50.967,1.198,50.990,1.523,462289.9,462.29,39822.18,14222.18,1.184,0.097,-3.722,0.947,1.954,-0.559,1.655,PID
25,1.2500,-1.201,1534.226,1.246,-0.949,-50.868,1.170,50.890,1.507,459014.7,459.01,39814.63,14214.63,1.176,0.232,-3.324,0.823,2.308,-0.885,1.731,PID
26,1.3000,-1.249,1531.685,1.304,-0.960,-50.772,1.144,50.794,1.494,455819.3,455.82,39807.14,14207.14,1.168,0.385,-2.972,0.694,2.305,-0.866,1.806,PID
27,1.3500,-1.297,1529.149,1.361,-0.970,-50.681,1.117,50.703,1.480,452730.7,452.73,39799.69,14199.69,1.161,0.525,-2.628,0.571,2.263,-0.820,1.880,PID
28,1.4000,-1.346,1526.617,1.416,-0.980,-50.593,1.090,50.614,1.466,449755.3,449.76,39792.29,14192.29,1.153,0.647,-2.296,0.456,2.209,-0.773,1.953,PID
29,1.4500,-1.395,1524.090,1.470,-0.990,-50.509,1.062,50.530,1.452,446900.2,446.90,39784.95,14184.94,1.146,0.754,-1.978,0.349,2.146,-0.727,2.026,PID
30,1.5000,-1.445,1521.566,1.522,-0.999,-50.428,1.034,50.449,1.438,444130.8,444.13,39777.64,14177.64,1.139,0.844,-1.673,0.251,2.068,-0.674,2.098,PID
31,1.5500,-1.495,1519.047,1.573,-1.008,-50.351,1.006,50.371,1.424,441468.8,441.47,39770.38,14170.38,1.132,0.919,-1.385,0.162,1.983,-0.622,2.170,PID
32,1.6000,-1.545,1516.531,1.623,-1.017,-50.277,0.978,50.296,1.411,438894.5,438.89,39763.17,14163.17,1.126,0.979,-1.113,0.081,1.886,-0.566,2.241,PID
33,1.6500,-1.596,1514.019,1.671,-1.024,-50.205,0.951,50.225,1.398,436415.7,436.42,39756.00,14156.00,1.120,1.026,-0.858,0.009,1.783,-0.509,2.311,PID
34,1.7000,-1.648,1511.511,1.718,-1.032,-50.137,0.925,50.156,1.386,434027.3,434.03,39748.86,14148.86,1.114,1.061,-0.620,-0.055,1.680,-0.457,2.380,PID
35,1.7500,-1.700,1509.005,1.763,-1.039,-50.072,0.900,50.091,1.374,431737.9,431.74,39741.77,14141.77,1.108,1.084,-0.401,-0.111,1.566,-0.400,2.449,PID
36,1.8000,-1.752,1506.503,1.808,-1.045,-50.009,0.875,50.028,1.363,429515.1,429.52,39734.71,14134.71,1.103,1.096,-0.198,-0.159,1.453,-0.346,2.517,PID
37,1.8500,-1.804,1504.004,1.851,-1.050,-49.949,0.852,49.967,1.352,427368.1,427.37,39727.69,14127.69,1.097,1.098,-0.014,-0.200,1.344,-0.301,2.585,PID
38,1.9000,-1.857,1501.508,1.893,-1.055,-49.892,0.830,49.910,1.342,425306.1,425.31,39720.70,14120.70,1.092,1.092,0.154,-0.234,1.226,-0.248,2.652,PID
39,1.9500,-1.910,1499.015,1.934,-1.060,-49.837,0.809,49.854,1.333,423324.8,423.32,39713.75,14113.75,1.087,1.078,0.304,-0.261,1.118,-0.206,2.718,PID
40,2.0000,-1.963,1496.525,1.974,-1.063,-49.784,0.789,49.801,1.324,421406.5,421.41,39706.82,14106.83,1.083,1.056,0.438,-0.282,1.004,-0.161,2.784,PID
41,2.0500,-2.016,1494.037,2.013,-1.067,-49.733,0.771,49.751,1.316,419561.0,419.56,39699.93,14099.93,1.078,1.028,0.556,-0.297,0.894,-0.120,2.849,PID
42,2.1000,-2.069,1491.551,2.051,-1.069,-49.685,0.754,49.702,1.308,417785.0,417.79,39693.07,14093.07,1.074,0.995,0.658,-0.308,0.789,-0.082,2.914,PID
43,2.1500,-2.123,1489.068,2.088,-1.072,-49.638,0.738,49.656,1.301,416074.8,416.07,39686.24,14086.24,1.070,0.958,0.746,-0.313,0.688,-0.049,2.978,PID
44,2.2000,-2.176,1486.587,2.125,-1.073,-49.594,0.724,49.611,1.295,414413.2,414.41,39679.43,14079.43,1.065,0.916,0.820,-0.314,0.588,-0.017,3.042,PID
45,2.2500,-2.230,1484.109,2.161,-1.075,-49.552,0.711,49.569,1.289,412838.6,412.84,39672.65,14072.65,1.062,0.871,0.880,-0.311,0.490,0.015,3.105,PID
46,2.3000,-2.284,1481.632,2.196,-1.076,-49.511,0.699,49.528,1.283,411292.0,411.29,39665.90,14065.90,1.058,0.824,0.928,-0.305,0.399,0.041,3.168,PID
47,2.3500,-2.338,1479.157,2.231,-1.076,-49.473,0.689,49.489,1.278,409826.3,409.83,39659.17,14059.17,1.054,0.775,0.964,-0.296,0.316,0.062,3.231,PID
48,2.4000,-2.392,1476.685,2.265,-1.077,-49.436,0.679,49.452,1.273,408410.5,408.41,39652.46,14052.46,1.051,0.724,0.990,-0.284,0.236,0.081,3.294,PID
49,2.4500,-2.445,1474.214,2.299,-1.077,-49.400,0.671,49.417,1.269,407042.1,407.04,39645.78,14045.78,1.047,0.673,1.005,-0.270,0.160,0.099,3.356,PID
50,2.5000,-2.499,1471.745,2.332,-1.076,-49.366,0.664,49.383,1.265,405718.2,405.72,39639.12,14039.12,1.044,0.621,1.011,-0.254,0.088,0.116,3.418,PID
51,2.5500,-2.553,1469.277,2.365,-1.076,-49.334,0.658,49.350,1.261,404450.4,404.45,39632.48,14032.48,1.041,0.569,1.009,-0.237,0.020,0.131,3.480,PID
52,2.6000,-2.607,1466.811,2.398,-1.075,-49.304,0.653,49.320,1.258,403221.9,403.22,39625.86,14025.86,1.038,0.518,0.999,-0.219,-0.028,0.130,3.542,PID
53,2.6500,-2.661,1464.347,2.430,-1.074,-49.274,0.649,49.290,1.255,402044.2,402.04,39619.26,14019.26,1.035,0.467,0.982,-0.199,-0.095,0.150,3.604,PID
54,2.7000,-2.714,1461.884,2.463,-1.073,-49.246,0.646,49.262,1.253,400915.3,400.92,39612.68,14012.68,1.033,0.418,0.960,-0.180,-0.131,0.142,3.665,PID
55,2.7500,-2.768,1459.422,2.495,-1.072,-49.220,0.644,49.236,1.251,399818.7,399.82,39606.11,14006.11,1.030,0.371,0.931,-0.160,-0.179,0.150,3.726,PID
56,2.8000,-2.821,1456.962,2.527,-1.071,-49.194,0.643,49.210,1.249,398766.3,398.77,39599.57,13999.57,1.027,0.324,0.898,-0.140,-0.210,0.144,3.788,PID
57,2.8500,-2.875,1454.503,2.559,-1.069,-49.170,0.642,49.186,1.247,397755.5,397.76,39593.04,13993.04,1.025,0.280,0.861,-0.120,-0.247,0.147,3.849,PID
58,2.9000,-2.928,1452.045,2.591,-1.068,-49.147,0.642,49.163,1.246,396770.9,396.77,39586.53,13986.53,1.023,0.238,0.821,-0.100,-0.278,0.147,3.910,PID
59,2.9500,-2.982,1449.588,2.623,-1.067,-49.126,0.642,49.141,1.245,395824.1,395.82,39580.03,13980.03,1.020,0.198,0.777,-0.081,-0.303,0.145,3.972,PID
60,3.0000,-3.035,1447.132,2.656,-1.065,-49.105,0.643,49.121,1.244,394913.2,394.91,39573.55,13973.55,1.018,0.161,0.732,-0.063,-0.322,0.139,4.033,PID
61,3.0500,-3.088,1444.677,2.688,-1.064,-49.086,0.645,49.101,1.244,394237.7,394.24,39567.09,13967.08,1.016,0.125,0.685,-0.045,-0.332,-5.158,4.094,PID
62,3.1000,-3.141,1442.224,2.720,-1.059,-49.068,0.647,49.083,1.241,393494.4,393.49,39560.63,13960.63,1.015,0.093,0.637,0.018,-0.370,-0.014,4.155,PID
63,3.1500,-3.194,1439.771,2.752,-1.059,-49.050,0.649,49.066,1.242,392572.7,392.57,39554.19,13954.19,1.013,0.063,0.587,0.018,-0.363,2.643,4.217,PID
64,3.2000,-3.247,1437.318,2.785,-1.059,-49.034,0.651,49.049,1.243,391654.6,391.65,39547.76,13947.76,1.010,0.034,0.538,0.018,-0.419,1.544,4.278,PID
65,3.2500,-3.300,1434.867,2.818,-1.059,-49.018,0.654,49.034,1.245,390881.5,390.88,39541.34,13941.35,1.008,0.000,0.487,0.016,-0.319,0.052,4.339,PID
66,3.3000,-3.353,1432.417,2.850,-1.058,-49.003,0.657,49.019,1.246,390160.8,390.16,39534.95,13934.94,1.007,0.000,0.444,0.021,-0.322,0.048,4.401,PID
67,3.3500,-3.406,1429.967,2.883,-1.059,-48.988,0.660,49.004,1.248,389450.5,389.45,39528.55,13928.55,1.005,0.034,0.393,0.018,-0.450,-0.084,4.463,PID
68,3.4000,-3.459,1427.518,2.916,-1.058,-48.975,0.664,48.991,1.249,388777.2,388.78,39522.18,13922.17,1.004,0.052,0.346,0.019,-0.401,-0.040,4.524,PID
69,3.4500,-3.512,1425.069,2.950,-1.058,-48.962,0.667,48.978,1.251,388111.5,388.11,39515.80,13915.81,1.002,0.069,0.301,0.019,-0.378,-0.024,4.586,PID
70,3.5000,-3.565,1422.622,2.983,-1.058,-48.951,0.671,48.967,1.253,387493.3,387.49,39509.45,13909.45,1.001,0.084,0.257,0.020,-0.313,0.031,4.648,PID
71,3.5500,-3.618,1420.174,3.017,-1.058,-48.939,0.674,48.955,1.254,386880.2,386.88,39503.10,13903.10,0.999,0.095,0.215,0.020,-0.348,-0.014,4.711,PID
72,3.6000,-3.671,1417.728,3.051,-1.058,-48.929,0.677,48.945,1.256,386284.6,386.28,39496.77,13896.77,0.998,0.105,0.175,0.020,-0.335,-0.014,4.773,PID
73,3.6500,-3.724,1415.281,3.084,-1.058,-48.919,0.681,48.935,1.258,385732.8,385.73,39490.44,13890.44,0.996,0.114,0.137,0.021,-0.286,0.021,4.835,PID
74,3.7000,-3.776,1412.836,3.119,-1.058,-48.910,0.684,48.926,1.260,385169.0,385.17,39484.12,13884.12,0.995,0.119,0.101,0.022,-0.308,-0.015,4.898,PID
75,3.7500,-3.829,1410.391,3.153,-1.057,-48.901,0.687,48.917,1.261,384646.9,384.65,39477.81,13877.81,0.994,0.124,0.067,0.023,-0.261,0.016,4.960,PID
76,3.8000,-3.882,1407.946,3.187,-1.057,-48.893,0.690,48.909,1.263,384137.7,384.14,39471.51,13871.51,0.993,0.125,0.036,0.023,-0.248,0.014,5.023,PID
77,3.8500,-3.935,1405.501,3.222,-1.057,-48.886,0.693,48.902,1.264,383640.9,383.64,39465.21,13865.22,0.992,0.127,0.007,0.024,-0.233,0.011,5.086,PID
78,3.9000,-3.988,1403.057,3.257,-1.057,-48.879,0.696,48.895,1.266,383169.3,383.17,39458.93,13858.93,0.991,0.127,-0.020,0.025,-0.218,0.009,5.149,PID
79,3.9500,-4.041,1400.613,3.292,-1.057,-48.872,0.699,48.889,1.267,382707.8,382.71,39452.65,13852.65,0.990,0.125,-0.044,0.026,-0.203,0.007,5.212,PID
80,4.0000,-4.094,1398.170,3.327,-1.057,-48.866,0.701,48.883,1.268,382269.2,382.27,39446.38,13846.38,0.989,0.122,-0.066,0.028,-0.155,0.038,5.275,PID
81,4.0500,-4.146,1395.727,3.362,-1.057,-48.861,0.704,48.877,1.269,381839.0,381.84,39440.12,13840.12,0.988,0.119,-0.086,0.029,-0.172,0.004,5.338,PID
82,4.1000,-4.199,1393.284,3.397,-1.057,-48.856,0.706,48.872,1.271,381416.1,381.42,39433.86,13833.86,0.987,0.114,-0.103,0.030,-0.156,0.002,5.401,PID
83,4.1500,-4.252,1390.841,3.432,-1.057,-48.851,0.708,48.868,1.272,381027.9,381.03,39427.61,13827.61,0.986,0.108,-0.118,0.031,-0.141,0.000,5.464,PID
84,4.2000,-4.305,1388.399,3.468,-1.056,-48.847,0.709,48.863,1.272,380645.5,380.65,39421.37,13821.37,0.985,0.103,-0.131,0.032,-0.087,0.037,5.528,PID
85,4.2501,-4.358,1385.956,3.503,-1.056,-48.843,0.711,48.860,1.273,380268.6,380.27,39415.13,13815.13,0.984,0.097,-0.142,0.033,-0.070,0.038,5.591,PID
86,4.3001,-4.411,1383.514,3.539,-1.056,-48.840,0.712,48.856,1.274,379909.9,379.91,39408.90,13808.90,0.983,0.091,-0.152,0.034,-0.096,-0.004,5.655,PID
87,4.3501,-4.463,1381.072,3.574,-1.056,-48.836,0.713,48.853,1.275,379555.2,379.56,39402.68,13802.68,0.983,0.084,-0.159,0.034,-0.082,-0.005,5.718,PID
88,4.4001,-4.516,1378.631,3.610,-1.056,-48.834,0.714,48.850,1.275,379230.9,379.23,39396.46,13796.46,0.982,0.077,-0.164,0.035,-0.068,-0.007,5.782,PID
89,4.4501,-4.569,1376.190,3.646,-1.056,-48.831,0.715,48.848,1.276,378895.5,378.90,39390.24,13790.24,0.981,0.069,-0.168,0.036,0.001,0.048,5.845,PID
90,4.5001,-4.622,1373.748,3.682,-1.057,-48.829,0.716,48.846,1.276,378589.7,378.59,39384.03,13784.03,0.981,0.063,-0.171,0.036,-0.043,-0.009,5.909,PID
91,4.5501,-4.675,1371.307,3.717,-1.057,-48.828,0.716,48.844,1.276,378285.3,378.29,39377.83,13777.83,0.980,0.056,-0.172,0.036,-0.031,-0.010,5.973,PID
92,4.6001,-4.728,1368.865,3.753,-1.057,-48.826,0.716,48.843,1.277,377981.3,377.98,39371.63,13771.63,0.979,0.052,-0.173,0.035,-0.020,-0.011,6.036,PID
93,4.6501,-4.780,1366.424,3.789,-1.057,-48.825,0.717,48.842,1.277,377705.2,377.71,39365.44,13765.44,0.979,0.048,-0.172,0.035,-0.010,-0.012,6.100,PID
94,4.7001,-4.833,1363.983,3.825,-1.057,-48.824,0.717,48.841,1.277,377428.6,377.43,39359.25,13759.25,0.978,0.044,-0.170,0.034,-0.001,-0.013,6.164,PID
95,4.7501,-4.886,1361.541,3.861,-1.058,-48.824,0.716,48.840,1.277,377165.3,377.17,39353.06,13753.06,0.978,0.040,-0.167,0.033,0.102,0.080,6.227,PID
96,4.8001,-4.939,1359.100,3.896,-1.058,-48.823,0.716,48.840,1.278,376900.4,376.90,39346.88,13746.88,0.977,0.044,-0.165,0.030,-0.078,-0.109,6.291,PID
97,4.8501,-4.992,1356.658,3.932,-1.058,-48.823,0.714,48.840,1.277,376648.3,376.65,39340.70,13740.71,0.977,0.044,-0.140,0.028,0.025,-0.016,6.355,PID
98,4.9001,-5.045,1354.217,3.968,-1.059,-48.823,0.714,48.840,1.277,376406.8,376.41,39334.53,13734.53,0.976,0.044,-0.136,0.026,0.031,-0.016,6.418,PID
99,4.9501,-5.098,1351.776,4.004,-1.059,-48.824,0.713,48.840,1.277,376176.6,376.18,39328.36,13728.36,0.976,0.048,-0.130,0.023,0.036,-0.016,6.482,PID
100,5.0001,-5.151,1349.334,4.039,-1.060,-48.824,0.713,48.841,1.277,375957.3,375.96,39322.20,13722.20,0.975,0.052,-0.123,0.020,0.040,-0.017,6.546,PID
101,5.0501,-5.204,1346.893,4.075,-1.060,-48.825,0.712,48.842,1.277,375734.2,375.73,39316.04,13716.04,0.975,0.056,-0.116,0.017,0.044,-0.017,6.609,PID
102,5.1001,-5.257,1344.451,4.110,-1.061,-48.826,0.711,48.843,1.277,375520.9,375.52,39309.88,13709.88,0.975,0.059,-0.109,0.014,0.047,-0.017,6.673,PID
103,5.1501,-5.310,1342.010,4.146,-1.061,-48.827,0.710,48.844,1.277,375317.1,375.32,39303.73,13703.73,0.974,0.066,-0.102,0.011,0.050,-0.016,6.737,PID
104,5.2001,-5.363,1339.568,4.181,-1.062,-48.828,0.709,48.845,1.276,375108.9,375.11,39297.57,13697.57,0.974,0.069,-0.093,0.008,0.052,-0.016,6.800,PID
105,5.2501,-5.416,1337.127,4.217,-1.062,-48.830,0.708,48.847,1.276,374923.3,374.92,39291.43,13691.42,0.973,0.071,-0.086,0.005,0.053,-0.016,6.864,PID
106,5.3001,-5.469,1334.686,4.252,-1.063,-48.832,0.707,48.848,1.276,374732.4,374.73,39285.28,13685.28,0.973,0.074,-0.078,0.003,0.054,-0.015,6.928,PID
107,5.3501,-5.522,1332.244,4.288,-1.063,-48.833,0.706,48.850,1.276,374549.5,374.55,39279.14,13679.14,0.973,0.077,-0.070,0.000,0.055,-0.014,6.991,PID
108,5.4001,-5.575,1329.803,4.323,-1.063,-48.835,0.704,48.852,1.276,374374.5,374.37,39273.00,13673.00,0.972,0.079,-0.063,-0.002,0.055,-0.013,7.055,PID
109,5.4501,-5.629,1327.361,4.358,-1.064,-48.838,0.703,48.854,1.275,374207.2,374.21,39266.87,13666.87,0.972,0.082,-0.055,-0.004,0.055,-0.013,7.118,PID
110,5.5001,-5.682,1324.920,4.393,-1.064,-48.840,0.702,48.856,1.275,374033.3,374.03,39260.73,13660.73,0.972,0.084,-0.048,-0.006,0.054,-0.012,7.182,PID
111,5.5501,-5.735,1322.478,4.428,-1.065,-48.842,0.701,48.859,1.275,373866.3,373.87,39254.60,13654.60,0.972,0.086,-0.041,-0.007,0.053,-0.011,7.246,PID
112,5.6001,-5.788,1320.035,4.463,-1.065,-48.845,0.700,48.861,1.274,373719.9,373.72,39248.47,13648.47,0.971,0.086,-0.034,-0.009,0.052,-0.010,7.309,PID
113,5.6501,-5.841,1317.592,4.498,-1.065,-48.847,0.698,48.864,1.274,373566.0,373.57,39242.35,13642.35,0.971,0.088,-0.027,-0.010,0.096,-0.054,7.373,PID
114,5.7001,-5.895,1315.150,4.533,-1.066,-48.850,0.697,48.867,1.274,373404.5,373.40,39236.23,13636.23,0.971,0.088,-0.021,-0.011,0.049,-0.008,7.436,PID
115,5.7501,-5.948,1312.707,4.568,-1.066,-48.853,0.696,48.869,1.273,373262.6,373.26,39230.10,13630.10,0.971,0.088,-0.016,-0.012,0.047,-0.007,7.500,PID
116,5.8001,-6.001,1310.265,4.603,-1.066,-48.856,0.695,48.872,1.273,373126.5,373.13,39223.98,13623.98,0.970,0.088,-0.010,-0.013,0.045,-0.006,7.563,PID
117,5.8501,-6.055,1307.822,4.637,-1.067,-48.859,0.694,48.875,1.272,372982.2,372.98,39217.87,13617.87,0.970,0.088,-0.005,-0.013,0.042,-0.005,7.627,PID
118,5.9001,-6.108,1305.379,4.672,-1.067,-48.862,0.692,48.878,1.272,372842.9,372.84,39211.76,13611.76,0.970,0.088,0.000,-0.014,0.040,-0.004,7.690,PID
119,5.9501,-6.161,1302.937,4.707,-1.067,-48.865,0.691,48.882,1.272,372722.6,372.72,39205.64,13605.64,0.970,0.088,0.004,-0.014,0.037,-0.003,7.753,PID
120,6.0001,-6.215,1300.493,4.741,-1.068,-48.868,0.690,48.885,1.271,372593.3,372.59,39199.53,13599.53,0.970,0.088,0.008,-0.014,0.035,-0.002,7.817,PID
121,6.0501,-6.268,1298.049,4.776,-1.068,-48.872,0.689,48.888,1.271,372468.7,372.47,39193.43,13593.43,0.969,0.086,0.012,-0.014,0.032,-0.002,7.880,PID
122,6.1001,-6.322,1295.605,4.810,-1.068,-48.875,0.688,48.892,1.271,372348.5,372.35,39187.32,13587.33,0.969,0.086,0.015,-0.014,0.030,-0.001,7.943,PID
123,6.1501,-6.375,1293.161,4.844,-1.068,-48.879,0.687,48.895,1.270,372232.7,372.23,39181.22,13581.22,0.969,0.084,0.018,-0.013,0.027,0.000,8.007,PID
124,6.2001,-6.428,1290.717,4.879,-1.068,-48.882,0.686,48.899,1.270,372107.2,372.11,39175.12,13575.12,0.969,0.084,0.020,-0.013,0.024,0.000,8.070,PID
125,6.2501,-6.482,1288.273,4.913,-1.069,-48.886,0.685,48.902,1.269,371999.6,372.00,39169.02,13569.02,0.969,0.082,0.022,-0.012,0.022,0.001,8.133,PID
126,6.3001,-6.535,1285.829,4.947,-1.069,-48.890,0.684,48.906,1.269,371895.9,371.90,39162.92,13562.92,0.969,0.082,0.024,-0.012,0.019,0.002,8.197,PID
127,6.3501,-6.589,1283.384,4.981,-1.069,-48.893,0.683,48.910,1.269,371782.0,371.78,39156.83,13556.83,0.969,0.079,0.026,-0.011,0.017,0.002,8.260,PID
128,6.4001,-6.642,1280.939,5.016,-1.069,-48.897,0.683,48.914,1.269,371685.7,371.69,39150.73,13550.73,0.968,0.079,0.027,-0.011,0.015,0.002,8.323,PID
129,6.4501,-6.696,1278.494,5.050,-1.069,-48.901,0.682,48.918,1.268,371578.9,371.58,39144.64,13544.64,0.968,0.077,0.028,-0.010,0.012,0.003,8.386,PID
130,6.5001,-6.749,1276.049,5.084,-1.069,-48.905,0.681,48.921,1.268,371475.3,371.48,39138.55,13538.55,0.968,0.074,0.029,-0.009,0.010,0.003,8.450,PID
131,6.5501,-6.803,1273.604,5.118,-1.070,-48.909,0.680,48.925,1.268,371374.9,371.37,39132.46,13532.46,0.968,0.074,0.029,-0.008,0.008,0.003,8.513,PID
132,6.6001,-6.856,1271.159,5.152,-1.070,-48.913,0.680,48.929,1.267,371291.7,371.29,39126.37,13526.37,0.968,0.071,0.029,-0.007,0.006,0.003,8.576,PID
133,6.6501,-6.910,1268.713,5.186,-1.070,-48.917,0.679,48.934,1.267,371197.3,371.20,39120.29,13520.29,0.968,0.071,0.029,-0.007,0.004,0.004,8.639,PID
134,6.7001,-6.963,1266.267,5.220,-1.070,-48.921,0.678,48.938,1.267,371105.8,371.11,39114.20,13514.20,0.968,0.069,0.029,-0.005,0.002,0.004,8.702,PID
135,6.7501,-7.017,1263.820,5.254,-1.070,-48.925,0.678,48.942,1.267,371003.1,371.00,39108.12,13508.12,0.968,0.069,0.029,-0.005,0.001,0.004,8.765,PID
136,6.8001,-7.070,1261.374,5.287,-1.070,-48.929,0.677,48.946,1.266,370930.7,370.93,39102.04,13502.04,0.968,0.066,0.028,-0.004,-0.001,0.004,8.829,PID
137,6.8501,-7.124,1258.928,5.321,-1.070,-48.934,0.676,48.950,1.266,370833.1,370.83,39095.95,13495.95,0.968,0.066,0.027,-0.003,-0.002,0.004,8.892,PID
138,6.9001,-7.177,1256.481,5.355,-1.070,-48.938,0.676,48.954,1.266,370751.6,370.75,39089.88,13489.88,0.968,0.066,0.027,-0.003,-0.003,0.003,8.955,PID
139,6.9501,-7.231,1254.034,5.389,-1.071,-48.942,0.675,48.959,1.266,370658.5,370.66,39083.80,13483.80,0.967,0.063,0.025,-0.002,-0.004,0.003,9.018,PID
140,7.0001,-7.284,1251.586,5.423,-1.071,-48.946,0.675,48.963,1.266,370581.6,370.58,39077.73,13477.73,0.967,0.063,0.025,-0.001,-0.005,0.003,9.081,PID
141,7.0501,-7.338,1249.139,5.456,-1.071,-48.951,0.674,48.967,1.265,370507.0,370.51,39071.65,13471.65,0.967,0.063,0.024,-0.001,-0.006,0.003,9.144,PID
142,7.1001,-7.391,1246.691,5.490,-1.071,-48.955,0.674,48.971,1.265,370434.1,370.43,39065.58,13465.58,0.967,0.059,0.022,0.000,-0.007,0.003,9.207,PID
143,7.1501,-7.445,1244.244,5.524,-1.071,-48.959,0.673,48.976,1.265,370349.4,370.35,39059.50,13459.50,0.967,0.059,0.021,0.000,-0.008,0.003,9.270,PID
144,7.2001,-7.498,1241.796,5.557,-1.071,-48.964,0.673,48.980,1.265,370280.3,370.28,39053.43,13453.43,0.967,0.059,0.020,0.001,-0.008,0.002,9.333,PID
145,7.2501,-7.552,1239.347,5.591,-1.071,-48.968,0.672,48.984,1.265,370199.3,370.20,39047.36,13447.36,0.967,0.059,0.019,0.001,-0.009,0.002,9.396,PID
146,7.3001,-7.605,1236.899,5.625,-1.071,-48.972,0.672,48.989,1.265,370120.1,370.12,39041.29,13441.29,0.967,0.056,0.017,0.002,-0.009,0.002,9.459,PID
147,7.3501,-7.659,1234.450,5.658,-1.072,-48.977,0.671,48.993,1.264,370056.2,370.06,39035.23,13435.23,0.967,0.056,0.016,0.002,-0.009,0.002,9.522,PID
148,7.4001,-7.713,1232.001,5.692,-1.072,-48.981,0.671,48.998,1.264,369980.3,369.98,39029.16,13429.17,0.967,0.056,0.014,0.002,-0.009,0.001,9.585,PID
149,7.4501,-7.766,1229.552,5.725,-1.072,-48.986,0.670,49.002,1.264,369905.8,369.91,39023.10,13423.10,0.967,0.056,0.013,0.002,-0.009,0.001,9.648,PID
150,7.5001,-7.820,1227.103,5.759,-1.072,-48.990,0.670,49.006,1.264,369832.4,369.83,39017.04,13417.04,0.967,0.056,0.012,0.002,-0.009,0.001,9.711,PID
151,7.5501,-7.873,1224.653,5.792,-1.072,-48.995,0.670,49.011,1.264,369760.8,369.76,39010.97,13410.97,0.967,0.056,0.011,0.003,-0.009,0.001,9.774,PID
152,7.6001,-7.927,1222.203,5.826,-1.072,-48.999,0.669,49.015,1.264,369704.1,369.70,39004.91,13404.91,0.967,0.056,0.010,0.003,-0.009,0.000,9.837,PID
153,7.6501,-7.981,1219.753,5.859,-1.073,-49.004,0.669,49.020,1.264,369635.5,369.64,38998.84,13398.84,0.967,0.056,0.008,0.003,-0.009,0.000,9.900,PID
154,7.7001,-8.034,1217.303,5.893,-1.073,-49.008,0.668,49.024,1.264,369567.9,369.57,38992.79,13392.79,0.967,0.052,0.007,0.003,-0.009,0.000,9.964,PID
155,7.7501,-8.088,1214.853,5.926,-1.073,-49.012,0.668,49.029,1.264,369501.3,369.50,38986.73,13386.73,0.967,0.052,0.005,0.003,-0.009,0.000,10.027,PID
156,7.8001,-8.142,1212.401,5.959,-1.073,-49.017,0.667,49.033,1.264,369435.8,369.44,38980.68,13380.68,0.967,0.052,0.004,0.003,-0.008,0.000,10.090,PID
157,7.8501,-8.195,1209.950,5.993,-1.073,-49.021,0.667,49.038,1.264,369371.2,369.37,38974.62,13374.62,0.967,0.052,0.003,0.003,-0.008,-0.001,10.153,PID
158,7.9001,-8.249,1207.499,6.026,-1.073,-49.026,0.667,49.042,1.263,369307.5,369.31,38968.57,13368.57,0.967,0.052,0.002,0.003,-0.008,-0.001,10.216,PID
159,7.9501,-8.303,1205.048,6.059,-1.074,-49.030,0.666,49.047,1.263,369244.9,369.24,38962.51,13362.51,0.967,0.052,0.002,0.003,-0.007,-0.001,10.279,PID
160,8.0001,-8.356,1202.597,6.093,-1.074,-49.035,0.666,49.051,1.263,369183.3,369.18,38956.46,13356.46,0.967,0.052,0.001,0.003,-0.007,-0.001,10.342,PID
161,8.0501,-8.410,1200.145,6.126,-1.074,-49.039,0.665,49.055,1.263,369122.7,369.12,38950.40,13350.40,0.967,0.052,0.000,0.003,-0.006,-0.001,10.404,PID
162,8.1001,-8.464,1197.692,6.159,-1.074,-49.044,0.665,49.060,1.263,369062.9,369.06,38944.35,13344.35,0.967,0.056,0.000,0.004,0.005,0.002,10.467,PID
163,8.1501,-8.517,1195.240,6.192,-1.074,-49.048,0.664,49.064,1.263,369004.2,369.00,38938.30,13338.30,0.967,0.056,0.000,0.004,0.005,0.002,10.530,PID
164,8.2001,-8.571,1192.787,6.226,-1.074,-49.053,0.664,49.069,1.263,368946.6,368.95,38932.25,13332.25,0.967,0.056,0.001,0.004,0.005,0.001,10.593,PID
165,8.2501,-8.625,1190.335,6.259,-1.075,-49.057,0.663,49.073,1.263,368875.9,368.88,38926.21,13326.21,0.967,0.056,0.001,0.004,0.004,0.001,10.656,PID
166,8.3001,-8.678,1187.882,6.292,-1.075,-49.062,0.663,49.078,1.263,368819.3,368.82,38920.16,13320.16,0.967,0.056,0.002,0.004,0.004,0.001,10.719,PID
167,8.3501,-8.732,1185.429,6.325,-1.075,-49.066,0.662,49.082,1.262,368763.6,368.76,38914.12,13314.12,0.967,0.056,0.002,0.004,0.004,0.000,10.782,PID
168,8.4001,-8.786,1182.975,6.358,-1.075,-49.070,0.662,49.087,1.262,368708.0,368.71,38908.07,13308.07,0.967,0.056,0.003,0.004,0.004,0.000,10.845,PID
169,8.4501,-8.840,1180.521,6.391,-1.075,-49.075,0.661,49.091,1.262,368653.4,368.65,38902.03,13302.03,0.967,0.056,0.003,0.004,0.004,-0.001,10.908,PID
170,8.5001,-8.893,1178.068,6.424,-1.075,-49.079,0.661,49.095,1.262,368599.8,368.60,38895.98,13295.98,0.967,0.056,0.004,0.004,0.004,-0.001,10.971,PID
171,8.5501,-8.947,1175.614,6.457,-1.076,-49.084,0.660,49.100,1.262,368532.7,368.53,38889.94,13289.94,0.967,0.056,0.004,0.004,0.004,-0.002,11.034,PID
172,8.6001,-9.001,1173.160,6.490,-1.076,-49.088,0.660,49.104,1.262,368480.1,368.48,38883.89,13283.89,0.967,0.056,0.004,0.003,0.003,-0.002,11.097,PID
173,8.6502,-9.055,1170.705,6.523,-1.076,-49.092,0.659,49.109,1.262,368427.5,368.43,38877.85,13277.85,0.967,0.056,0.005,0.003,0.003,-0.003,11.160,PID
174,8.7002,-9.109,1168.250,6.556,-1.076,-49.097,0.659,49.113,1.262,368375.9,368.38,38871.81,13271.81,0.967,0.056,0.005,0.003,0.003,-0.004,11.223,PID
175,8.7502,-9.162,1165.795,6.589,-1.077,-49.101,0.658,49.117,1.262,368324.9,368.33,38865.78,13265.78,0.967,0.056,0.005,0.002,0.003,-0.004,11.286,PID
176,8.8002,-9.216,1163.340,6.622,-1.077,-49.106,0.658,49.122,1.262,368260.4,368.26,38859.74,13259.74,0.967,0.056,0.006,0.002,0.003,-0.005,11.349,PID
177,8.8502,-9.270,1160.885,6.655,-1.077,-49.110,0.657,49.126,1.262,368209.9,368.21,38853.71,13253.71,0.967,0.056,0.006,0.001,0.003,-0.006,11.412,PID
178,8.9002,-9.324,1158.429,6.688,-1.077,-49.114,0.657,49.130,1.262,368160.3,368.16,38847.67,13247.67,0.967,0.056,0.006,0.000,0.003,-0.007,11.474,PID
179,8.9502,-9.378,1155.973,6.721,-1.078,-49.119,0.656,49.135,1.262,368097.0,368.10,38841.64,13241.64,0.967,0.052,0.007,-0.002,0.004,-0.010,11.537,PID
180,9.0002,-9.432,1153.517,6.753,-1.078,-49.123,0.656,49.139,1.262,368047.6,368.05,38835.60,13235.60,0.967,0.052,0.008,-0.003,0.004,-0.011,11.600,PID
181,9.0502,-9.486,1151.061,6.786,-1.078,-49.127,0.655,49.143,1.262,367999.0,368.00,38829.57,13229.57,0.967,0.052,0.008,-0.004,0.004,-0.013,11.663,PID
182,9.1002,-9.540,1148.605,6.819,-1.079,-49.131,0.655,49.148,1.262,367936.8,367.94,38823.53,13223.53,0.967,0.052,0.008,-0.006,0.004,-0.015,11.726,PID
183,9.1502,-9.594,1146.148,6.852,-1.079,-49.136,0.654,49.152,1.262,367888.6,367.89,38817.50,13217.50,0.967,0.052,0.009,-0.008,0.004,-0.017,11.789,PID
184,9.2002,-9.647,1143.691,6.884,-1.079,-49.140,0.654,49.156,1.262,367840.9,367.84,38811.46,13211.46,0.967,0.052,0.009,-0.010,0.004,-0.019,11.852,PID
185,9.2502,-9.701,1141.234,6.917,-1.080,-49.144,0.653,49.160,1.262,367779.8,367.78,38805.43,13205.43,0.967,0.052,0.010,-0.012,0.005,-0.022,11.915,PID
186,9.3002,-9.755,1138.776,6.950,-1.080,-49.149,0.653,49.165,1.262,367732.4,367.73,38799.41,13199.41,0.967,0.048,0.011,-0.015,0.006,-0.026,11.978,PID
187,9.3502,-9.809,1136.319,6.982,-1.080,-49.153,0.652,49.169,1.262,367685.8,367.69,38793.38,13193.38,0.967,0.048,0.012,-0.019,0.006,-0.029,12.041,PID
188,9.4002,-9.863,1133.862,7.015,-1.081,-49.157,0.652,49.173,1.262,367625.3,367.63,38787.36,13187.36,0.967,0.048,0.012,-0.022,0.007,-0.033,12.104,PID
189,9.4502,-9.918,1131.403,7.047,-1.081,-49.161,0.651,49.177,1.262,367578.7,367.58,38781.33,13181.33,0.967,0.048,0.013,-0.026,0.007,-0.037,12.166,PID
190,9.5002,-9.972,1128.945,7.080,-1.082,-49.165,0.651,49.182,1.262,367532.8,367.53,38775.31,13175.31,0.967,0.044,0.015,-0.031,0.009,-0.044,12.229,PID
191,9.5502,-10.026,1126.486,7.112,-1.082,-49.170,0.650,49.186,1.263,367472.9,367.47,38769.28,13169.28,0.967,0.044,0.016,-0.036,0.010,-0.049,12.292,PID
192,9.6002,-10.080,1124.028,7.145,-1.083,-49.174,0.649,49.190,1.263,367427.1,367.43,38763.26,13163.26,0.967,0.040,0.018,-0.043,0.012,-0.057,12.355,PID
193,9.6502,-10.134,1121.569,7.177,-1.084,-49.178,0.649,49.194,1.263,367381.7,367.38,38757.23,13157.23,0.967,0.040,0.019,-0.050,0.013,-0.064,12.418,PID
194,9.7002,-10.188,1119.111,7.210,-1.084,-49.182,0.648,49.198,1.263,367322.3,367.32,38751.21,13151.21,0.967,0.034,0.022,-0.059,0.016,-0.073,12.481,PID
195,9.7502,-10.242,1116.651,7.242,-1.085,-49.186,0.648,49.202,1.264,367263.4,367.26,38745.18,13145.18,0.967,0.034,0.024,-0.067,0.018,-0.082,12.544,PID
196,9.8002,-10.297,1114.192,7.275,-1.086,-49.190,0.647,49.206,1.264,367218.4,367.22,38739.16,13139.16,0.967,0.028,0.027,-0.078,0.022,-0.094,12.607,PID
197,9.8502,-10.351,1111.732,7.307,-1.087,-49.194,0.647,49.210,1.265,367173.4,367.17,38733.14,13133.14,0.967,0.028,0.030,-0.089,0.024,-0.106,12.670,PID
198,9.9002,-10.405,1109.272,7.339,-1.088,-49.198,0.646,49.215,1.265,367115.2,367.12,38727.13,13127.13,0.967,0.020,0.035,-0.103,0.029,-0.121,12.733,PID
199,9.9502,-10.460,1106.812,7.371,-1.089,-49.202,0.645,49.219,1.266,367070.3,367.07,38721.11,13121.11,0.967,0.020,0.038,-0.117,0.033,-0.136,12.796,PID
200,10.0002,-10.514,1104.353,7.404,-1.090,-49.206,0.645,49.223,1.267,367053.9,367.05,38715.09,13115.10,0.967,0.020,0.042,-0.142,0.036,-0.164,12.859,PID
201,10.0502,-10.569,1101.892,7.436,-1.092,-49.210,0.644,49.227,1.268,366968.1,366.97,38709.08,13109.08,0.967,0.020,0.046,-0.161,0.041,-0.183,12.923,PID
202,10.1002,-10.623,1099.431,7.468,-1.093,-49.214,0.643,49.231,1.268,366924.0,366.92,38703.06,13103.06,0.967,0.020,0.050,-0.182,0.045,-0.206,12.986,PID
203,10.1502,-10.678,1096.970,7.500,-1.095,-49.218,0.643,49.235,1.270,366879.9,366.88,38697.05,13097.05,0.967,0.028,0.054,-0.207,0.048,-0.233,13.049,PID
204,10.2002,-10.733,1094.509,7.532,-1.097,-49.222,0.643,49.239,1.271,366821.8,366.82,38691.03,13091.03,0.967,0.040,0.056,-0.237,-0.055,-0.370,13.112,PID
205,10.2502,-10.788,1092.048,7.565,-1.098,-49.226,0.642,49.243,1.272,366778.0,366.78,38685.02,13085.02,0.967,0.052,0.060,-0.269,0.053,-0.299,13.176,PID
206,10.3002,-10.843,1089.587,7.597,-1.101,-49.230,0.642,49.247,1.274,366720.2,366.72,38679.00,13079.00,0.967,0.066,0.062,-0.307,0.055,-0.339,13.239,PID
207,10.3502,-10.898,1087.125,7.629,-1.103,-49.234,0.639,49.251,1.275,366651.0,366.65,38672.99,13072.99,0.967,0.082,0.103,-0.350,0.104,-0.385,13.303,PID
208,10.4002,-10.953,1084.663,7.661,-1.106,-49.238,0.637,49.255,1.276,366621.2,366.62,38666.98,13066.98,0.967,0.101,0.120,-0.399,0.162,-0.477,13.366,PID
209,10.4502,-11.008,1082.201,7.692,-1.109,-49.242,0.636,49.259,1.278,366577.5,366.58,38660.97,13060.97,0.967,0.124,0.139,-0.455,0.175,-0.529,13.430,PID
210,10.5002,-11.064,1079.739,7.724,-1.113,-49.246,0.634,49.263,1.281,366520.7,366.52,38654.96,13054.96,0.967,0.149,0.162,-0.518,0.221,-0.618,13.494,PID
211,10.5502,-11.120,1077.276,7.756,-1.117,-49.250,0.632,49.266,1.283,366477.4,366.48,38648.96,13048.96,0.967,0.178,0.188,-0.590,0.263,-0.708,13.557,PID
212,10.6002,-11.176,1074.814,7.787,-1.121,-49.254,0.630,49.270,1.286,366434.5,366.43,38642.95,13042.95,0.967,0.211,0.218,-0.671,0.305,-0.803,13.621,PID
213,10.6502,-11.232,1072.352,7.819,-1.126,-49.257,0.627,49.274,1.289,366391.9,366.39,38636.95,13036.95,0.967,0.249,0.254,-0.764,0.347,-0.906,13.685,PID
214,10.7002,-11.288,1069.888,7.850,-1.132,-49.261,0.625,49.278,1.293,366335.7,366.34,38630.94,13030.94,0.967,0.291,0.295,-0.869,0.407,-1.033,13.750,PID
215,10.7502,-11.345,1067.425,7.881,-1.139,-49.265,0.622,49.282,1.297,366293.4,366.29,38624.93,13024.93,0.967,0.341,0.342,-0.988,0.468,-1.170,13.814,PID
216,10.8002,-11.402,1064.961,7.912,-1.146,-49.269,0.618,49.286,1.302,366251.9,366.25,38618.93,13018.93,0.967,0.397,0.397,-1.124,0.533,-1.320,13.879,PID
217,10.8502,-11.460,1062.498,7.943,-1.154,-49.273,0.614,49.290,1.307,366211.3,366.21,38612.92,13012.92,0.967,0.461,0.461,-1.278,0.630,-1.511,13.943,PID
218,10.9002,-11.518,1060.035,7.974,-1.163,-49.277,0.609,49.294,1.313,366171.5,366.17,38606.92,13006.92,0.967,0.533,0.535,-1.452,0.729,-1.716,14.008,PID
219,10.9502,-11.576,1057.571,8.004,-1.174,-49.280,0.604,49.298,1.320,366132.6,366.13,38600.91,13000.91,0.968,0.616,0.621,-1.651,0.839,-1.945,14.074,PID
220,11.0002,-11.635,1055.106,8.034,-1.186,-49.284,0.598,49.302,1.328,366094.5,366.09,38594.91,12994.91,0.968,0.711,0.720,-1.877,0.968,-2.208,14.139,PID
221,11.0502,-11.695,1052.642,8.064,-1.199,-49.288,0.591,49.306,1.337,366071.5,366.07,38588.90,12988.90,0.968,0.819,0.835,-2.133,1.120,-2.509,14.205,PID
222,11.1002,-11.755,1050.177,8.093,-1.215,-49.292,0.583,49.310,1.347,366036.8,366.04,38582.90,12982.90,0.968,0.942,0.967,-2.425,1.293,-2.849,14.272,PID
223,11.1502,-11.816,1047.713,8.122,-1.232,-49.296,0.574,49.314,1.359,366032.3,366.03,38576.90,12976.90,0.968,1.082,1.120,-2.756,1.499,-3.243,14.338,PID
224,11.2002,-11.878,1045.248,8.150,-1.252,-49.300,0.564,49.319,1.373,366017.4,366.02,38570.90,12970.90,0.968,1.242,1.297,-3.132,1.729,-3.684,14.406,PID
225,11.2502,-11.941,1042.783,8.178,-1.274,-49.304,0.552,49.323,1.388,366020.5,366.02,38564.91,12964.91,0.968,1.424,1.501,-3.559,1.994,-4.184,14.474,PID
226,11.3002,-12.006,1040.318,8.206,-1.299,-49.308,0.538,49.328,1.406,366043.1,366.04,38558.91,12958.91,0.968,1.631,1.736,-4.045,2.302,-4.759,14.542,PID
227,11.3502,-12.071,1037.852,8.232,-1.328,-49.312,0.523,49.333,1.427,366086.6,366.09,38552.91,12952.91,0.969,1.867,2.007,-4.597,2.655,-5.410,14.611,PID
228,11.4002,-12.139,1035.386,8.258,-1.360,-49.317,0.505,49.338,1.451,366153.2,366.15,38546.90,12946.90,0.969,2.137,2.319,-5.225,3.063,-6.154,14.681,PID
229,11.4502,-12.208,1032.920,8.283,-1.397,-49.321,0.484,49.343,1.479,366259.7,366.26,38540.89,12940.89,0.969,2.444,2.678,-5.938,3.529,-7.000,14.752,PID
230,11.5002,-12.278,1030.454,8.306,-1.439,-49.326,0.461,49.349,1.511,366409.8,366.41,38534.89,12934.89,0.970,2.793,3.091,-6.750,4.064,-7.964,14.824,PID
231,11.5502,-12.352,1027.988,8.329,-1.487,-49.332,0.434,49.356,1.549,366621.9,366.62,38528.88,12928.88,0.971,3.192,3.565,-7.672,4.681,-9.068,14.897,PID
232,11.6002,-12.427,1025.521,8.350,-1.542,-49.338,0.403,49.363,1.594,366902.3,366.90,38522.87,12922.87,0.972,3.646,4.110,-8.721,5.387,-10.329,14.972,PID
233,11.6502,-12.506,1023.054,8.369,-1.604,-49.344,0.368,49.372,1.645,367300.5,367.30,38516.85,12916.85,0.973,4.164,4.734,-9.915,6.196,-11.773,15.048,PID
234,11.7002,-12.588,1020.587,8.386,-1.674,-49.352,0.328,49.381,1.706,367826.9,367.83,38510.82,12910.82,0.974,4.754,5.448,-11.274,7.124,-13.432,15.126,PID
235,11.7502,-12.673,1018.119,8.402,-1.755,-49.361,0.283,49.393,1.778,368523.2,368.52,38504.79,12904.79,0.976,5.427,6.263,-12.822,8.183,-15.342,15.205,PID
236,11.8002,-12.763,1015.651,8.414,-1.847,-49.371,0.231,49.406,1.862,369449.4,369.45,38498.73,12898.74,0.979,6.193,7.190,-14.585,9.394,-17.548,15.288,PID
237,11.8502,-12.858,1013.182,8.425,-1.953,-49.384,0.173,49.422,1.961,370684.9,370.68,38492.67,12892.67,0.982,7.067,8.242,-16.594,10.774,-20.106,15.372,PID
238,11.9002,-12.959,1010.712,8.432,-2.067,-49.398,0.106,49.441,2.070,371333.4,371.33,38486.59,12886.58,0.984,8.061,9.436,-18.788,12.337,-20.963,15.460,PID
239,11.9502,-13.065,1008.242,8.435,-2.175,-49.411,0.031,49.459,2.175,371619.8,371.62,38480.49,12880.49,0.985,9.181,10.797,-20.983,14.091,-21.243,15.551,PID
240,12.0002,-13.176,1005.771,8.434,-2.277,-49.425,-0.054,49.477,2.277,370386.5,370.39,38474.40,12874.40,0.982,10.433,12.344,-23.176,16.057,-21.606,15.645,PID
241,12.0502,-13.293,1003.299,8.429,-2.370,-49.444,-0.149,49.501,2.375,364361.2,364.36,38468.38,12868.38,0.966,11.818,14.072,-25.343,18.243,-22.074,15.740,PID
242,12.1002,-13.413,1000.826,8.419,-2.455,-49.473,-0.253,49.534,2.468,357693.6,357.69,38462.47,12862.47,0.949,13.340,15.970,-27.475,19.964,-22.495,15.837,PID
243,12.1502,-13.538,998.352,8.404,-2.527,-49.508,-0.353,49.574,2.552,349538.6,349.54,38456.68,12856.68,0.927,15.000,17.861,-29.546,19.965,-22.498,15.934,PID
244,12.2002,-13.666,995.876,8.384,-2.587,-49.551,-0.444,49.620,2.625,340798.3,340.80,38451.02,12851.02,0.904,16.793,19.686,-31.542,19.966,-22.501,16.033,PID
245,12.2502,-13.796,993.397,8.360,-2.634,-49.602,-0.525,49.675,2.686,331488.5,331.49,38445.52,12845.52,0.880,18.716,21.442,-33.461,19.967,-22.504,16.132,PID
246,12.3002,-13.928,990.915,8.333,-2.579,-49.697,-0.515,49.766,2.630,350884.1,350.88,38440.06,12840.06,0.931,20.746,21.961,-34.015,-20.000,21.173,16.230,PID
247,12.3502,-14.050,988.426,8.312,-2.305,-49.876,-0.306,49.931,2.325,347799.3,347.80,38434.32,12834.32,0.923,22.674,19.717,-31.530,-20.000,21.173,16.325,PID
248,12.4002,-14.159,985.927,8.302,-2.026,-50.071,-0.095,50.112,2.028,343313.7,343.31,38428.66,12828.67,0.911,24.442,17.522,-29.097,-20.000,21.173,16.413,PID
249,12.4502,-14.253,983.418,8.303,-1.744,-50.280,0.119,50.310,1.748,339405.7,339.41,38423.07,12823.07,0.901,26.053,15.371,-26.711,-20.000,21.173,16.495,PID
250,12.5002,-14.333,980.899,8.314,-1.459,-50.500,0.333,50.522,1.497,336126.8,336.13,38417.54,12817.54,0.892,27.509,13.260,-24.369,-20.000,21.173,16.570,PID
251,12.5502,-14.399,978.368,8.336,-1.171,-50.731,0.548,50.748,1.293,333515.9,333.52,38412.05,12812.05,0.886,28.813,11.185,-22.067,-20.000,21.173,16.638,PID
252,12.6002,-14.450,975.825,8.369,-0.881,-50.971,0.765,50.985,1.166,331638.3,331.64,38406.60,12806.60,0.881,29.967,9.143,-19.799,-20.000,21.173,16.698,PID
253,12.6502,-14.487,973.270,8.412,-0.587,-51.219,0.982,51.232,1.144,330537.1,330.54,38401.18,12801.18,0.878,30.975,7.127,-17.561,-20.000,21.173,16.752,PID
254,12.7002,-14.509,970.703,8.467,-0.291,-51.472,1.198,51.487,1.232,329890.2,329.89,38395.77,12795.76,0.876,31.837,5.160,-15.348,-19.372,21.097,16.799,PID
255,12.7502,-14.516,968.123,8.532,0.010,-51.727,1.409,51.746,1.409,329926.7,329.93,38390.36,12790.35,0.877,32.558,3.286,-13.158,-18.547,21.002,16.838,PID
256,12.8003,-14.508,965.530,8.608,0.316,-51.983,1.617,52.009,1.647,330845.5,330.85,38384.94,12784.94,0.879,33.140,1.507,-10.984,-17.683,20.908,16.869,PID
257,12.8503,-14.484,962.925,8.694,0.626,-52.238,1.819,52.273,1.924,332693.0,332.69,38379.50,12779.50,0.884,33.587,-0.181,-8.821,-16.785,20.815,16.893,PID
258,12.9003,-14.445,960.307,8.790,0.946,-52.487,2.020,52.534,2.231,348041.6,348.04,38373.95,12773.95,0.925,33.902,-1.801,-6.633,-15.849,20.724,16.909,PID
259,12.9503,-14.389,957.676,8.896,1.281,-52.726,2.221,52.788,2.564,353251.6,353.25,38368.20,12768.19,0.939,34.082,-3.366,-4.391,-14.863,20.635,16.917,PID
260,13.0003,-14.317,955.034,9.012,1.624,-52.958,2.417,53.038,2.912,359548.2,359.55,38362.35,12762.35,0.956,34.130,-4.840,-2.133,-13.855,20.550,16.917,PID
261,13.0503,-14.227,952.380,9.137,1.976,-53.182,2.608,53.282,3.272,366941.7,366.94,38356.39,12756.39,0.976,34.045,-6.223,0.147,-12.829,20.470,16.908,PID
262,13.1003,-14.119,949.716,9.272,2.337,-53.395,2.793,53.519,3.642,375453.7,375.45,38350.30,12750.30,0.999,33.831,-7.513,2.456,-11.789,20.396,16.891,PID
263,13.1503,-13.993,947.041,9.416,2.709,-53.596,2.973,53.747,4.022,385082.9,385.08,38344.06,12744.06,1.024,33.487,-8.709,4.801,-10.741,20.328,16.866,PID
264,13.2003,-13.848,944.357,9.569,3.091,-53.784,3.147,53.964,4.411,395804.0,395.80,38337.65,12737.65,1.053,33.014,-9.807,7.188,-9.689,20.266,16.833,PID
265,13.2503,-13.684,941.663,9.731,3.483,-53.956,3.314,54.169,4.808,407572.6,407.57,38331.06,12731.06,1.085,32.411,-10.804,9.624,-8.639,20.211,16.791,PID
266,13.3003,-13.499,938.961,9.901,3.886,-54.110,3.474,54.360,5.212,420346.5,420.35,38324.27,12724.26,1.119,31.680,-11.698,12.115,-7.595,20.163,16.741,PID
267,13.3503,-13.295,936.252,10.078,4.300,-54.244,3.625,54.535,5.624,432009.4,432.01,38317.25,12717.25,1.150,30.818,-12.484,14.664,-6.564,20.121,16.683,PID
268,13.4003,-13.069,933.537,10.263,4.716,-54.364,3.768,54.699,6.036,451611.5,451.61,38310.14,12710.14,1.202,29.827,-13.187,17.230,-8.653,20.212,16.617,PID
269,13.4503,-12.823,930.816,10.455,5.149,-54.460,3.928,54.844,6.476,465501.5,465.50,38302.63,12702.62,1.240,28.700,-14.120,19.927,-6.985,20.138,16.545,PID
270,13.5003,-12.554,928.092,10.655,5.585,-54.524,4.071,54.960,6.912,478660.5,478.66,38294.86,12694.86,1.275,27.435,-14.851,22.598,-5.363,18.246,16.467,PID
271,13.5503,-12.265,925.365,10.862,6.002,-54.543,4.201,55.032,7.326,489573.3,489.57,38286.92,12686.92,1.304,26.045,-15.378,24.900,-3.830,15.245,16.383,PID
272,13.6003,-11.955,922.638,11.075,6.393,-54.516,4.314,55.059,7.712,500242.1,500.24,38278.80,12678.80,1.333,24.554,-15.700,26.797,-2.406,12.389,16.297,PID
273,13.6503,-11.626,919.914,11.293,6.754,-54.447,4.411,55.042,8.067,510516.0,510.52,38270.50,12670.50,1.361,22.983,-15.819,28.289,-1.103,9.695,16.208,PID
274,13.7003,-11.280,917.194,11.516,7.082,-54.340,4.489,54.983,8.385,520275.2,520.28,38262.04,12662.04,1.387,21.354,-15.745,29.383,0.070,7.174,16.120,PID
275,13.7503,-10.918,914.480,11.742,7.364,-54.195,4.553,54.882,8.658,529438.1,529.44,38253.43,12653.43,1.412,19.691,-15.531,29.927,-1.272,-4.774,16.034,PID
276,13.8003,-10.546,911.775,11.972,7.529,-54.006,4.641,54.725,8.845,533154.9,533.15,38244.77,12644.78,1.422,18.051,-15.701,28.963,-2.379,-3.540,15.954,PID
277,13.8503,-10.165,909.080,12.206,7.696,-53.803,4.736,54.557,9.036,543447.8,543.45,38235.94,12635.94,1.450,16.451,-16.079,28.213,-3.636,-2.205,15.885,PID
278,13.9003,-9.776,906.395,12.446,7.865,-53.590,4.839,54.380,9.235,552889.2,552.89,38226.95,12626.94,1.475,14.882,-16.700,27.707,-5.075,-0.739,15.826,PID
279,13.9503,-9.379,903.721,12.690,8.040,-53.366,4.953,54.195,9.443,561669.8,561.67,38217.80,12617.80,1.499,13.332,-17.604,27.476,-6.732,0.899,15.780,PID
280,14.0003,-8.972,901.059,12.941,8.222,-53.136,5.080,54.007,9.665,570005.1,570.01,38208.52,12608.52,1.522,11.794,-18.836,27.562,-8.643,2.754,15.747,PID
281,14.0503,-8.556,898.408,13.199,8.414,-52.899,5.223,53.818,9.903,578092.1,578.09,38199.10,12599.10,1.544,10.268,-20.447,28.009,-10.836,4.880,15.729,PID
282,14.1003,-8.131,895.769,13.464,8.618,-52.666,5.392,53.639,10.166,577654.6,577.65,38189.61,12589.61,1.543,8.769,-22.595,28.869,-20.204,7.851,15.728,PID
283,14.1503,-7.694,893.141,13.737,8.832,-52.435,5.529,53.460,10.420,572423.6,572.42,38180.19,12580.19,1.529,7.357,-24.478,30.133,-12.746,9.748,15.745,PID
284,14.2003,-7.247,890.525,14.017,9.058,-52.215,5.682,53.299,10.693,570024.4,570.02,38170.82,12570.83,1.523,6.170,-26.795,31.824,-15.861,12.458,15.780,PID
285,14.2503,-6.789,887.920,14.305,9.293,-52.008,5.862,53.156,10.988,568765.9,568.77,38161.49,12561.49,1.520,5.501,-29.693,33.912,-20.031,15.061,15.834,PID
286,14.3003,-6.318,885.324,14.603,9.529,-51.807,6.047,53.022,11.286,563353.0,563.35,38152.21,12552.21,1.506,5.738,-32.873,36.266,-20.233,16.486,15.911,PID
287,14.3503,-5.836,882.739,14.910,9.757,-51.605,6.210,52.885,11.565,557518.9,557.52,38143.03,12543.03,1.491,6.980,-35.968,38.795,-20.241,17.613,16.011,PID
288,14.4003,-5.341,880.163,15.224,10.015,-51.413,6.343,52.762,11.855,555032.8,555.03,38133.89,12533.89,1.485,8.979,-38.929,42.061,-20.248,22.614,16.134,PID
289,14.4503,-4.835,877.598,15.544,10.251,-51.220,6.451,52.632,12.112,538603.3,538.60,38124.90,12524.90,1.441,11.495,-41.801,45.322,-20.255,22.625,16.278,PID
290,14.5003,-4.317,875.041,15.868,10.451,-51.044,6.531,52.511,12.324,511829.4,511.83,38116.31,12516.31,1.370,14.385,-44.504,48.392,-20.261,22.636,16.445,PID
291,14.5503,-3.790,872.493,16.196,10.613,-50.893,6.583,52.403,12.489,483905.6,483.91,38108.17,12508.17,1.295,17.560,-46.480,50.664,-20.267,22.647,16.634,PID
292,14.6003,-3.257,869.951,16.526,10.650,-50.801,6.537,52.316,12.497,510202.2,510.20,38100.40,12500.40,1.366,20.841,-45.778,50.001,20.000,-21.173,16.844,PID
293,14.6503,-2.733,867.410,16.844,10.303,-50.864,6.187,52.265,12.018,479486.7,479.49,38092.40,12492.40,1.284,23.992,-42.481,46.480,20.000,-21.173,17.064,PID
294,14.7003,-2.226,864.864,17.145,9.951,-50.970,5.840,52.260,11.538,460189.5,460.19,38084.71,12484.71,1.232,26.935,-39.327,43.112,20.000,-21.173,17.289,PID
295,14.7503,-1.738,862.312,17.428,9.598,-51.115,5.497,52.298,11.060,441379.9,441.38,38077.34,12477.34,1.182,29.672,-36.314,39.894,20.000,-21.173,17.514,PID
296,14.8003,-1.267,859.752,17.694,9.248,-51.297,5.161,52.379,10.591,423151.4,423.15,38070.29,12470.29,1.134,32.207,-33.446,36.831,20.000,-21.173,17.740,PID
297,14.8503,-0.813,857.182,17.944,8.901,-51.510,4.833,52.497,10.129,405440.0,405.44,38063.52,12463.51,1.086,34.545,-30.702,33.898,20.000,-21.173,17.963,PID
298,14.9003,-0.376,854.601,18.178,8.560,-51.752,4.513,52.649,9.677,388393.8,388.39,38057.02,12457.02,1.041,36.694,-28.084,31.101,20.000,-21.173,18.182,PID
299,14.9503,0.043,852.006,18.396,8.226,-52.021,4.203,52.835,9.238,372076.7,372.08,38050.80,12450.80,0.997,38.661,-25.589,28.434,20.000,-21.173,18.396,PID
300,15.0003,0.446,849.398,18.598,7.901,-52.312,3.902,53.049,8.812,356567.6,356.57,38044.84,12444.84,0.956,40.455,-23.210,25.891,20.000,-21.173,18.604,PID
301,15.0503,0.833,846.775,18.786,7.583,-52.624,3.612,53.290,8.400,341972.1,341.97,38039.13,12439.13,0.917,42.082,-20.941,23.466,20.000,-21.173,18.805,PID
302,15.1003,1.205,844.135,18.960,7.275,-52.953,3.332,53.554,8.001,328384.9,328.38,38033.65,12433.65,0.881,43.549,-18.775,21.150,20.000,-21.173,18.998,PID
303,15.1503,1.561,841.479,19.119,6.975,-53.297,3.061,53.839,7.617,315914.8,315.91,38028.38,12428.38,0.847,44.864,-16.706,18.938,20.000,-21.173,19.183,PID
304,15.2003,1.903,838.805,19.266,6.683,-53.655,2.799,54.142,7.246,304671.6,304.67,38023.30,12423.31,0.817,46.033,-14.726,16.819,20.000,-21.173,19.360,PID
305,15.2503,2.230,836.114,19.399,6.399,-54.024,2.545,54.461,6.887,294753.4,294.75,38018.40,12418.40,0.791,47.061,-12.826,14.787,20.000,-21.173,19.527,PID
306,15.3003,2.543,833.403,19.521,6.122,-54.402,2.299,54.793,6.539,286271.5,286.27,38013.65,12413.65,0.768,47.955,-10.997,12.830,20.000,-21.173,19.685,PID
307,15.3503,2.842,830.673,19.629,5.851,-54.787,2.059,55.137,6.202,279333.2,279.33,38009.02,12409.02,0.750,48.718,-9.230,10.939,20.000,-21.173,19.834,PID
308,15.4003,3.128,827.924,19.726,5.584,-55.179,1.823,55.491,5.874,274059.3,274.06,38004.49,12404.49,0.736,49.355,-7.514,9.103,20.000,-21.173,19.973,PID
309,15.4503,3.400,825.155,19.812,5.321,-55.575,1.591,55.852,5.554,270564.1,270.56,38000.03,12400.03,0.726,49.870,-5.840,7.311,20.000,-21.173,20.101,PID
310,15.5003,3.660,822.367,19.886,5.057,-55.974,1.360,56.219,5.237,273585.2,273.59,37995.59,12395.59,0.734,50.263,-4.186,5.541,20.000,-21.173,20.220,PID
311,15.5503,3.906,819.558,19.948,4.788,-56.373,1.124,56.588,4.918,280009.6,280.01,37991.04,12391.04,0.752,50.536,-2.513,3.750,20.000,-21.173,20.327,PID
312,15.6003,4.138,816.729,19.998,4.511,-56.772,0.882,56.958,4.597,286404.2,286.40,37986.39,12386.39,0.769,50.685,-0.816,1.935,20.000,-21.173,20.422,PID
313,15.6503,4.357,813.881,20.036,4.229,-57.170,0.635,57.329,4.276,292742.9,292.74,37981.64,12381.64,0.786,50.711,0.902,0.096,20.000,-21.173,20.504,PID
314,15.7003,4.561,811.012,20.061,3.940,-57.565,0.383,57.701,3.958,299022.8,299.02,37976.79,12376.79,0.803,50.610,2.641,-1.765,20.000,-21.173,20.573,PID
315,15.7503,4.751,808.124,20.074,3.645,-57.957,0.126,58.072,3.647,305390.9,305.39,37971.83,12371.83,0.820,50.382,4.402,-3.648,20.000,-21.173,20.629,PID
316,15.8003,4.926,805.217,20.074,3.344,-58.346,-0.136,58.442,3.346,312564.1,312.56,37966.76,12366.76,0.840,50.025,6.187,-5.557,20.000,-21.173,20.669,PID
317,15.8503,5.085,802.290,20.060,3.032,-58.728,-0.408,58.807,3.059,329164.1,329.16,37961.50,12361.50,0.884,49.537,8.023,-7.521,20.000,-21.173,20.695,PID
318,15.9003,5.228,799.344,20.033,2.702,-59.100,-0.696,59.165,2.790,350748.9,350.75,37955.91,12355.91,0.943,48.910,9.960,-9.592,20.000,-21.173,20.704,PID
319,15.9503,5.355,796.380,19.990,2.350,-59.459,-1.003,59.513,2.555,376059.7,376.06,37949.94,12349.94,1.011,48.138,12.019,-11.792,20.000,-21.173,20.695,PID
320,16.0003,5.463,793.398,19.932,1.973,-59.802,-1.333,59.849,2.381,405350.9,405.35,37943.51,12343.51,1.090,47.211,14.221,-14.145,20.000,-21.173,20.667,PID
321,16.0503,5.552,790.400,19.857,1.571,-60.125,-1.686,60.169,2.304,427737.5,427.74,37936.61,12336.61,1.150,46.117,16.576,-16.660,20.000,-21.173,20.618,PID
322,16.1003,5.620,787.386,19.763,1.165,-60.435,-2.043,60.481,2.351,427658.8,427.66,37929.60,12329.60,1.150,44.851,18.948,-19.192,20.000,-21.024,20.547,PID
323,16.1503,5.668,784.357,19.652,0.771,-60.725,-2.403,60.778,2.524,427580.1,427.58,37922.59,12322.59,1.150,43.415,21.319,-21.531,20.000,-18.780,20.453,PID
324,16.2003,5.697,781.314,19.523,0.396,-60.989,-2.769,61.053,2.798,427501.5,427.50,37915.57,12315.57,1.150,41.819,23.697,-23.571,20.000,-16.583,20.337,PID
325,16.2503,5.708,778.259,19.375,0.041,-61.221,-3.136,61.302,3.136,427422.9,427.42,37908.56,12308.56,1.150,40.072,25.998,-25.321,18.378,-14.301,20.199,PID
326,16.3003,5.702,775.193,19.210,-0.297,-61.412,-3.489,61.512,3.502,427344.3,427.34,37901.56,12301.56,1.150,38.193,28.011,-26.787,16.056,-12.079,20.038,PID
327,16.3503,5.679,772.118,19.027,-0.614,-61.562,-3.826,61.684,3.875,427265.8,427.27,37894.55,12294.56,1.150,36.201,29.724,-27.977,13.782,-9.984,19.856,PID
328,16.4003,5.641,769.037,18.827,-0.910,-61.673,-4.143,61.819,4.242,427187.2,427.19,37887.55,12287.55,1.150,34.116,31.135,-28.902,11.564,-8.008,19.654,PID
329,16.4502,5.588,765.951,18.613,-1.181,-61.748,-4.439,61.919,4.593,427108.6,427.11,37880.55,12280.55,1.150,31.958,32.250,-29.570,9.413,-6.143,19.434,PID
330,16.5002,5.523,762.863,18.384,-1.451,-61.748,-4.736,61.946,4.953,845000.0,845.00,37872.86,12272.86,2.276,29.747,33.191,-30.072,8.055,-5.117,19.196,PID
331,16.5502,5.440,759.785,18.135,-1.870,-61.350,-5.204,61.599,5.530,822330.7,822.33,37859.55,12259.54,2.215,27.466,34.532,-30.748,5.039,-2.607,18.934,PID
332,16.6002,5.337,756.729,17.864,-2.233,-60.870,-5.616,61.169,6.044,840139.1,840.14,37845.90,12245.90,2.264,25.139,35.161,-30.837,2.421,-0.492,18.645,PID
333,16.6502,5.218,753.699,17.575,-2.536,-60.327,-5.969,60.674,6.485,845000.0,845.00,37832.05,12232.05,2.278,22.807,35.147,-30.411,0.191,1.268,18.333,PID
334,16.7002,5.085,750.697,17.269,-2.777,-59.747,-6.257,60.138,6.846,845000.0,845.00,37818.20,12218.19,2.279,20.509,34.583,-29.559,-1.673,2.708,18.002,PID
335,16.7502,4.939,747.724,16.949,-3.067,-59.183,-6.554,59.624,7.236,845000.0,845.00,37804.34,12204.34,2.280,18.243,34.686,-29.799,3.896,-4.749,17.654,PID
336,16.8002,4.777,744.778,16.613,-3.413,-58.646,-6.885,59.147,7.684,845000.0,845.00,37790.48,12190.48,2.281,15.914,35.857,-31.242,6.984,-7.815,17.286,PID
337,16.8502,4.597,741.859,16.260,-3.796,-58.131,-7.240,58.703,8.175,845000.0,845.00,37776.62,12176.62,2.281,13.462,37.929,-33.605,10.811,-11.838,16.897,PID
338,16.9002,4.397,738.965,15.888,-4.233,-57.650,-7.628,58.307,8.724,845000.0,845.00,37762.77,12162.76,2.282,10.818,41.057,-37.148,15.552,-17.333,16.485,PID
339,16.9502,4.173,736.093,15.496,-4.737,-57.219,-8.050,57.977,9.341,845000.0,845.00,37748.91,12148.91,2.283,7.904,45.314,-42.102,20.079,-22.515,16.048,PID
340,17.0002,3.923,733.243,15.084,-5.231,-56.777,-8.461,57.642,9.947,845000.0,845.00,37735.05,12135.05,2.284,4.700,49.856,-47.345,20.097,-22.537,15.585,PID
341,17.0501,3.650,730.416,14.651,-5.684,-56.299,-8.835,57.270,10.506,845000.0,845.00,37721.19,12121.19,2.285,1.733,49.418,-47.803,20.114,-22.558,15.099,PID
342,17.1001,3.356,727.614,14.201,-6.075,-55.773,-9.152,56.845,10.985,845000.0,845.00,37707.34,12107.33,2.286,2.762,48.989,-48.242,20.130,-22.577,14.592,PID
343,17.1501,3.043,724.839,13.736,-6.439,-55.231,-9.450,56.402,11.435,845000.0,845.00,37693.48,12093.48,2.286,5.997,48.633,-48.601,20.146,-22.596,14.069,PID
344,17.2001,2.713,722.091,13.257,-6.756,-54.662,-9.708,55.927,11.828,845000.0,845.00,37679.62,12079.62,2.287,9.381,48.311,-48.922,20.160,-22.614,13.531,PID
345,17.2501,2.368,719.373,12.766,-7.020,-54.094,-9.922,55.442,12.154,801868.9,801.87,37666.06,12066.06,2.171,12.795,48.026,-49.201,20.173,-22.630,12.984,PID
346,17.3001,2.012,716.681,12.265,-7.220,-53.578,-10.083,54.995,12.402,746218.6,746.22,37653.42,12053.42,2.021,16.221,47.785,-49.435,20.185,-22.643,12.429,PID
347,17.3501,1.647,714.014,11.758,-7.364,-53.119,-10.198,54.588,12.579,693484.2,693.48,37641.66,12041.67,1.879,19.652,47.581,-49.632,20.196,-22.655,11.873,PID
348,17.4001,1.287,711.364,11.255,-6.925,-52.914,-9.852,54.267,12.042,717746.4,717.75,37629.91,12029.91,1.945,22.960,43.730,-45.616,-20.000,21.173,11.328,PID
349,17.4501,0.956,708.721,10.774,-6.347,-52.822,-9.394,54.025,11.338,681482.6,681.48,37618.48,12018.48,1.848,25.931,39.164,-40.765,-20.000,21.173,10.816,PID
350,17.5001,0.652,706.081,10.315,-5.779,-52.793,-8.942,53.856,10.647,648488.4,648.49,37607.61,12007.60,1.759,28.581,34.844,-36.177,-20.000,21.173,10.336,PID
351,17.5501,0.377,703.440,9.879,-5.293,-52.873,-8.554,53.822,10.059,423937.4,423.94,37598.55,11998.55,1.150,30.933,31.226,-32.336,-20.000,21.173,9.886,PID
352,17.6001,0.122,700.792,9.459,-4.910,-53.065,-8.248,53.927,9.599,423859.3,423.86,37591.60,11991.60,1.150,33.066,28.405,-29.342,-20.000,21.173,9.459,PID
353,17.6500,-0.114,698.134,9.054,-4.520,-53.275,-7.935,54.052,9.132,423781.3,423.78,37584.65,11984.65,1.150,34.994,25.611,-26.377,-20.000,21.173,9.055,PID
354,17.7000,-0.330,695.464,8.665,-4.124,-53.500,-7.617,54.197,8.662,423703.4,423.70,37577.71,11977.71,1.150,36.720,22.843,-23.439,-20.000,21.173,8.671,PID
355,17.7500,-0.527,692.783,8.292,-3.724,-53.740,-7.294,54.361,8.189,423625.5,423.63,37570.77,11970.76,1.150,38.245,20.101,-20.529,-20.000,21.173,8.309,PID
356,17.8000,-0.703,690.090,7.936,-3.319,-53.993,-6.967,54.542,7.717,423547.5,423.55,37563.82,11963.82,1.150,39.572,17.384,-17.647,-20.000,21.173,7.967,PID
357,17.8500,-0.858,687.384,7.596,-2.911,-54.257,-6.637,54.739,7.247,423469.6,423.47,37556.88,11956.88,1.150,40.701,14.693,-14.791,-20.000,21.173,7.644,PID
358,17.9000,-0.994,684.664,7.272,-2.500,-54.530,-6.304,54.950,6.782,423391.7,423.39,37549.93,11949.93,1.150,41.636,12.028,-11.963,-20.000,21.173,7.340,PID
359,17.9500,-1.108,681.931,6.965,-2.087,-54.811,-5.970,55.174,6.324,423313.8,423.31,37542.99,11942.99,1.150,42.377,9.388,-9.161,-20.000,21.173,7.053,PID
360,18.0000,-1.202,679.183,6.675,-1.673,-55.097,-5.634,55.410,5.877,423235.8,423.24,37536.05,11936.05,1.150,42.926,6.772,-6.385,-20.000,21.173,6.783,PID
361,18.0500,-1.276,676.421,6.402,-1.258,-55.388,-5.297,55.655,5.444,423158.0,423.16,37529.11,11929.11,1.150,43.286,4.181,-3.636,-20.000,21.173,6.528,PID
362,18.1000,-1.328,673.644,6.146,-0.843,-55.681,-4.959,55.908,5.030,423080.2,423.08,37522.18,11922.18,1.150,43.459,1.615,-0.912,-20.000,21.173,6.287,PID
363,18.1500,-1.360,670.853,5.906,-0.428,-55.975,-4.621,56.167,4.640,423002.4,423.00,37515.25,11915.25,1.150,43.445,-0.927,1.785,-20.000,21.173,6.061,PID
364,18.2000,-1.371,668.047,5.684,-0.013,-56.268,-4.283,56.431,4.283,422924.6,422.92,37508.31,11908.31,1.150,43.247,-3.445,4.458,-20.000,21.173,5.847,PID
365,18.2499,-1.361,665.226,5.478,0.401,-56.558,-3.945,56.697,3.965,422846.8,422.85,37501.38,11901.38,1.150,42.866,-5.940,7.105,-20.000,21.173,5.644,PID
366,18.2999,-1.331,662.391,5.289,0.813,-56.844,-3.609,56.964,3.699,422769.0,422.77,37494.45,11894.45,1.150,42.304,-8.411,9.727,-20.000,21.173,5.454,PID
367,18.3499,-1.280,659.542,5.117,1.224,-57.123,-3.273,57.230,3.495,422691.2,422.69,37487.51,11887.51,1.150,41.563,-10.858,12.324,-20.000,21.173,5.275,PID
368,18.3999,-1.209,656.679,4.962,1.632,-57.395,-2.940,57.493,3.362,422613.4,422.61,37480.58,11880.58,1.150,40.645,-13.283,14.897,-20.000,21.173,5.107,PID
369,18.4499,-1.117,653.803,4.823,2.037,-57.657,-2.608,57.752,3.309,422535.8,422.54,37473.66,11873.66,1.150,39.550,-15.684,17.445,-19.970,21.169,4.951,PID
370,18.4999,-1.005,650.914,4.701,2.439,-57.901,-2.287,57.997,3.344,422458.1,422.46,37466.73,11866.73,1.150,38.284,-17.927,19.950,-17.976,20.207,4.807,PID
371,18.5499,-0.873,648.013,4.594,2.829,-58.110,-1.976,58.212,3.451,422380.4,422.38,37459.81,11859.81,1.150,36.859,-19.928,22.201,-16.004,17.732,4.676,PID
372,18.5999,-0.722,645.103,4.503,3.200,-58.281,-1.678,58.393,3.613,422302.7,422.30,37452.89,11852.89,1.150,35.293,-21.688,24.144,-14.061,15.369,4.560,PID
373,18.6499,-0.553,642.186,4.426,3.551,-58.417,-1.393,58.541,3.814,422225.0,422.23,37445.96,11845.96,1.150,33.608,-23.201,25.787,-12.156,13.115,4.461,PID
374,18.6999,-0.368,639.262,4.363,3.879,-58.518,-1.125,58.657,4.039,422147.3,422.15,37439.04,11839.04,1.150,31.821,-24.468,27.138,-10.297,10.969,4.379,PID
375,18.7499,-0.166,636.334,4.313,4.183,-58.587,-0.875,58.742,4.274,422069.7,422.07,37432.11,11832.11,1.150,29.952,-25.488,28.207,-8.494,8.928,4.316,PID
376,18.7999,0.058,633.414,4.281,4.746,-58.216,-0.411,58.410,4.764,840423.0,840.42,37418.42,11818.42,2.291,27.968,-27.462,30.245,-6.936,7.152,4.282,PID
377,18.8498,0.308,630.514,4.271,5.241,-57.761,-0.002,57.998,5.241,845000.0,845.00,37404.57,11804.58,2.304,25.874,-28.685,31.471,-4.265,4.294,4.282,PID
378,18.8998,0.580,627.639,4.280,5.662,-57.246,0.348,57.526,5.673,845000.0,845.00,37390.72,11790.72,2.305,23.721,-29.230,31.977,-1.987,1.880,4.319,PID
379,18.9498,0.873,624.790,4.305,6.013,-56.685,0.639,57.007,6.047,845000.0,845.00,37376.86,11776.86,2.306,21.554,-29.202,31.877,-0.073,-0.141,4.393,PID
380,18.9998,1.181,621.971,4.343,6.312,-56.097,0.887,56.458,6.374,845000.0,845.00,37363.00,11763.00,2.307,19.410,-28.864,31.483,-1.659,2.140,4.501,PID
381,19.0498,1.505,619.180,4.394,6.655,-55.528,1.161,55.938,6.755,845000.0,845.00,37349.14,11749.15,2.307,17.255,-29.378,32.140,-3.926,4.654,4.645,PID
382,19.0998,1.847,616.418,4.460,7.021,-54.973,1.454,55.438,7.169,845000.0,845.00,37335.29,11735.29,2.308,15.031,-30.581,33.570,-6.741,7.836,4.827,PID
383,19.1498,2.207,613.683,4.540,7.423,-54.438,1.772,54.971,7.631,845000.0,845.00,37321.43,11721.43,2.309,12.681,-32.618,35.967,-10.257,11.981,5.048,PID
384,19.1998,2.590,610.973,4.637,7.879,-53.939,2.123,54.553,8.160,845000.0,845.00,37307.57,11707.57,2.310,10.131,-35.637,39.595,-14.648,17.581,5.312,PID
385,19.2498,2.997,608.288,4.753,8.401,-53.489,2.514,54.203,8.769,845000.0,845.00,37293.71,11693.72,2.311,7.297,-39.764,44.660,-20.082,22.788,5.619,PID
386,19.2998,3.430,605.625,4.889,8.911,-53.036,2.914,53.859,9.376,845000.0,845.00,37279.86,11679.86,2.312,4.116,-44.455,50.043,-20.181,22.841,5.972,PID
387,19.3498,3.887,602.985,5.044,9.379,-52.548,3.281,53.479,9.936,845000.0,845.00,37266.00,11666.00,2.313,0.749,-45.613,51.446,-20.199,22.871,6.368,PID
388,19.3998,4.367,600.370,5.216,9.799,-52.022,3.606,53.060,10.441,845000.0,845.00,37252.14,11652.14,2.313,2.786,-45.529,51.521,-20.216,22.900,6.803,PID
389,19.4497,4.866,597.783,5.404,10.173,-51.469,3.900,52.610,10.895,845000.0,845.00,37238.29,11638.29,2.314,6.213,-45.491,51.554,-20.231,22.927,7.272,PID
390,19.4997,5.383,595.224,5.606,10.498,-50.889,4.156,52.127,11.290,845000.0,845.00,37224.43,11624.43,2.315,9.647,-45.456,51.585,-20.245,22.953,7.772,PID
391,19.5497,5.915,592.694,5.819,10.766,-50.313,4.368,51.637,11.618,798678.2,798.68,37210.91,11610.92,2.189,13.084,-45.424,51.613,-20.258,22.976,8.297,PID
392,19.5997,6.459,590.192,6.042,10.969,-49.791,4.530,51.186,11.867,742918.3,742.92,37198.33,11598.33,2.037,16.521,-45.396,51.638,-20.269,22.997,8.844,PID
393,19.6497,7.011,587.714,6.271,11.113,-49.327,4.646,50.776,12.045,690102.7,690.10,37186.63,11586.63,1.893,19.958,-45.371,51.659,-20.278,23.015,9.406,PID
394,19.6997,7.555,585.253,6.495,10.599,-49.144,4.237,50.452,11.414,716158.4,716.16,37174.80,11574.80,1.965,23.237,-41.042,47.027,20.000,-21.173,9.963,PID
395,19.7497,8.071,582.799,6.695,10.014,-49.051,3.772,50.204,10.701,680248.1,680.25,37163.39,11563.39,1.867,26.171,-36.454,42.113,20.000,-21.173,10.486,PID
396,19.7997,8.557,580.347,6.872,9.438,-49.021,3.315,50.031,10.003,647649.0,647.65,37152.54,11552.54,1.778,28.780,-32.114,37.463,20.000,-21.173,10.975,PID
397,19.8497,9.015,577.895,7.027,8.946,-49.102,2.925,49.996,9.412,418823.3,418.82,37143.52,11543.52,1.150,31.089,-28.493,33.578,20.000,-21.173,11.430,PID
398,19.8997,9.453,575.435,7.166,8.561,-49.297,2.621,50.103,8.953,418746.2,418.75,37136.66,11536.66,1.150,33.178,-25.694,30.569,20.000,-21.173,11.862,PID
399,19.9497,9.871,572.965,7.289,8.168,-49.508,2.311,50.231,8.489,418669.1,418.67,37129.79,11529.79,1.150,35.063,-22.922,27.588,20.000,-21.173,12.271,PID
400,19.9997,10.270,570.484,7.397,7.769,-49.736,1.997,50.379,8.021,418592.0,418.59,37122.93,11522.93,1.150,36.745,-20.177,24.636,20.000,-21.173,12.656,PID
401,20.0496,10.648,567.991,7.489,7.364,-49.977,1.678,50.545,7.553,418515.0,418.52,37116.06,11516.06,1.150,38.227,-17.458,21.712,20.000,-21.173,13.018,PID
402,20.0996,11.006,565.486,7.564,6.955,-50.231,1.357,50.729,7.086,418437.9,418.44,37109.20,11509.20,1.150,39.511,-14.764,18.816,20.000,-21.173,13.355,PID
403,20.1496,11.343,562.968,7.624,6.542,-50.496,1.034,50.929,6.623,418360.9,418.36,37102.34,11502.34,1.150,40.598,-12.096,15.947,20.000,-21.173,13.668,PID
404,20.1996,11.660,560.436,7.668,6.126,-50.770,0.709,51.143,6.167,418284.0,418.28,37095.49,11495.49,1.150,41.490,-9.454,13.106,20.000,-21.173,13.955,PID
405,20.2496,11.956,557.891,7.695,5.708,-51.050,0.383,51.370,5.720,418207.0,418.21,37088.63,11488.63,1.150,42.190,-6.837,10.292,20.000,-21.173,14.218,PID
406,20.2996,12.231,555.331,7.706,5.287,-51.337,0.056,51.608,5.288,418130.0,418.13,37081.78,11481.78,1.150,42.699,-4.245,7.505,20.000,-21.173,14.456,PID
407,20.3496,12.485,552.757,7.701,4.865,-51.627,-0.271,51.856,4.873,418053.1,418.05,37074.92,11474.92,1.150,43.019,-1.677,4.744,20.000,-21.173,14.669,PID
408,20.3996,12.717,550.168,7.679,4.443,-51.919,-0.598,52.112,4.483,417976.2,417.98,37068.07,11468.07,1.150,43.152,0.866,2.009,20.000,-21.173,14.856,PID
409,20.4496,12.929,547.565,7.641,4.019,-52.211,-0.924,52.374,4.124,417899.1,417.90,37061.21,11461.21,1.150,43.100,3.384,-0.699,20.000,-21.173,15.018,PID
410,20.4996,13.119,544.947,7.587,3.596,-52.502,-1.249,52.640,3.807,417822.2,417.82,37054.36,11454.36,1.150,42.864,5.879,-3.381,20.000,-21.173,15.155,PID
411,20.5496,13.289,542.315,7.516,3.173,-52.790,-1.573,52.909,3.541,417745.4,417.75,37047.52,11447.52,1.150,42.447,8.349,-6.038,20.000,-21.173,15.267,PID
412,20.5996,13.437,539.668,7.429,2.750,-53.073,-1.894,53.178,3.340,417668.5,417.67,37040.67,11440.67,1.150,41.850,10.797,-8.669,20.000,-21.173,15.354,PID
413,20.6495,13.564,537.008,7.327,2.329,-53.350,-2.213,53.447,3.213,417591.7,417.59,37033.82,11433.83,1.150,41.075,13.220,-11.276,20.000,-21.173,15.416,PID
414,20.6995,13.670,534.333,7.208,1.909,-53.614,-2.524,53.707,3.165,417514.8,417.51,37026.98,11426.98,1.150,40.124,15.527,-13.857,18.388,-20.984,15.454,PID
415,20.7495,13.755,531.647,7.075,1.487,-53.857,-2.819,53.952,3.187,417438.1,417.44,37020.13,11420.13,1.150,39.007,17.582,-16.413,16.515,-20.788,15.467,PID
416,20.7995,13.818,528.948,6.927,1.065,-54.080,-3.095,54.179,3.273,417361.2,417.36,37013.29,11413.29,1.150,37.730,19.389,-18.946,14.679,-20.619,15.457,PID
417,20.8495,13.861,526.239,6.765,0.646,-54.280,-3.355,54.387,3.417,417284.3,417.28,37006.44,11406.44,1.150,36.304,20.954,-21.420,12.884,-19.478,15.424,PID
418,20.8995,13.883,523.521,6.591,0.244,-54.445,-3.601,54.564,3.609,417207.6,417.21,36999.61,11399.61,1.150,34.743,22.298,-23.614,11.124,-17.053,15.368,PID
419,20.9495,13.886,520.795,6.405,-0.137,-54.575,-3.834,54.709,3.836,417130.9,417.13,36992.77,11392.77,1.150,33.064,23.423,-25.492,9.407,-14.724,15.292,PID
420,20.9995,13.870,518.064,6.208,-0.495,-54.671,-4.050,54.823,4.080,417054.2,417.05,36985.93,11385.93,1.150,31.288,24.327,-27.063,7.739,-12.490,15.196,PID
421,21.0495,13.836,515.330,6.000,-0.930,-54.617,-4.312,54.795,4.412,830801.3,830.80,36977.05,11377.05,2.291,29.427,25.371,-28.868,7.304,-11.493,15.081,PID
422,21.0995,13.774,512.608,5.775,-1.547,-54.218,-4.684,54.442,4.933,844015.6,844.02,36963.32,11363.32,2.329,27.432,26.700,-31.190,4.623,-7.990,14.935,PID
423,21.1495,13.682,509.909,5.533,-2.090,-53.739,-5.004,54.012,5.423,845000.0,845.00,36949.46,11349.46,2.332,25.335,27.363,-32.635,2.328,-4.982,14.759,PID
424,21.1995,13.566,507.235,5.276,-2.553,-53.203,-5.271,53.525,5.857,845000.0,845.00,36935.60,11335.60,2.333,23.189,27.445,-33.307,0.403,-2.427,14.556,PID
425,21.2494,13.428,504.590,5.006,-2.941,-52.624,-5.488,52.991,6.226,845000.0,845.00,36921.74,11321.74,2.334,21.037,27.043,-33.325,-1.186,-0.276,14.331,PID
426,21.2994,13.273,501.973,4.727,-3.282,-52.029,-5.703,52.443,6.580,845000.0,845.00,36907.89,11307.89,2.335,18.906,26.922,-33.132,3.003,-1.640,14.090,PID
427,21.3494,13.100,499.386,4.435,-3.642,-51.450,-5.964,51.922,6.988,845000.0,845.00,36894.03,11294.03,2.336,16.752,27.857,-33.646,5.425,-4.191,13.830,PID
428,21.3994,12.908,496.828,4.130,-4.026,-50.885,-6.247,51.425,7.432,845000.0,845.00,36880.17,11280.17,2.337,14.521,29.535,-34.955,8.452,-7.442,13.553,PID
429,21.4494,12.697,494.298,3.810,-4.447,-50.343,-6.562,50.964,7.927,845000.0,845.00,36866.31,11266.31,2.338,12.156,32.113,-37.265,12.245,-11.727,13.256,PID
430,21.4994,12.463,491.793,3.473,-4.924,-49.841,-6.916,50.558,8.490,845000.0,845.00,36852.46,11252.46,2.338,9.585,35.748,-40.860,16.983,-17.611,12.938,PID
431,21.5494,12.203,489.313,3.118,-5.470,-49.387,-7.303,50.223,9.124,845000.0,845.00,36838.60,11238.60,2.339,6.733,40.405,-45.943,20.292,-22.495,12.595,PID
432,21.5994,11.916,486.855,2.744,-5.998,-48.915,-7.669,49.875,9.736,845000.0,845.00,36824.74,11224.74,2.340,3.618,45.190,-51.298,20.317,-22.530,12.228,PID
433,21.6494,11.604,484.422,2.352,-6.477,-48.398,-7.977,49.477,10.275,845000.0,845.00,36810.88,11210.88,2.341,1.436,45.314,-51.710,18.423,-22.094,11.840,PID
434,21.6994,11.269,482.015,1.946,-6.902,-47.852,-8.274,49.051,10.775,845000.0,845.00,36797.03,11197.03,2.342,3.829,45.437,-51.602,20.361,-22.593,11.436,PID
435,21.7494,10.914,479.637,1.525,-7.290,-47.281,-8.533,48.595,11.223,845000.0,845.00,36783.17,11183.17,2.343,7.135,45.471,-51.571,20.382,-22.622,11.020,PID
436,21.7994,10.541,477.288,1.093,-7.626,-46.686,-8.753,48.107,11.609,836981.9,836.98,36769.33,11169.33,2.322,10.526,45.502,-51.545,20.401,-22.649,10.598,PID
437,21.8493,10.153,474.968,0.651,-7.899,-46.119,-8.926,47.634,11.919,778974.5,778.97,36756.14,11156.14,2.161,13.939,45.527,-51.523,20.419,-22.673,10.174,PID
438,21.8993,9.753,472.675,0.201,-8.106,-45.608,-9.051,47.198,12.150,724602.5,724.60,36743.87,11143.87,2.011,17.363,45.547,-51.505,20.434,-22.694,9.755,PID
439,21.9493,9.344,470.406,-0.253,-8.115,-45.206,-9.028,46.807,12.139,759399.1,759.40,36732.31,11132.31,2.108,20.780,44.592,-50.456,-20.000,21.173,9.347,PID
440,21.9993,8.953,468.150,-0.693,-7.527,-45.057,-8.552,46.475,11.393,703866.7,703.87,36720.50,11120.50,1.955,23.944,39.768,-45.293,-20.000,21.173,8.980,PID
441,22.0493,8.591,465.899,-1.109,-6.943,-44.977,-8.082,46.222,10.655,669485.9,669.49,36709.28,11109.28,1.860,26.767,35.206,-40.410,-20.000,21.173,8.662,PID
442,22.0993,8.259,463.651,-1.501,-6.367,-44.957,-7.621,46.041,9.931,638452.0,638.45,36698.59,11098.59,1.774,29.267,30.885,-35.783,-20.000,21.173,8.394,PID
443,22.1493,7.953,461.401,-1.872,-5.912,-45.076,-7.259,46.038,9.361,413728.8,413.73,36690.38,11090.38,1.150,31.479,27.530,-32.185,-20.000,21.173,8.170,PID
444,22.1993,7.667,459.143,-2.227,-5.526,-45.276,-6.952,46.138,8.881,413652.7,413.65,36683.59,11083.59,1.150,33.480,24.738,-29.186,-20.000,21.173,7.984,PID
445,22.2493,7.400,456.873,-2.567,-5.133,-45.492,-6.642,46.260,8.394,413576.5,413.58,36676.82,11076.82,1.150,35.278,21.972,-26.215,-20.000,21.173,7.833,PID
446,22.2993,7.154,454.593,-2.892,-4.733,-45.723,-6.327,46.400,7.901,413500.3,413.50,36670.04,11070.04,1.150,36.874,19.233,-23.273,-20.000,21.173,7.716,PID
447,22.3493,6.927,452.301,-3.200,-4.328,-45.967,-6.009,46.560,7.405,413424.2,413.42,36663.26,11063.26,1.150,38.270,16.521,-20.359,-20.000,21.173,7.630,PID
448,22.3992,6.721,449.996,-3.492,-3.918,-46.223,-5.689,46.736,6.908,413348.1,413.35,36656.48,11056.48,1.150,39.469,13.834,-17.473,-20.000,21.173,7.574,PID
449,22.4492,6.535,447.678,-3.769,-3.505,-46.489,-5.367,46.929,6.410,413272.0,413.27,36649.71,11049.71,1.150,40.472,11.174,-14.616,-20.000,21.173,7.544,PID
450,22.4992,6.370,445.347,-4.029,-3.089,-46.763,-5.043,47.136,5.914,413195.9,413.20,36642.93,11042.93,1.150,41.281,8.539,-11.785,-20.000,21.173,7.538,PID
451,22.5492,6.226,443.002,-4.273,-2.670,-47.044,-4.719,47.355,5.422,413119.8,413.12,36636.15,11036.15,1.150,41.897,5.930,-8.982,-20.000,21.173,7.552,PID
452,22.5992,6.103,440.643,-4.501,-2.249,-47.330,-4.394,47.586,4.937,413043.7,413.04,36629.38,11029.38,1.150,42.324,3.346,-6.207,-20.000,21.173,7.584,PID
453,22.6492,6.002,438.269,-4.713,-1.828,-47.618,-4.070,47.827,4.461,412967.7,412.97,36622.62,11022.62,1.150,42.561,0.786,-3.458,-20.000,21.173,7.631,PID
454,22.6992,5.921,435.881,-4.908,-1.405,-47.908,-3.745,48.075,4.000,412891.8,412.89,36615.85,11015.85,1.150,42.613,-1.748,-0.735,-20.000,21.173,7.690,PID
455,22.7492,5.861,433.478,-5.087,-0.982,-48.197,-3.422,48.328,3.560,412815.8,412.82,36609.08,11009.08,1.150,42.479,-4.258,1.961,-20.000,21.173,7.761,PID
456,22.7992,5.822,431.061,-5.250,-0.560,-48.484,-3.099,48.586,3.149,412739.7,412.74,36602.31,11002.31,1.150,42.162,-6.744,4.631,-20.000,21.173,7.840,PID
457,22.8492,5.805,428.630,-5.397,-0.138,-48.768,-2.778,48.847,2.782,412663.8,412.66,36595.55,10995.54,1.150,41.665,-9.205,7.275,-20.000,21.173,7.926,PID
458,22.8992,5.809,426.184,-5.528,0.283,-49.045,-2.459,49.108,2.476,412587.7,412.59,36588.78,10988.78,1.150,40.987,-11.643,9.894,-20.000,21.173,8.019,PID
459,22.9492,5.833,423.725,-5.643,0.702,-49.316,-2.143,49.368,2.255,412511.8,412.51,36582.01,10982.01,1.150,40.132,-14.057,12.487,-20.000,21.173,8.116,PID
460,22.9991,5.879,421.253,-5.742,1.119,-49.576,-1.831,49.623,2.146,412435.8,412.44,36575.25,10975.25,1.150,39.101,-16.411,15.055,-18.991,21.053,8.218,PID
461,23.0491,5.945,418.768,-5.826,1.536,-49.815,-1.535,49.863,2.172,412360.0,412.36,36568.49,10968.49,1.150,37.901,-18.524,17.599,-17.034,20.840,8.324,PID
462,23.0991,6.032,416.272,-5.896,1.948,-50.028,-1.255,50.082,2.317,412284.1,412.28,36561.73,10961.74,1.150,36.542,-20.385,20.038,-15.111,19.075,8.435,PID
463,23.1491,6.140,413.766,-5.952,2.342,-50.205,-0.985,50.269,2.541,412208.3,412.21,36554.98,10954.98,1.150,35.041,-22.012,22.176,-13.220,16.708,8.551,PID
464,23.1991,6.266,411.252,-5.995,2.717,-50.347,-0.730,50.425,2.813,412132.3,412.13,36548.22,10948.22,1.150,33.416,-23.402,24.012,-11.367,14.442,8.672,PID
465,23.2491,6.411,408.732,-6.025,3.069,-50.454,-0.490,50.550,3.108,412056.5,412.06,36541.46,10941.46,1.150,31.688,-24.553,25.552,-9.563,12.276,8.798,PID
466,23.2991,6.573,406.207,-6.044,3.396,-50.529,-0.267,50.644,3.407,411980.6,411.98,36534.70,10934.71,1.150,29.874,-25.468,26.805,-7.815,10.210,8.929,PID
467,23.3491,6.758,403.690,-6.047,4.018,-50.154,0.156,50.315,4.021,834606.4,834.61,36521.09,10921.09,2.331,27.937,-27.320,29.247,-6.407,8.367,9.069,PID
468,23.3991,6.973,401.193,-6.029,4.567,-49.689,0.527,49.902,4.598,845000.0,845.00,36507.30,10907.30,2.361,25.880,-28.427,30.820,-3.798,5.346,9.219,PID
469,23.4491,7.214,398.722,-5.995,5.041,-49.159,0.843,49.424,5.111,845000.0,845.00,36493.44,10893.44,2.361,23.756,-28.867,31.617,-1.585,2.786,9.380,PID
470,23.4991,7.476,396.278,-5.946,5.438,-48.580,1.105,48.896,5.549,845000.0,845.00,36479.58,10879.58,2.362,21.613,-28.739,31.753,0.260,0.638,9.552,PID
471,23.5491,7.756,393.864,-5.885,5.774,-47.972,1.329,48.337,5.925,845000.0,845.00,36465.73,10865.73,2.363,19.487,-28.337,31.487,-1.792,1.647,9.736,PID
472,23.5990,8.054,391.480,-5.812,6.136,-47.380,1.588,47.802,6.338,845000.0,845.00,36451.87,10851.87,2.364,17.352,-28.905,32.010,-4.053,4.080,9.932,PID
473,23.6490,8.370,389.126,-5.726,6.522,-46.801,1.866,47.290,6.784,845000.0,845.00,36438.01,10838.01,2.365,15.152,-30.181,33.301,-6.876,7.169,10.142,PID
474,23.6990,8.707,386.800,-5.625,6.945,-46.243,2.169,46.812,7.276,845000.0,845.00,36424.15,10824.15,2.366,12.827,-32.317,35.560,-10.419,11.212,10.366,PID
475,23.7490,9.066,384.501,-5.509,7.422,-45.721,2.506,46.387,7.834,845000.0,845.00,36410.30,10810.30,2.367,10.305,-35.477,39.057,-14.868,16.710,10.608,PID
476,23.7990,9.451,382.227,-5.374,7.975,-45.252,2.882,46.040,8.480,845000.0,845.00,36396.44,10796.44,2.368,7.497,-39.780,44.113,-20.052,23.047,10.872,PID
477,23.8490,9.863,379.976,-5.220,8.530,-44.784,3.257,45.705,9.131,845000.0,845.00,36382.58,10782.58,2.369,4.336,-44.550,49.698,-20.076,23.092,11.160,PID
478,23.8990,10.303,377.749,-5.049,9.040,-44.279,3.600,45.335,9.731,845000.0,845.00,36368.72,10768.72,2.370,0.998,-45.767,51.309,-20.098,23.135,11.473,PID
479,23.9490,10.766,375.549,-4.861,9.501,-43.735,3.900,44.925,10.270,845000.0,845.00,36354.87,10754.87,2.370,2.596,-45.598,51.459,-20.119,23.175,11.813,PID
480,23.9990,11.252,373.376,-4.659,9.914,-43.164,4.172,44.484,10.756,845000.0,845.00,36341.01,10741.01,2.371,6.009,-45.499,51.547,-20.138,23.214,12.179,PID
481,24.0490,11.757,371.233,-4.445,10.275,-42.567,4.407,44.011,11.180,836310.6,836.31,36327.19,10727.19,2.348,9.440,-45.409,51.626,-20.156,23.249,12.569,PID
482,24.0990,12.278,369.119,-4.219,10.572,-41.987,4.596,43.541,11.528,786621.8,786.62,36313.88,10713.88,2.209,12.874,-45.330,51.696,-20.171,23.282,12.983,PID
483,24.1490,12.813,367.033,-3.986,10.800,-41.462,4.739,43.107,11.794,731946.6,731.95,36301.48,10701.48,2.056,16.310,-45.261,51.756,-20.184,23.310,13.419,PID
484,24.1989,13.357,364.972,-3.746,10.966,-40.993,4.839,42.710,11.986,680220.1,680.22,36289.95,10689.95,1.912,19.746,-45.202,51.807,-20.195,23.335,13.873,PID
485,24.2489,13.894,362.928,-3.513,10.437,-40.804,4.441,42.351,11.343,707188.3,707.19,36278.27,10678.27,1.988,23.022,-40.817,47.118,20.000,-21.173,14.332,PID
486,24.2989,14.401,360.891,-3.302,9.833,-40.705,3.992,42.066,10.612,672417.6,672.42,36267.00,10667.00,1.891,25.949,-36.170,42.137,20.000,-21.173,14.775,PID
487,24.3489,14.878,358.856,-3.114,9.236,-40.669,3.550,41.855,9.894,640929.5,640.93,36256.26,10656.26,1.803,28.546,-31.770,37.420,20.000,-21.173,15.200,PID
488,24.3989,15.325,356.822,-2.947,8.707,-40.732,3.160,41.772,9.262,408743.0,408.74,36247.03,10647.03,1.150,30.835,-27.980,33.352,20.000,-21.173,15.606,PID
489,24.4489,15.751,354.781,-2.796,8.312,-40.928,2.870,41.862,8.794,408667.7,408.67,36240.33,10640.33,1.150,32.897,-25.180,30.337,20.000,-21.173,15.997,PID
490,24.4989,16.156,352.729,-2.660,7.910,-41.141,2.575,41.974,8.319,408592.4,408.59,36233.63,10633.63,1.150,34.755,-22.407,27.352,20.000,-21.173,16.374,PID
491,24.5489,16.542,350.667,-2.539,7.501,-41.370,2.277,42.106,7.839,408517.1,408.52,36226.93,10626.93,1.150,36.410,-19.662,24.395,20.000,-21.173,16.735,PID
492,24.5989,16.906,348.592,-2.432,7.086,-41.612,1.975,42.257,7.356,408441.9,408.44,36220.23,10620.23,1.150,37.865,-16.943,21.468,20.000,-21.173,17.080,PID
493,24.6489,17.250,346.505,-2.341,6.666,-41.867,1.670,42.427,6.872,408366.6,408.37,36213.53,10613.53,1.150,39.121,-14.250,18.569,20.000,-21.173,17.408,PID
494,24.6989,17.573,344.405,-2.265,6.242,-42.132,1.364,42.613,6.390,408291.3,408.29,36206.84,10606.84,1.150,40.181,-11.584,15.699,20.000,-21.173,17.718,PID
495,24.7489,17.874,342.292,-2.205,5.815,-42.405,1.056,42.815,5.910,408216.2,408.22,36200.15,10600.15,1.150,41.046,-8.944,12.856,20.000,-21.173,18.010,PID
496,24.7988,18.154,340.165,-2.160,5.386,-42.686,0.748,43.031,5.437,408141.1,408.14,36193.46,10593.46,1.150,41.719,-6.330,10.041,20.000,-21.173,18.282,PID
497,24.8488,18.413,338.023,-2.130,4.954,-42.972,0.439,43.259,4.973,408065.9,408.07,36186.77,10586.77,1.150,42.200,-3.741,7.254,20.000,-21.173,18.536,PID
498,24.8988,18.650,335.867,-2.116,4.521,-43.261,0.130,43.497,4.523,407990.7,407.99,36180.08,10580.08,1.150,42.493,-1.178,4.494,20.000,-21.173,18.769,PID
499,24.9488,18.865,333.697,-2.117,4.087,-43.552,-0.179,43.744,4.091,407915.6,407.92,36173.39,10573.39,1.150,42.599,1.361,1.761,20.000,-21.173,18.983,PID
500,24.9988,19.058,331.512,-2.134,3.652,-43.844,-0.487,43.998,3.685,407840.4,407.84,36166.70,10566.70,1.150,42.519,3.874,-0.945,20.000,-21.173,19.177,PID
501,25.0488,19.230,329.313,-2.166,3.218,-44.133,-0.793,44.258,3.314,407765.2,407.77,36160.02,10560.01,1.150,42.257,6.363,-3.625,20.000,-21.173,19.352,PID
502,25.0988,19.380,327.099,-2.213,2.784,-44.420,-1.098,44.520,2.993,407690.2,407.69,36153.33,10553.33,1.150,41.813,8.827,-6.278,20.000,-21.173,19.506,PID
503,25.1488,19.508,324.871,-2.275,2.350,-44.701,-1.401,44.784,2.736,407615.2,407.62,36146.65,10546.65,1.150,41.189,11.268,-8.905,20.000,-21.173,19.641,PID
504,25.1988,19.615,322.629,-2.353,1.919,-44.975,-1.702,45.048,2.565,407540.1,407.54,36139.97,10539.97,1.150,40.388,13.684,-11.507,20.000,-21.173,19.756,PID
505,25.2488,19.700,320.374,-2.445,1.487,-45.236,-1.993,45.305,2.487,407465.0,407.47,36133.29,10533.29,1.150,39.412,15.969,-14.083,18.253,-20.970,19.852,PID
506,25.2988,19.764,318.106,-2.552,1.056,-45.477,-2.268,45.546,2.502,407390.0,407.39,36126.61,10526.61,1.150,38.269,17.999,-16.634,16.367,-20.774,19.928,PID
507,25.3488,19.806,315.826,-2.672,0.626,-45.696,-2.525,45.770,2.601,407315.0,407.32,36119.93,10519.93,1.150,36.969,19.777,-19.160,14.519,-20.605,19.985,PID
508,25.3987,19.827,313.536,-2.804,0.206,-45.887,-2.767,45.971,2.774,407240.0,407.24,36113.25,10513.25,1.150,35.522,21.321,-21.533,12.710,-18.420,20.024,PID
509,25.4487,19.827,311.238,-2.948,-0.195,-46.043,-2.997,46.141,3.003,407165.0,407.17,36106.57,10506.57,1.150,33.946,22.642,-23.591,10.937,-16.065,20.045,PID
510,25.4987,19.808,308.933,-3.104,-0.574,-46.164,-3.213,46.279,3.264,407090.0,407.09,36099.90,10499.90,1.150,32.258,23.738,-25.341,9.208,-13.807,20.049,PID
511,25.5487,19.770,306.622,-3.269,-0.929,-46.253,-3.414,46.388,3.538,407015.1,407.02,36093.23,10493.23,1.150,30.480,24.611,-26.791,7.533,-11.645,20.038,PID
512,25.5987,19.711,304.313,-3.447,-1.501,-46.020,-3.739,46.196,4.029,826110.1,826.11,36081.76,10481.76,2.335,28.597,26.086,-29.138,6.611,-10.108,20.010,PID
513,25.6487,19.620,302.023,-3.643,-2.111,-45.580,-4.081,45.811,4.595,838680.6,838.68,36068.10,10468.10,2.371,26.577,27.256,-31.150,4.005,-6.803,19.955,PID
514,25.6987,19.501,299.756,-3.855,-2.644,-45.060,-4.375,45.349,5.112,845000.0,845.00,36054.27,10454.27,2.390,24.472,27.768,-32.323,1.788,-3.981,19.878,PID
515,25.7487,19.357,297.518,-4.080,-3.096,-44.486,-4.619,44.832,5.560,845000.0,845.00,36040.41,10440.41,2.391,22.332,27.707,-32.757,-0.057,-1.601,19.782,PID
516,25.7987,19.193,295.308,-4.316,-3.471,-43.872,-4.815,44.272,5.935,845000.0,845.00,36026.55,10426.55,2.392,20.199,27.174,-32.571,-1.565,0.385,19.672,PID
517,25.8487,19.010,293.130,-4.562,-3.832,-43.262,-5.056,43.725,6.344,845000.0,845.00,36012.70,10412.70,2.393,18.077,27.648,-32.597,3.977,-2.317,19.550,PID
518,25.8987,18.809,290.982,-4.822,-4.214,-42.665,-5.323,43.202,6.789,845000.0,845.00,35998.84,10398.84,2.394,15.910,28.917,-33.346,6.678,-5.048,19.417,PID
519,25.9487,18.588,288.863,-5.095,-4.625,-42.086,-5.616,42.710,7.275,845000.0,845.00,35984.98,10384.98,2.395,13.644,31.028,-34.967,10.073,-8.594,19.274,PID
520,25.9986,18.346,286.773,-5.384,-5.083,-41.536,-5.944,42.266,7.821,845000.0,845.00,35971.13,10371.12,2.396,11.214,34.158,-37.703,14.345,-13.379,19.119,PID
521,26.0486,18.079,284.709,-5.690,-5.611,-41.035,-6.312,41.895,8.445,845000.0,845.00,35957.27,10357.27,2.397,8.543,38.465,-41.891,19.684,-20.139,18.953,PID
522,26.0986,17.784,282.669,-6.015,-6.190,-40.566,-6.687,41.576,9.112,845000.0,845.00,35943.41,10343.41,2.397,5.566,43.445,-47.336,20.535,-22.464,18.773,PID
523,26.1486,17.460,280.653,-6.358,-6.730,-40.061,-7.030,41.226,9.732,845000.0,845.00,35929.55,10329.55,2.398,2.463,46.453,-50.689,20.564,-22.510,18.582,PID
524,26.1986,17.112,278.664,-6.716,-7.204,-39.503,-7.304,40.814,10.259,845000.0,845.00,35915.70,10315.69,2.399,2.031,46.259,-50.866,20.590,-22.552,18.383,PID
525,26.2486,16.740,276.703,-7.089,-7.646,-38.930,-7.577,40.390,10.764,845000.0,845.00,35901.84,10301.84,2.400,5.080,46.243,-50.880,20.617,-22.593,18.179,PID
526,26.2986,16.348,274.771,-7.473,-8.036,-38.330,-7.812,39.935,11.207,834966.8,834.97,35888.02,10288.02,2.373,8.433,46.228,-50.894,20.641,-22.631,17.975,PID
527,26.3486,15.938,272.870,-7.869,-8.363,-37.738,-8.003,39.473,11.575,795845.3,795.85,35874.62,10274.62,2.262,11.835,46.213,-50.908,20.663,-22.665,17.775,PID
528,26.3986,15.513,270.997,-8.273,-8.620,-37.195,-8.147,39.040,11.861,741037.0,741.04,35862.07,10262.07,2.107,15.252,46.199,-50.921,20.682,-22.695,17.581,PID
529,26.4486,15.077,269.149,-8.683,-8.812,-36.708,-8.249,38.642,12.070,689262.5,689.26,35850.39,10250.39,1.961,18.677,46.186,-50.932,20.699,-22.720,17.399,PID
530,26.4986,14.639,267.323,-9.093,-8.510,-36.426,-8.009,38.255,11.686,712767.9,712.77,35838.94,10238.94,2.028,22.030,43.227,-47.781,-20.000,21.173,17.233,PID
531,26.5486,14.229,265.505,-9.482,-7.901,-36.305,-7.558,37.915,10.934,677588.5,677.59,35827.58,10227.58,1.929,25.052,38.466,-42.697,-20.000,21.173,17.099,PID
532,26.5985,13.849,263.691,-9.849,-7.297,-36.249,-7.114,37.654,10.191,645750.9,645.75,35816.76,10216.76,1.839,27.738,33.959,-37.883,-20.000,21.173,16.994,PID
533,26.6485,13.499,261.879,-10.193,-6.702,-36.250,-6.678,37.464,9.461,617183.6,617.18,35806.44,10206.44,1.758,30.104,29.683,-33.316,-20.000,21.173,16.915,PID
534,26.6985,13.174,260.062,-10.520,-6.310,-36.442,-6.392,37.532,8.982,403712.2,403.71,35799.82,10199.82,1.150,32.218,26.863,-30.298,-20.000,21.173,16.859,PID
535,26.7485,12.868,258.234,-10.832,-5.909,-36.651,-6.101,37.622,8.493,403637.8,403.64,35793.20,10193.19,1.150,34.127,24.071,-27.309,-20.000,21.173,16.821,PID
536,26.7985,12.583,256.396,-11.130,-5.501,-36.876,-5.805,37.734,7.998,403563.3,403.56,35786.57,10186.58,1.150,35.833,21.306,-24.350,-20.000,21.173,16.799,PID
537,26.8485,12.318,254.546,-11.413,-5.087,-37.116,-5.506,37.865,7.497,403489.0,403.49,35779.96,10179.96,1.150,37.338,18.568,-21.420,-20.000,21.173,16.793,PID
538,26.8985,12.074,252.684,-11.681,-4.668,-37.368,-5.204,38.016,6.991,403414.7,403.41,35773.35,10173.35,1.150,38.643,15.858,-18.520,-20.000,21.173,16.800,PID
539,26.9485,11.852,250.809,-11.933,-4.245,-37.630,-4.900,38.185,6.484,403340.4,403.34,35766.74,10166.74,1.150,39.751,13.174,-15.647,-20.000,21.173,16.819,PID
540,26.9985,11.650,248.921,-12.171,-3.819,-37.902,-4.595,38.370,5.975,403266.0,403.27,35760.13,10160.13,1.150,40.664,10.517,-12.804,-20.000,21.173,16.848,PID
541,27.0485,11.470,247.019,-12.393,-3.390,-38.182,-4.288,38.571,5.466,403191.8,403.19,35753.52,10153.52,1.150,41.384,7.886,-9.988,-20.000,21.173,16.886,PID
542,27.0985,11.311,245.103,-12.600,-2.958,-38.467,-3.980,38.785,4.959,403117.4,403.12,35746.91,10146.91,1.150,41.912,5.281,-7.200,-20.000,21.173,16.932,PID
543,27.1485,11.174,243.172,-12.791,-2.526,-38.756,-3.672,39.011,4.457,403043.1,403.04,35740.30,10140.30,1.150,42.251,2.702,-4.440,-20.000,21.173,16.984,PID
544,27.1984,11.058,241.227,-12.967,-2.092,-39.047,-3.364,39.248,3.962,402968.8,402.97,35733.69,10133.69,1.150,42.401,0.149,-1.707,-20.000,21.173,17.042,PID
545,27.2484,10.965,239.268,-13.127,-1.659,-39.339,-3.057,39.492,3.478,402894.6,402.89,35727.09,10127.08,1.150,42.366,-2.379,0.999,-20.000,21.173,17.104,PID
546,27.2984,10.893,237.294,-13.272,-1.225,-39.629,-2.750,39.744,3.010,402820.4,402.82,35720.48,10120.48,1.150,42.147,-4.883,3.678,-20.000,21.173,17.170,PID
547,27.3484,10.842,235.305,-13.402,-0.792,-39.917,-2.443,40.000,2.569,402746.2,402.75,35713.88,10113.88,1.150,41.745,-7.361,6.330,-20.000,21.173,17.239,PID
548,27.3984,10.813,233.302,-13.517,-0.360,-40.200,-2.139,40.259,2.169,402672.0,402.67,35707.28,10107.28,1.150,41.163,-9.815,8.956,-20.000,21.173,17.310,PID
549,27.4484,10.806,231.285,-13.616,0.070,-40.477,-1.836,40.519,1.837,402597.8,402.60,35700.68,10100.68,1.150,40.402,-12.244,11.556,-20.000,21.173,17.383,PID
550,27.4984,10.820,229.254,-13.700,0.497,-40.746,-1.535,40.778,1.614,402523.7,402.52,35694.08,10094.08,1.150,39.465,-14.649,14.131,-20.000,21.173,17.458,PID
551,27.5484,10.856,227.210,-13.770,0.922,-41.004,-1.239,41.033,1.544,402449.5,402.45,35687.48,10087.47,1.150,38.352,-16.993,16.679,-18.979,21.051,17.534,PID
552,27.5984,10.912,225.154,-13.825,1.342,-41.236,-0.956,41.269,1.648,402375.3,402.38,35680.88,10080.87,1.150,37.072,-19.100,19.130,-16.991,19.332,17.612,PID
553,27.6484,10.990,223.087,-13.865,1.745,-41.433,-0.683,41.475,1.874,402301.2,402.30,35674.28,10074.28,1.150,35.641,-20.967,21.287,-15.028,16.962,17.692,PID
554,27.6984,11.087,221.012,-13.893,2.129,-41.593,-0.422,41.650,2.170,402227.1,402.23,35667.69,10067.69,1.150,34.078,-22.589,23.145,-13.100,14.699,17.774,PID
555,27.7484,11.202,218.929,-13.908,2.491,-41.720,-0.174,41.794,2.497,402153.1,402.15,35661.10,10061.10,1.150,32.403,-23.963,24.712,-11.216,12.541,17.858,PID
556,27.7983,11.335,216.840,-13.911,2.829,-41.813,0.057,41.909,2.830,402078.9,402.08,35654.51,10054.51,1.150,30.633,-25.091,25.997,-9.384,10.486,17.944,PID
557,27.8483,11.488,214.752,-13.900,3.346,-41.623,0.412,41.759,3.371,822620.1,822.62,35643.77,10043.77,2.354,28.765,-26.839,27.959,-8.358,9.257,18.033,PID
558,27.8983,11.670,212.681,-13.869,3.934,-41.184,0.816,41.379,4.018,835021.4,835.02,35630.17,10030.17,2.390,26.756,-28.453,29.776,-5.444,6.097,18.126,PID
559,27.9483,11.880,210.635,-13.820,4.447,-40.662,1.168,40.921,4.598,845000.0,845.00,35616.38,10016.38,2.419,24.656,-29.324,30.792,-2.948,3.423,18.224,PID
560,27.9983,12.114,208.616,-13.754,4.883,-40.081,1.466,40.404,5.098,845000.0,845.00,35602.52,10002.52,2.420,22.516,-29.540,31.108,-0.851,1.185,18.327,PID
561,28.0483,12.367,206.627,-13.674,5.242,-39.458,1.710,39.841,5.514,845000.0,845.00,35588.66,9988.66,2.421,20.379,-29.208,30.838,0.880,-0.667,18.437,PID
562,28.0983,12.638,204.670,-13.583,5.606,-38.836,1.953,39.287,5.936,845000.0,845.00,35574.80,9974.81,2.422,18.257,-29.283,31.078,-2.608,3.425,18.553,PID
563,28.1483,12.928,202.744,-13.478,6.001,-38.228,2.214,38.760,6.396,845000.0,845.00,35560.95,9960.95,2.423,16.088,-30.132,32.191,-5.159,6.278,18.676,PID
564,28.1983,13.239,200.847,-13.361,6.431,-37.639,2.496,38.266,6.898,845000.0,845.00,35547.09,9947.09,2.424,13.817,-31.791,34.225,-8.369,9.979,18.809,PID
565,28.2483,13.572,198.979,-13.228,6.912,-37.080,2.806,37.823,7.460,845000.0,845.00,35533.23,9933.23,2.425,11.374,-34.428,37.435,-12.419,14.947,18.952,PID
566,28.2983,13.931,197.138,-13.080,7.469,-36.571,3.149,37.458,8.106,845000.0,845.00,35519.38,9919.38,2.426,8.674,-38.194,42.171,-17.507,21.895,19.109,PID
567,28.3483,14.320,195.321,-12.913,8.066,-36.095,3.522,37.153,8.801,845000.0,845.00,35505.52,9905.52,2.427,5.626,-42.959,47.957,-19.930,23.302,19.282,PID
568,28.3982,14.737,193.529,-12.728,8.620,-35.585,3.871,36.818,9.449,845000.0,845.00,35491.66,9891.66,2.428,2.247,-45.694,51.374,-19.958,23.357,19.472,PID
569,28.4482,15.181,191.764,-12.526,9.124,-35.038,4.188,36.448,10.039,845000.0,845.00,35477.80,9877.81,2.429,1.223,-45.528,51.521,-19.984,23.408,19.681,PID
570,28.4982,15.648,190.026,-12.310,9.577,-34.457,4.470,36.041,10.569,845000.0,845.00,35463.95,9863.95,2.430,4.646,-45.382,51.650,-20.009,23.457,19.910,PID
571,28.5482,16.137,188.318,-12.080,9.975,-33.850,4.717,35.603,11.034,833567.3,833.57,35450.15,9850.15,2.398,8.081,-45.249,51.766,-20.031,23.502,20.158,PID
572,28.5982,16.645,186.641,-11.839,10.308,-33.249,4.923,35.157,11.423,797599.8,797.60,35436.74,9836.74,2.295,11.519,-45.131,51.869,-20.051,23.543,20.426,PID
573,28.6482,17.167,184.992,-11.588,10.569,-32.695,5.083,34.735,11.728,742611.6,742.61,35424.16,9824.16,2.138,14.956,-45.030,51.957,-20.068,23.579,20.712,PID
574,28.6982,17.701,183.370,-11.331,10.764,-32.198,5.200,34.345,11.954,690717.5,690.72,35412.46,9812.46,1.989,18.394,-44.943,52.033,-20.082,23.610,21.017,PID
575,28.7482,18.238,181.770,-11.072,10.524,-31.882,5.034,33.949,11.666,713049.6,713.05,35401.10,9801.10,2.054,21.777,-42.426,49.408,20.000,-21.173,21.336,PID
576,28.7982,18.748,180.180,-10.831,9.887,-31.751,4.608,33.573,10.908,678263.1,678.26,35389.72,9789.72,1.954,24.838,-37.610,44.240,20.000,-21.173,21.652,PID
577,28.8482,19.227,178.594,-10.611,9.257,-31.687,4.188,33.276,10.160,646374.4,646.37,35378.90,9778.90,1.863,27.556,-33.052,39.347,20.000,-21.173,21.960,PID
578,28.8982,19.674,177.010,-10.412,8.636,-31.681,3.775,33.053,9.425,617756.6,617.76,35368.56,9768.56,1.781,29.949,-28.729,34.705,20.000,-21.173,22.259,PID
579,28.9481,20.095,175.422,-10.231,8.210,-31.857,3.493,33.083,8.922,398781.8,398.78,35361.67,9761.67,1.150,32.078,-25.778,31.523,20.000,-21.173,22.549,PID
580,28.9981,20.495,173.824,-10.063,7.797,-32.067,3.220,33.158,8.436,398708.4,398.71,35355.14,9755.14,1.150,34.001,-22.993,28.519,20.000,-21.173,22.832,PID
581,29.0481,20.874,172.215,-9.909,7.377,-32.292,2.944,33.255,7.943,398634.9,398.63,35348.60,9748.60,1.150,35.721,-20.236,25.545,20.000,-21.173,23.107,PID
582,29.0981,21.232,170.594,-9.768,6.951,-32.532,2.664,33.373,7.444,398561.4,398.56,35342.07,9742.07,1.150,37.239,-17.507,22.600,20.000,-21.173,23.372,PID
583,29.1481,21.569,168.962,-9.642,6.520,-32.785,2.381,33.512,6.941,398487.9,398.49,35335.54,9735.54,1.150,38.558,-14.805,19.685,20.000,-21.173,23.626,PID
584,29.1981,21.884,167.316,-9.530,6.084,-33.048,2.096,33.669,6.435,398414.4,398.41,35329.00,9729.00,1.150,39.679,-12.130,16.799,20.000,-21.173,23.869,PID
585,29.2481,22.177,165.657,-9.433,5.644,-33.321,1.810,33.844,5.927,398341.0,398.34,35322.47,9722.47,1.150,40.605,-9.482,13.942,20.000,-21.173,24.100,PID
586,29.2981,22.449,163.984,-9.349,5.202,-33.602,1.523,34.036,5.420,398267.5,398.27,35315.94,9715.94,1.150,41.338,-6.860,11.113,20.000,-21.173,24.318,PID
587,29.3481,22.698,162.296,-9.281,4.757,-33.888,1.235,34.243,4.915,398194.1,398.19,35309.41,9709.41,1.150,41.880,-4.265,8.313,20.000,-21.173,24.522,PID
588,29.3981,22.924,160.595,-9.226,4.311,-34.178,0.948,34.462,4.414,398120.7,398.12,35302.88,9702.88,1.150,42.232,-1.695,5.541,20.000,-21.173,24.711,PID
589,29.4481,23.129,158.878,-9.186,3.864,-34.471,0.661,34.693,3.920,398047.4,398.05,35296.36,9696.36,1.150,42.397,0.848,2.796,20.000,-21.173,24.886,PID
590,29.4981,23.311,157.148,-9.160,3.415,-34.764,0.374,34.934,3.436,397974.1,397.97,35289.84,9689.84,1.150,42.376,3.366,0.080,20.000,-21.173,25.046,PID
591,29.5480,23.470,155.402,-9.148,2.967,-35.056,0.089,35.182,2.968,397900.6,397.90,35283.31,9683.31,1.150,42.172,5.859,-2.610,20.000,-21.173,25.190,PID
592,29.5980,23.607,153.642,-9.151,2.519,-35.346,-0.194,35.436,2.526,397827.4,397.83,35276.79,9676.79,1.150,41.787,8.327,-5.273,20.000,-21.173,25.319,PID
593,29.6480,23.722,151.868,-9.168,2.071,-35.631,-0.476,35.694,2.125,397754.0,397.75,35270.27,9670.27,1.150,41.221,10.770,-7.909,20.000,-21.173,25.432,PID
594,29.6980,23.815,150.079,-9.198,1.625,-35.909,-0.754,35.954,1.792,397680.7,397.68,35263.74,9663.74,1.150,40.479,13.181,-10.518,19.596,-21.124,25.529,PID
595,29.7480,23.885,148.277,-9.243,1.179,-36.172,-1.020,36.205,1.559,397607.3,397.61,35257.22,9657.22,1.150,39.563,15.401,-13.101,17.737,-20.914,25.611,PID
596,29.7980,23.932,146.462,-9.300,0.733,-36.415,-1.269,36.445,1.466,397534.1,397.53,35250.71,9650.71,1.150,38.482,17.373,-15.659,15.911,-20.730,25.676,PID
597,29.8480,23.958,144.636,-9.370,0.289,-36.639,-1.501,36.671,1.529,397460.9,397.46,35244.19,9644.19,1.150,37.246,19.101,-18.190,14.124,-20.572,25.725,PID
598,29.8980,23.961,142.799,-9.450,-0.152,-36.841,-1.715,36.881,1.722,397387.6,397.39,35237.68,9637.68,1.150,35.862,20.592,-20.684,12.379,-19.879,25.758,PID
599,29.9480,23.943,140.952,-9.541,-0.576,-37.012,-1.917,37.066,2.001,397314.4,397.31,35231.16,9631.17,1.150,34.343,21.865,-22.931,10.672,-17.462,25.774,PID
600,29.9980,23.904,139.098,-9.641,-0.979,-37.148,-2.106,37.220,2.323,397241.2,397.24,35224.65,9624.65,1.150,32.707,22.925,-24.861,9.008,-15.138,25.775,PID
601,30.0480,23.846,137.238,-9.751,-1.357,-37.251,-2.282,37.345,2.655,397167.9,397.17,35218.14,9618.14,1.150,30.974,23.773,-26.482,7.393,-12.906,25.762,PID
602,30.0980,23.767,135.375,-9.870,-1.867,-37.151,-2.519,37.283,3.135,826856.6,826.86,35208.79,9608.79,2.395,29.149,24.909,-28.600,6.941,-11.776,25.735,PID
603,30.1479,23.657,133.528,-10.004,-2.548,-36.716,-2.832,36.914,3.809,839280.1,839.28,35195.12,9595.12,2.432,27.177,26.202,-31.093,4.291,-8.174,25.685,PID
604,30.1979,23.514,131.705,-10.153,-3.146,-36.196,-3.101,36.465,4.418,845000.0,845.00,35181.28,9581.28,2.449,25.100,26.813,-32.652,2.045,-5.099,25.612,PID
605,30.2479,23.343,129.910,-10.314,-3.657,-35.615,-3.323,35.956,4.942,845000.0,845.00,35167.42,9567.42,2.450,22.971,26.831,-33.384,0.182,-2.504,25.520,PID
606,30.2979,23.150,128.144,-10.484,-4.084,-34.989,-3.502,35.401,5.380,845000.0,845.00,35153.56,9553.56,2.451,20.837,26.363,-33.421,-1.334,-0.337,25.413,PID
607,30.3479,22.936,126.411,-10.664,-4.463,-34.350,-3.700,34.836,5.798,845000.0,845.00,35139.71,9539.71,2.452,18.721,26.434,-33.219,3.560,-1.398,25.294,PID
608,30.3979,22.703,124.709,-10.855,-4.861,-33.726,-3.946,34.302,6.261,845000.0,845.00,35125.85,9525.85,2.453,16.578,27.600,-33.686,6.097,-3.952,25.164,PID
609,30.4479,22.449,123.038,-11.059,-5.287,-33.117,-4.216,33.801,6.762,845000.0,845.00,35111.99,9511.99,2.454,14.354,29.586,-34.995,9.300,-7.248,25.025,PID
610,30.4979,22.174,121.397,-11.277,-5.756,-32.536,-4.520,33.349,7.318,845000.0,845.00,35098.13,9498.14,2.455,11.986,32.573,-37.374,13.352,-11.663,24.876,PID
611,30.5479,21.873,119.784,-11.511,-6.291,-31.998,-4.863,32.971,7.951,845000.0,845.00,35084.28,9484.28,2.456,9.402,36.739,-41.146,18.447,-17.852,24.717,PID
612,30.5979,21.543,118.196,-11.764,-6.900,-31.510,-5.226,32.678,8.656,845000.0,845.00,35070.42,9470.42,2.457,6.535,41.850,-46.497,20.671,-22.435,24.546,PID
613,30.6479,21.183,116.633,-12.034,-7.485,-30.996,-5.559,32.368,9.324,845000.0,845.00,35056.56,9456.56,2.458,3.496,46.039,-51.065,20.703,-22.493,24.363,PID
614,30.6979,20.796,115.098,-12.318,-8.004,-30.422,-5.805,31.989,9.888,845000.0,845.00,35042.70,9442.71,2.459,1.978,45.717,-51.354,20.706,-21.908,24.170,PID
615,30.7478,20.384,113.591,-12.615,-8.478,-29.832,-6.074,31.603,10.429,845000.0,845.00,35028.85,9428.85,2.460,4.385,45.853,-51.232,20.757,-22.598,23.971,PID
616,30.7978,19.949,112.115,-12.924,-8.908,-29.214,-6.305,31.186,10.913,845000.0,845.00,35014.99,9414.99,2.461,7.628,45.901,-51.189,20.783,-22.646,23.770,PID
617,30.8478,19.494,110.670,-13.245,-9.276,-28.591,-6.496,30.751,11.324,812502.4,812.50,35001.39,9401.39,2.367,10.990,45.940,-51.154,20.806,-22.690,23.568,PID
618,30.8978,19.023,109.255,-13.573,-9.570,-28.009,-6.642,30.335,11.649,756748.3,756.75,34988.58,9388.58,2.206,14.388,45.971,-51.126,20.827,-22.728,23.368,PID
619,30.9478,18.538,107.868,-13.908,-9.793,-27.485,-6.746,29.947,11.892,704310.0,704.31,34976.65,9376.65,2.053,17.801,45.995,-51.105,20.844,-22.762,23.175,PID
620,30.9978,18.046,106.505,-14.246,-9.723,-27.096,-6.666,29.549,11.789,720175.0,720.18,34965.30,9365.31,2.100,21.201,44.497,-49.478,-20.000,21.173,22.991,PID
621,31.0478,17.576,105.155,-14.568,-9.079,-26.940,-6.224,29.102,11.008,689699.7,689.70,34953.74,9353.74,2.012,24.314,39.525,-44.165,-20.000,21.173,22.829,PID
622,31.0978,17.138,103.810,-14.869,-8.439,-26.855,-5.788,28.738,10.233,657362.3,657.36,34942.73,9342.73,1.918,27.078,34.819,-39.136,-20.000,21.173,22.689,PID
623,31.1478,16.732,102.468,-15.147,-7.807,-26.830,-5.359,28.452,9.469,628387.6,628.39,34932.21,9332.22,1.834,29.509,30.355,-34.364,-20.000,21.173,22.570,PID
624,31.1978,16.354,101.124,-15.406,-7.338,-26.968,-5.044,28.400,8.904,393862.5,393.86,34924.63,9324.63,1.150,31.652,27.082,-30.860,-20.000,21.173,22.468,PID
625,31.2478,15.998,99.771,-15.652,-6.929,-27.176,-4.770,28.448,8.412,393789.8,393.79,34918.18,9318.18,1.150,33.587,24.281,-27.859,-20.000,21.173,22.381,PID
626,31.2978,15.662,98.406,-15.883,-6.512,-27.400,-4.491,28.519,7.911,393717.2,393.72,34911.72,9311.72,1.150,35.318,21.508,-24.887,-20.000,21.173,22.306,PID
627,31.3477,15.347,97.030,-16.101,-6.089,-27.638,-4.210,28.612,7.403,393644.6,393.64,34905.27,9305.27,1.150,36.848,18.763,-21.946,-20.000,21.173,22.243,PID
628,31.3977,15.053,95.642,-16.304,-5.660,-27.889,-3.926,28.727,6.889,393572.0,393.57,34898.81,9298.81,1.150,38.178,16.046,-19.035,-20.000,21.173,22.191,PID
629,31.4477,14.781,94.241,-16.494,-5.227,-28.151,-3.641,28.863,6.370,393499.3,393.50,34892.36,9292.36,1.150,39.310,13.357,-16.153,-20.000,21.173,22.147,PID
630,31.4977,14.530,92.827,-16.668,-4.790,-28.423,-3.353,29.018,5.847,393426.8,393.43,34885.91,9285.91,1.150,40.247,10.695,-13.301,-20.000,21.173,22.112,PID
631,31.5477,14.302,91.399,-16.829,-4.351,-28.702,-3.065,29.191,5.322,393354.3,393.35,34879.46,9279.46,1.150,40.989,8.060,-10.477,-20.000,21.173,22.085,PID
632,31.5977,14.095,89.957,-16.975,-3.909,-28.987,-2.776,29.381,4.794,393281.7,393.28,34873.02,9273.02,1.150,41.540,5.451,-7.682,-20.000,21.173,22.064,PID
633,31.6477,13.911,88.500,-17.106,-3.465,-29.276,-2.486,29.585,4.265,393209.2,393.21,34866.57,9266.57,1.150,41.901,2.870,-4.915,-20.000,21.173,22.049,PID
634,31.6977,13.749,87.029,-17.224,-3.021,-29.568,-2.197,29.803,3.735,393136.7,393.14,34860.13,9260.13,1.150,42.074,0.314,-2.177,-20.000,21.173,22.038,PID
635,31.7477,13.609,85.543,-17.326,-2.576,-29.861,-1.908,30.032,3.205,393064.2,393.06,34853.68,9253.68,1.150,42.061,-2.216,0.534,-20.000,21.173,22.032,PID
636,31.7977,13.491,84.043,-17.414,-2.131,-30.152,-1.620,30.271,2.676,392991.7,392.99,34847.23,9247.23,1.150,41.864,-4.720,3.218,-20.000,21.173,22.029,PID
637,31.8477,13.396,82.528,-17.488,-1.686,-30.441,-1.332,30.517,2.149,392919.2,392.92,34840.79,9240.79,1.150,41.484,-7.199,5.874,-20.000,21.173,22.029,PID
638,31.8977,13.322,80.999,-17.548,-1.243,-30.726,-1.046,30.769,1.625,392846.7,392.85,34834.34,9234.35,1.150,40.924,-9.652,8.503,-20.000,21.173,22.032,PID
639,31.9476,13.271,79.456,-17.593,-0.801,-31.004,-0.762,31.024,1.106,392774.3,392.77,34827.91,9227.91,1.150,40.185,-12.081,11.105,-20.000,21.173,22.037,PID
640,31.9976,13.242,77.899,-17.624,-0.362,-31.275,-0.480,31.281,0.601,392701.9,392.70,34821.47,9221.47,1.150,39.269,-14.484,13.681,-20.000,21.173,22.044,PID
641,32.0476,13.235,76.328,-17.641,0.074,-31.536,-0.201,31.536,0.215,392629.6,392.63,34815.04,9215.04,1.150,38.178,-16.834,16.231,-19.117,21.067,22.054,PID
642,32.0977,13.250,74.745,-17.644,0.505,-31.771,0.064,31.775,0.509,392557.2,392.56,34808.60,9208.60,1.150,36.920,-18.956,18.681,-17.126,19.343,22.065,PID
643,32.1477,13.285,73.152,-17.635,0.919,-31.971,0.321,31.986,0.973,392484.8,392.48,34802.17,9202.17,1.150,35.509,-20.836,20.838,-15.161,16.990,22.079,PID
644,32.1977,13.341,71.549,-17.612,1.312,-32.136,0.566,32.168,1.430,392412.4,392.41,34795.73,9195.73,1.150,33.967,-22.470,22.699,-13.230,14.742,22.095,PID
645,32.2477,13.416,69.939,-17.578,1.684,-32.266,0.799,32.320,1.864,392340.0,392.34,34789.30,9189.30,1.150,32.311,-23.857,24.271,-11.343,12.600,22.113,PID
646,32.2977,13.509,68.323,-17.533,2.032,-32.364,1.017,32.443,2.272,392267.7,392.27,34782.86,9182.86,1.150,30.560,-24.996,25.562,-9.509,10.560,22.133,PID
647,32.3477,13.622,66.707,-17.474,2.585,-32.152,1.365,32.284,2.923,845000.0,845.00,34771.98,9171.98,2.478,28.709,-26.844,27.628,-8.453,9.316,22.157,PID
648,32.3977,13.768,65.111,-17.396,3.215,-31.677,1.761,31.888,3.666,845000.0,845.00,34758.12,9158.12,2.479,26.707,-28.551,29.541,-5.468,6.097,22.185,PID
649,32.4477,13.942,63.540,-17.299,3.757,-31.129,2.102,31.425,4.305,845000.0,845.00,34744.26,9144.26,2.480,24.610,-29.450,30.588,-2.943,3.409,22.218,PID
650,32.4977,14.142,61.999,-17.187,4.215,-30.524,2.388,30.906,4.845,845000.0,845.00,34730.40,9130.40,2.481,22.473,-29.667,30.910,-0.837,1.176,22.257,PID
651,32.5478,14.363,60.489,-17.061,4.593,-29.877,2.623,30.341,5.289,845000.0,845.00,34716.55,9116.55,2.482,20.340,-29.322,30.635,0.892,-0.661,22.302,PID
652,32.5978,14.602,59.011,-16.924,4.978,-29.231,2.854,29.789,5.738,845000.0,845.00,34702.69,9102.69,2.483,18.220,-29.372,30.939,-2.510,3.677,22.353,PID
653,32.6478,14.861,57.565,-16.776,5.399,-28.601,3.102,29.271,6.227,845000.0,845.00,34688.83,9088.83,2.484,16.052,-30.214,32.166,-5.074,6.606,22.411,PID
654,32.6978,15.142,56.151,-16.614,5.858,-27.991,3.369,28.795,6.758,845000.0,845.00,34674.97,9074.97,2.485,13.775,-31.892,34.366,-8.318,10.429,22.479,PID
655,32.7478,15.448,54.766,-16.438,6.375,-27.413,3.662,28.381,7.352,845000.0,845.00,34661.12,9061.12,2.486,11.319,-34.582,37.812,-12.432,15.593,22.558,PID
656,32.7978,15.781,53.409,-16.247,6.973,-26.888,3.985,28.062,8.032,845000.0,845.00,34647.26,9047.26,2.487,8.592,-38.439,42.882,-17.618,22.857,22.650,PID
657,32.8478,16.146,52.076,-16.039,7.605,-26.393,4.339,27.808,8.756,845000.0,845.00,34633.40,9033.40,2.488,5.505,-43.308,48.892,-19.863,23.617,22.758,PID
658,32.8978,16.541,50.770,-15.814,8.191,-25.863,4.669,27.528,9.429,845000.0,845.00,34619.54,9019.54,2.489,2.116,-45.380,51.652,-19.899,23.691,22.884,PID
659,32.9478,16.964,49.491,-15.573,8.724,-25.292,4.963,27.210,10.037,845000.0,845.00,34605.69,9005.69,2.490,1.403,-45.157,51.847,-19.933,23.761,23.028,PID
660,32.9978,17.412,48.241,-15.318,9.203,-24.688,5.231,26.862,10.586,845000.0,845.00,34591.83,8991.83,2.491,4.806,-44.990,51.992,-19.965,23.826,23.191,PID
661,33.0479,17.883,47.023,-15.050,9.627,-24.054,5.466,26.479,11.070,845000.0,845.00,34577.97,8977.97,2.492,8.239,-44.837,52.124,-19.994,23.887,23.374,PID
662,33.0979,18.374,45.836,-14.772,9.992,-23.392,5.667,26.061,11.487,845000.0,845.00,34564.11,8964.11,2.493,11.675,-44.698,52.243,-20.022,23.943,23.576,PID
663,33.1479,18.882,44.684,-14.484,10.298,-22.708,5.834,25.607,11.836,845000.0,845.00,34550.26,8950.26,2.494,15.112,-44.572,52.351,-20.046,23.994,23.797,PID
664,33.1979,19.403,43.565,-14.189,10.537,-22.040,5.963,25.146,12.107,790574.6,790.57,34536.81,8936.81,2.334,18.549,-44.460,52.446,-20.067,24.039,24.037,PID
665,33.2479,19.928,42.477,-13.892,10.248,-21.592,5.783,24.590,11.767,813897.0,813.90,34523.84,8923.85,2.404,21.924,-41.547,49.414,20.000,-21.173,24.293,PID
666,33.2979,20.422,41.403,-13.614,9.480,-21.362,5.322,23.970,10.872,772763.9,772.76,34510.88,8910.88,2.283,24.926,-35.987,43.444,20.000,-21.173,24.544,PID
667,33.3479,20.877,40.339,-13.360,8.721,-21.210,4.868,23.444,9.988,736410.8,736.41,34498.54,8898.54,2.177,27.533,-30.734,37.800,20.000,-21.173,24.785,PID
668,33.3979,21.294,39.281,-13.127,7.974,-21.122,4.423,23.006,9.118,705136.4,705.14,34486.76,8886.76,2.085,29.767,-25.750,32.444,20.000,-21.173,25.015,PID
669,33.4479,21.679,38.222,-12.914,7.493,-21.267,4.137,22.925,8.559,388848.5,388.85,34479.36,8879.36,1.150,31.696,-22.556,28.993,20.000,-21.173,25.234,PID
670,33.4980,22.043,37.154,-12.714,7.070,-21.477,3.887,22.942,8.068,388776.8,388.78,34472.98,8872.98,1.150,33.420,-19.798,26.007,20.000,-21.173,25.447,PID
671,33.5480,22.386,36.074,-12.526,6.639,-21.700,3.633,22.982,7.568,388705.0,388.71,34466.60,8866.60,1.150,34.943,-17.068,23.051,20.000,-21.173,25.652,PID
672,33.5980,22.707,34.984,-12.350,6.203,-21.935,3.377,23.044,7.063,388633.3,388.63,34460.23,8860.23,1.150,36.266,-14.366,20.126,20.000,-21.173,25.849,PID
673,33.6480,23.006,33.881,-12.188,5.762,-22.181,3.119,23.129,6.552,388561.6,388.56,34453.87,8853.87,1.150,37.391,-11.692,17.231,20.000,-21.173,26.035,PID
674,33.6980,23.283,32.765,-12.038,5.317,-22.437,2.859,23.235,6.037,388489.9,388.49,34447.50,8847.50,1.150,38.322,-9.045,14.365,20.000,-21.173,26.211,PID
675,33.7480,23.538,31.637,-11.902,4.869,-22.700,2.599,23.361,5.519,388418.2,388.42,34441.13,8841.13,1.150,39.059,-6.426,11.529,20.000,-21.173,26.376,PID
676,33.7980,23.770,30.495,-11.778,4.418,-22.969,2.339,23.507,4.998,388346.5,388.35,34434.77,8834.76,1.150,39.604,-3.833,8.722,20.000,-21.173,26.528,PID
677,33.8480,23.980,29.340,-11.668,3.964,-23.242,2.078,23.669,4.476,388274.8,388.27,34428.40,8828.40,1.150,39.961,-1.268,5.943,20.000,-21.173,26.668,PID
678,33.8980,24.167,28.171,-11.571,3.510,-23.517,1.819,23.847,3.953,388203.2,388.20,34422.03,8822.03,1.150,40.130,1.272,3.194,20.000,-21.173,26.794,PID
679,33.9481,24.331,26.988,-11.486,3.055,-23.793,1.560,24.039,3.430,388131.6,388.13,34415.66,8815.66,1.150,40.114,3.785,0.472,20.000,-21.173,26.906,PID
680,33.9981,24.472,25.792,-11.415,2.599,-24.068,1.303,24.243,2.907,388060.0,388.06,34409.30,8809.30,1.150,39.916,6.273,-2.221,20.000,-21.173,27.003,PID
681,34.0481,24.591,24.581,-11.356,2.144,-24.341,1.048,24.457,2.386,387988.4,387.99,34402.94,8802.94,1.150,39.536,8.735,-4.887,20.000,-21.173,27.086,PID
682,34.0981,24.686,23.358,-11.310,1.689,-24.607,0.796,24.678,1.867,387916.8,387.92,34396.59,8796.58,1.150,38.977,11.149,-7.525,19.269,-21.085,27.154,PID
683,34.1481,24.759,22.121,-11.276,1.234,-24.860,0.558,24.897,1.354,387845.3,387.85,34390.23,8790.23,1.150,38.245,13.352,-10.137,17.498,-20.888,27.206,PID
684,34.1981,24.810,20.872,-11.254,0.780,-25.095,0.336,25.110,0.849,387773.8,387.77,34383.87,8783.87,1.150,37.349,15.317,-12.721,15.758,-20.716,27.243,PID
685,34.2481,24.838,19.612,-11.242,0.328,-25.313,0.132,25.316,0.354,387702.2,387.70,34377.51,8777.51,1.150,36.295,17.048,-15.279,14.052,-20.566,27.263,PID
686,34.2981,24.843,18.341,-11.240,-0.120,-25.513,-0.056,25.514,0.132,387630.7,387.63,34371.16,8771.15,1.150,35.093,18.551,-17.810,12.386,-20.438,27.267,PID
687,34.3481,24.826,17.061,-11.247,-0.561,-25.692,-0.227,25.699,0.605,387559.2,387.56,34364.80,8764.80,1.150,33.751,19.835,-20.258,10.762,-19.014,27.255,PID
688,34.3981,24.787,15.772,-11.263,-0.981,-25.839,-0.388,25.860,1.055,387487.6,387.49,34358.44,8758.44,1.150,32.282,20.918,-22.410,9.176,-16.681,27.226,PID
689,34.4482,24.728,14.477,-11.286,-1.378,-25.954,-0.538,25.996,1.479,387416.2,387.42,34352.09,8752.09,1.150,30.705,21.800,-24.251,7.636,-14.434,27.182,PID
690,34.4982,24.647,13.180,-11.317,-1.977,-25.812,-0.764,25.899,2.120,845000.0,845.00,34341.99,8741.99,2.509,29.018,23.206,-27.010,7.356,-13.292,27.121,PID
691,34.5482,24.529,11.900,-11.363,-2.726,-25.364,-1.044,25.532,2.920,845000.0,845.00,34328.13,8728.13,2.510,27.149,24.675,-30.018,4.650,-9.415,27.033,PID
692,34.5982,24.376,10.645,-11.421,-3.380,-24.835,-1.281,25.097,3.614,845000.0,845.00,34314.27,8714.28,2.511,25.153,25.418,-31.962,2.377,-6.134,26.919,PID
693,34.6482,24.192,9.418,-11.490,-3.939,-24.243,-1.475,24.605,4.206,845000.0,845.00,34300.42,8700.42,2.512,23.087,25.547,-33.000,0.501,-3.373,26.782,PID
694,34.6982,23.983,8.222,-11.568,-4.409,-23.602,-1.631,24.065,4.700,845000.0,845.00,34286.56,8686.56,2.513,21.001,25.175,-33.279,-1.020,-1.067,26.627,PID
695,34.7482,23.753,7.058,-11.653,-4.809,-22.936,-1.798,23.504,5.134,845000.0,845.00,34272.70,8672.70,2.514,18.929,25.112,-33.025,3.122,-0.542,26.457,PID
696,34.7982,23.502,5.928,-11.749,-5.216,-22.280,-2.017,22.971,5.592,845000.0,845.00,34258.84,8658.85,2.515,16.843,26.163,-33.218,5.481,-2.884,26.275,PID
697,34.8482,23.231,4.830,-11.855,-5.647,-21.638,-2.260,22.477,6.083,845000.0,845.00,34244.99,8644.99,2.516,14.694,28.002,-34.206,8.470,-5.891,26.081,PID
698,34.8983,22.937,3.764,-11.975,-6.119,-21.019,-2.533,22.038,6.623,845000.0,845.00,34231.13,8631.13,2.517,12.423,30.813,-36.203,12.271,-9.890,25.875,PID
699,34.9483,22.618,2.727,-12.109,-6.653,-20.439,-2.845,21.682,7.236,845000.0,845.00,34217.27,8617.27,2.518,9.964,34.792,-39.512,17.079,-15.441,25.655,PID
700,34.9983,22.270,1.719,-12.260,-7.273,-19.916,-3.188,21.441,7.941,845000.0,845.00,34203.41,8603.42,2.519,7.250,39.936,-44.521,20.701,-22.402,25.422,PID
701,35.0383,21.969,0.930,-12.393,-7.780,-19.497,-3.442,21.272,8.507,845000.0,845.00,34192.33,8592.33,2.520,4.921,44.156,-49.122,20.729,-22.466,25.223,PID
702,35.0433,21.930,0.833,-12.410,-7.841,-19.443,-3.473,21.250,8.576,845000.0,845.00,34190.95,8590.94,2.520,4.630,44.682,-49.695,20.733,-22.473,25.198,PID
703,35.0483,21.890,0.736,-12.428,-7.902,-19.388,-3.503,21.228,8.643,845000.0,845.00,34189.56,8589.56,2.520,4.342,45.207,-50.268,20.736,-22.481,25.172,PID
704,35.0533,21.851,0.639,-12.445,-7.959,-19.330,-3.523,21.199,8.704,845000.0,845.00,34188.17,8588.17,2.520,4.059,45.590,-50.825,15.383,-21.305,25.146,PID
705,35.0583,21.811,0.543,-12.463,-8.016,-19.271,-3.543,21.170,8.764,845000.0,845.00,34186.79,8586.79,2.520,3.783,45.846,-51.239,15.434,-21.321,25.120,PID
706,35.0633,21.771,0.447,-12.481,-8.072,-19.211,-3.563,21.140,8.823,845000.0,845.00,34185.40,8585.40,2.521,3.518,45.784,-51.294,15.541,-21.347,25.094,PID
707,35.0683,21.730,0.351,-12.498,-8.128,-19.151,-3.582,21.111,8.882,845000.0,845.00,34184.02,8584.02,2.521,3.269,45.726,-51.346,15.734,-21.390,25.068,PID
708,35.0733,21.689,0.255,-12.516,-8.183,-19.092,-3.602,21.082,8.941,845000.0,845.00,34182.63,8582.63,2.521,3.037,45.671,-51.394,15.985,-21.443,25.042,PID
709,35.0783,21.648,0.160,-12.534,-8.238,-19.032,-3.623,21.052,9.000,845000.0,845.00,34181.24,8581.24,2.521,2.828,45.622,-51.438,16.313,-21.513,25.015,PID
710,35.0833,21.607,0.065,-12.553,-8.293,-18.972,-3.643,21.023,9.058,845000.0,845.00,34179.86,8579.86,2.521,2.647,45.578,-51.477,16.735,-21.603,24.989,PID
711,35.0883,21.565,0.000,-12.571,-8.347,-18.912,-3.665,20.994,9.116,845000.0,845.00,34178.47,8578.47,2.521,2.500,45.542,-51.509,17.267,-21.718,24.962,PID
