time,posX,posY,posZ,velX,velY,velZ,thrust,mass,angleError,fuel
0,050,0,26,2495,01,0,02,5,02,-99,46,0,25,845000,0,40158,98,9,17,14559,0
0,100,0,50,2490,05,0,03,4,83,-98,88,0,14,845000,0,40145,13,8,88,14545,1
0,150,0,74,2485,13,0,03,4,65,-98,30,0,03,845000,0,40131,27,8,49,14531,3
0,200,0,97,2480,23,0,03,4,48,-97,71,-0,05,845000,0,40117,41,8,05,14517,4
0,250,1,19,2475,35,0,02,4,34,-97,12,-0,13,845000,0,40103,55,7,55,14503,6
0,300,1,40,2470,51,0,02,4,20,-96,53,-0,19,845000,0,40089,70,7,04,14489,7
0,350,1,61,2465,70,0,01,4,07,-95,93,-0,24,845000,0,40075,84,6,50,14475,8
0,400,1,81,2460,92,-0,01,3,96,-95,34,-0,28,845000,0,40061,98,5,97,14462,0
0,450,2,00,2456,17,-0,02,3,86,-94,74,-0,30,845000,0,40048,13,5,45,14448,1
0,500,2,19,2451,45,-0,04,3,76,-94,14,-0,32,845000,0,40034,27,4,94,14434,3
0,550,2,38,2446,75,-0,05,3,68,-93,55,-0,33,845000,0,40020,41,4,47,14420,4
0,600,2,56,2442,09,-0,07,3,60,-92,95,-0,34,843375,3,40006,55,4,02,14406,6
0,650,2,74,2437,46,-0,09,3,53,-92,37,-0,29,832811,0,39992,81,3,62,14392,8
0,700,2,92,2432,85,-0,10,3,47,-91,79,-0,30,822093,3,39979,26,3,26,14379,3
0,750,3,09,2428,28,-0,11,3,41,-91,23,-0,29,809905,7,39965,89,2,96,14365,9
0,800,3,26,2423,73,-0,13,3,36,-90,68,-0,28,797123,8,39952,73,2,74,14352,7
0,850,3,42,2419,21,-0,14,3,31,-90,15,-0,25,784799,1,39939,77,2,61,14339,8
0,900,3,59,2414,72,-0,15,3,26,-89,63,-0,20,772894,0,39927,01,2,58,14327,0
0,950,3,75,2410,25,-0,16,3,21,-89,13,-0,15,761397,9,39914,45,2,65,14314,4
1,000,3,91,2405,80,-0,17,3,16,-88,65,-0,08,750243,3,39902,06,2,80,14302,1
1,050,4,07,2401,38,-0,17,3,19,-88,18,0,00,747458,2,39889,81,3,04,14289,8
1,100,4,23,2396,98,-0,17,3,23,-87,73,0,09,729081,8,39877,79,3,30,14277,8
1,150,4,39,2392,61,-0,16,3,28,-87,28,0,18,718825,2,39865,93,3,55,14265,9
1,200,4,55,2388,26,-0,15,3,33,-86,85,0,26,708787,1,39854,23,3,75,14254,2
1,250,4,72,2383,92,-0,13,3,39,-86,43,0,35,698976,8,39842,70,3,89,14242,7
1,300,4,89,2379,61,-0,12,3,45,-86,03,0,43,689404,8,39831,33,3,99,14231,3
1,350,5,07,2375,32,-0,09,3,50,-85,63,0,50,680112,2,39820,11,4,04,14220,1
1,400,5,24,2371,05,-0,07,3,56,-85,25,0,57,671032,0,39809,04,4,05,14209,0
1,450,5,42,2366,80,-0,04,3,62,-84,88,0,63,662207,8,39798,12,4,03,14198,1
1,500,5,61,2362,56,0,00,3,68,-84,51,0,69,653656,9,39787,34,3,97,14187,3
1,550,5,79,2358,34,0,03,3,74,-84,16,0,74,645342,4,39776,70,3,90,14176,7
1,600,5,98,2354,15,0,07,3,79,-83,82,0,78,637254,9,39766,20,3,81,14166,2
1,650,6,17,2349,96,0,11,3,85,-83,49,0,82,629413,5,39755,82,3,72,14155,8
1,700,6,36,2345,80,0,15,3,90,-83,16,0,85,621810,0,39745,57,3,63,14145,6
1,750,6,56,2341,65,0,20,3,96,-82,85,0,88,614436,3,39735,44,3,54,14135,4
1,800,6,76,2337,51,0,24,4,02,-82,55,0,90,607284,9,39725,43,3,47,14125,4
1,850,6,96,2333,39,0,29,4,07,-82,25,0,92,600348,0,39715,54,3,42,14115,5
1,900,7,17,2329,29,0,33,4,13,-81,97,0,88,593185,1,39705,72,3,39,14105,7
1,950,7,38,2325,19,0,37,4,19,-81,69,0,86,587285,9,39696,05,3,38,14096,1
2,000,7,59,2321,12,0,42,4,24,-81,42,0,83,580945,8,39686,48,3,37,14086,5
2,050,7,80,2317,05,0,46,4,30,-81,16,0,80,574789,1,39677,01,3,35,14077,0
2,100,8,02,2313,00,0,50,4,35,-80,90,0,77,568779,7,39667,64,3,32,14067,6
2,150,8,23,2308,96,0,53,4,40,-80,65,0,73,562963,6,39658,37,3,28,14058,4
2,200,8,46,2304,93,0,57,4,44,-80,41,0,70,557278,3,39649,19,3,24,14049,2
2,250,8,68,2300,92,0,60,4,48,-80,18,0,66,551743,8,39640,10,3,18,14040,1
2,300,8,90,2296,92,0,64,4,52,-79,95,0,62,546380,7,39631,11,3,11,14031,1
2,350,9,13,2292,92,0,67,4,55,-79,73,0,58,541155,1,39622,20,3,03,14022,2
2,400,9,36,2288,94,0,69,4,58,-79,51,0,54,536088,6,39613,37,2,95,14013,4
2,450,9,59,2284,97,0,72,4,61,-79,31,0,50,531174,9,39604,63,2,87,14004,6
2,500,9,82,2281,01,0,74,4,63,-79,10,0,46,526408,7,39595,96,2,79,13996,0
2,550,10,05,2277,06,0,77,4,65,-78,91,0,42,521756,8,39587,37,2,72,13987,4
2,600,10,28,2273,12,0,79,4,67,-78,72,0,38,517269,6,39578,86,2,66,13978,9
2,650,10,52,2269,19,0,81,4,68,-78,53,0,34,512914,3,39570,42,2,62,13970,4
2,700,10,75,2265,27,0,82,4,65,-78,35,0,30,514450,5,39562,02,2,59,13962,0
2,750,10,98,2261,36,0,84,4,64,-78,18,0,26,504693,3,39553,71,2,58,13953,7
2,800,11,22,2257,45,0,85,4,62,-78,01,0,22,500700,9,39545,47,2,57,13945,5
2,850,11,45,2253,55,0,86,4,60,-77,84,0,18,496848,6,39537,30,2,56,13937,3
2,900,11,67,2249,67,0,87,4,57,-77,68,0,14,493075,8,39529,19,2,54,13929,2
2,950,11,90,2245,79,0,87,4,55,-77,53,0,10,489377,3,39521,14,2,52,13921,1
3,000,12,13,2241,91,0,88,4,52,-77,38,0,07,485830,6,39513,15,2,49,13913,2
3,050,12,36,2238,05,0,88,4,50,-77,23,0,04,482348,2,39505,21,2,46,13905,2
3,100,12,58,2234,19,0,88,4,47,-77,09,0,01,478981,7,39497,34,2,42,13897,3
3,150,12,80,2230,34,0,88,4,44,-76,95,-0,02,475698,9,39489,52,2,38,13889,5
3,200,13,02,2226,49,0,88,4,41,-76,82,-0,04,472523,8,39481,75,2,35,13881,8
3,250,13,24,2222,66,0,87,4,37,-76,69,-0,06,469425,0,39474,02,2,32,13874,0
3,300,13,46,2218,83,0,87,4,34,-76,56,-0,08,466426,8,39466,36,2,31,13866,4
3,350,13,68,2215,00,0,87,4,31,-76,44,-0,10,463525,8,39458,73,2,30,13858,7
3,400,13,89,2211,18,0,86,4,27,-76,32,-0,09,460719,2,39451,16,2,32,13851,2
3,450,14,10,2207,37,0,86,4,23,-76,21,-0,08,458072,2,39443,60,2,36,13843,6
3,500,14,31,2203,56,0,85,4,20,-76,09,-0,06,455438,7,39436,11,2,40,13836,1
3,550,14,52,2199,76,0,85,4,16,-75,98,-0,05,452862,7,39428,67,2,44,13828,7
3,600,14,73,2195,96,0,85,4,12,-75,88,-0,03,450367,6,39421,27,2,48,13821,3
3,650,14,94,2192,17,0,85,4,09,-75,77,-0,01,447922,3,39413,91,2,50,13813,9
3,700,15,14,2188,39,0,85,4,05,-75,67,0,01,445551,1,39406,59,2,52,13806,6
3,750,15,34,2184,60,0,85,4,02,-75,58,0,04,443222,8,39399,30,2,54,13799,3
3,800,15,54,2180,83,0,85,3,99,-75,48,0,06,440961,8,39392,05,2,54,13792,1
3,850,15,74,2177,06,0,86,3,96,-75,39,0,09,438793,4,39384,84,2,54,13784,9
3,900,15,94,2173,29,0,86,3,93,-75,30,0,12,436659,6,39377,67,2,54,13777,7
3,950,16,13,2169,52,0,87,3,91,-75,22,0,14,434585,1,39370,53,2,53,13770,5
4,000,16,33,2165,77,0,88,3,88,-75,13,0,17,432595,5,39363,42,2,53,13763,4
4,050,16,52,2162,01,0,89,3,86,-75,05,0,21,430660,5,39356,35,2,54,13756,4
4,100,16,71,2158,26,0,90,3,85,-74,97,0,24,428749,9,39349,30,2,55,13749,3
4,150,16,91,2154,51,0,91,3,83,-74,89,0,27,426931,3,39342,29,2,58,13742,3
4,200,17,10,2150,77,0,92,3,85,-74,82,0,31,426196,1,39335,29,2,63,13735,3
4,250,17,29,2147,03,0,94,3,86,-74,75,0,34,423471,3,39328,33,2,69,13728,3
4,300,17,48,2143,30,0,96,3,88,-74,68,0,38,421768,4,39321,40,2,74,13721,4
4,350,17,68,2139,56,0,98,3,90,-74,61,0,41,420066,6,39314,50,2,79,13714,5
4,400,17,87,2135,84,1,00,3,92,-74,55,0,45,418446,5,39307,63,2,82,13707,6
4,450,18,07,2132,11,1,02,3,94,-74,48,0,48,416796,7,39300,79,2,85,13700,8
4,500,18,27,2128,39,1,05,3,96,-74,42,0,51,415225,7,39293,97,2,86,13694,0
4,550,18,47,2124,67,1,07,3,98,-74,36,0,55,413649,1,39287,18,2,86,13687,2
4,600,18,67,2120,95,1,10,4,00,-74,30,0,58,412120,8,39280,41,2,85,13680,4
4,650,18,87,2117,24,1,13,4,02,-74,25,0,61,410639,5,39273,66,2,83,13673,7
4,700,19,07,2113,53,1,16,4,05,-74,19,0,63,409148,9,39266,95,2,79,13667,0
4,750,19,27,2109,82,1,19,4,07,-74,14,0,66,407731,0,39260,25,2,75,13660,3
4,800,19,48,2106,11,1,23,4,10,-74,09,0,68,406301,7,39253,58,2,70,13653,6
4,850,19,68,2102,41,1,26,4,12,-74,04,0,70,404915,6,39246,93,2,64,13646,9
4,900,19,89,2098,71,1,30,4,15,-73,99,0,72,403572,1,39240,30,2,58,13640,3
4,950,20,10,2095,01,1,33,4,17,-73,94,0,74,402270,5,39233,70,2,53,13633,7
5,000,20,30,2091,31,1,37,4,20,-73,90,0,75,400982,4,39227,12,2,47,13627,1
5,050,20,52,2087,62,1,41,4,22,-73,86,0,77,399735,0,39220,55,2,42,13620,6
5,100,20,73,2083,93,1,45,4,25,-73,81,0,78,398499,2,39214,02,2,38,13614,0
5,150,20,94,2080,24,1,49,4,27,-73,77,0,79,397302,9,39207,49,2,34,13607,5
5,200,21,15,2076,55,1,53,4,30,-73,74,0,77,386419,2,39200,97,2,33,13601,0
5,250,21,37,2072,86,1,56,4,33,-73,70,0,76,395076,4,39194,48,2,32,13594,5
5,300,21,59,2069,18,1,60,4,35,-73,66,0,75,393965,2,39188,01,2,32,13588,0
5,350,21,81,2065,50,1,64,4,38,-73,63,0,73,392891,1,39181,56,2,31,13581,6
5,400,22,03,2061,82,1,68,4,41,-73,60,0,72,391825,3,39175,13,2,31,13575,1
5,450,22,25,2058,14,1,71,4,43,-73,56,0,70,390767,1,39168,71,2,29,13568,7
5,500,22,47,2054,46,1,75,4,46,-73,53,0,69,389743,0,39162,32,2,28,13562,3
5,550,22,69,2050,79,1,78,4,48,-73,50,0,67,388752,1,39155,94,2,26,13555,9
5,600,22,92,2047,11,1,81,4,50,-73,47,0,65,387765,6,39149,57,2,23,13549,6
5,650,23,14,2043,44,1,85,4,52,-73,45,0,63,386810,8,39143,23,2,19,13543,2
5,700,23,37,2039,77,1,88,4,54,-73,42,0,61,385859,4,39136,89,2,16,13536,9
5,750,23,60,2036,10,1,91,4,56,-73,39,0,59,384938,0,39130,58,2,11,13530,6
5,800,23,82,2032,43,1,94,4,57,-73,37,0,57,384046,4,39124,27,2,07,13524,3
5,850,24,05,2028,76,1,96,4,58,-73,35,0,55,383156,0,39117,98,2,02,13518,0
5,900,24,28,2025,09,1,99,4,60,-73,32,0,53,382294,3,39111,71,1,98,13511,7
5,950,24,51,2021,43,2,02,4,61,-73,30,0,51,381460,6,39105,45,1,94,13505,5
6,000,24,74,2017,76,2,04,4,62,-73,28,0,49,380626,5,39099,20,1,90,13499,2
6,050,24,97,2014,10,2,07,4,63,-73,26,0,47,379819,8,39092,97,1,88,13493,0
6,100,25,21,2010,44,2,09,4,63,-73,24,0,44,379067,3,39086,75,1,86,13486,8
6,150,25,44,2006,77,2,11,4,60,-73,23,0,42,378303,5,39080,52,1,85,13480,5
6,200,25,67,2003,11,2,13,4,60,-73,21,0,40,377628,0,39074,32,1,85,13474,3
6,250,25,90,1999,45,2,15,4,59,-73,20,0,38,376922,7,39068,14,1,85,13468,1
6,300,26,12,1995,79,2,17,4,57,-73,18,0,35,376214,7,39061,96,1,85,13462,0
6,350,26,35,1992,14,2,19,4,56,-73,17,0,33,375503,2,39055,80,1,84,13455,8
6,400,26,58,1988,48,2,20,4,55,-73,15,0,31,374843,3,39049,66,1,83,13449,7
6,450,26,81,1984,82,2,22,4,53,-73,14,0,29,374178,8,39043,52,1,82,13443,5
6,500,27,03,1981,16,2,23,4,52,-73,13,0,27,373536,3,39037,39,1,80,13437,4
6,550,27,26,1977,51,2,24,4,50,-73,12,0,25,372887,6,39031,27,1,78,13431,3
6,600,27,48,1973,85,2,26,4,49,-73,10,0,24,372260,6,39025,16,1,76,13425,2
6,650,27,71,1970,20,2,27,4,47,-73,09,0,22,371654,1,39019,06,1,74,13419,1
6,700,27,93,1966,54,2,28,4,45,-73,09,0,21,371068,3,39012,98,1,71,13413,0
6,750,28,15,1962,89,2,29,4,43,-73,08,0,20,370474,7,39006,90,1,70,13406,9
6,800,28,37,1959,24,2,30,4,41,-73,07,0,18,369928,7,39000,83,1,68,13400,8
6,850,28,59,1955,58,2,31,4,39,-73,06,0,17,369374,2,38994,77,1,67,13394,8
6,900,28,81,1951,93,2,31,4,37,-73,05,0,16,368838,8,38988,72,1,68,13388,7
6,950,29,03,1948,28,2,32,4,35,-73,05,0,18,359137,7,38982,66,1,69,13382,7
7,000,29,25,1944,62,2,33,4,33,-73,05,0,19,367892,1,38976,62,1,72,13376,6
7,050,29,47,1940,97,2,34,4,31,-73,04,0,19,367409,2,38970,59,1,74,13370,6
7,100,29,68,1937,32,2,35,4,29,-73,04,0,20,366916,7,38964,57,1,76,13364,6
7,150,29,89,1933,67,2,36,4,27,-73,03,0,21,366441,8,38958,56,1,78,13358,6
7,200,30,11,1930,02,2,37,4,25,-73,03,0,22,365955,9,38952,56,1,80,13352,6
7,250,30,32,1926,37,2,38,4,23,-73,03,0,23,365514,0,38946,56,1,81,13346,6
7,300,30,53,1922,71,2,40,4,21,-73,02,0,25,365060,7,38940,58,1,81,13340,6
7,350,30,74,1919,06,2,41,4,19,-73,02,0,26,364622,8,38934,60,1,81,13334,6
7,400,30,95,1915,41,2,42,4,17,-73,02,0,27,364199,6,38928,62,1,80,13328,6
7,450,31,16,1911,76,2,44,4,15,-73,02,0,29,363791,0,38922,66,1,79,13322,7
7,500,31,36,1908,11,2,45,4,13,-73,02,0,30,363397,0,38916,70,1,78,13316,7
7,550,31,57,1904,46,2,47,4,12,-73,02,0,32,362989,2,38910,74,1,76,13310,7
7,600,31,78,1900,81,2,48,4,10,-73,02,0,34,362595,2,38904,79,1,74,13304,8
7,650,31,98,1897,16,2,50,4,09,-73,02,0,35,362214,6,38898,85,1,73,13298,9
7,700,32,18,1893,51,2,52,4,08,-73,02,0,37,361846,9,38892,91,1,72,13292,9
7,750,32,39,1889,85,2,54,4,07,-73,02,0,39,361492,3,38886,99,1,71,13287,0
7,800,32,59,1886,20,2,56,4,06,-73,02,0,40,361150,8,38881,06,1,71,13281,1
7,850,32,79,1882,55,2,58,4,05,-73,02,0,42,360821,5,38875,14,1,72,13275,2
7,900,33,00,1878,90,2,60,4,07,-73,03,0,44,360764,8,38869,21,1,73,13269,2
7,950,33,20,1875,25,2,62,4,08,-73,03,0,46,360236,8,38863,30,1,75,13263,3
8,000,33,41,1871,60,2,65,4,09,-73,04,0,48,359941,5,38857,40,1,77,13257,4
8,050,33,61,1867,95,2,67,4,10,-73,04,0,50,359630,6,38851,50,1,79,13251,5
8,100,33,81,1864,29,2,70,4,10,-73,04,0,52,359330,8,38845,61,1,80,13245,6
8,150,34,02,1860,64,2,72,4,11,-73,05,0,54,359042,1,38839,72,1,81,13239,7
8,200,34,23,1856,99,2,75,4,13,-73,05,0,56,358736,5,38833,84,1,80,13233,8
8,250,34,43,1853,34,2,78,4,14,-73,05,0,57,358468,5,38827,95,1,80,13228,0
8,300,34,64,1849,68,2,81,4,15,-73,06,0,59,358182,5,38822,08,1,78,13222,1
8,350,34,85,1846,03,2,84,4,16,-73,06,0,61,357906,1,38816,21,1,76,13216,2
8,400,35,06,1842,38,2,87,4,17,-73,07,0,62,357639,2,38810,34,1,74,13210,3
8,450,35,26,1838,72,2,90,4,18,-73,07,0,64,357381,3,38804,48,1,71,13204,5
8,500,35,47,1835,07,2,93,4,20,-73,08,0,65,357132,2,38798,63,1,67,13198,6
8,550,35,68,1831,42,2,96,4,21,-73,09,0,66,356891,4,38792,77,1,64,13192,8
8,600,35,90,1827,76,3,00,4,22,-73,09,0,67,356659,0,38786,93,1,60,13186,9
8,650,36,11,1824,11,3,03,4,24,-73,10,0,68,356407,5,38781,08,1,56,13181,1
8,700,36,32,1820,45,3,07,4,25,-73,10,0,69,356191,4,38775,24,1,52,13175,2
8,750,36,53,1816,80,3,10,4,26,-73,11,0,70,355955,9,38769,40,1,48,13169,4
8,800,36,75,1813,14,3,14,4,28,-73,12,0,71,355755,7,38763,57,1,44,13163,6
8,850,36,96,1809,48,3,17,4,29,-73,13,0,71,355535,5,38757,74,1,41,13157,7
8,900,37,17,1805,83,3,21,4,30,-73,13,0,72,355323,0,38751,91,1,39,13151,9
8,950,37,39,1802,17,3,24,4,32,-73,14,0,70,374579,0,38746,05,1,38,13146,1
9,000,37,61,1798,51,3,28,4,33,-73,15,0,70,355012,6,38740,25,1,37,13140,3
9,050,37,82,1794,86,3,31,4,34,-73,16,0,69,354819,6,38734,43,1,36,13134,4
9,100,38,04,1791,20,3,35,4,36,-73,17,0,68,354633,8,38728,61,1,35,13128,6
9,150,38,26,1787,54,3,38,4,37,-73,17,0,68,354454,9,38722,80,1,34,13122,8
9,200,38,48,1783,88,3,42,4,39,-73,18,0,67,354282,7,38716,99,1,33,13117,0
9,250,38,70,1780,22,3,45,4,40,-73,19,0,66,354089,3,38711,18,1,32,13111,2
9,300,38,92,1776,56,3,48,4,41,-73,20,0,65,353929,7,38705,38,1,30,13105,4
9,350,39,14,1772,90,3,51,4,42,-73,21,0,64,353776,3,38699,58,1,28,13099,6
9,400,39,36,1769,24,3,55,4,43,-73,21,0,63,353600,9,38693,78,1,26,13093,8
9,450,39,58,1765,58,3,58,4,44,-73,22,0,62,353431,3,38687,98,1,23,13088,0
9,500,39,80,1761,92,3,61,4,45,-73,23,0,61,353295,1,38682,19,1,21,13082,2
9,550,40,03,1758,26,3,64,4,46,-73,24,0,60,353136,6,38676,40,1,18,13076,4
9,600,40,25,1754,59,3,67,4,47,-73,23,0,59,373208,9,38670,35,1,15,13070,4
9,650,40,47,1750,93,3,70,4,47,-73,21,0,58,374306,7,38664,22,1,12,13064,2
9,700,40,70,1747,27,3,73,4,48,-73,19,0,57,375316,8,38658,08,1,10,13058,1
9,750,40,92,1743,61,3,75,4,49,-73,17,0,56,376295,2,38651,91,1,07,13051,9
9,800,41,15,1739,96,3,78,4,49,-73,15,0,55,377353,2,38645,74,1,05,13045,7
9,850,41,37,1736,30,3,81,4,50,-73,12,0,53,378325,3,38639,54,1,04,13039,5
9,900,41,59,1732,64,3,84,4,47,-73,10,0,52,369674,3,38633,31,1,04,13033,3
9,950,41,82,1728,99,3,86,4,47,-73,08,0,51,380280,8,38627,08,1,03,13027,1
10,000,42,04,1725,34,3,89,4,46,-73,05,0,50,381189,5,38620,84,1,03,13020,8
10,050,42,27,1721,68,3,91,4,46,-73,02,0,48,382125,1,38614,58,1,03,13014,6
10,100,42,49,1718,03,3,94,4,45,-72,99,0,47,383005,5,38608,30,1,02,13008,3
10,150,42,71,1714,39,3,96,4,45,-72,96,0,46,383831,1,38602,02,1,01,13002,0
10,200,42,93,1710,74,3,98,4,44,-72,93,0,45,384630,1,38595,72,0,99,12995,7
10,250,43,15,1707,09,4,00,4,43,-72,89,0,44,385512,8,38589,41,0,98,12989,4
10,300,43,38,1703,45,4,02,4,42,-72,86,0,43,386259,9,38583,08,0,96,12983,1
10,350,43,60,1699,81,4,05,4,42,-72,82,0,42,387064,3,38576,74,0,94,12976,7
10,400,43,82,1696,17,4,07,4,41,-72,79,0,41,387843,8,38570,39,0,92,12970,4
10,450,44,04,1692,53,4,09,4,40,-72,75,0,40,388599,1,38564,02,0,90,12964,0
10,500,44,26,1688,89,4,11,4,39,-72,71,0,39,389330,5,38557,65,0,88,12957,7
10,550,44,48,1685,26,4,13,4,38,-72,67,0,38,390065,9,38551,26,0,86,12951,3
10,600,44,70,1681,63,4,14,4,37,-72,63,0,38,390723,6,38544,86,0,84,12944,9
10,650,44,91,1678,00,4,16,4,36,-72,59,0,37,391441,3,38538,45,0,83,12938,5
10,700,45,13,1674,37,4,18,4,35,-72,54,0,36,392136,7,38532,02,0,82,12932,0
10,750,45,35,1670,74,4,20,4,34,-72,50,0,36,392755,9,38525,59,0,82,12925,6
10,800,45,57,1667,12,4,22,4,33,-72,46,0,38,392992,7,38519,12,0,83,12919,1
10,850,45,78,1663,50,4,24,4,32,-72,41,0,39,394145,3,38512,66,0,84,12912,7
10,900,46,00,1659,88,4,26,4,31,-72,36,0,39,394726,4,38506,20,0,85,12906,2
10,950,46,21,1656,26,4,28,4,29,-72,32,0,39,395343,2,38499,72,0,85,12899,7
11,000,46,43,1652,64,4,30,4,28,-72,27,0,40,395912,8,38493,23,0,85,12893,2
11,050,46,64,1649,03,4,32,4,27,-72,22,0,40,396490,5,38486,74,0,85,12886,7
11,100,46,85,1645,42,4,34,4,26,-72,17,0,41,397049,4,38480,23,0,84,12880,2
11,150,47,07,1641,81,4,36,4,25,-72,12,0,41,397563,0,38473,72,0,83,12873,7
11,200,47,28,1638,21,4,38,4,24,-72,07,0,42,398085,1,38467,20,0,82,12867,2
11,250,47,49,1634,61,4,40,4,23,-72,01,0,42,398644,6,38460,66,0,81,12860,7
11,300,47,70,1631,01,4,42,4,22,-71,96,0,43,399131,4,38454,13,0,79,12854,1
11,350,47,91,1627,41,4,44,4,22,-71,91,0,44,399629,0,38447,57,0,77,12847,6
11,400,48,12,1623,82,4,46,4,21,-71,85,0,44,400136,9,38441,02,0,75,12841,0
11,450,48,33,1620,23,4,49,4,20,-71,80,0,45,400573,3,38434,46,0,73,12834,5
11,500,48,54,1616,64,4,51,4,19,-71,74,0,45,401076,3,38427,88,0,71,12827,9
11,550,48,75,1613,05,4,53,4,19,-71,69,0,46,401480,3,38421,30,0,70,12821,3
11,600,48,96,1609,47,4,55,4,18,-71,63,0,47,401951,9,38414,72,0,68,12814,7
11,650,49,17,1605,89,4,58,4,18,-71,57,0,48,402380,4,38408,13,0,67,12808,1
11,700,49,38,1602,31,4,60,4,17,-71,51,0,48,402821,9,38401,52,0,66,12801,5
11,750,49,59,1598,74,4,63,4,17,-71,45,0,49,403220,9,38394,92,0,66,12794,9
11,800,49,80,1595,17,4,65,4,19,-71,40,0,50,401431,3,38388,28,0,66,12788,3
11,850,50,01,1591,60,4,68,4,19,-71,34,0,51,404085,6,38381,66,0,66,12781,7
11,900,50,22,1588,03,4,70,4,19,-71,28,0,51,404522,1,38375,03,0,66,12775,0
11,950,50,43,1584,47,4,73,4,20,-71,22,0,52,404835,1,38368,39,0,66,12768,4
12,000,50,64,1580,91,4,75,4,20,-71,15,0,53,405217,9,38361,75,0,66,12761,8
12,050,50,85,1577,36,4,78,4,20,-71,09,0,54,405560,1,38355,11,0,65,12755,1
12,100,51,06,1573,80,4,81,4,20,-71,03,0,54,405889,4,38348,46,0,64,12748,5
12,150,51,27,1570,25,4,84,4,21,-70,96,0,55,406261,2,38341,80,0,62,12741,8
12,200,51,48,1566,71,4,86,4,21,-70,90,0,56,406538,3,38335,14,0,61,12735,1
12,250,51,69,1563,16,4,89,4,21,-70,84,0,56,406885,9,38328,46,0,59,12728,5
12,300,51,90,1559,62,4,92,4,21,-70,77,0,57,407194,1,38321,79,0,57,12721,8
12,350,52,11,1556,09,4,95,4,22,-70,71,0,57,407463,2,38315,11,0,55,12715,1
12,400,52,32,1552,55,4,98,4,22,-70,64,0,58,407803,8,38308,43,0,52,12708,4
12,450,52,53,1549,02,5,01,4,22,-70,57,0,58,408105,6,38301,74,0,50,12701,7
12,500,52,74,1545,49,5,03,4,22,-70,51,0,59,408341,4,38295,05,0,47,12695,1
12,550,52,95,1541,97,5,06,4,22,-70,44,0,59,408677,1,38288,35,0,45,12688,4
12,600,53,16,1538,45,5,09,4,22,-70,37,0,60,408919,3,38281,65,0,42,12681,7
12,650,53,38,1534,93,5,12,4,23,-70,30,0,60,409151,7,38274,95,0,39,12674,9
12,700,53,59,1531,42,5,15,4,23,-70,23,0,60,409401,3,38268,23,0,37,12668,2
12,750,53,80,1527,91,5,18,4,23,-70,17,0,60,409668,7,38261,52,0,34,12661,5
12,800,54,01,1524,40,5,21,4,23,-70,10,0,61,409899,1,38254,80,0,32,12654,8
12,850,54,22,1520,90,5,24,4,23,-70,03,0,61,410147,3,38248,08,0,29,12648,1
12,900,54,43,1517,40,5,28,4,23,-69,96,0,61,410359,2,38241,35,0,27,12641,4
12,950,54,64,1513,91,5,31,4,23,-69,89,0,61,410561,9,38234,63,0,25,12634,6
13,000,54,86,1510,41,5,34,4,24,-69,82,0,61,410783,6,38227,89,0,23,12627,9
13,050,55,07,1506,92,5,37,4,24,-69,75,0,61,410996,6,38221,16,0,22,12621,2
13,100,55,28,1503,44,5,40,4,24,-69,67,0,61,411173,6,38214,42,0,21,12614,4
13,150,55,49,1499,96,5,43,4,24,-69,60,0,61,411397,5,38207,68,0,20,12607,7
13,200,55,70,1496,48,5,46,4,24,-69,53,0,60,411764,6,38200,91,0,20,12600,9
13,250,55,92,1493,00,5,49,4,24,-69,46,0,59,411805,6,38194,16,0,19,12594,2
13,300,56,13,1489,53,5,52,4,24,-69,39,0,59,421651,1,38187,40,0,19,12587,4
13,350,56,34,1486,06,5,55,4,25,-69,32,0,59,421129,3,38180,62,0,18,12580,6
13,400,56,55,1482,60,5,58,4,25,-69,25,0,59,413589,8,38173,84,0,17,12573,8
13,450,56,76,1479,14,5,61,4,25,-69,18,0,59,411002,6,38167,04,0,16,12567,0
13,500,56,98,1475,68,5,64,4,25,-69,12,0,59,420492,0,38160,22,0,15,12560,2
13,550,57,19,1472,23,5,67,4,25,-69,05,0,59,419763,8,38153,41,0,14,12553,4
13,600,57,40,1468,78,5,70,4,25,-68,98,0,60,412226,0,38146,59,0,13,12546,6
13,650,57,61,1465,33,5,73,4,25,-68,91,0,59,417373,3,38139,76,0,12,12539,8
13,700,57,83,1461,88,5,76,4,25,-68,84,0,60,416738,3,38132,93,0,11,12532,9
13,750,58,04,1458,44,5,79,4,25,-68,77,0,59,416544,1,38126,10,0,10,12526,1
13,800,58,25,1455,01,5,82,4,25,-68,70,0,59,416339,9,38119,28,0,09,12519,3
13,850,58,47,1451,57,5,85,4,25,-68,63,0,59,416193,3,38112,45,0,08,12512,5
13,900,58,68,1448,14,5,87,4,25,-68,55,0,60,416053,2,38105,63,0,07,12505,6
13,950,58,89,1444,72,5,90,4,25,-68,48,0,60,415918,3,38098,81,0,06,12498,8
14,000,59,10,1441,30,5,93,4,25,-68,40,0,60,415838,8,38092,00,0,05,12492,0
14,050,59,32,1437,88,5,96,4,25,-68,32,0,59,415731,0,38085,18,0,04,12485,2
14,100,59,53,1434,46,5,99,4,25,-68,25,0,59,415410,6,38078,37,0,03,12478,4
14,150,59,74,1431,05,6,02,4,25,-68,17,0,59,415682,6,38071,55,0,02,12471,6
14,200,59,95,1427,65,6,05,4,25,-68,09,0,59,415695,6,38064,73,0,00,12464,7
14,250,60,17,1424,25,6,08,4,25,-68,01,0,59,415756,8,38057,92,0,00,12457,9
14,300,60,38,1420,85,6,11,4,25,-67,93,0,59,415785,9,38051,10,0,00,12451,1
14,350,60,59,1417,45,6,14,4,25,-67,85,0,59,415838,5,38044,29,0,00,12444,3
14,400,60,80,1414,06,6,17,4,24,-67,77,0,59,415941,9,38037,47,0,02,12437,5
14,450,61,01,1410,68,6,20,4,24,-67,69,0,59,415986,8,38030,65,0,02,12430,7
14,500,61,23,1407,29,6,23,4,24,-67,61,0,59,416054,9,38023,84,0,03,12423,8
14,550,61,44,1403,91,6,26,4,24,-67,53,0,59,416091,6,38017,02,0,03,12417,0
14,600,61,65,1400,54,6,29,4,24,-67,46,0,59,416359,5,38010,19,0,04,12410,2
14,650,61,86,1397,17,6,32,4,24,-67,38,0,59,416796,3,38003,37,0,04,12403,4
14,700,62,07,1393,80,6,35,4,24,-67,30,0,59,416131,6,37996,54,0,05,12396,5
14,750,62,29,1390,44,6,38,4,23,-67,22,0,59,416078,0,37989,71,0,05,12389,7
14,800,62,50,1387,08,6,41,4,23,-67,14,0,59,417078,4,37982,88,0,06,12382,9
14,850,62,71,1383,72,6,44,4,23,-67,06,0,59,417193,3,37976,04,0,06,12376,0
14,900,62,92,1380,37,6,47,4,23,-66,98,0,59,417776,5,37969,20,0,06,12369,2
14,950,63,13,1377,03,6,50,4,23,-66,90,0,59,417318,5,37962,36,0,07,12362,4
15,000,63,34,1373,68,6,53,4,23,-66,82,0,59,417468,5,37955,52,0,07,12355,5
15,050,63,55,1370,34,6,56,4,22,-66,75,0,59,418213,4,37948,68,0,07,12348,7
15,100,63,77,1367,01,6,59,4,22,-66,67,0,59,417341,3,37941,83,0,07,12341,8
15,150,63,98,1363,68,6,61,4,22,-66,59,0,59,417787,4,37934,98,0,07,12335,0
15,200,64,19,1360,35,6,64,4,22,-66,51,0,59,417760,9,37928,14,0,07,12328,1
15,250,64,40,1357,03,6,67,4,22,-66,43,0,59,417895,3,37921,29,0,07,12321,3
15,300,64,61,1353,71,6,70,4,22,-66,35,0,59,417887,6,37914,44,0,07,12314,4
15,350,64,82,1350,39,6,73,4,21,-66,27,0,59,418013,9,37907,59,0,07,12307,6
15,400,65,03,1347,08,6,76,4,21,-66,19,0,59,418026,2,37900,74,0,07,12300,7
15,450,65,24,1343,77,6,79,4,21,-66,11,0,59,417976,1,37893,88,0,07,12293,9
15,500,65,45,1340,47,6,82,4,21,-66,03,0,59,417946,9,37887,03,0,07,12287,0
15,550,65,66,1337,17,6,85,4,21,-65,95,0,59,418024,2,37880,18,0,06,12280,2
15,600,65,87,1333,87,6,88,4,21,-65,87,0,59,417982,1,37873,32,0,06,12273,3
15,650,66,08,1330,58,6,91,4,21,-65,79,0,59,417990,2,37866,47,0,06,12266,5
15,700,66,29,1327,30,6,94,4,20,-65,71,0,59,418018,0,37859,62,0,06,12259,6
15,750,66,50,1324,01,6,97,4,20,-65,63,0,59,417929,7,37852,77,0,06,12252,8
15,800,66,71,1320,73,7,00,4,20,-65,55,0,59,418352,9,37845,91,0,06,12245,9
15,850,66,92,1317,46,7,03,4,20,-65,46,0,59,417727,9,37839,06,0,05,12239,1
15,900,67,13,1314,19,7,06,4,20,-65,38,0,59,417897,1,37832,21,0,05,12232,2
15,950,67,34,1310,92,7,09,4,20,-65,30,0,59,417861,3,37825,37,0,05,12225,4
16,000,67,55,1307,66,7,12,4,20,-65,22,0,59,417716,0,37818,52,0,04,12218,5
16,050,67,76,1304,40,7,14,4,20,-65,14,0,59,417697,6,37811,68,0,04,12211,7
16,100,67,97,1301,14,7,17,4,19,-65,05,0,59,417538,0,37804,83,0,04,12204,8
16,150,68,18,1297,89,7,20,4,19,-64,97,0,59,417537,6,37797,98,0,04,12198,0
16,200,68,39,1294,64,7,23,4,19,-64,89,0,59,417507,9,37791,14,0,03,12191,1
16,250,68,60,1291,40,7,26,4,19,-64,81,0,59,417499,1,37784,30,0,03,12184,3
16,300,68,81,1288,16,7,29,4,19,-64,72,0,59,417541,6,37777,45,0,03,12177,5
16,350,69,02,1284,93,7,32,4,19,-64,64,0,59,417360,5,37770,61,0,03,12170,6
16,400,69,23,1281,70,7,35,4,19,-64,56,0,58,417173,3,37763,77,0,03,12163,8
16,450,69,44,1278,47,7,38,4,19,-64,47,0,59,417426,9,37756,93,0,03,12156,9
16,500,69,65,1275,25,7,41,4,19,-64,39,0,59,417266,0,37750,09,0,03,12150,1
16,550,69,86,1272,04,7,44,4,18,-64,31,0,58,417153,2,37743,25,0,02,12143,3
16,600,70,07,1268,82,7,47,4,18,-64,23,0,59,417204,4,37736,41,0,02,12136,4
16,650,70,28,1265,61,7,50,4,18,-64,14,0,59,417116,9,37729,58,0,02,12129,6
16,700,70,49,1262,41,7,53,4,18,-64,06,0,59,417027,8,37722,74,0,02,12122,7
16,750,70,69,1259,21,7,56,4,18,-63,98,0,58,416965,5,37715,91,0,02,12115,9
16,800,70,90,1256,01,7,58,4,18,-63,89,0,59,417054,4,37709,07,0,02,12109,1
16,850,71,11,1252,82,7,61,4,18,-63,81,0,58,416920,6,37702,23,0,00,12102,2
16,900,71,32,1249,63,7,64,4,18,-63,73,0,58,416853,1,37695,40,0,00,12095,4
16,950,71,53,1246,44,7,67,4,18,-63,64,0,58,416840,6,37688,56,0,00,12088,6
17,000,71,74,1243,26,7,70,4,18,-63,56,0,59,416786,1,37681,73,0,00,12081,7
17,050,71,95,1240,09,7,73,4,18,-63,48,0,59,416704,0,37674,89,0,00,12074,9
17,100,72,16,1236,92,7,76,4,18,-63,39,0,58,416731,8,37668,05,0,02,12068,1
17,150,72,37,1233,75,7,79,4,17,-63,31,0,58,416703,5,37661,22,0,02,12061,2
17,200,72,57,1230,59,7,82,4,17,-63,23,0,58,416634,0,37654,39,0,02,12054,4
17,250,72,78,1227,43,7,85,4,17,-63,14,0,58,416549,8,37647,57,0,00,12047,6
17,300,72,99,1224,27,7,88,4,17,-63,06,0,58,416561,8,37640,74,0,00,12040,7
17,350,73,20,1221,12,7,91,4,17,-62,98,0,58,416518,1,37633,91,0,00,12033,9
17,400,73,41,1217,97,7,94,4,17,-62,89,0,58,416473,7,37627,09,0,02,12027,1
17,450,73,62,1214,83,7,96,4,17,-62,81,0,58,416428,5,37620,26,0,02,12020,3
17,500,73,83,1211,69,7,99,4,17,-62,73,0,58,416368,5,37613,43,0,02,12013,4
17,550,74,03,1208,56,8,02,4,17,-62,64,0,58,416348,9,37606,61,0,00,12006,6
17,600,74,24,1205,43,8,05,4,17,-62,56,0,58,416273,9,37599,78,0,00,11999,8
17,650,74,45,1202,30,8,08,4,16,-62,48,0,58,416225,9,37592,96,0,00,11993,0
17,700,74,66,1199,18,8,11,4,16,-62,39,0,58,416204,5,37586,13,0,00,11986,1
17,750,74,87,1196,06,8,14,4,16,-62,31,0,58,416141,3,37579,30,0,00,11979,3
17,800,75,08,1192,95,8,17,4,16,-62,23,0,58,416104,9,37572,48,0,02,11972,5
17,850,75,28,1189,84,8,20,4,16,-62,14,0,58,416013,2,37565,66,0,02,11965,7
17,900,75,49,1186,74,8,23,4,16,-62,06,0,58,415976,5,37558,85,0,02,11958,9
17,950,75,70,1183,64,8,26,4,16,-61,98,0,58,415938,8,37552,03,0,00,11952,0
18,000,75,91,1180,54,8,29,4,16,-61,89,0,58,415873,0,37545,21,0,02,11945,2
18,050,76,12,1177,45,8,31,4,16,-61,81,0,58,415834,3,37538,40,0,02,11938,4
18,100,76,32,1174,36,8,34,4,16,-61,73,0,58,415809,2,37531,58,0,02,11931,6
18,150,76,53,1171,27,8,37,4,16,-61,64,0,58,415686,9,37524,77,0,02,11924,8
18,200,76,74,1168,19,8,40,4,16,-61,56,0,58,415674,9,37517,95,0,00,11918,0
18,250,76,95,1165,12,8,43,4,16,-61,48,0,58,415579,3,37511,13,0,02,11911,1
18,300,77,15,1162,04,8,46,4,15,-61,39,0,58,415566,5,37504,32,0,00,11904,3
18,350,77,36,1158,98,8,49,4,15,-61,31,0,58,415483,8,37497,50,0,02,11897,5
18,400,77,57,1155,91,8,52,4,15,-61,23,0,58,415456,5,37490,69,0,00,11890,7
18,450,77,78,1152,85,8,55,4,15,-61,15,0,58,415373,2,37483,88,0,02,11883,9
18,500,77,98,1149,80,8,58,4,15,-61,06,0,58,415373,1,37477,07,0,00,11877,1
18,550,78,19,1146,75,8,61,4,15,-60,98,0,58,415261,6,37470,27,0,02,11870,3
18,600,78,40,1143,70,8,64,4,15,-60,90,0,58,415287,9,37463,46,0,02,11863,5
18,650,78,61,1140,66,8,67,4,15,-60,81,0,58,415189,8,37456,65,0,00,11856,7
18,700,78,81,1137,62,8,69,4,15,-60,73,0,58,415118,7,37449,85,0,02,11849,9
18,750,79,02,1134,59,8,72,4,15,-60,65,0,58,415090,5,37443,04,0,02,11843,0
18,800,79,23,1131,56,8,75,4,15,-60,56,0,58,415020,8,37436,23,0,00,11836,2
18,850,79,44,1128,53,8,78,4,15,-60,48,0,58,414992,7,37429,43,0,02,11829,4
18,900,79,64,1125,51,8,81,4,15,-60,40,0,58,414990,9,37422,62,0,02,11822,6
18,950,79,85,1122,49,8,84,4,14,-60,32,0,58,414906,7,37415,81,0,00,11815,8
19,000,80,06,1119,48,8,87,4,14,-60,23,0,58,414862,5,37409,02,0,00,11809,0
19,050,80,27,1116,47,8,90,4,14,-60,15,0,58,414791,8,37402,22,0,02,11802,2
19,100,80,47,1113,46,8,93,4,14,-60,07,0,58,414789,8,37395,42,0,02,11795,4
19,150,80,68,1110,46,8,96,4,14,-59,98,0,58,414676,8,37388,63,0,00,11788,6
19,200,80,89,1107,46,8,99,4,14,-59,90,0,58,414631,9,37381,83,0,02,11781,8
19,250,81,09,1104,47,9,02,4,14,-59,82,0,58,414532,4,37375,03,0,00,11775,0
19,300,81,30,1101,48,9,05,4,14,-59,73,0,58,414515,1,37368,23,0,00,11768,2
19,350,81,51,1098,50,9,07,4,14,-59,65,0,58,414469,7,37361,44,0,02,11761,4
19,400,81,71,1095,52,9,10,4,14,-59,57,0,58,414410,7,37354,64,0,02,11754,6
19,450,81,92,1092,54,9,13,4,14,-59,49,0,58,414379,1,37347,84,0,02,11747,8
19,500,82,13,1089,57,9,16,4,14,-59,40,0,59,414264,2,37341,05,0,00,11741,1
19,550,82,34,1086,60,9,19,4,14,-59,32,0,59,414246,1,37334,26,0,00,11734,3
19,600,82,54,1083,63,9,22,4,14,-59,24,0,58,414227,5,37327,47,0,02,11727,5
19,650,82,75,1080,67,9,25,4,14,-59,15,0,58,414126,4,37320,68,0,02,11720,7
19,700,82,96,1077,72,9,28,4,13,-59,07,0,59,414079,9,37313,90,0,00,11713,9
19,750,83,16,1074,77,9,31,4,13,-58,99,0,58,414033,4,37307,11,0,00,11707,1
19,800,83,37,1071,82,9,34,4,13,-58,91,0,58,413959,2,37300,32,0,02,11700,3
19,850,83,58,1068,88,9,37,4,13,-58,82,0,59,413898,4,37293,54,0,00,11693,5
19,900,83,78,1065,94,9,40,4,13,-58,74,0,58,413851,7,37286,75,0,00,11686,8
19,950,83,99,1063,00,9,43,4,13,-58,66,0,58,413831,8,37279,96,0,02,11680,0
20,000,84,20,1060,07,9,45,4,13,-58,58,0,58,413770,6,37273,18,0,02,11673,2
20,050,84,40,1057,15,9,48,4,13,-58,49,0,58,413682,2,37266,39,0,02,11666,4
20,100,84,61,1054,22,9,51,4,13,-58,41,0,58,413621,0,37259,61,0,02,11659,6
20,150,84,81,1051,30,9,54,4,13,-58,33,0,58,413600,7,37252,84,0,02,11652,8
20,200,85,02,1048,39,9,57,4,13,-58,25,0,58,413539,3,37246,06,0,02,11646,1
20,250,85,23,1045,48,9,60,4,13,-58,16,0,58,413492,0,37239,28,0,00,11639,3
20,300,85,43,1042,57,9,63,4,13,-58,08,0,59,413375,0,37232,50,0,00,11632,5
20,350,85,64,1039,67,9,66,4,12,-58,00,0,59,413341,0,37225,73,0,00,11625,7
20,400,85,85,1036,77,9,69,4,12,-57,91,0,58,413320,4,37218,95,0,02,11619,0
20,450,86,05,1033,88,9,72,4,12,-57,83,0,59,413203,4,37212,17,0,00,11612,2
20,500,86,26,1030,99,9,75,4,12,-57,75,0,58,413169,3,37205,39,0,02,11605,4
20,550,86,46,1028,11,9,78,4,12,-57,67,0,58,413162,6,37198,62,0,00,11598,6
20,600,86,67,1025,22,9,81,4,12,-57,58,0,59,413045,7,37191,85,0,02,11591,9
20,650,86,88,1022,35,9,83,4,12,-57,50,0,59,413038,8,37185,08,0,00,11585,1
20,700,87,08,1019,47,9,86,4,12,-57,42,0,59,412949,4,37178,31,0,02,11578,3
20,750,87,29,1016,60,9,89,4,12,-57,34,0,59,412845,8,37171,55,0,00,11571,6
20,800,87,49,1013,74,9,92,4,12,-57,25,0,59,412866,5,37164,78,0,00,11564,8
20,850,87,70,1010,88,9,95,4,12,-57,17,0,59,412777,1,37158,01,0,02,11558,0
20,900,87,91,1008,02,9,98,4,12,-57,09,0,59,412714,8,37151,24,0,02,11551,2
20,949,88,11,1005,17,10,01,4,12,-57,01,0,59,412625,0,37144,48,0,00,11544,5
20,999,88,32,1002,32,10,04,4,12,-56,93,0,59,412590,3,37137,71,0,00,11537,7
21,049,88,52,999,48,10,07,4,12,-56,84,0,59,412556,0,37130,94,0,00,11530,9
21,099,88,73,996,64,10,10,4,11,-56,76,0,59,412535,3,37124,18,0,00,11524,2
21,149,88,94,993,80,10,13,4,11,-56,68,0,59,412459,4,37117,42,0,00,11517,4
21,199,89,14,990,97,10,16,4,11,-56,60,0,59,412411,0,37110,66,0,00,11510,7
21,249,89,35,988,14,10,19,4,11,-56,51,0,59,412348,9,37103,91,0,00,11503,9
21,299,89,55,985,32,10,22,4,11,-56,43,0,59,412286,8,37097,15,0,00,11497,2
21,349,89,76,982,50,10,24,4,11,-56,35,0,59,412224,8,37090,39,0,00,11490,4
21,399,89,96,979,68,10,27,4,11,-56,27,0,59,412190,3,37083,63,0,00,11483,6
21,449,90,17,976,87,10,30,4,11,-56,18,0,59,412072,9,37076,88,0,00,11476,9
21,499,90,37,974,06,10,33,4,11,-56,10,0,59,411997,1,37070,12,0,00,11470,1
21,549,90,58,971,26,10,36,4,11,-56,02,0,59,412004,2,37063,36,0,02,11463,4
21,599,90,79,968,46,10,39,4,11,-55,94,0,59,411914,7,37056,60,0,00,11456,6
21,649,90,99,965,67,10,42,4,11,-55,86,0,59,411894,0,37049,85,0,00,11449,9
21,699,91,20,962,88,10,45,4,11,-55,77,0,59,411763,1,37043,11,0,02,11443,1
21,749,91,40,960,09,10,48,4,11,-55,69,0,59,411742,8,37036,36,0,00,11436,4
21,799,91,61,957,31,10,51,4,11,-55,61,0,59,411722,3,37029,61,0,00,11429,6
21,849,91,81,954,53,10,54,4,10,-55,53,0,59,411591,5,37022,86,0,02,11422,9
21,899,92,02,951,76,10,57,4,10,-55,44,0,59,411584,8,37016,11,0,00,11416,1
21,949,92,22,948,99,10,60,4,10,-55,36,0,59,411481,5,37009,37,0,00,11409,4
21,999,92,43,946,22,10,63,4,10,-55,28,0,59,411461,7,37002,62,0,00,11402,6
22,049,92,63,943,46,10,65,4,10,-55,20,0,59,411358,3,36995,87,0,00,11395,9
22,099,92,84,940,70,10,68,4,10,-55,12,0,59,411338,4,36989,12,0,00,11389,1
22,149,93,04,937,95,10,71,4,10,-55,03,0,59,411262,8,36982,38,0,00,11382,4
22,199,93,25,935,20,10,74,4,10,-54,95,0,59,411284,2,36975,64,0,00,11375,6
22,249,93,45,932,45,10,77,4,10,-54,87,0,59,411126,3,36968,90,0,02,11368,9
22,299,93,66,929,71,10,80,4,10,-54,79,0,59,411161,5,36962,16,0,00,11362,2
22,349,93,86,926,97,10,83,4,10,-54,71,0,59,411072,9,36955,43,0,00,11355,4
22,399,94,07,924,24,10,86,4,10,-54,62,0,59,411011,4,36948,69,0,02,11348,7
22,449,94,27,921,51,10,89,4,10,-54,54,0,59,410977,9,36941,95,0,00,11342,0
22,499,94,48,918,78,10,92,4,10,-54,46,0,59,410889,3,36935,21,0,00,11335,2
22,549,94,68,916,06,10,95,4,09,-54,38,0,59,410786,7,36928,47,0,02,11328,5
22,599,94,89,913,35,10,98,4,09,-54,30,0,59,410739,3,36921,73,0,00,11321,7
22,649,95,09,910,63,11,01,4,09,-54,22,0,59,410761,2,36915,00,0,00,11315,0
22,699,95,30,907,92,11,04,4,09,-54,13,0,59,410687,0,36908,27,0,00,11308,3
22,749,95,50,905,22,11,07,4,09,-54,05,0,59,410571,1,36901,54,0,02,11301,5
22,799,95,70,902,52,11,09,4,09,-53,97,0,59,410537,9,36894,81,0,02,11294,8
22,849,95,91,899,82,11,12,4,09,-53,89,0,59,410491,1,36888,08,0,00,11288,1
22,899,96,11,897,13,11,15,4,09,-53,81,0,59,410485,7,36881,35,0,00,11281,4
22,949,96,32,894,44,11,18,4,09,-53,72,0,59,410411,5,36874,63,0,00,11274,6
22,999,96,52,891,76,11,21,4,09,-53,64,0,59,410337,6,36867,89,0,00,11267,9
23,049,96,73,889,08,11,24,4,09,-53,56,0,59,410290,9,36861,16,0,00,11261,2
23,099,96,93,886,40,11,27,4,09,-53,48,0,59,410189,3,36854,44,0,00,11254,4
23,149,97,14,883,73,11,30,4,09,-53,40,0,59,410129,1,36847,71,0,00,11247,7
23,199,97,34,881,06,11,33,4,09,-53,32,0,59,410082,8,36840,98,0,00,11241,0
23,249,97,54,878,40,11,36,4,08,-53,23,0,59,410022,9,36834,27,0,00,11234,3
23,299,97,75,875,74,11,39,4,08,-53,15,0,59,409976,9,36827,55,0,00,11227,6
23,349,97,95,873,08,11,42,4,08,-53,07,0,59,409917,2,36820,83,0,00,11220,8
23,399,98,16,870,43,11,45,4,08,-52,99,0,59,409843,7,36814,11,0,00,11214,1
23,449,98,36,867,78,11,48,4,08,-52,91,0,59,409797,8,36807,39,0,00,11207,4
23,499,98,56,865,14,11,51,4,08,-52,83,0,59,409738,1,36800,67,0,00,11200,7
23,549,98,77,862,50,11,54,4,08,-52,74,0,59,409733,7,36793,95,0,00,11194,0
23,599,98,97,859,87,11,56,4,08,-52,66,0,59,409660,3,36787,23,0,00,11187,2
23,649,99,18,857,24,11,59,4,08,-52,58,0,59,409641,8,36780,52,0,00,11180,5
23,699,99,38,854,61,11,62,4,08,-52,50,0,59,409554,8,36773,80,0,00,11173,8
23,749,99,58,851,99,11,65,4,08,-52,42,0,59,409468,1,36767,09,0,00,11167,1
23,799,99,79,849,37,11,68,4,08,-52,34,0,59,409409,1,36760,38,0,02,11160,4
23,849,99,99,846,75,11,71,4,08,-52,25,0,59,409363,9,36753,66,0,00,11153,7
23,899,100,20,844,14,11,74,4,07,-52,17,0,59,409332,8,36746,96,0,00,11147,0
23,949,100,40,841,53,11,77,4,07,-52,09,0,59,409315,1,36740,25,0,00,11140,3
23,999,100,60,838,93,11,80,4,07,-52,01,0,59,409228,5,36733,54,0,00,11133,5
24,049,100,81,836,33,11,83,4,07,-51,93,0,59,409156,1,36726,83,0,02,11126,8
24,099,101,01,833,74,11,86,4,07,-51,85,0,59,409069,9,36720,12,0,00,11120,1
24,149,101,21,831,15,11,89,4,07,-51,77,0,59,409093,8,36713,41,0,00,11113,4
24,199,101,42,828,56,11,92,4,07,-51,68,0,59,408980,0,36706,70,0,00,11106,7
24,249,101,62,825,98,11,95,4,07,-51,60,0,59,408949,1,36700,00,0,00,11100,0
24,299,101,82,823,40,11,98,4,07,-51,52,0,59,408904,7,36693,29,0,00,11093,3
24,349,102,03,820,83,12,00,4,07,-51,44,0,59,408887,8,36686,59,0,00,11086,6
24,399,102,23,818,26,12,03,4,07,-51,36,0,59,408774,4,36679,89,0,02,11079,9
24,449,102,43,815,69,12,06,4,07,-51,28,0,59,408702,9,36673,20,0,00,11073,2
24,499,102,64,813,13,12,09,4,07,-51,20,0,59,408713,6,36666,50,0,00,11066,5
24,549,102,84,810,57,12,12,4,07,-51,11,0,59,408614,1,36659,80,0,02,11059,8
24,599,103,04,808,02,12,15,4,06,-51,03,0,59,408556,5,36653,10,0,00,11053,1
24,649,103,25,805,47,12,18,4,06,-50,95,0,59,408484,4,36646,40,0,00,11046,4
24,699,103,45,802,92,12,21,4,06,-50,87,0,59,408440,7,36639,70,0,00,11039,7
24,749,103,65,800,38,12,24,4,06,-50,79,0,59,408424,6,36633,00,0,00,11033,0
24,799,103,86,797,85,12,27,4,06,-50,71,0,59,408325,2,36626,30,0,02,11026,3
24,849,104,06,795,31,12,30,4,06,-50,63,0,59,408254,1,36619,61,0,00,11019,6
24,899,104,26,792,78,12,33,4,06,-50,54,0,59,408293,0,36612,92,0,00,11012,9
24,949,104,47,790,26,12,36,4,06,-50,46,0,59,408166,6,36606,23,0,00,11006,2
24,999,104,67,787,74,12,39,4,06,-50,38,0,59,408137,1,36599,54,0,00,10999,5
25,049,104,87,785,22,12,42,4,06,-50,30,0,59,408065,7,36592,86,0,02,10992,9
25,099,105,07,782,71,12,45,4,06,-50,22,0,59,407981,2,36586,16,0,00,10986,2
25,149,105,28,780,20,12,47,4,06,-50,14,0,59,407951,4,36579,48,0,00,10979,5
25,199,105,48,777,69,12,50,4,06,-50,06,0,59,407922,1,36572,79,0,00,10972,8
25,249,105,68,775,19,12,53,4,05,-49,98,0,59,407892,6,36566,10,0,00,10966,1
25,299,105,89,772,69,12,56,4,05,-49,89,0,59,407780,5,36559,41,0,00,10959,4
25,349,106,09,770,20,12,59,4,05,-49,81,0,59,407792,5,36552,72,0,00,10952,7
25,399,106,29,767,71,12,62,4,05,-49,73,0,59,407694,4,36546,04,0,02,10946,0
25,449,106,49,765,23,12,65,4,05,-49,65,0,59,407651,8,36539,36,0,00,10939,4
25,499,106,70,762,75,12,68,4,05,-49,57,0,59,407608,7,36532,68,0,00,10932,7
25,549,106,90,760,27,12,71,4,05,-49,49,0,59,407511,3,36526,00,0,00,10926,0
25,599,107,10,757,80,12,74,4,05,-49,41,0,59,407523,7,36519,32,0,00,10919,3
25,649,107,30,755,33,12,77,4,05,-49,33,0,59,407426,0,36512,64,0,00,10912,6
25,699,107,51,752,87,12,80,4,05,-49,24,0,59,407397,6,36505,96,0,00,10906,0
25,749,107,71,750,41,12,83,4,05,-49,16,0,59,407299,6,36499,28,0,02,10899,3
25,799,107,91,747,95,12,86,4,05,-49,08,0,59,407243,8,36492,60,0,00,10892,6
25,849,108,11,745,50,12,89,4,05,-49,00,0,59,407256,6,36485,92,0,00,10885,9
25,899,108,31,743,05,12,91,4,04,-48,92,0,59,407159,3,36479,24,0,02,10879,2
25,949,108,52,740,61,12,94,4,04,-48,84,0,59,407090,0,36472,56,0,00,10872,6
25,999,108,72,738,17,12,97,4,04,-48,76,0,59,407062,0,36465,89,0,00,10865,9
26,049,108,92,735,73,13,00,4,04,-48,68,0,58,407019,8,36459,23,0,00,10859,2
26,099,109,12,733,30,13,03,4,04,-48,60,0,59,406950,8,36452,55,0,00,10852,6
26,149,109,33,730,87,13,06,4,04,-48,51,0,59,406923,0,36445,88,0,00,10845,9
26,199,109,53,728,45,13,09,4,04,-48,43,0,58,406839,6,36439,21,0,02,10839,2
26,249,109,73,726,03,13,12,4,04,-48,35,0,58,406811,8,36432,55,0,00,10832,5
26,299,109,93,723,61,13,15,4,04,-48,27,0,58,406742,1,36425,88,0,00,10825,9
26,349,110,13,721,20,13,18,4,04,-48,19,0,58,406741,6,36419,20,0,00,10819,2
26,399,110,34,718,79,13,21,4,04,-48,11,0,58,406631,1,36412,54,0,00,10812,5
26,449,110,54,716,39,13,24,4,04,-48,03,0,58,406575,3,36405,87,0,00,10805,9
26,499,110,74,713,99,13,27,4,03,-47,95,0,59,406533,4,36399,20,0,00,10799,2
26,549,110,94,711,59,13,29,4,03,-47,87,0,58,406478,8,36392,54,0,00,10792,5
26,599,111,14,709,20,13,32,4,03,-47,79,0,58,406423,3,36385,88,0,00,10785,9
26,649,111,34,706,82,13,35,4,03,-47,70,0,58,406340,4,36379,22,0,00,10779,2
26,699,111,55,704,43,13,38,4,03,-47,62,0,58,406298,9,36372,56,0,00,10772,6
26,749,111,75,702,05,13,41,4,03,-47,54,0,58,406257,3,36365,90,0,00,10765,9
26,799,111,95,699,68,13,44,4,03,-47,46,0,58,406188,5,36359,24,0,02,10759,2
26,849,112,15,697,31,13,47,4,03,-47,38,0,58,406147,0,36352,58,0,02,10752,6
26,898,112,35,694,94,13,50,4,03,-47,30,0,58,406091,8,36345,92,0,02,10745,9
26,948,112,55,692,58,13,53,4,03,-47,22,0,58,406050,3,36339,26,0,02,10739,3
26,998,112,75,690,22,13,56,4,03,-47,14,0,58,405981,6,36332,60,0,02,10732,6
27,048,112,96,687,86,13,59,4,03,-47,06,0,58,405954,5,36325,94,0,00,10725,9
27,098,113,16,685,51,13,62,4,03,-46,98,0,58,405885,7,36319,29,0,00,10719,3
27,148,113,36,683,17,13,64,4,03,-46,89,0,58,405831,1,36312,64,0,00,10712,6
27,198,113,56,680,82,13,67,4,02,-46,81,0,58,405790,1,36305,98,0,00,10706,0
27,248,113,76,678,48,13,70,4,02,-46,73,0,58,405721,7,36299,34,0,00,10699,3
27,298,113,96,676,15,13,73,4,02,-46,65,0,58,405667,1,36292,68,0,00,10692,7
27,348,114,16,673,82,13,76,4,02,-46,57,0,58,405694,8,36286,04,0,00,10686,0
27,398,114,36,671,49,13,79,4,02,-46,49,0,58,405557,0,36279,38,0,02,10679,4
27,448,114,57,669,17,13,82,4,02,-46,41,0,58,405530,2,36272,73,0,00,10672,7
27,498,114,77,666,85,13,85,4,02,-46,33,0,58,405475,9,36266,08,0,00,10666,1
27,548,114,97,664,54,13,88,4,02,-46,25,0,58,405394,1,36259,43,0,00,10659,4
27,598,115,17,662,23,13,91,4,02,-46,17,0,58,405352,8,36252,79,0,00,10652,8
27,648,115,37,659,92,13,94,4,02,-46,09,0,58,405312,4,36246,14,0,00,10646,1
27,698,115,57,657,62,13,96,4,02,-46,01,0,58,405272,0,36239,50,0,00,10639,5
27,748,115,77,655,32,13,99,4,02,-45,92,0,58,405245,3,36232,86,0,00,10632,9
27,798,115,97,653,03,14,02,4,02,-45,84,0,58,405162,9,36226,22,0,00,10626,2
27,848,116,17,650,74,14,05,4,02,-45,76,0,58,405109,0,36219,58,0,00,10619,6
27,898,116,37,648,45,14,08,4,01,-45,68,0,58,405068,8,36212,94,0,00,10612,9
27,948,116,57,646,17,14,11,4,01,-45,60,0,58,405000,4,36206,30,0,02,10606,3
27,998,116,78,643,89,14,14,4,01,-45,52,0,58,404946,5,36199,66,0,00,10599,7
28,048,116,98,641,62,14,17,4,01,-45,44,0,58,404878,8,36193,02,0,00,10593,0
28,098,117,18,639,35,14,20,4,01,-45,36,0,58,404865,7,36186,38,0,00,10586,4
28,148,117,38,637,08,14,23,4,01,-45,28,0,58,404784,3,36179,73,0,00,10579,7
28,198,117,58,634,82,14,25,4,01,-45,20,0,58,404799,2,36173,10,0,00,10573,1
28,248,117,78,632,56,14,28,4,01,-45,12,0,58,404676,5,36166,47,0,00,10566,5
28,298,117,98,630,31,14,31,4,01,-45,04,0,58,404636,8,36159,84,0,00,10559,8
28,348,118,18,628,06,14,34,4,01,-44,95,0,58,404582,7,36153,21,0,00,10553,2
28,398,118,38,625,81,14,37,4,01,-44,87,0,58,404529,2,36146,57,0,00,10546,6
28,448,118,58,623,57,14,40,4,01,-44,79,0,58,404474,8,36139,95,0,00,10539,9
28,498,118,78,621,33,14,43,4,01,-44,71,0,58,404421,4,36133,31,0,00,10533,3
28,548,118,98,619,10,14,46,4,01,-44,63,0,58,404395,6,36126,68,0,00,10526,7
28,598,119,18,616,87,14,49,4,00,-44,55,0,58,404328,0,36120,05,0,00,10520,1
28,648,119,38,614,64,14,52,4,00,-44,47,0,58,404274,9,36113,42,0,00,10513,4
28,698,119,58,612,42,14,54,4,00,-44,39,0,58,404234,6,36106,79,0,00,10506,8
28,748,119,78,610,20,14,57,4,00,-44,31,0,58,404167,5,36100,16,0,00,10500,2
28,798,119,98,607,99,14,60,4,00,-44,23,0,58,404113,5,36093,54,0,00,10493,5
28,848,120,18,605,78,14,63,4,00,-44,15,0,58,404074,3,36086,91,0,00,10486,9
28,898,120,38,603,58,14,66,4,00,-44,07,0,58,404006,8,36080,30,0,00,10480,3
28,948,120,58,601,37,14,69,4,00,-43,99,0,58,403953,7,36073,67,0,00,10473,7
28,998,120,78,599,18,14,72,4,00,-43,90,0,58,403914,1,36067,05,0,00,10467,1
29,048,120,98,596,98,14,75,4,00,-43,82,0,58,403861,1,36060,43,0,00,10460,4
29,098,121,18,594,80,14,78,4,00,-43,74,0,58,403793,6,36053,81,0,00,10453,8
29,148,121,38,592,61,14,81,4,00,-43,66,0,58,403740,8,36047,19,0,00,10447,2
29,198,121,58,590,43,14,83,4,00,-43,58,0,58,403687,1,36040,57,0,00,10440,6
29,248,121,78,588,25,14,86,4,00,-43,50,0,58,403661,9,36033,95,0,00,10434,0
29,298,121,98,586,08,14,89,3,99,-43,42,0,58,403594,6,36027,33,0,00,10427,3
29,348,122,18,583,91,14,92,3,99,-43,34,0,58,403555,5,36020,71,0,00,10420,7
29,398,122,38,581,74,14,95,3,99,-43,26,0,58,403488,4,36014,10,0,00,10414,1
29,448,122,58,579,58,14,98,3,99,-43,18,0,58,403435,0,36007,48,0,02,10407,5
29,498,122,78,577,43,15,01,3,99,-43,10,0,58,403396,2,36000,88,0,00,10400,9
29,548,122,98,575,27,15,04,3,99,-43,02,0,58,403329,2,35994,27,0,00,10394,3
29,598,123,18,573,13,15,07,3,99,-42,94,0,58,403276,6,35987,65,0,00,10387,7
29,648,123,38,570,98,15,09,3,99,-42,86,0,58,403250,9,35981,04,0,00,10381,0
29,698,123,58,568,84,15,12,3,99,-42,78,0,58,403225,6,35974,43,0,00,10374,4
29,748,123,78,566,70,15,15,3,99,-42,69,0,58,403131,5,35967,82,0,00,10367,8
29,798,123,98,564,57,15,18,3,99,-42,61,0,58,403078,1,35961,21,0,00,10361,2
29,848,124,17,562,44,15,21,3,99,-42,53,0,58,403025,6,35954,59,0,00,10354,6
29,898,124,37,560,32,15,24,3,99,-42,45,0,58,402986,2,35947,98,0,00,10348,0
29,948,124,57,558,20,15,27,3,99,-42,37,0,58,403002,3,35941,38,0,00,10341,4
29,998,124,77,556,08,15,30,3,98,-42,29,0,58,402866,7,35934,78,0,00,10334,8
30,048,124,97,553,97,15,32,3,98,-42,21,0,58,402814,0,35928,18,0,00,10328,2
30,098,125,17,551,86,15,35,3,98,-42,13,0,58,402775,5,35921,58,0,00,10321,6
30,148,125,37,549,75,15,38,3,98,-42,05,0,58,402722,3,35914,98,0,00,10315,0
30,198,125,57,547,65,15,41,3,98,-41,97,0,58,402655,4,35908,38,0,00,10308,4
30,248,125,77,545,56,15,44,3,98,-41,89,0,58,402602,9,35901,77,0,00,10301,8
30,298,125,97,543,46,15,47,3,98,-41,81,0,58,402549,9,35895,17,0,00,10295,2
30,348,126,17,541,38,15,50,3,98,-41,73,0,58,402496,8,35888,57,0,02,10288,6
30,398,126,37,539,29,15,53,3,98,-41,65,0,58,402472,3,35881,97,0,00,10282,0
30,448,126,56,537,21,15,55,3,98,-41,57,0,58,402405,5,35875,37,0,00,10275,4
30,498,126,76,535,14,15,58,3,98,-41,49,0,58,402352,3,35868,77,0,00,10268,8
30,548,126,96,533,06,15,61,3,98,-41,40,0,58,402300,3,35862,18,0,00,10262,2
30,598,127,16,530,99,15,64,3,98,-41,32,0,58,402247,7,35855,58,0,00,10255,6
30,648,127,36,528,93,15,67,3,98,-41,24,0,58,402222,5,35848,99,0,02,10249,0
30,698,127,56,526,87,15,70,3,98,-41,16,0,57,402142,8,35842,40,0,00,10242,4
30,748,127,76,524,81,15,73,3,97,-41,08,0,57,402089,8,35835,81,0,00,10235,8
30,798,127,96,522,76,15,76,3,97,-41,00,0,57,402064,6,35829,21,0,00,10229,2
30,848,128,15,520,71,15,78,3,97,-40,92,0,57,401998,7,35822,63,0,00,10222,6
30,898,128,35,518,67,15,81,3,97,-40,84,0,57,401959,8,35816,03,0,00,10216,0
30,948,128,55,516,63,15,84,3,97,-40,76,0,57,401893,3,35809,44,0,00,10209,4
30,998,128,75,514,59,15,87,3,97,-40,68,0,57,401854,8,35802,85,0,00,10202,9
31,048,128,95,512,56,15,90,3,97,-40,60,0,57,401802,1,35796,26,0,00,10196,3
31,098,129,15,510,53,15,93,3,97,-40,52,0,57,401749,2,35789,67,0,00,10189,7
31,148,129,35,508,51,15,96,3,97,-40,44,0,57,401710,9,35783,09,0,00,10183,1
31,198,129,54,506,49,15,99,3,97,-40,36,0,57,401644,7,35776,51,0,00,10176,5
31,248,129,74,504,47,16,01,3,97,-40,28,0,57,401592,1,35769,93,0,00,10169,9
31,298,129,94,502,46,16,04,3,97,-40,20,0,57,401553,2,35763,34,0,00,10163,4
31,348,130,14,500,45,16,07,3,97,-40,12,0,57,401501,3,35756,77,0,00,10156,8
31,398,130,34,498,45,16,10,3,97,-40,04,0,57,401434,8,35750,18,0,00,10150,2
31,448,130,54,496,45,16,13,3,97,-39,95,0,57,401382,3,35743,60,0,00,10143,6
31,498,130,73,494,46,16,16,3,96,-39,87,0,57,401329,6,35737,02,0,00,10137,0
31,548,130,93,492,46,16,19,3,96,-39,79,0,57,401291,4,35730,44,0,00,10130,4
31,598,131,13,490,48,16,22,3,96,-39,71,0,57,401211,0,35723,85,0,00,10123,9
31,648,131,33,488,49,16,24,3,96,-39,63,0,57,401172,1,35717,27,0,00,10117,3
31,698,131,53,486,51,16,27,3,96,-39,55,0,57,401175,0,35710,70,0,00,10110,7
31,748,131,73,484,54,16,30,3,96,-39,47,0,57,401081,6,35704,13,0,00,10104,1
31,798,131,92,482,57,16,33,3,96,-39,39,0,57,401028,8,35697,56,0,00,10097,6
31,848,132,12,480,60,16,36,3,96,-39,31,0,57,400962,0,35690,98,0,00,10091,0
31,898,132,32,478,63,16,39,3,96,-39,23,0,57,400937,9,35684,41,0,00,10084,4
31,948,132,52,476,68,16,42,3,96,-39,15,0,57,400857,9,35677,84,0,00,10077,8
31,998,132,72,474,72,16,44,3,96,-39,07,0,57,400805,3,35671,27,0,00,10071,3
32,048,132,91,472,77,16,47,3,96,-38,99,0,57,400766,5,35664,70,0,00,10064,7
32,098,133,11,470,82,16,50,3,96,-38,91,0,57,400727,7,35658,13,0,02,10058,1
32,148,133,31,468,88,16,53,3,96,-38,83,0,57,400661,8,35651,55,0,00,10051,6
32,198,133,51,466,94,16,56,3,96,-38,75,0,57,400609,3,35644,98,0,00,10045,0
32,248,133,70,465,00,16,59,3,95,-38,67,0,57,400543,2,35638,41,0,00,10038,4
32,298,133,90,463,07,16,62,3,95,-38,59,0,57,400518,4,35631,85,0,00,10031,9
32,348,134,10,461,14,16,64,3,95,-38,51,0,57,400480,3,35625,29,0,00,10025,3
32,398,134,30,459,22,16,67,3,95,-38,43,0,57,400386,4,35618,73,0,00,10018,7
32,448,134,49,457,30,16,70,3,95,-38,34,0,57,400347,6,35612,16,0,00,10012,2
32,498,134,69,455,39,16,73,3,95,-38,26,0,57,400295,0,35605,60,0,00,10005,6
32,548,134,89,453,48,16,76,3,95,-38,18,0,57,400242,5,35599,04,0,02,9999,0
32,598,135,09,451,57,16,79,3,95,-38,10,0,57,400190,6,35592,48,0,00,9992,5
32,648,135,29,449,67,16,82,3,95,-38,02,0,57,400137,8,35585,91,0,00,9985,9
32,698,135,48,447,77,16,85,3,95,-37,94,0,57,400085,0,35579,35,0,00,9979,4
32,748,135,68,445,87,16,87,3,95,-37,86,0,57,400032,1,35572,79,0,00,9972,8
32,798,135,88,443,98,16,90,3,95,-37,78,0,57,400048,8,35566,23,0,00,9966,2
32,848,136,07,442,09,16,93,3,95,-37,70,0,57,399927,9,35559,68,0,00,9959,7
32,898,136,27,440,21,16,96,3,95,-37,62,0,57,399861,7,35553,13,0,00,9953,1
32,948,136,47,438,33,16,99,3,95,-37,54,0,57,399822,9,35546,57,0,00,9946,6
32,998,136,67,436,46,17,02,3,95,-37,46,0,57,399770,4,35540,02,0,00,9940,0
33,048,136,86,434,58,17,04,3,94,-37,38,0,57,399717,7,35533,46,0,02,9933,5
33,098,137,06,432,72,17,07,3,94,-37,30,0,57,399679,4,35526,91,0,00,9926,9
33,148,137,26,430,86,17,10,3,94,-37,22,0,57,399626,9,35520,36,0,00,9920,4
33,198,137,46,429,00,17,13,3,94,-37,14,0,57,399574,6,35513,80,0,00,9913,8
33,248,137,65,427,14,17,16,3,94,-37,06,0,57,399508,3,35507,25,0,00,9907,3
33,298,137,85,425,29,17,19,3,94,-36,98,0,57,399469,3,35500,70,0,00,9900,7
33,348,138,05,423,44,17,22,3,94,-36,90,0,57,399417,5,35494,15,0,00,9894,1
33,398,138,24,421,60,17,24,3,94,-36,82,0,57,399365,0,35487,60,0,00,9887,6
33,448,138,44,419,76,17,27,3,94,-36,74,0,57,399284,8,35481,06,0,00,9881,1
33,498,138,64,417,93,17,30,3,94,-36,65,0,57,399259,7,35474,52,0,00,9874,5
33,548,138,83,416,10,17,33,3,94,-36,57,0,57,399179,5,35467,98,0,00,9868,0
33,598,139,03,414,27,17,36,3,94,-36,49,0,57,399168,3,35461,43,0,00,9861,4
33,648,139,23,412,45,17,39,3,94,-36,41,0,57,399116,4,35454,89,0,00,9854,9
33,698,139,43,410,63,17,42,3,94,-36,33,0,57,399050,2,35448,34,0,00,9848,3
33,748,139,62,408,81,17,44,3,94,-36,25,0,57,398997,3,35441,80,0,00,9841,8
33,798,139,82,407,00,17,47,3,94,-36,17,0,57,398944,4,35435,26,0,00,9835,3
33,848,140,02,405,20,17,50,3,93,-36,09,0,57,398891,4,35428,72,0,00,9828,7
33,898,140,21,403,39,17,53,3,93,-36,01,0,57,398824,7,35422,17,0,00,9822,2
33,948,140,41,401,60,17,56,3,93,-35,93,0,57,398786,3,35415,63,0,00,9815,6
33,998,140,61,399,80,17,59,3,93,-35,85,0,57,398747,4,35409,10,0,00,9809,1
34,048,140,80,398,01,17,62,3,93,-35,77,0,57,398694,7,35402,57,0,00,9802,6
34,098,141,00,396,22,17,64,3,93,-35,69,0,57,398614,5,35396,04,0,00,9796,0
34,148,141,20,394,44,17,67,3,93,-35,61,0,57,398575,7,35389,50,0,00,9789,5
34,198,141,39,392,66,17,70,3,93,-35,53,0,57,398550,5,35382,97,0,00,9783,0
34,248,141,59,390,89,17,73,3,93,-35,45,0,57,398483,9,35376,43,0,02,9776,4
34,298,141,78,389,12,17,76,3,93,-35,37,0,57,398404,2,35369,90,0,00,9769,9
34,348,141,98,387,35,17,79,3,93,-35,29,0,57,398365,1,35363,37,0,00,9763,4
34,398,142,18,385,59,17,81,3,93,-35,21,0,57,398325,8,35356,84,0,00,9756,8
34,448,142,37,383,83,17,84,3,93,-35,13,0,57,398245,2,35350,30,0,00,9750,3
34,498,142,57,382,08,17,87,3,93,-35,05,0,57,398219,9,35343,77,0,00,9743,8
34,548,142,77,380,33,17,90,3,93,-34,97,0,57,398167,4,35337,24,0,00,9737,2
34,598,142,96,378,58,17,93,3,93,-34,89,0,57,398101,0,35330,72,0,02,9730,7
34,648,143,16,376,84,17,96,3,92,-34,80,0,57,398049,0,35324,20,0,00,9724,2
34,698,143,36,375,10,17,99,3,92,-34,72,0,57,398010,0,35317,67,0,00,9717,7
34,748,143,55,373,37,18,01,3,92,-34,64,0,57,397957,2,35311,15,0,00,9711,2
34,798,143,75,371,64,18,04,3,92,-34,56,0,57,397904,4,35304,63,0,00,9704,6
34,848,143,94,369,91,18,07,3,92,-34,48,0,57,397823,9,35298,10,0,00,9698,1
34,898,144,14,368,19,18,10,3,92,-34,40,0,57,397798,5,35291,58,0,00,9691,6
34,948,144,34,366,47,18,13,3,92,-34,32,0,57,397745,7,35285,05,0,00,9685,1
34,998,144,53,364,76,18,16,3,92,-34,24,0,57,397761,9,35278,53,0,00,9678,5
35,048,144,73,363,05,18,18,3,92,-34,16,0,57,397640,3,35272,01,0,00,9672,0
35,098,144,92,361,34,18,21,3,92,-34,08,0,57,397587,1,35265,49,0,00,9665,5
35,148,145,12,359,64,18,24,3,92,-34,00,0,57,397547,7,35258,98,0,00,9659,0
35,198,145,32,357,94,18,27,3,92,-33,92,0,57,397481,0,35252,46,0,00,9652,5
35,248,145,51,356,24,18,30,3,92,-33,84,0,57,397427,9,35245,95,0,00,9646,0
35,298,145,71,354,55,18,33,3,92,-33,76,0,57,397374,8,35239,44,0,00,9639,4
35,348,145,90,352,87,18,35,3,92,-33,68,0,57,397335,3,35232,92,0,00,9632,9
35,398,146,10,351,19,18,38,3,92,-33,60,0,57,397282,2,35226,41,0,02,9626,4
35,448,146,30,349,51,18,41,3,92,-33,52,0,57,397215,9,35219,90,0,00,9619,9
35,498,146,49,347,84,18,44,3,91,-33,44,0,57,397162,6,35213,38,0,00,9613,4
35,548,146,69,346,17,18,47,3,91,-33,36,0,57,397109,2,35206,87,0,00,9606,9
35,598,146,88,344,50,18,50,3,91,-33,28,0,57,397055,7,35200,36,0,00,9600,4
35,648,147,08,342,84,18,53,3,91,-33,20,0,57,397002,3,35193,85,0,00,9593,8
35,698,147,27,341,18,18,55,3,91,-33,12,0,57,396976,4,35187,34,0,00,9587,3
35,748,147,47,339,53,18,58,3,91,-33,04,0,57,396895,3,35180,84,0,00,9580,8
35,798,147,66,337,88,18,61,3,91,-32,96,0,57,396855,6,35174,34,0,00,9574,3
35,848,147,86,336,23,18,64,3,91,-32,87,0,57,396788,6,35167,83,0,00,9567,8
35,898,148,06,334,59,18,67,3,91,-32,79,0,57,396750,0,35161,33,0,00,9561,3
35,948,148,25,332,95,18,70,3,91,-32,71,0,57,396682,9,35154,82,0,00,9554,8
35,998,148,45,331,32,18,72,3,91,-32,63,0,57,396643,5,35148,32,0,00,9548,3
36,049,148,64,329,69,18,75,3,91,-32,55,0,57,396590,0,35141,82,0,00,9541,8
36,099,148,84,328,06,18,78,3,91,-32,47,0,57,396509,1,35135,31,0,00,9535,3
36,149,149,03,326,44,18,81,3,91,-32,39,0,57,396455,5,35128,81,0,00,9528,8
36,199,149,23,324,82,18,84,3,91,-32,31,0,57,396429,7,35122,30,0,00,9522,3
36,249,149,42,323,21,18,87,3,91,-32,23,0,57,396348,7,35115,81,0,00,9515,8
36,299,149,62,321,60,18,89,3,91,-32,15,0,57,396308,9,35109,32,0,00,9509,3
36,349,149,81,319,99,18,92,3,91,-32,07,0,57,396255,4,35102,82,0,00,9502,8
36,399,150,01,318,39,18,95,3,90,-31,99,0,57,396209,4,35096,33,0,00,9496,3
36,449,150,20,316,79,18,98,3,90,-31,91,0,57,396149,0,35089,84,0,00,9489,8
36,499,150,40,315,20,19,01,3,90,-31,83,0,57,396102,4,35083,34,0,00,9483,3
36,549,150,59,313,61,19,04,3,90,-31,75,0,57,396048,8,35076,84,0,00,9476,8
36,599,150,79,312,03,19,06,3,90,-31,67,0,57,396001,9,35070,35,0,00,9470,4
36,649,150,99,310,45,19,09,3,90,-31,59,0,57,395948,2,35063,86,0,00,9463,9
36,699,151,18,308,87,19,12,3,90,-31,51,0,57,395887,6,35057,36,0,00,9457,4
36,749,151,38,307,29,19,15,3,90,-31,43,0,57,395833,7,35050,87,0,00,9450,9
36,799,151,57,305,72,19,18,3,90,-31,35,0,57,395786,8,35044,38,0,00,9444,4
36,849,151,77,304,16,19,21,3,90,-31,27,0,57,395726,1,35037,90,0,00,9437,9
36,899,151,96,302,60,19,23,3,90,-31,19,0,57,395686,1,35031,41,0,00,9431,4
36,949,152,16,301,04,19,26,3,90,-31,11,0,57,395619,1,35024,93,0,00,9424,9
36,999,152,35,299,49,19,29,3,90,-31,03,0,57,395565,3,35018,45,0,00,9418,4
37,049,152,54,297,94,19,32,3,90,-30,95,0,57,395511,4,35011,96,0,00,9412,0
37,099,152,74,296,39,19,35,3,90,-30,87,0,57,395464,4,35005,48,0,00,9405,5
37,149,152,93,294,85,19,38,3,90,-30,78,0,57,395403,5,34998,99,0,00,9399,0
37,199,153,13,293,31,19,40,3,90,-30,70,0,57,395342,5,34992,51,0,00,9392,5
37,249,153,32,291,78,19,43,3,90,-30,62,0,57,395295,3,34986,02,0,00,9386,0
37,299,153,52,290,25,19,46,3,89,-30,54,0,57,395234,3,34979,54,0,00,9379,5
37,349,153,71,288,73,19,49,3,89,-30,46,0,57,395180,2,34973,06,0,00,9373,1
37,399,153,91,287,21,19,52,3,89,-30,38,0,57,395139,9,34966,59,0,00,9366,6
37,449,154,10,285,69,19,55,3,89,-30,30,0,57,395071,8,34960,12,0,00,9360,1
37,499,154,30,284,18,19,57,3,89,-30,22,0,57,395031,5,34953,64,0,00,9353,6
37,549,154,49,282,67,19,60,3,89,-30,14,0,57,395032,9,34947,16,0,00,9347,2
37,599,154,69,281,16,19,63,3,89,-30,06,0,57,394917,1,34940,69,0,00,9340,7
37,649,154,88,279,66,19,66,3,89,-29,98,0,57,394862,9,34934,22,0,00,9334,2
37,699,155,08,278,16,19,69,3,89,-29,90,0,57,394815,6,34927,74,0,00,9327,7
37,749,155,27,276,67,19,72,3,89,-29,82,0,57,394761,3,34921,27,0,00,9321,3
37,799,155,46,275,18,19,74,3,89,-29,74,0,57,394700,2,34914,79,0,00,9314,8
37,849,155,66,273,70,19,77,3,89,-29,66,0,57,394652,7,34908,32,0,00,9308,3
37,899,155,85,272,22,19,80,3,89,-29,58,0,57,394598,5,34901,85,0,00,9301,9
37,949,156,05,270,74,19,83,3,89,-29,50,0,57,394537,2,34895,39,0,00,9295,4
37,999,156,24,269,27,19,86,3,89,-29,42,0,57,394482,8,34888,92,0,00,9288,9
38,049,156,44,267,80,19,89,3,89,-29,34,0,57,394435,2,34882,46,0,00,9282,5
38,099,156,63,266,33,19,91,3,89,-29,26,0,57,394380,7,34875,99,0,00,9276,0
38,149,156,83,264,87,19,94,3,89,-29,18,0,57,394312,4,34869,53,0,00,9269,5
38,199,157,02,263,41,19,97,3,89,-29,10,0,57,394264,7,34863,06,0,00,9263,1
38,249,157,21,261,96,20,00,3,88,-29,02,0,57,394216,9,34856,60,0,00,9256,6
38,299,157,41,260,51,20,03,3,88,-28,94,0,57,394162,9,34850,13,0,00,9250,1
38,349,157,60,259,07,20,06,3,88,-28,86,0,57,394101,3,34843,67,0,00,9243,7
38,399,157,80,257,63,20,08,3,88,-28,78,0,57,394053,4,34837,20,0,00,9237,2
38,449,157,99,256,19,20,11,3,88,-28,70,0,57,393991,8,34830,75,0,00,9230,7
38,499,158,18,254,76,20,14,3,88,-28,61,0,57,393930,2,34824,29,0,00,9224,3
38,549,158,38,253,33,20,17,3,88,-28,53,0,57,393896,3,34817,84,0,00,9217,8
38,599,158,57,251,90,20,20,3,88,-28,45,0,57,393834,8,34811,38,0,00,9211,4
38,649,158,77,250,48,20,23,3,88,-28,37,0,57,393773,2,34804,93,0,00,9204,9
38,699,158,96,249,07,20,26,3,88,-28,29,0,57,393725,4,34798,47,0,00,9198,5
38,749,159,15,247,65,20,28,3,88,-28,21,0,57,393677,5,34792,02,0,00,9192,0
38,799,159,35,246,24,20,31,3,88,-28,13,0,57,393608,8,34785,56,0,00,9185,6
38,849,159,54,244,84,20,34,3,88,-28,05,0,57,393553,8,34779,11,0,00,9179,1
38,899,159,74,243,44,20,37,3,88,-27,97,0,57,393505,9,34772,65,0,00,9172,7
38,949,159,93,242,04,20,40,3,88,-27,89,0,57,393457,8,34766,20,0,00,9166,2
38,999,160,12,240,65,20,43,3,88,-27,81,0,57,393395,9,34759,75,0,00,9159,7
39,049,160,32,239,26,20,45,3,88,-27,73,0,57,393340,9,34753,30,0,00,9153,3
39,099,160,51,237,88,20,48,3,88,-27,65,0,57,393279,5,34746,86,0,00,9146,9
39,149,160,71,236,50,20,51,3,88,-27,57,0,57,393224,4,34740,41,0,00,9140,4
39,199,160,90,235,12,20,54,3,87,-27,49,0,57,393176,2,34733,97,0,00,9134,0
39,249,161,09,233,75,20,57,3,87,-27,41,0,57,393114,2,34727,52,0,00,9127,5
39,299,161,29,232,38,20,60,3,87,-27,33,0,57,393072,8,34721,08,0,00,9121,1
39,349,161,48,231,01,20,62,3,87,-27,25,0,57,393003,7,34714,63,0,00,9114,6
39,399,161,67,229,65,20,65,3,87,-27,17,0,57,392962,2,34708,19,0,00,9108,2
39,449,161,87,228,30,20,68,3,87,-27,09,0,57,392900,0,34701,74,0,00,9101,7
39,499,162,06,226,95,20,71,3,87,-27,01,0,57,392851,5,34695,30,0,00,9095,3
39,549,162,26,225,60,20,74,3,87,-26,93,0,57,392775,4,34688,86,0,00,9088,9
39,599,162,45,224,25,20,77,3,87,-26,85,0,57,392726,8,34682,43,0,00,9082,4
39,649,162,64,222,91,20,79,3,87,-26,77,0,57,392678,3,34675,99,0,00,9076,0
39,699,162,84,221,58,20,82,3,87,-26,69,0,57,392629,7,34669,55,0,00,9069,6
39,749,163,03,220,24,20,85,3,87,-26,61,0,57,392567,1,34663,12,0,00,9063,1
39,799,163,22,218,92,20,88,3,87,-26,53,0,57,392518,5,34656,68,0,00,9056,7
39,849,163,42,217,59,20,91,3,87,-26,44,0,57,392449,0,34650,25,0,00,9050,2
39,899,163,61,216,27,20,94,3,87,-26,36,0,57,392400,3,34643,81,0,00,9043,8
39,949,163,80,214,96,20,96,3,87,-26,28,0,57,392344,6,34637,38,0,00,9037,4
39,999,164,00,213,64,20,99,3,87,-26,20,0,57,392295,7,34630,94,0,00,9030,9
40,049,164,19,212,33,21,02,3,87,-26,12,0,57,392240,6,34624,51,0,00,9024,5
40,099,164,38,211,03,21,05,3,87,-26,04,0,57,392177,8,34618,09,0,00,9018,1
40,149,164,58,209,73,21,08,3,87,-25,96,0,57,392128,9,34611,66,0,00,9011,7
40,199,164,77,208,43,21,11,3,87,-25,88,0,57,392066,2,34605,23,0,00,9005,2
40,249,164,96,207,14,21,13,3,86,-25,80,0,57,392017,2,34598,80,0,00,8998,8
40,299,165,16,205,85,21,16,3,86,-25,72,0,57,391954,5,34592,38,0,00,8992,4
40,349,165,35,204,57,21,19,3,86,-25,64,0,57,391891,6,34585,95,0,00,8986,0
40,399,165,54,203,29,21,22,3,86,-25,56,0,57,391849,5,34579,53,0,00,8979,5
40,449,165,74,202,01,21,25,3,86,-25,48,0,57,391786,6,34573,10,0,00,8973,1
40,499,165,93,200,74,21,28,3,86,-25,40,0,57,391737,5,34566,68,0,00,8966,7
40,549,166,12,199,47,21,30,3,86,-25,32,0,57,391674,5,34560,25,0,00,8960,3
40,599,166,32,198,21,21,33,3,86,-25,24,0,57,391618,4,34553,84,0,00,8953,8
40,649,166,51,196,95,21,36,3,86,-25,16,0,57,391555,4,34547,42,0,00,8947,4
40,699,166,70,195,69,21,39,3,86,-25,08,0,57,391506,2,34541,00,0,00,8941,0
40,750,166,89,194,44,21,42,3,86,-25,00,0,57,391450,1,34534,59,0,00,8934,6
40,800,167,09,193,19,21,45,3,86,-24,92,0,57,391400,8,34528,17,0,00,8928,2
40,850,167,28,191,95,21,47,3,86,-24,84,0,57,391330,7,34521,75,0,00,8921,8
40,900,167,47,190,71,21,50,3,86,-24,76,0,57,391288,1,34515,34,0,00,8915,3
40,950,167,67,189,47,21,53,3,86,-24,68,0,57,391218,0,34508,92,0,00,8908,9
41,000,167,86,188,24,21,56,3,86,-24,60,0,57,391182,3,34502,51,0,00,8902,5
41,050,168,05,187,02,21,59,3,86,-24,52,0,57,391112,1,34496,09,0,00,8896,1
41,100,168,24,185,79,21,62,3,86,-24,44,0,57,391048,7,34489,68,0,00,8889,7
41,150,168,44,184,57,21,64,3,86,-24,36,0,57,391054,6,34483,27,0,00,8883,3
41,200,168,63,183,36,21,67,3,86,-24,28,0,57,390957,1,34476,86,0,00,8876,9
41,250,168,82,182,14,21,70,3,86,-24,19,0,57,390879,9,34470,46,0,00,8870,5
41,300,169,02,180,94,21,73,3,86,-24,11,0,57,390830,3,34464,05,0,00,8864,1
41,350,169,21,179,73,21,76,3,86,-24,03,0,57,390773,6,34457,64,0,00,8857,6
41,400,169,40,178,53,21,79,3,85,-23,95,0,57,390710,1,34451,24,0,00,8851,2
41,450,169,59,177,34,21,82,3,85,-23,87,0,57,390653,3,34444,83,0,00,8844,8
41,500,169,79,176,15,21,84,3,85,-23,79,0,57,390603,4,34438,43,0,00,8838,4
41,550,169,98,174,96,21,87,3,85,-23,71,0,57,390546,6,34432,02,0,00,8832,0
41,600,170,17,173,77,21,90,3,85,-23,63,0,57,390489,8,34425,61,0,00,8825,6
41,650,170,37,172,59,21,93,3,85,-23,55,0,57,390439,8,34419,21,0,00,8819,2
41,700,170,56,171,42,21,96,3,85,-23,47,0,57,390369,1,34412,82,0,00,8812,8
41,750,170,75,170,25,21,99,3,85,-23,39,0,57,390326,0,34406,42,0,00,8806,4
41,800,170,94,169,08,22,01,3,85,-23,31,0,57,390255,3,34400,02,0,00,8800,0
41,850,171,14,167,92,22,04,3,85,-23,23,0,57,390191,3,34393,63,0,00,8793,6
41,900,171,33,166,76,22,07,3,85,-23,15,0,57,390155,0,34387,23,0,00,8787,2
41,950,171,52,165,60,22,10,3,85,-23,07,0,57,390091,0,34380,83,0,00,8780,8
42,000,171,71,164,45,22,13,3,85,-22,99,0,57,390026,9,34374,44,0,00,8774,4
42,050,171,91,163,30,22,16,3,85,-22,91,0,57,389983,5,34368,04,0,00,8768,0
42,100,172,10,162,16,22,19,3,85,-22,83,0,57,389919,3,34361,64,0,00,8761,6
42,150,172,29,161,02,22,21,3,85,-22,75,0,57,389862,1,34355,25,0,00,8755,2
42,200,172,48,159,88,22,24,3,85,-22,67,0,57,389811,8,34348,86,0,00,8748,9
42,250,172,68,158,75,22,27,3,85,-22,59,0,57,389747,6,34342,48,0,00,8742,5
42,300,172,87,157,63,22,30,3,85,-22,51,0,57,389697,2,34336,09,0,00,8736,1
42,350,173,06,156,50,22,33,3,85,-22,43,0,57,389632,9,34329,70,0,00,8729,7
42,400,173,25,155,38,22,36,3,85,-22,35,0,57,389575,5,34323,32,0,00,8723,3
42,450,173,44,154,27,22,38,3,85,-22,27,0,57,389511,1,34316,93,0,00,8716,9
42,500,173,64,153,16,22,41,3,84,-22,19,0,57,389453,6,34310,54,0,00,8710,5
42,550,173,83,152,05,22,44,3,85,-22,11,0,57,389410,5,34304,16,0,00,8704,2
42,600,174,02,150,95,22,47,3,84,-22,02,0,57,389339,1,34297,77,0,00,8697,8
42,650,174,21,149,85,22,50,3,84,-21,94,0,57,389295,2,34291,38,0,00,8691,4
42,700,174,41,148,75,22,53,3,84,-21,86,0,57,389230,7,34285,00,0,00,8685,0
42,750,174,60,147,66,22,56,3,84,-21,78,0,57,389173,0,34278,63,0,00,8678,6
42,800,174,79,146,57,22,58,3,84,-21,70,0,57,389115,3,34272,25,0,00,8672,2
42,850,174,98,145,49,22,61,3,84,-21,62,0,57,389057,6,34265,87,0,00,8665,9
42,900,175,17,144,41,22,64,3,84,-21,54,0,57,388999,8,34259,50,0,00,8659,5
42,950,175,37,143,34,22,67,3,84,-21,46,0,57,388942,0,34253,12,0,00,8653,1
43,000,175,56,142,26,22,70,3,84,-21,38,0,57,388884,1,34246,74,0,00,8646,7
43,050,175,75,141,20,22,73,3,84,-21,30,0,57,388826,2,34240,36,0,00,8640,4
43,100,175,94,140,13,22,75,3,84,-21,22,0,57,388775,1,34233,99,0,00,8634,0
43,150,176,13,139,08,22,78,3,84,-21,14,0,57,388710,2,34227,61,0,00,8627,6
43,200,176,33,138,02,22,81,3,84,-21,06,0,57,388645,3,34221,24,0,00,8621,2
43,250,176,52,136,97,22,84,3,84,-20,98,0,57,388594,1,34214,87,0,00,8614,9
43,300,176,71,135,92,22,87,3,84,-20,90,0,57,388536,0,34208,50,0,00,8608,5
43,350,176,90,134,88,22,90,3,84,-20,82,0,57,388471,0,34202,14,0,00,8602,1
43,400,177,09,133,84,22,93,3,84,-20,74,0,57,388433,3,34195,77,0,00,8595,8
43,450,177,29,132,81,22,95,3,84,-20,66,0,57,388361,3,34189,40,0,00,8589,4
43,500,177,48,131,77,22,98,3,84,-20,58,0,57,388302,9,34183,04,0,00,8583,0
43,550,177,67,130,75,23,01,3,84,-20,50,0,57,388244,5,34176,67,0,00,8576,7
43,600,177,86,129,72,23,04,3,84,-20,42,0,57,388186,1,34170,30,0,00,8570,3
43,650,178,05,128,71,23,07,3,84,-20,34,0,57,388127,5,34163,93,0,00,8563,9
43,700,178,25,127,69,23,10,3,84,-20,26,0,57,388075,9,34157,57,0,00,8557,6
43,750,178,44,126,68,23,13,3,84,-20,18,0,57,388010,5,34151,21,0,00,8551,2
43,800,178,63,125,67,23,15,3,84,-20,10,0,57,387952,0,34144,85,0,00,8544,9
43,850,178,82,124,67,23,18,3,84,-20,02,0,57,387886,5,34138,50,0,00,8538,5
43,900,179,01,123,67,23,21,3,84,-19,94,0,57,387834,7,34132,14,0,00,8532,1
43,950,179,20,122,68,23,24,3,83,-19,86,0,57,387776,0,34125,78,0,00,8525,8
44,000,179,40,121,69,23,27,3,83,-19,77,0,57,387724,2,34119,42,0,00,8519,4
44,050,179,59,120,70,23,30,3,83,-19,69,0,57,387651,5,34113,07,0,00,8513,1
44,100,179,78,119,72,23,33,3,83,-19,61,0,57,387600,2,34106,71,0,00,8506,7
44,150,179,97,118,74,23,35,3,83,-19,53,0,57,387541,2,34100,35,0,00,8500,4
44,200,180,16,117,76,23,38,3,83,-19,45,0,57,387482,2,34094,00,0,00,8494,0
44,250,180,35,116,79,23,41,3,83,-19,37,0,57,387423,1,34087,65,0,00,8487,6
44,300,180,55,115,83,23,44,3,83,-19,29,0,57,387350,4,34081,30,0,00,8481,3
44,350,180,74,114,86,23,47,3,83,-19,21,0,57,387298,1,34074,95,0,00,8475,0
44,400,180,93,113,90,23,50,3,83,-19,13,0,57,387239,1,34068,61,0,00,8468,6
44,450,181,12,112,95,23,53,3,83,-19,05,0,57,387186,7,34062,26,0,00,8462,3
44,500,181,31,112,00,23,55,3,83,-18,97,0,57,387127,5,34055,91,0,00,8455,9
44,550,181,50,111,05,23,58,3,83,-18,89,0,57,387061,3,34049,56,0,00,8449,6
44,600,181,70,110,11,23,61,3,83,-18,81,0,57,387002,0,34043,21,0,00,8443,2
44,650,181,89,109,17,23,64,3,83,-18,73,0,57,386956,4,34036,87,0,00,8436,9
44,700,182,08,108,24,23,67,3,83,-18,65,0,57,386890,2,34030,52,0,00,8430,5
44,750,182,27,107,31,23,70,3,83,-18,57,0,57,386830,8,34024,18,0,00,8424,2
44,800,182,46,106,38,23,73,3,83,-18,49,0,57,386764,6,34017,84,0,00,8417,8
44,850,182,65,105,46,23,76,3,83,-18,41,0,57,386712,0,34011,51,0,00,8411,5
44,900,182,84,104,54,23,78,3,83,-18,33,0,57,386645,6,34005,17,0,00,8405,2
44,950,183,04,103,63,23,81,3,83,-18,25,0,57,386586,0,33998,83,0,00,8398,8
45,000,183,23,102,71,23,84,3,83,-18,17,0,57,386519,5,33992,49,0,00,8392,5
45,050,183,42,101,81,23,87,3,83,-18,09,0,57,386466,8,33986,16,0,00,8386,2
45,100,183,61,100,91,23,90,3,83,-18,01,0,57,386414,0,33979,82,0,00,8379,8
45,150,183,80,100,01,23,93,3,83,-17,93,0,57,386347,3,33973,48,0,00,8373,5
45,200,183,99,99,11,23,96,3,83,-17,85,0,57,386294,4,33967,14,0,00,8367,1
45,250,184,18,98,22,23,99,3,83,-17,77,0,57,386234,7,33960,82,0,00,8360,8
45,300,184,38,97,34,24,01,3,83,-17,69,0,57,386174,8,33954,49,0,00,8354,5
45,350,184,57,96,45,24,04,3,83,-17,60,0,57,386108,1,33948,16,0,00,8348,2
45,400,184,76,95,58,24,07,3,83,-17,52,0,57,386055,1,33941,83,0,00,8341,8
45,451,184,95,94,70,24,10,3,83,-17,44,0,57,386002,0,33935,50,0,00,8335,5
45,501,185,14,93,83,24,13,3,82,-17,36,0,57,385935,2,33929,18,0,00,8329,2
45,551,185,33,92,97,24,16,3,82,-17,28,0,57,385875,0,33922,85,0,00,8322,8
45,601,185,52,92,10,24,19,3,82,-17,20,0,57,385807,9,33916,52,0,00,8316,5
45,651,185,71,91,25,24,21,3,82,-17,12,0,58,385754,7,33910,19,0,00,8310,2
45,701,185,91,90,39,24,24,3,82,-17,04,0,58,385694,5,33903,87,0,00,8303,9
45,751,186,10,89,54,24,27,3,82,-16,96,0,58,385621,2,33897,55,0,00,8297,5
45,801,186,29,88,70,24,30,3,82,-16,88,0,58,385554,0,33891,23,0,00,8291,2
45,851,186,48,87,85,24,33,3,82,-16,80,0,58,385493,7,33884,91,0,00,8284,9
45,901,186,67,87,02,24,36,3,82,-16,72,0,58,385447,2,33878,59,0,00,8278,6
45,951,186,86,86,18,24,39,3,82,-16,64,0,58,385386,8,33872,27,0,00,8272,3
46,001,187,05,85,35,24,42,3,82,-16,56,0,58,385333,1,33865,95,0,00,8266,0
46,051,187,24,84,53,24,45,3,82,-16,48,0,58,385265,7,33859,64,0,00,8259,6
46,101,187,43,83,70,24,47,3,82,-16,40,0,58,385198,2,33853,32,0,00,8253,3
46,151,187,63,82,89,24,50,3,82,-16,32,0,58,385144,6,33847,00,0,00,8247,0
46,201,187,82,82,07,24,53,3,82,-16,24,0,58,385097,7,33840,68,0,00,8240,7
46,251,188,01,81,26,24,56,3,82,-16,16,0,58,385030,2,33834,38,0,00,8234,4
46,301,188,20,80,46,24,59,3,82,-16,08,0,58,384969,5,33828,07,0,00,8228,1
46,351,188,39,79,65,24,62,3,82,-16,00,0,58,384908,8,33821,76,0,00,8221,8
46,401,188,58,78,86,24,65,3,82,-15,92,0,58,384841,1,33815,45,0,00,8215,5
46,451,188,77,78,06,24,68,3,82,-15,84,0,58,384783,7,33809,14,0,00,8209,1
46,501,188,96,77,27,24,70,3,82,-15,76,0,58,384722,8,33802,83,0,00,8202,8
46,551,189,15,76,49,24,73,3,82,-15,68,0,58,384658,4,33796,52,0,00,8196,5
46,601,189,34,75,70,24,76,3,82,-15,60,0,58,384600,9,33790,22,0,00,8190,2
46,651,189,54,74,93,24,79,3,82,-15,52,0,58,384543,3,33783,91,0,00,8183,9
46,701,189,73,74,15,24,82,3,82,-15,44,0,58,384475,5,33777,61,0,00,8177,6
46,751,189,92,73,38,24,85,3,82,-15,35,0,58,384421,3,33771,30,0,00,8171,3
46,801,190,11,72,62,24,88,3,82,-15,27,0,58,384356,7,33765,00,0,00,8165,0
46,851,190,30,71,86,24,91,3,82,-15,19,0,58,384292,0,33758,70,0,00,8158,7
46,901,190,49,71,10,24,94,3,82,-15,11,0,58,384234,2,33752,41,0,00,8152,4
46,951,190,68,70,34,24,96,3,82,-15,03,0,58,384172,9,33746,11,0,00,8146,1
47,001,190,87,69,59,24,99,3,82,-14,95,0,58,384108,2,33739,81,0,00,8139,8
47,051,191,06,68,85,25,02,3,82,-14,87,0,58,384050,2,33733,51,0,00,8133,5
47,101,191,25,68,11,25,05,3,82,-14,79,0,58,383992,2,33727,21,0,00,8127,2
47,151,191,44,67,37,25,08,3,82,-14,71,0,58,383927,3,33720,92,0,00,8120,9
47,201,191,64,66,64,25,11,3,82,-14,63,0,58,383858,9,33714,63,0,00,8114,6
47,251,191,83,65,91,25,14,3,82,-14,55,0,58,383811,9,33708,34,0,00,8108,3
47,301,192,02,65,18,25,17,3,82,-14,47,0,58,383743,4,33702,04,0,00,8102,0
47,351,192,21,64,46,25,20,3,82,-14,39,0,58,383681,7,33695,75,0,00,8095,8
47,401,192,40,63,74,25,22,3,82,-14,31,0,58,383620,0,33689,46,0,00,8089,5
47,451,192,59,63,03,25,25,3,81,-14,23,0,58,383558,3,33683,18,0,00,8083,2
47,501,192,78,62,32,25,28,3,81,-14,15,0,58,383493,1,33676,89,0,00,8076,9
47,551,192,97,61,61,25,31,3,81,-14,07,0,58,383434,7,33670,60,0,00,8070,6
47,601,193,16,60,91,25,34,3,81,-13,99,0,58,383369,4,33664,32,0,00,8064,3
47,651,193,35,60,21,25,37,3,81,-13,91,0,58,383307,5,33658,03,0,00,8058,0
47,701,193,54,59,52,25,40,3,81,-13,83,0,58,383249,0,33651,75,0,00,8051,7
47,751,193,73,58,83,25,43,3,81,-13,75,0,58,383187,0,33645,46,0,00,8045,5
47,801,193,92,58,15,25,46,3,81,-13,67,0,58,383121,5,33639,18,0,00,8039,2
47,851,194,11,57,47,25,49,3,81,-13,59,0,58,383055,9,33632,90,0,00,8032,9
47,901,194,31,56,79,25,51,3,81,-13,51,0,58,382993,8,33626,63,0,00,8026,6
47,951,194,50,56,11,25,54,3,81,-13,43,0,58,382931,7,33620,34,0,00,8020,3
48,001,194,69,55,45,25,57,3,81,-13,35,0,58,382869,4,33614,07,0,00,8014,1
48,051,194,88,54,78,25,60,3,81,-13,27,0,58,382807,2,33607,79,0,00,8007,8
48,101,195,07,54,12,25,63,3,81,-13,19,0,58,382748,4,33601,52,0,00,8001,5
48,151,195,26,53,46,25,66,3,81,-13,10,0,58,382686,1,33595,24,0,00,7995,2
48,201,195,45,52,81,25,69,3,81,-13,02,0,58,382620,3,33588,97,0,00,7989,0
48,251,195,64,52,16,25,72,3,81,-12,94,0,58,382557,8,33582,70,0,00,7982,7
48,301,195,83,51,51,25,75,3,81,-12,86,0,58,382498,8,33576,43,0,00,7976,4
48,351,196,02,50,87,25,78,3,81,-12,78,0,58,382426,7,33570,16,0,00,7970,2
48,401,196,21,50,24,25,81,3,81,-12,70,0,58,382377,8,33563,89,0,00,7963,9
48,451,196,40,49,60,25,83,3,81,-12,62,0,58,382315,1,33557,62,0,00,7957,6
48,501,196,59,48,97,25,86,3,81,-12,54,0,58,382245,5,33551,35,0,00,7951,3
48,551,196,78,48,35,25,89,3,81,-12,46,0,58,382189,6,33545,09,0,00,7945,1
48,601,196,97,47,73,25,92,3,81,-12,38,0,58,382123,3,33538,82,0,00,7938,8
48,651,197,16,47,11,25,95,3,81,-12,30,0,58,382064,0,33532,55,0,00,7932,6
48,701,197,35,46,50,25,98,3,81,-12,22,0,58,381997,7,33526,29,0,00,7926,3
48,751,197,55,45,89,26,01,3,81,-12,14,0,58,381931,4,33520,03,0,00,7920,0
48,801,197,74,45,28,26,04,3,81,-12,06,0,58,381868,5,33513,77,0,00,7913,8
48,851,197,93,44,68,26,07,3,81,-11,98,0,58,381805,4,33507,51,0,00,7907,5
48,901,198,12,44,08,26,10,3,81,-11,90,0,58,381742,4,33501,25,0,00,7901,3
48,951,198,31,43,49,26,13,3,81,-11,82,0,58,381682,8,33494,99,0,00,7895,0
49,001,198,50,42,90,26,15,3,81,-11,74,0,58,381623,1,33488,73,0,00,7888,7
49,051,198,69,42,32,26,18,3,81,-11,66,0,58,381553,1,33482,48,0,00,7882,5
49,101,198,88,41,74,26,21,3,81,-11,58,0,58,381476,8,33476,23,0,00,7876,2
49,151,199,07,41,16,26,24,3,81,-11,50,0,58,381427,2,33469,97,0,00,7870,0
49,201,199,26,40,59,26,27,3,81,-11,42,0,58,381367,4,33463,72,0,00,7863,7
49,251,199,45,40,02,26,30,3,81,-11,34,0,58,381307,4,33457,47,0,00,7857,5
49,301,199,64,39,45,26,33,3,81,-11,26,0,58,381240,6,33451,22,0,00,7851,2
49,351,199,83,38,89,26,36,3,81,-11,18,0,58,381180,5,33444,97,0,00,7845,0
49,401,200,02,38,34,26,39,3,81,-11,10,0,58,381117,0,33438,72,0,00,7838,7
49,451,200,21,37,78,26,42,3,81,-11,02,0,58,381053,4,33432,47,0,00,7832,5
49,501,200,40,37,23,26,45,3,81,-10,94,0,58,380986,5,33426,23,0,00,7826,2
49,551,200,59,36,69,26,48,3,81,-10,85,0,58,380926,3,33419,98,0,00,7820,0
49,601,200,78,36,15,26,51,3,81,-10,77,0,59,380855,8,33413,73,0,00,7813,7
49,651,200,97,35,61,26,53,3,81,-10,69,0,59,380795,5,33407,49,0,00,7807,5
49,701,201,16,35,08,26,56,3,81,-10,61,0,59,380728,3,33401,25,0,00,7801,3
49,751,201,35,34,55,26,59,3,81,-10,53,0,59,380664,4,33395,01,0,00,7795,0
49,801,201,54,34,03,26,62,3,81,-10,45,0,59,380604,0,33388,77,0,00,7788,8
49,851,201,73,33,51,26,65,3,81,-10,37,0,59,380533,2,33382,53,0,00,7782,5
49,901,201,93,32,99,26,68,3,81,-10,29,0,59,380472,6,33376,29,0,00,7776,3
49,951,202,12,32,48,26,71,3,81,-10,21,0,59,380412,0,33370,05,0,00,7770,1
50,001,202,31,31,97,26,74,3,81,-10,13,0,59,380406,8,33363,82,0,00,7763,8
50,051,202,50,31,46,26,77,3,81,-10,05,0,59,380284,4,33357,59,0,00,7757,6
50,102,202,69,30,96,26,80,3,81,-9,97,0,59,380220,2,33351,35,0,00,7751,3
50,152,202,88,30,47,26,83,3,81,-9,89,0,59,380152,5,33345,12,0,00,7745,1
50,202,203,07,29,97,26,86,3,81,-9,81,0,59,380091,6,33338,89,0,00,7738,9
50,252,203,26,29,49,26,89,3,81,-9,73,0,59,380023,8,33332,66,0,00,7732,7
50,302,203,45,29,00,26,92,3,81,-9,65,0,59,379962,8,33326,43,0,00,7726,4
50,352,203,64,28,52,26,94,3,81,-9,57,0,59,379894,8,33320,20,0,00,7720,2
50,402,203,83,28,04,26,97,3,81,-9,49,0,59,379830,3,33313,97,0,00,7714,0
50,452,204,02,27,57,27,00,3,81,-9,41,0,59,379769,1,33307,74,0,00,7707,7
50,502,204,21,27,10,27,03,3,81,-9,33,0,59,379704,5,33301,52,0,00,7701,5
50,552,204,40,26,64,27,06,3,81,-9,25,0,59,379639,8,33295,29,0,00,7695,3
50,602,204,59,26,18,27,09,3,81,-9,17,0,59,379571,6,33289,07,0,00,7689,1
50,652,204,78,25,72,27,12,3,81,-9,09,0,59,379506,8,33282,85,0,00,7682,8
50,702,204,97,25,27,27,15,3,81,-9,01,0,59,379442,0,33276,63,0,00,7676,6
50,752,205,16,24,82,27,18,3,81,-8,93,0,59,379380,5,33270,41,0,00,7670,4
50,802,205,35,24,38,27,21,3,81,-8,85,0,59,379312,2,33264,19,0,00,7664,2
50,852,205,54,23,94,27,24,3,81,-8,77,0,59,379250,6,33257,97,0,00,7658,0
50,902,205,73,23,50,27,27,3,81,-8,69,0,59,379185,6,33251,75,0,00,7651,8
50,952,205,92,23,07,27,30,3,81,-8,60,0,59,379113,6,33245,54,0,00,7645,5
51,002,206,11,22,64,27,33,3,81,-8,52,0,59,379051,9,33239,32,0,00,7639,3
51,052,206,30,22,22,27,36,3,81,-8,44,0,59,378986,7,33233,11,0,00,7633,1
51,102,206,49,21,80,27,39,3,81,-8,36,0,59,378918,1,33226,90,0,00,7626,9
51,152,206,68,21,38,27,42,3,81,-8,28,0,59,378852,8,33220,69,0,00,7620,7
51,202,206,87,20,97,27,44,3,81,-8,20,0,59,378790,9,33214,48,0,00,7614,5
51,252,207,06,20,56,27,47,3,81,-8,12,0,59,378712,5,33208,27,0,00,7608,3
51,302,207,25,20,15,27,50,3,81,-8,04,0,59,378660,8,33202,05,0,00,7602,1
51,352,207,44,19,75,27,53,3,81,-7,96,0,59,378593,6,33195,85,0,00,7595,9
51,402,207,63,19,36,27,56,3,81,-7,88,0,59,378529,8,33189,64,0,00,7589,6
51,452,207,82,18,97,27,59,3,81,-7,80,0,59,378462,4,33183,44,0,00,7583,4
51,502,208,01,18,58,27,62,3,81,-7,72,0,59,378394,9,33177,23,0,00,7577,2
51,552,208,21,18,19,27,65,3,81,-7,64,0,59,378331,0,33171,03,0,00,7571,0
51,602,208,40,17,81,27,68,3,81,-7,56,0,59,378266,9,33164,83,0,00,7564,8
51,652,208,59,17,44,27,71,3,81,-7,48,0,59,378197,7,33158,63,0,00,7558,6
51,702,208,78,17,07,27,74,3,81,-7,40,0,59,378133,4,33152,43,0,00,7552,4
51,752,208,97,16,70,27,77,3,81,-7,32,0,59,378067,4,33146,23,0,00,7546,2
51,802,209,16,16,33,27,80,3,81,-7,24,0,59,378001,4,33140,03,0,00,7540,0
51,852,209,35,15,97,27,83,3,81,-7,16,0,59,377935,4,33133,84,0,00,7533,8
51,902,209,54,15,62,27,86,3,81,-7,08,0,59,377867,5,33127,64,0,00,7527,6
51,952,209,73,15,27,27,89,3,81,-7,00,0,59,377801,3,33121,45,0,00,7521,4
52,002,209,92,14,92,27,92,3,81,-6,92,0,59,377735,1,33115,25,0,00,7515,3
52,052,210,11,14,57,27,95,3,81,-6,84,0,59,377667,0,33109,06,0,00,7509,1
52,102,210,30,14,23,27,98,3,81,-6,76,0,59,377602,3,33102,87,0,00,7502,9
52,152,210,49,13,90,28,01,3,81,-6,68,0,59,377537,7,33096,68,0,00,7496,7
52,202,210,68,13,57,28,04,3,81,-6,60,0,59,377469,5,33090,49,0,00,7490,5
52,252,210,87,13,24,28,07,3,81,-6,52,0,59,377399,5,33084,30,0,00,7484,3
52,302,211,06,12,92,28,09,3,81,-6,44,0,59,377334,6,33078,12,0,00,7478,1
52,352,211,25,12,60,28,12,3,81,-6,36,0,59,377269,7,33071,93,0,00,7471,9
52,402,211,44,12,28,28,15,3,81,-6,28,0,59,377202,9,33065,75,0,00,7465,7
52,452,211,63,11,97,28,18,3,81,-6,20,0,59,377136,1,33059,56,0,00,7459,6
52,502,211,82,11,66,28,21,3,81,-6,11,0,59,377067,5,33053,38,0,00,7453,4
52,552,212,01,11,36,28,24,3,81,-6,03,0,59,377002,3,33047,20,0,00,7447,2
52,602,212,20,11,06,28,27,3,81,-5,95,0,59,376933,6,33041,02,0,00,7441,0
52,652,212,39,10,76,28,30,3,81,-5,87,0,59,376868,3,33034,84,0,00,7434,8
52,702,212,58,10,47,28,33,3,81,-5,79,0,59,376799,4,33028,66,0,00,7428,7
52,752,212,77,10,18,28,36,3,81,-5,71,0,59,376732,3,33022,49,0,00,7422,5
52,802,212,96,9,90,28,39,3,81,-5,63,0,59,376665,0,33016,31,0,00,7416,3
52,852,213,15,9,62,28,42,3,81,-5,55,0,59,376596,6,33010,14,0,00,7410,1
52,902,213,34,9,34,28,45,3,81,-5,47,0,59,376529,2,33003,96,0,00,7404,0
52,952,213,53,9,07,28,48,3,81,-5,39,0,59,376463,4,32997,79,0,00,7397,8
53,002,213,72,8,80,28,51,3,81,-5,31,0,59,376394,2,32991,62,0,00,7391,6
53,052,213,91,8,54,28,54,3,81,-5,23,0,59,376326,5,32985,45,0,00,7385,4
53,102,214,10,8,28,28,57,3,81,-5,15,0,59,376258,8,32979,28,0,00,7379,3
53,152,214,29,8,03,28,60,3,81,-5,07,0,59,376189,3,32973,11,0,00,7373,1
53,202,214,48,7,77,28,63,3,81,-4,99,0,59,376119,7,32966,95,0,00,7366,9
53,252,214,67,7,53,28,66,3,81,-4,91,0,59,376055,2,32960,78,0,00,7360,8
53,302,214,86,7,28,28,69,3,81,-4,83,0,59,375985,5,32954,62,0,00,7354,6
53,352,215,06,7,04,28,72,3,81,-4,75,0,59,375915,7,32948,45,0,00,7348,5
53,402,215,25,6,81,28,75,3,81,-4,67,0,59,375849,2,32942,29,0,00,7342,3
53,452,215,44,6,58,28,78,3,81,-4,59,0,59,375779,2,32936,13,0,00,7336,1
53,502,215,63,6,35,28,81,3,81,-4,51,0,59,375707,4,32929,97,0,00,7330,0
53,552,215,82,6,13,28,84,3,81,-4,43,0,59,375640,7,32923,81,0,00,7323,8
53,602,216,01,5,91,28,87,3,81,-4,28,0,60,347303,5,32916,96,0,00,7317,0
53,652,216,20,5,70,28,90,3,81,-4,14,0,60,414798,5,32910,10,0,00,7310,1
53,702,216,39,5,49,28,93,3,81,-4,00,0,60,412294,9,32903,32,0,00,7303,3
53,752,216,58,5,30,28,96,3,81,-3,87,0,60,409681,8,32896,59,0,00,7296,6
53,802,216,77,5,11,28,99,3,81,-3,74,0,60,407132,8,32889,89,0,00,7289,9
53,852,216,96,4,92,29,02,3,81,-3,61,0,60,404643,7,32883,24,0,00,7283,2
53,902,217,15,4,75,29,04,3,81,-3,49,0,60,402215,8,32876,63,0,00,7276,6
53,952,217,34,4,57,29,07,3,81,-3,37,0,60,399846,3,32870,05,0,00,7270,1
54,002,217,53,4,41,29,10,3,81,-3,25,0,60,397532,9,32863,52,0,00,7263,5
54,052,217,72,4,25,29,13,3,81,-3,14,0,60,395276,3,32857,03,0,00,7257,0
54,102,217,91,4,09,29,16,3,81,-3,03,0,60,393073,7,32850,57,0,00,7250,6
54,152,218,10,3,95,29,19,3,81,-2,92,0,60,390925,6,32844,14,0,00,7244,1
54,202,218,29,3,80,29,22,3,81,-2,82,0,60,388828,4,32837,75,0,00,7237,8
54,252,218,48,3,66,29,25,3,81,-2,72,0,60,386782,0,32831,39,0,00,7231,4
54,302,218,67,3,53,29,28,3,81,-2,62,0,60,384786,4,32825,07,0,00,7225,1
54,352,218,86,3,40,29,31,3,81,-2,53,0,60,382838,8,32818,78,0,00,7218,8
54,402,219,05,3,28,29,34,3,81,-2,44,0,60,380938,4,32812,52,0,02,7212,5
54,452,219,24,3,16,29,37,3,81,-2,35,0,60,379084,2,32806,29,0,00,7206,3
54,502,219,43,3,04,29,40,3,81,-2,26,0,60,377275,8,32800,09,0,00,7200,1
54,552,219,62,2,93,29,43,3,81,-2,18,0,60,375511,3,32793,93,0,00,7193,9
54,602,219,81,2,83,29,46,3,81,-2,10,0,60,373790,1,32787,79,0,00,7187,8
54,652,220,00,2,72,29,49,3,81,-2,02,0,60,372110,5,32781,67,0,00,7181,7
54,702,220,19,2,62,29,52,3,81,-1,94,0,60,370472,5,32775,59,0,00,7175,6
54,752,220,38,2,53,29,55,3,81,-1,87,0,60,368874,3,32769,53,0,00,7169,5
54,803,220,57,2,44,29,58,3,81,-1,80,0,60,367315,7,32763,49,0,00,7163,5
54,853,220,77,2,35,29,61,3,81,-1,73,0,60,365795,4,32757,49,0,00,7157,5
54,903,220,96,2,26,29,64,3,81,-1,66,0,60,364312,2,32751,50,0,00,7151,5
54,953,221,15,2,18,29,67,3,81,-1,60,0,60,362866,0,32745,54,0,00,7145,5
55,003,221,34,2,10,29,70,3,81,-1,53,0,60,361455,4,32739,61,0,00,7139,6
55,053,221,53,2,03,29,73,3,81,-1,47,0,60,360079,2,32733,69,0,00,7133,7
55,103,221,72,1,96,29,76,3,81,-1,42,0,60,358737,4,32727,80,0,00,7127,8
55,153,221,91,1,89,29,79,3,81,-1,36,0,60,357428,7,32721,93,0,00,7121,9
55,203,222,10,1,82,29,82,3,81,-1,30,0,60,356152,9,32716,09,0,00,7116,1
55,253,222,29,1,76,29,85,3,81,-1,25,0,60,354908,3,32710,26,0,00,7110,3
55,303,222,48,1,70,29,88,3,81,-1,20,0,60,353694,7,32704,45,0,00,7104,5
55,353,222,67,1,64,29,91,3,81,-1,15,0,60,352511,3,32698,66,0,00,7098,7
55,403,222,86,1,58,29,94,3,81,-1,10,0,60,351357,3,32692,89,0,00,7092,9
55,453,223,05,1,53,29,97,3,81,-1,06,0,60,350232,4,32687,14,0,00,7087,1
55,503,223,24,1,47,30,00,3,81,-1,01,0,60,349135,3,32681,41,0,00,7081,4
55,553,223,43,1,42,30,03,3,81,-0,97,0,60,348065,7,32675,70,0,00,7075,7
55,603,223,62,1,38,30,06,3,81,-0,93,0,60,347023,0,32670,00,0,00,7070,0
55,653,223,81,1,33,30,09,3,81,-0,89,0,60,346006,2,32664,32,0,00,7064,3
55,703,224,00,1,29,30,12,3,81,-0,85,0,60,345015,1,32658,66,0,00,7058,7
55,753,224,19,1,25,30,15,3,81,-0,81,0,60,344048,9,32653,01,0,00,7053,0
55,803,224,38,1,21,30,18,3,81,-0,78,0,60,343107,7,32647,38,0,00,7047,4
55,853,224,57,1,17,30,21,3,81,-0,74,0,60,342189,3,32641,76,0,00,7041,8
55,903,224,76,1,13,30,24,3,81,-0,71,0,60,341294,3,32636,16,0,00,7036,2
55,953,224,96,1,10,30,27,3,81,-0,68,0,60,340421,6,32630,57,0,00,7030,6
56,003,225,15,1,07,30,30,3,81,-0,65,0,60,339571,5,32625,00,0,00,7025,0
56,053,225,34,1,03,30,33,3,81,-0,62,0,60,338742,8,32619,44,0,00,7019,4
56,103,225,53,1,00,30,36,3,81,-0,59,0,60,337934,9,32613,89,0,00,7013,9
56,113,225,57,1,00,30,37,3,81,-0,58,0,60,337775,8,32612,79,0,00,7012,8
56,118,225,58,1,00,30,37,3,81,-0,58,0,60,337696,5,32612,23,0,00,7012,2
56,123,225,60,0,99,30,37,3,81,-0,58,0,60,337617,6,32611,68,0,00,7011,7
56,128,225,62,0,99,30,37,3,81,-0,57,0,60,337538,7,32611,13,0,00,7011,1
56,133,225,64,0,99,30,38,3,81,-0,57,0,60,337460,0,32610,57,0,00,7010,6
56,138,225,66,0,98,30,38,3,81,-0,57,0,60,337381,7,32610,02,0,00,7010,0
56,143,225,68,0,98,30,38,3,81,-0,57,0,60,337303,5,32609,46,0,00,7009,5
56,148,225,70,0,98,30,39,3,81,-0,56,0,60,337225,3,32608,91,0,00,7008,9
56,153,225,72,0,98,30,39,3,81,-0,56,0,60,337147,7,32608,36,0,00,7008,4
56,158,225,74,0,97,30,39,3,81,-0,56,0,60,337070,0,32607,81,0,00,7007,8
56,163,225,76,0,97,30,40,3,81,-0,56,0,60,336992,5,32607,25,0,00,7007,3
56,168,225,77,0,97,30,40,3,81,-0,55,0,60,336915,4,32606,70,0,00,7006,7
56,173,225,79,0,96,30,40,3,81,-0,55,0,60,336838,4,32606,15,0,00,7006,2
56,178,225,81,0,96,30,40,3,81,-0,55,0,60,336761,5,32605,60,0,00,7005,6
56,183,225,83,0,96,30,41,3,81,-0,55,0,60,336684,8,32605,05,0,00,7005,0
56,188,225,85,0,96,30,41,3,81,-0,54,0,60,336608,5,32604,49,0,00,7004,5
56,193,225,87,0,95,30,41,3,81,-0,54,0,60,336532,3,32603,94,0,00,7003,9
56,198,225,89,0,95,30,42,3,81,-0,54,0,60,336456,1,32603,39,0,00,7003,4
56,203,225,91,0,95,30,42,3,81,-0,54,0,60,336380,5,32602,84,0,00,7002,8
56,208,225,93,0,94,30,42,3,81,-0,53,0,60,336304,8,32602,29,0,00,7002,3
56,213,225,95,0,94,30,43,3,81,-0,53,0,60,336229,3,32601,74,0,00,7001,7
56,218,225,97,0,94,30,43,3,81,-0,53,0,60,336154,2,32601,19,0,00,7001,2
56,223,225,98,0,94,30,43,3,81,-0,53,0,60,336078,9,32600,63,0,00,7000,6
56,228,226,00,0,93,30,43,3,81,-0,52,0,60,336004,3,32600,08,0,00,7000,1
56,233,226,02,0,93,30,44,3,81,-0,52,0,60,335929,4,32599,53,0,00,6999,5
56,238,226,04,0,93,30,44,3,81,-0,52,0,60,335855,0,32598,98,0,00,6999,0
56,243,226,06,0,93,30,44,3,81,-0,52,0,60,335780,7,32598,43,0,00,6998,4
56,248,226,08,0,92,30,45,3,81,-0,51,0,60,335706,7,32597,88,0,00,6997,9
56,253,226,10,0,92,30,45,3,81,-0,51,0,60,335632,8,32597,33,0,00,6997,3
56,258,226,12,0,92,30,45,3,81,-0,51,0,60,335558,9,32596,78,0,00,6996,8
56,263,226,14,0,92,30,46,3,81,-0,51,0,60,335485,6,32596,23,0,00,6996,2
56,268,226,16,0,91,30,46,3,81,-0,50,0,60,335412,1,32595,68,0,00,6995,7
56,273,226,18,0,91,30,46,3,81,-0,50,0,60,335339,1,32595,13,0,00,6995,1
56,278,226,19,0,91,30,46,3,81,-0,50,0,60,335266,0,32594,58,0,00,6994,6
56,283,226,21,0,91,30,47,3,81,-0,50,0,60,335193,3,32594,03,0,00,6994,0
56,288,226,23,0,90,30,47,3,81,-0,49,0,60,335120,4,32593,48,0,00,6993,5
56,293,226,25,0,90,30,47,3,81,-0,49,0,60,335048,8,32592,93,0,00,6992,9
56,298,226,27,0,90,30,48,3,81,-0,49,0,60,334975,8,32592,38,0,00,6992,4
56,303,226,29,0,90,30,48,3,81,-0,49,0,60,334904,3,32591,84,0,00,6991,8
56,308,226,31,0,89,30,48,3,81,-0,48,0,60,334831,8,32591,29,0,00,6991,3
56,313,226,33,0,89,30,49,3,81,-0,48,0,60,334761,0,32590,74,0,00,6990,7
56,318,226,35,0,89,30,49,3,81,-0,48,0,60,334688,7,32590,19,0,00,6990,2
56,323,226,37,0,89,30,49,3,81,-0,48,0,60,334618,3,32589,64,0,00,6989,6
56,328,226,38,0,88,30,49,3,81,-0,47,0,60,334546,6,32589,09,0,00,6989,1
56,333,226,40,0,88,30,50,3,81,-0,47,0,60,334475,6,32588,54,0,00,6988,5
56,338,226,42,0,88,30,50,3,81,-0,47,0,60,334405,3,32588,00,0,00,6988,0
56,343,226,44,0,88,30,50,3,81,-0,47,0,60,334334,3,32587,45,0,00,6987,4
56,348,226,46,0,88,30,51,3,81,-0,47,0,60,334264,6,32586,90,0,00,6986,9
56,353,226,48,0,87,30,51,3,81,-0,46,0,60,334193,8,32586,35,0,00,6986,4
56,358,226,50,0,87,30,51,3,81,-0,46,0,60,334124,2,32585,80,0,00,6985,8
56,363,226,52,0,87,30,52,3,81,-0,46,0,60,334054,0,32585,26,0,00,6985,3
56,368,226,54,0,87,30,52,3,81,-0,46,0,60,333984,5,32584,71,0,00,6984,7
56,373,226,56,0,86,30,52,3,81,-0,45,0,60,333914,9,32584,16,0,00,6984,2
56,378,226,58,0,86,30,52,3,81,-0,45,0,60,333845,9,32583,62,0,00,6983,6
56,383,226,59,0,86,30,53,3,81,-0,45,0,60,333776,8,32583,07,0,00,6983,1
56,388,226,61,0,86,30,53,3,81,-0,45,0,60,333707,6,32582,52,0,00,6982,5
56,393,226,63,0,85,30,53,3,81,-0,45,0,60,333639,1,32581,97,0,00,6982,0
56,398,226,65,0,85,30,54,3,81,-0,44,0,60,333570,8,32581,43,0,00,6981,4
56,403,226,67,0,85,30,54,3,81,-0,44,0,60,333501,9,32580,88,0,00,6980,9
56,408,226,69,0,85,30,54,3,81,-0,44,0,60,333433,8,32580,33,0,00,6980,3
56,413,226,71,0,85,30,55,3,81,-0,44,0,60,333365,9,32579,79,0,00,6979,8
56,418,226,73,0,84,30,55,3,81,-0,44,0,60,333297,9,32579,24,0,00,6979,2
56,423,226,75,0,84,30,55,3,81,-0,43,0,60,333230,6,32578,69,0,00,6978,7
56,428,226,77,0,84,30,55,3,81,-0,43,0,60,333162,7,32578,15,0,00,6978,1
56,433,226,78,0,84,30,56,3,81,-0,43,0,60,333095,9,32577,60,0,00,6977,6
56,438,226,80,0,84,30,56,3,81,-0,43,0,60,333028,1,32577,05,0,00,6977,1
56,443,226,82,0,83,30,56,3,81,-0,42,0,60,332961,4,32576,51,0,00,6976,5
56,448,226,84,0,83,30,57,3,81,-0,42,0,60,332894,5,32575,96,0,00,6976,0
56,453,226,86,0,83,30,57,3,81,-0,42,0,60,332828,0,32575,42,0,00,6975,4
56,458,226,88,0,83,30,57,3,81,-0,42,0,60,332761,7,32574,87,0,00,6974,9
56,463,226,90,0,82,30,58,3,81,-0,42,0,60,332695,2,32574,33,0,00,6974,3
56,468,226,92,0,82,30,58,3,81,-0,41,0,60,332629,0,32573,78,0,00,6973,8
56,473,226,94,0,82,30,58,3,81,-0,41,0,60,332563,0,32573,24,0,00,6973,2
56,478,226,96,0,82,30,58,3,81,-0,41,0,60,332497,4,32572,69,0,00,6972,7
56,483,226,98,0,82,30,59,3,81,-0,41,0,60,332432,0,32572,15,0,00,6972,1
56,488,226,99,0,81,30,59,3,81,-0,41,0,60,332366,0,32571,60,0,00,6971,6
56,493,227,01,0,81,30,59,3,81,-0,40,0,60,332301,1,32571,06,0,00,6971,1
56,498,227,03,0,81,30,60,3,81,-0,40,0,60,332236,0,32570,51,0,00,6970,5
56,503,227,05,0,81,30,60,3,81,-0,40,0,60,332170,8,32569,97,0,00,6970,0
56,508,227,07,0,81,30,60,3,81,-0,40,0,60,332106,7,32569,42,0,00,6969,4
56,513,227,09,0,80,30,61,3,81,-0,40,0,60,332041,1,32568,88,0,00,6968,9
56,518,227,11,0,80,30,61,3,81,-0,39,0,60,331977,5,32568,34,0,00,6968,3
56,523,227,13,0,80,30,61,3,81,-0,39,0,60,331912,9,32567,79,0,00,6967,8
56,528,227,15,0,80,30,61,3,81,-0,39,0,60,331849,0,32567,25,0,00,6967,2
56,533,227,17,0,80,30,62,3,81,-0,39,0,60,331784,9,32566,70,0,02,6966,7
56,538,227,19,0,79,30,62,3,81,-0,39,0,60,331721,5,32566,16,0,00,6966,2
56,543,227,20,0,79,30,62,3,81,-0,39,0,60,331710,3,32565,62,0,00,6965,6
56,548,227,22,0,79,30,63,3,81,-0,38,0,60,331615,0,32565,07,0,00,6965,1
56,553,227,24,0,79,30,63,3,81,-0,38,0,60,331520,1,32564,53,0,00,6964,5
56,558,227,26,0,79,30,63,3,81,-0,38,0,60,331474,4,32563,98,0,00,6964,0
56,563,227,28,0,78,30,64,3,81,-0,38,0,60,331402,0,32563,44,0,00,6963,4
56,568,227,30,0,78,30,64,3,81,-0,38,0,60,331344,4,32562,90,0,00,6962,9
56,573,227,32,0,78,30,64,3,81,-0,37,0,60,331278,9,32562,36,0,00,6962,4
56,578,227,34,0,78,30,64,3,81,-0,37,0,60,331217,9,32561,81,0,00,6961,8
56,583,227,36,0,78,30,65,3,81,-0,37,0,60,331155,1,32561,27,0,00,6961,3
56,588,227,38,0,78,30,65,3,81,-0,37,0,60,331093,3,32560,73,0,00,6960,7
56,593,227,39,0,77,30,65,3,81,-0,37,0,60,331031,0,32560,18,0,00,6960,2
56,598,227,41,0,77,30,66,3,81,-0,37,0,60,330969,8,32559,64,0,00,6959,6
56,603,227,43,0,77,30,66,3,81,-0,36,0,60,330907,5,32559,10,0,00,6959,1
56,608,227,45,0,77,30,66,3,81,-0,36,0,60,330846,3,32558,56,0,00,6958,6
56,613,227,47,0,77,30,67,3,81,-0,36,0,60,330784,9,32558,01,0,00,6958,0
56,618,227,49,0,76,30,67,3,81,-0,36,0,60,330723,8,32557,47,0,00,6957,5
56,623,227,51,0,76,30,67,3,81,-0,36,0,60,330663,0,32556,93,0,00,6956,9
56,628,227,53,0,76,30,67,3,81,-0,35,0,60,330601,9,32556,39,0,00,6956,4
56,633,227,55,0,76,30,68,3,81,-0,35,0,60,330541,1,32555,85,0,00,6955,8
56,638,227,57,0,76,30,68,3,81,-0,35,0,60,330481,0,32555,30,0,00,6955,3
56,643,227,59,0,76,30,68,3,81,-0,35,0,60,330420,3,32554,76,0,00,6954,8
56,648,227,60,0,75,30,69,3,81,-0,35,0,60,330360,6,32554,22,0,00,6954,2
56,653,227,62,0,75,30,69,3,81,-0,35,0,60,330299,9,32553,68,0,00,6953,7
56,658,227,64,0,75,30,69,3,81,-0,34,0,60,330240,8,32553,14,0,00,6953,1
56,663,227,66,0,75,30,70,3,81,-0,34,0,60,330180,1,32552,60,0,00,6952,6
56,668,227,68,0,75,30,70,3,81,-0,34,0,60,330121,4,32552,05,0,00,6952,1
56,673,227,70,0,75,30,70,3,81,-0,34,0,60,330061,3,32551,52,0,00,6951,5
56,678,227,72,0,74,30,70,3,81,-0,34,0,60,330002,2,32550,97,0,00,6951,0
56,683,227,74,0,74,30,71,3,81,-0,34,0,60,329943,4,32550,43,0,00,6950,4
56,688,227,76,0,74,30,71,3,81,-0,33,0,60,329884,4,32549,89,0,00,6949,9
56,693,227,78,0,74,30,71,3,81,-0,33,0,60,329825,2,32549,35,0,00,6949,4
56,698,227,80,0,74,30,72,3,81,-0,33,0,60,329767,1,32548,81,0,00,6948,8
56,703,227,81,0,74,30,72,3,81,-0,33,0,60,329707,9,32548,27,0,00,6948,3
56,708,227,83,0,73,30,72,3,81,-0,33,0,60,329650,3,32547,73,0,00,6947,7
56,713,227,85,0,73,30,73,3,81,-0,33,0,60,329591,6,32547,19,0,00,6947,2
56,718,227,87,0,73,30,73,3,81,-0,32,0,60,329534,0,32546,65,0,00,6946,6
56,723,227,89,0,73,30,73,3,81,-0,32,0,60,329475,4,32546,11,0,00,6946,1
56,728,227,91,0,73,30,73,3,81,-0,32,0,60,329418,7,32545,57,0,00,6945,6
56,733,227,93,0,73,30,74,3,81,-0,32,0,60,329360,1,32545,03,0,00,6945,0
56,738,227,95,0,72,30,74,3,81,-0,32,0,60,329303,0,32544,49,0,00,6944,5
56,743,227,97,0,72,30,74,3,81,-0,32,0,60,329246,1,32543,95,0,00,6943,9
56,748,227,99,0,72,30,75,3,81,-0,32,0,60,329188,2,32543,41,0,00,6943,4
56,753,228,00,0,72,30,75,3,81,-0,31,0,60,329131,8,32542,87,0,00,6942,9
56,758,228,02,0,72,30,75,3,81,-0,31,0,60,329074,8,32542,33,0,00,6942,3
56,763,228,04,0,72,30,76,3,81,-0,31,0,60,329018,0,32541,79,0,00,6941,8
56,768,228,06,0,71,30,76,3,81,-0,31,0,60,328961,9,32541,25,0,00,6941,3
56,773,228,08,0,71,30,76,3,81,-0,31,0,60,328905,1,32540,71,0,00,6940,7
56,778,228,10,0,71,30,76,3,81,-0,31,0,60,328849,0,32540,17,0,00,6940,2
56,783,228,12,0,71,30,77,3,81,-0,30,0,60,328792,7,32539,63,0,00,6939,6
56,788,228,14,0,71,30,77,3,81,-0,30,0,60,328737,0,32539,10,0,00,6939,1
56,793,228,16,0,71,30,77,3,81,-0,30,0,60,328681,2,32538,56,0,00,6938,6
56,798,228,18,0,71,30,78,3,81,-0,30,0,60,328625,1,32538,02,0,00,6938,0
56,803,228,20,0,70,30,78,3,81,-0,30,0,60,328570,6,32537,48,0,00,6937,5
56,808,228,21,0,70,30,78,3,81,-0,30,0,60,328514,1,32536,94,0,00,6936,9
56,813,228,23,0,70,30,79,3,81,-0,30,0,60,328459,6,32536,40,0,00,6936,4
56,818,228,25,0,70,30,79,3,81,-0,29,0,60,328404,0,32535,86,0,00,6935,9
56,823,228,27,0,70,30,79,3,81,-0,29,0,60,328349,5,32535,33,0,00,6935,3
56,828,228,29,0,70,30,79,3,81,-0,29,0,60,328294,3,32534,79,0,00,6934,8
56,833,228,31,0,70,30,80,3,81,-0,29,0,60,328240,3,32534,25,0,00,6934,3
56,838,228,33,0,69,30,80,3,81,-0,29,0,60,328185,2,32533,71,0,00,6933,7
56,843,228,35,0,69,30,80,3,81,-0,29,0,60,328131,1,32533,17,0,00,6933,2
56,848,228,37,0,69,30,81,3,81,-0,29,0,60,328076,8,32532,63,0,00,6932,6
56,853,228,39,0,69,30,81,3,81,-0,28,0,60,328022,8,32532,10,0,00,6932,1
56,858,228,40,0,69,30,81,3,81,-0,28,0,60,327968,5,32531,56,0,00,6931,6
56,863,228,42,0,69,30,82,3,81,-0,28,0,60,327915,3,32531,02,0,00,6931,0
56,868,228,44,0,69,30,82,3,81,-0,28,0,60,327861,1,32530,48,0,00,6930,5
56,873,228,46,0,68,30,82,3,81,-0,28,0,60,327807,9,32529,95,0,00,6929,9
56,878,228,48,0,68,30,82,3,81,-0,28,0,60,327754,5,32529,41,0,00,6929,4
56,883,228,50,0,68,30,83,3,81,-0,28,0,60,327700,9,32528,87,0,00,6928,9
56,888,228,52,0,68,30,83,3,81,-0,28,0,60,327648,4,32528,34,0,00,6928,3
56,893,228,54,0,68,30,83,3,81,-0,27,0,60,327595,3,32527,80,0,00,6927,8
56,898,228,56,0,68,30,84,3,81,-0,27,0,60,327542,3,32527,26,0,00,6927,3
56,903,228,58,0,68,30,84,3,81,-0,27,0,60,327489,6,32526,72,0,00,6926,7
56,908,228,60,0,67,30,84,3,81,-0,27,0,60,327437,5,32526,19,0,00,6926,2
56,913,228,61,0,67,30,85,3,81,-0,27,0,60,327384,3,32525,65,0,00,6925,7
56,918,228,63,0,67,30,85,3,81,-0,27,0,60,327332,7,32525,12,0,00,6925,1
56,923,228,65,0,67,30,85,3,81,-0,27,0,60,327280,3,32524,58,0,00,6924,6
56,928,228,67,0,67,30,85,3,81,-0,26,0,60,327228,7,32524,04,0,00,6924,0
56,933,228,69,0,67,30,86,3,81,-0,26,0,60,327176,3,32523,50,0,00,6923,5
56,938,228,71,0,67,30,86,3,81,-0,26,0,60,327124,7,32522,97,0,00,6923,0
56,943,228,73,0,66,30,86,3,81,-0,26,0,60,327073,6,32522,43,0,00,6922,4
56,948,228,75,0,66,30,87,3,81,-0,26,0,60,327021,5,32521,90,0,00,6921,9
56,953,228,77,0,66,30,87,3,81,-0,26,0,60,326970,4,32521,36,0,00,6921,4
56,958,228,79,0,66,30,87,3,81,-0,26,0,60,326919,6,32520,82,0,00,6920,8
56,963,228,81,0,66,30,88,3,81,-0,26,0,60,326868,1,32520,29,0,00,6920,3
56,968,228,82,0,66,30,88,3,81,-0,25,0,60,326817,3,32519,75,0,00,6919,8
56,973,228,84,0,66,30,88,3,81,-0,25,0,60,326767,0,32519,22,0,00,6919,2
56,978,228,86,0,66,30,88,3,81,-0,25,0,60,326715,3,32518,68,0,00,6918,7
56,983,228,88,0,65,30,89,3,81,-0,25,0,60,326665,9,32518,15,0,00,6918,1
56,988,228,90,0,65,30,89,3,81,-0,25,0,60,326615,0,32517,61,0,00,6917,6
56,993,228,92,0,65,30,89,3,81,-0,25,0,60,326564,8,32517,07,0,00,6917,1
56,998,228,94,0,65,30,90,3,81,-0,25,0,60,326514,7,32516,54,0,00,6916,5
57,003,228,96,0,65,30,90,3,81,-0,25,0,60,326464,8,32516,00,0,00,6916,0
57,008,228,98,0,65,30,90,3,81,-0,25,0,60,326414,8,32515,47,0,00,6915,5
57,013,229,00,0,65,30,91,3,81,-0,24,0,60,326365,3,32514,93,0,00,6914,9
57,018,229,01,0,65,30,91,3,81,-0,24,0,60,326315,7,32514,40,0,00,6914,4
57,023,229,03,0,64,30,91,3,81,-0,24,0,60,326266,2,32513,87,0,00,6913,9
57,028,229,05,0,64,30,91,3,81,-0,24,0,60,326216,9,32513,33,0,00,6913,3
57,033,229,07,0,64,30,92,3,81,-0,24,0,60,326167,4,32512,79,0,00,6912,8
57,038,229,09,0,64,30,92,3,81,-0,24,0,60,326119,0,32512,26,0,00,6912,3
57,043,229,11,0,64,30,92,3,81,-0,24,0,60,326069,5,32511,73,0,00,6911,7
57,048,229,13,0,64,30,93,3,81,-0,24,0,60,326021,0,32511,19,0,00,6911,2
57,053,229,15,0,64,30,93,3,81,-0,24,0,60,325971,9,32510,66,0,00,6910,7
57,058,229,17,0,64,30,93,3,81,-0,23,0,60,325923,8,32510,12,0,00,6910,1
57,063,229,19,0,64,30,94,3,81,-0,23,0,60,325875,5,32509,59,0,00,6909,6
57,068,229,21,0,63,30,94,3,81,-0,23,0,60,325826,6,32509,05,0,00,6909,1
57,073,229,22,0,63,30,94,3,81,-0,23,0,60,325779,1,32508,52,0,00,6908,5
57,078,229,24,0,63,30,94,3,81,-0,23,0,60,325730,5,32507,99,0,00,6908,0
57,083,229,26,0,63,30,95,3,81,-0,23,0,60,325683,0,32507,45,0,00,6907,5
57,088,229,28,0,63,30,95,3,81,-0,23,0,60,325635,3,32506,92,0,00,6906,9
57,093,229,30,0,63,30,95,3,81,-0,23,0,60,325587,3,32506,38,0,00,6906,4
57,098,229,32,0,63,30,96,3,81,-0,23,0,60,325539,9,32505,85,0,00,6905,9
57,103,229,34,0,63,30,96,3,81,-0,22,0,60,325492,8,32505,32,0,00,6905,3
57,108,229,36,0,62,30,96,3,81,-0,22,0,60,325444,9,32504,79,0,00,6904,8
57,113,229,38,0,62,30,97,3,81,-0,22,0,60,325398,1,32504,25,0,00,6904,3
57,118,229,40,0,62,30,97,3,81,-0,22,0,60,325351,1,32503,72,0,00,6903,7
57,123,229,42,0,62,30,97,3,81,-0,22,0,60,325303,8,32503,18,0,02,6903,2
57,128,229,43,0,62,30,97,3,81,-0,22,0,60,325257,7,32502,65,0,00,6902,7
57,133,229,45,0,62,30,98,3,81,-0,22,0,60,325262,3,32502,12,0,00,6902,1
57,138,229,47,0,62,30,98,3,81,-0,22,0,60,325184,5,32501,58,0,00,6901,6
57,143,229,49,0,62,30,98,3,81,-0,22,0,60,325107,0,32501,05,0,00,6901,1
57,148,229,51,0,62,30,99,3,81,-0,22,0,60,325077,9,32500,52,0,00,6900,5
57,153,229,53,0,62,30,99,3,81,-0,21,0,60,325022,3,32499,99,0,00,6900,0
57,158,229,55,0,61,30,99,3,81,-0,21,0,60,324981,6,32499,45,0,00,6899,5
57,163,229,57,0,61,31,00,3,81,-0,21,0,60,324932,4,32498,92,0,00,6898,9
57,168,229,59,0,61,31,00,3,81,-0,21,0,60,324888,6,32498,39,0,00,6898,4
57,173,229,61,0,61,31,00,3,81,-0,21,0,60,324841,9,32497,86,0,00,6897,9
57,178,229,63,0,61,31,00,3,81,-0,21,0,60,324796,8,32497,32,0,00,6897,3
57,183,229,64,0,61,31,01,3,81,-0,21,0,60,324750,9,32496,79,0,00,6896,8
57,188,229,66,0,61,31,01,3,81,-0,21,0,60,324706,1,32496,26,0,00,6896,3
57,193,229,68,0,61,31,01,3,81,-0,21,0,60,324660,6,32495,73,0,00,6895,7
57,198,229,70,0,61,31,02,3,81,-0,21,0,60,324615,3,32495,19,0,00,6895,2
57,203,229,72,0,60,31,02,3,81,-0,21,0,60,324571,1,32494,66,0,00,6894,7
57,208,229,74,0,60,31,02,3,81,-0,20,0,60,324525,3,32494,13,0,00,6894,1
57,213,229,76,0,60,31,03,3,81,-0,20,0,60,324481,4,32493,60,0,00,6893,6
57,218,229,78,0,60,31,03,3,81,-0,20,0,60,324436,0,32493,07,0,00,6893,1
57,223,229,80,0,60,31,03,3,81,-0,20,0,60,324392,5,32492,53,0,00,6892,5
57,228,229,82,0,60,31,03,3,81,-0,20,0,60,324347,0,32492,00,0,00,6892,0
57,233,229,83,0,60,31,04,3,81,-0,20,0,60,324303,8,32491,47,0,00,6891,5
57,238,229,85,0,60,31,04,3,81,-0,20,0,60,324258,7,32490,94,0,00,6890,9
57,243,229,87,0,60,31,04,3,81,-0,20,0,60,324215,5,32490,41,0,00,6890,4
57,248,229,89,0,60,31,05,3,81,-0,20,0,60,324171,2,32489,88,0,00,6889,9
57,253,229,91,0,59,31,05,3,81,-0,20,0,60,324127,4,32489,34,0,00,6889,3
57,258,229,93,0,59,31,05,3,81,-0,20,0,60,324083,5,32488,81,0,00,6888,8
57,263,229,95,0,59,31,06,3,81,-0,19,0,60,324040,6,32488,28,0,00,6888,3
57,268,229,97,0,59,31,06,3,81,-0,19,0,60,323996,5,32487,75,0,00,6887,8
57,273,229,99,0,59,31,06,3,81,-0,19,0,60,323953,9,32487,22,0,00,6887,2
57,278,230,01,0,59,31,06,3,81,-0,19,0,60,323909,8,32486,69,0,00,6886,7
57,283,230,03,0,59,31,07,3,81,-0,19,0,60,323867,6,32486,16,0,00,6886,2
57,288,230,04,0,59,31,07,3,81,-0,19,0,60,323823,8,32485,63,0,00,6885,6
57,293,230,06,0,59,31,07,3,81,-0,19,0,60,323781,6,32485,10,0,00,6885,1
57,298,230,08,0,59,31,08,3,81,-0,19,0,60,323738,2,32484,56,0,00,6884,6
57,303,230,10,0,58,31,08,3,81,-0,19,0,60,323696,2,32484,04,0,00,6884,0
57,308,230,12,0,58,31,08,3,81,-0,19,0,60,323653,2,32483,50,0,00,6883,5
57,313,230,14,0,58,31,09,3,81,-0,19,0,60,323611,1,32482,97,0,00,6883,0
57,318,230,16,0,58,31,09,3,81,-0,19,0,60,323568,8,32482,44,0,00,6882,4
57,323,230,18,0,58,31,09,3,81,-0,19,0,60,323526,3,32481,91,0,00,6881,9
57,328,230,20,0,58,31,09,3,81,-0,18,0,60,323484,4,32481,38,0,00,6881,4
57,333,230,22,0,58,31,10,3,81,-0,18,0,60,323442,6,32480,85,0,00,6880,9
57,338,230,24,0,58,31,10,3,81,-0,18,0,60,323400,6,32480,32,0,00,6880,3
57,343,230,25,0,58,31,10,3,81,-0,18,0,60,323358,8,32479,79,0,00,6879,8
57,348,230,27,0,58,31,11,3,81,-0,18,0,60,323317,1,32479,26,0,00,6879,3
57,353,230,29,0,58,31,11,3,81,-0,18,0,60,323276,0,32478,73,0,00,6878,7
57,358,230,31,0,57,31,11,3,81,-0,18,0,60,323234,3,32478,20,0,00,6878,2
57,363,230,33,0,57,31,12,3,81,-0,18,0,60,323193,1,32477,67,0,00,6877,7
57,368,230,35,0,57,31,12,3,81,-0,18,0,60,323151,7,32477,14,0,00,6877,1
57,373,230,37,0,57,31,12,3,81,-0,18,0,60,323110,4,32476,61,0,00,6876,6
57,378,230,39,0,57,31,12,3,81,-0,18,0,60,323070,2,32476,08,0,00,6876,1
57,383,230,41,0,57,31,13,3,81,-0,18,0,60,323028,4,32475,55,0,00,6875,6
57,388,230,43,0,57,31,13,3,81,-0,18,0,60,322988,5,32475,02,0,00,6875,0
57,393,230,45,0,57,31,13,3,81,-0,18,0,60,322947,1,32474,49,0,00,6874,5
57,398,230,46,0,57,31,14,3,81,-0,17,0,60,322907,6,32473,96,0,00,6874,0
57,403,230,48,0,57,31,14,3,81,-0,17,0,60,322866,0,32473,44,0,00,6873,4
57,408,230,50,0,57,31,14,3,81,-0,17,0,60,322826,4,32472,91,0,00,6872,9
57,413,230,52,0,57,31,15,3,81,-0,17,0,60,322786,1,32472,38,0,00,6872,4
57,418,230,54,0,56,31,15,3,81,-0,17,0,60,322745,9,32471,85,0,00,6871,8
57,423,230,56,0,56,31,15,3,81,-0,17,0,60,322705,9,32471,32,0,00,6871,3
57,428,230,58,0,56,31,15,3,81,-0,17,0,60,322666,0,32470,79,0,00,6870,8
57,433,230,60,0,56,31,16,3,81,-0,17,0,60,322626,3,32470,26,0,00,6870,3
57,438,230,62,0,56,31,16,3,81,-0,17,0,60,322586,4,32469,73,0,00,6869,7
57,443,230,64,0,56,31,16,3,81,-0,17,0,60,322547,0,32469,20,0,00,6869,2
57,448,230,66,0,56,31,17,3,81,-0,17,0,60,322507,4,32468,67,0,00,6868,7
57,453,230,67,0,56,31,17,3,81,-0,17,0,60,322467,9,32468,14,0,00,6868,1
57,458,230,69,0,56,31,17,3,81,-0,17,0,60,322429,1,32467,62,0,00,6867,6
57,463,230,71,0,56,31,18,3,81,-0,17,0,60,322389,5,32467,09,0,00,6867,1
57,468,230,73,0,56,31,18,3,81,-0,17,0,60,322350,6,32466,56,0,00,6866,6
57,473,230,75,0,55,31,18,3,81,-0,16,0,60,322311,8,32466,03,0,00,6866,0
57,478,230,77,0,55,31,18,3,81,-0,16,0,60,322272,7,32465,50,0,00,6865,5
57,483,230,79,0,55,31,19,3,81,-0,16,0,60,322234,2,32464,97,0,00,6865,0
57,488,230,81,0,55,31,19,3,81,-0,16,0,60,322195,4,32464,45,0,00,6864,4
57,493,230,83,0,55,31,19,3,81,-0,16,0,60,322157,3,32463,92,0,00,6863,9
57,498,230,85,0,55,31,20,3,81,-0,16,0,60,322117,9,32463,39,0,00,6863,4
57,503,230,86,0,55,31,20,3,81,-0,16,0,60,322080,5,32462,86,0,00,6862,9
57,508,230,88,0,55,31,20,3,81,-0,16,0,60,322042,0,32462,33,0,00,6862,3
57,513,230,90,0,55,31,21,3,81,-0,16,0,60,322003,6,32461,81,0,00,6861,8
57,518,230,92,0,55,31,21,3,81,-0,16,0,60,321966,2,32461,28,0,00,6861,3
57,523,230,94,0,55,31,21,3,81,-0,16,0,60,321927,7,32460,75,0,00,6860,8
57,528,230,96,0,55,31,21,3,81,-0,16,0,60,321889,7,32460,22,0,00,6860,2
57,533,230,98,0,55,31,22,3,81,-0,16,0,60,321852,8,32459,70,0,00,6859,7
57,538,231,00,0,54,31,22,3,81,-0,16,0,60,321814,3,32459,17,0,00,6859,2
57,543,231,02,0,54,31,22,3,81,-0,16,0,60,321777,3,32458,64,0,00,6858,6
57,548,231,04,0,54,31,23,3,81,-0,16,0,60,321739,6,32458,11,0,00,6858,1
57,553,231,06,0,54,31,23,3,81,-0,16,0,60,321702,4,32457,59,0,00,6857,6
57,558,231,07,0,54,31,23,3,81,-0,16,0,60,321665,0,32457,06,0,00,6857,1
57,563,231,09,0,54,31,24,3,81,-0,15,0,60,321628,2,32456,53,0,00,6856,5
57,568,231,11,0,54,31,24,3,81,-0,15,0,60,321591,1,32456,00,0,00,6856,0
57,573,231,13,0,54,31,24,3,81,-0,15,0,60,321554,1,32455,48,0,02,6855,5
57,578,231,15,0,54,31,24,3,82,-0,15,0,60,321517,3,32454,95,0,00,6854,9
57,583,231,17,0,54,31,25,3,81,-0,15,0,60,321532,2,32454,42,0,00,6854,4
57,588,231,19,0,54,31,25,3,81,-0,15,0,60,321464,1,32453,89,0,00,6853,9
57,593,231,21,0,54,31,25,3,81,-0,15,0,60,321396,7,32453,37,0,00,6853,4
57,598,231,23,0,54,31,26,3,81,-0,15,0,60,321377,3,32452,84,0,00,6852,8
57,603,231,25,0,53,31,26,3,81,-0,15,0,60,321331,8,32452,31,0,00,6852,3
57,608,231,27,0,53,31,26,3,81,-0,15,0,60,321300,6,32451,79,0,00,6851,8
57,613,231,28,0,53,31,27,3,81,-0,15,0,60,321261,8,32451,26,0,00,6851,3
57,618,231,30,0,53,31,27,3,81,-0,15,0,60,321227,1,32450,73,0,00,6850,7
57,623,231,32,0,53,31,27,3,81,-0,15,0,60,321190,3,32450,21,0,00,6850,2
57,628,231,34,0,53,31,27,3,81,-0,15,0,60,321155,0,32449,68,0,00,6849,7
57,633,231,36,0,53,31,28,3,81,-0,15,0,60,321118,6,32449,15,0,00,6849,2
57,638,231,38,0,53,31,28,3,81,-0,15,0,60,321084,0,32448,63,0,00,6848,6
57,643,231,40,0,53,31,28,3,81,-0,15,0,60,321047,4,32448,10,0,00,6848,1
57,648,231,42,0,53,31,29,3,81,-0,15,0,60,321012,3,32447,58,0,00,6847,6
57,653,231,44,0,53,31,29,3,81,-0,15,0,60,320977,3,32447,05,0,00,6847,0
57,658,231,46,0,53,31,29,3,81,-0,15,0,60,320941,6,32446,52,0,00,6846,5
57,663,231,48,0,53,31,30,3,81,-0,15,0,60,320906,4,32446,00,0,00,6846,0
57,668,231,49,0,52,31,30,3,81,-0,15,0,60,320871,4,32445,47,0,00,6845,5
57,673,231,51,0,52,31,30,3,81,-0,14,0,60,320836,2,32444,95,0,00,6844,9
57,678,231,53,0,52,31,30,3,81,-0,14,0,60,320801,9,32444,42,0,00,6844,4
57,683,231,55,0,52,31,31,3,81,-0,14,0,60,320766,5,32443,89,0,00,6843,9
57,688,231,57,0,52,31,31,3,81,-0,14,0,60,320732,1,32443,37,0,00,6843,4
57,693,231,59,0,52,31,31,3,81,-0,14,0,60,320697,4,32442,84,0,00,6842,8
57,698,231,61,0,52,31,32,3,81,-0,14,0,60,320662,8,32442,32,0,00,6842,3
57,703,231,63,0,52,31,32,3,81,-0,14,0,60,320628,4,32441,79,0,00,6841,8
57,708,231,65,0,52,31,32,3,81,-0,14,0,60,320594,1,32441,27,0,00,6841,3
57,713,231,67,0,52,31,33,3,81,-0,14,0,60,320559,6,32440,74,0,00,6840,7
57,718,231,69,0,52,31,33,3,81,-0,14,0,60,320525,6,32440,21,0,00,6840,2
57,723,231,70,0,52,31,33,3,81,-0,14,0,60,320491,8,32439,69,0,00,6839,7
57,728,231,72,0,52,31,33,3,81,-0,14,0,60,320457,2,32439,16,0,00,6839,2
57,733,231,74,0,52,31,34,3,81,-0,14,0,60,320424,1,32438,64,0,00,6838,6
57,738,231,76,0,51,31,34,3,81,-0,14,0,60,320389,4,32438,11,0,00,6838,1
57,743,231,78,0,51,31,34,3,81,-0,14,0,60,320356,5,32437,59,0,00,6837,6
57,748,231,80,0,51,31,35,3,81,-0,14,0,60,320322,5,32437,06,0,00,6837,1
57,753,231,82,0,51,31,35,3,81,-0,14,0,60,320288,7,32436,54,0,00,6836,5
57,758,231,84,0,51,31,35,3,82,-0,14,0,60,320255,8,32436,01,0,00,6836,0
57,763,231,86,0,51,31,36,3,82,-0,14,0,60,320222,3,32435,49,0,00,6835,5
57,768,231,88,0,51,31,36,3,82,-0,14,0,60,320188,8,32434,96,0,00,6835,0
57,773,231,89,0,51,31,36,3,82,-0,14,0,60,320155,9,32434,44,0,00,6834,4
57,778,231,91,0,51,31,36,3,82,-0,14,0,60,320122,8,32433,91,0,00,6833,9
57,783,231,93,0,51,31,37,3,82,-0,14,0,60,320089,8,32433,39,0,00,6833,4
57,788,231,95,0,51,31,37,3,82,-0,14,0,60,320056,8,32432,86,0,00,6832,9
57,793,231,97,0,51,31,37,3,82,-0,14,0,60,320024,1,32432,34,0,00,6832,3
57,798,231,99,0,51,31,38,3,82,-0,14,0,60,319991,1,32431,81,0,00,6831,8
57,803,232,01,0,51,31,38,3,82,-0,14,0,60,319959,0,32431,29,0,00,6831,3
57,808,232,03,0,51,31,38,3,82,-0,14,0,60,319925,8,32430,77,0,00,6830,8
57,813,232,05,0,50,31,39,3,82,-0,14,0,60,319893,6,32430,24,0,00,6830,2
57,818,232,07,0,50,31,39,3,82,-0,13,0,60,319861,5,32429,72,0,00,6829,7
57,823,232,09,0,50,31,39,3,82,-0,13,0,60,319828,8,32429,19,0,00,6829,2
57,828,232,10,0,50,31,39,3,82,-0,13,0,60,319796,9,32428,67,0,00,6828,7
57,833,232,12,0,50,31,40,3,82,-0,13,0,60,319764,8,32428,14,0,00,6828,1
57,838,232,14,0,50,31,40,3,82,-0,13,0,60,319732,4,32427,62,0,00,6827,6
57,843,232,16,0,50,31,40,3,82,-0,13,0,60,319700,6,32427,09,0,00,6827,1
57,848,232,18,0,50,31,41,3,82,-0,13,0,60,319669,3,32426,57,0,00,6826,6
57,853,232,20,0,50,31,41,3,82,-0,13,0,60,319636,5,32426,05,0,00,6826,0
57,858,232,22,0,50,31,41,3,82,-0,13,0,60,319605,9,32425,52,0,00,6825,5
57,863,232,24,0,50,31,41,3,82,-0,13,0,60,319573,3,32425,00,0,00,6825,0
57,868,232,26,0,50,31,42,3,82,-0,13,0,60,319542,6,32424,47,0,00,6824,5
57,873,232,28,0,50,31,42,3,82,-0,13,0,60,319510,7,32423,95,0,00,6824,0
57,878,232,30,0,50,31,42,3,82,-0,13,0,60,319479,8,32423,43,0,00,6823,4
57,883,232,31,0,50,31,43,3,82,-0,13,0,60,319448,1,32422,90,0,00,6822,9
57,888,232,33,0,49,31,43,3,82,-0,13,0,60,319417,0,32422,38,0,00,6822,4
57,893,232,35,0,49,31,43,3,82,-0,13,0,60,319386,1,32421,86,0,00,6821,9
57,898,232,37,0,49,31,44,3,82,-0,13,0,60,319354,8,32421,33,0,00,6821,3
57,903,232,39,0,49,31,44,3,82,-0,13,0,60,319324,2,32420,81,0,00,6820,8
57,908,232,41,0,49,31,44,3,82,-0,13,0,60,319293,2,32420,29,0,00,6820,3
57,913,232,43,0,49,31,44,3,82,-0,13,0,60,319262,3,32419,76,0,02,6819,8
57,918,232,45,0,49,31,45,3,82,-0,13,0,60,319231,6,32419,24,0,00,6819,2
57,923,232,47,0,49,31,45,3,82,-0,13,0,60,319252,1,32418,71,0,00,6818,7
57,928,232,49,0,49,31,45,3,82,-0,13,0,60,319190,9,32418,19,0,00,6818,2
57,933,232,51,0,49,31,46,3,82,-0,13,0,60,319129,5,32417,67,0,00,6817,7
57,938,232,52,0,49,31,46,3,82,-0,13,0,60,319116,6,32417,15,0,00,6817,1
57,943,232,54,0,49,31,46,3,82,-0,13,0,60,319076,1,32416,62,0,00,6816,6
57,948,232,56,0,49,31,47,3,82,-0,13,0,60,319052,2,32416,10,0,00,6816,1
57,953,232,58,0,49,31,47,3,82,-0,13,0,60,319018,5,32415,58,0,00,6815,6
57,958,232,60,0,49,31,47,3,82,-0,13,0,60,318990,1,32415,05,0,00,6815,1
57,963,232,62,0,48,31,47,3,82,-0,13,0,60,318959,6,32414,53,0,00,6814,5
57,968,232,64,0,48,31,48,3,82,-0,13,0,60,318930,1,32414,01,0,00,6814,0
57,973,232,66,0,48,31,48,3,82,-0,13,0,60,318899,9,32413,49,0,00,6813,5
57,978,232,68,0,48,31,48,3,82,-0,13,0,60,318870,7,32412,96,0,00,6813,0
57,983,232,70,0,48,31,49,3,82,-0,13,0,60,318840,3,32412,44,0,00,6812,4
57,988,232,72,0,48,31,49,3,82,-0,13,0,60,318811,8,32411,92,0,00,6811,9
57,993,232,73,0,48,31,49,3,82,-0,13,0,60,318781,2,32411,39,0,00,6811,4
57,998,232,75,0,48,31,50,3,82,-0,13,0,60,318752,9,32410,87,0,00,6810,9
58,003,232,77,0,48,31,50,3,82,-0,13,0,60,318722,6,32410,35,0,00,6810,4
58,008,232,79,0,48,31,50,3,82,-0,13,0,60,318694,1,32409,83,0,00,6809,8
58,013,232,81,0,48,31,50,3,82,-0,13,0,60,318664,5,32409,30,0,00,6809,3
58,018,232,83,0,48,31,51,3,82,-0,13,0,60,318636,2,32408,78,0,00,6808,8
58,023,232,85,0,48,31,51,3,82,-0,13,0,60,318606,0,32408,26,0,00,6808,3
58,028,232,87,0,48,31,51,3,82,-0,13,0,60,318578,4,32407,74,0,00,6807,7
58,033,232,89,0,48,31,52,3,82,-0,13,0,60,318548,4,32407,21,0,00,6807,2
58,038,232,91,0,48,31,52,3,82,-0,13,0,60,318520,6,32406,69,0,00,6806,7
58,043,232,92,0,47,31,52,3,82,-0,13,0,60,318491,3,32406,17,0,00,6806,2
58,048,232,94,0,47,31,53,3,82,-0,13,0,60,318462,9,32405,65,0,00,6805,6
58,053,232,96,0,47,31,53,3,82,-0,13,0,60,318434,2,32405,13,0,00,6805,1
58,058,232,98,0,47,31,53,3,82,-0,13,0,60,318406,1,32404,61,0,00,6804,6
58,063,233,00,0,47,31,53,3,82,-0,13,0,60,318377,7,32404,08,0,00,6804,1
58,068,233,02,0,47,31,54,3,82,-0,13,0,60,318348,9,32403,56,0,00,6803,6
58,073,233,04,0,47,31,54,3,82,-0,13,0,60,318321,6,32403,04,0,00,6803,0
58,078,233,06,0,47,31,54,3,82,-0,13,0,60,318292,6,32402,52,0,00,6802,5
58,083,233,08,0,47,31,55,3,82,-0,13,0,60,318265,1,32402,00,0,00,6802,0
58,088,233,10,0,47,31,55,3,82,-0,13,0,60,318236,8,32401,47,0,00,6801,5
58,093,233,12,0,47,31,55,3,82,-0,13,0,60,318209,1,32400,95,0,00,6801,0
58,098,233,13,0,47,31,56,3,82,-0,13,0,60,318181,0,32400,43,0,00,6800,4
58,103,233,15,0,47,31,56,3,82,-0,13,0,60,318153,5,32399,91,0,00,6799,9
58,108,233,17,0,47,31,56,3,82,-0,13,0,60,318125,3,32399,39,0,00,6799,4
58,113,233,19,0,47,31,56,3,82,-0,13,0,60,318098,5,32398,87,0,00,6798,9
58,118,233,21,0,47,31,57,3,82,-0,13,0,60,318070,4,32398,35,0,00,6798,3
58,123,233,23,0,46,31,57,3,82,-0,13,0,60,318043,4,32397,82,0,00,6797,8
58,128,233,25,0,46,31,57,3,82,-0,13,0,60,318015,6,32397,30,0,00,6797,3
58,133,233,27,0,46,31,58,3,82,-0,13,0,60,317988,4,32396,78,0,00,6796,8
58,138,233,29,0,46,31,58,3,82,-0,12,0,60,317961,3,32396,26,0,00,6796,3
58,143,233,31,0,46,31,58,3,82,-0,12,0,60,317933,8,32395,74,0,00,6795,7
58,148,233,33,0,46,31,59,3,82,-0,12,0,60,317906,9,32395,22,0,00,6795,2
58,153,233,34,0,46,31,59,3,82,-0,12,0,60,317880,2,32394,70,0,00,6794,7
58,158,233,36,0,46,31,59,3,82,-0,12,0,60,317852,6,32394,18,0,00,6794,2
58,163,233,38,0,46,31,59,3,82,-0,12,0,60,317826,5,32393,65,0,00,6793,7
58,168,233,40,0,46,31,60,3,82,-0,12,0,60,317798,8,32393,13,0,00,6793,1
58,173,233,42,0,46,31,60,3,82,-0,12,0,60,317772,9,32392,61,0,00,6792,6
58,178,233,44,0,46,31,60,3,82,-0,12,0,60,317745,8,32392,09,0,00,6792,1
58,183,233,46,0,46,31,61,3,82,-0,12,0,60,317719,7,32391,57,0,00,6791,6
58,188,233,48,0,46,31,61,3,82,-0,12,0,60,317692,4,32391,05,0,00,6791,0
58,193,233,50,0,46,31,61,3,82,-0,12,0,60,317666,5,32390,53,0,00,6790,5
58,198,233,52,0,46,31,62,3,82,-0,12,0,60,317639,9,32390,01,0,00,6790,0
58,203,233,54,0,45,31,62,3,82,-0,12,0,60,317613,8,32389,49,0,00,6789,5
58,208,233,55,0,45,31,62,3,82,-0,12,0,60,317587,9,32388,97,0,00,6789,0
58,213,233,57,0,45,31,62,3,82,-0,12,0,60,317561,1,32388,45,0,00,6788,4
58,218,233,59,0,45,31,63,3,82,-0,12,0,60,317535,3,32387,93,0,00,6787,9
58,223,233,61,0,45,31,63,3,82,-0,12,0,60,317509,3,32387,41,0,00,6787,4
58,228,233,63,0,45,31,63,3,82,-0,12,0,60,317483,3,32386,88,0,00,6786,9
58,233,233,65,0,45,31,64,3,82,-0,12,0,60,317457,5,32386,36,0,00,6786,4
58,238,233,67,0,45,31,64,3,82,-0,12,0,60,317431,7,32385,84,0,00,6785,8
58,243,233,69,0,45,31,64,3,82,-0,12,0,60,317406,1,32385,32,0,00,6785,3
58,248,233,71,0,45,31,65,3,82,-0,12,0,60,317380,1,32384,80,0,00,6784,8
58,253,233,73,0,45,31,65,3,82,-0,12,0,60,317355,1,32384,28,0,00,6784,3
58,258,233,75,0,45,31,65,3,82,-0,13,0,60,317328,9,32383,76,0,00,6783,8
58,263,233,76,0,45,31,65,3,82,-0,13,0,60,317303,7,32383,24,0,00,6783,2
58,268,233,78,0,45,31,66,3,82,-0,13,0,60,317278,6,32382,72,0,00,6782,7
58,273,233,80,0,45,31,66,3,82,-0,13,0,60,317252,8,32382,20,0,02,6782,2
58,278,233,82,0,45,31,66,3,82,-0,13,0,60,317227,9,32381,68,0,00,6781,7
58,283,233,84,0,44,31,67,3,82,-0,13,0,60,317253,8,32381,16,0,00,6781,2
58,288,233,86,0,44,31,67,3,82,-0,13,0,60,317197,1,32380,64,0,00,6780,6
58,293,233,88,0,44,31,67,3,82,-0,13,0,60,317141,9,32380,12,0,00,6780,1
58,298,233,90,0,44,31,68,3,82,-0,13,0,60,317134,2,32379,60,0,00,6779,6
58,303,233,92,0,44,31,68,3,82,-0,13,0,60,317099,5,32379,08,0,00,6779,1
58,308,233,94,0,44,31,68,3,82,-0,13,0,60,317080,0,32378,56,0,00,6778,6
58,313,233,95,0,44,31,68,3,82,-0,13,0,60,317052,4,32378,04,0,00,6778,0
58,318,233,97,0,44,31,69,3,82,-0,13,0,60,317029,2,32377,52,0,00,6777,5
58,323,233,99,0,44,31,69,3,82,-0,13,0,60,317003,6,32377,00,0,00,6777,0
58,328,234,01,0,44,31,69,3,82,-0,13,0,60,316979,7,32376,48,0,00,6776,5
58,333,234,03,0,44,31,70,3,82,-0,13,0,60,316955,1,32375,96,0,00,6776,0
58,338,234,05,0,44,31,70,3,82,-0,13,0,60,316930,6,32375,45,0,00,6775,4
58,343,234,07,0,44,31,70,3,82,-0,13,0,60,316905,8,32374,93,0,00,6774,9
58,348,234,09,0,44,31,71,3,82,-0,13,0,60,316882,4,32374,41,0,00,6774,4
58,353,234,11,0,44,31,71,3,82,-0,13,0,60,316857,3,32373,89,0,00,6773,9
58,358,234,13,0,44,31,71,3,82,-0,13,0,60,316833,7,32373,37,0,00,6773,4
58,363,234,15,0,43,31,71,3,82,-0,13,0,60,316809,3,32372,85,0,00,6772,8
58,368,234,16,0,43,31,72,3,82,-0,13,0,60,316785,4,32372,33,0,00,6772,3
58,373,234,18,0,43,31,72,3,82,-0,13,0,60,316761,6,32371,81,0,00,6771,8
58,378,234,20,0,43,31,72,3,82,-0,13,0,60,316737,1,32371,29,0,00,6771,3
58,383,234,22,0,43,31,73,3,82,-0,13,0,60,316713,9,32370,77,0,00,6770,8
58,388,234,24,0,43,31,73,3,82,-0,13,0,60,316690,0,32370,25,0,00,6770,3
58,393,234,26,0,43,31,73,3,82,-0,13,0,60,316666,2,32369,73,0,00,6769,7
58,398,234,28,0,43,31,74,3,82,-0,13,0,60,316642,5,32369,21,0,00,6769,2
58,403,234,30,0,43,31,74,3,82,-0,13,0,60,316618,9,32368,69,0,00,6768,7
58,408,234,32,0,43,31,74,3,82,-0,13,0,60,316595,3,32368,17,0,00,6768,2
58,413,234,34,0,43,31,74,3,82,-0,13,0,60,316571,9,32367,66,0,00,6767,7
58,418,234,36,0,43,31,75,3,82,-0,13,0,60,316548,7,32367,14,0,00,6767,1
58,423,234,37,0,43,31,75,3,82,-0,13,0,60,316525,0,32366,62,0,00,6766,6
58,428,234,39,0,43,31,75,3,82,-0,13,0,60,316501,9,32366,10,0,00,6766,1
58,433,234,41,0,43,31,76,3,82,-0,13,0,60,316478,8,32365,58,0,00,6765,6
58,438,234,43,0,43,31,76,3,82,-0,13,0,60,316455,5,32365,06,0,00,6765,1
58,443,234,45,0,42,31,76,3,82,-0,13,0,60,316432,7,32364,54,0,00,6764,5
58,448,234,47,0,42,31,77,3,82,-0,13,0,60,316409,5,32364,02,0,00,6764,0
58,453,234,49,0,42,31,77,3,82,-0,13,0,60,316386,5,32363,50,0,00,6763,5
58,458,234,51,0,42,31,77,3,82,-0,13,0,60,316364,0,32362,99,0,00,6763,0
58,463,234,53,0,42,31,77,3,82,-0,13,0,60,316340,7,32362,47,0,00,6762,5
58,468,234,55,0,42,31,78,3,82,-0,13,0,60,316318,3,32361,95,0,00,6761,9
58,473,234,57,0,42,31,78,3,82,-0,13,0,60,316295,3,32361,43,0,00,6761,4
58,478,234,58,0,42,31,78,3,82,-0,13,0,60,316272,7,32360,91,0,00,6760,9
58,483,234,60,0,42,31,79,3,82,-0,13,0,60,316250,2,32360,39,0,00,6760,4
58,488,234,62,0,42,31,79,3,82,-0,13,0,60,316227,8,32359,88,0,00,6759,9
58,493,234,64,0,42,31,79,3,82,-0,13,0,60,316205,1,32359,36,0,00,6759,4
58,498,234,66,0,42,31,80,3,82,-0,13,0,60,316182,9,32358,84,0,00,6758,8
58,503,234,68,0,42,31,80,3,82,-0,13,0,60,316160,3,32358,32,0,00,6758,3
58,508,234,70,0,42,31,80,3,82,-0,13,0,60,316138,3,32357,80,0,00,6757,8
58,513,234,72,0,42,31,80,3,82,-0,13,0,60,316116,0,32357,28,0,00,6757,3
58,518,234,74,0,41,31,81,3,82,-0,13,0,60,316093,8,32356,77,0,00,6756,8
58,523,234,76,0,41,31,81,3,82,-0,13,0,60,316072,1,32356,25,0,00,6756,2
58,528,234,78,0,41,31,81,3,82,-0,13,0,60,316049,6,32355,73,0,00,6755,7
58,533,234,79,0,41,31,82,3,82,-0,13,0,60,316028,0,32355,21,0,00,6755,2
58,538,234,81,0,41,31,82,3,82,-0,13,0,60,316005,7,32354,69,0,00,6754,7
58,543,234,83,0,41,31,82,3,82,-0,13,0,60,315983,9,32354,17,0,00,6754,2
58,548,234,85,0,41,31,83,3,82,-0,13,0,60,315962,3,32353,66,0,00,6753,7
58,553,234,87,0,41,31,83,3,82,-0,13,0,60,315940,7,32353,14,0,00,6753,1
58,558,234,89,0,41,31,83,3,82,-0,13,0,60,315918,7,32352,62,0,00,6752,6
58,563,234,91,0,41,31,83,3,82,-0,13,0,60,315896,9,32352,10,0,00,6752,1
58,568,234,93,0,41,31,84,3,82,-0,13,0,60,315876,0,32351,58,0,00,6751,6
58,573,234,95,0,41,31,84,3,82,-0,13,0,60,315853,9,32351,07,0,00,6751,1
58,578,234,97,0,41,31,84,3,82,-0,13,0,60,315833,2,32350,55,0,00,6750,5
58,583,234,99,0,41,31,85,3,82,-0,13,0,60,315810,8,32350,03,0,00,6750,0
58,588,235,00,0,41,31,85,3,82,-0,13,0,60,315790,3,32349,51,0,00,6749,5
58,593,235,02,0,40,31,85,3,82,-0,13,0,60,315768,6,32349,00,0,00,6749,0
58,598,235,04,0,40,31,86,3,82,-0,13,0,60,315747,8,32348,48,0,00,6748,5
58,603,235,06,0,40,31,86,3,82,-0,13,0,60,315726,3,32347,96,0,00,6748,0
58,608,235,08,0,40,31,86,3,82,-0,13,0,60,315705,3,32347,44,0,00,6747,4
58,613,235,10,0,40,31,86,3,82,-0,14,0,60,315684,3,32346,93,0,00,6746,9
58,618,235,12,0,40,31,87,3,82,-0,14,0,60,315663,5,32346,41,0,00,6746,4
58,623,235,14,0,40,31,87,3,82,-0,14,0,60,315642,3,32345,89,0,00,6745,9
58,628,235,16,0,40,31,87,3,82,-0,14,0,60,315622,0,32345,37,0,00,6745,4
58,633,235,18,0,40,31,88,3,82,-0,14,0,60,315600,2,32344,86,0,00,6744,9
58,638,235,20,0,40,31,88,3,82,-0,14,0,60,315580,5,32344,34,0,00,6744,3
58,643,235,21,0,40,31,88,3,82,-0,14,0,60,315559,3,32343,82,0,00,6743,8
58,648,235,23,0,40,31,89,3,82,-0,14,0,60,315538,5,32343,30,0,00,6743,3
58,653,235,25,0,40,31,89,3,82,-0,14,0,60,315518,3,32342,79,0,00,6742,8
58,658,235,27,0,40,31,89,3,82,-0,14,0,60,315497,7,32342,27,0,00,6742,3
58,663,235,29,0,40,31,89,3,82,-0,14,0,60,315477,2,32341,75,0,00,6741,8
58,668,235,31,0,39,31,90,3,82,-0,14,0,60,315456,4,32341,23,0,00,6741,2
58,673,235,33,0,39,31,90,3,82,-0,14,0,60,315436,9,32340,72,0,00,6740,7
58,678,235,35,0,39,31,90,3,82,-0,14,0,60,315415,9,32340,20,0,00,6740,2
58,683,235,37,0,39,31,91,3,82,-0,14,0,60,315395,7,32339,68,0,02,6739,7
58,688,235,39,0,39,31,91,3,82,-0,14,0,60,315376,1,32339,17,0,00,6739,2
58,693,235,41,0,39,31,91,3,82,-0,14,0,60,315405,9,32338,65,0,00,6738,7
58,698,235,42,0,39,31,92,3,82,-0,14,0,60,315354,9,32338,13,0,00,6738,1
58,703,235,44,0,39,31,92,3,82,-0,14,0,60,315305,4,32337,62,0,00,6737,6
58,708,235,46,0,39,31,92,3,82,-0,14,0,60,315302,0,32337,10,0,00,6737,1
58,713,235,48,0,39,31,92,3,82,-0,14,0,60,315272,5,32336,58,0,00,6736,6
58,718,235,50,0,39,31,93,3,82,-0,14,0,60,315258,1,32336,06,0,00,6736,1
58,723,235,52,0,39,31,93,3,82,-0,14,0,60,315234,8,32335,55,0,00,6735,5
58,728,235,54,0,39,31,93,3,82,-0,14,0,60,315217,6,32335,03,0,00,6735,0
58,733,235,56,0,39,31,94,3,82,-0,14,0,60,315196,5,32334,52,0,00,6734,5
58,738,235,58,0,38,31,94,3,82,-0,14,0,60,315177,3,32334,00,0,00,6734,0
58,743,235,60,0,38,31,94,3,82,-0,14,0,60,315157,8,32333,48,0,00,6733,5
58,748,235,62,0,38,31,95,3,82,-0,14,0,60,315137,9,32332,96,0,00,6733,0
58,753,235,63,0,38,31,95,3,82,-0,14,0,60,315118,9,32332,45,0,00,6732,4
58,758,235,65,0,38,31,95,3,82,-0,14,0,60,315099,2,32331,93,0,00,6731,9
58,763,235,67,0,38,31,95,3,82,-0,14,0,60,315079,9,32331,42,0,00,6731,4
58,768,235,69,0,38,31,96,3,82,-0,14,0,60,315060,4,32330,90,0,00,6730,9
58,773,235,71,0,38,31,96,3,82,-0,14,0,60,315041,3,32330,38,0,00,6730,4
58,778,235,73,0,38,31,96,3,82,-0,14,0,60,315021,9,32329,87,0,00,6729,9
58,783,235,75,0,38,31,97,3,82,-0,14,0,60,315003,0,32329,35,0,00,6729,3
58,788,235,77,0,38,31,97,3,82,-0,15,0,60,314983,8,32328,83,0,00,6728,8
58,793,235,79,0,38,31,97,3,82,-0,15,0,60,314965,0,32328,32,0,00,6728,3
58,798,235,81,0,38,31,98,3,82,-0,15,0,60,314945,5,32327,80,0,00,6727,8
58,803,235,83,0,38,31,98,3,82,-0,15,0,60,314926,9,32327,28,0,00,6727,3
58,808,235,84,0,37,31,98,3,82,-0,15,0,60,314908,0,32326,77,0,00,6726,8
58,813,235,86,0,37,31,98,3,82,-0,15,0,60,314888,7,32326,25,0,00,6726,3
58,818,235,88,0,37,31,99,3,82,-0,15,0,60,314870,4,32325,73,0,00,6725,7
58,823,235,90,0,37,31,99,3,82,-0,15,0,60,314851,3,32325,22,0,00,6725,2
58,828,235,92,0,37,31,99,3,82,-0,15,0,60,314833,1,32324,70,0,00,6724,7
58,833,235,94,0,37,32,00,3,82,-0,15,0,60,314814,1,32324,19,0,00,6724,2
58,838,235,96,0,37,32,00,3,82,-0,15,0,60,314795,7,32323,67,0,00,6723,7
58,843,235,98,0,37,32,00,3,82,-0,15,0,60,314776,9,32323,15,0,00,6723,2
58,848,236,00,0,37,32,01,3,82,-0,15,0,60,314758,6,32322,64,0,00,6722,6
58,853,236,02,0,37,32,01,3,82,-0,15,0,60,314740,0,32322,12,0,00,6722,1
58,858,236,04,0,37,32,01,3,82,-0,15,0,60,314721,8,32321,61,0,00,6721,6
58,863,236,05,0,37,32,01,3,82,-0,15,0,60,314703,3,32321,09,0,00,6721,1
58,868,236,07,0,37,32,02,3,82,-0,15,0,60,314684,9,32320,57,0,00,6720,6
58,873,236,09,0,36,32,02,3,82,-0,15,0,60,314667,0,32320,06,0,00,6720,1
58,878,236,11,0,36,32,02,3,82,-0,15,0,60,314648,3,32319,54,0,00,6719,5
58,883,236,13,0,36,32,03,3,82,-0,15,0,60,314630,6,32319,03,0,00,6719,0
58,888,236,15,0,36,32,03,3,82,-0,15,0,60,314612,5,32318,51,0,00,6718,5
58,893,236,17,0,36,32,03,3,82,-0,15,0,60,314594,1,32318,00,0,00,6718,0
58,898,236,19,0,36,32,04,3,82,-0,15,0,60,314576,6,32317,48,0,00,6717,5
58,903,236,21,0,36,32,04,3,82,-0,15,0,60,314558,7,32316,96,0,00,6717,0
58,908,236,23,0,36,32,04,3,82,-0,15,0,60,314540,5,32316,45,0,00,6716,4
58,913,236,25,0,36,32,04,3,82,-0,15,0,60,314522,8,32315,93,0,00,6715,9
58,918,236,26,0,36,32,05,3,82,-0,15,0,60,314504,7,32315,42,0,00,6715,4
58,923,236,28,0,36,32,05,3,82,-0,15,0,60,314487,6,32314,90,0,00,6714,9
58,928,236,30,0,36,32,05,3,82,-0,15,0,60,314469,2,32314,39,0,00,6714,4
58,933,236,32,0,36,32,06,3,82,-0,16,0,60,314451,8,32313,87,0,00,6713,9
58,938,236,34,0,35,32,06,3,82,-0,16,0,60,314434,4,32313,36,0,00,6713,4
58,943,236,36,0,35,32,06,3,82,-0,16,0,60,314416,3,32312,84,0,00,6712,8
58,948,236,38,0,35,32,07,3,82,-0,16,0,60,314399,6,32312,32,0,00,6712,3
58,953,236,40,0,35,32,07,3,82,-0,16,0,60,314381,6,32311,81,0,00,6711,8
58,958,236,42,0,35,32,07,3,82,-0,16,0,60,314364,1,32311,29,0,00,6711,3
58,963,236,44,0,35,32,07,3,82,-0,16,0,60,314347,2,32310,78,0,00,6710,8
58,968,236,46,0,35,32,08,3,82,-0,16,0,60,314329,4,32310,26,0,00,6710,3
58,973,236,47,0,35,32,08,3,82,-0,16,0,60,314312,6,32309,75,0,00,6709,7
58,978,236,49,0,35,32,08,3,82,-0,16,0,60,314295,0,32309,23,0,00,6709,2
58,983,236,51,0,35,32,09,3,82,-0,16,0,60,314278,3,32308,72,0,00,6708,7
58,988,236,53,0,35,32,09,3,82,-0,16,0,60,314260,4,32308,20,0,00,6708,2
58,993,236,55,0,35,32,09,3,82,-0,16,0,60,314244,3,32307,69,0,00,6707,7
58,998,236,57,0,35,32,10,3,82,-0,16,0,60,314226,2,32307,17,0,00,6707,2
59,003,236,59,0,34,32,10,3,82,-0,16,0,60,314210,2,32306,66,0,00,6706,7
59,008,236,61,0,34,32,10,3,82,-0,16,0,60,314192,6,32306,14,0,00,6706,1
59,013,236,63,0,34,32,10,3,82,-0,16,0,60,314175,9,32305,63,0,00,6705,6
59,018,236,65,0,34,32,11,3,82,-0,16,0,60,314159,4,32305,11,0,00,6705,1
59,023,236,67,0,34,32,11,3,82,-0,16,0,60,314142,0,32304,60,0,00,6704,6
59,028,236,68,0,34,32,11,3,82,-0,16,0,60,314125,9,32304,08,0,00,6704,1
59,033,236,70,0,34,32,12,3,82,-0,16,0,60,314108,3,32303,57,0,00,6703,6
59,038,236,72,0,34,32,12,3,82,-0,16,0,60,314092,8,32303,05,0,00,6703,1
59,043,236,74,0,34,32,12,3,82,-0,16,0,60,314074,9,32302,54,0,00,6702,5
59,048,236,76,0,34,32,13,3,82,-0,16,0,60,314059,6,32302,02,0,00,6702,0
59,053,236,78,0,34,32,13,3,82,-0,16,0,60,314042,2,32301,51,0,00,6701,5
59,058,236,80,0,34,32,13,3,82,-0,17,0,60,314026,2,32300,99,0,00,6701,0
59,063,236,82,0,33,32,13,3,82,-0,17,0,60,314009,3,32300,48,0,00,6700,5
59,068,236,84,0,33,32,14,3,82,-0,17,0,60,313993,5,32299,96,0,00,6700,0
59,073,236,86,0,33,32,14,3,82,-0,17,0,60,313976,8,32299,45,0,00,6699,4
59,078,236,88,0,33,32,14,3,82,-0,17,0,60,313960,6,32298,93,0,00,6698,9
59,083,236,89,0,33,32,15,3,82,-0,17,0,60,313944,1,32298,42,0,00,6698,4
59,088,236,91,0,33,32,15,3,82,-0,17,0,60,313928,5,32297,90,0,00,6697,9
59,093,236,93,0,33,32,15,3,82,-0,17,0,60,313911,7,32297,39,0,00,6697,4
59,098,236,95,0,33,32,16,3,82,-0,17,0,60,313895,8,32296,88,0,00,6696,9
59,103,236,97,0,33,32,16,3,82,-0,17,0,60,313879,9,32296,36,0,00,6696,4
59,108,236,99,0,33,32,16,3,82,-0,17,0,60,313863,7,32295,85,0,00,6695,8
59,113,237,01,0,33,32,16,3,82,-0,17,0,60,313847,6,32295,33,0,00,6695,3
59,118,237,03,0,33,32,17,3,82,-0,17,0,60,313832,0,32294,82,0,00,6694,8
59,123,237,05,0,32,32,17,3,82,-0,17,0,60,313815,6,32294,30,0,00,6694,3
59,128,237,07,0,32,32,17,3,82,-0,17,0,60,313800,5,32293,79,0,00,6693,8
59,133,237,09,0,32,32,18,3,82,-0,17,0,60,313783,8,32293,27,0,00,6693,3
59,138,237,10,0,32,32,18,3,82,-0,17,0,60,313768,8,32292,76,0,00,6692,8
59,143,237,12,0,32,32,18,3,82,-0,17,0,60,313752,3,32292,24,0,00,6692,2
59,148,237,14,0,32,32,19,3,82,-0,17,0,60,313737,5,32291,73,0,00,6691,7
59,153,237,16,0,32,32,19,3,82,-0,17,0,60,313721,1,32291,21,0,00,6691,2
59,158,237,18,0,32,32,19,3,82,-0,17,0,60,313706,0,32290,70,0,02,6690,7
59,163,237,20,0,32,32,19,3,82,-0,17,0,60,313690,1,32290,19,0,00,6690,2
59,168,237,22,0,32,32,20,3,82,-0,18,0,60,313725,4,32289,67,0,00,6689,7
59,173,237,24,0,32,32,20,3,82,-0,18,0,60,313678,5,32289,16,0,00,6689,2
59,178,237,26,0,32,32,20,3,82,-0,18,0,60,313633,9,32288,64,0,00,6688,6
59,183,237,28,0,31,32,21,3,82,-0,18,0,60,313634,3,32288,13,0,00,6688,1
59,188,237,30,0,31,32,21,3,82,-0,18,0,60,313610,5,32287,62,0,00,6687,6
59,193,237,31,0,31,32,21,3,82,-0,18,0,60,313600,2,32287,10,0,00,6687,1
59,198,237,33,0,31,32,22,3,82,-0,18,0,60,313581,8,32286,59,0,00,6686,6
59,203,237,35,0,31,32,22,3,82,-0,18,0,60,313568,1,32286,07,0,00,6686,1
59,208,237,37,0,31,32,22,3,82,-0,18,0,60,313552,4,32285,56,0,00,6685,6
59,213,237,39,0,31,32,22,3,82,-0,18,0,60,313537,6,32285,04,0,00,6685,0
59,218,237,41,0,31,32,23,3,82,-0,18,0,60,313522,0,32284,53,0,00,6684,5
59,223,237,43,0,31,32,23,3,82,-0,18,0,60,313507,8,32284,02,0,00,6684,0
59,228,237,45,0,31,32,23,3,82,-0,18,0,60,313491,9,32283,50,0,00,6683,5
59,233,237,47,0,31,32,24,3,82,-0,18,0,60,313477,3,32282,99,0,00,6683,0
59,238,237,49,0,30,32,24,3,82,-0,18,0,60,313462,4,32282,47,0,00,6682,5
59,243,237,51,0,30,32,24,3,82,-0,18,0,60,313447,6,32281,96,0,00,6682,0
59,248,237,52,0,30,32,25,3,82,-0,18,0,60,313432,3,32281,45,0,00,6681,4
59,253,237,54,0,30,32,25,3,82,-0,18,0,60,313418,1,32280,93,0,00,6680,9
59,258,237,56,0,30,32,25,3,82,-0,18,0,60,313403,0,32280,42,0,00,6680,4
59,263,237,58,0,30,32,25,3,82,-0,18,0,60,313388,4,32279,91,0,00,6679,9
59,268,237,60,0,30,32,26,3,82,-0,18,0,60,313373,4,32279,39,0,00,6679,4
59,273,237,62,0,30,32,26,3,82,-0,19,0,60,313359,4,32278,88,0,00,6678,9
59,278,237,64,0,30,32,26,3,82,-0,19,0,60,313344,1,32278,37,0,00,6678,4
59,283,237,66,0,30,32,27,3,82,-0,19,0,60,313329,8,32277,85,0,00,6677,9
59,288,237,68,0,30,32,27,3,82,-0,19,0,60,313315,5,32277,34,0,00,6677,3
59,293,237,70,0,29,32,27,3,82,-0,19,0,60,313300,9,32276,82,0,00,6676,8
59,298,237,72,0,29,32,28,3,82,-0,19,0,60,313286,3,32276,31,0,00,6676,3
59,303,237,73,0,29,32,28,3,82,-0,19,0,60,313272,2,32275,80,0,00,6675,8
59,308,237,75,0,29,32,28,3,82,-0,19,0,60,313257,3,32275,28,0,00,6675,3
59,313,237,77,0,29,32,28,3,82,-0,19,0,60,313243,3,32274,77,0,00,6674,8
59,318,237,79,0,29,32,29,3,82,-0,19,0,60,313229,4,32274,26,0,00,6674,3
59,323,237,81,0,29,32,29,3,82,-0,19,0,60,313214,3,32273,74,0,00,6673,7
59,328,237,83,0,29,32,29,3,82,-0,19,0,60,313200,9,32273,23,0,00,6673,2
59,333,237,85,0,29,32,30,3,82,-0,19,0,60,313186,3,32272,71,0,00,6672,7
59,338,237,87,0,29,32,30,3,82,-0,19,0,60,313172,2,32272,20,0,00,6672,2
59,343,237,89,0,28,32,30,3,82,-0,19,0,60,313158,2,32271,69,0,00,6671,7
59,348,237,91,0,28,32,30,3,82,-0,19,0,60,313144,2,32271,18,0,00,6671,2
59,353,237,93,0,28,32,31,3,82,-0,19,0,60,313130,3,32270,66,0,00,6670,7
59,358,237,94,0,28,32,31,3,82,-0,19,0,60,313116,0,32270,15,0,00,6670,1
59,363,237,96,0,28,32,31,3,82,-0,19,0,60,313102,2,32269,64,0,00,6669,6
59,368,237,98,0,28,32,32,3,82,-0,19,0,60,313088,5,32269,12,0,00,6669,1
59,373,238,00,0,28,32,32,3,82,-0,20,0,60,313074,3,32268,61,0,00,6668,6
59,378,238,02,0,28,32,32,3,82,-0,20,0,60,313060,7,32268,10,0,00,6668,1
59,383,238,04,0,28,32,33,3,82,-0,20,0,60,313046,8,32267,58,0,00,6667,6
59,388,238,06,0,28,32,33,3,82,-0,20,0,60,313033,3,32267,07,0,00,6667,1
59,393,238,08,0,28,32,33,3,82,-0,20,0,60,313019,4,32266,56,0,00,6666,6
59,398,238,10,0,27,32,33,3,82,-0,20,0,60,313006,0,32266,04,0,00,6666,0
59,403,238,12,0,27,32,34,3,82,-0,20,0,60,312991,8,32265,53,0,00,6665,5
59,408,238,14,0,27,32,34,3,82,-0,20,0,60,312978,5,32265,02,0,00,6665,0
59,413,238,15,0,27,32,34,3,82,-0,20,0,60,312965,3,32264,50,0,00,6664,5
59,418,238,17,0,27,32,35,3,82,-0,20,0,60,312951,3,32263,99,0,00,6664,0
59,423,238,19,0,27,32,35,3,82,-0,20,0,60,312937,8,32263,48,0,00,6663,5
59,428,238,21,0,27,32,35,3,82,-0,20,0,60,312924,7,32262,96,0,00,6663,0
59,433,238,23,0,27,32,36,3,82,-0,20,0,60,312910,9,32262,45,0,00,6662,5
59,438,238,25,0,27,32,36,3,82,-0,20,0,60,312897,9,32261,94,0,00,6661,9
59,443,238,27,0,27,32,36,3,82,-0,20,0,60,312884,2,32261,43,0,00,6661,4
59,448,238,29,0,26,32,36,3,82,-0,20,0,60,312871,4,32260,91,0,00,6660,9
59,454,238,31,0,26,32,37,3,82,-0,20,0,60,312857,3,32260,40,0,00,6660,4
59,459,238,33,0,26,32,37,3,82,-0,20,0,60,312844,7,32259,89,0,00,6659,9
59,464,238,35,0,26,32,37,3,82,-0,20,0,60,312831,6,32259,38,0,00,6659,4
59,469,238,36,0,26,32,38,3,82,-0,21,0,60,312818,1,32258,86,0,00,6658,9
59,474,238,38,0,26,32,38,3,82,-0,21,0,60,312805,2,32258,35,0,00,6658,3
59,479,238,40,0,26,32,38,3,82,-0,21,0,60,312791,8,32257,84,0,00,6657,8
59,484,238,42,0,26,32,39,3,82,-0,21,0,60,312779,4,32257,32,0,00,6657,3
59,489,238,44,0,26,32,39,3,82,-0,21,0,60,312765,3,32256,81,0,00,6656,8
59,494,238,46,0,25,32,39,3,82,-0,21,0,60,312753,4,32256,30,0,00,6656,3
59,499,238,48,0,25,32,39,3,82,-0,21,0,60,312739,9,32255,79,0,00,6655,8
59,504,238,50,0,25,32,40,3,82,-0,21,0,60,312727,3,32255,27,0,00,6655,3
59,509,238,52,0,25,32,40,3,82,-0,21,0,60,312714,3,32254,76,0,00,6654,8
59,514,238,54,0,25,32,40,3,82,-0,21,0,60,312701,3,32254,25,0,00,6654,2
59,519,238,56,0,25,32,41,3,82,-0,21,0,60,312688,9,32253,73,0,00,6653,7
59,524,238,57,0,25,32,41,3,82,-0,21,0,60,312675,6,32253,22,0,00,6653,2
59,529,238,59,0,25,32,41,3,82,-0,21,0,60,312663,3,32252,71,0,00,6652,7
59,534,238,61,0,25,32,42,3,82,-0,21,0,60,312650,5,32252,20,0,00,6652,2
59,539,238,63,0,25,32,42,3,82,-0,21,0,60,312637,8,32251,68,0,00,6651,7
59,544,238,65,0,24,32,42,3,82,-0,21,0,60,312625,2,32251,17,0,00,6651,2
59,549,238,67,0,24,32,42,3,82,-0,21,0,60,312612,2,32250,66,0,00,6650,7
59,554,238,69,0,24,32,43,3,82,-0,21,0,60,312600,5,32250,15,0,00,6650,1
59,559,238,71,0,24,32,43,3,82,-0,22,0,60,312587,2,32249,63,0,00,6649,6
59,564,238,73,0,24,32,43,3,82,-0,22,0,60,312575,3,32249,12,0,00,6649,1
59,569,238,75,0,24,32,44,3,82,-0,22,0,60,312562,0,32248,61,0,00,6648,6
59,574,238,77,0,24,32,44,3,82,-0,22,0,60,312550,6,32248,10,0,00,6648,1
59,579,238,78,0,24,32,44,3,82,-0,22,0,60,312537,5,32247,58,0,00,6647,6
59,584,238,80,0,24,32,45,3,82,-0,22,0,60,312525,7,32247,07,0,00,6647,1
59,589,238,82,0,23,32,45,3,82,-0,22,0,60,312512,7,32246,56,0,00,6646,6
59,594,238,84,0,23,32,45,3,82,-0,22,0,60,312501,0,32246,05,0,00,6646,0
59,599,238,86,0,23,32,45,3,82,-0,22,0,60,312488,6,32245,54,0,00,6645,5
59,604,238,88,0,23,32,46,3,82,-0,22,0,60,312476,2,32245,02,0,00,6645,0
59,609,238,90,0,23,32,46,3,82,-0,22,0,60,312464,2,32244,51,0,00,6644,5
59,614,238,92,0,23,32,46,3,82,-0,22,0,60,312451,9,32244,00,0,00,6644,0
59,619,238,94,0,23,32,47,3,82,-0,22,0,60,312440,1,32243,49,0,00,6643,5
59,624,238,96,0,23,32,47,3,82,-0,22,0,60,312427,4,32242,97,0,00,6643,0
59,629,238,98,0,23,32,47,3,82,-0,22,0,60,312416,1,32242,46,0,00,6642,5
59,634,238,99,0,22,32,48,3,82,-0,22,0,60,312403,6,32241,95,0,00,6642,0
59,639,239,01,0,22,32,48,3,82,-0,22,0,60,312391,9,32241,44,0,00,6641,4
59,644,239,03,0,22,32,48,3,82,-0,23,0,60,312379,5,32240,93,0,00,6640,9
59,649,239,05,0,22,32,48,3,82,-0,23,0,60,312368,0,32240,41,0,00,6640,4
59,654,239,07,0,22,32,49,3,82,-0,23,0,60,312356,1,32239,90,0,00,6639,9
59,659,239,09,0,22,32,49,3,82,-0,23,0,60,312343,8,32239,39,0,00,6639,4
59,664,239,11,0,22,32,49,3,82,-0,23,0,60,312332,8,32238,88,0,00,6638,9
59,669,239,13,0,22,32,50,3,82,-0,23,0,60,312319,8,32238,37,0,00,6638,4
59,674,239,15,0,22,32,50,3,82,-0,23,0,60,312309,4,32237,85,0,00,6637,9
59,679,239,17,0,21,32,50,3,82,-0,23,0,60,312296,4,32237,34,0,00,6637,3
59,684,239,19,0,21,32,51,3,82,-0,23,0,60,312285,7,32236,83,0,00,6636,8
59,689,239,20,0,21,32,51,3,82,-0,23,0,60,312273,7,32236,32,0,00,6636,3
59,694,239,22,0,21,32,51,3,82,-0,23,0,60,312262,2,32235,80,0,00,6635,8
59,699,239,24,0,21,32,51,3,82,-0,23,0,60,312250,3,32235,29,0,00,6635,3
59,704,239,26,0,21,32,52,3,82,-0,23,0,60,312238,9,32234,78,0,00,6634,8
59,709,239,28,0,21,32,52,3,82,-0,23,0,60,312227,1,32234,27,0,00,6634,3
59,714,239,30,0,21,32,52,3,82,-0,23,0,60,312216,3,32233,76,0,02,6633,8
59,719,239,32,0,21,32,53,3,82,-0,23,0,60,312204,1,32233,25,0,00,6633,2
59,724,239,34,0,20,32,53,3,82,-0,23,0,60,312243,2,32232,73,0,00,6632,7
59,729,239,36,0,20,32,53,3,82,-0,24,0,60,312200,8,32232,22,0,00,6632,2
59,734,239,38,0,20,32,54,3,82,-0,24,0,60,312160,0,32231,71,0,00,6631,7
59,739,239,40,0,20,32,54,3,82,-0,24,0,60,312164,9,32231,20,0,00,6631,2
59,744,239,41,0,20,32,54,3,82,-0,24,0,60,312144,8,32230,69,0,00,6630,7
59,749,239,43,0,20,32,54,3,82,-0,24,0,60,312138,2,32230,18,0,00,6630,2
59,754,239,45,0,20,32,55,3,82,-0,24,0,60,312124,7,32229,66,0,00,6629,7
59,759,239,47,0,20,32,55,3,82,-0,24,0,60,312114,2,32229,15,0,00,6629,2
59,764,239,49,0,19,32,55,3,82,-0,24,0,60,312102,9,32228,64,0,00,6628,6
59,769,239,51,0,19,32,56,3,82,-0,24,0,60,312091,7,32228,13,0,00,6628,1
59,774,239,53,0,19,32,56,3,82,-0,24,0,60,312080,6,32227,62,0,00,6627,6
59,779,239,55,0,19,32,56,3,82,-0,24,0,60,312069,4,32227,11,0,00,6627,1
59,784,239,57,0,19,32,57,3,82,-0,24,0,60,312058,4,32226,59,0,00,6626,6
59,789,239,59,0,19,32,57,3,82,-0,24,0,60,312047,4,32226,08,0,00,6626,1
59,794,239,61,0,19,32,57,3,82,-0,24,0,60,312036,8,32225,57,0,00,6625,6
59,799,239,62,0,19,32,57,3,82,-0,24,0,60,312025,0,32225,06,0,00,6625,1
59,804,239,64,0,18,32,58,3,82,-0,24,0,60,312014,6,32224,55,0,00,6624,5
59,809,239,66,0,18,32,58,3,82,-0,25,0,60,312003,3,32224,04,0,00,6624,0
59,814,239,68,0,18,32,58,3,82,-0,25,0,60,311992,9,32223,52,0,00,6623,5
59,819,239,70,0,18,32,59,3,82,-0,25,0,60,311981,3,32223,01,0,00,6623,0
59,824,239,72,0,18,32,59,3,82,-0,25,0,60,311971,5,32222,50,0,00,6622,5
59,829,239,74,0,18,32,59,3,82,-0,25,0,60,311959,5,32221,99,0,00,6622,0
59,834,239,76,0,18,32,60,3,82,-0,25,0,60,311949,8,32221,48,0,00,6621,5
59,839,239,78,0,18,32,60,3,82,-0,25,0,60,311938,4,32220,97,0,00,6621,0
59,844,239,80,0,17,32,60,3,82,-0,25,0,60,311927,9,32220,46,0,00,6620,5
59,849,239,82,0,17,32,60,3,82,-0,25,0,60,311917,4,32219,95,0,00,6619,9
59,854,239,83,0,17,32,61,3,82,-0,25,0,60,311906,1,32219,43,0,00,6619,4
59,859,239,85,0,17,32,61,3,82,-0,25,0,60,311896,2,32218,92,0,00,6618,9
59,864,239,87,0,17,32,61,3,82,-0,25,0,60,311885,4,32218,41,0,00,6618,4
59,869,239,89,0,17,32,62,3,82,-0,25,0,60,311874,7,32217,90,0,00,6617,9
59,874,239,91,0,17,32,62,3,82,-0,25,0,60,311864,0,32217,39,0,00,6617,4
59,879,239,93,0,17,32,62,3,82,-0,25,0,60,311853,8,32216,88,0,00,6616,9
59,884,239,95,0,16,32,63,3,82,-0,25,0,60,311843,2,32216,37,0,00,6616,4
59,889,239,97,0,16,32,63,3,82,-0,26,0,60,311832,7,32215,86,0,00,6615,9
59,894,239,99,0,16,32,63,3,82,-0,26,0,60,311822,6,32215,34,0,00,6615,3
59,899,240,01,0,16,32,63,3,82,-0,26,0,60,311811,7,32214,83,0,00,6614,8
59,904,240,03,0,16,32,64,3,82,-0,26,0,60,311801,3,32214,32,0,00,6614,3
59,909,240,05,0,16,32,64,3,82,-0,26,0,60,311791,8,32213,81,0,00,6613,8
59,914,240,06,0,16,32,64,3,82,-0,26,0,60,311780,2,32213,30,0,00,6613,3
59,919,240,08,0,16,32,65,3,82,-0,26,0,60,311771,2,32212,79,0,00,6612,8
59,924,240,10,0,15,32,65,3,82,-0,26,0,60,311759,7,32212,28,0,00,6612,3
59,929,240,12,0,15,32,65,3,82,-0,26,0,60,311750,8,32211,77,0,00,6611,8
59,934,240,14,0,15,32,65,3,82,-0,26,0,60,311739,3,32211,25,0,00,6611,3
59,939,240,16,0,15,32,66,3,82,-0,26,0,60,311730,1,32210,74,0,00,6610,7
59,944,240,18,0,15,32,66,3,82,-0,26,0,60,311719,6,32210,23,0,00,6610,2
59,949,240,20,0,15,32,66,3,82,-0,26,0,60,311709,6,32209,72,0,00,6609,7
59,954,240,22,0,15,32,67,3,82,-0,26,0,60,311699,2,32209,21,0,00,6609,2
59,959,240,24,0,15,32,67,3,82,-0,26,0,60,311689,2,32208,70,0,00,6608,7
59,964,240,26,0,14,32,67,3,82,-0,27,0,60,311679,3,32208,19,0,00,6608,2
59,969,240,27,0,14,32,68,3,82,-0,27,0,60,311669,5,32207,68,0,00,6607,7
59,974,240,29,0,14,32,68,3,82,-0,27,0,60,311658,8,32207,17,0,00,6607,2
59,979,240,31,0,14,32,68,3,82,-0,27,0,60,311649,5,32206,65,0,00,6606,7
59,984,240,33,0,14,32,68,3,82,-0,27,0,60,311639,3,32206,14,0,00,6606,1
59,989,240,35,0,14,32,69,3,82,-0,27,0,60,311629,6,32205,63,0,00,6605,6
59,994,240,37,0,14,32,69,3,82,-0,27,0,60,311619,5,32205,12,0,00,6605,1
59,999,240,39,0,13,32,69,3,82,-0,27,0,60,311610,0,32204,61,0,00,6604,6
60,004,240,41,0,13,32,70,3,82,-0,27,0,60,311599,5,32204,10,0,00,6604,1
60,009,240,43,0,13,32,70,3,82,-0,27,0,60,311590,4,32203,59,0,00,6603,6
60,014,240,45,0,13,32,70,3,82,-0,27,0,60,311580,1,32203,08,0,00,6603,1
60,019,240,47,0,13,32,71,3,82,-0,27,0,60,311570,7,32202,57,0,00,6602,6
60,024,240,48,0,13,32,71,3,82,-0,27,0,60,311560,8,32202,06,0,00,6602,1
60,029,240,50,0,13,32,71,3,82,-0,27,0,60,311551,5,32201,55,0,00,6601,5
60,034,240,52,0,13,32,71,3,82,-0,27,0,60,311540,9,32201,04,0,00,6601,0
60,039,240,54,0,12,32,72,3,82,-0,27,0,60,311532,5,32200,53,0,00,6600,5
60,044,240,56,0,12,32,72,3,82,-0,28,0,60,311522,0,32200,02,0,00,6600,0
60,049,240,58,0,12,32,72,3,82,-0,28,0,60,311512,8,32199,50,0,00,6599,5
60,054,240,60,0,12,32,73,3,82,-0,28,0,60,311503,2,32198,99,0,00,6599,0
60,059,240,62,0,12,32,73,3,82,-0,28,0,60,311493,7,32198,48,0,00,6598,5
60,064,240,64,0,12,32,73,3,82,-0,28,0,60,311484,2,32197,97,0,00,6598,0
60,069,240,66,0,12,32,74,3,82,-0,28,0,60,311474,3,32197,46,0,00,6597,5
60,074,240,68,0,11,32,74,3,82,-0,28,0,60,311465,7,32196,95,0,00,6597,0
60,079,240,69,0,11,32,74,3,82,-0,28,0,60,311455,0,32196,44,0,00,6596,4
60,084,240,71,0,11,32,74,3,82,-0,28,0,60,311446,5,32195,93,0,00,6595,9
60,089,240,73,0,11,32,75,3,82,-0,28,0,60,311437,3,32195,42,0,00,6595,4
60,094,240,75,0,11,32,75,3,82,-0,28,0,60,311427,1,32194,91,0,00,6594,9
60,099,240,77,0,11,32,75,3,82,-0,28,0,60,311418,3,32194,40,0,00,6594,4
60,104,240,79,0,11,32,76,3,82,-0,28,0,60,311409,1,32193,89,0,00,6593,9
60,109,240,81,0,10,32,76,3,82,-0,28,0,60,311399,1,32193,38,0,00,6593,4
60,114,240,83,0,10,32,76,3,82,-0,28,0,60,311390,9,32192,87,0,00,6592,9
60,119,240,85,0,10,32,77,3,82,-0,29,0,60,311380,5,32192,36,0,00,6592,4
60,124,240,87,0,10,32,77,3,82,-0,29,0,60,311372,3,32191,84,0,00,6591,8
60,129,240,89,0,10,32,77,3,82,-0,29,0,60,311362,5,32191,33,0,00,6591,3
60,134,240,90,0,10,32,77,3,82,-0,29,0,60,311354,0,32190,82,0,00,6590,8
60,139,240,92,0,10,32,78,3,82,-0,29,0,60,311344,2,32190,31,0,00,6590,3
60,144,240,94,0,09,32,78,3,82,-0,29,0,60,311335,3,32189,80,0,00,6589,8
60,149,240,96,0,09,32,78,3,82,-0,29,0,60,311326,5,32189,29,0,00,6589,3
60,154,240,98,0,09,32,79,3,82,-0,29,0,60,311316,8,32188,78,0,00,6588,8
60,159,241,00,0,09,32,79,3,82,-0,29,0,60,311308,5,32188,27,0,00,6588,3
60,164,241,02,0,09,32,79,3,82,-0,29,0,60,311298,9,32187,76,0,00,6587,8
60,169,241,04,0,09,32,80,3,82,-0,29,0,60,311290,2,32187,25,0,00,6587,3
60,174,241,06,0,09,32,80,3,82,-0,29,0,60,311281,2,32186,74,0,00,6586,7
60,179,241,08,0,08,32,80,3,82,-0,29,0,60,311272,5,32186,23,0,00,6586,2
60,184,241,10,0,08,32,80,3,82,-0,29,0,60,311263,1,32185,72,0,00,6585,7
60,189,241,11,0,08,32,81,3,82,-0,30,0,60,311254,6,32185,21,0,00,6585,2
60,194,241,13,0,08,32,81,3,82,-0,30,0,60,311245,6,32184,70,0,00,6584,7
60,199,241,15,0,08,32,81,3,82,-0,30,0,60,311236,8,32184,19,0,00,6584,2
60,204,241,17,0,08,32,82,3,82,-0,30,0,60,311227,9,32183,68,0,00,6583,7
60,209,241,19,0,08,32,82,3,82,-0,30,0,60,311219,1,32183,17,0,00,6583,2
60,214,241,21,0,07,32,82,3,82,-0,30,0,60,311210,7,32182,66,0,00,6582,7
60,219,241,23,0,07,32,83,3,82,-0,30,0,60,311201,1,32182,15,0,00,6582,1
60,224,241,25,0,07,32,83,3,82,-0,30,0,60,311193,3,32181,64,0,00,6581,6
60,229,241,27,0,07,32,83,3,82,-0,30,0,60,311184,2,32181,13,0,00,6581,1
60,234,241,29,0,07,32,83,3,82,-0,30,0,60,311175,5,32180,62,0,00,6580,6
60,239,241,31,0,07,32,84,3,82,-0,30,0,60,311166,5,32180,11,0,00,6580,1
60,244,241,33,0,06,32,84,3,82,-0,30,0,60,311158,8,32179,60,0,00,6579,6
60,249,241,34,0,06,32,84,3,82,-0,30,0,60,311148,9,32179,09,0,00,6579,1
60,254,241,36,0,06,32,85,3,82,-0,30,0,60,311141,8,32178,58,0,00,6578,6
60,259,241,38,0,06,32,85,3,82,-0,30,0,60,311132,0,32178,07,0,00,6578,1
60,264,241,40,0,06,32,85,3,82,-0,31,0,60,311124,0,32177,56,0,00,6577,6
60,269,241,42,0,06,32,86,3,82,-0,31,0,60,311115,2,32177,05,0,00,6577,0
60,274,241,44,0,06,32,86,3,82,-0,31,0,60,311107,3,32176,54,0,00,6576,5
60,279,241,46,0,05,32,86,3,82,-0,31,0,60,311098,1,32176,03,0,00,6576,0
60,284,241,48,0,05,32,86,3,82,-0,31,0,60,311090,3,32175,52,0,00,6575,5
60,289,241,50,0,05,32,87,3,82,-0,31,0,60,311081,6,32175,01,0,00,6575,0
60,294,241,52,0,05,32,87,3,82,-0,31,0,60,311072,9,32174,50,0,00,6574,5
