time,posX,posY,posZ,velX,velY,velZ,thrust,mass,angleError,fuel
0,050,-0,01,2495,01,0,00,-0,16,-99,47,-0,03,845000,0,39586,14,4,89,13986,1
0,100,-0,02,2490,05,0,00,-0,26,-98,97,0,02,845000,0,39572,29,4,73,13972,3
0,150,-0,03,2485,12,0,00,-0,36,-98,46,-0,03,845000,0,39558,43,4,53,13958,4
0,200,-0,05,2480,21,0,00,-0,45,-97,96,0,03,845000,0,39544,57,4,30,13944,6
0,250,-0,08,2475,32,0,00,-0,53,-97,47,0,03,845000,0,39530,71,4,06,13930,7
0,300,-0,10,2470,46,0,00,-0,60,-96,98,0,03,845000,0,39516,86,3,79,13916,9
0,350,-0,14,2465,62,0,00,-0,66,-96,49,0,03,845000,0,39503,00,3,52,13903,0
0,400,-0,17,2460,81,0,00,-0,72,-96,00,0,02,845000,0,39489,14,3,24,13889,1
0,450,-0,21,2456,02,0,00,-0,77,-95,51,0,02,845000,0,39475,28,2,95,13875,3
0,500,-0,25,2451,26,0,00,-0,82,-95,02,0,02,845000,0,39461,43,2,67,13861,4
0,550,-0,29,2446,52,0,00,-0,86,-94,52,0,02,845000,0,39447,57,2,40,13847,6
0,600,-0,33,2441,81,0,00,-0,89,-94,03,0,02,845000,0,39433,71,2,13,13833,7
0,650,-0,38,2437,12,0,00,-0,92,-93,54,0,02,845000,0,39419,85,1,86,13819,9
0,700,-0,42,2432,45,0,00,-0,94,-93,04,0,02,845000,0,39406,00,1,61,13806,0
0,750,-0,47,2427,81,0,00,-0,96,-92,55,0,02,845000,0,39392,14,1,38,13792,1
0,800,-0,52,2423,20,0,00,-0,97,-92,06,0,02,845000,0,39378,28,1,15,13778,3
0,850,-0,57,2418,61,0,00,-0,98,-91,57,0,02,840066,3,39364,45,0,94,13764,5
0,900,-0,62,2414,04,0,00,-0,99,-91,09,0,02,828447,0,39350,78,0,74,13750,8
0,950,-0,67,2409,50,0,00,-0,99,-90,62,0,02,817152,1,39337,30,0,56,13737,3
1,000,-0,72,2404,98,0,00,-0,99,-90,16,0,02,806143,0,39324,00,0,39,13724,0
1,050,-0,77,2400,48,0,00,-0,99,-89,72,0,02,790265,9,39310,89,0,23,13710,9
1,100,-0,82,2396,01,0,00,-0,98,-89,24,0,01,759758,4,39298,23,0,09,13698,2
1,150,-0,86,2391,56,0,00,-0,98,-88,74,0,00,743540,3,39285,94,0,04,13685,9
1,200,-0,91,2387,13,0,00,-0,97,-88,27,0,01,738174,2,39273,81,0,16,13673,8
1,250,-0,96,2382,73,0,00,-0,96,-87,84,-0,02,741375,8,39261,71,0,26,13661,7
1,300,-1,01,2378,35,0,00,-0,95,-87,45,-0,02,740694,4,39249,53,0,36,13649,5
1,350,-1,06,2373,98,0,00,-0,94,-87,08,-0,02,731762,1,39237,46,0,44,13637,5
1,400,-1,10,2369,64,0,00,-0,92,-86,72,-0,02,723055,8,39225,55,0,52,13625,6
1,450,-1,15,2365,31,0,00,-0,91,-86,37,-0,02,714566,4,39213,77,0,58,13613,8
1,500,-1,19,2361,00,0,00,-0,90,-86,03,-0,02,706312,5,39202,13,0,63,13602,1
1,550,-1,24,2356,71,0,00,-0,88,-85,67,0,02,698448,9,39190,72,0,68,13590,7
1,600,-1,28,2352,43,0,00,-0,87,-85,34,0,02,705288,8,39179,48,0,72,13579,5
1,650,-1,33,2348,18,0,00,-0,85,-85,01,0,02,682282,2,39168,29,0,75,13568,3
1,700,-1,37,2343,93,0,00,-0,84,-84,69,0,02,689302,2,39157,31,0,77,13557,3
1,750,-1,41,2339,71,0,00,-0,83,-84,37,-0,02,668992,0,39146,42,0,79,13546,4
1,800,-1,45,2335,50,0,00,-0,81,-84,07,-0,02,674016,7,39135,68,0,81,13535,7
1,850,-1,49,2331,30,0,00,-0,80,-83,77,0,02,654389,6,39125,03,0,82,13525,0
1,900,-1,53,2327,12,0,00,-0,79,-83,49,0,02,645417,8,39114,48,0,82,13514,5
1,950,-1,57,2322,95,0,00,-0,77,-83,22,-0,02,640648,9,39104,05,0,82,13504,1
2,000,-1,61,2318,80,0,00,-0,76,-82,95,-0,02,645802,1,39093,72,0,82,13493,7
2,050,-1,65,2314,66,0,00,-0,75,-82,69,-0,02,639663,6,39083,50,0,81,13483,5
2,100,-1,68,2310,53,0,00,-0,74,-82,42,0,02,621568,7,39073,39,0,80,13473,4
2,150,-1,72,2306,41,0,00,-0,73,-82,18,0,02,627067,1,39063,41,0,79,13463,4
2,200,-1,75,2302,31,0,00,-0,71,-81,94,0,02,620736,1,39053,48,0,77,13453,5
2,250,-1,79,2298,22,0,00,-0,70,-81,70,0,02,602037,2,39043,63,0,76,13443,6
2,300,-1,83,2294,14,0,00,-0,69,-81,47,0,02,609617,8,39033,92,0,74,13433,9
2,350,-1,86,2290,07,0,00,-0,68,-81,25,0,02,591095,8,39024,24,0,72,13424,2
2,400,-1,89,2286,01,0,00,-0,68,-81,03,0,02,598767,6,39014,71,0,70,13414,7
2,450,-1,93,2281,97,0,00,-0,67,-80,82,-0,02,582451,6,39005,24,0,68,13405,2
2,500,-1,96,2277,93,0,00,-0,66,-80,62,0,02,577430,7,38995,85,0,66,13395,9
2,550,-1,99,2273,91,0,00,-0,65,-80,42,0,02,583201,1,38986,52,0,64,13386,5
2,600,-2,03,2269,89,0,00,-0,64,-80,23,0,02,566250,4,38977,26,0,62,13377,3
2,650,-2,06,2265,88,0,00,-0,64,-80,04,0,02,574079,5,38968,12,0,60,13368,1
2,700,-2,09,2261,89,0,00,-0,63,-79,86,0,02,557231,6,38959,00,0,58,13359,0
2,750,-2,12,2257,90,0,00,-0,62,-79,68,0,02,565132,6,38950,01,0,56,13350,0
2,800,-2,15,2253,92,0,00,-0,62,-79,51,0,02,560482,9,38941,06,0,54,13341,1
2,850,-2,18,2249,95,0,00,-0,61,-79,34,0,02,544593,9,38932,15,0,52,13332,2
2,900,-2,21,2245,98,0,00,-0,60,-79,18,-0,02,542295,8,38923,34,0,50,13323,3
2,950,-2,24,2242,03,0,00,-0,60,-79,02,-0,02,548437,9,38914,58,0,48,13314,6
3,000,-2,27,2238,08,0,00,-0,59,-78,87,-0,02,544894,3,38905,88,0,46,13305,9
3,050,-2,30,2234,14,0,00,-0,59,-78,71,0,01,531002,3,38897,26,0,44,13297,3
3,100,-2,33,2230,21,0,00,-0,59,-78,56,0,02,537360,9,38888,71,0,42,13288,7
3,150,-2,36,2226,29,0,00,-0,58,-78,41,-0,01,523805,1,38880,21,0,41,13280,2
3,200,-2,39,2222,37,0,00,-0,58,-78,28,0,02,520352,7,38871,75,0,39,13271,8
3,250,-2,42,2218,46,0,00,-0,57,-78,15,0,02,526694,6,38863,34,0,38,13263,3
3,300,-2,45,2214,55,0,00,-0,57,-78,02,0,01,512357,8,38854,96,0,36,13255,0
3,350,-2,48,2210,66,0,00,-0,57,-77,89,0,02,520577,9,38846,69,0,35,13246,7
3,400,-2,50,2206,76,0,00,-0,56,-77,76,-0,01,507730,3,38838,45,0,34,13238,5
3,450,-2,53,2202,88,0,00,-0,56,-77,64,-0,02,514345,5,38830,27,0,33,13230,3
3,500,-2,56,2199,00,0,00,-0,56,-77,52,-0,01,500283,9,38822,10,0,31,13222,1
3,550,-2,59,2195,13,0,00,-0,55,-77,41,-0,02,508554,1,38814,02,0,30,13214,0
3,600,-2,61,2191,26,0,00,-0,55,-77,30,-0,01,494760,0,38805,93,0,30,13205,9
3,650,-2,64,2187,40,0,00,-0,55,-77,19,-0,02,502742,8,38797,94,0,29,13197,9
3,700,-2,67,2183,54,0,00,-0,55,-77,08,-0,01,488144,8,38789,95,0,28,13190,0
3,750,-2,70,2179,69,0,00,-0,54,-76,98,-0,01,486130,8,38782,04,0,27,13182,0
3,800,-2,72,2175,84,0,00,-0,54,-76,88,0,01,482667,1,38774,18,0,26,13174,2
3,850,-2,75,2172,00,0,00,-0,54,-76,77,0,01,478007,1,38766,35,0,26,13166,4
3,900,-2,78,2168,16,0,00,-0,54,-76,67,0,01,475099,1,38758,59,0,25,13158,6
3,950,-2,80,2164,33,0,00,-0,53,-76,57,0,01,472051,9,38750,88,0,25,13150,9
4,000,-2,83,2160,51,0,00,-0,53,-76,48,0,01,476904,4,38743,23,0,24,13143,2
4,050,-2,86,2156,68,0,00,-0,53,-76,38,0,01,466188,8,38735,59,0,24,13135,6
4,100,-2,88,2152,87,0,00,-0,53,-76,28,0,01,463737,2,38728,02,0,23,13128,0
4,150,-2,91,2149,06,0,00,-0,52,-76,19,0,01,461131,3,38720,48,0,23,13120,5
4,200,-2,94,2145,25,0,00,-0,52,-76,10,0,01,458619,8,38712,99,0,23,13113,0
4,250,-2,96,2141,45,0,00,-0,52,-76,01,0,01,456202,7,38705,53,0,23,13105,5
4,300,-2,99,2137,65,0,00,-0,52,-75,92,0,01,453854,4,38698,11,0,22,13098,1
4,350,-3,01,2133,85,0,00,-0,52,-75,84,-0,01,451602,4,38690,73,0,22,13090,7
4,400,-3,04,2130,06,0,00,-0,51,-75,76,-0,01,450438,2,38683,38,0,22,13083,4
4,450,-3,07,2126,28,0,00,-0,51,-75,68,-0,01,448268,8,38676,07,0,22,13076,1
4,500,-3,09,2122,50,0,00,-0,51,-75,60,-0,01,451318,0,38668,79,0,22,13068,8
4,550,-3,12,2118,72,0,00,-0,51,-75,52,-0,01,449230,1,38661,55,0,22,13061,5
4,600,-3,14,2114,94,0,00,-0,51,-75,44,0,01,448171,1,38654,33,0,21,13054,3
4,650,-3,17,2111,17,0,00,-0,50,-75,37,-0,01,439495,2,38647,15,0,21,13047,2
4,700,-3,19,2107,41,0,00,-0,50,-75,31,-0,01,437663,5,38639,96,0,21,13040,0
4,750,-3,22,2103,64,0,00,-0,50,-75,24,-0,01,436025,7,38632,80,0,21,13032,8
4,800,-3,24,2099,88,0,00,-0,50,-75,18,-0,01,434418,4,38625,67,0,21,13025,7
4,850,-3,27,2096,13,0,00,-0,49,-75,12,-0,01,432894,4,38618,56,0,21,13018,6
4,900,-3,29,2092,37,0,00,-0,49,-75,06,-0,01,431368,6,38611,48,0,21,13011,5
4,950,-3,32,2088,62,0,00,-0,49,-75,00,0,01,427420,3,38604,44,0,21,13004,4
5,000,-3,34,2084,87,0,00,-0,49,-74,94,0,01,427763,3,38597,44,0,21,12997,4
5,050,-3,36,2081,13,0,00,-0,49,-74,88,0,01,426304,8,38590,46,0,21,12990,5
5,100,-3,39,2077,38,0,00,-0,48,-74,82,0,01,424776,8,38583,50,0,21,12983,5
5,150,-3,41,2073,64,0,00,-0,48,-74,76,0,01,421415,8,38576,57,0,21,12976,6
5,200,-3,44,2069,91,0,00,-0,48,-74,71,0,01,409886,3,38569,67,0,21,12969,7
5,250,-3,46,2066,17,0,00,-0,48,-74,66,-0,01,409049,6,38562,77,0,21,12962,8
5,300,-3,49,2062,44,0,00,-0,48,-74,61,-0,01,419270,8,38555,90,0,21,12955,9
5,350,-3,51,2058,71,0,00,-0,47,-74,56,-0,01,406476,1,38549,06,0,21,12949,1
5,400,-3,53,2054,99,0,00,-0,47,-74,51,-0,01,405229,7,38542,24,0,21,12942,2
5,450,-3,56,2051,26,0,00,-0,47,-74,46,0,01,401601,2,38535,46,0,21,12935,5
5,500,-3,58,2047,54,0,00,-0,47,-74,41,0,01,411403,1,38528,70,0,20,12928,7
5,550,-3,60,2043,82,0,00,-0,47,-74,36,0,01,410731,8,38521,95,0,20,12922,0
5,600,-3,63,2040,10,0,00,-0,46,-74,32,0,01,411221,8,38515,21,0,20,12915,2
5,650,-3,65,2036,39,0,00,-0,46,-74,28,0,01,409980,0,38508,50,0,20,12908,5
5,700,-3,67,2032,68,0,00,-0,46,-74,24,0,01,407005,0,38501,81,0,20,12901,8
5,750,-3,70,2028,97,0,00,-0,46,-74,20,-0,01,397323,8,38495,13,0,20,12895,1
5,800,-3,72,2025,26,0,00,-0,46,-74,16,0,01,406840,6,38488,46,0,20,12888,5
5,850,-3,74,2021,55,0,00,-0,45,-74,13,0,01,405787,7,38481,80,0,20,12881,8
5,900,-3,76,2017,84,0,00,-0,45,-74,09,0,01,404728,9,38475,15,0,20,12875,2
5,950,-3,79,2014,14,0,00,-0,45,-74,06,0,01,403636,6,38468,52,0,19,12868,5
6,000,-3,81,2010,44,0,00,-0,45,-74,03,0,01,402590,8,38461,92,0,19,12861,9
6,050,-3,83,2006,74,0,00,-0,45,-74,00,0,01,401537,3,38455,33,0,19,12855,3
6,100,-3,85,2003,04,0,00,-0,44,-73,97,0,01,400578,7,38448,77,0,19,12848,8
6,150,-3,88,1999,34,0,00,-0,44,-73,94,-0,01,399581,0,38442,23,0,19,12842,2
6,200,-3,90,1995,64,0,00,-0,44,-73,90,0,01,399349,9,38435,71,0,19,12835,7
6,250,-3,92,1991,95,0,00,-0,44,-73,87,0,01,398066,5,38429,21,0,18,12829,2
6,300,-3,94,1988,26,0,00,-0,44,-73,84,-0,01,396336,3,38422,73,0,18,12822,7
6,350,-3,96,1984,56,0,00,-0,44,-73,82,-0,01,399750,2,38416,27,0,18,12816,3
6,400,-3,98,1980,87,0,00,-0,43,-73,79,-0,01,397869,0,38409,82,0,18,12809,8
6,450,-4,01,1977,19,0,00,-0,43,-73,76,-0,01,397466,8,38403,39,0,18,12803,4
6,500,-4,03,1973,50,0,00,-0,43,-73,73,-0,01,392039,8,38396,97,0,17,12797,0
6,550,-4,05,1969,81,0,00,-0,43,-73,71,0,01,394541,2,38390,56,0,17,12790,6
6,600,-4,07,1966,13,0,00,-0,43,-73,68,-0,01,390168,6,38384,17,0,17,12784,2
6,650,-4,09,1962,44,0,00,-0,43,-73,66,-0,01,389220,3,38377,79,0,17,12777,8
6,700,-4,11,1958,76,0,00,-0,42,-73,64,-0,01,388313,2,38371,41,0,17,12771,4
6,750,-4,13,1955,08,0,00,-0,42,-73,62,-0,01,387392,7,38365,05,0,16,12765,1
6,800,-4,16,1951,40,0,00,-0,42,-73,60,-0,01,386567,8,38358,71,0,16,12758,7
6,850,-4,18,1947,72,0,00,-0,42,-73,58,0,01,385548,9,38352,39,0,16,12752,4
6,900,-4,20,1944,04,0,00,-0,42,-73,56,0,01,384723,7,38346,08,0,16,12746,1
6,950,-4,22,1940,36,0,00,-0,42,-73,54,0,01,383884,9,38339,78,0,16,12739,8
7,000,-4,24,1936,69,0,00,-0,42,-73,52,0,01,383086,3,38333,49,0,15,12733,5
7,050,-4,26,1933,01,0,00,-0,41,-73,51,-0,01,382346,3,38327,23,0,15,12727,2
7,100,-4,28,1929,34,0,00,-0,41,-73,49,-0,01,381465,3,38320,97,0,15,12721,0
7,150,-4,30,1925,66,0,00,-0,41,-73,47,-0,01,380651,5,38314,72,0,15,12714,7
7,200,-4,32,1921,99,0,00,-0,41,-73,46,0,01,374418,0,38308,50,0,15,12708,5
7,250,-4,34,1918,32,0,00,-0,41,-73,44,0,01,379030,2,38302,27,0,14,12702,3
7,300,-4,36,1914,65,0,00,-0,41,-73,43,0,01,378284,5,38296,07,0,14,12696,1
7,350,-4,38,1910,97,0,00,-0,41,-73,41,0,01,377496,1,38289,88,0,14,12689,9
7,400,-4,40,1907,30,0,00,-0,40,-73,40,-0,01,376828,0,38283,70,0,14,12683,7
7,450,-4,42,1903,64,0,00,-0,40,-73,38,-0,01,376067,0,38277,52,0,14,12677,5
7,500,-4,44,1899,97,0,00,-0,40,-73,37,0,01,370826,9,38271,38,0,13,12671,4
7,550,-4,46,1896,30,0,00,-0,40,-73,36,0,01,374610,0,38265,23,0,13,12665,2
7,600,-4,48,1892,63,0,00,-0,40,-73,34,0,01,373943,7,38259,09,0,13,12659,1
7,650,-4,50,1888,96,0,00,-0,40,-73,33,0,00,373291,0,38252,97,0,13,12653,0
7,700,-4,52,1885,30,0,00,-0,40,-73,32,0,00,372567,8,38246,86,0,13,12646,9
7,750,-4,54,1881,63,0,00,-0,40,-73,31,0,01,371034,2,38240,77,0,13,12640,8
7,800,-4,56,1877,97,0,00,-0,39,-73,30,0,01,371219,0,38234,67,0,12,12634,7
7,850,-4,58,1874,30,0,00,-0,39,-73,29,0,00,370590,0,38228,59,0,12,12628,6
7,900,-4,60,1870,64,0,00,-0,39,-73,28,0,00,370005,8,38222,53,0,12,12622,5
7,950,-4,62,1866,97,0,00,-0,39,-73,27,0,00,369375,2,38216,47,0,12,12616,5
8,000,-4,64,1863,31,0,00,-0,39,-73,26,0,01,368708,5,38210,42,0,12,12610,4
8,050,-4,66,1859,65,0,00,-0,39,-73,25,0,00,369653,2,38204,39,0,12,12604,4
8,100,-4,68,1855,98,0,00,-0,39,-73,25,0,00,367573,6,38198,36,0,11,12598,4
8,150,-4,70,1852,32,0,00,-0,39,-73,24,0,00,366286,1,38192,34,0,11,12592,3
8,200,-4,72,1848,66,0,00,-0,39,-73,23,0,00,366409,1,38186,33,0,11,12586,3
8,250,-4,74,1845,00,0,00,-0,38,-73,23,0,00,365974,0,38180,33,0,11,12580,3
8,300,-4,76,1841,34,0,00,-0,38,-73,22,0,00,362466,0,38174,34,0,11,12574,3
8,350,-4,78,1837,68,0,00,-0,38,-73,21,0,00,364774,0,38168,35,0,11,12568,4
8,400,-4,80,1834,02,0,00,-0,38,-73,21,0,00,364323,3,38162,38,0,10,12562,4
8,450,-4,81,1830,36,0,00,-0,38,-73,20,0,00,361129,1,38156,42,0,10,12556,4
8,500,-4,83,1826,70,0,00,-0,38,-73,20,0,00,363253,2,38150,46,0,10,12550,5
8,550,-4,85,1823,04,0,00,-0,38,-73,20,0,00,362784,3,38144,51,0,10,12544,5
8,600,-4,87,1819,38,0,00,-0,38,-73,19,0,00,361748,8,38138,57,0,10,12538,6
8,650,-4,89,1815,72,0,00,-0,38,-73,19,0,00,362901,6,38132,63,0,10,12532,6
8,700,-4,91,1812,06,0,00,-0,38,-73,19,0,00,361382,7,38126,71,0,10,12526,7
8,750,-4,93,1808,40,0,00,-0,38,-73,18,0,00,360878,2,38120,79,0,10,12520,8
8,800,-4,95,1804,74,0,00,-0,37,-73,18,0,00,360469,6,38114,88,0,09,12514,9
8,850,-4,97,1801,08,0,00,-0,37,-73,18,0,00,359905,8,38108,97,0,09,12509,0
8,900,-4,98,1797,42,0,00,-0,37,-73,18,0,00,359795,5,38103,08,0,09,12503,1
8,950,-5,00,1793,76,0,00,-0,37,-73,18,0,00,358703,9,38097,19,0,09,12497,2
9,000,-5,02,1790,10,0,00,-0,37,-73,17,0,00,359663,4,38091,30,0,09,12491,3
9,050,-5,04,1786,45,0,00,-0,37,-73,17,0,00,356389,2,38085,43,0,09,12485,4
9,100,-5,06,1782,79,0,00,-0,37,-73,17,0,00,358858,0,38079,56,0,09,12479,6
9,150,-5,08,1779,13,0,00,-0,37,-73,17,0,00,355687,4,38073,70,0,09,12473,7
9,200,-5,10,1775,47,0,00,-0,37,-73,17,0,00,358094,6,38067,84,0,09,12467,8
9,250,-5,11,1771,81,0,00,-0,37,-73,17,0,00,356405,7,38062,00,0,09,12462,0
9,300,-5,13,1768,15,0,00,-0,37,-73,18,0,00,356656,2,38056,15,0,09,12456,2
9,350,-5,15,1764,50,0,00,-0,36,-73,18,0,00,355980,7,38050,31,0,08,12450,3
9,400,-5,17,1760,84,0,00,-0,36,-73,18,0,00,355781,0,38044,48,0,08,12444,5
9,450,-5,19,1757,18,0,00,-0,36,-73,18,0,00,376219,9,38038,62,0,08,12438,6
9,500,-5,20,1753,52,0,00,-0,36,-73,15,0,00,375174,4,38032,47,0,08,12432,5
9,550,-5,22,1749,86,0,00,-0,36,-73,13,0,00,374788,3,38026,31,0,08,12426,3
9,600,-5,24,1746,21,0,00,-0,36,-73,10,0,00,377471,9,38020,13,0,08,12420,1
9,650,-5,26,1742,55,0,00,-0,36,-73,07,0,00,378792,8,38013,95,0,08,12413,9
9,700,-5,28,1738,90,0,00,-0,36,-73,04,0,00,378830,6,38007,74,0,08,12407,7
9,750,-5,29,1735,25,0,00,-0,36,-73,01,0,00,378089,2,38001,53,0,08,12401,5
9,800,-5,31,1731,60,0,00,-0,36,-72,98,0,00,380580,2,37995,30,0,08,12395,3
9,850,-5,33,1727,95,0,00,-0,36,-72,95,0,00,381906,6,37989,05,0,08,12389,1
9,900,-5,35,1724,30,0,00,-0,36,-72,92,0,00,381841,3,37982,80,0,08,12382,8
9,950,-5,37,1720,66,0,00,-0,36,-72,88,0,00,381190,1,37976,54,0,07,12376,5
10,000,-5,38,1717,02,0,00,-0,35,-72,84,0,00,383332,9,37970,26,0,07,12370,3
10,050,-5,40,1713,37,0,00,-0,35,-72,81,0,00,384673,4,37963,98,0,07,12364,0
10,100,-5,42,1709,74,0,00,-0,35,-72,77,0,00,384568,0,37957,68,0,07,12357,7
10,150,-5,44,1706,10,0,00,-0,35,-72,73,0,00,384951,3,37951,37,0,07,12351,4
10,200,-5,45,1702,46,0,00,-0,35,-72,69,0,00,384652,5,37945,05,0,07,12345,1
10,250,-5,47,1698,83,0,00,-0,35,-72,65,0,00,386600,8,37938,72,0,07,12338,7
10,300,-5,49,1695,20,0,00,-0,35,-72,61,0,00,387251,5,37932,38,0,07,12332,4
10,350,-5,51,1691,57,0,00,-0,35,-72,56,0,00,388320,6,37926,03,0,07,12326,0
10,400,-5,52,1687,94,0,00,-0,35,-72,52,0,00,388248,7,37919,67,0,07,12319,7
10,450,-5,54,1684,32,0,00,-0,35,-72,48,0,00,388838,8,37913,30,0,07,12313,3
10,500,-5,56,1680,69,0,00,-0,35,-72,43,0,00,389160,7,37906,92,0,07,12306,9
10,550,-5,58,1677,07,0,00,-0,35,-72,38,0,00,389709,7,37900,54,0,07,12300,5
10,600,-5,59,1673,45,0,00,-0,35,-72,34,0,00,390268,6,37894,14,0,07,12294,1
10,650,-5,61,1669,84,0,00,-0,34,-72,29,0,00,389873,6,37887,74,0,07,12287,7
10,700,-5,63,1666,23,0,00,-0,34,-72,24,0,00,390480,1,37881,32,0,06,12281,3
10,750,-5,65,1662,62,0,00,-0,34,-72,19,0,00,390928,1,37874,91,0,06,12274,9
10,800,-5,66,1659,01,0,00,-0,34,-72,14,0,00,391470,2,37868,48,0,06,12268,5
10,850,-5,68,1655,40,0,00,-0,34,-72,09,0,00,392657,4,37862,04,0,06,12262,0
10,900,-5,70,1651,80,0,00,-0,34,-72,04,0,00,393168,3,37855,59,0,06,12255,6
10,950,-5,71,1648,20,0,00,-0,34,-71,99,0,00,393577,6,37849,14,0,06,12249,1
11,000,-5,73,1644,60,0,00,-0,34,-71,93,0,00,394190,8,37842,69,0,06,12242,7
11,050,-5,75,1641,00,0,00,-0,34,-71,88,0,00,395058,8,37836,22,0,06,12236,2
11,100,-5,77,1637,41,0,00,-0,34,-71,82,0,00,395505,2,37829,75,0,06,12229,8
11,150,-5,78,1633,82,0,00,-0,34,-71,77,0,00,394664,4,37823,27,0,06,12223,3
11,200,-5,80,1630,23,0,00,-0,34,-71,71,0,00,395658,9,37816,79,0,06,12216,8
11,250,-5,82,1626,65,0,00,-0,34,-71,66,0,00,396169,5,37810,30,0,06,12210,3
11,300,-5,83,1623,07,0,00,-0,34,-71,60,0,00,397020,1,37803,80,0,06,12203,8
11,350,-5,85,1619,49,0,00,-0,34,-71,54,0,00,396204,8,37797,30,0,06,12197,3
11,400,-5,87,1615,92,0,00,-0,33,-71,48,0,00,397172,8,37790,79,0,06,12190,8
11,450,-5,88,1612,34,0,00,-0,33,-71,43,0,00,398012,8,37784,27,0,05,12184,3
11,500,-5,90,1608,77,0,00,-0,33,-71,37,0,00,397321,3,37777,75,0,05,12177,8
11,550,-5,92,1605,21,0,00,-0,33,-71,31,0,00,398247,7,37771,23,0,05,12171,2
11,600,-5,93,1601,64,0,00,-0,33,-71,25,0,00,397941,6,37764,70,0,05,12164,7
11,650,-5,95,1598,08,0,00,-0,33,-71,18,0,00,398763,0,37758,16,0,05,12158,2
11,700,-5,97,1594,52,0,00,-0,33,-71,12,0,00,398599,7,37751,62,0,05,12151,6
11,750,-5,98,1590,97,0,00,-0,33,-71,06,0,00,399399,0,37745,07,0,05,12145,1
11,800,-6,00,1587,42,0,00,-0,33,-71,00,0,00,399210,9,37738,52,0,05,12138,5
11,850,-6,02,1583,87,0,00,-0,33,-70,94,0,00,400365,8,37731,97,0,05,12132,0
11,900,-6,03,1580,32,0,00,-0,33,-70,87,0,00,400216,3,37725,41,0,05,12125,4
11,950,-6,05,1576,78,0,00,-0,33,-70,81,0,00,400052,9,37718,85,0,05,12118,9
12,000,-6,06,1573,24,0,00,-0,33,-70,74,0,00,401150,4,37712,28,0,05,12112,3
12,050,-6,08,1569,71,0,00,-0,33,-70,68,0,00,401026,8,37705,71,0,05,12105,7
12,100,-6,10,1566,17,0,00,-0,33,-70,62,0,00,400806,9,37699,13,0,05,12099,1
12,150,-6,11,1562,65,0,00,-0,33,-70,55,0,00,401264,0,37692,55,0,04,12092,6
12,200,-6,13,1559,12,0,00,-0,33,-70,48,0,00,402017,3,37685,97,0,04,12086,0
12,250,-6,15,1555,60,0,00,-0,33,-70,42,0,00,402262,9,37679,38,0,04,12079,4
12,300,-6,16,1552,08,0,00,-0,32,-70,35,0,00,402389,7,37672,79,0,04,12072,8
12,350,-6,18,1548,56,0,00,-0,32,-70,28,0,00,402618,1,37666,20,0,04,12066,2
12,400,-6,20,1545,05,0,00,-0,32,-70,22,0,00,402511,3,37659,60,0,04,12059,6
12,450,-6,21,1541,54,0,00,-0,32,-70,15,0,00,402751,6,37653,00,0,04,12053,0
12,500,-6,23,1538,03,0,00,-0,32,-70,08,0,00,403011,2,37646,39,0,04,12046,4
12,550,-6,24,1534,53,0,00,-0,32,-70,01,0,00,403286,7,37639,79,0,04,12039,8
12,600,-6,26,1531,03,0,00,-0,32,-69,94,0,00,403138,8,37633,18,0,04,12033,2
12,650,-6,28,1527,54,0,00,-0,32,-69,87,0,00,403179,3,37626,56,0,04,12026,6
12,700,-6,29,1524,05,0,00,-0,32,-69,80,0,00,403680,8,37619,95,0,04,12020,0
12,750,-6,31,1520,56,0,00,-0,32,-69,73,0,00,404144,9,37613,33,0,04,12013,3
12,800,-6,32,1517,07,0,00,-0,32,-69,66,0,00,403693,4,37606,71,0,04,12006,7
12,850,-6,34,1513,59,0,00,-0,32,-69,59,0,00,404202,1,37600,09,0,04,12000,1
12,900,-6,36,1510,11,0,00,-0,32,-69,52,0,00,404175,5,37593,46,0,04,11993,5
12,950,-6,37,1506,64,0,00,-0,32,-69,45,0,00,404175,6,37586,83,0,04,11986,8
13,000,-6,39,1503,17,0,00,-0,32,-69,38,0,00,404827,5,37580,20,0,04,11980,2
13,050,-6,40,1499,70,0,00,-0,32,-69,31,0,00,404619,2,37573,57,0,04,11973,6
13,100,-6,42,1496,24,0,00,-0,32,-69,24,0,00,405009,8,37566,93,0,03,11966,9
13,150,-6,43,1492,78,0,00,-0,32,-69,17,0,00,405006,8,37560,29,0,03,11960,3
13,200,-6,45,1489,32,0,00,-0,32,-69,09,0,00,404886,0,37553,65,0,03,11953,7
13,250,-6,47,1485,87,0,00,-0,32,-69,02,0,00,405117,4,37547,01,0,03,11947,0
13,300,-6,48,1482,42,0,00,-0,31,-68,95,0,00,405205,8,37540,36,0,03,11940,4
13,350,-6,50,1478,97,0,00,-0,31,-68,88,0,00,405676,2,37533,72,0,03,11933,7
13,400,-6,51,1475,53,0,00,-0,31,-68,80,0,00,405617,9,37527,07,0,03,11927,1
13,450,-6,53,1472,09,0,00,-0,31,-68,73,0,00,405469,8,37520,42,0,03,11920,4
13,500,-6,55,1468,66,0,00,-0,31,-68,66,0,00,405729,9,37513,77,0,03,11913,8
13,550,-6,56,1465,23,0,00,-0,31,-68,58,0,00,405792,6,37507,12,0,03,11907,1
13,600,-6,58,1461,80,0,00,-0,31,-68,51,0,00,406238,3,37500,46,0,03,11900,5
13,650,-6,59,1458,38,0,00,-0,31,-68,43,0,00,406127,9,37493,80,0,03,11893,8
13,700,-6,61,1454,96,0,00,-0,31,-68,36,0,00,405983,2,37487,15,0,03,11887,2
13,750,-6,62,1451,54,0,00,-0,31,-68,28,0,00,406219,7,37480,49,0,03,11880,5
13,800,-6,64,1448,13,0,00,-0,31,-68,21,0,00,406591,3,37473,83,0,03,11873,8
13,850,-6,65,1444,72,0,00,-0,31,-68,13,0,00,406569,3,37467,16,0,03,11867,2
13,900,-6,67,1441,32,0,00,-0,31,-68,06,0,00,406375,4,37460,50,0,03,11860,5
13,950,-6,69,1437,91,0,00,-0,31,-67,98,0,00,406454,2,37453,84,0,03,11853,8
14,000,-6,70,1434,52,0,00,-0,31,-67,91,0,00,406747,7,37447,18,0,03,11847,2
14,050,-6,72,1431,12,0,00,-0,31,-67,83,0,00,406623,8,37440,51,0,03,11840,5
14,100,-6,73,1427,73,0,00,-0,31,-67,76,0,00,406690,8,37433,84,0,03,11833,8
14,150,-6,75,1424,35,0,00,-0,31,-67,68,0,00,406698,7,37427,17,0,03,11827,2
14,200,-6,76,1420,97,0,00,-0,31,-67,60,0,00,407032,3,37420,50,0,03,11820,5
14,250,-6,78,1417,59,0,00,-0,31,-67,53,0,00,406893,7,37413,83,0,03,11813,8
14,300,-6,79,1414,21,0,00,-0,31,-67,45,0,00,406973,8,37407,16,0,03,11807,2
14,350,-6,81,1410,84,0,00,-0,31,-67,38,0,00,406967,3,37400,48,0,03,11800,5
14,400,-6,82,1407,47,0,00,-0,31,-67,30,0,00,407040,2,37393,81,0,03,11793,8
14,450,-6,84,1404,11,0,00,-0,31,-67,22,0,00,407247,3,37387,14,0,03,11787,1
14,500,-6,85,1400,75,0,00,-0,30,-67,15,0,00,407394,8,37380,46,0,03,11780,5
14,550,-6,87,1397,40,0,00,-0,30,-67,07,0,00,407457,8,37373,78,0,03,11773,8
14,600,-6,88,1394,05,0,00,-0,30,-66,99,0,00,407267,8,37367,10,0,03,11767,1
14,650,-6,90,1390,70,0,00,-0,30,-66,91,0,00,407297,1,37360,42,0,03,11760,4
14,700,-6,91,1387,35,0,00,-0,30,-66,84,0,00,407350,6,37353,74,0,03,11753,7
14,750,-6,93,1384,01,0,00,-0,30,-66,76,0,00,407622,8,37347,06,0,03,11747,1
14,800,-6,94,1380,68,0,00,-0,30,-66,68,0,00,407670,6,37340,38,0,03,11740,4
14,850,-6,96,1377,35,0,00,-0,30,-66,60,0,00,407660,5,37333,70,0,03,11733,7
14,900,-6,98,1374,02,0,00,-0,30,-66,53,0,00,407565,9,37327,02,0,03,11727,0
14,950,-6,99,1370,69,0,00,-0,30,-66,45,0,00,407576,4,37320,34,0,02,11720,3
15,000,-7,01,1367,37,0,00,-0,30,-66,37,0,00,407581,6,37313,66,0,02,11713,7
15,050,-7,02,1364,06,0,00,-0,30,-66,29,0,00,407639,4,37306,98,0,02,11707,0
15,100,-7,04,1360,74,0,00,-0,30,-66,21,0,00,407612,0,37300,30,0,03,11700,3
15,150,-7,05,1357,44,0,00,-0,30,-66,14,0,00,407609,9,37293,63,0,02,11693,6
15,200,-7,07,1354,13,0,00,-0,30,-66,06,0,00,407689,4,37286,94,0,02,11686,9
15,250,-7,08,1350,83,0,00,-0,30,-65,98,0,00,407682,5,37280,26,0,02,11680,3
15,300,-7,10,1347,53,0,00,-0,30,-65,90,0,00,407672,8,37273,58,0,02,11673,6
15,350,-7,11,1344,24,0,00,-0,30,-65,82,0,00,407718,0,37266,90,0,02,11666,9
15,400,-7,13,1340,95,0,00,-0,30,-65,74,0,00,407676,9,37260,21,0,02,11660,2
15,450,-7,14,1337,67,0,00,-0,30,-65,66,0,00,407743,4,37253,53,0,02,11653,5
15,500,-7,15,1334,38,0,00,-0,30,-65,58,0,00,407754,6,37246,85,0,02,11646,9
15,550,-7,17,1331,11,0,00,-0,30,-65,51,0,00,407761,9,37240,16,0,02,11640,2
15,600,-7,18,1327,83,0,00,-0,30,-65,43,0,00,407850,9,37233,48,0,02,11633,5
15,650,-7,20,1324,56,0,00,-0,30,-65,35,0,00,407800,0,37226,79,0,02,11626,8
15,700,-7,21,1321,30,0,00,-0,30,-65,27,0,00,407801,3,37220,10,0,02,11620,1
15,750,-7,23,1318,04,0,00,-0,30,-65,19,0,00,407747,3,37213,41,0,02,11613,4
15,800,-7,24,1314,78,0,00,-0,30,-65,11,0,00,407799,9,37206,72,0,02,11606,7
15,850,-7,26,1311,53,0,00,-0,30,-65,03,0,00,407824,7,37200,03,0,02,11600,0
15,900,-7,27,1308,28,0,00,-0,29,-64,95,0,00,407874,3,37193,34,0,02,11593,3
15,950,-7,29,1305,03,0,00,-0,29,-64,87,0,00,407785,0,37186,66,0,02,11586,7
16,000,-7,30,1301,79,0,00,-0,29,-64,79,0,00,407859,7,37179,96,0,02,11580,0
16,050,-7,32,1298,55,0,00,-0,29,-64,71,0,00,407793,6,37173,28,0,02,11573,3
16,100,-7,33,1295,32,0,00,-0,29,-64,63,0,00,407782,2,37166,59,0,02,11566,6
16,150,-7,35,1292,09,0,00,-0,29,-64,55,0,00,407741,8,37159,90,0,02,11559,9
16,200,-7,36,1288,86,0,00,-0,29,-64,47,0,00,407809,9,37153,21,0,02,11553,2
16,250,-7,38,1285,64,0,00,-0,29,-64,39,0,00,407848,3,37146,52,0,02,11546,5
16,300,-7,39,1282,42,0,00,-0,29,-64,31,0,00,407747,8,37139,84,0,02,11539,8
16,350,-7,41,1279,21,0,00,-0,29,-64,23,0,00,407728,8,37133,15,0,02,11533,2
16,400,-7,42,1276,00,0,00,-0,29,-64,15,0,00,407749,8,37126,46,0,02,11526,5
16,450,-7,43,1272,80,0,00,-0,29,-64,07,0,00,407769,5,37119,77,0,02,11519,8
16,500,-7,45,1269,59,0,00,-0,29,-63,99,0,00,407732,7,37113,09,0,02,11513,1
16,550,-7,46,1266,40,0,00,-0,29,-63,91,0,00,407708,4,37106,41,0,02,11506,4
16,600,-7,48,1263,20,0,00,-0,29,-63,83,0,00,407724,0,37099,72,0,02,11499,7
16,650,-7,49,1260,01,0,00,-0,29,-63,75,0,00,407683,1,37093,04,0,02,11493,0
16,700,-7,51,1256,83,0,00,-0,29,-63,67,0,00,407682,5,37086,36,0,02,11486,4
16,750,-7,52,1253,65,0,00,-0,29,-63,59,0,00,407763,9,37079,68,0,02,11479,7
16,800,-7,54,1250,47,0,00,-0,29,-63,51,0,00,407692,7,37072,99,0,02,11473,0
16,850,-7,55,1247,30,0,00,-0,29,-63,43,0,00,407591,9,37066,31,0,02,11466,3
16,900,-7,56,1244,13,0,00,-0,29,-63,35,0,00,407627,9,37059,63,0,02,11459,6
16,950,-7,58,1240,96,0,00,-0,29,-63,27,0,00,407704,6,37052,95,0,02,11453,0
17,000,-7,59,1237,80,0,00,-0,29,-63,19,0,00,407642,4,37046,27,0,02,11446,3
17,050,-7,61,1234,64,0,00,-0,29,-63,11,0,00,407550,9,37039,59,0,00,11439,6
17,100,-7,62,1231,49,0,00,-0,29,-63,03,0,00,407638,1,37032,91,0,02,11432,9
17,150,-7,64,1228,34,0,00,-0,29,-62,95,0,00,407545,2,37026,23,0,02,11426,2
17,200,-7,65,1225,19,0,00,-0,29,-62,87,0,00,407533,5,37019,55,0,00,11419,6
17,250,-7,67,1222,05,0,00,-0,29,-62,79,0,00,407479,8,37012,88,0,02,11412,9
17,300,-7,68,1218,91,0,00,-0,29,-62,71,0,00,407521,3,37006,20,0,00,11406,2
17,350,-7,69,1215,78,0,00,-0,29,-62,63,0,00,407424,2,36999,52,0,02,11399,5
17,400,-7,71,1212,65,0,00,-0,29,-62,55,0,00,407422,3,36992,84,0,00,11392,8
17,450,-7,72,1209,53,0,00,-0,29,-62,46,0,00,407392,3,36986,16,0,00,11386,2
17,500,-7,74,1206,41,0,00,-0,29,-62,38,0,00,407305,7,36979,48,0,02,11379,5
17,550,-7,75,1203,29,0,00,-0,28,-62,30,0,00,407329,6,36972,80,0,00,11372,8
17,600,-7,77,1200,17,0,00,-0,28,-62,22,0,00,407324,4,36966,12,0,00,11366,1
17,650,-7,78,1197,07,0,00,-0,29,-62,14,0,00,407304,8,36959,44,0,02,11359,4
17,700,-7,79,1193,96,0,00,-0,28,-62,06,0,00,407215,2,36952,76,0,02,11352,8
17,750,-7,81,1190,86,0,00,-0,28,-61,98,0,00,407235,2,36946,08,0,00,11346,1
17,800,-7,82,1187,76,0,00,-0,28,-61,90,0,00,407226,8,36939,40,0,00,11339,4
17,850,-7,84,1184,67,0,00,-0,28,-61,82,0,00,407176,8,36932,72,0,02,11332,7
17,900,-7,85,1181,58,0,00,-0,28,-61,74,0,00,407154,0,36926,04,0,02,11326,0
17,950,-7,86,1178,50,0,00,-0,28,-61,66,0,00,407156,8,36919,37,0,00,11319,4
18,000,-7,88,1175,41,0,00,-0,28,-61,58,0,00,407090,5,36912,70,0,02,11312,7
18,050,-7,89,1172,34,0,00,-0,28,-61,50,0,00,407051,3,36906,03,0,02,11306,0
18,100,-7,91,1169,27,0,00,-0,28,-61,41,0,00,407024,9,36899,36,0,00,11299,4
18,150,-7,92,1166,20,0,00,-0,28,-61,33,0,00,406984,5,36892,69,0,02,11292,7
18,200,-7,94,1163,13,0,00,-0,28,-61,25,0,00,406957,6,36886,02,0,00,11286,0
18,250,-7,95,1160,07,0,00,-0,28,-61,17,0,00,406915,4,36879,35,0,02,11279,4
18,300,-7,96,1157,02,0,00,-0,28,-61,09,0,00,406914,1,36872,68,0,00,11272,7
18,350,-7,98,1153,96,0,00,-0,28,-61,01,0,00,406857,8,36866,01,0,02,11266,0
18,400,-7,99,1150,91,0,00,-0,28,-60,93,0,00,406828,3,36859,34,0,00,11259,3
18,450,-8,01,1147,87,0,00,-0,28,-60,85,0,00,406784,0,36852,67,0,02,11252,7
18,500,-8,02,1144,83,0,00,-0,28,-60,77,0,00,406753,2,36846,00,0,00,11246,0
18,550,-8,03,1141,79,0,00,-0,28,-60,69,0,00,406707,7,36839,33,0,00,11239,3
18,600,-8,05,1138,76,0,00,-0,28,-60,60,0,00,406717,5,36832,66,0,02,11232,7
18,650,-8,06,1135,73,0,00,-0,28,-60,52,0,00,406643,7,36825,99,0,02,11226,0
18,700,-8,08,1132,71,0,00,-0,28,-60,44,0,00,406597,2,36819,32,0,00,11219,3
18,750,-8,09,1129,69,0,00,-0,28,-60,36,0,00,406591,3,36812,65,0,00,11212,7
18,800,-8,10,1126,67,0,00,-0,28,-60,28,0,00,406529,9,36805,98,0,00,11206,0
18,850,-8,12,1123,66,0,00,-0,28,-60,20,0,00,406495,6,36799,32,0,00,11199,3
18,900,-8,13,1120,65,0,00,-0,28,-60,12,0,00,406488,5,36792,66,0,00,11192,7
18,950,-8,15,1117,65,0,00,-0,28,-60,04,0,00,406439,6,36786,00,0,00,11186,0
19,000,-8,16,1114,65,0,00,-0,28,-59,96,0,00,406376,5,36779,34,0,00,11179,3
19,050,-8,17,1111,65,0,00,-0,28,-59,87,0,00,406354,2,36772,68,0,00,11172,7
19,100,-8,19,1108,66,0,00,-0,28,-59,79,0,00,406331,2,36766,02,0,02,11166,0
19,150,-8,20,1105,67,0,00,-0,28,-59,71,0,00,406266,9,36759,36,0,02,11159,4
19,200,-8,21,1102,69,0,00,-0,28,-59,63,0,00,406257,3,36752,70,0,00,11152,7
19,250,-8,23,1099,71,0,00,-0,28,-59,55,0,00,406191,8,36746,04,0,00,11146,0
19,300,-8,24,1096,73,0,00,-0,28,-59,47,0,00,406139,6,36739,38,0,02,11139,4
19,350,-8,26,1093,76,0,00,-0,28,-59,39,0,00,406073,4,36732,72,0,00,11132,7
19,400,-8,27,1090,80,0,00,-0,28,-59,31,0,00,406089,9,36726,06,0,02,11126,1
19,450,-8,28,1087,83,0,00,-0,28,-59,23,0,00,406036,6,36719,40,0,00,11119,4
19,500,-8,30,1084,87,0,00,-0,28,-59,14,0,00,405996,9,36712,74,0,02,11112,7
19,550,-8,31,1081,92,0,00,-0,27,-59,06,0,00,405915,4,36706,08,0,00,11106,1
19,600,-8,32,1078,97,0,00,-0,28,-58,98,0,00,405916,2,36699,43,0,02,11099,4
19,650,-8,34,1076,02,0,00,-0,27,-58,90,0,00,405875,5,36692,78,0,00,11092,8
19,700,-8,35,1073,08,0,00,-0,27,-58,82,0,00,405834,3,36686,13,0,00,11086,1
19,750,-8,37,1070,14,0,00,-0,27,-58,74,0,00,405792,8,36679,48,0,02,11079,5
19,800,-8,38,1067,20,0,00,-0,27,-58,66,0,00,405751,2,36672,83,0,02,11072,8
19,850,-8,39,1064,27,0,00,-0,27,-58,58,0,00,405695,3,36666,18,0,00,11066,2
19,900,-8,41,1061,35,0,00,-0,27,-58,49,0,00,405625,5,36659,53,0,00,11059,5
19,950,-8,42,1058,42,0,00,-0,27,-58,41,0,00,405569,2,36652,88,0,00,11052,9
20,000,-8,43,1055,51,0,00,-0,27,-58,33,0,00,405526,3,36646,23,0,00,11046,2
20,050,-8,45,1052,59,0,00,-0,27,-58,25,0,00,405469,4,36639,58,0,00,11039,6
20,100,-8,46,1049,68,0,00,-0,27,-58,17,0,00,405439,7,36632,93,0,00,11032,9
20,150,-8,48,1046,77,0,00,-0,27,-58,09,0,00,405423,6,36626,27,0,00,11026,3
20,200,-8,49,1043,87,0,00,-0,27,-58,01,0,00,405407,4,36619,63,0,00,11019,6
20,250,-8,50,1040,97,0,00,-0,27,-57,93,0,00,405349,8,36612,98,0,02,11013,0
20,300,-8,52,1038,08,0,00,-0,27,-57,85,0,00,405319,4,36606,34,0,02,11006,3
20,350,-8,53,1035,19,0,00,-0,27,-57,76,0,00,405261,5,36599,70,0,00,10999,7
20,400,-8,54,1032,30,0,00,-0,27,-57,68,0,00,405148,0,36593,05,0,00,10993,1
20,450,-8,56,1029,42,0,00,-0,27,-57,60,0,00,405186,2,36586,41,0,02,10986,4
20,500,-8,57,1026,54,0,00,-0,27,-57,52,0,00,405141,0,36579,77,0,00,10979,8
20,550,-8,58,1023,67,0,00,-0,27,-57,44,0,00,405054,4,36573,13,0,00,10973,1
20,600,-8,60,1020,80,0,00,-0,27,-57,36,0,00,405077,7,36566,49,0,00,10966,5
20,650,-8,61,1017,93,0,00,-0,27,-57,28,0,00,404935,4,36559,85,0,00,10959,9
20,700,-8,62,1015,07,0,00,-0,27,-57,20,0,00,404985,8,36553,21,0,00,10953,2
20,750,-8,64,1012,21,0,00,-0,27,-57,11,0,00,404898,6,36546,57,0,02,10946,6
20,800,-8,65,1009,36,0,00,-0,27,-57,03,0,00,404880,0,36539,93,0,00,10939,9
20,850,-8,66,1006,51,0,00,-0,27,-56,95,0,00,404819,7,36533,29,0,02,10933,3
20,900,-8,68,1003,66,0,00,-0,27,-56,87,0,00,404717,8,36526,65,0,00,10926,7
20,949,-8,69,1000,82,0,00,-0,27,-56,79,0,00,404754,1,36520,02,0,00,10920,0
20,999,-8,70,997,98,0,00,-0,27,-56,71,0,00,404707,2,36513,39,0,00,10913,4
21,049,-8,72,995,15,0,00,-0,27,-56,63,0,00,404605,3,36506,76,0,02,10906,8
21,099,-8,73,992,32,0,00,-0,27,-56,55,0,00,404544,1,36500,13,0,00,10900,1
21,149,-8,74,989,50,0,00,-0,27,-56,47,0,00,404483,1,36493,50,0,00,10893,5
21,199,-8,76,986,67,0,00,-0,27,-56,38,0,00,404504,9,36486,86,0,00,10886,9
21,249,-8,77,983,86,0,00,-0,27,-56,30,0,00,404457,4,36480,23,0,00,10880,2
21,299,-8,78,981,04,0,00,-0,27,-56,22,0,00,404437,2,36473,60,0,00,10873,6
21,349,-8,80,978,23,0,00,-0,27,-56,14,0,00,404389,5,36466,97,0,00,10867,0
21,399,-8,81,975,43,0,00,-0,27,-56,06,0,00,404327,7,36460,34,0,00,10860,3
21,449,-8,82,972,63,0,00,-0,27,-55,98,0,00,404279,7,36453,71,0,00,10853,7
21,499,-8,84,969,83,0,00,-0,26,-55,90,0,00,404189,9,36447,08,0,00,10847,1
21,549,-8,85,967,04,0,00,-0,26,-55,82,0,00,404100,3,36440,45,0,00,10840,5
21,599,-8,86,964,25,0,00,-0,26,-55,74,0,00,404065,8,36433,83,0,02,10833,8
21,649,-8,88,961,47,0,00,-0,26,-55,65,0,00,404059,1,36427,21,0,02,10827,2
21,699,-8,89,958,68,0,00,-0,26,-55,57,0,00,404010,8,36420,59,0,00,10820,6
21,749,-8,90,955,91,0,00,-0,26,-55,49,0,00,404003,2,36413,97,0,00,10814,0
21,799,-8,92,953,14,0,00,-0,26,-55,41,0,00,403885,7,36407,35,0,00,10807,4
21,849,-8,93,950,37,0,00,-0,26,-55,33,0,00,403892,4,36400,73,0,00,10800,7
21,899,-8,94,947,60,0,00,-0,26,-55,25,0,00,403843,3,36394,11,0,00,10794,1
21,949,-8,96,944,84,0,00,-0,26,-55,17,0,00,403739,4,36387,48,0,02,10787,5
21,999,-8,97,942,09,0,00,-0,26,-55,09,0,00,403732,0,36380,86,0,00,10780,9
22,049,-8,98,939,33,0,00,-0,26,-55,01,0,00,403641,2,36374,24,0,00,10774,2
22,099,-9,00,936,59,0,00,-0,26,-54,92,0,00,403647,6,36367,62,0,00,10767,6
22,149,-9,01,933,84,0,00,-0,26,-54,84,0,00,403570,4,36361,00,0,00,10761,0
22,199,-9,02,931,10,0,00,-0,26,-54,76,0,00,403521,5,36354,39,0,00,10754,4
22,249,-9,04,928,36,0,00,-0,26,-54,68,0,00,403458,0,36347,78,0,02,10747,8
22,299,-9,05,925,63,0,00,-0,26,-54,60,0,00,403477,6,36341,16,0,00,10741,2
22,349,-9,06,922,90,0,00,-0,26,-54,52,0,00,403359,5,36334,55,0,02,10734,6
22,399,-9,07,920,18,0,00,-0,26,-54,44,0,00,403323,6,36327,94,0,00,10727,9
22,449,-9,09,917,46,0,00,-0,26,-54,36,0,00,403329,3,36321,33,0,00,10721,3
22,499,-9,10,914,75,0,00,-0,26,-54,28,0,00,403211,1,36314,72,0,00,10714,7
22,549,-9,11,912,03,0,00,-0,26,-54,19,0,00,403174,9,36308,11,0,02,10708,1
22,599,-9,13,909,33,0,00,-0,26,-54,11,0,00,403166,6,36301,50,0,00,10701,5
22,649,-9,14,906,62,0,00,-0,26,-54,03,0,00,403130,4,36294,89,0,00,10694,9
22,699,-9,15,903,92,0,00,-0,26,-53,95,0,00,403066,9,36288,27,0,00,10688,3
22,749,-9,17,901,23,0,00,-0,26,-53,87,0,00,402975,6,36281,66,0,00,10681,7
22,799,-9,18,898,54,0,00,-0,26,-53,79,0,00,402953,2,36275,06,0,02,10675,1
22,849,-9,19,895,85,0,00,-0,26,-53,71,0,00,402889,6,36268,45,0,00,10668,5
22,899,-9,20,893,16,0,00,-0,26,-53,63,0,00,402825,7,36261,85,0,00,10661,9
22,949,-9,22,890,49,0,00,-0,26,-53,55,0,00,402789,8,36255,25,0,00,10655,3
22,999,-9,23,887,81,0,00,-0,26,-53,47,0,00,402753,6,36248,65,0,00,10648,7
23,049,-9,24,885,14,0,00,-0,26,-53,38,0,00,402689,9,36242,05,0,00,10642,1
23,099,-9,26,882,47,0,00,-0,26,-53,30,0,00,402653,8,36235,45,0,00,10635,5
23,149,-9,27,879,81,0,00,-0,26,-53,22,0,00,402603,7,36228,84,0,00,10628,9
23,199,-9,28,877,15,0,00,-0,26,-53,14,0,00,402539,8,36222,24,0,00,10622,2
23,249,-9,29,874,49,0,00,-0,26,-53,06,0,00,402489,8,36215,64,0,00,10615,6
23,299,-9,31,871,84,0,00,-0,26,-52,98,0,00,402453,6,36209,04,0,02,10609,0
23,349,-9,32,869,20,0,00,-0,26,-52,90,0,00,402417,2,36202,44,0,00,10602,4
23,399,-9,33,866,55,0,00,-0,26,-52,82,0,00,402339,6,36195,84,0,00,10595,8
23,449,-9,35,863,91,0,00,-0,26,-52,74,0,00,402317,1,36189,25,0,00,10589,3
23,499,-9,36,861,28,0,00,-0,26,-52,66,0,00,402335,8,36182,66,0,00,10582,7
23,549,-9,37,858,65,0,00,-0,25,-52,58,0,00,402202,8,36176,06,0,00,10576,1
23,599,-9,38,856,02,0,00,-0,26,-52,49,0,00,402166,5,36169,47,0,02,10569,5
23,649,-9,40,853,40,0,00,-0,25,-52,41,0,00,402116,5,36162,88,0,00,10562,9
23,699,-9,41,850,78,0,00,-0,25,-52,33,0,00,402107,5,36156,29,0,00,10556,3
23,749,-9,42,848,17,0,00,-0,25,-52,25,0,00,402001,8,36149,70,0,02,10549,7
23,799,-9,43,845,56,0,00,-0,25,-52,17,0,00,401979,3,36143,11,0,00,10543,1
23,849,-9,45,842,95,0,00,-0,25,-52,09,0,00,401943,0,36136,52,0,00,10536,5
23,899,-9,46,840,35,0,00,-0,25,-52,01,0,00,401878,6,36129,92,0,02,10529,9
23,949,-9,47,837,75,0,00,-0,25,-51,93,0,00,401828,7,36123,33,0,00,10523,3
23,999,-9,49,835,15,0,00,-0,25,-51,85,0,00,401833,2,36116,74,0,00,10516,7
24,049,-9,50,832,56,0,00,-0,25,-51,77,0,00,401714,1,36110,16,0,00,10510,2
24,099,-9,51,829,98,0,00,-0,25,-51,69,0,00,401705,4,36103,57,0,00,10503,6
24,149,-9,52,827,39,0,00,-0,25,-51,60,0,00,401627,2,36096,99,0,02,10497,0
24,199,-9,54,824,82,0,00,-0,25,-51,52,0,00,401591,1,36090,41,0,00,10490,4
24,249,-9,55,822,24,0,00,-0,25,-51,44,0,00,401540,3,36083,83,0,02,10483,8
24,299,-9,56,819,67,0,00,-0,25,-51,36,0,00,401504,3,36077,25,0,00,10477,3
24,349,-9,57,817,11,0,00,-0,25,-51,28,0,00,401439,8,36070,66,0,02,10470,7
24,399,-9,59,814,54,0,00,-0,25,-51,20,0,00,401417,5,36064,08,0,00,10464,1
24,449,-9,60,811,99,0,00,-0,25,-51,12,0,00,401339,3,36057,50,0,00,10457,5
24,499,-9,61,809,43,0,00,-0,25,-51,04,0,00,401330,4,36050,92,0,00,10450,9
24,549,-9,62,806,88,0,00,-0,25,-50,96,0,00,401252,6,36044,34,0,00,10444,3
24,599,-9,64,804,34,0,00,-0,25,-50,88,0,00,401188,0,36037,75,0,00,10437,8
24,649,-9,65,801,80,0,00,-0,25,-50,80,0,00,401138,2,36031,18,0,00,10431,2
24,699,-9,66,799,26,0,00,-0,25,-50,71,0,00,401087,8,36024,61,0,00,10424,6
24,749,-9,67,796,72,0,00,-0,25,-50,63,0,00,401106,7,36018,04,0,00,10418,0
24,799,-9,69,794,19,0,00,-0,25,-50,55,0,00,400960,3,36011,46,0,00,10411,5
24,849,-9,70,791,67,0,00,-0,25,-50,47,0,00,400951,1,36004,89,0,00,10404,9
24,899,-9,71,789,15,0,00,-0,25,-50,39,0,00,400900,6,35998,32,0,00,10398,3
24,949,-9,72,786,63,0,00,-0,25,-50,31,0,00,400864,7,35991,75,0,00,10391,8
24,999,-9,74,784,12,0,00,-0,25,-50,23,0,00,400800,3,35985,17,0,00,10385,2
25,049,-9,75,781,61,0,00,-0,25,-50,15,0,00,400749,9,35978,60,0,02,10378,6
25,099,-9,76,779,10,0,00,-0,25,-50,07,0,00,400699,6,35972,03,0,00,10372,0
25,149,-9,77,776,60,0,00,-0,25,-49,99,0,00,400691,2,35965,46,0,00,10365,5
25,199,-9,79,774,10,0,00,-0,25,-49,91,0,00,400613,4,35958,88,0,00,10358,9
25,249,-9,80,771,61,0,00,-0,25,-49,83,0,00,400563,2,35952,32,0,00,10352,3
25,299,-9,81,769,12,0,00,-0,25,-49,75,0,00,400512,8,35945,75,0,02,10345,8
25,349,-9,82,766,63,0,00,-0,25,-49,66,0,00,400462,7,35939,19,0,00,10339,2
25,399,-9,84,764,15,0,00,-0,25,-49,58,0,00,400440,7,35932,63,0,00,10332,6
25,449,-9,85,761,68,0,00,-0,25,-49,50,0,00,400363,1,35926,07,0,00,10326,1
25,499,-9,86,759,20,0,00,-0,25,-49,42,0,00,400326,6,35919,50,0,00,10319,5
25,549,-9,87,756,73,0,00,-0,25,-49,34,0,00,400262,4,35912,94,0,00,10312,9
25,599,-9,88,754,27,0,00,-0,25,-49,26,0,00,400212,3,35906,38,0,00,10306,4
25,649,-9,90,751,81,0,00,-0,25,-49,18,0,00,400175,9,35899,82,0,00,10299,8
25,699,-9,91,749,35,0,00,-0,25,-49,10,0,00,400125,7,35893,25,0,00,10293,3
25,749,-9,92,746,90,0,00,-0,24,-49,02,0,00,400075,7,35886,69,0,02,10286,7
25,799,-9,93,744,45,0,00,-0,24,-48,94,0,00,400011,7,35880,13,0,02,10280,1
25,849,-9,95,742,00,0,00,-0,24,-48,86,0,00,399989,2,35873,57,0,02,10273,6
25,899,-9,96,739,56,0,00,-0,24,-48,78,0,00,399911,5,35867,02,0,00,10267,0
25,949,-9,97,737,13,0,00,-0,24,-48,70,0,00,399889,0,35860,46,0,00,10260,5
25,999,-9,98,734,69,0,00,-0,24,-48,61,0,00,399825,2,35853,91,0,00,10253,9
26,049,-9,99,732,26,0,00,-0,24,-48,53,0,00,399789,2,35847,36,0,00,10247,4
26,099,-10,01,729,84,0,00,-0,24,-48,45,0,00,399739,3,35840,80,0,02,10240,8
26,149,-10,02,727,42,0,00,-0,24,-48,37,0,00,399689,2,35834,25,0,02,10234,3
26,199,-10,03,725,00,0,00,-0,24,-48,29,0,00,399625,5,35827,70,0,00,10227,7
26,249,-10,04,722,59,0,00,-0,24,-48,21,0,00,399603,1,35821,15,0,00,10221,2
26,299,-10,06,720,18,0,00,-0,24,-48,13,0,00,399539,3,35814,59,0,00,10214,6
26,349,-10,07,717,78,0,00,-0,24,-48,05,0,00,399489,4,35808,04,0,00,10208,0
26,399,-10,08,715,38,0,00,-0,24,-47,97,0,00,399425,8,35801,49,0,00,10201,5
26,449,-10,09,712,98,0,00,-0,24,-47,89,0,00,399375,7,35794,94,0,00,10194,9
26,499,-10,10,710,59,0,00,-0,24,-47,81,0,00,399339,5,35788,39,0,00,10188,4
26,549,-10,12,708,20,0,00,-0,24,-47,73,0,00,399331,1,35781,85,0,00,10181,9
26,599,-10,13,705,81,0,00,-0,24,-47,65,0,00,399294,7,35775,31,0,00,10175,3
26,649,-10,14,703,43,0,00,-0,24,-47,57,0,00,399189,5,35768,77,0,02,10168,8
26,699,-10,15,701,06,0,00,-0,24,-47,49,0,00,399167,6,35762,22,0,00,10162,2
26,749,-10,16,698,69,0,00,-0,24,-47,40,0,00,399090,3,35755,68,0,00,10155,7
26,799,-10,18,696,32,0,00,-0,24,-47,32,0,00,399040,5,35749,14,0,00,10149,1
26,849,-10,19,693,95,0,00,-0,24,-47,24,0,00,398991,0,35742,59,0,00,10142,6
26,898,-10,20,691,59,0,00,-0,24,-47,16,0,00,398968,1,35736,05,0,00,10136,1
26,948,-10,21,689,24,0,00,-0,24,-47,08,0,00,398890,8,35729,51,0,00,10129,5
26,998,-10,22,686,89,0,00,-0,24,-47,00,0,00,398868,7,35722,96,0,00,10123,0
27,048,-10,24,684,54,0,00,-0,24,-46,92,0,00,398805,3,35716,42,0,00,10116,4
27,098,-10,25,682,19,0,00,-0,24,-46,84,0,00,398783,1,35709,89,0,00,10109,9
27,148,-10,26,679,85,0,00,-0,24,-46,76,0,00,398705,1,35703,36,0,02,10103,4
27,198,-10,27,677,52,0,00,-0,24,-46,68,0,00,398669,4,35696,82,0,00,10096,8
27,248,-10,28,675,19,0,00,-0,24,-46,60,0,00,398633,7,35690,29,0,00,10090,3
27,298,-10,30,672,86,0,00,-0,24,-46,52,0,00,398584,1,35683,76,0,00,10083,8
27,348,-10,31,670,53,0,00,-0,24,-46,44,0,00,398533,7,35677,22,0,00,10077,2
27,398,-10,32,668,21,0,00,-0,24,-46,36,0,00,398484,2,35670,69,0,00,10070,7
27,448,-10,33,665,90,0,00,-0,24,-46,28,0,00,398420,9,35664,16,0,00,10064,2
27,498,-10,34,663,59,0,00,-0,24,-46,20,0,00,398370,6,35657,63,0,02,10057,6
27,548,-10,35,661,28,0,00,-0,24,-46,11,0,00,398334,7,35651,09,0,00,10051,1
27,598,-10,37,658,97,0,00,-0,24,-46,03,0,00,398257,7,35644,55,0,00,10044,6
27,648,-10,38,656,67,0,00,-0,24,-45,95,0,00,398221,2,35638,02,0,00,10038,0
27,698,-10,39,654,38,0,00,-0,24,-45,87,0,00,398171,6,35631,50,0,00,10031,5
27,748,-10,40,652,09,0,00,-0,24,-45,79,0,00,398136,0,35624,97,0,00,10025,0
27,798,-10,41,649,80,0,00,-0,23,-45,71,0,00,398086,1,35618,45,0,00,10018,5
27,848,-10,43,647,52,0,00,-0,24,-45,63,0,00,398022,8,35611,93,0,00,10011,9
27,898,-10,44,645,24,0,00,-0,23,-45,55,0,00,398000,9,35605,40,0,00,10005,4
27,948,-10,45,642,96,0,00,-0,23,-45,47,0,00,397950,9,35598,88,0,00,9998,9
27,998,-10,46,640,69,0,00,-0,23,-45,39,0,00,397887,7,35592,36,0,00,9992,4
28,048,-10,47,638,42,0,00,-0,23,-45,31,0,00,397865,9,35585,83,0,00,9985,8
28,098,-10,48,636,16,0,00,-0,23,-45,23,0,00,397788,2,35579,31,0,00,9979,3
28,148,-10,50,633,90,0,00,-0,23,-45,15,0,00,397738,7,35572,79,0,00,9972,8
28,198,-10,51,631,64,0,00,-0,23,-45,07,0,00,397688,6,35566,26,0,00,9966,3
28,248,-10,52,629,39,0,00,-0,23,-44,99,0,00,397639,3,35559,74,0,00,9959,7
28,298,-10,53,627,15,0,00,-0,23,-44,91,0,00,397644,5,35553,22,0,00,9953,2
28,348,-10,54,624,90,0,00,-0,23,-44,83,0,00,397539,6,35546,70,0,00,9946,7
28,398,-10,55,622,66,0,00,-0,23,-44,75,0,00,397490,0,35540,19,0,00,9940,2
28,448,-10,57,620,43,0,00,-0,23,-44,66,0,00,397454,1,35533,68,0,00,9933,7
28,498,-10,58,618,20,0,00,-0,23,-44,58,0,00,397391,2,35527,16,0,00,9927,2
28,548,-10,59,615,97,0,00,-0,23,-44,50,0,00,397341,2,35520,65,0,00,9920,7
28,598,-10,60,613,75,0,00,-0,23,-44,42,0,00,397291,8,35514,14,0,00,9914,1
28,648,-10,61,611,53,0,00,-0,23,-44,34,0,00,397241,8,35507,63,0,00,9907,6
28,698,-10,62,609,31,0,00,-0,23,-44,26,0,00,397206,4,35501,11,0,00,9901,1
28,748,-10,63,607,10,0,00,-0,23,-44,18,0,00,397156,5,35494,59,0,02,9894,6
28,798,-10,65,604,89,0,00,-0,23,-44,10,0,00,397107,3,35488,08,0,00,9888,1
28,848,-10,66,602,69,0,00,-0,23,-44,02,0,00,397057,3,35481,57,0,02,9881,6
28,898,-10,67,600,49,0,00,-0,23,-43,94,0,00,397008,1,35475,05,0,00,9875,1
28,948,-10,68,598,30,0,00,-0,23,-43,86,0,00,396958,3,35468,55,0,02,9868,6
28,998,-10,69,596,11,0,00,-0,23,-43,78,0,00,396909,0,35462,05,0,00,9862,0
29,048,-10,70,593,92,0,00,-0,23,-43,70,0,00,396858,9,35455,55,0,00,9855,5
29,098,-10,72,591,74,0,00,-0,23,-43,62,0,00,396809,4,35449,04,0,00,9849,0
29,148,-10,73,589,56,0,00,-0,23,-43,54,0,00,396759,4,35442,54,0,00,9842,5
29,198,-10,74,587,38,0,00,-0,23,-43,46,0,00,396724,2,35436,03,0,00,9836,0
29,248,-10,75,585,21,0,00,-0,23,-43,38,0,00,396674,3,35429,53,0,00,9829,5
29,298,-10,76,583,04,0,00,-0,23,-43,30,0,00,396625,0,35423,02,0,00,9823,0
29,348,-10,77,580,88,0,00,-0,23,-43,22,0,00,396561,2,35416,52,0,00,9816,5
29,398,-10,78,578,72,0,00,-0,23,-43,13,0,00,396498,2,35410,02,0,00,9810,0
29,448,-10,80,576,57,0,00,-0,23,-43,05,0,00,396475,8,35403,52,0,00,9803,5
29,498,-10,81,574,42,0,00,-0,23,-42,97,0,00,396481,5,35397,01,0,00,9797,0
29,548,-10,82,572,27,0,00,-0,23,-42,89,0,00,396377,1,35390,52,0,00,9790,5
29,598,-10,83,570,13,0,00,-0,23,-42,81,0,00,396327,4,35384,02,0,00,9784,0
29,648,-10,84,567,99,0,00,-0,23,-42,73,0,00,396278,3,35377,53,0,00,9777,5
29,698,-10,85,565,85,0,00,-0,23,-42,65,0,00,396228,4,35371,03,0,00,9771,0
29,748,-10,86,563,72,0,00,-0,23,-42,57,0,00,396179,2,35364,54,0,00,9764,5
29,798,-10,87,561,60,0,00,-0,23,-42,49,0,00,396143,1,35358,04,0,00,9758,0
29,848,-10,89,559,47,0,00,-0,23,-42,41,0,00,396079,3,35351,55,0,00,9751,6
29,898,-10,90,557,36,0,00,-0,23,-42,33,0,00,396057,7,35345,05,0,00,9745,1
29,948,-10,91,555,24,0,00,-0,23,-42,25,0,00,395980,1,35338,56,0,00,9738,6
29,998,-10,92,553,13,0,00,-0,23,-42,17,0,00,395958,2,35332,07,0,00,9732,1
30,048,-10,93,551,03,0,00,-0,23,-42,09,0,00,395880,6,35325,57,0,00,9725,6
30,098,-10,94,548,92,0,00,-0,23,-42,01,0,00,395830,8,35319,08,0,00,9719,1
30,148,-10,95,546,82,0,00,-0,22,-41,93,0,00,395809,5,35312,59,0,00,9712,6
30,198,-10,97,544,73,0,00,-0,22,-41,85,0,00,395732,0,35306,11,0,00,9706,1
30,248,-10,98,542,64,0,00,-0,22,-41,77,0,00,395682,0,35299,63,0,00,9699,6
30,298,-10,99,540,55,0,00,-0,22,-41,69,0,00,395633,0,35293,14,0,00,9693,1
30,348,-11,00,538,47,0,00,-0,22,-41,61,0,00,395583,0,35286,66,0,00,9686,7
30,398,-11,01,536,39,0,00,-0,22,-41,53,0,00,395546,8,35280,17,0,00,9680,2
30,448,-11,02,534,32,0,00,-0,22,-41,44,0,00,395497,7,35273,69,0,00,9673,7
30,498,-11,03,532,25,0,00,-0,22,-41,36,0,00,395448,1,35267,20,0,00,9667,2
30,548,-11,04,530,18,0,00,-0,22,-41,28,0,00,395453,9,35260,72,0,00,9660,7
30,598,-11,05,528,12,0,00,-0,22,-41,20,0,00,395335,6,35254,23,0,00,9654,2
30,648,-11,07,526,06,0,00,-0,22,-41,12,0,00,395299,4,35247,75,0,00,9647,7
30,698,-11,08,524,01,0,00,-0,22,-41,04,0,00,395304,9,35241,27,0,00,9641,3
30,748,-11,09,521,96,0,00,-0,22,-40,96,0,00,395200,2,35234,79,0,00,9634,8
30,798,-11,10,519,91,0,00,-0,22,-40,88,0,00,395150,3,35228,31,0,00,9628,3
30,848,-11,11,517,87,0,00,-0,22,-40,80,0,00,395114,1,35221,84,0,02,9621,8
30,898,-11,12,515,83,0,00,-0,22,-40,72,0,00,395051,0,35215,36,0,00,9615,4
30,948,-11,13,513,80,0,00,-0,22,-40,64,0,00,394987,4,35208,89,0,00,9608,9
30,998,-11,14,511,77,0,00,-0,22,-40,56,0,00,394951,2,35202,41,0,00,9602,4
31,048,-11,15,509,74,0,00,-0,22,-40,48,0,00,394887,9,35195,94,0,00,9595,9
31,098,-11,17,507,72,0,00,-0,22,-40,40,0,00,394851,7,35189,46,0,00,9589,5
31,148,-11,18,505,70,0,00,-0,22,-40,32,0,00,394801,3,35182,99,0,00,9583,0
31,198,-11,19,503,69,0,00,-0,22,-40,24,0,00,394738,0,35176,52,0,00,9576,5
31,248,-11,20,501,68,0,00,-0,22,-40,16,0,00,394715,6,35170,04,0,00,9570,0
31,298,-11,21,499,67,0,00,-0,22,-40,08,0,00,394665,7,35163,57,0,00,9563,6
31,348,-11,22,497,67,0,00,-0,22,-40,00,0,00,394601,9,35157,10,0,00,9557,1
31,398,-11,23,495,67,0,00,-0,22,-39,92,0,00,394552,7,35150,63,0,00,9550,6
31,448,-11,24,493,68,0,00,-0,22,-39,84,0,00,394502,7,35144,16,0,00,9544,2
31,498,-11,25,491,69,0,00,-0,22,-39,76,0,00,394452,6,35137,70,0,00,9537,7
31,548,-11,26,489,70,0,00,-0,22,-39,68,0,00,394471,7,35131,23,0,00,9531,2
31,598,-11,28,487,72,0,00,-0,22,-39,59,0,00,394353,0,35124,77,0,00,9524,8
31,648,-11,29,485,74,0,00,-0,22,-39,51,0,00,394302,7,35118,30,0,00,9518,3
31,698,-11,30,483,77,0,00,-0,22,-39,43,0,00,394266,6,35111,84,0,00,9511,8
31,748,-11,31,481,80,0,00,-0,22,-39,35,0,00,394231,2,35105,38,0,00,9505,4
31,798,-11,32,479,83,0,00,-0,22,-39,27,0,00,394153,7,35098,91,0,00,9498,9
31,848,-11,33,477,87,0,00,-0,22,-39,19,0,00,394117,6,35092,45,0,00,9492,4
31,898,-11,34,475,91,0,00,-0,22,-39,11,0,00,394053,6,35085,98,0,00,9486,0
31,948,-11,35,473,96,0,00,-0,22,-39,03,0,00,394045,7,35079,52,0,00,9479,5
31,998,-11,36,472,01,0,00,-0,22,-38,95,0,00,393968,0,35073,07,0,00,9473,1
32,048,-11,37,470,07,0,00,-0,22,-38,87,0,00,393918,0,35066,61,0,00,9466,6
32,098,-11,38,468,12,0,00,-0,22,-38,79,0,00,393868,0,35060,16,0,00,9460,2
32,148,-11,39,466,19,0,00,-0,22,-38,71,0,00,393817,8,35053,70,0,00,9453,7
32,198,-11,41,464,25,0,00,-0,22,-38,63,0,00,393768,1,35047,25,0,00,9447,2
32,248,-11,42,462,32,0,00,-0,22,-38,55,0,00,393704,1,35040,79,0,00,9440,8
32,298,-11,43,460,40,0,00,-0,22,-38,47,0,00,393681,6,35034,34,0,00,9434,3
32,348,-11,44,458,48,0,00,-0,22,-38,39,0,00,393617,7,35027,88,0,00,9427,9
32,398,-11,45,456,56,0,00,-0,21,-38,31,0,00,393568,0,35021,43,0,00,9421,4
32,448,-11,46,454,65,0,00,-0,21,-38,23,0,00,393517,7,35014,97,0,00,9415,0
32,498,-11,47,452,74,0,00,-0,21,-38,15,0,00,393467,4,35008,52,0,00,9408,5
32,548,-11,48,450,83,0,00,-0,21,-38,07,0,00,393417,0,35002,07,0,00,9402,1
32,598,-11,49,448,93,0,00,-0,21,-37,99,0,00,393366,6,34995,62,0,00,9395,6
32,648,-11,50,447,03,0,00,-0,21,-37,91,0,00,393316,8,34989,18,0,00,9389,2
32,698,-11,51,445,14,0,00,-0,21,-37,83,0,00,393266,4,34982,73,0,00,9382,7
32,748,-11,52,443,25,0,00,-0,21,-37,75,0,00,393215,8,34976,29,0,00,9376,3
32,798,-11,53,441,36,0,00,-0,21,-37,67,0,00,393151,4,34969,84,0,00,9369,8
32,848,-11,54,439,48,0,00,-0,21,-37,58,0,00,393128,7,34963,39,0,00,9363,4
32,898,-11,56,437,61,0,00,-0,21,-37,50,0,00,393079,2,34956,95,0,00,9357,0
32,948,-11,57,435,73,0,00,-0,21,-37,42,0,00,393015,1,34950,50,0,00,9350,5
32,998,-11,58,433,86,0,00,-0,21,-37,34,0,00,392978,5,34944,06,0,00,9344,1
33,048,-11,59,432,00,0,00,-0,21,-37,26,0,00,392928,2,34937,61,0,00,9337,6
33,098,-11,60,430,14,0,00,-0,21,-37,18,0,00,392877,7,34931,17,0,00,9331,2
33,148,-11,61,428,28,0,00,-0,21,-37,10,0,00,392827,9,34924,73,0,00,9324,7
33,198,-11,62,426,43,0,00,-0,21,-37,02,0,00,392763,7,34918,29,0,00,9318,3
33,248,-11,63,424,58,0,00,-0,21,-36,94,0,00,392713,3,34911,86,0,00,9311,9
33,298,-11,64,422,73,0,00,-0,21,-36,86,0,00,392676,4,34905,42,0,00,9305,4
33,348,-11,65,420,89,0,00,-0,21,-36,78,0,00,392625,8,34898,98,0,00,9299,0
33,398,-11,66,419,06,0,00,-0,21,-36,70,0,00,392575,2,34892,55,0,00,9292,6
33,448,-11,67,417,22,0,00,-0,21,-36,62,0,00,392525,2,34886,12,0,00,9286,1
33,498,-11,68,415,39,0,00,-0,21,-36,54,0,00,392460,7,34879,68,0,00,9279,7
33,548,-11,69,413,57,0,00,-0,21,-36,46,0,00,392409,8,34873,24,0,00,9273,2
33,598,-11,70,411,75,0,00,-0,21,-36,38,0,00,392386,5,34866,81,0,00,9266,8
33,648,-11,71,409,93,0,00,-0,21,-36,30,0,00,392322,3,34860,38,0,00,9260,4
33,698,-11,72,408,12,0,00,-0,21,-36,22,0,00,392271,9,34853,94,0,00,9253,9
33,748,-11,73,406,31,0,00,-0,21,-36,14,0,00,392208,3,34847,51,0,00,9247,5
33,798,-11,75,404,50,0,00,-0,21,-36,06,0,00,392171,8,34841,08,0,00,9241,1
33,848,-11,76,402,70,0,00,-0,21,-35,98,0,00,392107,5,34834,66,0,00,9234,7
33,898,-11,77,400,91,0,00,-0,21,-35,90,0,00,392070,8,34828,23,0,00,9228,2
33,948,-11,78,399,11,0,00,-0,21,-35,82,0,00,392020,2,34821,80,0,00,9221,8
33,998,-11,79,397,32,0,00,-0,21,-35,74,0,00,391955,7,34815,38,0,00,9215,4
34,048,-11,80,395,54,0,00,-0,21,-35,66,0,00,391960,5,34808,95,0,00,9209,0
34,098,-11,81,393,76,0,00,-0,21,-35,58,0,00,391868,9,34802,53,0,00,9202,5
34,148,-11,82,391,98,0,00,-0,21,-35,49,0,00,391818,0,34796,10,0,00,9196,1
34,198,-11,83,390,21,0,00,-0,21,-35,41,0,00,391767,3,34789,68,0,00,9189,7
34,248,-11,84,388,44,0,00,-0,21,-35,33,0,00,391702,5,34783,25,0,00,9183,3
34,298,-11,85,386,68,0,00,-0,21,-35,25,0,00,391665,3,34776,83,0,00,9176,8
34,348,-11,86,384,92,0,00,-0,21,-35,17,0,00,391614,5,34770,41,0,00,9170,4
34,398,-11,87,383,16,0,00,-0,21,-35,09,0,00,391549,7,34763,99,0,02,9164,0
34,448,-11,88,381,41,0,00,-0,21,-35,01,0,00,391513,2,34757,58,0,00,9157,6
34,498,-11,89,379,66,0,00,-0,21,-34,93,0,00,391462,3,34751,16,0,00,9151,2
34,548,-11,90,377,91,0,00,-0,21,-34,85,0,00,391397,3,34744,75,0,00,9144,7
34,598,-11,91,376,17,0,00,-0,21,-34,77,0,00,391360,0,34738,33,0,00,9138,3
34,648,-11,92,374,44,0,00,-0,21,-34,69,0,00,391308,9,34731,91,0,00,9131,9
34,698,-11,93,372,70,0,00,-0,21,-34,61,0,00,391243,8,34725,50,0,00,9125,5
34,748,-11,94,370,97,0,00,-0,20,-34,53,0,00,391220,2,34719,08,0,00,9119,1
34,798,-11,95,369,25,0,00,-0,20,-34,45,0,00,391224,3,34712,66,0,00,9112,7
34,848,-11,96,367,53,0,00,-0,20,-34,37,0,00,391076,9,34706,25,0,00,9106,2
34,898,-11,97,365,81,0,00,-0,20,-34,29,0,00,391053,3,34699,84,0,00,9099,8
34,948,-11,98,364,10,0,00,-0,20,-34,21,0,00,390988,4,34693,43,0,00,9093,4
34,998,-11,99,362,39,0,00,-0,20,-34,13,0,00,390951,2,34687,02,0,00,9087,0
35,048,-12,00,360,69,0,00,-0,20,-34,05,0,00,390886,3,34680,62,0,00,9080,6
35,098,-12,01,358,99,0,00,-0,20,-33,97,0,00,390848,9,34674,21,0,00,9074,2
35,148,-12,02,357,29,0,00,-0,20,-33,89,0,00,390783,8,34667,80,0,00,9067,8
35,198,-12,03,355,60,0,00,-0,20,-33,81,0,00,390746,4,34661,40,0,00,9061,4
35,248,-12,04,353,91,0,00,-0,20,-33,73,0,00,390681,9,34654,99,0,00,9055,0
35,298,-12,05,352,23,0,00,-0,20,-33,65,0,00,390644,4,34648,59,0,00,9048,6
35,348,-12,06,350,55,0,00,-0,20,-33,57,0,00,390579,1,34642,18,0,00,9042,2
35,398,-12,07,348,87,0,00,-0,20,-33,49,0,00,390541,5,34635,77,0,00,9035,8
35,448,-12,08,347,20,0,00,-0,20,-33,41,0,00,390476,2,34629,37,0,00,9029,4
35,498,-12,09,345,53,0,00,-0,20,-33,32,0,00,390438,5,34622,97,0,00,9023,0
35,548,-12,10,343,86,0,00,-0,20,-33,24,0,00,390400,8,34616,57,0,00,9016,6
35,598,-12,11,342,20,0,00,-0,20,-33,16,0,00,390335,5,34610,17,0,00,9010,2
35,648,-12,12,340,55,0,00,-0,20,-33,08,0,00,390297,7,34603,78,0,00,9003,8
35,698,-12,13,338,90,0,00,-0,20,-33,00,0,00,390232,3,34597,38,0,00,8997,4
35,748,-12,14,337,25,0,00,-0,20,-32,92,0,00,390195,0,34590,98,0,00,8991,0
35,798,-12,15,335,60,0,00,-0,20,-32,84,0,00,390157,1,34584,59,0,00,8984,6
35,848,-12,16,333,96,0,00,-0,20,-32,76,0,00,390077,8,34578,19,0,00,8978,2
35,898,-12,17,332,33,0,00,-0,20,-32,68,0,00,390012,1,34571,80,0,00,8971,8
35,948,-12,18,330,70,0,00,-0,20,-32,60,0,00,389974,1,34565,40,0,00,8965,4
35,998,-12,19,329,07,0,00,-0,20,-32,52,0,00,389935,9,34559,00,0,00,8959,0
36,049,-12,20,327,44,0,00,-0,20,-32,44,0,00,389856,4,34552,61,0,00,8952,6
36,099,-12,21,325,82,0,00,-0,20,-32,36,0,00,389818,4,34546,22,0,00,8946,2
36,149,-12,22,324,21,0,00,-0,20,-32,28,0,00,389780,1,34539,83,0,00,8939,8
36,199,-12,23,322,60,0,00,-0,20,-32,20,0,00,389700,6,34533,45,0,00,8933,4
36,249,-12,24,320,99,0,00,-0,20,-32,12,0,00,389663,0,34527,06,0,00,8927,1
36,299,-12,25,319,38,0,00,-0,20,-32,04,0,00,389611,0,34520,67,0,00,8920,7
36,349,-12,26,317,78,0,00,-0,20,-31,96,0,00,389552,1,34514,29,0,00,8914,3
36,399,-12,27,316,19,0,00,-0,20,-31,88,0,00,389506,8,34507,90,0,00,8907,9
36,449,-12,28,314,60,0,00,-0,20,-31,80,0,00,389468,6,34501,51,0,00,8901,5
36,499,-12,29,313,01,0,00,-0,20,-31,72,0,00,389402,8,34495,13,0,00,8895,1
36,549,-12,30,311,42,0,00,-0,20,-31,64,0,00,389357,6,34488,74,0,00,8888,7
36,599,-12,31,309,84,0,00,-0,20,-31,56,0,00,389298,7,34482,35,0,00,8882,4
36,649,-12,32,308,27,0,00,-0,20,-31,48,0,00,389253,5,34475,97,0,00,8876,0
36,699,-12,33,306,70,0,00,-0,20,-31,40,0,00,389194,5,34469,59,0,00,8869,6
36,749,-12,34,305,13,0,00,-0,20,-31,32,0,00,389149,3,34463,21,0,00,8863,2
36,799,-12,35,303,56,0,00,-0,20,-31,24,0,00,389097,2,34456,84,0,00,8856,8
36,849,-12,36,302,00,0,00,-0,20,-31,16,0,00,389011,2,34450,46,0,00,8850,5
36,899,-12,37,300,45,0,00,-0,20,-31,07,0,00,388993,4,34444,09,0,00,8844,1
36,949,-12,38,298,90,0,00,-0,20,-30,99,0,00,388934,3,34437,71,0,00,8837,7
36,999,-12,39,297,35,0,00,-0,20,-30,91,0,00,388888,9,34431,33,0,00,8831,3
37,049,-12,40,295,81,0,00,-0,20,-30,83,0,00,388829,6,34424,95,0,00,8825,0
37,099,-12,41,294,27,0,00,-0,20,-30,75,0,00,388784,1,34418,58,0,00,8818,6
37,149,-12,42,292,73,0,00,-0,19,-30,67,0,00,388724,8,34412,20,0,00,8812,2
37,199,-12,43,291,20,0,00,-0,19,-30,59,0,00,388672,3,34405,82,0,00,8805,8
37,249,-12,44,289,67,0,00,-0,19,-30,51,0,00,388619,8,34399,46,0,00,8799,5
37,299,-12,45,288,15,0,00,-0,19,-30,43,0,00,388574,3,34393,09,0,00,8793,1
37,349,-12,46,286,63,0,00,-0,19,-30,35,0,00,388514,8,34386,72,0,00,8786,7
37,399,-12,47,285,11,0,00,-0,19,-30,27,0,00,388469,1,34380,36,0,00,8780,4
37,449,-12,48,283,60,0,00,-0,19,-30,19,0,00,388409,6,34373,99,0,00,8774,0
37,499,-12,49,282,09,0,00,-0,19,-30,11,0,00,388356,9,34367,62,0,00,8767,6
37,549,-12,50,280,59,0,00,-0,19,-30,03,0,00,388304,2,34361,25,0,00,8761,3
37,599,-12,51,279,09,0,00,-0,19,-29,95,0,00,388252,2,34354,89,0,00,8754,9
37,649,-12,52,277,60,0,00,-0,19,-29,87,0,00,388199,4,34348,52,0,00,8748,5
37,699,-12,53,276,10,0,00,-0,19,-29,79,0,00,388153,5,34342,15,0,00,8742,2
37,749,-12,54,274,62,0,00,-0,19,-29,71,0,00,388093,6,34335,79,0,00,8735,8
37,799,-12,55,273,13,0,00,-0,19,-29,63,0,00,388047,7,34329,43,0,00,8729,4
37,849,-12,56,271,65,0,00,-0,19,-29,55,0,00,388001,7,34323,07,0,00,8723,1
37,899,-12,57,270,18,0,00,-0,19,-29,47,0,00,387935,0,34316,71,0,00,8716,7
37,949,-12,58,268,71,0,00,-0,19,-29,39,0,00,387889,0,34310,36,0,00,8710,4
37,999,-12,59,267,24,0,00,-0,19,-29,31,0,00,387836,0,34304,00,0,00,8704,0
38,049,-12,60,265,78,0,00,-0,19,-29,23,0,00,387782,9,34297,64,0,00,8697,6
38,099,-12,60,264,32,0,00,-0,19,-29,15,0,00,387723,0,34291,28,0,00,8691,3
38,149,-12,61,262,86,0,00,-0,19,-29,07,0,00,387676,7,34284,93,0,00,8684,9
38,199,-12,62,261,41,0,00,-0,19,-28,99,0,00,387616,6,34278,57,0,00,8678,6
38,249,-12,63,259,96,0,00,-0,19,-28,91,0,00,387570,3,34272,21,0,00,8672,2
38,299,-12,64,258,52,0,00,-0,19,-28,82,0,00,387517,0,34265,85,0,00,8665,9
38,349,-12,65,257,08,0,00,-0,19,-28,74,0,00,387456,8,34259,50,0,00,8659,5
38,399,-12,66,255,65,0,00,-0,19,-28,66,0,00,387410,5,34253,15,0,00,8653,2
38,449,-12,67,254,21,0,00,-0,19,-28,58,0,00,387405,7,34246,80,0,00,8646,8
38,499,-12,68,252,79,0,00,-0,19,-28,50,0,00,387297,6,34240,46,0,00,8640,5
38,549,-12,69,251,36,0,00,-0,19,-28,42,0,00,387244,2,34234,11,0,00,8634,1
38,599,-12,70,249,94,0,00,-0,19,-28,34,0,00,387197,6,34227,76,0,00,8627,8
38,649,-12,71,248,53,0,00,-0,19,-28,26,0,00,387137,3,34221,41,0,00,8621,4
38,699,-12,72,247,12,0,00,-0,19,-28,18,0,00,387083,7,34215,07,0,00,8615,1
38,749,-12,73,245,71,0,00,-0,19,-28,10,0,00,387044,1,34208,72,0,00,8608,7
38,799,-12,74,244,31,0,00,-0,19,-28,02,0,00,386990,5,34202,37,0,00,8602,4
38,849,-12,75,242,91,0,00,-0,19,-27,94,0,00,386936,9,34196,02,0,00,8596,0
38,899,-12,76,241,51,0,00,-0,19,-27,86,0,00,386883,3,34189,68,0,00,8589,7
38,949,-12,77,240,12,0,00,-0,19,-27,78,0,00,386809,1,34183,34,0,00,8583,3
38,999,-12,78,238,74,0,00,-0,19,-27,70,0,00,386776,2,34177,00,0,00,8577,0
39,049,-12,78,237,35,0,00,-0,19,-27,62,0,00,386722,6,34170,67,0,00,8570,7
39,099,-12,79,235,97,0,00,-0,19,-27,54,0,00,386661,9,34164,33,0,00,8564,3
39,149,-12,80,234,60,0,00,-0,19,-27,46,0,00,386594,4,34157,99,0,00,8558,0
39,199,-12,81,233,23,0,00,-0,19,-27,38,0,00,386540,7,34151,65,0,00,8551,7
39,249,-12,82,231,86,0,00,-0,19,-27,30,0,00,386500,6,34145,32,0,00,8545,3
39,299,-12,83,230,50,0,00,-0,19,-27,22,0,00,386439,9,34138,98,0,00,8539,0
39,349,-12,84,229,14,0,00,-0,19,-27,14,0,00,386386,0,34132,64,0,00,8532,6
39,399,-12,85,227,78,0,00,-0,19,-27,06,0,00,386339,1,34126,30,0,00,8526,3
39,449,-12,86,226,43,0,00,-0,19,-26,98,0,00,386292,0,34119,97,0,00,8520,0
39,499,-12,87,225,09,0,00,-0,19,-26,90,0,00,386231,1,34113,64,0,00,8513,6
39,549,-12,88,223,74,0,00,-0,19,-26,82,0,00,386163,4,34107,31,0,00,8507,3
39,599,-12,89,222,41,0,00,-0,18,-26,74,0,00,386110,1,34100,98,0,00,8501,0
39,649,-12,90,221,07,0,00,-0,18,-26,66,0,00,386062,8,34094,66,0,00,8494,7
39,699,-12,91,219,74,0,00,-0,18,-26,57,0,00,386008,6,34088,33,0,00,8488,3
39,749,-12,91,218,41,0,00,-0,18,-26,49,0,00,385947,4,34082,00,0,00,8482,0
39,799,-12,92,217,09,0,00,-0,18,-26,41,0,00,385900,1,34075,67,0,00,8475,7
39,849,-12,93,215,77,0,00,-0,18,-26,33,0,00,385845,8,34069,34,0,00,8469,3
39,899,-12,94,214,46,0,00,-0,18,-26,25,0,00,385791,5,34063,02,0,00,8463,0
39,949,-12,95,213,15,0,00,-0,18,-26,17,0,00,385744,0,34056,69,0,00,8456,7
39,999,-12,96,211,84,0,00,-0,18,-26,09,0,00,385689,7,34050,36,0,00,8450,4
40,049,-12,97,210,54,0,00,-0,18,-26,01,0,00,385628,4,34044,04,0,00,8444,0
40,099,-12,98,209,24,-0,01,-0,18,-25,93,0,00,385587,8,34037,73,0,00,8437,7
40,149,-12,99,207,94,-0,01,-0,18,-25,85,0,00,385526,5,34031,41,0,00,8431,4
40,199,-13,00,206,65,-0,01,-0,18,-25,77,0,00,385465,0,34025,09,0,00,8425,1
40,249,-13,01,205,37,-0,01,-0,18,-25,69,0,00,385417,4,34018,77,0,00,8418,8
40,299,-13,02,204,08,-0,01,-0,18,-25,61,0,00,385362,8,34012,45,0,00,8412,5
40,349,-13,02,202,81,-0,01,-0,18,-25,53,0,00,385308,2,34006,13,0,00,8406,1
40,399,-13,03,201,53,-0,01,-0,18,-25,45,0,00,385253,4,33999,82,0,00,8399,8
40,449,-13,04,200,26,-0,01,-0,18,-25,37,0,00,385184,9,33993,50,0,00,8393,5
40,499,-13,05,198,99,-0,01,-0,18,-25,29,0,00,385137,1,33987,18,0,00,8387,2
40,549,-13,06,197,73,-0,01,-0,18,-25,21,0,00,385089,1,33980,86,0,00,8380,9
40,599,-13,07,196,47,-0,01,-0,18,-25,13,0,00,385027,4,33974,55,0,00,8374,6
40,649,-13,08,195,22,-0,01,-0,18,-25,05,0,00,384986,4,33968,25,0,00,8368,2
40,699,-13,09,193,97,-0,01,-0,18,-24,97,0,00,384924,6,33961,94,0,00,8361,9
40,750,-13,10,192,72,-0,01,-0,18,-24,89,0,00,384869,7,33955,63,0,00,8355,6
40,800,-13,11,191,48,-0,01,-0,18,-24,81,0,00,384807,8,33949,32,0,00,8349,3
40,850,-13,11,190,24,-0,01,-0,18,-24,73,0,00,384759,7,33943,01,0,00,8343,0
40,900,-13,12,189,01,-0,01,-0,18,-24,65,0,00,384704,6,33936,70,0,00,8336,7
40,950,-13,13,187,78,-0,01,-0,18,-24,57,0,00,384649,4,33930,39,0,00,8330,4
41,000,-13,14,186,55,-0,01,-0,18,-24,49,0,00,384587,3,33924,09,0,00,8324,1
41,050,-13,15,185,33,-0,01,-0,18,-24,41,0,00,384539,1,33917,78,0,00,8317,8
41,100,-13,16,184,11,-0,01,-0,18,-24,32,0,00,384519,0,33911,48,0,00,8311,5
41,150,-13,17,182,90,-0,01,-0,18,-24,24,0,00,384422,4,33905,18,0,00,8305,2
41,200,-13,18,181,69,-0,01,-0,18,-24,16,0,00,384367,2,33898,88,0,00,8298,9
41,250,-13,19,180,48,-0,01,-0,18,-24,08,0,00,384311,8,33892,58,0,00,8292,6
41,300,-13,20,179,28,-0,01,-0,18,-24,00,0,00,384256,4,33886,28,0,00,8286,3
41,350,-13,20,178,08,-0,01,-0,18,-23,92,0,00,384201,0,33879,98,0,00,8280,0
41,400,-13,21,176,88,-0,01,-0,18,-23,84,0,00,384145,6,33873,68,0,00,8273,7
41,450,-13,22,175,69,-0,01,-0,18,-23,76,0,00,384096,9,33867,38,0,00,8267,4
41,500,-13,23,174,51,-0,01,-0,18,-23,68,0,00,384034,5,33861,09,0,00,8261,1
41,550,-13,24,173,33,-0,01,-0,18,-23,60,0,00,383985,8,33854,79,0,00,8254,8
41,600,-13,25,172,15,-0,01,-0,18,-23,52,0,00,383923,3,33848,48,0,00,8248,5
41,650,-13,26,170,97,-0,01,-0,18,-23,44,0,00,383874,5,33842,20,0,00,8242,2
41,700,-13,27,169,80,-0,01,-0,18,-23,36,0,00,383812,0,33835,91,0,00,8235,9
41,750,-13,28,168,64,-0,01,-0,18,-23,28,0,00,383756,3,33829,62,0,00,8229,6
41,800,-13,28,167,48,-0,01,-0,18,-23,20,0,00,383686,8,33823,33,0,00,8223,3
41,850,-13,29,166,32,-0,01,-0,18,-23,12,0,00,383658,7,33817,04,0,00,8217,0
41,900,-13,30,165,16,-0,01,-0,18,-23,04,0,00,383596,1,33810,75,0,00,8210,8
41,950,-13,31,164,01,-0,01,-0,18,-22,96,0,00,383533,3,33804,46,0,00,8204,5
42,000,-13,32,162,87,-0,01,-0,18,-22,88,0,00,383477,3,33798,17,0,00,8198,2
42,050,-13,33,161,73,-0,01,-0,18,-22,80,0,00,383421,4,33791,88,0,00,8191,9
42,100,-13,34,160,59,-0,01,-0,18,-22,72,0,00,383365,4,33785,60,0,00,8185,6
42,150,-13,35,159,45,-0,01,-0,17,-22,64,0,00,383309,4,33779,32,0,00,8179,3
42,200,-13,35,158,32,-0,01,-0,17,-22,56,0,00,383260,3,33773,03,0,00,8173,0
42,250,-13,36,157,20,-0,01,-0,17,-22,48,0,00,383197,3,33766,75,0,00,8166,7
42,300,-13,37,156,08,-0,01,-0,17,-22,40,0,00,383141,2,33760,46,0,00,8160,5
42,350,-13,38,154,96,-0,01,-0,17,-22,32,0,00,383085,0,33754,19,0,00,8154,2
42,400,-13,39,153,85,-0,01,-0,17,-22,24,0,00,383035,8,33747,91,0,00,8147,9
42,450,-13,40,152,74,-0,01,-0,17,-22,16,0,00,382972,5,33741,63,0,00,8141,6
42,500,-13,41,151,63,-0,01,-0,17,-22,07,0,00,382916,3,33735,35,0,00,8135,3
42,550,-13,42,150,53,-0,01,-0,17,-21,99,0,00,382866,8,33729,07,0,00,8129,1
42,600,-13,42,149,43,-0,01,-0,17,-21,91,0,00,382803,6,33722,80,0,00,8122,8
42,650,-13,43,148,34,-0,01,-0,17,-21,83,0,00,382747,3,33716,52,0,00,8116,5
42,700,-13,44,147,25,-0,01,-0,17,-21,75,0,00,382690,8,33710,25,0,00,8110,2
42,750,-13,45,146,16,-0,01,-0,17,-21,67,0,00,382634,4,33703,97,0,00,8104,0
42,800,-13,46,145,08,-0,01,-0,17,-21,59,0,00,382571,0,33697,70,0,00,8097,7
42,850,-13,47,144,00,-0,01,-0,17,-21,51,0,00,382521,4,33691,43,0,00,8091,4
42,900,-13,48,142,93,-0,01,-0,17,-21,43,0,00,382471,8,33685,16,0,00,8085,2
42,950,-13,48,141,86,-0,01,-0,17,-21,35,0,00,382408,3,33678,89,0,00,8078,9
43,000,-13,49,140,79,-0,01,-0,17,-21,27,0,00,382344,7,33672,62,0,00,8072,6
43,050,-13,50,139,73,-0,01,-0,17,-21,19,0,00,382295,0,33666,35,0,00,8066,4
43,100,-13,51,138,67,-0,01,-0,17,-21,11,0,00,382238,3,33660,08,0,00,8060,1
43,150,-13,52,137,62,-0,01,-0,17,-21,03,0,00,382181,5,33653,82,0,00,8053,8
43,200,-13,53,136,57,-0,01,-0,17,-20,95,0,00,382131,6,33647,55,0,00,8047,6
43,250,-13,54,135,53,-0,01,-0,17,-20,87,0,00,382074,8,33641,29,0,00,8041,3
43,300,-13,54,134,48,-0,01,-0,17,-20,79,0,00,382018,0,33635,02,0,00,8035,0
43,350,-13,55,133,45,-0,01,-0,17,-20,71,0,00,381954,1,33628,76,0,00,8028,8
43,400,-13,56,132,41,-0,01,-0,17,-20,63,0,00,381897,2,33622,50,0,00,8022,5
43,450,-13,57,131,38,-0,01,-0,17,-20,55,0,00,381827,2,33616,24,0,00,8016,2
43,500,-13,58,130,36,-0,01,-0,17,-20,47,0,00,381783,9,33609,98,0,00,8010,0
43,550,-13,59,129,34,-0,01,-0,17,-20,39,0,00,381733,7,33603,72,0,00,8003,7
43,600,-13,60,128,32,-0,01,-0,17,-20,31,0,00,381662,8,33597,46,0,00,7997,5
43,650,-13,60,127,31,-0,01,-0,17,-20,23,0,00,381619,4,33591,21,0,00,7991,2
43,700,-13,61,126,30,-0,01,-0,17,-20,15,0,00,381548,3,33584,95,0,00,7985,0
43,750,-13,62,125,29,-0,01,-0,17,-20,07,0,00,381491,1,33578,70,0,00,7978,7
43,800,-13,63,124,29,-0,01,-0,17,-19,99,0,00,381440,7,33572,45,0,00,7972,4
43,850,-13,64,123,29,-0,01,-0,17,-19,91,0,00,381383,4,33566,19,0,00,7966,2
43,900,-13,65,122,30,-0,01,-0,17,-19,82,0,00,381325,9,33559,94,0,00,7959,9
43,950,-13,65,121,31,-0,01,-0,17,-19,74,0,00,381268,4,33553,69,0,00,7953,7
44,000,-13,66,120,33,-0,01,-0,17,-19,66,0,00,381210,8,33547,44,0,00,7947,4
44,050,-13,67,119,34,-0,01,-0,17,-19,58,0,00,381160,2,33541,19,0,00,7941,2
44,100,-13,68,118,37,-0,01,-0,17,-19,50,0,00,381088,8,33534,94,0,00,7934,9
44,150,-13,69,117,39,-0,01,-0,17,-19,42,0,00,381038,0,33528,70,0,00,7928,7
44,200,-13,70,116,42,-0,01,-0,17,-19,34,0,00,380980,3,33522,45,0,00,7922,5
44,250,-13,70,115,46,-0,01,-0,17,-19,26,0,00,380922,6,33516,20,0,00,7916,2
44,300,-13,71,114,50,-0,01,-0,17,-19,18,0,00,380864,8,33509,96,0,00,7910,0
44,350,-13,72,113,54,-0,01,-0,17,-19,10,0,00,380807,0,33503,71,0,00,7903,7
44,400,-13,73,112,59,-0,01,-0,17,-19,02,0,00,380756,1,33497,47,0,00,7897,5
44,450,-13,74,111,64,-0,01,-0,17,-18,94,0,00,380691,3,33491,23,0,00,7891,2
44,500,-13,75,110,69,-0,01,-0,17,-18,86,0,00,380633,4,33484,99,0,00,7885,0
44,550,-13,75,109,75,-0,01,-0,17,-18,78,0,00,380568,6,33478,75,0,00,7878,8
44,600,-13,76,108,82,-0,01,-0,17,-18,70,0,00,380531,2,33472,51,0,00,7872,5
44,650,-13,77,107,88,-0,01,-0,17,-18,62,0,00,380459,4,33466,27,0,00,7866,3
44,700,-13,78,106,95,-0,01,-0,17,-18,54,0,00,380401,3,33460,04,0,00,7860,0
44,750,-13,79,106,03,-0,01,-0,17,-18,46,0,00,380350,2,33453,80,0,00,7853,8
44,800,-13,80,105,11,-0,01,-0,16,-18,38,0,00,380285,0,33447,57,0,00,7847,6
44,850,-13,80,104,19,-0,01,-0,16,-18,30,0,00,380226,8,33441,34,0,00,7841,3
44,900,-13,81,103,28,-0,01,-0,16,-18,22,0,00,380168,7,33435,10,0,00,7835,1
44,950,-13,82,102,37,-0,01,-0,16,-18,14,0,00,380110,4,33428,87,0,00,7828,9
45,000,-13,83,101,46,-0,01,-0,16,-18,06,0,00,380052,2,33422,64,0,00,7822,6
45,050,-13,84,100,56,-0,01,-0,16,-17,98,0,00,379993,8,33416,41,0,00,7816,4
45,100,-13,85,99,67,-0,01,-0,16,-17,90,0,00,379935,4,33410,18,0,00,7810,2
45,150,-13,85,98,77,-0,01,-0,16,-17,82,0,00,379877,0,33403,95,0,00,7803,9
45,200,-13,86,97,89,-0,01,-0,16,-17,74,0,00,379825,6,33397,72,0,00,7797,7
45,250,-13,87,97,00,-0,01,-0,16,-17,66,0,00,379760,1,33391,50,0,00,7791,5
45,300,-13,88,96,12,-0,01,-0,16,-17,57,0,00,379701,6,33385,27,0,00,7785,3
45,350,-13,89,95,24,-0,01,-0,16,-17,49,0,00,379643,0,33379,05,0,00,7779,0
45,400,-13,89,94,37,-0,01,-0,16,-17,41,0,00,379584,5,33372,82,0,00,7772,8
45,451,-13,90,93,50,-0,01,-0,16,-17,33,0,00,379525,8,33366,60,0,00,7766,6
45,501,-13,91,92,64,-0,01,-0,16,-17,25,0,00,379467,3,33360,38,0,00,7760,4
45,551,-13,92,91,78,-0,01,-0,16,-17,17,0,00,379408,5,33354,16,0,00,7754,2
45,601,-13,93,90,92,-0,01,-0,16,-17,09,0,00,379349,8,33347,94,0,00,7747,9
45,651,-13,93,90,07,-0,01,-0,16,-17,01,0,00,379291,0,33341,72,0,00,7741,7
45,701,-13,94,89,22,-0,01,-0,16,-16,93,0,00,379232,2,33335,50,0,00,7735,5
45,751,-13,95,88,37,-0,01,-0,16,-16,85,0,00,379159,5,33329,29,0,00,7729,3
45,801,-13,96,87,53,-0,01,-0,16,-16,77,0,00,379114,3,33323,07,0,00,7723,1
45,851,-13,97,86,70,-0,01,-0,16,-16,69,0,00,379055,0,33316,86,0,00,7716,9
45,901,-13,97,85,86,-0,01,-0,16,-16,61,0,00,378995,8,33310,64,0,00,7710,6
45,951,-13,98,85,04,-0,01,-0,16,-16,53,0,00,378929,7,33304,43,0,00,7704,4
46,001,-13,99,84,21,-0,01,-0,16,-16,45,0,00,378870,3,33298,22,0,00,7698,2
46,051,-14,00,83,39,-0,01,-0,16,-16,37,0,00,378817,9,33292,01,0,00,7692,0
46,101,-14,01,82,57,-0,01,-0,16,-16,29,0,00,378758,5,33285,80,0,00,7685,8
46,151,-14,02,81,76,-0,01,-0,16,-16,21,0,00,378699,1,33279,59,0,00,7679,6
46,201,-14,02,80,95,-0,01,-0,16,-16,13,0,00,378639,7,33273,38,0,00,7673,4
46,251,-14,03,80,15,-0,01,-0,16,-16,05,0,00,378573,2,33267,18,0,00,7667,2
46,301,-14,04,79,35,-0,01,-0,16,-15,97,0,00,378517,1,33260,97,0,00,7661,0
46,351,-14,05,78,55,-0,01,-0,16,-15,89,0,00,378454,1,33254,77,0,00,7654,8
46,401,-14,05,77,76,-0,01,-0,16,-15,81,0,00,378398,0,33248,56,0,00,7648,6
46,451,-14,06,76,97,-0,01,-0,16,-15,73,0,00,378338,3,33242,36,0,00,7642,4
46,501,-14,07,76,19,-0,01,-0,16,-15,65,0,00,378285,6,33236,16,0,00,7636,2
46,551,-14,08,75,41,-0,01,-0,16,-15,57,0,00,378222,3,33229,96,0,00,7630,0
46,601,-14,09,74,63,-0,01,-0,16,-15,49,0,00,378155,7,33223,75,0,00,7623,8
46,651,-14,09,73,86,-0,01,-0,16,-15,41,0,00,378099,2,33217,55,0,00,7617,6
46,701,-14,10,73,09,-0,01,-0,16,-15,32,0,00,378035,8,33211,36,0,00,7611,4
46,751,-14,11,72,33,-0,01,-0,16,-15,24,0,00,377979,4,33205,16,0,00,7605,2
46,801,-14,12,71,57,-0,01,-0,16,-15,16,0,00,377919,5,33198,96,0,00,7599,0
46,851,-14,13,70,81,-0,01,-0,16,-15,08,0,00,377862,9,33192,77,0,00,7592,8
46,901,-14,13,70,06,-0,01,-0,16,-15,00,0,00,377795,9,33186,57,0,00,7586,6
46,951,-14,14,69,31,-0,01,-0,16,-14,92,0,00,377739,3,33180,38,0,00,7580,4
47,001,-14,15,68,57,-0,01,-0,16,-14,84,0,00,377675,7,33174,19,0,00,7574,2
47,051,-14,16,67,83,-0,01,-0,16,-14,76,0,00,377619,0,33168,00,0,00,7568,0
47,101,-14,17,67,09,-0,01,-0,16,-14,68,0,00,377562,3,33161,81,0,00,7561,8
47,151,-14,17,66,36,-0,01,-0,16,-14,60,0,00,377498,5,33155,62,0,00,7555,6
47,201,-14,18,65,63,-0,01,-0,16,-14,52,0,00,377434,8,33149,43,0,00,7549,4
47,251,-14,19,64,90,-0,01,-0,16,-14,44,0,00,377377,9,33143,25,0,00,7543,2
47,301,-14,20,64,18,-0,01,-0,16,-14,36,0,00,377317,4,33137,06,0,00,7537,1
47,351,-14,20,63,47,-0,01,-0,16,-14,28,0,00,377260,5,33130,87,0,00,7530,9
47,401,-14,21,62,76,-0,01,-0,16,-14,20,0,00,377196,6,33124,69,0,00,7524,7
47,451,-14,22,62,05,-0,01,-0,16,-14,12,0,00,377132,6,33118,50,0,00,7518,5
47,501,-14,23,61,34,-0,01,-0,15,-14,04,0,00,377075,5,33112,32,0,00,7512,3
47,551,-14,24,60,64,-0,01,-0,15,-13,96,0,00,377014,8,33106,14,0,00,7506,1
47,601,-14,24,59,95,-0,01,-0,15,-13,88,0,00,376950,7,33099,96,0,00,7500,0
47,651,-14,25,59,26,-0,01,-0,15,-13,80,0,00,376890,1,33093,78,0,00,7493,8
47,701,-14,26,58,57,-0,01,-0,15,-13,72,0,00,376836,2,33087,60,0,00,7487,6
47,751,-14,27,57,89,-0,01,-0,15,-13,64,0,00,376768,5,33081,43,0,00,7481,4
47,801,-14,27,57,21,-0,01,-0,15,-13,56,0,00,376711,2,33075,25,0,00,7475,3
47,851,-14,28,56,53,-0,01,-0,15,-13,48,0,00,376653,7,33069,07,0,00,7469,1
47,901,-14,29,55,86,-0,01,-0,15,-13,40,0,00,376585,9,33062,90,0,00,7462,9
47,951,-14,30,55,19,-0,01,-0,15,-13,32,0,00,376528,3,33056,73,0,00,7456,7
48,001,-14,30,54,53,-0,01,-0,15,-13,24,0,00,376495,6,33050,55,0,00,7450,6
48,051,-14,31,53,87,-0,01,-0,15,-13,15,0,00,376407,0,33044,38,0,00,7444,4
48,101,-14,32,53,21,-0,01,-0,15,-13,07,0,00,376349,3,33038,21,0,00,7438,2
48,151,-14,33,52,56,-0,01,-0,15,-12,99,0,00,376288,2,33032,04,0,00,7432,0
48,201,-14,34,51,91,-0,01,-0,15,-12,91,0,00,376223,5,33025,88,0,00,7425,9
48,251,-14,34,51,27,-0,01,-0,15,-12,83,0,00,376158,8,33019,71,0,00,7419,7
48,301,-14,35,50,63,-0,01,-0,15,-12,75,0,00,376104,4,33013,54,0,00,7413,5
48,351,-14,36,49,99,-0,01,-0,15,-12,67,0,00,376036,2,33007,38,0,00,7407,4
48,401,-14,37,49,36,-0,01,-0,15,-12,59,0,00,375974,8,33001,21,0,00,7401,2
48,451,-14,37,48,73,-0,01,-0,15,-12,51,0,00,375916,8,32995,05,0,00,7395,0
48,501,-14,38,48,11,-0,01,-0,15,-12,43,0,00,375855,3,32988,89,0,00,7388,9
48,551,-14,39,47,49,-0,01,-0,15,-12,35,0,00,375790,4,32982,73,0,00,7382,7
48,601,-14,40,46,87,-0,01,-0,15,-12,27,0,00,375728,8,32976,56,0,00,7376,6
48,651,-14,40,46,26,-0,01,-0,15,-12,19,0,00,375670,6,32970,41,0,00,7370,4
48,701,-14,41,45,66,-0,01,-0,15,-12,11,0,00,375609,0,32964,25,0,00,7364,2
48,751,-14,42,45,05,-0,01,-0,15,-12,03,0,00,375550,7,32958,09,0,00,7358,1
48,801,-14,43,44,45,-0,01,-0,15,-11,95,0,00,375478,6,32951,93,0,00,7351,9
48,851,-14,43,43,86,-0,01,-0,15,-11,87,0,00,375423,6,32945,78,0,00,7345,8
48,901,-14,44,43,27,-0,01,-0,15,-11,79,0,00,375358,3,32939,63,0,00,7339,6
48,951,-14,45,42,68,-0,01,-0,15,-11,71,0,00,375299,8,32933,47,0,00,7333,5
49,001,-14,46,42,09,-0,01,-0,15,-11,63,0,00,375234,4,32927,32,0,00,7327,3
49,051,-14,46,41,52,-0,01,-0,15,-11,55,0,00,375175,8,32921,17,0,00,7321,2
49,101,-14,47,40,94,-0,01,-0,15,-11,47,0,00,375106,8,32915,02,0,00,7315,0
49,151,-14,48,40,37,-0,01,-0,15,-11,39,0,00,375044,7,32908,87,0,00,7308,9
49,201,-14,49,39,80,-0,01,-0,15,-11,31,0,00,374985,9,32902,72,0,00,7302,7
49,251,-14,49,39,24,-0,01,-0,15,-11,23,0,00,374923,7,32896,57,0,00,7296,6
49,301,-14,50,38,68,-0,01,-0,15,-11,15,0,00,374858,0,32890,43,0,00,7290,4
49,351,-14,51,38,12,-0,01,-0,15,-11,07,0,00,374799,1,32884,28,0,00,7284,3
49,401,-14,52,37,57,-0,02,-0,15,-10,99,0,00,374736,8,32878,14,0,00,7278,1
49,451,-14,52,37,02,-0,02,-0,15,-10,90,0,00,374670,9,32872,00,0,00,7272,0
49,501,-14,53,36,48,-0,02,-0,15,-10,82,0,00,374612,0,32865,86,0,00,7265,9
49,551,-14,54,35,94,-0,02,-0,15,-10,74,0,00,374542,6,32859,71,0,00,7259,7
49,601,-14,54,35,41,-0,02,-0,15,-10,66,0,00,374486,9,32853,57,0,00,7253,6
49,651,-14,55,34,88,-0,02,-0,15,-10,58,0,00,374424,3,32847,44,0,00,7247,4
49,701,-14,56,34,35,-0,02,-0,15,-10,50,0,00,374361,7,32841,30,0,00,7241,3
49,751,-14,57,33,83,-0,02,-0,15,-10,42,0,00,374299,0,32835,16,0,00,7235,2
49,801,-14,57,33,31,-0,02,-0,15,-10,34,0,00,374236,2,32829,02,0,00,7229,0
49,851,-14,58,32,79,-0,02,-0,15,-10,26,0,00,374173,5,32822,89,0,00,7222,9
49,901,-14,59,32,28,-0,02,-0,15,-10,18,0,00,374110,6,32816,76,0,00,7216,8
49,951,-14,60,31,77,-0,02,-0,15,-10,10,0,00,374047,7,32810,63,0,00,7210,6
50,001,-14,60,31,27,-0,02,-0,15,-10,02,0,00,373981,2,32804,49,0,00,7204,5
50,051,-14,61,30,77,-0,02,-0,15,-9,94,0,00,373918,2,32798,36,0,00,7198,4
50,102,-14,62,30,28,-0,02,-0,15,-9,86,0,00,373851,6,32792,23,0,00,7192,2
50,152,-14,63,29,78,-0,02,-0,15,-9,78,0,00,373795,4,32786,11,0,00,7186,1
50,202,-14,63,29,30,-0,02,-0,15,-9,70,0,00,373728,9,32779,98,0,00,7180,0
50,252,-14,64,28,82,-0,02,-0,15,-9,62,0,00,373665,7,32773,85,0,00,7173,8
50,302,-14,65,28,34,-0,02,-0,14,-9,54,0,00,373605,8,32767,72,0,00,7167,7
50,352,-14,65,27,86,-0,02,-0,14,-9,46,0,00,373542,6,32761,60,0,00,7161,6
50,402,-14,66,27,39,-0,02,-0,14,-9,38,0,00,373479,3,32755,48,0,00,7155,5
50,452,-14,67,26,92,-0,02,-0,14,-9,30,0,00,373408,9,32749,35,0,00,7149,4
50,502,-14,68,26,46,-0,02,-0,14,-9,22,0,00,373348,9,32743,23,0,00,7143,2
50,552,-14,68,26,00,-0,02,-0,14,-9,14,0,00,373285,4,32737,11,0,00,7137,1
50,602,-14,69,25,55,-0,02,-0,14,-9,06,0,00,373221,9,32730,99,0,00,7131,0
50,652,-14,70,25,10,-0,02,-0,14,-8,98,0,00,373161,8,32724,88,0,00,7124,9
50,702,-14,70,24,65,-0,02,-0,14,-8,90,0,00,373098,0,32718,76,0,00,7118,8
50,752,-14,71,24,21,-0,02,-0,14,-8,82,0,00,373034,3,32712,64,0,00,7112,6
50,802,-14,72,23,77,-0,02,-0,14,-8,74,0,00,372970,5,32706,53,0,00,7106,5
50,852,-14,73,23,33,-0,02,-0,14,-8,65,0,00,372906,6,32700,41,0,00,7100,4
50,902,-14,73,22,90,-0,02,-0,14,-8,57,0,00,372835,8,32694,30,0,00,7094,3
50,952,-14,74,22,48,-0,02,-0,14,-8,49,0,00,372778,8,32688,19,0,00,7088,2
51,002,-14,75,22,05,-0,02,-0,14,-8,41,0,00,372711,4,32682,08,0,00,7082,1
51,052,-14,75,21,63,-0,02,-0,14,-8,33,0,00,372647,3,32675,97,0,00,7076,0
51,102,-14,76,21,22,-0,02,-0,14,-8,25,0,00,372590,2,32669,86,0,00,7069,9
51,152,-14,77,20,81,-0,02,-0,14,-8,17,0,00,372522,6,32663,75,0,00,7063,8
51,202,-14,78,20,40,-0,02,-0,14,-8,09,0,00,372454,9,32657,64,0,00,7057,6
51,252,-14,78,20,00,-0,02,-0,14,-8,01,0,00,372390,7,32651,54,0,00,7051,5
51,302,-14,79,19,60,-0,02,-0,14,-7,93,0,00,372326,4,32645,44,0,00,7045,4
51,352,-14,80,19,21,-0,02,-0,14,-7,85,0,00,372262,0,32639,33,0,00,7039,3
51,402,-14,80,18,82,-0,02,-0,14,-7,77,0,00,372197,7,32633,23,0,00,7033,2
51,452,-14,81,18,43,-0,02,-0,14,-7,69,0,00,372134,9,32627,13,0,00,7027,1
51,502,-14,82,18,05,-0,02,-0,14,-7,61,0,00,372066,9,32621,03,0,00,7021,0
51,552,-14,83,17,67,-0,02,-0,14,-7,53,0,00,372000,7,32614,93,0,00,7014,9
51,602,-14,83,17,29,-0,02,-0,14,-7,45,0,00,371939,5,32608,83,0,00,7008,8
51,652,-14,84,16,92,-0,02,-0,14,-7,37,0,00,371871,3,32602,73,0,00,7002,7
51,702,-14,85,16,56,-0,02,-0,14,-7,29,0,00,371808,3,32596,64,0,00,6996,6
51,752,-14,85,16,19,-0,02,-0,14,-7,21,0,00,371743,5,32590,54,0,00,6990,5
51,802,-14,86,15,84,-0,02,-0,14,-7,13,0,00,371678,7,32584,45,0,00,6984,5
51,852,-14,87,15,48,-0,02,-0,14,-7,05,0,00,371613,8,32578,36,0,00,6978,4
51,902,-14,87,15,13,-0,02,-0,14,-6,97,0,00,371548,8,32572,26,0,00,6972,3
51,952,-14,88,14,78,-0,02,-0,14,-6,89,0,00,371482,1,32566,17,0,00,6966,2
52,002,-14,89,14,44,-0,02,-0,14,-6,81,0,00,371417,0,32560,09,0,00,6960,1
52,052,-14,90,14,10,-0,02,-0,14,-6,73,0,00,371351,9,32554,00,0,00,6954,0
52,102,-14,90,13,77,-0,02,-0,14,-6,65,0,00,371286,7,32547,91,0,00,6947,9
52,152,-14,91,13,44,-0,02,-0,14,-6,57,0,00,371224,9,32541,82,0,00,6941,8
52,202,-14,92,13,11,-0,02,-0,14,-6,49,0,00,371156,1,32535,74,0,00,6935,7
52,252,-14,92,12,79,-0,02,-0,14,-6,41,0,00,371089,0,32529,65,0,00,6929,7
52,302,-14,93,12,47,-0,02,-0,14,-6,33,0,00,371023,6,32523,57,0,00,6923,6
52,352,-14,94,12,16,-0,02,-0,14,-6,24,0,00,370958,1,32517,49,0,00,6917,5
52,402,-14,94,11,85,-0,02,-0,14,-6,16,0,00,370892,5,32511,41,0,00,6911,4
52,452,-14,95,11,54,-0,02,-0,14,-6,08,0,00,370826,9,32505,33,0,00,6905,3
52,502,-14,96,11,24,-0,02,-0,14,-6,00,0,00,370761,2,32499,25,0,00,6899,2
52,552,-14,96,10,94,-0,02,-0,14,-5,92,0,00,370697,1,32493,17,0,00,6893,2
52,602,-14,97,10,65,-0,02,-0,14,-5,84,0,00,370631,3,32487,09,0,00,6887,1
52,652,-14,98,10,36,-0,02,-0,14,-5,76,0,00,370563,7,32481,02,0,00,6881,0
52,702,-14,98,10,07,-0,02,-0,14,-5,68,0,00,370497,7,32474,95,0,00,6874,9
52,752,-14,99,9,79,-0,02,-0,14,-5,60,0,00,370431,7,32468,87,0,00,6868,9
52,802,-15,00,9,51,-0,02,-0,14,-5,52,0,00,370363,8,32462,80,0,00,6862,8
52,852,-15,01,9,24,-0,02,-0,14,-5,44,0,00,370299,5,32456,73,0,00,6856,7
52,902,-15,01,8,97,-0,02,-0,14,-5,36,0,00,370231,5,32450,66,0,00,6850,7
52,952,-15,02,8,70,-0,02,-0,14,-5,28,0,00,370165,2,32444,59,0,00,6844,6
53,002,-15,03,8,44,-0,02,-0,14,-5,20,0,00,370098,8,32438,52,0,00,6838,5
53,052,-15,03,8,18,-0,02,-0,14,-5,12,0,00,370034,1,32432,45,0,00,6832,5
53,102,-15,04,7,93,-0,02,-0,14,-5,04,0,00,369964,1,32426,39,0,00,6826,4
53,152,-15,05,7,68,-0,03,-0,14,-4,96,0,00,369897,5,32420,32,0,00,6820,3
53,202,-15,05,7,43,-0,03,-0,14,-4,88,0,00,369832,5,32414,26,0,00,6814,3
53,252,-15,06,7,19,-0,03,-0,13,-4,80,0,00,369767,5,32408,20,0,00,6808,2
53,302,-15,07,6,95,-0,03,-0,13,-4,72,0,00,369697,3,32402,13,0,00,6802,1
53,352,-15,07,6,72,-0,03,-0,13,-4,64,0,00,369630,3,32396,07,0,00,6796,1
53,402,-15,08,6,49,-0,03,-0,13,-4,56,0,00,369563,3,32390,02,0,00,6790,0
53,452,-15,09,6,26,-0,03,-0,13,-4,48,0,00,369494,4,32383,96,0,00,6784,0
53,502,-15,09,6,04,-0,03,-0,13,-4,40,0,00,369425,6,32377,90,0,00,6777,9
53,552,-15,10,5,82,-0,03,-0,13,-4,22,0,00,402877,2,32370,85,0,00,6770,8
53,602,-15,11,5,62,-0,03,-0,13,-4,08,0,00,407422,3,32364,14,0,00,6764,1
53,652,-15,11,5,42,-0,03,-0,13,-3,94,0,00,404796,0,32357,48,0,00,6757,5
53,702,-15,12,5,22,-0,03,-0,13,-3,81,0,00,402213,7,32350,87,0,00,6750,9
53,752,-15,13,5,03,-0,03,-0,13,-3,68,0,00,399694,5,32344,30,0,00,6744,3
53,802,-15,13,4,85,-0,03,-0,13,-3,56,0,00,397237,0,32337,77,0,00,6737,8
53,852,-15,14,4,68,-0,03,-0,13,-3,43,0,00,394839,8,32331,28,0,00,6731,3
53,902,-15,15,4,51,-0,03,-0,13,-3,32,0,00,392500,8,32324,83,0,00,6724,8
53,952,-15,15,4,35,-0,03,-0,13,-3,20,0,00,390219,6,32318,41,0,00,6718,4
54,002,-15,16,4,19,-0,03,-0,13,-3,09,0,00,387994,0,32312,04,0,00,6712,0
54,052,-15,17,4,04,-0,03,-0,13,-2,98,0,00,385822,9,32305,70,0,00,6705,7
54,102,-15,17,3,89,-0,03,-0,13,-2,88,0,00,383705,2,32299,39,0,00,6699,4
54,152,-15,18,3,75,-0,03,-0,13,-2,77,0,00,381639,8,32293,12,0,00,6693,1
54,202,-15,19,3,61,-0,03,-0,13,-2,68,0,00,379624,7,32286,88,0,00,6686,9
54,252,-15,19,3,48,-0,03,-0,13,-2,58,0,00,377660,0,32280,67,0,00,6680,7
54,302,-15,20,3,36,-0,03,-0,13,-2,49,0,00,375742,8,32274,50,0,00,6674,5
54,352,-15,21,3,23,-0,03,-0,13,-2,40,0,00,373873,9,32268,36,0,00,6668,4
54,402,-15,21,3,12,-0,03,-0,13,-2,31,0,00,372051,0,32262,24,0,00,6662,2
54,452,-15,22,3,00,-0,03,-0,13,-2,22,0,00,370272,9,32256,16,0,00,6656,2
54,502,-15,23,2,89,-0,03,-0,13,-2,14,0,00,368539,1,32250,11,0,00,6650,1
54,552,-15,23,2,79,-0,03,-0,13,-2,06,0,00,366848,7,32244,08,0,00,6644,1
54,602,-15,24,2,69,-0,03,-0,13,-1,98,0,00,365199,7,32238,08,0,00,6638,1
54,652,-15,25,2,59,-0,03,-0,13,-1,91,0,00,363591,9,32232,11,0,00,6632,1
54,702,-15,25,2,50,-0,03,-0,13,-1,84,0,00,362024,2,32226,16,0,00,6626,2
54,752,-15,26,2,41,-0,03,-0,13,-1,77,0,00,360495,6,32220,24,0,00,6620,2
54,803,-15,26,2,32,-0,03,-0,13,-1,70,0,00,359004,9,32214,34,0,00,6614,3
54,853,-15,27,2,24,-0,03,-0,13,-1,63,0,00,357551,4,32208,47,0,00,6608,5
54,903,-15,28,2,16,-0,03,-0,13,-1,57,0,00,356134,4,32202,62,0,00,6602,6
54,953,-15,28,2,08,-0,03,-0,13,-1,51,0,00,354753,1,32196,80,0,00,6596,8
55,003,-15,29,2,00,-0,03,-0,13,-1,45,0,00,353405,6,32190,99,0,00,6591,0
55,053,-15,30,1,93,-0,03,-0,13,-1,39,0,00,352092,5,32185,21,0,00,6585,2
55,103,-15,30,1,87,-0,03,-0,13,-1,34,0,00,350812,5,32179,45,0,00,6579,5
55,153,-15,31,1,80,-0,03,-0,13,-1,28,0,00,349564,4,32173,71,0,00,6573,7
55,203,-15,32,1,74,-0,03,-0,13,-1,23,0,00,348347,8,32167,99,0,00,6568,0
55,253,-15,32,1,68,-0,03,-0,13,-1,18,0,00,347161,6,32162,29,0,00,6562,3
55,303,-15,33,1,62,-0,03,-0,13,-1,13,0,00,346005,8,32156,61,0,00,6556,6
55,353,-15,34,1,56,-0,03,-0,13,-1,09,0,00,344879,1,32150,95,0,00,6550,9
55,403,-15,34,1,51,-0,03,-0,13,-1,04,0,00,343780,7,32145,30,0,00,6545,3
55,453,-15,35,1,46,-0,03,-0,13,-1,00,0,00,342709,9,32139,68,0,00,6539,7
55,503,-15,35,1,41,-0,04,-0,13,-0,95,0,00,341666,7,32134,07,0,00,6534,1
55,553,-15,36,1,36,-0,04,-0,13,-0,91,-0,01,340649,7,32128,48,0,00,6528,5
55,603,-15,37,1,32,-0,04,-0,13,-0,88,-0,01,339658,9,32122,90,0,00,6522,9
55,653,-15,37,1,28,-0,04,-0,13,-0,84,-0,01,338693,1,32117,34,0,00,6517,3
55,703,-15,38,1,24,-0,04,-0,13,-0,80,-0,01,337751,8,32111,80,0,00,6511,8
55,753,-15,39,1,20,-0,04,-0,13,-0,77,-0,01,336834,4,32106,27,0,00,6506,3
55,803,-15,39,1,16,-0,04,-0,13,-0,73,-0,01,335940,8,32100,75,0,00,6500,8
55,853,-15,40,1,12,-0,04,-0,13,-0,70,-0,01,335069,8,32095,26,0,00,6495,3
55,903,-15,41,1,09,-0,04,-0,13,-0,67,-0,01,334221,0,32089,77,0,00,6489,8
55,953,-15,41,1,06,-0,04,-0,13,-0,64,-0,01,333394,4,32084,30,0,00,6484,3
56,003,-15,42,1,03,-0,04,-0,13,-0,61,-0,01,332588,7,32078,84,0,00,6478,8
56,048,-15,42,1,00,-0,04,-0,13,-0,59,-0,01,331881,3,32073,94,0,00,6473,9
56,053,-15,42,1,00,-0,04,-0,13,-0,58,-0,01,331803,8,32073,39,0,00,6473,4
56,058,-15,43,0,99,-0,04,-0,13,-0,58,-0,01,331726,3,32072,85,0,00,6472,9
56,063,-15,43,0,99,-0,04,-0,13,-0,58,-0,01,331649,0,32072,31,0,00,6472,3
56,068,-15,43,0,99,-0,04,-0,13,-0,58,-0,01,331572,2,32071,76,0,00,6471,8
56,073,-15,43,0,98,-0,04,-0,13,-0,57,-0,01,331495,3,32071,22,0,00,6471,2
56,078,-15,43,0,98,-0,04,-0,13,-0,57,-0,01,331418,9,32070,68,0,00,6470,7
56,083,-15,43,0,98,-0,04,-0,13,-0,57,-0,01,331342,4,32070,13,0,00,6470,1
56,088,-15,43,0,98,-0,04,-0,13,-0,57,-0,01,331266,2,32069,59,0,00,6469,6
56,093,-15,43,0,97,-0,04,-0,13,-0,56,-0,01,331190,3,32069,05,0,00,6469,0
56,098,-15,43,0,97,-0,04,-0,13,-0,56,-0,01,331114,5,32068,50,0,00,6468,5
56,103,-15,43,0,97,-0,04,-0,13,-0,56,-0,01,331039,0,32067,96,0,00,6468,0
56,108,-15,43,0,96,-0,04,-0,13,-0,56,-0,01,330963,4,32067,42,0,00,6467,4
56,113,-15,43,0,96,-0,04,-0,13,-0,55,-0,01,330888,5,32066,88,0,00,6466,9
56,118,-15,43,0,96,-0,04,-0,13,-0,55,-0,01,330813,3,32066,33,0,00,6466,3
56,123,-15,43,0,96,-0,04,-0,13,-0,55,-0,01,330738,6,32065,79,0,00,6465,8
56,128,-15,43,0,95,-0,04,-0,13,-0,55,-0,01,330664,0,32065,25,0,00,6465,3
56,133,-15,43,0,95,-0,04,-0,13,-0,54,-0,01,330589,5,32064,71,0,00,6464,7
56,138,-15,44,0,95,-0,04,-0,13,-0,54,-0,01,330515,5,32064,17,0,00,6464,2
56,143,-15,44,0,94,-0,04,-0,13,-0,54,-0,01,330441,4,32063,63,0,00,6463,6
56,148,-15,44,0,94,-0,04,-0,13,-0,54,-0,01,330367,6,32063,08,0,00,6463,1
56,153,-15,44,0,94,-0,04,-0,13,-0,53,-0,01,330294,0,32062,54,0,00,6462,5
56,158,-15,44,0,94,-0,04,-0,13,-0,53,-0,01,330220,6,32062,00,0,00,6462,0
56,163,-15,44,0,93,-0,04,-0,13,-0,53,-0,01,330147,2,32061,46,0,00,6461,5
56,168,-15,44,0,93,-0,04,-0,13,-0,53,-0,01,330074,3,32060,92,0,00,6460,9
56,173,-15,44,0,93,-0,04,-0,13,-0,52,-0,01,330001,3,32060,38,0,00,6460,4
56,178,-15,44,0,93,-0,04,-0,13,-0,52,-0,01,329928,6,32059,84,0,00,6459,8
56,183,-15,44,0,92,-0,04,-0,13,-0,52,-0,01,329856,2,32059,30,0,00,6459,3
56,188,-15,44,0,92,-0,04,-0,13,-0,52,-0,01,329783,9,32058,76,0,00,6458,8
56,193,-15,44,0,92,-0,04,-0,13,-0,51,-0,01,329711,7,32058,21,0,00,6458,2
56,198,-15,44,0,92,-0,04,-0,13,-0,51,-0,01,329639,9,32057,67,0,00,6457,7
56,203,-15,44,0,91,-0,04,-0,13,-0,51,-0,01,329568,1,32057,13,0,00,6457,1
56,208,-15,44,0,91,-0,04,-0,13,-0,51,-0,01,329496,7,32056,59,0,00,6456,6
56,213,-15,44,0,91,-0,04,-0,13,-0,50,-0,01,329425,2,32056,05,0,00,6456,1
56,218,-15,45,0,91,-0,04,-0,13,-0,50,-0,01,329354,2,32055,51,0,00,6455,5
56,223,-15,45,0,90,-0,04,-0,13,-0,50,-0,01,329283,0,32054,97,0,00,6455,0
56,228,-15,45,0,90,-0,04,-0,13,-0,50,-0,01,329212,4,32054,43,0,00,6454,4
56,233,-15,45,0,90,-0,04,-0,13,-0,49,-0,01,329141,6,32053,89,0,00,6453,9
56,238,-15,45,0,90,-0,04,-0,13,-0,49,-0,01,329071,1,32053,36,0,00,6453,4
56,243,-15,45,0,89,-0,04,-0,13,-0,49,-0,01,329000,9,32052,82,0,00,6452,8
56,248,-15,45,0,89,-0,04,-0,13,-0,49,-0,01,328931,4,32052,28,0,00,6452,3
56,253,-15,45,0,89,-0,04,-0,13,-0,49,-0,01,328860,5,32051,74,0,00,6451,7
56,258,-15,45,0,89,-0,04,-0,13,-0,48,-0,01,328791,6,32051,20,0,00,6451,2
56,263,-15,45,0,88,-0,04,-0,13,-0,48,-0,01,328722,1,32050,66,0,00,6450,7
56,268,-15,45,0,88,-0,04,-0,13,-0,48,-0,01,328652,4,32050,12,0,00,6450,1
56,273,-15,45,0,88,-0,04,-0,13,-0,48,-0,01,328583,5,32049,58,0,00,6449,6
56,278,-15,45,0,88,-0,04,-0,13,-0,47,-0,01,328514,4,32049,04,0,00,6449,0
56,283,-15,45,0,87,-0,04,-0,13,-0,47,-0,01,328445,6,32048,50,0,00,6448,5
56,288,-15,45,0,87,-0,04,-0,13,-0,47,-0,01,328377,0,32047,97,0,00,6448,0
56,293,-15,45,0,87,-0,04,-0,13,-0,47,-0,01,328308,8,32047,43,0,00,6447,4
56,298,-15,46,0,87,-0,04,-0,13,-0,47,-0,01,328240,0,32046,89,0,00,6446,9
56,303,-15,46,0,86,-0,04,-0,13,-0,46,-0,01,328172,7,32046,35,0,00,6446,4
56,308,-15,46,0,86,-0,04,-0,13,-0,46,-0,01,328104,0,32045,81,0,00,6445,8
56,313,-15,46,0,86,-0,04,-0,13,-0,46,-0,01,328036,9,32045,28,0,00,6445,3
56,318,-15,46,0,86,-0,04,-0,13,-0,46,-0,01,327968,8,32044,74,0,00,6444,7
56,323,-15,46,0,86,-0,04,-0,13,-0,45,-0,01,327902,2,32044,20,0,00,6444,2
56,328,-15,46,0,85,-0,04,-0,13,-0,45,-0,01,327834,1,32043,66,0,00,6443,7
56,333,-15,46,0,85,-0,04,-0,13,-0,45,-0,01,327768,1,32043,13,0,00,6443,1
56,338,-15,46,0,85,-0,04,-0,13,-0,45,-0,01,327700,6,32042,59,0,00,6442,6
56,343,-15,46,0,85,-0,04,-0,13,-0,45,-0,01,327633,8,32042,05,0,00,6442,1
56,348,-15,46,0,84,-0,04,-0,13,-0,44,-0,01,327567,8,32041,52,0,00,6441,5
56,353,-15,46,0,84,-0,04,-0,13,-0,44,-0,01,327501,1,32040,98,0,00,6441,0
56,358,-15,46,0,84,-0,04,-0,13,-0,44,-0,01,327435,5,32040,44,0,00,6440,4
56,363,-15,46,0,84,-0,04,-0,13,-0,44,-0,01,327369,0,32039,90,0,00,6439,9
56,368,-15,46,0,84,-0,04,-0,13,-0,44,-0,01,327303,6,32039,37,0,00,6439,4
56,373,-15,46,0,83,-0,04,-0,13,-0,43,-0,01,327237,5,32038,83,0,00,6438,8
56,378,-15,47,0,83,-0,04,-0,13,-0,43,-0,01,327172,7,32038,29,0,00,6438,3
56,383,-15,47,0,83,-0,04,-0,13,-0,43,-0,01,327107,2,32037,76,0,00,6437,8
56,388,-15,47,0,83,-0,04,-0,13,-0,43,-0,01,327041,9,32037,22,0,00,6437,2
56,393,-15,47,0,82,-0,04,-0,13,-0,43,-0,01,326977,0,32036,69,0,00,6436,7
56,398,-15,47,0,82,-0,04,-0,13,-0,42,-0,01,326912,3,32036,15,0,00,6436,2
56,403,-15,47,0,82,-0,04,-0,13,-0,42,-0,01,326847,9,32035,62,0,00,6435,6
56,408,-15,47,0,82,-0,04,-0,13,-0,42,-0,01,326783,3,32035,08,0,00,6435,1
56,413,-15,47,0,82,-0,04,-0,13,-0,42,-0,01,326719,4,32034,54,0,00,6434,5
56,418,-15,47,0,81,-0,04,-0,13,-0,42,-0,01,326654,9,32034,01,0,00,6434,0
56,423,-15,47,0,81,-0,04,-0,13,-0,41,-0,01,326591,1,32033,47,0,00,6433,5
56,428,-15,47,0,81,-0,04,-0,13,-0,41,-0,01,326527,6,32032,94,0,00,6432,9
56,433,-15,47,0,81,-0,04,-0,13,-0,41,-0,01,326463,4,32032,40,0,00,6432,4
56,438,-15,47,0,81,-0,04,-0,13,-0,41,-0,01,326400,8,32031,87,0,00,6431,9
56,443,-15,47,0,80,-0,04,-0,13,-0,41,-0,01,326336,8,32031,33,0,00,6431,3
56,448,-15,47,0,80,-0,04,-0,12,-0,40,-0,01,326274,3,32030,80,0,00,6430,8
56,453,-15,47,0,80,-0,04,-0,12,-0,40,-0,01,326211,2,32030,26,0,00,6430,3
56,458,-15,48,0,80,-0,04,-0,12,-0,40,-0,01,326148,3,32029,73,0,00,6429,7
56,463,-15,48,0,80,-0,04,-0,12,-0,40,-0,01,326085,8,32029,19,0,00,6429,2
56,468,-15,48,0,79,-0,04,-0,12,-0,40,-0,01,326023,8,32028,66,0,00,6428,7
56,473,-15,48,0,79,-0,04,-0,12,-0,40,-0,01,325960,9,32028,13,0,00,6428,1
56,478,-15,48,0,79,-0,04,-0,12,-0,39,-0,01,325899,5,32027,59,0,00,6427,6
56,483,-15,48,0,79,-0,04,-0,12,-0,39,-0,01,325836,6,32027,06,0,00,6427,1
56,488,-15,48,0,79,-0,04,-0,12,-0,39,-0,01,325775,8,32026,52,0,00,6426,5
56,493,-15,48,0,78,-0,04,-0,12,-0,39,-0,01,325713,8,32025,99,0,00,6426,0
56,498,-15,48,0,78,-0,04,-0,12,-0,39,-0,01,325652,6,32025,45,0,00,6425,5
56,503,-15,48,0,78,-0,04,-0,12,-0,38,-0,01,325590,7,32024,92,0,00,6424,9
56,508,-15,48,0,78,-0,04,-0,12,-0,38,-0,01,325530,4,32024,39,0,00,6424,4
56,513,-15,48,0,78,-0,04,-0,12,-0,38,-0,01,325469,1,32023,85,0,00,6423,9
56,518,-15,48,0,77,-0,04,-0,12,-0,38,-0,01,325408,4,32023,32,0,00,6423,3
56,523,-15,48,0,77,-0,04,-0,12,-0,38,-0,01,325347,6,32022,79,0,00,6422,8
56,528,-15,48,0,77,-0,04,-0,12,-0,38,-0,01,325286,9,32022,25,0,00,6422,3
56,533,-15,48,0,77,-0,04,-0,12,-0,37,-0,01,325227,5,32021,72,0,00,6421,7
56,538,-15,49,0,77,-0,04,-0,12,-0,37,-0,01,325166,5,32021,19,0,00,6421,2
56,543,-15,49,0,77,-0,04,-0,12,-0,37,-0,01,325106,6,32020,65,0,00,6420,7
56,548,-15,49,0,76,-0,04,-0,12,-0,37,-0,01,325047,0,32020,12,0,00,6420,1
56,553,-15,49,0,76,-0,04,-0,12,-0,37,-0,01,324987,2,32019,59,0,00,6419,6
56,558,-15,49,0,76,-0,04,-0,12,-0,36,-0,01,324928,1,32019,05,0,00,6419,1
56,563,-15,49,0,76,-0,04,-0,12,-0,36,-0,01,324867,9,32018,52,0,00,6418,5
56,568,-15,49,0,76,-0,04,-0,12,-0,36,-0,01,324809,7,32017,99,0,00,6418,0
56,573,-15,49,0,75,-0,04,-0,12,-0,36,-0,01,324749,6,32017,46,0,00,6417,5
56,578,-15,49,0,75,-0,04,-0,12,-0,36,-0,01,324691,8,32016,93,0,00,6416,9
56,583,-15,49,0,75,-0,04,-0,12,-0,36,-0,01,324632,2,32016,39,0,00,6416,4
56,588,-15,49,0,75,-0,04,-0,12,-0,35,-0,01,324573,7,32015,86,0,00,6415,9
56,593,-15,49,0,75,-0,04,-0,12,-0,35,-0,01,324515,8,32015,33,0,00,6415,3
56,598,-15,49,0,75,-0,04,-0,12,-0,35,-0,01,324456,9,32014,80,0,00,6414,8
56,603,-15,49,0,74,-0,04,-0,12,-0,35,-0,01,324399,6,32014,27,0,00,6414,3
56,608,-15,49,0,74,-0,04,-0,12,-0,35,-0,01,324340,7,32013,73,0,00,6413,7
56,613,-15,49,0,74,-0,04,-0,12,-0,35,-0,01,324283,3,32013,20,0,00,6413,2
56,618,-15,50,0,74,-0,04,-0,12,-0,35,-0,01,324225,8,32012,67,0,00,6412,7
56,623,-15,50,0,74,-0,04,-0,12,-0,34,-0,01,324168,1,32012,14,0,00,6412,1
56,628,-15,50,0,74,-0,04,-0,12,-0,34,-0,01,324110,6,32011,61,0,00,6411,6
56,633,-15,50,0,73,-0,04,-0,12,-0,34,-0,01,324053,8,32011,08,0,00,6411,1
56,638,-15,50,0,73,-0,04,-0,12,-0,34,-0,01,323996,8,32010,54,0,00,6410,5
56,643,-15,50,0,73,-0,04,-0,12,-0,34,-0,01,323939,2,32010,01,0,00,6410,0
56,648,-15,50,0,73,-0,04,-0,12,-0,34,-0,01,323883,5,32009,48,0,00,6409,5
56,653,-15,50,0,73,-0,04,-0,12,-0,33,-0,01,323825,9,32008,95,0,00,6409,0
56,658,-15,50,0,73,-0,04,-0,12,-0,33,-0,01,323769,8,32008,42,0,00,6408,4
56,663,-15,50,0,72,-0,04,-0,12,-0,33,-0,01,323714,0,32007,89,0,00,6407,9
56,668,-15,50,0,72,-0,04,-0,12,-0,33,-0,01,323657,1,32007,36,0,00,6407,4
56,673,-15,50,0,72,-0,04,-0,12,-0,33,-0,01,323601,7,32006,83,0,00,6406,8
56,678,-15,50,0,72,-0,04,-0,12,-0,33,-0,01,323545,3,32006,30,0,00,6406,3
56,683,-15,50,0,72,-0,04,-0,12,-0,32,-0,01,323489,9,32005,77,0,00,6405,8
56,688,-15,50,0,72,-0,04,-0,12,-0,32,-0,01,323434,3,32005,24,0,00,6405,2
56,693,-15,50,0,71,-0,04,-0,12,-0,32,-0,01,323378,6,32004,71,0,00,6404,7
56,698,-15,51,0,71,-0,04,-0,12,-0,32,-0,01,323323,9,32004,18,0,00,6404,2
56,703,-15,51,0,71,-0,04,-0,12,-0,32,-0,01,323268,2,32003,65,0,00,6403,6
56,708,-15,51,0,71,-0,04,-0,12,-0,32,-0,01,323214,0,32003,12,0,00,6403,1
56,713,-15,51,0,71,-0,04,-0,12,-0,32,-0,01,323158,3,32002,59,0,00,6402,6
56,718,-15,51,0,71,-0,04,-0,12,-0,31,-0,01,323104,1,32002,06,0,00,6402,1
56,723,-15,51,0,70,-0,04,-0,12,-0,31,-0,01,323049,3,32001,53,0,00,6401,5
56,728,-15,51,0,70,-0,04,-0,12,-0,31,-0,01,322995,5,32001,00,0,00,6401,0
56,733,-15,51,0,70,-0,04,-0,12,-0,31,-0,01,322940,3,32000,47,0,00,6400,5
56,738,-15,51,0,70,-0,04,-0,12,-0,31,-0,01,322887,0,31999,94,0,00,6399,9
56,743,-15,51,0,70,-0,04,-0,12,-0,31,-0,01,322832,6,31999,41,0,00,6399,4
56,748,-15,51,0,70,-0,04,-0,12,-0,31,-0,01,322778,9,31998,88,0,00,6398,9
56,753,-15,51,0,69,-0,04,-0,12,-0,30,-0,01,322725,4,31998,35,0,00,6398,4
56,758,-15,51,0,69,-0,04,-0,12,-0,30,-0,01,322671,3,31997,82,0,00,6397,8
56,763,-15,51,0,69,-0,04,-0,12,-0,30,-0,01,322618,7,31997,30,0,00,6397,3
56,768,-15,51,0,69,-0,04,-0,12,-0,30,-0,01,322565,0,31996,77,0,00,6396,8
56,773,-15,51,0,69,-0,04,-0,12,-0,30,-0,01,322512,0,31996,24,0,00,6396,2
56,778,-15,52,0,69,-0,04,-0,12,-0,30,-0,01,322458,8,31995,71,0,00,6395,7
56,783,-15,52,0,69,-0,04,-0,12,-0,30,-0,01,322406,2,31995,18,0,00,6395,2
56,788,-15,52,0,68,-0,04,-0,12,-0,30,-0,01,322353,3,31994,65,0,00,6394,7
56,793,-15,52,0,68,-0,04,-0,12,-0,29,-0,01,322301,2,31994,13,0,00,6394,1
56,798,-15,52,0,68,-0,04,-0,12,-0,29,-0,01,322248,4,31993,60,0,00,6393,6
56,803,-15,52,0,68,-0,04,-0,12,-0,29,-0,01,322196,2,31993,07,0,00,6393,1
56,808,-15,52,0,68,-0,04,-0,12,-0,29,-0,01,322144,3,31992,54,0,00,6392,5
56,813,-15,52,0,68,-0,04,-0,12,-0,29,-0,01,322091,7,31992,01,0,00,6392,0
56,818,-15,52,0,68,-0,04,-0,12,-0,29,-0,01,322040,6,31991,48,0,00,6391,5
56,823,-15,52,0,67,-0,04,-0,12,-0,29,-0,01,321988,5,31990,96,0,00,6391,0
56,828,-15,52,0,67,-0,04,-0,12,-0,28,-0,01,321937,0,31990,43,0,00,6390,4
56,833,-15,52,0,67,-0,04,-0,12,-0,28,-0,01,321885,7,31989,90,0,00,6389,9
56,838,-15,52,0,67,-0,04,-0,12,-0,28,-0,01,321834,2,31989,37,0,00,6389,4
56,843,-15,52,0,67,-0,04,-0,12,-0,28,-0,01,321782,8,31988,85,0,00,6388,8
56,848,-15,52,0,67,-0,04,-0,12,-0,28,-0,01,321732,2,31988,32,0,00,6388,3
56,853,-15,52,0,67,-0,04,-0,12,-0,28,-0,01,321680,9,31987,79,0,00,6387,8
56,858,-15,53,0,66,-0,04,-0,12,-0,28,-0,01,321630,7,31987,26,0,00,6387,3
56,863,-15,53,0,66,-0,04,-0,12,-0,28,-0,01,321579,3,31986,74,0,00,6386,7
56,868,-15,53,0,66,-0,04,-0,12,-0,27,-0,01,321529,5,31986,21,0,00,6386,2
56,873,-15,53,0,66,-0,04,-0,12,-0,27,-0,01,321479,0,31985,68,0,00,6385,7
56,878,-15,53,0,66,-0,04,-0,12,-0,27,-0,01,321428,3,31985,15,0,00,6385,2
56,883,-15,53,0,66,-0,04,-0,12,-0,27,-0,01,321378,7,31984,63,0,00,6384,6
56,888,-15,53,0,66,-0,04,-0,12,-0,27,-0,01,321328,4,31984,10,0,00,6384,1
56,893,-15,53,0,65,-0,04,-0,12,-0,27,-0,01,321279,2,31983,57,0,00,6383,6
56,898,-15,53,0,65,-0,04,-0,12,-0,27,-0,01,321228,5,31983,05,0,00,6383,0
56,903,-15,53,0,65,-0,04,-0,12,-0,27,-0,01,321180,1,31982,52,0,00,6382,5
56,908,-15,53,0,65,-0,04,-0,12,-0,27,-0,01,321129,8,31981,99,0,00,6382,0
56,913,-15,53,0,65,-0,04,-0,12,-0,26,-0,01,321081,0,31981,47,0,00,6381,5
56,918,-15,53,0,65,-0,04,-0,12,-0,26,-0,01,321031,5,31980,94,0,00,6380,9
56,923,-15,53,0,65,-0,04,-0,12,-0,26,-0,01,320982,7,31980,42,0,00,6380,4
56,928,-15,53,0,65,-0,04,-0,12,-0,26,-0,01,320933,6,31979,89,0,00,6379,9
56,933,-15,53,0,64,-0,04,-0,12,-0,26,-0,01,320884,7,31979,36,0,00,6379,4
56,938,-15,54,0,64,-0,04,-0,12,-0,26,-0,01,320836,5,31978,84,0,00,6378,8
56,943,-15,54,0,64,-0,04,-0,12,-0,26,-0,01,320787,6,31978,31,0,00,6378,3
56,948,-15,54,0,64,-0,04,-0,12,-0,26,-0,01,320739,3,31977,79,0,00,6377,8
56,953,-15,54,0,64,-0,04,-0,12,-0,25,-0,01,320691,3,31977,26,0,00,6377,3
56,958,-15,54,0,64,-0,04,-0,12,-0,25,-0,01,320643,0,31976,73,0,00,6376,7
56,963,-15,54,0,64,-0,04,-0,12,-0,25,-0,01,320594,9,31976,21,0,00,6376,2
56,968,-15,54,0,64,-0,04,-0,12,-0,25,-0,01,320547,4,31975,68,0,00,6375,7
56,973,-15,54,0,63,-0,04,-0,12,-0,25,-0,01,320498,9,31975,16,0,00,6375,2
56,978,-15,54,0,63,-0,04,-0,12,-0,25,-0,01,320452,3,31974,63,0,00,6374,6
56,983,-15,54,0,63,-0,04,-0,12,-0,25,-0,01,320403,7,31974,11,0,00,6374,1
56,988,-15,54,0,63,-0,04,-0,12,-0,25,-0,01,320357,4,31973,58,0,00,6373,6
56,993,-15,54,0,63,-0,04,-0,12,-0,25,-0,01,320309,7,31973,06,0,00,6373,1
56,998,-15,54,0,63,-0,04,-0,12,-0,25,-0,01,320262,5,31972,53,0,00,6372,5
57,003,-15,54,0,63,-0,04,-0,12,-0,24,-0,01,320215,6,31972,01,0,00,6372,0
57,008,-15,54,0,63,-0,04,-0,12,-0,24,-0,01,320168,8,31971,48,0,00,6371,5
57,013,-15,54,0,62,-0,04,-0,12,-0,24,-0,01,320121,8,31970,96,0,00,6371,0
57,018,-15,54,0,62,-0,04,-0,12,-0,24,-0,01,320075,1,31970,43,0,00,6370,4
57,023,-15,55,0,62,-0,04,-0,12,-0,24,-0,01,320029,3,31969,91,0,00,6369,9
57,028,-15,55,0,62,-0,04,-0,12,-0,24,-0,01,319982,0,31969,38,0,00,6369,4
57,033,-15,55,0,62,-0,04,-0,12,-0,24,-0,01,319936,7,31968,86,0,00,6368,9
57,038,-15,55,0,62,-0,04,-0,12,-0,24,-0,01,319889,8,31968,33,0,00,6368,3
57,043,-15,55,0,62,-0,04,-0,12,-0,24,-0,01,319844,4,31967,81,0,00,6367,8
57,048,-15,55,0,62,-0,04,-0,12,-0,23,-0,01,319798,4,31967,29,0,00,6367,3
57,053,-15,55,0,61,-0,04,-0,12,-0,23,-0,01,319752,5,31966,76,0,00,6366,8
57,058,-15,55,0,61,-0,04,-0,12,-0,23,-0,01,319706,8,31966,24,0,00,6366,2
57,063,-15,55,0,61,-0,04,-0,12,-0,23,-0,01,319661,8,31965,71,0,00,6365,7
57,068,-15,55,0,61,-0,04,-0,12,-0,23,-0,01,319615,6,31965,19,0,00,6365,2
57,073,-15,55,0,61,-0,04,-0,12,-0,23,-0,01,319571,3,31964,66,0,00,6364,7
57,078,-15,55,0,61,-0,04,-0,12,-0,23,-0,01,319525,5,31964,14,0,00,6364,1
57,083,-15,55,0,61,-0,04,-0,12,-0,23,-0,01,319480,4,31963,62,0,00,6363,6
57,088,-15,55,0,61,-0,04,-0,12,-0,23,-0,01,319436,3,31963,09,0,00,6363,1
57,093,-15,55,0,61,-0,04,-0,12,-0,23,-0,01,319390,6,31962,57,0,00,6362,6
57,098,-15,55,0,60,-0,04,-0,12,-0,23,-0,01,319346,4,31962,05,0,00,6362,0
57,103,-15,56,0,60,-0,04,-0,12,-0,22,-0,01,319302,0,31961,52,0,00,6361,5
57,108,-15,56,0,60,-0,04,-0,12,-0,22,-0,01,319257,3,31961,00,0,00,6361,0
57,113,-15,56,0,60,-0,04,-0,12,-0,22,-0,01,319212,8,31960,48,0,00,6360,5
57,118,-15,56,0,60,-0,04,-0,12,-0,22,-0,01,319169,0,31959,95,0,00,6360,0
57,123,-15,56,0,60,-0,04,-0,12,-0,22,-0,01,319124,9,31959,43,0,00,6359,4
57,128,-15,56,0,60,-0,04,-0,12,-0,22,-0,01,319080,9,31958,91,0,00,6358,9
57,133,-15,56,0,60,-0,04,-0,12,-0,22,-0,01,319037,2,31958,38,0,00,6358,4
57,138,-15,56,0,60,-0,04,-0,12,-0,22,-0,01,318993,2,31957,86,0,00,6357,9
57,143,-15,56,0,59,-0,04,-0,12,-0,22,-0,01,318949,8,31957,34,0,00,6357,3
57,148,-15,56,0,59,-0,04,-0,12,-0,22,-0,01,318906,2,31956,81,0,00,6356,8
57,153,-15,56,0,59,-0,04,-0,12,-0,22,-0,01,318863,2,31956,29,0,00,6356,3
57,158,-15,56,0,59,-0,04,-0,12,-0,21,-0,01,318819,5,31955,77,0,00,6355,8
57,163,-15,56,0,59,-0,04,-0,12,-0,21,-0,01,318776,8,31955,25,0,00,6355,2
57,168,-15,56,0,59,-0,04,-0,12,-0,21,-0,01,318733,5,31954,72,0,00,6354,7
57,173,-15,56,0,59,-0,04,-0,12,-0,21,-0,01,318690,8,31954,20,0,00,6354,2
57,178,-15,56,0,59,-0,04,-0,12,-0,21,-0,01,318647,8,31953,68,0,00,6353,7
57,183,-15,57,0,59,-0,04,-0,12,-0,21,-0,01,318605,4,31953,16,0,00,6353,2
57,188,-15,57,0,58,-0,04,-0,12,-0,21,-0,01,318562,3,31952,63,0,00,6352,6
57,193,-15,57,0,58,-0,04,-0,12,-0,21,-0,01,318520,3,31952,11,0,00,6352,1
57,198,-15,57,0,58,-0,04,-0,12,-0,21,-0,01,318478,1,31951,59,0,00,6351,6
57,203,-15,57,0,58,-0,04,-0,12,-0,21,-0,01,318435,5,31951,07,0,00,6351,1
57,208,-15,57,0,58,-0,04,-0,12,-0,21,-0,01,318393,6,31950,55,0,00,6350,5
57,213,-15,57,0,58,-0,04,-0,12,-0,21,-0,01,318351,9,31950,03,0,00,6350,0
57,218,-15,57,0,58,-0,04,-0,12,-0,21,-0,01,318309,5,31949,50,0,00,6349,5
57,223,-15,57,0,58,-0,04,-0,12,-0,20,-0,01,318268,1,31948,98,0,00,6349,0
57,228,-15,57,0,58,-0,04,-0,12,-0,20,-0,01,318226,4,31948,46,0,00,6348,5
57,233,-15,57,0,58,-0,04,-0,12,-0,20,-0,01,318185,0,31947,94,0,00,6347,9
57,238,-15,57,0,57,-0,04,-0,12,-0,20,-0,01,318143,2,31947,42,0,00,6347,4
57,243,-15,57,0,57,-0,04,-0,12,-0,20,-0,01,318102,1,31946,89,0,00,6346,9
57,248,-15,57,0,57,-0,04,-0,12,-0,20,-0,01,318061,2,31946,37,0,00,6346,4
57,253,-15,57,0,57,-0,04,-0,12,-0,20,-0,01,318019,5,31945,85,0,00,6345,9
57,258,-15,57,0,57,-0,04,-0,12,-0,20,-0,01,317978,9,31945,33,0,00,6345,3
57,263,-15,58,0,57,-0,04,-0,12,-0,20,-0,01,317937,6,31944,81,0,00,6344,8
57,268,-15,58,0,57,-0,04,-0,12,-0,20,-0,01,317897,8,31944,29,0,00,6344,3
57,273,-15,58,0,57,-0,04,-0,12,-0,20,-0,01,317856,0,31943,77,0,00,6343,8
57,278,-15,58,0,57,-0,04,-0,12,-0,20,-0,01,317816,5,31943,25,0,00,6343,2
57,283,-15,58,0,57,-0,04,-0,12,-0,20,-0,01,317775,0,31942,73,0,00,6342,7
57,288,-15,58,0,56,-0,05,-0,12,-0,19,-0,01,317735,9,31942,21,0,00,6342,2
57,293,-15,58,0,56,-0,05,-0,12,-0,19,-0,01,317694,8,31941,68,0,00,6341,7
57,298,-15,58,0,56,-0,05,-0,12,-0,19,-0,01,317655,1,31941,16,0,00,6341,2
57,303,-15,58,0,56,-0,05,-0,12,-0,19,-0,01,317615,1,31940,64,0,00,6340,6
57,308,-15,58,0,56,-0,05,-0,12,-0,19,-0,01,317574,9,31940,12,0,00,6340,1
57,313,-15,58,0,56,-0,05,-0,12,-0,19,-0,01,317535,3,31939,60,0,00,6339,6
57,318,-15,58,0,56,-0,05,-0,12,-0,19,-0,01,317495,4,31939,08,0,00,6339,1
57,323,-15,58,0,56,-0,05,-0,12,-0,19,-0,01,317456,2,31938,56,0,00,6338,6
57,328,-15,58,0,56,-0,05,-0,12,-0,19,-0,01,317416,2,31938,04,0,00,6338,0
57,333,-15,58,0,56,-0,05,-0,12,-0,19,-0,01,317377,7,31937,52,0,00,6337,5
57,338,-15,58,0,55,-0,05,-0,12,-0,19,-0,01,317337,6,31937,00,0,00,6337,0
57,343,-15,58,0,55,-0,05,-0,12,-0,19,-0,01,317299,0,31936,48,0,00,6336,5
57,348,-15,59,0,55,-0,05,-0,12,-0,19,-0,01,317259,7,31935,96,0,00,6336,0
57,353,-15,59,0,55,-0,05,-0,12,-0,19,-0,01,317221,0,31935,44,0,00,6335,4
57,358,-15,59,0,55,-0,05,-0,12,-0,19,-0,01,317181,6,31934,92,0,00,6334,9
57,363,-15,59,0,55,-0,05,-0,12,-0,18,-0,01,317143,6,31934,40,0,00,6334,4
57,368,-15,59,0,55,-0,05,-0,12,-0,18,-0,01,317104,5,31933,88,0,00,6333,9
57,373,-15,59,0,55,-0,05,-0,12,-0,18,-0,01,317066,4,31933,36,0,00,6333,4
57,378,-15,59,0,55,-0,05,-0,12,-0,18,-0,01,317027,3,31932,84,0,00,6332,8
57,383,-15,59,0,55,-0,05,-0,12,-0,18,-0,01,316989,9,31932,32,0,00,6332,3
57,388,-15,59,0,55,-0,05,-0,12,-0,18,-0,01,316950,7,31931,80,0,00,6331,8
57,393,-15,59,0,54,-0,05,-0,12,-0,18,-0,01,316913,7,31931,28,0,00,6331,3
57,398,-15,59,0,54,-0,05,-0,12,-0,18,-0,01,316874,7,31930,76,0,00,6330,8
57,403,-15,59,0,54,-0,05,-0,12,-0,18,-0,01,316837,6,31930,24,0,00,6330,2
57,408,-15,59,0,54,-0,05,-0,12,-0,18,-0,01,316798,9,31929,72,0,00,6329,7
57,413,-15,59,0,54,-0,05,-0,12,-0,18,-0,01,316762,1,31929,20,0,00,6329,2
57,418,-15,59,0,54,-0,05,-0,12,-0,18,-0,01,316723,8,31928,68,0,00,6328,7
57,423,-15,59,0,54,-0,05,-0,12,-0,18,-0,01,316686,9,31928,16,0,00,6328,2
57,428,-15,60,0,54,-0,05,-0,12,-0,18,-0,01,316648,8,31927,64,0,00,6327,6
57,433,-15,60,0,54,-0,05,-0,12,-0,18,-0,01,316612,3,31927,13,0,00,6327,1
57,438,-15,60,0,54,-0,05,-0,12,-0,18,-0,01,316574,5,31926,61,0,00,6326,6
57,443,-15,60,0,54,-0,05,-0,12,-0,18,-0,01,316537,8,31926,09,0,00,6326,1
57,448,-15,60,0,53,-0,05,-0,12,-0,18,-0,01,316500,4,31925,57,0,00,6325,6
57,453,-15,60,0,53,-0,05,-0,12,-0,17,-0,01,316464,1,31925,05,0,00,6325,1
57,458,-15,60,0,53,-0,05,-0,12,-0,17,-0,01,316426,9,31924,53,0,00,6324,5
57,463,-15,60,0,53,-0,05,-0,12,-0,17,-0,01,316390,0,31924,01,0,00,6324,0
57,468,-15,60,0,53,-0,05,-0,12,-0,17,-0,01,316354,1,31923,49,0,00,6323,5
57,473,-15,60,0,53,-0,05,-0,12,-0,17,-0,01,316317,0,31922,98,0,00,6323,0
57,478,-15,60,0,53,-0,05,-0,12,-0,17,-0,01,316281,0,31922,46,0,00,6322,5
57,483,-15,60,0,53,-0,05,-0,12,-0,17,-0,01,316244,2,31921,94,0,00,6321,9
57,488,-15,60,0,53,-0,05,-0,12,-0,17,-0,01,316208,5,31921,42,0,00,6321,4
57,493,-15,60,0,53,-0,05,-0,12,-0,17,-0,01,316172,0,31920,90,0,00,6320,9
57,498,-15,60,0,53,-0,05,-0,12,-0,17,-0,01,316136,6,31920,38,0,00,6320,4
57,503,-15,60,0,53,-0,05,-0,12,-0,17,-0,01,316100,0,31919,87,0,00,6319,9
57,508,-15,61,0,52,-0,05,-0,12,-0,17,-0,01,316064,9,31919,35,0,00,6319,3
57,513,-15,61,0,52,-0,05,-0,12,-0,17,-0,01,316028,2,31918,83,0,00,6318,8
57,518,-15,61,0,52,-0,05,-0,12,-0,17,-0,01,315993,8,31918,31,0,00,6318,3
57,523,-15,61,0,52,-0,05,-0,12,-0,17,-0,01,315957,4,31917,79,0,00,6317,8
57,528,-15,61,0,52,-0,05,-0,12,-0,17,-0,01,315922,4,31917,28,0,00,6317,3
57,533,-15,61,0,52,-0,05,-0,12,-0,17,-0,01,315886,7,31916,76,0,00,6316,8
57,538,-15,61,0,52,-0,05,-0,12,-0,17,-0,01,315851,6,31916,24,0,00,6316,2
57,543,-15,61,0,52,-0,05,-0,12,-0,17,-0,01,315816,7,31915,72,0,00,6315,7
57,548,-15,61,0,52,-0,05,-0,12,-0,17,-0,01,315781,4,31915,21,0,00,6315,2
57,553,-15,61,0,52,-0,05,-0,12,-0,17,-0,01,315746,4,31914,69,0,00,6314,7
57,558,-15,61,0,52,-0,05,-0,12,-0,16,-0,01,315711,9,31914,17,0,00,6314,2
57,563,-15,61,0,52,-0,05,-0,12,-0,16,-0,01,315677,1,31913,65,0,00,6313,7
57,568,-15,61,0,51,-0,05,-0,12,-0,16,-0,01,315642,0,31913,13,0,00,6313,1
57,573,-15,61,0,51,-0,05,-0,12,-0,16,-0,01,315607,9,31912,62,0,00,6312,6
57,578,-15,61,0,51,-0,05,-0,12,-0,16,-0,01,315573,2,31912,10,0,00,6312,1
57,583,-15,61,0,51,-0,05,-0,12,-0,16,-0,01,315538,9,31911,58,0,00,6311,6
57,588,-15,61,0,51,-0,05,-0,12,-0,16,-0,01,315504,5,31911,06,0,00,6311,1
57,593,-15,62,0,51,-0,05,-0,12,-0,16,-0,01,315470,5,31910,55,0,00,6310,5
57,598,-15,62,0,51,-0,05,-0,12,-0,16,-0,01,315435,9,31910,03,0,00,6310,0
57,603,-15,62,0,51,-0,05,-0,12,-0,16,-0,01,315402,7,31909,51,0,00,6309,5
57,608,-15,62,0,51,-0,05,-0,12,-0,16,-0,01,315367,9,31909,00,0,00,6309,0
57,613,-15,62,0,51,-0,05,-0,12,-0,16,-0,01,315334,6,31908,48,0,00,6308,5
57,618,-15,62,0,51,-0,05,-0,12,-0,16,-0,01,315301,0,31907,96,0,00,6308,0
57,623,-15,62,0,51,-0,05,-0,12,-0,16,-0,01,315267,1,31907,45,0,00,6307,4
57,628,-15,62,0,50,-0,05,-0,12,-0,16,-0,01,315233,3,31906,93,0,00,6306,9
57,633,-15,62,0,50,-0,05,-0,12,-0,16,-0,01,315200,5,31906,41,0,00,6306,4
57,638,-15,62,0,50,-0,05,-0,12,-0,16,-0,01,315166,6,31905,89,0,00,6305,9
57,643,-15,62,0,50,-0,05,-0,12,-0,16,-0,01,315133,3,31905,38,0,00,6305,4
57,648,-15,62,0,50,-0,05,-0,12,-0,16,-0,01,315100,5,31904,86,0,00,6304,9
57,653,-15,62,0,50,-0,05,-0,12,-0,16,-0,01,315067,0,31904,35,0,00,6304,3
57,658,-15,62,0,50,-0,05,-0,12,-0,16,-0,01,315034,5,31903,83,0,00,6303,8
57,663,-15,62,0,50,-0,05,-0,12,-0,16,-0,01,315001,3,31903,31,0,00,6303,3
57,668,-15,62,0,50,-0,05,-0,12,-0,16,-0,01,314968,2,31902,80,0,00,6302,8
57,673,-15,63,0,50,-0,05,-0,12,-0,16,-0,01,314935,7,31902,28,0,00,6302,3
57,678,-15,63,0,50,-0,05,-0,12,-0,16,-0,01,314903,3,31901,76,0,00,6301,8
57,683,-15,63,0,50,-0,05,-0,12,-0,16,-0,01,314870,2,31901,25,0,00,6301,2
57,688,-15,63,0,50,-0,05,-0,12,-0,16,-0,01,314838,1,31900,73,0,00,6300,7
57,693,-15,63,0,49,-0,05,-0,12,-0,15,-0,01,314805,7,31900,21,0,00,6300,2
57,698,-15,63,0,49,-0,05,-0,12,-0,15,-0,01,314773,0,31899,70,0,00,6299,7
57,703,-15,63,0,49,-0,05,-0,12,-0,15,-0,01,314740,9,31899,18,0,00,6299,2
57,708,-15,63,0,49,-0,05,-0,12,-0,15,-0,01,314709,3,31898,67,0,00,6298,7
57,713,-15,63,0,49,-0,05,-0,12,-0,15,-0,01,314676,7,31898,15,0,00,6298,2
57,718,-15,63,0,49,-0,05,-0,12,-0,15,-0,01,314644,9,31897,63,0,00,6297,6
57,723,-15,63,0,49,-0,05,-0,12,-0,15,-0,01,314612,9,31897,12,0,00,6297,1
57,728,-15,63,0,49,-0,05,-0,12,-0,15,-0,01,314581,5,31896,60,0,00,6296,6
57,733,-15,63,0,49,-0,05,-0,12,-0,15,-0,01,314549,8,31896,09,0,00,6296,1
57,738,-15,63,0,49,-0,05,-0,12,-0,15,-0,01,314517,7,31895,57,0,00,6295,6
57,743,-15,63,0,49,-0,05,-0,12,-0,15,-0,01,314486,7,31895,06,0,00,6295,1
57,748,-15,63,0,49,-0,05,-0,12,-0,15,-0,01,314454,9,31894,54,0,00,6294,5
57,753,-15,63,0,49,-0,05,-0,12,-0,15,-0,01,314423,7,31894,03,0,00,6294,0
57,758,-15,64,0,48,-0,05,-0,12,-0,15,-0,01,314392,2,31893,51,0,00,6293,5
57,763,-15,64,0,48,-0,05,-0,12,-0,15,-0,01,314361,3,31893,00,0,00,6293,0
57,768,-15,64,0,48,-0,05,-0,12,-0,15,-0,01,314330,1,31892,48,0,00,6292,5
57,773,-15,64,0,48,-0,05,-0,12,-0,15,-0,01,314299,4,31891,96,0,00,6292,0
57,778,-15,64,0,48,-0,05,-0,12,-0,15,-0,01,314268,0,31891,45,0,00,6291,5
57,783,-15,64,0,48,-0,05,-0,12,-0,15,-0,01,314237,6,31890,93,0,00,6290,9
57,788,-15,64,0,48,-0,05,-0,12,-0,15,-0,01,314206,4,31890,42,0,00,6290,4
57,793,-15,64,0,48,-0,05,-0,12,-0,15,-0,01,314175,9,31889,90,0,00,6289,9
57,798,-15,64,0,48,-0,05,-0,12,-0,15,-0,01,314145,8,31889,39,0,00,6289,4
57,803,-15,64,0,48,-0,05,-0,12,-0,15,-0,01,314114,3,31888,88,0,00,6288,9
57,808,-15,64,0,48,-0,05,-0,12,-0,15,-0,01,314084,9,31888,36,0,00,6288,4
57,813,-15,64,0,48,-0,05,-0,12,-0,15,-0,01,314053,6,31887,84,0,00,6287,8
57,818,-15,64,0,48,-0,05,-0,12,-0,15,-0,01,314024,5,31887,33,0,00,6287,3
57,823,-15,64,0,48,-0,05,-0,12,-0,15,-0,01,313993,0,31886,81,0,00,6286,8
57,828,-15,64,0,47,-0,05,-0,12,-0,15,-0,01,313964,2,31886,30,0,00,6286,3
57,833,-15,64,0,47,-0,05,-0,12,-0,15,-0,01,313932,9,31885,79,0,00,6285,8
57,838,-15,65,0,47,-0,05,-0,12,-0,15,-0,01,313904,3,31885,27,0,00,6285,3
57,843,-15,65,0,47,-0,05,-0,12,-0,15,-0,01,313873,3,31884,76,0,00,6284,8
57,848,-15,65,0,47,-0,05,-0,12,-0,15,-0,01,313844,2,31884,24,0,00,6284,2
57,853,-15,65,0,47,-0,05,-0,12,-0,15,-0,01,313814,3,31883,73,0,00,6283,7
57,858,-15,65,0,47,-0,05,-0,12,-0,15,-0,01,313784,5,31883,21,0,00,6283,2
57,863,-15,65,0,47,-0,05,-0,12,-0,15,-0,01,313755,7,31882,70,0,00,6282,7
57,868,-15,65,0,47,-0,05,-0,12,-0,15,-0,01,313725,3,31882,18,0,00,6282,2
57,873,-15,65,0,47,-0,05,-0,12,-0,15,-0,01,313696,3,31881,67,0,00,6281,7
57,878,-15,65,0,47,-0,05,-0,12,-0,15,-0,01,313667,1,31881,16,0,00,6281,2
57,883,-15,65,0,47,-0,05,-0,12,-0,15,-0,01,313637,9,31880,64,0,00,6280,6
57,888,-15,65,0,47,-0,05,-0,12,-0,15,-0,01,313608,9,31880,13,0,00,6280,1
57,893,-15,65,0,46,-0,05,-0,12,-0,15,-0,01,313579,6,31879,61,0,00,6279,6
57,898,-15,65,0,46,-0,05,-0,12,-0,15,-0,01,313550,8,31879,10,0,00,6279,1
57,903,-15,65,0,46,-0,05,-0,12,-0,15,-0,01,313521,7,31878,59,0,00,6278,6
57,908,-15,65,0,46,-0,05,-0,12,-0,15,-0,01,313493,2,31878,07,0,00,6278,1
57,913,-15,65,0,46,-0,05,-0,12,-0,15,-0,01,313464,3,31877,56,0,00,6277,6
57,918,-15,65,0,46,-0,05,-0,12,-0,15,-0,01,313435,6,31877,04,0,00,6277,0
57,923,-15,66,0,46,-0,05,-0,12,-0,14,-0,01,313407,0,31876,53,0,00,6276,5
57,928,-15,66,0,46,-0,05,-0,12,-0,14,-0,01,313379,0,31876,02,0,00,6276,0
57,933,-15,66,0,46,-0,05,-0,12,-0,14,-0,01,313349,8,31875,50,0,00,6275,5
57,938,-15,66,0,46,-0,05,-0,12,-0,14,-0,01,313322,0,31874,99,0,00,6275,0
57,943,-15,66,0,46,-0,05,-0,12,-0,14,-0,01,313293,5,31874,47,0,00,6274,5
57,948,-15,66,0,46,-0,05,-0,12,-0,14,-0,01,313265,5,31873,96,0,00,6274,0
57,953,-15,66,0,46,-0,05,-0,12,-0,14,-0,01,313237,6,31873,45,0,00,6273,4
57,958,-15,66,0,46,-0,05,-0,12,-0,14,-0,01,313209,0,31872,93,0,00,6272,9
57,963,-15,66,0,45,-0,05,-0,12,-0,14,-0,01,313181,3,31872,42,0,00,6272,4
57,968,-15,66,0,45,-0,05,-0,12,-0,14,-0,01,313153,4,31871,91,0,00,6271,9
57,973,-15,66,0,45,-0,05,-0,12,-0,14,-0,01,313125,6,31871,39,0,00,6271,4
57,978,-15,66,0,45,-0,05,-0,12,-0,14,-0,01,313098,3,31870,88,0,00,6270,9
57,983,-15,66,0,45,-0,05,-0,12,-0,14,-0,01,313069,9,31870,37,0,00,6270,4
57,988,-15,66,0,45,-0,05,-0,12,-0,14,-0,01,313042,8,31869,86,0,00,6269,9
57,993,-15,66,0,45,-0,05,-0,12,-0,14,-0,01,313015,1,31869,34,0,00,6269,3
57,998,-15,66,0,45,-0,05,-0,12,-0,14,-0,01,312987,8,31868,83,0,00,6268,8
58,003,-15,67,0,45,-0,05,-0,12,-0,14,-0,01,312960,3,31868,31,0,00,6268,3
58,008,-15,67,0,45,-0,05,-0,12,-0,14,-0,01,312933,3,31867,80,0,00,6267,8
58,013,-15,67,0,45,-0,05,-0,12,-0,14,-0,01,312905,9,31867,29,0,00,6267,3
58,018,-15,67,0,45,-0,05,-0,12,-0,14,-0,01,312878,8,31866,78,0,00,6266,8
58,023,-15,67,0,45,-0,05,-0,12,-0,14,-0,01,312851,7,31866,26,0,00,6266,3
58,028,-15,67,0,45,-0,05,-0,12,-0,14,-0,01,312825,1,31865,75,0,00,6265,8
58,033,-15,67,0,44,-0,05,-0,12,-0,14,-0,01,312797,8,31865,24,0,00,6265,2
58,038,-15,67,0,44,-0,05,-0,12,-0,14,-0,01,312770,7,31864,72,0,00,6264,7
58,043,-15,67,0,44,-0,05,-0,12,-0,14,-0,01,312744,5,31864,21,0,00,6264,2
58,048,-15,67,0,44,-0,05,-0,12,-0,14,-0,01,312717,5,31863,70,0,00,6263,7
58,053,-15,67,0,44,-0,05,-0,12,-0,14,-0,01,312691,1,31863,19,0,00,6263,2
58,058,-15,67,0,44,-0,05,-0,12,-0,14,-0,01,312664,4,31862,67,0,00,6262,7
58,063,-15,67,0,44,-0,05,-0,12,-0,14,-0,01,312637,8,31862,16,0,00,6262,2
58,068,-15,67,0,44,-0,05,-0,12,-0,14,-0,01,312611,8,31861,65,0,00,6261,6
58,073,-15,67,0,44,-0,05,-0,12,-0,14,-0,01,312585,0,31861,14,0,00,6261,1
58,078,-15,67,0,44,-0,05,-0,12,-0,14,-0,01,312559,6,31860,63,0,00,6260,6
58,083,-15,67,0,44,-0,05,-0,12,-0,14,-0,01,312532,6,31860,11,0,00,6260,1
58,088,-15,68,0,44,-0,05,-0,12,-0,14,-0,01,312506,9,31859,60,0,00,6259,6
58,093,-15,68,0,44,-0,05,-0,12,-0,14,-0,01,312480,2,31859,09,0,00,6259,1
58,098,-15,68,0,44,-0,05,-0,12,-0,14,-0,01,312455,2,31858,57,0,00,6258,6
58,103,-15,68,0,43,-0,05,-0,12,-0,14,-0,01,312428,6,31858,06,0,00,6258,1
58,108,-15,68,0,43,-0,05,-0,12,-0,14,-0,01,312403,0,31857,55,0,00,6257,6
58,113,-15,68,0,43,-0,05,-0,12,-0,14,-0,01,312377,6,31857,04,0,00,6257,0
58,118,-15,68,0,43,-0,05,-0,12,-0,14,-0,01,312351,3,31856,53,0,00,6256,5
58,123,-15,68,0,43,-0,05,-0,12,-0,14,-0,01,312326,1,31856,01,0,00,6256,0
58,128,-15,68,0,43,-0,05,-0,12,-0,14,-0,01,312300,5,31855,50,0,00,6255,5
58,133,-15,68,0,43,-0,05,-0,12,-0,14,-0,01,312275,0,31854,99,0,00,6255,0
58,138,-15,68,0,43,-0,05,-0,12,-0,14,-0,01,312249,6,31854,48,0,00,6254,5
58,143,-15,68,0,43,-0,05,-0,12,-0,14,-0,01,312223,9,31853,97,0,00,6254,0
58,148,-15,68,0,43,-0,05,-0,12,-0,14,-0,01,312199,2,31853,46,0,00,6253,5
58,153,-15,68,0,43,-0,05,-0,12,-0,14,-0,01,312173,8,31852,94,0,00,6252,9
58,158,-15,68,0,43,-0,05,-0,12,-0,14,-0,01,312148,8,31852,43,0,00,6252,4
58,163,-15,68,0,43,-0,05,-0,12,-0,14,-0,01,312123,6,31851,92,0,00,6251,9
58,168,-15,69,0,43,-0,05,-0,12,-0,14,-0,01,312098,4,31851,41,0,00,6251,4
58,173,-15,69,0,42,-0,05,-0,12,-0,14,-0,01,312073,8,31850,90,0,00,6250,9
58,178,-15,69,0,42,-0,05,-0,12,-0,14,-0,01,312049,3,31850,38,0,00,6250,4
58,183,-15,69,0,42,-0,05,-0,12,-0,14,-0,01,312023,6,31849,87,0,00,6249,9
58,188,-15,69,0,42,-0,05,-0,12,-0,14,-0,01,311999,7,31849,36,0,00,6249,4
58,193,-15,69,0,42,-0,05,-0,12,-0,14,-0,01,311974,7,31848,85,0,00,6248,9
58,198,-15,69,0,42,-0,05,-0,12,-0,14,-0,01,311950,2,31848,34,0,00,6248,3
58,203,-15,69,0,42,-0,05,-0,12,-0,14,-0,01,311925,3,31847,83,0,00,6247,8
58,208,-15,69,0,42,-0,05,-0,12,-0,14,-0,01,311901,4,31847,32,0,00,6247,3
58,213,-15,69,0,42,-0,05,-0,12,-0,14,-0,01,311876,8,31846,80,0,00,6246,8
58,218,-15,69,0,42,-0,05,-0,12,-0,14,-0,01,311852,7,31846,29,0,00,6246,3
58,223,-15,69,0,42,-0,05,-0,12,-0,14,-0,01,311828,3,31845,78,0,00,6245,8
58,228,-15,69,0,42,-0,05,-0,12,-0,14,-0,01,311804,0,31845,27,0,00,6245,3
58,233,-15,69,0,42,-0,05,-0,12,-0,14,-0,01,311780,2,31844,76,0,00,6244,8
58,238,-15,69,0,42,-0,05,-0,12,-0,14,-0,01,311755,7,31844,25,0,00,6244,2
58,243,-15,69,0,41,-0,05,-0,12,-0,14,-0,01,311732,1,31843,74,0,00,6243,7
58,248,-15,69,0,41,-0,05,-0,12,-0,14,-0,01,311708,2,31843,23,0,00,6243,2
58,253,-15,70,0,41,-0,05,-0,12,-0,14,-0,01,311683,9,31842,71,0,00,6242,7
58,258,-15,70,0,41,-0,05,-0,12,-0,14,-0,01,311660,7,31842,21,0,00,6242,2
58,263,-15,70,0,41,-0,05,-0,12,-0,14,-0,01,311636,6,31841,70,0,00,6241,7
58,268,-15,70,0,41,-0,05,-0,12,-0,14,-0,01,311613,2,31841,18,0,00,6241,2
58,273,-15,70,0,41,-0,05,-0,12,-0,14,-0,01,311589,8,31840,67,0,00,6240,7
58,278,-15,70,0,41,-0,05,-0,12,-0,14,-0,01,311565,6,31840,16,0,00,6240,2
58,283,-15,70,0,41,-0,05,-0,12,-0,14,-0,01,311542,8,31839,65,0,00,6239,7
58,288,-15,70,0,41,-0,05,-0,12,-0,15,-0,01,311518,9,31839,14,0,00,6239,1
58,293,-15,70,0,41,-0,05,-0,12,-0,15,-0,01,311496,3,31838,63,0,00,6238,6
58,298,-15,70,0,41,-0,05,-0,12,-0,15,-0,01,311472,1,31838,12,0,00,6238,1
58,303,-15,70,0,41,-0,05,-0,12,-0,15,-0,01,311449,8,31837,61,0,00,6237,6
58,308,-15,70,0,41,-0,05,-0,12,-0,15,-0,01,311425,8,31837,10,0,00,6237,1
58,313,-15,70,0,40,-0,05,-0,12,-0,15,-0,01,311403,6,31836,59,0,00,6236,6
58,318,-15,70,0,40,-0,05,-0,12,-0,15,-0,01,311379,8,31836,08,0,00,6236,1
58,323,-15,70,0,40,-0,05,-0,12,-0,15,-0,01,311357,4,31835,57,0,00,6235,6
58,328,-15,70,0,40,-0,05,-0,12,-0,15,-0,01,311333,8,31835,06,0,00,6235,1
58,333,-15,70,0,40,-0,05,-0,12,-0,15,-0,01,311312,1,31834,55,0,00,6234,5
58,338,-15,71,0,40,-0,05,-0,12,-0,15,-0,01,311288,3,31834,04,0,00,6234,0
58,343,-15,71,0,40,-0,05,-0,12,-0,15,-0,01,311266,7,31833,53,0,00,6233,5
58,348,-15,71,0,40,-0,05,-0,12,-0,15,-0,01,311243,0,31833,02,0,00,6233,0
58,353,-15,71,0,40,-0,05,-0,12,-0,15,-0,01,311220,8,31832,50,0,00,6232,5
58,358,-15,71,0,40,-0,05,-0,12,-0,15,-0,01,311198,6,31831,99,0,00,6232,0
58,363,-15,71,0,40,-0,05,-0,12,-0,15,-0,01,311175,7,31831,48,0,00,6231,5
58,368,-15,71,0,40,-0,05,-0,12,-0,15,-0,01,311153,8,31830,97,0,00,6231,0
58,373,-15,71,0,40,-0,05,-0,12,-0,15,-0,01,311131,1,31830,46,0,00,6230,5
58,378,-15,71,0,39,-0,05,-0,12,-0,15,-0,01,311108,9,31829,95,0,00,6230,0
58,383,-15,71,0,39,-0,05,-0,12,-0,15,-0,01,311086,8,31829,44,0,00,6229,4
58,388,-15,71,0,39,-0,05,-0,12,-0,15,-0,01,311064,8,31828,93,0,00,6228,9
58,393,-15,71,0,39,-0,05,-0,12,-0,15,-0,01,311042,0,31828,42,0,00,6228,4
58,398,-15,71,0,39,-0,05,-0,12,-0,15,-0,01,311021,1,31827,91,0,00,6227,9
58,403,-15,71,0,39,-0,05,-0,12,-0,15,-0,01,310998,0,31827,40,0,00,6227,4
58,408,-15,71,0,39,-0,05,-0,12,-0,15,-0,01,310977,3,31826,89,0,00,6226,9
58,413,-15,71,0,39,-0,05,-0,12,-0,15,-0,01,310954,5,31826,38,0,00,6226,4
58,418,-15,72,0,39,-0,05,-0,12,-0,15,-0,01,310933,0,31825,88,0,00,6225,9
58,423,-15,72,0,39,-0,05,-0,12,-0,15,-0,01,310911,3,31825,37,0,00,6225,4
58,428,-15,72,0,39,-0,05,-0,12,-0,15,-0,01,310890,0,31824,86,0,00,6224,9
58,433,-15,72,0,39,-0,05,-0,12,-0,15,-0,01,310867,6,31824,35,0,00,6224,3
58,438,-15,72,0,39,-0,05,-0,12,-0,15,-0,01,310846,9,31823,84,0,00,6223,8
58,443,-15,72,0,39,-0,05,-0,12,-0,15,-0,01,310825,1,31823,33,0,00,6223,3
58,448,-15,72,0,38,-0,05,-0,12,-0,15,-0,01,310803,4,31822,82,0,00,6222,8
58,453,-15,72,0,38,-0,05,-0,12,-0,15,-0,01,310782,6,31822,31,0,00,6222,3
58,458,-15,72,0,38,-0,05,-0,12,-0,15,-0,01,310761,1,31821,80,0,00,6221,8
58,463,-15,72,0,38,-0,05,-0,12,-0,15,-0,01,310739,6,31821,29,0,00,6221,3
58,468,-15,72,0,38,-0,05,-0,12,-0,15,-0,01,310718,7,31820,78,0,00,6220,8
58,473,-15,72,0,38,-0,05,-0,12,-0,15,-0,01,310697,4,31820,27,0,00,6220,3
58,478,-15,72,0,38,-0,05,-0,12,-0,15,-0,01,310676,6,31819,76,0,00,6219,8
58,483,-15,72,0,38,-0,05,-0,12,-0,15,-0,01,310655,1,31819,25,0,00,6219,3
58,488,-15,72,0,38,-0,05,-0,12,-0,15,-0,01,310634,5,31818,74,0,00,6218,7
58,493,-15,72,0,38,-0,05,-0,12,-0,15,-0,01,310613,6,31818,23,0,00,6218,2
58,498,-15,72,0,38,-0,05,-0,12,-0,15,-0,01,310592,8,31817,72,0,00,6217,7
58,503,-15,73,0,38,-0,05,-0,12,-0,15,-0,01,310572,0,31817,21,0,00,6217,2
58,508,-15,73,0,38,-0,05,-0,12,-0,15,-0,01,310551,4,31816,71,0,00,6216,7
58,513,-15,73,0,37,-0,05,-0,12,-0,15,-0,01,310530,4,31816,20,0,00,6216,2
58,518,-15,73,0,37,-0,05,-0,12,-0,15,-0,01,310509,9,31815,69,0,00,6215,7
58,523,-15,73,0,37,-0,05,-0,12,-0,15,-0,01,310489,5,31815,18,0,00,6215,2
58,528,-15,73,0,37,-0,05,-0,12,-0,15,-0,01,310468,8,31814,67,0,00,6214,7
58,533,-15,73,0,37,-0,05,-0,12,-0,15,-0,01,310448,6,31814,16,0,00,6214,2
58,538,-15,73,0,37,-0,05,-0,12,-0,15,-0,01,310428,0,31813,65,0,00,6213,7
58,543,-15,73,0,37,-0,05,-0,12,-0,15,-0,01,310407,6,31813,14,0,00,6213,1
58,548,-15,73,0,37,-0,05,-0,12,-0,15,-0,01,310387,6,31812,63,0,00,6212,6
58,553,-15,73,0,37,-0,05,-0,12,-0,15,-0,01,310367,4,31812,13,0,00,6212,1
58,558,-15,73,0,37,-0,05,-0,12,-0,16,-0,01,310347,2,31811,62,0,00,6211,6
58,563,-15,73,0,37,-0,05,-0,12,-0,16,-0,01,310327,1,31811,11,0,00,6211,1
58,568,-15,73,0,37,-0,05,-0,12,-0,16,-0,01,310307,0,31810,60,0,00,6210,6
58,573,-15,73,0,37,-0,05,-0,12,-0,16,-0,01,310287,1,31810,09,0,00,6210,1
58,578,-15,73,0,36,-0,05,-0,12,-0,16,-0,01,310266,8,31809,58,0,00,6209,6
58,583,-15,73,0,36,-0,05,-0,12,-0,16,-0,01,310247,5,31809,07,0,00,6209,1
58,588,-15,74,0,36,-0,05,-0,12,-0,16,-0,01,310227,3,31808,56,0,00,6208,6
58,593,-15,74,0,36,-0,05,-0,12,-0,16,-0,01,310207,8,31808,05,0,00,6208,1
58,598,-15,74,0,36,-0,05,-0,12,-0,16,-0,01,310187,8,31807,55,0,00,6207,5
58,603,-15,74,0,36,-0,05,-0,12,-0,16,-0,01,310168,0,31807,04,0,00,6207,0
58,608,-15,74,0,36,-0,05,-0,12,-0,16,-0,01,310149,1,31806,53,0,00,6206,5
58,613,-15,74,0,36,-0,05,-0,12,-0,16,-0,01,310128,9,31806,02,0,00,6206,0
58,618,-15,74,0,36,-0,05,-0,12,-0,16,-0,01,310109,3,31805,51,0,00,6205,5
58,623,-15,74,0,36,-0,05,-0,12,-0,16,-0,01,310090,3,31805,01,0,00,6205,0
58,628,-15,74,0,36,-0,05,-0,12,-0,16,-0,01,310070,8,31804,50,0,00,6204,5
58,633,-15,74,0,36,-0,05,-0,12,-0,16,-0,01,310051,4,31803,99,0,00,6204,0
58,638,-15,74,0,36,-0,05,-0,12,-0,16,-0,01,310032,2,31803,48,0,00,6203,5
58,643,-15,74,0,35,-0,05,-0,12,-0,16,-0,01,310013,0,31802,97,0,00,6203,0
58,648,-15,74,0,35,-0,05,-0,12,-0,16,-0,01,309993,5,31802,46,0,00,6202,5
58,653,-15,74,0,35,-0,05,-0,12,-0,16,-0,01,309974,9,31801,96,0,00,6202,0
58,658,-15,74,0,35,-0,05,-0,12,-0,16,-0,01,309955,1,31801,45,0,00,6201,4
58,663,-15,74,0,35,-0,05,-0,12,-0,16,-0,01,309937,1,31800,94,0,00,6200,9
58,668,-15,75,0,35,-0,05,-0,12,-0,16,-0,01,309917,0,31800,43,0,00,6200,4
58,673,-15,75,0,35,-0,05,-0,12,-0,16,-0,01,309898,8,31799,92,0,00,6199,9
58,678,-15,75,0,35,-0,05,-0,12,-0,16,-0,01,309879,7,31799,41,0,00,6199,4
58,683,-15,75,0,35,-0,05,-0,12,-0,16,-0,01,309861,2,31798,91,0,00,6198,9
58,688,-15,75,0,35,-0,05,-0,12,-0,16,-0,01,309841,9,31798,40,0,00,6198,4
58,693,-15,75,0,35,-0,05,-0,12,-0,16,-0,01,309823,9,31797,89,0,00,6197,9
58,698,-15,75,0,35,-0,05,-0,12,-0,16,-0,01,309804,4,31797,38,0,00,6197,4
58,703,-15,75,0,34,-0,05,-0,12,-0,16,-0,01,309786,6,31796,88,0,00,6196,9
58,708,-15,75,0,34,-0,05,-0,12,-0,16,-0,01,309767,2,31796,37,0,00,6196,4
58,713,-15,75,0,34,-0,05,-0,12,-0,16,-0,01,309749,6,31795,86,0,00,6195,9
58,718,-15,75,0,34,-0,05,-0,12,-0,16,-0,01,309730,8,31795,35,0,00,6195,4
58,723,-15,75,0,34,-0,05,-0,12,-0,16,-0,01,309712,0,31794,84,0,00,6194,8
58,728,-15,75,0,34,-0,05,-0,12,-0,17,-0,01,309694,2,31794,34,0,00,6194,3
58,733,-15,75,0,34,-0,05,-0,12,-0,17,-0,01,309675,6,31793,83,0,00,6193,8
58,738,-15,75,0,34,-0,05,-0,12,-0,17,-0,01,309657,5,31793,32,0,00,6193,3
58,743,-15,75,0,34,-0,05,-0,12,-0,17,-0,01,309639,5,31792,81,0,00,6192,8
58,748,-15,75,0,34,-0,05,-0,12,-0,17,-0,01,309620,7,31792,30,0,00,6192,3
58,753,-15,76,0,34,-0,05,-0,12,-0,17,-0,01,309603,3,31791,80,0,00,6191,8
58,758,-15,76,0,34,-0,05,-0,12,-0,17,-0,01,309584,7,31791,29,0,00,6191,3
58,763,-15,76,0,33,-0,05,-0,12,-0,17,-0,01,309567,0,31790,78,0,00,6190,8
58,768,-15,76,0,33,-0,05,-0,12,-0,17,-0,01,309549,0,31790,28,0,00,6190,3
58,773,-15,76,0,33,-0,05,-0,12,-0,17,-0,01,309531,5,31789,77,0,00,6189,8
58,778,-15,76,0,33,-0,06,-0,12,-0,17,-0,01,309513,1,31789,26,0,00,6189,3
58,783,-15,76,0,33,-0,06,-0,12,-0,17,-0,01,309495,3,31788,75,0,00,6188,8
58,788,-15,76,0,33,-0,06,-0,12,-0,17,-0,01,309478,0,31788,25,0,00,6188,2
58,793,-15,76,0,33,-0,06,-0,12,-0,17,-0,01,309459,9,31787,74,0,00,6187,7
58,798,-15,76,0,33,-0,06,-0,12,-0,17,-0,01,309442,4,31787,23,0,00,6187,2
58,803,-15,76,0,33,-0,06,-0,12,-0,17,-0,01,309424,8,31786,72,0,00,6186,7
58,808,-15,76,0,33,-0,06,-0,12,-0,17,-0,01,309407,4,31786,22,0,00,6186,2
58,813,-15,76,0,33,-0,06,-0,12,-0,17,-0,01,309389,7,31785,71,0,00,6185,7
58,818,-15,76,0,33,-0,06,-0,12,-0,17,-0,01,309371,9,31785,20,0,00,6185,2
58,823,-15,76,0,32,-0,06,-0,12,-0,17,-0,01,309355,2,31784,70,0,00,6184,7
58,828,-15,76,0,32,-0,06,-0,12,-0,17,-0,01,309337,6,31784,19,0,00,6184,2
58,833,-15,76,0,32,-0,06,-0,12,-0,17,-0,01,309320,1,31783,68,0,00,6183,7
58,838,-15,77,0,32,-0,06,-0,12,-0,17,-0,01,309302,7,31783,17,0,00,6183,2
58,843,-15,77,0,32,-0,06,-0,12,-0,17,-0,01,309285,8,31782,67,0,00,6182,7
58,848,-15,77,0,32,-0,06,-0,12,-0,17,-0,01,309268,6,31782,16,0,00,6182,2
58,853,-15,77,0,32,-0,06,-0,12,-0,17,-0,01,309251,4,31781,65,0,00,6181,7
58,858,-15,77,0,32,-0,06,-0,12,-0,17,-0,01,309234,7,31781,15,0,00,6181,1
58,863,-15,77,0,32,-0,06,-0,12,-0,17,-0,01,309216,8,31780,64,0,00,6180,6
58,868,-15,77,0,32,-0,06,-0,12,-0,18,-0,01,309200,8,31780,13,0,00,6180,1
58,873,-15,77,0,32,-0,06,-0,12,-0,18,-0,01,309183,4,31779,63,0,00,6179,6
58,878,-15,77,0,31,-0,06,-0,12,-0,18,-0,01,309166,6,31779,12,0,00,6179,1
58,883,-15,77,0,31,-0,06,-0,12,-0,18,-0,01,309149,4,31778,61,0,00,6178,6
58,888,-15,77,0,31,-0,06,-0,12,-0,18,-0,01,309133,2,31778,11,0,00,6178,1
58,893,-15,77,0,31,-0,06,-0,12,-0,18,-0,01,309116,2,31777,60,0,00,6177,6
58,898,-15,77,0,31,-0,06,-0,12,-0,18,-0,01,309099,7,31777,09,0,00,6177,1
58,903,-15,77,0,31,-0,06,-0,12,-0,18,-0,01,309082,8,31776,59,0,00,6176,6
58,908,-15,77,0,31,-0,06,-0,12,-0,18,-0,01,309066,0,31776,08,0,00,6176,1
58,913,-15,77,0,31,-0,06,-0,12,-0,18,-0,01,309050,1,31775,57,0,00,6175,6
58,918,-15,77,0,31,-0,06,-0,12,-0,18,-0,01,309033,0,31775,06,0,00,6175,1
58,923,-15,78,0,31,-0,06,-0,12,-0,18,-0,01,309016,4,31774,56,0,00,6174,6
58,928,-15,78,0,31,-0,06,-0,12,-0,18,-0,01,309000,7,31774,05,0,00,6174,1
58,933,-15,78,0,31,-0,06,-0,12,-0,18,-0,01,308983,4,31773,54,0,00,6173,5
58,938,-15,78,0,30,-0,06,-0,12,-0,18,-0,01,308967,9,31773,04,0,00,6173,0
58,943,-15,78,0,30,-0,06,-0,12,-0,18,-0,01,308951,1,31772,53,0,00,6172,5
58,948,-15,78,0,30,-0,06,-0,12,-0,18,-0,01,308935,3,31772,03,0,00,6172,0
58,953,-15,78,0,30,-0,06,-0,12,-0,18,-0,01,308918,3,31771,52,0,00,6171,5
58,958,-15,78,0,30,-0,06,-0,12,-0,18,-0,01,308903,0,31771,01,0,00,6171,0
58,963,-15,78,0,30,-0,06,-0,12,-0,18,-0,01,308886,6,31770,51,0,00,6170,5
58,968,-15,78,0,30,-0,06,-0,12,-0,18,-0,01,308870,2,31770,00,0,00,6170,0
58,973,-15,78,0,30,-0,06,-0,12,-0,18,-0,01,308854,7,31769,49,0,00,6169,5
58,978,-15,78,0,30,-0,06,-0,12,-0,18,-0,01,308838,5,31768,99,0,00,6169,0
58,983,-15,78,0,30,-0,06,-0,12,-0,18,-0,01,308822,3,31768,48,0,00,6168,5
58,988,-15,78,0,30,-0,06,-0,12,-0,19,-0,01,308807,0,31767,98,0,00,6168,0
58,993,-15,78,0,29,-0,06,-0,12,-0,19,-0,01,308790,6,31767,47,0,00,6167,5
58,998,-15,78,0,29,-0,06,-0,12,-0,19,-0,01,308775,4,31766,96,0,00,6167,0
59,003,-15,78,0,29,-0,06,-0,12,-0,19,-0,01,308759,1,31766,46,0,00,6166,5
59,008,-15,79,0,29,-0,06,-0,12,-0,19,-0,01,308743,7,31765,95,0,00,6166,0
59,013,-15,79,0,29,-0,06,-0,12,-0,19,-0,01,308727,9,31765,44,0,00,6165,4
59,018,-15,79,0,29,-0,06,-0,12,-0,19,-0,01,308712,2,31764,94,0,00,6164,9
59,023,-15,79,0,29,-0,06,-0,12,-0,19,-0,01,308696,5,31764,43,0,00,6164,4
59,028,-15,79,0,29,-0,06,-0,12,-0,19,-0,01,308681,4,31763,93,0,00,6163,9
59,033,-15,79,0,29,-0,06,-0,12,-0,19,-0,01,308665,5,31763,42,0,00,6163,4
59,038,-15,79,0,29,-0,06,-0,12,-0,19,-0,01,308650,0,31762,91,0,00,6162,9
59,043,-15,79,0,28,-0,06,-0,12,-0,19,-0,01,308635,1,31762,41,0,00,6162,4
59,048,-15,79,0,28,-0,06,-0,12,-0,19,-0,01,308619,3,31761,90,0,00,6161,9
59,053,-15,79,0,28,-0,06,-0,12,-0,19,-0,01,308604,1,31761,40,0,00,6161,4
59,058,-15,79,0,28,-0,06,-0,12,-0,19,-0,01,308588,5,31760,89,0,00,6160,9
59,063,-15,79,0,28,-0,06,-0,12,-0,19,-0,01,308573,8,31760,38,0,00,6160,4
59,068,-15,79,0,28,-0,06,-0,12,-0,19,-0,01,308558,4,31759,88,0,00,6159,9
59,073,-15,79,0,28,-0,06,-0,12,-0,19,-0,01,308543,0,31759,37,0,00,6159,4
59,078,-15,79,0,28,-0,06,-0,12,-0,19,-0,01,308528,5,31758,87,0,00,6158,9
59,083,-15,79,0,28,-0,06,-0,12,-0,19,-0,01,308512,8,31758,36,0,00,6158,4
59,088,-15,79,0,28,-0,06,-0,12,-0,19,-0,01,308498,0,31757,86,0,00,6157,9
59,093,-15,80,0,28,-0,06,-0,12,-0,19,-0,01,308483,3,31757,35,0,00,6157,4
59,098,-15,80,0,27,-0,06,-0,12,-0,20,-0,01,308467,8,31756,84,0,00,6156,8
59,103,-15,80,0,27,-0,06,-0,12,-0,20,-0,01,308453,2,31756,34,0,00,6156,3
59,108,-15,80,0,27,-0,06,-0,12,-0,20,-0,01,308438,2,31755,83,0,00,6155,8
59,113,-15,80,0,27,-0,06,-0,12,-0,20,-0,01,308423,8,31755,33,0,00,6155,3
59,118,-15,80,0,27,-0,06,-0,12,-0,20,-0,01,308408,5,31754,82,0,00,6154,8
59,123,-15,80,0,27,-0,06,-0,12,-0,20,-0,01,308393,8,31754,32,0,00,6154,3
59,128,-15,80,0,27,-0,06,-0,12,-0,20,-0,01,308379,5,31753,81,0,00,6153,8
59,133,-15,80,0,27,-0,06,-0,12,-0,20,-0,01,308364,4,31753,30,0,00,6153,3
59,138,-15,80,0,27,-0,06,-0,12,-0,20,-0,01,308349,9,31752,80,0,00,6152,8
59,143,-15,80,0,27,-0,06,-0,12,-0,20,-0,01,308335,4,31752,29,0,00,6152,3
59,148,-15,80,0,26,-0,06,-0,12,-0,20,-0,01,308320,9,31751,79,0,00,6151,8
59,153,-15,80,0,26,-0,06,-0,12,-0,20,-0,01,308306,1,31751,28,0,00,6151,3
59,158,-15,80,0,26,-0,06,-0,12,-0,20,-0,01,308292,2,31750,78,0,00,6150,8
59,163,-15,80,0,26,-0,06,-0,12,-0,20,-0,01,308277,1,31750,27,0,00,6150,3
59,168,-15,80,0,26,-0,06,-0,12,-0,20,-0,01,308263,4,31749,77,0,00,6149,8
59,173,-15,80,0,26,-0,06,-0,12,-0,20,-0,01,308248,8,31749,26,0,00,6149,3
59,178,-15,81,0,26,-0,06,-0,12,-0,20,-0,01,308234,3,31748,76,0,00,6148,8
59,183,-15,81,0,26,-0,06,-0,12,-0,20,-0,01,308220,3,31748,25,0,00,6148,3
59,188,-15,81,0,26,-0,06,-0,12,-0,20,-0,01,308205,9,31747,75,0,00,6147,7
59,193,-15,81,0,26,-0,06,-0,12,-0,20,-0,01,308191,6,31747,24,0,00,6147,2
59,198,-15,81,0,25,-0,06,-0,12,-0,20,-0,01,308177,8,31746,73,0,00,6146,7
59,203,-15,81,0,25,-0,06,-0,12,-0,21,-0,01,308163,6,31746,23,0,00,6146,2
59,208,-15,81,0,25,-0,06,-0,12,-0,21,-0,01,308149,5,31745,72,0,00,6145,7
59,213,-15,81,0,25,-0,06,-0,12,-0,21,-0,01,308135,4,31745,22,0,00,6145,2
59,218,-15,81,0,25,-0,06,-0,12,-0,21,-0,01,308121,4,31744,71,0,00,6144,7
59,223,-15,81,0,25,-0,06,-0,12,-0,21,-0,01,308107,4,31744,21,0,00,6144,2
59,228,-15,81,0,25,-0,06,-0,12,-0,21,-0,01,308094,0,31743,70,0,00,6143,7
59,233,-15,81,0,25,-0,06,-0,12,-0,21,-0,01,308079,3,31743,20,0,00,6143,2
59,238,-15,81,0,25,-0,06,-0,12,-0,21,-0,01,308066,4,31742,69,0,00,6142,7
59,243,-15,81,0,24,-0,06,-0,12,-0,21,-0,01,308051,8,31742,19,0,00,6142,2
59,248,-15,81,0,24,-0,06,-0,12,-0,21,-0,01,308038,2,31741,68,0,00,6141,7
59,253,-15,81,0,24,-0,06,-0,12,-0,21,-0,01,308025,0,31741,18,0,00,6141,2
59,258,-15,81,0,24,-0,06,-0,12,-0,21,-0,01,308010,6,31740,67,0,00,6140,7
59,263,-15,82,0,24,-0,06,-0,12,-0,21,-0,01,307997,6,31740,17,0,00,6140,2
59,268,-15,82,0,24,-0,06,-0,12,-0,21,-0,01,307983,8,31739,66,0,00,6139,7
59,273,-15,82,0,24,-0,06,-0,12,-0,21,-0,01,307969,9,31739,16,0,00,6139,2
59,278,-15,82,0,24,-0,06,-0,12,-0,21,-0,01,307956,7,31738,65,0,00,6138,7
59,283,-15,82,0,24,-0,06,-0,12,-0,21,-0,01,307943,0,31738,15,0,00,6138,2
59,288,-15,82,0,24,-0,06,-0,12,-0,21,-0,01,307929,8,31737,64,0,00,6137,6
59,293,-15,82,0,23,-0,06,-0,12,-0,21,-0,01,307916,3,31737,14,0,00,6137,1
59,298,-15,82,0,23,-0,06,-0,12,-0,21,-0,01,307902,8,31736,63,0,00,6136,6
59,303,-15,82,0,23,-0,06,-0,12,-0,22,-0,01,307889,3,31736,13,0,00,6136,1
59,308,-15,82,0,23,-0,06,-0,12,-0,22,-0,01,307876,4,31735,63,0,00,6135,6
59,313,-15,82,0,23,-0,06,-0,12,-0,22,-0,01,307863,1,31735,12,0,00,6135,1
59,318,-15,82,0,23,-0,06,-0,12,-0,22,-0,01,307849,8,31734,62,0,00,6134,6
59,323,-15,82,0,23,-0,06,-0,12,-0,22,-0,01,307836,2,31734,11,0,00,6134,1
59,328,-15,82,0,23,-0,06,-0,12,-0,22,-0,01,307823,4,31733,61,0,00,6133,6
59,333,-15,82,0,23,-0,06,-0,12,-0,22,-0,01,307810,3,31733,10,0,00,6133,1
59,338,-15,82,0,22,-0,06,-0,12,-0,22,-0,01,307796,9,31732,60,0,00,6132,6
59,343,-15,82,0,22,-0,06,-0,12,-0,22,-0,01,307784,3,31732,09,0,00,6132,1
59,348,-15,83,0,22,-0,06,-0,12,-0,22,-0,01,307771,0,31731,59,0,00,6131,6
59,353,-15,83,0,22,-0,06,-0,12,-0,22,-0,01,307758,1,31731,08,0,00,6131,1
59,358,-15,83,0,22,-0,06,-0,12,-0,22,-0,01,307744,9,31730,58,0,00,6130,6
59,363,-15,83,0,22,-0,06,-0,12,-0,22,-0,01,307732,6,31730,07,0,00,6130,1
59,368,-15,83,0,22,-0,06,-0,12,-0,22,-0,01,307719,0,31729,57,0,00,6129,6
59,373,-15,83,0,22,-0,06,-0,12,-0,22,-0,01,307706,8,31729,07,0,00,6129,1
59,378,-15,83,0,22,-0,06,-0,12,-0,22,-0,01,307693,3,31728,56,0,00,6128,6
59,383,-15,83,0,21,-0,06,-0,12,-0,22,-0,01,307681,3,31728,06,0,00,6128,1
59,388,-15,83,0,21,-0,06,-0,12,-0,22,-0,01,307668,3,31727,55,0,00,6127,6
59,393,-15,83,0,21,-0,06,-0,12,-0,23,-0,01,307655,1,31727,05,0,00,6127,0
59,398,-15,83,0,21,-0,06,-0,12,-0,23,-0,01,307643,1,31726,54,0,00,6126,5
59,403,-15,83,0,21,-0,06,-0,12,-0,23,-0,01,307630,4,31726,04,0,00,6126,0
59,408,-15,83,0,21,-0,06,-0,12,-0,23,-0,01,307617,7,31725,54,0,00,6125,5
59,413,-15,83,0,21,-0,06,-0,12,-0,23,-0,01,307605,1,31725,03,0,00,6125,0
59,418,-15,83,0,21,-0,06,-0,12,-0,23,-0,01,307592,5,31724,53,0,00,6124,5
59,423,-15,83,0,21,-0,06,-0,12,-0,23,-0,01,307579,9,31724,02,0,00,6124,0
59,428,-15,83,0,20,-0,06,-0,12,-0,23,-0,01,307567,9,31723,52,0,00,6123,5
59,433,-15,84,0,20,-0,06,-0,12,-0,23,-0,01,307555,1,31723,01,0,00,6123,0
59,438,-15,84,0,20,-0,06,-0,12,-0,23,-0,01,307542,7,31722,51,0,00,6122,5
59,443,-15,84,0,20,-0,06,-0,12,-0,23,-0,01,307530,8,31722,00,0,00,6122,0
59,448,-15,84,0,20,-0,06,-0,12,-0,23,-0,01,307517,7,31721,50,0,00,6121,5
59,454,-15,84,0,20,-0,06,-0,12,-0,23,-0,01,307506,3,31721,00,0,00,6121,0
59,459,-15,84,0,20,-0,06,-0,12,-0,23,-0,01,307493,3,31720,49,0,00,6120,5
59,464,-15,84,0,20,-0,06,-0,12,-0,23,-0,01,307481,2,31719,99,0,00,6120,0
59,469,-15,84,0,20,-0,06,-0,12,-0,23,-0,01,307469,6,31719,48,0,00,6119,5
59,474,-15,84,0,19,-0,06,-0,12,-0,23,-0,01,307456,8,31718,98,0,00,6119,0
59,479,-15,84,0,19,-0,06,-0,12,-0,23,-0,01,307445,3,31718,48,0,00,6118,5
59,484,-15,84,0,19,-0,06,-0,12,-0,24,-0,01,307432,5,31717,97,0,00,6118,0
59,489,-15,84,0,19,-0,06,-0,12,-0,24,-0,01,307421,1,31717,47,0,00,6117,5
59,494,-15,84,0,19,-0,06,-0,12,-0,24,-0,01,307408,9,31716,96,0,00,6117,0
59,499,-15,84,0,19,-0,06,-0,12,-0,24,-0,01,307396,8,31716,46,0,00,6116,5
59,504,-15,84,0,19,-0,06,-0,12,-0,24,-0,01,307385,1,31715,96,0,00,6116,0
59,509,-15,84,0,19,-0,06,-0,12,-0,24,-0,01,307373,0,31715,45,0,00,6115,5
59,514,-15,84,0,18,-0,06,-0,12,-0,24,-0,01,307361,0,31714,95,0,00,6115,0
59,519,-15,85,0,18,-0,06,-0,12,-0,24,-0,01,307349,5,31714,45,0,00,6114,4
59,524,-15,85,0,18,-0,06,-0,12,-0,24,-0,01,307337,1,31713,94,0,00,6113,9
59,529,-15,85,0,18,-0,06,-0,12,-0,24,-0,01,307325,7,31713,44,0,00,6113,4
59,534,-15,85,0,18,-0,06,-0,12,-0,24,-0,01,307314,3,31712,93,0,00,6112,9
59,539,-15,85,0,18,-0,06,-0,12,-0,24,-0,01,307301,7,31712,43,0,00,6112,4
59,544,-15,85,0,18,-0,06,-0,12,-0,24,-0,01,307290,8,31711,93,0,00,6111,9
59,549,-15,85,0,18,-0,06,-0,12,-0,24,-0,01,307278,8,31711,42,0,00,6111,4
59,554,-15,85,0,17,-0,06,-0,12,-0,24,-0,01,307267,2,31710,92,0,00,6110,9
59,559,-15,85,0,17,-0,06,-0,12,-0,24,-0,01,307255,6,31710,41,0,00,6110,4
59,564,-15,85,0,17,-0,06,-0,12,-0,24,-0,01,307244,1,31709,91,0,00,6109,9
59,569,-15,85,0,17,-0,06,-0,12,-0,25,-0,01,307232,7,31709,41,0,00,6109,4
59,574,-15,85,0,17,-0,06,-0,12,-0,25,-0,01,307220,8,31708,90,0,00,6108,9
59,579,-15,85,0,17,-0,06,-0,12,-0,25,-0,01,307209,9,31708,40,0,00,6108,4
59,584,-15,85,0,17,-0,06,-0,12,-0,25,-0,01,307198,2,31707,90,0,00,6107,9
59,589,-15,85,0,17,-0,06,-0,12,-0,25,-0,01,307186,5,31707,39,0,00,6107,4
59,594,-15,85,0,17,-0,06,-0,12,-0,25,-0,01,307175,7,31706,89,0,00,6106,9
59,599,-15,85,0,16,-0,06,-0,12,-0,25,-0,01,307164,1,31706,39,0,00,6106,4
59,604,-15,86,0,16,-0,06,-0,12,-0,25,-0,01,307152,6,31705,88,0,00,6105,9
59,609,-15,86,0,16,-0,06,-0,12,-0,25,-0,01,307141,5,31705,38,0,00,6105,4
59,614,-15,86,0,16,-0,06,-0,12,-0,25,-0,01,307130,5,31704,88,0,00,6104,9
59,619,-15,86,0,16,-0,06,-0,12,-0,25,-0,01,307118,7,31704,37,0,00,6104,4
59,624,-15,86,0,16,-0,06,-0,12,-0,25,-0,01,307108,2,31703,87,0,00,6103,9
59,629,-15,86,0,16,-0,06,-0,12,-0,25,-0,01,307096,4,31703,37,0,00,6103,4
59,634,-15,86,0,16,-0,06,-0,12,-0,25,-0,01,307085,6,31702,86,0,00,6102,9
59,639,-15,86,0,15,-0,06,-0,12,-0,25,-0,01,307074,4,31702,36,0,00,6102,4
59,644,-15,86,0,15,-0,06,-0,12,-0,25,-0,01,307063,7,31701,86,0,00,6101,9
59,649,-15,86,0,15,-0,06,-0,12,-0,25,-0,01,307052,2,31701,35,0,00,6101,4
59,654,-15,86,0,15,-0,06,-0,12,-0,26,-0,01,307041,5,31700,85,0,00,6100,8
59,659,-15,86,0,15,-0,06,-0,12,-0,26,-0,01,307030,1,31700,35,0,00,6100,3
59,664,-15,86,0,15,-0,06,-0,12,-0,26,-0,01,307020,0,31699,84,0,00,6099,8
59,669,-15,86,0,15,-0,06,-0,12,-0,26,-0,01,307008,2,31699,34,0,00,6099,3
59,674,-15,86,0,14,-0,06,-0,12,-0,26,-0,01,306997,8,31698,84,0,00,6098,8
59,679,-15,86,0,14,-0,06,-0,12,-0,26,-0,01,306986,9,31698,33,0,00,6098,3
59,684,-15,86,0,14,-0,06,-0,12,-0,26,-0,01,306976,1,31697,83,0,00,6097,8
59,689,-15,87,0,14,-0,06,-0,12,-0,26,-0,01,306965,0,31697,32,0,00,6097,3
59,694,-15,87,0,14,-0,06,-0,12,-0,26,-0,01,306954,7,31696,82,0,00,6096,8
59,699,-15,87,0,14,-0,06,-0,12,-0,26,-0,01,306943,6,31696,32,0,00,6096,3
59,704,-15,87,0,14,-0,06,-0,12,-0,26,-0,01,306932,6,31695,81,0,00,6095,8
59,709,-15,87,0,14,-0,06,-0,12,-0,26,-0,01,306922,9,31695,31,0,00,6095,3
59,714,-15,87,0,13,-0,06,-0,12,-0,26,-0,01,306911,1,31694,81,0,00,6094,8
59,719,-15,87,0,13,-0,06,-0,12,-0,26,-0,01,306901,5,31694,30,0,00,6094,3
59,724,-15,87,0,13,-0,06,-0,12,-0,26,-0,01,306890,3,31693,80,0,00,6093,8
59,729,-15,87,0,13,-0,06,-0,12,-0,26,-0,01,306879,9,31693,30,0,00,6093,3
59,734,-15,87,0,13,-0,06,-0,12,-0,27,-0,01,306869,6,31692,80,0,00,6092,8
59,739,-15,87,0,13,-0,06,-0,12,-0,27,-0,01,306858,9,31692,29,0,00,6092,3
59,744,-15,87,0,13,-0,06,-0,12,-0,27,-0,01,306848,2,31691,79,0,00,6091,8
59,749,-15,87,0,13,-0,06,-0,12,-0,27,-0,01,306838,4,31691,29,0,00,6091,3
59,754,-15,87,0,12,-0,06,-0,12,-0,27,-0,01,306827,0,31690,79,0,00,6090,8
59,759,-15,87,0,12,-0,06,-0,12,-0,27,-0,01,306817,8,31690,28,0,00,6090,3
59,764,-15,87,0,12,-0,06,-0,12,-0,27,-0,01,306806,4,31689,78,0,00,6089,8
59,769,-15,87,0,12,-0,06,-0,12,-0,27,-0,01,306796,8,31689,28,0,00,6089,3
59,774,-15,88,0,12,-0,06,-0,12,-0,27,-0,01,306786,0,31688,77,0,00,6088,8
59,779,-15,88,0,12,-0,06,-0,12,-0,27,-0,01,306775,7,31688,27,0,00,6088,3
59,784,-15,88,0,12,-0,06,-0,12,-0,27,-0,01,306766,2,31687,77,0,00,6087,8
59,789,-15,88,0,11,-0,06,-0,12,-0,27,-0,01,306755,1,31687,26,0,00,6087,3
59,794,-15,88,0,11,-0,06,-0,12,-0,27,-0,01,306745,8,31686,76,0,00,6086,8
59,799,-15,88,0,11,-0,06,-0,12,-0,27,-0,01,306734,7,31686,26,0,00,6086,3
59,804,-15,88,0,11,-0,06,-0,12,-0,27,-0,01,306725,0,31685,76,0,00,6085,8
59,809,-15,88,0,11,-0,06,-0,12,-0,27,-0,01,306715,3,31685,25,0,00,6085,3
59,814,-15,88,0,11,-0,06,-0,12,-0,28,-0,01,306704,4,31684,75,0,00,6084,8
59,819,-15,88,0,11,-0,06,-0,12,-0,28,-0,01,306694,9,31684,25,0,00,6084,2
59,824,-15,88,0,10,-0,06,-0,12,-0,28,-0,01,306684,9,31683,74,0,00,6083,7
59,829,-15,88,0,10,-0,06,-0,12,-0,28,-0,01,306674,6,31683,24,0,00,6083,2
59,834,-15,88,0,10,-0,06,-0,12,-0,28,-0,01,306664,7,31682,74,0,00,6082,7
59,839,-15,88,0,10,-0,06,-0,12,-0,28,-0,01,306655,3,31682,23,0,00,6082,2
59,844,-15,88,0,10,-0,06,-0,12,-0,28,-0,01,306644,6,31681,73,0,00,6081,7
59,849,-15,88,0,10,-0,06,-0,12,-0,28,-0,01,306635,3,31681,23,0,00,6081,2
59,854,-15,88,0,10,-0,06,-0,12,-0,28,-0,01,306624,7,31680,73,0,00,6080,7
59,859,-15,88,0,10,-0,06,-0,12,-0,28,-0,01,306615,5,31680,22,0,00,6080,2
59,864,-15,89,0,09,-0,06,-0,12,-0,28,-0,01,306605,9,31679,72,0,00,6079,7
59,869,-15,89,0,09,-0,06,-0,12,-0,28,-0,01,306595,4,31679,22,0,00,6079,2
59,874,-15,89,0,09,-0,06,-0,12,-0,28,-0,01,306586,3,31678,72,0,00,6078,7
59,879,-15,89,0,09,-0,06,-0,12,-0,28,-0,01,306576,0,31678,21,0,00,6078,2
59,884,-15,89,0,09,-0,06,-0,12,-0,28,-0,01,306566,5,31677,71,0,00,6077,7
59,889,-15,89,0,09,-0,06,-0,12,-0,28,-0,01,306557,1,31677,21,0,00,6077,2
59,894,-15,89,0,09,-0,06,-0,12,-0,29,-0,01,306547,3,31676,71,0,00,6076,7
59,899,-15,89,0,08,-0,06,-0,12,-0,29,-0,01,306537,5,31676,21,0,00,6076,2
59,904,-15,89,0,08,-0,06,-0,12,-0,29,-0,01,306528,3,31675,70,0,00,6075,7
59,909,-15,89,0,08,-0,06,-0,12,-0,29,-0,01,306518,2,31675,20,0,00,6075,2
59,914,-15,89,0,08,-0,06,-0,12,-0,29,-0,01,306509,4,31674,70,0,00,6074,7
59,919,-15,89,0,08,-0,06,-0,12,-0,29,-0,01,306498,9,31674,20,0,00,6074,2
59,924,-15,89,0,08,-0,06,-0,12,-0,29,-0,01,306490,2,31673,69,0,00,6073,7
59,929,-15,89,0,08,-0,06,-0,12,-0,29,-0,01,306480,7,31673,19,0,00,6073,2
59,934,-15,89,0,07,-0,06,-0,12,-0,29,-0,01,306470,8,31672,69,0,00,6072,7
59,939,-15,89,0,07,-0,06,-0,12,-0,29,-0,01,306461,8,31672,19,0,00,6072,2
59,944,-15,89,0,07,-0,06,-0,12,-0,29,-0,01,306451,9,31671,68,0,00,6071,7
59,949,-15,90,0,07,-0,06,-0,12,-0,29,-0,01,306443,5,31671,18,0,00,6071,2
59,954,-15,90,0,07,-0,06,-0,12,-0,29,-0,01,306433,3,31670,68,0,00,6070,7
59,959,-15,90,0,07,-0,06,-0,12,-0,29,-0,01,306424,4,31670,18,0,00,6070,2
59,964,-15,90,0,06,-0,06,-0,12,-0,29,-0,01,306414,8,31669,67,0,00,6069,7
59,969,-15,90,0,06,-0,06,-0,12,-0,30,-0,01,306405,5,31669,17,0,00,6069,2
59,974,-15,90,0,06,-0,06,-0,12,-0,30,-0,01,306396,8,31668,67,0,00,6068,7
59,979,-15,90,0,06,-0,06,-0,12,-0,30,-0,01,306386,8,31668,17,0,00,6068,2
59,984,-15,90,0,06,-0,06,-0,12,-0,30,-0,01,306378,6,31667,66,0,00,6067,7
59,989,-15,90,0,06,-0,06,-0,12,-0,30,-0,01,306368,3,31667,16,0,00,6067,2
59,994,-15,90,0,06,-0,06,-0,12,-0,30,-0,01,306360,1,31666,66,0,00,6066,7
59,999,-15,90,0,05,-0,06,-0,12,-0,30,-0,01,306350,8,31666,16,0,00,6066,2
60,004,-15,90,0,05,-0,06,-0,12,-0,30,-0,01,306341,4,31665,65,0,00,6065,7
60,009,-15,90,0,05,-0,06,-0,12,-0,30,-0,01,306332,5,31665,15,0,00,6065,2
60,014,-15,90,0,05,-0,06,-0,12,-0,30,-0,01,306323,6,31664,65,0,00,6064,6
