time,posX,posY,posZ,velX,velY,velZ,thrust,mass,angleError,fuel
0,050,-0,21,2495,01,0,00,-4,28,-99,42,0,01,845000,0,40005,80,1,85,14405,8
0,100,-0,43,2490,06,0,00,-4,29,-98,81,-0,02,845000,0,39991,95,1,74,14392,0
0,150,-0,64,2485,13,0,00,-4,30,-98,21,-0,06,845000,0,39978,09,1,62,14378,1
0,200,-0,86,2480,24,0,00,-4,30,-97,60,-0,09,845000,0,39964,23,1,51,14364,2
0,250,-1,07,2475,37,-0,01,-4,31,-96,99,-0,12,845000,0,39950,38,1,39,14350,4
0,300,-1,29,2470,54,-0,02,-4,26,-96,40,-0,14,845000,0,39936,52,1,29,14336,5
0,350,-1,50,2465,73,-0,02,-4,26,-95,79,-0,16,845000,0,39922,66,1,18,14322,7
0,400,-1,71,2460,96,-0,03,-4,26,-95,19,-0,19,845000,0,39908,80,1,08,14308,8
0,450,-1,93,2456,21,-0,04,-4,26,-94,58,-0,20,845000,0,39894,95,0,97,14294,9
0,500,-2,14,2451,50,-0,05,-4,26,-93,98,-0,22,845000,0,39881,09,0,88,14281,1
0,550,-2,35,2446,82,-0,06,-4,25,-93,37,-0,23,845000,0,39867,23,0,78,14267,2
0,600,-2,56,2442,16,-0,08,-4,25,-92,77,-0,25,836513,8,39853,44,0,70,14253,4
0,650,-2,78,2437,54,-0,09,-4,25,-92,18,-0,26,825704,7,39839,82,0,62,14239,8
0,700,-2,99,2432,95,-0,10,-4,25,-91,61,-0,27,815100,8,39826,38,0,56,14226,4
0,750,-3,20,2428,38,-0,12,-4,24,-91,05,-0,27,803367,8,39813,12,0,51,14213,1
0,800,-3,41,2423,84,-0,13,-4,23,-90,50,-0,28,790655,6,39800,06,0,49,14200,1
0,850,-3,62,2419,33,-0,14,-4,22,-89,97,-0,29,778339,6,39787,21,0,48,14187,2
0,900,-3,84,2414,84,-0,16,-4,21,-89,46,-0,30,766349,3,39774,55,0,49,14174,6
0,950,-4,05,2410,38,-0,17,-4,19,-88,97,-0,25,751124,0,39762,05,0,52,14162,1
1,000,-4,25,2405,94,-0,18,-4,18,-88,48,-0,25,743616,9,39749,78,0,54,14149,8
1,050,-4,46,2401,53,-0,20,-4,16,-88,01,-0,24,732617,5,39737,68,0,56,14137,7
1,100,-4,67,2397,14,-0,21,-4,15,-87,56,-0,24,721969,2,39725,77,0,56,14125,8
1,150,-4,88,2392,78,-0,22,-4,13,-87,11,-0,23,711630,9,39714,03,0,56,14114,0
1,200,-5,08,2388,43,-0,23,-4,12,-86,68,-0,23,701562,1,39702,45,0,56,14102,5
1,250,-5,29,2384,11,-0,24,-4,11,-86,26,-0,23,691805,3,39691,04,0,54,14091,0
1,300,-5,50,2379,80,-0,25,-4,10,-85,86,-0,22,682321,1,39679,78,0,53,14079,8
1,350,-5,70,2375,52,-0,27,-4,09,-85,46,-0,22,673125,1,39668,68,0,51,14068,7
1,400,-5,90,2371,26,-0,28,-4,08,-85,08,-0,22,664178,3,39657,73,0,48,14057,7
1,450,-6,11,2367,01,-0,29,-4,07,-84,71,-0,21,655497,0,39646,91,0,45,14046,9
1,500,-6,31,2362,79,-0,30,-4,06,-84,35,-0,21,647070,8,39636,25,0,43,14036,3
1,550,-6,51,2358,58,-0,31,-4,06,-84,00,-0,21,638888,9,39625,71,0,40,14025,7
1,600,-6,72,2354,39,-0,32,-4,05,-83,66,-0,21,630941,1,39615,31,0,37,14015,3
1,650,-6,92,2350,21,-0,33,-4,04,-83,33,-0,21,623217,6,39605,04,0,34,14005,0
1,700,-7,12,2346,05,-0,34,-4,04,-83,01,-0,20,615736,2,39594,89,0,32,13994,9
1,750,-7,32,2341,91,-0,35,-4,03,-82,69,-0,20,608432,4,39584,86,0,29,13984,9
1,800,-7,52,2337,78,-0,36,-4,03,-82,39,-0,20,601379,6,39574,95,0,27,13975,0
1,850,-7,73,2333,67,-0,37,-4,03,-82,10,-0,20,594514,5,39565,15,0,25,13965,2
1,900,-7,93,2329,57,-0,38,-4,02,-81,81,-0,19,587855,4,39555,46,0,24,13955,5
1,950,-8,13,2325,49,-0,39,-4,02,-81,54,-0,19,581366,6,39545,89,0,24,13945,9
2,000,-8,33,2321,42,-0,40,-4,02,-81,27,-0,19,575067,9,39536,41,0,24,13936,4
2,050,-8,53,2317,36,-0,41,-4,04,-81,01,-0,18,569963,1,39527,02,0,24,13927,0
2,100,-8,73,2313,32,-0,42,-4,02,-80,77,-0,18,563435,6,39517,69,0,25,13917,7
2,150,-8,93,2309,29,-0,43,-4,05,-80,54,-0,18,579176,6,39508,36,0,25,13908,4
2,200,-9,14,2305,26,-0,44,-4,05,-80,33,-0,17,577579,1,39499,11,0,25,13899,1
2,250,-9,34,2301,25,-0,44,-4,02,-80,13,-0,17,563847,5,39489,86,0,25,13889,9
2,300,-9,54,2297,25,-0,45,-4,02,-79,94,-0,16,559708,5,39480,68,0,25,13880,7
2,350,-9,74,2293,26,-0,46,-4,02,-79,75,-0,16,554815,1,39471,61,0,25,13871,6
2,400,-9,94,2289,28,-0,47,-4,05,-79,57,-0,16,549879,4,39462,61,0,24,13862,6
2,450,-10,15,2285,30,-0,48,-4,05,-79,38,-0,15,553204,4,39453,66,0,24,13853,7
2,500,-10,35,2281,34,-0,48,-4,02,-79,21,-0,15,541235,5,39444,83,0,23,13844,8
2,550,-10,55,2277,38,-0,49,-4,04,-79,04,-0,15,535237,7,39436,04,0,23,13836,0
2,600,-10,75,2273,43,-0,50,-4,04,-78,87,-0,15,538984,3,39427,35,0,22,13827,4
2,650,-10,95,2269,49,-0,51,-4,04,-78,70,-0,14,532565,8,39418,73,0,21,13818,7
2,700,-11,15,2265,56,-0,51,-4,04,-78,54,-0,14,527147,9,39410,18,0,21,13810,2
2,750,-11,35,2261,64,-0,52,-4,04,-78,38,-0,14,522192,9,39401,73,0,20,13801,7
2,800,-11,56,2257,72,-0,53,-4,04,-78,22,-0,14,511863,2,39393,31,0,19,13793,3
2,850,-11,76,2253,82,-0,53,-4,04,-78,07,-0,13,507534,9,39384,96,0,18,13785,0
2,900,-11,96,2249,92,-0,54,-4,02,-77,92,-0,13,493306,3,39376,70,0,17,13776,7
2,950,-12,16,2246,02,-0,55,-4,02,-77,77,-0,13,498947,3,39368,48,0,16,13768,5
3,000,-12,36,2242,14,-0,55,-4,03,-77,63,-0,13,498475,8,39360,34,0,15,13760,3
3,050,-12,56,2238,26,-0,56,-4,03,-77,49,-0,13,491062,8,39352,27,0,15,13752,3
3,100,-12,76,2234,39,-0,57,-4,01,-77,35,-0,12,486998,0,39344,26,0,14,13744,3
3,150,-12,96,2230,53,-0,57,-4,03,-77,21,-0,12,483938,1,39336,31,0,13,13736,3
3,200,-13,17,2226,67,-0,58,-4,01,-77,07,-0,12,479457,0,39328,43,0,12,13728,4
3,250,-13,37,2222,82,-0,58,-4,02,-76,94,-0,12,476284,6,39320,60,0,11,13720,6
3,300,-13,57,2218,98,-0,59,-4,02,-76,81,-0,12,472657,4,39312,83,0,11,13712,8
3,350,-13,77,2215,14,-0,60,-4,02,-76,69,-0,12,469217,3,39305,12,0,10,13705,1
3,400,-13,97,2211,31,-0,60,-4,02,-76,56,-0,12,465603,6,39297,46,0,09,13697,5
3,450,-14,17,2207,48,-0,61,-4,02,-76,44,-0,12,462972,9,39289,85,0,08,13689,9
3,500,-14,37,2203,66,-0,61,-4,02,-76,32,-0,12,460264,3,39282,29,0,08,13682,3
3,550,-14,57,2199,85,-0,62,-4,02,-76,21,-0,12,457621,4,39274,79,0,07,13674,8
3,600,-14,77,2196,04,-0,63,-4,02,-76,10,-0,12,454641,3,39267,32,0,07,13667,3
3,650,-14,97,2192,24,-0,63,-4,01,-75,99,-0,11,450516,3,39259,91,0,06,13659,9
3,700,-15,17,2188,44,-0,64,-4,01,-75,88,-0,11,448387,5,39252,53,0,06,13652,5
3,750,-15,37,2184,65,-0,64,-4,01,-75,77,-0,11,445798,8,39245,20,0,05,13645,2
3,800,-15,57,2180,87,-0,65,-4,01,-75,67,-0,11,443420,6,39237,91,0,04,13637,9
3,850,-15,78,2177,08,-0,65,-4,01,-75,58,-0,11,441078,6,39230,67,0,04,13630,7
3,900,-15,98,2173,31,-0,66,-4,01,-75,48,-0,11,438806,4,39223,46,0,04,13623,5
3,950,-16,18,2169,54,-0,66,-4,01,-75,39,-0,11,436601,2,39216,28,0,03,13616,3
4,000,-16,38,2165,77,-0,67,-4,01,-75,30,-0,11,434459,8,39209,14,0,03,13609,1
4,050,-16,58,2162,01,-0,68,-4,00,-75,21,-0,11,432407,3,39202,04,0,03,13602,0
4,100,-16,78,2158,25,-0,68,-4,00,-75,12,-0,11,430386,2,39194,97,0,03,13595,0
4,150,-16,98,2154,49,-0,69,-4,00,-75,04,-0,11,428421,3,39187,93,0,03,13587,9
4,200,-17,18,2150,74,-0,69,-4,00,-74,96,-0,11,426508,6,39180,92,0,03,13580,9
4,250,-17,38,2147,00,-0,70,-4,00,-74,89,-0,11,424631,8,39173,95,0,03,13574,0
4,300,-17,58,2143,26,-0,70,-4,00,-74,81,-0,11,422814,3,39167,00,0,03,13567,0
4,350,-17,78,2139,52,-0,71,-4,00,-74,74,-0,11,421027,1,39160,09,0,03,13560,1
4,400,-17,98,2135,78,-0,72,-4,00,-74,67,-0,11,419296,8,39153,20,0,04,13553,2
4,450,-18,18,2132,05,-0,72,-4,00,-74,60,-0,11,417594,4,39146,34,0,04,13546,3
4,500,-18,38,2128,32,-0,73,-4,00,-74,53,-0,11,415918,9,39139,51,0,05,13539,5
4,550,-18,58,2124,60,-0,73,-4,00,-74,47,-0,11,414268,9,39132,71,0,05,13532,7
4,600,-18,78,2120,88,-0,74,-4,00,-74,40,-0,11,413243,6,39125,93,0,06,13525,9
4,650,-18,98,2117,16,-0,74,-4,00,-74,34,-0,11,412243,7,39119,16,0,06,13519,2
4,700,-19,18,2113,44,-0,75,-4,00,-74,29,-0,11,410452,9,39112,43,0,07,13512,4
4,750,-19,38,2109,73,-0,75,-4,00,-74,23,-0,11,409070,2,39105,71,0,07,13505,7
4,800,-19,58,2106,02,-0,76,-4,00,-74,18,-0,11,407768,4,39099,02,0,07,13499,0
4,850,-19,78,2102,31,-0,76,-4,00,-74,13,-0,11,406408,8,39092,34,0,08,13492,3
4,900,-19,98,2098,61,-0,77,-4,00,-74,08,-0,12,404871,2,39085,70,0,08,13485,7
4,950,-20,18,2094,90,-0,78,-4,00,-74,03,-0,11,404027,7,39079,07,0,08,13479,1
5,000,-20,38,2091,20,-0,78,-4,00,-73,99,-0,11,402737,1,39072,46,0,08,13472,5
5,050,-20,58,2087,50,-0,79,-4,00,-73,94,-0,12,401178,0,39065,87,0,09,13465,9
5,100,-20,78,2083,81,-0,79,-4,00,-73,90,-0,11,400475,2,39059,30,0,09,13459,3
5,150,-20,98,2080,11,-0,80,-4,00,-73,86,-0,12,399265,3,39052,75,0,09,13452,8
5,200,-21,18,2076,42,-0,80,-4,00,-73,82,-0,12,396020,0,39046,21,0,09,13446,2
5,250,-21,38,2072,73,-0,81,-4,00,-73,78,-0,11,398118,0,39039,70,0,09,13439,7
5,300,-21,58,2069,04,-0,81,-4,00,-73,75,-0,12,395516,6,39033,20,0,09,13433,2
5,350,-21,78,2065,36,-0,82,-4,00,-73,71,-0,11,395214,8,39026,72,0,09,13426,7
5,400,-21,98,2061,67,-0,83,-4,00,-73,68,-0,12,393819,3,39020,26,0,09,13420,3
5,450,-22,18,2057,99,-0,83,-4,00,-73,65,-0,11,392953,8,39013,81,0,09,13413,8
5,500,-22,38,2054,31,-0,84,-4,00,-73,61,-0,11,391763,3,39007,38,0,09,13407,4
5,550,-22,57,2050,63,-0,84,-4,00,-73,58,-0,11,390963,7,39000,97,0,09,13401,0
5,600,-22,77,2046,95,-0,85,-4,00,-73,56,-0,11,389837,8,38994,57,0,09,13394,6
5,650,-22,97,2043,27,-0,85,-4,00,-73,53,-0,11,389074,2,38988,19,0,09,13388,2
5,700,-23,17,2039,60,-0,86,-4,00,-73,50,-0,11,387983,0,38981,82,0,09,13381,8
5,750,-23,37,2035,92,-0,86,-4,00,-73,48,-0,11,387252,5,38975,47,0,09,13375,5
5,800,-23,57,2032,25,-0,87,-4,00,-73,45,-0,11,386160,4,38969,14,0,09,13369,1
5,850,-23,77,2028,58,-0,88,-4,00,-73,43,-0,11,385455,3,38962,82,0,09,13362,8
5,900,-23,97,2024,91,-0,88,-4,00,-73,41,-0,11,384360,8,38956,51,0,09,13356,5
5,950,-24,17,2021,24,-0,89,-4,00,-73,38,-0,11,383706,3,38950,21,0,09,13350,2
6,000,-24,37,2017,57,-0,89,-4,00,-73,36,-0,11,382743,3,38943,94,0,09,13343,9
6,050,-24,57,2013,90,-0,90,-4,00,-73,34,-0,11,381942,2,38937,67,0,09,13337,7
6,100,-24,77,2010,23,-0,90,-4,00,-73,32,-0,11,381109,0,38931,42,0,08,13331,4
6,150,-24,97,2006,57,-0,91,-4,00,-73,31,-0,11,378522,3,38925,18,0,08,13325,2
6,200,-25,17,2002,90,-0,91,-4,00,-73,29,-0,11,380239,9,38918,96,0,08,13319,0
6,250,-25,37,1999,24,-0,92,-4,00,-73,27,-0,11,378618,3,38912,74,0,08,13312,7
6,300,-25,57,1995,58,-0,93,-4,00,-73,25,-0,11,377980,3,38906,55,0,08,13306,6
6,350,-25,77,1991,91,-0,93,-4,00,-73,24,-0,11,377849,1,38900,36,0,08,13300,4
6,400,-25,97,1988,25,-0,94,-4,00,-73,22,-0,11,376316,1,38894,18,0,07,13294,2
6,450,-26,17,1984,59,-0,94,-4,00,-73,21,-0,11,374380,0,38888,02,0,07,13288,0
6,500,-26,37,1980,93,-0,95,-4,00,-73,20,-0,11,375116,4,38881,87,0,07,13281,9
6,550,-26,57,1977,27,-0,95,-4,00,-73,18,-0,11,374790,8,38875,73,0,07,13275,7
6,600,-26,77,1973,61,-0,96,-4,00,-73,17,-0,11,373608,8,38869,61,0,07,13269,6
6,650,-26,97,1969,95,-0,96,-4,00,-73,16,-0,11,372878,4,38863,49,0,07,13263,5
6,700,-27,17,1966,30,-0,97,-4,00,-73,15,-0,11,372196,2,38857,38,0,06,13257,4
6,750,-27,37,1962,64,-0,97,-4,00,-73,14,-0,11,371585,6,38851,29,0,06,13251,3
6,800,-27,57,1958,98,-0,98,-4,00,-73,13,-0,11,371346,2,38845,21,0,06,13245,2
6,850,-27,77,1955,33,-0,99,-4,00,-73,12,-0,11,370799,7,38839,13,0,06,13239,1
6,900,-27,97,1951,67,-0,99,-4,00,-73,11,-0,11,369081,7,38833,07,0,06,13233,1
6,950,-28,17,1948,02,-1,00,-4,00,-73,10,-0,11,369038,3,38827,02,0,06,13227,0
7,000,-28,37,1944,36,-1,00,-3,99,-73,09,-0,11,368870,8,38820,97,0,05,13221,0
7,050,-28,57,1940,71,-1,01,-3,99,-73,09,-0,11,367451,8,38814,93,0,05,13214,9
7,100,-28,77,1937,05,-1,01,-3,99,-73,08,-0,11,367814,5,38808,91,0,05,13208,9
7,150,-28,97,1933,40,-1,02,-3,99,-73,07,-0,11,366842,3,38802,89,0,05,13202,9
7,200,-29,17,1929,74,-1,02,-3,99,-73,07,-0,11,365938,7,38796,88,0,05,13196,9
7,250,-29,37,1926,09,-1,03,-3,99,-73,06,-0,11,366186,0,38790,88,0,04,13190,9
7,300,-29,57,1922,44,-1,03,-3,99,-73,06,-0,11,365117,9,38784,89,0,04,13184,9
7,350,-29,77,1918,78,-1,04,-3,99,-73,06,-0,11,364648,3,38778,90,0,04,13178,9
7,400,-29,97,1915,13,-1,05,-3,99,-73,05,-0,11,364030,1,38772,93,0,04,13172,9
7,450,-30,17,1911,48,-1,05,-3,99,-73,05,-0,11,363895,1,38766,96,0,04,13167,0
7,500,-30,37,1907,83,-1,06,-3,99,-73,05,-0,11,363300,5,38761,00,0,04,13161,0
7,550,-30,57,1904,17,-1,06,-3,99,-73,04,-0,11,363029,4,38755,04,0,04,13155,0
7,600,-30,77,1900,52,-1,07,-3,99,-73,04,-0,11,362438,2,38749,10,0,04,13149,1
7,650,-30,97,1896,87,-1,07,-3,99,-73,04,-0,11,361972,6,38743,16,0,04,13143,2
7,700,-31,17,1893,22,-1,08,-3,99,-73,04,-0,11,361718,2,38737,23,0,03,13137,2
7,750,-31,37,1889,57,-1,08,-3,99,-73,04,-0,11,361192,7,38731,30,0,03,13131,3
7,800,-31,57,1885,91,-1,09,-3,99,-73,04,-0,11,360822,7,38725,38,0,03,13125,4
7,850,-31,76,1882,26,-1,09,-3,99,-73,04,-0,11,360576,5,38719,47,0,03,13119,5
7,900,-31,96,1878,61,-1,10,-3,99,-73,04,-0,11,360064,9,38713,56,0,03,13113,6
7,950,-32,16,1874,96,-1,11,-3,99,-73,04,-0,11,359625,4,38707,66,0,03,13107,7
8,000,-32,36,1871,30,-1,11,-3,98,-73,04,-0,11,359332,9,38701,77,0,03,13101,8
8,050,-32,56,1867,65,-1,12,-3,98,-73,04,-0,11,359028,4,38695,88,0,03,13095,9
8,100,-32,76,1864,00,-1,12,-3,98,-73,05,-0,11,358678,0,38690,00,0,03,13090,0
8,150,-32,96,1860,35,-1,13,-3,98,-73,05,-0,11,358260,6,38684,12,0,03,13084,1
8,200,-33,16,1856,69,-1,13,-3,98,-73,05,-0,11,358016,8,38678,25,0,03,13078,3
8,250,-33,36,1853,04,-1,14,-3,98,-73,05,-0,11,357698,3,38672,38,0,03,13072,4
8,300,-33,56,1849,39,-1,14,-3,98,-73,06,-0,11,357393,4,38666,52,0,03,13066,5
8,350,-33,76,1845,74,-1,15,-3,98,-73,06,-0,11,357127,2,38660,66,0,03,13060,7
8,400,-33,96,1842,08,-1,15,-3,98,-73,06,-0,11,356814,4,38654,81,0,03,13054,8
8,450,-34,15,1838,43,-1,16,-3,98,-73,07,-0,11,356542,1,38648,96,0,03,13049,0
8,500,-34,35,1834,78,-1,16,-3,98,-73,07,-0,11,356444,4,38643,12,0,03,13043,1
8,550,-34,55,1831,12,-1,17,-3,98,-73,08,-0,11,355997,9,38637,28,0,03,13037,3
8,600,-34,75,1827,47,-1,18,-3,98,-73,08,-0,11,355728,2,38631,45,0,03,13031,5
8,650,-34,95,1823,81,-1,18,-3,98,-73,09,-0,11,355465,6,38625,62,0,03,13025,6
8,700,-35,15,1820,16,-1,19,-3,98,-73,09,-0,11,355215,1,38619,79,0,03,13019,8
8,750,-35,35,1816,50,-1,19,-3,98,-73,10,-0,11,355001,1,38613,97,0,03,13014,0
8,800,-35,55,1812,85,-1,20,-3,98,-73,11,-0,11,354932,5,38608,15,0,03,13008,2
8,850,-35,75,1809,19,-1,20,-3,97,-73,11,-0,11,354515,0,38602,34,0,03,13002,3
8,900,-35,94,1805,54,-1,21,-3,97,-73,12,-0,11,354272,8,38596,53,0,03,12996,5
8,950,-36,14,1801,88,-1,21,-3,97,-73,12,-0,11,354065,5,38590,72,0,03,12990,7
9,000,-36,34,1798,23,-1,22,-3,97,-73,13,-0,11,353866,8,38584,92,0,03,12984,9
9,050,-36,54,1794,57,-1,22,-3,97,-73,14,-0,11,353648,4,38579,12,0,03,12979,1
9,100,-36,74,1790,91,-1,23,-3,97,-73,14,-0,11,353465,3,38573,32,0,03,12973,3
9,150,-36,94,1787,26,-1,23,-3,97,-73,15,-0,11,353262,2,38567,53,0,03,12967,5
9,200,-37,14,1783,60,-1,24,-3,97,-73,16,-0,11,353066,2,38561,74,0,03,12961,7
9,250,-37,33,1779,94,-1,25,-3,97,-73,17,-0,11,352877,7,38555,95,0,03,12956,0
9,300,-37,53,1776,28,-1,25,-3,97,-73,17,-0,11,352723,7,38550,17,0,03,12950,2
9,350,-37,73,1772,62,-1,26,-3,97,-73,18,-0,11,352493,4,38544,39,0,03,12944,4
9,400,-37,93,1768,96,-1,26,-3,97,-73,19,-0,11,352325,0,38538,61,0,03,12938,6
9,450,-38,13,1765,30,-1,27,-3,97,-73,20,-0,11,352163,2,38532,84,0,03,12932,8
9,500,-38,33,1761,64,-1,27,-3,97,-73,21,-0,11,352007,8,38527,06,0,03,12927,1
9,550,-38,52,1757,98,-1,28,-3,97,-73,22,-0,11,351858,2,38521,29,0,03,12921,3
9,600,-38,72,1754,32,-1,28,-3,97,-73,20,-0,11,372044,4,38515,23,0,03,12915,2
9,650,-38,92,1750,66,-1,29,-3,97,-73,18,-0,11,373036,3,38509,13,0,03,12909,1
9,700,-39,12,1747,00,-1,29,-3,96,-73,16,-0,11,374191,8,38503,00,0,03,12903,0
9,750,-39,32,1743,35,-1,30,-3,96,-73,14,-0,11,375065,7,38496,86,0,03,12896,9
9,800,-39,52,1739,69,-1,30,-3,96,-73,12,-0,11,375966,3,38490,70,0,03,12890,7
9,850,-39,71,1736,03,-1,31,-3,96,-73,09,-0,11,377166,3,38484,53,0,03,12884,5
9,900,-39,91,1732,38,-1,31,-3,96,-73,07,-0,11,377923,5,38478,34,0,03,12878,3
9,950,-40,11,1728,73,-1,32,-3,96,-73,04,-0,11,378983,8,38472,14,0,03,12872,1
10,000,-40,31,1725,08,-1,33,-3,96,-73,01,-0,11,379765,3,38465,92,0,03,12865,9
10,050,-40,51,1721,42,-1,33,-3,96,-72,99,-0,11,380658,9,38459,69,0,03,12859,7
10,100,-40,70,1717,78,-1,34,-3,96,-72,96,-0,11,381580,3,38453,44,0,03,12853,4
10,150,-40,90,1714,13,-1,34,-3,96,-72,92,-0,11,382334,8,38447,17,0,03,12847,2
10,200,-41,10,1710,48,-1,35,-3,96,-72,89,-0,11,383203,0,38440,90,0,03,12840,9
10,250,-41,30,1706,84,-1,35,-3,96,-72,86,-0,11,383907,4,38434,61,0,03,12834,6
10,300,-41,50,1703,20,-1,36,-3,96,-72,82,-0,11,384862,0,38428,30,0,03,12828,3
10,350,-41,69,1699,56,-1,36,-3,96,-72,79,-0,11,385763,3,38421,99,0,03,12822,0
10,400,-41,89,1695,92,-1,37,-3,96,-72,75,-0,11,386281,9,38415,66,0,03,12815,7
10,450,-42,09,1692,28,-1,37,-3,96,-72,71,-0,11,387081,0,38409,32,0,03,12809,3
10,500,-42,29,1688,65,-1,38,-3,96,-72,67,-0,11,387773,4,38402,97,0,02,12803,0
10,550,-42,49,1685,02,-1,38,-3,95,-72,63,-0,11,388494,8,38396,61,0,02,12796,6
10,600,-42,68,1681,39,-1,39,-3,95,-72,59,-0,11,389193,3,38390,23,0,02,12790,2
10,650,-42,88,1677,76,-1,39,-3,95,-72,55,-0,11,389868,3,38383,84,0,02,12783,8
10,700,-43,08,1674,13,-1,40,-3,95,-72,51,-0,11,390523,0,38377,45,0,02,12777,5
10,750,-43,28,1670,51,-1,40,-3,95,-72,46,-0,11,391156,4,38371,04,0,02,12771,0
10,800,-43,47,1666,88,-1,41,-3,95,-72,42,-0,11,391768,9,38364,62,0,02,12764,6
10,850,-43,67,1663,26,-1,41,-3,95,-72,37,-0,11,392499,0,38358,19,0,02,12758,2
10,900,-43,87,1659,65,-1,42,-3,95,-72,32,-0,11,393152,7,38351,75,0,02,12751,8
10,950,-44,07,1656,03,-1,43,-3,95,-72,28,-0,11,393594,0,38345,30,0,02,12745,3
11,000,-44,26,1652,42,-1,43,-3,95,-72,23,-0,11,394209,7,38338,84,0,02,12738,8
11,050,-44,46,1648,81,-1,44,-3,95,-72,18,-0,11,394751,1,38332,38,0,02,12732,4
11,100,-44,66,1645,20,-1,44,-3,95,-72,13,-0,11,395329,3,38325,90,0,02,12725,9
11,150,-44,86,1641,60,-1,45,-3,95,-72,08,-0,11,395861,2,38319,41,0,02,12719,4
11,200,-45,05,1637,99,-1,45,-3,95,-72,03,-0,10,396486,6,38312,92,0,02,12712,9
11,250,-45,25,1634,39,-1,46,-3,95,-71,97,-0,10,396956,6,38306,42,0,02,12706,4
11,300,-45,45,1630,80,-1,46,-3,95,-71,92,-0,10,397408,4,38299,91,0,02,12699,9
11,350,-45,64,1627,20,-1,47,-3,94,-71,87,-0,10,397898,6,38293,38,0,02,12693,4
11,400,-45,84,1623,61,-1,47,-3,94,-71,81,-0,10,398372,3,38286,86,0,02,12686,9
11,450,-46,04,1620,02,-1,48,-3,94,-71,76,-0,10,398940,2,38280,32,0,02,12680,3
11,500,-46,24,1616,43,-1,48,-3,94,-71,70,-0,10,399272,1,38273,78,0,02,12673,8
11,550,-46,43,1612,85,-1,49,-3,94,-71,65,-0,10,399753,2,38267,23,0,02,12667,2
11,600,-46,63,1609,27,-1,49,-3,94,-71,59,-0,10,400247,5,38260,67,0,02,12660,7
11,650,-46,83,1605,69,-1,50,-3,94,-71,53,-0,10,400587,8,38254,11,0,02,12654,1
11,700,-47,02,1602,12,-1,50,-3,94,-71,47,-0,10,401106,9,38247,54,0,02,12647,5
11,750,-47,22,1598,54,-1,51,-3,94,-71,41,-0,10,401446,4,38240,96,0,02,12641,0
11,800,-47,42,1594,97,-1,51,-3,94,-71,35,-0,10,401964,6,38234,38,0,02,12634,4
11,850,-47,62,1591,41,-1,52,-3,94,-71,29,-0,10,402220,8,38227,78,0,02,12627,8
11,900,-47,81,1587,85,-1,53,-3,94,-71,23,-0,10,402574,2,38221,18,0,02,12621,2
11,950,-48,01,1584,29,-1,53,-3,94,-71,17,-0,10,403106,7,38214,58,0,02,12614,6
12,000,-48,21,1580,73,-1,54,-3,94,-71,11,-0,10,403295,7,38207,97,0,02,12608,0
12,050,-48,40,1577,17,-1,54,-3,94,-71,05,-0,10,403720,6,38201,35,0,02,12601,4
12,100,-48,60,1573,62,-1,55,-3,93,-70,99,-0,10,404104,7,38194,73,0,02,12594,7
12,150,-48,80,1570,08,-1,55,-3,93,-70,92,-0,10,404393,6,38188,10,0,00,12588,1
12,200,-48,99,1566,53,-1,56,-3,93,-70,86,-0,10,404753,1,38181,47,0,02,12581,5
12,250,-49,19,1562,99,-1,56,-3,93,-70,79,-0,10,405073,1,38174,83,0,02,12574,8
12,300,-49,39,1559,45,-1,57,-3,93,-70,73,-0,10,405409,2,38168,19,0,02,12568,2
12,350,-49,58,1555,92,-1,57,-3,93,-70,67,-0,10,405595,6,38161,54,0,02,12561,5
12,400,-49,78,1552,39,-1,58,-3,93,-70,60,-0,10,405936,5,38154,89,0,02,12554,9
12,450,-49,98,1548,86,-1,58,-3,93,-70,53,-0,10,406211,1,38148,23,0,00,12548,2
12,500,-50,17,1545,33,-1,59,-3,93,-70,47,-0,10,406503,1,38141,57,0,00,12541,6
12,550,-50,37,1541,81,-1,59,-3,93,-70,40,-0,10,406811,2,38134,90,0,02,12534,9
12,600,-50,57,1538,29,-1,60,-3,93,-70,33,-0,10,407054,5,38128,23,0,02,12528,2
12,650,-50,76,1534,78,-1,60,-3,93,-70,26,-0,10,407259,4,38121,55,0,02,12521,6
12,700,-50,96,1531,27,-1,61,-3,93,-70,20,-0,10,407565,4,38114,88,0,02,12514,9
12,750,-51,15,1527,76,-1,61,-3,93,-70,13,-0,10,407806,7,38108,19,0,00,12508,2
12,800,-51,35,1524,25,-1,62,-3,93,-70,06,-0,10,408065,8,38101,50,0,00,12501,5
12,850,-51,55,1520,75,-1,62,-3,92,-69,99,-0,10,408287,4,38094,81,0,00,12494,8
12,900,-51,74,1517,25,-1,63,-3,92,-69,92,-0,10,408555,6,38088,12,0,00,12488,1
12,950,-51,94,1513,76,-1,63,-3,92,-69,85,-0,10,408787,1,38081,42,0,00,12481,4
13,000,-52,14,1510,27,-1,64,-3,92,-69,78,-0,10,408982,0,38074,72,0,00,12474,7
13,050,-52,33,1506,78,-1,64,-3,92,-69,71,-0,10,409168,4,38068,01,0,00,12468,0
13,100,-52,53,1503,30,-1,65,-3,92,-69,64,-0,10,409374,6,38061,30,0,00,12461,3
13,150,-52,72,1499,82,-1,65,-3,92,-69,57,-0,10,409571,9,38054,59,0,00,12454,6
13,200,-52,92,1496,34,-1,66,-3,92,-69,50,-0,10,409789,3,38047,87,0,00,12447,9
13,250,-53,12,1492,87,-1,67,-3,92,-69,42,-0,10,409915,8,38041,15,0,00,12441,2
13,300,-53,31,1489,40,-1,67,-3,92,-69,35,-0,10,410117,3,38034,43,0,02,12434,4
13,350,-53,51,1485,93,-1,68,-3,92,-69,28,-0,10,410227,9,38027,71,0,02,12427,7
13,400,-53,70,1482,47,-1,68,-3,92,-69,21,-0,10,410470,0,38020,98,0,02,12421,0
13,450,-53,90,1479,01,-1,69,-3,92,-69,13,-0,10,410620,9,38014,25,0,00,12414,3
13,500,-54,09,1475,56,-1,69,-3,92,-69,06,-0,10,410765,2,38007,52,0,02,12407,5
13,550,-54,29,1472,11,-1,70,-3,92,-68,99,-0,10,410957,2,38000,78,0,00,12400,8
13,600,-54,49,1468,66,-1,70,-3,91,-68,91,-0,10,411088,3,37994,04,0,02,12394,0
13,650,-54,68,1465,21,-1,71,-3,91,-68,84,-0,10,411211,6,37987,30,0,02,12387,3
13,700,-54,88,1461,77,-1,71,-3,91,-68,76,-0,10,411384,1,37980,56,0,02,12380,6
13,750,-55,07,1458,34,-1,72,-3,91,-68,69,-0,10,411522,1,37973,81,0,00,12373,8
13,800,-55,27,1454,91,-1,72,-3,91,-68,61,-0,10,411654,3,37967,07,0,02,12367,1
13,850,-55,46,1451,48,-1,73,-3,91,-68,54,-0,10,411751,9,37960,32,0,00,12360,3
13,900,-55,66,1448,05,-1,73,-3,91,-68,46,-0,10,411871,5,37953,57,0,00,12353,6
13,950,-55,86,1444,63,-1,74,-3,91,-68,39,-0,10,412012,4,37946,81,0,02,12346,8
14,000,-56,05,1441,21,-1,74,-3,91,-68,31,-0,10,412147,7,37940,05,0,02,12340,1
14,050,-56,25,1437,80,-1,75,-3,91,-68,24,-0,10,412222,5,37933,30,0,00,12333,3
14,100,-56,44,1434,39,-1,75,-3,91,-68,16,-0,10,412346,4,37926,54,0,00,12326,5
14,150,-56,64,1430,98,-1,76,-3,91,-68,08,-0,10,412464,9,37919,78,0,00,12319,8
14,200,-56,83,1427,58,-1,76,-3,91,-68,01,-0,10,412550,4,37913,02,0,00,12313,0
14,250,-57,03,1424,18,-1,77,-3,91,-67,93,-0,10,412686,2,37906,25,0,00,12306,3
14,300,-57,22,1420,79,-1,77,-3,90,-67,85,-0,10,412733,5,37899,48,0,02,12299,5
14,350,-57,42,1417,40,-1,78,-3,90,-67,78,-0,10,412858,4,37892,71,0,02,12292,7
14,400,-57,61,1414,01,-1,78,-3,90,-67,70,-0,10,412923,3,37885,95,0,02,12286,0
14,450,-57,81,1410,63,-1,79,-3,90,-67,62,-0,10,412955,8,37879,18,0,00,12279,2
14,500,-58,00,1407,25,-1,79,-3,90,-67,54,-0,10,413093,8,37872,41,0,00,12272,4
14,550,-58,20,1403,87,-1,80,-3,90,-67,47,-0,10,413199,6,37865,64,0,02,12265,6
14,600,-58,39,1400,50,-1,80,-3,90,-67,39,-0,10,413190,2,37858,86,0,00,12258,9
14,650,-58,59,1397,13,-1,81,-3,90,-67,31,-0,10,413314,4,37852,09,0,02,12252,1
14,700,-58,78,1393,77,-1,81,-3,90,-67,23,-0,10,413351,4,37845,30,0,00,12245,3
14,750,-58,98,1390,41,-1,82,-3,90,-67,15,-0,10,413439,3,37838,53,0,02,12238,5
14,800,-59,17,1387,05,-1,82,-3,90,-67,08,-0,10,413439,8,37831,75,0,00,12231,8
14,850,-59,37,1383,70,-1,83,-3,90,-67,00,-0,10,413574,6,37824,98,0,02,12225,0
14,900,-59,56,1380,35,-1,83,-3,90,-66,92,-0,10,413622,6,37818,20,0,00,12218,2
14,950,-59,76,1377,01,-1,84,-3,90,-66,84,-0,10,413611,7,37811,42,0,00,12211,4
15,000,-59,95,1373,67,-1,84,-3,90,-66,76,-0,10,413734,9,37804,64,0,02,12204,6
15,050,-60,15,1370,33,-1,85,-3,90,-66,68,-0,10,413743,5,37797,85,0,02,12197,9
15,100,-60,34,1367,00,-1,85,-3,89,-66,60,-0,10,413831,9,37791,07,0,02,12191,1
15,150,-60,54,1363,67,-1,86,-3,89,-66,52,-0,10,413861,0,37784,28,0,00,12184,3
15,200,-60,73,1360,35,-1,86,-3,89,-66,44,-0,10,413914,3,37777,49,0,00,12177,5
15,250,-60,93,1357,03,-1,87,-3,89,-66,36,-0,10,413936,6,37770,70,0,00,12170,7
15,300,-61,12,1353,71,-1,87,-3,89,-66,28,-0,10,413928,0,37763,92,0,00,12163,9
15,350,-61,32,1350,40,-1,88,-3,89,-66,20,-0,10,413998,8,37757,13,0,00,12157,1
15,400,-61,51,1347,09,-1,88,-3,89,-66,12,-0,10,414066,4,37750,34,0,02,12150,3
15,450,-61,71,1343,79,-1,89,-3,89,-66,04,-0,10,414102,7,37743,55,0,02,12143,6
15,500,-61,90,1340,49,-1,89,-3,89,-65,96,-0,10,414136,8,37736,77,0,00,12136,8
15,550,-62,09,1337,19,-1,90,-3,89,-65,88,-0,10,414112,3,37729,98,0,00,12130,0
15,600,-62,29,1333,90,-1,90,-3,89,-65,80,-0,10,414140,2,37723,20,0,00,12123,2
15,650,-62,48,1330,61,-1,91,-3,89,-65,72,-0,10,414192,6,37716,41,0,02,12116,4
15,700,-62,68,1327,33,-1,91,-3,89,-65,64,-0,10,414132,0,37709,62,0,00,12109,6
15,750,-62,87,1324,05,-1,92,-3,89,-65,56,-0,10,414179,3,37702,84,0,02,12102,8
15,800,-63,07,1320,77,-1,92,-3,89,-65,48,-0,10,414278,4,37696,05,0,00,12096,1
15,850,-63,26,1317,50,-1,93,-3,89,-65,40,-0,10,414126,8,37689,26,0,00,12089,3
15,900,-63,46,1314,23,-1,94,-3,88,-65,32,-0,10,414275,8,37682,47,0,00,12082,5
15,950,-63,65,1310,97,-1,94,-3,88,-65,24,-0,10,414229,6,37675,68,0,00,12075,7
16,000,-63,84,1307,71,-1,95,-3,88,-65,16,-0,10,414291,1,37668,90,0,00,12068,9
16,050,-64,04,1304,45,-1,95,-3,88,-65,08,-0,10,414267,4,37662,11,0,02,12062,1
16,100,-64,23,1301,20,-1,96,-3,88,-65,00,-0,10,414268,9,37655,32,0,00,12055,3
16,150,-64,43,1297,95,-1,96,-3,88,-64,91,-0,10,414295,8,37648,53,0,00,12048,5
16,200,-64,62,1294,71,-1,97,-3,88,-64,83,-0,10,414237,7,37641,74,0,02,12041,7
16,250,-64,81,1291,47,-1,97,-3,88,-64,75,-0,10,414259,5,37634,95,0,02,12035,0
16,300,-65,01,1288,23,-1,98,-3,88,-64,67,-0,10,414251,6,37628,16,0,00,12028,2
16,350,-65,20,1285,00,-1,98,-3,88,-64,59,-0,10,414241,9,37621,37,0,00,12021,4
16,400,-65,40,1281,78,-1,99,-3,88,-64,51,-0,10,414313,2,37614,58,0,00,12014,6
16,450,-65,59,1278,55,-1,99,-3,88,-64,43,-0,10,414313,4,37607,79,0,00,12007,8
16,500,-65,78,1275,33,-2,00,-3,88,-64,34,-0,10,414283,8,37601,00,0,00,12001,0
16,550,-65,98,1272,12,-2,00,-3,88,-64,26,-0,10,414280,1,37594,21,0,00,11994,2
16,600,-66,17,1268,91,-2,01,-3,88,-64,18,-0,10,414246,8,37587,43,0,00,11987,4
16,650,-66,37,1265,70,-2,01,-3,88,-64,10,-0,10,414266,9,37580,64,0,00,11980,6
16,700,-66,56,1262,50,-2,02,-3,87,-64,02,-0,10,414243,9,37573,85,0,00,11973,9
16,750,-66,75,1259,30,-2,02,-3,87,-63,94,-0,10,414233,1,37567,07,0,00,11967,1
16,800,-66,95,1256,10,-2,03,-3,87,-63,85,-0,10,414151,3,37560,28,0,00,11960,3
16,850,-67,14,1252,91,-2,03,-3,87,-63,77,-0,10,414137,2,37553,49,0,02,11953,5
16,900,-67,33,1249,73,-2,04,-3,87,-63,69,-0,10,414162,7,37546,70,0,00,11946,7
16,950,-67,53,1246,54,-2,04,-3,87,-63,61,-0,10,414172,5,37539,92,0,00,11939,9
17,000,-67,72,1243,36,-2,05,-3,87,-63,53,-0,10,414098,2,37533,13,0,00,11933,1
17,050,-67,91,1240,19,-2,05,-3,87,-63,44,-0,10,414064,1,37526,34,0,02,11926,3
17,100,-68,11,1237,02,-2,06,-3,87,-63,36,-0,10,414124,7,37519,55,0,00,11919,6
17,150,-68,30,1233,85,-2,06,-3,87,-63,28,-0,10,414045,9,37512,77,0,00,11912,8
17,200,-68,50,1230,69,-2,07,-3,87,-63,20,-0,10,414048,8,37505,98,0,00,11906,0
17,250,-68,69,1227,53,-2,07,-3,87,-63,12,-0,10,414063,7,37499,20,0,00,11899,2
17,300,-68,88,1224,38,-2,08,-3,87,-63,03,-0,10,413967,0,37492,41,0,02,11892,4
17,350,-69,08,1221,23,-2,08,-3,87,-62,95,-0,10,414006,9,37485,62,0,00,11885,6
17,400,-69,27,1218,09,-2,08,-3,87,-62,87,-0,10,413921,7,37478,83,0,00,11878,8
17,450,-69,46,1214,94,-2,09,-3,87,-62,79,-0,10,413903,6,37472,05,0,00,11872,1
17,500,-69,66,1211,81,-2,09,-3,86,-62,71,-0,10,413912,6,37465,26,0,00,11865,3
17,550,-69,85,1208,67,-2,10,-3,86,-62,62,-0,10,413851,0,37458,47,0,02,11858,5
17,600,-70,04,1205,54,-2,10,-3,86,-62,54,-0,10,413857,4,37451,68,0,00,11851,7
17,650,-70,23,1202,42,-2,11,-3,86,-62,46,-0,10,413807,4,37444,90,0,00,11844,9
17,700,-70,43,1199,30,-2,11,-3,86,-62,38,-0,10,413728,5,37438,11,0,02,11838,1
17,750,-70,62,1196,18,-2,12,-3,86,-62,29,-0,10,413731,2,37431,32,0,00,11831,3
17,800,-70,81,1193,07,-2,12,-3,86,-62,21,-0,10,413747,0,37424,54,0,00,11824,5
17,850,-71,01,1189,96,-2,13,-3,86,-62,13,-0,10,413679,3,37417,76,0,00,11817,8
17,900,-71,20,1186,86,-2,13,-3,86,-62,05,-0,10,413624,0,37410,98,0,02,11811,0
17,950,-71,39,1183,76,-2,14,-3,86,-61,96,-0,10,413609,2,37404,20,0,02,11804,2
18,000,-71,59,1180,66,-2,14,-3,86,-61,88,-0,10,413552,3,37397,43,0,00,11797,4
18,050,-71,78,1177,57,-2,15,-3,86,-61,80,-0,10,413590,9,37390,65,0,00,11790,7
18,100,-71,97,1174,48,-2,15,-3,86,-61,72,-0,10,413545,5,37383,87,0,00,11783,9
18,150,-72,16,1171,40,-2,16,-3,86,-61,63,-0,10,413526,9,37377,09,0,00,11777,1
18,200,-72,36,1168,32,-2,16,-3,86,-61,55,-0,10,413439,0,37370,32,0,00,11770,3
18,250,-72,55,1165,24,-2,17,-3,86,-61,47,-0,10,413405,2,37363,54,0,00,11763,5
18,300,-72,74,1162,17,-2,17,-3,86,-61,39,-0,10,413384,3,37356,76,0,00,11756,8
18,350,-72,94,1159,10,-2,18,-3,85,-61,30,-0,10,413348,8,37349,98,0,00,11750,0
18,400,-73,13,1156,04,-2,18,-3,85,-61,22,-0,10,413326,3,37343,21,0,00,11743,2
18,450,-73,32,1152,98,-2,19,-3,85,-61,14,-0,10,413275,6,37336,43,0,00,11736,4
18,500,-73,51,1149,93,-2,19,-3,85,-61,06,-0,10,413182,5,37329,65,0,00,11729,7
18,550,-73,71,1146,87,-2,20,-3,85,-60,97,-0,10,413144,3,37322,88,0,00,11722,9
18,600,-73,90,1143,83,-2,20,-3,85,-60,89,-0,10,413091,6,37316,10,0,02,11716,1
18,650,-74,09,1140,79,-2,21,-3,85,-60,81,-0,10,413024,3,37309,33,0,00,11709,3
18,700,-74,28,1137,75,-2,21,-3,85,-60,73,-0,10,413039,4,37302,56,0,00,11702,6
18,750,-74,48,1134,71,-2,22,-3,85,-60,64,-0,10,413025,9,37295,79,0,00,11695,8
18,800,-74,67,1131,68,-2,22,-3,85,-60,56,-0,10,412915,3,37289,03,0,00,11689,0
18,850,-74,86,1128,66,-2,23,-3,85,-60,48,-0,10,412887,0,37282,26,0,02,11682,3
18,900,-75,05,1125,63,-2,23,-3,85,-60,40,-0,10,412830,5,37275,49,0,00,11675,5
18,950,-75,25,1122,62,-2,24,-3,85,-60,31,-0,10,412855,8,37268,72,0,00,11668,7
19,000,-75,44,1119,60,-2,24,-3,85,-60,23,-0,10,412756,7,37261,96,0,02,11662,0
19,050,-75,63,1116,59,-2,25,-3,85,-60,15,-0,10,412684,9,37255,19,0,00,11655,2
19,100,-75,82,1113,59,-2,25,-3,85,-60,07,-0,10,412722,6,37248,42,0,00,11648,4
19,150,-76,02,1110,59,-2,26,-3,85,-59,98,-0,10,412621,8,37241,65,0,02,11641,7
19,200,-76,21,1107,59,-2,26,-3,84,-59,90,-0,10,412562,6,37234,89,0,00,11634,9
19,250,-76,40,1104,60,-2,27,-3,85,-59,82,-0,10,412529,8,37228,12,0,00,11628,1
19,300,-76,59,1101,61,-2,27,-3,84,-59,74,-0,10,412469,6,37221,36,0,00,11621,4
19,350,-76,79,1098,62,-2,28,-3,84,-59,65,-0,10,412477,4,37214,59,0,00,11614,6
19,400,-76,98,1095,64,-2,28,-3,84,-59,57,-0,10,412374,9,37207,84,0,00,11607,8
19,450,-77,17,1092,67,-2,29,-3,84,-59,49,-0,10,412382,0,37201,08,0,00,11601,1
19,500,-77,36,1089,69,-2,29,-3,84,-59,41,-0,10,412292,1,37194,32,0,00,11594,3
19,550,-77,55,1086,73,-2,30,-3,84,-59,32,-0,10,412298,3,37187,56,0,00,11587,6
19,600,-77,75,1083,76,-2,30,-3,84,-59,24,-0,10,412180,2,37180,80,0,00,11580,8
19,650,-77,94,1080,80,-2,31,-3,84,-59,16,-0,10,412213,3,37174,05,0,00,11574,1
19,700,-78,13,1077,85,-2,31,-3,84,-59,08,-0,10,412108,3,37167,29,0,00,11567,3
19,750,-78,32,1074,89,-2,32,-3,84,-58,99,-0,10,412057,7,37160,53,0,00,11560,5
19,800,-78,51,1071,95,-2,32,-3,84,-58,91,-0,10,412035,2,37153,77,0,00,11553,8
19,850,-78,71,1069,00,-2,33,-3,84,-58,83,-0,10,411956,3,37147,02,0,00,11547,0
19,900,-78,90,1066,06,-2,33,-3,84,-58,75,-0,10,411974,0,37140,26,0,00,11540,3
19,950,-79,09,1063,13,-2,34,-3,84,-58,66,-0,10,411825,9,37133,51,0,00,11533,5
20,000,-79,28,1060,20,-2,34,-3,84,-58,58,-0,10,411815,1,37126,77,0,00,11526,8
20,050,-79,47,1057,27,-2,35,-3,84,-58,50,-0,10,411832,1,37120,02,0,00,11520,0
20,100,-79,66,1054,35,-2,35,-3,83,-58,42,-0,10,411697,2,37113,27,0,00,11513,3
20,150,-79,86,1051,43,-2,35,-3,83,-58,33,-0,10,411658,3,37106,52,0,00,11506,5
20,200,-80,05,1048,51,-2,36,-3,83,-58,25,-0,10,411591,4,37099,77,0,00,11499,8
20,250,-80,24,1045,60,-2,36,-3,83,-58,17,-0,10,411566,2,37093,02,0,00,11493,0
20,300,-80,43,1042,70,-2,37,-3,83,-58,09,-0,10,411526,4,37086,27,0,00,11486,3
20,350,-80,62,1039,79,-2,37,-3,83,-58,00,-0,10,411445,0,37079,53,0,00,11479,5
20,400,-80,81,1036,90,-2,38,-3,83,-57,92,-0,10,411390,9,37072,78,0,02,11472,8
20,450,-81,01,1034,00,-2,38,-3,83,-57,84,-0,10,411406,0,37066,03,0,00,11466,0
20,500,-81,20,1031,11,-2,39,-3,83,-57,76,-0,10,411324,3,37059,29,0,00,11459,3
20,550,-81,39,1028,23,-2,39,-3,83,-57,68,-0,10,411242,2,37052,55,0,00,11452,6
20,600,-81,58,1025,34,-2,40,-3,83,-57,59,-0,10,411187,8,37045,81,0,00,11445,8
20,650,-81,77,1022,47,-2,40,-3,83,-57,51,-0,10,411132,8,37039,07,0,00,11439,1
20,700,-81,96,1019,59,-2,41,-3,83,-57,43,-0,10,411091,7,37032,33,0,02,11432,3
20,750,-82,16,1016,72,-2,41,-3,83,-57,35,-0,10,411050,2,37025,59,0,00,11425,6
20,800,-82,35,1013,86,-2,42,-3,83,-57,26,-0,10,411036,5,37018,86,0,00,11418,9
20,850,-82,54,1011,00,-2,42,-3,83,-57,18,-0,10,410953,7,37012,12,0,00,11412,1
20,900,-82,73,1008,14,-2,43,-3,83,-57,10,-0,10,410898,1,37005,38,0,00,11405,4
20,949,-82,92,1005,29,-2,43,-3,83,-57,02,-0,10,410814,5,36998,64,0,00,11398,6
20,999,-83,11,1002,44,-2,44,-3,82,-56,93,-0,10,410799,9,36991,90,0,00,11391,9
21,049,-83,30,999,59,-2,44,-3,82,-56,85,-0,10,410729,9,36985,16,0,00,11385,2
21,099,-83,49,996,75,-2,45,-3,82,-56,77,-0,10,410673,8,36978,43,0,00,11378,4
21,149,-83,69,993,92,-2,45,-3,82,-56,69,-0,10,410617,6,36971,71,0,00,11371,7
21,199,-83,88,991,08,-2,46,-3,82,-56,61,-0,10,410547,5,36964,98,0,00,11365,0
21,249,-84,07,988,26,-2,46,-3,82,-56,52,-0,10,410518,6,36958,25,0,00,11358,3
21,299,-84,26,985,43,-2,47,-3,82,-56,44,-0,10,410462,0,36951,52,0,00,11351,5
21,349,-84,45,982,61,-2,47,-3,82,-56,36,-0,10,410419,1,36944,79,0,00,11344,8
21,399,-84,64,979,80,-2,48,-3,82,-56,28,-0,10,410334,8,36938,06,0,00,11338,1
21,449,-84,83,976,98,-2,48,-3,82,-56,19,-0,10,410277,9,36931,34,0,00,11331,3
21,499,-85,02,974,18,-2,49,-3,82,-56,11,-0,10,410262,2,36924,61,0,00,11324,6
21,549,-85,21,971,37,-2,49,-3,82,-56,03,-0,10,410205,2,36917,88,0,00,11317,9
21,599,-85,40,968,57,-2,49,-3,82,-55,95,-0,10,410202,8,36911,15,0,00,11311,2
21,649,-85,60,965,78,-2,50,-3,82,-55,87,-0,10,410090,4,36904,43,0,02,11304,4
21,699,-85,79,962,99,-2,50,-3,82,-55,78,-0,10,410047,0,36897,71,0,00,11297,7
21,749,-85,98,960,20,-2,51,-3,82,-55,70,-0,10,409975,8,36890,99,0,00,11291,0
21,799,-86,17,957,42,-2,51,-3,82,-55,62,-0,10,409890,9,36884,27,0,00,11284,3
21,849,-86,36,954,64,-2,52,-3,82,-55,54,-0,10,409874,9,36877,55,0,00,11277,6
21,899,-86,55,951,86,-2,52,-3,82,-55,46,-0,10,409790,0,36870,83,0,00,11270,8
21,949,-86,74,949,09,-2,53,-3,81,-55,37,-0,10,409828,7,36864,11,0,00,11264,1
21,999,-86,93,946,33,-2,53,-3,81,-55,29,-0,10,409716,1,36857,39,0,02,11257,4
22,049,-87,12,943,56,-2,54,-3,81,-55,21,-0,10,409672,4,36850,68,0,00,11250,7
22,099,-87,31,940,80,-2,54,-3,81,-55,13,-0,10,409601,0,36843,96,0,00,11244,0
22,149,-87,50,938,05,-2,55,-3,81,-55,05,-0,10,409543,4,36837,24,0,00,11237,2
22,199,-87,69,935,30,-2,55,-3,81,-54,96,-0,10,409541,1,36830,52,0,00,11230,5
22,249,-87,88,932,55,-2,56,-3,81,-54,88,-0,10,409441,5,36823,82,0,02,11223,8
22,299,-88,08,929,81,-2,56,-3,81,-54,80,-0,10,409397,8,36817,11,0,00,11217,1
22,349,-88,27,927,07,-2,57,-3,81,-54,72,-0,10,409340,4,36810,40,0,00,11210,4
22,399,-88,46,924,34,-2,57,-3,81,-54,64,-0,10,409255,3,36803,69,0,00,11203,7
22,449,-88,65,921,61,-2,58,-3,81,-54,55,-0,09,409224,6,36796,98,0,00,11197,0
22,499,-88,84,918,88,-2,58,-3,81,-54,47,-0,10,409180,7,36790,27,0,00,11190,3
22,549,-89,03,916,16,-2,59,-3,81,-54,39,-0,10,409109,3,36783,56,0,00,11183,6
22,599,-89,22,913,45,-2,59,-3,81,-54,31,-0,10,409079,3,36776,85,0,00,11176,9
22,649,-89,41,910,73,-2,59,-3,81,-54,23,-0,10,409007,3,36770,14,0,00,11170,1
22,699,-89,60,908,02,-2,60,-3,81,-54,14,-0,10,408949,8,36763,44,0,00,11163,4
22,749,-89,79,905,32,-2,60,-3,81,-54,06,-0,10,408906,0,36756,73,0,00,11156,7
22,799,-89,98,902,62,-2,61,-3,81,-53,98,-0,09,408861,6,36750,03,0,02,11150,0
22,849,-90,17,899,92,-2,61,-3,81,-53,90,-0,09,408790,1,36743,33,0,00,11143,3
22,899,-90,36,897,23,-2,62,-3,80,-53,82,-0,09,408746,3,36736,63,0,00,11136,6
22,949,-90,55,894,54,-2,62,-3,80,-53,74,-0,09,408688,1,36729,93,0,02,11129,9
22,999,-90,74,891,85,-2,63,-3,80,-53,65,-0,09,408630,6,36723,23,0,00,11123,2
23,049,-90,93,889,17,-2,63,-3,80,-53,57,-0,09,408586,8,36716,54,0,00,11116,5
23,099,-91,12,886,50,-2,64,-3,80,-53,49,-0,09,408514,9,36709,84,0,00,11109,8
23,149,-91,31,883,82,-2,64,-3,80,-53,41,-0,09,408471,2,36703,14,0,00,11103,1
23,199,-91,50,881,16,-2,65,-3,80,-53,33,-0,09,408455,1,36696,44,0,00,11096,4
23,249,-91,69,878,49,-2,65,-3,80,-53,25,-0,09,408355,8,36689,74,0,00,11089,7
23,299,-91,88,875,83,-2,66,-3,80,-53,16,-0,09,408312,2,36683,04,0,00,11083,0
23,349,-92,07,873,17,-2,66,-3,80,-53,08,-0,09,408254,3,36676,35,0,02,11076,4
23,399,-92,26,870,52,-2,67,-3,80,-53,00,-0,09,408196,8,36669,66,0,00,11069,7
23,449,-92,45,867,87,-2,67,-3,80,-52,92,-0,09,408180,8,36662,97,0,00,11063,0
23,499,-92,64,865,23,-2,68,-3,80,-52,84,-0,09,408095,3,36656,29,0,00,11056,3
23,549,-92,83,862,59,-2,68,-3,80,-52,76,-0,09,408037,9,36649,59,0,00,11049,6
23,599,-93,02,859,96,-2,68,-3,80,-52,67,-0,09,407993,8,36642,91,0,00,11042,9
23,649,-93,21,857,32,-2,69,-3,80,-52,59,-0,09,407936,6,36636,21,0,00,11036,2
23,699,-93,40,854,70,-2,69,-3,80,-52,51,-0,09,407865,2,36629,53,0,02,11029,5
23,749,-93,59,852,07,-2,70,-3,80,-52,43,-0,09,407835,7,36622,84,0,00,11022,8
23,799,-93,78,849,45,-2,70,-3,80,-52,35,-0,09,407819,6,36616,15,0,00,11016,2
23,849,-93,97,846,84,-2,71,-3,80,-52,27,-0,09,407734,8,36609,46,0,00,11009,5
23,899,-94,16,844,23,-2,71,-3,79,-52,18,-0,09,407705,5,36602,79,0,00,11002,8
23,949,-94,35,841,62,-2,72,-3,79,-52,10,-0,09,407592,9,36596,11,0,00,10996,1
23,999,-94,54,839,02,-2,72,-3,79,-52,02,-0,09,407577,6,36589,43,0,00,10989,4
24,049,-94,73,836,42,-2,73,-3,79,-51,94,-0,09,407506,3,36582,75,0,00,10982,8
24,099,-94,92,833,82,-2,73,-3,79,-51,86,-0,09,407477,1,36576,07,0,00,10976,1
24,149,-95,11,831,23,-2,74,-3,79,-51,78,-0,09,407392,2,36569,39,0,00,10969,4
24,199,-95,30,828,64,-2,74,-3,79,-51,69,-0,09,407362,9,36562,71,0,00,10962,7
24,249,-95,49,826,06,-2,75,-3,79,-51,61,-0,09,407278,0,36556,03,0,00,10956,0
24,299,-95,68,823,48,-2,75,-3,79,-51,53,-0,09,407303,8,36549,35,0,00,10949,4
24,349,-95,87,820,91,-2,76,-3,79,-51,45,-0,09,407177,8,36542,67,0,00,10942,7
24,399,-96,06,818,34,-2,76,-3,79,-51,37,-0,09,407134,2,36535,99,0,00,10936,0
24,449,-96,25,815,77,-2,76,-3,79,-51,29,-0,09,407077,8,36529,32,0,00,10929,3
24,499,-96,43,813,21,-2,77,-3,79,-51,21,-0,09,407020,8,36522,65,0,00,10922,7
24,549,-96,62,810,65,-2,77,-3,79,-51,12,-0,09,406964,3,36515,98,0,00,10916,0
24,599,-96,81,808,10,-2,78,-3,79,-51,04,-0,09,406921,0,36509,31,0,00,10909,3
24,649,-97,00,805,55,-2,78,-3,79,-50,96,-0,09,406864,7,36502,64,0,00,10902,6
24,699,-97,19,803,00,-2,79,-3,79,-50,88,-0,09,406807,8,36495,97,0,00,10896,0
24,749,-97,38,800,46,-2,79,-3,79,-50,80,-0,09,406751,5,36489,30,0,00,10889,3
24,799,-97,57,797,92,-2,80,-3,79,-50,72,-0,09,406708,4,36482,63,0,00,10882,6
24,849,-97,76,795,39,-2,80,-3,79,-50,64,-0,09,406651,6,36475,96,0,02,10876,0
24,899,-97,95,792,86,-2,81,-3,78,-50,55,-0,09,406609,3,36469,29,0,00,10869,3
24,949,-98,14,790,33,-2,81,-3,78,-50,47,-0,09,406552,5,36462,62,0,00,10862,6
24,999,-98,33,787,81,-2,82,-3,78,-50,39,-0,09,406468,9,36455,96,0,00,10856,0
25,049,-98,52,785,29,-2,82,-3,78,-50,31,-0,09,406426,3,36449,30,0,00,10849,3
25,099,-98,71,782,78,-2,83,-3,78,-50,23,-0,09,406369,8,36442,64,0,02,10842,6
25,149,-98,90,780,27,-2,83,-3,78,-50,15,-0,09,406314,0,36435,98,0,00,10836,0
25,199,-99,08,777,77,-2,83,-3,78,-50,07,-0,09,406257,6,36429,32,0,00,10829,3
25,249,-99,27,775,26,-2,84,-3,78,-49,99,-0,09,406202,0,36422,66,0,00,10822,7
25,299,-99,46,772,77,-2,84,-3,78,-49,90,-0,09,406159,4,36416,00,0,00,10816,0
25,349,-99,65,770,27,-2,85,-3,78,-49,82,-0,09,406116,9,36409,34,0,00,10809,3
25,399,-99,84,767,79,-2,85,-3,78,-49,74,-0,09,406075,2,36402,68,0,00,10802,7
25,449,-100,03,765,30,-2,86,-3,78,-49,66,-0,09,406019,1,36396,02,0,00,10796,0
25,499,-100,22,762,82,-2,86,-3,78,-49,58,-0,09,405963,1,36389,36,0,02,10789,4
25,549,-100,41,760,34,-2,87,-3,78,-49,50,-0,09,405894,0,36382,70,0,00,10782,7
25,599,-100,60,757,87,-2,87,-3,78,-49,42,-0,09,405852,0,36376,05,0,00,10776,1
25,649,-100,79,755,40,-2,88,-3,78,-49,34,-0,09,405809,8,36369,40,0,00,10769,4
25,699,-100,97,752,94,-2,88,-3,78,-49,25,-0,09,405740,9,36362,75,0,00,10762,8
25,749,-101,16,750,47,-2,89,-3,78,-49,17,-0,09,405712,7,36356,10,0,00,10756,1
25,799,-101,35,748,02,-2,89,-3,78,-49,09,-0,09,405712,5,36349,45,0,00,10749,5
25,849,-101,54,745,57,-2,90,-3,78,-49,01,-0,09,405601,9,36342,80,0,00,10742,8
25,899,-101,73,743,12,-2,90,-3,78,-48,93,-0,09,405546,3,36336,15,0,00,10736,2
25,949,-101,92,740,67,-2,90,-3,78,-48,85,-0,09,405546,0,36329,50,0,00,10729,5
25,999,-102,11,738,23,-2,91,-3,77,-48,77,-0,09,405435,7,36322,85,0,00,10722,9
26,049,-102,30,735,80,-2,91,-3,77,-48,69,-0,09,405380,2,36316,20,0,00,10716,2
26,099,-102,48,733,36,-2,92,-3,77,-48,60,-0,09,405324,7,36309,55,0,02,10709,6
26,149,-102,67,730,94,-2,92,-3,77,-48,52,-0,09,405283,8,36302,91,0,00,10702,9
26,199,-102,86,728,51,-2,93,-3,77,-48,44,-0,09,405214,7,36296,27,0,00,10696,3
26,249,-103,05,726,09,-2,93,-3,77,-48,36,-0,09,405145,5,36289,63,0,00,10689,6
26,299,-103,24,723,68,-2,94,-3,77,-48,28,-0,09,405132,3,36282,99,0,00,10683,0
26,349,-103,43,721,26,-2,94,-3,77,-48,20,-0,09,405063,2,36276,35,0,00,10676,4
26,399,-103,62,718,86,-2,95,-3,77,-48,12,-0,09,405007,9,36269,71,0,00,10669,7
26,449,-103,80,716,45,-2,95,-3,77,-48,04,-0,09,405022,1,36263,07,0,00,10663,1
26,499,-103,99,714,05,-2,96,-3,77,-47,96,-0,09,404898,4,36256,43,0,00,10656,4
26,549,-104,18,711,66,-2,96,-3,77,-47,88,-0,09,404857,6,36249,79,0,00,10649,8
26,599,-104,37,709,26,-2,96,-3,77,-47,79,-0,09,404816,4,36243,15,0,00,10643,2
26,649,-104,56,706,88,-2,97,-3,77,-47,71,-0,09,404748,4,36236,51,0,00,10636,5
26,699,-104,75,704,49,-2,97,-3,77,-47,63,-0,09,404693,5,36229,88,0,00,10629,9
26,749,-104,94,702,11,-2,98,-3,77,-47,55,-0,09,404652,4,36223,25,0,00,10623,3
26,799,-105,12,699,74,-2,98,-3,77,-47,47,-0,09,404597,8,36216,62,0,00,10616,6
26,849,-105,31,697,37,-2,99,-3,77,-47,39,-0,09,404543,6,36209,99,0,00,10610,0
26,898,-105,50,695,00,-2,99,-3,77,-47,31,-0,09,404502,7,36203,36,0,00,10603,4
26,948,-105,69,692,64,-3,00,-3,77,-47,23,-0,09,404448,1,36196,73,0,00,10596,7
26,998,-105,88,690,28,-3,00,-3,77,-47,15,-0,09,404365,8,36190,09,0,02,10590,1
27,048,-106,07,687,92,-3,01,-3,77,-47,06,-0,09,404339,6,36183,46,0,00,10583,5
27,098,-106,25,685,57,-3,01,-3,76,-46,98,-0,09,404285,3,36176,83,0,00,10576,8
27,148,-106,44,683,22,-3,02,-3,76,-46,90,-0,09,404230,7,36170,20,0,00,10570,2
27,198,-106,63,680,88,-3,02,-3,76,-46,82,-0,09,404190,0,36163,57,0,00,10563,6
27,248,-106,82,678,54,-3,02,-3,76,-46,74,-0,09,404136,4,36156,95,0,00,10557,0
27,298,-107,01,676,20,-3,03,-3,76,-46,66,-0,09,404054,3,36150,33,0,00,10550,3
27,348,-107,19,673,87,-3,03,-3,76,-46,58,-0,09,404027,5,36143,70,0,00,10543,7
27,398,-107,38,671,55,-3,04,-3,76,-46,50,-0,09,403973,2,36137,09,0,00,10537,1
27,448,-107,57,669,22,-3,04,-3,76,-46,42,-0,09,403919,6,36130,46,0,00,10530,5
27,498,-107,76,666,91,-3,05,-3,76,-46,34,-0,09,403851,7,36123,84,0,00,10523,8
27,548,-107,95,664,59,-3,05,-3,76,-46,26,-0,09,403811,5,36117,22,0,00,10517,2
27,598,-108,13,662,28,-3,06,-3,76,-46,17,-0,09,403771,1,36110,60,0,00,10510,6
27,648,-108,32,659,97,-3,06,-3,76,-46,09,-0,09,403703,4,36103,98,0,02,10504,0
27,698,-108,51,657,67,-3,07,-3,76,-46,01,-0,09,403649,8,36097,36,0,00,10497,4
27,748,-108,70,655,37,-3,07,-3,76,-45,93,-0,09,403609,7,36090,73,0,00,10490,7
27,798,-108,89,653,08,-3,07,-3,76,-45,85,-0,09,403541,9,36084,12,0,00,10484,1
27,848,-109,07,650,79,-3,08,-3,76,-45,77,-0,09,403501,7,36077,51,0,00,10477,5
27,898,-109,26,648,50,-3,08,-3,76,-45,69,-0,09,403462,3,36070,90,0,00,10470,9
27,948,-109,45,646,22,-3,09,-3,76,-45,61,-0,09,403394,6,36064,29,0,00,10464,3
27,998,-109,64,643,94,-3,09,-3,76,-45,53,-0,09,403327,1,36057,67,0,00,10457,7
28,048,-109,83,641,66,-3,10,-3,76,-45,45,-0,09,403287,2,36051,06,0,00,10451,1
28,098,-110,01,639,39,-3,10,-3,76,-45,37,-0,09,403233,6,36044,45,0,00,10444,5
28,148,-110,20,637,13,-3,11,-3,76,-45,28,-0,09,403208,0,36037,84,0,00,10437,8
28,198,-110,39,634,87,-3,11,-3,76,-45,20,-0,09,403140,7,36031,23,0,00,10431,2
28,248,-110,58,632,61,-3,12,-3,75,-45,12,-0,09,403087,0,36024,62,0,00,10424,6
28,298,-110,77,630,35,-3,12,-3,75,-45,04,-0,09,403033,5,36018,01,0,00,10418,0
28,348,-110,95,628,10,-3,12,-3,75,-44,96,-0,09,402979,9,36011,39,0,00,10411,4
28,398,-111,14,625,86,-3,13,-3,75,-44,88,-0,09,402926,4,36004,79,0,00,10404,8
28,448,-111,33,623,62,-3,13,-3,75,-44,80,-0,09,402873,7,35998,19,0,00,10398,2
28,498,-111,52,621,38,-3,14,-3,75,-44,72,-0,09,402834,0,35991,59,0,00,10391,6
28,548,-111,70,619,14,-3,14,-3,75,-44,64,-0,09,402780,8,35984,99,0,00,10385,0
28,598,-111,89,616,91,-3,15,-3,75,-44,56,-0,09,402727,5,35978,39,0,00,10378,4
28,648,-112,08,614,69,-3,15,-3,75,-44,48,-0,09,402674,2,35971,79,0,00,10371,8
28,698,-112,27,612,47,-3,16,-3,75,-44,40,-0,09,402620,9,35965,18,0,02,10365,2
28,748,-112,45,610,25,-3,16,-3,75,-44,32,-0,09,402568,2,35958,58,0,00,10358,6
28,798,-112,64,608,03,-3,17,-3,75,-44,23,-0,09,402528,8,35951,98,0,00,10352,0
28,848,-112,83,605,83,-3,17,-3,75,-44,15,-0,09,402475,5,35945,38,0,00,10345,4
28,898,-113,02,603,62,-3,17,-3,75,-44,07,-0,09,402422,3,35938,78,0,00,10338,8
28,948,-113,20,601,42,-3,18,-3,75,-43,99,-0,09,402369,2,35932,18,0,00,10332,2
28,998,-113,39,599,22,-3,18,-3,75,-43,91,-0,09,402316,1,35925,59,0,00,10325,6
29,048,-113,58,597,03,-3,19,-3,75,-43,83,-0,09,402263,7,35918,99,0,00,10319,0
29,098,-113,77,594,84,-3,19,-3,75,-43,75,-0,09,402210,7,35912,40,0,00,10312,4
29,148,-113,95,592,65,-3,20,-3,75,-43,67,-0,09,402157,4,35905,81,0,00,10305,8
29,198,-114,14,590,47,-3,20,-3,75,-43,59,-0,09,402104,6,35899,22,0,00,10299,2
29,248,-114,33,588,29,-3,21,-3,75,-43,51,-0,09,402065,3,35892,63,0,00,10292,6
29,298,-114,52,586,12,-3,21,-3,75,-43,43,-0,09,402012,0,35886,04,0,00,10286,0
29,348,-114,70,583,95,-3,22,-3,75,-43,35,-0,09,401959,5,35879,45,0,00,10279,4
29,398,-114,89,581,78,-3,22,-3,75,-43,27,-0,09,401907,3,35872,85,0,00,10272,9
29,448,-115,08,579,62,-3,22,-3,74,-43,18,-0,09,401854,4,35866,26,0,00,10266,3
29,498,-115,26,577,47,-3,23,-3,74,-43,10,-0,09,401787,6,35859,67,0,00,10259,7
29,548,-115,45,575,31,-3,23,-3,74,-43,02,-0,09,401734,6,35853,08,0,00,10253,1
29,598,-115,64,573,16,-3,24,-3,74,-42,94,-0,09,401709,3,35846,50,0,00,10246,5
29,648,-115,83,571,02,-3,24,-3,74,-42,86,-0,09,401656,7,35839,92,0,00,10239,9
29,698,-116,01,568,88,-3,25,-3,74,-42,78,-0,09,401590,2,35833,34,0,00,10233,3
29,748,-116,20,566,74,-3,25,-3,74,-42,70,-0,09,401551,8,35826,75,0,00,10226,8
29,798,-116,39,564,61,-3,26,-3,74,-42,62,-0,09,401499,2,35820,17,0,00,10220,2
29,848,-116,57,562,48,-3,26,-3,74,-42,54,-0,09,401446,4,35813,59,0,00,10213,6
29,898,-116,76,560,35,-3,26,-3,74,-42,46,-0,09,401379,7,35807,01,0,00,10207,0
29,948,-116,95,558,23,-3,27,-3,74,-42,38,-0,09,401340,9,35800,43,0,00,10200,4
29,998,-117,14,556,12,-3,27,-3,74,-42,30,-0,09,401288,2,35793,84,0,00,10193,8
30,048,-117,32,554,00,-3,28,-3,74,-42,22,-0,09,401235,4,35787,26,0,00,10187,3
30,098,-117,51,551,89,-3,28,-3,74,-42,14,-0,09,401182,7,35780,68,0,00,10180,7
30,148,-117,70,549,79,-3,29,-3,74,-42,06,-0,09,401130,8,35774,11,0,00,10174,1
30,198,-117,88,547,69,-3,29,-3,74,-41,97,-0,09,401091,9,35767,54,0,00,10167,5
30,248,-118,07,545,59,-3,30,-3,74,-41,89,-0,09,401025,5,35760,96,0,00,10161,0
30,298,-118,26,543,50,-3,30,-3,74,-41,81,-0,09,400973,2,35754,39,0,00,10154,4
30,348,-118,44,541,41,-3,31,-3,74,-41,73,-0,09,400934,5,35747,82,0,00,10147,8
30,398,-118,63,539,33,-3,31,-3,74,-41,65,-0,09,400881,7,35741,25,0,00,10141,3
30,448,-118,82,537,25,-3,31,-3,74,-41,57,-0,09,400856,9,35734,67,0,00,10134,7
30,498,-119,01,535,17,-3,32,-3,74,-41,49,-0,09,400776,9,35728,10,0,00,10128,1
30,548,-119,19,533,10,-3,32,-3,74,-41,41,-0,09,400738,2,35721,53,0,02,10121,5
30,598,-119,38,531,03,-3,33,-3,74,-41,33,-0,09,400686,2,35714,96,0,00,10115,0
30,648,-119,57,528,96,-3,33,-3,74,-41,25,-0,09,400620,0,35708,38,0,00,10108,4
30,698,-119,75,526,90,-3,34,-3,74,-41,17,-0,09,400553,5,35701,82,0,00,10101,8
30,748,-119,94,524,85,-3,34,-3,73,-41,09,-0,09,400514,8,35695,25,0,00,10095,3
30,798,-120,13,522,79,-3,35,-3,73,-41,01,-0,09,400476,1,35688,69,0,00,10088,7
30,848,-120,31,520,75,-3,35,-3,73,-40,93,-0,09,400410,0,35682,13,0,00,10082,1
30,898,-120,50,518,70,-3,35,-3,73,-40,85,-0,09,400357,6,35675,57,0,00,10075,6
30,948,-120,69,516,66,-3,36,-3,73,-40,77,-0,09,400305,0,35669,00,0,00,10069,0
30,998,-120,87,514,63,-3,36,-3,73,-40,68,-0,09,400266,3,35662,44,0,00,10062,4
31,048,-121,06,512,59,-3,37,-3,73,-40,60,-0,09,400255,7,35655,88,0,00,10055,9
31,098,-121,25,510,57,-3,37,-3,73,-40,52,-0,09,400148,6,35649,32,0,00,10049,3
31,148,-121,43,508,54,-3,38,-3,73,-40,44,-0,09,400123,7,35642,75,0,00,10042,8
31,198,-121,62,506,52,-3,38,-3,73,-40,36,-0,09,400071,4,35636,19,0,00,10036,2
31,248,-121,81,504,50,-3,39,-3,73,-40,28,-0,09,400019,0,35629,63,0,00,10029,6
31,298,-121,99,502,49,-3,39,-3,73,-40,20,-0,09,399938,9,35623,08,0,00,10023,1
31,348,-122,18,500,48,-3,39,-3,73,-40,12,-0,09,399913,9,35616,52,0,00,10016,5
31,398,-122,37,498,48,-3,40,-3,73,-40,04,-0,09,399833,6,35609,97,0,00,10010,0
31,448,-122,55,496,48,-3,40,-3,73,-39,96,-0,09,399795,2,35603,42,0,00,10003,4
31,498,-122,74,494,48,-3,41,-3,73,-39,88,-0,09,399756,8,35596,87,0,00,9996,9
31,548,-122,92,492,49,-3,41,-3,73,-39,80,-0,09,399704,3,35590,31,0,00,9990,3
31,598,-123,11,490,50,-3,42,-3,73,-39,72,-0,09,399666,3,35583,76,0,00,9983,8
31,648,-123,30,488,52,-3,42,-3,73,-39,64,-0,09,399586,2,35577,21,0,00,9977,2
31,698,-123,48,486,54,-3,43,-3,73,-39,56,-0,09,399534,0,35570,66,0,00,9970,7
31,748,-123,67,484,57,-3,43,-3,73,-39,48,-0,09,399481,8,35564,10,0,00,9964,1
31,798,-123,86,482,59,-3,43,-3,73,-39,40,-0,09,399457,0,35557,55,0,00,9957,6
31,848,-124,04,480,63,-3,44,-3,73,-39,31,-0,09,399404,6,35551,00,0,00,9951,0
31,898,-124,23,478,66,-3,44,-3,73,-39,23,-0,09,399324,6,35544,46,0,00,9944,5
31,948,-124,42,476,70,-3,45,-3,73,-39,15,-0,09,399286,1,35537,91,0,00,9937,9
31,998,-124,60,474,75,-3,45,-3,73,-39,07,-0,09,399233,8,35531,37,0,00,9931,4
32,048,-124,79,472,80,-3,46,-3,73,-38,99,-0,09,399181,5,35524,83,0,00,9924,8
32,098,-124,97,470,85,-3,46,-3,73,-38,91,-0,09,399129,0,35518,29,0,00,9918,3
32,148,-125,16,468,90,-3,47,-3,72,-38,83,-0,09,399076,6,35511,74,0,00,9911,7
32,198,-125,35,466,96,-3,47,-3,72,-38,75,-0,09,399024,5,35505,20,0,00,9905,2
32,248,-125,53,465,03,-3,47,-3,72,-38,67,-0,09,398959,1,35498,66,0,00,9898,7
32,298,-125,72,463,10,-3,48,-3,72,-38,59,-0,09,398920,5,35492,11,0,00,9892,1
32,348,-125,91,461,17,-3,48,-3,72,-38,51,-0,09,398868,1,35485,57,0,00,9885,6
32,398,-126,09,459,25,-3,49,-3,72,-38,43,-0,09,398815,3,35479,03,0,00,9879,0
32,448,-126,28,457,33,-3,49,-3,72,-38,35,-0,09,398763,0,35472,49,0,00,9872,5
32,498,-126,46,455,41,-3,50,-3,72,-38,27,-0,09,398724,8,35465,96,0,00,9866,0
32,548,-126,65,453,50,-3,50,-3,72,-38,19,-0,09,398658,9,35459,43,0,00,9859,4
32,598,-126,84,451,59,-3,51,-3,72,-38,11,-0,09,398620,3,35452,89,0,00,9852,9
32,648,-127,02,449,69,-3,51,-3,72,-38,03,-0,09,398568,0,35446,36,0,00,9846,4
32,698,-127,21,447,79,-3,51,-3,72,-37,95,-0,09,398515,6,35439,83,0,00,9839,8
32,748,-127,39,445,89,-3,52,-3,72,-37,87,-0,09,398463,3,35433,29,0,00,9833,3
32,798,-127,58,444,00,-3,52,-3,72,-37,78,-0,09,398411,1,35426,76,0,00,9826,8
32,848,-127,77,442,12,-3,53,-3,72,-37,70,-0,09,398358,8,35420,23,0,00,9820,2
32,898,-127,95,440,23,-3,53,-3,72,-37,62,-0,09,398306,5,35413,70,0,00,9813,7
32,948,-128,14,438,35,-3,54,-3,72,-37,54,-0,09,398254,1,35407,16,0,00,9807,2
32,998,-128,32,436,48,-3,54,-3,72,-37,46,-0,09,398257,1,35400,63,0,00,9800,6
33,048,-128,51,434,61,-3,55,-3,72,-37,38,-0,09,398163,7,35394,11,0,00,9794,1
33,098,-128,70,432,74,-3,55,-3,72,-37,30,-0,09,398097,6,35387,58,0,00,9787,6
33,148,-128,88,430,88,-3,55,-3,72,-37,22,-0,09,398059,2,35381,06,0,00,9781,1
33,198,-129,07,429,02,-3,56,-3,72,-37,14,-0,09,397992,9,35374,54,0,00,9774,5
33,248,-129,25,427,16,-3,56,-3,72,-37,06,-0,09,397940,4,35368,01,0,00,9768,0
33,298,-129,44,425,31,-3,57,-3,72,-36,98,-0,09,397901,6,35361,49,0,00,9761,5
33,348,-129,63,423,47,-3,57,-3,72,-36,90,-0,09,397835,1,35354,96,0,00,9755,0
33,398,-129,81,421,62,-3,58,-3,72,-36,82,-0,09,397796,3,35348,44,0,00,9748,4
33,448,-130,00,419,78,-3,58,-3,72,-36,74,-0,09,397730,1,35341,92,0,00,9741,9
33,498,-130,18,417,95,-3,58,-3,72,-36,66,-0,09,397691,7,35335,39,0,00,9735,4
33,548,-130,37,416,12,-3,59,-3,72,-36,58,-0,09,397625,4,35328,87,0,00,9728,9
33,598,-130,55,414,29,-3,59,-3,72,-36,50,-0,09,397586,9,35322,35,0,00,9722,4
33,648,-130,74,412,47,-3,60,-3,71,-36,42,-0,09,397534,5,35315,84,0,00,9715,8
33,698,-130,93,410,65,-3,60,-3,71,-36,34,-0,09,397482,0,35309,33,0,00,9709,3
33,748,-131,11,408,83,-3,61,-3,71,-36,26,-0,09,397429,4,35302,81,0,00,9702,8
33,798,-131,30,407,02,-3,61,-3,71,-36,18,-0,09,397390,8,35296,30,0,00,9696,3
33,848,-131,48,405,22,-3,62,-3,71,-36,09,-0,09,397352,3,35289,79,0,00,9689,8
33,898,-131,67,403,41,-3,62,-3,71,-36,01,-0,09,397272,5,35283,27,0,00,9683,3
33,948,-131,85,401,62,-3,62,-3,71,-35,93,-0,09,397220,8,35276,76,0,00,9676,8
33,998,-132,04,399,82,-3,63,-3,71,-35,85,-0,09,397154,7,35270,24,0,00,9670,2
34,048,-132,23,398,03,-3,63,-3,71,-35,77,-0,09,397116,0,35263,73,0,00,9663,7
34,098,-132,41,396,24,-3,64,-3,71,-35,69,-0,09,397063,5,35257,22,0,00,9657,2
34,148,-132,60,394,46,-3,64,-3,71,-35,61,-0,09,397010,9,35250,70,0,00,9650,7
34,198,-132,78,392,68,-3,65,-3,71,-35,53,-0,09,396930,8,35244,20,0,00,9644,2
34,248,-132,97,390,91,-3,65,-3,71,-35,45,-0,09,396905,7,35237,70,0,00,9637,7
34,298,-133,15,389,14,-3,65,-3,71,-35,37,-0,09,396853,2,35231,20,0,00,9631,2
34,348,-133,34,387,37,-3,66,-3,71,-35,29,-0,09,396814,4,35224,69,0,00,9624,7
34,398,-133,52,385,61,-3,66,-3,71,-35,21,-0,09,396747,9,35218,19,0,00,9618,2
34,448,-133,71,383,85,-3,67,-3,71,-35,13,-0,09,396695,3,35211,68,0,00,9611,7
34,498,-133,90,382,10,-3,67,-3,71,-35,05,-0,09,396670,1,35205,18,0,00,9605,2
34,548,-134,08,380,34,-3,68,-3,71,-34,97,-0,09,396589,6,35198,67,0,00,9598,7
34,598,-134,27,378,60,-3,68,-3,71,-34,89,-0,09,396550,5,35192,17,0,00,9592,2
34,648,-134,45,376,86,-3,69,-3,71,-34,81,-0,09,396470,1,35185,66,0,00,9585,7
34,698,-134,64,375,12,-3,69,-3,71,-34,73,-0,09,396458,5,35179,16,0,00,9579,2
34,748,-134,82,373,38,-3,69,-3,71,-34,65,-0,09,396364,4,35172,66,0,00,9572,7
34,798,-135,01,371,65,-3,70,-3,71,-34,57,-0,09,396339,5,35166,17,0,00,9566,2
34,848,-135,19,369,93,-3,70,-3,71,-34,49,-0,09,396286,8,35159,68,0,00,9559,7
34,898,-135,38,368,20,-3,71,-3,71,-34,41,-0,09,396234,2,35153,18,0,00,9553,2
34,948,-135,56,366,49,-3,71,-3,71,-34,32,-0,09,396181,4,35146,69,0,00,9546,7
34,998,-135,75,364,77,-3,72,-3,71,-34,24,-0,09,396128,6,35140,20,0,00,9540,2
35,048,-135,94,363,06,-3,72,-3,71,-34,16,-0,09,396075,8,35133,70,0,00,9533,7
35,098,-136,12,361,36,-3,72,-3,71,-34,08,-0,09,396022,8,35127,21,0,00,9527,2
35,148,-136,31,359,65,-3,73,-3,71,-34,00,-0,09,395943,2,35120,71,0,00,9520,7
35,198,-136,49,357,96,-3,73,-3,71,-33,92,-0,09,395917,7,35114,22,0,00,9514,2
35,248,-136,68,356,26,-3,74,-3,71,-33,84,-0,09,395837,0,35107,73,0,00,9507,7
35,298,-136,86,354,57,-3,74,-3,70,-33,76,-0,09,395811,8,35101,23,0,00,9501,2
35,348,-137,05,352,88,-3,75,-3,70,-33,68,-0,09,395759,2,35094,75,0,00,9494,8
35,398,-137,23,351,20,-3,75,-3,70,-33,60,-0,09,395706,7,35088,27,0,00,9488,3
35,448,-137,42,349,52,-3,75,-3,70,-33,52,-0,09,395654,1,35081,78,0,00,9481,8
35,498,-137,60,347,85,-3,76,-3,70,-33,44,-0,09,395601,3,35075,30,0,00,9475,3
35,548,-137,79,346,18,-3,76,-3,70,-33,36,-0,09,395548,6,35068,81,0,00,9468,8
35,598,-137,97,344,51,-3,77,-3,70,-33,28,-0,09,395495,7,35062,33,0,00,9462,3
35,648,-138,16,342,85,-3,77,-3,70,-33,20,-0,09,395442,9,35055,84,0,00,9455,8
35,698,-138,34,341,19,-3,78,-3,70,-33,12,-0,09,395403,7,35049,36,0,00,9449,4
35,748,-138,53,339,54,-3,78,-3,70,-33,04,-0,09,395336,9,35042,88,0,00,9442,9
35,798,-138,71,337,89,-3,79,-3,70,-32,96,-0,09,395283,9,35036,39,0,00,9436,4
35,848,-138,90,336,25,-3,79,-3,70,-32,88,-0,09,395230,7,35029,91,0,00,9429,9
35,898,-139,08,334,60,-3,79,-3,70,-32,80,-0,09,395177,5,35023,44,0,00,9423,4
35,948,-139,27,332,97,-3,80,-3,70,-32,72,-0,09,395110,5,35016,96,0,00,9417,0
35,998,-139,45,331,33,-3,80,-3,70,-32,64,-0,09,395071,0,35010,48,0,00,9410,5
36,049,-139,64,329,70,-3,81,-3,70,-32,56,-0,09,395031,6,35004,01,0,00,9404,0
36,099,-139,82,328,08,-3,81,-3,70,-32,48,-0,09,394964,6,34997,54,0,00,9397,5
36,149,-140,01,326,45,-3,82,-3,70,-32,39,-0,09,394911,4,34991,06,0,00,9391,1
36,199,-140,19,324,84,-3,82,-3,70,-32,31,-0,09,394858,0,34984,59,0,00,9384,6
36,249,-140,38,323,22,-3,82,-3,70,-32,23,-0,09,394804,6,34978,11,0,00,9378,1
36,299,-140,56,321,61,-3,83,-3,70,-32,15,-0,09,394765,1,34971,64,0,00,9371,6
36,349,-140,75,320,01,-3,83,-3,70,-32,07,-0,09,394670,3,34965,16,0,00,9365,2
36,399,-140,93,318,41,-3,84,-3,70,-31,99,-0,09,394644,3,34958,69,0,00,9358,7
36,449,-141,12,316,81,-3,84,-3,70,-31,91,-0,09,394590,8,34952,22,0,00,9352,2
36,499,-141,30,315,21,-3,85,-3,70,-31,83,-0,09,394530,7,34945,76,0,00,9345,8
36,549,-141,49,313,62,-3,85,-3,70,-31,75,-0,09,394491,0,34939,29,0,00,9339,3
36,599,-141,67,312,04,-3,85,-3,70,-31,67,-0,09,394430,8,34932,83,0,00,9332,8
36,649,-141,86,310,46,-3,86,-3,70,-31,59,-0,09,394391,0,34926,36,0,00,9326,4
36,699,-142,04,308,88,-3,86,-3,70,-31,51,-0,09,394323,7,34919,90,0,00,9319,9
36,749,-142,23,307,31,-3,87,-3,70,-31,43,-0,09,394277,0,34913,43,0,00,9313,4
36,799,-142,41,305,74,-3,87,-3,70,-31,35,-0,09,394210,2,34906,97,0,00,9307,0
36,849,-142,60,304,17,-3,88,-3,70,-31,27,-0,09,394170,3,34900,50,0,00,9300,5
36,899,-142,78,302,61,-3,88,-3,70,-31,19,-0,09,394109,7,34894,04,0,00,9294,0
36,949,-142,97,301,05,-3,88,-3,70,-31,11,-0,09,394063,0,34887,57,0,00,9287,6
36,999,-143,15,299,50,-3,89,-3,70,-31,03,-0,09,394016,3,34881,12,0,00,9281,1
37,049,-143,34,297,95,-3,89,-3,70,-30,95,-0,09,393955,8,34874,66,0,00,9274,7
37,099,-143,52,296,40,-3,90,-3,69,-30,87,-0,09,393902,2,34868,21,0,00,9268,2
37,149,-143,71,294,86,-3,90,-3,69,-30,79,-0,09,393848,5,34861,75,0,00,9261,8
37,199,-143,89,293,33,-3,91,-3,69,-30,71,-0,09,393787,8,34855,30,0,00,9255,3
37,249,-144,08,291,79,-3,91,-3,69,-30,63,-0,09,393740,8,34848,84,0,00,9248,8
37,299,-144,26,290,26,-3,91,-3,69,-30,55,-0,09,393680,1,34842,39,0,00,9242,4
37,349,-144,44,288,74,-3,92,-3,69,-30,47,-0,09,393626,2,34835,93,0,00,9235,9
37,399,-144,63,287,22,-3,92,-3,69,-30,38,-0,09,393579,1,34829,48,0,00,9229,5
37,449,-144,81,285,70,-3,93,-3,69,-30,30,-0,09,393525,2,34823,02,0,00,9223,0
37,499,-145,00,284,19,-3,93,-3,69,-30,22,-0,09,393464,4,34816,57,0,00,9216,6
37,549,-145,18,282,68,-3,94,-3,69,-30,14,-0,09,393431,2,34810,12,0,00,9210,1
37,599,-145,37,281,17,-3,94,-3,69,-30,06,-0,09,393363,5,34803,67,0,00,9203,7
37,649,-145,55,279,67,-3,94,-3,69,-29,98,-0,09,393302,6,34797,23,0,00,9197,2
37,699,-145,74,278,17,-3,95,-3,69,-29,90,-0,09,393248,6,34790,78,0,00,9190,8
37,749,-145,92,276,68,-3,95,-3,69,-29,82,-0,09,393194,6,34784,34,0,00,9184,3
37,799,-146,11,275,19,-3,96,-3,69,-29,74,-0,09,393147,4,34777,89,0,00,9177,9
37,849,-146,29,273,71,-3,96,-3,69,-29,66,-0,09,393086,3,34771,45,0,00,9171,4
37,899,-146,48,272,23,-3,97,-3,69,-29,58,-0,09,393039,0,34765,00,0,00,9165,0
37,949,-146,66,270,75,-3,97,-3,69,-29,50,-0,09,392977,9,34758,55,0,00,9158,6
37,999,-146,84,269,28,-3,97,-3,69,-29,42,-0,09,392937,5,34752,11,0,00,9152,1
38,049,-147,03,267,81,-3,98,-3,69,-29,34,-0,09,392869,3,34745,66,0,00,9145,7
38,099,-147,21,266,34,-3,98,-3,69,-29,26,-0,09,392815,0,34739,22,0,00,9139,2
38,149,-147,40,264,88,-3,99,-3,69,-29,18,-0,09,392767,8,34732,79,0,00,9132,8
38,199,-147,58,263,42,-3,99,-3,69,-29,10,-0,09,392713,5,34726,35,0,00,9126,4
38,249,-147,77,261,97,-4,00,-3,69,-29,02,-0,09,392659,3,34719,91,0,00,9119,9
38,299,-147,95,260,52,-4,00,-3,69,-28,94,-0,09,392605,0,34713,48,0,00,9113,5
38,349,-148,14,259,08,-4,00,-3,69,-28,86,-0,09,392557,5,34707,04,0,00,9107,0
38,399,-148,32,257,64,-4,01,-3,69,-28,78,-0,08,392489,2,34700,61,0,00,9100,6
38,449,-148,50,256,20,-4,01,-3,69,-28,70,-0,08,392441,6,34694,17,0,00,9094,2
38,499,-148,69,254,77,-4,02,-3,69,-28,62,-0,08,392380,2,34687,74,0,00,9087,7
38,549,-148,87,253,34,-4,02,-3,69,-28,54,-0,08,392339,3,34681,30,0,00,9081,3
38,599,-149,06,251,91,-4,02,-3,69,-28,46,-0,08,392284,7,34674,87,0,00,9074,9
38,649,-149,24,250,49,-4,03,-3,69,-28,38,-0,08,392223,3,34668,44,0,00,9068,4
38,699,-149,43,249,08,-4,03,-3,69,-28,29,-0,08,392175,6,34662,01,0,00,9062,0
38,749,-149,61,247,66,-4,04,-3,69,-28,21,-0,08,392120,8,34655,59,0,00,9055,6
38,799,-149,80,246,25,-4,04,-3,69,-28,13,-0,08,392066,1,34649,16,0,00,9049,2
38,849,-149,98,244,85,-4,05,-3,69,-28,05,-0,08,392011,3,34642,73,0,00,9042,7
38,899,-150,16,243,45,-4,05,-3,69,-27,97,-0,08,391963,4,34636,31,0,00,9036,3
38,949,-150,35,242,05,-4,05,-3,69,-27,89,-0,08,391901,9,34629,88,0,00,9029,9
38,999,-150,53,240,66,-4,06,-3,69,-27,81,-0,08,391847,2,34623,46,0,00,9023,5
39,049,-150,72,239,27,-4,06,-3,69,-27,73,-0,08,391792,5,34617,03,0,00,9017,0
39,099,-150,90,237,89,-4,07,-3,69,-27,65,-0,08,391737,6,34610,61,0,00,9010,6
39,149,-151,09,236,51,-4,07,-3,69,-27,57,-0,08,391682,8,34604,18,0,00,9004,2
39,199,-151,27,235,13,-4,08,-3,69,-27,49,-0,08,391621,1,34597,76,0,00,8997,8
39,249,-151,45,233,76,-4,08,-3,69,-27,41,-0,08,391566,3,34591,34,0,00,8991,3
39,299,-151,64,232,39,-4,08,-3,68,-27,33,-0,08,391511,4,34584,93,0,00,8984,9
39,349,-151,82,231,02,-4,09,-3,68,-27,25,-0,08,391456,4,34578,51,0,00,8978,5
39,399,-152,01,229,66,-4,09,-3,68,-27,17,-0,08,391401,4,34572,09,0,00,8972,1
39,449,-152,19,228,31,-4,10,-3,68,-27,09,-0,08,391353,2,34565,68,0,00,8965,7
39,499,-152,38,226,95,-4,10,-3,68,-27,01,-0,08,391346,8,34559,26,0,00,8959,3
39,549,-152,56,225,61,-4,11,-3,68,-26,93,-0,08,391243,7,34552,85,0,00,8952,8
39,599,-152,74,224,26,-4,11,-3,68,-26,85,-0,08,391188,5,34546,43,0,00,8946,4
39,649,-152,93,222,92,-4,11,-3,68,-26,77,-0,08,391126,4,34540,02,0,00,8940,0
39,699,-153,11,221,58,-4,12,-3,68,-26,69,-0,08,391078,0,34533,60,0,00,8933,6
39,749,-153,30,220,25,-4,12,-3,68,-26,61,-0,08,391022,8,34527,19,0,00,8927,2
39,799,-153,48,218,92,-4,13,-3,68,-26,53,-0,08,390960,6,34520,79,0,00,8920,8
39,849,-153,66,217,60,-4,13,-3,68,-26,45,-0,08,390912,1,34514,38,0,00,8914,4
39,899,-153,85,216,28,-4,13,-3,68,-26,37,-0,08,390856,7,34507,97,0,00,8908,0
39,949,-154,03,214,96,-4,14,-3,68,-26,29,-0,08,390801,3,34501,57,0,00,8901,6
39,999,-154,22,213,65,-4,14,-3,68,-26,21,-0,08,390738,9,34495,16,0,00,8895,2
40,049,-154,40,212,34,-4,15,-3,68,-26,12,-0,08,390683,4,34488,75,0,00,8888,8
40,099,-154,58,211,04,-4,15,-3,68,-26,04,-0,08,390627,8,34482,35,0,00,8882,3
40,149,-154,77,209,74,-4,16,-3,68,-25,96,-0,08,390579,0,34475,94,0,00,8875,9
40,199,-154,95,208,44,-4,16,-3,68,-25,88,-0,08,390516,4,34469,54,0,00,8869,5
40,249,-155,14,207,15,-4,16,-3,68,-25,80,-0,08,390467,6,34463,13,0,00,8863,1
40,299,-155,32,205,86,-4,17,-3,68,-25,72,-0,08,390411,8,34456,73,0,00,8856,7
40,349,-155,51,204,58,-4,17,-3,68,-25,64,-0,08,390342,3,34450,34,0,00,8850,3
40,399,-155,69,203,30,-4,18,-3,68,-25,56,-0,08,390300,4,34443,94,0,00,8843,9
40,449,-155,87,202,02,-4,18,-3,68,-25,48,-0,08,390230,8,34437,54,0,00,8837,5
40,499,-156,06,200,75,-4,19,-3,68,-25,40,-0,08,390181,9,34431,14,0,00,8831,1
40,549,-156,24,199,48,-4,19,-3,68,-25,32,-0,08,390140,0,34424,75,0,00,8824,7
40,599,-156,43,198,22,-4,19,-3,68,-25,24,-0,08,390077,3,34418,35,0,00,8818,4
40,649,-156,61,196,96,-4,20,-3,68,-25,16,-0,08,390021,5,34411,96,0,00,8812,0
40,699,-156,79,195,70,-4,20,-3,68,-25,08,-0,08,389965,6,34405,56,0,00,8805,6
40,750,-156,98,194,45,-4,21,-3,68,-25,00,-0,08,389909,8,34399,16,0,00,8799,2
40,800,-157,16,193,20,-4,21,-3,68,-24,92,-0,08,389853,8,34392,77,0,00,8792,8
40,850,-157,35,191,96,-4,21,-3,68,-24,84,-0,08,389797,9,34386,38,0,00,8786,4
40,900,-157,53,190,72,-4,22,-3,68,-24,76,-0,08,389735,0,34380,00,0,00,8780,0
40,950,-157,71,189,48,-4,22,-3,68,-24,68,-0,08,389692,8,34373,61,0,00,8773,6
41,000,-157,90,188,25,-4,23,-3,68,-24,60,-0,08,389623,0,34367,22,0,00,8767,2
41,050,-158,08,187,02,-4,23,-3,68,-24,52,-0,08,389573,8,34360,84,0,00,8760,8
41,100,-158,26,185,80,-4,24,-3,68,-24,44,-0,08,389517,5,34354,45,0,00,8754,4
41,150,-158,45,184,58,-4,24,-3,68,-24,36,-0,08,389461,4,34348,06,0,00,8748,1
41,200,-158,63,183,36,-4,24,-3,68,-24,28,-0,08,389412,0,34341,68,0,00,8741,7
41,250,-158,82,182,15,-4,25,-3,68,-24,20,-0,08,389341,9,34335,29,0,00,8735,3
41,300,-159,00,180,94,-4,25,-3,68,-24,12,-0,08,389299,4,34328,90,0,00,8728,9
41,350,-159,18,179,74,-4,26,-3,68,-24,03,-0,08,389236,2,34322,52,0,00,8722,5
41,400,-159,37,178,54,-4,26,-3,68,-23,95,-0,08,389173,0,34316,14,0,00,8716,1
41,450,-159,55,177,34,-4,26,-3,68,-23,87,-0,08,389123,5,34309,77,0,00,8709,8
41,500,-159,74,176,15,-4,27,-3,68,-23,79,-0,08,389067,1,34303,39,0,00,8703,4
41,550,-159,92,174,96,-4,27,-3,68,-23,71,-0,08,389017,4,34297,02,0,00,8697,0
41,600,-160,10,173,78,-4,28,-3,68,-23,63,-0,08,388954,0,34290,64,0,00,8690,6
41,650,-160,29,172,60,-4,28,-3,68,-23,55,-0,08,388904,3,34284,26,0,00,8684,3
41,700,-160,47,171,42,-4,29,-3,68,-23,47,-0,08,388833,9,34277,88,0,00,8677,9
41,750,-160,65,170,25,-4,29,-3,68,-23,39,-0,08,388784,1,34271,51,0,00,8671,5
41,800,-160,84,169,09,-4,29,-3,68,-23,31,-0,08,388720,4,34265,13,0,00,8665,1
41,850,-161,02,167,92,-4,30,-3,68,-23,23,-0,08,388670,5,34258,75,0,00,8658,8
41,900,-161,21,166,76,-4,30,-3,68,-23,15,-0,08,388613,8,34252,39,0,00,8652,4
41,950,-161,39,165,61,-4,31,-3,68,-23,07,-0,08,388557,0,34246,02,0,00,8646,0
42,000,-161,57,164,46,-4,31,-3,67,-22,99,-0,08,388500,1,34239,65,0,00,8639,7
42,050,-161,76,163,31,-4,32,-3,67,-22,91,-0,08,388443,2,34233,29,0,00,8633,3
42,100,-161,94,162,16,-4,32,-3,67,-22,83,-0,08,388393,2,34226,92,0,00,8626,9
42,150,-162,12,161,02,-4,32,-3,67,-22,75,-0,08,388329,2,34220,55,0,00,8620,6
42,200,-162,31,159,89,-4,33,-3,67,-22,67,-0,08,388272,2,34214,18,0,00,8614,2
42,250,-162,49,158,76,-4,33,-3,67,-22,59,-0,08,388208,3,34207,82,0,00,8607,8
42,300,-162,68,157,63,-4,34,-3,67,-22,51,-0,08,388151,1,34201,45,0,00,8601,5
42,350,-162,86,156,51,-4,34,-3,67,-22,43,-0,08,388093,9,34195,08,0,00,8595,1
42,400,-163,04,155,39,-4,34,-3,67,-22,35,-0,08,388043,7,34188,72,0,00,8588,7
42,450,-163,23,154,27,-4,35,-3,67,-22,27,-0,08,387979,6,34182,37,0,00,8582,4
42,500,-163,41,153,16,-4,35,-3,67,-22,19,-0,08,387929,2,34176,01,0,00,8576,0
42,550,-163,59,152,05,-4,36,-3,67,-22,11,-0,08,387871,9,34169,65,0,00,8569,7
42,600,-163,78,150,95,-4,36,-3,67,-22,03,-0,08,387814,6,34163,29,0,00,8563,3
42,650,-163,96,149,85,-4,37,-3,67,-21,95,-0,08,387750,3,34156,94,0,00,8556,9
42,700,-164,15,148,76,-4,37,-3,67,-21,87,-0,08,387699,7,34150,58,0,00,8550,6
42,750,-164,33,147,66,-4,37,-3,67,-21,78,-0,08,387642,2,34144,22,0,00,8544,2
42,800,-164,51,146,58,-4,38,-3,67,-21,70,-0,08,387591,6,34137,86,0,00,8537,9
42,850,-164,70,145,49,-4,38,-3,67,-21,62,-0,08,387527,2,34131,51,0,00,8531,5
42,900,-164,88,144,42,-4,39,-3,67,-21,54,-0,08,387476,4,34125,16,0,00,8525,2
42,950,-165,06,143,34,-4,39,-3,67,-21,46,-0,08,387405,1,34118,80,0,00,8518,8
43,000,-165,25,142,27,-4,39,-3,67,-21,38,-0,08,387361,3,34112,46,0,00,8512,5
43,050,-165,43,141,20,-4,40,-3,67,-21,30,-0,08,387296,7,34106,11,0,00,8506,1
43,100,-165,61,140,14,-4,40,-3,67,-21,22,-0,08,387239,0,34099,77,0,00,8499,8
43,150,-165,80,139,08,-4,41,-3,67,-21,14,-0,08,387174,3,34093,41,0,00,8493,4
43,200,-165,98,138,02,-4,41,-3,67,-21,06,-0,08,387116,5,34087,07,0,00,8487,1
43,250,-166,16,136,97,-4,42,-3,67,-20,98,-0,08,387058,6,34080,72,0,00,8480,7
43,300,-166,35,135,93,-4,42,-3,67,-20,90,-0,08,387007,6,34074,38,0,00,8474,4
43,350,-166,53,134,88,-4,42,-3,67,-20,82,-0,08,386942,8,34068,02,0,00,8468,0
43,400,-166,72,133,84,-4,43,-3,67,-20,74,-0,08,386891,6,34061,68,0,00,8461,7
43,450,-166,90,132,81,-4,43,-3,67,-20,66,-0,08,386833,7,34055,34,0,00,8455,3
43,500,-167,08,131,78,-4,44,-3,67,-20,58,-0,08,386775,6,34049,00,0,00,8449,0
43,550,-167,27,130,75,-4,44,-3,67,-20,50,-0,08,386710,6,34042,66,0,00,8442,7
43,600,-167,45,129,73,-4,44,-3,67,-20,42,-0,08,386652,5,34036,33,0,00,8436,3
43,650,-167,63,128,71,-4,45,-3,67,-20,34,-0,08,386608,1,34029,99,0,00,8430,0
43,700,-167,82,127,69,-4,45,-3,67,-20,26,-0,08,386549,9,34023,65,0,00,8423,7
43,750,-168,00,126,68,-4,46,-3,67,-20,18,-0,08,386471,0,34017,31,0,00,8417,3
43,800,-168,18,125,68,-4,46,-3,67,-20,10,-0,08,386433,4,34010,98,0,00,8411,0
43,850,-168,37,124,67,-4,46,-3,67,-20,02,-0,08,386368,2,34004,64,0,00,8404,6
43,900,-168,55,123,68,-4,47,-3,67,-19,94,-0,08,386309,7,33998,30,0,00,8398,3
43,950,-168,73,122,68,-4,47,-3,67,-19,86,-0,08,386251,3,33991,97,0,00,8392,0
44,000,-168,92,121,69,-4,48,-3,67,-19,78,-0,08,386192,9,33985,64,0,00,8385,6
44,050,-169,10,120,70,-4,48,-3,67,-19,70,-0,08,386127,5,33979,31,0,00,8379,3
44,100,-169,28,119,72,-4,49,-3,67,-19,61,-0,08,386082,7,33972,98,0,00,8373,0
44,150,-169,47,118,74,-4,49,-3,67,-19,53,-0,08,386010,4,33966,66,0,00,8366,7
44,200,-169,65,117,77,-4,49,-3,67,-19,45,-0,08,385958,7,33960,33,0,00,8360,3
44,250,-169,83,116,80,-4,50,-3,67,-19,37,-0,08,385906,9,33954,00,0,00,8354,0
44,300,-170,02,115,83,-4,50,-3,67,-19,29,-0,08,385848,2,33947,67,0,00,8347,7
44,350,-170,20,114,87,-4,51,-3,67,-19,21,-0,08,385775,7,33941,34,0,00,8341,3
44,400,-170,39,113,91,-4,51,-3,67,-19,13,-0,08,385716,8,33935,02,0,00,8335,0
44,450,-170,57,112,95,-4,51,-3,67,-19,05,-0,08,385664,9,33928,70,0,00,8328,7
44,500,-170,75,112,00,-4,52,-3,67,-18,97,-0,08,385606,0,33922,38,0,00,8322,4
44,550,-170,94,111,06,-4,52,-3,67,-18,89,-0,08,385547,1,33916,06,0,00,8316,1
44,600,-171,12,110,11,-4,53,-3,67,-18,81,-0,08,385488,2,33909,74,0,00,8309,7
44,650,-171,30,109,18,-4,53,-3,67,-18,73,-0,08,385422,3,33903,42,0,00,8303,4
44,700,-171,49,108,24,-4,54,-3,67,-18,65,-0,08,385370,2,33897,11,0,00,8297,1
44,750,-171,67,107,31,-4,54,-3,67,-18,57,-0,08,385311,1,33890,79,0,00,8290,8
44,800,-171,85,106,38,-4,54,-3,67,-18,49,-0,08,385252,0,33884,47,0,00,8284,5
44,850,-172,04,105,46,-4,55,-3,67,-18,41,-0,08,385185,9,33878,15,0,00,8278,1
44,900,-172,22,104,54,-4,55,-3,67,-18,33,-0,08,385126,7,33871,83,0,00,8271,8
44,950,-172,40,103,63,-4,56,-3,67,-18,25,-0,08,385074,3,33865,52,0,00,8265,5
45,000,-172,59,102,72,-4,56,-3,67,-18,17,-0,08,385015,2,33859,21,0,00,8259,2
45,050,-172,77,101,81,-4,56,-3,67,-18,09,-0,08,384955,8,33852,90,0,00,8252,9
45,100,-172,95,100,91,-4,57,-3,67,-18,01,-0,08,384889,5,33846,59,0,00,8246,6
45,150,-173,14,100,01,-4,57,-3,67,-17,93,-0,08,384837,0,33840,29,0,00,8240,3
45,200,-173,32,99,12,-4,58,-3,67,-17,85,-0,08,384777,6,33833,98,0,00,8234,0
45,250,-173,50,98,23,-4,58,-3,67,-17,77,-0,08,384718,0,33827,67,0,00,8227,7
45,300,-173,69,97,34,-4,58,-3,67,-17,69,-0,08,384665,4,33821,36,0,00,8221,4
45,350,-173,87,96,46,-4,59,-3,67,-17,61,-0,08,384591,9,33815,05,0,00,8215,1
45,400,-174,05,95,58,-4,59,-3,67,-17,53,-0,08,384546,1,33808,74,0,00,8208,7
45,451,-174,24,94,70,-4,60,-3,67,-17,44,-0,08,384479,5,33802,44,0,00,8202,4
45,501,-174,42,93,83,-4,60,-3,67,-17,36,-0,08,384412,9,33796,14,0,00,8196,1
45,551,-174,60,92,97,-4,61,-3,67,-17,28,-0,08,384353,1,33789,84,0,00,8189,8
45,601,-174,79,92,11,-4,61,-3,67,-17,20,-0,08,384300,3,33783,54,0,00,8183,5
45,651,-174,97,91,25,-4,61,-3,67,-17,12,-0,08,384240,4,33777,24,0,00,8177,2
45,701,-175,15,90,39,-4,62,-3,67,-17,04,-0,08,384180,5,33770,95,0,00,8170,9
45,751,-175,34,89,54,-4,62,-3,67,-16,96,-0,08,384120,6,33764,64,0,00,8164,6
45,801,-175,52,88,70,-4,63,-3,67,-16,88,-0,08,384053,7,33758,35,0,00,8158,3
45,851,-175,70,87,86,-4,63,-3,67,-16,80,-0,08,384007,5,33752,05,0,00,8152,1
45,901,-175,89,87,02,-4,63,-3,67,-16,72,-0,08,383947,4,33745,76,0,00,8145,8
45,951,-176,07,86,18,-4,64,-3,67,-16,64,-0,08,383880,4,33739,46,0,00,8139,5
46,001,-176,25,85,35,-4,64,-3,67,-16,56,-0,08,383820,3,33733,17,0,00,8133,2
46,051,-176,44,84,53,-4,65,-3,67,-16,48,-0,08,383760,1,33726,88,0,00,8126,9
46,101,-176,62,83,71,-4,65,-3,67,-16,40,-0,08,383699,8,33720,59,0,00,8120,6
46,151,-176,80,82,89,-4,66,-3,67,-16,32,-0,08,383639,6,33714,30,0,00,8114,3
46,201,-176,99,82,07,-4,66,-3,67,-16,24,-0,08,383579,3,33708,01,0,00,8108,0
46,251,-177,17,81,26,-4,66,-3,67,-16,16,-0,08,383518,9,33701,72,0,00,8101,7
46,301,-177,35,80,46,-4,67,-3,67,-16,08,-0,08,383451,6,33695,43,0,00,8095,4
46,351,-177,54,79,66,-4,67,-3,67,-16,00,-0,08,383391,2,33689,15,0,00,8089,2
46,401,-177,72,78,86,-4,68,-3,67,-15,92,-0,08,383330,7,33682,87,0,00,8082,9
46,451,-177,90,78,06,-4,68,-3,67,-15,84,-0,08,383270,0,33676,58,0,00,8076,6
46,501,-178,09,77,27,-4,68,-3,67,-15,76,-0,08,383212,9,33670,30,0,00,8070,3
46,551,-178,27,76,49,-4,69,-3,67,-15,68,-0,08,383152,2,33664,02,0,00,8064,0
46,601,-178,45,75,71,-4,69,-3,67,-15,60,-0,08,383088,1,33657,73,0,00,8057,7
46,651,-178,64,74,93,-4,70,-3,67,-15,52,-0,08,383030,8,33651,46,0,00,8051,5
46,701,-178,82,74,15,-4,70,-3,67,-15,44,-0,08,382970,0,33645,18,0,00,8045,2
46,751,-179,00,73,38,-4,70,-3,67,-15,36,-0,08,382905,7,33638,90,0,00,8038,9
46,801,-179,18,72,62,-4,71,-3,67,-15,27,-0,08,382845,5,33632,62,0,00,8032,6
46,851,-179,37,71,86,-4,71,-3,66,-15,19,-0,08,382784,6,33626,34,0,00,8026,3
46,901,-179,55,71,10,-4,72,-3,66,-15,11,-0,08,382727,2,33620,07,0,00,8020,1
46,951,-179,73,70,35,-4,72,-3,66,-15,03,-0,08,382662,7,33613,80,0,00,8013,8
47,001,-179,92,69,60,-4,73,-3,66,-14,95,-0,08,382605,1,33607,52,0,00,8007,5
47,051,-180,10,68,85,-4,73,-3,66,-14,87,-0,08,382540,5,33601,25,0,00,8001,3
47,101,-180,28,68,11,-4,73,-3,66,-14,79,-0,08,382479,3,33594,98,0,00,7995,0
47,151,-180,47,67,37,-4,74,-3,66,-14,71,-0,08,382421,6,33588,71,0,00,7988,7
47,201,-180,65,66,64,-4,74,-3,66,-14,63,-0,08,382360,3,33582,44,0,00,7982,4
47,251,-180,83,65,91,-4,75,-3,66,-14,55,-0,08,382295,6,33576,17,0,00,7976,2
47,301,-181,02,65,18,-4,75,-3,66,-14,47,-0,08,382234,2,33569,91,0,00,7969,9
47,351,-181,20,64,46,-4,75,-3,66,-14,39,-0,08,382176,3,33563,64,0,00,7963,6
47,401,-181,38,63,74,-4,76,-3,66,-14,31,-0,08,382114,8,33557,38,0,00,7957,4
47,451,-181,57,63,03,-4,76,-3,66,-14,23,-0,08,382053,3,33551,11,0,00,7951,1
47,501,-181,75,62,32,-4,77,-3,66,-14,15,-0,08,381991,8,33544,85,0,00,7944,8
47,551,-181,93,61,61,-4,77,-3,66,-14,07,-0,08,381926,8,33538,59,0,00,7938,6
47,601,-182,12,60,91,-4,78,-3,66,-13,99,-0,08,381868,6,33532,33,0,00,7932,3
47,651,-182,30,60,22,-4,78,-3,66,-13,91,-0,08,381806,9,33526,07,0,00,7926,1
47,701,-182,48,59,52,-4,78,-3,66,-13,83,-0,08,381741,7,33519,81,0,00,7919,8
47,751,-182,67,58,83,-4,79,-3,66,-13,75,-0,08,381683,4,33513,55,0,00,7913,5
47,801,-182,85,58,15,-4,79,-3,66,-13,67,-0,08,381618,1,33507,29,0,00,7907,3
47,851,-183,03,57,47,-4,80,-3,66,-13,59,-0,08,381556,3,33501,04,0,00,7901,0
47,901,-183,22,56,79,-4,80,-3,66,-13,51,-0,08,381494,3,33494,79,0,00,7894,8
47,951,-183,40,56,12,-4,80,-3,66,-13,43,-0,08,381432,4,33488,53,0,00,7888,5
48,001,-183,58,55,45,-4,81,-3,66,-13,35,-0,08,381370,3,33482,27,0,00,7882,3
48,051,-183,77,54,78,-4,81,-3,66,-13,27,-0,08,381308,3,33476,02,0,00,7876,0
48,101,-183,95,54,12,-4,82,-3,66,-13,19,-0,08,381246,2,33469,77,0,00,7869,8
48,151,-184,13,53,46,-4,82,-3,66,-13,11,-0,08,381187,4,33463,52,0,00,7863,5
48,201,-184,32,52,81,-4,82,-3,66,-13,02,-0,08,381125,4,33457,27,0,00,7857,3
48,251,-184,50,52,16,-4,83,-3,66,-12,94,-0,08,381066,7,33451,03,0,00,7851,0
48,301,-184,68,51,51,-4,83,-3,66,-12,86,-0,08,381001,0,33444,78,0,00,7844,8
48,351,-184,87,50,87,-4,84,-3,66,-12,78,-0,08,380938,8,33438,54,0,00,7838,5
48,401,-185,05,50,24,-4,84,-3,66,-12,70,-0,08,380873,2,33432,29,0,00,7832,3
48,451,-185,23,49,60,-4,85,-3,66,-12,62,-0,08,380810,8,33426,05,0,00,7826,0
48,501,-185,42,48,97,-4,85,-3,66,-12,54,-0,08,380751,9,33419,80,0,00,7819,8
48,551,-185,60,48,35,-4,85,-3,66,-12,46,-0,08,380682,6,33413,56,0,00,7813,6
48,601,-185,78,47,73,-4,86,-3,66,-12,38,-0,08,380616,7,33407,32,0,00,7807,3
48,651,-185,97,47,11,-4,86,-3,66,-12,30,-0,08,380561,0,33401,09,0,00,7801,1
48,701,-186,15,46,50,-4,87,-3,66,-12,22,-0,08,380501,8,33394,84,0,00,7794,8
48,751,-186,33,45,89,-4,87,-3,66,-12,14,-0,08,380439,3,33388,61,0,00,7788,6
48,801,-186,52,45,28,-4,87,-3,66,-12,06,-0,08,380376,6,33382,37,0,00,7782,4
48,851,-186,70,44,68,-4,88,-3,66,-11,98,-0,08,380307,0,33376,14,0,00,7776,1
48,901,-186,88,44,09,-4,88,-3,66,-11,90,-0,08,380251,1,33369,90,0,00,7769,9
48,951,-187,07,43,49,-4,89,-3,66,-11,82,-0,08,380184,8,33363,67,0,00,7763,7
49,001,-187,25,42,90,-4,89,-3,66,-11,74,-0,08,380125,4,33357,44,0,00,7757,4
49,051,-187,43,42,32,-4,89,-3,66,-11,66,-0,08,380059,1,33351,21,0,00,7751,2
49,101,-187,61,41,74,-4,90,-3,66,-11,58,-0,08,379999,6,33344,98,0,00,7745,0
49,151,-187,80,41,16,-4,90,-3,66,-11,50,-0,08,379933,2,33338,75,0,00,7738,7
49,201,-187,98,40,59,-4,91,-3,66,-11,42,-0,08,379873,7,33332,52,0,00,7732,5
49,251,-188,16,40,02,-4,91,-3,66,-11,34,-0,08,379810,5,33326,29,0,00,7726,3
49,301,-188,35,39,45,-4,92,-3,66,-11,26,-0,08,379740,5,33320,07,0,00,7720,1
49,351,-188,53,38,89,-4,92,-3,66,-11,18,-0,08,379680,8,33313,84,0,00,7713,8
49,401,-188,71,38,34,-4,92,-3,66,-11,10,-0,08,379620,9,33307,61,0,00,7707,6
49,451,-188,90,37,78,-4,93,-3,66,-11,02,-0,08,379550,7,33301,39,0,00,7701,4
49,501,-189,08,37,24,-4,93,-3,66,-10,94,-0,08,379487,4,33295,17,0,00,7695,2
49,551,-189,26,36,69,-4,94,-3,66,-10,86,-0,08,379427,5,33288,95,0,00,7689,0
49,601,-189,45,36,15,-4,94,-3,66,-10,77,-0,08,379364,1,33282,73,0,00,7682,7
49,651,-189,63,35,61,-4,94,-3,66,-10,69,-0,08,379297,1,33276,51,0,00,7676,5
49,701,-189,81,35,08,-4,95,-3,66,-10,61,-0,08,379233,5,33270,29,0,00,7670,3
49,751,-190,00,34,55,-4,95,-3,66,-10,53,-0,08,379169,9,33264,08,0,00,7664,1
49,801,-190,18,34,03,-4,96,-3,66,-10,45,-0,08,379106,3,33257,86,0,00,7657,9
49,851,-190,36,33,51,-4,96,-3,66,-10,37,-0,08,379049,4,33251,65,0,00,7651,6
49,901,-190,55,32,99,-4,96,-3,66,-10,29,-0,08,378975,3,33245,43,0,00,7645,4
49,951,-190,73,32,48,-4,97,-3,66,-10,21,-0,08,378915,0,33239,22,0,00,7639,2
50,001,-190,91,31,97,-4,97,-3,66,-10,13,-0,08,378858,1,33233,01,0,00,7633,0
50,051,-191,10,31,46,-4,98,-3,66,-10,05,-0,08,378794,2,33226,80,0,00,7626,8
50,102,-191,28,30,96,-4,98,-3,66,-9,97,-0,08,378723,4,33220,59,0,00,7620,6
50,152,-191,46,30,47,-4,99,-3,66,-9,89,-0,08,378659,5,33214,38,0,00,7614,4
50,202,-191,65,29,97,-4,99,-3,66,-9,81,-0,08,378595,5,33208,18,0,00,7608,2
50,252,-191,83,29,49,-4,99,-3,66,-9,73,-0,08,378534,8,33201,97,0,00,7602,0
50,302,-192,01,29,00,-5,00,-3,66,-9,65,-0,08,378470,7,33195,77,0,00,7595,8
50,352,-192,20,28,52,-5,00,-3,66,-9,57,-0,08,378403,1,33189,56,0,00,7589,6
50,402,-192,38,28,04,-5,01,-3,66,-9,49,-0,08,378342,3,33183,36,0,00,7583,4
50,452,-192,56,27,57,-5,01,-3,66,-9,41,-0,08,378274,5,33177,16,0,00,7577,2
50,502,-192,75,27,10,-5,01,-3,66,-9,33,-0,08,378210,1,33170,95,0,00,7571,0
50,552,-192,93,26,64,-5,02,-3,66,-9,25,-0,08,378145,7,33164,75,0,00,7564,8
50,602,-193,11,26,18,-5,02,-3,66,-9,17,-0,08,378081,2,33158,55,0,00,7558,6
50,652,-193,30,25,72,-5,03,-3,66,-9,09,-0,08,378020,2,33152,36,0,00,7552,4
50,702,-193,48,25,27,-5,03,-3,66,-9,01,-0,08,377955,7,33146,16,0,00,7546,2
50,752,-193,66,24,82,-5,03,-3,66,-8,93,-0,08,377884,3,33139,96,0,00,7540,0
50,802,-193,85,24,38,-5,04,-3,66,-8,85,-0,08,377823,1,33133,77,0,00,7533,8
50,852,-194,03,23,94,-5,04,-3,66,-8,77,-0,08,377758,4,33127,58,0,00,7527,6
50,902,-194,21,23,50,-5,05,-3,66,-8,69,-0,08,377693,6,33121,39,0,00,7521,4
50,952,-194,40,23,07,-5,05,-3,66,-8,61,-0,08,377628,8,33115,20,0,00,7515,2
51,002,-194,58,22,64,-5,06,-3,66,-8,52,-0,08,377567,4,33109,00,0,00,7509,0
51,052,-194,76,22,22,-5,06,-3,66,-8,44,-0,08,377495,7,33102,81,0,00,7502,8
51,102,-194,95,21,80,-5,06,-3,66,-8,36,-0,08,377430,7,33096,63,0,00,7496,6
51,152,-195,13,21,38,-5,07,-3,66,-8,28,-0,08,377369,1,33090,44,0,00,7490,4
51,202,-195,31,20,97,-5,07,-3,66,-8,20,-0,08,377300,7,33084,25,0,00,7484,3
51,252,-195,49,20,56,-5,08,-3,66,-8,12,-0,08,377239,0,33078,07,0,00,7478,1
51,302,-195,68,20,15,-5,08,-3,66,-8,04,-0,08,377173,8,33071,88,0,00,7471,9
51,352,-195,86,19,75,-5,08,-3,66,-7,96,-0,08,377106,9,33065,70,0,00,7465,7
51,402,-196,04,19,36,-5,09,-3,66,-7,88,-0,08,377041,7,33059,52,0,00,7459,5
51,452,-196,23,18,97,-5,09,-3,66,-7,80,-0,08,376976,4,33053,34,0,00,7453,3
51,502,-196,41,18,58,-5,10,-3,66,-7,72,-0,08,376912,7,33047,16,0,00,7447,2
51,552,-196,59,18,19,-5,10,-3,66,-7,64,-0,08,376847,3,33040,98,0,00,7441,0
51,602,-196,78,17,81,-5,10,-3,66,-7,56,-0,08,376778,3,33034,80,0,00,7434,8
51,652,-196,96,17,44,-5,11,-3,66,-7,48,-0,08,376712,8,33028,63,0,00,7428,6
51,702,-197,14,17,07,-5,11,-3,66,-7,40,-0,08,376648,9,33022,45,0,00,7422,5
51,752,-197,33,16,70,-5,12,-3,66,-7,32,-0,08,376584,9,33016,28,0,00,7416,3
51,802,-197,51,16,33,-5,12,-3,66,-7,24,-0,08,376515,8,33010,11,0,00,7410,1
51,852,-197,69,15,97,-5,12,-3,66,-7,16,-0,08,376450,1,33003,93,0,00,7403,9
51,902,-197,88,15,62,-5,13,-3,66,-7,08,-0,08,376385,9,32997,76,0,00,7397,8
51,952,-198,06,15,27,-5,13,-3,66,-7,00,-0,08,376316,6,32991,59,0,00,7391,6
52,002,-198,24,14,92,-5,14,-3,67,-6,92,-0,08,376254,1,32985,42,0,00,7385,4
52,052,-198,43,14,57,-5,14,-3,67,-6,84,-0,08,376188,1,32979,26,0,00,7379,3
52,102,-198,61,14,23,-5,15,-3,67,-6,76,-0,08,376122,0,32973,09,0,00,7373,1
52,152,-198,79,13,90,-5,15,-3,67,-6,68,-0,08,376055,9,32966,92,0,00,7366,9
52,202,-198,98,13,57,-5,15,-3,67,-6,60,-0,08,375988,0,32960,76,0,00,7360,8
52,252,-199,16,13,24,-5,16,-3,67,-6,52,-0,08,375920,0,32954,59,0,00,7354,6
52,302,-199,34,12,92,-5,16,-3,67,-6,44,-0,08,375853,7,32948,43,0,00,7348,4
52,352,-199,53,12,60,-5,17,-3,67,-6,36,-0,08,375790,8,32942,27,0,00,7342,3
52,402,-199,71,12,28,-5,17,-3,67,-6,28,-0,08,375721,0,32936,11,0,00,7336,1
52,452,-199,89,11,97,-5,17,-3,67,-6,20,-0,08,375654,4,32929,95,0,00,7330,0
52,502,-200,08,11,66,-5,18,-3,67,-6,11,-0,08,375589,6,32923,80,0,00,7323,8
52,552,-200,26,11,36,-5,18,-3,67,-6,03,-0,08,375521,3,32917,64,0,00,7317,6
52,602,-200,44,11,06,-5,19,-3,67,-5,95,-0,08,375456,3,32911,48,0,00,7311,5
52,652,-200,63,10,76,-5,19,-3,67,-5,87,-0,08,375386,2,32905,33,0,00,7305,3
52,702,-200,81,10,47,-5,19,-3,67,-5,79,-0,08,375321,0,32899,17,0,00,7299,2
52,752,-200,99,10,18,-5,20,-3,67,-5,71,-0,08,375250,7,32893,02,0,00,7293,0
52,802,-201,18,9,90,-5,20,-3,67,-5,63,-0,08,375185,5,32886,87,0,00,7286,9
52,852,-201,36,9,62,-5,21,-3,67,-5,55,-0,08,375118,5,32880,72,0,00,7280,7
52,902,-201,54,9,34,-5,21,-3,67,-5,47,-0,08,375053,1,32874,57,0,00,7274,6
52,952,-201,73,9,07,-5,21,-3,67,-5,39,-0,08,374982,5,32868,42,0,00,7268,4
53,002,-201,91,8,80,-5,22,-3,67,-5,31,-0,08,374918,8,32862,27,0,00,7262,3
53,052,-202,09,8,54,-5,22,-3,67,-5,23,-0,08,374851,4,32856,13,0,00,7256,1
53,102,-202,28,8,28,-5,23,-3,67,-5,15,-0,08,374778,9,32849,98,0,00,7250,0
53,152,-202,46,8,02,-5,23,-3,67,-5,07,-0,08,374713,2,32843,84,0,00,7243,8
53,202,-202,64,7,77,-5,24,-3,67,-4,99,-0,08,374645,6,32837,70,0,00,7237,7
53,252,-202,83,7,53,-5,24,-3,67,-4,91,-0,08,374576,3,32831,55,0,00,7231,6
53,302,-203,01,7,28,-5,24,-3,67,-4,83,-0,08,374510,3,32825,41,0,00,7225,4
53,352,-203,19,7,04,-5,25,-3,67,-4,75,-0,08,374442,5,32819,28,0,00,7219,3
53,402,-203,38,6,81,-5,25,-3,67,-4,67,-0,08,374374,7,32813,14,0,00,7213,1
53,452,-203,56,6,58,-5,26,-3,67,-4,59,-0,08,374305,0,32807,00,0,00,7207,0
53,502,-203,74,6,35,-5,26,-3,67,-4,51,-0,08,374235,2,32800,87,0,00,7200,9
53,552,-203,93,6,13,-5,26,-3,67,-4,43,-0,08,374168,8,32794,73,0,00,7194,7
53,602,-204,11,5,91,-5,27,-3,67,-4,28,-0,08,344667,9,32787,91,0,00,7187,9
53,652,-204,29,5,70,-5,27,-3,67,-4,14,-0,08,413247,2,32781,07,0,00,7181,1
53,702,-204,48,5,49,-5,28,-3,67,-4,00,-0,08,410755,0,32774,32,0,00,7174,3
53,752,-204,66,5,30,-5,28,-3,67,-3,87,-0,08,408144,2,32767,61,0,00,7167,6
53,802,-204,84,5,11,-5,28,-3,67,-3,74,-0,08,405596,2,32760,94,0,00,7160,9
53,852,-205,03,4,92,-5,29,-3,67,-3,61,-0,08,403109,3,32754,31,0,00,7154,3
53,902,-205,21,4,75,-5,29,-3,67,-3,49,-0,08,400682,4,32747,72,0,00,7147,7
53,952,-205,39,4,57,-5,30,-3,67,-3,37,-0,08,398314,2,32741,18,0,00,7141,2
54,002,-205,58,4,41,-5,30,-3,67,-3,25,-0,08,396004,2,32734,67,0,00,7134,7
54,052,-205,76,4,25,-5,30,-3,67,-3,14,-0,08,393749,6,32728,20,0,00,7128,2
54,102,-205,94,4,09,-5,31,-3,67,-3,03,-0,08,391550,1,32721,76,0,00,7121,8
54,152,-206,13,3,95,-5,31,-3,67,-2,92,-0,08,389403,8,32715,36,0,00,7115,4
54,202,-206,31,3,80,-5,32,-3,67,-2,82,-0,08,387308,7,32709,00,0,00,7109,0
54,252,-206,49,3,66,-5,32,-3,67,-2,72,-0,08,385265,5,32702,66,0,00,7102,7
54,302,-206,68,3,53,-5,33,-3,67,-2,62,-0,08,383272,4,32696,37,0,00,7096,4
54,352,-206,86,3,40,-5,33,-3,67,-2,53,-0,08,381327,7,32690,10,0,00,7090,1
54,402,-207,04,3,28,-5,33,-3,67,-2,43,-0,08,379430,4,32683,87,0,00,7083,9
54,452,-207,23,3,16,-5,34,-3,67,-2,35,-0,08,377579,8,32677,66,0,00,7077,7
54,502,-207,41,3,04,-5,34,-3,67,-2,26,-0,08,375774,1,32671,49,0,00,7071,5
54,552,-207,59,2,93,-5,35,-3,67,-2,18,-0,08,374012,5,32665,34,0,00,7065,3
54,602,-207,78,2,83,-5,35,-3,67,-2,10,-0,08,372294,4,32659,23,0,00,7059,2
54,652,-207,96,2,72,-5,35,-3,67,-2,02,-0,08,370618,1,32653,14,0,00,7053,1
54,702,-208,14,2,62,-5,36,-3,67,-1,94,-0,08,368983,5,32647,08,0,00,7047,1
54,752,-208,33,2,53,-5,36,-3,67,-1,87,-0,08,367389,0,32641,04,0,00,7041,0
54,803,-208,51,2,44,-5,37,-3,67,-1,80,-0,08,365834,1,32635,04,0,00,7035,0
54,853,-208,69,2,35,-5,37,-3,67,-1,73,-0,08,364316,9,32629,05,0,00,7029,1
54,903,-208,88,2,26,-5,37,-3,67,-1,66,-0,08,362837,8,32623,09,0,00,7023,1
54,953,-209,06,2,18,-5,38,-3,67,-1,60,-0,08,361395,3,32617,16,0,00,7017,2
55,003,-209,25,2,10,-5,38,-3,67,-1,53,-0,08,359987,7,32611,24,0,00,7011,2
55,053,-209,43,2,03,-5,39,-3,67,-1,47,-0,08,358615,5,32605,36,0,00,7005,4
55,103,-209,61,1,96,-5,39,-3,67,-1,42,-0,08,357277,4,32599,49,0,00,6999,5
55,153,-209,80,1,89,-5,39,-3,67,-1,36,-0,08,355972,5,32593,64,0,00,6993,6
55,203,-209,98,1,82,-5,40,-3,67,-1,30,-0,08,354700,1,32587,82,0,00,6987,8
55,253,-210,16,1,76,-5,40,-3,67,-1,25,-0,08,353459,5,32582,01,0,00,6982,0
55,303,-210,35,1,70,-5,41,-3,67,-1,20,-0,08,352249,8,32576,23,0,00,6976,2
55,353,-210,53,1,64,-5,41,-3,67,-1,15,-0,08,351070,1,32570,47,0,00,6970,5
55,403,-210,71,1,58,-5,41,-3,67,-1,10,-0,08,349919,9,32564,72,0,00,6964,7
55,453,-210,90,1,53,-5,42,-3,67,-1,06,-0,08,348798,3,32559,00,0,00,6959,0
55,503,-211,08,1,48,-5,42,-3,67,-1,01,-0,08,347705,1,32553,29,0,00,6953,3
55,553,-211,26,1,43,-5,43,-3,67,-0,97,-0,08,346639,6,32547,60,0,00,6947,6
55,603,-211,45,1,38,-5,43,-3,67,-0,93,-0,08,345600,4,32541,92,0,00,6941,9
55,653,-211,63,1,33,-5,43,-3,67,-0,89,-0,08,344587,6,32536,27,0,00,6936,3
55,703,-211,82,1,29,-5,44,-3,67,-0,85,-0,08,343600,1,32530,63,0,00,6930,6
55,753,-212,00,1,25,-5,44,-3,67,-0,81,-0,08,342637,6,32525,00,0,00,6925,0
55,803,-212,18,1,21,-5,45,-3,67,-0,78,-0,08,341699,4,32519,39,0,00,6919,4
55,853,-212,37,1,17,-5,45,-3,67,-0,74,-0,08,340784,8,32513,80,0,00,6913,8
55,903,-212,55,1,13,-5,45,-3,67,-0,71,-0,08,339893,7,32508,22,0,00,6908,2
55,953,-212,73,1,10,-5,46,-3,67,-0,68,-0,08,339024,8,32502,66,0,00,6902,7
56,003,-212,92,1,07,-5,46,-3,67,-0,65,-0,08,338178,1,32497,11,0,00,6897,1
56,053,-213,10,1,03,-5,47,-3,67,-0,62,-0,08,337352,7,32491,57,0,00,6891,6
56,103,-213,28,1,00,-5,47,-3,67,-0,59,-0,08,336548,6,32486,05,0,00,6886,0
56,113,-213,32,1,00,-5,47,-3,67,-0,58,-0,08,336390,3,32484,94,0,00,6884,9
56,118,-213,34,1,00,-5,47,-3,67,-0,58,-0,08,336311,3,32484,39,0,00,6884,4
56,123,-213,36,0,99,-5,47,-3,67,-0,58,-0,08,336232,6,32483,84,0,00,6883,8
56,128,-213,38,0,99,-5,47,-3,67,-0,58,-0,08,336154,3,32483,29,0,00,6883,3
56,133,-213,39,0,99,-5,47,-3,67,-0,57,-0,08,336075,8,32482,74,0,00,6882,7
56,138,-213,41,0,98,-5,47,-3,67,-0,57,-0,08,335997,8,32482,19,0,00,6882,2
56,143,-213,43,0,98,-5,47,-3,67,-0,57,-0,08,335920,0,32481,64,0,00,6881,6
56,148,-213,45,0,98,-5,47,-3,67,-0,57,-0,08,335842,2,32481,09,0,00,6881,1
56,153,-213,47,0,98,-5,47,-3,67,-0,56,-0,08,335765,0,32480,54,0,00,6880,5
56,158,-213,49,0,97,-5,48,-3,67,-0,56,-0,08,335687,6,32479,98,0,00,6880,0
56,163,-213,50,0,97,-5,48,-3,67,-0,56,-0,08,335610,5,32479,44,0,00,6879,4
56,168,-213,52,0,97,-5,48,-3,67,-0,56,-0,08,335533,6,32478,88,0,00,6878,9
56,173,-213,54,0,96,-5,48,-3,67,-0,55,-0,08,335456,9,32478,34,0,00,6878,3
56,178,-213,56,0,96,-5,48,-3,67,-0,55,-0,08,335380,6,32477,79,0,00,6877,8
56,183,-213,58,0,96,-5,48,-3,67,-0,55,-0,08,335304,1,32477,23,0,00,6877,2
56,188,-213,60,0,96,-5,48,-3,67,-0,54,-0,08,335228,2,32476,69,0,00,6876,7
56,193,-213,61,0,95,-5,48,-3,67,-0,54,-0,08,335152,3,32476,14,0,00,6876,1
56,198,-213,63,0,95,-5,48,-3,67,-0,54,-0,08,335076,5,32475,59,0,00,6875,6
56,203,-213,65,0,95,-5,48,-3,67,-0,54,-0,08,335001,1,32475,04,0,00,6875,0
56,208,-213,67,0,95,-5,48,-3,67,-0,53,-0,08,334925,9,32474,49,0,00,6874,5
56,213,-213,69,0,94,-5,48,-3,67,-0,53,-0,08,334850,7,32473,94,0,00,6873,9
56,218,-213,71,0,94,-5,48,-3,67,-0,53,-0,08,334775,9,32473,39,0,00,6873,4
56,223,-213,72,0,94,-5,48,-3,67,-0,53,-0,08,334701,2,32472,84,0,00,6872,8
56,228,-213,74,0,93,-5,48,-3,67,-0,52,-0,08,334626,6,32472,29,0,00,6872,3
56,233,-213,76,0,93,-5,48,-3,67,-0,52,-0,08,334552,3,32471,74,0,00,6871,7
56,238,-213,78,0,93,-5,48,-3,67,-0,52,-0,08,334478,2,32471,20,0,00,6871,2
56,243,-213,80,0,93,-5,48,-3,67,-0,52,-0,08,334404,3,32470,65,0,00,6870,6
56,248,-213,82,0,92,-5,48,-3,67,-0,51,-0,08,334330,4,32470,10,0,00,6870,1
56,253,-213,83,0,92,-5,48,-3,67,-0,51,-0,08,334256,8,32469,55,0,00,6869,6
56,258,-213,85,0,92,-5,48,-3,67,-0,51,-0,08,334183,6,32469,00,0,00,6869,0
56,263,-213,87,0,92,-5,48,-3,67,-0,51,-0,08,334110,4,32468,46,0,00,6868,5
56,268,-213,89,0,91,-5,48,-3,67,-0,50,-0,08,334037,3,32467,91,0,00,6867,9
56,273,-213,91,0,91,-5,48,-3,67,-0,50,-0,08,333964,7,32467,36,0,00,6867,4
56,278,-213,93,0,91,-5,48,-3,67,-0,50,-0,08,333891,9,32466,81,0,00,6866,8
56,283,-213,94,0,91,-5,49,-3,67,-0,50,-0,08,333819,5,32466,27,0,00,6866,3
56,288,-213,96,0,90,-5,49,-3,67,-0,50,-0,08,333747,1,32465,72,0,00,6865,7
56,293,-213,98,0,90,-5,49,-3,67,-0,49,-0,08,333675,4,32465,17,0,00,6865,2
56,298,-214,00,0,90,-5,49,-3,67,-0,49,-0,08,333603,2,32464,63,0,00,6864,6
56,303,-214,02,0,90,-5,49,-3,67,-0,49,-0,08,333531,7,32464,08,0,00,6864,1
56,308,-214,04,0,89,-5,49,-3,67,-0,49,-0,08,333460,5,32463,53,0,00,6863,5
56,313,-214,05,0,89,-5,49,-3,67,-0,48,-0,08,333388,7,32462,98,0,00,6863,0
56,318,-214,07,0,89,-5,49,-3,67,-0,48,-0,08,333318,0,32462,44,0,00,6862,4
56,323,-214,09,0,89,-5,49,-3,67,-0,48,-0,08,333246,8,32461,89,0,00,6861,9
56,328,-214,11,0,88,-5,49,-3,67,-0,48,-0,08,333175,9,32461,35,0,00,6861,3
56,333,-214,13,0,88,-5,49,-3,67,-0,47,-0,08,333105,7,32460,80,0,00,6860,8
56,338,-214,15,0,88,-5,49,-3,67,-0,47,-0,08,333034,8,32460,25,0,00,6860,3
56,343,-214,16,0,88,-5,49,-3,67,-0,47,-0,08,332965,2,32459,71,0,00,6859,7
56,348,-214,18,0,88,-5,49,-3,67,-0,47,-0,08,332894,9,32459,16,0,00,6859,2
56,353,-214,20,0,87,-5,49,-3,67,-0,47,-0,08,332825,0,32458,62,0,00,6858,6
56,358,-214,22,0,87,-5,49,-3,67,-0,46,-0,08,332755,3,32458,07,0,00,6858,1
56,363,-214,24,0,87,-5,49,-3,67,-0,46,-0,08,332685,9,32457,53,0,00,6857,5
56,368,-214,26,0,87,-5,49,-3,67,-0,46,-0,08,332616,8,32456,98,0,00,6857,0
56,373,-214,28,0,86,-5,49,-3,67,-0,46,-0,08,332547,5,32456,44,0,00,6856,4
56,378,-214,29,0,86,-5,49,-3,67,-0,45,-0,08,332478,1,32455,89,0,00,6855,9
56,383,-214,31,0,86,-5,49,-3,67,-0,45,-0,08,332410,2,32455,35,0,00,6855,3
56,388,-214,33,0,86,-5,49,-3,67,-0,45,-0,08,332340,9,32454,80,0,00,6854,8
56,393,-214,35,0,85,-5,49,-3,67,-0,45,-0,08,332273,2,32454,26,0,00,6854,3
56,398,-214,37,0,85,-5,49,-3,67,-0,45,-0,08,332204,4,32453,71,0,00,6853,7
56,403,-214,39,0,85,-5,50,-3,67,-0,44,-0,08,332136,4,32453,17,0,00,6853,2
56,408,-214,40,0,85,-5,50,-3,67,-0,44,-0,08,332068,6,32452,62,0,00,6852,6
56,413,-214,42,0,85,-5,50,-3,67,-0,44,-0,08,332001,1,32452,08,0,00,6852,1
56,418,-214,44,0,84,-5,50,-3,67,-0,44,-0,08,331933,5,32451,53,0,00,6851,5
56,423,-214,46,0,84,-5,50,-3,67,-0,44,-0,08,331866,1,32450,99,0,00,6851,0
56,428,-214,48,0,84,-5,50,-3,67,-0,43,-0,08,331799,0,32450,45,0,00,6850,4
56,433,-214,50,0,84,-5,50,-3,67,-0,43,-0,08,331731,7,32449,90,0,00,6849,9
56,438,-214,51,0,83,-5,50,-3,67,-0,43,-0,08,331665,5,32449,36,0,00,6849,4
56,443,-214,53,0,83,-5,50,-3,67,-0,43,-0,08,331598,3,32448,81,0,00,6848,8
56,448,-214,55,0,83,-5,50,-3,67,-0,42,-0,08,331531,9,32448,27,0,00,6848,3
56,453,-214,57,0,83,-5,50,-3,67,-0,42,-0,08,331465,7,32447,73,0,00,6847,7
56,458,-214,59,0,83,-5,50,-3,67,-0,42,-0,08,331399,8,32447,18,0,00,6847,2
56,463,-214,61,0,82,-5,50,-3,67,-0,42,-0,08,331333,2,32446,64,0,00,6846,6
56,468,-214,62,0,82,-5,50,-3,67,-0,42,-0,08,331268,3,32446,10,0,00,6846,1
56,473,-214,64,0,82,-5,50,-3,67,-0,41,-0,08,331201,8,32445,55,0,00,6845,6
56,478,-214,66,0,82,-5,50,-3,67,-0,41,-0,08,331136,9,32445,01,0,00,6845,0
56,483,-214,68,0,82,-5,50,-3,67,-0,41,-0,08,331071,5,32444,47,0,00,6844,5
56,488,-214,70,0,81,-5,50,-3,67,-0,41,-0,08,331006,3,32443,93,0,00,6843,9
56,493,-214,72,0,81,-5,50,-3,67,-0,41,-0,08,330941,3,32443,38,0,00,6843,4
56,498,-214,73,0,81,-5,50,-3,67,-0,40,-0,08,330877,1,32442,84,0,00,6842,8
56,503,-214,75,0,81,-5,50,-3,67,-0,40,-0,08,330811,8,32442,30,0,00,6842,3
56,508,-214,77,0,81,-5,50,-3,67,-0,40,-0,08,330748,0,32441,76,0,00,6841,8
56,513,-214,79,0,80,-5,50,-3,67,-0,40,-0,08,330682,8,32441,21,0,00,6841,2
56,518,-214,81,0,80,-5,50,-3,67,-0,40,-0,08,330619,6,32440,67,0,00,6840,7
56,523,-214,83,0,80,-5,50,-3,67,-0,40,-0,08,330555,4,32440,13,0,00,6840,1
56,528,-214,84,0,80,-5,51,-3,67,-0,39,-0,08,330491,4,32439,59,0,00,6839,6
56,533,-214,86,0,80,-5,51,-3,67,-0,39,-0,08,330428,1,32439,05,0,00,6839,0
56,538,-214,88,0,79,-5,51,-3,67,-0,39,-0,08,330364,6,32438,51,0,00,6838,5
56,543,-214,90,0,79,-5,51,-3,67,-0,39,-0,08,330301,4,32437,96,0,00,6838,0
56,548,-214,92,0,79,-5,51,-3,67,-0,39,-0,08,330238,0,32437,42,0,00,6837,4
56,553,-214,94,0,79,-5,51,-3,67,-0,38,-0,08,330175,8,32436,88,0,00,6836,9
56,558,-214,95,0,79,-5,51,-3,67,-0,38,-0,08,330112,0,32436,34,0,00,6836,3
56,563,-214,97,0,78,-5,51,-3,67,-0,38,-0,08,330050,7,32435,80,0,00,6835,8
56,568,-214,99,0,78,-5,51,-3,67,-0,38,-0,08,329987,0,32435,26,0,00,6835,3
56,573,-215,01,0,78,-5,51,-3,67,-0,38,-0,08,329925,3,32434,72,0,00,6834,7
56,578,-215,03,0,78,-5,51,-3,67,-0,37,-0,08,329863,0,32434,18,0,00,6834,2
56,583,-215,05,0,78,-5,51,-3,67,-0,37,-0,08,329801,3,32433,64,0,00,6833,6
56,588,-215,07,0,77,-5,51,-3,67,-0,37,-0,08,329739,1,32433,10,0,00,6833,1
56,593,-215,08,0,77,-5,51,-3,67,-0,37,-0,08,329678,0,32432,55,0,00,6832,6
56,598,-215,10,0,77,-5,51,-3,67,-0,37,-0,08,329616,3,32432,02,0,00,6832,0
56,603,-215,12,0,77,-5,51,-3,67,-0,37,-0,08,329555,2,32431,47,0,00,6831,5
56,608,-215,14,0,77,-5,51,-3,67,-0,36,-0,08,329493,5,32430,93,0,00,6830,9
56,613,-215,16,0,77,-5,51,-3,67,-0,36,-0,08,329433,0,32430,39,0,00,6830,4
56,618,-215,18,0,76,-5,51,-3,67,-0,36,-0,08,329371,8,32429,86,0,00,6829,9
56,623,-215,19,0,76,-5,51,-3,67,-0,36,-0,08,329311,3,32429,31,0,00,6829,3
56,628,-215,21,0,76,-5,51,-3,67,-0,36,-0,08,329251,0,32428,78,0,00,6828,8
56,633,-215,23,0,76,-5,51,-3,67,-0,36,-0,08,329190,2,32428,23,0,00,6828,2
56,638,-215,25,0,76,-5,51,-3,67,-0,35,-0,08,329130,4,32427,70,0,00,6827,7
56,643,-215,27,0,76,-5,51,-3,67,-0,35,-0,08,329070,0,32427,16,0,00,6827,2
56,648,-215,29,0,75,-5,51,-3,67,-0,35,-0,08,329010,8,32426,62,0,00,6826,6
56,653,-215,30,0,75,-5,52,-3,67,-0,35,-0,08,328950,4,32426,08,0,00,6826,1
56,658,-215,32,0,75,-5,52,-3,67,-0,35,-0,08,328890,8,32425,54,0,00,6825,5
56,663,-215,34,0,75,-5,52,-3,67,-0,35,-0,08,328831,8,32425,00,0,00,6825,0
56,668,-215,36,0,75,-5,52,-3,67,-0,34,-0,08,328772,6,32424,46,0,00,6824,5
56,673,-215,38,0,74,-5,52,-3,67,-0,34,-0,08,328712,8,32423,92,0,00,6823,9
56,678,-215,40,0,74,-5,52,-3,67,-0,34,-0,08,328654,6,32423,38,0,00,6823,4
56,683,-215,41,0,74,-5,52,-3,67,-0,34,-0,08,328595,7,32422,84,0,00,6822,8
56,688,-215,43,0,74,-5,52,-3,67,-0,34,-0,08,328536,6,32422,30,0,00,6822,3
56,693,-215,45,0,74,-5,52,-3,67,-0,34,-0,08,328478,6,32421,77,0,00,6821,8
56,698,-215,47,0,74,-5,52,-3,67,-0,33,-0,08,328419,6,32421,23,0,00,6821,2
56,703,-215,49,0,73,-5,52,-3,67,-0,33,-0,08,328362,5,32420,69,0,00,6820,7
56,708,-215,51,0,73,-5,52,-3,67,-0,33,-0,08,328303,5,32420,15,0,00,6820,2
56,713,-215,52,0,73,-5,52,-3,67,-0,33,-0,08,328246,1,32419,61,0,00,6819,6
56,718,-215,54,0,73,-5,52,-3,67,-0,33,-0,08,328188,4,32419,08,0,00,6819,1
56,723,-215,56,0,73,-5,52,-3,67,-0,33,-0,08,328130,1,32418,54,0,00,6818,5
56,728,-215,58,0,73,-5,52,-3,67,-0,32,-0,08,328073,8,32418,00,0,00,6818,0
56,733,-215,60,0,72,-5,52,-3,67,-0,32,-0,08,328015,5,32417,46,0,00,6817,5
56,738,-215,62,0,72,-5,52,-3,67,-0,32,-0,08,327959,3,32416,93,0,00,6816,9
56,743,-215,63,0,72,-5,52,-3,67,-0,32,-0,08,327901,5,32416,39,0,00,6816,4
56,748,-215,65,0,72,-5,52,-3,67,-0,32,-0,08,327845,6,32415,85,0,00,6815,9
56,753,-215,67,0,72,-5,52,-3,67,-0,32,-0,08,327787,9,32415,31,0,00,6815,3
56,758,-215,69,0,72,-5,52,-3,67,-0,31,-0,08,327732,1,32414,78,0,00,6814,8
56,763,-215,71,0,72,-5,52,-3,67,-0,31,-0,08,327675,7,32414,24,0,00,6814,2
56,768,-215,73,0,71,-5,52,-3,67,-0,31,-0,08,327619,0,32413,70,0,00,6813,7
56,773,-215,74,0,71,-5,52,-3,67,-0,31,-0,08,327563,5,32413,16,0,00,6813,2
56,778,-215,76,0,71,-5,53,-3,67,-0,31,-0,08,327507,3,32412,63,0,00,6812,6
56,783,-215,78,0,71,-5,53,-3,67,-0,31,-0,08,327451,3,32412,09,0,00,6812,1
56,788,-215,80,0,71,-5,53,-3,67,-0,31,-0,08,327395,6,32411,55,0,00,6811,6
56,793,-215,82,0,71,-5,53,-3,67,-0,30,-0,08,327340,5,32411,02,0,00,6811,0
56,798,-215,84,0,70,-5,53,-3,67,-0,30,-0,08,327284,8,32410,48,0,00,6810,5
56,803,-215,86,0,70,-5,53,-3,67,-0,30,-0,08,327229,8,32409,94,0,00,6809,9
56,808,-215,87,0,70,-5,53,-3,67,-0,30,-0,08,327174,5,32409,41,0,00,6809,4
56,813,-215,89,0,70,-5,53,-3,67,-0,30,-0,08,327119,9,32408,87,0,00,6808,9
56,818,-215,91,0,70,-5,53,-3,67,-0,30,-0,08,327064,7,32408,34,0,00,6808,3
56,823,-215,93,0,70,-5,53,-3,67,-0,30,-0,08,327011,0,32407,80,0,00,6807,8
56,828,-215,95,0,70,-5,53,-3,67,-0,29,-0,08,326955,3,32407,26,0,00,6807,3
56,833,-215,97,0,69,-5,53,-3,67,-0,29,-0,08,326902,0,32406,73,0,00,6806,7
56,838,-215,98,0,69,-5,53,-3,67,-0,29,-0,08,326846,8,32406,19,0,00,6806,2
56,843,-216,00,0,69,-5,53,-3,67,-0,29,-0,08,326793,6,32405,66,0,00,6805,7
56,848,-216,02,0,69,-5,53,-3,67,-0,29,-0,08,326739,2,32405,12,0,00,6805,1
56,853,-216,04,0,69,-5,53,-3,67,-0,29,-0,08,326685,5,32404,58,0,00,6804,6
56,858,-216,06,0,69,-5,53,-3,67,-0,29,-0,08,326632,5,32404,05,0,00,6804,0
56,863,-216,08,0,69,-5,53,-3,67,-0,28,-0,08,326577,9,32403,51,0,00,6803,5
56,868,-216,09,0,68,-5,53,-3,67,-0,28,-0,08,326525,3,32402,98,0,00,6803,0
56,873,-216,11,0,68,-5,53,-3,67,-0,28,-0,08,326472,1,32402,44,0,00,6802,4
56,878,-216,13,0,68,-5,53,-3,67,-0,28,-0,08,326418,7,32401,91,0,00,6801,9
56,883,-216,15,0,68,-5,53,-3,67,-0,28,-0,08,326365,8,32401,37,0,00,6801,4
56,888,-216,17,0,68,-5,53,-3,67,-0,28,-0,08,326313,2,32400,84,0,00,6800,8
56,893,-216,19,0,68,-5,53,-3,67,-0,28,-0,08,326260,4,32400,30,0,00,6800,3
56,898,-216,20,0,68,-5,53,-3,67,-0,28,-0,08,326208,3,32399,77,0,00,6799,8
56,903,-216,22,0,67,-5,54,-3,67,-0,27,-0,08,326155,4,32399,23,0,00,6799,2
56,908,-216,24,0,67,-5,54,-3,67,-0,27,-0,08,326103,3,32398,70,0,00,6798,7
56,913,-216,26,0,67,-5,54,-3,67,-0,27,-0,08,326051,3,32398,16,0,00,6798,2
56,918,-216,28,0,67,-5,54,-3,67,-0,27,-0,08,325999,6,32397,63,0,00,6797,6
56,923,-216,30,0,67,-5,54,-3,67,-0,27,-0,08,325947,2,32397,10,0,00,6797,1
56,928,-216,31,0,67,-5,54,-3,67,-0,27,-0,08,325895,8,32396,56,0,00,6796,6
56,933,-216,33,0,67,-5,54,-3,67,-0,27,-0,08,325844,3,32396,03,0,00,6796,0
56,938,-216,35,0,66,-5,54,-3,67,-0,27,-0,08,325793,0,32395,49,0,00,6795,5
56,943,-216,37,0,66,-5,54,-3,67,-0,26,-0,08,325741,4,32394,96,0,00,6795,0
56,948,-216,39,0,66,-5,54,-3,67,-0,26,-0,08,325690,5,32394,42,0,00,6794,4
56,953,-216,41,0,66,-5,54,-3,67,-0,26,-0,08,325639,4,32393,89,0,00,6793,9
56,958,-216,42,0,66,-5,54,-3,67,-0,26,-0,08,325588,4,32393,36,0,00,6793,4
56,963,-216,44,0,66,-5,54,-3,67,-0,26,-0,08,325537,8,32392,82,0,00,6792,8
56,968,-216,46,0,66,-5,54,-3,67,-0,26,-0,08,325487,2,32392,29,0,00,6792,3
56,973,-216,48,0,66,-5,54,-3,67,-0,26,-0,08,325436,9,32391,76,0,00,6791,8
56,978,-216,50,0,65,-5,54,-3,67,-0,26,-0,08,325386,0,32391,22,0,00,6791,2
56,983,-216,52,0,65,-5,54,-3,67,-0,25,-0,08,325336,5,32390,69,0,00,6790,7
56,988,-216,53,0,65,-5,54,-3,67,-0,25,-0,08,325286,0,32390,16,0,00,6790,2
56,993,-216,55,0,65,-5,54,-3,67,-0,25,-0,08,325236,0,32389,62,0,00,6789,6
56,998,-216,57,0,65,-5,54,-3,67,-0,25,-0,08,325186,3,32389,09,0,00,6789,1
57,003,-216,59,0,65,-5,54,-3,67,-0,25,-0,08,325136,4,32388,56,0,00,6788,6
57,008,-216,61,0,65,-5,54,-3,67,-0,25,-0,08,325087,5,32388,02,0,00,6788,0
57,013,-216,63,0,65,-5,54,-3,67,-0,25,-0,08,325037,2,32387,49,0,00,6787,5
57,018,-216,65,0,64,-5,54,-3,67,-0,25,-0,08,324988,7,32386,96,0,00,6787,0
57,023,-216,66,0,64,-5,54,-3,67,-0,25,-0,08,324939,1,32386,43,0,00,6786,4
57,028,-216,68,0,64,-5,55,-3,67,-0,24,-0,08,324890,2,32385,89,0,00,6785,9
57,033,-216,70,0,64,-5,55,-3,67,-0,24,-0,08,324841,1,32385,36,0,00,6785,4
57,038,-216,72,0,64,-5,55,-3,67,-0,24,-0,08,324793,0,32384,83,0,00,6784,8
57,043,-216,74,0,64,-5,55,-3,67,-0,24,-0,08,324743,3,32384,30,0,00,6784,3
57,048,-216,76,0,64,-5,55,-3,67,-0,24,-0,08,324695,7,32383,76,0,00,6783,8
57,053,-216,77,0,64,-5,55,-3,67,-0,24,-0,08,324646,9,32383,23,0,00,6783,2
57,058,-216,79,0,63,-5,55,-3,67,-0,24,-0,08,324598,7,32382,70,0,00,6782,7
57,063,-216,81,0,63,-5,55,-3,67,-0,24,-0,08,324550,8,32382,17,0,00,6782,2
57,068,-216,83,0,63,-5,55,-3,67,-0,24,-0,08,324502,6,32381,63,0,00,6781,6
57,073,-216,85,0,63,-5,55,-3,67,-0,23,-0,08,324454,6,32381,10,0,00,6781,1
57,078,-216,87,0,63,-5,55,-3,67,-0,23,-0,08,324407,2,32380,57,0,00,6780,6
57,083,-216,88,0,63,-5,55,-3,67,-0,23,-0,08,324359,2,32380,04,0,00,6780,0
57,088,-216,90,0,63,-5,55,-3,67,-0,23,-0,08,324311,8,32379,51,0,00,6779,5
57,093,-216,92,0,63,-5,55,-3,67,-0,23,-0,08,324264,5,32378,98,0,00,6779,0
57,098,-216,94,0,63,-5,55,-3,67,-0,23,-0,08,324217,5,32378,45,0,00,6778,4
57,103,-216,96,0,62,-5,55,-3,67,-0,23,-0,08,324169,8,32377,91,0,00,6777,9
57,108,-216,98,0,62,-5,55,-3,67,-0,23,-0,08,324123,2,32377,38,0,00,6777,4
57,113,-216,99,0,62,-5,55,-3,67,-0,23,-0,08,324076,3,32376,85,0,00,6776,9
57,118,-217,01,0,62,-5,55,-3,67,-0,22,-0,08,324029,2,32376,32,0,00,6776,3
57,123,-217,03,0,62,-5,55,-3,67,-0,22,-0,08,323983,2,32375,79,0,00,6775,8
57,128,-217,05,0,62,-5,55,-3,67,-0,22,-0,08,323936,0,32375,26,0,00,6775,3
57,133,-217,07,0,62,-5,55,-3,67,-0,22,-0,08,323890,3,32374,73,0,00,6774,7
57,138,-217,09,0,62,-5,55,-3,67,-0,22,-0,08,323843,6,32374,20,0,00,6774,2
57,143,-217,10,0,62,-5,55,-3,67,-0,22,-0,08,323797,8,32373,66,0,00,6773,7
57,148,-217,12,0,61,-5,55,-3,67,-0,22,-0,08,323751,4,32373,13,0,00,6773,1
57,153,-217,14,0,61,-5,56,-3,67,-0,22,-0,08,323705,7,32372,60,0,00,6772,6
57,158,-217,16,0,61,-5,56,-3,67,-0,22,-0,08,323660,1,32372,07,0,00,6772,1
57,163,-217,18,0,61,-5,56,-3,67,-0,22,-0,08,323614,2,32371,54,0,00,6771,5
57,168,-217,20,0,61,-5,56,-3,67,-0,22,-0,08,323569,0,32371,01,0,00,6771,0
57,173,-217,21,0,61,-5,56,-3,67,-0,21,-0,08,323523,1,32370,48,0,00,6770,5
57,178,-217,23,0,61,-5,56,-3,67,-0,21,-0,08,323478,3,32369,95,0,00,6770,0
57,183,-217,25,0,61,-5,56,-3,67,-0,21,-0,08,323432,8,32369,42,0,00,6769,4
57,188,-217,27,0,61,-5,56,-3,67,-0,21,-0,08,323387,9,32368,89,0,00,6768,9
57,193,-217,29,0,60,-5,56,-3,67,-0,21,-0,08,323343,2,32368,36,0,00,6768,4
57,198,-217,31,0,60,-5,56,-3,67,-0,21,-0,08,323297,8,32367,83,0,00,6767,8
57,203,-217,32,0,60,-5,56,-3,67,-0,21,-0,08,323253,9,32367,30,0,00,6767,3
57,208,-217,34,0,60,-5,56,-3,67,-0,21,-0,08,323208,4,32366,77,0,00,6766,8
57,213,-217,36,0,60,-5,56,-3,67,-0,21,-0,08,323164,9,32366,24,0,00,6766,2
57,218,-217,38,0,60,-5,56,-3,67,-0,21,-0,08,323119,8,32365,71,0,00,6765,7
57,223,-217,40,0,60,-5,56,-3,67,-0,21,-0,08,323076,2,32365,18,0,00,6765,2
57,228,-217,42,0,60,-5,56,-3,67,-0,20,-0,08,323031,9,32364,65,0,00,6764,7
57,233,-217,43,0,60,-5,56,-3,67,-0,20,-0,08,322987,8,32364,12,0,00,6764,1
57,238,-217,45,0,60,-5,56,-3,67,-0,20,-0,08,322943,8,32363,59,0,00,6763,6
57,243,-217,47,0,59,-5,56,-3,67,-0,20,-0,08,322900,5,32363,06,0,00,6763,1
57,248,-217,49,0,59,-5,56,-3,67,-0,20,-0,08,322856,1,32362,54,0,00,6762,5
57,253,-217,51,0,59,-5,56,-3,67,-0,20,-0,08,322813,6,32362,00,0,00,6762,0
57,258,-217,53,0,59,-5,56,-3,67,-0,20,-0,08,322769,5,32361,48,0,00,6761,5
57,263,-217,55,0,59,-5,56,-3,67,-0,20,-0,08,322726,5,32360,95,0,00,6760,9
57,268,-217,56,0,59,-5,56,-3,67,-0,20,-0,08,322683,2,32360,42,0,00,6760,4
57,273,-217,58,0,59,-5,56,-3,67,-0,20,-0,08,322640,1,32359,89,0,00,6759,9
57,278,-217,60,0,59,-5,57,-3,67,-0,20,-0,08,322597,6,32359,36,0,00,6759,4
57,283,-217,62,0,59,-5,57,-3,67,-0,20,-0,08,322554,0,32358,83,0,00,6758,8
57,288,-217,64,0,59,-5,57,-3,67,-0,19,-0,08,322511,8,32358,30,0,00,6758,3
57,293,-217,66,0,58,-5,57,-3,67,-0,19,-0,08,322469,4,32357,77,0,00,6757,8
57,298,-217,67,0,58,-5,57,-3,67,-0,19,-0,08,322426,4,32357,24,0,00,6757,2
57,303,-217,69,0,58,-5,57,-3,67,-0,19,-0,08,322384,3,32356,72,0,00,6756,7
57,308,-217,71,0,58,-5,57,-3,67,-0,19,-0,08,322342,0,32356,19,0,00,6756,2
57,313,-217,73,0,58,-5,57,-3,67,-0,19,-0,08,322299,9,32355,66,0,00,6755,7
57,318,-217,75,0,58,-5,57,-3,67,-0,19,-0,08,322257,9,32355,13,0,00,6755,1
57,323,-217,77,0,58,-5,57,-3,67,-0,19,-0,08,322215,7,32354,60,0,00,6754,6
57,328,-217,78,0,58,-5,57,-3,67,-0,19,-0,08,322174,6,32354,07,0,00,6754,1
57,333,-217,80,0,58,-5,57,-3,67,-0,19,-0,08,322131,8,32353,55,0,00,6753,5
57,338,-217,82,0,58,-5,57,-3,67,-0,19,-0,08,322091,4,32353,02,0,00,6753,0
57,343,-217,84,0,57,-5,57,-3,67,-0,19,-0,08,322049,1,32352,49,0,00,6752,5
57,348,-217,86,0,57,-5,57,-3,67,-0,19,-0,08,322008,1,32351,96,0,00,6752,0
57,353,-217,88,0,57,-5,57,-3,67,-0,18,-0,08,321966,5,32351,44,0,00,6751,4
57,358,-217,89,0,57,-5,57,-3,67,-0,18,-0,08,321925,9,32350,91,0,00,6750,9
57,363,-217,91,0,57,-5,57,-3,67,-0,18,-0,08,321884,2,32350,38,0,00,6750,4
57,368,-217,93,0,57,-5,57,-3,67,-0,18,-0,08,321843,6,32349,85,0,00,6749,9
57,373,-217,95,0,57,-5,57,-3,67,-0,18,-0,08,321803,1,32349,32,0,00,6749,3
57,378,-217,97,0,57,-5,57,-3,67,-0,18,-0,08,321761,9,32348,80,0,00,6748,8
57,383,-217,99,0,57,-5,57,-3,67,-0,18,-0,08,321721,8,32348,27,0,00,6748,3
57,388,-218,00,0,57,-5,57,-3,67,-0,18,-0,08,321680,9,32347,74,0,00,6747,7
57,393,-218,02,0,57,-5,57,-3,67,-0,18,-0,08,321640,6,32347,21,0,00,6747,2
57,398,-218,04,0,56,-5,57,-3,67,-0,18,-0,08,321600,5,32346,69,0,00,6746,7
57,403,-218,06,0,56,-5,58,-3,67,-0,18,-0,08,321560,2,32346,16,0,00,6746,2
57,408,-218,08,0,56,-5,58,-3,67,-0,18,-0,08,321520,0,32345,63,0,00,6745,6
57,413,-218,10,0,56,-5,58,-3,67,-0,18,-0,08,321480,4,32345,11,0,00,6745,1
57,418,-218,11,0,56,-5,58,-3,67,-0,18,-0,08,321440,1,32344,58,0,00,6744,6
57,423,-218,13,0,56,-5,58,-3,67,-0,17,-0,08,321400,8,32344,05,0,00,6744,1
57,428,-218,15,0,56,-5,58,-3,67,-0,17,-0,08,321360,9,32343,53,0,00,6743,5
57,433,-218,17,0,56,-5,58,-3,67,-0,17,-0,08,321321,5,32343,00,0,00,6743,0
57,438,-218,19,0,56,-5,58,-3,68,-0,17,-0,08,321281,9,32342,47,0,00,6742,5
57,443,-218,21,0,56,-5,58,-3,68,-0,17,-0,08,321242,8,32341,95,0,00,6741,9
57,448,-218,22,0,56,-5,58,-3,68,-0,17,-0,08,321203,5,32341,42,0,00,6741,4
57,453,-218,24,0,56,-5,58,-3,68,-0,17,-0,08,321164,4,32340,89,0,00,6740,9
57,458,-218,26,0,55,-5,58,-3,68,-0,17,-0,08,321125,4,32340,37,0,00,6740,4
57,463,-218,28,0,55,-5,58,-3,68,-0,17,-0,08,321086,2,32339,84,0,00,6739,8
57,468,-218,30,0,55,-5,58,-3,68,-0,17,-0,08,321047,9,32339,31,0,00,6739,3
57,473,-218,32,0,55,-5,58,-3,68,-0,17,-0,08,321009,0,32338,79,0,00,6738,8
57,478,-218,34,0,55,-5,58,-3,68,-0,17,-0,08,320970,3,32338,26,0,00,6738,3
57,483,-218,35,0,55,-5,58,-3,68,-0,17,-0,08,320932,1,32337,73,0,00,6737,7
57,488,-218,37,0,55,-5,58,-3,68,-0,17,-0,08,320893,2,32337,21,0,00,6737,2
57,493,-218,39,0,55,-5,58,-3,68,-0,17,-0,08,320855,8,32336,68,0,00,6736,7
57,498,-218,41,0,55,-5,58,-3,68,-0,17,-0,08,320816,8,32336,16,0,00,6736,2
57,503,-218,43,0,55,-5,58,-3,68,-0,17,-0,08,320778,8,32335,63,0,00,6735,6
57,508,-218,45,0,55,-5,58,-3,68,-0,16,-0,08,320741,4,32335,11,0,00,6735,1
57,513,-218,46,0,55,-5,58,-3,68,-0,16,-0,08,320702,9,32334,58,0,00,6734,6
57,518,-218,48,0,54,-5,58,-3,68,-0,16,-0,08,320665,4,32334,05,0,00,6734,1
57,523,-218,50,0,54,-5,58,-3,68,-0,16,-0,08,320627,6,32333,53,0,00,6733,5
57,528,-218,52,0,54,-5,59,-3,68,-0,16,-0,08,320590,4,32333,00,0,00,6733,0
57,533,-218,54,0,54,-5,59,-3,68,-0,16,-0,08,320552,5,32332,48,0,00,6732,5
57,538,-218,56,0,54,-5,59,-3,68,-0,16,-0,08,320515,2,32331,95,0,00,6732,0
57,543,-218,57,0,54,-5,59,-3,68,-0,16,-0,08,320478,1,32331,43,0,00,6731,4
57,548,-218,59,0,54,-5,59,-3,68,-0,16,-0,08,320440,6,32330,90,0,00,6730,9
57,553,-218,61,0,54,-5,59,-3,68,-0,16,-0,08,320403,8,32330,38,0,00,6730,4
57,558,-218,63,0,54,-5,59,-3,68,-0,16,-0,08,320367,1,32329,85,0,00,6729,8
57,563,-218,65,0,54,-5,59,-3,68,-0,16,-0,08,320329,7,32329,32,0,00,6729,3
57,568,-218,67,0,54,-5,59,-3,68,-0,16,-0,08,320293,3,32328,80,0,00,6728,8
57,573,-218,68,0,54,-5,59,-3,68,-0,16,-0,08,320256,2,32328,27,0,00,6728,3
57,578,-218,70,0,53,-5,59,-3,68,-0,16,-0,08,320220,2,32327,75,0,00,6727,7
57,583,-218,72,0,53,-5,59,-3,68,-0,16,-0,08,320183,4,32327,22,0,00,6727,2
57,588,-218,74,0,53,-5,59,-3,68,-0,16,-0,08,320146,8,32326,70,0,00,6726,7
57,593,-218,76,0,53,-5,59,-3,68,-0,16,-0,08,320111,1,32326,17,0,00,6726,2
57,598,-218,78,0,53,-5,59,-3,68,-0,16,-0,08,320074,3,32325,65,0,00,6725,6
57,603,-218,79,0,53,-5,59,-3,68,-0,15,-0,08,320038,6,32325,13,0,00,6725,1
57,608,-218,81,0,53,-5,59,-3,68,-0,15,-0,08,320002,2,32324,60,0,00,6724,6
57,613,-218,83,0,53,-5,59,-3,68,-0,15,-0,08,319966,7,32324,08,0,00,6724,1
57,618,-218,85,0,53,-5,59,-3,68,-0,15,-0,08,319931,0,32323,55,0,00,6723,6
57,623,-218,87,0,53,-5,59,-3,68,-0,15,-0,08,319894,9,32323,03,0,00,6723,0
57,628,-218,89,0,53,-5,59,-3,68,-0,15,-0,08,319859,5,32322,50,0,00,6722,5
57,633,-218,90,0,53,-5,59,-3,68,-0,15,-0,08,319824,2,32321,98,0,00,6722,0
57,638,-218,92,0,53,-5,59,-3,68,-0,15,-0,08,319788,2,32321,45,0,00,6721,5
57,643,-218,94,0,52,-5,59,-3,68,-0,15,-0,08,319753,2,32320,93,0,00,6720,9
57,648,-218,96,0,52,-5,59,-3,68,-0,15,-0,08,319718,4,32320,41,0,00,6720,4
57,653,-218,98,0,52,-5,60,-3,68,-0,15,-0,08,319682,4,32319,88,0,00,6719,9
57,658,-219,00,0,52,-5,60,-3,68,-0,15,-0,08,319648,3,32319,36,0,00,6719,4
57,663,-219,01,0,52,-5,60,-3,68,-0,15,-0,08,319612,6,32318,83,0,00,6718,8
57,668,-219,03,0,52,-5,60,-3,68,-0,15,-0,08,319578,3,32318,31,0,00,6718,3
57,673,-219,05,0,52,-5,60,-3,68,-0,15,-0,08,319542,9,32317,79,0,00,6717,8
57,678,-219,07,0,52,-5,60,-3,68,-0,15,-0,08,319508,9,32317,26,0,00,6717,3
57,683,-219,09,0,52,-5,60,-3,68,-0,15,-0,08,319473,8,32316,74,0,00,6716,7
57,688,-219,11,0,52,-5,60,-3,68,-0,15,-0,08,319439,7,32316,21,0,00,6716,2
57,693,-219,13,0,52,-5,60,-3,68,-0,15,-0,08,319404,9,32315,69,0,00,6715,7
57,698,-219,14,0,52,-5,60,-3,68,-0,15,-0,08,319371,1,32315,17,0,00,6715,2
57,703,-219,16,0,52,-5,60,-3,68,-0,15,-0,08,319336,5,32314,64,0,00,6714,6
57,708,-219,18,0,51,-5,60,-3,68,-0,15,-0,08,319303,0,32314,12,0,00,6714,1
57,713,-219,20,0,51,-5,60,-3,68,-0,15,-0,08,319268,3,32313,60,0,00,6713,6
57,718,-219,22,0,51,-5,60,-3,68,-0,15,-0,08,319234,6,32313,07,0,00,6713,1
57,723,-219,24,0,51,-5,60,-3,68,-0,14,-0,08,319200,6,32312,55,0,00,6712,6
57,728,-219,25,0,51,-5,60,-3,68,-0,14,-0,08,319167,2,32312,03,0,00,6712,0
57,733,-219,27,0,51,-5,60,-3,68,-0,14,-0,08,319133,5,32311,50,0,00,6711,5
57,738,-219,29,0,51,-5,60,-3,68,-0,14,-0,08,319099,6,32310,98,0,00,6711,0
57,743,-219,31,0,51,-5,60,-3,68,-0,14,-0,08,319066,6,32310,46,0,00,6710,5
57,748,-219,33,0,51,-5,60,-3,68,-0,14,-0,08,319032,9,32309,93,0,00,6709,9
57,753,-219,35,0,51,-5,60,-3,68,-0,14,-0,08,318999,7,32309,41,0,00,6709,4
57,758,-219,36,0,51,-5,60,-3,68,-0,14,-0,08,318966,8,32308,89,0,00,6708,9
57,763,-219,38,0,51,-5,60,-3,68,-0,14,-0,08,318933,0,32308,37,0,00,6708,4
57,768,-219,40,0,51,-5,60,-3,68,-0,14,-0,08,318900,7,32307,84,0,00,6707,8
57,773,-219,42,0,51,-5,60,-3,68,-0,14,-0,08,318867,3,32307,32,0,00,6707,3
57,778,-219,44,0,50,-5,61,-3,68,-0,14,-0,08,318834,4,32306,80,0,00,6706,8
57,783,-219,46,0,50,-5,61,-3,68,-0,14,-0,08,318802,1,32306,28,0,00,6706,3
57,788,-219,47,0,50,-5,61,-3,68,-0,14,-0,08,318769,1,32305,75,0,00,6705,8
57,793,-219,49,0,50,-5,61,-3,68,-0,14,-0,08,318736,6,32305,23,0,00,6705,2
57,798,-219,51,0,50,-5,61,-3,68,-0,14,-0,08,318703,9,32304,71,0,00,6704,7
57,803,-219,53,0,50,-5,61,-3,68,-0,14,-0,08,318671,7,32304,19,0,00,6704,2
57,808,-219,55,0,50,-5,61,-3,68,-0,14,-0,08,318639,6,32303,66,0,00,6703,7
57,813,-219,57,0,50,-5,61,-3,68,-0,14,-0,08,318606,8,32303,14,0,00,6703,1
57,818,-219,58,0,50,-5,61,-3,68,-0,14,-0,08,318575,1,32302,62,0,00,6702,6
57,823,-219,60,0,50,-5,61,-3,68,-0,14,-0,08,318543,0,32302,10,0,00,6702,1
57,828,-219,62,0,50,-5,61,-3,68,-0,14,-0,08,318511,0,32301,57,0,00,6701,6
57,833,-219,64,0,50,-5,61,-3,68,-0,14,-0,08,318478,8,32301,05,0,00,6701,1
57,838,-219,66,0,50,-5,61,-3,68,-0,14,-0,08,318447,5,32300,53,0,00,6700,5
57,843,-219,68,0,50,-5,61,-3,68,-0,14,-0,08,318415,1,32300,01,0,00,6700,0
57,848,-219,69,0,50,-5,61,-3,68,-0,14,-0,08,318384,2,32299,48,0,00,6699,5
57,853,-219,71,0,49,-5,61,-3,68,-0,14,-0,08,318352,4,32298,96,0,00,6699,0
57,858,-219,73,0,49,-5,61,-3,68,-0,14,-0,08,318320,8,32298,44,0,00,6698,4
57,863,-219,75,0,49,-5,61,-3,68,-0,14,-0,08,318289,4,32297,92,0,00,6697,9
57,868,-219,77,0,49,-5,61,-3,68,-0,14,-0,08,318258,5,32297,40,0,00,6697,4
57,873,-219,79,0,49,-5,61,-3,68,-0,14,-0,08,318226,9,32296,88,0,00,6696,9
57,878,-219,80,0,49,-5,61,-3,68,-0,14,-0,08,318195,8,32296,36,0,00,6696,4
57,883,-219,82,0,49,-5,61,-3,68,-0,14,-0,08,318164,9,32295,83,0,00,6695,8
57,888,-219,84,0,49,-5,61,-3,68,-0,14,-0,08,318134,1,32295,31,0,00,6695,3
57,893,-219,86,0,49,-5,61,-3,68,-0,14,-0,08,318103,0,32294,79,0,00,6694,8
57,898,-219,88,0,49,-5,61,-3,68,-0,14,-0,08,318072,1,32294,27,0,00,6694,3
57,903,-219,90,0,49,-5,62,-3,68,-0,13,-0,08,318041,7,32293,75,0,00,6693,7
57,908,-219,92,0,49,-5,62,-3,68,-0,13,-0,08,318010,9,32293,23,0,00,6693,2
57,913,-219,93,0,49,-5,62,-3,68,-0,13,-0,08,317980,4,32292,70,0,00,6692,7
57,918,-219,95,0,49,-5,62,-3,68,-0,13,-0,08,317950,3,32292,18,0,00,6692,2
57,923,-219,97,0,48,-5,62,-3,68,-0,13,-0,08,317919,2,32291,66,0,00,6691,7
57,928,-219,99,0,48,-5,62,-3,68,-0,13,-0,08,317889,8,32291,14,0,00,6691,1
57,933,-220,01,0,48,-5,62,-3,68,-0,13,-0,08,317858,9,32290,62,0,00,6690,6
57,938,-220,03,0,48,-5,62,-3,68,-0,13,-0,08,317828,9,32290,10,0,00,6690,1
57,943,-220,04,0,48,-5,62,-3,68,-0,13,-0,08,317798,7,32289,58,0,00,6689,6
57,948,-220,06,0,48,-5,62,-3,68,-0,13,-0,08,317769,4,32289,06,0,00,6689,1
57,953,-220,08,0,48,-5,62,-3,68,-0,13,-0,08,317738,6,32288,54,0,00,6688,5
57,958,-220,10,0,48,-5,62,-3,68,-0,13,-0,08,317709,6,32288,02,0,00,6688,0
57,963,-220,12,0,48,-5,62,-3,68,-0,13,-0,08,317679,4,32287,49,0,00,6687,5
57,968,-220,14,0,48,-5,62,-3,68,-0,13,-0,08,317650,2,32286,97,0,00,6687,0
57,973,-220,15,0,48,-5,62,-3,68,-0,13,-0,08,317620,3,32286,45,0,00,6686,5
57,978,-220,17,0,48,-5,62,-3,68,-0,13,-0,08,317590,9,32285,93,0,00,6685,9
57,983,-220,19,0,48,-5,62,-3,68,-0,13,-0,08,317561,7,32285,41,0,00,6685,4
57,988,-220,21,0,48,-5,62,-3,68,-0,13,-0,08,317531,7,32284,89,0,00,6684,9
57,993,-220,23,0,48,-5,62,-3,68,-0,13,-0,08,317503,5,32284,37,0,00,6684,4
57,998,-220,25,0,48,-5,62,-3,68,-0,13,-0,08,317473,3,32283,85,0,00,6683,9
58,003,-220,26,0,47,-5,62,-3,68,-0,13,-0,08,317444,6,32283,33,0,00,6683,3
58,008,-220,28,0,47,-5,62,-3,68,-0,13,-0,08,317415,9,32282,81,0,00,6682,8
58,013,-220,30,0,47,-5,62,-3,68,-0,13,-0,08,317386,6,32282,29,0,00,6682,3
58,018,-220,32,0,47,-5,62,-3,68,-0,13,-0,08,317357,8,32281,77,0,00,6681,8
58,023,-220,34,0,47,-5,62,-3,68,-0,13,-0,08,317329,5,32281,25,0,00,6681,2
58,028,-220,36,0,47,-5,63,-3,68,-0,13,-0,08,317300,0,32280,73,0,00,6680,7
58,033,-220,37,0,47,-5,63,-3,68,-0,13,-0,08,317272,0,32280,21,0,00,6680,2
58,038,-220,39,0,47,-5,63,-3,68,-0,13,-0,08,317243,3,32279,69,0,00,6679,7
58,043,-220,41,0,47,-5,63,-3,68,-0,13,-0,08,317214,6,32279,17,0,00,6679,2
58,048,-220,43,0,47,-5,63,-3,68,-0,13,-0,08,317186,5,32278,65,0,00,6678,6
58,053,-220,45,0,47,-5,63,-3,68,-0,13,-0,08,317158,1,32278,13,0,00,6678,1
58,058,-220,47,0,47,-5,63,-3,68,-0,13,-0,08,317130,2,32277,61,0,00,6677,6
58,063,-220,49,0,47,-5,63,-3,68,-0,13,-0,08,317101,2,32277,09,0,00,6677,1
58,068,-220,50,0,47,-5,63,-3,68,-0,13,-0,08,317074,0,32276,57,0,00,6676,6
58,073,-220,52,0,47,-5,63,-3,68,-0,13,-0,08,317045,6,32276,05,0,00,6676,0
58,078,-220,54,0,46,-5,63,-3,68,-0,13,-0,08,317017,8,32275,53,0,00,6675,5
58,083,-220,56,0,46,-5,63,-3,68,-0,13,-0,08,316989,7,32275,01,0,00,6675,0
58,088,-220,58,0,46,-5,63,-3,68,-0,13,-0,08,316962,1,32274,49,0,00,6674,5
58,093,-220,60,0,46,-5,63,-3,68,-0,13,-0,08,316934,6,32273,97,0,00,6674,0
58,098,-220,61,0,46,-5,63,-3,68,-0,13,-0,08,316906,4,32273,45,0,00,6673,5
58,103,-220,63,0,46,-5,63,-3,68,-0,13,-0,08,316879,6,32272,93,0,00,6672,9
58,108,-220,65,0,46,-5,63,-3,68,-0,13,-0,08,316851,2,32272,41,0,00,6672,4
58,113,-220,67,0,46,-5,63,-3,68,-0,13,-0,08,316824,6,32271,89,0,00,6671,9
58,118,-220,69,0,46,-5,63,-3,68,-0,13,-0,08,316796,9,32271,37,0,00,6671,4
58,123,-220,71,0,46,-5,63,-3,68,-0,13,-0,08,316770,1,32270,85,0,00,6670,9
58,128,-220,72,0,46,-5,63,-3,68,-0,13,-0,08,316742,6,32270,33,0,00,6670,3
58,133,-220,74,0,46,-5,63,-3,68,-0,13,-0,08,316715,2,32269,81,0,00,6669,8
58,138,-220,76,0,46,-5,63,-3,68,-0,13,-0,08,316688,8,32269,29,0,00,6669,3
58,143,-220,78,0,46,-5,63,-3,68,-0,13,-0,08,316661,2,32268,78,0,00,6668,8
58,148,-220,80,0,46,-5,63,-3,68,-0,13,-0,08,316635,0,32268,26,0,00,6668,3
58,153,-220,82,0,45,-5,64,-3,68,-0,13,-0,08,316607,6,32267,74,0,00,6667,7
58,158,-220,83,0,45,-5,64,-3,68,-0,13,-0,08,316581,2,32267,22,0,00,6667,2
58,163,-220,85,0,45,-5,64,-3,68,-0,13,-0,08,316554,4,32266,70,0,00,6666,7
58,168,-220,87,0,45,-5,64,-3,68,-0,13,-0,08,316527,8,32266,18,0,00,6666,2
58,173,-220,89,0,45,-5,64,-3,68,-0,13,-0,08,316501,3,32265,66,0,00,6665,7
58,178,-220,91,0,45,-5,64,-3,68,-0,13,-0,08,316474,5,32265,14,0,00,6665,1
58,183,-220,93,0,45,-5,64,-3,68,-0,13,-0,08,316449,1,32264,63,0,00,6664,6
58,188,-220,94,0,45,-5,64,-3,68,-0,13,-0,08,316421,7,32264,11,0,00,6664,1
58,193,-220,96,0,45,-5,64,-3,68,-0,13,-0,08,316396,0,32263,59,0,00,6663,6
58,198,-220,98,0,45,-5,64,-3,68,-0,13,-0,08,316369,7,32263,07,0,00,6663,1
58,203,-221,00,0,45,-5,64,-3,68,-0,13,-0,08,316343,8,32262,55,0,00,6662,6
58,208,-221,02,0,45,-5,64,-3,68,-0,13,-0,08,316317,7,32262,03,0,00,6662,0
58,213,-221,04,0,45,-5,64,-3,68,-0,13,-0,08,316291,7,32261,51,0,00,6661,5
58,218,-221,06,0,45,-5,64,-3,68,-0,13,-0,08,316266,2,32260,99,0,00,6661,0
58,223,-221,07,0,45,-5,64,-3,68,-0,13,-0,08,316239,9,32260,48,0,00,6660,5
58,228,-221,09,0,45,-5,64,-3,68,-0,13,-0,08,316214,2,32259,96,0,00,6660,0
58,233,-221,11,0,44,-5,64,-3,68,-0,13,-0,08,316189,0,32259,44,0,00,6659,4
58,238,-221,13,0,44,-5,64,-3,68,-0,13,-0,08,316162,7,32258,92,0,00,6658,9
58,243,-221,15,0,44,-5,64,-3,68,-0,13,-0,08,316137,7,32258,40,0,00,6658,4
58,248,-221,17,0,44,-5,64,-3,68,-0,13,-0,08,316112,0,32257,88,0,00,6657,9
58,253,-221,18,0,44,-5,64,-3,68,-0,13,-0,08,316086,8,32257,37,0,00,6657,4
58,258,-221,20,0,44,-5,64,-3,68,-0,13,-0,08,316061,3,32256,85,0,00,6656,8
58,263,-221,22,0,44,-5,64,-3,68,-0,13,-0,08,316035,9,32256,33,0,00,6656,3
58,268,-221,24,0,44,-5,64,-3,68,-0,13,-0,08,316011,1,32255,81,0,00,6655,8
58,273,-221,26,0,44,-5,64,-3,68,-0,13,-0,08,315985,5,32255,29,0,00,6655,3
58,278,-221,28,0,44,-5,65,-3,68,-0,13,-0,08,315961,3,32254,78,0,00,6654,8
58,283,-221,29,0,44,-5,65,-3,68,-0,13,-0,08,315935,4,32254,26,0,00,6654,3
58,288,-221,31,0,44,-5,65,-3,68,-0,13,-0,08,315911,0,32253,74,0,00,6653,7
58,293,-221,33,0,44,-5,65,-3,68,-0,13,-0,08,315885,8,32253,22,0,00,6653,2
58,298,-221,35,0,44,-5,65,-3,68,-0,13,-0,08,315861,6,32252,70,0,00,6652,7
58,303,-221,37,0,44,-5,65,-3,68,-0,13,-0,08,315836,2,32252,19,0,00,6652,2
58,308,-221,39,0,43,-5,65,-3,68,-0,13,-0,08,315812,2,32251,67,0,00,6651,7
58,313,-221,40,0,43,-5,65,-3,68,-0,13,-0,08,315787,0,32251,15,0,00,6651,2
58,318,-221,42,0,43,-5,65,-3,68,-0,13,-0,08,315763,2,32250,63,0,00,6650,6
58,323,-221,44,0,43,-5,65,-3,68,-0,13,-0,08,315738,2,32250,12,0,00,6650,1
58,328,-221,46,0,43,-5,65,-3,68,-0,13,-0,08,315714,2,32249,60,0,00,6649,6
58,333,-221,48,0,43,-5,65,-3,68,-0,13,-0,08,315689,4,32249,08,0,00,6649,1
58,338,-221,50,0,43,-5,65,-3,68,-0,13,-0,08,315665,6,32248,56,0,00,6648,6
58,343,-221,51,0,43,-5,65,-3,68,-0,13,-0,08,315641,4,32248,04,0,00,6648,0
58,348,-221,53,0,43,-5,65,-3,68,-0,13,-0,08,315616,9,32247,53,0,00,6647,5
58,353,-221,55,0,43,-5,65,-3,68,-0,13,-0,08,315593,4,32247,01,0,00,6647,0
58,358,-221,57,0,43,-5,65,-3,68,-0,13,-0,08,315569,2,32246,49,0,00,6646,5
58,363,-221,59,0,43,-5,65,-3,68,-0,13,-0,08,315545,0,32245,98,0,00,6646,0
58,368,-221,61,0,43,-5,65,-3,68,-0,13,-0,08,315521,8,32245,46,0,00,6645,5
58,373,-221,63,0,43,-5,65,-3,68,-0,13,-0,08,315497,4,32244,94,0,00,6644,9
58,378,-221,64,0,43,-5,65,-3,68,-0,13,-0,08,315473,9,32244,42,0,00,6644,4
58,383,-221,66,0,43,-5,65,-3,68,-0,13,-0,08,315450,2,32243,91,0,00,6643,9
58,388,-221,68,0,42,-5,65,-3,68,-0,13,-0,08,315426,9,32243,39,0,00,6643,4
58,393,-221,70,0,42,-5,65,-3,68,-0,13,-0,08,315402,9,32242,87,0,00,6642,9
58,398,-221,72,0,42,-5,65,-3,68,-0,13,-0,08,315379,5,32242,36,0,00,6642,4
58,403,-221,74,0,42,-5,65,-3,68,-0,13,-0,08,315356,5,32241,84,0,00,6641,8
58,408,-221,75,0,42,-5,66,-3,68,-0,13,-0,08,315332,8,32241,32,0,00,6641,3
58,413,-221,77,0,42,-5,66,-3,68,-0,13,-0,08,315309,7,32240,80,0,00,6640,8
58,418,-221,79,0,42,-5,66,-3,68,-0,13,-0,08,315286,6,32240,29,0,00,6640,3
58,423,-221,81,0,42,-5,66,-3,68,-0,13,-0,08,315263,2,32239,77,0,00,6639,8
58,428,-221,83,0,42,-5,66,-3,68,-0,13,-0,08,315240,3,32239,25,0,00,6639,3
58,433,-221,85,0,42,-5,66,-3,68,-0,13,-0,08,315217,1,32238,74,0,00,6638,7
58,438,-221,86,0,42,-5,66,-3,68,-0,13,-0,08,315194,4,32238,22,0,00,6638,2
58,443,-221,88,0,42,-5,66,-3,68,-0,13,-0,08,315171,4,32237,70,0,00,6637,7
58,448,-221,90,0,42,-5,66,-3,68,-0,13,-0,08,315148,5,32237,19,0,00,6637,2
58,453,-221,92,0,42,-5,66,-3,68,-0,13,-0,08,315125,7,32236,67,0,00,6636,7
58,458,-221,94,0,42,-5,66,-3,68,-0,13,-0,08,315103,4,32236,15,0,00,6636,2
58,463,-221,96,0,41,-5,66,-3,68,-0,13,-0,08,315079,9,32235,64,0,00,6635,6
58,468,-221,97,0,41,-5,66,-3,68,-0,13,-0,08,315058,2,32235,12,0,00,6635,1
58,473,-221,99,0,41,-5,66,-3,68,-0,13,-0,08,315035,4,32234,61,0,00,6634,6
58,478,-222,01,0,41,-5,66,-3,68,-0,13,-0,08,315013,1,32234,09,0,00,6634,1
58,483,-222,03,0,41,-5,66,-3,68,-0,13,-0,08,314990,4,32233,57,0,00,6633,6
58,488,-222,05,0,41,-5,66,-3,68,-0,13,-0,08,314968,2,32233,05,0,00,6633,1
58,493,-222,07,0,41,-5,66,-3,68,-0,13,-0,08,314945,7,32232,54,0,00,6632,5
58,498,-222,08,0,41,-5,66,-3,68,-0,13,-0,08,314923,8,32232,02,0,00,6632,0
58,503,-222,10,0,41,-5,66,-3,68,-0,14,-0,08,314901,5,32231,51,0,00,6631,5
58,508,-222,12,0,41,-5,66,-3,68,-0,14,-0,08,314879,7,32230,99,0,00,6631,0
58,513,-222,14,0,41,-5,66,-3,68,-0,14,-0,08,314857,2,32230,47,0,00,6630,5
58,518,-222,16,0,41,-5,66,-3,68,-0,14,-0,08,314835,6,32229,96,0,00,6630,0
58,523,-222,18,0,41,-5,66,-3,68,-0,14,-0,08,314813,2,32229,44,0,00,6629,4
58,528,-222,20,0,41,-5,66,-3,68,-0,14,-0,08,314792,3,32228,93,0,00,6628,9
58,533,-222,21,0,40,-5,67,-3,68,-0,14,-0,08,314769,3,32228,41,0,00,6628,4
58,538,-222,23,0,40,-5,67,-3,68,-0,14,-0,08,314748,9,32227,89,0,00,6627,9
58,543,-222,25,0,40,-5,67,-3,68,-0,14,-0,08,314726,1,32227,38,0,00,6627,4
58,548,-222,27,0,40,-5,67,-3,68,-0,14,-0,08,314705,0,32226,86,0,00,6626,9
58,553,-222,29,0,40,-5,67,-3,68,-0,14,-0,08,314683,2,32226,35,0,00,6626,3
58,558,-222,31,0,40,-5,67,-3,68,-0,14,-0,08,314661,9,32225,83,0,00,6625,8
58,563,-222,32,0,40,-5,67,-3,68,-0,14,-0,08,314640,3,32225,31,0,00,6625,3
58,568,-222,34,0,40,-5,67,-3,68,-0,14,-0,08,314619,3,32224,80,0,00,6624,8
58,573,-222,36,0,40,-5,67,-3,68,-0,14,-0,08,314597,4,32224,28,0,00,6624,3
58,578,-222,38,0,40,-5,67,-3,68,-0,14,-0,08,314576,5,32223,77,0,00,6623,8
58,583,-222,40,0,40,-5,67,-3,68,-0,14,-0,08,314555,7,32223,25,0,00,6623,3
58,588,-222,42,0,40,-5,67,-3,68,-0,14,-0,08,314533,6,32222,74,0,00,6622,7
58,593,-222,43,0,40,-5,67,-3,68,-0,14,-0,08,314513,4,32222,22,0,00,6622,2
58,598,-222,45,0,40,-5,67,-3,68,-0,14,-0,08,314491,6,32221,71,0,00,6621,7
58,603,-222,47,0,40,-5,67,-3,68,-0,14,-0,08,314471,6,32221,19,0,00,6621,2
58,608,-222,49,0,39,-5,67,-3,68,-0,14,-0,08,314449,9,32220,67,0,00,6620,7
58,613,-222,51,0,39,-5,67,-3,68,-0,14,-0,08,314429,2,32220,16,0,00,6620,2
58,618,-222,53,0,39,-5,67,-3,68,-0,14,-0,08,314408,6,32219,64,0,00,6619,6
58,623,-222,54,0,39,-5,67,-3,68,-0,14,-0,08,314387,6,32219,13,0,00,6619,1
58,628,-222,56,0,39,-5,67,-3,68,-0,14,-0,08,314367,1,32218,61,0,00,6618,6
58,633,-222,58,0,39,-5,67,-3,68,-0,14,-0,08,314346,3,32218,10,0,00,6618,1
58,638,-222,60,0,39,-5,67,-3,68,-0,14,-0,08,314326,1,32217,58,0,00,6617,6
58,643,-222,62,0,39,-5,67,-3,68,-0,14,-0,08,314305,0,32217,07,0,00,6617,1
58,648,-222,64,0,39,-5,67,-3,68,-0,14,-0,08,314284,9,32216,55,0,00,6616,6
58,653,-222,65,0,39,-5,67,-3,68,-0,14,-0,08,314264,5,32216,04,0,00,6616,0
58,658,-222,67,0,39,-5,68,-3,68,-0,14,-0,08,314244,1,32215,52,0,00,6615,5
58,663,-222,69,0,39,-5,68,-3,68,-0,14,-0,08,314223,9,32215,01,0,00,6615,0
58,668,-222,71,0,39,-5,68,-3,68,-0,14,-0,08,314203,7,32214,49,0,00,6614,5
58,673,-222,73,0,39,-5,68,-3,68,-0,14,-0,08,314183,2,32213,97,0,00,6614,0
58,678,-222,75,0,38,-5,68,-3,68,-0,14,-0,08,314163,6,32213,46,0,00,6613,5
58,683,-222,77,0,38,-5,68,-3,68,-0,14,-0,08,314143,3,32212,95,0,00,6612,9
58,688,-222,78,0,38,-5,68,-3,68,-0,14,-0,08,314123,0,32212,43,0,00,6612,4
58,693,-222,80,0,38,-5,68,-3,68,-0,14,-0,08,314103,2,32211,91,0,00,6611,9
58,698,-222,82,0,38,-5,68,-3,68,-0,14,-0,08,314083,5,32211,40,0,00,6611,4
58,703,-222,84,0,38,-5,68,-3,68,-0,14,-0,08,314063,1,32210,88,0,00,6610,9
58,708,-222,86,0,38,-5,68,-3,68,-0,14,-0,08,314044,0,32210,37,0,00,6610,4
58,713,-222,88,0,38,-5,68,-3,68,-0,15,-0,08,314023,8,32209,86,0,00,6609,9
58,718,-222,89,0,38,-5,68,-3,68,-0,15,-0,08,314004,4,32209,34,0,00,6609,3
58,723,-222,91,0,38,-5,68,-3,68,-0,15,-0,08,313984,3,32208,83,0,00,6608,8
58,728,-222,93,0,38,-5,68,-3,68,-0,15,-0,08,313965,6,32208,31,0,00,6608,3
58,733,-222,95,0,38,-5,68,-3,68,-0,15,-0,08,313945,3,32207,80,0,00,6607,8
58,738,-222,97,0,38,-5,68,-3,68,-0,15,-0,08,313926,2,32207,28,0,00,6607,3
58,743,-222,99,0,38,-5,68,-3,68,-0,15,-0,08,313906,4,32206,77,0,00,6606,8
58,748,-223,00,0,37,-5,68,-3,68,-0,15,-0,08,313887,2,32206,25,0,00,6606,3
58,753,-223,02,0,37,-5,68,-3,68,-0,15,-0,08,313868,0,32205,74,0,00,6605,7
58,758,-223,04,0,37,-5,68,-3,68,-0,15,-0,08,313848,5,32205,22,0,00,6605,2
58,763,-223,06,0,37,-5,68,-3,68,-0,15,-0,08,313829,9,32204,71,0,00,6604,7
58,768,-223,08,0,37,-5,68,-3,68,-0,15,-0,08,313809,7,32204,20,0,00,6604,2
58,773,-223,10,0,37,-5,68,-3,68,-0,15,-0,08,313791,7,32203,68,0,00,6603,7
58,778,-223,11,0,37,-5,68,-3,68,-0,15,-0,08,313772,1,32203,17,0,00,6603,2
58,783,-223,13,0,37,-5,69,-3,68,-0,15,-0,08,313753,4,32202,65,0,00,6602,7
58,788,-223,15,0,37,-5,69,-3,68,-0,15,-0,08,313733,9,32202,14,0,00,6602,1
58,793,-223,17,0,37,-5,69,-3,68,-0,15,-0,08,313715,4,32201,62,0,00,6601,6
58,798,-223,19,0,37,-5,69,-3,68,-0,15,-0,08,313696,5,32201,11,0,00,6601,1
58,803,-223,21,0,37,-5,69,-3,68,-0,15,-0,08,313677,7,32200,59,0,00,6600,6
58,808,-223,22,0,37,-5,69,-3,68,-0,15,-0,08,313659,0,32200,08,0,00,6600,1
58,813,-223,24,0,36,-5,69,-3,68,-0,15,-0,08,313640,4,32199,57,0,00,6599,6
58,818,-223,26,0,36,-5,69,-3,68,-0,15,-0,08,313621,4,32199,05,0,00,6599,1
58,823,-223,28,0,36,-5,69,-3,68,-0,15,-0,08,313603,3,32198,54,0,00,6598,5
58,828,-223,30,0,36,-5,69,-3,68,-0,15,-0,08,313584,5,32198,02,0,00,6598,0
58,833,-223,32,0,36,-5,69,-3,68,-0,15,-0,08,313565,8,32197,51,0,00,6597,5
58,838,-223,34,0,36,-5,69,-3,68,-0,15,-0,08,313547,9,32197,00,0,00,6597,0
58,843,-223,35,0,36,-5,69,-3,68,-0,15,-0,08,313528,9,32196,48,0,00,6596,5
58,848,-223,37,0,36,-5,69,-3,68,-0,15,-0,08,313511,3,32195,97,0,00,6596,0
58,853,-223,39,0,36,-5,69,-3,68,-0,15,-0,08,313492,4,32195,45,0,00,6595,5
58,858,-223,41,0,36,-5,69,-3,68,-0,15,-0,08,313474,5,32194,94,0,00,6594,9
58,863,-223,43,0,36,-5,69,-3,68,-0,15,-0,08,313456,2,32194,43,0,00,6594,4
58,868,-223,45,0,36,-5,69,-3,68,-0,16,-0,08,313438,0,32193,91,0,00,6593,9
58,873,-223,46,0,36,-5,69,-3,68,-0,16,-0,08,313419,9,32193,40,0,00,6593,4
58,878,-223,48,0,35,-5,69,-3,68,-0,16,-0,08,313401,8,32192,88,0,00,6592,9
58,883,-223,50,0,35,-5,69,-3,68,-0,16,-0,08,313384,3,32192,37,0,00,6592,4
58,888,-223,52,0,35,-5,69,-3,68,-0,16,-0,08,313366,0,32191,86,0,00,6591,9
58,893,-223,54,0,35,-5,69,-3,68,-0,16,-0,08,313348,2,32191,34,0,00,6591,3
58,898,-223,56,0,35,-5,69,-3,68,-0,16,-0,08,313330,0,32190,83,0,00,6590,8
58,903,-223,57,0,35,-5,69,-3,68,-0,16,-0,08,313312,8,32190,32,0,00,6590,3
58,908,-223,59,0,35,-5,70,-3,68,-0,16,-0,08,313294,7,32189,80,0,00,6589,8
58,913,-223,61,0,35,-5,70,-3,68,-0,16,-0,08,313277,2,32189,29,0,00,6589,3
58,918,-223,63,0,35,-5,70,-3,68,-0,16,-0,08,313259,3,32188,78,0,00,6588,8
58,923,-223,65,0,35,-5,70,-3,68,-0,16,-0,08,313242,0,32188,26,0,00,6588,3
58,928,-223,67,0,35,-5,70,-3,68,-0,16,-0,08,313224,3,32187,75,0,00,6587,7
58,933,-223,68,0,35,-5,70,-3,68,-0,16,-0,08,313207,1,32187,23,0,00,6587,2
58,938,-223,70,0,35,-5,70,-3,68,-0,16,-0,08,313189,1,32186,72,0,00,6586,7
58,943,-223,72,0,34,-5,70,-3,68,-0,16,-0,08,313172,4,32186,21,0,00,6586,2
58,948,-223,74,0,34,-5,70,-3,68,-0,16,-0,08,313154,1,32185,70,0,00,6585,7
58,953,-223,76,0,34,-5,70,-3,68,-0,16,-0,08,313137,7,32185,18,0,00,6585,2
58,958,-223,78,0,34,-5,70,-3,68,-0,16,-0,08,313120,0,32184,67,0,00,6584,7
58,963,-223,79,0,34,-5,70,-3,68,-0,16,-0,08,313103,2,32184,15,0,00,6584,2
58,968,-223,81,0,34,-5,70,-3,68,-0,16,-0,08,313085,2,32183,64,0,00,6583,6
58,973,-223,83,0,34,-5,70,-3,68,-0,16,-0,08,313069,0,32183,13,0,00,6583,1
58,978,-223,85,0,34,-5,70,-3,68,-0,16,-0,08,313051,2,32182,62,0,00,6582,6
58,983,-223,87,0,34,-5,70,-3,68,-0,16,-0,08,313034,7,32182,10,0,00,6582,1
58,988,-223,89,0,34,-5,70,-3,68,-0,16,-0,08,313017,4,32181,59,0,00,6581,6
58,993,-223,91,0,34,-5,70,-3,68,-0,16,-0,08,313000,7,32181,08,0,00,6581,1
58,998,-223,92,0,34,-5,70,-3,68,-0,17,-0,08,312983,6,32180,56,0,00,6580,6
59,003,-223,94,0,33,-5,70,-3,68,-0,17,-0,08,312967,4,32180,05,0,00,6580,0
59,008,-223,96,0,33,-5,70,-3,68,-0,17,-0,08,312949,5,32179,54,0,00,6579,5
59,013,-223,98,0,33,-5,70,-3,68,-0,17,-0,08,312933,9,32179,02,0,00,6579,0
59,018,-224,00,0,33,-5,70,-3,68,-0,17,-0,08,312916,3,32178,51,0,00,6578,5
59,023,-224,02,0,33,-5,70,-3,68,-0,17,-0,08,312900,3,32178,00,0,00,6578,0
59,028,-224,03,0,33,-5,70,-3,68,-0,17,-0,08,312883,2,32177,48,0,00,6577,5
59,033,-224,05,0,33,-5,70,-3,68,-0,17,-0,08,312866,6,32176,97,0,00,6577,0
59,038,-224,07,0,33,-5,71,-3,68,-0,17,-0,08,312850,5,32176,46,0,00,6576,5
59,043,-224,09,0,33,-5,71,-3,68,-0,17,-0,08,312834,0,32175,95,0,00,6575,9
59,048,-224,11,0,33,-5,71,-3,68,-0,17,-0,08,312817,2,32175,43,0,00,6575,4
59,053,-224,13,0,33,-5,71,-3,68,-0,17,-0,08,312801,3,32174,92,0,00,6574,9
59,058,-224,14,0,33,-5,71,-3,68,-0,17,-0,08,312784,6,32174,41,0,00,6574,4
59,063,-224,16,0,32,-5,71,-3,68,-0,17,-0,08,312768,8,32173,89,0,00,6573,9
59,068,-224,18,0,32,-5,71,-3,68,-0,17,-0,08,312751,8,32173,38,0,00,6573,4
59,073,-224,20,0,32,-5,71,-3,68,-0,17,-0,08,312736,2,32172,87,0,00,6572,9
59,078,-224,22,0,32,-5,71,-3,68,-0,17,-0,08,312719,8,32172,36,0,00,6572,4
59,083,-224,24,0,32,-5,71,-3,68,-0,17,-0,08,312703,9,32171,84,0,00,6571,8
59,088,-224,25,0,32,-5,71,-3,68,-0,17,-0,08,312687,6,32171,33,0,00,6571,3
59,093,-224,27,0,32,-5,71,-3,68,-0,17,-0,08,312671,8,32170,82,0,00,6570,8
59,098,-224,29,0,32,-5,71,-3,68,-0,17,-0,08,312655,7,32170,30,0,00,6570,3
59,103,-224,31,0,32,-5,71,-3,68,-0,17,-0,08,312639,6,32169,79,0,00,6569,8
59,108,-224,33,0,32,-5,71,-3,68,-0,17,-0,08,312624,0,32169,28,0,00,6569,3
59,113,-224,35,0,32,-5,71,-3,68,-0,17,-0,08,312608,1,32168,77,0,00,6568,8
59,118,-224,36,0,32,-5,71,-3,68,-0,18,-0,08,312592,2,32168,25,0,00,6568,3
59,123,-224,38,0,31,-5,71,-3,68,-0,18,-0,08,312576,4,32167,74,0,00,6567,7
59,128,-224,40,0,31,-5,71,-3,68,-0,18,-0,08,312560,7,32167,23,0,00,6567,2
59,133,-224,42,0,31,-5,71,-3,68,-0,18,-0,08,312545,0,32166,72,0,00,6566,7
59,138,-224,44,0,31,-5,71,-3,68,-0,18,-0,08,312529,8,32166,21,0,00,6566,2
59,143,-224,46,0,31,-5,71,-3,68,-0,18,-0,08,312513,5,32165,69,0,00,6565,7
59,148,-224,48,0,31,-5,71,-3,68,-0,18,-0,08,312498,4,32165,18,0,00,6565,2
59,153,-224,49,0,31,-5,71,-3,68,-0,18,-0,08,312483,0,32164,67,0,00,6564,7
59,158,-224,51,0,31,-5,71,-3,68,-0,18,-0,08,312467,3,32164,16,0,00,6564,2
59,163,-224,53,0,31,-5,72,-3,68,-0,18,-0,08,312452,0,32163,64,0,00,6563,6
59,168,-224,55,0,31,-5,72,-3,68,-0,18,-0,08,312436,8,32163,13,0,00,6563,1
59,173,-224,57,0,31,-5,72,-3,68,-0,18,-0,08,312421,2,32162,62,0,00,6562,6
59,178,-224,59,0,30,-5,72,-3,68,-0,18,-0,08,312405,7,32162,11,0,00,6562,1
59,183,-224,60,0,30,-5,72,-3,68,-0,18,-0,08,312390,7,32161,60,0,00,6561,6
59,188,-224,62,0,30,-5,72,-3,68,-0,18,-0,08,312375,8,32161,08,0,00,6561,1
59,193,-224,64,0,30,-5,72,-3,68,-0,18,-0,08,312360,0,32160,57,0,00,6560,6
59,198,-224,66,0,30,-5,72,-3,68,-0,18,-0,08,312345,7,32160,06,0,00,6560,1
59,203,-224,68,0,30,-5,72,-3,68,-0,18,-0,08,312330,0,32159,55,0,00,6559,5
59,208,-224,70,0,30,-5,72,-3,68,-0,18,-0,08,312314,9,32159,04,0,00,6559,0
59,213,-224,71,0,30,-5,72,-3,68,-0,18,-0,08,312300,3,32158,52,0,00,6558,5
59,218,-224,73,0,30,-5,72,-3,68,-0,18,-0,08,312285,3,32158,01,0,00,6558,0
59,223,-224,75,0,30,-5,72,-3,68,-0,19,-0,08,312270,0,32157,50,0,00,6557,5
59,228,-224,77,0,30,-5,72,-3,68,-0,19,-0,08,312255,6,32156,99,0,00,6557,0
59,233,-224,79,0,29,-5,72,-3,68,-0,19,-0,08,312240,3,32156,48,0,00,6556,5
59,238,-224,81,0,29,-5,72,-3,68,-0,19,-0,08,312226,0,32155,96,0,00,6556,0
59,243,-224,82,0,29,-5,72,-3,68,-0,19,-0,08,312210,9,32155,45,0,00,6555,5
59,248,-224,84,0,29,-5,72,-3,68,-0,19,-0,08,312196,3,32154,94,0,00,6554,9
59,253,-224,86,0,29,-5,72,-3,68,-0,19,-0,08,312181,8,32154,43,0,00,6554,4
59,258,-224,88,0,29,-5,72,-3,68,-0,19,-0,08,312166,9,32153,92,0,00,6553,9
59,263,-224,90,0,29,-5,72,-3,68,-0,19,-0,08,312152,5,32153,41,0,00,6553,4
59,268,-224,92,0,29,-5,72,-3,68,-0,19,-0,08,312137,7,32152,89,0,00,6552,9
59,273,-224,93,0,29,-5,72,-3,68,-0,19,-0,08,312123,8,32152,38,0,00,6552,4
59,278,-224,95,0,29,-5,72,-3,68,-0,19,-0,08,312108,3,32151,87,0,00,6551,9
59,283,-224,97,0,29,-5,72,-3,68,-0,19,-0,08,312095,0,32151,36,0,00,6551,4
59,288,-224,99,0,28,-5,73,-3,68,-0,19,-0,08,312079,6,32150,85,0,00,6550,8
59,293,-225,01,0,28,-5,73,-3,68,-0,19,-0,08,312066,0,32150,34,0,00,6550,3
59,298,-225,03,0,28,-5,73,-3,68,-0,19,-0,08,312051,2,32149,82,0,00,6549,8
59,303,-225,05,0,28,-5,73,-3,68,-0,19,-0,08,312037,2,32149,31,0,00,6549,3
59,308,-225,06,0,28,-5,73,-3,68,-0,19,-0,08,312022,9,32148,80,0,00,6548,8
59,313,-225,08,0,28,-5,73,-3,68,-0,19,-0,08,312008,7,32148,29,0,00,6548,3
59,318,-225,10,0,28,-5,73,-3,68,-0,19,-0,08,311995,0,32147,78,0,00,6547,8
59,323,-225,12,0,28,-5,73,-3,68,-0,19,-0,08,311980,0,32147,27,0,00,6547,3
59,328,-225,14,0,28,-5,73,-3,68,-0,20,-0,08,311966,8,32146,75,0,00,6546,8
59,333,-225,16,0,28,-5,73,-3,68,-0,20,-0,08,311951,9,32146,24,0,00,6546,2
59,338,-225,17,0,27,-5,73,-3,68,-0,20,-0,08,311938,4,32145,73,0,00,6545,7
59,343,-225,19,0,27,-5,73,-3,68,-0,20,-0,08,311924,2,32145,22,0,00,6545,2
59,348,-225,21,0,27,-5,73,-3,68,-0,20,-0,08,311910,8,32144,71,0,00,6544,7
59,353,-225,23,0,27,-5,73,-3,68,-0,20,-0,08,311896,2,32144,20,0,00,6544,2
59,358,-225,25,0,27,-5,73,-3,68,-0,20,-0,08,311882,9,32143,69,0,00,6543,7
59,363,-225,27,0,27,-5,73,-3,68,-0,20,-0,08,311868,8,32143,18,0,00,6543,2
59,368,-225,28,0,27,-5,73,-3,68,-0,20,-0,08,311855,3,32142,66,0,00,6542,7
59,373,-225,30,0,27,-5,73,-3,68,-0,20,-0,08,311841,3,32142,15,0,00,6542,2
59,378,-225,32,0,27,-5,73,-3,68,-0,20,-0,08,311827,4,32141,64,0,00,6541,6
59,383,-225,34,0,27,-5,73,-3,68,-0,20,-0,08,311814,5,32141,13,0,00,6541,1
59,388,-225,36,0,26,-5,73,-3,68,-0,20,-0,08,311799,8,32140,62,0,00,6540,6
59,393,-225,38,0,26,-5,73,-3,68,-0,20,-0,08,311787,4,32140,11,0,00,6540,1
59,398,-225,39,0,26,-5,73,-3,68,-0,20,-0,08,311772,9,32139,60,0,00,6539,6
59,403,-225,41,0,26,-5,73,-3,68,-0,20,-0,08,311759,8,32139,09,0,00,6539,1
59,408,-225,43,0,26,-5,73,-3,68,-0,20,-0,08,311746,7,32138,57,0,00,6538,6
59,413,-225,45,0,26,-5,73,-3,68,-0,20,-0,08,311732,3,32138,06,0,00,6538,1
59,418,-225,47,0,26,-5,74,-3,68,-0,20,-0,08,311720,2,32137,55,0,00,6537,6
59,423,-225,49,0,26,-5,74,-3,68,-0,21,-0,08,311705,5,32137,04,0,00,6537,0
59,428,-225,50,0,26,-5,74,-3,68,-0,21,-0,08,311693,1,32136,53,0,00,6536,5
59,433,-225,52,0,26,-5,74,-3,68,-0,21,-0,08,311679,4,32136,02,0,00,6536,0
59,438,-225,54,0,25,-5,74,-3,68,-0,21,-0,08,311666,2,32135,51,0,00,6535,5
59,443,-225,56,0,25,-5,74,-3,68,-0,21,-0,08,311653,1,32135,00,0,00,6535,0
59,448,-225,58,0,25,-5,74,-3,68,-0,21,-0,08,311640,0,32134,49,0,00,6534,5
59,454,-225,60,0,25,-5,74,-3,68,-0,21,-0,08,311626,5,32133,98,0,00,6534,0
59,459,-225,62,0,25,-5,74,-3,68,-0,21,-0,08,311613,6,32133,46,0,00,6533,5
59,464,-225,63,0,25,-5,74,-3,68,-0,21,-0,08,311600,7,32132,95,0,00,6533,0
59,469,-225,65,0,25,-5,74,-3,68,-0,21,-0,08,311587,4,32132,44,0,00,6532,4
59,474,-225,67,0,25,-5,74,-3,68,-0,21,-0,08,311574,6,32131,93,0,00,6531,9
59,479,-225,69,0,25,-5,74,-3,68,-0,21,-0,08,311561,8,32131,42,0,00,6531,4
59,484,-225,71,0,24,-5,74,-3,68,-0,21,-0,08,311548,3,32130,91,0,00,6530,9
59,489,-225,73,0,24,-5,74,-3,68,-0,21,-0,08,311536,1,32130,40,0,00,6530,4
59,494,-225,74,0,24,-5,74,-3,68,-0,21,-0,08,311522,7,32129,89,0,00,6529,9
59,499,-225,76,0,24,-5,74,-3,68,-0,21,-0,08,311510,1,32129,38,0,00,6529,4
59,504,-225,78,0,24,-5,74,-3,68,-0,21,-0,08,311497,2,32128,87,0,00,6528,9
59,509,-225,80,0,24,-5,74,-3,68,-0,21,-0,08,311484,4,32128,36,0,00,6528,4
59,514,-225,82,0,24,-5,74,-3,68,-0,22,-0,08,311472,0,32127,85,0,00,6527,8
59,519,-225,84,0,24,-5,74,-3,68,-0,22,-0,08,311459,3,32127,34,0,00,6527,3
59,524,-225,85,0,24,-5,74,-3,68,-0,22,-0,08,311446,2,32126,82,0,00,6526,8
59,529,-225,87,0,24,-5,74,-3,68,-0,22,-0,08,311433,9,32126,31,0,00,6526,3
59,534,-225,89,0,23,-5,74,-3,68,-0,22,-0,08,311421,4,32125,80,0,00,6525,8
59,539,-225,91,0,23,-5,74,-3,68,-0,22,-0,08,311408,9,32125,29,0,00,6525,3
59,544,-225,93,0,23,-5,75,-3,68,-0,22,-0,08,311396,0,32124,78,0,00,6524,8
59,549,-225,95,0,23,-5,75,-3,68,-0,22,-0,08,311384,0,32124,27,0,00,6524,3
59,554,-225,96,0,23,-5,75,-3,68,-0,22,-0,08,311371,2,32123,76,0,00,6523,8
59,559,-225,98,0,23,-5,75,-3,68,-0,22,-0,08,311358,9,32123,25,0,00,6523,3
59,564,-226,00,0,23,-5,75,-3,68,-0,22,-0,08,311346,6,32122,74,0,00,6522,7
59,569,-226,02,0,23,-5,75,-3,68,-0,22,-0,08,311334,4,32122,23,0,00,6522,2
59,574,-226,04,0,23,-5,75,-3,68,-0,22,-0,08,311321,4,32121,72,0,00,6521,7
59,579,-226,06,0,22,-5,75,-3,68,-0,22,-0,08,311310,2,32121,21,0,00,6521,2
59,584,-226,07,0,22,-5,75,-3,68,-0,22,-0,08,311296,9,32120,70,0,00,6520,7
59,589,-226,09,0,22,-5,75,-3,68,-0,22,-0,08,311285,7,32120,19,0,00,6520,2
59,594,-226,11,0,22,-5,75,-3,68,-0,22,-0,08,311272,5,32119,68,0,00,6519,7
59,599,-226,13,0,22,-5,75,-3,68,-0,23,-0,08,311261,5,32119,17,0,00,6519,2
59,604,-226,15,0,22,-5,75,-3,68,-0,23,-0,08,311248,3,32118,66,0,00,6518,7
59,609,-226,17,0,22,-5,75,-3,68,-0,23,-0,08,311237,0,32118,15,0,00,6518,1
59,614,-226,19,0,22,-5,75,-3,68,-0,23,-0,08,311224,8,32117,64,0,00,6517,6
59,619,-226,20,0,22,-5,75,-3,68,-0,23,-0,08,311212,7,32117,13,0,00,6517,1
59,624,-226,22,0,21,-5,75,-3,68,-0,23,-0,08,311200,7,32116,62,0,00,6516,6
59,629,-226,24,0,21,-5,75,-3,68,-0,23,-0,08,311188,6,32116,11,0,00,6516,1
59,634,-226,26,0,21,-5,75,-3,68,-0,23,-0,08,311177,1,32115,60,0,00,6515,6
59,639,-226,28,0,21,-5,75,-3,68,-0,23,-0,08,311164,8,32115,09,0,00,6515,1
59,644,-226,30,0,21,-5,75,-3,68,-0,23,-0,08,311153,3,32114,58,0,00,6514,6
59,649,-226,31,0,21,-5,75,-3,68,-0,23,-0,08,311141,1,32114,07,0,00,6514,1
59,654,-226,33,0,21,-5,75,-3,68,-0,23,-0,08,311129,8,32113,56,0,00,6513,6
59,659,-226,35,0,21,-5,75,-3,68,-0,23,-0,08,311117,6,32113,05,0,00,6513,0
59,664,-226,37,0,20,-5,75,-3,68,-0,23,-0,08,311106,4,32112,54,0,00,6512,5
59,669,-226,39,0,20,-5,75,-3,68,-0,23,-0,08,311094,3,32112,03,0,00,6512,0
59,674,-226,41,0,20,-5,76,-3,68,-0,23,-0,08,311082,8,32111,52,0,00,6511,5
59,679,-226,42,0,20,-5,76,-3,68,-0,23,-0,08,311071,3,32111,01,0,00,6511,0
59,684,-226,44,0,20,-5,76,-3,68,-0,24,-0,08,311059,4,32110,50,0,00,6510,5
59,689,-226,46,0,20,-5,76,-3,68,-0,24,-0,08,311048,4,32109,99,0,00,6510,0
59,694,-226,48,0,20,-5,76,-3,68,-0,24,-0,08,311036,2,32109,48,0,00,6509,5
59,699,-226,50,0,20,-5,76,-3,68,-0,24,-0,08,311025,3,32108,97,0,00,6509,0
59,704,-226,52,0,20,-5,76,-3,68,-0,24,-0,08,311013,2,32108,46,0,00,6508,5
59,709,-226,53,0,19,-5,76,-3,68,-0,24,-0,08,311002,4,32107,95,0,00,6507,9
59,714,-226,55,0,19,-5,76,-3,68,-0,24,-0,08,310990,4,32107,44,0,00,6507,4
59,719,-226,57,0,19,-5,76,-3,68,-0,24,-0,08,310979,7,32106,93,0,00,6506,9
59,724,-226,59,0,19,-5,76,-3,68,-0,24,-0,08,310967,8,32106,42,0,00,6506,4
59,729,-226,61,0,19,-5,76,-3,68,-0,24,-0,08,310957,2,32105,91,0,00,6505,9
59,734,-226,63,0,19,-5,76,-3,68,-0,24,-0,08,310945,0,32105,40,0,00,6505,4
59,739,-226,64,0,19,-5,76,-3,68,-0,24,-0,08,310934,9,32104,89,0,00,6504,9
59,744,-226,66,0,19,-5,76,-3,68,-0,24,-0,08,310922,7,32104,38,0,00,6504,4
59,749,-226,68,0,18,-5,76,-3,68,-0,24,-0,08,310911,9,32103,87,0,00,6503,9
59,754,-226,70,0,18,-5,76,-3,68,-0,24,-0,08,310900,7,32103,36,0,00,6503,4
59,759,-226,72,0,18,-5,76,-3,68,-0,24,-0,08,310889,9,32102,85,0,00,6502,9
59,764,-226,74,0,18,-5,76,-3,68,-0,24,-0,08,310878,4,32102,34,0,00,6502,3
59,769,-226,76,0,18,-5,76,-3,68,-0,25,-0,08,310867,3,32101,83,0,00,6501,8
59,774,-226,77,0,18,-5,76,-3,68,-0,25,-0,08,310856,8,32101,32,0,00,6501,3
59,779,-226,79,0,18,-5,76,-3,68,-0,25,-0,08,310845,3,32100,81,0,00,6500,8
59,784,-226,81,0,18,-5,76,-3,68,-0,25,-0,08,310834,4,32100,30,0,00,6500,3
59,789,-226,83,0,17,-5,76,-3,68,-0,25,-0,08,310823,5,32099,79,0,00,6499,8
59,794,-226,85,0,17,-5,76,-3,68,-0,25,-0,08,310812,7,32099,28,0,00,6499,3
59,799,-226,87,0,17,-5,77,-3,68,-0,25,-0,08,310801,9,32098,77,0,00,6498,8
59,804,-226,88,0,17,-5,77,-3,68,-0,25,-0,08,310790,7,32098,26,0,00,6498,3
59,809,-226,90,0,17,-5,77,-3,68,-0,25,-0,08,310780,4,32097,75,0,00,6497,8
59,814,-226,92,0,17,-5,77,-3,68,-0,25,-0,08,310768,9,32097,24,0,00,6497,2
59,819,-226,94,0,17,-5,77,-3,68,-0,25,-0,08,310758,8,32096,73,0,00,6496,7
59,824,-226,96,0,17,-5,77,-3,68,-0,25,-0,08,310747,8,32096,23,0,00,6496,2
59,829,-226,98,0,16,-5,77,-3,68,-0,25,-0,08,310737,3,32095,72,0,00,6495,7
59,834,-226,99,0,16,-5,77,-3,68,-0,25,-0,08,310725,9,32095,21,0,00,6495,2
59,839,-227,01,0,16,-5,77,-3,68,-0,25,-0,08,310716,4,32094,70,0,00,6494,7
59,844,-227,03,0,16,-5,77,-3,68,-0,25,-0,08,310705,1,32094,19,0,00,6494,2
59,849,-227,05,0,16,-5,77,-3,68,-0,26,-0,08,310694,3,32093,68,0,00,6493,7
59,854,-227,07,0,16,-5,77,-3,68,-0,26,-0,08,310684,1,32093,17,0,00,6493,2
59,859,-227,09,0,16,-5,77,-3,68,-0,26,-0,08,310673,8,32092,66,0,00,6492,7
59,864,-227,11,0,16,-5,77,-3,68,-0,26,-0,08,310662,8,32092,15,0,00,6492,2
59,869,-227,12,0,15,-5,77,-3,68,-0,26,-0,08,310652,6,32091,64,0,00,6491,6
59,874,-227,14,0,15,-5,77,-3,68,-0,26,-0,08,310642,1,32091,13,0,00,6491,1
59,879,-227,16,0,15,-5,77,-3,68,-0,26,-0,08,310631,6,32090,62,0,00,6490,6
59,884,-227,18,0,15,-5,77,-3,68,-0,26,-0,08,310621,6,32090,11,0,00,6490,1
59,889,-227,20,0,15,-5,77,-3,68,-0,26,-0,08,310610,7,32089,61,0,00,6489,6
59,894,-227,22,0,15,-5,77,-3,68,-0,26,-0,08,310601,2,32089,10,0,00,6489,1
59,899,-227,23,0,15,-5,77,-3,68,-0,26,-0,08,310589,6,32088,59,0,00,6488,6
59,904,-227,25,0,15,-5,77,-3,68,-0,26,-0,08,310580,6,32088,08,0,00,6488,1
59,909,-227,27,0,14,-5,77,-3,68,-0,26,-0,08,310569,5,32087,57,0,00,6487,6
59,914,-227,29,0,14,-5,77,-3,68,-0,26,-0,08,310559,8,32087,06,0,00,6487,1
59,919,-227,31,0,14,-5,77,-3,68,-0,26,-0,08,310549,6,32086,55,0,00,6486,5
59,924,-227,33,0,14,-5,77,-3,68,-0,26,-0,08,310539,1,32086,04,0,00,6486,0
59,929,-227,34,0,14,-5,78,-3,68,-0,27,-0,08,310529,4,32085,53,0,00,6485,5
59,934,-227,36,0,14,-5,78,-3,68,-0,27,-0,08,310518,6,32085,02,0,00,6485,0
59,939,-227,38,0,14,-5,78,-3,68,-0,27,-0,08,310509,4,32084,51,0,00,6484,5
59,944,-227,40,0,13,-5,78,-3,68,-0,27,-0,08,310498,6,32084,00,0,00,6484,0
59,949,-227,42,0,13,-5,78,-3,68,-0,27,-0,08,310488,8,32083,49,0,00,6483,5
59,954,-227,44,0,13,-5,78,-3,68,-0,27,-0,08,310478,9,32082,98,0,00,6483,0
59,959,-227,45,0,13,-5,78,-3,68,-0,27,-0,08,310469,1,32082,48,0,00,6482,5
59,964,-227,47,0,13,-5,78,-3,68,-0,27,-0,08,310458,5,32081,97,0,00,6482,0
59,969,-227,49,0,13,-5,78,-3,68,-0,27,-0,08,310449,6,32081,46,0,00,6481,5
59,974,-227,51,0,13,-5,78,-3,68,-0,27,-0,08,310438,7,32080,95,0,00,6481,0
59,979,-227,53,0,13,-5,78,-3,68,-0,27,-0,08,310429,4,32080,44,0,00,6480,4
59,984,-227,55,0,12,-5,78,-3,68,-0,27,-0,08,310419,4,32079,93,0,00,6479,9
59,989,-227,57,0,12,-5,78,-3,68,-0,27,-0,08,310409,9,32079,42,0,00,6479,4
59,994,-227,58,0,12,-5,78,-3,68,-0,27,-0,08,310399,5,32078,91,0,00,6478,9
59,999,-227,60,0,12,-5,78,-3,68,-0,27,-0,08,310390,4,32078,41,0,00,6478,4
60,004,-227,62,0,12,-5,78,-3,68,-0,28,-0,08,310380,2,32077,90,0,00,6477,9
60,009,-227,64,0,12,-5,78,-3,68,-0,28,-0,08,310370,8,32077,39,0,00,6477,4
60,014,-227,66,0,12,-5,78,-3,68,-0,28,-0,08,310361,0,32076,88,0,00,6476,9
60,019,-227,68,0,11,-5,78,-3,68,-0,28,-0,08,310351,3,32076,37,0,00,6476,4
60,024,-227,69,0,11,-5,78,-3,68,-0,28,-0,08,310342,0,32075,86,0,00,6475,9
60,029,-227,71,0,11,-5,78,-3,68,-0,28,-0,08,310331,9,32075,35,0,00,6475,4
60,034,-227,73,0,11,-5,78,-3,68,-0,28,-0,08,310322,7,32074,84,0,00,6474,8
60,039,-227,75,0,11,-5,78,-3,68,-0,28,-0,08,310312,7,32074,34,0,00,6474,3
60,044,-227,77,0,11,-5,78,-3,68,-0,28,-0,08,310304,0,32073,83,0,00,6473,8
60,049,-227,79,0,11,-5,78,-3,68,-0,28,-0,08,310293,7,32073,32,0,00,6473,3
60,054,-227,80,0,10,-5,79,-3,68,-0,28,-0,08,310284,6,32072,81,0,00,6472,8
60,059,-227,82,0,10,-5,79,-3,68,-0,28,-0,08,310275,2,32072,30,0,00,6472,3
60,064,-227,84,0,10,-5,79,-3,68,-0,28,-0,08,310265,4,32071,79,0,00,6471,8
60,069,-227,86,0,10,-5,79,-3,68,-0,28,-0,08,310256,5,32071,28,0,00,6471,3
60,074,-227,88,0,10,-5,79,-3,68,-0,28,-0,08,310246,8,32070,77,0,00,6470,8
60,079,-227,90,0,10,-5,79,-3,68,-0,29,-0,08,310237,5,32070,27,0,00,6470,3
60,084,-227,91,0,10,-5,79,-3,68,-0,29,-0,08,310228,3,32069,76,0,00,6469,8
60,089,-227,93,0,09,-5,79,-3,68,-0,29,-0,08,310218,7,32069,25,0,00,6469,2
60,094,-227,95,0,09,-5,79,-3,68,-0,29,-0,08,310210,0,32068,74,0,00,6468,7
60,099,-227,97,0,09,-5,79,-3,68,-0,29,-0,08,310200,4,32068,23,0,00,6468,2
60,104,-227,99,0,09,-5,79,-3,68,-0,29,-0,08,310191,3,32067,72,0,00,6467,7
60,109,-228,01,0,09,-5,79,-3,68,-0,29,-0,08,310181,9,32067,21,0,00,6467,2
60,114,-228,03,0,09,-5,79,-3,68,-0,29,-0,08,310172,9,32066,71,0,00,6466,7
60,119,-228,04,0,09,-5,79,-3,68,-0,29,-0,08,310163,5,32066,20,0,00,6466,2
60,124,-228,06,0,08,-5,79,-3,68,-0,29,-0,08,310154,6,32065,69,0,00,6465,7
60,129,-228,08,0,08,-5,79,-3,68,-0,29,-0,08,310145,3,32065,18,0,00,6465,2
60,134,-228,10,0,08,-5,79,-3,68,-0,29,-0,08,310136,5,32064,67,0,00,6464,7
60,139,-228,12,0,08,-5,79,-3,68,-0,29,-0,08,310127,7,32064,16,0,00,6464,2
60,144,-228,14,0,08,-5,79,-3,68,-0,29,-0,08,310118,1,32063,66,0,00,6463,7
60,149,-228,15,0,08,-5,79,-3,68,-0,29,-0,08,310109,4,32063,15,0,00,6463,1
60,154,-228,17,0,08,-5,79,-3,68,-0,30,-0,08,310100,7,32062,64,0,00,6462,6
60,159,-228,19,0,07,-5,79,-3,68,-0,30,-0,08,310091,2,32062,13,0,00,6462,1
60,164,-228,21,0,07,-5,79,-3,68,-0,30,-0,08,310082,6,32061,62,0,00,6461,6
60,169,-228,23,0,07,-5,79,-3,68,-0,30,-0,08,310073,6,32061,11,0,00,6461,1
60,174,-228,25,0,07,-5,79,-3,68,-0,30,-0,08,310065,0,32060,61,0,00,6460,6
60,179,-228,26,0,07,-5,79,-3,68,-0,30,-0,08,310055,7,32060,10,0,00,6460,1
60,184,-228,28,0,07,-5,80,-3,68,-0,30,-0,08,310047,3,32059,59,0,00,6459,6
60,189,-228,30,0,07,-5,80,-3,68,-0,30,-0,08,310038,4,32059,08,0,00,6459,1
60,194,-228,32,0,06,-5,80,-3,68,-0,30,-0,08,310029,2,32058,57,0,00,6458,6
60,199,-228,34,0,06,-5,80,-3,68,-0,30,-0,08,310020,8,32058,06,0,00,6458,1
60,204,-228,36,0,06,-5,80,-3,68,-0,30,-0,08,310012,5,32057,56,0,00,6457,6
60,209,-228,37,0,06,-5,80,-3,68,-0,30,-0,08,310002,9,32057,05,0,00,6457,0
60,214,-228,39,0,06,-5,80,-3,68,-0,30,-0,08,309994,7,32056,54,0,00,6456,5
60,219,-228,41,0,06,-5,80,-3,68,-0,30,-0,08,309986,1,32056,03,0,00,6456,0
60,224,-228,43,0,05,-5,80,-3,68,-0,30,-0,08,309977,0,32055,52,0,00,6455,5
60,229,-228,45,0,05,-5,80,-3,68,-0,31,-0,08,309968,9,32055,02,0,00,6455,0
60,234,-228,47,0,05,-5,80,-3,68,-0,31,-0,08,309959,9,32054,51,0,00,6454,5
60,239,-228,49,0,05,-5,80,-3,68,-0,31,-0,08,309951,9,32054,00,0,00,6454,0
60,244,-228,50,0,05,-5,80,-3,68,-0,31,-0,08,309942,6,32053,49,0,00,6453,5
