step,time_s,posX_m,posY_m,posZ_m,velX_mps,velY_mps,velZ_mps,speed_mps,horizSpeed_mps,thrust_N,thrust_kN,mass_kg,fuel_kg,twr,tilt_deg,pitchRate_dps,yawRate_dps,gimbalX_deg,gimbalZ_deg,miss_m,controlMode
1,0.0500,0.022,2495.014,0.046,0.397,-99.409,0.981,99.414,1.058,845000.0,845.00,39183.34,13583.34,2.201,5.266,-2.519,-2.736,-1.277,-1.278,0.052,PID
2,0.1000,0.040,2490.059,0.098,0.312,-98.786,1.074,98.793,1.118,845000.0,845.00,39169.48,13569.48,2.202,5.051,-3.267,-3.484,-0.952,-0.952,0.106,PID
3,0.1500,0.054,2485.135,0.154,0.235,-98.163,1.158,98.170,1.181,845000.0,845.00,39155.63,13555.63,2.202,4.791,-3.811,-4.027,-0.680,-0.680,0.163,PID
4,0.2000,0.064,2480.243,0.213,0.167,-97.538,1.233,97.546,1.245,845000.0,845.00,39141.77,13541.77,2.203,4.499,-4.182,-4.398,-0.452,-0.452,0.223,PID
5,0.2500,0.070,2475.382,0.277,0.106,-96.912,1.301,96.921,1.306,845000.0,845.00,39127.91,13527.91,2.204,4.187,-4.412,-4.628,-0.265,-0.265,0.286,PID
6,0.3000,0.074,2470.552,0.343,0.054,-96.286,1.362,96.296,1.363,845000.0,845.00,39114.05,13514.05,2.205,3.864,-4.525,-4.740,-0.109,-0.109,0.351,PID
7,0.3500,0.076,2465.753,0.413,0.008,-95.659,1.416,95.669,1.416,845000.0,845.00,39100.20,13500.20,2.205,3.537,-4.543,-4.757,0.016,0.016,0.420,PID
8,0.4000,0.075,2460.986,0.485,-0.032,-95.032,1.463,95.043,1.464,845000.0,845.00,39086.34,13486.34,2.206,3.212,-4.486,-4.700,0.110,0.110,0.491,PID
9,0.4500,0.073,2456.250,0.559,-0.065,-94.404,1.505,94.416,1.506,845000.0,845.00,39072.48,13472.48,2.207,2.894,-4.370,-4.584,0.186,0.186,0.564,PID
10,0.5000,0.069,2451.546,0.635,-0.093,-93.776,1.541,93.789,1.544,842755.1,842.76,39058.63,13458.63,2.202,2.586,-4.210,-4.423,0.240,0.240,0.639,PID
11,0.5500,0.064,2446.872,0.713,-0.116,-93.159,1.572,93.172,1.576,831431.4,831.43,39044.92,13444.92,2.173,2.292,-4.019,-4.231,0.284,0.284,0.716,PID
12,0.6000,0.057,2442.229,0.792,-0.133,-92.556,1.598,92.569,1.604,820358.3,820.36,39031.39,13431.39,2.145,2.013,-3.808,-4.020,0.312,0.312,0.795,PID
13,0.6500,0.050,2437.616,0.873,-0.147,-91.966,1.620,91.981,1.627,809530.3,809.53,39018.04,13418.04,2.117,1.751,-3.586,-3.798,0.326,0.326,0.874,PID
14,0.7000,0.043,2433.033,0.954,-0.157,-91.391,1.639,91.405,1.646,798915.0,798.92,39004.86,13404.86,2.090,1.506,-3.359,-3.571,0.335,0.335,0.955,PID
15,0.7500,0.035,2428.477,1.037,-0.163,-90.829,1.654,90.844,1.662,787478.6,787.48,38991.86,13391.86,2.061,1.280,-3.136,-3.348,0.327,0.327,1.037,PID
16,0.8000,0.027,2423.949,1.120,-0.167,-90.283,1.666,90.299,1.674,774808.3,774.81,38979.07,13379.07,2.028,1.072,-2.922,-3.132,0.317,0.317,1.120,PID
17,0.8500,0.018,2419.449,1.203,-0.168,-89.753,1.676,89.769,1.684,762541.5,762.54,38966.48,13366.48,1.997,0.885,-2.723,-2.934,0.292,0.292,1.203,PID
18,0.9000,0.010,2414.974,1.287,-0.167,-89.239,1.684,89.255,1.692,750635.8,750.64,38954.09,13354.08,1.966,0.718,-2.549,-2.759,0.250,0.250,1.287,PID
19,0.9500,0.001,2410.525,1.372,-0.165,-88.740,1.691,88.756,1.699,739075.5,739.08,38941.88,13341.88,1.937,0.577,-2.415,-2.625,0.175,0.175,1.372,PID
20,1.0000,-0.005,2406.100,1.456,-0.126,-88.262,1.696,88.279,1.701,728426.4,728.43,38929.82,13329.82,1.909,0.461,-2.328,-1.218,0.122,-0.560,1.456,PID
21,1.0500,-0.012,2401.699,1.541,-0.134,-87.792,1.701,87.808,1.706,717120.9,717.12,38917.98,13317.98,1.880,0.363,-2.266,-1.532,0.054,-0.492,1.541,PID
22,1.1000,-0.019,2397.321,1.626,-0.137,-87.335,1.706,87.352,1.711,706531.1,706.53,38906.32,13306.32,1.853,0.304,-2.289,-1.757,-0.164,-0.274,1.627,PID
23,1.1500,-0.025,2392.965,1.712,-0.135,-86.892,1.713,86.909,1.719,696257.7,696.26,38894.84,13294.83,1.827,0.309,-2.477,-1.813,-0.502,0.064,1.712,PID
24,1.2000,-0.032,2388.631,1.798,-0.127,-86.472,1.681,86.488,1.686,686316.9,686.32,38883.51,13283.51,1.801,0.376,-1.282,-1.684,28.000,0.395,1.798,PID
25,1.2500,-0.038,2384.318,1.882,-0.115,-86.051,1.675,86.067,1.678,676731.5,676.73,38872.30,13272.30,1.777,0.460,-1.085,-1.478,0.355,0.369,1.882,PID
26,1.3000,-0.043,2380.026,1.965,-0.102,-85.645,1.667,85.662,1.670,667407.6,667.41,38861.29,13261.29,1.753,0.536,-0.891,-1.276,0.347,0.361,1.966,PID
27,1.3500,-0.048,2375.753,2.048,-0.089,-85.252,1.660,85.268,1.662,658267.3,658.27,38850.43,13250.43,1.729,0.603,-0.710,-1.086,0.319,0.333,2.049,PID
28,1.4000,-0.052,2371.500,2.131,-0.075,-84.870,1.652,84.886,1.654,649408.8,649.41,38839.72,13239.72,1.706,0.659,-0.544,-0.912,0.289,0.303,2.132,PID
29,1.4500,-0.056,2367.266,2.214,-0.061,-84.499,1.645,84.515,1.646,640820.7,640.82,38829.15,13229.15,1.684,0.705,-0.393,-0.753,0.267,0.281,2.214,PID
30,1.5000,-0.058,2363.050,2.296,-0.047,-84.139,1.637,84.155,1.638,632491.7,632.49,38818.72,13218.72,1.663,0.742,-0.257,-0.609,0.236,0.251,2.296,PID
31,1.5500,-0.060,2358.852,2.377,-0.034,-83.790,1.630,83.806,1.630,624383.3,624.38,38808.42,13208.42,1.642,0.771,-0.136,-0.480,0.221,0.235,2.378,PID
32,1.6000,-0.062,2354.671,2.459,-0.020,-83.451,1.623,83.467,1.623,616512.8,616.51,38798.26,13198.26,1.622,0.791,-0.030,-0.365,0.193,0.207,2.459,PID
33,1.6500,-0.062,2350.507,2.540,-0.007,-83.122,1.617,83.137,1.617,608869.6,608.87,38788.22,13188.22,1.602,0.806,0.065,-0.263,0.178,0.192,2.540,PID
34,1.7000,-0.062,2346.359,2.620,0.006,-82.802,1.611,82.818,1.611,601471.8,601.47,38778.30,13178.30,1.583,0.814,0.148,-0.172,0.149,0.163,2.621,PID
35,1.7500,-0.062,2342.227,2.701,0.019,-82.492,1.605,82.508,1.605,594281.9,594.28,38768.51,13168.51,1.564,0.818,0.221,-0.092,0.142,0.157,2.701,PID
36,1.8000,-0.061,2338.110,2.781,0.031,-82.192,1.600,82.207,1.600,587290.9,587.29,38758.83,13158.83,1.546,0.817,0.283,-0.022,0.122,0.136,2.782,PID
37,1.8500,-0.059,2334.007,2.861,0.043,-81.900,1.595,81.915,1.596,580517.2,580.52,38749.26,13149.26,1.529,0.812,0.338,0.040,0.112,0.127,2.861,PID
38,1.9000,-0.056,2329.919,2.940,0.055,-81.616,1.591,81.632,1.592,573951.9,573.95,38739.80,13139.80,1.512,0.804,0.385,0.094,0.089,0.103,2.941,PID
39,1.9500,-0.053,2325.845,3.020,0.066,-81.341,1.587,81.357,1.588,567558.6,567.56,38730.45,13130.45,1.495,0.794,0.425,0.142,0.088,0.102,3.020,PID
40,2.0000,-0.050,2321.785,3.099,0.077,-81.074,1.584,81.090,1.585,561357.1,561.36,38721.21,13121.21,1.479,0.782,0.460,0.183,0.073,0.087,3.099,PID
41,2.0500,-0.045,2317.738,3.178,0.088,-80.815,1.581,80.831,1.583,555339.2,555.34,38712.06,13112.06,1.464,0.768,0.489,0.220,0.058,0.072,3.178,PID
42,2.1000,-0.041,2313.704,3.257,0.098,-80.564,1.578,80.579,1.581,549496.9,549.50,38703.01,13103.01,1.449,0.753,0.514,0.252,0.053,0.067,3.257,PID
43,2.1500,-0.036,2309.681,3.336,0.108,-80.320,1.576,80.335,1.580,543822.9,543.82,38694.05,13094.05,1.434,0.737,0.535,0.280,0.048,0.062,3.336,PID
44,2.2000,-0.030,2305.671,3.415,0.118,-80.083,1.574,80.099,1.579,538337.3,538.34,38685.19,13085.19,1.420,0.720,0.553,0.305,0.030,0.044,3.415,PID
45,2.2500,-0.024,2301.673,3.493,0.127,-79.853,1.573,79.869,1.578,532977.9,532.98,38676.41,13076.41,1.406,0.703,0.569,0.328,0.037,0.051,3.494,PID
46,2.3000,-0.017,2297.686,3.573,0.136,-79.666,1.571,79.681,1.576,549174.2,549.17,38667.54,13067.54,1.449,0.686,0.650,0.348,28.000,0.051,3.573,PID
47,2.3500,-0.010,2293.707,3.652,0.144,-79.498,1.606,79.514,1.613,557175.4,557.18,38658.61,13058.61,1.471,0.669,-0.677,0.365,-28.000,0.028,3.652,PID
48,2.4000,-0.003,2289.736,3.731,0.152,-79.327,1.603,79.343,1.610,540959.6,540.96,38649.75,13049.75,1.428,0.650,-0.582,0.379,-0.339,0.032,3.731,PID
49,2.4500,0.005,2285.774,3.811,0.159,-79.165,1.605,79.181,1.612,538912.1,538.91,38641.02,13041.03,1.423,0.631,-0.646,0.388,-28.000,0.027,3.811,PID
50,2.5000,0.013,2281.819,3.890,0.166,-79.003,1.601,79.019,1.610,533359.4,533.36,38632.30,13032.29,1.409,0.611,-0.549,0.394,-0.318,0.016,3.890,PID
51,2.5500,0.021,2277.873,3.969,0.172,-78.855,1.569,78.871,1.578,531313.9,531.31,38623.66,13023.66,1.404,0.591,0.631,0.398,28.000,0.008,3.969,PID
52,2.6000,0.030,2273.933,4.049,0.178,-78.704,1.569,78.720,1.579,537865.7,537.87,38615.08,13015.08,1.421,0.571,0.607,0.398,28.000,-0.002,4.049,PID
53,2.6500,0.039,2270.002,4.128,0.184,-78.557,1.569,78.573,1.580,534202.7,534.20,38606.56,13006.56,1.412,0.551,0.598,0.396,28.000,-0.012,4.128,PID
54,2.7000,0.049,2266.078,4.207,0.190,-78.419,1.602,78.436,1.614,530394.6,530.39,38598.06,12998.06,1.402,0.532,-0.645,0.392,-28.000,-0.023,4.207,PID
55,2.7500,0.058,2262.160,4.286,0.195,-78.286,1.568,78.302,1.580,515423.3,515.42,38589.63,12989.63,1.363,0.512,0.606,0.386,28.000,-0.014,4.287,PID
56,2.8000,0.068,2258.249,4.366,0.200,-78.151,1.568,78.167,1.580,514135.3,514.14,38581.28,12981.28,1.360,0.493,0.596,0.379,28.000,-0.002,4.366,PID
57,2.8500,0.078,2254.345,4.445,0.205,-78.024,1.601,78.041,1.614,520535.1,520.54,38572.94,12972.94,1.377,0.474,-0.639,0.370,-28.000,-0.034,4.446,PID
58,2.9000,0.089,2250.447,4.524,0.210,-77.902,1.567,77.918,1.581,506039.4,506.04,38564.66,12964.66,1.339,0.456,0.591,0.359,28.000,-0.045,4.525,PID
59,2.9500,0.099,2246.555,4.603,0.214,-77.769,1.596,77.786,1.611,505271.5,505.27,38556.45,12956.45,1.337,0.439,-0.505,0.348,-0.255,-0.028,4.604,PID
60,3.0000,0.110,2242.670,4.682,0.218,-77.648,1.596,77.664,1.611,501926.3,501.93,38548.30,12948.30,1.329,0.422,-0.524,0.336,-0.245,-0.036,4.684,PID
61,3.0500,0.121,2238.790,4.761,0.222,-77.537,1.565,77.553,1.581,497427.1,497.43,38540.20,12940.19,1.317,0.405,0.593,0.323,28.000,-0.025,4.763,PID
62,3.1000,0.132,2234.916,4.840,0.226,-77.422,1.565,77.439,1.581,496287.5,496.29,38532.13,12932.13,1.314,0.389,0.584,0.309,28.000,-0.061,4.842,PID
63,3.1500,0.144,2231.048,4.919,0.229,-77.310,1.565,77.327,1.582,503102.2,503.10,38524.11,12924.11,1.333,0.374,0.563,0.296,28.000,-0.042,4.922,PID
64,3.2000,0.155,2227.185,4.998,0.232,-77.207,1.597,77.224,1.614,500144.1,500.14,38516.11,12916.11,1.325,0.360,-0.609,0.282,-28.000,-0.021,5.001,PID
65,3.2500,0.167,2223.327,5.077,0.235,-77.107,1.564,77.123,1.582,486625.0,486.63,38508.15,12908.15,1.290,0.346,0.573,0.267,28.000,-0.028,5.080,PID
66,3.3000,0.179,2219.475,5.156,0.238,-76.998,1.595,77.015,1.613,495348.8,495.35,38500.28,12900.28,1.313,0.333,-0.569,0.252,-28.000,-0.034,5.160,PID
67,3.3500,0.191,2215.627,5.235,0.241,-76.904,1.563,76.920,1.582,483454.3,483.45,38492.41,12892.41,1.282,0.321,0.587,0.237,28.000,-0.041,5.239,PID
68,3.4000,0.203,2211.785,5.314,0.244,-76.799,1.592,76.816,1.611,481115.8,481.12,38484.59,12884.59,1.276,0.310,-0.505,0.223,-0.228,-0.042,5.318,PID
69,3.4500,0.215,2207.947,5.393,0.246,-76.712,1.563,76.728,1.582,477189.3,477.19,38476.82,12876.82,1.266,0.299,0.567,0.209,28.000,-0.018,5.398,PID
70,3.5000,0.228,2204.114,5.472,0.249,-76.614,1.593,76.631,1.612,485596.4,485.60,38469.11,12869.11,1.288,0.289,-0.556,0.195,-28.000,-0.022,5.477,PID
71,3.5500,0.240,2200.285,5.551,0.251,-76.529,1.563,76.545,1.583,473490.5,473.49,38461.40,12861.40,1.256,0.280,0.511,0.181,26.906,-0.026,5.556,PID
72,3.6000,0.253,2196.461,5.630,0.254,-76.447,1.565,76.463,1.585,468741.1,468.74,38453.70,12853.70,1.244,0.271,0.448,0.167,26.053,-0.069,5.636,PID
73,3.6500,0.265,2192.641,5.709,0.256,-76.361,1.590,76.378,1.610,464576.8,464.58,38446.07,12846.07,1.233,0.262,-0.486,0.154,-25.571,-0.034,5.715,PID
74,3.7000,0.278,2188.825,5.788,0.258,-76.278,1.590,76.295,1.611,461848.4,461.85,38438.48,12838.48,1.226,0.256,-0.520,0.143,-24.882,0.004,5.794,PID
75,3.7500,0.291,2185.013,5.866,0.260,-76.192,1.564,76.209,1.586,460052.0,460.05,38430.94,12830.94,1.222,0.249,0.408,0.131,23.920,-0.039,5.874,PID
76,3.8000,0.304,2181.205,5.945,0.262,-76.108,1.588,76.125,1.609,455798.8,455.80,38423.46,12823.46,1.210,0.242,-0.460,0.119,-23.636,-0.042,5.953,PID
77,3.8500,0.317,2177.402,6.024,0.264,-76.023,1.564,76.040,1.586,455931.6,455.93,38416.01,12816.01,1.211,0.237,0.402,0.109,22.721,-0.001,6.032,PID
78,3.9000,0.331,2173.603,6.103,0.266,-75.941,1.586,75.958,1.609,435769.3,435.77,38408.61,12808.61,1.158,0.232,-0.447,0.099,-22.566,-0.002,6.112,PID
79,3.9500,0.344,2169.808,6.181,0.268,-75.859,1.564,75.875,1.586,456139.3,456.14,38401.23,12801.24,1.212,0.227,0.377,0.088,21.788,-0.048,6.191,PID
80,4.0000,0.357,2166.017,6.260,0.270,-75.779,1.585,75.796,1.608,432343.5,432.34,38393.92,12793.92,1.149,0.223,-0.428,0.079,-21.697,-0.050,6.270,PID
81,4.0500,0.371,2162.229,6.339,0.272,-75.698,1.564,75.715,1.588,444327.7,444.33,38386.61,12786.61,1.181,0.219,0.318,0.071,-0.076,-0.005,6.349,PID
82,4.1000,0.385,2158.447,6.417,0.273,-75.622,1.584,75.639,1.607,439570.0,439.57,38379.37,12779.37,1.169,0.216,-0.409,0.063,-21.010,-0.052,6.429,PID
83,4.1500,0.398,2154.667,6.496,0.275,-75.546,1.563,75.562,1.587,441842.8,441.84,38372.14,12772.14,1.175,0.213,0.328,0.056,20.376,-0.006,6.508,PID
84,4.2000,0.412,2150.892,6.575,0.277,-75.471,1.583,75.489,1.607,437885.2,437.89,38364.96,12764.96,1.165,0.210,-0.413,0.049,-20.435,-0.006,6.587,PID
85,4.2501,0.426,2147.120,6.653,0.279,-75.397,1.582,75.414,1.606,424042.2,424.04,38357.83,12757.83,1.128,0.207,-0.398,0.043,-20.255,-0.006,6.667,PID
86,4.3001,0.440,2143.352,6.732,0.280,-75.325,1.562,75.341,1.587,440003.8,440.00,38350.70,12750.70,1.171,0.206,0.308,0.036,19.701,-0.055,6.746,PID
87,4.3501,0.454,2139.588,6.810,0.282,-75.256,1.581,75.273,1.606,431834.4,431.83,38343.61,12743.61,1.149,0.204,-0.401,0.033,-19.889,-0.006,6.825,PID
88,4.4001,0.468,2135.827,6.889,0.284,-75.186,1.581,75.203,1.606,419240.7,419.24,38336.56,12736.56,1.116,0.203,-0.391,0.027,-19.704,-0.006,6.905,PID
89,4.4501,0.482,2132.069,6.967,0.286,-75.119,1.562,75.136,1.587,430387.7,430.39,38329.52,12729.52,1.146,0.202,0.292,0.024,19.285,-0.005,6.984,PID
90,4.5001,0.497,2128.315,7.046,0.287,-75.053,1.561,75.069,1.587,432482.4,432.48,38322.52,12722.53,1.152,0.201,0.300,0.020,19.192,-0.005,7.063,PID
91,4.5501,0.511,2124.563,7.124,0.289,-74.990,1.579,75.007,1.605,423329.8,423.33,38315.55,12715.55,1.127,0.200,-0.388,0.017,-19.422,-0.004,7.142,PID
92,4.6001,0.526,2120.815,7.202,0.291,-74.927,1.579,74.944,1.605,413244.3,413.24,38308.61,12708.61,1.101,0.199,-0.382,0.014,-19.327,-0.004,7.222,PID
93,4.6501,0.540,2117.071,7.281,0.293,-74.867,1.560,74.884,1.587,423905.2,423.91,38301.68,12701.68,1.129,0.198,0.277,0.011,18.908,-0.003,7.301,PID
94,4.7001,0.555,2113.329,7.359,0.294,-74.807,1.560,74.824,1.587,426106.5,426.11,38294.79,12694.79,1.135,0.198,0.284,0.010,18.908,-0.003,7.380,PID
95,4.7501,0.570,2109.590,7.438,0.296,-74.749,1.560,74.765,1.587,418915.5,418.92,38287.91,12687.91,1.116,0.197,0.270,0.008,-0.083,-0.002,7.459,PID
96,4.8001,0.585,2105.854,7.516,0.298,-74.695,1.577,74.712,1.605,415856.0,415.86,38281.07,12681.07,1.108,0.197,-0.374,0.007,-19.136,-0.001,7.539,PID
97,4.8501,0.600,2102.121,7.594,0.300,-74.641,1.576,74.658,1.604,406476.7,406.48,38274.25,12674.25,1.084,0.197,-0.371,0.007,-19.136,-0.001,7.618,PID
98,4.9001,0.615,2098.390,7.673,0.301,-74.589,1.558,74.606,1.587,416652.3,416.65,38267.44,12667.44,1.111,0.196,0.269,0.005,18.717,0.000,7.697,PID
99,4.9501,0.630,2094.662,7.751,0.303,-74.537,1.558,74.554,1.587,418892.8,418.89,38260.66,12660.66,1.117,0.196,0.274,0.005,18.717,0.001,7.776,PID
100,5.0001,0.645,2090.936,7.829,0.305,-74.486,1.558,74.503,1.587,412122.6,412.12,38253.90,12653.90,1.099,0.196,0.262,0.005,-0.083,0.001,7.856,PID
101,5.0501,0.660,2087.213,7.907,0.306,-74.440,1.574,74.457,1.604,409237.5,409.24,38247.16,12647.16,1.092,0.196,-0.370,0.006,-19.040,0.002,7.935,PID
102,5.1001,0.675,2083.492,7.985,0.308,-74.393,1.574,74.410,1.604,400052.3,400.05,38240.46,12640.46,1.067,0.195,-0.367,0.005,-18.943,0.003,8.014,PID
103,5.1501,0.691,2079.774,8.064,0.310,-74.348,1.556,74.365,1.587,409481.8,409.48,38233.75,12633.75,1.093,0.195,0.258,0.006,18.621,0.004,8.093,PID
104,5.2001,0.706,2076.058,8.142,0.312,-74.304,1.556,74.321,1.587,408993.3,408.99,38227.08,12627.08,1.092,0.195,0.266,0.007,18.621,0.004,8.172,PID
105,5.2501,0.722,2072.344,8.220,0.313,-74.260,1.556,74.277,1.587,406207.3,406.21,38220.41,12620.42,1.084,0.194,0.249,0.007,-0.083,0.005,8.252,PID
106,5.3001,0.738,2068.632,8.298,0.315,-74.218,1.555,74.235,1.587,404739.9,404.74,38213.79,12613.78,1.081,0.194,0.256,0.009,-0.083,0.005,8.331,PID
107,5.3501,0.754,2064.922,8.376,0.317,-74.180,1.572,74.198,1.603,402041.3,402.04,38207.17,12607.17,1.074,0.193,-0.358,0.009,-18.796,-0.045,8.410,PID
108,5.4001,0.769,2061.214,8.454,0.318,-74.141,1.571,74.159,1.603,393312.9,393.31,38200.58,12600.58,1.051,0.193,-0.359,0.011,-18.747,0.007,8.489,PID
109,5.4501,0.785,2057.508,8.532,0.320,-74.105,1.554,74.122,1.587,402449.0,402.45,38193.99,12593.99,1.075,0.192,0.248,0.012,18.329,0.007,8.568,PID
110,5.5001,0.801,2053.803,8.610,0.322,-74.068,1.554,74.085,1.587,402019.3,402.02,38187.43,12587.43,1.074,0.192,0.253,0.014,18.329,0.008,8.648,PID
111,5.5501,0.818,2050.101,8.688,0.323,-74.032,1.553,74.049,1.586,404126.5,404.13,38180.89,12580.89,1.080,0.191,0.254,0.015,18.231,0.008,8.727,PID
112,5.6001,0.834,2046.400,8.766,0.325,-73.996,1.553,74.013,1.587,398308.3,398.31,38174.36,12574.35,1.065,0.190,0.238,0.016,-0.084,0.008,8.806,PID
113,5.6501,0.850,2042.701,8.844,0.327,-73.963,1.553,73.980,1.587,397029.7,397.03,38167.85,12567.85,1.061,0.189,0.241,0.017,-0.134,-0.041,8.885,PID
114,5.7001,0.866,2039.004,8.922,0.328,-73.933,1.568,73.950,1.602,394510.6,394.51,38161.36,12561.36,1.055,0.188,-0.352,0.020,-18.351,0.010,8.964,PID
115,5.7501,0.883,2035.308,9.000,0.330,-73.901,1.568,73.918,1.602,393506.0,393.51,38154.89,12554.89,1.052,0.187,-0.347,0.022,-18.251,0.010,9.043,PID
116,5.8001,0.899,2031.614,9.078,0.332,-73.871,1.567,73.888,1.602,385558.0,385.56,38148.44,12548.44,1.031,0.186,-0.349,0.023,-18.150,0.011,9.123,PID
117,5.8501,0.916,2027.921,9.156,0.333,-73.841,1.567,73.858,1.602,384797.0,384.80,38142.00,12542.00,1.029,0.185,-0.343,0.023,-17.997,-0.043,9.202,PID
118,5.9001,0.933,2024.230,9.234,0.335,-73.812,1.566,73.829,1.602,383922.3,383.92,38135.58,12535.58,1.027,0.183,-0.340,0.025,-17.844,0.011,9.281,PID
119,5.9501,0.950,2020.540,9.312,0.336,-73.784,1.566,73.801,1.602,383098.4,383.10,38129.17,12529.17,1.025,0.182,-0.338,0.026,-17.740,0.011,9.360,PID
120,6.0001,0.966,2016.851,9.390,0.338,-73.757,1.565,73.774,1.601,382241.8,382.24,38122.78,12522.78,1.023,0.181,-0.337,0.028,-17.637,0.011,9.439,PID
121,6.0501,0.983,2013.164,9.467,0.339,-73.731,1.565,73.748,1.601,381435.6,381.44,38116.41,12516.41,1.021,0.179,-0.336,0.030,-17.532,0.012,9.518,PID
122,6.1001,1.000,2009.478,9.545,0.341,-73.705,1.564,73.723,1.601,386820.9,386.82,38110.05,12510.05,1.036,0.178,-0.333,0.030,-17.321,0.011,9.597,PID
123,6.1501,1.017,2005.794,9.623,0.342,-73.681,1.564,73.698,1.601,385836.3,385.84,38103.70,12503.70,1.033,0.177,-0.335,0.032,-17.215,0.012,9.677,PID
124,6.2001,1.035,2002.110,9.701,0.344,-73.654,1.549,73.672,1.587,386139.4,386.14,38097.38,12497.37,1.034,0.175,0.202,0.032,-0.088,0.011,9.756,PID
125,6.2501,1.052,1998.428,9.778,0.345,-73.632,1.548,73.649,1.587,389030.0,389.03,38091.07,12491.07,1.042,0.174,0.204,0.034,16.576,0.012,9.835,PID
126,6.3001,1.069,1994.747,9.856,0.347,-73.610,1.548,73.627,1.587,385709.3,385.71,38084.77,12484.77,1.033,0.171,0.191,0.034,16.358,0.012,9.914,PID
127,6.3501,1.086,1991.067,9.934,0.348,-73.587,1.562,73.604,1.601,382331.4,382.33,38078.49,12478.49,1.024,0.170,-0.332,0.036,-16.562,0.012,9.993,PID
128,6.4001,1.104,1987.388,10.011,0.350,-73.564,1.548,73.582,1.587,386137.4,386.14,38072.23,12472.23,1.035,0.168,0.185,0.036,16.025,0.012,10.072,PID
129,6.4501,1.121,1983.711,10.089,0.351,-73.543,1.561,73.561,1.600,375719.6,375.72,38065.98,12465.99,1.007,0.167,-0.330,0.037,-16.226,0.012,10.151,PID
130,6.5001,1.139,1980.034,10.167,0.352,-73.522,1.547,73.539,1.587,384137.7,384.14,38059.75,12459.75,1.030,0.164,0.173,0.037,15.684,0.011,10.230,PID
131,6.5501,1.157,1976.358,10.244,0.354,-73.502,1.561,73.520,1.600,374310.1,374.31,38053.54,12453.54,1.004,0.162,-0.332,0.039,-15.882,0.012,10.309,PID
132,6.6001,1.174,1972.684,10.322,0.355,-73.482,1.560,73.499,1.600,373578.3,373.58,38047.34,12447.34,1.002,0.161,-0.338,0.038,-15.649,0.011,10.388,PID
133,6.6501,1.192,1969.010,10.399,0.356,-73.462,1.560,73.479,1.600,372591.8,372.59,38041.16,12441.16,0.999,0.158,-0.344,0.038,-15.471,-0.050,10.467,PID
134,6.7001,1.210,1965.338,10.477,0.358,-73.441,1.547,73.458,1.588,372119.9,372.12,38034.98,12434.98,0.998,0.157,0.117,0.039,-0.093,0.011,10.546,PID
135,6.7501,1.228,1961.666,10.554,0.359,-73.422,1.560,73.439,1.601,373355.4,373.36,38028.84,12428.84,1.002,0.155,-0.373,0.039,-15.050,0.011,10.625,PID
136,6.8001,1.246,1957.995,10.632,0.360,-73.400,1.548,73.418,1.589,372573.9,372.57,38022.71,12422.71,1.000,0.153,0.066,0.040,-0.094,0.010,10.704,PID
137,6.8501,1.264,1954.326,10.709,0.361,-73.379,1.548,73.397,1.590,371137.3,371.14,38016.61,12416.61,0.996,0.151,0.036,0.039,-0.094,0.010,10.784,PID
138,6.9001,1.282,1950.657,10.787,0.363,-73.359,1.548,73.376,1.590,370305.3,370.31,38010.52,12410.52,0.994,0.149,0.008,0.040,-0.094,0.010,10.863,PID
139,6.9501,1.300,1946.990,10.864,0.364,-73.338,1.549,73.355,1.591,369485.1,369.49,38004.45,12404.45,0.992,0.147,-0.025,0.039,-0.095,0.010,10.942,PID
140,7.0001,1.318,1943.324,10.942,0.365,-73.317,1.549,73.335,1.592,368693.3,368.69,37998.40,12398.40,0.990,0.145,-0.057,0.040,-0.095,0.010,11.021,PID
141,7.0501,1.337,1939.658,11.019,0.366,-73.298,1.550,73.315,1.592,367929.1,367.93,37992.37,12392.37,0.988,0.143,-0.090,0.039,-0.095,0.009,11.100,PID
142,7.1001,1.355,1935.994,11.096,0.367,-73.279,1.550,73.297,1.593,367164.3,367.16,37986.34,12386.34,0.986,0.141,-0.121,0.040,-0.095,0.009,11.179,PID
143,7.1501,1.373,1932.330,11.174,0.368,-73.262,1.550,73.279,1.593,366426.0,366.43,37980.33,12380.33,0.984,0.140,-0.152,0.040,-0.095,0.009,11.258,PID
144,7.2001,1.392,1928.668,11.251,0.370,-73.245,1.550,73.262,1.594,365686.0,365.69,37974.33,12374.33,0.983,0.140,-0.181,0.043,-0.095,0.010,11.337,PID
145,7.2501,1.410,1925.006,11.329,0.371,-73.229,1.550,73.246,1.594,364971.4,364.97,37968.34,12368.34,0.981,0.140,-0.210,0.046,-0.094,0.010,11.416,PID
146,7.3001,1.429,1921.345,11.407,0.372,-73.214,1.550,73.231,1.594,364281.7,364.28,37962.36,12362.36,0.979,0.141,-0.238,0.049,-0.093,0.011,11.496,PID
147,7.3501,1.448,1917.685,11.484,0.373,-73.200,1.550,73.217,1.595,363616.0,363.62,37956.40,12356.40,0.977,0.143,-0.262,0.057,-0.092,0.012,11.575,PID
148,7.4001,1.466,1914.025,11.562,0.374,-73.187,1.550,73.204,1.594,362946.8,362.95,37950.44,12350.44,0.976,0.147,-0.283,0.067,-0.025,0.079,11.654,PID
149,7.4501,1.485,1910.366,11.639,0.376,-73.174,1.549,73.191,1.594,362300.2,362.30,37944.50,12344.50,0.974,0.152,-0.304,0.077,-0.087,0.017,11.733,PID
150,7.5001,1.504,1906.708,11.716,0.377,-73.162,1.549,73.179,1.594,361676.3,361.68,37938.56,12338.56,0.973,0.158,-0.320,0.092,-0.084,0.020,11.813,PID
151,7.5501,1.523,1903.050,11.794,0.379,-73.151,1.547,73.168,1.593,361075.2,361.08,37932.64,12332.64,0.971,0.166,-0.332,0.111,-0.023,0.081,11.892,PID
152,7.6001,1.542,1899.392,11.871,0.380,-73.141,1.546,73.158,1.592,360467.7,360.47,37926.73,12326.73,0.970,0.175,-0.343,0.131,-0.076,0.028,11.971,PID
153,7.6501,1.561,1895.735,11.948,0.381,-73.131,1.545,73.148,1.591,359881.7,359.88,37920.82,12320.82,0.968,0.185,-0.350,0.154,-0.020,0.084,12.050,PID
154,7.7001,1.580,1892.079,12.026,0.383,-73.122,1.543,73.139,1.590,359316.4,359.32,37914.93,12314.93,0.967,0.196,-0.354,0.181,-0.018,0.086,12.129,PID
155,7.7501,1.599,1888.423,12.103,0.384,-73.113,1.541,73.131,1.589,358771.4,358.77,37909.04,12309.04,0.966,0.207,-0.355,0.210,-0.015,0.089,12.208,PID
156,7.8001,1.618,1884.768,12.180,0.386,-73.106,1.539,73.123,1.587,358218.8,358.22,37903.16,12303.17,0.964,0.220,-0.354,0.241,-0.012,0.092,12.287,PID
157,7.8501,1.638,1881.113,12.257,0.387,-73.099,1.537,73.116,1.585,357685.6,357.69,37897.30,12297.30,0.963,0.233,-0.349,0.277,0.032,0.137,12.366,PID
158,7.9001,1.657,1877.458,12.334,0.389,-73.092,1.534,73.109,1.583,357171.3,357.17,37891.44,12291.44,0.962,0.247,-0.343,0.313,-0.004,0.100,12.444,PID
159,7.9501,1.676,1873.803,12.410,0.390,-73.086,1.532,73.103,1.581,356647.9,356.65,37885.59,12285.59,0.961,0.262,-0.333,0.353,0.037,0.141,12.523,PID
160,8.0001,1.696,1870.149,12.487,0.391,-73.081,1.529,73.098,1.578,356170.2,356.17,37879.75,12279.75,0.959,0.277,-0.319,0.396,0.074,0.178,12.601,PID
161,8.0501,1.715,1866.495,12.563,0.370,-73.103,1.526,73.120,1.570,369922.7,369.92,37873.77,12273.77,0.997,0.292,-0.305,-0.373,0.044,-27.997,12.680,PID
162,8.1001,1.734,1862.839,12.639,0.370,-73.129,1.523,73.145,1.567,366625.7,366.63,37867.75,12267.75,0.988,0.307,-0.289,-0.373,0.048,-28.000,12.758,PID
163,8.1501,1.753,1859.182,12.715,0.370,-73.154,1.519,73.170,1.564,366931.3,366.93,37861.72,12261.72,0.989,0.321,-0.273,-0.381,0.052,-28.000,12.836,PID
164,8.2001,1.772,1855.524,12.791,0.370,-73.178,1.516,73.195,1.560,370150.7,370.15,37855.69,12255.69,0.998,0.335,-0.255,-0.380,0.056,-28.000,12.913,PID
165,8.2501,1.791,1851.865,12.867,0.369,-73.202,1.512,73.219,1.557,367333.3,367.33,37849.66,12249.66,0.990,0.347,-0.236,-0.388,0.060,-28.000,12.991,PID
166,8.3001,1.810,1848.204,12.942,0.369,-73.226,1.509,73.243,1.553,367428.7,367.43,37843.62,12243.62,0.991,0.358,-0.218,-0.383,0.064,-28.000,13.068,PID
167,8.3501,1.829,1844.542,13.018,0.391,-73.246,1.505,73.263,1.555,349783.3,349.78,37837.61,12237.61,0.943,0.368,-0.199,0.403,0.069,28.000,13.146,PID
168,8.4001,1.848,1840.879,13.093,0.391,-73.270,1.501,73.286,1.551,350585.8,350.59,37831.57,12231.57,0.946,0.377,-0.180,0.408,0.073,28.000,13.223,PID
169,8.4501,1.867,1837.215,13.168,0.390,-73.292,1.497,73.308,1.547,367880.8,367.88,37825.52,12225.51,0.992,0.386,-0.161,0.378,0.052,28.000,13.300,PID
170,8.5001,1.886,1833.550,13.243,0.368,-73.311,1.493,73.327,1.538,350194.5,350.19,37819.50,12219.50,0.945,0.394,-0.141,-0.416,0.080,-28.000,13.376,PID
171,8.5501,1.905,1829.884,13.317,0.368,-73.334,1.489,73.350,1.534,350377.8,350.38,37813.45,12213.45,0.945,0.400,-0.122,-0.411,0.060,-28.000,13.453,PID
172,8.6001,1.924,1826.217,13.392,0.369,-73.355,1.485,73.371,1.531,368321.2,368.32,37807.39,12207.39,0.994,0.406,-0.103,-0.385,0.064,-28.000,13.529,PID
173,8.6502,1.943,1822.548,13.466,0.369,-73.377,1.481,73.393,1.527,371635.6,371.64,37801.34,12201.34,1.003,0.410,-0.084,-0.382,0.067,-28.000,13.605,PID
174,8.7002,1.962,1818.879,13.540,0.369,-73.399,1.477,73.414,1.523,368776.0,368.78,37795.28,12195.28,0.996,0.414,-0.066,-0.390,0.070,-28.000,13.681,PID
175,8.7502,1.981,1815.209,13.613,0.369,-73.420,1.473,73.436,1.519,368829.8,368.83,37789.22,12189.22,0.996,0.417,-0.049,-0.385,0.072,-28.000,13.757,PID
176,8.8002,2.000,1811.537,13.687,0.369,-73.441,1.469,73.456,1.515,372129.0,372.13,37783.16,12183.16,1.005,0.419,-0.031,-0.383,0.052,-28.000,13.832,PID
177,8.8502,2.019,1807.865,13.760,0.368,-73.462,1.465,73.477,1.511,369254.3,369.25,37777.09,12177.09,0.997,0.420,-0.014,-0.391,0.055,-28.000,13.908,PID
178,8.9002,2.038,1804.191,13.834,0.369,-73.482,1.461,73.497,1.507,369293.3,369.29,37771.03,12171.03,0.998,0.420,0.002,-0.386,0.056,-28.000,13.983,PID
179,8.9502,2.057,1800.517,13.906,0.369,-73.502,1.457,73.517,1.503,372606.0,372.61,37764.95,12164.96,1.007,0.420,0.018,-0.383,0.058,-28.000,14.058,PID
180,9.0002,2.076,1796.841,13.979,0.368,-73.522,1.453,73.537,1.499,369689.7,369.69,37758.88,12158.88,0.999,0.419,0.032,-0.390,0.059,-28.000,14.132,PID
181,9.0502,2.095,1793.164,14.052,0.368,-73.541,1.449,73.557,1.495,369741.9,369.74,37752.81,12152.81,0.999,0.416,0.047,-0.385,0.060,-28.000,14.207,PID
182,9.1002,2.114,1789.487,14.124,0.368,-73.561,1.445,73.576,1.491,373040.5,373.04,37746.73,12146.73,1.008,0.414,0.060,-0.382,0.038,-28.000,14.281,PID
183,9.1502,2.133,1785.809,14.196,0.368,-73.580,1.441,73.595,1.487,370137.9,370.14,37740.65,12140.65,1.001,0.410,0.073,-0.391,0.038,-28.000,14.355,PID
184,9.2002,2.152,1782.129,14.268,0.368,-73.598,1.437,73.613,1.483,370149.3,370.15,37734.57,12134.57,1.001,0.406,0.085,-0.385,0.038,-28.000,14.429,PID
185,9.2502,2.171,1778.449,14.340,0.390,-73.614,1.433,73.628,1.485,352282.1,352.28,37728.52,12128.52,0.953,0.402,0.096,0.411,0.038,28.000,14.503,PID
186,9.3002,2.189,1774.768,14.411,0.390,-73.632,1.429,73.647,1.481,353058.3,353.06,37722.43,12122.43,0.955,0.397,0.106,0.416,0.037,28.000,14.577,PID
187,9.3502,2.208,1771.086,14.483,0.368,-73.653,1.425,73.668,1.472,373742.7,373.74,37716.31,12116.31,1.011,0.391,0.115,-0.387,0.012,-28.000,14.650,PID
188,9.4002,2.227,1767.403,14.554,0.390,-73.668,1.422,73.682,1.474,352640.4,352.64,37710.26,12110.26,0.954,0.385,0.124,0.413,0.035,28.000,14.723,PID
189,9.4502,2.246,1763.719,14.625,0.390,-73.685,1.418,73.700,1.471,353404.0,353.40,37704.16,12104.16,0.956,0.379,0.131,0.418,0.033,28.000,14.796,PID
190,9.5002,2.265,1760.034,14.696,0.368,-73.706,1.415,73.720,1.462,374103.6,374.10,37698.04,12098.03,1.012,0.372,0.138,-0.386,0.032,-28.000,14.869,PID
191,9.5502,2.284,1756.349,14.766,0.365,-73.715,1.411,73.729,1.458,392841.9,392.84,37691.83,12091.83,1.063,0.365,0.145,-0.468,0.030,-28.000,14.942,PID
192,9.6002,2.303,1752.664,14.837,0.365,-73.715,1.408,73.729,1.454,396904.3,396.90,37685.34,12085.33,1.075,0.358,0.150,-0.466,0.001,-28.000,15.015,PID
193,9.6502,2.322,1748.978,14.907,0.390,-73.707,1.404,73.721,1.457,398498.2,398.50,37678.81,12078.81,1.079,0.350,0.154,0.445,-0.001,0.053,15.087,PID
194,9.7002,2.341,1745.293,14.977,0.391,-73.696,1.401,73.711,1.454,401483.6,401.48,37672.35,12072.35,1.087,0.342,0.159,0.485,0.023,28.000,15.159,PID
195,9.7502,2.360,1741.608,15.047,0.389,-73.680,1.397,73.695,1.451,402880.9,402.88,37665.80,12065.81,1.091,0.334,0.162,0.405,0.021,0.072,15.231,PID
196,9.8002,2.379,1737.924,15.117,0.389,-73.665,1.394,73.679,1.447,404175.3,404.18,37659.27,12059.27,1.095,0.326,0.164,0.413,0.018,0.068,15.303,PID
197,9.8502,2.397,1734.242,15.187,0.364,-73.654,1.391,73.668,1.438,405432.0,405.43,37652.72,12052.72,1.099,0.318,0.165,-0.508,-0.014,-28.000,15.375,PID
198,9.9002,2.416,1730.559,15.256,0.364,-73.635,1.388,73.649,1.435,414638.7,414.64,37646.13,12046.13,1.124,0.310,0.166,-0.499,0.012,-28.000,15.446,PID
199,9.9502,2.435,1726.878,15.325,0.364,-73.614,1.385,73.628,1.432,415876.8,415.88,37639.54,12039.54,1.127,0.301,0.166,-0.496,0.009,-28.000,15.518,PID
200,10.0002,2.454,1723.198,15.395,0.366,-73.590,1.382,73.604,1.430,407781.4,407.78,37632.90,12032.90,1.106,0.293,0.165,-0.424,-0.026,-0.088,15.589,PID
201,10.0502,2.473,1719.519,15.464,0.391,-73.573,1.379,73.587,1.434,409985.6,409.99,37626.27,12026.26,1.112,0.285,0.164,0.496,0.003,27.502,15.660,PID
202,10.1002,2.492,1715.841,15.533,0.391,-73.545,1.377,73.559,1.431,410253.3,410.25,37619.62,12019.62,1.113,0.276,0.163,0.479,-0.034,26.732,15.731,PID
203,10.1502,2.511,1712.164,15.601,0.390,-73.515,1.374,73.529,1.428,417563.0,417.56,37612.96,12012.97,1.133,0.268,0.161,0.452,-0.003,25.939,15.802,PID
204,10.2002,2.530,1708.489,15.670,0.389,-73.481,1.371,73.495,1.425,417264.3,417.26,37606.31,12006.31,1.132,0.260,0.158,0.435,-0.006,25.157,15.873,PID
205,10.2502,2.548,1704.816,15.738,0.365,-73.449,1.369,73.462,1.417,416693.3,416.69,37599.63,11999.63,1.131,0.253,0.155,-0.453,-0.009,-24.493,15.943,PID
206,10.3002,2.567,1701.145,15.807,0.388,-73.413,1.366,73.427,1.420,409226.3,409.23,37592.95,11992.95,1.111,0.245,0.151,0.411,-0.013,23.670,16.014,PID
207,10.3502,2.586,1697.475,15.875,0.388,-73.377,1.364,73.391,1.418,409463.0,409.46,37586.24,11986.24,1.111,0.237,0.147,0.391,-0.016,22.969,16.084,PID
208,10.4002,2.605,1693.807,15.943,0.387,-73.338,1.362,73.352,1.416,409665.6,409.67,37579.53,11979.53,1.112,0.230,0.143,0.370,-0.019,22.246,16.155,PID
209,10.4502,2.624,1690.141,16.011,0.387,-73.297,1.359,73.310,1.413,409838.8,409.84,37572.81,11972.81,1.113,0.223,0.138,0.350,-0.022,21.583,16.225,PID
210,10.5002,2.643,1686.477,16.079,0.386,-73.253,1.357,73.266,1.411,409960.1,409.96,37566.09,11966.09,1.113,0.217,0.133,0.329,-0.025,20.900,16.295,PID
211,10.5502,2.662,1682.816,16.147,0.368,-73.204,1.355,73.217,1.404,409953.4,409.95,37559.38,11959.38,1.114,0.209,0.128,-0.341,-0.028,-20.350,16.365,PID
212,10.6002,2.680,1679.157,16.215,0.367,-73.155,1.353,73.168,1.402,410070.6,410.07,37552.66,11952.66,1.114,0.204,0.123,-0.340,-0.032,-19.714,16.435,PID
213,10.6502,2.699,1675.500,16.282,0.367,-73.104,1.351,73.117,1.400,410232.9,410.23,37545.94,11945.94,1.115,0.198,0.118,-0.341,-0.035,-19.151,16.504,PID
214,10.7002,2.718,1671.846,16.350,0.367,-73.051,1.349,73.064,1.398,410362.8,410.36,37539.21,11939.21,1.115,0.192,0.113,-0.343,0.011,-18.621,16.574,PID
215,10.7502,2.737,1668.195,16.417,0.385,-72.994,1.347,73.007,1.401,410732.0,410.73,37532.49,11932.49,1.116,0.187,0.107,0.306,-0.040,18.007,16.644,PID
216,10.8002,2.756,1664.547,16.484,0.384,-72.937,1.345,72.951,1.399,410645.1,410.65,37525.76,11925.76,1.116,0.181,0.101,0.287,-0.043,17.496,16.713,PID
217,10.8502,2.775,1660.902,16.552,0.368,-72.877,1.343,72.891,1.393,408744.8,408.74,37519.04,11919.04,1.111,0.176,0.096,-0.295,0.007,-17.091,16.783,PID
218,10.9002,2.793,1657.259,16.619,0.368,-72.818,1.341,72.831,1.391,410658.8,410.66,37512.31,11912.31,1.117,0.171,0.091,-0.296,0.006,-16.659,16.852,PID
219,10.9502,2.812,1653.620,16.686,0.368,-72.757,1.340,72.770,1.389,410795.9,410.80,37505.57,11905.57,1.117,0.167,0.085,-0.299,0.005,-16.215,16.921,PID
220,11.0002,2.831,1649.984,16.753,0.383,-72.693,1.338,72.706,1.392,411121.9,411.12,37498.84,11898.84,1.119,0.163,0.079,0.263,-0.054,15.749,16.990,PID
221,11.0502,2.850,1646.351,16.820,0.383,-72.629,1.336,72.643,1.390,411048.3,411.05,37492.11,11892.10,1.119,0.159,0.074,0.247,0.003,15.341,17.059,PID
222,11.1002,2.869,1642.721,16.886,0.369,-72.563,1.334,72.577,1.384,410925.3,410.93,37485.38,11885.37,1.118,0.156,0.069,-0.272,0.002,-15.050,17.128,PID
223,11.1502,2.887,1639.094,16.953,0.382,-72.496,1.333,72.509,1.386,411120.2,411.12,37478.64,11878.64,1.119,0.152,0.065,0.236,0.002,0.028,17.197,PID
224,11.2002,2.906,1635.471,17.020,0.382,-72.430,1.331,72.443,1.385,411247.0,411.25,37471.90,11871.90,1.120,0.149,0.059,0.234,0.001,14.364,17.266,PID
225,11.2502,2.925,1631.852,17.086,0.369,-72.362,1.329,72.375,1.380,410937.2,410.94,37465.17,11865.17,1.119,0.147,0.055,-0.258,0.000,-14.176,17.335,PID
226,11.3002,2.944,1628.235,17.153,0.369,-72.294,1.328,72.307,1.378,411304.6,411.30,37458.43,11858.42,1.120,0.144,0.050,-0.264,0.000,-13.917,17.403,PID
227,11.3502,2.963,1624.622,17.219,0.382,-72.224,1.326,72.237,1.380,411503.4,411.50,37451.69,11851.69,1.121,0.141,0.046,0.218,-0.001,13.585,17.472,PID
228,11.4002,2.981,1621.013,17.285,0.369,-72.153,1.325,72.166,1.375,411243.0,411.24,37444.95,11844.94,1.120,0.138,0.043,-0.251,-0.001,-13.518,17.540,PID
229,11.4502,3.000,1617.407,17.351,0.382,-72.082,1.323,72.095,1.377,412150.4,412.15,37438.20,11838.20,1.123,0.137,0.038,0.216,-0.001,13.179,17.609,PID
230,11.5002,3.019,1613.805,17.417,0.369,-72.011,1.322,72.024,1.372,406513.5,406.51,37431.46,11831.46,1.108,0.136,0.035,-0.245,-0.001,-13.107,17.677,PID
231,11.5502,3.038,1610.206,17.483,0.369,-71.939,1.320,71.953,1.371,411720.8,411.72,37424.71,11824.71,1.122,0.134,0.032,-0.249,-0.001,-12.967,17.745,PID
232,11.6002,3.057,1606.611,17.549,0.381,-71.867,1.318,71.880,1.372,411895.8,411.90,37417.97,11817.97,1.123,0.133,0.029,0.201,-0.001,12.759,17.814,PID
233,11.6502,3.075,1603.019,17.615,0.369,-71.794,1.317,71.807,1.368,411783.1,411.78,37411.22,11811.22,1.123,0.131,0.026,-0.243,-0.001,-12.683,17.882,PID
234,11.7002,3.094,1599.431,17.681,0.381,-71.720,1.315,71.734,1.369,411990.1,411.99,37404.48,11804.48,1.124,0.130,0.023,0.198,-0.001,12.472,17.950,PID
235,11.7502,3.113,1595.847,17.747,0.369,-71.647,1.314,71.660,1.365,411690.5,411.69,37397.73,11797.73,1.123,0.128,0.020,-0.237,-0.002,-12.392,18.018,PID
236,11.8002,3.132,1592.266,17.813,0.381,-71.573,1.312,71.586,1.366,412235.6,412.24,37390.98,11790.98,1.125,0.128,0.019,0.195,-0.001,12.326,18.086,PID
237,11.8502,3.150,1588.690,17.878,0.369,-71.498,1.311,71.511,1.362,411834.2,411.83,37384.23,11784.23,1.124,0.127,0.016,-0.235,-0.001,-12.244,18.154,PID
238,11.9002,3.169,1585.117,17.944,0.380,-71.424,1.309,71.437,1.363,412389.9,412.39,37377.47,11777.47,1.126,0.125,0.016,0.192,-0.001,12.178,18.221,PID
239,11.9502,3.188,1581.547,18.009,0.369,-71.349,1.308,71.362,1.359,412191.6,412.19,37370.72,11770.72,1.125,0.125,0.013,-0.234,-0.001,-12.094,18.289,PID
240,12.0002,3.207,1577.982,18.074,0.380,-71.273,1.306,71.286,1.361,412483.6,412.48,37363.96,11763.96,1.126,0.125,0.013,0.188,0.000,12.028,18.357,PID
241,12.0502,3.225,1574.420,18.140,0.369,-71.198,1.305,71.211,1.356,412272.0,412.27,37357.21,11757.21,1.126,0.124,0.010,-0.233,0.000,-11.942,18.424,PID
242,12.1002,3.244,1570.862,18.205,0.380,-71.122,1.303,71.135,1.358,412493.8,412.49,37350.45,11750.45,1.127,0.124,0.010,0.184,0.000,11.877,18.492,PID
243,12.1502,3.263,1567.308,18.270,0.380,-71.045,1.302,71.058,1.356,412436.2,412.44,37343.70,11743.70,1.127,0.124,0.010,0.184,0.001,0.017,18.559,PID
244,12.2002,3.282,1563.757,18.335,0.368,-70.969,1.300,70.982,1.352,408295.4,408.30,37336.95,11736.95,1.116,0.122,0.008,-0.228,0.000,-11.788,18.626,PID
245,12.2502,3.300,1560.211,18.400,0.380,-70.893,1.299,70.906,1.353,414559.6,414.56,37330.18,11730.18,1.133,0.122,0.008,0.185,0.001,11.723,18.694,PID
246,12.3002,3.319,1556.668,18.465,0.368,-70.816,1.297,70.829,1.349,411673.7,411.67,37323.43,11723.42,1.125,0.122,0.008,-0.228,0.001,-11.788,18.761,PID
247,12.3502,3.338,1553.129,18.530,0.380,-70.740,1.296,70.753,1.350,413164.7,413.16,37316.66,11716.66,1.130,0.122,0.009,0.184,0.002,11.723,18.828,PID
248,12.4002,3.357,1549.594,18.595,0.368,-70.663,1.294,70.676,1.346,412444.6,412.44,37309.90,11709.90,1.128,0.120,0.007,-0.228,0.002,-11.632,18.895,PID
249,12.4502,3.375,1546.063,18.659,0.379,-70.586,1.293,70.598,1.347,412875.3,412.88,37303.14,11703.14,1.129,0.120,0.007,0.179,0.002,11.568,18.962,PID
250,12.5002,3.394,1542.536,18.724,0.379,-70.507,1.291,70.520,1.346,412723.5,412.72,37296.38,11696.38,1.129,0.120,0.008,0.179,0.003,0.016,19.029,PID
251,12.5502,3.413,1539.012,18.788,0.368,-70.430,1.290,70.443,1.341,408713.3,408.71,37289.62,11689.62,1.118,0.120,0.009,-0.227,0.003,-11.632,19.096,PID
252,12.6002,3.431,1535.493,18.853,0.379,-70.353,1.288,70.365,1.343,414669.6,414.67,37282.86,11682.86,1.135,0.119,0.008,0.179,0.003,11.410,19.163,PID
253,12.6502,3.450,1531.977,18.917,0.368,-70.275,1.287,70.288,1.339,412573.8,412.57,37276.09,11676.09,1.129,0.119,0.009,-0.224,0.003,-11.474,19.229,PID
254,12.7002,3.469,1528.465,18.982,0.379,-70.197,1.285,70.210,1.340,413009.6,413.01,37269.33,11669.33,1.131,0.119,0.010,0.177,0.004,11.410,19.296,PID
255,12.7502,3.487,1524.957,19.046,0.368,-70.119,1.284,70.132,1.336,412808.7,412.81,37262.57,11662.57,1.130,0.119,0.011,-0.228,0.004,-11.474,19.362,PID
256,12.8003,3.506,1521.453,19.110,0.368,-70.040,1.283,70.053,1.334,409022.2,409.02,37255.81,11655.81,1.120,0.117,0.010,-0.222,0.004,-11.314,19.429,PID
257,12.8503,3.525,1517.953,19.174,0.379,-69.962,1.281,69.974,1.336,414705.3,414.71,37249.04,11649.04,1.136,0.117,0.012,0.175,0.005,11.250,19.495,PID
258,12.9003,3.544,1514.457,19.238,0.368,-69.883,1.279,69.896,1.331,412672.2,412.67,37242.28,11642.28,1.130,0.117,0.013,-0.223,0.005,-11.314,19.562,PID
259,12.9503,3.562,1510.965,19.302,0.378,-69.804,1.278,69.817,1.333,412973.8,412.97,37235.51,11635.51,1.131,0.115,0.012,0.169,0.005,11.088,19.628,PID
260,13.0003,3.581,1507.477,19.366,0.378,-69.725,1.277,69.738,1.331,414625.0,414.63,37228.75,11628.75,1.136,0.115,0.014,0.174,0.005,11.088,19.694,PID
261,13.0503,3.600,1503.993,19.430,0.368,-69.646,1.275,69.659,1.327,411916.1,411.92,37221.98,11621.99,1.129,0.114,0.013,-0.217,0.005,-10.987,19.760,PID
262,13.1003,3.618,1500.512,19.493,0.378,-69.567,1.274,69.580,1.329,412947.1,412.95,37215.22,11615.22,1.132,0.114,0.015,0.167,0.006,10.923,19.826,PID
263,13.1503,3.637,1497.036,19.557,0.378,-69.487,1.272,69.499,1.327,412736.0,412.74,37208.46,11608.46,1.132,0.114,0.017,0.166,0.006,0.014,19.892,PID
264,13.2003,3.656,1493.563,19.621,0.368,-69.408,1.271,69.420,1.323,411917.3,411.92,37201.70,11601.70,1.130,0.112,0.016,-0.215,0.006,-10.819,19.958,PID
265,13.2503,3.674,1490.095,19.684,0.378,-69.328,1.269,69.341,1.324,412881.1,412.88,37194.93,11594.93,1.132,0.112,0.018,0.163,0.006,10.756,20.024,PID
266,13.3003,3.693,1486.631,19.748,0.378,-69.247,1.268,69.260,1.323,412626.5,412.63,37188.17,11588.17,1.132,0.110,0.017,0.159,0.006,0.013,20.090,PID
267,13.3503,3.712,1483.170,19.811,0.367,-69.168,1.267,69.180,1.319,411879.1,411.88,37181.41,11581.42,1.130,0.110,0.019,-0.214,0.006,-10.649,20.156,PID
268,13.4003,3.730,1479.714,19.874,0.377,-69.088,1.265,69.100,1.320,412607.1,412.61,37174.66,11574.66,1.132,0.108,0.018,0.155,0.006,10.414,20.221,PID
269,13.4503,3.749,1476.261,19.937,0.377,-69.007,1.264,69.020,1.319,412952.8,412.95,37167.90,11567.90,1.133,0.108,0.021,0.158,0.007,10.414,20.287,PID
270,13.5003,3.768,1472.813,20.001,0.377,-68.926,1.262,68.939,1.318,412377.1,412.38,37161.14,11561.14,1.132,0.107,0.020,0.153,0.006,0.012,20.352,PID
271,13.5503,3.786,1469.369,20.064,0.367,-68.846,1.261,68.858,1.313,411640.6,411.64,37154.39,11554.39,1.130,0.105,0.022,-0.209,0.007,-10.301,20.418,PID
272,13.6003,3.805,1465.929,20.127,0.367,-68.765,1.260,68.777,1.312,409273.3,409.27,37147.64,11547.64,1.124,0.105,0.021,-0.206,0.006,-10.122,20.483,PID
273,13.6503,3.824,1462.493,20.190,0.377,-68.684,1.258,68.697,1.314,412625.8,412.63,37140.88,11540.88,1.133,0.103,0.020,0.146,0.006,9.878,20.548,PID
274,13.7003,3.842,1459.061,20.252,0.377,-68.603,1.257,68.615,1.312,413638.6,413.64,37134.13,11534.13,1.136,0.103,0.022,0.146,0.007,9.878,20.614,PID
275,13.7503,3.861,1455.633,20.315,0.377,-68.521,1.256,68.534,1.311,412050.0,412.05,37127.38,11527.37,1.132,0.101,0.021,0.141,0.006,0.010,20.679,PID
276,13.8003,3.879,1452.209,20.378,0.377,-68.440,1.254,68.452,1.310,411899.3,411.90,37120.63,11520.63,1.132,0.101,0.023,0.142,0.007,0.010,20.744,PID
277,13.8503,3.898,1448.789,20.441,0.367,-68.359,1.253,68.371,1.306,411276.8,411.28,37113.88,11513.88,1.131,0.099,0.022,-0.200,0.006,-9.566,20.809,PID
278,13.9003,3.917,1445.373,20.503,0.367,-68.277,1.252,68.290,1.304,411257.1,411.26,37107.13,11507.13,1.131,0.097,0.024,-0.200,0.007,-9.566,20.874,PID
279,13.9503,3.935,1441.962,20.566,0.367,-68.195,1.251,68.208,1.303,411150.5,411.15,37100.39,11500.39,1.131,0.097,0.023,-0.197,0.006,-9.373,20.939,PID
280,14.0003,3.954,1438.554,20.628,0.367,-68.114,1.249,68.126,1.302,409086.7,409.09,37093.64,11493.65,1.125,0.095,0.022,-0.195,0.006,-9.176,21.004,PID
281,14.0503,3.973,1435.151,20.691,0.367,-68.032,1.248,68.044,1.301,411012.1,411.01,37086.90,11486.90,1.131,0.095,0.024,-0.195,0.006,-9.176,21.069,PID
282,14.1003,3.991,1431.751,20.753,0.367,-67.950,1.247,67.962,1.300,410925.3,410.93,37080.16,11480.16,1.131,0.093,0.022,-0.193,0.006,-8.975,21.134,PID
283,14.1503,4.010,1428.356,20.816,0.367,-67.867,1.246,67.880,1.298,410806.6,410.81,37073.42,11473.42,1.130,0.093,0.024,-0.194,0.006,-8.975,21.198,PID
284,14.2003,4.028,1424.964,20.878,0.375,-67.785,1.244,67.797,1.300,411098.9,411.10,37066.68,11466.68,1.131,0.091,0.022,0.118,0.006,0.006,21.263,PID
285,14.2503,4.047,1421.577,20.940,0.375,-67.703,1.243,67.715,1.299,412255.5,412.26,37059.95,11459.95,1.135,0.091,0.024,0.118,0.006,8.709,21.327,PID
286,14.3003,4.066,1418.194,21.002,0.375,-67.620,1.242,67.633,1.297,411275.0,411.28,37053.21,11453.21,1.132,0.088,0.023,0.112,0.005,8.499,21.392,PID
287,14.3503,4.084,1414.815,21.064,0.367,-67.538,1.241,67.550,1.294,408846.2,408.85,37046.48,11446.48,1.126,0.088,0.024,-0.190,0.006,-8.558,21.456,PID
288,14.4003,4.103,1411.440,21.126,0.375,-67.455,1.240,67.467,1.295,410339.9,410.34,37039.75,11439.75,1.130,0.086,0.022,0.107,0.005,0.005,21.521,PID
289,14.4503,4.121,1408.070,21.188,0.375,-67.372,1.238,67.385,1.294,411764.8,411.76,37033.02,11433.02,1.134,0.086,0.024,0.106,0.006,8.283,21.585,PID
290,14.5003,4.140,1404.703,21.250,0.367,-67.289,1.237,67.302,1.291,410211.7,410.21,37026.30,11426.30,1.130,0.084,0.022,-0.185,0.005,-8.120,21.650,PID
291,14.5503,4.159,1401.341,21.312,0.374,-67.207,1.236,67.219,1.292,411412.8,411.41,37019.57,11419.57,1.134,0.084,0.024,0.100,0.005,8.061,21.714,PID
292,14.6003,4.177,1397.982,21.374,0.374,-67.123,1.235,67.136,1.291,409994.9,409.99,37012.85,11412.85,1.130,0.082,0.021,0.095,0.005,0.003,21.778,PID
293,14.6503,4.196,1394.628,21.435,0.374,-67.041,1.234,67.053,1.289,411193.5,411.19,37006.13,11406.13,1.134,0.082,0.023,0.093,0.005,7.834,21.842,PID
294,14.7003,4.214,1391.278,21.497,0.374,-66.957,1.233,66.970,1.288,409745.8,409.75,36999.41,11399.41,1.130,0.079,0.021,0.088,0.004,0.003,21.906,PID
295,14.7503,4.233,1387.933,21.559,0.374,-66.874,1.232,66.886,1.287,409663.5,409.66,36992.70,11392.70,1.130,0.079,0.022,0.087,0.005,0.003,21.970,PID
296,14.8003,4.252,1384.591,21.620,0.367,-66.791,1.231,66.804,1.284,408452.2,408.45,36985.98,11385.98,1.127,0.077,0.019,-0.180,0.004,-7.415,22.034,PID
297,14.8503,4.270,1381.253,21.682,0.366,-66.708,1.230,66.720,1.283,408340.4,408.34,36979.27,11379.27,1.127,0.077,0.021,-0.182,0.004,-7.415,22.098,PID
298,14.9003,4.289,1377.920,21.743,0.366,-66.625,1.229,66.637,1.282,408174.7,408.17,36972.56,11372.56,1.126,0.077,0.022,-0.184,0.005,-7.414,22.162,PID
299,14.9503,4.307,1374.591,21.805,0.373,-66.541,1.228,66.554,1.283,408173.0,408.17,36965.85,11365.85,1.126,0.074,0.019,0.070,0.004,0.001,22.226,PID
300,15.0003,4.326,1371.266,21.866,0.373,-66.458,1.227,66.470,1.282,409245.7,409.25,36959.14,11359.15,1.130,0.074,0.020,0.068,0.004,0.001,22.290,PID
301,15.0503,4.344,1367.945,21.927,0.373,-66.375,1.226,66.387,1.281,410034.6,410.03,36952.44,11352.44,1.132,0.071,0.017,0.060,0.003,6.848,22.353,PID
302,15.1003,4.363,1364.629,21.989,0.373,-66.291,1.225,66.303,1.280,408948.4,408.95,36945.74,11345.74,1.129,0.071,0.019,0.058,0.004,0.000,22.417,PID
303,15.1503,4.381,1361.316,22.050,0.366,-66.208,1.224,66.220,1.277,408323.0,408.32,36939.04,11339.04,1.128,0.071,0.020,-0.188,0.004,-6.904,22.481,PID
304,15.2003,4.400,1358.008,22.111,0.366,-66.124,1.223,66.137,1.276,407975.2,407.98,36932.34,11332.34,1.127,0.069,0.016,-0.186,0.003,-6.634,22.544,PID
305,15.2503,4.419,1354.704,22.172,0.366,-66.041,1.222,66.053,1.275,407874.2,407.87,36925.65,11325.65,1.127,0.069,0.017,-0.188,0.003,-6.634,22.608,PID
306,15.3003,4.437,1351.404,22.233,0.366,-65.957,1.221,65.970,1.274,407775.3,407.78,36918.96,11318.96,1.127,0.069,0.019,-0.190,0.004,-6.634,22.671,PID
307,15.3503,4.456,1348.108,22.294,0.372,-65.874,1.220,65.886,1.275,407925.9,407.93,36912.27,11312.27,1.127,0.066,0.015,0.036,0.003,-0.001,22.735,PID
308,15.4003,4.474,1344.816,22.355,0.372,-65.790,1.219,65.802,1.274,408241.0,408.24,36905.58,11305.58,1.128,0.066,0.016,0.034,0.003,-0.001,22.798,PID
309,15.4503,4.493,1341.529,22.416,0.372,-65.706,1.218,65.719,1.273,407606.2,407.61,36898.89,11298.89,1.127,0.066,0.017,0.032,0.003,-0.001,22.862,PID
310,15.5003,4.511,1338.246,22.477,0.371,-65.623,1.217,65.635,1.272,408007.6,408.01,36892.21,11292.21,1.128,0.066,0.018,0.030,0.004,0.000,22.925,PID
311,15.5503,4.530,1334.967,22.538,0.371,-65.540,1.216,65.552,1.271,407485.1,407.49,36885.53,11285.53,1.127,0.063,0.014,0.023,0.003,-0.001,22.988,PID
312,15.6003,4.548,1331.692,22.598,0.371,-65.456,1.215,65.468,1.270,407185.0,407.19,36878.85,11278.85,1.126,0.063,0.015,0.022,0.003,-0.001,23.052,PID
313,15.6503,4.567,1328.421,22.659,0.371,-65.373,1.214,65.385,1.270,407079.6,407.08,36872.17,11272.17,1.126,0.063,0.016,0.020,0.003,-0.001,23.115,PID
314,15.7003,4.585,1325.155,22.720,0.371,-65.289,1.213,65.301,1.269,406976.3,406.98,36865.49,11265.49,1.126,0.063,0.017,0.018,0.003,-0.001,23.178,PID
315,15.7503,4.604,1321.892,22.780,0.371,-65.206,1.212,65.218,1.268,407424.7,407.42,36858.82,11258.82,1.128,0.059,0.012,0.011,0.002,-0.002,23.241,PID
316,15.8003,4.622,1318.634,22.841,0.371,-65.122,1.211,65.134,1.267,406788.1,406.79,36852.15,11252.15,1.126,0.059,0.013,0.011,0.002,-0.002,23.304,PID
317,15.8503,4.641,1315.380,22.902,0.370,-65.039,1.211,65.051,1.266,406827.3,406.83,36845.48,11245.48,1.126,0.059,0.014,0.009,0.003,-0.002,23.367,PID
318,15.9003,4.659,1312.130,22.962,0.370,-64.956,1.210,64.968,1.265,406580.1,406.58,36838.81,11238.81,1.126,0.059,0.015,0.008,0.003,-0.001,23.430,PID
319,15.9503,4.678,1308.884,23.023,0.365,-64.872,1.209,64.885,1.263,406500.3,406.50,36832.15,11232.15,1.126,0.059,0.016,-0.195,0.003,-5.746,23.493,PID
320,16.0003,4.696,1305.643,23.083,0.370,-64.789,1.208,64.802,1.263,406407.3,406.41,36825.48,11225.48,1.126,0.056,0.011,0.000,0.002,-0.002,23.556,PID
321,16.0503,4.715,1302.405,23.143,0.370,-64.706,1.207,64.718,1.263,406276.3,406.28,36818.82,11218.82,1.126,0.056,0.012,0.000,0.002,-0.002,23.619,PID
322,16.1003,4.733,1299.172,23.204,0.370,-64.623,1.206,64.635,1.262,406229.8,406.23,36812.16,11212.16,1.126,0.056,0.013,-0.001,0.003,-0.002,23.682,PID
323,16.1503,4.752,1295.943,23.264,0.370,-64.540,1.205,64.552,1.261,406102.3,406.10,36805.50,11205.50,1.126,0.056,0.013,-0.002,0.003,-0.002,23.744,PID
324,16.2003,4.770,1292.718,23.324,0.370,-64.457,1.204,64.469,1.260,406004.5,406.00,36798.84,11198.84,1.126,0.056,0.014,-0.002,0.003,-0.001,23.807,PID
325,16.2503,4.789,1289.497,23.384,0.370,-64.374,1.204,64.386,1.259,405881.0,405.88,36792.19,11192.19,1.125,0.052,0.009,-0.009,0.002,-0.003,23.870,PID
326,16.3003,4.807,1286.281,23.445,0.369,-64.291,1.203,64.303,1.258,405814.5,405.81,36785.54,11185.54,1.125,0.052,0.010,-0.010,0.002,-0.002,23.932,PID
327,16.3503,4.826,1283.068,23.505,0.369,-64.208,1.202,64.221,1.258,405666.8,405.67,36778.89,11178.89,1.125,0.052,0.011,-0.011,0.002,-0.002,23.995,PID
328,16.4003,4.844,1279.860,23.565,0.369,-64.126,1.201,64.138,1.257,405631.0,405.63,36772.24,11172.24,1.125,0.052,0.011,-0.011,0.002,-0.002,24.058,PID
329,16.4502,4.863,1276.656,23.625,0.369,-64.043,1.200,64.055,1.256,405500.5,405.50,36765.59,11165.59,1.125,0.052,0.012,-0.012,0.003,-0.002,24.120,PID
330,16.5002,4.881,1273.456,23.685,0.369,-63.961,1.200,63.973,1.255,405413.2,405.41,36758.94,11158.94,1.125,0.052,0.013,-0.012,0.003,-0.002,24.183,PID
331,16.5502,4.900,1270.260,23.745,0.369,-63.878,1.199,63.890,1.254,405341.4,405.34,36752.29,11152.29,1.125,0.052,0.014,-0.013,0.003,-0.001,24.245,PID
332,16.6002,4.918,1267.068,23.805,0.369,-63.796,1.198,63.808,1.254,405243.7,405.24,36745.65,11145.65,1.125,0.048,0.008,-0.020,0.002,-0.003,24.307,PID
333,16.6502,4.937,1263.880,23.865,0.369,-63.713,1.197,63.726,1.253,405161.4,405.16,36739.01,11139.01,1.125,0.048,0.009,-0.021,0.002,-0.002,24.370,PID
334,16.7002,4.955,1260.696,23.924,0.369,-63.631,1.197,63.643,1.252,405066.6,405.07,36732.37,11132.37,1.125,0.048,0.010,-0.022,0.002,-0.002,24.432,PID
335,16.7502,4.973,1257.517,23.984,0.369,-63.549,1.196,63.561,1.251,404986.7,404.99,36725.73,11125.73,1.125,0.048,0.010,-0.022,0.002,-0.002,24.494,PID
336,16.8002,4.992,1254.342,24.044,0.369,-63.467,1.195,63.479,1.251,404908.5,404.91,36719.09,11119.08,1.125,0.048,0.011,-0.023,0.002,-0.002,24.557,PID
337,16.8502,5.010,1251.171,24.104,0.369,-63.385,1.194,63.397,1.250,404818.0,404.82,36712.45,11112.44,1.125,0.048,0.012,-0.024,0.003,-0.002,24.619,PID
338,16.9002,5.029,1248.003,24.163,0.369,-63.303,1.193,63.315,1.249,404715.1,404.72,36705.80,11105.81,1.125,0.048,0.013,-0.024,0.003,-0.001,24.681,PID
339,16.9502,5.047,1244.840,24.223,0.369,-63.221,1.193,63.233,1.248,404668.9,404.67,36699.18,11099.18,1.125,0.048,0.014,-0.025,0.003,-0.001,24.743,PID
340,17.0002,5.066,1241.681,24.283,0.369,-63.139,1.192,63.151,1.248,404568.9,404.57,36692.55,11092.54,1.125,0.048,0.015,-0.025,0.003,-0.001,24.805,PID
341,17.0501,5.084,1238.526,24.342,0.369,-63.057,1.191,63.069,1.247,404483.8,404.48,36685.91,11085.91,1.125,0.048,0.016,-0.025,0.003,-0.001,24.868,PID
342,17.1001,5.103,1235.376,24.402,0.369,-62.975,1.190,62.987,1.246,404427.6,404.43,36679.28,11079.28,1.125,0.048,0.017,-0.026,0.004,-0.001,24.930,PID
343,17.1501,5.121,1232.229,24.461,0.369,-62.893,1.190,62.906,1.246,404317.6,404.32,36672.65,11072.65,1.125,0.048,0.018,-0.026,0.004,-0.001,24.992,PID
344,17.2001,5.140,1229.086,24.521,0.370,-62.811,1.189,62.824,1.245,404250.2,404.25,36666.02,11066.02,1.125,0.044,0.020,-0.026,0.207,0.202,25.054,PID
345,17.2501,5.158,1225.948,24.580,0.370,-62.730,1.188,62.742,1.244,404184.0,404.18,36659.39,11059.39,1.125,0.044,0.021,-0.026,0.207,0.203,25.116,PID
346,17.3001,5.177,1222.813,24.640,0.370,-62.648,1.188,62.660,1.244,404119.3,404.12,36652.77,11052.77,1.125,0.048,0.015,-0.034,-0.200,-0.204,25.177,PID
347,17.3501,5.195,1219.682,24.699,0.370,-62.567,1.187,62.579,1.243,404028.1,404.03,36646.15,11046.15,1.125,0.048,0.016,-0.034,-0.200,-0.204,25.239,PID
348,17.4001,5.214,1216.556,24.758,0.370,-62.485,1.186,62.497,1.242,403951.7,403.95,36639.52,11039.53,1.125,0.044,0.024,-0.027,0.207,0.203,25.301,PID
349,17.4501,5.232,1213.434,24.818,0.370,-62.404,1.185,62.416,1.242,403862.6,403.86,36632.91,11032.90,1.125,0.044,0.026,-0.027,0.208,0.203,25.363,PID
350,17.5001,5.251,1210.315,24.877,0.370,-62.322,1.185,62.334,1.241,403802.2,403.80,36626.28,11026.28,1.125,0.048,0.020,-0.034,-0.199,-0.204,25.425,PID
351,17.5501,5.269,1207.201,24.936,0.371,-62.241,1.184,62.253,1.241,403756.6,403.76,36619.66,11019.66,1.125,0.044,0.028,-0.027,0.208,0.204,25.487,PID
352,17.6001,5.288,1204.091,24.995,0.371,-62.159,1.183,62.172,1.240,403684.5,403.68,36613.04,11013.04,1.125,0.044,0.030,-0.027,0.208,0.204,25.548,PID
353,17.6500,5.306,1200.985,25.054,0.371,-62.078,1.183,62.090,1.240,403585.7,403.59,36606.42,11006.42,1.125,0.048,0.025,-0.034,-0.199,-0.203,25.610,PID
354,17.7000,5.325,1197.883,25.113,0.372,-61.997,1.182,62.009,1.239,403529.4,403.53,36599.80,10999.81,1.125,0.048,0.034,-0.026,0.208,0.204,25.672,PID
355,17.7500,5.343,1194.785,25.173,0.372,-61.915,1.181,61.928,1.238,403446.5,403.45,36593.20,10993.19,1.125,0.048,0.035,-0.026,0.209,0.204,25.733,PID
356,17.8000,5.362,1191.691,25.232,0.372,-61.834,1.181,61.847,1.238,403378.3,403.38,36586.58,10986.58,1.125,0.048,0.030,-0.032,-0.198,-0.202,25.795,PID
357,17.8500,5.381,1188.601,25.291,0.372,-61.753,1.180,61.765,1.237,403311.1,403.31,36579.97,10979.97,1.125,0.048,0.032,-0.032,-0.198,-0.202,25.857,PID
358,17.9000,5.399,1185.516,25.350,0.373,-61.672,1.179,61.684,1.237,403244.7,403.24,36573.36,10973.36,1.125,0.048,0.041,-0.024,0.007,0.002,25.918,PID
359,17.9500,5.418,1182.434,25.409,0.373,-61.591,1.179,61.603,1.236,403165.3,403.17,36566.75,10966.75,1.125,0.048,0.044,-0.023,0.007,0.002,25.980,PID
360,18.0000,5.437,1179.356,25.467,0.374,-61.510,1.178,61.522,1.236,403128.3,403.13,36560.14,10960.14,1.125,0.048,0.046,-0.022,0.007,0.003,26.041,PID
361,18.0500,5.455,1176.283,25.526,0.374,-61.429,1.178,61.441,1.236,403036.9,403.04,36553.53,10953.53,1.125,0.048,0.048,-0.021,0.007,0.003,26.103,PID
362,18.1000,5.474,1173.213,25.585,0.374,-61.348,1.177,61.360,1.235,402973.8,402.97,36546.92,10946.92,1.125,0.048,0.051,-0.020,0.007,0.003,26.164,PID
363,18.1500,5.493,1170.148,25.644,0.375,-61.267,1.177,61.279,1.235,402911.7,402.91,36540.31,10940.31,1.125,0.048,0.053,-0.019,0.008,0.003,26.226,PID
364,18.2000,5.511,1167.087,25.703,0.375,-61.186,1.176,61.198,1.235,402850.3,402.85,36533.71,10933.71,1.125,0.048,0.056,-0.017,0.008,0.003,26.287,PID
365,18.2499,5.530,1164.029,25.762,0.376,-61.105,1.176,61.117,1.234,402776.0,402.78,36527.11,10927.11,1.125,0.048,0.058,-0.016,0.008,0.004,26.349,PID
366,18.2999,5.549,1160.976,25.820,0.376,-61.024,1.175,61.036,1.234,402730.0,402.73,36520.51,10920.51,1.125,0.048,0.061,-0.015,0.008,0.004,26.410,PID
367,18.3499,5.568,1157.927,25.879,0.377,-60.943,1.175,60.956,1.234,402643.5,402.64,36513.91,10913.91,1.125,0.048,0.064,-0.013,0.008,0.004,26.471,PID
368,18.3999,5.587,1154.882,25.938,0.377,-60.863,1.175,60.875,1.234,403028.6,403.03,36507.30,10907.30,1.126,0.048,0.064,-0.012,0.008,0.004,26.533,PID
369,18.4499,5.606,1151.841,25.997,0.377,-60.783,1.174,60.795,1.234,402975.5,402.98,36500.70,10900.70,1.126,0.048,0.063,-0.010,0.008,0.004,26.594,PID
370,18.4999,5.624,1148.804,26.056,0.378,-60.703,1.174,60.716,1.233,403304.3,403.30,36494.09,10894.09,1.127,0.048,0.062,-0.009,4.660,0.005,26.656,PID
371,18.5499,5.643,1145.771,26.114,0.378,-60.623,1.178,60.636,1.238,402352.1,402.35,36487.49,10887.49,1.125,0.048,-0.104,-0.007,-4.682,0.005,26.717,PID
372,18.5999,5.662,1142.741,26.173,0.379,-60.543,1.178,60.556,1.238,402796.5,402.80,36480.89,10880.89,1.126,0.048,-0.112,0.002,-5.056,0.007,26.779,PID
373,18.6499,5.681,1139.716,26.232,0.380,-60.463,1.173,60.476,1.233,403211.3,403.21,36474.29,10874.29,1.128,0.048,0.066,0.004,4.848,0.194,26.840,PID
374,18.6999,5.700,1136.695,26.291,0.380,-60.384,1.178,60.396,1.237,402191.9,402.19,36467.69,10867.69,1.125,0.048,-0.106,-0.001,-4.682,0.005,26.901,PID
375,18.7499,5.719,1133.678,26.349,0.380,-60.304,1.173,60.316,1.233,402648.7,402.65,36461.09,10861.08,1.126,0.048,0.058,0.001,0.009,0.006,26.963,PID
376,18.7999,5.738,1130.665,26.408,0.381,-60.224,1.173,60.236,1.233,402812.3,402.81,36454.48,10854.48,1.127,0.048,0.057,0.003,4.661,0.006,27.024,PID
377,18.8498,5.757,1127.655,26.467,0.381,-60.144,1.172,60.156,1.233,402534.8,402.53,36447.88,10847.88,1.127,0.048,0.057,0.005,0.009,0.006,27.086,PID
378,18.8998,5.776,1124.650,26.525,0.382,-60.064,1.176,60.076,1.237,402060.8,402.06,36441.28,10841.28,1.125,0.048,-0.108,0.007,-4.682,0.006,27.147,PID
379,18.9498,5.795,1121.649,26.584,0.382,-59.984,1.172,59.996,1.232,402448.8,402.45,36434.68,10834.68,1.127,0.048,0.056,0.009,0.009,0.006,27.209,PID
380,18.9998,5.815,1118.652,26.643,0.383,-59.904,1.176,59.916,1.237,401960.8,401.96,36428.09,10828.09,1.126,0.048,-0.109,0.012,-4.682,0.007,27.270,PID
381,19.0498,5.834,1115.659,26.701,0.383,-59.824,1.171,59.836,1.232,402827.2,402.83,36421.49,10821.49,1.128,0.048,0.056,0.014,4.661,0.007,27.331,PID
382,19.0998,5.853,1112.670,26.760,0.384,-59.744,1.171,59.756,1.232,402316.0,402.32,36414.89,10814.89,1.127,0.048,0.056,0.016,0.009,0.007,27.393,PID
383,19.1498,5.872,1109.684,26.819,0.384,-59.664,1.175,59.676,1.236,401814.4,401.81,36408.30,10808.30,1.126,0.048,-0.109,0.019,-4.681,0.007,27.454,PID
384,19.1998,5.891,1106.703,26.877,0.384,-59.583,1.171,59.596,1.232,402553.5,402.55,36401.70,10801.70,1.128,0.044,0.048,0.014,4.254,0.006,27.515,PID
385,19.2498,5.911,1103.726,26.936,0.385,-59.503,1.170,59.516,1.232,402134.1,402.13,36395.11,10795.11,1.127,0.044,0.048,0.016,0.008,0.006,27.577,PID
386,19.2998,5.930,1100.753,26.994,0.385,-59.423,1.170,59.436,1.232,402110.9,402.11,36388.52,10788.52,1.127,0.044,0.048,0.018,0.008,0.006,27.638,PID
387,19.3498,5.949,1097.784,27.053,0.386,-59.343,1.174,59.356,1.236,401660.9,401.66,36381.93,10781.93,1.126,0.044,-0.104,0.020,-4.274,0.006,27.699,PID
388,19.3998,5.968,1094.819,27.112,0.386,-59.263,1.174,59.276,1.235,401624.7,401.62,36375.34,10775.34,1.126,0.044,-0.104,0.022,-4.274,0.006,27.761,PID
389,19.4497,5.988,1091.857,27.170,0.386,-59.182,1.173,59.195,1.235,401572.1,401.57,36368.75,10768.75,1.126,0.040,-0.097,0.016,-3.824,0.005,27.822,PID
390,19.4997,6.007,1088.900,27.229,0.387,-59.102,1.169,59.115,1.231,401531.9,401.53,36362.16,10762.16,1.126,0.040,0.038,0.017,0.006,0.005,27.883,PID
391,19.5497,6.026,1085.947,27.287,0.387,-59.022,1.169,59.035,1.231,401781.6,401.78,36355.58,10755.58,1.127,0.040,0.037,0.019,0.006,0.005,27.945,PID
392,19.5997,6.046,1082.998,27.346,0.387,-58.941,1.169,58.954,1.231,401959.9,401.96,36348.99,10748.99,1.128,0.040,0.037,0.021,3.805,0.005,28.006,PID
393,19.6497,6.065,1080.053,27.404,0.388,-58.861,1.172,58.874,1.235,401532.2,401.53,36342.41,10742.41,1.127,0.040,-0.098,0.023,-3.824,0.005,28.067,PID
394,19.6997,6.085,1077.112,27.462,0.388,-58.781,1.168,58.794,1.231,401615.0,401.62,36335.82,10735.82,1.127,0.034,0.027,0.015,0.004,0.003,28.128,PID
395,19.7497,6.104,1074.175,27.521,0.388,-58.700,1.168,58.713,1.231,401320.6,401.32,36329.24,10729.24,1.127,0.034,0.027,0.016,0.004,0.003,28.190,PID
396,19.7997,6.123,1071.242,27.579,0.389,-58.620,1.171,58.633,1.234,401316.0,401.32,36322.66,10722.66,1.127,0.034,-0.091,0.017,-3.312,0.004,28.251,PID
397,19.8497,6.143,1068.313,27.638,0.389,-58.539,1.168,58.552,1.231,401616.8,401.62,36316.08,10716.08,1.128,0.034,0.025,0.019,3.294,0.004,28.312,PID
398,19.8997,6.162,1065.388,27.696,0.389,-58.459,1.167,58.472,1.230,401394.5,401.39,36309.50,10709.50,1.128,0.034,0.025,0.020,0.005,0.004,28.373,PID
399,19.9497,6.182,1062.467,27.755,0.390,-58.378,1.167,58.391,1.230,401101.8,401.10,36302.92,10702.92,1.127,0.034,0.025,0.021,0.005,0.004,28.435,PID
400,19.9997,6.201,1059.550,27.813,0.390,-58.298,1.167,58.311,1.230,401055.9,401.06,36296.34,10696.34,1.127,0.028,0.014,0.011,0.002,0.002,28.496,PID
401,20.0496,6.221,1056.637,27.871,0.390,-58.218,1.169,58.231,1.233,401075.2,401.08,36289.77,10689.77,1.127,0.028,-0.082,0.012,-2.706,0.002,28.557,PID
402,20.0996,6.240,1053.729,27.930,0.390,-58.137,1.166,58.150,1.230,400960.1,400.96,36283.19,10683.19,1.127,0.028,0.014,0.013,0.002,0.002,28.618,PID
403,20.1496,6.260,1050.824,27.988,0.390,-58.056,1.166,58.070,1.230,400966.4,400.97,36276.62,10676.62,1.127,0.028,0.014,0.013,0.003,0.002,28.679,PID
404,20.1996,6.279,1047.923,28.046,0.391,-57.976,1.166,57.989,1.230,401003.8,401.00,36270.05,10670.05,1.128,0.028,0.013,0.014,0.003,0.002,28.741,PID
405,20.2496,6.299,1045.026,28.105,0.391,-57.896,1.166,57.909,1.229,400832.3,400.83,36263.47,10663.47,1.127,0.028,0.013,0.015,0.003,0.002,28.802,PID
406,20.2996,6.318,1042.133,28.163,0.391,-57.815,1.168,57.828,1.232,400785.2,400.79,36256.90,10656.90,1.128,0.028,-0.082,0.015,-2.705,0.002,28.863,PID
407,20.3496,6.338,1039.244,28.221,0.391,-57.735,1.165,57.748,1.229,400672.2,400.67,36250.33,10650.33,1.127,0.028,0.013,0.016,0.003,0.002,28.924,PID
408,20.3996,6.357,1036.360,28.279,0.391,-57.654,1.165,57.667,1.229,400694.8,400.69,36243.76,10643.76,1.128,0.028,0.013,0.017,0.003,0.002,28.985,PID
409,20.4496,6.377,1033.479,28.338,0.391,-57.574,1.165,57.587,1.229,400773.8,400.77,36237.18,10637.18,1.128,0.020,-0.001,0.004,1.899,-0.001,29.046,PID
410,20.4996,6.397,1030.602,28.396,0.391,-57.493,1.165,57.506,1.229,400560.9,400.56,36230.62,10630.62,1.128,0.020,-0.001,0.003,0.000,-0.001,29.108,PID
411,20.5496,6.416,1027.730,28.454,0.392,-57.413,1.164,57.426,1.229,400513.2,400.51,36224.05,10624.06,1.128,0.020,-0.001,0.003,0.000,-0.001,29.169,PID
412,20.5996,6.436,1024.861,28.512,0.392,-57.332,1.164,57.346,1.228,400451.9,400.45,36217.49,10617.49,1.128,0.020,-0.001,0.003,0.000,0.000,29.230,PID
413,20.6495,6.455,1021.997,28.571,0.392,-57.252,1.164,57.265,1.228,400391.6,400.39,36210.93,10610.93,1.128,0.020,-0.001,0.003,0.000,0.000,29.291,PID
414,20.6995,6.475,1019.136,28.629,0.392,-57.172,1.164,57.185,1.228,400359.1,400.36,36204.37,10604.37,1.128,0.020,-0.001,0.003,0.000,0.000,29.352,PID
415,20.7495,6.495,1016.280,28.687,0.392,-57.091,1.163,57.104,1.228,400285.6,400.29,36197.80,10597.81,1.128,0.020,-0.001,0.003,0.000,0.000,29.413,PID
416,20.7995,6.514,1013.427,28.745,0.393,-57.011,1.163,57.024,1.228,400240.3,400.24,36191.24,10591.24,1.128,0.020,-0.001,0.003,0.000,0.000,29.474,PID
417,20.8495,6.534,1010.578,28.803,0.393,-56.930,1.163,56.944,1.227,400195.2,400.20,36184.68,10584.68,1.128,0.020,-0.001,0.003,0.000,0.000,29.535,PID
418,20.8995,6.553,1007.734,28.861,0.393,-56.850,1.162,56.863,1.227,400123.2,400.12,36178.12,10578.12,1.128,0.020,-0.001,0.002,0.000,0.000,29.596,PID
419,20.9495,6.573,1004.893,28.920,0.393,-56.770,1.162,56.783,1.227,400092.7,400.09,36171.55,10571.56,1.128,0.020,-0.001,0.003,0.000,0.000,29.657,PID
420,20.9995,6.593,1002.057,28.978,0.393,-56.689,1.162,56.703,1.227,400021.5,400.02,36164.99,10564.99,1.128,0.020,0.000,0.003,0.001,0.000,29.718,PID
421,21.0495,6.612,999.225,29.036,0.393,-56.609,1.162,56.622,1.226,399978.0,399.98,36158.44,10558.44,1.128,0.020,0.000,0.003,0.001,0.000,29.779,PID
422,21.0995,6.632,996.396,29.094,0.394,-56.529,1.161,56.542,1.226,399935.1,399.94,36151.88,10551.88,1.128,0.020,0.000,0.003,0.001,0.000,29.840,PID
423,21.1495,6.652,993.572,29.152,0.394,-56.448,1.161,56.462,1.226,399864.8,399.86,36145.33,10545.33,1.128,0.020,0.000,0.003,0.001,0.000,29.901,PID
424,21.1995,6.671,990.751,29.210,0.394,-56.368,1.161,56.381,1.226,399822.7,399.82,36138.78,10538.78,1.129,0.020,0.001,0.003,0.001,0.000,29.962,PID
425,21.2494,6.691,987.935,29.268,0.394,-56.288,1.161,56.301,1.226,399780.8,399.78,36132.23,10532.22,1.129,0.020,0.001,0.003,0.001,0.001,30.023,PID
426,21.2994,6.711,985.123,29.326,0.394,-56.207,1.160,56.221,1.225,399725.4,399.73,36125.67,10525.67,1.129,0.020,0.001,0.003,0.001,0.001,30.084,PID
427,21.3494,6.731,982.314,29.384,0.394,-56.127,1.160,56.141,1.225,399684.3,399.68,36119.12,10519.12,1.129,0.020,0.002,0.004,0.001,0.001,30.145,PID
428,21.3994,6.750,979.510,29.442,0.395,-56.047,1.160,56.060,1.225,399615.8,399.62,36112.57,10512.57,1.129,0.020,0.002,0.004,0.001,0.001,30.206,PID
429,21.4494,6.770,976.709,29.500,0.395,-55.967,1.159,55.980,1.225,399588.9,399.59,36106.02,10506.01,1.129,0.020,0.003,0.004,0.001,0.001,30.267,PID
430,21.4994,6.790,973.913,29.558,0.395,-55.887,1.159,55.900,1.225,399507.2,399.51,36099.46,10499.46,1.129,0.020,0.003,0.005,0.001,0.001,30.328,PID
431,21.5494,6.810,971.121,29.616,0.395,-55.806,1.159,55.820,1.224,399467.3,399.47,36092.91,10492.91,1.129,0.020,0.004,0.005,0.001,0.001,30.389,PID
432,21.5994,6.829,968.333,29.674,0.395,-55.726,1.159,55.740,1.224,399387.7,399.39,36086.36,10486.36,1.129,0.020,0.004,0.005,0.002,0.001,30.450,PID
433,21.6494,6.849,965.548,29.732,0.395,-55.646,1.158,55.659,1.224,399348.2,399.35,36079.81,10479.81,1.129,0.020,0.004,0.006,0.002,0.001,30.510,PID
434,21.6994,6.869,962.768,29.790,0.396,-55.566,1.158,55.579,1.224,399324.3,399.32,36073.27,10473.27,1.129,0.020,0.004,0.006,0.002,0.001,30.571,PID
435,21.7494,6.889,959.992,29.848,0.396,-55.486,1.158,55.499,1.224,399368.8,399.37,36066.73,10466.73,1.129,0.020,0.004,0.007,1.901,0.001,30.632,PID
436,21.7994,6.908,957.219,29.905,0.396,-55.405,1.157,55.419,1.223,399220.6,399.22,36060.18,10460.18,1.129,0.020,0.005,0.007,0.002,0.001,30.693,PID
437,21.8493,6.928,954.451,29.963,0.396,-55.325,1.157,55.339,1.223,399169.8,399.17,36053.64,10453.64,1.129,0.020,0.005,0.008,0.002,0.002,30.754,PID
438,21.8993,6.948,951.687,30.021,0.396,-55.245,1.157,55.259,1.223,399160.7,399.16,36047.10,10447.10,1.130,0.020,0.005,0.008,0.002,0.002,30.815,PID
439,21.9493,6.968,948.927,30.079,0.396,-55.165,1.158,55.179,1.224,399081.5,399.08,36040.55,10440.55,1.129,0.020,-0.062,0.009,-1.913,0.002,30.875,PID
440,21.9993,6.988,946.170,30.137,0.397,-55.085,1.156,55.099,1.222,399017.7,399.02,36034.01,10434.01,1.130,0.020,0.006,0.009,0.002,0.002,30.936,PID
441,22.0493,7.008,943.418,30.195,0.397,-55.005,1.156,55.018,1.222,398967.8,398.97,36027.47,10427.47,1.130,0.020,0.006,0.010,0.002,0.002,30.997,PID
442,22.0993,7.027,940.670,30.252,0.397,-54.925,1.156,54.938,1.222,398931.9,398.93,36020.93,10420.92,1.130,0.020,0.006,0.010,0.002,0.002,31.058,PID
443,22.1493,7.047,937.926,30.310,0.397,-54.845,1.156,54.858,1.222,398896.2,398.90,36014.38,10414.38,1.130,0.020,0.007,0.011,0.002,0.002,31.119,PID
444,22.1993,7.067,935.185,30.368,0.397,-54.765,1.155,54.778,1.222,398819.4,398.82,36007.84,10407.84,1.130,0.020,0.007,0.012,0.002,0.002,31.179,PID
445,22.2493,7.087,932.449,30.426,0.396,-54.685,1.156,54.698,1.222,398826.0,398.83,36001.30,10401.30,1.130,0.020,-0.027,-0.022,-0.955,-0.955,31.240,PID
446,22.2993,7.107,929.717,30.484,0.397,-54.605,1.155,54.618,1.221,398791.9,398.79,35994.76,10394.76,1.130,0.020,0.007,0.012,0.952,0.952,31.301,PID
447,22.3493,7.127,926.989,30.541,0.397,-54.524,1.155,54.538,1.222,398689.1,398.69,35988.23,10388.23,1.130,0.020,-0.027,-0.022,-0.955,-0.955,31.362,PID
448,22.3992,7.147,924.265,30.599,0.398,-54.444,1.154,54.458,1.221,398710.3,398.71,35981.70,10381.70,1.130,0.020,0.007,0.012,0.952,0.952,31.422,PID
449,22.4492,7.166,921.544,30.657,0.398,-54.364,1.154,54.378,1.221,398635.3,398.64,35975.16,10375.16,1.130,0.000,0.007,0.012,0.003,0.002,31.483,PID
450,22.4992,7.186,918.828,30.714,0.397,-54.284,1.155,54.298,1.221,398532.6,398.53,35968.63,10368.63,1.130,0.020,-0.027,-0.022,-0.955,-0.955,31.544,PID
451,22.5492,7.206,916.116,30.772,0.398,-54.204,1.153,54.218,1.220,398581.8,398.58,35962.09,10362.10,1.131,0.020,0.007,0.011,0.952,0.952,31.605,PID
452,22.5992,7.226,913.408,30.830,0.398,-54.124,1.153,54.138,1.220,398479.7,398.48,35955.56,10355.56,1.130,0.020,0.007,0.011,0.003,0.003,31.665,PID
453,22.6492,7.246,910.703,30.887,0.398,-54.044,1.153,54.058,1.220,398432.6,398.43,35949.03,10349.03,1.131,0.000,0.007,0.012,0.003,0.003,31.726,PID
454,22.6992,7.266,908.003,30.945,0.397,-53.964,1.154,53.978,1.220,398344.3,398.34,35942.50,10342.50,1.130,0.020,-0.027,-0.022,-0.955,-0.955,31.787,PID
455,22.7492,7.286,905.307,31.003,0.398,-53.884,1.152,53.898,1.219,398380.4,398.38,35935.96,10335.96,1.131,0.020,0.007,0.011,0.952,0.952,31.847,PID
456,22.7992,7.306,902.615,31.060,0.398,-53.804,1.152,53.818,1.219,398333.5,398.33,35929.43,10329.43,1.131,0.020,0.007,0.012,0.953,0.952,31.908,PID
457,22.8492,7.325,899.927,31.118,0.398,-53.724,1.152,53.738,1.219,398245.8,398.25,35922.90,10322.90,1.131,0.000,0.007,0.012,0.003,0.003,31.969,PID
458,22.8992,7.345,897.242,31.176,0.398,-53.644,1.152,53.658,1.219,398185.6,398.19,35916.37,10316.37,1.131,0.020,-0.026,-0.022,-0.954,-0.955,32.029,PID
459,22.9492,7.365,894.562,31.233,0.399,-53.564,1.151,53.578,1.218,398194.8,398.19,35909.84,10309.84,1.131,0.020,0.008,0.012,0.953,0.953,32.090,PID
460,22.9991,7.385,891.886,31.291,0.399,-53.484,1.151,53.498,1.218,398135.1,398.14,35903.32,10303.32,1.131,0.000,0.008,0.012,0.003,0.003,32.150,PID
461,23.0491,7.405,889.214,31.348,0.398,-53.404,1.152,53.418,1.218,398061.3,398.06,35896.79,10296.79,1.131,0.020,-0.026,-0.022,-0.954,-0.955,32.211,PID
462,23.0991,7.425,886.545,31.406,0.399,-53.324,1.150,53.338,1.218,398084.5,398.08,35890.27,10290.27,1.131,0.020,0.008,0.012,0.953,0.953,32.272,PID
463,23.1491,7.445,883.881,31.463,0.398,-53.244,1.151,53.258,1.218,397928.7,397.93,35883.75,10283.75,1.131,0.020,-0.025,-0.021,-0.954,-0.955,32.332,PID
464,23.1991,7.465,881.221,31.521,0.399,-53.164,1.150,53.178,1.217,397993.5,397.99,35877.22,10277.22,1.132,0.020,0.009,0.013,0.953,0.953,32.393,PID
465,23.2491,7.485,878.565,31.578,0.398,-53.084,1.150,53.098,1.217,397906.8,397.91,35870.70,10270.70,1.131,0.020,-0.025,-0.021,-0.954,-0.954,32.453,PID
466,23.2991,7.505,875.913,31.636,0.399,-53.004,1.149,53.018,1.217,397902.8,397.90,35864.18,10264.18,1.132,0.020,0.009,0.013,0.953,0.953,32.514,PID
467,23.3491,7.525,873.264,31.693,0.399,-52.924,1.150,52.938,1.217,397788.6,397.79,35857.65,10257.65,1.132,0.020,-0.024,-0.021,-0.954,-0.954,32.574,PID
468,23.3991,7.545,870.620,31.751,0.400,-52.844,1.148,52.858,1.216,397771.3,397.77,35851.13,10251.13,1.132,0.000,0.010,0.013,0.004,0.003,32.635,PID
469,23.4491,7.565,867.980,31.808,0.400,-52.764,1.148,52.778,1.216,397753.4,397.75,35844.61,10244.61,1.132,0.020,0.010,0.013,0.953,0.953,32.695,PID
470,23.4991,7.585,865.344,31.866,0.400,-52.684,1.148,52.698,1.215,397694.9,397.69,35838.08,10238.08,1.132,0.020,0.010,0.013,0.953,0.953,32.756,PID
471,23.5491,7.605,862.711,31.923,0.399,-52.604,1.148,52.618,1.216,397580.9,397.58,35831.56,10231.56,1.132,0.020,-0.023,-0.020,-0.954,-0.954,32.816,PID
472,23.5990,7.625,860.083,31.980,0.399,-52.524,1.148,52.538,1.216,397577.5,397.58,35825.04,10225.04,1.132,0.020,-0.023,-0.020,-0.954,-0.954,32.877,PID
473,23.6490,7.645,857.459,32.038,0.399,-52.444,1.148,52.458,1.215,397560.8,397.56,35818.52,10218.53,1.132,0.020,-0.023,-0.020,-0.954,-0.954,32.937,PID
474,23.6990,7.665,854.839,32.095,0.400,-52.364,1.147,52.378,1.214,397516.5,397.52,35812.01,10212.01,1.132,0.000,0.012,0.014,0.004,0.004,32.998,PID
475,23.7490,7.685,852.223,32.152,0.399,-52.284,1.147,52.299,1.215,397471.9,397.47,35805.50,10205.50,1.132,0.020,-0.022,-0.019,-0.954,-0.954,33.058,PID
476,23.7990,7.705,849.610,32.210,0.399,-52.204,1.147,52.219,1.215,397400.1,397.40,35798.98,10198.98,1.132,0.020,-0.022,-0.019,-0.954,-0.954,33.118,PID
477,23.8490,7.725,847.002,32.267,0.400,-52.125,1.147,52.139,1.214,397342.1,397.34,35792.47,10192.47,1.132,0.020,-0.022,-0.019,-0.953,-0.954,33.179,PID
478,23.8990,7.745,844.398,32.324,0.401,-52.045,1.145,52.059,1.213,397325.9,397.33,35785.96,10185.96,1.132,0.020,0.013,0.015,0.954,0.954,33.239,PID
479,23.9490,7.765,841.798,32.382,0.401,-51.965,1.145,51.979,1.213,397336.8,397.34,35779.45,10179.44,1.133,0.000,0.013,0.015,0.954,0.954,33.300,PID
480,23.9990,7.785,839.201,32.439,0.400,-51.885,1.146,51.899,1.213,397238.1,397.24,35772.93,10172.93,1.133,0.020,-0.021,-0.019,-0.953,-0.954,33.360,PID
481,24.0490,7.805,836.609,32.496,0.401,-51.805,1.144,51.819,1.213,397180.4,397.18,35766.41,10166.42,1.133,0.020,0.013,0.015,0.954,0.954,33.420,PID
482,24.0990,7.825,834.021,32.553,0.401,-51.725,1.144,51.739,1.212,397178.2,397.18,35759.90,10159.90,1.133,0.000,0.014,0.016,0.004,0.004,33.481,PID
483,24.1490,7.845,831.437,32.611,0.400,-51.645,1.145,51.659,1.213,397079.0,397.08,35753.39,10153.39,1.133,0.020,-0.020,-0.018,-0.953,-0.954,33.541,PID
484,24.1989,7.865,828.856,32.668,0.401,-51.565,1.144,51.579,1.212,397063.0,397.06,35746.88,10146.88,1.133,0.000,0.014,0.016,0.004,0.004,33.601,PID
485,24.2489,7.885,826.280,32.725,0.401,-51.485,1.143,51.499,1.212,397019.3,397.02,35740.36,10140.36,1.133,0.000,0.014,0.016,0.954,0.954,33.662,PID
486,24.2989,7.905,823.708,32.782,0.400,-51.405,1.144,51.419,1.212,396975.7,396.98,35733.86,10133.86,1.133,0.020,-0.019,-0.017,-0.953,-0.953,33.722,PID
487,24.3489,7.925,821.140,32.839,0.401,-51.325,1.143,51.339,1.211,396946.3,396.95,35727.35,10127.35,1.133,0.000,0.015,0.017,0.004,0.004,33.782,PID
488,24.3989,7.945,818.575,32.897,0.402,-51.245,1.142,51.259,1.211,396889.1,396.89,35720.85,10120.85,1.133,0.000,0.015,0.017,0.954,0.954,33.842,PID
489,24.4489,7.965,816.015,32.954,0.402,-51.165,1.142,51.179,1.211,396859.7,396.86,35714.34,10114.34,1.133,0.000,0.015,0.017,0.954,0.954,33.903,PID
490,24.4989,7.985,813.459,33.011,0.401,-51.085,1.143,51.099,1.211,396816.1,396.82,35707.84,10107.84,1.133,0.020,-0.018,-0.017,-0.953,-0.953,33.963,PID
491,24.5489,8.005,810.907,33.068,0.401,-51.005,1.142,51.019,1.211,396773.2,396.77,35701.34,10101.34,1.134,0.020,-0.018,-0.017,-0.953,-0.953,34.023,PID
492,24.5989,8.025,808.359,33.125,0.401,-50.925,1.142,50.939,1.210,396730.2,396.73,35694.83,10094.83,1.134,0.020,-0.018,-0.016,-0.953,-0.953,34.083,PID
493,24.6489,8.045,805.814,33.182,0.401,-50.845,1.142,50.860,1.210,396700.9,396.70,35688.33,10088.33,1.134,0.020,-0.017,-0.016,-0.953,-0.953,34.143,PID
494,24.6989,8.065,803.274,33.239,0.402,-50.765,1.140,50.780,1.209,396629.9,396.63,35681.82,10081.82,1.134,0.000,0.017,0.018,0.954,0.954,34.204,PID
495,24.7489,8.085,800.738,33.296,0.402,-50.685,1.140,50.700,1.209,396600.6,396.60,35675.32,10075.32,1.134,0.000,0.017,0.018,0.954,0.954,34.264,PID
496,24.7988,8.106,798.205,33.353,0.402,-50.605,1.140,50.620,1.209,396543.8,396.54,35668.82,10068.82,1.134,0.000,0.017,0.018,0.954,0.954,34.324,PID
497,24.8488,8.126,795.677,33.410,0.402,-50.525,1.140,50.540,1.209,396528.0,396.53,35662.31,10062.31,1.134,0.020,-0.017,-0.016,-0.953,-0.953,34.384,PID
498,24.8988,8.146,793.153,33.467,0.402,-50.445,1.140,50.460,1.209,396457.4,396.46,35655.81,10055.81,1.134,0.020,-0.016,-0.016,-0.953,-0.953,34.444,PID
499,24.9488,8.166,790.633,33.524,0.403,-50.365,1.139,50.380,1.208,396386.5,396.39,35649.31,10049.31,1.134,0.000,0.018,0.018,0.954,0.954,34.504,PID
500,24.9988,8.186,788.116,33.581,0.402,-50.285,1.139,50.300,1.208,396412.0,396.41,35642.81,10042.81,1.134,0.020,-0.016,-0.015,-0.953,-0.953,34.564,PID
501,25.0488,8.206,785.604,33.638,0.403,-50.205,1.138,50.220,1.207,396285.9,396.29,35636.32,10036.32,1.134,0.000,0.018,0.019,0.955,0.954,34.624,PID
502,25.0988,8.226,783.096,33.695,0.402,-50.125,1.139,50.140,1.208,396311.4,396.31,35629.82,10029.83,1.135,0.020,-0.016,-0.015,-0.952,-0.953,34.685,PID
503,25.1488,8.246,780.592,33.752,0.403,-50.045,1.138,50.060,1.207,396199.1,396.20,35623.33,10023.33,1.134,0.000,0.019,0.019,0.955,0.955,34.745,PID
504,25.1988,8.266,778.091,33.809,0.402,-49.965,1.138,49.980,1.207,396224.6,396.22,35616.84,10016.84,1.135,0.020,-0.015,-0.015,-0.952,-0.953,34.805,PID
505,25.2488,8.287,775.595,33.866,0.403,-49.885,1.137,49.900,1.206,396153.8,396.15,35610.34,10010.34,1.135,0.000,0.019,0.019,0.955,0.955,34.865,PID
506,25.2988,8.307,773.103,33.922,0.402,-49.805,1.138,49.820,1.207,396124.3,396.12,35603.85,10003.85,1.135,0.000,-0.015,-0.014,-0.952,-0.953,34.925,PID
507,25.3488,8.327,770.615,33.979,0.402,-49.725,1.137,49.740,1.206,396080.8,396.08,35597.36,9997.35,1.135,0.020,-0.014,-0.014,-0.952,-0.953,34.985,PID
508,25.3987,8.347,768.130,34.036,0.403,-49.645,1.137,49.660,1.206,396023.8,396.02,35590.86,9990.86,1.135,0.020,-0.014,-0.014,-0.003,-0.003,35.045,PID
509,25.4487,8.367,765.650,34.093,0.404,-49.565,1.136,49.580,1.205,395966.3,395.97,35584.37,9984.37,1.135,0.000,0.020,0.020,0.955,0.955,35.105,PID
510,25.4987,8.387,763.174,34.150,0.404,-49.485,1.135,49.500,1.205,395936.4,395.94,35577.87,9977.87,1.135,0.000,0.020,0.020,0.955,0.955,35.165,PID
511,25.5487,8.407,760.702,34.207,0.404,-49.405,1.135,49.420,1.205,395851.4,395.85,35571.38,9971.38,1.135,0.000,0.020,0.020,0.955,0.955,35.225,PID
512,25.5987,8.428,758.233,34.263,0.404,-49.325,1.135,49.340,1.204,395794.0,395.79,35564.89,9964.89,1.135,0.000,0.021,0.020,0.955,0.955,35.285,PID
513,25.6487,8.448,755.769,34.320,0.404,-49.245,1.134,49.260,1.204,395750.4,395.75,35558.40,9958.40,1.135,0.000,0.021,0.020,0.955,0.955,35.345,PID
514,25.6987,8.468,753.309,34.377,0.404,-49.165,1.134,49.180,1.204,395706.9,395.71,35551.91,9951.91,1.135,0.000,0.021,0.020,0.955,0.955,35.404,PID
515,25.7487,8.488,750.852,34.434,0.404,-49.085,1.134,49.100,1.204,395649.4,395.65,35545.43,9945.43,1.135,0.000,0.021,0.021,0.955,0.955,35.464,PID
516,25.7987,8.508,748.400,34.490,0.404,-49.005,1.134,49.020,1.203,395660.9,395.66,35538.94,9938.94,1.136,0.000,0.021,0.021,0.955,0.955,35.524,PID
517,25.8487,8.529,745.952,34.547,0.403,-48.925,1.134,48.940,1.204,395631.2,395.63,35532.46,9932.46,1.136,0.020,-0.012,-0.013,-0.002,-0.003,35.584,PID
518,25.8987,8.549,743.508,34.604,0.404,-48.845,1.134,48.860,1.203,395615.0,395.62,35525.97,9925.97,1.136,0.020,-0.012,-0.013,-0.952,-0.952,35.644,PID
519,25.9487,8.569,741.067,34.660,0.404,-48.765,1.134,48.780,1.203,395543.7,395.54,35519.49,9919.49,1.136,0.000,-0.012,-0.013,-0.952,-0.952,35.704,PID
520,25.9986,8.589,738.631,34.717,0.405,-48.685,1.132,48.700,1.202,395444.8,395.44,35513.00,9913.01,1.136,0.000,0.022,0.021,0.955,0.955,35.764,PID
521,26.0486,8.609,736.199,34.774,0.404,-48.605,1.133,48.620,1.203,395456.3,395.46,35506.52,9906.52,1.136,0.020,-0.012,-0.013,-0.002,-0.003,35.824,PID
522,26.0986,8.630,733.771,34.830,0.404,-48.525,1.133,48.540,1.202,395398.6,395.40,35500.04,9900.04,1.136,0.000,-0.011,-0.013,-0.952,-0.952,35.883,PID
523,26.1486,8.650,731.346,34.887,0.404,-48.445,1.132,48.460,1.202,395354.7,395.35,35493.55,9893.55,1.136,0.020,-0.011,-0.013,-0.002,-0.002,35.943,PID
524,26.1986,8.670,728.926,34.943,0.404,-48.365,1.132,48.380,1.202,395338.1,395.34,35487.07,9887.07,1.136,0.000,-0.011,-0.012,-0.952,-0.952,36.003,PID
525,26.2486,8.690,726.510,35.000,0.405,-48.285,1.131,48.300,1.201,395266.6,395.27,35480.58,9880.58,1.136,0.000,0.023,0.022,0.955,0.955,36.063,PID
526,26.2986,8.710,724.098,35.057,0.404,-48.205,1.131,48.220,1.201,395264.2,395.26,35474.10,9874.10,1.136,0.000,-0.011,-0.012,-0.952,-0.952,36.122,PID
527,26.3486,8.731,721.689,35.113,0.404,-48.125,1.131,48.140,1.201,395178.8,395.18,35467.63,9867.63,1.136,0.020,-0.011,-0.012,-0.002,-0.002,36.182,PID
528,26.3986,8.751,719.285,35.170,0.405,-48.045,1.130,48.060,1.200,395093.1,395.09,35461.15,9861.15,1.136,0.000,0.024,0.022,0.955,0.955,36.242,PID
529,26.4486,8.771,716.885,35.226,0.405,-47.965,1.131,47.980,1.201,395090.9,395.09,35454.68,9854.68,1.137,0.020,-0.010,-0.012,-0.002,-0.002,36.302,PID
530,26.4986,8.791,714.489,35.283,0.405,-47.885,1.130,47.900,1.200,395074.1,395.07,35448.20,9848.20,1.137,0.020,-0.010,-0.012,-0.002,-0.002,36.361,PID
531,26.5486,8.812,712.096,35.339,0.406,-47.805,1.129,47.820,1.200,394960.8,394.96,35441.73,9841.73,1.137,0.000,0.024,0.022,0.955,0.955,36.421,PID
532,26.5985,8.832,709.708,35.396,0.405,-47.725,1.130,47.740,1.200,394999.8,395.00,35435.25,9835.25,1.137,0.000,-0.009,-0.011,-0.952,-0.952,36.481,PID
533,26.6485,8.852,707.324,35.452,0.405,-47.645,1.129,47.660,1.200,394900.8,394.90,35428.78,9828.78,1.137,0.020,-0.009,-0.011,-0.002,-0.002,36.541,PID
534,26.6985,8.872,704.944,35.509,0.405,-47.565,1.129,47.580,1.200,394870.3,394.87,35422.30,9822.30,1.137,0.020,-0.009,-0.011,-0.002,-0.002,36.600,PID
535,26.7485,8.893,702.567,35.565,0.406,-47.485,1.128,47.500,1.199,394798.5,394.80,35415.83,9815.83,1.137,0.000,0.025,0.023,0.956,0.955,36.660,PID
536,26.7985,8.913,700.195,35.621,0.406,-47.405,1.128,47.420,1.198,394726.7,394.73,35409.36,9809.35,1.137,0.000,0.025,0.023,0.956,0.955,36.720,PID
537,26.8485,8.933,697.827,35.678,0.406,-47.325,1.127,47.340,1.198,394709.8,394.71,35402.88,9802.88,1.137,0.000,0.025,0.023,0.956,0.956,36.779,PID
538,26.8985,8.953,695.463,35.734,0.406,-47.245,1.127,47.260,1.198,394665.7,394.67,35396.41,9796.41,1.137,0.000,0.026,0.023,0.956,0.956,36.839,PID
539,26.9485,8.974,693.102,35.791,0.406,-47.165,1.128,47.180,1.198,394690.7,394.69,35389.93,9789.93,1.137,0.000,-0.008,-0.011,-0.951,-0.952,36.898,PID
540,26.9985,8.994,690.746,35.847,0.407,-47.085,1.126,47.100,1.198,394577.1,394.58,35383.46,9783.47,1.137,0.000,0.026,0.023,0.956,0.956,36.958,PID
541,27.0485,9.014,688.394,35.903,0.407,-47.005,1.126,47.020,1.197,394560.4,394.56,35377.00,9777.00,1.138,0.000,0.026,0.023,0.956,0.956,37.018,PID
542,27.0985,9.035,686.046,35.960,0.407,-46.924,1.126,46.940,1.197,394474.8,394.47,35370.54,9770.53,1.137,0.000,0.026,0.024,0.956,0.956,37.077,PID
543,27.1485,9.055,683.702,36.016,0.407,-46.844,1.126,46.860,1.197,394430.5,394.43,35364.07,9764.07,1.138,0.000,0.026,0.024,0.956,0.956,37.137,PID
544,27.1984,9.075,681.361,36.072,0.406,-46.764,1.126,46.780,1.197,394386.3,394.39,35357.61,9757.60,1.138,0.020,-0.007,-0.010,-0.002,-0.002,37.196,PID
545,27.2484,9.096,679.025,36.128,0.406,-46.684,1.126,46.700,1.197,394383.4,394.38,35351.14,9751.14,1.138,0.000,-0.007,-0.010,-0.002,-0.002,37.256,PID
546,27.2984,9.116,676.693,36.185,0.406,-46.604,1.126,46.620,1.197,394380.3,394.38,35344.68,9744.68,1.138,0.000,-0.007,-0.010,-0.951,-0.952,37.315,PID
547,27.3484,9.136,674.365,36.241,0.407,-46.524,1.124,46.540,1.196,394266.7,394.27,35338.21,9738.21,1.138,0.000,0.027,0.024,0.956,0.956,37.375,PID
548,27.3984,9.157,672.040,36.297,0.406,-46.444,1.125,46.459,1.196,394208.6,394.21,35331.75,9731.75,1.138,0.020,-0.007,-0.010,-0.002,-0.002,37.434,PID
549,27.4484,9.177,669.720,36.354,0.407,-46.364,1.125,46.379,1.196,394219.3,394.22,35325.28,9725.28,1.138,0.000,-0.007,-0.010,-0.002,-0.002,37.494,PID
550,27.4984,9.197,667.404,36.410,0.407,-46.284,1.125,46.299,1.196,394188.5,394.19,35318.82,9718.82,1.138,0.000,-0.006,-0.010,-0.951,-0.951,37.553,PID
551,27.5484,9.218,665.092,36.466,0.407,-46.204,1.124,46.219,1.196,394061.0,394.06,35312.35,9712.35,1.138,0.020,-0.006,-0.010,-0.002,-0.002,37.613,PID
552,27.5984,9.238,662.784,36.522,0.407,-46.124,1.124,46.139,1.195,394057.8,394.06,35305.89,9705.89,1.138,0.000,-0.006,-0.010,-0.002,-0.002,37.672,PID
553,27.6484,9.258,660.479,36.578,0.408,-46.044,1.123,46.059,1.195,393985.2,393.99,35299.43,9699.43,1.138,0.000,0.028,0.025,0.956,0.956,37.732,PID
554,27.6984,9.279,658.179,36.635,0.407,-45.964,1.124,45.979,1.195,393982.2,393.98,35292.97,9692.97,1.139,0.020,-0.006,-0.009,-0.001,-0.002,37.791,PID
555,27.7484,9.299,655.883,36.691,0.407,-45.884,1.123,45.899,1.195,393965.1,393.97,35286.52,9686.52,1.139,0.000,-0.005,-0.009,-0.951,-0.951,37.851,PID
556,27.7983,9.319,653.591,36.747,0.407,-45.803,1.123,45.819,1.195,393865.3,393.87,35280.06,9680.06,1.139,0.020,-0.005,-0.009,-0.001,-0.002,37.910,PID
557,27.8483,9.340,651.303,36.803,0.407,-45.723,1.123,45.739,1.194,393875.8,393.88,35273.61,9673.61,1.139,0.000,-0.005,-0.009,-0.951,-0.951,37.970,PID
558,27.8983,9.360,649.019,36.859,0.408,-45.643,1.122,45.659,1.194,393748.5,393.75,35267.15,9667.15,1.139,0.000,-0.005,-0.009,-0.001,-0.002,38.029,PID
559,27.9483,9.381,646.738,36.915,0.409,-45.563,1.121,45.579,1.193,393758.7,393.76,35260.70,9660.70,1.139,0.000,0.029,0.025,0.956,0.956,38.088,PID
560,27.9983,9.401,644.462,36.971,0.408,-45.483,1.122,45.499,1.194,393686.8,393.69,35254.24,9654.24,1.139,0.000,-0.005,-0.009,-0.001,-0.002,38.148,PID
561,28.0483,9.421,642.190,37.027,0.408,-45.403,1.122,45.419,1.194,393627.9,393.63,35247.79,9647.79,1.139,0.020,-0.005,-0.009,-0.001,-0.002,38.207,PID
562,28.0983,9.442,639.922,37.083,0.408,-45.323,1.121,45.339,1.193,393652.1,393.65,35241.33,9641.33,1.139,0.000,-0.004,-0.008,-0.951,-0.951,38.267,PID
563,28.1483,9.462,637.658,37.139,0.408,-45.243,1.121,45.259,1.193,393552.2,393.55,35234.88,9634.88,1.139,0.000,-0.004,-0.008,-0.001,-0.002,38.326,PID
564,28.1983,9.483,635.398,37.195,0.409,-45.163,1.120,45.179,1.192,393493.1,393.49,35228.42,9628.42,1.139,0.000,0.030,0.026,0.956,0.956,38.385,PID
565,28.2483,9.503,633.142,37.252,0.408,-45.083,1.121,45.098,1.193,393503.3,393.50,35221.97,9621.97,1.139,0.000,-0.004,-0.008,-0.951,-0.951,38.445,PID
566,28.2983,9.523,630.889,37.308,0.408,-45.003,1.121,45.018,1.193,393444.8,393.44,35215.52,9615.52,1.140,0.000,-0.004,-0.008,-0.001,-0.001,38.504,PID
567,28.3483,9.544,628.641,37.364,0.409,-44.922,1.120,44.938,1.192,393372.2,393.37,35209.07,9609.07,1.139,0.020,-0.004,-0.008,-0.001,-0.001,38.563,PID
568,28.3982,9.564,626.397,37.420,0.410,-44.842,1.119,44.858,1.192,393313.0,393.31,35202.63,9602.63,1.140,0.000,0.031,0.026,0.956,0.956,38.623,PID
569,28.4482,9.585,624.157,37.476,0.409,-44.762,1.120,44.778,1.192,393323.5,393.32,35196.18,9596.18,1.140,0.000,-0.003,-0.008,-0.951,-0.951,38.682,PID
570,28.4982,9.605,621.921,37.532,0.409,-44.682,1.120,44.698,1.192,393237.3,393.24,35189.74,9589.74,1.140,0.000,-0.003,-0.008,-0.001,-0.001,38.741,PID
571,28.5482,9.626,619.689,37.587,0.409,-44.602,1.119,44.618,1.192,393178.3,393.18,35183.29,9583.29,1.140,0.020,-0.003,-0.008,-0.001,-0.001,38.800,PID
572,28.5982,9.646,617.461,37.643,0.410,-44.522,1.118,44.538,1.191,393133.1,393.13,35176.85,9576.85,1.140,0.000,0.032,0.027,0.956,0.956,38.860,PID
573,28.6482,9.667,615.237,37.699,0.410,-44.442,1.118,44.458,1.191,393088.1,393.09,35170.40,9570.40,1.140,0.000,0.032,0.027,0.956,0.956,38.919,PID
574,28.6982,9.687,613.016,37.755,0.409,-44.362,1.119,44.378,1.191,393112.2,393.11,35163.96,9563.96,1.140,0.000,-0.003,-0.007,-0.951,-0.951,38.978,PID
575,28.7482,9.708,610.800,37.811,0.409,-44.282,1.118,44.298,1.191,393039.8,393.04,35157.51,9557.51,1.140,0.000,-0.003,-0.007,-0.001,-0.001,39.038,PID
576,28.7982,9.728,608.588,37.867,0.410,-44.202,1.118,44.218,1.191,392980.8,392.98,35151.07,9551.07,1.140,0.000,-0.003,-0.007,-0.001,-0.001,39.097,PID
577,28.8482,9.749,606.380,37.923,0.410,-44.121,1.118,44.138,1.191,392921.7,392.92,35144.62,9544.62,1.140,0.000,-0.003,-0.007,-0.001,-0.001,39.156,PID
578,28.8982,9.769,604.176,37.979,0.410,-44.041,1.118,44.057,1.191,392903.7,392.90,35138.18,9538.18,1.140,0.000,-0.003,-0.007,-0.001,-0.001,39.215,PID
579,28.9481,9.790,601.976,38.035,0.410,-43.961,1.118,43.977,1.190,392803.2,392.80,35131.73,9531.74,1.140,0.000,-0.004,-0.007,-0.001,-0.001,39.274,PID
580,28.9981,9.810,599.780,38.091,0.410,-43.881,1.117,43.897,1.190,392812.8,392.81,35125.30,9525.30,1.141,0.000,-0.003,-0.007,-0.001,-0.001,39.334,PID
581,29.0481,9.831,597.588,38.147,0.410,-43.801,1.117,43.817,1.190,392767.6,392.77,35118.86,9518.86,1.141,0.000,-0.004,-0.007,-0.001,-0.001,39.393,PID
582,29.0981,9.851,595.400,38.202,0.410,-43.721,1.117,43.737,1.190,392708.4,392.71,35112.43,9512.43,1.141,0.000,-0.004,-0.006,-0.001,-0.001,39.452,PID
583,29.1481,9.872,593.216,38.258,0.410,-43.641,1.117,43.657,1.190,392676.4,392.68,35105.99,9505.99,1.141,0.000,-0.004,-0.006,0.948,-0.951,39.511,PID
584,29.1981,9.892,591.036,38.314,0.411,-43.561,1.116,43.577,1.189,392589.2,392.59,35099.55,9499.56,1.141,0.000,0.030,0.028,0.956,0.956,39.570,PID
585,29.2481,9.913,588.860,38.370,0.411,-43.480,1.116,43.497,1.189,392543.9,392.54,35093.12,9493.12,1.141,0.020,-0.004,-0.006,-0.001,-0.001,39.630,PID
586,29.2981,9.933,586.688,38.426,0.411,-43.400,1.116,43.417,1.189,392512.3,392.51,35086.69,9486.69,1.141,0.000,-0.004,-0.006,-0.001,-0.001,39.689,PID
587,29.3481,9.954,584.520,38.482,0.411,-43.320,1.116,43.337,1.189,392453.1,392.45,35080.25,9480.25,1.141,0.000,-0.004,-0.006,-0.001,-0.001,39.748,PID
588,29.3981,9.974,582.356,38.537,0.411,-43.240,1.116,43.256,1.189,392462.5,392.46,35073.81,9473.81,1.141,0.000,-0.004,-0.006,-0.951,-0.951,39.807,PID
589,29.4481,9.995,580.196,38.593,0.412,-43.160,1.116,43.176,1.190,392375.4,392.38,35067.38,9467.38,1.141,0.000,-0.038,0.028,-0.958,0.956,39.866,PID
590,29.4981,10.015,578.040,38.649,0.411,-43.080,1.115,43.096,1.189,392316.0,392.32,35060.95,9460.94,1.141,0.000,-0.004,-0.006,-0.001,-0.001,39.925,PID
591,29.5480,10.036,575.888,38.705,0.411,-43.000,1.115,43.016,1.189,392311.9,392.31,35054.51,9454.51,1.141,0.000,-0.004,-0.006,-0.001,-0.001,39.985,PID
592,29.5980,10.057,573.740,38.760,0.412,-42.920,1.114,42.936,1.188,392210.5,392.21,35048.08,9448.08,1.141,0.000,0.030,0.029,0.956,0.957,40.044,PID
593,29.6480,10.077,571.596,38.816,0.411,-42.839,1.115,42.856,1.188,392178.7,392.18,35041.65,9441.65,1.141,0.000,-0.004,-0.006,-0.001,-0.001,40.103,PID
594,29.6980,10.098,569.456,38.872,0.412,-42.759,1.115,42.776,1.188,392146.7,392.15,35035.23,9435.23,1.142,0.000,-0.004,-0.005,-0.001,-0.001,40.162,PID
595,29.7480,10.118,567.320,38.928,0.412,-42.679,1.114,42.696,1.188,392086.8,392.09,35028.80,9428.80,1.142,0.020,-0.004,-0.006,-0.001,-0.001,40.221,PID
596,29.7980,10.139,565.188,38.983,0.412,-42.599,1.114,42.616,1.188,392027.3,392.03,35022.38,9422.37,1.142,0.000,-0.004,-0.005,-0.001,-0.001,40.280,PID
597,29.8480,10.160,563.060,39.039,0.413,-42.519,1.113,42.535,1.187,391994.8,391.99,35015.95,9415.95,1.142,0.000,0.030,0.029,0.957,0.957,40.339,PID
598,29.8980,10.180,560.936,39.095,0.412,-42.439,1.114,42.455,1.187,391962.8,391.96,35009.52,9409.52,1.142,0.000,-0.004,-0.005,-0.001,-0.001,40.398,PID
599,29.9480,10.201,558.816,39.150,0.413,-42.359,1.113,42.375,1.187,391916.6,391.92,35003.10,9403.10,1.142,0.000,0.030,0.029,0.957,0.957,40.457,PID
600,29.9980,10.221,556.700,39.206,0.412,-42.278,1.113,42.295,1.187,391857.1,391.86,34996.67,9396.67,1.142,0.000,-0.004,-0.005,-0.001,-0.001,40.516,PID
601,30.0480,10.242,554.588,39.262,0.413,-42.198,1.112,42.215,1.186,391824.5,391.82,34990.25,9390.25,1.142,0.000,0.030,0.029,0.957,0.957,40.575,PID
602,30.0980,10.263,552.480,39.317,0.412,-42.118,1.113,42.135,1.187,391778.9,391.78,34983.82,9383.82,1.142,0.000,-0.004,-0.005,-0.001,-0.001,40.635,PID
603,30.1479,10.283,550.376,39.373,0.413,-42.038,1.112,42.055,1.186,391718.9,391.72,34977.39,9377.39,1.142,0.000,0.030,0.029,0.957,0.957,40.694,PID
604,30.1979,10.304,548.277,39.428,0.413,-41.958,1.112,41.975,1.187,391659.4,391.66,34970.97,9370.97,1.142,0.000,-0.004,-0.005,-0.001,-0.001,40.753,PID
605,30.2479,10.325,546.181,39.484,0.413,-41.878,1.112,41.894,1.186,391640.7,391.64,34964.55,9364.55,1.142,0.000,-0.004,-0.005,-0.001,-0.001,40.812,PID
606,30.2979,10.345,544.089,39.540,0.413,-41.798,1.112,41.814,1.186,391622.3,391.62,34958.13,9358.13,1.143,0.000,-0.004,-0.005,-0.950,-0.951,40.871,PID
607,30.3479,10.366,542.001,39.595,0.413,-41.717,1.112,41.734,1.186,391534.9,391.53,34951.71,9351.71,1.142,0.000,-0.004,-0.005,-0.001,-0.001,40.930,PID
608,30.3979,10.386,539.917,39.651,0.413,-41.637,1.112,41.654,1.186,391474.7,391.47,34945.30,9345.30,1.143,0.020,-0.004,-0.005,-0.001,-0.001,40.989,PID
609,30.4479,10.407,537.837,39.706,0.413,-41.557,1.111,41.574,1.186,391470.1,391.47,34938.88,9338.88,1.143,0.000,-0.004,-0.004,-0.001,-0.001,41.048,PID
610,30.4979,10.428,535.761,39.762,0.413,-41.477,1.111,41.494,1.186,391409.8,391.41,34932.46,9332.47,1.143,0.000,-0.004,-0.005,-0.001,-0.001,41.107,PID
611,30.5479,10.448,533.690,39.818,0.413,-41.397,1.111,41.414,1.185,391349.3,391.35,34926.05,9326.05,1.143,0.020,-0.004,-0.005,-0.001,-0.001,41.166,PID
612,30.5979,10.469,531.622,39.873,0.414,-41.317,1.111,41.334,1.185,391358.3,391.36,34919.63,9319.63,1.143,0.000,-0.004,-0.004,-0.950,-0.951,41.225,PID
613,30.6479,10.490,529.558,39.929,0.414,-41.236,1.111,41.253,1.185,391243.1,391.24,34913.22,9313.22,1.143,0.000,-0.004,-0.004,-0.001,-0.001,41.284,PID
614,30.6979,10.511,527.498,39.984,0.414,-41.156,1.110,41.173,1.185,391210.3,391.21,34906.80,9306.80,1.143,0.000,-0.004,-0.004,-0.001,-0.001,41.343,PID
615,30.7478,10.531,525.442,40.040,0.415,-41.076,1.109,41.093,1.184,391163.8,391.16,34900.39,9300.39,1.143,0.000,0.030,0.030,0.957,0.957,41.401,PID
616,30.7978,10.552,523.390,40.095,0.414,-40.996,1.110,41.013,1.185,391172.7,391.17,34893.97,9293.97,1.143,0.000,-0.004,-0.004,-0.950,-0.950,41.460,PID
617,30.8478,10.573,521.343,40.151,0.414,-40.916,1.110,40.933,1.185,391043.8,391.04,34887.55,9287.56,1.143,0.000,-0.004,-0.004,-0.001,-0.001,41.519,PID
618,30.8978,10.593,519.299,40.206,0.414,-40.836,1.110,40.853,1.184,391024.9,391.02,34881.14,9281.15,1.143,0.000,-0.004,-0.004,-0.001,-0.001,41.578,PID
619,30.9478,10.614,517.259,40.262,0.414,-40.755,1.109,40.773,1.184,390978.4,390.98,34874.74,9274.74,1.143,0.000,-0.004,-0.004,-0.001,-0.001,41.637,PID
620,30.9978,10.635,515.223,40.317,0.415,-40.675,1.108,40.693,1.184,390932.0,390.93,34868.33,9268.33,1.143,0.000,0.031,0.030,0.957,0.957,41.696,PID
621,31.0478,10.656,513.192,40.373,0.415,-40.595,1.109,40.612,1.184,390940.9,390.94,34861.93,9261.93,1.144,0.000,-0.003,-0.004,-0.950,-0.950,41.755,PID
622,31.0978,10.676,511.164,40.428,0.415,-40.515,1.109,40.532,1.184,390853.4,390.85,34855.52,9255.52,1.144,0.000,-0.004,-0.004,-0.001,-0.001,41.814,PID
623,31.1478,10.697,509.140,40.483,0.415,-40.435,1.109,40.452,1.184,390765.2,390.77,34849.11,9249.11,1.144,0.000,-0.004,-0.004,-0.001,-0.001,41.873,PID
624,31.1978,10.718,507.120,40.539,0.415,-40.355,1.108,40.372,1.184,390745.9,390.75,34842.71,9242.71,1.144,0.000,-0.004,-0.004,-0.001,-0.001,41.932,PID
625,31.2478,10.739,505.105,40.594,0.415,-40.274,1.108,40.292,1.183,390671.3,390.67,34836.30,9236.30,1.144,0.000,-0.004,-0.004,-0.001,-0.001,41.991,PID
626,31.2978,10.759,503.093,40.650,0.415,-40.194,1.108,40.212,1.183,390638.3,390.64,34829.89,9229.90,1.144,0.000,-0.004,-0.004,-0.001,-0.001,42.049,PID
627,31.3477,10.780,501.085,40.705,0.415,-40.114,1.108,40.132,1.183,390577.5,390.58,34823.49,9223.49,1.144,0.000,-0.004,-0.004,-0.001,-0.001,42.108,PID
628,31.3977,10.801,499.081,40.760,0.415,-40.034,1.108,40.051,1.183,390558.1,390.56,34817.08,9217.08,1.144,0.000,-0.004,-0.004,-0.001,-0.001,42.167,PID
629,31.4477,10.822,497.082,40.816,0.415,-39.954,1.107,39.971,1.183,390511.2,390.51,34810.68,9210.68,1.144,0.020,-0.003,-0.004,-0.001,-0.001,42.226,PID
630,31.4977,10.842,495.086,40.871,0.416,-39.874,1.107,39.891,1.183,390450.3,390.45,34804.27,9204.27,1.144,0.020,-0.003,-0.004,-0.001,-0.001,42.285,PID
631,31.5477,10.863,493.094,40.926,0.416,-39.793,1.107,39.811,1.183,390403.3,390.40,34797.88,9197.88,1.144,0.020,-0.003,-0.004,-0.001,-0.001,42.344,PID
632,31.5977,10.884,491.107,40.982,0.417,-39.713,1.106,39.731,1.182,390356.4,390.36,34791.48,9191.48,1.144,0.000,0.031,0.031,0.957,0.957,42.402,PID
633,31.6477,10.905,489.123,41.037,0.417,-39.633,1.106,39.651,1.182,390323.3,390.32,34785.08,9185.08,1.144,0.000,0.031,0.031,0.957,0.957,42.461,PID
634,31.6977,10.926,487.143,41.092,0.416,-39.553,1.106,39.570,1.182,390276.4,390.28,34778.69,9178.69,1.144,0.020,-0.003,-0.003,-0.001,-0.001,42.520,PID
635,31.7477,10.946,485.168,41.148,0.416,-39.473,1.106,39.490,1.182,390229.4,390.23,34772.29,9172.29,1.145,0.020,-0.003,-0.003,-0.001,-0.001,42.579,PID
636,31.7977,10.967,483.196,41.203,0.416,-39.392,1.106,39.410,1.182,390182.5,390.18,34765.89,9165.89,1.145,0.020,-0.003,-0.003,-0.001,-0.001,42.638,PID
637,31.8477,10.988,481.229,41.258,0.416,-39.312,1.106,39.330,1.182,390108.0,390.11,34759.50,9159.50,1.145,0.000,-0.003,-0.003,-0.001,-0.001,42.697,PID
638,31.8977,11.009,479.265,41.314,0.417,-39.232,1.106,39.250,1.182,390088.7,390.09,34753.10,9153.10,1.145,0.000,-0.003,-0.003,-0.001,-0.001,42.755,PID
639,31.9476,11.030,477.305,41.369,0.417,-39.152,1.105,39.170,1.181,390041.5,390.04,34746.70,9146.70,1.145,0.000,-0.003,-0.003,-0.001,-0.001,42.814,PID
640,31.9976,11.051,475.350,41.424,0.417,-39.072,1.105,39.090,1.181,389980.4,389.98,34740.30,9140.31,1.145,0.000,-0.003,-0.003,-0.001,-0.001,42.873,PID
641,32.0476,11.071,473.398,41.479,0.417,-38.991,1.105,39.009,1.181,389932.8,389.93,34733.91,9133.91,1.145,0.000,-0.003,-0.003,-0.001,-0.001,42.932,PID
642,32.0977,11.092,471.451,41.535,0.417,-38.911,1.105,38.929,1.181,389871.6,389.87,34727.52,9127.51,1.145,0.000,-0.003,-0.003,-0.001,-0.001,42.990,PID
643,32.1477,11.113,469.507,41.590,0.417,-38.831,1.105,38.849,1.181,389851.8,389.85,34721.12,9121.12,1.145,0.000,-0.003,-0.003,-0.001,-0.001,43.049,PID
644,32.1977,11.134,467.567,41.645,0.417,-38.751,1.104,38.769,1.181,389818.3,389.82,34714.73,9114.74,1.145,0.000,-0.003,-0.003,-0.001,-0.001,43.108,PID
645,32.2477,11.155,465.632,41.700,0.417,-38.671,1.104,38.689,1.181,389798.1,389.80,34708.35,9108.35,1.145,0.000,-0.002,-0.003,-0.950,-0.950,43.167,PID
646,32.2977,11.176,463.700,41.756,0.417,-38.590,1.104,38.609,1.180,389695.3,389.70,34701.96,9101.96,1.145,0.020,-0.003,-0.003,-0.001,-0.001,43.225,PID
647,32.3477,11.197,461.773,41.811,0.418,-38.510,1.104,38.528,1.180,389648.0,389.65,34695.57,9095.58,1.145,0.000,-0.003,-0.003,-0.001,-0.001,43.284,PID
648,32.3977,11.217,459.849,41.866,0.418,-38.430,1.104,38.448,1.180,389586.8,389.59,34689.19,9089.19,1.145,0.000,-0.002,-0.003,-0.001,-0.001,43.343,PID
649,32.4477,11.238,457.930,41.921,0.418,-38.350,1.104,38.368,1.180,389553.2,389.55,34682.80,9082.80,1.145,0.000,-0.003,-0.003,-0.001,-0.001,43.401,PID
650,32.4977,11.259,456.014,41.976,0.418,-38.270,1.103,38.288,1.180,389519.4,389.52,34676.41,9076.42,1.146,0.000,-0.003,-0.003,-0.001,-0.001,43.460,PID
651,32.5478,11.280,454.103,42.031,0.418,-38.190,1.103,38.208,1.180,389526.8,389.53,34670.03,9070.03,1.146,0.000,-0.003,-0.003,-0.950,-0.950,43.519,PID
652,32.5978,11.301,452.195,42.087,0.418,-38.109,1.103,38.128,1.180,389410.1,389.41,34663.64,9063.64,1.146,0.000,-0.003,-0.003,-0.001,-0.001,43.577,PID
653,32.6478,11.322,450.292,42.142,0.418,-38.029,1.103,38.047,1.179,389362.6,389.36,34657.25,9057.26,1.146,0.000,-0.003,-0.003,0.000,-0.001,43.636,PID
654,32.6978,11.343,448.393,42.197,0.418,-37.949,1.103,37.967,1.179,389315.0,389.32,34650.87,9050.87,1.146,0.000,-0.003,-0.003,0.000,-0.001,43.695,PID
655,32.7478,11.364,446.497,42.252,0.418,-37.869,1.102,37.887,1.179,389253.6,389.25,34644.48,9044.48,1.146,0.000,-0.003,-0.003,0.000,-0.001,43.753,PID
656,32.7978,11.385,444.606,42.307,0.420,-37.788,1.101,37.807,1.178,389219.2,389.22,34638.11,9038.10,1.146,0.000,0.032,0.032,0.957,0.957,43.812,PID
657,32.8478,11.406,442.718,42.362,0.419,-37.708,1.102,37.727,1.179,389171.7,389.17,34631.73,9031.73,1.146,0.000,-0.003,-0.003,0.000,0.000,43.871,PID
658,32.8978,11.427,440.835,42.417,0.419,-37.628,1.102,37.647,1.179,389137.9,389.14,34625.35,9025.35,1.146,0.000,-0.003,-0.003,0.000,0.000,43.929,PID
659,32.9478,11.448,438.955,42.472,0.419,-37.548,1.102,37.566,1.179,389062.6,389.06,34618.97,9018.97,1.146,0.000,-0.002,-0.002,0.000,0.000,43.988,PID
660,32.9978,11.469,437.080,42.527,0.419,-37.468,1.101,37.486,1.179,389028.0,389.03,34612.60,9012.60,1.146,0.020,-0.003,-0.003,0.000,0.000,44.047,PID
661,33.0479,11.489,435.209,42.583,0.419,-37.387,1.101,37.406,1.178,388994.3,388.99,34606.22,9006.22,1.146,0.000,-0.002,-0.002,0.000,0.000,44.105,PID
662,33.0979,11.510,433.341,42.638,0.419,-37.307,1.101,37.326,1.178,388932.6,388.93,34599.84,8999.84,1.146,0.000,-0.002,-0.002,0.000,0.000,44.164,PID
663,33.1479,11.531,431.478,42.693,0.420,-37.227,1.100,37.246,1.178,388884.2,388.88,34593.46,8993.47,1.146,0.000,0.032,0.032,0.957,0.957,44.223,PID
664,33.1979,11.552,429.619,42.748,0.420,-37.147,1.101,37.165,1.178,388836.5,388.84,34587.09,8987.09,1.147,0.000,-0.002,-0.002,0.000,0.000,44.281,PID
665,33.2479,11.573,427.763,42.803,0.420,-37.067,1.101,37.085,1.178,388788.8,388.79,34580.71,8980.71,1.147,0.000,-0.002,-0.002,0.000,0.000,44.340,PID
666,33.2979,11.594,425.912,42.858,0.420,-36.986,1.100,37.005,1.178,388795.8,388.80,34574.34,8974.34,1.147,0.000,-0.002,-0.002,-0.950,-0.950,44.398,PID
667,33.3479,11.615,424.065,42.913,0.420,-36.906,1.100,36.925,1.178,388692.6,388.69,34567.96,8967.96,1.147,0.000,-0.002,-0.002,0.000,0.000,44.457,PID
668,33.3979,11.636,422.221,42.968,0.420,-36.826,1.100,36.845,1.177,388644.8,388.64,34561.59,8961.59,1.147,0.000,-0.002,-0.002,0.000,0.000,44.516,PID
669,33.4479,11.657,420.382,43.023,0.420,-36.746,1.100,36.765,1.177,388651.9,388.65,34555.22,8955.22,1.147,0.000,-0.002,-0.002,-0.950,-0.950,44.574,PID
670,33.4980,11.678,418.547,43.078,0.420,-36.666,1.100,36.684,1.177,388548.7,388.55,34548.85,8948.85,1.147,0.000,-0.002,-0.002,0.000,0.000,44.633,PID
671,33.5480,11.699,416.716,43.133,0.420,-36.585,1.099,36.604,1.177,388473.3,388.47,34542.48,8942.49,1.147,0.000,-0.002,-0.002,0.000,0.000,44.691,PID
672,33.5980,11.720,414.888,43.188,0.420,-36.505,1.099,36.524,1.177,388466.3,388.47,34536.12,8936.12,1.147,0.020,-0.002,-0.002,0.000,0.000,44.750,PID
673,33.6480,11.741,413.065,43.243,0.421,-36.425,1.099,36.444,1.177,388404.6,388.40,34529.75,8929.75,1.147,0.000,-0.002,-0.002,0.000,0.000,44.808,PID
674,33.6980,11.762,411.246,43.298,0.421,-36.345,1.099,36.364,1.177,388342.9,388.34,34523.38,8923.38,1.147,0.000,-0.002,-0.002,0.000,0.000,44.867,PID
675,33.7480,11.783,409.431,43.353,0.421,-36.264,1.099,36.283,1.177,388307.7,388.31,34517.02,8917.02,1.147,0.000,-0.002,-0.002,0.000,0.000,44.925,PID
676,33.7980,11.805,407.619,43.407,0.421,-36.184,1.099,36.203,1.176,388259.5,388.26,34510.65,8910.65,1.147,0.000,-0.002,-0.002,0.000,0.000,44.984,PID
677,33.8480,11.826,405.812,43.462,0.422,-36.104,1.097,36.123,1.176,388210.5,388.21,34504.28,8904.28,1.147,0.000,0.032,0.032,0.957,0.957,45.042,PID
678,33.8980,11.847,404.009,43.517,0.421,-36.024,1.098,36.043,1.176,388162.1,388.16,34497.91,8897.92,1.148,0.000,-0.002,-0.002,0.000,0.000,45.101,PID
679,33.9481,11.868,402.210,43.572,0.421,-35.944,1.098,35.963,1.176,388127.4,388.13,34491.55,8891.55,1.148,0.000,-0.002,-0.002,0.000,0.000,45.159,PID
680,33.9981,11.889,400.415,43.627,0.421,-35.863,1.098,35.883,1.176,388050.8,388.05,34485.19,8885.19,1.148,0.000,-0.002,-0.002,0.000,0.000,45.218,PID
681,34.0481,11.910,398.623,43.682,0.421,-35.783,1.098,35.802,1.176,388002.7,388.00,34478.83,8878.83,1.148,0.000,-0.002,-0.002,0.000,0.000,45.276,PID
682,34.0981,11.931,396.836,43.737,0.422,-35.703,1.097,35.722,1.176,387967.4,387.97,34472.47,8872.47,1.148,0.000,-0.002,-0.002,0.000,0.000,45.335,PID
683,34.1481,11.952,395.053,43.792,0.422,-35.623,1.097,35.642,1.176,387905.3,387.91,34466.11,8866.11,1.148,0.000,-0.002,-0.002,0.000,0.000,45.393,PID
684,34.1981,11.973,393.274,43.847,0.422,-35.542,1.097,35.562,1.175,387856.1,387.86,34459.76,8859.76,1.148,0.000,-0.002,-0.002,0.000,0.000,45.452,PID
685,34.2481,11.994,391.499,43.901,0.422,-35.462,1.097,35.482,1.175,387835.3,387.84,34453.40,8853.40,1.148,0.000,-0.002,-0.002,0.000,0.000,45.510,PID
686,34.2981,12.015,389.728,43.956,0.423,-35.382,1.096,35.401,1.175,387772.4,387.77,34447.04,8847.04,1.148,0.000,0.033,0.033,0.957,0.957,45.569,PID
687,34.3481,12.036,387.961,44.011,0.422,-35.302,1.097,35.321,1.175,387737.8,387.74,34440.68,8840.68,1.148,0.000,-0.002,-0.002,0.000,0.000,45.627,PID
688,34.3981,12.058,386.198,44.066,0.423,-35.221,1.095,35.241,1.174,387661.1,387.66,34434.33,8834.33,1.148,0.000,0.033,0.033,0.957,0.957,45.686,PID
689,34.4482,12.079,384.439,44.121,0.422,-35.141,1.096,35.161,1.175,387626.4,387.63,34427.97,8827.97,1.148,0.000,-0.002,-0.002,0.000,0.000,45.744,PID
690,34.4982,12.100,382.684,44.175,0.423,-35.061,1.096,35.081,1.175,387632.7,387.63,34421.61,8821.61,1.148,0.000,-0.001,-0.002,-0.950,-0.950,45.803,PID
691,34.5482,12.121,380.932,44.230,0.423,-34.981,1.096,35.000,1.175,387515.0,387.52,34415.25,8815.25,1.148,0.000,-0.001,-0.002,0.000,0.000,45.861,PID
692,34.5982,12.142,379.185,44.285,0.424,-34.900,1.095,34.920,1.174,387465.9,387.47,34408.90,8808.90,1.148,0.000,0.033,0.033,0.957,0.957,45.919,PID
693,34.6482,12.163,377.442,44.340,0.423,-34.820,1.096,34.840,1.174,387417.4,387.42,34402.55,8802.55,1.148,0.000,-0.001,-0.002,0.000,0.000,45.978,PID
694,34.6982,12.184,375.703,44.395,0.424,-34.740,1.094,34.760,1.174,387381.9,387.38,34396.20,8796.20,1.149,0.000,0.033,0.033,0.957,0.957,46.036,PID
695,34.7482,12.206,373.968,44.449,0.423,-34.660,1.095,34.680,1.174,387333.2,387.33,34389.86,8789.86,1.149,0.000,-0.001,-0.002,0.000,0.000,46.095,PID
696,34.7982,12.227,372.237,44.504,0.423,-34.580,1.095,34.599,1.174,387283.4,387.28,34383.51,8783.51,1.149,0.020,-0.001,-0.002,0.000,0.000,46.153,PID
697,34.8482,12.248,370.510,44.559,0.423,-34.499,1.095,34.519,1.174,387220.9,387.22,34377.16,8777.16,1.149,0.000,-0.001,-0.002,0.000,0.000,46.211,PID
698,34.8983,12.269,368.788,44.614,0.423,-34.419,1.095,34.439,1.174,387171.1,387.17,34370.81,8770.81,1.149,0.000,-0.001,-0.002,0.000,0.000,46.270,PID
699,34.9483,12.290,367.069,44.668,0.424,-34.339,1.094,34.359,1.174,387136.0,387.14,34364.46,8764.47,1.149,0.000,-0.001,-0.002,0.000,0.000,46.328,PID
700,34.9983,12.311,365.354,44.723,0.424,-34.259,1.094,34.279,1.173,387086.2,387.09,34358.12,8758.12,1.149,0.000,-0.001,-0.002,0.000,0.000,46.387,PID
701,35.0483,12.333,363.643,44.778,0.424,-34.178,1.094,34.198,1.173,387037.2,387.04,34351.77,8751.77,1.149,0.000,-0.001,-0.001,0.000,0.000,46.445,PID
702,35.0983,12.354,361.936,44.832,0.424,-34.098,1.094,34.118,1.173,386987.3,386.99,34345.42,8745.42,1.149,0.000,-0.001,-0.002,0.000,0.000,46.503,PID
703,35.1483,12.375,360.233,44.887,0.424,-34.018,1.094,34.038,1.173,386938.3,386.94,34339.07,8739.08,1.149,0.000,-0.001,-0.001,0.000,0.000,46.562,PID
704,35.1983,12.396,358.534,44.942,0.424,-33.938,1.094,33.958,1.173,386874.6,386.87,34332.73,8732.73,1.149,0.000,-0.001,-0.001,0.000,0.000,46.620,PID
705,35.2483,12.417,356.839,44.997,0.424,-33.857,1.093,33.878,1.173,386838.5,386.84,34326.39,8726.39,1.149,0.020,-0.001,-0.002,0.000,0.000,46.678,PID
706,35.2983,12.439,355.148,45.051,0.424,-33.777,1.093,33.797,1.173,386775.7,386.78,34320.05,8720.06,1.149,0.000,-0.002,-0.001,0.000,0.000,46.737,PID
707,35.3484,12.460,353.462,45.106,0.425,-33.697,1.093,33.717,1.173,386726.0,386.73,34313.72,8713.72,1.149,0.000,-0.002,-0.001,0.000,0.000,46.795,PID
708,35.3984,12.481,351.779,45.161,0.425,-33.617,1.093,33.637,1.173,386690.7,386.69,34307.38,8707.38,1.149,0.000,-0.002,-0.001,0.000,0.000,46.853,PID
709,35.4484,12.502,350.100,45.215,0.425,-33.536,1.093,33.557,1.172,386640.8,386.64,34301.04,8701.04,1.150,0.000,-0.002,-0.001,0.000,0.000,46.912,PID
710,35.4984,12.524,348.425,45.270,0.426,-33.456,1.092,33.477,1.172,386577.2,386.58,34294.70,8694.70,1.150,0.000,0.033,0.033,0.957,0.957,46.970,PID
711,35.5484,12.545,346.754,45.324,0.425,-33.376,1.092,33.396,1.172,386528.0,386.53,34288.37,8688.37,1.150,0.000,-0.002,-0.001,0.000,0.000,47.028,PID
712,35.5984,12.566,345.087,45.379,0.425,-33.296,1.092,33.316,1.172,386491.9,386.49,34282.03,8682.03,1.150,0.000,-0.002,-0.001,0.000,0.000,47.087,PID
713,35.6484,12.587,343.425,45.434,0.425,-33.215,1.092,33.236,1.172,386428.8,386.43,34275.69,8675.69,1.150,0.000,-0.001,-0.001,0.000,0.000,47.145,PID
714,35.6984,12.609,341.766,45.488,0.425,-33.135,1.092,33.156,1.172,386392.7,386.39,34269.35,8669.35,1.150,0.000,-0.001,-0.001,0.000,0.000,47.203,PID
715,35.7484,12.630,340.111,45.543,0.426,-33.055,1.092,33.076,1.172,386329.0,386.33,34263.02,8663.01,1.150,0.000,-0.002,-0.001,0.000,0.000,47.262,PID
716,35.7984,12.651,338.460,45.597,0.426,-32.974,1.092,32.995,1.172,386307.2,386.31,34256.68,8656.68,1.150,0.000,-0.001,-0.001,0.000,0.000,47.320,PID
717,35.8485,12.672,336.814,45.652,0.426,-32.894,1.091,32.915,1.172,386243.3,386.24,34250.35,8650.35,1.150,0.000,-0.001,-0.001,0.000,0.000,47.378,PID
718,35.8985,12.694,335.171,45.707,0.426,-32.814,1.091,32.835,1.171,386234.8,386.23,34244.02,8644.02,1.150,0.000,-0.001,-0.001,-0.950,-0.950,47.436,PID
719,35.9485,12.715,333.532,45.761,0.426,-32.734,1.091,32.755,1.171,386129.6,386.13,34237.70,8637.69,1.150,0.000,-0.001,-0.001,0.000,0.000,47.495,PID
720,35.9985,12.736,331.898,45.816,0.426,-32.653,1.091,32.674,1.171,386065.6,386.07,34231.37,8631.37,1.150,0.000,-0.001,-0.001,0.000,0.000,47.553,PID
721,36.0485,12.758,330.267,45.870,0.426,-32.573,1.091,32.594,1.171,386029.7,386.03,34225.04,8625.04,1.150,0.000,-0.001,-0.001,0.000,0.000,47.611,PID
722,36.0985,12.779,328.640,45.925,0.426,-32.493,1.091,32.514,1.171,385993.1,385.99,34218.71,8618.71,1.150,0.000,-0.001,-0.001,0.000,0.000,47.670,PID
723,36.1485,12.800,327.018,45.979,0.426,-32.413,1.090,32.434,1.171,385915.0,385.92,34212.38,8612.38,1.150,0.000,-0.001,-0.001,0.000,0.000,47.728,PID
724,36.1985,12.822,325.399,46.034,0.427,-32.332,1.090,32.354,1.171,385879.1,385.88,34206.05,8606.05,1.150,0.000,-0.001,-0.001,0.000,0.000,47.786,PID
725,36.2485,12.843,323.785,46.088,0.427,-32.252,1.090,32.273,1.171,385814.9,385.81,34199.73,8599.73,1.150,0.000,-0.001,-0.001,0.000,0.000,47.844,PID
726,36.2986,12.864,322.174,46.143,0.427,-32.172,1.090,32.193,1.171,385764.4,385.76,34193.40,8593.40,1.151,0.000,-0.001,-0.001,0.000,0.000,47.902,PID
727,36.3486,12.886,320.567,46.197,0.427,-32.092,1.090,32.113,1.170,385728.2,385.73,34187.07,8587.07,1.151,0.000,-0.001,-0.001,0.000,0.000,47.961,PID
728,36.3986,12.907,318.965,46.252,0.427,-32.011,1.090,32.033,1.170,385670.7,385.67,34180.75,8580.75,1.151,0.000,-0.001,-0.001,0.000,0.000,48.019,PID
729,36.4486,12.928,317.366,46.306,0.427,-31.931,1.089,31.952,1.170,385627.1,385.63,34174.43,8574.43,1.151,0.000,-0.001,-0.001,0.000,0.000,48.077,PID
730,36.4986,12.950,315.772,46.361,0.427,-31.851,1.089,31.872,1.170,385591.0,385.59,34168.11,8568.11,1.151,0.000,-0.001,-0.001,0.000,0.000,48.135,PID
731,36.5486,12.971,314.181,46.415,0.427,-31.771,1.089,31.792,1.170,385519.7,385.52,34161.79,8561.79,1.151,0.000,-0.001,-0.001,0.000,0.000,48.194,PID
732,36.5986,12.992,312.595,46.470,0.428,-31.690,1.089,31.712,1.170,385482.9,385.48,34155.47,8555.47,1.151,0.000,-0.001,-0.001,0.000,0.000,48.252,PID
733,36.6486,13.014,311.012,46.524,0.429,-31.610,1.088,31.632,1.169,385418.4,385.42,34149.16,8549.16,1.151,0.000,0.033,0.033,0.957,0.957,48.310,PID
734,36.6986,13.035,309.434,46.579,0.428,-31.530,1.089,31.551,1.170,385368.4,385.37,34142.84,8542.84,1.151,0.000,-0.001,-0.001,0.000,0.000,48.368,PID
735,36.7487,13.057,307.859,46.633,0.428,-31.449,1.089,31.471,1.170,385324.7,385.32,34136.52,8536.52,1.151,0.000,-0.001,-0.001,0.000,0.000,48.426,PID
736,36.7987,13.078,306.289,46.687,0.428,-31.369,1.088,31.391,1.170,385274.0,385.27,34130.20,8530.20,1.151,0.000,-0.001,-0.001,0.000,0.000,48.484,PID
737,36.8487,13.099,304.722,46.742,0.428,-31.289,1.088,31.311,1.169,385223.8,385.22,34123.88,8523.88,1.151,0.000,-0.001,-0.001,0.000,0.000,48.543,PID
738,36.8987,13.121,303.160,46.796,0.428,-31.209,1.088,31.231,1.169,385179.9,385.18,34117.56,8517.56,1.151,0.000,-0.001,-0.001,0.000,0.000,48.601,PID
739,36.9487,13.142,301.601,46.851,0.428,-31.128,1.088,31.150,1.169,385115.2,385.12,34111.25,8511.25,1.151,0.000,-0.001,-0.001,0.000,0.000,48.659,PID
740,36.9987,13.164,300.047,46.905,0.429,-31.048,1.087,31.070,1.169,385064.3,385.06,34104.93,8504.94,1.151,0.000,0.033,0.033,0.957,0.957,48.717,PID
741,37.0487,13.185,298.497,46.959,0.429,-30.968,1.088,30.990,1.169,385014.2,385.01,34098.63,8498.63,1.151,0.000,-0.001,-0.001,0.000,0.000,48.775,PID
742,37.0987,13.207,296.950,47.014,0.429,-30.888,1.087,30.910,1.169,384970.0,384.97,34092.32,8492.32,1.152,0.000,-0.001,-0.001,0.000,0.000,48.833,PID
743,37.1487,13.228,295.408,47.068,0.429,-30.807,1.087,30.829,1.169,384912.2,384.91,34086.01,8486.01,1.152,0.000,-0.001,-0.001,0.000,0.000,48.892,PID
744,37.1987,13.249,293.869,47.122,0.429,-30.727,1.087,30.749,1.169,384868.7,384.87,34079.70,8479.70,1.152,0.000,-0.001,-0.001,0.000,0.000,48.950,PID
745,37.2488,13.271,292.335,47.177,0.429,-30.647,1.087,30.669,1.169,384817.7,384.82,34073.39,8473.39,1.152,0.000,-0.001,-0.001,0.000,0.000,49.008,PID
746,37.2988,13.292,290.805,47.231,0.429,-30.566,1.087,30.589,1.168,384766.5,384.77,34067.08,8467.08,1.152,0.000,-0.001,-0.001,0.000,0.000,49.066,PID
747,37.3488,13.314,289.278,47.285,0.429,-30.486,1.087,30.509,1.168,384715.4,384.72,34060.77,8460.77,1.152,0.000,-0.001,-0.001,0.000,0.000,49.124,PID
748,37.3988,13.335,287.756,47.340,0.429,-30.406,1.086,30.428,1.168,384672.0,384.67,34054.46,8454.47,1.152,0.000,-0.001,-0.001,0.000,0.000,49.182,PID
749,37.4488,13.357,286.238,47.394,0.430,-30.326,1.086,30.348,1.168,384606.9,384.61,34048.16,8448.16,1.152,0.000,-0.001,-0.001,0.000,0.000,49.240,PID
750,37.4988,13.378,284.724,47.448,0.430,-30.245,1.086,30.268,1.168,384562.4,384.56,34041.85,8441.85,1.152,0.000,-0.001,-0.001,0.000,0.000,49.298,PID
751,37.5488,13.400,283.213,47.503,0.430,-30.165,1.086,30.188,1.168,384504.1,384.50,34035.54,8435.54,1.152,0.000,-0.001,-0.001,0.000,0.000,49.356,PID
752,37.5988,13.421,281.707,47.557,0.430,-30.085,1.086,30.107,1.168,384446.5,384.45,34029.24,8429.24,1.152,0.000,-0.001,-0.001,0.000,0.000,49.415,PID
753,37.6488,13.443,280.205,47.611,0.430,-30.004,1.086,30.027,1.168,384408.8,384.41,34022.94,8422.94,1.152,0.000,-0.001,-0.001,0.000,0.000,49.473,PID
754,37.6989,13.464,278.707,47.666,0.430,-29.924,1.086,29.947,1.168,384357.4,384.36,34016.64,8416.64,1.152,0.000,-0.001,-0.001,0.000,0.000,49.531,PID
755,37.7489,13.486,277.212,47.720,0.430,-29.844,1.085,29.867,1.168,384299.0,384.30,34010.34,8410.34,1.152,0.000,-0.001,-0.001,0.000,0.000,49.589,PID
756,37.7989,13.507,275.722,47.774,0.430,-29.764,1.085,29.787,1.167,384241.3,384.24,34004.05,8404.05,1.152,0.000,-0.001,-0.001,0.000,0.000,49.647,PID
757,37.8489,13.529,274.236,47.828,0.431,-29.683,1.085,29.706,1.167,384196.6,384.20,33997.75,8397.75,1.152,0.000,-0.001,-0.001,0.000,0.000,49.705,PID
758,37.8989,13.550,272.754,47.883,0.431,-29.603,1.085,29.626,1.167,384145.1,384.15,33991.45,8391.45,1.153,0.000,-0.001,-0.001,0.000,0.000,49.763,PID
759,37.9489,13.572,271.276,47.937,0.431,-29.523,1.085,29.546,1.167,384100.4,384.10,33985.15,8385.15,1.153,0.000,-0.001,-0.001,0.000,0.000,49.821,PID
760,37.9989,13.593,269.802,47.991,0.431,-29.442,1.085,29.466,1.167,384041.9,384.04,33978.85,8378.85,1.153,0.000,-0.001,-0.001,0.000,0.000,49.879,PID
761,38.0489,13.615,268.331,48.045,0.431,-29.362,1.084,29.385,1.167,383997.7,384.00,33972.55,8372.55,1.153,0.000,-0.001,-0.001,0.000,0.000,49.937,PID
762,38.0989,13.637,266.865,48.100,0.431,-29.282,1.084,29.305,1.167,383952.9,383.95,33966.25,8366.25,1.153,0.000,-0.001,-0.001,0.000,0.000,49.995,PID
763,38.1489,13.658,265.403,48.154,0.431,-29.202,1.084,29.225,1.167,383894.1,383.89,33959.96,8359.96,1.153,0.000,-0.001,-0.001,0.000,0.000,50.053,PID
764,38.1990,13.680,263.945,48.208,0.431,-29.121,1.084,29.145,1.167,383835.4,383.84,33953.67,8353.67,1.153,0.000,-0.001,-0.001,0.000,0.000,50.111,PID
765,38.2490,13.701,262.491,48.262,0.433,-29.041,1.083,29.064,1.166,383790.4,383.79,33947.38,8347.38,1.153,0.000,0.034,0.034,0.957,0.957,50.169,PID
766,38.2990,13.723,261.041,48.316,0.432,-28.961,1.084,28.984,1.166,383732.3,383.73,33941.09,8341.09,1.153,0.000,-0.001,-0.001,0.000,0.000,50.227,PID
767,38.3490,13.744,259.595,48.370,0.432,-28.880,1.084,28.904,1.166,383687.3,383.69,33934.80,8334.80,1.153,0.000,-0.001,-0.001,0.000,0.000,50.285,PID
768,38.3990,13.766,258.153,48.425,0.432,-28.800,1.083,28.824,1.166,383635.4,383.64,33928.52,8328.51,1.153,0.000,-0.001,-0.001,0.000,0.000,50.343,PID
769,38.4490,13.788,256.715,48.479,0.432,-28.720,1.083,28.744,1.166,383569.6,383.57,33922.23,8322.23,1.153,0.000,-0.001,-0.001,0.000,0.000,50.401,PID
770,38.4990,13.809,255.281,48.533,0.433,-28.640,1.082,28.663,1.166,383524.4,383.52,33915.94,8315.94,1.153,0.000,0.034,0.034,0.957,0.957,50.459,PID
771,38.5490,13.831,253.851,48.587,0.432,-28.559,1.083,28.583,1.166,383473.1,383.47,33909.65,8309.65,1.153,0.000,-0.001,-0.001,0.000,0.000,50.517,PID
772,38.5990,13.852,252.425,48.641,0.432,-28.479,1.083,28.503,1.166,383421.0,383.42,33903.36,8303.36,1.153,0.000,-0.001,-0.001,0.000,0.000,50.575,PID
773,38.6491,13.874,251.003,48.695,0.433,-28.399,1.083,28.423,1.166,383368.9,383.37,33897.07,8297.07,1.153,0.000,-0.001,-0.001,0.000,0.000,50.633,PID
774,38.6991,13.896,249.585,48.750,0.433,-28.318,1.082,28.342,1.166,383323.5,383.32,33890.78,8290.78,1.153,0.000,-0.001,-0.001,0.000,0.000,50.691,PID
775,38.7491,13.917,248.171,48.804,0.433,-28.238,1.082,28.262,1.166,383264.4,383.26,33884.50,8284.50,1.153,0.000,-0.001,-0.001,0.000,0.000,50.749,PID
776,38.7991,13.939,246.761,48.858,0.433,-28.158,1.082,28.182,1.166,383212.9,383.21,33878.22,8278.22,1.154,0.000,-0.001,-0.001,0.000,0.000,50.807,PID
777,38.8491,13.961,245.356,48.912,0.433,-28.078,1.082,28.102,1.165,383160.7,383.16,33871.94,8271.94,1.154,0.000,-0.001,-0.001,0.000,0.000,50.865,PID
778,38.8991,13.982,243.954,48.966,0.433,-27.997,1.082,28.021,1.165,383108.3,383.11,33865.66,8265.66,1.154,0.000,-0.001,-0.001,0.000,0.000,50.923,PID
779,38.9491,14.004,242.556,49.020,0.433,-27.917,1.082,27.941,1.165,383056.0,383.06,33859.38,8259.38,1.154,0.000,-0.001,-0.001,0.000,0.000,50.981,PID
780,38.9991,14.026,241.162,49.074,0.433,-27.837,1.082,27.861,1.165,383003.6,383.00,33853.11,8253.10,1.154,0.000,-0.001,-0.001,0.000,0.000,51.039,PID
781,39.0491,14.047,239.772,49.128,0.435,-27.756,1.081,27.781,1.165,382944.2,382.94,33846.82,8246.83,1.154,0.000,0.034,0.034,0.957,0.957,51.097,PID
782,39.0992,14.069,238.386,49.182,0.434,-27.676,1.081,27.701,1.165,382906.3,382.91,33840.55,8240.55,1.154,0.000,0.000,0.000,0.000,0.000,51.155,PID
783,39.1492,14.091,237.005,49.236,0.434,-27.596,1.081,27.620,1.165,382860.7,382.86,33834.27,8234.27,1.154,0.000,-0.001,-0.001,0.000,0.000,51.213,PID
784,39.1992,14.112,235.627,49.290,0.434,-27.515,1.081,27.540,1.165,382780.5,382.78,33827.99,8227.99,1.154,0.000,-0.001,-0.001,0.000,0.000,51.271,PID
785,39.2492,14.134,234.253,49.344,0.434,-27.435,1.081,27.460,1.165,382734.9,382.73,33821.71,8221.71,1.154,0.000,-0.001,-0.001,0.000,0.000,51.329,PID
786,39.2992,14.156,232.883,49.398,0.434,-27.355,1.081,27.380,1.165,382675.3,382.68,33815.44,8215.44,1.154,0.000,-0.001,-0.001,0.000,0.000,51.387,PID
787,39.3492,14.178,231.518,49.453,0.435,-27.275,1.080,27.299,1.164,382636.4,382.64,33809.16,8209.17,1.154,0.000,0.034,0.034,0.957,0.957,51.445,PID
788,39.3992,14.199,230.156,49.507,0.434,-27.194,1.080,27.219,1.165,382577.5,382.58,33802.90,8202.90,1.154,0.000,0.000,0.000,0.000,0.000,51.503,PID
789,39.4492,14.221,228.798,49.561,0.435,-27.114,1.080,27.139,1.164,382531.5,382.53,33796.63,8196.63,1.154,0.000,0.000,0.000,0.000,0.000,51.560,PID
790,39.4992,14.243,227.444,49.615,0.435,-27.034,1.080,27.059,1.164,382478.6,382.48,33790.36,8190.36,1.154,0.000,0.000,-0.001,0.000,0.000,51.618,PID
791,39.5492,14.264,226.095,49.669,0.435,-26.953,1.080,26.978,1.164,382425.7,382.43,33784.09,8184.09,1.154,0.000,-0.001,-0.001,0.000,0.000,51.676,PID
792,39.5993,14.286,224.749,49.723,0.435,-26.873,1.080,26.898,1.164,382372.8,382.37,33777.82,8177.82,1.154,0.000,-0.001,-0.001,0.000,0.000,51.734,PID
793,39.6493,14.308,223.408,49.777,0.435,-26.793,1.080,26.818,1.164,382319.8,382.32,33771.55,8171.55,1.154,0.000,-0.001,-0.001,0.000,0.000,51.792,PID
794,39.6993,14.330,222.070,49.831,0.435,-26.712,1.080,26.738,1.164,382267.5,382.27,33765.28,8165.28,1.155,0.000,0.000,0.000,0.000,0.000,51.850,PID
795,39.7493,14.351,220.736,49.885,0.435,-26.632,1.079,26.658,1.164,382214.5,382.21,33759.02,8159.02,1.155,0.000,0.000,0.000,0.000,0.000,51.908,PID
796,39.7993,14.373,219.407,49.938,0.435,-26.552,1.079,26.577,1.164,382154.6,382.15,33752.75,8152.75,1.155,0.000,0.000,0.000,0.000,0.000,51.966,PID
797,39.8493,14.395,218.081,49.992,0.436,-26.471,1.079,26.497,1.164,382108.4,382.11,33746.48,8146.49,1.155,0.000,0.000,0.000,0.000,0.000,52.024,PID
798,39.8993,14.417,216.760,50.046,0.436,-26.391,1.079,26.417,1.164,382055.4,382.06,33740.22,8140.22,1.155,0.000,0.000,-0.001,0.000,0.000,52.082,PID
799,39.9493,14.439,215.442,50.100,0.436,-26.311,1.079,26.337,1.164,382002.2,382.00,33733.96,8133.96,1.155,0.000,0.000,-0.001,0.000,0.000,52.139,PID
800,39.9993,14.460,214.128,50.154,0.436,-26.231,1.079,26.256,1.164,381928.4,381.93,33727.70,8127.70,1.155,0.000,-0.001,-0.001,0.000,0.000,52.197,PID
801,40.0494,14.482,212.819,50.208,0.436,-26.150,1.079,26.176,1.163,381910.3,381.91,33721.44,8121.44,1.155,0.000,0.000,0.000,0.000,0.000,52.255,PID
802,40.0994,14.504,211.513,50.262,0.436,-26.070,1.078,26.096,1.163,381850.0,381.85,33715.18,8115.18,1.155,0.000,0.000,0.000,0.000,0.000,52.313,PID
803,40.1494,14.526,210.212,50.316,0.436,-25.990,1.078,26.016,1.163,381782.8,381.78,33708.91,8108.92,1.155,0.000,0.000,0.000,0.000,0.000,52.371,PID
804,40.1994,14.548,208.914,50.370,0.436,-25.909,1.078,25.935,1.163,381729.3,381.73,33702.66,8102.66,1.155,0.000,0.000,0.000,0.000,0.000,52.429,PID
805,40.2494,14.569,207.621,50.424,0.437,-25.829,1.078,25.855,1.163,381682.6,381.68,33696.40,8096.40,1.155,0.000,0.000,0.000,0.000,0.000,52.487,PID
806,40.2994,14.591,206.332,50.478,0.437,-25.749,1.078,25.775,1.163,381622.2,381.62,33690.14,8090.14,1.155,0.000,0.000,0.000,0.000,0.000,52.544,PID
807,40.3494,14.613,205.046,50.532,0.437,-25.668,1.078,25.695,1.163,381568.6,381.57,33683.89,8083.89,1.155,0.000,0.000,-0.001,0.000,0.000,52.602,PID
808,40.3994,14.635,203.765,50.586,0.437,-25.588,1.078,25.614,1.163,381515.0,381.52,33677.63,8077.63,1.155,0.000,0.000,-0.001,0.000,0.000,52.660,PID
809,40.4494,14.657,202.487,50.639,0.437,-25.508,1.078,25.534,1.163,381461.9,381.46,33671.38,8071.38,1.155,0.000,0.000,0.000,0.000,0.000,52.718,PID
810,40.4995,14.679,201.214,50.693,0.437,-25.427,1.077,25.454,1.163,381408.4,381.41,33665.12,8065.12,1.155,0.000,0.000,0.000,0.000,0.000,52.776,PID
811,40.5495,14.701,199.945,50.747,0.437,-25.347,1.077,25.374,1.163,381361.7,381.36,33658.87,8058.87,1.155,0.000,0.000,0.000,0.000,0.000,52.834,PID
812,40.5995,14.722,198.679,50.801,0.437,-25.267,1.077,25.294,1.163,381294.2,381.29,33652.62,8052.62,1.155,0.000,0.000,0.000,0.000,0.000,52.891,PID
813,40.6495,14.744,197.418,50.855,0.438,-25.186,1.077,25.213,1.163,381247.4,381.25,33646.37,8046.37,1.156,0.000,0.000,0.000,0.000,0.000,52.949,PID
814,40.6995,14.766,196.161,50.909,0.438,-25.106,1.077,25.133,1.162,381193.6,381.19,33640.12,8040.12,1.156,0.000,0.000,0.000,0.000,0.000,53.007,PID
815,40.7495,14.788,194.907,50.963,0.438,-25.026,1.077,25.053,1.162,381139.8,381.14,33633.87,8033.87,1.156,0.000,0.000,0.000,0.000,0.000,53.065,PID
816,40.7995,14.810,193.658,51.016,0.438,-24.946,1.077,24.973,1.162,381086.0,381.09,33627.62,8027.62,1.156,0.000,0.000,0.000,0.000,0.000,53.123,PID
817,40.8495,14.832,192.413,51.070,0.438,-24.865,1.077,24.892,1.162,381039.0,381.04,33621.38,8021.38,1.156,0.000,0.000,-0.001,0.000,0.000,53.180,PID
818,40.8995,14.854,191.172,51.124,0.438,-24.785,1.076,24.812,1.162,380971.8,380.97,33615.13,8015.13,1.156,0.000,0.000,0.000,0.000,0.000,53.238,PID
819,40.9495,14.876,189.934,51.178,0.438,-24.705,1.076,24.732,1.162,380917.9,380.92,33608.89,8008.89,1.156,0.000,0.000,0.000,0.000,0.000,53.296,PID
820,40.9996,14.898,188.701,51.232,0.439,-24.624,1.076,24.652,1.162,380870.8,380.87,33602.64,8002.64,1.156,0.000,0.000,0.000,0.000,0.000,53.354,PID
821,41.0496,14.920,187.472,51.286,0.439,-24.544,1.076,24.571,1.162,380816.8,380.82,33596.39,7996.40,1.156,0.000,0.000,0.000,0.000,0.000,53.412,PID
822,41.0996,14.942,186.247,51.339,0.439,-24.464,1.076,24.491,1.162,380762.7,380.76,33590.15,7990.15,1.156,0.000,0.000,0.000,0.000,0.000,53.469,PID
823,41.1496,14.963,185.025,51.393,0.439,-24.383,1.076,24.411,1.162,380708.5,380.71,33583.91,7983.91,1.156,0.000,0.000,0.000,0.000,0.000,53.527,PID
824,41.1996,14.985,183.808,51.447,0.439,-24.303,1.076,24.331,1.162,380661.3,380.66,33577.67,7977.67,1.156,0.000,0.000,0.000,0.000,0.000,53.585,PID
825,41.2496,15.007,182.595,51.501,0.439,-24.223,1.075,24.251,1.162,380600.3,380.60,33571.43,7971.43,1.156,0.000,0.000,0.000,0.000,0.000,53.643,PID
826,41.2996,15.029,181.386,51.554,0.439,-24.142,1.075,24.170,1.162,380546.2,380.55,33565.19,7965.19,1.156,0.000,0.000,0.000,0.000,0.000,53.700,PID
827,41.3496,15.051,180.181,51.608,0.439,-24.062,1.075,24.090,1.162,380478.8,380.48,33558.95,7958.95,1.156,0.000,0.000,0.000,0.000,0.000,53.758,PID
828,41.3996,15.073,178.980,51.662,0.440,-23.982,1.075,24.010,1.161,380438.3,380.44,33552.71,7952.72,1.156,0.000,0.000,0.000,0.000,0.000,53.816,PID
829,41.4497,15.095,177.783,51.716,0.440,-23.901,1.075,23.930,1.161,380370.2,380.37,33546.48,7946.48,1.156,0.000,0.000,0.000,0.000,0.000,53.874,PID
830,41.4997,15.117,176.590,51.769,0.440,-23.821,1.075,23.849,1.161,380322.6,380.32,33540.25,7940.25,1.156,0.000,0.000,0.000,0.000,0.000,53.931,PID
831,41.5497,15.139,175.401,51.823,0.440,-23.741,1.075,23.769,1.161,380261.1,380.26,33534.01,7934.01,1.156,0.000,0.000,0.000,0.000,0.000,53.989,PID
832,41.5997,15.161,174.216,51.877,0.440,-23.660,1.075,23.689,1.161,380220.3,380.22,33527.77,7927.77,1.156,0.000,0.000,0.000,0.000,0.000,54.047,PID
833,41.6497,15.183,173.035,51.931,0.440,-23.580,1.074,23.609,1.161,380151.9,380.15,33521.54,7921.54,1.156,0.000,0.000,0.000,0.000,0.000,54.105,PID
834,41.6997,15.205,171.858,51.984,0.440,-23.500,1.074,23.528,1.161,380104.2,380.10,33515.31,7915.31,1.157,0.000,0.000,0.000,0.000,0.000,54.162,PID
835,41.7497,15.227,170.685,52.038,0.440,-23.419,1.074,23.448,1.161,380042.6,380.04,33509.08,7909.08,1.157,0.000,0.000,0.000,0.000,0.000,54.220,PID
836,41.7997,15.249,169.516,52.092,0.441,-23.339,1.074,23.368,1.161,379994.8,379.99,33502.85,7902.85,1.157,0.000,0.000,0.000,0.000,0.000,54.278,PID
837,41.8497,15.271,168.351,52.146,0.441,-23.259,1.074,23.288,1.161,379940.0,379.94,33496.62,7896.62,1.157,0.000,0.000,0.000,0.000,0.000,54.336,PID
838,41.8998,15.293,167.190,52.199,0.441,-23.178,1.074,23.208,1.161,379885.8,379.89,33490.39,7890.39,1.157,0.000,0.000,0.000,0.000,0.000,54.393,PID
839,41.9498,15.315,166.033,52.253,0.441,-23.098,1.074,23.127,1.161,379831.1,379.83,33484.16,7884.17,1.157,0.000,0.000,0.000,0.000,0.000,54.451,PID
840,41.9998,15.337,164.880,52.307,0.441,-23.018,1.074,23.047,1.161,379769.4,379.77,33477.94,7877.94,1.157,0.000,0.000,0.000,0.000,0.000,54.509,PID
841,42.0498,15.360,163.731,52.360,0.441,-22.937,1.074,22.967,1.161,379721.4,379.72,33471.71,7871.71,1.157,0.000,0.000,0.000,0.000,0.000,54.567,PID
842,42.0998,15.382,162.586,52.414,0.441,-22.857,1.073,22.887,1.161,379666.4,379.67,33465.49,7865.49,1.157,0.000,0.000,0.000,0.000,0.000,54.624,PID
843,42.1498,15.404,161.445,52.468,0.442,-22.777,1.073,22.806,1.161,379611.6,379.61,33459.26,7859.26,1.157,0.000,0.000,0.000,0.000,0.000,54.682,PID
844,42.1998,15.426,160.309,52.521,0.442,-22.697,1.073,22.726,1.160,379563.5,379.56,33453.04,7853.04,1.157,0.000,0.000,0.000,0.000,0.000,54.740,PID
845,42.2498,15.448,159.176,52.575,0.442,-22.616,1.073,22.646,1.160,379501.6,379.50,33446.82,7846.82,1.157,0.000,0.000,0.000,0.000,0.000,54.797,PID
846,42.2998,15.470,158.047,52.629,0.442,-22.536,1.073,22.566,1.160,379446.6,379.45,33440.60,7840.60,1.157,0.000,0.000,0.000,0.000,0.000,54.855,PID
847,42.3498,15.492,156.922,52.682,0.442,-22.456,1.073,22.485,1.160,379384.6,379.38,33434.38,7834.38,1.157,0.000,0.000,0.000,0.000,0.000,54.913,PID
848,42.3999,15.514,155.801,52.736,0.442,-22.375,1.073,22.405,1.160,379336.3,379.34,33428.16,7828.16,1.157,0.000,0.000,0.000,0.000,0.000,54.970,PID
849,42.4499,15.536,154.685,52.789,0.442,-22.295,1.073,22.325,1.160,379281.1,379.28,33421.94,7821.94,1.157,0.000,0.000,0.000,0.000,0.000,55.028,PID
850,42.4999,15.558,153.572,52.843,0.443,-22.215,1.072,22.245,1.160,379225.6,379.23,33415.72,7815.72,1.157,0.000,0.035,0.034,0.957,0.958,55.086,PID
851,42.5499,15.580,152.463,52.897,0.443,-22.134,1.072,22.165,1.160,379170.9,379.17,33409.51,7809.51,1.157,0.000,0.000,0.000,0.000,0.000,55.144,PID
852,42.5999,15.603,151.359,52.950,0.443,-22.054,1.072,22.084,1.160,379115.5,379.12,33403.29,7803.29,1.157,0.000,0.000,0.000,0.000,0.000,55.201,PID
853,42.6499,15.625,150.258,53.004,0.443,-21.974,1.072,22.004,1.160,379059.9,379.06,33397.07,7797.08,1.157,0.000,0.000,0.000,0.000,0.000,55.259,PID
854,42.6999,15.647,149.161,53.058,0.443,-21.893,1.072,21.924,1.160,379004.4,379.00,33390.86,7790.86,1.157,0.000,0.000,0.000,0.000,0.000,55.317,PID
855,42.7499,15.669,148.069,53.111,0.443,-21.813,1.072,21.844,1.160,378948.8,378.95,33384.65,7784.65,1.158,0.000,0.000,0.000,0.000,0.000,55.374,PID
856,42.7999,15.691,146.980,53.165,0.443,-21.733,1.072,21.763,1.160,378893.3,378.89,33378.44,7778.44,1.158,0.000,0.000,0.000,0.000,0.000,55.432,PID
857,42.8500,15.713,145.895,53.218,0.443,-21.652,1.072,21.683,1.160,378830.8,378.83,33372.23,7772.23,1.158,0.000,0.000,0.000,0.000,0.000,55.490,PID
858,42.9000,15.736,144.815,53.272,0.443,-21.572,1.072,21.603,1.160,378782.0,378.78,33366.02,7766.02,1.158,0.000,0.000,0.000,0.000,0.000,55.547,PID
859,42.9500,15.758,143.738,53.325,0.444,-21.492,1.071,21.523,1.160,378726.2,378.73,33359.80,7759.81,1.158,0.000,0.000,0.000,0.000,0.000,55.605,PID
860,43.0000,15.780,142.666,53.379,0.444,-21.411,1.071,21.443,1.160,378670.7,378.67,33353.60,7753.60,1.158,0.000,0.000,0.000,0.000,0.000,55.663,PID
861,43.0500,15.802,141.597,53.433,0.444,-21.331,1.071,21.362,1.160,378621.8,378.62,33347.39,7747.39,1.158,0.000,0.000,0.000,0.000,0.000,55.720,PID
862,43.1000,15.824,140.532,53.486,0.444,-21.251,1.071,21.282,1.159,378559.0,378.56,33341.18,7741.19,1.158,0.000,0.000,0.000,0.000,0.000,55.778,PID
863,43.1500,15.847,139.472,53.540,0.444,-21.170,1.071,21.202,1.159,378496.3,378.50,33334.98,7734.98,1.158,0.000,0.000,0.000,0.000,0.000,55.836,PID
864,43.2000,15.869,138.415,53.593,0.444,-21.090,1.071,21.122,1.159,378447.3,378.45,33328.77,7728.77,1.158,0.000,0.000,0.000,0.000,0.000,55.893,PID
865,43.2500,15.891,137.363,53.647,0.444,-21.010,1.071,21.041,1.159,378392.1,378.39,33322.57,7722.57,1.158,0.000,0.000,0.000,0.000,0.000,55.951,PID
866,43.3001,15.913,136.314,53.700,0.445,-20.929,1.071,20.961,1.159,378343.1,378.34,33316.37,7716.37,1.158,0.000,0.000,0.000,0.000,0.000,56.009,PID
867,43.3501,15.935,135.270,53.754,0.445,-20.849,1.071,20.881,1.159,378294.0,378.29,33310.16,7710.17,1.158,0.000,0.000,0.000,0.000,0.000,56.066,PID
868,43.4001,15.958,134.230,53.807,0.445,-20.769,1.070,20.801,1.159,378217.3,378.22,33303.96,7703.96,1.158,0.000,0.000,0.000,0.000,0.000,56.124,PID
869,43.4501,15.980,133.193,53.861,0.445,-20.688,1.070,20.721,1.159,378168.1,378.17,33297.76,7697.76,1.158,0.000,0.000,0.000,0.000,0.000,56.181,PID
870,43.5001,16.002,132.161,53.914,0.445,-20.608,1.070,20.640,1.159,378118.9,378.12,33291.56,7691.56,1.158,0.000,0.000,0.000,0.000,0.000,56.239,PID
871,43.5501,16.024,131.132,53.968,0.445,-20.527,1.070,20.560,1.159,378055.7,378.06,33285.37,7685.37,1.158,0.000,0.000,0.000,0.000,0.000,56.297,PID
872,43.6001,16.047,130.108,54.021,0.445,-20.447,1.070,20.480,1.159,378006.5,378.01,33279.17,7679.17,1.158,0.000,0.000,0.000,0.000,0.000,56.354,PID
873,43.6501,16.069,129.088,54.075,0.445,-20.367,1.070,20.400,1.159,377943.3,377.94,33272.97,7672.97,1.158,0.000,0.000,0.000,0.000,0.000,56.412,PID
874,43.7001,16.091,128.071,54.128,0.446,-20.286,1.070,20.320,1.159,377873.3,377.87,33266.78,7666.78,1.158,0.000,0.000,0.000,0.000,0.000,56.470,PID
875,43.7501,16.113,127.059,54.182,0.446,-20.206,1.070,20.239,1.159,377830.8,377.83,33260.58,7660.58,1.158,0.000,0.000,0.000,0.000,0.000,56.527,PID
876,43.8002,16.136,126.051,54.235,0.446,-20.126,1.070,20.159,1.159,377767.6,377.77,33254.39,7654.39,1.158,0.000,0.000,0.000,0.000,0.000,56.585,PID
877,43.8502,16.158,125.046,54.289,0.446,-20.045,1.070,20.079,1.159,377718.1,377.72,33248.20,7648.20,1.159,0.000,0.000,0.000,0.000,0.000,56.642,PID
878,43.9002,16.180,124.046,54.342,0.446,-19.965,1.069,19.999,1.159,377654.8,377.65,33242.00,7642.00,1.159,0.000,0.000,0.000,0.000,0.000,56.700,PID
879,43.9502,16.203,123.050,54.396,0.446,-19.885,1.069,19.919,1.159,377605.3,377.61,33235.81,7635.81,1.159,0.000,0.000,0.000,0.000,0.000,56.758,PID
880,44.0002,16.225,122.058,54.449,0.446,-19.804,1.069,19.838,1.159,377535.0,377.54,33229.62,7629.62,1.159,0.000,0.000,0.000,0.000,0.000,56.815,PID
881,44.0502,16.247,121.069,54.503,0.447,-19.724,1.069,19.758,1.159,377492.3,377.49,33223.43,7623.43,1.159,0.000,0.000,0.000,0.000,0.000,56.873,PID
882,44.1002,16.270,120.085,54.556,0.447,-19.644,1.069,19.678,1.159,377505.0,377.51,33217.25,7617.25,1.159,0.000,0.000,0.000,-0.950,-0.950,56.930,PID
883,44.1502,16.292,119.105,54.610,0.447,-19.563,1.069,19.598,1.159,377379.8,377.38,33211.06,7611.06,1.159,0.000,0.000,0.000,0.000,0.000,56.988,PID
884,44.2002,16.314,118.129,54.663,0.447,-19.483,1.069,19.518,1.159,377309.4,377.31,33204.87,7604.87,1.159,0.000,0.000,0.000,0.000,0.000,57.046,PID
885,44.2503,16.337,117.157,54.717,0.447,-19.403,1.069,19.437,1.158,377259.4,377.26,33198.69,7598.69,1.159,0.000,0.000,0.000,0.000,0.000,57.103,PID
886,44.3003,16.359,116.189,54.770,0.447,-19.322,1.069,19.357,1.158,377223.2,377.22,33192.50,7592.50,1.159,0.000,0.000,0.000,0.000,0.000,57.161,PID
887,44.3503,16.381,115.225,54.823,0.447,-19.242,1.069,19.277,1.158,377152.4,377.15,33186.32,7586.32,1.159,0.000,0.000,0.000,0.000,0.000,57.218,PID
888,44.4003,16.404,114.264,54.877,0.448,-19.162,1.068,19.197,1.158,377102.3,377.10,33180.14,7580.14,1.159,0.000,0.000,0.000,0.000,0.000,57.276,PID
889,44.4503,16.426,113.308,54.930,0.448,-19.081,1.068,19.116,1.158,377038.5,377.04,33173.95,7573.96,1.159,0.000,0.000,0.000,0.000,0.000,57.334,PID
890,44.5003,16.449,112.356,54.984,0.448,-19.001,1.068,19.036,1.158,376981.4,376.98,33167.77,7567.77,1.159,0.000,0.000,0.000,0.000,0.000,57.391,PID
891,44.5503,16.471,111.408,55.037,0.448,-18.921,1.068,18.956,1.158,376931.1,376.93,33161.59,7561.59,1.159,0.000,0.000,0.000,0.000,0.000,57.449,PID
892,44.6003,16.493,110.464,55.090,0.448,-18.840,1.068,18.876,1.158,376867.1,376.87,33155.41,7555.42,1.159,0.000,0.000,0.000,0.000,0.000,57.506,PID
893,44.6503,16.516,109.524,55.144,0.448,-18.760,1.068,18.796,1.158,376809.9,376.81,33149.24,7549.24,1.159,0.000,0.000,0.000,0.000,0.000,57.564,PID
894,44.7003,16.538,108.588,55.197,0.448,-18.680,1.068,18.715,1.158,376752.7,376.75,33143.06,7543.06,1.159,0.000,0.000,0.000,0.000,0.000,57.622,PID
895,44.7504,16.561,107.656,55.251,0.448,-18.599,1.068,18.635,1.158,376695.3,376.70,33136.88,7536.88,1.159,0.000,0.000,0.000,0.000,0.000,57.679,PID
896,44.8004,16.583,106.728,55.304,0.449,-18.519,1.068,18.555,1.158,376631.2,376.63,33130.71,7530.71,1.159,0.000,0.000,0.000,0.000,0.000,57.737,PID
897,44.8504,16.605,105.804,55.357,0.449,-18.439,1.068,18.475,1.158,376580.8,376.58,33124.54,7524.54,1.159,0.000,0.000,0.000,0.000,0.000,57.794,PID
898,44.9004,16.628,104.884,55.411,0.449,-18.358,1.068,18.395,1.158,376523.4,376.52,33118.36,7518.36,1.159,0.000,0.000,0.000,0.000,0.000,57.852,PID
899,44.9504,16.650,103.969,55.464,0.449,-18.278,1.067,18.315,1.158,376466.0,376.47,33112.19,7512.19,1.159,0.000,0.000,0.000,0.000,0.000,57.909,PID
900,45.0004,16.673,103.057,55.518,0.449,-18.198,1.067,18.234,1.158,376408.6,376.41,33106.02,7506.02,1.159,0.000,0.000,0.000,0.000,0.000,57.967,PID
901,45.0504,16.695,102.149,55.571,0.449,-18.117,1.067,18.154,1.158,376351.1,376.35,33099.85,7499.85,1.159,0.000,0.000,0.000,0.000,0.000,58.025,PID
902,45.1004,16.718,101.245,55.624,0.449,-18.037,1.067,18.074,1.158,376293.5,376.29,33093.68,7493.68,1.160,0.000,0.000,0.000,0.000,0.000,58.082,PID
903,45.1504,16.740,100.345,55.678,0.450,-17.957,1.067,17.994,1.158,376236.0,376.24,33087.51,7487.51,1.160,0.000,0.000,0.000,0.000,0.000,58.140,PID
904,45.2005,16.763,99.449,55.731,0.450,-17.876,1.067,17.914,1.158,376186.0,376.19,33081.34,7481.34,1.160,0.000,0.000,0.000,0.000,0.000,58.197,PID
905,45.2505,16.785,98.557,55.784,0.450,-17.796,1.067,17.833,1.158,376128.3,376.13,33075.18,7475.18,1.160,0.000,0.000,0.000,0.000,0.000,58.255,PID
906,45.3005,16.808,97.670,55.838,0.450,-17.715,1.067,17.753,1.158,376056.9,376.06,33069.01,7469.01,1.160,0.000,0.000,0.000,0.000,0.000,58.312,PID
907,45.3505,16.830,96.786,55.891,0.450,-17.635,1.067,17.673,1.158,375999.2,376.00,33062.84,7462.85,1.160,0.000,0.000,0.000,0.000,0.000,58.370,PID
908,45.4005,16.853,95.906,55.944,0.450,-17.555,1.067,17.593,1.158,375948.4,375.95,33056.68,7456.68,1.160,0.000,0.000,0.000,0.000,0.000,58.428,PID
909,45.4505,16.875,95.030,55.998,0.450,-17.474,1.067,17.513,1.158,375890.7,375.89,33050.52,7450.52,1.160,0.000,0.000,0.000,0.000,0.000,58.485,PID
910,45.5005,16.898,94.159,56.051,0.451,-17.394,1.066,17.433,1.158,375832.9,375.83,33044.36,7444.36,1.160,0.000,0.000,0.000,0.000,0.000,58.543,PID
911,45.5505,16.920,93.291,56.104,0.451,-17.314,1.066,17.352,1.158,375774.9,375.77,33038.20,7438.20,1.160,0.000,0.000,0.000,0.000,0.000,58.600,PID
912,45.6005,16.943,92.427,56.158,0.451,-17.233,1.066,17.272,1.158,375709.9,375.71,33032.04,7432.04,1.160,0.000,0.000,0.000,0.000,0.000,58.658,PID
913,45.6506,16.965,91.568,56.211,0.451,-17.153,1.066,17.192,1.158,375651.7,375.65,33025.88,7425.88,1.160,0.000,0.000,0.000,0.000,0.000,58.715,PID
914,45.7006,16.988,90.712,56.264,0.451,-17.073,1.066,17.112,1.158,375593.5,375.59,33019.72,7419.72,1.160,0.000,0.000,0.000,0.000,0.000,58.773,PID
915,45.7506,17.010,89.860,56.318,0.451,-16.992,1.066,17.032,1.158,375535.2,375.54,33013.56,7413.56,1.160,0.000,0.000,0.000,0.000,0.000,58.830,PID
916,45.8006,17.033,89.013,56.371,0.451,-16.912,1.066,16.952,1.158,375476.9,375.48,33007.41,7407.41,1.160,0.000,0.000,0.000,0.000,0.000,58.888,PID
917,45.8506,17.056,88.169,56.424,0.452,-16.832,1.066,16.871,1.158,375418.6,375.42,33001.25,7401.25,1.160,0.000,0.000,0.000,0.000,0.000,58.945,PID
918,45.9006,17.078,87.330,56.477,0.452,-16.751,1.066,16.791,1.157,375360.2,375.36,32995.10,7395.10,1.160,0.000,0.000,0.000,0.000,0.000,59.003,PID
919,45.9506,17.101,86.494,56.531,0.452,-16.671,1.066,16.711,1.157,375301.8,375.30,32988.95,7388.95,1.160,0.000,0.000,0.000,0.000,0.000,59.061,PID
920,46.0006,17.123,85.663,56.584,0.452,-16.591,1.066,16.631,1.157,375243.3,375.24,32982.79,7382.79,1.160,0.000,0.000,0.000,0.000,0.000,59.118,PID
921,46.0506,17.146,84.835,56.637,0.452,-16.510,1.065,16.551,1.157,375191.6,375.19,32976.64,7376.64,1.160,0.000,0.000,0.000,0.000,0.000,59.176,PID
922,46.1006,17.169,84.012,56.691,0.452,-16.430,1.065,16.471,1.157,375126.3,375.13,32970.49,7370.49,1.160,0.000,0.000,0.000,0.000,0.000,59.233,PID
923,46.1507,17.191,83.192,56.744,0.452,-16.349,1.065,16.390,1.157,375067.7,375.07,32964.34,7364.34,1.160,0.000,0.000,0.000,0.000,0.000,59.291,PID
924,46.2007,17.214,82.377,56.797,0.452,-16.269,1.065,16.310,1.157,375002.2,375.00,32958.20,7358.20,1.160,0.000,0.000,0.000,0.000,0.000,59.348,PID
925,46.2507,17.236,81.565,56.850,0.453,-16.189,1.065,16.230,1.157,374943.6,374.94,32952.05,7352.05,1.160,0.000,0.000,0.000,0.000,0.000,59.406,PID
926,46.3007,17.259,80.758,56.904,0.453,-16.108,1.065,16.150,1.157,374891.8,374.89,32945.90,7345.90,1.160,0.000,0.000,0.000,0.000,0.000,59.463,PID
927,46.3507,17.282,79.954,56.957,0.453,-16.028,1.065,16.070,1.157,374839.9,374.84,32939.75,7339.75,1.160,0.000,0.000,0.000,0.000,0.000,59.521,PID
928,46.4007,17.304,79.155,57.010,0.453,-15.948,1.065,15.990,1.157,374774.3,374.77,32933.61,7333.61,1.160,0.000,-0.001,0.000,0.000,0.000,59.578,PID
929,46.4507,17.327,78.360,57.063,0.453,-15.867,1.065,15.910,1.157,374719.1,374.72,32927.47,7327.47,1.160,0.000,-0.001,0.000,0.000,0.000,59.636,PID
930,46.5007,17.350,77.568,57.117,0.453,-15.787,1.065,15.829,1.157,374660.3,374.66,32921.32,7321.33,1.161,0.000,-0.001,0.000,0.000,0.000,59.693,PID
931,46.5507,17.372,76.781,57.170,0.453,-15.707,1.065,15.749,1.157,374598.0,374.60,32915.18,7315.18,1.161,0.000,-0.001,0.000,0.000,0.000,59.751,PID
932,46.6008,17.395,75.998,57.223,0.454,-15.626,1.065,15.669,1.157,374539.2,374.54,32909.04,7309.04,1.161,0.000,-0.001,0.000,0.000,0.000,59.809,PID
933,46.6508,17.418,75.218,57.276,0.454,-15.546,1.064,15.589,1.157,374483.8,374.48,32902.90,7302.90,1.161,0.000,-0.001,0.000,0.000,0.000,59.866,PID
934,46.7008,17.440,74.443,57.329,0.454,-15.466,1.064,15.509,1.157,374414.6,374.41,32896.77,7296.76,1.161,0.020,-0.001,0.000,0.000,0.000,59.924,PID
935,46.7508,17.463,73.672,57.383,0.454,-15.385,1.064,15.429,1.157,374363.2,374.36,32890.63,7290.63,1.161,0.000,0.000,0.000,0.000,0.000,59.981,PID
936,46.8008,17.486,72.904,57.436,0.454,-15.305,1.064,15.349,1.157,374300.6,374.30,32884.49,7284.49,1.161,0.000,0.000,0.000,0.000,0.000,60.039,PID
937,46.8508,17.509,72.141,57.489,0.454,-15.225,1.064,15.268,1.157,374244.9,374.24,32878.35,7278.35,1.161,0.000,0.000,0.000,0.000,0.000,60.096,PID
938,46.9008,17.531,71.382,57.542,0.454,-15.144,1.064,15.188,1.157,374182.3,374.18,32872.22,7272.22,1.161,0.000,0.000,0.000,0.000,0.000,60.154,PID
939,46.9508,17.554,70.627,57.595,0.455,-15.064,1.064,15.108,1.157,374126.5,374.13,32866.09,7266.08,1.161,0.000,0.000,0.000,0.000,0.000,60.211,PID
940,47.0008,17.577,69.876,57.649,0.455,-14.984,1.064,15.028,1.157,374063.9,374.06,32859.95,7259.95,1.161,0.000,0.000,0.000,0.000,0.000,60.269,PID
941,47.0509,17.599,69.128,57.702,0.455,-14.903,1.064,14.948,1.157,374004.6,374.00,32853.82,7253.82,1.161,0.000,0.000,0.000,0.000,0.000,60.326,PID
942,47.1009,17.622,68.385,57.755,0.455,-14.823,1.064,14.868,1.157,373948.7,373.95,32847.69,7247.69,1.161,0.000,0.000,0.000,0.000,0.000,60.384,PID
943,47.1509,17.645,67.646,57.808,0.455,-14.742,1.064,14.788,1.157,373889.4,373.89,32841.56,7241.56,1.161,0.000,0.000,0.000,0.000,0.000,60.441,PID
944,47.2009,17.668,66.911,57.861,0.455,-14.662,1.064,14.708,1.157,373826.6,373.83,32835.43,7235.43,1.161,0.000,0.000,0.000,0.000,0.000,60.499,PID
945,47.2509,17.691,66.180,57.915,0.455,-14.582,1.063,14.628,1.157,373767.1,373.77,32829.30,7229.30,1.161,0.000,0.000,0.000,0.000,0.000,60.556,PID
946,47.3009,17.713,65.453,57.968,0.456,-14.501,1.063,14.547,1.157,373714.5,373.71,32823.17,7223.17,1.161,0.000,0.000,0.000,0.000,0.000,60.614,PID
947,47.3509,17.736,64.730,58.021,0.456,-14.421,1.063,14.467,1.157,373651.5,373.65,32817.05,7217.05,1.161,0.000,0.000,0.000,0.000,0.000,60.671,PID
948,47.4009,17.759,64.011,58.074,0.456,-14.341,1.063,14.387,1.157,373585.1,373.59,32810.92,7210.92,1.161,0.000,0.000,0.000,0.000,0.000,60.729,PID
949,47.4509,17.782,63.296,58.127,0.456,-14.260,1.063,14.307,1.157,373525.3,373.53,32804.80,7204.80,1.161,0.000,0.000,0.000,0.000,0.000,60.786,PID
950,47.5009,17.804,62.585,58.180,0.456,-14.180,1.063,14.227,1.157,373472.6,373.47,32798.68,7198.68,1.161,0.000,0.000,0.000,0.000,0.000,60.844,PID
951,47.5510,17.827,61.878,58.234,0.456,-14.100,1.063,14.147,1.157,373412.8,373.41,32792.55,7192.55,1.161,0.000,0.000,0.000,0.000,0.000,60.901,PID
952,47.6010,17.850,61.175,58.287,0.456,-14.019,1.063,14.067,1.157,373349.6,373.35,32786.43,7186.43,1.161,0.000,0.000,0.000,0.000,0.000,60.959,PID
953,47.6510,17.873,60.476,58.340,0.457,-13.939,1.063,13.987,1.157,373293.1,373.29,32780.31,7180.31,1.161,0.000,0.000,0.000,0.000,0.000,61.016,PID
954,47.7010,17.896,59.781,58.393,0.457,-13.859,1.063,13.907,1.157,373229.7,373.23,32774.19,7174.19,1.161,0.000,0.000,0.000,0.000,0.000,61.074,PID
955,47.7510,17.919,59.090,58.446,0.457,-13.778,1.063,13.827,1.157,373169.7,373.17,32768.07,7168.07,1.161,0.000,0.000,0.000,0.000,0.000,61.131,PID
956,47.8010,17.941,58.403,58.499,0.457,-13.698,1.063,13.747,1.157,373109.6,373.11,32761.96,7161.96,1.161,0.000,0.000,0.000,0.000,0.000,61.189,PID
957,47.8510,17.964,57.720,58.552,0.457,-13.617,1.063,13.667,1.157,373049.6,373.05,32755.84,7155.84,1.161,0.000,0.000,0.000,0.000,0.000,61.246,PID
958,47.9010,17.987,57.041,58.606,0.457,-13.537,1.062,13.586,1.157,372992.9,372.99,32749.72,7149.72,1.161,0.000,0.000,0.000,0.000,0.000,61.304,PID
959,47.9510,18.010,56.366,58.659,0.457,-13.457,1.062,13.506,1.157,372929.2,372.93,32743.61,7143.61,1.161,0.000,0.000,0.000,0.000,0.000,61.361,PID
960,48.0011,18.033,55.696,58.712,0.458,-13.376,1.062,13.426,1.157,372869.1,372.87,32737.50,7137.50,1.161,0.000,0.000,0.000,0.000,0.000,61.419,PID
961,48.0511,18.056,55.029,58.765,0.458,-13.296,1.062,13.346,1.157,372808.8,372.81,32731.38,7131.38,1.161,0.000,0.000,0.000,0.000,0.000,61.476,PID
962,48.1011,18.079,54.366,58.818,0.458,-13.216,1.062,13.266,1.157,372751.9,372.75,32725.27,7125.27,1.162,0.000,0.000,0.000,0.000,0.000,61.534,PID
963,48.1511,18.102,53.707,58.871,0.458,-13.135,1.062,13.186,1.157,372688.1,372.69,32719.16,7119.16,1.162,0.000,0.000,0.000,0.000,0.000,61.591,PID
964,48.2011,18.124,53.052,58.924,0.458,-13.055,1.062,13.106,1.157,372627.7,372.63,32713.05,7113.05,1.162,0.000,-0.001,0.000,0.000,0.000,61.649,PID
965,48.2511,18.147,52.402,58.977,0.458,-12.975,1.062,13.026,1.157,372567.3,372.57,32706.95,7106.95,1.162,0.000,-0.001,0.000,0.000,0.000,61.706,PID
966,48.3011,18.170,51.755,59.030,0.458,-12.894,1.062,12.946,1.157,372510.3,372.51,32700.84,7100.84,1.162,0.000,-0.001,0.000,0.000,0.000,61.764,PID
967,48.3511,18.193,51.112,59.083,0.459,-12.814,1.062,12.866,1.157,372446.3,372.45,32694.73,7094.73,1.162,0.000,-0.001,0.000,0.000,0.000,61.821,PID
968,48.4011,18.216,50.474,59.137,0.459,-12.734,1.062,12.786,1.157,372385.8,372.39,32688.63,7088.63,1.162,0.000,-0.001,0.000,0.000,0.000,61.879,PID
969,48.4512,18.239,49.839,59.190,0.459,-12.653,1.062,12.706,1.157,372328.7,372.33,32682.52,7082.52,1.162,0.000,-0.001,0.000,0.000,0.000,61.936,PID
970,48.5012,18.262,49.208,59.243,0.459,-12.573,1.062,12.626,1.157,372261.1,372.26,32676.42,7076.42,1.162,0.000,-0.001,0.000,0.000,0.000,61.994,PID
971,48.5512,18.285,48.582,59.296,0.459,-12.493,1.061,12.546,1.157,372207.3,372.21,32670.32,7070.32,1.162,0.000,-0.001,0.000,0.000,0.000,62.051,PID
972,48.6012,18.308,47.959,59.349,0.459,-12.412,1.061,12.466,1.157,372143.1,372.14,32664.21,7064.21,1.162,0.000,-0.001,0.000,0.000,0.000,62.108,PID
973,48.6512,18.331,47.340,59.402,0.460,-12.332,1.061,12.386,1.157,372078.8,372.08,32658.11,7058.11,1.162,0.000,-0.001,0.000,0.000,0.000,62.166,PID
974,48.7012,18.354,46.726,59.455,0.460,-12.251,1.061,12.306,1.156,372021.5,372.02,32652.02,7052.02,1.162,0.000,-0.001,0.000,0.000,0.000,62.223,PID
975,48.7512,18.377,46.115,59.508,0.460,-12.171,1.061,12.226,1.156,371960.7,371.96,32645.92,7045.92,1.162,0.000,-0.001,0.000,0.000,0.000,62.281,PID
976,48.8012,18.400,45.509,59.561,0.460,-12.091,1.061,12.146,1.156,371896.3,371.90,32639.82,7039.82,1.162,0.000,-0.001,0.000,0.000,0.000,62.338,PID
977,48.8512,18.423,44.906,59.614,0.460,-12.010,1.061,12.066,1.156,371838.8,371.84,32633.72,7033.72,1.162,0.000,-0.001,0.000,0.000,0.000,62.396,PID
978,48.9012,18.446,44.308,59.667,0.460,-11.930,1.061,11.986,1.156,371768.2,371.77,32627.63,7027.63,1.162,0.000,0.000,0.000,0.000,0.000,62.453,PID
979,48.9513,18.469,43.713,59.720,0.460,-11.850,1.061,11.906,1.156,371720.9,371.72,32621.53,7021.53,1.162,0.000,0.000,0.000,0.000,0.000,62.511,PID
980,49.0013,18.492,43.123,59.773,0.461,-11.769,1.061,11.826,1.156,371659.7,371.66,32615.44,7015.44,1.162,0.000,0.000,0.000,0.000,0.000,62.568,PID
981,49.0513,18.515,42.536,59.826,0.461,-11.689,1.061,11.746,1.156,371598.5,371.60,32609.35,7009.35,1.162,0.000,0.000,0.000,0.000,0.000,62.626,PID
982,49.1013,18.538,41.954,59.879,0.461,-11.609,1.061,11.666,1.156,371530.3,371.53,32603.25,7003.25,1.162,0.000,0.000,0.000,0.000,0.000,62.683,PID
983,49.1513,18.561,41.375,59.932,0.461,-11.528,1.061,11.586,1.156,371465.6,371.47,32597.16,6997.17,1.162,0.000,0.000,0.000,0.000,0.000,62.741,PID
984,49.2013,18.584,40.801,59.985,0.461,-11.448,1.060,11.506,1.156,371418.1,371.42,32591.08,6991.08,1.162,0.000,0.000,0.000,0.000,0.000,62.798,PID
985,49.2513,18.607,40.231,60.038,0.461,-11.368,1.060,11.426,1.156,371349.8,371.35,32584.99,6984.99,1.162,0.000,0.000,0.000,0.000,0.000,62.856,PID
986,49.3013,18.630,39.664,60.091,0.461,-11.287,1.060,11.346,1.156,371281.5,371.28,32578.90,6978.90,1.162,0.000,0.000,0.000,0.000,0.000,62.913,PID
987,49.3513,18.653,39.102,60.144,0.462,-11.207,1.060,11.266,1.156,371226.9,371.23,32572.81,6972.81,1.162,0.000,0.000,0.000,0.000,0.000,62.971,PID
988,49.4014,18.676,38.544,60.197,0.462,-11.127,1.060,11.186,1.156,371165.4,371.17,32566.73,6966.73,1.162,0.000,0.000,0.000,0.000,0.000,63.028,PID
989,49.4514,18.700,37.989,60.250,0.462,-11.046,1.060,11.107,1.156,371097.0,371.10,32560.64,6960.65,1.162,0.000,0.000,0.000,0.000,0.000,63.086,PID
990,49.5014,18.723,37.439,60.303,0.462,-10.966,1.060,11.027,1.156,371042.3,371.04,32554.56,6954.56,1.162,0.000,0.000,0.000,0.000,0.000,63.143,PID
991,49.5514,18.746,36.893,60.356,0.462,-10.885,1.060,10.947,1.156,370980.6,370.98,32548.48,6948.48,1.162,0.000,0.000,0.000,0.000,0.000,63.201,PID
992,49.6014,18.769,36.350,60.409,0.462,-10.805,1.060,10.867,1.156,370918.9,370.92,32542.40,6942.40,1.162,0.000,0.000,0.000,0.000,0.000,63.258,PID
993,49.6514,18.792,35.812,60.462,0.462,-10.725,1.060,10.787,1.156,370853.8,370.85,32536.32,6936.32,1.162,0.000,0.000,0.000,0.000,0.000,63.315,PID
994,49.7014,18.815,35.278,60.515,0.463,-10.644,1.060,10.707,1.156,370798.9,370.80,32530.24,6930.24,1.162,0.000,0.000,0.000,0.000,0.000,63.373,PID
995,49.7514,18.838,34.748,60.568,0.463,-10.564,1.060,10.627,1.156,370730.1,370.73,32524.16,6924.16,1.162,0.000,0.000,0.000,0.000,0.000,63.430,PID
996,49.8014,18.861,34.222,60.621,0.463,-10.484,1.060,10.547,1.156,370668.3,370.67,32518.08,6918.08,1.162,0.000,0.000,0.000,0.000,0.000,63.488,PID
997,49.8514,18.885,33.699,60.674,0.463,-10.403,1.060,10.467,1.156,370606.3,370.61,32512.00,6912.01,1.162,0.000,0.000,0.000,0.000,0.000,63.545,PID
998,49.9015,18.908,33.181,60.727,0.463,-10.323,1.060,10.388,1.156,370544.3,370.54,32505.93,6905.93,1.162,0.000,0.000,0.000,0.000,0.000,63.603,PID
999,49.9515,18.931,32.667,60.780,0.463,-10.243,1.059,10.308,1.156,370482.3,370.48,32499.86,6899.86,1.162,0.000,0.000,0.000,0.000,0.000,63.660,PID
1000,50.0015,18.954,32.157,60.833,0.463,-10.162,1.059,10.228,1.156,370423.7,370.42,32493.78,6893.78,1.162,0.000,0.000,0.000,0.000,0.000,63.718,PID
1001,50.0515,18.977,31.651,60.886,0.464,-10.082,1.059,10.148,1.156,370361.6,370.36,32487.71,6887.71,1.162,0.000,0.000,0.000,0.000,0.000,63.775,PID
1002,50.1015,19.000,31.149,60.939,0.464,-10.002,1.059,10.068,1.156,370295.9,370.30,32481.64,6881.64,1.163,0.000,0.000,0.000,0.000,0.000,63.833,PID
1003,50.1515,19.024,30.651,60.992,0.464,-9.921,1.059,9.988,1.156,370230.3,370.23,32475.57,6875.57,1.163,0.000,0.000,0.000,0.000,0.000,63.890,PID
1004,50.2015,19.047,30.157,61.045,0.464,-9.841,1.059,9.909,1.156,370174.8,370.17,32469.50,6869.50,1.163,0.000,0.000,0.000,0.000,0.000,63.948,PID
1005,50.2515,19.070,29.667,61.098,0.464,-9.761,1.059,9.829,1.156,370105.6,370.11,32463.43,6863.43,1.163,0.000,0.000,0.000,0.000,0.000,64.005,PID
1006,50.3015,19.093,29.181,61.151,0.464,-9.680,1.059,9.749,1.156,370050.1,370.05,32457.36,6857.36,1.163,0.000,0.000,0.000,0.000,0.000,64.062,PID
1007,50.3516,19.116,28.699,61.204,0.465,-9.600,1.059,9.669,1.156,369984.2,369.98,32451.30,6851.30,1.163,0.000,0.000,0.000,0.000,0.000,64.120,PID
1008,50.4016,19.140,28.221,61.257,0.465,-9.519,1.059,9.589,1.156,369921.7,369.92,32445.23,6845.23,1.163,0.000,0.000,0.000,0.000,0.000,64.177,PID
1009,50.4516,19.163,27.747,61.310,0.465,-9.439,1.059,9.510,1.156,369855.8,369.86,32439.17,6839.17,1.163,0.000,0.000,0.000,0.000,0.000,64.235,PID
1010,50.5016,19.186,27.277,61.363,0.465,-9.359,1.059,9.430,1.156,369800.0,369.80,32433.11,6833.11,1.163,0.000,0.000,0.000,0.000,0.000,64.292,PID
1011,50.5516,19.209,26.811,61.416,0.465,-9.278,1.059,9.350,1.156,369733.9,369.73,32427.04,6827.04,1.163,0.000,0.000,0.000,0.000,0.000,64.350,PID
1012,50.6016,19.233,26.349,61.469,0.465,-9.198,1.059,9.270,1.156,369671.2,369.67,32420.98,6820.98,1.163,0.000,0.000,0.000,0.000,0.000,64.407,PID
1013,50.6516,19.256,25.891,61.522,0.465,-9.118,1.059,9.191,1.156,369608.5,369.61,32414.93,6814.93,1.163,0.000,0.000,0.000,0.000,0.000,64.465,PID
1014,50.7016,19.279,25.437,61.575,0.466,-9.037,1.058,9.111,1.156,369545.7,369.55,32408.87,6808.87,1.163,0.000,0.000,0.000,0.000,0.000,64.522,PID
1015,50.7516,19.302,24.987,61.627,0.466,-8.957,1.058,9.031,1.156,369482.8,369.48,32402.80,6802.81,1.163,0.000,0.000,0.000,0.000,0.000,64.580,PID
1016,50.8017,19.326,24.541,61.680,0.466,-8.877,1.058,8.952,1.156,369416.5,369.42,32396.75,6796.75,1.163,0.000,0.000,0.000,0.000,0.000,64.637,PID
1017,50.8517,19.349,24.100,61.733,0.466,-8.796,1.058,8.872,1.156,369357.0,369.36,32390.70,6790.70,1.163,0.000,0.000,0.000,0.000,0.000,64.695,PID
1018,50.9017,19.372,23.662,61.786,0.466,-8.716,1.058,8.792,1.156,369290.5,369.29,32384.64,6784.64,1.163,0.000,0.000,0.000,0.000,0.000,64.752,PID
1019,50.9517,19.396,23.228,61.839,0.466,-8.636,1.058,8.713,1.156,369227.4,369.23,32378.59,6778.59,1.163,0.000,0.000,0.000,0.000,0.000,64.809,PID
1020,51.0017,19.419,22.798,61.892,0.466,-8.555,1.058,8.633,1.156,369164.2,369.16,32372.53,6772.53,1.163,0.000,-0.001,0.000,0.000,0.000,64.867,PID
1021,51.0517,19.442,22.372,61.945,0.467,-8.475,1.058,8.553,1.156,369104.4,369.10,32366.48,6766.48,1.163,0.000,-0.001,0.000,0.000,0.000,64.924,PID
1022,51.1017,19.466,21.951,61.998,0.467,-8.395,1.058,8.474,1.156,369037.7,369.04,32360.43,6760.43,1.163,0.000,-0.001,0.000,0.000,0.000,64.982,PID
1023,51.1517,19.489,21.533,62.051,0.467,-8.314,1.058,8.394,1.156,368977.8,368.98,32354.38,6754.38,1.163,0.000,-0.001,0.000,0.000,0.000,65.039,PID
1024,51.2017,19.512,21.119,62.104,0.467,-8.234,1.058,8.315,1.156,368914.5,368.91,32348.33,6748.33,1.163,0.000,-0.001,0.000,0.000,0.000,65.097,PID
1025,51.2517,19.536,20.710,62.157,0.467,-8.154,1.058,8.235,1.156,368844.3,368.84,32342.29,6742.29,1.163,0.000,-0.001,0.000,0.000,0.000,65.154,PID
1026,51.3018,19.559,20.304,62.209,0.467,-8.073,1.058,8.156,1.156,368784.3,368.78,32336.24,6736.24,1.163,0.000,-0.001,0.000,0.000,0.000,65.212,PID
1027,51.3518,19.582,19.902,62.262,0.468,-7.993,1.058,8.076,1.156,368722.6,368.72,32330.20,6730.20,1.163,0.000,-0.001,0.000,0.000,0.000,65.269,PID
1028,51.4018,19.606,19.505,62.315,0.468,-7.913,1.058,7.997,1.156,368657.2,368.66,32324.15,6724.15,1.163,0.000,-0.001,0.000,0.000,0.000,65.327,PID
1029,51.4518,19.629,19.111,62.368,0.468,-7.832,1.057,7.917,1.156,368593.6,368.59,32318.11,6718.11,1.163,0.000,-0.001,0.000,0.000,0.000,65.384,PID
1030,51.5018,19.653,18.721,62.421,0.468,-7.752,1.057,7.838,1.156,368529.9,368.53,32312.06,6712.06,1.163,0.000,-0.001,0.000,0.000,0.000,65.441,PID
1031,51.5518,19.676,18.336,62.474,0.468,-7.672,1.057,7.758,1.156,368467.9,368.47,32306.02,6706.02,1.163,0.000,-0.001,0.000,0.000,0.000,65.499,PID
1032,51.6018,19.699,17.954,62.527,0.468,-7.591,1.057,7.679,1.156,368405.9,368.41,32299.98,6699.98,1.163,0.000,-0.001,0.000,0.000,0.000,65.556,PID
1033,51.6518,19.723,17.577,62.579,0.468,-7.511,1.057,7.599,1.156,368336.9,368.34,32293.94,6693.94,1.163,0.000,-0.001,0.000,0.000,0.000,65.614,PID
1034,51.7018,19.746,17.203,62.632,0.469,-7.431,1.057,7.520,1.156,368274.7,368.27,32287.90,6687.90,1.163,0.000,-0.001,0.000,0.000,0.000,65.671,PID
1035,51.7519,19.770,16.834,62.685,0.469,-7.350,1.057,7.441,1.156,368214.2,368.21,32281.87,6681.87,1.163,0.000,-0.001,0.000,0.000,0.000,65.729,PID
1036,51.8019,19.793,16.468,62.738,0.469,-7.270,1.057,7.361,1.156,368148.5,368.15,32275.83,6675.83,1.163,0.000,-0.001,0.000,0.000,0.000,65.786,PID
1037,51.8519,19.817,16.107,62.791,0.469,-7.190,1.057,7.282,1.156,368082.7,368.08,32269.80,6669.80,1.163,0.000,-0.001,0.000,0.000,0.000,65.844,PID
1038,51.9019,19.840,15.749,62.844,0.469,-7.109,1.057,7.203,1.156,368020.3,368.02,32263.76,6663.76,1.163,0.000,-0.001,0.000,0.000,0.000,65.901,PID
1039,51.9519,19.864,15.396,62.897,0.469,-7.029,1.057,7.123,1.156,367954.3,367.95,32257.73,6657.73,1.163,0.000,-0.001,0.000,0.000,0.000,65.959,PID
1040,52.0019,19.887,15.046,62.949,0.470,-6.949,1.057,7.044,1.156,367888.4,367.89,32251.70,6651.70,1.163,0.000,-0.001,0.000,0.000,0.000,66.016,PID
1041,52.0519,19.910,14.701,63.002,0.470,-6.868,1.057,6.965,1.156,367825.8,367.83,32245.67,6645.67,1.163,0.000,-0.001,0.000,0.000,0.000,66.074,PID
1042,52.1019,19.934,14.359,63.055,0.470,-6.788,1.057,6.886,1.156,367759.8,367.76,32239.64,6639.64,1.163,0.000,-0.001,0.000,0.000,0.000,66.131,PID
1043,52.1519,19.957,14.022,63.108,0.470,-6.708,1.057,6.806,1.156,367697.1,367.70,32233.61,6633.61,1.163,0.000,-0.001,0.000,0.000,0.000,66.188,PID
1044,52.2020,19.981,13.689,63.161,0.470,-6.627,1.057,6.727,1.156,367630.9,367.63,32227.58,6627.58,1.163,0.000,-0.001,0.000,0.000,0.000,66.246,PID
1045,52.2520,20.004,13.359,63.214,0.470,-6.547,1.056,6.648,1.156,367568.1,367.57,32221.56,6621.56,1.163,0.000,-0.001,0.000,0.000,0.000,66.303,PID
1046,52.3020,20.028,13.034,63.266,0.470,-6.467,1.056,6.569,1.156,367503.5,367.50,32215.53,6615.53,1.163,0.000,-0.001,0.000,0.000,0.000,66.361,PID
1047,52.3520,20.052,12.713,63.319,0.471,-6.386,1.056,6.490,1.156,367437.1,367.44,32209.51,6609.51,1.163,0.000,-0.001,0.000,0.000,0.000,66.418,PID
1048,52.4020,20.075,12.395,63.372,0.471,-6.306,1.056,6.411,1.156,367370.7,367.37,32203.48,6603.48,1.163,0.000,-0.001,0.000,0.000,0.000,66.476,PID
1049,52.4520,20.099,12.082,63.425,0.471,-6.226,1.056,6.332,1.156,367309.3,367.31,32197.46,6597.46,1.163,0.000,-0.001,0.000,0.000,0.000,66.533,PID
1050,52.5020,20.122,11.773,63.478,0.471,-6.145,1.056,6.253,1.156,367242.8,367.24,32191.44,6591.44,1.163,0.000,-0.001,0.000,0.000,0.000,66.591,PID
1051,52.5520,20.146,11.468,63.530,0.471,-6.065,1.056,6.174,1.156,367177.9,367.18,32185.42,6585.42,1.163,0.000,-0.001,0.000,0.000,0.000,66.648,PID
1052,52.6020,20.169,11.166,63.583,0.471,-5.985,1.056,6.095,1.156,367111.2,367.11,32179.40,6579.40,1.163,0.000,-0.001,0.000,0.000,0.000,66.706,PID
1053,52.6520,20.193,10.869,63.636,0.472,-5.904,1.056,6.016,1.156,367044.4,367.04,32173.38,6573.38,1.163,0.000,-0.001,0.000,0.000,0.000,66.763,PID
1054,52.7021,20.216,10.576,63.689,0.472,-5.824,1.056,5.938,1.156,366981.1,366.98,32167.37,6567.37,1.163,0.000,-0.001,0.000,0.000,0.000,66.820,PID
1055,52.7521,20.240,10.287,63.742,0.472,-5.744,1.056,5.859,1.157,366914.2,366.91,32161.35,6561.35,1.163,0.000,-0.001,0.000,0.000,0.000,66.878,PID
1056,52.8021,20.264,10.002,63.794,0.472,-5.663,1.056,5.780,1.157,366852.4,366.85,32155.34,6555.34,1.163,0.000,-0.001,0.000,0.000,0.000,66.935,PID
1057,52.8521,20.287,9.720,63.847,0.472,-5.583,1.056,5.702,1.157,366785.4,366.79,32149.32,6549.32,1.163,0.000,-0.001,0.000,0.000,0.000,66.993,PID
1058,52.9021,20.311,9.443,63.900,0.472,-5.503,1.056,5.623,1.157,366718.3,366.72,32143.31,6543.31,1.163,0.000,-0.001,0.000,0.000,0.000,67.050,PID
1059,52.9521,20.334,9.170,63.953,0.472,-5.422,1.056,5.544,1.157,366652.9,366.65,32137.30,6537.30,1.163,0.000,-0.001,0.000,0.000,0.000,67.108,PID
1060,53.0021,20.358,8.901,64.006,0.473,-5.342,1.056,5.466,1.157,366588.1,366.59,32131.29,6531.29,1.163,0.000,0.000,0.000,0.000,0.000,67.165,PID
1061,53.0521,20.382,8.636,64.058,0.473,-5.262,1.056,5.387,1.157,366522.5,366.52,32125.28,6525.28,1.163,0.000,0.000,0.000,0.000,0.000,67.223,PID
1062,53.1021,20.405,8.375,64.111,0.473,-5.181,1.055,5.309,1.157,366455.2,366.46,32119.27,6519.27,1.163,0.000,0.000,0.000,0.000,0.000,67.280,PID
1063,53.1522,20.429,8.118,64.164,0.473,-5.101,1.055,5.231,1.157,366389.5,366.39,32113.27,6513.27,1.163,0.000,0.000,0.000,0.000,0.000,67.338,PID
1064,53.2022,20.453,7.865,64.217,0.473,-5.021,1.055,5.152,1.157,366323.6,366.32,32107.26,6507.26,1.163,0.000,0.000,0.000,0.000,0.000,67.395,PID
1065,53.2522,20.476,7.616,64.270,0.473,-4.941,1.055,5.074,1.157,366257.8,366.26,32101.25,6501.25,1.163,0.000,0.000,0.000,0.000,0.000,67.453,PID
1066,53.3022,20.500,7.371,64.322,0.474,-4.860,1.055,4.996,1.157,366191.8,366.19,32095.25,6495.25,1.163,0.000,0.000,0.000,0.000,0.000,67.510,PID
1067,53.3522,20.524,7.130,64.375,0.474,-4.780,1.055,4.918,1.157,366124.1,366.12,32089.25,6489.25,1.163,0.000,0.000,0.000,0.000,0.000,67.568,PID
1068,53.4022,20.547,6.893,64.428,0.474,-4.700,1.055,4.840,1.157,366058.0,366.06,32083.25,6483.25,1.163,0.000,0.000,0.000,0.000,0.000,67.625,PID
1069,53.4522,20.571,6.660,64.481,0.474,-4.619,1.055,4.762,1.157,365995.2,366.00,32077.24,6477.25,1.163,0.000,0.000,0.000,0.000,0.000,67.683,PID
1070,53.5022,20.595,6.431,64.533,0.474,-4.539,1.055,4.684,1.157,365925.5,365.93,32071.24,6471.24,1.163,0.000,0.000,0.000,0.000,0.000,67.740,PID
1071,53.5522,20.618,6.206,64.586,0.474,-4.459,1.055,4.606,1.157,365860.8,365.86,32065.25,6465.25,1.163,0.000,0.000,0.000,0.000,0.000,67.797,PID
1072,53.6023,20.642,5.985,64.639,0.475,-4.378,1.055,4.529,1.157,365792.7,365.79,32059.25,6459.25,1.163,0.000,0.000,0.000,0.000,0.000,67.855,PID
1073,53.6523,20.666,5.772,64.692,0.475,-4.190,1.055,4.347,1.157,403246.3,403.25,32052.12,6452.12,1.283,0.000,0.000,0.000,0.000,0.000,67.912,PID
1074,53.7023,20.690,5.566,64.744,0.475,-4.050,1.055,4.212,1.157,403041.6,403.04,32045.49,6445.49,1.283,0.000,0.000,0.000,0.000,0.000,67.970,PID
1075,53.7523,20.713,5.367,64.797,0.475,-3.913,1.055,4.081,1.157,400421.6,400.42,32038.91,6438.91,1.274,0.000,0.000,0.000,0.000,0.000,68.027,PID
1076,53.8023,20.737,5.174,64.850,0.475,-3.781,1.055,3.954,1.157,397857.3,397.86,32032.37,6432.37,1.267,0.000,0.000,0.000,0.000,0.000,68.085,PID
1077,53.8523,20.761,4.989,64.902,0.475,-3.652,1.055,3.831,1.157,395355.9,395.36,32025.87,6425.87,1.259,0.000,0.000,0.000,0.000,0.000,68.142,PID
1078,53.9023,20.785,4.809,64.955,0.476,-3.527,1.055,3.712,1.157,392916.5,392.92,32019.41,6419.41,1.251,0.000,0.000,0.000,0.000,0.000,68.200,PID
1079,53.9523,20.809,4.636,65.008,0.476,-3.406,1.054,3.597,1.157,390537.2,390.54,32012.99,6412.99,1.244,0.000,0.000,0.000,0.000,0.000,68.257,PID
1080,54.0023,20.832,4.468,65.061,0.476,-3.288,1.054,3.486,1.157,388217.2,388.22,32006.61,6406.61,1.237,0.000,0.000,0.000,0.000,0.000,68.314,PID
1081,54.0523,20.856,4.307,65.113,0.476,-3.174,1.054,3.378,1.157,385953.8,385.95,32000.26,6400.26,1.230,0.000,0.000,0.000,0.000,0.000,68.372,PID
1082,54.1024,20.880,4.151,65.166,0.476,-3.063,1.054,3.274,1.157,383747.1,383.75,31993.95,6393.95,1.223,0.000,0.000,0.000,0.000,0.000,68.429,PID
1083,54.1524,20.904,4.001,65.219,0.476,-2.955,1.054,3.174,1.157,381594.5,381.59,31987.68,6387.68,1.216,0.000,0.000,0.000,0.000,0.000,68.487,PID
1084,54.2024,20.928,3.855,65.271,0.477,-2.851,1.054,3.077,1.157,379495.5,379.50,31981.45,6381.45,1.210,0.000,0.000,0.000,0.000,0.000,68.544,PID
1085,54.2524,20.951,3.715,65.324,0.477,-2.749,1.054,2.983,1.157,377448.2,377.45,31975.24,6375.24,1.204,0.000,0.000,0.000,0.000,0.000,68.602,PID
1086,54.3024,20.975,3.580,65.377,0.477,-2.651,1.054,2.893,1.157,375452.5,375.45,31969.07,6369.07,1.198,0.000,0.000,0.000,0.000,0.000,68.659,PID
1087,54.3524,20.999,3.450,65.430,0.477,-2.556,1.054,2.806,1.157,373505.5,373.51,31962.93,6362.94,1.192,0.000,0.000,0.000,0.000,0.000,68.717,PID
1088,54.4024,21.023,3.325,65.482,0.477,-2.464,1.054,2.722,1.157,371607.1,371.61,31956.83,6356.83,1.186,0.000,0.000,0.000,0.000,0.000,68.774,PID
1089,54.4524,21.047,3.204,65.535,0.477,-2.374,1.054,2.641,1.157,369756.5,369.76,31950.75,6350.75,1.180,0.000,0.000,0.000,0.000,0.000,68.832,PID
1090,54.5024,21.071,3.087,65.588,0.478,-2.287,1.054,2.563,1.157,367951.9,367.95,31944.71,6344.71,1.175,0.000,0.000,0.000,0.000,0.000,68.889,PID
1091,54.5525,21.095,2.975,65.640,0.478,-2.203,1.054,2.488,1.157,366191.5,366.19,31938.69,6338.69,1.169,0.000,0.000,0.000,0.000,0.000,68.947,PID
1092,54.6025,21.118,2.867,65.693,0.478,-2.121,1.054,2.416,1.157,364476.3,364.48,31932.70,6332.70,1.164,0.000,0.000,0.000,0.000,0.000,69.004,PID
1093,54.6525,21.142,2.763,65.746,0.478,-2.042,1.054,2.347,1.157,362803.8,362.80,31926.74,6326.74,1.159,0.000,0.000,0.000,0.000,0.000,69.062,PID
1094,54.7025,21.166,2.663,65.799,0.478,-1.966,1.054,2.281,1.157,361172.7,361.17,31920.81,6320.81,1.154,0.000,0.000,0.000,0.000,0.000,69.119,PID
1095,54.7525,21.190,2.566,65.851,0.478,-1.892,1.054,2.218,1.157,359582.9,359.58,31914.90,6314.91,1.149,0.000,0.000,0.000,0.000,0.000,69.177,PID
1096,54.8025,21.214,2.473,65.904,0.478,-1.820,1.054,2.157,1.157,358032.8,358.03,31909.02,6309.02,1.144,0.000,0.000,0.000,0.000,0.000,69.234,PID
1097,54.8525,21.238,2.384,65.957,0.479,-1.751,1.054,2.099,1.157,356521.4,356.52,31903.17,6303.17,1.140,0.000,0.000,0.000,0.000,0.000,69.292,PID
1098,54.9025,21.262,2.298,66.009,0.479,-1.683,1.054,2.043,1.157,355048.5,355.05,31897.33,6297.33,1.135,0.000,0.000,0.000,0.000,0.000,69.349,PID
1099,54.9525,21.286,2.216,66.062,0.479,-1.618,1.054,1.990,1.157,353612.2,353.61,31891.53,6291.53,1.131,0.000,0.000,0.000,0.000,0.000,69.407,PID
1100,55.0025,21.310,2.137,66.115,0.479,-1.555,1.053,1.939,1.157,352212.5,352.21,31885.74,6285.74,1.126,0.000,0.000,0.000,0.000,0.000,69.464,PID
1101,55.0526,21.334,2.060,66.167,0.479,-1.495,1.053,1.890,1.157,350848.0,350.85,31879.98,6279.98,1.122,0.000,0.000,0.000,0.000,0.000,69.522,PID
1102,55.1026,21.358,1.987,66.220,0.479,-1.436,1.053,1.844,1.157,349517.8,349.52,31874.24,6274.24,1.118,0.000,0.000,0.000,0.000,0.000,69.579,PID
1103,55.1526,21.382,1.917,66.273,0.480,-1.379,1.053,1.800,1.157,348221.5,348.22,31868.52,6268.52,1.114,0.000,0.000,0.000,0.000,0.000,69.636,PID
1104,55.2026,21.406,1.849,66.325,0.480,-1.324,1.053,1.758,1.157,346958.2,346.96,31862.82,6262.82,1.110,0.000,0.000,0.000,0.000,0.000,69.694,PID
1105,55.2526,21.430,1.784,66.378,0.480,-1.271,1.053,1.719,1.157,345726.3,345.73,31857.15,6257.15,1.107,0.000,0.000,0.000,0.000,0.000,69.751,PID
1106,55.3026,21.454,1.722,66.431,0.480,-1.219,1.053,1.681,1.157,344526.2,344.53,31851.49,6251.49,1.103,0.000,0.000,0.000,0.000,0.000,69.809,PID
1107,55.3526,21.478,1.662,66.483,0.480,-1.170,1.053,1.646,1.157,343356.5,343.36,31845.85,6245.85,1.099,0.000,0.000,0.000,0.000,0.000,69.866,PID
1108,55.4026,21.502,1.605,66.536,0.480,-1.122,1.053,1.612,1.157,342216.3,342.22,31840.23,6240.23,1.096,0.000,0.000,0.000,0.000,0.000,69.924,PID
1109,55.4526,21.526,1.550,66.588,0.480,-1.076,1.053,1.580,1.157,341105.5,341.11,31834.63,6234.63,1.093,0.000,0.000,0.000,0.000,0.000,69.981,PID
1110,55.5027,21.550,1.497,66.641,0.481,-1.031,1.053,1.550,1.158,340022.8,340.02,31829.05,6229.05,1.089,0.000,0.000,0.000,0.000,0.000,70.039,PID
1111,55.5527,21.574,1.447,66.694,0.481,-0.988,1.053,1.522,1.158,338967.8,338.97,31823.49,6223.49,1.086,0.000,0.000,0.000,0.000,0.000,70.096,PID
1112,55.6027,21.598,1.398,66.746,0.481,-0.947,1.053,1.496,1.158,337939.8,337.94,31817.94,6217.94,1.083,0.000,0.000,0.000,0.000,0.000,70.154,PID
1113,55.6527,21.622,1.352,66.799,0.481,-0.907,1.053,1.471,1.158,336938.0,336.94,31812.41,6212.41,1.080,0.000,0.000,0.000,0.000,0.000,70.211,PID
1114,55.7027,21.646,1.308,66.852,0.481,-0.869,1.053,1.447,1.158,335962.1,335.96,31806.89,6206.89,1.077,0.000,0.000,0.000,0.000,0.000,70.269,PID
1115,55.7527,21.670,1.265,66.904,0.481,-0.832,1.053,1.425,1.158,335010.9,335.01,31801.39,6201.39,1.074,0.000,0.000,0.000,0.000,0.000,70.326,PID
1116,55.8027,21.694,1.225,66.957,0.481,-0.796,1.053,1.405,1.158,334084.3,334.08,31795.91,6195.91,1.071,0.000,0.000,0.000,0.000,0.000,70.384,PID
1117,55.8527,21.718,1.186,67.010,0.482,-0.762,1.053,1.386,1.158,333181.4,333.18,31790.44,6190.44,1.069,0.000,0.000,0.000,0.000,0.000,70.441,PID
1118,55.9027,21.742,1.148,67.062,0.482,-0.729,1.053,1.368,1.158,332301.9,332.30,31784.99,6184.99,1.066,0.000,0.000,0.000,0.000,0.000,70.499,PID
1119,55.9528,21.766,1.113,67.115,0.482,-0.697,1.053,1.351,1.158,331445.0,331.45,31779.55,6179.55,1.064,0.000,0.000,0.000,0.000,0.000,70.556,PID
1120,56.0028,21.790,1.079,67.168,0.482,-0.667,1.053,1.336,1.158,330610.4,330.61,31774.12,6174.12,1.061,0.000,0.000,0.000,0.000,0.000,70.614,PID
1121,56.0528,21.814,1.046,67.220,0.482,-0.637,1.053,1.322,1.158,329797.1,329.80,31768.71,6168.71,1.059,0.000,0.000,0.000,0.000,0.000,70.671,PID
1122,56.1028,21.839,1.015,67.273,0.482,-0.609,1.052,1.308,1.158,329005.0,329.01,31763.31,6163.31,1.056,0.000,0.000,0.000,0.000,0.000,70.729,PID
1123,56.1278,21.851,1.000,67.299,0.482,-0.596,1.052,1.302,1.158,328616.7,328.62,31760.61,6160.61,1.055,0.000,0.000,0.000,0.000,0.000,70.758,PID
1124,56.1328,21.853,0.997,67.304,0.482,-0.593,1.052,1.301,1.158,328539.5,328.54,31760.07,6160.08,1.055,0.000,0.000,0.000,0.000,0.000,70.763,PID
1125,56.1378,21.855,0.994,67.310,0.482,-0.590,1.052,1.300,1.158,328462.7,328.46,31759.54,6159.54,1.055,0.000,0.000,0.000,0.000,0.000,70.769,PID
1126,56.1428,21.858,0.991,67.315,0.482,-0.588,1.052,1.298,1.158,328386.0,328.39,31759.00,6159.00,1.054,0.000,0.000,0.000,0.000,0.000,70.775,PID
1127,56.1478,21.860,0.988,67.320,0.482,-0.585,1.052,1.297,1.158,328309.6,328.31,31758.46,6158.46,1.054,0.000,0.000,0.000,0.000,0.000,70.781,PID
1128,56.1528,21.863,0.985,67.325,0.482,-0.582,1.052,1.296,1.158,328233.3,328.23,31757.92,6157.92,1.054,0.000,0.000,0.000,0.000,0.000,70.786,PID
1129,56.1578,21.865,0.982,67.331,0.482,-0.580,1.052,1.295,1.158,328157.3,328.16,31757.38,6157.38,1.054,0.000,0.000,0.000,0.000,0.000,70.792,PID
1130,56.1628,21.868,0.979,67.336,0.482,-0.577,1.052,1.294,1.158,328081.6,328.08,31756.85,6156.85,1.053,0.000,0.000,0.000,0.000,0.000,70.798,PID
1131,56.1678,21.870,0.976,67.341,0.483,-0.575,1.052,1.292,1.158,328005.8,328.01,31756.31,6156.31,1.053,0.000,0.000,0.000,0.000,0.000,70.804,PID
1132,56.1728,21.872,0.974,67.347,0.483,-0.572,1.052,1.291,1.158,327930.3,327.93,31755.77,6155.77,1.053,0.000,0.000,0.000,0.000,0.000,70.809,PID
1133,56.1778,21.875,0.971,67.352,0.483,-0.569,1.052,1.290,1.158,327855.1,327.86,31755.23,6155.23,1.053,0.000,0.000,0.000,0.000,0.000,70.815,PID
1134,56.1828,21.877,0.968,67.357,0.483,-0.567,1.052,1.289,1.158,327780.0,327.78,31754.70,6154.70,1.053,0.000,0.000,0.000,0.000,0.000,70.821,PID
1135,56.1878,21.880,0.965,67.362,0.483,-0.564,1.052,1.288,1.158,327705.2,327.71,31754.16,6154.16,1.052,0.000,0.000,0.000,0.000,0.000,70.827,PID
1136,56.1928,21.882,0.962,67.368,0.483,-0.562,1.052,1.287,1.158,327630.5,327.63,31753.62,6153.62,1.052,0.000,0.000,0.000,0.000,0.000,70.832,PID
1137,56.1978,21.884,0.959,67.373,0.483,-0.559,1.052,1.286,1.158,327556.1,327.56,31753.08,6153.08,1.052,0.000,0.000,0.000,0.000,0.000,70.838,PID
1138,56.2028,21.887,0.957,67.378,0.483,-0.557,1.052,1.285,1.158,327481.8,327.48,31752.55,6152.55,1.052,0.000,0.000,0.000,0.000,0.000,70.844,PID
1139,56.2078,21.889,0.954,67.383,0.483,-0.554,1.052,1.284,1.158,327407.6,327.41,31752.01,6152.01,1.051,0.000,0.000,0.000,0.000,0.000,70.850,PID
1140,56.2128,21.892,0.951,67.389,0.483,-0.552,1.052,1.282,1.158,327333.9,327.33,31751.47,6151.47,1.051,0.000,0.000,0.000,0.000,0.000,70.855,PID
1141,56.2178,21.894,0.948,67.394,0.483,-0.549,1.052,1.281,1.158,327260.0,327.26,31750.94,6150.94,1.051,0.000,0.000,0.000,0.000,0.000,70.861,PID
1142,56.2228,21.896,0.946,67.399,0.483,-0.547,1.052,1.280,1.158,327186.6,327.19,31750.40,6150.40,1.051,0.000,0.000,0.000,0.000,0.000,70.867,PID
1143,56.2278,21.899,0.943,67.404,0.483,-0.544,1.052,1.279,1.158,327113.4,327.11,31749.86,6149.86,1.051,0.000,0.000,0.000,0.000,0.000,70.873,PID
1144,56.2328,21.901,0.940,67.410,0.483,-0.542,1.052,1.278,1.158,327040.2,327.04,31749.33,6149.33,1.050,0.000,0.000,0.000,0.000,0.000,70.878,PID
1145,56.2378,21.904,0.937,67.415,0.483,-0.539,1.052,1.277,1.158,326967.4,326.97,31748.79,6148.79,1.050,0.000,0.000,0.000,0.000,0.000,70.884,PID
1146,56.2428,21.906,0.935,67.420,0.483,-0.537,1.052,1.276,1.158,326894.4,326.89,31748.26,6148.26,1.050,0.000,0.000,0.000,0.000,0.000,70.890,PID
1147,56.2478,21.909,0.932,67.426,0.483,-0.534,1.052,1.275,1.158,326822.2,326.82,31747.72,6147.72,1.050,0.000,0.000,0.000,0.000,0.000,70.896,PID
1148,56.2528,21.911,0.929,67.431,0.483,-0.532,1.052,1.274,1.158,326749.6,326.75,31747.18,6147.18,1.050,0.000,0.000,0.000,0.000,0.000,70.901,PID
1149,56.2578,21.913,0.927,67.436,0.483,-0.529,1.052,1.273,1.158,326677.5,326.68,31746.65,6146.65,1.049,0.000,0.000,0.000,0.000,0.000,70.907,PID
1150,56.2628,21.916,0.924,67.441,0.483,-0.527,1.052,1.272,1.158,326605.5,326.61,31746.11,6146.11,1.049,0.000,0.000,0.000,0.000,0.000,70.913,PID
1151,56.2678,21.918,0.921,67.447,0.483,-0.525,1.052,1.271,1.158,326533.8,326.53,31745.58,6145.58,1.049,0.000,0.000,0.000,0.000,0.000,70.919,PID
1152,56.2728,21.921,0.919,67.452,0.483,-0.522,1.052,1.270,1.158,326462.2,326.46,31745.04,6145.04,1.049,0.000,0.000,0.000,0.000,0.000,70.924,PID
1153,56.2778,21.923,0.916,67.457,0.483,-0.520,1.052,1.269,1.158,326390.9,326.39,31744.51,6144.51,1.048,0.000,0.000,0.000,0.000,0.000,70.930,PID
1154,56.2828,21.925,0.914,67.462,0.483,-0.517,1.052,1.268,1.158,326319.7,326.32,31743.97,6143.97,1.048,0.000,0.000,0.000,0.000,0.000,70.936,PID
1155,56.2878,21.928,0.911,67.468,0.483,-0.515,1.052,1.267,1.158,326248.5,326.25,31743.44,6143.44,1.048,0.000,0.000,0.000,0.000,0.000,70.942,PID
1156,56.2928,21.930,0.909,67.473,0.483,-0.513,1.052,1.266,1.158,326177.8,326.18,31742.90,6142.90,1.048,0.000,0.000,0.000,0.000,0.000,70.947,PID
1157,56.2978,21.933,0.906,67.478,0.483,-0.510,1.052,1.265,1.158,326107.0,326.11,31742.37,6142.37,1.048,0.000,0.000,0.000,0.000,0.000,70.953,PID
1158,56.3028,21.935,0.903,67.483,0.483,-0.508,1.052,1.264,1.158,326036.7,326.04,31741.83,6141.83,1.047,0.000,0.000,0.000,0.000,0.000,70.959,PID
1159,56.3078,21.938,0.901,67.489,0.483,-0.506,1.052,1.263,1.158,325966.3,325.97,31741.30,6141.30,1.047,0.000,0.000,0.000,0.000,0.000,70.965,PID
1160,56.3128,21.940,0.898,67.494,0.483,-0.503,1.052,1.263,1.158,325896.3,325.90,31740.77,6140.77,1.047,0.000,0.000,0.000,0.000,0.000,70.970,PID
1161,56.3178,21.942,0.896,67.499,0.483,-0.501,1.052,1.262,1.158,325826.3,325.83,31740.23,6140.23,1.047,0.000,0.000,0.000,0.000,0.000,70.976,PID
1162,56.3228,21.945,0.893,67.504,0.483,-0.499,1.052,1.261,1.158,325756.7,325.76,31739.70,6139.70,1.047,0.000,0.000,0.000,0.000,0.000,70.982,PID
1163,56.3278,21.947,0.891,67.510,0.483,-0.497,1.052,1.260,1.158,325686.8,325.69,31739.16,6139.16,1.046,0.000,0.000,0.000,0.000,0.000,70.988,PID
1164,56.3328,21.950,0.888,67.515,0.483,-0.494,1.052,1.259,1.158,325618.0,325.62,31738.63,6138.63,1.046,0.000,0.000,0.000,0.000,0.000,70.993,PID
1165,56.3378,21.952,0.886,67.520,0.483,-0.492,1.052,1.258,1.158,325548.7,325.55,31738.10,6138.10,1.046,0.000,0.000,0.000,0.000,0.000,70.999,PID
1166,56.3428,21.954,0.883,67.526,0.483,-0.490,1.052,1.257,1.158,325479.2,325.48,31737.56,6137.56,1.046,0.000,0.000,0.000,0.000,0.000,71.005,PID
1167,56.3478,21.957,0.881,67.531,0.483,-0.488,1.052,1.256,1.158,325411.2,325.41,31737.03,6137.03,1.046,0.000,0.000,0.000,0.000,0.000,71.011,PID
1168,56.3528,21.959,0.879,67.536,0.483,-0.485,1.052,1.255,1.158,325341.8,325.34,31736.49,6136.50,1.045,0.000,0.000,0.000,0.000,0.000,71.016,PID
1169,56.3578,21.962,0.876,67.541,0.483,-0.483,1.052,1.255,1.158,325273.6,325.27,31735.96,6135.96,1.045,0.000,0.000,0.000,0.000,0.000,71.022,PID
1170,56.3628,21.964,0.874,67.547,0.483,-0.481,1.052,1.254,1.158,325205.7,325.21,31735.43,6135.43,1.045,0.000,0.000,0.000,0.000,0.000,71.028,PID
1171,56.3678,21.967,0.871,67.552,0.483,-0.479,1.052,1.253,1.158,325137.2,325.14,31734.89,6134.90,1.045,0.000,0.000,0.000,0.000,0.000,71.034,PID
1172,56.3728,21.969,0.869,67.557,0.483,-0.477,1.052,1.252,1.158,325069.8,325.07,31734.36,6134.36,1.045,0.000,0.000,0.000,0.000,0.000,71.039,PID
1173,56.3778,21.971,0.867,67.562,0.483,-0.474,1.052,1.251,1.158,325001.4,325.00,31733.83,6133.83,1.044,0.000,0.000,0.000,0.000,0.000,71.045,PID
1174,56.3828,21.974,0.864,67.568,0.483,-0.472,1.052,1.250,1.158,324934.1,324.93,31733.30,6133.30,1.044,0.000,0.000,0.000,0.000,0.000,71.051,PID
1175,56.3878,21.976,0.862,67.573,0.483,-0.470,1.052,1.250,1.158,324867.2,324.87,31732.76,6132.76,1.044,0.000,0.000,0.000,0.000,0.000,71.057,PID
1176,56.3928,21.979,0.860,67.578,0.483,-0.468,1.052,1.249,1.158,324799.2,324.80,31732.23,6132.23,1.044,0.000,0.000,0.000,0.000,0.000,71.062,PID
1177,56.3978,21.981,0.857,67.583,0.483,-0.466,1.052,1.248,1.158,324732.7,324.73,31731.70,6131.70,1.044,0.000,0.000,0.000,0.000,0.000,71.068,PID
1178,56.4028,21.983,0.855,67.589,0.483,-0.464,1.052,1.247,1.158,324665.8,324.67,31731.17,6131.17,1.043,0.000,0.000,0.000,0.000,0.000,71.074,PID
1179,56.4078,21.986,0.853,67.594,0.483,-0.462,1.052,1.246,1.158,324599.0,324.60,31730.63,6130.64,1.043,0.000,0.000,0.000,0.000,0.000,71.080,PID
1180,56.4129,21.988,0.850,67.599,0.483,-0.459,1.052,1.246,1.158,324533.0,324.53,31730.10,6130.10,1.043,0.000,0.000,0.000,0.000,0.000,71.085,PID
1181,56.4179,21.991,0.848,67.604,0.483,-0.457,1.052,1.245,1.158,324465.9,324.47,31729.57,6129.57,1.043,0.000,0.000,0.000,0.000,0.000,71.091,PID
1182,56.4229,21.993,0.846,67.610,0.483,-0.455,1.052,1.244,1.158,324400.5,324.40,31729.04,6129.04,1.043,0.000,0.000,0.000,0.000,0.000,71.097,PID
1183,56.4279,21.996,0.843,67.615,0.483,-0.453,1.052,1.243,1.158,324334.0,324.33,31728.51,6128.51,1.042,0.000,0.000,0.000,0.000,0.000,71.103,PID
1184,56.4329,21.998,0.841,67.620,0.483,-0.451,1.052,1.243,1.158,324268.2,324.27,31727.98,6127.98,1.042,0.000,0.000,0.000,0.000,0.000,71.108,PID
1185,56.4379,22.000,0.839,67.626,0.483,-0.449,1.052,1.242,1.158,324203.1,324.20,31727.44,6127.44,1.042,0.000,0.000,0.000,0.000,0.000,71.114,PID
1186,56.4429,22.003,0.837,67.631,0.483,-0.447,1.052,1.241,1.158,324137.0,324.14,31726.91,6126.91,1.042,0.000,0.000,0.000,0.000,0.000,71.120,PID
1187,56.4479,22.005,0.834,67.636,0.483,-0.445,1.052,1.240,1.158,324072.4,324.07,31726.38,6126.38,1.042,0.000,0.000,0.000,0.000,0.000,71.126,PID
1188,56.4529,22.008,0.832,67.641,0.483,-0.443,1.052,1.240,1.158,324006.8,324.01,31725.85,6125.85,1.041,0.000,0.000,0.000,0.000,0.000,71.131,PID
1189,56.4579,22.010,0.830,67.647,0.483,-0.441,1.052,1.239,1.158,323942.4,323.94,31725.32,6125.32,1.041,0.000,0.000,0.000,0.000,0.000,71.137,PID
1190,56.4629,22.012,0.828,67.652,0.483,-0.439,1.052,1.238,1.158,323876.9,323.88,31724.79,6124.79,1.041,0.000,0.000,0.000,0.000,0.000,71.143,PID
1191,56.4679,22.015,0.826,67.657,0.483,-0.437,1.052,1.238,1.158,323813.0,323.81,31724.26,6124.26,1.041,0.000,0.000,0.000,0.000,0.000,71.149,PID
1192,56.4729,22.017,0.823,67.662,0.483,-0.435,1.052,1.237,1.158,323748.1,323.75,31723.73,6123.73,1.041,0.000,0.000,0.000,0.000,0.000,71.154,PID
1193,56.4779,22.020,0.821,67.668,0.483,-0.433,1.052,1.236,1.158,323684.3,323.68,31723.20,6123.20,1.040,0.000,0.000,0.000,0.000,0.000,71.160,PID
1194,56.4829,22.022,0.819,67.673,0.483,-0.431,1.052,1.236,1.158,323619.9,323.62,31722.66,6122.67,1.040,0.000,0.000,0.000,0.000,0.000,71.166,PID
1195,56.4879,22.025,0.817,67.678,0.483,-0.429,1.052,1.235,1.158,323556.2,323.56,31722.13,6122.14,1.040,0.000,0.000,0.000,0.000,0.000,71.172,PID
1196,56.4929,22.027,0.815,67.683,0.483,-0.427,1.052,1.234,1.158,323492.3,323.49,31721.61,6121.60,1.040,0.000,0.000,0.000,0.000,0.000,71.177,PID
1197,56.4979,22.029,0.813,67.689,0.483,-0.425,1.052,1.233,1.158,323429.2,323.43,31721.07,6121.07,1.040,0.000,0.000,0.000,0.000,0.000,71.183,PID
1198,56.5029,22.032,0.811,67.694,0.483,-0.423,1.052,1.233,1.158,323365.4,323.37,31720.54,6120.54,1.040,0.000,0.000,0.000,0.000,0.000,71.189,PID
1199,56.5079,22.034,0.808,67.699,0.483,-0.421,1.052,1.232,1.158,323302.3,323.30,31720.01,6120.01,1.039,0.000,0.000,0.000,0.000,0.000,71.195,PID
1200,56.5129,22.037,0.806,67.705,0.483,-0.419,1.052,1.232,1.158,323239.0,323.24,31719.48,6119.48,1.039,0.000,0.000,0.000,0.000,0.000,71.201,PID
1201,56.5179,22.039,0.804,67.710,0.483,-0.417,1.052,1.231,1.158,323176.5,323.18,31718.96,6118.96,1.039,0.000,0.000,0.000,0.000,0.000,71.206,PID
1202,56.5229,22.041,0.802,67.715,0.484,-0.416,1.052,1.230,1.158,323113.7,323.11,31718.43,6118.43,1.039,0.000,0.000,0.000,0.000,0.000,71.212,PID
1203,56.5279,22.044,0.800,67.720,0.484,-0.414,1.052,1.230,1.158,323050.8,323.05,31717.89,6117.90,1.039,0.000,0.000,0.000,0.000,0.000,71.218,PID
1204,56.5329,22.046,0.798,67.726,0.484,-0.412,1.052,1.229,1.158,322988.6,322.99,31717.37,6117.37,1.038,0.000,0.000,0.000,0.000,0.000,71.224,PID
1205,56.5379,22.049,0.796,67.731,0.484,-0.410,1.052,1.228,1.158,322926.6,322.93,31716.84,6116.84,1.038,0.000,0.000,0.000,0.000,0.000,71.229,PID
1206,56.5429,22.051,0.794,67.736,0.484,-0.408,1.052,1.228,1.158,322864.1,322.86,31716.31,6116.31,1.038,0.000,0.000,0.000,0.000,0.000,71.235,PID
1207,56.5479,22.054,0.792,67.741,0.484,-0.406,1.052,1.227,1.158,322802.6,322.80,31715.78,6115.78,1.038,0.000,0.000,0.000,0.000,0.000,71.241,PID
1208,56.5529,22.056,0.790,67.747,0.484,-0.404,1.052,1.226,1.158,322740.6,322.74,31715.25,6115.25,1.038,0.000,0.000,0.000,0.000,0.000,71.247,PID
1209,56.5579,22.058,0.788,67.752,0.484,-0.402,1.052,1.226,1.158,322679.2,322.68,31714.72,6114.72,1.038,0.000,0.000,0.000,0.000,0.000,71.252,PID
1210,56.5629,22.061,0.786,67.757,0.484,-0.401,1.052,1.225,1.158,322617.7,322.62,31714.19,6114.19,1.037,0.000,0.000,0.000,0.000,0.000,71.258,PID
1211,56.5679,22.063,0.784,67.762,0.484,-0.399,1.052,1.225,1.158,322556.4,322.56,31713.66,6113.66,1.037,0.000,0.000,0.000,0.000,0.000,71.264,PID
1212,56.5729,22.066,0.782,67.768,0.484,-0.397,1.052,1.224,1.158,322495.4,322.50,31713.13,6113.13,1.037,0.000,0.000,0.000,0.000,0.000,71.270,PID
1213,56.5779,22.068,0.780,67.773,0.484,-0.395,1.052,1.224,1.158,322435.0,322.44,31712.61,6112.60,1.037,0.000,0.000,0.000,0.000,0.000,71.275,PID
1214,56.5829,22.070,0.778,67.778,0.484,-0.393,1.052,1.223,1.158,322373.2,322.37,31712.08,6112.08,1.037,0.000,0.000,0.000,0.000,0.000,71.281,PID
1215,56.5879,22.073,0.776,67.783,0.484,-0.392,1.052,1.222,1.158,322313.4,322.31,31711.55,6111.55,1.036,0.000,0.000,0.000,0.000,0.000,71.287,PID
1216,56.5929,22.075,0.774,67.789,0.484,-0.390,1.052,1.222,1.158,322252.9,322.25,31711.02,6111.02,1.036,0.000,0.000,0.000,0.000,0.000,71.293,PID
1217,56.5979,22.078,0.772,67.794,0.484,-0.388,1.052,1.221,1.158,322192.3,322.19,31710.49,6110.49,1.036,0.000,0.000,0.000,0.000,0.000,71.298,PID
1218,56.6029,22.080,0.770,67.799,0.484,-0.386,1.052,1.221,1.158,322132.3,322.13,31709.96,6109.96,1.036,0.000,0.000,0.000,0.000,0.000,71.304,PID
1219,56.6079,22.083,0.768,67.804,0.484,-0.385,1.052,1.220,1.158,322072.6,322.07,31709.44,6109.44,1.036,0.000,0.000,0.000,0.000,0.000,71.310,PID
1220,56.6129,22.085,0.766,67.810,0.484,-0.383,1.052,1.220,1.158,322012.3,322.01,31708.91,6108.91,1.036,0.000,0.000,0.000,0.000,0.000,71.316,PID
1221,56.6179,22.087,0.764,67.815,0.484,-0.381,1.052,1.219,1.158,321953.1,321.95,31708.38,6108.38,1.035,0.000,0.000,0.000,0.000,0.000,71.321,PID
1222,56.6229,22.090,0.762,67.820,0.484,-0.379,1.052,1.219,1.158,321893.7,321.89,31707.85,6107.85,1.035,0.000,0.000,0.000,0.000,0.000,71.327,PID
1223,56.6279,22.092,0.761,67.825,0.484,-0.378,1.052,1.218,1.158,321834.1,321.83,31707.32,6107.32,1.035,0.000,0.000,0.000,0.000,0.000,71.333,PID
1224,56.6329,22.095,0.759,67.831,0.484,-0.376,1.052,1.217,1.158,321774.8,321.77,31706.80,6106.80,1.035,0.000,0.000,0.000,0.000,0.000,71.338,PID
1225,56.6379,22.097,0.757,67.836,0.484,-0.374,1.052,1.217,1.158,321716.2,321.72,31706.27,6106.27,1.035,0.000,0.000,0.000,0.000,0.000,71.344,PID
1226,56.6429,22.099,0.755,67.841,0.484,-0.373,1.052,1.216,1.158,321657.3,321.66,31705.74,6105.74,1.035,0.000,0.000,0.000,0.000,0.000,71.350,PID
1227,56.6479,22.102,0.753,67.847,0.484,-0.371,1.052,1.216,1.158,321598.3,321.60,31705.21,6105.21,1.034,0.000,0.000,0.000,0.000,0.000,71.356,PID
1228,56.6529,22.104,0.751,67.852,0.484,-0.369,1.052,1.215,1.158,321539.9,321.54,31704.69,6104.69,1.034,0.000,0.000,0.000,0.000,0.000,71.361,PID
1229,56.6579,22.107,0.749,67.857,0.484,-0.368,1.052,1.215,1.158,321481.4,321.48,31704.16,6104.16,1.034,0.000,0.000,0.000,0.000,0.000,71.367,PID
1230,56.6629,22.109,0.748,67.862,0.484,-0.366,1.052,1.214,1.158,321423.5,321.42,31703.63,6103.63,1.034,0.000,0.000,0.000,0.000,0.000,71.373,PID
1231,56.6679,22.112,0.746,67.868,0.484,-0.364,1.052,1.214,1.158,321365.5,321.37,31703.11,6103.11,1.034,0.000,0.000,0.000,0.000,0.000,71.379,PID
1232,56.6729,22.114,0.744,67.873,0.484,-0.363,1.052,1.213,1.158,321306.8,321.31,31702.58,6102.58,1.033,0.000,0.000,0.000,0.000,0.000,71.384,PID
1233,56.6779,22.116,0.742,67.878,0.484,-0.361,1.052,1.213,1.158,321250.1,321.25,31702.05,6102.05,1.033,0.000,0.000,0.000,0.000,0.000,71.390,PID
1234,56.6829,22.119,0.740,67.883,0.484,-0.359,1.052,1.212,1.158,321191.9,321.19,31701.53,6101.53,1.033,0.000,0.000,0.000,0.000,0.000,71.396,PID
1235,56.6879,22.121,0.738,67.889,0.484,-0.358,1.052,1.212,1.158,321134.4,321.13,31701.00,6101.00,1.033,0.000,0.000,0.000,0.000,0.000,71.402,PID
1236,56.6929,22.124,0.737,67.894,0.484,-0.356,1.052,1.211,1.158,321077.5,321.08,31700.47,6100.47,1.033,0.000,0.000,0.000,0.000,0.000,71.407,PID
1237,56.6979,22.126,0.735,67.899,0.484,-0.355,1.052,1.211,1.158,321019.6,321.02,31699.95,6099.95,1.033,0.000,0.000,0.000,0.000,0.000,71.413,PID
1238,56.7029,22.129,0.733,67.904,0.484,-0.353,1.052,1.211,1.158,320963.2,320.96,31699.42,6099.42,1.032,0.000,0.000,0.000,0.000,0.000,71.419,PID
1239,56.7079,22.131,0.731,67.910,0.484,-0.351,1.052,1.210,1.158,320906.2,320.91,31698.89,6098.90,1.032,0.000,0.000,0.000,0.000,0.000,71.425,PID
1240,56.7129,22.133,0.730,67.915,0.484,-0.350,1.052,1.210,1.158,320849.9,320.85,31698.37,6098.37,1.032,0.000,0.000,0.000,0.000,0.000,71.430,PID
1241,56.7179,22.136,0.728,67.920,0.484,-0.348,1.052,1.209,1.158,320792.5,320.79,31697.84,6097.84,1.032,0.000,0.000,0.000,0.000,0.000,71.436,PID
1242,56.7229,22.138,0.726,67.925,0.484,-0.347,1.052,1.209,1.158,320737.1,320.74,31697.32,6097.32,1.032,0.000,0.000,0.000,0.000,0.000,71.442,PID
1243,56.7279,22.141,0.724,67.931,0.484,-0.345,1.052,1.208,1.158,320680.1,320.68,31696.79,6096.79,1.032,0.000,0.000,0.000,0.000,0.000,71.448,PID
1244,56.7329,22.143,0.723,67.936,0.484,-0.344,1.052,1.208,1.158,320624.7,320.62,31696.27,6096.27,1.031,0.000,0.000,0.000,0.000,0.000,71.453,PID
1245,56.7379,22.145,0.721,67.941,0.484,-0.342,1.052,1.207,1.158,320567.8,320.57,31695.74,6095.74,1.031,0.000,0.000,0.000,0.000,0.000,71.459,PID
1246,56.7429,22.148,0.719,67.946,0.484,-0.340,1.052,1.207,1.158,320512.9,320.51,31695.21,6095.22,1.031,0.000,0.000,0.000,0.000,0.000,71.465,PID
1247,56.7479,22.150,0.718,67.952,0.484,-0.339,1.052,1.207,1.158,320456.5,320.46,31694.69,6094.69,1.031,0.000,0.000,0.000,0.000,0.000,71.471,PID
1248,56.7529,22.153,0.716,67.957,0.484,-0.337,1.052,1.206,1.158,320402.0,320.40,31694.16,6094.16,1.031,0.000,0.000,0.000,0.000,0.000,71.476,PID
1249,56.7579,22.155,0.714,67.962,0.484,-0.336,1.052,1.206,1.158,320345.6,320.35,31693.64,6093.64,1.031,0.000,0.000,0.000,0.000,0.000,71.482,PID
1250,56.7629,22.158,0.713,67.967,0.484,-0.334,1.052,1.205,1.158,320291.2,320.29,31693.11,6093.11,1.031,0.000,0.000,0.000,0.000,0.000,71.488,PID
1251,56.7679,22.160,0.711,67.973,0.484,-0.333,1.052,1.205,1.158,320235.3,320.24,31692.59,6092.59,1.030,0.000,0.000,0.000,0.000,0.000,71.494,PID
1252,56.7729,22.162,0.709,67.978,0.484,-0.331,1.052,1.205,1.158,320181.3,320.18,31692.06,6092.06,1.030,0.000,0.000,0.000,0.000,0.000,71.499,PID
1253,56.7779,22.165,0.708,67.983,0.484,-0.330,1.052,1.204,1.158,320125.8,320.13,31691.54,6091.54,1.030,0.000,0.000,0.000,0.000,0.000,71.505,PID
1254,56.7829,22.167,0.706,67.988,0.484,-0.329,1.052,1.204,1.158,320071.8,320.07,31691.01,6091.01,1.030,0.000,0.000,0.000,0.000,0.000,71.511,PID
1255,56.7879,22.170,0.704,67.994,0.484,-0.327,1.052,1.203,1.158,320016.8,320.02,31690.49,6090.49,1.030,0.000,0.000,0.000,0.000,0.000,71.517,PID
1256,56.7929,22.172,0.703,67.999,0.484,-0.326,1.052,1.203,1.158,319962.9,319.96,31689.96,6089.97,1.030,0.000,0.000,0.000,0.000,0.000,71.522,PID
1257,56.7979,22.174,0.701,68.004,0.484,-0.324,1.052,1.203,1.158,319908.3,319.91,31689.44,6089.44,1.029,0.000,0.000,0.000,0.000,0.000,71.528,PID
1258,56.8029,22.177,0.699,68.009,0.484,-0.323,1.052,1.202,1.158,319854.9,319.85,31688.92,6088.92,1.029,0.000,0.000,0.000,0.000,0.000,71.534,PID
1259,56.8079,22.179,0.698,68.015,0.484,-0.321,1.052,1.202,1.158,319800.3,319.80,31688.39,6088.39,1.029,0.000,0.000,0.000,0.000,0.000,71.540,PID
1260,56.8129,22.182,0.696,68.020,0.484,-0.320,1.052,1.201,1.158,319746.9,319.75,31687.87,6087.87,1.029,0.000,0.000,0.000,0.000,0.000,71.545,PID
1261,56.8179,22.184,0.695,68.025,0.484,-0.318,1.052,1.201,1.158,319693.6,319.69,31687.34,6087.34,1.029,0.000,0.000,0.000,0.000,0.000,71.551,PID
1262,56.8229,22.187,0.693,68.030,0.484,-0.317,1.052,1.201,1.158,319639.3,319.64,31686.82,6086.82,1.029,0.000,0.000,0.000,0.000,0.000,71.557,PID
1263,56.8279,22.189,0.691,68.036,0.484,-0.316,1.052,1.200,1.158,319587.0,319.59,31686.30,6086.30,1.028,0.000,0.000,0.000,0.000,0.000,71.563,PID
1264,56.8329,22.191,0.690,68.041,0.484,-0.314,1.052,1.200,1.158,319533.1,319.53,31685.77,6085.77,1.028,0.000,0.000,0.000,0.000,0.000,71.568,PID
1265,56.8379,22.194,0.688,68.046,0.484,-0.313,1.052,1.200,1.158,319480.3,319.48,31685.25,6085.25,1.028,0.000,0.000,0.000,0.000,0.000,71.574,PID
1266,56.8429,22.196,0.687,68.052,0.484,-0.312,1.052,1.199,1.158,319427.3,319.43,31684.72,6084.73,1.028,0.000,0.000,0.000,0.000,0.000,71.580,PID
1267,56.8479,22.199,0.685,68.057,0.484,-0.310,1.052,1.199,1.158,319375.0,319.38,31684.20,6084.20,1.028,0.000,0.000,0.000,0.000,0.000,71.586,PID
1268,56.8529,22.201,0.684,68.062,0.484,-0.309,1.052,1.198,1.158,319321.6,319.32,31683.68,6083.68,1.028,0.000,0.000,0.000,0.000,0.000,71.591,PID
1269,56.8579,22.204,0.682,68.067,0.484,-0.307,1.052,1.198,1.158,319269.7,319.27,31683.15,6083.15,1.028,0.000,0.000,0.000,0.000,0.000,71.597,PID
1270,56.8629,22.206,0.681,68.073,0.484,-0.306,1.052,1.198,1.158,319217.2,319.22,31682.63,6082.63,1.027,0.000,0.000,0.000,0.000,0.000,71.603,PID
1271,56.8679,22.208,0.679,68.078,0.484,-0.305,1.052,1.197,1.158,319165.3,319.17,31682.11,6082.11,1.027,0.000,0.000,0.000,0.000,0.000,71.609,PID
1272,56.8729,22.211,0.677,68.083,0.484,-0.303,1.052,1.197,1.158,319112.8,319.11,31681.58,6081.58,1.027,0.000,0.000,0.000,0.000,0.000,71.614,PID
1273,56.8779,22.213,0.676,68.088,0.484,-0.302,1.052,1.197,1.158,319061.3,319.06,31681.06,6081.06,1.027,0.000,0.000,0.000,0.000,0.000,71.620,PID
1274,56.8830,22.216,0.674,68.094,0.485,-0.301,1.052,1.196,1.158,319009.3,319.01,31680.54,6080.54,1.027,0.000,0.000,0.000,0.000,0.000,71.626,PID
1275,56.8880,22.218,0.673,68.099,0.485,-0.300,1.052,1.196,1.158,318957.8,318.96,31680.02,6080.02,1.027,0.000,0.000,0.000,0.000,0.000,71.632,PID
1276,56.8930,22.221,0.671,68.104,0.485,-0.298,1.052,1.196,1.158,318906.1,318.91,31679.49,6079.49,1.027,0.000,0.000,0.000,0.000,0.000,71.637,PID
1277,56.8980,22.223,0.670,68.109,0.485,-0.297,1.052,1.195,1.158,318854.7,318.85,31678.97,6078.97,1.026,0.000,0.000,0.000,0.000,0.000,71.643,PID
1278,56.9030,22.225,0.668,68.115,0.485,-0.296,1.052,1.195,1.158,318803.8,318.80,31678.45,6078.45,1.026,0.000,0.000,0.000,0.000,0.000,71.649,PID
1279,56.9080,22.228,0.667,68.120,0.485,-0.294,1.052,1.195,1.158,318752.4,318.75,31677.93,6077.93,1.026,0.000,0.000,0.000,0.000,0.000,71.655,PID
1280,56.9130,22.230,0.666,68.125,0.485,-0.293,1.052,1.195,1.158,318701.6,318.70,31677.40,6077.40,1.026,0.000,0.000,0.000,0.000,0.000,71.660,PID
1281,56.9180,22.233,0.664,68.130,0.485,-0.292,1.052,1.194,1.158,318651.0,318.65,31676.88,6076.88,1.026,0.000,0.000,0.000,0.000,0.000,71.666,PID
1282,56.9230,22.235,0.663,68.136,0.485,-0.291,1.052,1.194,1.158,318599.8,318.60,31676.36,6076.36,1.026,0.000,0.000,0.000,0.000,0.000,71.672,PID
1283,56.9280,22.237,0.661,68.141,0.485,-0.289,1.052,1.194,1.158,318550.0,318.55,31675.84,6075.84,1.025,0.000,0.000,0.000,0.000,0.000,71.678,PID
1284,56.9330,22.240,0.660,68.146,0.485,-0.288,1.052,1.193,1.158,318498.8,318.50,31675.31,6075.31,1.025,0.000,0.000,0.000,0.000,0.000,71.683,PID
1285,56.9380,22.242,0.658,68.151,0.485,-0.287,1.052,1.193,1.158,318449.0,318.45,31674.79,6074.79,1.025,0.000,0.000,0.000,0.000,0.000,71.689,PID
1286,56.9430,22.245,0.657,68.157,0.485,-0.286,1.052,1.193,1.158,318398.6,318.40,31674.27,6074.27,1.025,0.000,0.000,0.000,0.000,0.000,71.695,PID
1287,56.9480,22.247,0.655,68.162,0.485,-0.284,1.052,1.192,1.158,318349.3,318.35,31673.75,6073.75,1.025,0.000,0.000,0.000,0.000,0.000,71.701,PID
1288,56.9530,22.250,0.654,68.167,0.485,-0.283,1.052,1.192,1.158,318298.4,318.30,31673.22,6073.23,1.025,0.000,0.000,0.000,0.000,0.000,71.706,PID
1289,56.9580,22.252,0.653,68.172,0.485,-0.282,1.052,1.192,1.158,318249.1,318.25,31672.70,6072.70,1.025,0.000,0.000,0.000,0.000,0.000,71.712,PID
1290,56.9630,22.254,0.651,68.178,0.485,-0.281,1.052,1.192,1.158,318200.0,318.20,31672.18,6072.18,1.024,0.000,0.000,0.000,0.000,0.000,71.718,PID
1291,56.9680,22.257,0.650,68.183,0.485,-0.280,1.052,1.191,1.158,318149.8,318.15,31671.66,6071.66,1.024,0.000,0.000,0.000,0.000,0.000,71.724,PID
1292,56.9730,22.259,0.648,68.188,0.485,-0.278,1.052,1.191,1.158,318101.0,318.10,31671.14,6071.14,1.024,0.000,0.000,0.000,0.000,0.000,71.729,PID
1293,56.9780,22.262,0.647,68.193,0.485,-0.277,1.052,1.191,1.158,318051.3,318.05,31670.62,6070.62,1.024,0.000,0.000,0.000,0.000,0.000,71.735,PID
1294,56.9830,22.264,0.646,68.199,0.485,-0.276,1.052,1.191,1.158,318002.9,318.00,31670.10,6070.10,1.024,0.000,0.000,0.000,0.000,0.000,71.741,PID
1295,56.9880,22.267,0.644,68.204,0.485,-0.275,1.052,1.190,1.158,317953.1,317.95,31669.57,6069.57,1.024,0.000,0.000,0.000,0.000,0.000,71.747,PID
1296,56.9930,22.269,0.643,68.209,0.485,-0.274,1.052,1.190,1.158,317905.2,317.91,31669.05,6069.05,1.024,0.000,0.000,0.000,0.000,0.000,71.752,PID
1297,56.9980,22.271,0.642,68.214,0.485,-0.273,1.052,1.190,1.158,317855.8,317.86,31668.53,6068.53,1.023,0.000,0.000,0.000,0.000,0.000,71.758,PID
1298,57.0030,22.274,0.640,68.220,0.485,-0.271,1.052,1.189,1.158,317807.9,317.81,31668.01,6068.01,1.023,0.000,0.000,0.000,0.000,0.000,71.764,PID
1299,57.0080,22.276,0.639,68.225,0.485,-0.270,1.052,1.189,1.158,317758.9,317.76,31667.49,6067.49,1.023,0.000,0.000,0.000,0.000,0.000,71.770,PID
1300,57.0130,22.279,0.637,68.230,0.485,-0.269,1.052,1.189,1.158,317710.9,317.71,31666.97,6066.97,1.023,0.000,0.000,0.000,0.000,0.000,71.775,PID
1301,57.0180,22.281,0.636,68.236,0.485,-0.268,1.052,1.189,1.158,317662.8,317.66,31666.45,6066.45,1.023,0.000,0.000,0.000,0.000,0.000,71.781,PID
1302,57.0230,22.284,0.635,68.241,0.485,-0.267,1.052,1.188,1.158,317614.4,317.61,31665.93,6065.93,1.023,0.000,0.000,0.000,0.000,0.000,71.787,PID
1303,57.0280,22.286,0.633,68.246,0.485,-0.266,1.052,1.188,1.158,317567.0,317.57,31665.41,6065.41,1.023,0.000,0.000,0.000,0.000,0.000,71.793,PID
1304,57.0330,22.288,0.632,68.251,0.485,-0.265,1.052,1.188,1.158,317519.0,317.52,31664.89,6064.89,1.023,0.000,0.000,0.000,0.000,0.000,71.798,PID
1305,57.0380,22.291,0.631,68.257,0.485,-0.264,1.052,1.188,1.158,317471.3,317.47,31664.37,6064.37,1.022,0.000,0.000,0.000,0.000,0.000,71.804,PID
1306,57.0430,22.293,0.629,68.262,0.485,-0.263,1.052,1.187,1.158,317423.7,317.42,31663.85,6063.85,1.022,0.000,0.000,0.000,0.000,0.000,71.810,PID
1307,57.0480,22.296,0.628,68.267,0.485,-0.261,1.052,1.187,1.158,317376.7,317.38,31663.32,6063.33,1.022,0.000,0.000,0.000,0.000,0.000,71.816,PID
1308,57.0530,22.298,0.627,68.272,0.485,-0.260,1.052,1.187,1.158,317329.0,317.33,31662.80,6062.81,1.022,0.000,0.000,0.000,0.000,0.000,71.821,PID
1309,57.0580,22.300,0.626,68.278,0.485,-0.259,1.052,1.187,1.158,317282.0,317.28,31662.29,6062.29,1.022,0.000,0.000,0.000,0.000,0.000,71.827,PID
1310,57.0630,22.303,0.624,68.283,0.485,-0.258,1.052,1.187,1.158,317235.3,317.24,31661.77,6061.77,1.022,0.000,0.000,0.000,0.000,0.000,71.833,PID
1311,57.0680,22.305,0.623,68.288,0.485,-0.257,1.052,1.186,1.158,317188.2,317.19,31661.25,6061.25,1.022,0.000,0.000,0.000,0.000,0.000,71.839,PID
1312,57.0730,22.308,0.622,68.293,0.485,-0.256,1.052,1.186,1.158,317141.4,317.14,31660.72,6060.73,1.021,0.000,0.000,0.000,0.000,0.000,71.844,PID
1313,57.0780,22.310,0.620,68.299,0.485,-0.255,1.052,1.186,1.158,317094.7,317.09,31660.21,6060.21,1.021,0.000,0.000,0.000,0.000,0.000,71.850,PID
1314,57.0830,22.313,0.619,68.304,0.485,-0.254,1.052,1.186,1.158,317048.7,317.05,31659.69,6059.69,1.021,0.000,0.000,0.000,0.000,0.000,71.856,PID
1315,57.0880,22.315,0.618,68.309,0.485,-0.253,1.052,1.185,1.158,317001.6,317.00,31659.17,6059.17,1.021,0.000,0.000,0.000,0.000,0.000,71.862,PID
1316,57.0930,22.317,0.617,68.314,0.485,-0.252,1.052,1.185,1.158,316956.0,316.96,31658.65,6058.65,1.021,0.000,0.000,0.000,0.000,0.000,71.867,PID
1317,57.0980,22.320,0.615,68.320,0.485,-0.251,1.052,1.185,1.158,316909.3,316.91,31658.13,6058.13,1.021,0.000,0.000,0.000,0.000,0.000,71.873,PID
1318,57.1030,22.322,0.614,68.325,0.485,-0.250,1.052,1.185,1.158,316864.0,316.86,31657.61,6057.61,1.021,0.000,0.000,0.000,0.000,0.000,71.879,PID
1319,57.1080,22.325,0.613,68.330,0.485,-0.249,1.052,1.185,1.158,316817.3,316.82,31657.09,6057.09,1.021,0.000,0.000,0.000,0.000,0.000,71.885,PID
1320,57.1130,22.327,0.612,68.335,0.485,-0.248,1.052,1.184,1.158,316772.4,316.77,31656.57,6056.57,1.020,0.000,0.000,0.000,0.000,0.000,71.890,PID
1321,57.1180,22.330,0.610,68.341,0.485,-0.247,1.052,1.184,1.158,316726.0,316.73,31656.05,6056.05,1.020,0.000,0.000,0.000,0.000,0.000,71.896,PID
1322,57.1230,22.332,0.609,68.346,0.485,-0.246,1.052,1.184,1.158,316680.7,316.68,31655.53,6055.53,1.020,0.000,0.000,0.000,0.000,0.000,71.902,PID
1323,57.1280,22.334,0.608,68.351,0.485,-0.245,1.052,1.184,1.158,316635.6,316.64,31655.01,6055.01,1.020,0.000,0.000,0.000,0.000,0.000,71.908,PID
1324,57.1330,22.337,0.607,68.356,0.485,-0.244,1.052,1.184,1.158,316590.2,316.59,31654.49,6054.49,1.020,0.000,0.000,0.000,0.000,0.000,71.913,PID
1325,57.1380,22.339,0.605,68.362,0.485,-0.243,1.052,1.183,1.158,316545.0,316.55,31653.97,6053.97,1.020,0.000,0.000,0.000,0.000,0.000,71.919,PID
1326,57.1430,22.342,0.604,68.367,0.485,-0.242,1.052,1.183,1.158,316500.0,316.50,31653.45,6053.45,1.020,0.000,0.000,0.000,0.000,0.000,71.925,PID
1327,57.1480,22.344,0.603,68.372,0.485,-0.241,1.052,1.183,1.158,316455.2,316.46,31652.94,6052.94,1.019,0.000,0.000,0.000,0.000,0.000,71.931,PID
1328,57.1530,22.347,0.602,68.377,0.485,-0.240,1.052,1.183,1.158,316410.1,316.41,31652.42,6052.42,1.019,0.000,0.000,0.000,0.000,0.000,71.936,PID
1329,57.1580,22.349,0.601,68.383,0.485,-0.239,1.052,1.183,1.158,316365.7,316.37,31651.90,6051.90,1.019,0.000,0.000,0.000,0.000,0.000,71.942,PID
1330,57.1630,22.351,0.599,68.388,0.485,-0.238,1.052,1.182,1.158,316321.0,316.32,31651.38,6051.38,1.019,0.000,0.000,0.000,0.000,0.000,71.948,PID
1331,57.1680,22.354,0.598,68.393,0.485,-0.237,1.052,1.182,1.158,316276.9,316.28,31650.86,6050.86,1.019,0.000,0.000,0.000,0.000,0.000,71.954,PID
1332,57.1730,22.356,0.597,68.398,0.485,-0.236,1.052,1.182,1.158,316232.2,316.23,31650.34,6050.34,1.019,0.000,0.000,0.000,0.000,0.000,71.959,PID
1333,57.1780,22.359,0.596,68.404,0.485,-0.236,1.052,1.182,1.158,316188.1,316.19,31649.82,6049.82,1.019,0.000,0.000,0.000,0.000,0.000,71.965,PID
1334,57.1830,22.361,0.595,68.409,0.485,-0.235,1.052,1.182,1.158,316144.2,316.14,31649.30,6049.31,1.019,0.000,0.000,0.000,0.000,0.000,71.971,PID
1335,57.1880,22.364,0.594,68.414,0.485,-0.234,1.052,1.181,1.158,316100.0,316.10,31648.79,6048.79,1.018,0.000,0.000,0.000,0.000,0.000,71.977,PID
1336,57.1930,22.366,0.592,68.419,0.485,-0.233,1.052,1.181,1.158,316056.4,316.06,31648.27,6048.27,1.018,0.000,0.000,0.000,0.000,0.000,71.982,PID
1337,57.1980,22.368,0.591,68.425,0.485,-0.232,1.052,1.181,1.158,316012.6,316.01,31647.75,6047.75,1.018,0.000,0.000,0.000,0.000,0.000,71.988,PID
1338,57.2030,22.371,0.590,68.430,0.485,-0.231,1.052,1.181,1.158,315969.0,315.97,31647.23,6047.23,1.018,0.000,0.000,0.000,0.000,0.000,71.994,PID
1339,57.2080,22.373,0.589,68.435,0.485,-0.230,1.052,1.181,1.158,315925.6,315.93,31646.71,6046.72,1.018,0.000,0.000,0.000,0.000,0.000,72.000,PID
1340,57.2130,22.376,0.588,68.441,0.485,-0.229,1.051,1.181,1.158,315882.3,315.88,31646.20,6046.20,1.018,0.000,0.000,0.000,0.000,0.000,72.005,PID
1341,57.2180,22.378,0.587,68.446,0.485,-0.228,1.051,1.180,1.158,315838.8,315.84,31645.68,6045.68,1.018,0.000,0.000,0.000,0.000,0.000,72.011,PID
1342,57.2230,22.381,0.585,68.451,0.485,-0.228,1.051,1.180,1.158,315795.9,315.80,31645.16,6045.16,1.018,0.000,0.000,0.000,0.000,0.000,72.017,PID
1343,57.2280,22.383,0.584,68.456,0.485,-0.227,1.051,1.180,1.158,315752.8,315.75,31644.64,6044.65,1.017,0.000,0.000,0.000,0.000,0.000,72.023,PID
1344,57.2330,22.385,0.583,68.462,0.485,-0.226,1.051,1.180,1.158,315710.3,315.71,31644.13,6044.13,1.017,0.000,0.000,0.000,0.000,0.000,72.028,PID
1345,57.2380,22.388,0.582,68.467,0.485,-0.225,1.051,1.180,1.158,315667.1,315.67,31643.61,6043.61,1.017,0.000,0.000,0.000,0.000,0.000,72.034,PID
1346,57.2430,22.390,0.581,68.472,0.485,-0.224,1.051,1.180,1.158,315624.5,315.62,31643.09,6043.09,1.017,0.000,0.000,0.000,0.000,0.000,72.040,PID
1347,57.2480,22.393,0.580,68.477,0.486,-0.223,1.051,1.179,1.158,315582.1,315.58,31642.57,6042.57,1.017,0.000,0.000,0.000,0.000,0.000,72.046,PID
1348,57.2530,22.395,0.579,68.483,0.486,-0.223,1.051,1.179,1.158,315539.4,315.54,31642.06,6042.06,1.017,0.000,0.000,0.000,0.000,0.000,72.051,PID
1349,57.2580,22.398,0.578,68.488,0.486,-0.222,1.051,1.179,1.158,315497.3,315.50,31641.54,6041.54,1.017,0.000,0.000,0.000,0.000,0.000,72.057,PID
1350,57.2630,22.400,0.577,68.493,0.486,-0.221,1.051,1.179,1.158,315455.0,315.46,31641.02,6041.02,1.017,0.000,0.000,0.000,0.000,0.000,72.063,PID
1351,57.2680,22.402,0.575,68.498,0.486,-0.220,1.051,1.179,1.158,315413.3,315.41,31640.51,6040.51,1.017,0.000,0.000,0.000,0.000,0.000,72.069,PID
1352,57.2730,22.405,0.574,68.504,0.486,-0.219,1.051,1.179,1.158,315370.5,315.37,31639.99,6039.99,1.016,0.000,0.000,0.000,0.000,0.000,72.074,PID
1353,57.2780,22.407,0.573,68.509,0.486,-0.218,1.051,1.179,1.158,315329.6,315.33,31639.47,6039.47,1.016,0.000,0.000,0.000,0.000,0.000,72.080,PID
1354,57.2830,22.410,0.572,68.514,0.486,-0.218,1.051,1.178,1.158,315287.2,315.29,31638.96,6038.96,1.016,0.000,0.000,0.000,0.000,0.000,72.086,PID
1355,57.2880,22.412,0.571,68.519,0.486,-0.217,1.051,1.178,1.158,315245.7,315.25,31638.44,6038.44,1.016,0.000,0.000,0.000,0.000,0.000,72.092,PID
1356,57.2930,22.415,0.570,68.525,0.486,-0.216,1.051,1.178,1.158,315204.5,315.20,31637.92,6037.92,1.016,0.000,0.000,0.000,0.000,0.000,72.097,PID
1357,57.2980,22.417,0.569,68.530,0.486,-0.215,1.051,1.178,1.158,315162.6,315.16,31637.40,6037.41,1.016,0.000,0.000,0.000,0.000,0.000,72.103,PID
1358,57.3030,22.419,0.568,68.535,0.486,-0.215,1.051,1.178,1.158,315122.1,315.12,31636.89,6036.89,1.016,0.000,0.000,0.000,0.000,0.000,72.109,PID
1359,57.3080,22.422,0.567,68.540,0.486,-0.214,1.051,1.178,1.158,315080.1,315.08,31636.37,6036.37,1.016,0.000,0.000,0.000,0.000,0.000,72.115,PID
1360,57.3130,22.424,0.566,68.546,0.486,-0.213,1.051,1.178,1.158,315039.1,315.04,31635.86,6035.86,1.015,0.000,0.000,0.000,0.000,0.000,72.120,PID
1361,57.3180,22.427,0.565,68.551,0.486,-0.212,1.051,1.177,1.158,314998.8,315.00,31635.34,6035.34,1.015,0.000,0.000,0.000,0.000,0.000,72.126,PID
1362,57.3230,22.429,0.564,68.556,0.486,-0.212,1.051,1.177,1.158,314957.3,314.96,31634.82,6034.82,1.015,0.000,0.000,0.000,0.000,0.000,72.132,PID
1363,57.3280,22.432,0.562,68.561,0.486,-0.211,1.051,1.177,1.158,314916.8,314.92,31634.31,6034.31,1.015,0.000,0.000,0.000,0.000,0.000,72.138,PID
1364,57.3330,22.434,0.561,68.567,0.486,-0.210,1.051,1.177,1.158,314876.5,314.88,31633.79,6033.79,1.015,0.000,0.000,0.000,0.000,0.000,72.143,PID
1365,57.3380,22.436,0.560,68.572,0.486,-0.209,1.051,1.177,1.158,314835.1,314.84,31633.27,6033.27,1.015,0.000,0.000,0.000,0.000,0.000,72.149,PID
1366,57.3430,22.439,0.559,68.577,0.486,-0.209,1.051,1.177,1.158,314795.6,314.80,31632.76,6032.76,1.015,0.000,0.000,0.000,0.000,0.000,72.155,PID
1367,57.3481,22.441,0.558,68.582,0.486,-0.208,1.051,1.177,1.158,314754.5,314.75,31632.24,6032.24,1.015,0.000,0.000,0.000,0.000,0.000,72.161,PID
1368,57.3531,22.444,0.557,68.588,0.486,-0.207,1.051,1.177,1.158,314715.3,314.72,31631.73,6031.73,1.015,0.000,0.000,0.000,0.000,0.000,72.166,PID
1369,57.3581,22.446,0.556,68.593,0.486,-0.206,1.051,1.176,1.158,314674.2,314.67,31631.21,6031.21,1.014,0.000,0.000,0.000,0.000,0.000,72.172,PID
1370,57.3631,22.449,0.555,68.598,0.486,-0.206,1.051,1.176,1.158,314634.9,314.63,31630.69,6030.69,1.014,0.000,0.000,0.000,0.000,0.000,72.178,PID
1371,57.3681,22.451,0.554,68.603,0.486,-0.205,1.051,1.176,1.158,314594.5,314.59,31630.18,6030.18,1.014,0.000,0.000,0.000,0.000,0.000,72.184,PID
1372,57.3731,22.453,0.553,68.609,0.486,-0.204,1.051,1.176,1.158,314555.2,314.56,31629.66,6029.66,1.014,0.000,0.000,0.000,0.000,0.000,72.189,PID
1373,57.3781,22.456,0.552,68.614,0.486,-0.204,1.051,1.176,1.158,314515.1,314.52,31629.15,6029.15,1.014,0.000,0.000,0.000,0.000,0.000,72.195,PID
1374,57.3831,22.458,0.551,68.619,0.486,-0.203,1.051,1.176,1.158,314476.1,314.48,31628.63,6028.63,1.014,0.000,0.000,0.000,0.000,0.000,72.201,PID
1375,57.3881,22.461,0.550,68.624,0.486,-0.202,1.051,1.176,1.158,314436.4,314.44,31628.12,6028.12,1.014,0.000,0.000,0.000,0.000,0.000,72.207,PID
1376,57.3931,22.463,0.549,68.630,0.486,-0.202,1.051,1.176,1.158,314396.8,314.40,31627.60,6027.60,1.014,0.000,0.000,0.000,0.000,0.000,72.212,PID
1377,57.3981,22.466,0.548,68.635,0.486,-0.201,1.051,1.176,1.158,314357.9,314.36,31627.09,6027.09,1.014,0.000,0.000,0.000,0.000,0.000,72.218,PID
1378,57.4031,22.468,0.547,68.640,0.486,-0.200,1.051,1.175,1.158,314318.7,314.32,31626.57,6026.57,1.013,0.000,0.000,0.000,0.000,0.000,72.224,PID
1379,57.4081,22.470,0.546,68.646,0.486,-0.200,1.051,1.175,1.158,314280.1,314.28,31626.05,6026.06,1.013,0.000,0.000,0.000,0.000,0.000,72.230,PID
1380,57.4131,22.473,0.545,68.651,0.486,-0.199,1.051,1.175,1.158,314240.3,314.24,31625.54,6025.54,1.013,0.000,0.000,0.000,0.000,0.000,72.235,PID
1381,57.4181,22.475,0.544,68.656,0.486,-0.198,1.051,1.175,1.158,314202.5,314.20,31625.02,6025.02,1.013,0.000,0.000,0.000,0.000,0.000,72.241,PID
1382,57.4231,22.478,0.543,68.661,0.486,-0.198,1.051,1.175,1.158,314163.0,314.16,31624.51,6024.51,1.013,0.000,0.000,0.000,0.000,0.000,72.247,PID
1383,57.4281,22.480,0.542,68.667,0.486,-0.197,1.051,1.175,1.158,314125.1,314.13,31623.99,6023.99,1.013,0.000,0.000,0.000,0.000,0.000,72.253,PID
1384,57.4331,22.483,0.541,68.672,0.486,-0.197,1.051,1.175,1.158,314086.0,314.09,31623.48,6023.48,1.013,0.000,0.000,0.000,0.000,0.000,72.258,PID
1385,57.4381,22.485,0.540,68.677,0.486,-0.196,1.051,1.175,1.158,314047.9,314.05,31622.96,6022.96,1.013,0.000,0.000,0.000,0.000,0.000,72.264,PID
1386,57.4431,22.487,0.539,68.682,0.486,-0.195,1.051,1.175,1.158,314009.6,314.01,31622.45,6022.45,1.013,0.000,0.000,0.000,0.000,0.000,72.270,PID
1387,57.4481,22.490,0.538,68.688,0.486,-0.195,1.051,1.174,1.158,313971.0,313.97,31621.94,6021.94,1.012,0.000,0.000,0.000,0.000,0.000,72.276,PID
1388,57.4531,22.492,0.537,68.693,0.486,-0.194,1.051,1.174,1.158,313933.8,313.93,31621.42,6021.42,1.012,0.000,0.000,0.000,0.000,0.000,72.281,PID
1389,57.4581,22.495,0.536,68.698,0.486,-0.193,1.051,1.174,1.158,313895.1,313.90,31620.91,6020.91,1.012,0.000,0.000,0.000,0.000,0.000,72.287,PID
1390,57.4631,22.497,0.535,68.703,0.486,-0.193,1.051,1.174,1.158,313857.5,313.86,31620.39,6020.39,1.012,0.000,0.000,0.000,0.000,0.000,72.293,PID
1391,57.4681,22.500,0.534,68.709,0.486,-0.192,1.051,1.174,1.158,313819.9,313.82,31619.88,6019.88,1.012,0.000,0.000,0.000,0.000,0.000,72.299,PID
1392,57.4731,22.502,0.533,68.714,0.486,-0.192,1.051,1.174,1.158,313781.7,313.78,31619.36,6019.36,1.012,0.000,0.000,0.000,0.000,0.000,72.304,PID
1393,57.4781,22.504,0.532,68.719,0.486,-0.191,1.051,1.174,1.158,313744.9,313.74,31618.85,6018.85,1.012,0.000,0.000,0.000,0.000,0.000,72.310,PID
1394,57.4831,22.507,0.531,68.724,0.486,-0.191,1.051,1.174,1.158,313707.0,313.71,31618.33,6018.33,1.012,0.000,0.000,0.000,0.000,0.000,72.316,PID
1395,57.4881,22.509,0.531,68.730,0.486,-0.190,1.051,1.174,1.158,313669.7,313.67,31617.82,6017.82,1.012,0.000,0.000,0.000,0.000,0.000,72.322,PID
1396,57.4931,22.512,0.530,68.735,0.486,-0.189,1.051,1.174,1.158,313632.6,313.63,31617.30,6017.31,1.012,0.000,0.000,0.000,0.000,0.000,72.327,PID
1397,57.4981,22.514,0.529,68.740,0.486,-0.189,1.051,1.174,1.158,313595.1,313.60,31616.79,6016.79,1.011,0.000,0.000,0.000,0.000,0.000,72.333,PID
1398,57.5031,22.517,0.528,68.745,0.486,-0.188,1.051,1.173,1.158,313558.3,313.56,31616.28,6016.28,1.011,0.000,0.000,0.000,0.000,0.000,72.339,PID
1399,57.5081,22.519,0.527,68.751,0.486,-0.188,1.051,1.173,1.158,313521.6,313.52,31615.76,6015.76,1.011,0.000,0.000,0.000,0.000,0.000,72.345,PID
1400,57.5131,22.521,0.526,68.756,0.486,-0.187,1.051,1.173,1.158,313484.2,313.48,31615.25,6015.25,1.011,0.000,0.000,0.000,0.000,0.000,72.350,PID
1401,57.5181,22.524,0.525,68.761,0.486,-0.187,1.051,1.173,1.158,313447.8,313.45,31614.73,6014.74,1.011,0.000,0.000,0.000,0.000,0.000,72.356,PID
1402,57.5231,22.526,0.524,68.766,0.486,-0.186,1.051,1.173,1.158,313411.2,313.41,31614.22,6014.22,1.011,0.000,0.000,0.000,0.000,0.000,72.362,PID
1403,57.5281,22.529,0.523,68.772,0.486,-0.186,1.051,1.173,1.158,313374.2,313.37,31613.71,6013.71,1.011,0.000,0.000,0.000,0.000,0.000,72.368,PID
1404,57.5331,22.531,0.522,68.777,0.486,-0.185,1.051,1.173,1.158,313338.3,313.34,31613.19,6013.19,1.011,0.000,0.000,0.000,0.000,0.000,72.373,PID
1405,57.5381,22.534,0.521,68.782,0.486,-0.185,1.051,1.173,1.158,313301.7,313.30,31612.68,6012.68,1.011,0.000,0.000,0.000,0.000,0.000,72.379,PID
1406,57.5431,22.536,0.520,68.787,0.486,-0.184,1.051,1.173,1.158,313265.3,313.27,31612.17,6012.17,1.011,0.000,0.000,0.000,0.000,0.000,72.385,PID
1407,57.5481,22.538,0.519,68.793,0.486,-0.184,1.051,1.173,1.158,313229.4,313.23,31611.65,6011.65,1.010,0.000,0.000,0.000,0.000,0.000,72.391,PID
1408,57.5531,22.541,0.518,68.798,0.486,-0.183,1.051,1.173,1.158,313193.2,313.19,31611.14,6011.14,1.010,0.000,0.000,0.000,0.000,0.000,72.396,PID
1409,57.5581,22.543,0.517,68.803,0.486,-0.183,1.051,1.173,1.158,313157.2,313.16,31610.63,6010.63,1.010,0.000,0.000,0.000,0.000,0.000,72.402,PID
1410,57.5631,22.546,0.517,68.808,0.486,-0.182,1.051,1.172,1.158,313121.4,313.12,31610.11,6010.11,1.010,0.000,0.000,0.000,0.000,0.000,72.408,PID
1411,57.5681,22.548,0.516,68.814,0.486,-0.182,1.051,1.172,1.158,313085.7,313.09,31609.60,6009.60,1.010,0.000,0.000,0.000,0.000,0.000,72.414,PID
1412,57.5731,22.551,0.515,68.819,0.486,-0.181,1.051,1.172,1.158,313049.7,313.05,31609.09,6009.09,1.010,0.000,0.000,0.000,0.000,0.000,72.419,PID
1413,57.5781,22.553,0.514,68.824,0.486,-0.181,1.051,1.172,1.158,313014.8,313.01,31608.57,6008.57,1.010,0.000,0.000,0.000,0.000,0.000,72.425,PID
1414,57.5831,22.555,0.513,68.830,0.486,-0.180,1.051,1.172,1.158,312978.7,312.98,31608.06,6008.06,1.010,0.000,0.000,0.000,0.000,0.000,72.431,PID
1415,57.5881,22.558,0.512,68.835,0.486,-0.180,1.051,1.172,1.158,312944.0,312.94,31607.55,6007.55,1.010,0.000,0.000,0.000,0.000,0.000,72.437,PID
1416,57.5931,22.560,0.511,68.840,0.486,-0.179,1.051,1.172,1.158,312907.8,312.91,31607.03,6007.03,1.010,0.000,0.000,0.000,0.000,0.000,72.443,PID
1417,57.5981,22.563,0.510,68.845,0.486,-0.179,1.051,1.172,1.158,312873.4,312.87,31606.52,6006.52,1.009,0.000,0.000,0.000,0.000,0.000,72.448,PID
1418,57.6031,22.565,0.509,68.851,0.486,-0.178,1.051,1.172,1.158,312837.9,312.84,31606.01,6006.01,1.009,0.000,0.000,0.000,0.000,0.000,72.454,PID
1419,57.6081,22.568,0.508,68.856,0.486,-0.178,1.051,1.172,1.158,312803.0,312.80,31605.50,6005.50,1.009,0.000,0.000,0.000,0.000,0.000,72.460,PID
1420,57.6131,22.570,0.508,68.861,0.486,-0.177,1.051,1.172,1.158,312768.3,312.77,31604.98,6004.98,1.009,0.000,0.000,0.000,0.000,0.000,72.466,PID
1421,57.6181,22.573,0.507,68.866,0.487,-0.177,1.051,1.172,1.158,312733.2,312.73,31604.47,6004.47,1.009,0.000,0.000,0.000,0.000,0.000,72.471,PID
1422,57.6231,22.575,0.506,68.872,0.487,-0.176,1.051,1.172,1.158,312698.8,312.70,31603.96,6003.96,1.009,0.000,0.000,0.000,0.000,0.000,72.477,PID
1423,57.6281,22.577,0.505,68.877,0.487,-0.176,1.051,1.172,1.158,312664.0,312.66,31603.45,6003.45,1.009,0.000,0.000,0.000,0.000,0.000,72.483,PID
1424,57.6331,22.580,0.504,68.882,0.487,-0.176,1.051,1.171,1.158,312629.4,312.63,31602.93,6002.93,1.009,0.000,0.000,0.000,0.000,0.000,72.489,PID
1425,57.6381,22.582,0.503,68.887,0.487,-0.175,1.051,1.171,1.158,312595.3,312.60,31602.42,6002.42,1.009,0.000,0.000,0.000,0.000,0.000,72.494,PID
1426,57.6431,22.585,0.502,68.893,0.487,-0.175,1.051,1.171,1.158,312560.6,312.56,31601.91,6001.91,1.009,0.000,0.000,0.000,0.000,0.000,72.500,PID
1427,57.6481,22.587,0.501,68.898,0.487,-0.174,1.051,1.171,1.158,312526.4,312.53,31601.39,6001.40,1.008,0.000,0.000,0.000,0.000,0.000,72.506,PID
1428,57.6531,22.590,0.501,68.903,0.487,-0.174,1.051,1.171,1.158,312492.4,312.49,31600.88,6000.88,1.008,0.000,0.000,0.000,0.000,0.000,72.512,PID
1429,57.6581,22.592,0.500,68.908,0.487,-0.174,1.051,1.171,1.158,312458.5,312.46,31600.37,6000.37,1.008,0.000,0.000,0.000,0.000,0.000,72.517,PID
1430,57.6631,22.594,0.499,68.914,0.487,-0.173,1.051,1.171,1.158,312423.9,312.42,31599.86,5999.86,1.008,0.000,0.000,0.000,0.000,0.000,72.523,PID
1431,57.6681,22.597,0.498,68.919,0.487,-0.173,1.051,1.171,1.158,312390.8,312.39,31599.35,5999.35,1.008,0.000,0.000,0.000,0.000,0.000,72.529,PID
1432,57.6731,22.599,0.497,68.924,0.487,-0.172,1.051,1.171,1.158,312356.5,312.36,31598.83,5998.83,1.008,0.000,0.000,0.000,0.000,0.000,72.535,PID
1433,57.6781,22.602,0.496,68.929,0.487,-0.172,1.051,1.171,1.158,312323.2,312.32,31598.32,5998.32,1.008,0.000,0.000,0.000,0.000,0.000,72.540,PID
1434,57.6831,22.604,0.495,68.935,0.487,-0.172,1.051,1.171,1.158,312289.6,312.29,31597.81,5997.81,1.008,0.000,0.000,0.000,0.000,0.000,72.546,PID
1435,57.6881,22.607,0.495,68.940,0.487,-0.171,1.051,1.171,1.158,312255.7,312.26,31597.30,5997.30,1.008,0.000,0.000,0.000,0.000,0.000,72.552,PID
1436,57.6931,22.609,0.494,68.945,0.487,-0.171,1.051,1.171,1.158,312222.8,312.22,31596.79,5996.79,1.008,0.000,0.000,0.000,0.000,0.000,72.558,PID
1437,57.6981,22.611,0.493,68.950,0.487,-0.170,1.051,1.171,1.158,312188.8,312.19,31596.27,5996.27,1.008,0.000,0.000,0.000,0.000,0.000,72.563,PID
1438,57.7031,22.614,0.492,68.956,0.487,-0.170,1.051,1.171,1.158,312156.3,312.16,31595.76,5995.76,1.007,0.000,0.000,0.000,0.000,0.000,72.569,PID
1439,57.7081,22.616,0.491,68.961,0.487,-0.170,1.051,1.171,1.158,312122.9,312.12,31595.25,5995.25,1.007,0.000,0.000,0.000,0.000,0.000,72.575,PID
1440,57.7131,22.619,0.490,68.966,0.487,-0.169,1.051,1.171,1.158,312089.8,312.09,31594.74,5994.74,1.007,0.000,0.000,0.000,0.000,0.000,72.581,PID
1441,57.7181,22.621,0.489,68.971,0.487,-0.169,1.051,1.171,1.158,312056.8,312.06,31594.23,5994.23,1.007,0.000,0.000,0.000,0.000,0.000,72.586,PID
1442,57.7231,22.624,0.489,68.977,0.487,-0.169,1.051,1.170,1.158,312023.9,312.02,31593.71,5993.72,1.007,0.000,0.000,0.000,0.000,0.000,72.592,PID
1443,57.7281,22.626,0.488,68.982,0.487,-0.168,1.051,1.170,1.158,311991.6,311.99,31593.20,5993.20,1.007,0.000,0.000,0.000,0.000,0.000,72.598,PID
1444,57.7331,22.628,0.487,68.987,0.487,-0.168,1.051,1.170,1.158,311958.5,311.96,31592.69,5992.69,1.007,0.000,0.000,0.000,0.000,0.000,72.604,PID
1445,57.7381,22.631,0.486,68.992,0.487,-0.168,1.051,1.170,1.158,311925.7,311.93,31592.18,5992.18,1.007,0.000,0.000,0.000,0.000,0.000,72.609,PID
1446,57.7431,22.633,0.485,68.998,0.487,-0.167,1.051,1.170,1.158,311893.8,311.89,31591.67,5991.67,1.007,0.000,0.000,0.000,0.000,0.000,72.615,PID
1447,57.7481,22.636,0.484,69.003,0.487,-0.167,1.051,1.170,1.158,311860.7,311.86,31591.16,5991.16,1.007,0.000,0.000,0.000,0.000,0.000,72.621,PID
1448,57.7531,22.638,0.484,69.008,0.487,-0.167,1.051,1.170,1.158,311829.1,311.83,31590.65,5990.65,1.007,0.000,0.000,0.000,0.000,0.000,72.627,PID
1449,57.7581,22.641,0.483,69.013,0.487,-0.166,1.051,1.170,1.158,311795.9,311.80,31590.14,5990.14,1.006,0.000,0.000,0.000,0.000,0.000,72.632,PID
1450,57.7631,22.643,0.482,69.019,0.487,-0.166,1.051,1.170,1.158,311764.6,311.76,31589.63,5989.63,1.006,0.000,0.000,0.000,0.000,0.000,72.638,PID
1451,57.7681,22.646,0.481,69.024,0.487,-0.166,1.051,1.170,1.158,311732.5,311.73,31589.11,5989.11,1.006,0.000,0.000,0.000,0.000,0.000,72.644,PID
1452,57.7731,22.648,0.480,69.029,0.487,-0.165,1.051,1.170,1.158,311699.7,311.70,31588.60,5988.60,1.006,0.000,0.000,0.000,0.000,0.000,72.650,PID
1453,57.7781,22.650,0.479,69.035,0.487,-0.165,1.051,1.170,1.158,311668.8,311.67,31588.09,5988.09,1.006,0.000,0.000,0.000,0.000,0.000,72.655,PID
1454,57.7831,22.653,0.479,69.040,0.487,-0.165,1.051,1.170,1.158,311636.3,311.64,31587.58,5987.58,1.006,0.000,0.000,0.000,0.000,0.000,72.661,PID
1455,57.7881,22.655,0.478,69.045,0.487,-0.165,1.051,1.170,1.158,311605.2,311.61,31587.07,5987.07,1.006,0.000,0.000,0.000,0.000,0.000,72.667,PID
1456,57.7931,22.658,0.477,69.050,0.487,-0.164,1.051,1.170,1.158,311573.0,311.57,31586.56,5986.56,1.006,0.000,0.000,0.000,0.000,0.000,72.673,PID
1457,57.7981,22.660,0.476,69.056,0.487,-0.164,1.051,1.170,1.158,311541.7,311.54,31586.05,5986.05,1.006,0.000,0.000,0.000,0.000,0.000,72.678,PID
1458,57.8031,22.663,0.475,69.061,0.487,-0.164,1.051,1.170,1.158,311510.6,311.51,31585.54,5985.54,1.006,0.000,0.000,0.000,0.000,0.000,72.684,PID
1459,57.8081,22.665,0.474,69.066,0.487,-0.163,1.051,1.170,1.158,311478.3,311.48,31585.03,5985.03,1.006,0.000,0.000,0.000,0.000,0.000,72.690,PID
1460,57.8131,22.667,0.474,69.071,0.487,-0.163,1.051,1.170,1.158,311447.9,311.45,31584.52,5984.52,1.006,0.000,0.000,0.000,0.000,0.000,72.696,PID
1461,57.8182,22.670,0.473,69.077,0.487,-0.163,1.051,1.170,1.158,311416.4,311.42,31584.01,5984.01,1.005,0.000,0.000,0.000,0.000,0.000,72.701,PID
1462,57.8232,22.672,0.472,69.082,0.487,-0.163,1.051,1.170,1.158,311385.3,311.39,31583.50,5983.50,1.005,0.000,0.000,0.000,0.000,0.000,72.707,PID
1463,57.8282,22.675,0.471,69.087,0.487,-0.162,1.051,1.170,1.158,311354.1,311.35,31582.99,5982.99,1.005,0.000,0.000,0.000,0.000,0.000,72.713,PID
1464,57.8332,22.677,0.470,69.092,0.487,-0.162,1.051,1.170,1.158,311323.3,311.32,31582.48,5982.48,1.005,0.000,0.000,0.000,0.000,0.000,72.719,PID
1465,57.8382,22.680,0.470,69.098,0.487,-0.162,1.051,1.170,1.158,311292.3,311.29,31581.96,5981.97,1.005,0.000,0.000,0.000,0.000,0.000,72.724,PID
1466,57.8432,22.682,0.469,69.103,0.487,-0.162,1.051,1.170,1.158,311261.8,311.26,31581.46,5981.46,1.005,0.000,0.000,0.000,0.000,0.000,72.730,PID
1467,57.8482,22.684,0.468,69.108,0.487,-0.161,1.051,1.169,1.158,311231.0,311.23,31580.95,5980.95,1.005,0.000,0.000,0.000,0.000,0.000,72.736,PID
1468,57.8532,22.687,0.467,69.113,0.487,-0.161,1.051,1.169,1.158,311200.4,311.20,31580.43,5980.44,1.005,0.000,0.000,0.000,0.000,0.000,72.742,PID
1469,57.8582,22.689,0.466,69.119,0.487,-0.161,1.051,1.169,1.158,311169.9,311.17,31579.92,5979.92,1.005,0.000,0.000,0.000,0.000,0.000,72.747,PID
1470,57.8632,22.692,0.466,69.124,0.487,-0.161,1.051,1.169,1.158,311139.1,311.14,31579.41,5979.41,1.005,0.000,0.000,0.000,0.000,0.000,72.753,PID
1471,57.8682,22.694,0.465,69.129,0.487,-0.161,1.051,1.169,1.158,311109.3,311.11,31578.90,5978.90,1.005,0.000,0.000,0.000,0.000,0.000,72.759,PID
1472,57.8732,22.697,0.464,69.134,0.487,-0.160,1.051,1.169,1.158,311078.7,311.08,31578.39,5978.39,1.005,0.000,0.000,0.000,0.000,0.000,72.765,PID
1473,57.8782,22.699,0.463,69.140,0.487,-0.160,1.051,1.169,1.158,311048.7,311.05,31577.88,5977.88,1.004,0.000,0.000,0.000,0.000,0.000,72.770,PID
1474,57.8832,22.702,0.462,69.145,0.487,-0.160,1.051,1.169,1.158,311018.4,311.02,31577.38,5977.38,1.004,0.000,0.000,0.000,0.000,0.000,72.776,PID
1475,57.8882,22.704,0.462,69.150,0.487,-0.160,1.051,1.169,1.158,310988.7,310.99,31576.87,5976.87,1.004,0.000,0.000,0.000,0.000,0.000,72.782,PID
1476,57.8932,22.706,0.461,69.155,0.487,-0.159,1.051,1.169,1.158,310958.3,310.96,31576.36,5976.36,1.004,0.000,0.000,0.000,0.000,0.000,72.788,PID
1477,57.8982,22.709,0.460,69.161,0.487,-0.159,1.051,1.169,1.158,310928.8,310.93,31575.85,5975.85,1.004,0.000,0.000,0.000,0.000,0.000,72.793,PID
1478,57.9032,22.711,0.459,69.166,0.487,-0.159,1.051,1.169,1.158,310899.0,310.90,31575.34,5975.34,1.004,0.000,0.000,0.000,0.000,0.000,72.799,PID
1479,57.9082,22.714,0.458,69.171,0.487,-0.159,1.051,1.169,1.158,310868.9,310.87,31574.83,5974.83,1.004,0.000,0.000,0.000,0.000,0.000,72.805,PID
1480,57.9132,22.716,0.458,69.176,0.487,-0.159,1.051,1.169,1.158,310839.8,310.84,31574.32,5974.32,1.004,0.000,0.000,0.000,0.000,0.000,72.811,PID
1481,57.9182,22.719,0.457,69.182,0.487,-0.158,1.051,1.169,1.158,310810.0,310.81,31573.81,5973.81,1.004,0.000,0.000,0.000,0.000,0.000,72.816,PID
1482,57.9232,22.721,0.456,69.187,0.487,-0.158,1.051,1.169,1.158,310780.3,310.78,31573.30,5973.30,1.004,0.000,0.000,0.000,0.000,0.000,72.822,PID
1483,57.9282,22.723,0.455,69.192,0.487,-0.158,1.051,1.169,1.158,310751.6,310.75,31572.79,5972.79,1.004,0.000,0.000,0.000,0.000,0.000,72.828,PID
1484,57.9332,22.726,0.454,69.197,0.487,-0.158,1.051,1.169,1.158,310721.7,310.72,31572.28,5972.28,1.004,0.000,0.000,0.000,0.000,0.000,72.834,PID
1485,57.9382,22.728,0.454,69.203,0.487,-0.158,1.051,1.169,1.158,310692.8,310.69,31571.77,5971.77,1.003,0.000,0.000,0.000,0.000,0.000,72.840,PID
1486,57.9432,22.731,0.453,69.208,0.487,-0.158,1.051,1.169,1.158,310663.6,310.66,31571.26,5971.26,1.003,0.000,0.000,0.000,0.000,0.000,72.845,PID
1487,57.9482,22.733,0.452,69.213,0.487,-0.157,1.051,1.169,1.158,310634.1,310.63,31570.75,5970.75,1.003,0.000,0.000,0.000,0.000,0.000,72.851,PID
1488,57.9532,22.736,0.451,69.218,0.487,-0.157,1.051,1.169,1.158,310606.0,310.61,31570.24,5970.24,1.003,0.000,0.000,0.000,0.000,0.000,72.857,PID
1489,57.9582,22.738,0.450,69.224,0.487,-0.157,1.051,1.169,1.158,310576.3,310.58,31569.73,5969.73,1.003,0.000,0.000,0.000,0.000,0.000,72.863,PID
1490,57.9632,22.741,0.450,69.229,0.487,-0.157,1.051,1.169,1.158,310548.1,310.55,31569.22,5969.22,1.003,0.000,0.000,0.000,0.000,0.000,72.868,PID
1491,57.9682,22.743,0.449,69.234,0.487,-0.157,1.051,1.169,1.158,310519.1,310.52,31568.71,5968.71,1.003,0.000,0.000,0.000,0.000,0.000,72.874,PID
1492,57.9732,22.745,0.448,69.240,0.487,-0.157,1.051,1.169,1.158,310490.2,310.49,31568.21,5968.21,1.003,0.000,0.000,0.000,0.000,0.000,72.880,PID
1493,57.9782,22.748,0.447,69.245,0.487,-0.157,1.051,1.169,1.158,310462.3,310.46,31567.70,5967.70,1.003,0.000,0.000,0.000,0.000,0.000,72.886,PID
1494,57.9832,22.750,0.447,69.250,0.487,-0.156,1.051,1.169,1.158,310432.8,310.43,31567.19,5967.19,1.003,0.000,0.000,0.000,0.000,0.000,72.891,PID
1495,57.9882,22.753,0.446,69.255,0.487,-0.156,1.051,1.169,1.158,310405.6,310.41,31566.68,5966.68,1.003,0.000,0.000,0.000,0.000,0.000,72.897,PID
1496,57.9932,22.755,0.445,69.261,0.488,-0.156,1.051,1.169,1.158,310376.3,310.38,31566.17,5966.17,1.003,0.000,0.000,0.000,0.000,0.000,72.903,PID
1497,57.9982,22.758,0.444,69.266,0.488,-0.156,1.051,1.169,1.158,310348.5,310.35,31565.66,5965.66,1.003,0.000,0.000,0.000,0.000,0.000,72.909,PID
1498,58.0032,22.760,0.443,69.271,0.488,-0.156,1.051,1.169,1.158,310319.9,310.32,31565.15,5965.15,1.002,0.000,0.000,0.000,0.000,0.000,72.914,PID
1499,58.0082,22.762,0.443,69.276,0.488,-0.156,1.051,1.169,1.158,310292.3,310.29,31564.64,5964.64,1.002,0.000,0.000,0.000,0.000,0.000,72.920,PID
1500,58.0132,22.765,0.442,69.282,0.488,-0.156,1.051,1.169,1.158,310264.0,310.26,31564.13,5964.13,1.002,0.000,0.000,0.000,0.000,0.000,72.926,PID
1501,58.0182,22.767,0.441,69.287,0.488,-0.156,1.051,1.169,1.158,310235.8,310.24,31563.63,5963.63,1.002,0.000,0.000,0.000,0.000,0.000,72.932,PID
1502,58.0232,22.770,0.440,69.292,0.488,-0.155,1.051,1.169,1.158,310208.5,310.21,31563.12,5963.12,1.002,0.000,0.000,0.000,0.000,0.000,72.937,PID
1503,58.0282,22.772,0.440,69.297,0.488,-0.155,1.051,1.169,1.158,310180.1,310.18,31562.61,5962.61,1.002,0.000,0.000,0.000,0.000,0.000,72.943,PID
1504,58.0332,22.775,0.439,69.303,0.488,-0.155,1.051,1.169,1.158,310152.7,310.15,31562.10,5962.10,1.002,0.000,0.000,0.000,0.000,0.000,72.949,PID
1505,58.0382,22.777,0.438,69.308,0.488,-0.155,1.051,1.169,1.158,310125.4,310.13,31561.59,5961.59,1.002,0.000,0.000,0.000,0.000,0.000,72.955,PID
1506,58.0432,22.780,0.437,69.313,0.488,-0.155,1.051,1.169,1.158,310096.9,310.10,31561.08,5961.08,1.002,0.000,0.000,0.000,0.000,0.000,72.960,PID
1507,58.0482,22.782,0.436,69.318,0.488,-0.155,1.051,1.169,1.158,310070.3,310.07,31560.57,5960.58,1.002,0.000,0.000,0.000,0.000,0.000,72.966,PID
1508,58.0532,22.784,0.436,69.324,0.488,-0.155,1.051,1.169,1.158,310042.4,310.04,31560.07,5960.07,1.002,0.000,0.000,0.000,0.000,0.000,72.972,PID
1509,58.0582,22.787,0.435,69.329,0.488,-0.155,1.051,1.169,1.158,310015.2,310.02,31559.56,5959.56,1.002,0.000,0.000,0.000,0.000,0.000,72.978,PID
1510,58.0632,22.789,0.434,69.334,0.488,-0.155,1.051,1.169,1.158,309987.6,309.99,31559.05,5959.05,1.002,0.000,0.000,0.000,0.000,0.000,72.983,PID
1511,58.0682,22.792,0.433,69.339,0.488,-0.155,1.051,1.169,1.158,309961.0,309.96,31558.54,5958.54,1.002,0.000,0.000,0.000,0.000,0.000,72.989,PID
1512,58.0732,22.794,0.433,69.345,0.488,-0.155,1.051,1.169,1.158,309933.2,309.93,31558.03,5958.03,1.001,0.000,0.000,0.000,0.000,0.000,72.995,PID
1513,58.0782,22.797,0.432,69.350,0.488,-0.155,1.051,1.169,1.158,309906.8,309.91,31557.53,5957.53,1.001,0.000,0.000,0.000,0.000,0.000,73.001,PID
1514,58.0832,22.799,0.431,69.355,0.488,-0.154,1.051,1.169,1.158,309879.3,309.88,31557.02,5957.02,1.001,0.000,0.000,0.000,0.000,0.000,73.006,PID
1515,58.0882,22.801,0.430,69.360,0.488,-0.154,1.051,1.169,1.158,309852.8,309.85,31556.51,5956.51,1.001,0.000,0.000,0.000,0.000,0.000,73.012,PID
1516,58.0932,22.804,0.429,69.366,0.488,-0.154,1.051,1.169,1.158,309825.9,309.83,31556.00,5956.00,1.001,0.000,0.000,0.000,0.000,0.000,73.018,PID
1517,58.0982,22.806,0.429,69.371,0.488,-0.154,1.051,1.169,1.158,309799.1,309.80,31555.49,5955.49,1.001,0.000,0.000,0.000,0.000,0.000,73.024,PID
1518,58.1032,22.809,0.428,69.376,0.488,-0.154,1.051,1.169,1.158,309772.5,309.77,31554.99,5954.99,1.001,0.000,0.000,0.000,0.000,0.000,73.029,PID
1519,58.1082,22.811,0.427,69.381,0.488,-0.154,1.051,1.169,1.158,309745.5,309.75,31554.48,5954.48,1.001,0.000,0.000,0.000,0.000,0.000,73.035,PID
1520,58.1132,22.814,0.426,69.387,0.488,-0.154,1.051,1.169,1.158,309719.5,309.72,31553.97,5953.97,1.001,0.000,0.000,0.000,0.000,0.000,73.041,PID
1521,58.1182,22.816,0.426,69.392,0.488,-0.154,1.051,1.169,1.158,309692.3,309.69,31553.46,5953.46,1.001,0.000,0.000,0.000,0.000,0.000,73.047,PID
1522,58.1232,22.819,0.425,69.397,0.488,-0.154,1.051,1.169,1.158,309667.0,309.67,31552.96,5952.96,1.001,0.000,0.000,0.000,0.000,0.000,73.052,PID
1523,58.1282,22.821,0.424,69.402,0.488,-0.154,1.051,1.169,1.158,309639.7,309.64,31552.45,5952.45,1.001,0.000,0.000,0.000,0.000,0.000,73.058,PID
1524,58.1332,22.823,0.423,69.408,0.488,-0.154,1.051,1.169,1.158,309614.1,309.61,31551.94,5951.94,1.001,0.000,0.000,0.000,0.000,0.000,73.064,PID
1525,58.1382,22.826,0.423,69.413,0.488,-0.154,1.051,1.169,1.158,309587.4,309.59,31551.43,5951.43,1.001,0.000,0.000,0.000,0.000,0.000,73.070,PID
1526,58.1432,22.828,0.422,69.418,0.488,-0.154,1.051,1.169,1.158,309561.7,309.56,31550.93,5950.93,1.000,0.000,0.000,0.000,0.000,0.000,73.075,PID
1527,58.1482,22.831,0.421,69.424,0.488,-0.154,1.051,1.169,1.158,309535.6,309.54,31550.42,5950.42,1.000,0.000,0.000,0.000,0.000,0.000,73.081,PID
1528,58.1532,22.833,0.420,69.429,0.488,-0.154,1.051,1.169,1.158,309509.7,309.51,31549.91,5949.91,1.000,0.000,0.000,0.000,0.000,0.000,73.087,PID
1529,58.1582,22.836,0.419,69.434,0.488,-0.154,1.051,1.169,1.158,309483.4,309.48,31549.40,5949.40,1.000,0.000,0.000,0.000,0.000,0.000,73.093,PID
1530,58.1632,22.838,0.419,69.439,0.488,-0.154,1.051,1.169,1.158,309458.1,309.46,31548.89,5948.90,1.000,0.000,0.000,0.000,0.000,0.000,73.098,PID
1531,58.1682,22.840,0.418,69.445,0.488,-0.154,1.051,1.169,1.158,309432.1,309.43,31548.39,5948.39,1.000,0.000,0.000,0.000,0.000,0.000,73.104,PID
1532,58.1732,22.843,0.417,69.450,0.488,-0.154,1.051,1.169,1.158,309406.6,309.41,31547.88,5947.88,1.000,0.000,0.000,0.000,0.000,0.000,73.110,PID
1533,58.1782,22.845,0.416,69.455,0.488,-0.154,1.051,1.169,1.158,309380.8,309.38,31547.37,5947.37,1.000,0.000,0.000,0.000,0.000,0.000,73.116,PID
1534,58.1832,22.848,0.416,69.460,0.488,-0.154,1.051,1.169,1.158,309355.5,309.36,31546.87,5946.87,1.000,0.000,0.000,0.000,0.000,0.000,73.122,PID
1535,58.1882,22.850,0.415,69.466,0.488,-0.154,1.051,1.169,1.158,309329.9,309.33,31546.36,5946.36,1.000,0.000,0.000,0.000,0.000,0.000,73.127,PID
1536,58.1932,22.853,0.414,69.471,0.488,-0.154,1.051,1.169,1.158,309304.8,309.30,31545.85,5945.85,1.000,0.000,0.000,0.000,0.000,0.000,73.133,PID
1537,58.1982,22.855,0.413,69.476,0.488,-0.154,1.051,1.169,1.158,309279.0,309.28,31545.35,5945.35,1.000,0.000,0.000,0.000,0.000,0.000,73.139,PID
1538,58.2032,22.858,0.413,69.481,0.488,-0.154,1.051,1.169,1.158,309253.8,309.25,31544.84,5944.84,1.000,0.000,0.000,0.000,0.000,0.000,73.145,PID
1539,58.2082,22.860,0.412,69.487,0.488,-0.154,1.051,1.169,1.158,309229.0,309.23,31544.33,5944.33,1.000,0.000,0.000,0.000,0.000,0.000,73.150,PID
1540,58.2132,22.862,0.411,69.492,0.488,-0.154,1.051,1.169,1.158,309203.5,309.20,31543.82,5943.83,1.000,0.000,0.000,0.000,0.000,0.000,73.156,PID
1541,58.2182,22.865,0.410,69.497,0.488,-0.154,1.051,1.169,1.158,309179.0,309.18,31543.32,5943.32,0.999,0.000,0.000,0.000,0.000,0.000,73.162,PID
1542,58.2232,22.867,0.409,69.502,0.488,-0.154,1.051,1.169,1.158,309153.3,309.15,31542.81,5942.81,0.999,0.000,0.000,0.000,0.000,0.000,73.168,PID
1543,58.2282,22.870,0.409,69.508,0.488,-0.154,1.051,1.169,1.158,309129.0,309.13,31542.30,5942.30,0.999,0.000,0.000,0.000,0.000,0.000,73.173,PID
1544,58.2332,22.872,0.408,69.513,0.488,-0.154,1.051,1.169,1.158,309103.6,309.10,31541.80,5941.80,0.999,0.000,0.000,0.000,0.000,0.000,73.179,PID
1545,58.2382,22.875,0.407,69.518,0.488,-0.154,1.051,1.169,1.158,309079.5,309.08,31541.29,5941.29,0.999,0.000,0.000,0.000,0.000,0.000,73.185,PID
1546,58.2432,22.877,0.406,69.523,0.488,-0.154,1.051,1.169,1.158,309054.6,309.05,31540.78,5940.78,0.999,0.000,0.000,0.000,0.000,0.000,73.191,PID
1547,58.2482,22.880,0.406,69.529,0.488,-0.154,1.051,1.169,1.158,309029.5,309.03,31540.28,5940.28,0.999,0.000,0.000,0.000,0.000,0.000,73.196,PID
1548,58.2532,22.882,0.405,69.534,0.488,-0.154,1.051,1.169,1.158,309005.7,309.01,31539.77,5939.77,0.999,0.000,0.000,0.000,0.000,0.000,73.202,PID
1549,58.2582,22.884,0.404,69.539,0.488,-0.154,1.050,1.169,1.158,308980.3,308.98,31539.26,5939.26,0.999,0.000,0.000,0.000,0.000,0.000,73.208,PID
1550,58.2632,22.887,0.403,69.544,0.488,-0.154,1.050,1.169,1.158,308956.8,308.96,31538.76,5938.76,0.999,0.000,0.000,0.000,0.000,0.000,73.214,PID
1551,58.2682,22.889,0.403,69.550,0.488,-0.154,1.050,1.169,1.158,308931.6,308.93,31538.25,5938.25,0.999,0.000,0.000,0.000,0.000,0.000,73.219,PID
1552,58.2732,22.892,0.402,69.555,0.488,-0.154,1.050,1.169,1.158,308908.3,308.91,31537.75,5937.75,0.999,0.000,0.000,0.000,0.000,0.000,73.225,PID
1553,58.2782,22.894,0.401,69.560,0.488,-0.155,1.050,1.169,1.158,308883.3,308.88,31537.24,5937.24,0.999,0.000,0.000,0.000,0.000,0.000,73.231,PID
1554,58.2833,22.897,0.400,69.565,0.488,-0.155,1.050,1.169,1.158,308859.3,308.86,31536.73,5936.73,0.999,0.000,0.000,0.000,0.000,0.000,73.237,PID
1555,58.2883,22.899,0.399,69.571,0.488,-0.155,1.050,1.169,1.158,308835.4,308.84,31536.23,5936.23,0.999,0.000,-0.001,0.000,0.000,0.000,73.242,PID
1556,58.2933,22.902,0.399,69.576,0.488,-0.155,1.050,1.169,1.158,308810.8,308.81,31535.72,5935.72,0.999,0.000,-0.001,0.000,0.000,0.000,73.248,PID
1557,58.2983,22.904,0.398,69.581,0.488,-0.155,1.050,1.169,1.158,308787.5,308.79,31535.21,5935.21,0.998,0.000,-0.001,0.000,0.000,0.000,73.254,PID
1558,58.3033,22.906,0.397,69.586,0.488,-0.155,1.050,1.169,1.158,308763.5,308.76,31534.71,5934.71,0.998,0.000,-0.001,0.000,0.000,0.000,73.259,PID
1559,58.3083,22.909,0.396,69.592,0.488,-0.155,1.050,1.169,1.158,308739.2,308.74,31534.20,5934.20,0.998,0.000,-0.001,0.000,0.000,0.000,73.265,PID
1560,58.3133,22.911,0.396,69.597,0.488,-0.155,1.050,1.169,1.158,308716.3,308.72,31533.70,5933.69,0.998,0.000,-0.001,0.000,0.000,0.000,73.271,PID
1561,58.3183,22.914,0.395,69.602,0.488,-0.155,1.050,1.169,1.158,308691.7,308.69,31533.19,5933.19,0.998,0.000,-0.001,0.000,0.000,0.000,73.277,PID
1562,58.3233,22.916,0.394,69.607,0.488,-0.155,1.050,1.169,1.158,308669.0,308.67,31532.68,5932.68,0.998,0.000,-0.001,0.000,0.000,0.000,73.282,PID
1563,58.3283,22.919,0.393,69.613,0.488,-0.155,1.050,1.169,1.158,308644.6,308.64,31532.18,5932.18,0.998,0.000,-0.001,0.000,0.000,0.000,73.288,PID
1564,58.3333,22.921,0.392,69.618,0.488,-0.155,1.050,1.169,1.158,308621.2,308.62,31531.67,5931.67,0.998,0.000,-0.001,0.000,0.000,0.000,73.294,PID
1565,58.3383,22.923,0.392,69.623,0.488,-0.156,1.050,1.169,1.158,308598.4,308.60,31531.16,5931.17,0.998,0.000,-0.001,0.000,0.000,0.000,73.300,PID
1566,58.3433,22.926,0.391,69.628,0.488,-0.156,1.050,1.169,1.158,308574.3,308.57,31530.66,5930.66,0.998,0.000,-0.001,0.000,0.000,0.000,73.305,PID
1567,58.3483,22.928,0.390,69.634,0.488,-0.156,1.050,1.169,1.158,308551.7,308.55,31530.15,5930.15,0.998,0.000,-0.001,0.000,0.000,0.000,73.311,PID
1568,58.3533,22.931,0.389,69.639,0.488,-0.156,1.050,1.169,1.158,308527.8,308.53,31529.65,5929.65,0.998,0.000,-0.001,0.000,0.000,0.000,73.317,PID
1569,58.3583,22.933,0.389,69.644,0.488,-0.156,1.050,1.169,1.158,308504.9,308.50,31529.14,5929.14,0.998,0.000,-0.001,0.000,0.000,0.000,73.323,PID
1570,58.3633,22.936,0.388,69.649,0.488,-0.156,1.050,1.169,1.158,308481.7,308.48,31528.64,5928.64,0.998,0.000,-0.001,0.000,0.000,0.000,73.328,PID
1571,58.3683,22.938,0.387,69.655,0.488,-0.156,1.050,1.169,1.158,308459.0,308.46,31528.13,5928.13,0.998,0.000,-0.001,0.000,0.000,0.000,73.334,PID
1572,58.3733,22.941,0.386,69.660,0.488,-0.156,1.050,1.169,1.158,308435.6,308.44,31527.63,5927.62,0.998,0.000,-0.001,0.000,0.000,0.000,73.340,PID
1573,58.3783,22.943,0.385,69.665,0.489,-0.156,1.050,1.169,1.158,308413.1,308.41,31527.12,5927.12,0.998,0.000,-0.001,0.000,0.000,0.000,73.346,PID
1574,58.3833,22.945,0.385,69.670,0.489,-0.157,1.050,1.169,1.158,308389.8,308.39,31526.61,5926.61,0.997,0.000,-0.001,0.000,0.000,0.000,73.351,PID
1575,58.3883,22.948,0.384,69.676,0.489,-0.157,1.050,1.169,1.158,308367.1,308.37,31526.11,5926.11,0.997,0.000,-0.001,0.000,0.000,0.000,73.357,PID
1576,58.3933,22.950,0.383,69.681,0.489,-0.157,1.050,1.169,1.158,308344.5,308.34,31525.60,5925.60,0.997,0.000,-0.001,0.000,0.000,0.000,73.363,PID
1577,58.3983,22.953,0.382,69.686,0.489,-0.157,1.050,1.169,1.158,308322.0,308.32,31525.10,5925.10,0.997,0.000,-0.001,0.000,0.000,0.000,73.369,PID
1578,58.4033,22.955,0.382,69.691,0.489,-0.157,1.050,1.169,1.158,308298.7,308.30,31524.59,5924.59,0.997,0.000,-0.001,0.000,0.000,0.000,73.374,PID
1579,58.4083,22.958,0.381,69.697,0.489,-0.157,1.050,1.169,1.158,308277.2,308.28,31524.09,5924.09,0.997,0.000,-0.001,0.000,0.000,0.000,73.380,PID
1580,58.4133,22.960,0.380,69.702,0.489,-0.157,1.050,1.169,1.158,308253.7,308.25,31523.58,5923.58,0.997,0.000,-0.001,0.000,0.000,0.000,73.386,PID
1581,58.4183,22.963,0.379,69.707,0.489,-0.157,1.050,1.169,1.158,308232.0,308.23,31523.07,5923.08,0.997,0.000,-0.001,0.000,0.000,0.000,73.392,PID
1582,58.4233,22.965,0.378,69.712,0.489,-0.158,1.050,1.169,1.158,308209.5,308.21,31522.57,5922.57,0.997,0.000,-0.001,0.000,0.000,0.000,73.397,PID
1583,58.4283,22.967,0.378,69.718,0.489,-0.158,1.050,1.169,1.158,308186.8,308.19,31522.06,5922.06,0.997,0.000,-0.001,0.000,0.000,0.000,73.403,PID
1584,58.4333,22.970,0.377,69.723,0.489,-0.158,1.050,1.169,1.158,308164.9,308.16,31521.56,5921.56,0.997,0.000,-0.001,0.000,0.000,0.000,73.409,PID
1585,58.4383,22.972,0.376,69.728,0.489,-0.158,1.050,1.169,1.158,308142.7,308.14,31521.05,5921.05,0.997,0.000,-0.001,0.000,0.000,0.000,73.415,PID
1586,58.4433,22.975,0.375,69.733,0.489,-0.158,1.050,1.169,1.158,308120.7,308.12,31520.55,5920.55,0.997,0.000,-0.001,0.000,0.000,0.000,73.420,PID
1587,58.4483,22.977,0.374,69.739,0.489,-0.158,1.050,1.169,1.158,308098.7,308.10,31520.04,5920.04,0.997,0.000,-0.001,0.000,0.000,0.000,73.426,PID
1588,58.4533,22.980,0.374,69.744,0.489,-0.159,1.050,1.169,1.158,308076.3,308.08,31519.54,5919.54,0.997,0.000,-0.001,0.000,0.000,0.000,73.432,PID
1589,58.4583,22.982,0.373,69.749,0.489,-0.159,1.050,1.169,1.158,308054.6,308.05,31519.03,5919.03,0.997,0.000,-0.001,0.000,0.000,0.000,73.438,PID
1590,58.4633,22.985,0.372,69.754,0.489,-0.159,1.050,1.169,1.158,308032.8,308.03,31518.53,5918.53,0.997,0.000,-0.001,0.000,0.000,0.000,73.443,PID
1591,58.4683,22.987,0.371,69.760,0.489,-0.159,1.050,1.169,1.158,308010.8,308.01,31518.02,5918.02,0.997,0.000,-0.001,0.000,0.000,0.000,73.449,PID
1592,58.4733,22.989,0.370,69.765,0.489,-0.159,1.050,1.169,1.158,307989.8,307.99,31517.52,5917.52,0.996,0.000,-0.001,0.000,0.000,0.000,73.455,PID
1593,58.4783,22.992,0.370,69.770,0.489,-0.159,1.050,1.169,1.158,307967.1,307.97,31517.01,5917.01,0.996,0.000,-0.001,0.000,0.000,0.000,73.461,PID
1594,58.4833,22.994,0.369,69.775,0.489,-0.160,1.050,1.169,1.158,307946.2,307.95,31516.51,5916.51,0.996,0.000,-0.001,0.000,0.000,0.000,73.466,PID
1595,58.4883,22.997,0.368,69.780,0.489,-0.160,1.050,1.169,1.158,307924.1,307.92,31516.00,5916.00,0.996,0.000,-0.001,0.000,0.000,0.000,73.472,PID
1596,58.4933,22.999,0.367,69.786,0.489,-0.160,1.050,1.169,1.158,307902.9,307.90,31515.50,5915.50,0.996,0.000,-0.001,0.000,0.000,0.000,73.478,PID
1597,58.4983,23.002,0.366,69.791,0.489,-0.160,1.050,1.169,1.158,307881.5,307.88,31514.99,5915.00,0.996,0.000,-0.001,0.000,0.000,0.000,73.484,PID
1598,58.5033,23.004,0.366,69.796,0.489,-0.160,1.050,1.169,1.158,307859.7,307.86,31514.49,5914.49,0.996,0.000,-0.001,0.000,0.000,0.000,73.489,PID
1599,58.5083,23.007,0.365,69.801,0.489,-0.161,1.050,1.170,1.158,307839.2,307.84,31513.98,5913.99,0.996,0.000,-0.001,0.000,0.000,0.000,73.495,PID
1600,58.5133,23.009,0.364,69.807,0.489,-0.161,1.050,1.170,1.158,307816.7,307.82,31513.48,5913.48,0.996,0.000,-0.001,0.000,0.000,0.000,73.501,PID
1601,58.5183,23.011,0.363,69.812,0.489,-0.161,1.050,1.170,1.158,307796.9,307.80,31512.98,5912.98,0.996,0.000,-0.001,0.000,0.000,0.000,73.507,PID
1602,58.5233,23.014,0.362,69.817,0.489,-0.161,1.050,1.170,1.158,307774.2,307.77,31512.47,5912.47,0.996,0.000,-0.001,0.000,0.000,0.000,73.512,PID
1603,58.5283,23.016,0.362,69.822,0.489,-0.161,1.050,1.170,1.158,307754.6,307.75,31511.97,5911.97,0.996,0.000,-0.001,0.000,0.000,0.000,73.518,PID
1604,58.5333,23.019,0.361,69.828,0.489,-0.162,1.050,1.170,1.158,307732.5,307.73,31511.46,5911.46,0.996,0.000,-0.001,0.000,0.000,0.000,73.524,PID
1605,58.5383,23.021,0.360,69.833,0.489,-0.162,1.050,1.170,1.158,307712.2,307.71,31510.96,5910.96,0.996,0.000,-0.001,0.000,0.000,0.000,73.530,PID
1606,58.5433,23.024,0.359,69.838,0.489,-0.162,1.050,1.170,1.158,307691.1,307.69,31510.45,5910.45,0.996,0.000,-0.001,0.000,0.000,0.000,73.535,PID
1607,58.5483,23.026,0.358,69.843,0.489,-0.162,1.050,1.170,1.158,307670.1,307.67,31509.95,5909.95,0.996,0.000,-0.001,0.000,0.000,0.000,73.541,PID
1608,58.5533,23.029,0.358,69.849,0.489,-0.162,1.050,1.170,1.158,307649.2,307.65,31509.45,5909.45,0.996,0.000,-0.001,0.000,0.000,0.000,73.547,PID
1609,58.5583,23.031,0.357,69.854,0.489,-0.163,1.050,1.170,1.158,307628.8,307.63,31508.94,5908.94,0.996,0.000,-0.001,0.000,0.000,0.000,73.553,PID
1610,58.5633,23.033,0.356,69.859,0.489,-0.163,1.050,1.170,1.158,307607.7,307.61,31508.44,5908.44,0.996,0.000,-0.001,0.000,0.000,0.000,73.558,PID
1611,58.5683,23.036,0.355,69.864,0.489,-0.163,1.050,1.170,1.158,307587.5,307.59,31507.93,5907.93,0.995,0.000,-0.001,0.000,0.000,0.000,73.564,PID
1612,58.5733,23.038,0.354,69.870,0.489,-0.163,1.050,1.170,1.158,307566.5,307.57,31507.43,5907.43,0.995,0.000,-0.001,0.000,0.000,0.000,73.570,PID
1613,58.5783,23.041,0.354,69.875,0.489,-0.163,1.050,1.170,1.158,307546.1,307.55,31506.92,5906.92,0.995,0.000,-0.001,0.000,0.000,0.000,73.576,PID
1614,58.5833,23.043,0.353,69.880,0.489,-0.164,1.050,1.170,1.158,307525.8,307.53,31506.42,5906.42,0.995,0.000,-0.001,0.000,0.000,0.000,73.581,PID
1615,58.5883,23.046,0.352,69.885,0.489,-0.164,1.050,1.170,1.158,307505.5,307.51,31505.91,5905.92,0.995,0.000,-0.001,0.000,0.000,0.000,73.587,PID
1616,58.5933,23.048,0.351,69.891,0.489,-0.164,1.050,1.170,1.158,307484.9,307.48,31505.41,5905.41,0.995,0.000,-0.001,0.000,0.000,0.000,73.593,PID
1617,58.5983,23.051,0.350,69.896,0.489,-0.164,1.050,1.170,1.158,307464.8,307.46,31504.91,5904.91,0.995,0.000,-0.001,0.000,0.000,0.000,73.599,PID
1618,58.6033,23.053,0.349,69.901,0.489,-0.165,1.050,1.170,1.158,307444.3,307.44,31504.40,5904.40,0.995,0.000,-0.001,0.000,0.000,0.000,73.604,PID
1619,58.6083,23.055,0.349,69.906,0.489,-0.165,1.050,1.170,1.158,307424.4,307.42,31503.90,5903.90,0.995,0.000,-0.001,0.000,0.000,0.000,73.610,PID
1620,58.6133,23.058,0.348,69.912,0.489,-0.165,1.050,1.170,1.158,307404.2,307.40,31503.39,5903.40,0.995,0.000,-0.001,0.000,0.000,0.000,73.616,PID
1621,58.6183,23.060,0.347,69.917,0.489,-0.165,1.050,1.170,1.158,307384.0,307.38,31502.89,5902.89,0.995,0.000,-0.001,0.000,0.000,0.000,73.622,PID
1622,58.6233,23.063,0.346,69.922,0.489,-0.166,1.050,1.170,1.158,307364.4,307.36,31502.39,5902.39,0.995,0.000,-0.001,0.000,0.000,0.000,73.627,PID
1623,58.6283,23.065,0.345,69.927,0.489,-0.166,1.050,1.170,1.158,307343.9,307.34,31501.88,5901.88,0.995,0.000,-0.001,0.000,0.000,0.000,73.633,PID
1624,58.6333,23.068,0.344,69.933,0.489,-0.166,1.050,1.170,1.158,307324.0,307.32,31501.38,5901.38,0.995,0.000,-0.001,0.000,0.000,0.000,73.639,PID
1625,58.6383,23.070,0.344,69.938,0.489,-0.166,1.050,1.170,1.158,307304.7,307.30,31500.88,5900.88,0.995,0.000,-0.001,0.000,0.000,0.000,73.645,PID
1626,58.6433,23.073,0.343,69.943,0.489,-0.167,1.050,1.170,1.158,307284.5,307.28,31500.37,5900.37,0.995,0.000,-0.001,0.000,0.000,0.000,73.651,PID
1627,58.6483,23.075,0.342,69.948,0.489,-0.167,1.050,1.170,1.158,307264.8,307.26,31499.87,5899.87,0.995,0.000,-0.001,0.000,0.000,0.000,73.656,PID
1628,58.6533,23.077,0.341,69.954,0.489,-0.167,1.050,1.170,1.158,307245.3,307.25,31499.36,5899.36,0.995,0.000,-0.001,0.000,0.000,0.000,73.662,PID
1629,58.6583,23.080,0.340,69.959,0.489,-0.167,1.050,1.171,1.158,307225.8,307.23,31498.86,5898.86,0.995,0.000,-0.001,0.000,0.000,0.000,73.668,PID
1630,58.6633,23.082,0.339,69.964,0.489,-0.168,1.050,1.171,1.158,307205.5,307.21,31498.36,5898.36,0.995,0.000,-0.001,0.000,0.000,0.000,73.674,PID
1631,58.6683,23.085,0.339,69.969,0.489,-0.168,1.050,1.171,1.158,307187.1,307.19,31497.85,5897.85,0.994,0.000,-0.001,0.000,0.000,0.000,73.679,PID
1632,58.6733,23.087,0.338,69.975,0.489,-0.168,1.050,1.171,1.158,307166.6,307.17,31497.35,5897.35,0.994,0.000,-0.001,0.000,0.000,0.000,73.685,PID
1633,58.6783,23.090,0.337,69.980,0.489,-0.169,1.050,1.171,1.158,307147.9,307.15,31496.85,5896.85,0.994,0.000,-0.001,0.000,0.000,0.000,73.691,PID
1634,58.6833,23.092,0.336,69.985,0.489,-0.169,1.050,1.171,1.158,307128.0,307.13,31496.34,5896.34,0.994,0.000,-0.001,0.000,0.000,0.000,73.697,PID
1635,58.6883,23.095,0.335,69.990,0.489,-0.169,1.050,1.171,1.158,307109.4,307.11,31495.84,5895.84,0.994,0.000,-0.001,0.000,0.000,0.000,73.702,PID
1636,58.6933,23.097,0.334,69.996,0.489,-0.169,1.050,1.171,1.158,307089.3,307.09,31495.34,5895.34,0.994,0.000,-0.001,0.000,0.000,0.000,73.708,PID
1637,58.6983,23.099,0.334,70.001,0.489,-0.170,1.050,1.171,1.158,307070.9,307.07,31494.83,5894.83,0.994,0.000,-0.001,0.000,0.000,0.000,73.714,PID
1638,58.7033,23.102,0.333,70.006,0.489,-0.170,1.050,1.171,1.158,307051.3,307.05,31494.33,5894.33,0.994,0.000,-0.001,0.000,0.000,0.000,73.720,PID
1639,58.7083,23.104,0.332,70.011,0.489,-0.170,1.050,1.171,1.158,307032.2,307.03,31493.83,5893.83,0.994,0.000,-0.001,0.000,0.000,0.000,73.725,PID
1640,58.7133,23.107,0.331,70.017,0.489,-0.171,1.050,1.171,1.158,307013.3,307.01,31493.32,5893.32,0.994,0.000,-0.001,0.000,0.000,0.000,73.731,PID
1641,58.7183,23.109,0.330,70.022,0.489,-0.171,1.050,1.171,1.158,306994.3,306.99,31492.82,5892.82,0.994,0.000,-0.001,0.000,0.000,0.000,73.737,PID
1642,58.7233,23.112,0.329,70.027,0.489,-0.171,1.050,1.171,1.158,306975.1,306.98,31492.32,5892.32,0.994,0.000,-0.001,0.000,0.000,0.000,73.743,PID
1643,58.7283,23.114,0.328,70.032,0.489,-0.171,1.050,1.171,1.158,306956.8,306.96,31491.81,5891.81,0.994,0.000,-0.001,0.000,0.000,0.000,73.748,PID
1644,58.7333,23.117,0.328,70.038,0.489,-0.172,1.050,1.171,1.158,306937.7,306.94,31491.31,5891.31,0.994,0.000,-0.001,0.000,0.000,0.000,73.754,PID
1645,58.7383,23.119,0.327,70.043,0.489,-0.172,1.050,1.171,1.158,306918.7,306.92,31490.80,5890.81,0.994,0.000,-0.001,0.000,0.000,0.000,73.760,PID
1646,58.7433,23.122,0.326,70.048,0.489,-0.172,1.050,1.171,1.158,306900.2,306.90,31490.30,5890.30,0.994,0.000,-0.001,0.000,0.000,0.000,73.766,PID
1647,58.7483,23.124,0.325,70.053,0.489,-0.173,1.050,1.171,1.158,306881.4,306.88,31489.80,5889.80,0.994,0.000,-0.001,0.000,0.000,0.000,73.771,PID
1648,58.7534,23.126,0.324,70.059,0.489,-0.173,1.050,1.171,1.158,306863.1,306.86,31489.30,5889.30,0.994,0.000,-0.001,0.000,0.000,0.000,73.777,PID
1649,58.7584,23.129,0.323,70.064,0.490,-0.173,1.050,1.171,1.158,306844.4,306.84,31488.79,5888.79,0.994,0.000,-0.001,0.000,0.000,0.000,73.783,PID
1650,58.7634,23.131,0.322,70.069,0.490,-0.174,1.050,1.171,1.158,306825.8,306.83,31488.29,5888.29,0.994,0.000,-0.001,0.000,0.000,0.000,73.789,PID
1651,58.7684,23.134,0.322,70.074,0.490,-0.174,1.050,1.171,1.158,306807.3,306.81,31487.79,5887.79,0.994,0.000,-0.001,0.000,0.000,0.000,73.794,PID
1652,58.7734,23.136,0.321,70.080,0.490,-0.174,1.050,1.172,1.158,306788.8,306.79,31487.29,5887.29,0.994,0.000,-0.001,0.000,0.000,0.000,73.800,PID
1653,58.7784,23.139,0.320,70.085,0.490,-0.175,1.050,1.172,1.158,306770.9,306.77,31486.78,5886.78,0.993,0.000,-0.001,0.000,0.000,0.000,73.806,PID
1654,58.7834,23.141,0.319,70.090,0.490,-0.175,1.050,1.172,1.158,306751.8,306.75,31486.28,5886.28,0.993,0.000,-0.001,0.000,0.000,0.000,73.812,PID
1655,58.7884,23.144,0.318,70.095,0.490,-0.175,1.050,1.172,1.158,306734.4,306.73,31485.78,5885.78,0.993,0.000,-0.001,0.000,0.000,0.000,73.817,PID
1656,58.7934,23.146,0.317,70.101,0.490,-0.176,1.050,1.172,1.158,306715.5,306.72,31485.27,5885.27,0.993,0.000,-0.001,0.000,0.000,0.000,73.823,PID
1657,58.7984,23.148,0.316,70.106,0.490,-0.176,1.050,1.172,1.158,306697.9,306.70,31484.77,5884.77,0.993,0.000,-0.001,0.000,0.000,0.000,73.829,PID
1658,58.8034,23.151,0.315,70.111,0.490,-0.176,1.050,1.172,1.158,306679.5,306.68,31484.27,5884.27,0.993,0.000,-0.001,0.000,0.000,0.000,73.835,PID
1659,58.8084,23.153,0.314,70.116,0.490,-0.177,1.050,1.172,1.158,306661.6,306.66,31483.77,5883.77,0.993,0.000,-0.001,0.000,0.000,0.000,73.840,PID
1660,58.8134,23.156,0.314,70.122,0.490,-0.177,1.050,1.172,1.158,306643.4,306.64,31483.26,5883.26,0.993,0.000,-0.001,0.000,0.000,0.000,73.846,PID
1661,58.8184,23.158,0.313,70.127,0.490,-0.177,1.050,1.172,1.158,306625.6,306.63,31482.76,5882.76,0.993,0.000,-0.001,0.000,0.000,0.000,73.852,PID
1662,58.8234,23.161,0.312,70.132,0.490,-0.178,1.050,1.172,1.158,306608.0,306.61,31482.26,5882.26,0.993,0.000,-0.001,0.000,0.000,0.000,73.858,PID
1663,58.8284,23.163,0.311,70.137,0.490,-0.178,1.050,1.172,1.158,306589.6,306.59,31481.75,5881.75,0.993,0.000,-0.001,0.000,0.000,0.000,73.863,PID
1664,58.8334,23.166,0.310,70.143,0.490,-0.178,1.050,1.172,1.158,306572.1,306.57,31481.25,5881.25,0.993,0.000,-0.001,0.000,0.000,0.000,73.869,PID
1665,58.8384,23.168,0.309,70.148,0.490,-0.179,1.050,1.172,1.158,306554.3,306.55,31480.75,5880.75,0.993,0.000,-0.001,0.000,0.000,0.000,73.875,PID
1666,58.8434,23.170,0.308,70.153,0.490,-0.179,1.050,1.172,1.158,306536.5,306.54,31480.25,5880.25,0.993,0.000,-0.001,0.000,0.000,0.000,73.881,PID
1667,58.8484,23.173,0.307,70.158,0.490,-0.179,1.050,1.172,1.159,306518.8,306.52,31479.74,5879.74,0.993,0.000,-0.001,0.000,0.000,0.000,73.886,PID
1668,58.8534,23.175,0.306,70.164,0.490,-0.180,1.050,1.172,1.159,306501.2,306.50,31479.24,5879.24,0.993,0.000,-0.001,0.000,0.000,0.000,73.892,PID
1669,58.8584,23.178,0.306,70.169,0.490,-0.180,1.050,1.172,1.159,306484.1,306.48,31478.74,5878.74,0.993,0.000,-0.001,0.000,0.000,0.000,73.898,PID
1670,58.8634,23.180,0.305,70.174,0.490,-0.180,1.050,1.172,1.159,306465.8,306.47,31478.24,5878.24,0.993,0.000,-0.001,0.000,0.000,0.000,73.904,PID
1671,58.8684,23.183,0.304,70.179,0.490,-0.181,1.050,1.173,1.159,306448.8,306.45,31477.73,5877.73,0.993,0.000,-0.001,0.000,0.000,0.000,73.909,PID
1672,58.8734,23.185,0.303,70.185,0.490,-0.181,1.050,1.173,1.159,306431.5,306.43,31477.23,5877.23,0.993,0.000,-0.001,0.000,0.000,0.000,73.915,PID
1673,58.8784,23.188,0.302,70.190,0.490,-0.181,1.050,1.173,1.159,306413.8,306.41,31476.73,5876.73,0.993,0.000,-0.001,0.000,0.000,0.000,73.921,PID
1674,58.8834,23.190,0.301,70.195,0.490,-0.182,1.050,1.173,1.159,306396.7,306.40,31476.23,5876.23,0.993,0.000,-0.001,0.000,0.000,0.000,73.927,PID
1675,58.8884,23.193,0.300,70.200,0.490,-0.182,1.050,1.173,1.159,306379.2,306.38,31475.72,5875.73,0.993,0.000,-0.001,0.000,0.000,0.000,73.932,PID
1676,58.8934,23.195,0.299,70.206,0.490,-0.182,1.050,1.173,1.159,306362.2,306.36,31475.22,5875.22,0.993,0.000,-0.001,0.000,0.000,0.000,73.938,PID
1677,58.8984,23.197,0.298,70.211,0.490,-0.183,1.050,1.173,1.159,306344.8,306.34,31474.72,5874.72,0.992,0.000,-0.001,0.000,0.000,0.000,73.944,PID
1678,58.9034,23.200,0.297,70.216,0.490,-0.183,1.050,1.173,1.159,306327.9,306.33,31474.22,5874.22,0.992,0.000,-0.001,0.000,0.000,0.000,73.950,PID
1679,58.9084,23.202,0.296,70.221,0.490,-0.184,1.050,1.173,1.159,306310.8,306.31,31473.71,5873.72,0.992,0.000,-0.001,0.000,0.000,0.000,73.955,PID
1680,58.9134,23.205,0.296,70.227,0.490,-0.184,1.050,1.173,1.159,306293.6,306.29,31473.21,5873.21,0.992,0.000,-0.001,0.000,0.000,0.000,73.961,PID
1681,58.9184,23.207,0.295,70.232,0.490,-0.184,1.050,1.173,1.159,306277.0,306.28,31472.71,5872.71,0.992,0.000,-0.001,0.000,0.000,0.000,73.967,PID
1682,58.9234,23.210,0.294,70.237,0.490,-0.185,1.050,1.173,1.159,306259.6,306.26,31472.21,5872.21,0.992,0.000,-0.001,0.000,0.000,0.000,73.973,PID
1683,58.9284,23.212,0.293,70.242,0.490,-0.185,1.050,1.173,1.159,306243.1,306.24,31471.71,5871.71,0.992,0.000,-0.001,0.000,0.000,0.000,73.978,PID
1684,58.9334,23.215,0.292,70.248,0.490,-0.185,1.050,1.173,1.159,306226.3,306.23,31471.21,5871.21,0.992,0.000,-0.001,0.000,0.000,0.000,73.984,PID
1685,58.9384,23.217,0.291,70.253,0.490,-0.186,1.050,1.173,1.159,306209.1,306.21,31470.70,5870.70,0.992,0.000,-0.001,0.000,0.000,0.000,73.990,PID
1686,58.9434,23.219,0.290,70.258,0.490,-0.186,1.050,1.173,1.159,306192.8,306.19,31470.20,5870.20,0.992,0.000,-0.001,0.000,0.000,0.000,73.996,PID
1687,58.9484,23.222,0.289,70.263,0.490,-0.187,1.050,1.173,1.159,306175.8,306.18,31469.70,5869.70,0.992,0.000,-0.001,0.000,0.000,0.000,74.001,PID
1688,58.9534,23.224,0.288,70.269,0.490,-0.187,1.050,1.174,1.159,306159.2,306.16,31469.20,5869.20,0.992,0.000,-0.001,0.000,0.000,0.000,74.007,PID
1689,58.9584,23.227,0.287,70.274,0.490,-0.187,1.050,1.174,1.159,306142.3,306.14,31468.70,5868.70,0.992,0.000,-0.001,0.000,0.000,0.000,74.013,PID
1690,58.9634,23.229,0.286,70.279,0.490,-0.188,1.050,1.174,1.159,306126.3,306.13,31468.19,5868.19,0.992,0.000,-0.001,0.000,0.000,0.000,74.019,PID
1691,58.9684,23.232,0.285,70.284,0.490,-0.188,1.050,1.174,1.159,306109.1,306.11,31467.69,5867.69,0.992,0.000,-0.001,0.000,0.000,0.000,74.024,PID
1692,58.9734,23.234,0.284,70.290,0.490,-0.189,1.050,1.174,1.159,306093.3,306.09,31467.19,5867.19,0.992,0.000,-0.001,0.000,0.000,0.000,74.030,PID
1693,58.9784,23.237,0.283,70.295,0.490,-0.189,1.050,1.174,1.159,306076.7,306.08,31466.69,5866.69,0.992,0.000,-0.001,0.000,0.000,0.000,74.036,PID
1694,58.9834,23.239,0.283,70.300,0.490,-0.189,1.050,1.174,1.159,306060.1,306.06,31466.19,5866.19,0.992,0.000,-0.001,0.000,0.000,0.000,74.042,PID
1695,58.9884,23.242,0.282,70.305,0.490,-0.190,1.050,1.174,1.159,306043.7,306.04,31465.68,5865.68,0.992,0.000,-0.001,0.000,0.000,0.000,74.047,PID
1696,58.9934,23.244,0.281,70.311,0.490,-0.190,1.050,1.174,1.159,306027.7,306.03,31465.18,5865.18,0.992,0.000,-0.001,0.000,0.000,0.000,74.053,PID
1697,58.9984,23.246,0.280,70.316,0.490,-0.191,1.050,1.174,1.159,306011.3,306.01,31464.68,5864.68,0.992,0.000,-0.001,0.000,0.000,0.000,74.059,PID
1698,59.0034,23.249,0.279,70.321,0.490,-0.191,1.050,1.174,1.159,305995.1,306.00,31464.18,5864.18,0.992,0.000,-0.001,0.000,0.000,0.000,74.065,PID
1699,59.0084,23.251,0.278,70.326,0.490,-0.191,1.050,1.174,1.159,305979.3,305.98,31463.68,5863.68,0.992,0.000,-0.001,0.000,0.000,0.000,74.070,PID
1700,59.0134,23.254,0.277,70.332,0.490,-0.192,1.050,1.174,1.159,305962.3,305.96,31463.18,5863.18,0.992,0.000,-0.001,0.000,0.000,0.000,74.076,PID
1701,59.0184,23.256,0.276,70.337,0.490,-0.192,1.050,1.174,1.159,305947.2,305.95,31462.68,5862.68,0.992,0.000,-0.001,0.000,0.000,0.000,74.082,PID
1702,59.0234,23.259,0.275,70.342,0.490,-0.193,1.050,1.174,1.159,305930.8,305.93,31462.17,5862.17,0.992,0.000,-0.001,0.000,0.000,0.000,74.088,PID
1703,59.0284,23.261,0.274,70.347,0.490,-0.193,1.050,1.175,1.159,305914.8,305.91,31461.67,5861.67,0.992,0.000,-0.001,0.000,0.000,0.000,74.093,PID
1704,59.0334,23.264,0.273,70.353,0.490,-0.193,1.050,1.175,1.159,305899.0,305.90,31461.17,5861.17,0.991,0.000,-0.001,0.000,0.000,0.000,74.099,PID
1705,59.0384,23.266,0.272,70.358,0.490,-0.194,1.050,1.175,1.159,305882.8,305.88,31460.67,5860.67,0.991,0.000,-0.001,0.000,0.000,0.000,74.105,PID
1706,59.0434,23.268,0.271,70.363,0.490,-0.194,1.050,1.175,1.159,305867.5,305.87,31460.17,5860.17,0.991,0.000,-0.001,0.000,0.000,0.000,74.111,PID
1707,59.0484,23.271,0.270,70.368,0.490,-0.195,1.050,1.175,1.159,305851.0,305.85,31459.67,5859.67,0.991,0.000,-0.001,0.000,0.000,0.000,74.116,PID
1708,59.0534,23.273,0.269,70.374,0.490,-0.195,1.050,1.175,1.159,305835.9,305.84,31459.16,5859.17,0.991,0.000,-0.001,0.000,0.000,0.000,74.122,PID
1709,59.0584,23.276,0.268,70.379,0.490,-0.196,1.050,1.175,1.159,305819.5,305.82,31458.66,5858.66,0.991,0.000,-0.001,0.000,0.000,0.000,74.128,PID
1710,59.0634,23.278,0.267,70.384,0.490,-0.196,1.050,1.175,1.159,305804.6,305.80,31458.16,5858.16,0.991,0.000,-0.001,0.000,0.000,0.000,74.134,PID
1711,59.0684,23.281,0.266,70.389,0.490,-0.196,1.050,1.175,1.159,305788.3,305.79,31457.66,5857.66,0.991,0.000,-0.001,0.000,0.000,0.000,74.139,PID
1712,59.0734,23.283,0.265,70.395,0.490,-0.197,1.050,1.175,1.159,305773.5,305.77,31457.16,5857.16,0.991,0.000,-0.001,0.000,0.000,0.000,74.145,PID
1713,59.0784,23.286,0.264,70.400,0.490,-0.197,1.050,1.175,1.159,305757.4,305.76,31456.66,5856.66,0.991,0.000,-0.001,0.000,0.000,0.000,74.151,PID
1714,59.0834,23.288,0.263,70.405,0.490,-0.198,1.050,1.175,1.159,305741.8,305.74,31456.16,5856.16,0.991,0.000,-0.001,0.000,0.000,0.000,74.157,PID
1715,59.0884,23.291,0.262,70.410,0.490,-0.198,1.050,1.175,1.159,305726.7,305.73,31455.66,5855.66,0.991,0.000,-0.001,0.000,0.000,0.000,74.162,PID
1716,59.0934,23.293,0.261,70.416,0.490,-0.199,1.050,1.175,1.159,305711.3,305.71,31455.15,5855.15,0.991,0.000,-0.001,0.000,0.000,0.000,74.168,PID
1717,59.0984,23.295,0.260,70.421,0.490,-0.199,1.050,1.176,1.159,305695.9,305.70,31454.65,5854.65,0.991,0.000,-0.001,0.000,0.000,0.000,74.174,PID
1718,59.1034,23.298,0.259,70.426,0.490,-0.200,1.050,1.176,1.159,305680.1,305.68,31454.15,5854.15,0.991,0.000,-0.001,0.000,0.000,0.000,74.180,PID
1719,59.1084,23.300,0.258,70.431,0.490,-0.200,1.050,1.176,1.159,305665.3,305.67,31453.65,5853.65,0.991,0.000,-0.001,0.000,0.000,0.000,74.185,PID
1720,59.1134,23.303,0.257,70.437,0.490,-0.200,1.050,1.176,1.159,305650.1,305.65,31453.15,5853.15,0.991,0.000,-0.001,0.000,0.000,0.000,74.191,PID
1721,59.1184,23.305,0.256,70.442,0.490,-0.201,1.050,1.176,1.159,305634.6,305.63,31452.65,5852.65,0.991,0.000,-0.001,0.000,0.000,0.000,74.197,PID
1722,59.1234,23.308,0.255,70.447,0.490,-0.201,1.050,1.176,1.159,305620.0,305.62,31452.15,5852.15,0.991,0.000,-0.001,0.000,0.000,0.000,74.203,PID
1723,59.1284,23.310,0.254,70.452,0.490,-0.202,1.050,1.176,1.159,305604.1,305.60,31451.65,5851.65,0.991,0.000,-0.001,0.000,0.000,0.000,74.208,PID
1724,59.1334,23.313,0.253,70.458,0.490,-0.202,1.050,1.176,1.159,305589.6,305.59,31451.15,5851.15,0.991,0.000,-0.001,0.000,0.000,0.000,74.214,PID
1725,59.1384,23.315,0.252,70.463,0.490,-0.203,1.050,1.176,1.159,305574.3,305.57,31450.64,5850.65,0.991,0.000,-0.001,0.000,0.000,0.000,74.220,PID
1726,59.1434,23.317,0.251,70.468,0.490,-0.203,1.050,1.176,1.159,305559.6,305.56,31450.14,5850.15,0.991,0.000,-0.001,0.000,0.000,0.000,74.226,PID
1727,59.1484,23.320,0.250,70.473,0.491,-0.204,1.050,1.176,1.159,305544.4,305.54,31449.64,5849.64,0.991,0.000,-0.001,0.000,0.000,0.000,74.232,PID
1728,59.1534,23.322,0.249,70.479,0.491,-0.204,1.050,1.176,1.159,305529.8,305.53,31449.14,5849.14,0.991,0.000,-0.001,0.000,0.000,0.000,74.237,PID
1729,59.1584,23.325,0.248,70.484,0.491,-0.205,1.050,1.176,1.159,305514.7,305.51,31448.64,5848.64,0.991,0.000,-0.001,0.000,0.000,0.000,74.243,PID
1730,59.1634,23.327,0.247,70.489,0.491,-0.205,1.050,1.177,1.159,305499.8,305.50,31448.14,5848.14,0.991,0.000,-0.001,0.000,0.000,0.000,74.249,PID
1731,59.1684,23.330,0.246,70.494,0.491,-0.205,1.050,1.177,1.159,305485.3,305.49,31447.64,5847.64,0.991,0.000,-0.001,0.000,0.000,0.000,74.255,PID
1732,59.1734,23.332,0.245,70.500,0.491,-0.206,1.050,1.177,1.159,305470.1,305.47,31447.14,5847.14,0.991,0.000,-0.001,0.000,0.000,0.000,74.260,PID
1733,59.1784,23.335,0.244,70.505,0.491,-0.206,1.050,1.177,1.159,305456.1,305.46,31446.64,5846.64,0.990,0.000,-0.001,0.000,0.000,0.000,74.266,PID
1734,59.1834,23.337,0.243,70.510,0.491,-0.207,1.050,1.177,1.159,305440.6,305.44,31446.14,5846.14,0.990,0.000,-0.001,0.000,0.000,0.000,74.272,PID
1735,59.1884,23.340,0.242,70.515,0.491,-0.207,1.050,1.177,1.159,305426.8,305.43,31445.64,5845.64,0.990,0.000,-0.001,0.000,0.000,0.000,74.278,PID
1736,59.1934,23.342,0.241,70.521,0.491,-0.208,1.050,1.177,1.159,305411.8,305.41,31445.14,5845.14,0.990,0.000,-0.001,0.000,0.000,0.000,74.283,PID
1737,59.1984,23.344,0.240,70.526,0.491,-0.208,1.050,1.177,1.159,305397.3,305.40,31444.63,5844.64,0.990,0.000,-0.001,0.000,0.000,0.000,74.289,PID
1738,59.2034,23.347,0.239,70.531,0.491,-0.209,1.050,1.177,1.159,305382.8,305.38,31444.13,5844.14,0.990,0.000,-0.001,0.000,0.000,0.000,74.295,PID
1739,59.2084,23.349,0.238,70.536,0.491,-0.209,1.050,1.177,1.159,305368.5,305.37,31443.63,5843.63,0.990,0.000,-0.001,0.000,0.000,0.000,74.301,PID
1740,59.2134,23.352,0.237,70.542,0.491,-0.210,1.050,1.177,1.159,305353.7,305.35,31443.13,5843.13,0.990,0.000,-0.001,0.000,0.000,0.000,74.306,PID
1741,59.2184,23.354,0.236,70.547,0.491,-0.210,1.050,1.177,1.159,305339.9,305.34,31442.63,5842.63,0.990,0.000,-0.001,0.000,0.000,0.000,74.312,PID
1742,59.2235,23.357,0.235,70.552,0.491,-0.211,1.050,1.178,1.159,305325.3,305.33,31442.13,5842.13,0.990,0.000,-0.001,0.000,0.000,0.000,74.318,PID
1743,59.2285,23.359,0.234,70.557,0.491,-0.211,1.049,1.178,1.159,305310.7,305.31,31441.63,5841.63,0.990,0.000,-0.001,0.000,0.000,0.000,74.324,PID
1744,59.2335,23.362,0.232,70.563,0.491,-0.212,1.049,1.178,1.159,305297.1,305.30,31441.13,5841.13,0.990,0.000,-0.001,0.000,0.000,0.000,74.329,PID
1745,59.2385,23.364,0.231,70.568,0.491,-0.212,1.049,1.178,1.159,305282.6,305.28,31440.63,5840.63,0.990,0.000,-0.001,0.000,0.000,0.000,74.335,PID
1746,59.2435,23.367,0.230,70.573,0.491,-0.213,1.049,1.178,1.159,305268.3,305.27,31440.13,5840.13,0.990,0.000,-0.001,0.000,0.000,0.000,74.341,PID
1747,59.2485,23.369,0.229,70.578,0.491,-0.213,1.049,1.178,1.159,305253.9,305.25,31439.63,5839.63,0.990,0.000,-0.001,0.000,0.000,0.000,74.347,PID
1748,59.2535,23.371,0.228,70.584,0.491,-0.214,1.049,1.178,1.159,305240.5,305.24,31439.13,5839.13,0.990,0.000,-0.001,0.000,0.000,0.000,74.352,PID
1749,59.2585,23.374,0.227,70.589,0.491,-0.214,1.049,1.178,1.159,305225.9,305.23,31438.63,5838.63,0.990,0.000,-0.001,0.000,0.000,0.000,74.358,PID
1750,59.2635,23.376,0.226,70.594,0.491,-0.215,1.049,1.178,1.159,305212.2,305.21,31438.13,5838.13,0.990,0.000,-0.001,0.000,0.000,0.000,74.364,PID
1751,59.2685,23.379,0.225,70.599,0.491,-0.215,1.049,1.178,1.159,305197.7,305.20,31437.63,5837.63,0.990,0.000,-0.001,0.000,0.000,0.000,74.370,PID
1752,59.2735,23.381,0.224,70.605,0.491,-0.216,1.049,1.178,1.159,305184.6,305.18,31437.13,5837.13,0.990,0.000,-0.001,0.000,0.000,0.000,74.375,PID
1753,59.2785,23.384,0.223,70.610,0.491,-0.216,1.049,1.179,1.159,305169.8,305.17,31436.63,5836.63,0.990,0.000,-0.001,0.000,0.000,0.000,74.381,PID
1754,59.2835,23.386,0.222,70.615,0.491,-0.217,1.049,1.179,1.159,305156.7,305.16,31436.13,5836.13,0.990,0.000,-0.001,0.000,0.000,0.000,74.387,PID
1755,59.2885,23.389,0.221,70.620,0.491,-0.217,1.049,1.179,1.159,305142.4,305.14,31435.63,5835.63,0.990,0.000,-0.001,0.000,0.000,0.000,74.393,PID
1756,59.2935,23.391,0.220,70.626,0.491,-0.218,1.049,1.179,1.159,305128.7,305.13,31435.13,5835.13,0.990,0.000,-0.001,0.000,0.000,0.000,74.398,PID
1757,59.2985,23.394,0.219,70.631,0.491,-0.218,1.049,1.179,1.159,305115.0,305.12,31434.63,5834.63,0.990,0.000,-0.001,0.000,0.000,0.000,74.404,PID
1758,59.3035,23.396,0.217,70.636,0.491,-0.219,1.049,1.179,1.159,305101.3,305.10,31434.13,5834.13,0.990,0.000,-0.001,0.000,0.000,0.000,74.410,PID
1759,59.3085,23.398,0.216,70.641,0.491,-0.219,1.049,1.179,1.159,305087.8,305.09,31433.63,5833.63,0.990,0.000,-0.001,0.000,0.000,0.000,74.416,PID
1760,59.3135,23.401,0.215,70.647,0.491,-0.220,1.049,1.179,1.159,305073.8,305.07,31433.13,5833.13,0.990,0.000,-0.001,0.000,0.000,0.000,74.421,PID
1761,59.3185,23.403,0.214,70.652,0.491,-0.220,1.049,1.179,1.159,305060.8,305.06,31432.63,5832.63,0.990,0.000,-0.001,0.000,0.000,0.000,74.427,PID
1762,59.3235,23.406,0.213,70.657,0.491,-0.221,1.049,1.179,1.159,305046.5,305.05,31432.13,5832.13,0.990,0.000,-0.001,0.000,0.000,0.000,74.433,PID
1763,59.3285,23.408,0.212,70.662,0.491,-0.221,1.049,1.179,1.159,305033.6,305.03,31431.63,5831.63,0.990,0.000,-0.001,0.000,0.000,0.000,74.439,PID
1764,59.3335,23.411,0.211,70.668,0.491,-0.222,1.049,1.180,1.159,305019.8,305.02,31431.13,5831.13,0.990,0.000,-0.001,0.000,0.000,0.000,74.444,PID
1765,59.3385,23.413,0.210,70.673,0.491,-0.222,1.049,1.180,1.159,305006.2,305.01,31430.63,5830.63,0.990,0.000,-0.001,0.000,0.000,0.000,74.450,PID
1766,59.3435,23.416,0.209,70.678,0.491,-0.223,1.049,1.180,1.159,304993.4,304.99,31430.13,5830.13,0.990,0.000,-0.001,0.000,0.000,0.000,74.456,PID
1767,59.3485,23.418,0.207,70.683,0.491,-0.223,1.049,1.180,1.159,304979.4,304.98,31429.63,5829.63,0.989,0.000,-0.001,0.000,0.000,0.000,74.462,PID
1768,59.3535,23.421,0.206,70.689,0.491,-0.224,1.049,1.180,1.159,304966.4,304.97,31429.13,5829.13,0.989,0.000,-0.001,0.000,0.000,0.000,74.467,PID
1769,59.3585,23.423,0.205,70.694,0.491,-0.224,1.049,1.180,1.159,304953.0,304.95,31428.63,5828.63,0.989,0.000,-0.001,0.000,0.000,0.000,74.473,PID
1770,59.3635,23.425,0.204,70.699,0.491,-0.225,1.049,1.180,1.159,304939.6,304.94,31428.13,5828.13,0.989,0.000,-0.001,0.000,0.000,0.000,74.479,PID
1771,59.3685,23.428,0.203,70.704,0.491,-0.225,1.049,1.180,1.159,304926.7,304.93,31427.63,5827.63,0.989,0.000,-0.001,0.000,0.000,0.000,74.485,PID
1772,59.3735,23.430,0.202,70.710,0.491,-0.226,1.049,1.180,1.159,304913.0,304.91,31427.13,5827.13,0.989,0.000,-0.001,0.000,0.000,0.000,74.490,PID
1773,59.3785,23.433,0.201,70.715,0.491,-0.226,1.049,1.180,1.159,304900.7,304.90,31426.63,5826.63,0.989,0.000,-0.001,0.000,0.000,0.000,74.496,PID
1774,59.3835,23.435,0.200,70.720,0.491,-0.227,1.049,1.181,1.159,304886.7,304.89,31426.13,5826.13,0.989,0.000,-0.001,0.000,0.000,0.000,74.502,PID
1775,59.3885,23.438,0.198,70.725,0.491,-0.227,1.049,1.181,1.159,304874.4,304.87,31425.63,5825.63,0.989,0.000,-0.001,0.000,0.000,0.000,74.508,PID
1776,59.3935,23.440,0.197,70.731,0.491,-0.228,1.049,1.181,1.159,304860.5,304.86,31425.13,5825.13,0.989,0.000,-0.001,0.000,0.000,0.000,74.513,PID
1777,59.3985,23.443,0.196,70.736,0.491,-0.228,1.049,1.181,1.159,304848.4,304.85,31424.63,5824.63,0.989,0.000,-0.001,0.000,0.000,0.000,74.519,PID
1778,59.4035,23.445,0.195,70.741,0.491,-0.229,1.049,1.181,1.159,304834.7,304.83,31424.13,5824.13,0.989,0.000,-0.001,0.000,0.000,0.000,74.525,PID
1779,59.4085,23.448,0.194,70.746,0.491,-0.229,1.049,1.181,1.159,304822.2,304.82,31423.63,5823.63,0.989,0.000,-0.001,0.000,0.000,0.000,74.531,PID
1780,59.4135,23.450,0.193,70.752,0.491,-0.230,1.049,1.181,1.159,304809.0,304.81,31423.13,5823.13,0.989,0.000,-0.001,0.000,0.000,0.000,74.536,PID
1781,59.4185,23.452,0.192,70.757,0.491,-0.230,1.049,1.181,1.159,304796.3,304.80,31422.63,5822.63,0.989,0.000,-0.001,0.000,0.000,0.000,74.542,PID
1782,59.4235,23.455,0.190,70.762,0.491,-0.231,1.049,1.181,1.159,304783.6,304.78,31422.13,5822.13,0.989,0.000,-0.001,0.000,0.000,0.000,74.548,PID
1783,59.4285,23.457,0.189,70.767,0.491,-0.232,1.049,1.181,1.159,304770.9,304.77,31421.63,5821.63,0.989,0.000,-0.001,0.000,0.000,0.000,74.554,PID
1784,59.4335,23.460,0.188,70.773,0.491,-0.232,1.049,1.182,1.159,304757.5,304.76,31421.13,5821.13,0.989,0.000,-0.001,0.000,0.000,0.000,74.560,PID
1785,59.4385,23.462,0.187,70.778,0.491,-0.233,1.049,1.182,1.159,304745.4,304.75,31420.63,5820.63,0.989,0.000,-0.001,0.000,0.000,0.000,74.565,PID
1786,59.4435,23.465,0.186,70.783,0.491,-0.233,1.049,1.182,1.159,304732.5,304.73,31420.13,5820.13,0.989,0.000,-0.001,0.000,0.000,0.000,74.571,PID
1787,59.4485,23.467,0.185,70.788,0.491,-0.234,1.049,1.182,1.159,304720.1,304.72,31419.63,5819.63,0.989,0.000,-0.001,0.000,0.000,0.000,74.577,PID
1788,59.4535,23.470,0.183,70.794,0.491,-0.234,1.049,1.182,1.159,304707.3,304.71,31419.13,5819.13,0.989,0.000,-0.001,0.000,0.000,0.000,74.583,PID
1789,59.4585,23.472,0.182,70.799,0.491,-0.235,1.049,1.182,1.159,304694.6,304.69,31418.63,5818.63,0.989,0.000,-0.001,0.000,0.000,0.000,74.588,PID
1790,59.4635,23.475,0.181,70.804,0.491,-0.235,1.049,1.182,1.159,304682.3,304.68,31418.13,5818.13,0.989,0.000,-0.001,0.000,0.000,0.000,74.594,PID
1791,59.4685,23.477,0.180,70.809,0.491,-0.236,1.049,1.182,1.159,304669.7,304.67,31417.63,5817.63,0.989,0.000,-0.001,0.000,0.000,0.000,74.600,PID
1792,59.4735,23.480,0.179,70.815,0.491,-0.236,1.049,1.182,1.159,304657.1,304.66,31417.13,5817.13,0.989,0.000,-0.001,0.000,0.000,0.000,74.606,PID
1793,59.4785,23.482,0.178,70.820,0.491,-0.237,1.049,1.183,1.159,304644.6,304.64,31416.63,5816.63,0.989,0.000,-0.001,0.000,0.000,0.000,74.611,PID
1794,59.4835,23.484,0.176,70.825,0.491,-0.238,1.049,1.183,1.159,304632.6,304.63,31416.13,5816.14,0.989,0.000,-0.001,0.000,0.000,0.000,74.617,PID
1795,59.4885,23.487,0.175,70.830,0.491,-0.238,1.049,1.183,1.159,304619.7,304.62,31415.63,5815.64,0.989,0.000,-0.001,0.000,0.000,0.000,74.623,PID
1796,59.4935,23.489,0.174,70.836,0.491,-0.239,1.049,1.183,1.159,304607.8,304.61,31415.14,5815.14,0.989,0.000,-0.001,0.000,0.000,0.000,74.629,PID
1797,59.4985,23.492,0.173,70.841,0.491,-0.239,1.049,1.183,1.159,304595.5,304.60,31414.64,5814.64,0.989,0.000,-0.001,0.000,0.000,0.000,74.634,PID
1798,59.5035,23.494,0.172,70.846,0.491,-0.240,1.049,1.183,1.159,304582.8,304.58,31414.14,5814.14,0.989,0.000,-0.001,0.000,0.000,0.000,74.640,PID
1799,59.5085,23.497,0.170,70.851,0.491,-0.240,1.049,1.183,1.159,304571.1,304.57,31413.64,5813.64,0.989,0.000,-0.001,0.000,0.000,0.000,74.646,PID
1800,59.5135,23.499,0.169,70.857,0.491,-0.241,1.049,1.183,1.159,304558.5,304.56,31413.14,5813.14,0.989,0.000,-0.001,0.000,0.000,0.000,74.652,PID
1801,59.5185,23.502,0.168,70.862,0.491,-0.241,1.049,1.183,1.159,304546.8,304.55,31412.64,5812.64,0.989,0.000,-0.001,0.000,0.000,0.000,74.657,PID
1802,59.5235,23.504,0.167,70.867,0.491,-0.242,1.049,1.184,1.159,304533.9,304.53,31412.14,5812.14,0.989,0.000,-0.001,0.000,0.000,0.000,74.663,PID
1803,59.5285,23.507,0.166,70.872,0.491,-0.243,1.049,1.184,1.159,304522.8,304.52,31411.64,5811.64,0.989,0.000,-0.001,0.000,0.000,0.000,74.669,PID
1804,59.5335,23.509,0.164,70.878,0.491,-0.243,1.049,1.184,1.159,304509.6,304.51,31411.14,5811.14,0.989,0.000,-0.001,0.000,0.000,0.000,74.675,PID
1805,59.5385,23.511,0.163,70.883,0.492,-0.244,1.049,1.184,1.159,304498.6,304.50,31410.64,5810.64,0.989,0.000,-0.001,0.000,0.000,0.000,74.680,PID
1806,59.5435,23.514,0.162,70.888,0.492,-0.244,1.049,1.184,1.159,304485.9,304.49,31410.14,5810.14,0.988,0.000,-0.001,0.000,0.000,0.000,74.686,PID
1807,59.5485,23.516,0.161,70.893,0.492,-0.245,1.049,1.184,1.159,304474.5,304.47,31409.64,5809.64,0.988,0.000,-0.001,0.000,0.000,0.000,74.692,PID
1808,59.5535,23.519,0.160,70.899,0.492,-0.245,1.049,1.184,1.159,304461.9,304.46,31409.14,5809.15,0.988,0.000,-0.001,0.000,0.000,0.000,74.698,PID
1809,59.5585,23.521,0.158,70.904,0.492,-0.246,1.049,1.184,1.159,304450.7,304.45,31408.65,5808.65,0.988,0.000,-0.001,0.000,0.000,0.000,74.703,PID
1810,59.5635,23.524,0.157,70.909,0.492,-0.247,1.049,1.185,1.159,304438.2,304.44,31408.15,5808.15,0.988,0.000,-0.001,0.000,0.000,0.000,74.709,PID
1811,59.5685,23.526,0.156,70.914,0.492,-0.247,1.049,1.185,1.159,304426.7,304.43,31407.65,5807.65,0.988,0.000,-0.001,0.000,0.000,0.000,74.715,PID
1812,59.5735,23.529,0.155,70.920,0.492,-0.248,1.049,1.185,1.159,304414.7,304.41,31407.15,5807.15,0.988,0.000,-0.001,0.000,0.000,0.000,74.721,PID
1813,59.5785,23.531,0.153,70.925,0.492,-0.248,1.049,1.185,1.159,304403.3,304.40,31406.65,5806.65,0.988,0.000,-0.001,0.000,0.000,0.000,74.726,PID
1814,59.5835,23.534,0.152,70.930,0.492,-0.249,1.049,1.185,1.159,304391.4,304.39,31406.15,5806.15,0.988,0.000,-0.001,0.000,0.000,0.000,74.732,PID
1815,59.5885,23.536,0.151,70.935,0.492,-0.249,1.049,1.185,1.159,304379.6,304.38,31405.65,5805.65,0.988,0.000,-0.001,0.000,0.000,0.000,74.738,PID
1816,59.5935,23.538,0.150,70.941,0.492,-0.250,1.049,1.185,1.159,304367.9,304.37,31405.15,5805.15,0.988,0.000,-0.001,0.000,0.000,0.000,74.744,PID
1817,59.5985,23.541,0.148,70.946,0.492,-0.251,1.049,1.185,1.159,304356.6,304.36,31404.65,5804.65,0.988,0.000,-0.001,0.000,0.000,0.000,74.749,PID
1818,59.6035,23.543,0.147,70.951,0.492,-0.251,1.049,1.185,1.159,304344.5,304.34,31404.15,5804.16,0.988,0.000,-0.001,0.000,0.000,0.000,74.755,PID
1819,59.6085,23.546,0.146,70.956,0.492,-0.252,1.049,1.186,1.159,304333.3,304.33,31403.66,5803.66,0.988,0.000,-0.001,0.000,0.000,0.000,74.761,PID
1820,59.6135,23.548,0.145,70.962,0.492,-0.252,1.049,1.186,1.159,304321.4,304.32,31403.16,5803.16,0.988,0.000,-0.001,0.000,0.000,0.000,74.767,PID
1821,59.6185,23.551,0.143,70.967,0.492,-0.253,1.049,1.186,1.159,304310.3,304.31,31402.66,5802.66,0.988,0.000,-0.001,0.000,0.000,0.000,74.772,PID
1822,59.6235,23.553,0.142,70.972,0.492,-0.253,1.049,1.186,1.159,304298.5,304.30,31402.16,5802.16,0.988,0.000,-0.001,0.000,0.000,0.000,74.778,PID
1823,59.6285,23.556,0.141,70.977,0.492,-0.254,1.049,1.186,1.159,304287.1,304.29,31401.66,5801.66,0.988,0.000,-0.001,0.000,0.000,0.000,74.784,PID
1824,59.6335,23.558,0.140,70.983,0.492,-0.255,1.049,1.186,1.159,304276.2,304.28,31401.16,5801.16,0.988,0.000,-0.001,0.000,0.000,0.000,74.790,PID
1825,59.6385,23.561,0.138,70.988,0.492,-0.255,1.049,1.186,1.159,304264.0,304.26,31400.66,5800.66,0.988,0.000,-0.001,0.000,0.000,0.000,74.795,PID
1826,59.6435,23.563,0.137,70.993,0.492,-0.256,1.049,1.186,1.159,304253.2,304.25,31400.16,5800.16,0.988,0.000,-0.001,0.000,0.000,0.000,74.801,PID
1827,59.6485,23.566,0.136,70.998,0.492,-0.256,1.049,1.187,1.159,304241.5,304.24,31399.66,5799.66,0.988,0.000,-0.001,0.000,0.000,0.000,74.807,PID
1828,59.6535,23.568,0.134,71.004,0.492,-0.257,1.049,1.187,1.159,304230.4,304.23,31399.17,5799.17,0.988,0.000,-0.001,0.000,0.000,0.000,74.813,PID
1829,59.6585,23.570,0.133,71.009,0.492,-0.258,1.049,1.187,1.159,304219.3,304.22,31398.67,5798.67,0.988,0.000,-0.001,0.000,0.000,0.000,74.819,PID
1830,59.6635,23.573,0.132,71.014,0.492,-0.258,1.049,1.187,1.159,304207.4,304.21,31398.17,5798.17,0.988,0.000,-0.001,0.000,0.000,0.000,74.824,PID
1831,59.6685,23.575,0.131,71.019,0.492,-0.259,1.049,1.187,1.159,304197.3,304.20,31397.67,5797.67,0.988,0.000,-0.001,0.000,0.000,0.000,74.830,PID
1832,59.6735,23.578,0.129,71.024,0.492,-0.259,1.049,1.187,1.159,304185.0,304.19,31397.17,5797.17,0.988,0.000,-0.001,0.000,0.000,0.000,74.836,PID
1833,59.6785,23.580,0.128,71.030,0.492,-0.260,1.049,1.187,1.159,304175.0,304.18,31396.67,5796.67,0.988,0.000,-0.001,0.000,0.000,0.000,74.841,PID
1834,59.6835,23.583,0.127,71.035,0.492,-0.260,1.049,1.188,1.159,304162.8,304.16,31396.17,5796.17,0.988,0.000,-0.001,0.000,0.000,0.000,74.847,PID
1835,59.6886,23.585,0.125,71.040,0.492,-0.261,1.049,1.188,1.159,304152.5,304.15,31395.68,5795.68,0.988,0.000,-0.001,0.000,0.000,0.000,74.853,PID
1836,59.6936,23.588,0.124,71.045,0.492,-0.262,1.049,1.188,1.159,304141.3,304.14,31395.18,5795.18,0.988,0.000,-0.001,0.000,0.000,0.000,74.859,PID
1837,59.6986,23.590,0.123,71.051,0.492,-0.262,1.049,1.188,1.159,304130.2,304.13,31394.68,5794.68,0.988,0.000,-0.001,0.000,0.000,0.000,74.864,PID
1838,59.7036,23.593,0.121,71.056,0.492,-0.263,1.049,1.188,1.159,304119.1,304.12,31394.18,5794.18,0.988,0.000,-0.001,0.000,0.000,0.000,74.870,PID
1839,59.7086,23.595,0.120,71.061,0.492,-0.263,1.049,1.188,1.159,304108.4,304.11,31393.68,5793.68,0.988,0.000,-0.001,0.000,0.000,0.000,74.876,PID
1840,59.7136,23.597,0.119,71.066,0.492,-0.264,1.049,1.188,1.159,304097.4,304.10,31393.18,5793.18,0.988,0.000,-0.001,0.000,0.000,0.000,74.882,PID
1841,59.7186,23.600,0.117,71.072,0.492,-0.265,1.049,1.188,1.159,304086.1,304.09,31392.68,5792.69,0.988,0.000,-0.001,0.000,0.000,0.000,74.887,PID
1842,59.7236,23.602,0.116,71.077,0.492,-0.265,1.049,1.189,1.159,304076.0,304.08,31392.19,5792.19,0.988,0.000,-0.001,0.000,0.000,0.000,74.893,PID
1843,59.7286,23.605,0.115,71.082,0.492,-0.266,1.049,1.189,1.159,304064.3,304.06,31391.69,5791.69,0.988,0.000,-0.001,0.000,0.000,0.000,74.899,PID
1844,59.7336,23.607,0.113,71.087,0.492,-0.266,1.049,1.189,1.159,304054.3,304.05,31391.19,5791.19,0.988,0.000,-0.001,0.000,0.000,0.000,74.905,PID
1845,59.7386,23.610,0.112,71.093,0.492,-0.267,1.049,1.189,1.159,304043.2,304.04,31390.69,5790.69,0.988,0.000,-0.001,0.000,0.000,0.000,74.910,PID
1846,59.7436,23.612,0.111,71.098,0.492,-0.268,1.049,1.189,1.159,304032.4,304.03,31390.19,5790.19,0.988,0.000,-0.001,0.000,0.000,0.000,74.916,PID
1847,59.7486,23.615,0.109,71.103,0.492,-0.268,1.049,1.189,1.159,304021.8,304.02,31389.69,5789.69,0.988,0.000,-0.001,0.000,0.000,0.000,74.922,PID
1848,59.7536,23.617,0.108,71.108,0.492,-0.269,1.049,1.189,1.159,304011.1,304.01,31389.20,5789.20,0.988,0.000,-0.001,0.000,0.000,0.000,74.928,PID
1849,59.7586,23.620,0.107,71.114,0.492,-0.270,1.049,1.190,1.159,304000.1,304.00,31388.70,5788.70,0.988,0.000,-0.001,0.000,0.000,0.000,74.933,PID
1850,59.7636,23.622,0.105,71.119,0.492,-0.270,1.049,1.190,1.159,303990.0,303.99,31388.20,5788.20,0.988,0.000,-0.001,0.000,0.000,0.000,74.939,PID
1851,59.7686,23.625,0.104,71.124,0.492,-0.271,1.049,1.190,1.159,303978.7,303.98,31387.70,5787.70,0.988,0.000,-0.001,0.000,0.000,0.000,74.945,PID
1852,59.7736,23.627,0.103,71.129,0.492,-0.271,1.049,1.190,1.159,303969.1,303.97,31387.20,5787.20,0.988,0.000,-0.001,0.000,0.000,0.000,74.951,PID
1853,59.7786,23.629,0.101,71.135,0.492,-0.272,1.049,1.190,1.159,303957.8,303.96,31386.70,5786.70,0.988,0.000,-0.001,0.000,0.000,0.000,74.956,PID
1854,59.7836,23.632,0.100,71.140,0.492,-0.273,1.049,1.190,1.159,303947.5,303.95,31386.20,5786.20,0.988,0.000,-0.001,0.000,0.000,0.000,74.962,PID
1855,59.7886,23.634,0.099,71.145,0.492,-0.273,1.049,1.190,1.159,303937.2,303.94,31385.71,5785.71,0.987,0.000,-0.001,0.000,0.000,0.000,74.968,PID
1856,59.7936,23.637,0.097,71.150,0.492,-0.274,1.049,1.191,1.159,303926.5,303.93,31385.21,5785.21,0.987,0.000,-0.001,0.000,0.000,0.000,74.974,PID
1857,59.7986,23.639,0.096,71.156,0.492,-0.274,1.049,1.191,1.159,303916.3,303.92,31384.71,5784.71,0.987,0.000,-0.001,0.000,0.000,0.000,74.979,PID
1858,59.8036,23.642,0.095,71.161,0.492,-0.275,1.049,1.191,1.159,303905.7,303.91,31384.21,5784.21,0.987,0.000,-0.001,0.000,0.000,0.000,74.985,PID
1859,59.8086,23.644,0.093,71.166,0.492,-0.276,1.049,1.191,1.159,303895.6,303.90,31383.71,5783.71,0.987,0.000,-0.001,0.000,0.000,0.000,74.991,PID
1860,59.8136,23.647,0.092,71.171,0.492,-0.276,1.049,1.191,1.159,303885.0,303.89,31383.21,5783.22,0.987,0.000,-0.001,0.000,0.000,0.000,74.997,PID
1861,59.8186,23.649,0.090,71.176,0.492,-0.277,1.049,1.191,1.159,303875.0,303.88,31382.72,5782.72,0.987,0.000,-0.001,0.000,0.000,0.000,75.002,PID
1862,59.8236,23.652,0.089,71.182,0.492,-0.278,1.049,1.191,1.159,303864.2,303.86,31382.22,5782.22,0.987,0.000,-0.001,0.000,0.000,0.000,75.008,PID
1863,59.8286,23.654,0.088,71.187,0.492,-0.278,1.049,1.192,1.159,303854.2,303.85,31381.72,5781.72,0.987,0.000,-0.001,0.000,0.000,0.000,75.014,PID
1864,59.8336,23.657,0.086,71.192,0.492,-0.279,1.049,1.192,1.159,303844.3,303.84,31381.22,5781.22,0.987,0.000,-0.001,0.000,0.000,0.000,75.020,PID
1865,59.8386,23.659,0.085,71.197,0.492,-0.279,1.049,1.192,1.159,303833.6,303.83,31380.72,5780.73,0.987,0.000,-0.001,0.000,0.000,0.000,75.025,PID
1866,59.8436,23.661,0.083,71.203,0.492,-0.280,1.049,1.192,1.159,303823.8,303.82,31380.23,5780.23,0.987,0.000,-0.001,0.000,0.000,0.000,75.031,PID
1867,59.8486,23.664,0.082,71.208,0.492,-0.281,1.049,1.192,1.159,303813.6,303.81,31379.73,5779.73,0.987,0.000,-0.001,0.000,0.000,0.000,75.037,PID
1868,59.8536,23.666,0.081,71.213,0.492,-0.281,1.049,1.192,1.159,303803.0,303.80,31379.23,5779.23,0.987,0.000,-0.001,0.000,0.000,0.000,75.043,PID
1869,59.8586,23.669,0.079,71.218,0.492,-0.282,1.049,1.192,1.159,303793.8,303.79,31378.73,5778.73,0.987,0.000,-0.001,0.000,0.000,0.000,75.048,PID
1870,59.8636,23.671,0.078,71.224,0.492,-0.283,1.049,1.193,1.159,303783.3,303.78,31378.23,5778.24,0.987,0.000,-0.001,0.000,0.000,0.000,75.054,PID
1871,59.8686,23.674,0.076,71.229,0.492,-0.283,1.049,1.193,1.159,303772.8,303.77,31377.74,5777.74,0.987,0.000,-0.001,0.000,0.000,0.000,75.060,PID
1872,59.8736,23.676,0.075,71.234,0.492,-0.284,1.049,1.193,1.159,303763.7,303.76,31377.24,5777.24,0.987,0.000,-0.001,0.000,0.000,0.000,75.066,PID
1873,59.8786,23.679,0.074,71.239,0.492,-0.284,1.049,1.193,1.159,303753.3,303.75,31376.74,5776.74,0.987,0.000,-0.001,0.000,0.000,0.000,75.071,PID
1874,59.8836,23.681,0.072,71.245,0.492,-0.285,1.049,1.193,1.159,303743.0,303.74,31376.24,5776.24,0.987,0.000,-0.001,0.000,0.000,0.000,75.077,PID
1875,59.8886,23.684,0.071,71.250,0.492,-0.286,1.049,1.193,1.159,303733.5,303.73,31375.74,5775.75,0.987,0.000,-0.001,0.000,0.000,0.000,75.083,PID
1876,59.8936,23.686,0.069,71.255,0.492,-0.286,1.049,1.193,1.159,303723.7,303.72,31375.25,5775.25,0.987,0.000,-0.001,0.000,0.000,0.000,75.089,PID
1877,59.8986,23.689,0.068,71.260,0.492,-0.287,1.049,1.194,1.159,303713.5,303.71,31374.75,5774.75,0.987,0.000,-0.001,0.000,0.000,0.000,75.094,PID
1878,59.9036,23.691,0.066,71.266,0.492,-0.288,1.049,1.194,1.159,303703.8,303.70,31374.25,5774.25,0.987,0.000,-0.001,0.000,0.000,0.000,75.100,PID
1879,59.9086,23.693,0.065,71.271,0.492,-0.288,1.049,1.194,1.159,303694.1,303.69,31373.75,5773.75,0.987,0.000,-0.001,0.000,0.000,0.000,75.106,PID
1880,59.9136,23.696,0.063,71.276,0.492,-0.289,1.049,1.194,1.159,303684.0,303.68,31373.25,5773.25,0.987,0.000,-0.001,0.000,0.000,0.000,75.112,PID
1881,59.9186,23.698,0.062,71.281,0.492,-0.289,1.049,1.194,1.159,303674.4,303.67,31372.76,5772.76,0.987,0.000,-0.001,0.000,0.000,0.000,75.117,PID
1882,59.9236,23.701,0.061,71.287,0.492,-0.290,1.049,1.194,1.159,303664.9,303.66,31372.26,5772.26,0.987,0.000,-0.001,0.000,0.000,0.000,75.123,PID
1883,59.9286,23.703,0.059,71.292,0.492,-0.291,1.049,1.195,1.159,303654.9,303.65,31371.76,5771.76,0.987,0.000,-0.001,0.000,0.000,0.000,75.129,PID
1884,59.9336,23.706,0.058,71.297,0.493,-0.291,1.049,1.195,1.159,303645.0,303.65,31371.26,5771.26,0.987,0.000,-0.001,0.000,0.000,0.000,75.135,PID
1885,59.9386,23.708,0.056,71.302,0.493,-0.292,1.049,1.195,1.159,303636.0,303.64,31370.77,5770.77,0.987,0.000,-0.001,0.000,0.000,0.000,75.140,PID
1886,59.9436,23.711,0.055,71.308,0.493,-0.293,1.049,1.195,1.159,303626.2,303.63,31370.27,5770.27,0.987,0.000,-0.001,0.000,0.000,0.000,75.146,PID
1887,59.9486,23.713,0.053,71.313,0.493,-0.293,1.049,1.195,1.159,303616.4,303.62,31369.77,5769.77,0.987,0.000,-0.001,0.000,0.000,0.000,75.152,PID
1888,59.9536,23.716,0.052,71.318,0.493,-0.294,1.049,1.195,1.159,303606.7,303.61,31369.27,5769.27,0.987,0.000,-0.001,0.000,0.000,0.000,75.158,PID
1889,59.9586,23.718,0.050,71.323,0.493,-0.295,1.049,1.195,1.159,303597.4,303.60,31368.78,5768.78,0.987,0.000,-0.001,0.000,0.000,0.000,75.163,PID
1890,59.9636,23.721,0.049,71.328,0.493,-0.295,1.049,1.196,1.159,303587.8,303.59,31368.28,5768.28,0.987,0.000,-0.001,0.000,0.000,0.000,75.169,PID
