time,posX,posY,posZ,velX,velY,velZ,thrust,mass,angleError,fuel
0,050,-1,00,2495,01,-0,17,-20,13,-99,42,-3,37,845000,0,39637,50,4,71,14037,5
0,100,-2,01,2490,06,-0,34,-20,23,-98,81,-3,39,845000,0,39623,65,4,54,14023,7
0,150,-3,03,2485,13,-0,51,-20,32,-98,19,-3,41,845000,0,39609,79,4,35,14009,8
0,200,-4,04,2480,24,-0,68,-20,41,-97,59,-3,35,845000,0,39595,93,4,14,13995,9
0,250,-5,07,2475,37,-0,84,-20,49,-96,98,-3,34,845000,0,39582,07,3,90,13982,1
0,300,-6,09,2470,54,-1,01,-20,56,-96,36,-3,33,845000,0,39568,22,3,65,13968,2
0,350,-7,12,2465,74,-1,18,-20,63,-95,75,-3,32,845000,0,39554,36,3,39,13954,4
0,400,-8,16,2460,97,-1,34,-20,69,-95,14,-3,31,845000,0,39540,50,3,13,13940,5
0,450,-9,19,2456,23,-1,51,-20,74,-94,52,-3,31,845000,0,39526,64,2,86,13926,6
0,500,-10,23,2451,51,-1,67,-20,78,-93,90,-3,30,845000,0,39512,79,2,60,13912,8
0,550,-11,27,2446,83,-1,84,-20,82,-93,29,-3,29,840691,6,39498,95,2,34,13899,0
0,600,-12,31,2442,19,-2,00,-20,85,-92,69,-3,29,829639,6,39485,27,2,10,13885,3
0,650,-13,36,2437,57,-2,17,-20,88,-92,10,-3,28,818772,3,39471,77,1,87,13871,8
0,700,-14,40,2432,98,-2,33,-20,90,-91,52,-3,27,808140,3,39458,44,1,67,13858,4
0,750,-15,45,2428,41,-2,49,-20,92,-90,96,-3,26,796486,9,39445,29,1,49,13845,3
0,800,-16,49,2423,88,-2,66,-20,94,-90,42,-3,24,783795,6,39432,34,1,35,13832,3
0,850,-17,54,2419,37,-2,82,-20,95,-89,89,-3,22,771505,0,39419,61,1,24,13819,6
0,900,-18,59,2414,89,-2,98,-20,96,-89,37,-3,20,759545,5,39407,07,1,19,13807,1
0,950,-19,64,2410,43,-3,14,-20,97,-88,87,-3,17,747985,4,39394,72,1,19,13794,7
1,000,-20,68,2406,00,-3,30,-20,93,-88,40,-3,14,745271,3,39382,51,1,23,13782,5
1,050,-21,73,2401,59,-3,45,-20,91,-87,92,-3,10,726001,3,39370,54,1,29,13770,5
1,100,-22,77,2397,21,-3,61,-20,89,-87,47,-3,07,715379,4,39358,73,1,36,13758,7
1,150,-23,82,2392,85,-3,76,-20,86,-87,02,-3,03,705071,5,39347,09,1,41,13747,1
1,200,-24,86,2388,51,-3,91,-20,84,-86,59,-3,00,695063,4,39335,63,1,45,13735,6
1,250,-25,90,2384,19,-4,06,-20,81,-86,18,-2,97,685314,9,39324,32,1,48,13724,3
1,300,-26,94,2379,89,-4,21,-20,78,-85,77,-2,94,675868,2,39313,17,1,50,13713,2
1,350,-27,98,2375,61,-4,35,-20,75,-85,38,-2,91,666684,0,39302,17,1,52,13702,2
1,400,-29,02,2371,35,-4,50,-20,72,-84,99,-2,89,657778,3,39291,32,1,53,13691,3
1,450,-30,05,2367,11,-4,64,-20,69,-84,62,-2,87,649139,8,39280,62,1,54,13680,6
1,500,-31,09,2362,89,-4,78,-20,65,-84,26,-2,85,640758,4,39270,05,1,56,13670,1
1,550,-32,12,2358,68,-4,93,-20,62,-83,91,-2,83,632623,6,39259,62,1,58,13659,6
1,600,-33,15,2354,50,-5,07,-20,58,-83,58,-2,86,631962,8,39249,28,1,62,13649,3
1,650,-34,18,2350,33,-5,21,-20,54,-83,25,-2,87,617176,3,39239,11,1,66,13639,1
1,700,-35,20,2346,17,-5,35,-20,51,-82,93,-2,88,609713,8,39229,06,1,69,13629,1
1,750,-36,23,2342,03,-5,50,-20,47,-82,62,-2,90,602457,7,39219,13,1,71,13619,1
1,800,-37,25,2337,91,-5,64,-20,44,-82,31,-2,91,595426,6,39209,31,1,72,13609,3
1,850,-38,27,2333,80,-5,79,-20,40,-82,02,-2,93,588583,4,39199,62,1,72,13599,6
1,900,-39,29,2329,71,-5,94,-20,37,-81,74,-2,94,581946,8,39190,03,1,71,13590,0
1,950,-40,31,2325,63,-6,08,-20,34,-81,46,-2,96,575480,5,39180,55,1,68,13580,6
2,000,-41,32,2321,56,-6,23,-20,31,-81,19,-2,97,569231,3,39171,16,1,65,13571,2
2,050,-42,34,2317,51,-6,38,-20,29,-80,93,-2,99,563136,7,39161,89,1,61,13561,9
2,100,-43,35,2313,47,-6,53,-20,26,-80,68,-3,00,557216,3,39152,71,1,56,13552,7
2,150,-44,36,2309,44,-6,68,-20,24,-80,43,-3,02,551490,3,39143,63,1,51,13543,6
2,200,-45,38,2305,42,-6,83,-20,22,-80,19,-3,03,545923,9,39134,64,1,46,13534,6
2,250,-46,39,2301,42,-6,99,-20,20,-79,96,-3,05,540509,7,39125,74,1,40,13525,7
2,300,-47,40,2297,43,-7,14,-20,18,-79,74,-3,06,535269,5,39116,93,1,35,13516,9
2,350,-48,40,2293,45,-7,29,-20,17,-79,52,-3,08,530168,4,39108,20,1,30,13508,2
2,400,-49,41,2289,47,-7,45,-20,15,-79,31,-3,09,525228,3,39099,55,1,25,13499,6
2,450,-50,42,2285,51,-7,60,-20,14,-79,10,-3,11,520415,3,39090,98,1,20,13491,0
2,500,-51,43,2281,56,-7,76,-20,13,-78,90,-3,12,515750,3,39082,49,1,16,13482,5
2,550,-52,43,2277,62,-7,91,-20,12,-78,71,-3,14,511200,0,39074,08,1,13,13474,1
2,600,-53,44,2273,69,-8,07,-20,11,-78,52,-3,15,506814,8,39065,74,1,11,13465,7
2,650,-54,44,2269,77,-8,23,-20,14,-78,34,-3,17,502538,2,39057,44,1,10,13457,4
2,700,-55,45,2265,86,-8,39,-20,14,-78,17,-3,18,498515,5,39049,23,1,09,13449,2
2,750,-56,46,2261,95,-8,55,-20,14,-78,00,-3,20,494475,8,39041,10,1,08,13441,1
2,800,-57,47,2258,06,-8,71,-20,14,-77,83,-3,21,490579,2,39033,03,1,06,13433,0
2,850,-58,47,2254,17,-8,87,-20,15,-77,67,-3,23,486765,6,39025,02,1,04,13425,0
2,900,-59,48,2250,29,-9,03,-20,15,-77,51,-3,24,483084,8,39017,07,1,01,13417,1
2,950,-60,49,2246,42,-9,19,-20,15,-77,36,-3,25,479505,3,39009,18,0,98,13409,2
3,000,-61,50,2242,56,-9,36,-20,16,-77,21,-3,26,475994,3,39001,36,0,95,13401,4
3,050,-62,50,2238,70,-9,52,-20,16,-77,06,-3,27,472629,8,38993,58,0,92,13393,6
3,100,-63,51,2234,85,-9,68,-20,16,-76,92,-3,28,469325,6,38985,86,0,88,13385,9
3,150,-64,52,2231,01,-9,85,-20,17,-76,79,-3,29,466132,3,38978,20,0,85,13378,2
3,200,-65,53,2227,17,-10,01,-20,17,-76,66,-3,29,463046,1,38970,59,0,81,13370,6
3,250,-66,54,2223,34,-10,18,-20,18,-76,53,-3,30,460035,2,38963,02,0,77,13363,0
3,300,-67,55,2219,52,-10,34,-20,18,-76,40,-3,31,457096,2,38955,51,0,73,13355,5
3,350,-68,56,2215,70,-10,51,-20,18,-76,28,-3,31,454280,5,38948,04,0,70,13348,0
3,400,-69,56,2211,89,-10,67,-20,19,-76,17,-3,31,451501,3,38940,62,0,66,13340,6
3,450,-70,57,2208,09,-10,84,-20,19,-76,05,-3,32,448838,0,38933,24,0,63,13333,2
3,500,-71,58,2204,29,-11,00,-20,20,-75,94,-3,32,446232,6,38925,90,0,61,13325,9
3,550,-72,59,2200,49,-11,17,-20,20,-75,84,-3,32,443709,1,38918,61,0,59,13318,6
3,600,-73,60,2196,70,-11,34,-20,20,-75,74,-3,29,441248,7,38911,33,0,58,13311,3
3,650,-74,61,2192,92,-11,50,-20,21,-75,64,-3,29,438958,0,38904,11,0,56,13304,1
3,700,-75,62,2189,14,-11,66,-20,21,-75,54,-3,29,436657,0,38896,94,0,54,13296,9
3,750,-76,63,2185,36,-11,83,-20,21,-75,44,-3,28,434398,3,38889,80,0,52,13289,8
3,800,-77,65,2181,59,-11,99,-20,21,-75,35,-3,28,432206,4,38882,70,0,50,13282,7
3,850,-78,66,2177,83,-12,16,-20,22,-75,26,-3,28,430106,5,38875,63,0,48,13275,6
3,900,-79,67,2174,07,-12,32,-20,22,-75,17,-3,27,428040,3,38868,60,0,45,13268,6
3,950,-80,68,2170,31,-12,48,-20,22,-75,09,-3,27,426005,3,38861,60,0,43,13261,6
4,000,-81,69,2166,56,-12,65,-20,22,-75,01,-3,27,424081,4,38854,63,0,41,13254,6
4,050,-82,70,2162,81,-12,81,-20,22,-74,93,-3,26,422176,9,38847,70,0,39,13247,7
4,100,-83,71,2159,07,-12,97,-20,22,-74,85,-3,26,420333,3,38840,79,0,37,13240,8
4,150,-84,72,2155,33,-13,14,-20,22,-74,78,-3,25,418522,2,38833,91,0,36,13233,9
4,200,-85,73,2151,59,-13,30,-20,22,-74,70,-3,25,416741,3,38827,07,0,35,13227,1
4,250,-86,74,2147,85,-13,46,-20,22,-74,63,-3,24,415017,5,38820,25,0,35,13220,3
4,300,-87,75,2144,13,-13,62,-20,19,-74,57,-3,24,435971,3,38813,43,0,36,13213,4
4,350,-88,76,2140,40,-13,78,-20,18,-74,50,-3,23,411738,5,38806,68,0,37,13206,7
4,400,-89,77,2136,67,-13,95,-20,18,-74,44,-3,23,410121,0,38799,94,0,38,13199,9
4,450,-90,78,2132,95,-14,11,-20,17,-74,37,-3,22,408528,2,38793,23,0,38,13193,2
4,500,-91,79,2129,24,-14,27,-20,17,-74,31,-3,22,406959,6,38786,55,0,38,13186,6
4,550,-92,80,2125,52,-14,43,-20,16,-74,26,-3,21,405441,8,38779,89,0,38,13179,9
4,600,-93,81,2121,81,-14,59,-20,16,-74,20,-3,20,403945,6,38773,26,0,38,13173,3
4,650,-94,81,2118,10,-14,75,-20,15,-74,14,-3,20,402497,9,38766,65,0,37,13166,7
4,700,-95,82,2114,40,-14,91,-20,14,-74,09,-3,19,401070,3,38760,06,0,37,13160,1
4,750,-96,83,2110,69,-15,07,-20,14,-74,04,-3,19,399689,0,38753,50,0,36,13153,5
4,800,-97,83,2106,99,-15,23,-20,13,-73,99,-3,18,398325,6,38746,96,0,35,13147,0
4,850,-98,84,2103,29,-15,39,-20,13,-73,94,-3,18,397006,7,38740,44,0,34,13140,4
4,900,-99,85,2099,60,-15,55,-20,12,-73,90,-3,18,395704,1,38733,95,0,33,13134,0
4,950,-100,85,2095,90,-15,70,-20,12,-73,85,-3,17,394416,4,38727,47,0,33,13127,5
5,000,-101,86,2092,21,-15,86,-20,11,-73,81,-3,17,393170,6,38721,02,0,32,13121,0
5,050,-102,86,2088,52,-16,02,-20,10,-73,77,-3,16,391965,8,38714,58,0,31,13114,6
5,100,-103,87,2084,84,-16,18,-20,10,-73,73,-3,16,390801,5,38708,16,0,30,13108,2
5,150,-104,87,2081,15,-16,34,-20,09,-73,69,-3,16,389621,1,38701,77,0,30,13101,8
5,200,-105,88,2077,47,-16,50,-20,08,-73,65,-3,15,388479,4,38695,39,0,30,13095,4
5,250,-106,88,2073,79,-16,65,-20,08,-73,62,-3,15,387403,1,38689,03,0,30,13089,0
5,300,-107,89,2070,11,-16,81,-20,07,-73,58,-3,15,386308,6,38682,69,0,31,13082,7
5,350,-108,89,2066,43,-16,97,-20,06,-73,55,-3,15,385250,0,38676,37,0,32,13076,4
5,400,-109,89,2062,75,-17,13,-20,05,-73,52,-3,17,384192,8,38670,04,0,33,13070,0
5,450,-110,89,2059,08,-17,28,-20,04,-73,50,-3,17,377688,3,38663,70,0,34,13063,7
5,500,-111,90,2055,40,-17,44,-20,04,-73,49,-3,17,404233,6,38657,34,0,34,13057,3
5,550,-112,90,2051,73,-17,60,-20,03,-73,48,-3,15,375756,9,38650,91,0,35,13050,9
5,600,-113,90,2048,05,-17,76,-20,02,-73,49,-3,15,393147,0,38644,44,0,35,13044,4
5,650,-114,90,2044,38,-17,92,-20,01,-73,49,-3,15,396086,6,38637,98,0,36,13038,0
5,700,-115,90,2040,70,-18,08,-20,00,-73,49,-3,15,392781,9,38631,54,0,36,13031,5
5,750,-116,90,2037,03,-18,23,-20,00,-73,50,-3,15,392457,2,38625,09,0,36,13025,1
5,800,-117,90,2033,36,-18,39,-19,99,-73,50,-3,17,373489,6,38618,68,0,36,13018,7
5,850,-118,90,2029,68,-18,55,-19,98,-73,50,-3,17,373897,4,38612,24,0,36,13012,2
5,900,-119,90,2026,00,-18,71,-19,97,-73,51,-3,15,394972,3,38605,77,0,36,13005,8
5,950,-120,90,2022,33,-18,87,-19,97,-73,51,-3,17,372885,4,38599,37,0,35,12999,4
6,000,-121,89,2018,65,-19,02,-19,96,-73,52,-3,17,373285,3,38592,94,0,35,12992,9
6,050,-122,89,2014,98,-19,18,-19,95,-73,53,-3,15,394351,4,38586,48,0,35,12986,5
6,100,-123,89,2011,30,-19,34,-19,94,-73,53,-3,17,372282,9,38580,09,0,34,12980,1
6,150,-124,89,2007,62,-19,50,-19,94,-73,53,-3,17,372700,2,38573,67,0,34,12973,7
6,200,-125,88,2003,95,-19,66,-19,93,-73,54,-3,15,393756,2,38567,22,0,33,12967,2
6,250,-126,88,2000,27,-19,81,-19,92,-73,54,-3,17,371732,8,38560,84,0,32,12960,8
6,300,-127,88,1996,59,-19,97,-19,91,-73,55,-3,17,372167,2,38554,44,0,31,12954,4
6,350,-128,87,1992,92,-20,13,-19,91,-73,56,-3,14,393212,0,38547,99,0,31,12948,0
6,400,-129,87,1989,24,-20,29,-19,90,-73,56,-3,17,371204,8,38541,63,0,30,12941,6
6,450,-130,86,1985,56,-20,44,-19,89,-73,56,-3,16,371655,1,38535,23,0,29,12935,2
6,500,-131,86,1981,88,-20,60,-19,89,-73,57,-3,14,391745,4,38528,80,0,28,12928,8
6,550,-132,85,1978,20,-20,76,-19,88,-73,58,-3,14,387787,7,38522,42,0,27,12922,4
6,600,-133,84,1974,52,-20,92,-19,87,-73,58,-3,14,371767,7,38516,06,0,26,12916,1
6,650,-134,84,1970,84,-21,07,-19,87,-73,58,-3,14,389129,7,38509,66,0,25,12909,7
6,700,-135,83,1967,17,-21,23,-19,86,-73,58,-3,16,385039,1,38503,36,0,24,12903,4
6,750,-136,82,1963,49,-21,39,-19,85,-73,57,-3,14,371990,8,38497,06,0,23,12897,1
6,800,-137,82,1959,81,-21,55,-19,85,-73,57,-3,16,372501,2,38490,74,0,23,12890,7
6,850,-138,81,1956,13,-21,70,-19,84,-73,56,-3,14,371913,9,38484,47,0,22,12884,5
6,900,-139,80,1952,45,-21,86,-19,83,-73,56,-3,14,371817,5,38478,20,0,21,12878,2
6,950,-140,79,1948,77,-22,02,-19,83,-73,55,-3,14,382346,6,38471,92,0,20,12871,9
7,000,-141,78,1945,10,-22,18,-19,82,-73,55,-3,14,381374,4,38465,66,0,19,12865,7
7,050,-142,77,1941,42,-22,33,-19,82,-73,54,-3,14,380417,9,38459,41,0,18,12859,4
7,100,-143,76,1937,74,-22,49,-19,81,-73,53,-3,15,379678,7,38453,20,0,17,12853,2
7,150,-144,75,1934,06,-22,65,-19,81,-73,53,-3,15,378604,7,38446,98,0,17,12847,0
7,200,-145,74,1930,39,-22,81,-19,80,-73,52,-3,14,377242,6,38440,79,0,16,12840,8
7,250,-146,73,1926,71,-22,96,-19,79,-73,51,-3,15,376618,9,38434,61,0,15,12834,6
7,300,-147,72,1923,04,-23,12,-19,79,-73,50,-3,15,375858,3,38428,45,0,15,12828,5
7,350,-148,71,1919,36,-23,28,-19,78,-73,49,-3,13,373849,6,38422,30,0,14,12822,3
7,400,-149,70,1915,69,-23,43,-19,78,-73,48,-3,15,376158,2,38416,16,0,13,12816,2
7,450,-150,69,1912,02,-23,59,-19,77,-73,47,-3,13,369206,2,38410,05,0,13,12810,1
7,500,-151,68,1908,34,-23,75,-19,77,-73,46,-3,14,374207,3,38403,94,0,12,12803,9
7,550,-152,67,1904,67,-23,90,-19,76,-73,45,-3,13,370916,3,38397,84,0,12,12797,8
7,600,-153,66,1901,00,-24,06,-19,76,-73,44,-3,14,371042,2,38391,76,0,11,12791,8
7,650,-154,64,1897,33,-24,22,-19,75,-73,42,-3,14,371538,7,38385,69,0,11,12785,7
7,700,-155,63,1893,66,-24,37,-19,75,-73,41,-3,14,369332,0,38379,63,0,10,12779,6
7,750,-156,62,1889,98,-24,53,-19,74,-73,40,-3,13,368658,3,38373,58,0,10,12773,6
7,800,-157,61,1886,31,-24,69,-19,74,-73,39,-3,14,367994,8,38367,55,0,09,12767,6
7,850,-158,59,1882,65,-24,85,-19,73,-73,38,-3,14,367396,5,38361,52,0,09,12761,5
7,900,-159,58,1878,98,-25,00,-19,73,-73,38,-3,14,367733,4,38355,51,0,09,12755,5
7,950,-160,57,1875,31,-25,16,-19,72,-73,37,-3,13,364474,4,38349,51,0,09,12749,5
8,000,-161,55,1871,64,-25,32,-19,72,-73,36,-3,13,366380,1,38343,52,0,08,12743,5
8,050,-162,54,1867,97,-25,47,-19,71,-73,35,-3,13,364745,5,38337,53,0,08,12737,5
8,100,-163,52,1864,30,-25,63,-19,71,-73,34,-3,13,364299,9,38331,56,0,08,12731,6
8,150,-164,51,1860,64,-25,78,-19,70,-73,33,-3,13,363731,6,38325,59,0,08,12725,6
8,200,-165,49,1856,97,-25,94,-19,70,-73,33,-3,13,363150,6,38319,64,0,08,12719,6
8,250,-166,48,1853,30,-26,10,-19,69,-73,32,-3,12,362153,6,38313,70,0,07,12713,7
8,300,-167,46,1849,64,-26,25,-19,69,-73,32,-3,13,362889,5,38307,76,0,07,12707,8
8,350,-168,45,1845,97,-26,41,-19,68,-73,31,-3,13,361684,7,38301,83,0,07,12701,8
8,400,-169,43,1842,31,-26,57,-19,68,-73,30,-3,13,361801,4,38295,91,0,07,12695,9
8,450,-170,41,1838,64,-26,72,-19,67,-73,30,-3,12,360170,8,38290,00,0,07,12690,0
8,500,-171,40,1834,98,-26,88,-19,67,-73,29,-3,13,359390,1,38284,09,0,07,12684,1
8,550,-172,38,1831,31,-27,04,-19,66,-73,29,-3,13,359298,4,38278,20,0,07,12678,2
8,600,-173,36,1827,65,-27,19,-19,66,-73,29,-3,12,360056,2,38272,30,0,07,12672,3
8,650,-174,35,1823,98,-27,35,-19,65,-73,28,-3,12,358101,2,38266,42,0,07,12666,4
8,700,-175,33,1820,32,-27,50,-19,65,-73,28,-3,12,357695,9,38260,55,0,07,12660,6
8,750,-176,31,1816,66,-27,66,-19,64,-73,28,-3,12,357304,7,38254,68,0,07,12654,7
8,800,-177,29,1812,99,-27,82,-19,64,-73,28,-3,12,358435,4,38248,82,0,07,12648,8
8,850,-178,28,1809,33,-27,97,-19,63,-73,27,-3,12,356824,7,38242,96,0,07,12643,0
8,900,-179,26,1805,67,-28,13,-19,63,-73,27,-3,12,356447,1,38237,11,0,07,12637,1
8,950,-180,24,1802,00,-28,28,-19,62,-73,27,-3,12,356744,3,38231,27,0,07,12631,3
9,000,-181,22,1798,34,-28,44,-19,62,-73,27,-3,12,355744,3,38225,44,0,07,12625,4
9,050,-182,20,1794,68,-28,60,-19,61,-73,27,-3,12,356011,7,38219,61,0,07,12619,6
9,100,-183,18,1791,01,-28,75,-19,61,-73,27,-3,12,355036,3,38213,79,0,07,12613,8
9,150,-184,16,1787,35,-28,91,-19,60,-73,27,-3,12,356010,0,38207,96,0,07,12608,0
9,200,-185,14,1783,69,-29,06,-19,60,-73,27,-3,12,354377,9,38202,15,0,07,12602,2
9,250,-186,12,1780,02,-29,22,-19,59,-73,27,-3,11,354071,9,38196,34,0,07,12596,3
9,300,-187,10,1776,36,-29,38,-19,59,-73,27,-3,11,353766,0,38190,54,0,07,12590,5
9,350,-188,08,1772,70,-29,53,-19,58,-73,28,-3,11,353454,5,38184,74,0,08,12584,7
9,400,-189,06,1769,03,-29,69,-19,58,-73,28,-3,11,353171,6,38178,94,0,08,12578,9
9,450,-190,04,1765,37,-29,84,-19,57,-73,28,-3,11,354295,3,38173,15,0,08,12573,2
9,500,-191,02,1761,70,-30,00,-19,57,-73,28,-3,11,352591,3,38167,37,0,08,12567,4
9,550,-191,99,1758,04,-30,15,-19,56,-73,29,-3,11,352504,3,38161,59,0,08,12561,6
9,600,-192,97,1754,38,-30,31,-19,56,-73,27,-3,11,372265,1,38155,53,0,08,12555,5
9,650,-193,95,1750,71,-30,46,-19,55,-73,24,-3,11,373158,6,38149,41,0,08,12549,4
9,700,-194,93,1747,05,-30,62,-19,55,-73,22,-3,11,374989,2,38143,28,0,08,12543,3
9,750,-195,91,1743,39,-30,78,-19,54,-73,19,-3,11,375008,5,38137,14,0,08,12537,1
9,800,-196,88,1739,73,-30,93,-19,54,-73,16,-3,11,375901,6,38130,98,0,08,12531,0
9,850,-197,86,1736,08,-31,09,-19,53,-73,14,-3,11,376822,9,38124,81,0,08,12524,8
9,900,-198,84,1732,42,-31,24,-19,53,-73,11,-3,11,377772,6,38118,62,0,08,12518,6
9,950,-199,81,1728,76,-31,40,-19,52,-73,07,-3,11,378035,2,38112,42,0,08,12512,4
10,000,-200,79,1725,11,-31,55,-19,52,-73,04,-3,11,380740,7,38106,20,0,08,12506,2
10,050,-201,76,1721,46,-31,71,-19,51,-73,01,-3,10,380060,0,38099,98,0,08,12500,0
10,100,-202,74,1717,81,-31,86,-19,51,-72,97,-3,10,380796,9,38093,74,0,08,12493,7
10,150,-203,72,1714,16,-32,02,-19,50,-72,94,-3,10,381509,5,38087,48,0,08,12487,5
10,200,-204,69,1710,52,-32,17,-19,50,-72,90,-3,10,382336,3,38081,22,0,08,12481,2
10,250,-205,66,1706,87,-32,33,-19,49,-72,87,-3,10,383057,1,38074,94,0,08,12474,9
10,300,-206,64,1703,23,-32,48,-19,49,-72,83,-3,10,383754,8,38068,65,0,08,12468,7
10,350,-207,61,1699,59,-32,64,-19,48,-72,79,-3,10,384430,2,38062,36,0,08,12462,4
10,400,-208,59,1695,95,-32,79,-19,48,-72,75,-3,10,385083,6,38056,05,0,07,12456,0
10,450,-209,56,1692,32,-32,95,-19,47,-72,71,-3,10,385741,7,38049,72,0,07,12449,7
10,500,-210,53,1688,68,-33,10,-19,47,-72,66,-3,10,386350,9,38043,39,0,07,12443,4
10,550,-211,51,1685,05,-33,26,-19,46,-72,62,-3,10,387049,9,38037,04,0,07,12437,0
10,600,-212,48,1681,42,-33,41,-19,46,-72,58,-3,09,387673,1,38030,69,0,07,12430,7
10,650,-213,45,1677,79,-33,57,-19,45,-72,53,-3,09,388275,9,38024,32,0,07,12424,3
10,700,-214,43,1674,17,-33,72,-19,45,-72,48,-3,09,388885,9,38017,95,0,07,12418,0
10,750,-215,40,1670,54,-33,88,-19,44,-72,44,-3,10,390807,5,38011,56,0,07,12411,6
10,800,-216,37,1666,92,-34,03,-19,44,-72,39,-3,09,390670,4,38005,17,0,07,12405,2
10,850,-217,34,1663,30,-34,19,-19,43,-72,34,-3,09,391223,1,37998,77,0,07,12398,8
10,900,-218,31,1659,69,-34,34,-19,43,-72,29,-3,09,391757,1,37992,36,0,07,12392,4
10,950,-219,28,1656,07,-34,50,-19,42,-72,24,-3,09,391336,2,37985,94,0,07,12385,9
11,000,-220,26,1652,46,-34,65,-19,42,-72,19,-3,09,392743,1,37979,52,0,07,12379,5
11,050,-221,23,1648,86,-34,80,-19,41,-72,14,-3,09,393250,9,37973,08,0,07,12373,1
11,100,-222,20,1645,25,-34,96,-19,41,-72,09,-3,09,393742,5,37966,63,0,06,12366,6
11,150,-223,17,1641,65,-35,11,-19,40,-72,04,-3,08,393624,7,37960,18,0,06,12360,2
11,200,-224,14,1638,05,-35,27,-19,40,-71,98,-3,09,394110,2,37953,72,0,06,12353,7
11,250,-225,11,1634,45,-35,42,-19,39,-71,93,-3,09,394524,4,37947,25,0,06,12347,3
11,300,-226,08,1630,85,-35,58,-19,39,-71,87,-3,09,394978,6,37940,78,0,06,12340,8
11,350,-227,05,1627,26,-35,73,-19,38,-71,82,-3,09,395499,3,37934,30,0,06,12334,3
11,400,-228,01,1623,67,-35,89,-19,38,-71,76,-3,09,396798,3,37927,82,0,06,12327,8
11,450,-228,98,1620,09,-36,04,-19,37,-71,70,-3,09,396264,3,37921,32,0,06,12321,3
11,500,-229,95,1616,50,-36,19,-19,37,-71,65,-3,08,396712,9,37914,82,0,06,12314,8
11,550,-230,92,1612,92,-36,35,-19,36,-71,59,-3,08,397054,0,37908,32,0,06,12308,3
11,600,-231,89,1609,34,-36,50,-19,36,-71,53,-3,08,397447,6,37901,80,0,06,12301,8
11,650,-232,86,1605,77,-36,66,-19,35,-71,47,-3,08,397937,0,37895,28,0,05,12295,3
11,700,-233,82,1602,20,-36,81,-19,35,-71,41,-3,08,398155,5,37888,76,0,05,12288,8
11,750,-234,79,1598,63,-36,96,-19,34,-71,35,-3,08,398527,0,37882,23,0,05,12282,2
11,800,-235,76,1595,06,-37,12,-19,34,-71,29,-3,08,398867,6,37875,69,0,05,12275,7
11,850,-236,72,1591,50,-37,27,-19,33,-71,23,-3,08,399242,1,37869,14,0,05,12269,1
11,900,-237,69,1587,94,-37,43,-19,33,-71,16,-3,08,399576,5,37862,59,0,05,12262,6
11,950,-238,66,1584,38,-37,58,-19,32,-71,10,-3,08,399879,7,37856,04,0,05,12256,0
12,000,-239,62,1580,83,-37,73,-19,32,-71,04,-3,08,400190,8,37849,48,0,05,12249,5
12,050,-240,59,1577,28,-37,89,-19,32,-70,97,-3,08,400518,7,37842,92,0,05,12242,9
12,100,-241,56,1573,73,-38,04,-19,31,-70,91,-3,08,400807,8,37836,35,0,04,12236,4
12,150,-242,52,1570,19,-38,20,-19,31,-70,85,-3,08,401058,2,37829,78,0,04,12229,8
12,200,-243,49,1566,65,-38,35,-19,30,-70,78,-3,08,401353,1,37823,20,0,04,12223,2
12,250,-244,45,1563,11,-38,50,-19,30,-70,71,-3,07,401610,1,37816,62,0,04,12216,6
12,300,-245,42,1559,58,-38,66,-19,29,-70,65,-3,07,401884,4,37810,03,0,04,12210,0
12,350,-246,38,1556,04,-38,81,-19,29,-70,58,-3,07,402148,9,37803,44,0,04,12203,4
12,400,-247,34,1552,52,-38,96,-19,28,-70,52,-3,07,402404,0,37796,84,0,04,12196,9
12,450,-248,31,1548,99,-39,12,-19,28,-70,45,-3,07,402648,7,37790,24,0,04,12190,2
12,500,-249,27,1545,47,-39,27,-19,27,-70,38,-3,07,402884,2,37783,64,0,04,12183,6
12,550,-250,24,1541,95,-39,43,-19,27,-70,31,-3,07,403110,9,37777,03,0,04,12177,0
12,600,-251,20,1538,44,-39,58,-19,26,-70,25,-3,07,403383,8,37770,42,0,04,12170,4
12,650,-252,16,1534,93,-39,73,-19,26,-70,18,-3,07,403592,3,37763,81,0,04,12163,8
12,700,-253,12,1531,42,-39,89,-19,25,-70,11,-3,07,403820,2,37757,19,0,04,12157,2
12,750,-254,09,1527,92,-40,04,-19,25,-70,04,-3,07,404011,7,37750,57,0,04,12150,6
12,800,-255,05,1524,42,-40,19,-19,24,-69,97,-3,07,404194,9,37743,95,0,04,12143,9
12,850,-256,01,1520,92,-40,35,-19,24,-69,90,-3,07,404480,5,37737,31,0,04,12137,3
12,900,-256,97,1517,43,-40,50,-19,24,-69,83,-3,07,404619,9,37730,68,0,04,12130,7
12,950,-257,94,1513,94,-40,65,-19,23,-69,76,-3,06,404806,8,37724,05,0,03,12124,1
13,000,-258,90,1510,45,-40,81,-19,23,-69,69,-3,06,404986,0,37717,41,0,03,12117,4
13,050,-259,86,1506,97,-40,96,-19,22,-69,62,-3,06,405185,4,37710,77,0,03,12110,8
13,100,-260,82,1503,49,-41,11,-19,22,-69,55,-3,06,405349,7,37704,13,0,03,12104,1
13,150,-261,78,1500,02,-41,26,-19,21,-69,47,-3,06,405479,0,37697,48,0,03,12097,5
13,200,-262,74,1496,54,-41,42,-19,21,-69,40,-3,06,405683,7,37690,83,0,03,12090,8
13,250,-263,70,1493,08,-41,57,-19,20,-69,33,-3,06,405826,5,37684,18,0,03,12084,2
13,300,-264,66,1489,61,-41,72,-19,20,-69,26,-3,06,405989,9,37677,52,0,03,12077,5
13,350,-265,62,1486,15,-41,88,-19,19,-69,18,-3,06,406146,8,37670,86,0,03,12070,9
13,400,-266,58,1482,69,-42,03,-19,19,-69,11,-3,06,406241,9,37664,20,0,03,12064,2
13,450,-267,54,1479,24,-42,18,-19,19,-69,04,-3,06,406413,6,37657,54,0,03,12057,5
13,500,-268,50,1475,79,-42,34,-19,18,-68,96,-3,06,406551,3,37650,88,0,03,12050,9
13,550,-269,46,1472,34,-42,49,-19,18,-68,89,-3,06,406655,4,37644,21,0,03,12044,2
13,600,-270,42,1468,90,-42,64,-19,17,-68,82,-3,06,406808,3,37637,54,0,03,12037,5
13,650,-271,37,1465,46,-42,79,-19,17,-68,74,-3,06,406955,7,37630,87,0,03,12030,9
13,700,-272,33,1462,03,-42,95,-19,16,-68,67,-3,06,407069,6,37624,20,0,03,12024,2
13,750,-273,29,1458,59,-43,10,-19,16,-68,59,-3,06,407205,4,37617,53,0,03,12017,5
13,800,-274,25,1455,17,-43,25,-19,15,-68,52,-3,05,407308,4,37610,85,0,03,12010,9
13,850,-275,21,1451,74,-43,41,-19,15,-68,44,-3,05,407405,7,37604,17,0,03,12004,2
13,900,-276,16,1448,32,-43,56,-19,14,-68,37,-3,05,407497,9,37597,49,0,03,11997,5
13,950,-277,12,1444,91,-43,71,-19,14,-68,29,-3,05,407639,8,37590,81,0,03,11990,8
14,000,-278,08,1441,49,-43,86,-19,14,-68,22,-3,05,407694,0,37584,13,0,03,11984,1
14,050,-279,03,1438,08,-44,02,-19,13,-68,14,-3,05,407770,8,37577,44,0,03,11977,4
14,100,-279,99,1434,68,-44,17,-19,13,-68,07,-3,05,407898,0,37570,75,0,03,11970,8
14,150,-280,95,1431,28,-44,32,-19,12,-67,99,-3,05,407965,3,37564,06,0,03,11964,1
14,200,-281,90,1427,88,-44,47,-19,12,-67,91,-3,05,408055,2,37557,37,0,03,11957,4
14,250,-282,86,1424,49,-44,63,-19,11,-67,84,-3,05,408140,5,37550,68,0,03,11950,7
14,300,-283,81,1421,10,-44,78,-19,11,-67,76,-3,05,408221,4,37543,99,0,03,11944,0
14,350,-284,77,1417,71,-44,93,-19,10,-67,68,-3,05,408325,6,37537,30,0,03,11937,3
14,400,-285,72,1414,33,-45,08,-19,10,-67,61,-3,05,408370,2,37530,61,0,03,11930,6
14,450,-286,68,1410,95,-45,24,-19,10,-67,53,-3,05,408410,4,37523,91,0,03,11923,9
14,500,-287,63,1407,57,-45,39,-19,09,-67,45,-3,05,408501,8,37517,21,0,03,11917,2
14,550,-288,59,1404,20,-45,54,-19,09,-67,37,-3,05,408561,7,37510,51,0,03,11910,5
14,600,-289,54,1400,84,-45,69,-19,08,-67,30,-3,05,408645,0,37503,81,0,03,11903,8
14,650,-290,50,1397,47,-45,85,-19,08,-67,22,-3,05,408697,1,37497,11,0,03,11897,1
14,700,-291,45,1394,12,-46,00,-19,07,-67,14,-3,05,408745,2,37490,41,0,03,11890,4
14,750,-292,40,1390,76,-46,15,-19,07,-67,06,-3,05,408817,0,37483,71,0,03,11883,7
14,800,-293,36,1387,41,-46,30,-19,06,-66,98,-3,04,408857,7,37477,02,0,03,11877,0
14,850,-294,31,1384,06,-46,45,-19,06,-66,91,-3,04,408894,9,37470,32,0,03,11870,3
14,900,-295,26,1380,72,-46,61,-19,06,-66,83,-3,04,408983,9,37463,61,0,03,11863,6
14,950,-296,22,1377,38,-46,76,-19,05,-66,75,-3,04,409013,9,37456,90,0,03,11856,9
15,000,-297,17,1374,04,-46,91,-19,05,-66,67,-3,04,409040,9,37450,20,0,03,11850,2
15,050,-298,12,1370,71,-47,06,-19,04,-66,59,-3,04,409092,4,37443,48,0,03,11843,5
15,100,-299,07,1367,39,-47,22,-19,04,-66,51,-3,04,409112,8,37436,77,0,03,11836,8
15,150,-300,03,1364,06,-47,37,-19,03,-66,43,-3,04,409130,2,37430,07,0,03,11830,1
15,200,-300,98,1360,74,-47,52,-19,03,-66,35,-3,04,409171,8,37423,36,0,03,11823,4
15,250,-301,93,1357,43,-47,67,-19,03,-66,28,-3,04,409238,2,37416,65,0,03,11816,7
15,300,-302,88,1354,11,-47,82,-19,02,-66,20,-3,04,409219,1,37409,94,0,03,11809,9
15,350,-303,83,1350,81,-47,98,-19,02,-66,12,-3,04,409252,2,37403,23,0,03,11803,2
15,400,-304,78,1347,50,-48,13,-19,01,-66,04,-3,04,409337,5,37396,52,0,03,11796,5
15,450,-305,73,1344,20,-48,28,-19,01,-65,96,-3,04,409365,4,37389,81,0,03,11789,8
15,500,-306,68,1340,91,-48,43,-19,01,-65,88,-3,04,409335,3,37383,10,0,03,11783,1
15,550,-307,63,1337,62,-48,58,-19,00,-65,80,-3,04,409357,9,37376,39,0,02,11776,4
15,600,-308,58,1334,33,-48,74,-19,00,-65,72,-3,04,409405,4,37369,69,0,02,11769,7
15,650,-309,53,1331,04,-48,89,-18,99,-65,64,-3,04,409422,8,37362,98,0,02,11763,0
15,700,-310,48,1327,76,-49,04,-18,99,-65,56,-3,04,409382,5,37356,27,0,02,11756,3
15,750,-311,43,1324,49,-49,19,-18,98,-65,48,-3,04,409450,4,37349,56,0,02,11749,6
15,800,-312,38,1321,22,-49,34,-18,98,-65,40,-3,04,409432,7,37342,85,0,03,11742,9
15,850,-313,33,1317,95,-49,50,-18,98,-65,32,-3,04,409495,9,37336,14,0,02,11736,1
15,900,-314,28,1314,68,-49,65,-18,97,-65,24,-3,04,409501,7,37329,43,0,02,11729,4
15,950,-315,23,1311,42,-49,80,-18,97,-65,16,-3,04,409477,5,37322,72,0,02,11722,7
16,000,-316,17,1308,17,-49,95,-18,96,-65,08,-3,04,409451,0,37316,02,0,03,11716,0
16,050,-317,12,1304,92,-50,10,-18,96,-65,00,-3,03,409505,5,37309,30,0,02,11709,3
16,100,-318,07,1301,67,-50,25,-18,96,-64,92,-3,03,409588,3,37302,59,0,02,11702,6
16,150,-319,02,1298,42,-50,41,-18,95,-64,84,-3,03,409477,9,37295,88,0,02,11695,9
16,200,-319,97,1295,18,-50,56,-18,95,-64,76,-3,03,409613,2,37289,16,0,02,11689,2
16,250,-320,91,1291,95,-50,71,-18,94,-64,68,-3,03,409525,9,37282,45,0,02,11682,5
16,300,-321,86,1288,72,-50,86,-18,94,-64,59,-3,03,409546,6,37275,73,0,02,11675,7
16,350,-322,81,1285,49,-51,01,-18,94,-64,51,-3,03,409508,8,37269,02,0,02,11669,0
16,400,-323,75,1282,27,-51,16,-18,93,-64,43,-3,03,409607,2,37262,31,0,02,11662,3
16,450,-324,70,1279,05,-51,32,-18,93,-64,35,-3,03,409524,9,37255,60,0,02,11655,6
16,500,-325,65,1275,83,-51,47,-18,92,-64,27,-3,03,409453,7,37248,88,0,02,11648,9
16,550,-326,59,1272,62,-51,62,-18,92,-64,19,-3,03,409435,8,37242,17,0,02,11642,2
16,600,-327,54,1269,41,-51,77,-18,92,-64,11,-3,03,409471,4,37235,46,0,02,11635,5
16,650,-328,48,1266,21,-51,92,-18,91,-64,03,-3,03,409422,5,37228,75,0,02,11628,8
16,700,-329,43,1263,01,-52,07,-18,91,-63,95,-3,03,409427,4,37222,04,0,02,11622,0
16,750,-330,38,1259,81,-52,22,-18,90,-63,87,-3,03,409389,2,37215,33,0,02,11615,3
16,800,-331,32,1256,62,-52,38,-18,90,-63,79,-3,03,409473,7,37208,62,0,02,11608,6
16,850,-332,27,1253,44,-52,53,-18,90,-63,70,-3,03,409514,6,37201,91,0,02,11601,9
16,900,-333,21,1250,25,-52,68,-18,89,-63,62,-3,03,409388,5,37195,20,0,02,11595,2
16,950,-334,15,1247,07,-52,83,-18,89,-63,54,-3,03,409386,0,37188,49,0,02,11588,5
17,000,-335,10,1243,90,-52,98,-18,88,-63,46,-3,03,409340,8,37181,78,0,02,11581,8
17,050,-336,04,1240,73,-53,13,-18,88,-63,38,-3,03,409404,7,37175,07,0,02,11575,1
17,100,-336,99,1237,56,-53,28,-18,88,-63,30,-3,03,409313,9,37168,36,0,02,11568,4
17,150,-337,93,1234,40,-53,44,-18,87,-63,22,-3,03,409306,0,37161,65,0,02,11561,7
17,200,-338,87,1231,24,-53,59,-18,87,-63,13,-3,03,409255,8,37154,95,0,02,11554,9
17,250,-339,82,1228,08,-53,74,-18,86,-63,05,-3,03,409354,9,37148,23,0,02,11548,2
17,300,-340,76,1224,93,-53,89,-18,86,-62,97,-3,03,409232,4,37141,52,0,02,11541,5
17,350,-341,70,1221,79,-54,04,-18,86,-62,89,-3,03,409219,5,37134,82,0,02,11534,8
17,400,-342,65,1218,64,-54,19,-18,85,-62,81,-3,02,409164,2,37128,11,0,02,11528,1
17,450,-343,59,1215,51,-54,34,-18,85,-62,73,-3,02,409231,6,37121,40,0,02,11521,4
17,500,-344,53,1212,37,-54,50,-18,85,-62,65,-3,02,409159,1,37114,69,0,00,11514,7
17,550,-345,47,1209,24,-54,65,-18,84,-62,56,-3,02,409156,1,37107,98,0,02,11508,0
17,600,-346,42,1206,12,-54,80,-18,84,-62,48,-3,02,409138,2,37101,27,0,02,11501,3
17,650,-347,36,1202,99,-54,95,-18,83,-62,40,-3,02,409036,4,37094,56,0,00,11494,6
17,700,-348,30,1199,88,-55,10,-18,83,-62,32,-3,02,409085,4,37087,85,0,00,11487,9
17,750,-349,24,1196,76,-55,25,-18,83,-62,24,-3,02,409037,1,37081,14,0,00,11481,1
17,800,-350,18,1193,65,-55,40,-18,82,-62,16,-3,02,408959,9,37074,44,0,02,11474,4
17,850,-351,12,1190,55,-55,55,-18,82,-62,07,-3,02,408992,4,37067,73,0,02,11467,7
17,900,-352,06,1187,44,-55,70,-18,82,-61,99,-3,02,408968,9,37061,02,0,02,11461,0
17,950,-353,00,1184,35,-55,85,-18,81,-61,91,-3,02,408902,6,37054,31,0,00,11454,3
18,000,-353,94,1181,25,-56,01,-18,81,-61,83,-3,02,408891,1,37047,61,0,00,11447,6
18,050,-354,88,1178,16,-56,16,-18,80,-61,75,-3,02,408850,9,37040,91,0,02,11440,9
18,100,-355,83,1175,08,-56,31,-18,80,-61,67,-3,02,408824,0,37034,21,0,00,11434,2
18,150,-356,76,1172,00,-56,46,-18,79,-61,58,-3,02,408809,6,37027,52,0,00,11427,5
18,200,-357,70,1168,92,-56,61,-18,79,-61,50,-3,02,408780,9,37020,82,0,02,11420,8
18,250,-358,64,1165,85,-56,76,-18,79,-61,42,-3,02,408737,6,37014,12,0,00,11414,1
18,300,-359,58,1162,78,-56,91,-18,78,-61,34,-3,02,408693,9,37007,42,0,02,11407,4
18,350,-360,52,1159,71,-57,06,-18,78,-61,26,-3,02,408662,9,37000,72,0,02,11400,7
18,400,-361,46,1156,65,-57,21,-18,78,-61,17,-3,02,408603,6,36994,02,0,00,11394,0
18,450,-362,40,1153,60,-57,36,-18,77,-61,09,-3,01,408584,9,36987,32,0,02,11387,3
18,500,-363,34,1150,54,-57,51,-18,77,-61,01,-3,01,408552,3,36980,62,0,00,11380,6
18,550,-364,28,1147,49,-57,66,-18,76,-60,93,-3,01,408504,7,36973,92,0,00,11373,9
18,600,-365,21,1144,45,-57,82,-18,76,-60,85,-3,01,408456,3,36967,22,0,02,11367,2
18,650,-366,15,1141,41,-57,97,-18,76,-60,77,-3,01,408421,3,36960,52,0,00,11360,5
18,700,-367,09,1138,37,-58,12,-18,75,-60,68,-3,01,408399,4,36953,82,0,00,11353,8
18,750,-368,03,1135,34,-58,27,-18,75,-60,60,-3,01,408307,9,36947,13,0,02,11347,1
18,800,-368,97,1132,31,-58,42,-18,74,-60,52,-3,01,408312,6,36940,43,0,02,11340,4
18,850,-369,90,1129,29,-58,57,-18,74,-60,44,-3,01,408289,3,36933,74,0,00,11333,7
18,900,-370,84,1126,27,-58,72,-18,74,-60,36,-3,01,408237,6,36927,05,0,00,11327,1
18,950,-371,78,1123,25,-58,87,-18,73,-60,27,-3,01,408199,6,36920,36,0,00,11320,4
19,000,-372,71,1120,24,-59,02,-18,73,-60,19,-3,01,408161,0,36913,67,0,02,11313,7
19,050,-373,65,1117,23,-59,17,-18,73,-60,11,-3,01,408107,8,36906,98,0,02,11307,0
19,100,-374,59,1114,23,-59,32,-18,72,-60,03,-3,01,408068,1,36900,29,0,02,11300,3
19,150,-375,52,1111,23,-59,47,-18,72,-59,95,-3,01,408055,6,36893,61,0,02,11293,6
19,200,-376,46,1108,24,-59,62,-18,71,-59,86,-3,01,408015,0,36886,91,0,02,11286,9
19,250,-377,39,1105,25,-59,77,-18,71,-59,78,-3,01,407932,7,36880,23,0,02,11280,2
19,300,-378,33,1102,26,-59,92,-18,71,-59,70,-3,01,407904,9,36873,54,0,02,11273,5
19,350,-379,26,1099,28,-60,07,-18,70,-59,62,-3,01,407793,5,36866,85,0,00,11266,9
19,400,-380,20,1096,30,-60,22,-18,70,-59,54,-3,01,407806,0,36860,16,0,00,11260,2
19,450,-381,13,1093,32,-60,37,-18,69,-59,45,-3,01,407777,0,36853,47,0,00,11253,5
19,500,-382,07,1090,35,-60,52,-18,69,-59,37,-3,01,407719,8,36846,78,0,00,11246,8
19,550,-383,00,1087,38,-60,67,-18,69,-59,29,-3,00,407689,8,36840,10,0,02,11240,1
19,600,-383,94,1084,42,-60,82,-18,68,-59,21,-3,00,407646,0,36833,42,0,02,11233,4
19,650,-384,87,1081,46,-60,97,-18,68,-59,13,-3,00,407573,8,36826,74,0,00,11226,7
19,700,-385,80,1078,51,-61,12,-18,68,-59,04,-3,00,407543,1,36820,06,0,02,11220,1
19,750,-386,74,1075,56,-61,28,-18,67,-58,96,-3,00,407525,3,36813,38,0,02,11213,4
19,800,-387,67,1072,61,-61,43,-18,67,-58,88,-3,00,407479,8,36806,70,0,00,11206,7
19,850,-388,60,1069,67,-61,58,-18,66,-58,80,-3,00,407420,2,36800,02,0,02,11200,0
19,900,-389,54,1066,73,-61,73,-18,66,-58,72,-3,00,407319,1,36793,34,0,00,11193,3
19,950,-390,47,1063,80,-61,88,-18,66,-58,64,-3,00,407328,1,36786,66,0,02,11186,7
20,000,-391,40,1060,87,-62,03,-18,65,-58,55,-3,00,407225,9,36779,98,0,00,11180,0
20,050,-392,34,1057,94,-62,18,-18,65,-58,47,-3,00,407234,4,36773,30,0,02,11173,3
20,100,-393,27,1055,02,-62,33,-18,64,-58,39,-3,00,407131,3,36766,63,0,00,11166,6
20,150,-394,20,1052,11,-62,48,-18,64,-58,31,-3,00,407180,1,36759,95,0,02,11160,0
20,200,-395,13,1049,19,-62,63,-18,64,-58,23,-3,00,407077,1,36753,28,0,00,11153,3
20,250,-396,06,1046,28,-62,78,-18,63,-58,14,-3,00,407056,3,36746,61,0,02,11146,6
20,300,-396,99,1043,38,-62,93,-18,63,-58,06,-3,00,406994,3,36739,94,0,00,11139,9
20,350,-397,93,1040,48,-63,08,-18,63,-57,98,-3,00,406945,8,36733,27,0,00,11133,3
20,400,-398,86,1037,58,-63,22,-18,62,-57,90,-3,00,406951,7,36726,60,0,02,11126,6
20,450,-399,79,1034,69,-63,37,-18,62,-57,82,-3,00,406847,5,36719,93,0,00,11119,9
20,500,-400,72,1031,80,-63,52,-18,61,-57,73,-2,99,406825,8,36713,26,0,00,11113,3
20,550,-401,65,1028,91,-63,67,-18,61,-57,65,-2,99,406762,6,36706,59,0,02,11106,6
20,600,-402,58,1026,03,-63,82,-18,61,-57,57,-2,99,406726,6,36699,92,0,00,11099,9
20,650,-403,51,1023,16,-63,97,-18,60,-57,49,-2,99,406690,4,36693,25,0,02,11093,3
20,700,-404,44,1020,28,-64,12,-18,60,-57,41,-2,99,406626,8,36686,58,0,00,11086,6
20,750,-405,37,1017,42,-64,27,-18,59,-57,33,-2,99,406590,3,36679,91,0,02,11079,9
20,800,-406,30,1014,55,-64,42,-18,59,-57,24,-2,99,406512,3,36673,24,0,00,11073,2
20,850,-407,23,1011,69,-64,57,-18,59,-57,16,-2,99,406406,6,36666,58,0,00,11066,6
20,900,-408,16,1008,84,-64,72,-18,58,-57,08,-2,99,406438,6,36659,92,0,00,11059,9
20,949,-409,09,1005,98,-64,87,-18,58,-57,00,-2,99,406429,0,36653,26,0,02,11053,3
20,999,-410,02,1003,14,-65,02,-18,58,-56,92,-2,99,406363,9,36646,60,0,02,11046,6
21,049,-410,95,1000,29,-65,17,-18,57,-56,83,-2,99,406298,8,36639,94,0,00,11039,9
21,099,-411,87,997,45,-65,32,-18,57,-56,75,-2,99,406247,3,36633,28,0,00,11033,3
21,149,-412,80,994,62,-65,47,-18,56,-56,67,-2,99,406126,3,36626,62,0,00,11026,6
21,199,-413,73,991,78,-65,62,-18,56,-56,59,-2,99,406129,7,36619,96,0,02,11020,0
21,249,-414,66,988,96,-65,77,-18,56,-56,51,-2,99,406105,1,36613,30,0,00,11013,3
21,299,-415,59,986,13,-65,92,-18,55,-56,43,-2,99,406011,2,36606,64,0,02,11006,6
21,349,-416,51,983,31,-66,07,-18,55,-56,34,-2,99,406027,6,36599,98,0,00,11000,0
21,399,-417,44,980,50,-66,22,-18,55,-56,26,-2,98,405920,2,36593,33,0,02,10993,3
21,449,-418,37,977,69,-66,36,-18,54,-56,18,-2,98,405839,6,36586,68,0,00,10986,7
21,499,-419,29,974,88,-66,51,-18,54,-56,10,-2,98,405869,7,36580,03,0,00,10980,0
21,549,-420,22,972,08,-66,66,-18,53,-56,02,-2,98,405830,5,36573,38,0,00,10973,4
21,599,-421,15,969,28,-66,81,-18,53,-55,93,-2,98,405722,5,36566,73,0,02,10966,7
21,649,-422,07,966,49,-66,96,-18,53,-55,85,-2,98,405696,8,36560,08,0,02,10960,1
21,699,-423,00,963,69,-67,11,-18,52,-55,77,-2,98,405615,9,36553,43,0,02,10953,4
21,749,-423,93,960,91,-67,26,-18,52,-55,69,-2,98,405590,2,36546,78,0,02,10946,8
21,799,-424,85,958,13,-67,41,-18,52,-55,61,-2,98,405522,9,36540,13,0,02,10940,1
21,849,-425,78,955,35,-67,56,-18,51,-55,53,-2,98,405469,4,36533,48,0,00,10933,5
21,899,-426,70,952,57,-67,71,-18,51,-55,44,-2,98,405456,9,36526,83,0,00,10926,8
21,949,-427,63,949,80,-67,86,-18,50,-55,36,-2,98,405417,0,36520,18,0,00,10920,2
21,999,-428,55,947,04,-68,00,-18,50,-55,28,-2,98,405308,0,36513,54,0,00,10913,5
22,049,-429,48,944,27,-68,15,-18,50,-55,20,-2,98,405226,9,36506,89,0,02,10906,9
22,099,-430,40,941,52,-68,30,-18,49,-55,12,-2,98,405255,6,36500,25,0,00,10900,3
22,149,-431,33,938,76,-68,45,-18,49,-55,04,-2,98,405146,6,36493,61,0,00,10893,6
22,199,-432,25,936,01,-68,60,-18,49,-54,95,-2,98,405120,4,36486,97,0,00,10887,0
22,249,-433,18,933,27,-68,75,-18,48,-54,87,-2,98,405107,7,36480,33,0,00,10880,3
22,299,-434,10,930,53,-68,90,-18,48,-54,79,-2,97,404984,8,36473,69,0,02,10873,7
22,349,-435,02,927,79,-69,05,-18,47,-54,71,-2,97,404930,2,36467,05,0,00,10867,1
22,399,-435,95,925,05,-69,19,-18,47,-54,63,-2,97,404903,9,36460,41,0,00,10860,4
22,449,-436,87,922,33,-69,34,-18,47,-54,55,-2,97,404849,3,36453,77,0,00,10853,8
22,499,-437,80,919,60,-69,49,-18,46,-54,47,-2,97,404836,5,36447,13,0,00,10847,1
22,549,-438,72,916,88,-69,64,-18,46,-54,38,-2,97,404727,1,36440,49,0,00,10840,5
22,599,-439,64,914,16,-69,79,-18,46,-54,30,-2,97,404686,4,36433,86,0,00,10833,9
22,649,-440,56,911,45,-69,94,-18,45,-54,22,-2,97,404687,5,36427,23,0,00,10827,2
22,699,-441,49,908,74,-70,09,-18,45,-54,14,-2,97,404605,8,36420,60,0,00,10820,6
22,749,-442,41,906,04,-70,23,-18,45,-54,06,-2,97,404523,7,36413,97,0,00,10814,0
22,799,-443,33,903,33,-70,38,-18,44,-53,98,-2,97,404496,8,36407,34,0,02,10807,3
22,849,-444,25,900,64,-70,53,-18,44,-53,89,-2,97,404414,8,36400,71,0,00,10800,7
22,899,-445,18,897,94,-70,68,-18,43,-53,81,-2,97,404374,0,36394,07,0,00,10794,1
22,949,-446,10,895,26,-70,83,-18,43,-53,73,-2,97,404375,0,36387,45,0,00,10787,4
22,999,-447,02,892,57,-70,98,-18,43,-53,65,-2,97,404334,3,36380,81,0,00,10780,8
23,049,-447,94,889,89,-71,13,-18,42,-53,57,-2,97,404279,9,36374,18,0,00,10774,2
23,099,-448,86,887,21,-71,27,-18,42,-53,49,-2,97,404225,4,36367,55,0,00,10767,6
23,149,-449,78,884,54,-71,42,-18,42,-53,41,-2,97,404171,0,36360,93,0,00,10760,9
23,199,-450,70,881,87,-71,57,-18,41,-53,32,-2,96,404116,7,36354,30,0,00,10754,3
23,249,-451,62,879,21,-71,72,-18,41,-53,24,-2,96,404062,3,36347,68,0,00,10747,7
23,299,-452,54,876,55,-71,87,-18,41,-53,16,-2,96,403966,3,36341,06,0,00,10741,1
23,349,-453,46,873,89,-72,01,-18,40,-53,08,-2,96,403898,2,36334,44,0,00,10734,4
23,399,-454,38,871,24,-72,16,-18,40,-53,00,-2,96,403871,5,36327,82,0,02,10727,8
23,449,-455,30,868,59,-72,31,-18,40,-52,92,-2,96,403789,6,36321,20,0,00,10721,2
23,499,-456,22,865,95,-72,46,-18,39,-52,84,-2,96,403790,5,36314,58,0,00,10714,6
23,549,-457,14,863,31,-72,61,-18,39,-52,75,-2,96,403763,6,36307,96,0,00,10708,0
23,599,-458,06,860,67,-72,76,-18,38,-52,67,-2,96,403653,9,36301,34,0,00,10701,3
23,649,-458,98,858,04,-72,90,-18,38,-52,59,-2,96,403613,5,36294,71,0,02,10694,7
23,699,-459,90,855,42,-73,05,-18,38,-52,51,-2,96,403532,0,36288,10,0,00,10688,1
23,749,-460,82,852,79,-73,20,-18,37,-52,43,-2,96,403560,1,36281,48,0,00,10681,5
23,799,-461,74,850,17,-73,35,-18,37,-52,35,-2,96,403450,5,36274,88,0,02,10674,9
23,849,-462,66,847,56,-73,49,-18,37,-52,27,-2,96,403382,8,36268,26,0,00,10668,3
23,899,-463,57,844,95,-73,64,-18,36,-52,18,-2,96,403411,2,36261,65,0,00,10661,7
23,949,-464,49,842,34,-73,79,-18,36,-52,10,-2,96,403301,6,36255,04,0,00,10655,0
23,999,-465,41,839,74,-73,94,-18,36,-52,02,-2,96,403275,3,36248,43,0,00,10648,4
24,049,-466,33,837,14,-74,09,-18,35,-51,94,-2,96,403207,0,36241,82,0,00,10641,8
24,099,-467,25,834,54,-74,23,-18,35,-51,86,-2,96,403125,7,36235,20,0,00,10635,2
24,149,-468,16,831,95,-74,38,-18,35,-51,78,-2,96,403098,7,36228,59,0,00,10628,6
24,199,-469,08,829,36,-74,53,-18,34,-51,70,-2,95,403058,8,36221,98,0,00,10622,0
24,249,-470,00,826,78,-74,68,-18,34,-51,62,-2,95,402976,6,36215,37,0,00,10615,4
24,299,-470,91,824,20,-74,82,-18,34,-51,53,-2,95,402923,1,36208,77,0,00,10608,8
24,349,-471,83,821,63,-74,97,-18,33,-51,45,-2,95,402896,3,36202,16,0,00,10602,2
24,399,-472,75,819,06,-75,12,-18,33,-51,37,-2,95,402828,7,36195,56,0,00,10595,6
24,449,-473,66,816,49,-75,27,-18,33,-51,29,-2,95,402774,4,36188,96,0,02,10589,0
24,499,-474,58,813,93,-75,42,-18,32,-51,21,-2,95,402762,3,36182,36,0,00,10582,4
24,549,-475,50,811,37,-75,56,-18,32,-51,13,-2,95,402680,4,36175,76,0,00,10575,8
24,599,-476,41,808,82,-75,71,-18,31,-51,05,-2,95,402695,5,36169,16,0,00,10569,2
24,649,-477,33,806,27,-75,86,-18,31,-50,97,-2,95,402559,0,36162,55,0,00,10562,6
24,699,-478,24,803,72,-76,01,-18,31,-50,88,-2,95,402532,3,36155,95,0,02,10556,0
24,749,-479,16,801,18,-76,15,-18,30,-50,80,-2,95,402547,6,36149,35,0,00,10549,4
24,799,-480,07,798,64,-76,30,-18,30,-50,72,-2,95,402438,8,36142,75,0,00,10542,8
24,849,-480,99,796,10,-76,45,-18,30,-50,64,-2,95,402384,9,36136,15,0,00,10536,2
24,899,-481,90,793,57,-76,59,-18,29,-50,56,-2,95,402331,1,36129,55,0,00,10529,6
24,949,-482,82,791,05,-76,74,-18,29,-50,48,-2,95,402264,1,36122,96,0,00,10523,0
24,999,-483,73,788,53,-76,89,-18,29,-50,40,-2,95,402210,3,36116,38,0,00,10516,4
25,049,-484,65,786,01,-77,04,-18,28,-50,32,-2,95,402170,5,36109,78,0,00,10509,8
25,099,-485,56,783,49,-77,18,-18,28,-50,24,-2,95,402130,6,36103,19,0,00,10503,2
25,149,-486,47,780,98,-77,33,-18,28,-50,15,-2,94,402091,6,36096,60,0,00,10496,6
25,199,-487,39,778,48,-77,48,-18,27,-50,07,-2,94,402037,9,36090,01,0,00,10490,0
25,249,-488,30,775,98,-77,63,-18,27,-49,99,-2,94,401956,5,36083,41,0,00,10483,4
25,299,-489,22,773,48,-77,77,-18,27,-49,91,-2,94,401916,8,36076,82,0,00,10476,8
25,349,-490,13,770,99,-77,92,-18,26,-49,83,-2,94,401863,2,36070,23,0,00,10470,2
25,399,-491,04,768,50,-78,07,-18,26,-49,75,-2,94,401878,9,36063,64,0,00,10463,6
25,449,-491,95,766,01,-78,21,-18,26,-49,67,-2,94,401798,1,36057,05,0,00,10457,1
25,499,-492,87,763,53,-78,36,-18,25,-49,59,-2,94,401717,2,36050,47,0,00,10450,5
25,549,-493,78,761,05,-78,51,-18,25,-49,51,-2,94,401650,0,36043,88,0,00,10443,9
25,599,-494,69,758,58,-78,66,-18,25,-49,43,-2,94,401596,8,36037,30,0,00,10437,3
25,649,-495,60,756,11,-78,80,-18,24,-49,34,-2,94,401571,3,36030,72,0,00,10430,7
25,699,-496,52,753,64,-78,95,-18,24,-49,26,-2,94,401518,2,36024,14,0,00,10424,1
25,749,-497,43,751,18,-79,10,-18,24,-49,18,-2,94,401437,4,36017,55,0,00,10417,6
25,799,-498,34,748,73,-79,24,-18,23,-49,10,-2,94,401411,9,36010,98,0,00,10411,0
25,849,-499,25,746,27,-79,39,-18,23,-49,02,-2,94,401331,1,36004,39,0,02,10404,4
25,899,-500,16,743,82,-79,54,-18,23,-48,94,-2,94,401305,8,35997,81,0,02,10397,8
25,949,-501,07,741,38,-79,68,-18,22,-48,86,-2,94,401266,5,35991,23,0,02,10391,2
25,999,-501,99,738,94,-79,83,-18,22,-48,78,-2,94,401186,0,35984,65,0,02,10384,7
26,049,-502,90,736,50,-79,98,-18,22,-48,70,-2,94,401132,8,35978,07,0,02,10378,1
26,099,-503,81,734,07,-80,12,-18,21,-48,62,-2,93,401093,9,35971,50,0,00,10371,5
26,149,-504,72,731,64,-80,27,-18,21,-48,53,-2,93,401068,8,35964,93,0,00,10364,9
26,199,-505,63,729,22,-80,42,-18,21,-48,45,-2,93,400988,5,35958,35,0,00,10358,4
26,249,-506,54,726,80,-80,56,-18,20,-48,37,-2,93,400949,7,35951,78,0,00,10351,8
26,299,-507,45,724,38,-80,71,-18,20,-48,29,-2,93,400910,8,35945,21,0,00,10345,2
26,349,-508,36,721,97,-80,86,-18,20,-48,21,-2,93,400844,2,35938,64,0,00,10338,6
26,399,-509,27,719,56,-81,00,-18,19,-48,13,-2,93,400805,5,35932,06,0,00,10332,1
26,449,-510,18,717,15,-81,15,-18,19,-48,05,-2,93,400766,4,35925,49,0,00,10325,5
26,499,-511,09,714,75,-81,30,-18,19,-47,97,-2,93,400713,9,35918,92,0,00,10318,9
26,549,-512,00,712,36,-81,44,-18,18,-47,89,-2,93,400716,2,35912,35,0,00,10312,4
26,599,-512,91,709,96,-81,59,-18,18,-47,81,-2,93,400594,6,35905,78,0,00,10305,8
26,649,-513,81,707,58,-81,74,-18,18,-47,72,-2,93,400569,7,35899,21,0,00,10299,2
26,699,-514,72,705,19,-81,88,-18,17,-47,64,-2,93,400503,8,35892,65,0,00,10292,7
26,749,-515,63,702,81,-82,03,-18,17,-47,56,-2,93,400451,4,35886,09,0,00,10286,1
26,799,-516,54,700,44,-82,18,-18,17,-47,48,-2,93,400426,9,35879,52,0,00,10279,5
26,849,-517,45,698,06,-82,32,-18,16,-47,40,-2,93,400360,7,35872,96,0,00,10273,0
26,898,-518,36,695,70,-82,47,-18,16,-47,32,-2,93,400308,0,35866,40,0,00,10266,4
26,948,-519,26,693,33,-82,62,-18,16,-47,24,-2,93,400228,1,35859,84,0,00,10259,8
26,998,-520,17,690,97,-82,76,-18,15,-47,16,-2,93,400189,9,35853,27,0,00,10253,3
27,048,-521,08,688,62,-82,91,-18,15,-47,08,-2,93,400151,6,35846,71,0,00,10246,7
27,098,-521,99,686,26,-83,05,-18,15,-47,00,-2,93,400113,3,35840,15,0,00,10240,2
27,148,-522,89,683,92,-83,20,-18,14,-46,92,-2,93,400047,0,35833,59,0,02,10233,6
27,198,-523,80,681,57,-83,35,-18,14,-46,84,-2,92,399994,8,35827,02,0,00,10227,0
27,248,-524,71,679,23,-83,49,-18,14,-46,75,-2,92,399943,0,35820,47,0,00,10220,5
27,298,-525,62,676,90,-83,64,-18,13,-46,67,-2,92,399918,5,35813,92,0,00,10213,9
27,348,-526,52,674,56,-83,79,-18,13,-46,59,-2,92,399824,9,35807,37,0,00,10207,4
27,398,-527,43,672,24,-83,93,-18,13,-46,51,-2,92,399772,9,35800,81,0,00,10200,8
27,448,-528,34,669,91,-84,08,-18,13,-46,43,-2,92,399734,9,35794,26,0,00,10194,3
27,498,-529,24,667,59,-84,22,-18,12,-46,35,-2,92,399751,8,35787,71,0,00,10187,7
27,548,-530,15,665,28,-84,37,-18,12,-46,27,-2,92,399644,5,35781,16,0,00,10181,2
27,598,-531,05,662,97,-84,52,-18,12,-46,19,-2,92,399593,0,35774,60,0,00,10174,6
27,648,-531,96,660,66,-84,66,-18,11,-46,11,-2,92,399541,3,35768,05,0,00,10168,1
27,698,-532,86,658,36,-84,81,-18,11,-46,03,-2,92,399502,8,35761,50,0,00,10161,5
27,748,-533,77,656,06,-84,95,-18,11,-45,95,-2,92,399437,4,35754,95,0,00,10154,9
27,798,-534,67,653,76,-85,10,-18,10,-45,87,-2,92,399413,1,35748,39,0,00,10148,4
27,848,-535,58,651,47,-85,25,-18,10,-45,78,-2,92,399347,3,35741,85,0,00,10141,9
27,898,-536,49,649,18,-85,39,-18,10,-45,70,-2,92,399281,9,35735,30,0,00,10135,3
27,948,-537,39,646,90,-85,54,-18,09,-45,62,-2,92,399285,1,35728,76,0,00,10128,8
27,998,-538,29,644,62,-85,68,-18,09,-45,54,-2,92,399164,6,35722,22,0,00,10122,2
28,048,-539,20,642,35,-85,83,-18,09,-45,46,-2,92,399154,6,35715,68,0,00,10115,7
28,098,-540,10,640,07,-85,98,-18,08,-45,38,-2,92,399102,5,35709,13,0,00,10109,1
28,148,-541,01,637,81,-86,12,-18,08,-45,30,-2,92,399037,3,35702,59,0,00,10102,6
28,198,-541,91,635,54,-86,27,-18,08,-45,22,-2,92,398985,9,35696,05,0,00,10096,1
28,248,-542,81,633,29,-86,41,-18,07,-45,14,-2,92,398934,0,35689,50,0,00,10089,5
28,298,-543,72,631,03,-86,56,-18,07,-45,06,-2,91,398896,3,35682,96,0,00,10083,0
28,348,-544,62,628,78,-86,70,-18,07,-44,98,-2,92,398844,4,35676,42,0,00,10076,4
28,398,-545,53,626,53,-86,85,-18,07,-44,90,-2,91,398779,5,35669,88,0,00,10069,9
28,448,-546,43,624,29,-87,00,-18,06,-44,82,-2,91,398756,0,35663,34,0,00,10063,4
28,498,-547,33,622,05,-87,14,-18,06,-44,74,-2,91,398676,5,35656,81,0,00,10056,8
28,548,-548,23,619,82,-87,29,-18,06,-44,65,-2,91,398639,3,35650,28,0,00,10050,3
28,598,-549,14,617,59,-87,43,-18,05,-44,57,-2,91,398587,4,35643,75,0,00,10043,8
28,648,-550,04,615,36,-87,58,-18,05,-44,49,-2,91,398536,3,35637,21,0,00,10037,2
28,698,-550,94,613,14,-87,72,-18,05,-44,41,-2,91,398498,3,35630,68,0,00,10030,7
28,748,-551,84,610,92,-87,87,-18,04,-44,33,-2,91,398447,3,35624,15,0,00,10024,2
28,798,-552,75,608,70,-88,01,-18,04,-44,25,-2,91,398381,8,35617,61,0,02,10017,6
28,848,-553,65,606,49,-88,16,-18,04,-44,17,-2,91,398330,8,35611,08,0,00,10011,1
28,898,-554,55,604,29,-88,31,-18,03,-44,09,-2,91,398292,8,35604,55,0,00,10004,6
28,948,-555,45,602,08,-88,45,-18,03,-44,01,-2,91,398241,9,35598,02,0,00,9998,0
28,998,-556,35,599,89,-88,60,-18,03,-43,93,-2,91,398245,9,35591,48,0,00,9991,5
29,048,-557,25,597,69,-88,74,-18,03,-43,85,-2,91,398125,7,35584,96,0,00,9985,0
29,098,-558,16,595,50,-88,89,-18,02,-43,77,-2,91,398087,9,35578,44,0,00,9978,4
29,148,-559,06,593,31,-89,03,-18,02,-43,69,-2,91,398050,9,35571,91,0,00,9971,9
29,198,-559,96,591,13,-89,18,-18,02,-43,61,-2,91,397985,6,35565,39,0,00,9965,4
29,248,-560,86,588,95,-89,32,-18,01,-43,53,-2,91,397962,3,35558,87,0,00,9958,9
29,298,-561,76,586,78,-89,47,-18,01,-43,44,-2,91,397897,1,35552,34,0,02,9952,3
29,348,-562,66,584,61,-89,61,-18,01,-43,36,-2,91,397832,5,35545,82,0,00,9945,8
29,398,-563,56,582,44,-89,76,-18,00,-43,28,-2,91,397794,8,35539,30,0,00,9939,3
29,448,-564,46,580,28,-89,91,-18,00,-43,20,-2,91,397743,8,35532,77,0,00,9932,8
29,498,-565,36,578,12,-90,05,-18,00,-43,12,-2,91,397706,2,35526,25,0,00,9926,2
29,548,-566,26,575,97,-90,20,-17,99,-43,04,-2,90,397627,9,35519,73,0,00,9919,7
29,598,-567,16,573,82,-90,34,-17,99,-42,96,-2,90,397576,5,35513,21,0,00,9913,2
29,648,-568,06,571,67,-90,49,-17,99,-42,88,-2,90,397539,7,35506,70,0,00,9906,7
29,698,-568,96,569,53,-90,63,-17,99,-42,80,-2,90,397502,1,35500,18,0,00,9900,2
29,748,-569,86,567,39,-90,78,-17,98,-42,72,-2,90,397423,0,35493,66,0,00,9893,7
29,798,-570,76,565,26,-90,92,-17,98,-42,64,-2,90,397413,7,35487,15,0,00,9887,2
29,848,-571,66,563,13,-91,07,-17,98,-42,56,-2,90,397362,6,35480,64,0,00,9880,6
29,898,-572,55,561,00,-91,21,-17,97,-42,48,-2,90,397284,3,35474,13,0,00,9874,1
29,948,-573,45,558,88,-91,36,-17,97,-42,40,-2,90,397232,9,35467,61,0,00,9867,6
29,998,-574,35,556,76,-91,50,-17,97,-42,32,-2,90,397223,4,35461,10,0,00,9861,1
30,048,-575,25,554,65,-91,65,-17,97,-42,24,-2,90,397131,0,35454,59,0,00,9854,6
30,098,-576,15,552,54,-91,79,-17,96,-42,16,-2,90,397093,5,35448,07,0,00,9848,1
30,148,-577,05,550,43,-91,94,-17,96,-42,07,-2,90,397056,8,35441,55,0,00,9841,6
30,198,-577,94,548,33,-92,08,-17,96,-41,99,-2,90,396991,6,35435,05,0,00,9835,1
30,248,-578,84,546,23,-92,23,-17,95,-41,91,-2,90,396982,1,35428,55,0,00,9828,5
30,298,-579,74,544,14,-92,37,-17,95,-41,83,-2,90,396876,3,35422,04,0,00,9822,0
30,348,-580,64,542,05,-92,52,-17,95,-41,75,-2,90,396838,8,35415,54,0,00,9815,5
30,398,-581,53,539,97,-92,66,-17,94,-41,67,-2,90,396802,0,35409,04,0,00,9809,0
30,448,-582,43,537,88,-92,81,-17,94,-41,59,-2,90,396723,3,35402,53,0,00,9802,5
30,498,-583,33,535,81,-92,95,-17,94,-41,51,-2,90,396699,8,35396,03,0,00,9796,0
30,548,-584,22,533,73,-93,10,-17,94,-41,43,-2,90,396635,5,35389,52,0,00,9789,5
30,598,-585,12,531,66,-93,24,-17,93,-41,35,-2,90,396584,3,35383,02,0,00,9783,0
30,648,-586,02,529,60,-93,39,-17,93,-41,27,-2,90,396546,7,35376,52,0,02,9776,5
30,698,-586,91,527,54,-93,53,-17,93,-41,19,-2,90,396496,3,35370,01,0,00,9770,0
30,748,-587,81,525,48,-93,68,-17,92,-41,11,-2,90,396445,3,35363,51,0,00,9763,5
30,798,-588,71,523,43,-93,82,-17,92,-41,03,-2,90,396380,4,35357,01,0,00,9757,0
30,848,-589,60,521,38,-93,97,-17,92,-40,95,-2,90,396343,7,35350,52,0,00,9750,5
30,898,-590,50,519,33,-94,11,-17,92,-40,87,-2,90,396292,6,35344,02,0,00,9744,0
30,948,-591,39,517,29,-94,26,-17,91,-40,79,-2,89,396283,3,35337,53,0,00,9737,5
30,998,-592,29,515,25,-94,40,-17,91,-40,71,-2,89,396191,3,35331,03,0,00,9731,0
31,048,-593,19,513,22,-94,54,-17,91,-40,62,-2,89,396126,4,35324,54,0,00,9724,5
31,098,-594,08,511,19,-94,69,-17,90,-40,54,-2,89,396102,8,35318,05,0,00,9718,0
31,148,-594,98,509,16,-94,83,-17,90,-40,46,-2,89,396024,7,35311,55,0,00,9711,6
31,198,-595,87,507,14,-94,98,-17,90,-40,38,-2,89,395987,5,35305,05,0,00,9705,1
31,248,-596,77,505,13,-95,12,-17,90,-40,30,-2,89,395936,3,35298,56,0,00,9698,6
31,298,-597,66,503,11,-95,27,-17,89,-40,22,-2,89,395885,8,35292,07,0,00,9692,1
31,348,-598,56,501,10,-95,41,-17,89,-40,14,-2,89,395848,3,35285,57,0,00,9685,6
31,398,-599,45,499,10,-95,56,-17,89,-40,06,-2,89,395783,2,35279,09,0,00,9679,1
31,448,-600,34,497,10,-95,70,-17,88,-39,98,-2,89,395760,7,35272,61,0,00,9672,6
31,498,-601,24,495,10,-95,85,-17,88,-39,90,-2,89,395696,0,35266,12,0,00,9666,1
31,548,-602,13,493,11,-95,99,-17,88,-39,82,-2,89,395631,2,35259,64,0,00,9659,6
31,598,-603,03,491,12,-96,14,-17,88,-39,74,-2,89,395580,2,35253,15,0,00,9653,2
31,648,-603,92,489,13,-96,28,-17,87,-39,66,-2,89,395529,7,35246,67,0,00,9646,7
31,698,-604,81,487,15,-96,42,-17,87,-39,58,-2,89,395492,3,35240,18,0,00,9640,2
31,748,-605,71,485,18,-96,57,-17,87,-39,50,-2,89,395441,4,35233,70,0,00,9633,7
31,798,-606,60,483,20,-96,71,-17,86,-39,42,-2,89,395391,3,35227,21,0,00,9627,2
31,848,-607,49,481,23,-96,86,-17,86,-39,34,-2,89,395354,2,35220,73,0,00,9620,7
31,898,-608,39,479,27,-97,00,-17,86,-39,26,-2,89,395303,1,35214,25,0,00,9614,2
31,948,-609,28,477,31,-97,15,-17,86,-39,18,-2,89,395238,1,35207,76,0,00,9607,8
31,998,-610,17,475,35,-97,29,-17,85,-39,09,-2,89,395187,6,35201,28,0,00,9601,3
32,048,-611,06,473,40,-97,44,-17,85,-39,01,-2,89,395136,7,35194,81,0,00,9594,8
32,098,-611,96,471,45,-97,58,-17,85,-38,93,-2,89,395085,5,35188,34,0,00,9588,3
32,148,-612,85,469,51,-97,72,-17,84,-38,85,-2,89,395034,5,35181,86,0,00,9581,9
32,198,-613,74,467,57,-97,87,-17,84,-38,77,-2,89,394983,9,35175,38,0,00,9575,4
32,248,-614,63,465,63,-98,01,-17,84,-38,69,-2,89,394932,9,35168,91,0,00,9568,9
32,298,-615,53,463,70,-98,16,-17,84,-38,61,-2,89,394895,3,35162,44,0,00,9562,4
32,348,-616,42,461,77,-98,30,-17,83,-38,53,-2,89,394899,6,35155,96,0,00,9556,0
32,398,-617,31,459,84,-98,45,-17,83,-38,45,-2,89,394766,2,35149,48,0,00,9549,5
32,448,-618,20,457,92,-98,59,-17,83,-38,37,-2,89,394729,0,35143,01,0,00,9543,0
32,498,-619,09,456,01,-98,73,-17,83,-38,29,-2,88,394691,7,35136,54,0,00,9536,5
32,548,-619,98,454,09,-98,88,-17,82,-38,21,-2,88,394626,8,35130,06,0,02,9530,1
32,598,-620,87,452,19,-99,02,-17,82,-38,13,-2,88,394590,0,35123,60,0,00,9523,6
32,648,-621,77,450,28,-99,17,-17,82,-38,05,-2,88,394525,0,35117,13,0,00,9517,1
32,698,-622,66,448,38,-99,31,-17,82,-37,97,-2,88,394487,5,35110,67,0,00,9510,7
32,748,-623,55,446,48,-99,46,-17,81,-37,89,-2,88,394436,5,35104,20,0,00,9504,2
32,798,-624,44,444,59,-99,60,-17,81,-37,81,-2,88,394386,3,35097,74,0,00,9497,7
32,848,-625,33,442,70,-99,74,-17,81,-37,73,-2,88,394335,4,35091,27,0,00,9491,3
32,898,-626,22,440,82,-99,89,-17,81,-37,65,-2,88,394284,4,35084,81,0,00,9484,8
32,948,-627,11,438,94,-100,03,-17,80,-37,57,-2,88,394219,7,35078,34,0,00,9478,3
32,998,-628,00,437,06,-100,18,-17,80,-37,49,-2,88,394251,5,35071,88,0,00,9471,9
33,048,-628,89,435,19,-100,32,-17,80,-37,41,-2,88,394131,7,35065,41,0,00,9465,4
33,098,-629,78,433,32,-100,46,-17,79,-37,32,-2,88,394066,7,35058,95,0,00,9458,9
33,148,-630,67,431,46,-100,61,-17,79,-37,24,-2,88,394029,2,35052,49,0,00,9452,5
33,198,-631,56,429,60,-100,75,-17,79,-37,16,-2,88,393978,1,35046,03,0,00,9446,0
33,248,-632,45,427,74,-100,90,-17,79,-37,08,-2,88,393913,8,35039,58,0,00,9439,6
33,298,-633,34,425,89,-101,04,-17,78,-37,00,-2,88,393862,7,35033,12,0,00,9433,1
33,348,-634,23,424,04,-101,18,-17,78,-36,92,-2,88,393825,3,35026,67,0,00,9426,7
33,398,-635,11,422,20,-101,33,-17,78,-36,84,-2,88,393801,5,35020,21,0,00,9420,2
33,448,-636,00,420,36,-101,47,-17,78,-36,76,-2,88,393722,5,35013,76,0,00,9413,8
33,498,-636,89,418,52,-101,62,-17,77,-36,68,-2,88,393671,7,35007,30,0,00,9407,3
33,548,-637,78,416,69,-101,76,-17,77,-36,60,-2,88,393620,2,35000,85,0,00,9400,8
33,598,-638,67,414,86,-101,90,-17,77,-36,52,-2,88,393568,6,34994,39,0,00,9394,4
33,648,-639,56,413,04,-102,05,-17,77,-36,44,-2,88,393517,3,34987,94,0,00,9387,9
33,698,-640,45,411,22,-102,19,-17,76,-36,36,-2,88,393466,1,34981,48,0,00,9381,5
33,748,-641,33,409,40,-102,34,-17,76,-36,28,-2,88,393429,3,34975,03,0,00,9375,0
33,798,-642,22,407,59,-102,48,-17,76,-36,20,-2,88,393378,1,34968,59,0,00,9368,6
33,848,-643,11,405,78,-102,62,-17,76,-36,12,-2,88,393326,8,34962,14,0,00,9362,1
33,898,-644,00,403,98,-102,77,-17,75,-36,04,-2,88,393275,5,34955,70,0,00,9355,7
33,948,-644,88,402,18,-102,91,-17,75,-35,96,-2,88,393224,0,34949,25,0,00,9349,2
33,998,-645,77,400,38,-103,06,-17,75,-35,88,-2,88,393228,0,34942,80,0,00,9342,8
34,048,-646,66,398,59,-103,20,-17,75,-35,80,-2,88,393107,9,34936,36,0,00,9336,4
34,098,-647,55,396,80,-103,34,-17,74,-35,72,-2,88,393056,3,34929,91,0,00,9329,9
34,148,-648,43,395,02,-103,49,-17,74,-35,64,-2,88,393004,6,34923,47,0,00,9323,5
34,198,-649,32,393,24,-103,63,-17,74,-35,56,-2,88,392939,4,34917,02,0,00,9317,0
34,248,-650,21,391,46,-103,77,-17,74,-35,47,-2,88,392915,7,34910,58,0,00,9310,6
34,298,-651,09,389,69,-103,92,-17,73,-35,39,-2,87,392864,9,34904,13,0,00,9304,1
34,348,-651,98,387,92,-104,06,-17,73,-35,31,-2,87,392799,8,34897,69,0,00,9297,7
34,398,-652,87,386,16,-104,21,-17,73,-35,23,-2,87,392762,3,34891,26,0,00,9291,3
34,448,-653,75,384,40,-104,35,-17,73,-35,15,-2,87,392711,0,34884,82,0,00,9284,8
34,498,-654,64,382,64,-104,49,-17,72,-35,07,-2,87,392673,5,34878,39,0,00,9278,4
34,548,-655,53,380,89,-104,64,-17,72,-34,99,-2,87,392608,1,34871,95,0,00,9272,0
34,598,-656,41,379,14,-104,78,-17,72,-34,91,-2,87,392529,6,34865,52,0,00,9265,5
34,648,-657,30,377,40,-104,92,-17,72,-34,83,-2,87,392505,6,34859,08,0,00,9259,1
34,698,-658,18,375,66,-105,07,-17,71,-34,75,-2,87,392440,1,34852,64,0,00,9252,6
34,748,-659,07,373,93,-105,21,-17,71,-34,67,-2,87,392402,0,34846,21,0,00,9246,2
34,798,-659,95,372,19,-105,35,-17,71,-34,59,-2,87,392322,5,34839,77,0,00,9239,8
34,848,-660,84,370,47,-105,50,-17,71,-34,51,-2,87,392284,6,34833,34,0,00,9233,3
34,898,-661,73,368,74,-105,64,-17,70,-34,43,-2,87,392247,4,34826,90,0,00,9226,9
34,948,-662,61,367,02,-105,79,-17,70,-34,35,-2,87,392195,7,34820,48,0,00,9220,5
34,998,-663,50,365,31,-105,93,-17,70,-34,27,-2,87,392143,9,34814,05,0,00,9214,1
35,048,-664,38,363,60,-106,07,-17,70,-34,19,-2,87,392092,0,34807,63,0,00,9207,6
35,098,-665,27,361,89,-106,22,-17,69,-34,11,-2,87,392026,3,34801,20,0,00,9201,2
35,148,-666,15,360,19,-106,36,-17,69,-34,03,-2,87,391988,2,34794,77,0,00,9194,8
35,198,-667,03,358,49,-106,50,-17,69,-33,95,-2,87,391923,1,34788,35,0,00,9188,3
35,248,-667,92,356,79,-106,65,-17,69,-33,87,-2,87,391884,9,34781,92,0,00,9181,9
35,298,-668,80,355,10,-106,79,-17,68,-33,79,-2,87,391818,9,34775,50,0,00,9175,5
35,348,-669,69,353,41,-106,93,-17,68,-33,71,-2,87,391780,7,34769,07,0,00,9169,1
35,398,-670,57,351,73,-107,08,-17,68,-33,63,-2,87,391728,4,34762,64,0,00,9162,6
35,448,-671,45,350,05,-107,22,-17,68,-33,54,-2,87,391676,2,34756,22,0,00,9156,2
35,498,-672,34,348,38,-107,36,-17,67,-33,46,-2,87,391637,8,34749,80,0,00,9149,8
35,548,-673,22,346,70,-107,51,-17,67,-33,38,-2,87,391545,2,34743,38,0,00,9143,4
35,598,-674,11,345,04,-107,65,-17,67,-33,30,-2,87,391520,8,34736,97,0,00,9137,0
35,648,-674,99,343,37,-107,79,-17,67,-33,22,-2,87,391482,8,34730,55,0,00,9130,6
35,698,-675,87,341,71,-107,94,-17,67,-33,14,-2,87,391403,3,34724,14,0,00,9124,1
35,748,-676,76,340,06,-108,08,-17,66,-33,06,-2,87,391392,8,34717,72,0,00,9117,7
35,798,-677,64,338,41,-108,23,-17,66,-32,98,-2,87,391340,8,34711,30,0,00,9111,3
35,848,-678,52,336,76,-108,37,-17,66,-32,90,-2,87,391330,4,34704,89,0,00,9104,9
35,898,-679,40,335,12,-108,51,-17,66,-32,82,-2,87,391237,3,34698,47,0,00,9098,5
35,948,-680,29,333,48,-108,66,-17,65,-32,74,-2,87,391157,5,34692,05,0,00,9092,1
35,998,-681,17,331,84,-108,80,-17,65,-32,66,-2,87,391119,1,34685,64,0,00,9085,6
36,049,-682,05,330,21,-108,94,-17,65,-32,58,-2,87,391066,8,34679,23,0,00,9079,2
36,099,-682,94,328,59,-109,09,-17,65,-32,50,-2,87,391000,7,34672,82,0,00,9072,8
36,149,-683,82,326,96,-109,23,-17,64,-32,42,-2,87,390962,3,34666,41,0,00,9066,4
36,199,-684,70,325,34,-109,37,-17,64,-32,34,-2,87,390869,3,34660,01,0,00,9060,0
36,249,-685,58,323,73,-109,52,-17,64,-32,26,-2,87,390844,5,34653,60,0,00,9053,6
36,299,-686,46,322,12,-109,66,-17,64,-32,18,-2,87,390805,9,34647,20,0,00,9047,2
36,349,-687,35,320,51,-109,80,-17,64,-32,10,-2,87,390739,6,34640,79,0,00,9040,8
36,399,-688,23,318,91,-109,95,-17,63,-32,02,-2,87,390687,1,34634,38,0,00,9034,4
36,449,-689,11,317,31,-110,09,-17,63,-31,94,-2,87,390641,5,34627,98,0,00,9028,0
36,499,-689,99,315,72,-110,23,-17,63,-31,86,-2,87,390582,0,34621,57,0,00,9021,6
36,549,-690,87,314,12,-110,38,-17,63,-31,78,-2,87,390544,0,34615,16,0,00,9015,2
36,599,-691,75,312,54,-110,52,-17,62,-31,70,-2,87,390491,5,34608,76,0,00,9008,8
36,649,-692,63,310,95,-110,66,-17,62,-31,62,-2,86,390432,2,34602,36,0,00,9002,4
36,699,-693,52,309,38,-110,80,-17,62,-31,54,-2,86,390379,8,34595,96,0,00,8996,0
36,749,-694,40,307,80,-110,95,-17,62,-31,45,-2,86,390320,4,34589,56,0,00,8989,6
36,799,-695,28,306,23,-111,09,-17,62,-31,37,-2,86,390267,8,34583,17,0,00,8983,2
36,849,-696,16,304,66,-111,23,-17,61,-31,29,-2,86,390222,1,34576,77,0,00,8976,8
36,899,-697,04,303,10,-111,38,-17,61,-31,21,-2,86,390177,1,34570,38,0,00,8970,4
36,949,-697,92,301,54,-111,52,-17,61,-31,13,-2,86,390117,6,34563,98,0,00,8964,0
36,999,-698,80,299,99,-111,66,-17,61,-31,05,-2,86,390064,9,34557,58,0,00,8957,6
37,049,-699,68,298,44,-111,81,-17,60,-30,97,-2,86,390012,1,34551,18,0,00,8951,2
37,099,-700,56,296,89,-111,95,-17,60,-30,89,-2,86,389959,3,34544,79,0,00,8944,8
37,149,-701,44,295,35,-112,09,-17,60,-30,81,-2,86,389913,3,34538,39,0,00,8938,4
37,199,-702,32,293,81,-112,24,-17,60,-30,73,-2,86,389854,2,34532,00,0,00,8932,0
37,249,-703,20,292,27,-112,38,-17,60,-30,65,-2,86,389801,3,34525,61,0,00,8925,6
37,299,-704,08,290,74,-112,52,-17,59,-30,57,-2,86,389748,5,34519,23,0,00,8919,2
37,349,-704,96,289,22,-112,67,-17,59,-30,49,-2,86,389695,6,34512,84,0,00,8912,8
37,399,-705,84,287,70,-112,81,-17,59,-30,41,-2,86,389649,8,34506,45,0,00,8906,5
37,449,-706,72,286,18,-112,95,-17,59,-30,33,-2,86,389597,0,34500,06,0,00,8900,1
37,499,-707,60,284,66,-113,10,-17,59,-30,25,-2,86,389544,8,34493,68,0,00,8893,7
37,549,-708,48,283,15,-113,24,-17,58,-30,17,-2,86,389484,9,34487,29,0,00,8887,3
37,599,-709,36,281,65,-113,38,-17,58,-30,09,-2,86,389438,9,34480,91,0,00,8880,9
37,649,-710,23,280,14,-113,52,-17,58,-30,01,-2,86,389379,0,34474,52,0,00,8874,5
37,699,-711,11,278,64,-113,67,-17,58,-29,93,-2,86,389332,9,34468,13,0,00,8868,1
37,749,-711,99,277,15,-113,81,-17,57,-29,85,-2,86,389279,8,34461,74,0,00,8861,7
37,799,-712,87,275,66,-113,95,-17,57,-29,77,-2,86,389241,2,34455,37,0,00,8855,4
37,849,-713,75,274,17,-114,10,-17,57,-29,69,-2,86,389167,3,34448,99,0,00,8849,0
37,899,-714,63,272,69,-114,24,-17,57,-29,61,-2,86,389114,3,34442,61,0,00,8842,6
37,949,-715,51,271,21,-114,38,-17,57,-29,53,-2,86,389067,8,34436,23,0,00,8836,2
37,999,-716,38,269,74,-114,53,-17,56,-29,45,-2,86,389007,6,34429,86,0,00,8829,9
38,049,-717,26,268,27,-114,67,-17,56,-29,36,-2,86,388961,2,34423,48,0,00,8823,5
38,099,-718,14,266,80,-114,81,-17,56,-29,28,-2,86,388901,0,34417,11,0,00,8817,1
38,149,-719,02,265,34,-114,95,-17,56,-29,20,-2,86,388854,5,34410,73,0,00,8810,7
38,199,-719,90,263,88,-115,10,-17,56,-29,12,-2,86,388808,7,34404,35,0,00,8804,4
38,249,-720,77,262,43,-115,24,-17,55,-29,04,-2,86,388741,4,34397,97,0,00,8798,0
38,299,-721,65,260,98,-115,38,-17,55,-28,96,-2,86,388694,8,34391,60,0,00,8791,6
38,349,-722,53,259,53,-115,53,-17,55,-28,88,-2,86,388634,3,34385,23,0,00,8785,2
38,399,-723,41,258,09,-115,67,-17,55,-28,80,-2,86,388594,5,34378,86,0,00,8778,9
38,449,-724,28,256,65,-115,81,-17,55,-28,72,-2,86,388534,1,34372,49,0,00,8772,5
38,499,-725,16,255,22,-115,96,-17,54,-28,64,-2,86,388480,5,34366,13,0,00,8766,1
38,549,-726,04,253,79,-116,10,-17,54,-28,56,-2,86,388433,8,34359,76,0,00,8759,8
38,599,-726,92,252,36,-116,24,-17,54,-28,48,-2,86,388373,3,34353,39,0,00,8753,4
38,649,-727,79,250,94,-116,38,-17,54,-28,40,-2,86,388319,8,34347,02,0,00,8747,0
38,699,-728,67,249,52,-116,53,-17,54,-28,32,-2,86,388328,5,34340,66,0,00,8740,7
38,749,-729,55,248,11,-116,67,-17,53,-28,24,-2,86,388213,1,34334,29,0,00,8734,3
38,799,-730,42,246,70,-116,81,-17,53,-28,16,-2,86,388166,3,34327,92,0,00,8727,9
38,849,-731,30,245,29,-116,96,-17,53,-28,08,-2,86,388112,5,34321,55,0,00,8721,6
38,899,-732,18,243,89,-117,10,-17,53,-28,00,-2,86,388058,8,34315,20,0,00,8715,2
38,949,-733,05,242,49,-117,24,-17,53,-27,92,-2,86,387991,3,34308,84,0,00,8708,8
38,999,-733,93,241,10,-117,38,-17,52,-27,84,-2,86,387951,3,34302,48,0,00,8702,5
39,049,-734,81,239,71,-117,53,-17,52,-27,76,-2,86,387897,4,34296,12,0,00,8696,1
39,099,-735,68,238,32,-117,67,-17,52,-27,68,-2,86,387829,8,34289,77,0,00,8689,8
39,149,-736,56,236,94,-117,81,-17,52,-27,60,-2,86,387782,8,34283,41,0,00,8683,4
39,199,-737,43,235,56,-117,96,-17,52,-27,52,-2,86,387728,8,34277,05,0,00,8677,0
39,249,-738,31,234,19,-118,10,-17,52,-27,44,-2,86,387667,8,34270,69,0,00,8670,7
39,299,-739,18,232,82,-118,24,-17,51,-27,36,-2,86,387620,7,34264,34,0,00,8664,3
39,349,-740,06,231,45,-118,38,-17,51,-27,28,-2,86,387566,5,34257,98,0,00,8658,0
39,399,-740,94,230,09,-118,53,-17,51,-27,19,-2,86,387505,5,34251,62,0,00,8651,6
39,449,-741,81,228,73,-118,67,-17,51,-27,11,-2,86,387465,0,34245,27,0,00,8645,3
39,499,-742,69,227,38,-118,81,-17,51,-27,03,-2,86,387410,9,34238,92,0,00,8638,9
39,549,-743,56,226,03,-118,96,-17,50,-26,95,-2,86,387364,2,34232,57,0,00,8632,6
39,599,-744,44,224,68,-119,10,-17,50,-26,87,-2,86,387303,2,34226,23,0,00,8626,2
39,649,-745,31,223,34,-119,24,-17,50,-26,79,-2,86,387242,0,34219,88,0,00,8619,9
39,699,-746,19,222,00,-119,38,-17,50,-26,71,-2,85,387187,6,34213,53,0,00,8613,5
39,749,-747,06,220,67,-119,53,-17,50,-26,63,-2,85,387140,1,34207,18,0,00,8607,2
39,799,-747,94,219,34,-119,67,-17,49,-26,55,-2,85,387071,8,34200,84,0,00,8600,8
39,849,-748,81,218,02,-119,81,-17,49,-26,47,-2,85,387017,4,34194,49,0,00,8594,5
39,899,-749,69,216,69,-119,95,-17,49,-26,39,-2,85,386962,8,34188,14,0,00,8588,1
39,949,-750,56,215,38,-120,10,-17,49,-26,31,-2,85,386908,3,34181,79,0,00,8581,8
39,999,-751,43,214,06,-120,24,-17,49,-26,23,-2,85,386860,6,34175,45,0,00,8575,5
40,049,-752,31,212,75,-120,38,-17,49,-26,15,-2,85,386812,8,34169,11,0,00,8569,1
40,099,-753,18,211,45,-120,53,-17,48,-26,07,-2,85,386758,3,34162,77,0,00,8562,8
40,149,-754,06,210,15,-120,67,-17,48,-25,99,-2,85,386689,8,34156,44,0,00,8556,4
40,199,-754,93,208,85,-120,81,-17,48,-25,91,-2,85,386648,9,34150,10,0,00,8550,1
40,249,-755,80,207,56,-120,95,-17,48,-25,83,-2,85,386580,3,34143,76,0,00,8543,8
40,299,-756,68,206,27,-121,10,-17,48,-25,75,-2,85,386539,3,34137,42,0,00,8537,4
40,349,-757,55,204,98,-121,24,-17,47,-25,67,-2,85,386470,6,34131,09,0,00,8531,1
40,399,-758,43,203,70,-121,38,-17,47,-25,59,-2,85,386415,7,34124,75,0,00,8524,7
40,449,-759,30,202,42,-121,52,-17,47,-25,51,-2,85,386367,5,34118,41,0,00,8518,4
40,499,-760,17,201,15,-121,67,-17,47,-25,43,-2,85,386319,4,34112,07,0,00,8512,1
40,549,-761,05,199,88,-121,81,-17,47,-25,35,-2,85,386264,4,34105,74,0,00,8505,7
40,599,-761,92,198,61,-121,95,-17,47,-25,27,-2,85,386202,6,34099,41,0,00,8499,4
40,649,-762,79,197,35,-122,09,-17,46,-25,19,-2,85,386147,6,34093,09,0,00,8493,1
40,699,-763,67,196,10,-122,24,-17,46,-25,11,-2,85,386085,8,34086,76,0,00,8486,8
40,750,-764,54,194,84,-122,38,-17,46,-25,02,-2,85,386037,7,34080,43,0,00,8480,4
40,800,-765,41,193,59,-122,52,-17,46,-24,94,-2,85,385989,5,34074,10,0,00,8474,1
40,850,-766,29,192,35,-122,66,-17,46,-24,86,-2,85,385927,6,34067,77,0,00,8467,8
40,900,-767,16,191,11,-122,81,-17,46,-24,78,-2,85,385865,5,34061,45,0,00,8461,4
40,950,-768,03,189,87,-122,95,-17,45,-24,70,-2,85,385810,3,34055,12,0,00,8455,1
41,000,-768,90,188,64,-123,09,-17,45,-24,62,-2,85,385762,0,34048,79,0,00,8448,8
41,050,-769,78,187,41,-123,24,-17,45,-24,54,-2,85,385699,8,34042,46,0,00,8442,5
41,100,-770,65,186,18,-123,38,-17,45,-24,46,-2,85,385644,5,34036,14,0,00,8436,1
41,150,-771,52,184,96,-123,52,-17,45,-24,38,-2,85,385603,1,34029,82,0,00,8429,8
41,200,-772,39,183,74,-123,66,-17,44,-24,30,-2,85,385533,9,34023,50,0,00,8423,5
41,250,-773,27,182,53,-123,81,-17,44,-24,22,-2,85,385492,3,34017,19,0,00,8417,2
41,300,-774,14,181,32,-123,95,-17,44,-24,14,-2,85,385436,9,34010,87,0,00,8410,9
41,350,-775,01,180,12,-124,09,-17,44,-24,06,-2,85,385367,7,34004,55,0,00,8404,6
41,400,-775,88,178,92,-124,23,-17,44,-23,98,-2,85,385319,0,33998,23,0,00,8398,2
41,450,-776,75,177,72,-124,38,-17,44,-23,90,-2,85,385263,5,33991,91,0,00,8391,9
41,500,-777,62,176,53,-124,52,-17,43,-23,82,-2,85,385201,1,33985,59,0,00,8385,6
41,550,-778,50,175,34,-124,66,-17,43,-23,74,-2,85,385159,2,33979,28,0,00,8379,3
41,600,-779,37,174,15,-124,80,-17,43,-23,66,-2,85,385096,6,33972,96,0,00,8373,0
41,650,-780,24,172,97,-124,95,-17,43,-23,58,-2,85,385034,1,33966,65,0,00,8366,7
41,700,-781,11,171,79,-125,09,-17,43,-23,50,-2,85,384978,4,33960,34,0,00,8360,3
41,750,-781,98,170,62,-125,23,-17,43,-23,42,-2,85,384929,6,33954,04,0,00,8354,0
41,800,-782,85,169,45,-125,37,-17,42,-23,34,-2,85,384873,8,33947,73,0,00,8347,7
41,850,-783,73,168,29,-125,52,-17,42,-23,26,-2,85,384818,0,33941,42,0,00,8341,4
41,900,-784,60,167,13,-125,66,-17,42,-23,18,-2,85,384762,1,33935,11,0,00,8335,1
41,950,-785,47,165,97,-125,80,-17,42,-23,10,-2,85,384713,0,33928,80,0,00,8328,8
42,000,-786,34,164,82,-125,94,-17,42,-23,02,-2,85,384650,1,33922,49,0,00,8322,5
42,050,-787,21,163,67,-126,08,-17,42,-22,94,-2,85,384600,9,33916,18,0,00,8316,2
42,100,-788,08,162,52,-126,23,-17,42,-22,86,-2,85,384537,9,33909,88,0,00,8309,9
42,150,-788,95,161,38,-126,37,-17,41,-22,77,-2,85,384481,8,33903,57,0,00,8303,6
42,200,-789,82,160,25,-126,51,-17,41,-22,69,-2,85,384425,8,33897,27,0,00,8297,3
42,250,-790,69,159,11,-126,65,-17,41,-22,61,-2,85,384369,6,33890,97,0,00,8291,0
42,300,-791,56,157,98,-126,80,-17,41,-22,53,-2,85,384313,4,33884,67,0,00,8284,7
42,350,-792,43,156,86,-126,94,-17,41,-22,45,-2,85,384250,3,33878,38,0,00,8278,4
42,400,-793,30,155,74,-127,08,-17,41,-22,37,-2,85,384249,4,33872,08,0,00,8272,1
42,450,-794,17,154,62,-127,22,-17,40,-22,29,-2,85,384151,9,33865,78,0,00,8265,8
42,500,-795,04,153,51,-127,37,-17,40,-22,21,-2,85,384095,5,33859,48,0,00,8259,5
42,550,-795,91,152,40,-127,51,-17,40,-22,13,-2,85,384039,0,33853,18,0,00,8253,2
42,600,-796,78,151,30,-127,65,-17,40,-22,05,-2,85,383975,5,33846,88,0,00,8246,9
42,650,-797,65,150,20,-127,79,-17,40,-21,97,-2,85,383925,8,33840,58,0,00,8240,6
42,700,-798,52,149,10,-127,94,-17,40,-21,89,-2,85,383869,2,33834,29,0,00,8234,3
42,750,-799,39,148,01,-128,08,-17,39,-21,81,-2,85,383805,6,33828,00,0,00,8228,0
42,800,-800,26,146,92,-128,22,-17,39,-21,73,-2,85,383742,1,33821,71,0,00,8221,7
42,850,-801,13,145,83,-128,36,-17,39,-21,65,-2,85,383699,2,33815,43,0,00,8215,4
42,900,-802,00,144,75,-128,51,-17,39,-21,57,-2,85,383635,6,33809,14,0,00,8209,1
42,950,-802,87,143,68,-128,65,-17,39,-21,49,-2,85,383578,8,33802,85,0,00,8202,8
43,000,-803,74,142,60,-128,79,-17,39,-21,41,-2,85,383529,0,33796,56,0,00,8196,6
43,050,-804,61,141,54,-128,93,-17,39,-21,33,-2,85,383465,3,33790,27,0,00,8190,3
43,100,-805,48,140,47,-129,07,-17,38,-21,25,-2,85,383401,5,33783,98,0,00,8184,0
43,150,-806,35,139,41,-129,22,-17,38,-21,17,-2,85,383358,4,33777,70,0,00,8177,7
43,200,-807,22,138,36,-129,36,-17,38,-21,09,-2,85,383287,6,33771,42,0,00,8171,4
43,250,-808,09,137,30,-129,50,-17,38,-21,01,-2,85,383230,7,33765,13,0,00,8165,1
43,300,-808,96,136,25,-129,64,-17,38,-20,93,-2,85,383173,6,33758,85,0,00,8158,8
43,350,-809,83,135,21,-129,79,-17,38,-20,85,-2,85,383123,4,33752,57,0,00,8152,6
43,400,-810,69,134,17,-129,93,-17,38,-20,77,-2,85,383066,3,33746,29,0,00,8146,3
43,450,-811,56,133,13,-130,07,-17,37,-20,69,-2,85,383016,1,33740,01,0,00,8140,0
43,500,-812,43,132,10,-130,21,-17,37,-20,60,-2,85,382958,8,33733,73,0,00,8133,7
43,550,-813,30,131,07,-130,36,-17,37,-20,52,-2,84,382894,7,33727,45,0,00,8127,5
43,600,-814,17,130,05,-130,50,-17,37,-20,44,-2,84,382830,6,33721,18,0,00,8121,2
43,650,-815,04,129,03,-130,64,-17,37,-20,36,-2,84,382773,2,33714,90,0,00,8114,9
43,700,-815,90,128,01,-130,78,-17,37,-20,28,-2,84,382722,8,33708,63,0,00,8108,6
43,750,-816,77,127,00,-130,92,-17,37,-20,20,-2,84,382665,4,33702,35,0,00,8102,4
43,800,-817,64,125,99,-131,07,-17,36,-20,12,-2,84,382614,8,33696,08,0,00,8096,1
43,850,-818,51,124,99,-131,21,-17,36,-20,04,-2,84,382543,6,33689,80,0,00,8089,8
43,900,-819,38,123,99,-131,35,-17,36,-19,96,-2,84,382499,8,33683,54,0,00,8083,5
43,950,-820,25,122,99,-131,49,-17,36,-19,88,-2,84,382435,4,33677,27,0,00,8077,3
44,000,-821,11,122,00,-131,63,-17,36,-19,80,-2,84,382370,8,33671,00,0,00,8071,0
44,050,-821,98,121,01,-131,78,-17,36,-19,72,-2,84,382320,1,33664,73,0,00,8064,7
44,100,-822,85,120,03,-131,92,-17,36,-19,64,-2,84,382262,4,33658,46,0,00,8058,5
44,150,-823,72,119,05,-132,06,-17,35,-19,56,-2,84,382211,6,33652,20,0,00,8052,2
44,200,-824,58,118,07,-132,20,-17,35,-19,48,-2,84,382140,1,33645,93,0,00,8045,9
44,250,-825,45,117,10,-132,35,-17,35,-19,40,-2,84,382082,3,33639,66,0,00,8039,7
44,300,-826,32,116,13,-132,49,-17,35,-19,32,-2,84,382038,2,33633,40,0,00,8033,4
44,350,-827,19,115,17,-132,63,-17,35,-19,24,-2,84,381980,3,33627,14,0,00,8027,1
44,400,-828,05,114,21,-132,77,-17,35,-19,16,-2,84,381915,4,33620,88,0,00,8020,9
44,450,-828,92,113,25,-132,91,-17,35,-19,08,-2,84,381864,4,33614,62,0,00,8014,6
44,500,-829,79,112,30,-133,06,-17,34,-19,00,-2,84,381799,5,33608,36,0,00,8008,4
44,550,-830,66,111,35,-133,20,-17,34,-18,92,-2,84,381734,5,33602,10,0,00,8002,1
44,600,-831,52,110,41,-133,34,-17,34,-18,84,-2,84,381690,2,33595,84,0,00,7995,8
44,650,-832,39,109,47,-133,48,-17,34,-18,76,-2,84,381618,2,33589,58,0,00,7989,6
44,700,-833,26,108,53,-133,63,-17,34,-18,68,-2,84,381566,9,33583,33,0,00,7983,3
44,750,-834,12,107,60,-133,77,-17,34,-18,60,-2,84,381508,8,33577,07,0,00,7977,1
44,800,-834,99,106,67,-133,91,-17,34,-18,52,-2,84,381457,5,33570,82,0,00,7970,8
44,850,-835,86,105,75,-134,05,-17,33,-18,43,-2,84,381385,3,33564,56,0,00,7964,6
44,900,-836,72,104,83,-134,19,-17,33,-18,35,-2,84,381340,8,33558,31,0,00,7958,3
44,950,-837,59,103,91,-134,34,-17,33,-18,27,-2,84,381268,6,33552,06,0,00,7952,1
45,000,-838,46,103,00,-134,48,-17,33,-18,19,-2,84,381210,2,33545,81,0,00,7945,8
45,050,-839,32,102,09,-134,62,-17,33,-18,11,-2,84,381158,6,33539,56,0,00,7939,6
45,100,-840,19,101,19,-134,76,-17,33,-18,03,-2,84,381100,0,33533,31,0,00,7933,3
45,150,-841,06,100,29,-134,90,-17,33,-17,95,-2,84,381034,6,33527,07,0,00,7927,1
45,200,-841,92,99,40,-135,05,-17,33,-17,87,-2,84,380989,8,33520,82,0,00,7920,8
45,250,-842,79,98,50,-135,19,-17,32,-17,79,-2,84,380917,4,33514,58,0,00,7914,6
45,300,-843,66,97,62,-135,33,-17,32,-17,71,-2,84,380858,7,33508,33,0,00,7908,3
45,350,-844,52,96,73,-135,47,-17,32,-17,63,-2,84,380806,9,33502,09,0,00,7902,1
45,400,-845,39,95,85,-135,61,-17,32,-17,55,-2,84,380741,3,33495,84,0,00,7895,8
45,451,-846,25,94,98,-135,76,-17,32,-17,47,-2,84,380689,4,33489,61,0,00,7889,6
45,501,-847,12,94,11,-135,90,-17,32,-17,39,-2,84,380623,6,33483,37,0,00,7883,4
45,551,-847,99,93,24,-136,04,-17,32,-17,31,-2,84,380571,7,33477,13,0,00,7877,1
45,601,-848,85,92,38,-136,18,-17,32,-17,23,-2,84,380505,8,33470,88,0,00,7870,9
45,651,-849,72,91,52,-136,32,-17,31,-17,15,-2,84,380446,9,33464,65,0,00,7864,6
45,701,-850,58,90,66,-136,47,-17,31,-17,07,-2,84,380408,6,33458,41,0,00,7858,4
45,751,-851,45,89,81,-136,61,-17,31,-16,99,-2,84,380335,7,33452,18,0,00,7852,2
45,801,-852,31,88,96,-136,75,-17,31,-16,91,-2,84,380276,7,33445,94,0,00,7845,9
45,851,-853,18,88,12,-136,89,-17,31,-16,83,-2,84,380210,6,33439,71,0,00,7839,7
45,901,-854,04,87,28,-137,03,-17,31,-16,75,-2,84,380158,3,33433,47,0,00,7833,5
45,951,-854,91,86,44,-137,18,-17,31,-16,67,-2,84,380099,2,33427,24,0,00,7827,2
46,001,-855,78,85,61,-137,32,-17,31,-16,59,-2,84,380033,0,33421,01,0,00,7821,0
46,051,-856,64,84,78,-137,46,-17,30,-16,51,-2,84,379980,6,33414,78,0,00,7814,8
46,101,-857,51,83,96,-137,60,-17,30,-16,43,-2,84,379907,4,33408,55,0,00,7808,6
46,151,-858,37,83,14,-137,74,-17,30,-16,35,-2,84,379855,0,33402,32,0,00,7802,3
46,201,-859,24,82,33,-137,89,-17,30,-16,27,-2,84,379795,5,33396,10,0,00,7796,1
46,251,-860,10,81,52,-138,03,-17,30,-16,18,-2,84,379736,0,33389,88,0,00,7789,9
46,301,-860,97,80,71,-138,17,-17,30,-16,10,-2,84,379676,6,33383,65,0,00,7783,6
46,351,-861,83,79,91,-138,31,-17,30,-16,02,-2,84,379623,9,33377,42,0,00,7777,4
46,401,-862,70,79,11,-138,45,-17,30,-15,94,-2,84,379557,4,33371,20,0,00,7771,2
46,451,-863,56,78,31,-138,60,-17,29,-15,86,-2,84,379501,3,33364,98,0,00,7765,0
46,501,-864,43,77,52,-138,74,-17,29,-15,78,-2,84,379445,3,33358,76,0,00,7758,8
46,551,-865,29,76,73,-138,88,-17,29,-15,70,-2,84,379385,6,33352,54,0,00,7752,5
46,601,-866,15,75,95,-139,02,-17,29,-15,62,-2,84,379322,4,33346,32,0,00,7746,3
46,651,-867,02,75,17,-139,16,-17,29,-15,54,-2,84,379262,6,33340,10,0,00,7740,1
46,701,-867,88,74,40,-139,31,-17,29,-15,46,-2,84,379202,8,33333,88,0,00,7733,9
46,751,-868,75,73,62,-139,45,-17,29,-15,38,-2,84,379153,3,33327,67,0,00,7727,7
46,801,-869,61,72,86,-139,59,-17,29,-15,30,-2,84,379083,0,33321,45,0,00,7721,5
46,851,-870,48,72,09,-139,73,-17,29,-15,22,-2,84,379029,9,33315,23,0,00,7715,2
46,901,-871,34,71,34,-139,87,-17,28,-15,14,-2,84,378963,0,33309,02,0,00,7709,0
46,951,-872,20,70,58,-140,02,-17,28,-15,06,-2,84,378896,1,33302,81,0,00,7702,8
47,001,-873,07,69,83,-140,16,-17,28,-14,98,-2,84,378843,0,33296,60,0,00,7696,6
47,051,-873,93,69,08,-140,30,-17,28,-14,90,-2,84,378779,4,33290,39,0,00,7690,4
47,101,-874,80,68,34,-140,44,-17,28,-14,82,-2,84,378722,7,33284,18,0,00,7684,2
47,151,-875,66,67,60,-140,58,-17,28,-14,74,-2,84,378662,5,33277,97,0,00,7678,0
47,201,-876,52,66,87,-140,72,-17,28,-14,66,-2,84,378598,8,33271,77,0,00,7671,8
47,251,-877,39,66,13,-140,87,-17,28,-14,58,-2,84,378538,5,33265,56,0,00,7665,6
47,301,-878,25,65,41,-141,01,-17,27,-14,50,-2,84,378488,6,33259,36,0,00,7659,4
47,351,-879,12,64,68,-141,15,-17,27,-14,42,-2,84,378424,7,33253,15,0,00,7653,1
47,401,-879,98,63,97,-141,29,-17,27,-14,34,-2,84,378357,4,33246,95,0,00,7646,9
47,451,-880,84,63,25,-141,43,-17,27,-14,26,-2,84,378293,5,33240,75,0,00,7640,7
47,501,-881,71,62,54,-141,58,-17,27,-14,18,-2,84,378239,9,33234,54,0,00,7634,5
47,551,-882,57,61,83,-141,72,-17,27,-14,10,-2,84,378182,8,33228,34,0,00,7628,3
47,601,-883,43,61,13,-141,86,-17,27,-14,01,-2,84,378115,4,33222,14,0,00,7622,1
47,651,-884,30,60,43,-142,00,-17,27,-13,93,-2,84,378058,2,33215,95,0,00,7615,9
47,701,-885,16,59,74,-142,14,-17,27,-13,85,-2,84,378001,0,33209,75,0,00,7609,7
47,751,-886,02,59,05,-142,28,-17,27,-13,77,-2,84,377933,4,33203,55,0,00,7603,6
47,801,-886,89,58,36,-142,43,-17,26,-13,69,-2,84,377879,5,33197,36,0,00,7597,4
47,851,-887,75,57,68,-142,57,-17,26,-13,61,-2,84,377818,7,33191,16,0,00,7591,2
47,901,-888,61,57,00,-142,71,-17,26,-13,53,-2,84,377751,0,33184,97,0,00,7585,0
47,951,-889,48,56,32,-142,85,-17,26,-13,45,-2,84,377690,2,33178,78,0,00,7578,8
48,001,-890,34,55,65,-142,99,-17,26,-13,37,-2,84,377629,3,33172,59,0,00,7572,6
48,051,-891,20,54,99,-143,14,-17,26,-13,29,-2,84,377575,2,33166,39,0,00,7566,4
48,101,-892,07,54,32,-143,28,-17,26,-13,21,-2,84,377514,2,33160,20,0,00,7560,2
48,151,-892,93,53,67,-143,42,-17,26,-13,13,-2,84,377453,2,33154,02,0,00,7554,0
48,201,-893,79,53,01,-143,56,-17,26,-13,05,-2,84,377385,2,33147,83,0,00,7547,8
48,251,-894,65,52,36,-143,70,-17,25,-12,97,-2,84,377324,1,33141,64,0,00,7541,6
48,301,-895,52,51,71,-143,84,-17,25,-12,89,-2,83,377269,9,33135,46,0,00,7535,5
48,351,-896,38,51,07,-143,99,-17,25,-12,81,-2,83,377201,8,33129,27,0,00,7529,3
48,401,-897,24,50,43,-144,13,-17,25,-12,73,-2,83,377144,0,33123,09,0,00,7523,1
48,451,-898,10,49,80,-144,27,-17,25,-12,65,-2,83,377082,7,33116,91,0,00,7516,9
48,501,-898,97,49,17,-144,41,-17,25,-12,57,-2,83,377021,5,33110,73,0,00,7510,7
48,551,-899,83,48,54,-144,55,-17,25,-12,49,-2,83,376963,5,33104,54,0,00,7504,5
48,601,-900,69,47,92,-144,69,-17,25,-12,41,-2,83,376902,2,33098,36,0,00,7498,4
48,651,-901,55,47,30,-144,84,-17,25,-12,33,-2,83,376837,3,33092,19,0,00,7492,2
48,701,-902,42,46,69,-144,98,-17,25,-12,25,-2,83,376779,3,33086,01,0,00,7486,0
48,751,-903,28,46,08,-145,12,-17,24,-12,17,-2,83,376714,3,33079,83,0,00,7479,8
48,801,-904,14,45,47,-145,26,-17,24,-12,09,-2,83,376652,8,33073,66,0,00,7473,7
48,851,-905,00,44,87,-145,40,-17,24,-12,01,-2,83,376594,6,33067,48,0,00,7467,5
48,901,-905,87,44,27,-145,55,-17,24,-11,93,-2,83,376529,5,33061,31,0,00,7461,3
48,951,-906,73,43,68,-145,69,-17,24,-11,85,-2,83,376467,9,33055,14,0,00,7455,1
49,001,-907,59,43,09,-145,83,-17,24,-11,76,-2,83,376399,2,33048,96,0,00,7449,0
49,051,-908,45,42,50,-145,97,-17,24,-11,68,-2,83,376347,8,33042,79,0,00,7442,8
49,101,-909,31,41,92,-146,11,-17,24,-11,60,-2,83,376282,6,33036,63,0,00,7436,6
49,151,-910,17,41,34,-146,25,-17,24,-11,52,-2,83,376217,3,33030,46,0,00,7430,5
49,201,-911,04,40,76,-146,39,-17,24,-11,44,-2,83,376158,9,33024,29,0,00,7424,3
49,251,-911,90,40,19,-146,54,-17,23,-11,36,-2,83,376096,9,33018,13,0,00,7418,1
49,301,-912,76,39,63,-146,68,-17,23,-11,28,-2,83,376034,9,33011,96,0,00,7412,0
49,351,-913,62,39,07,-146,82,-17,23,-11,20,-2,83,375972,9,33005,79,0,00,7405,8
49,401,-914,48,38,51,-146,96,-17,23,-11,12,-2,83,375914,3,32999,63,0,00,7399,6
49,451,-915,35,37,95,-147,10,-17,23,-11,04,-2,83,375845,2,32993,47,0,00,7393,5
49,501,-916,21,37,40,-147,24,-17,23,-10,96,-2,83,375786,5,32987,31,0,00,7387,3
49,551,-917,07,36,86,-147,39,-17,23,-10,88,-2,83,375724,2,32981,14,0,00,7381,1
49,601,-917,93,36,32,-147,53,-17,23,-10,80,-2,83,375661,9,32974,99,0,00,7375,0
49,651,-918,79,35,78,-147,67,-17,23,-10,72,-2,83,375599,6,32968,83,0,00,7368,8
49,701,-919,65,35,24,-147,81,-17,23,-10,64,-2,83,375537,2,32962,68,0,00,7362,7
49,751,-920,51,34,71,-147,95,-17,23,-10,56,-2,83,375471,3,32956,52,0,00,7356,5
49,801,-921,37,34,19,-148,09,-17,22,-10,48,-2,83,375412,3,32950,36,0,00,7350,4
49,851,-922,24,33,67,-148,24,-17,22,-10,40,-2,83,375349,7,32944,21,0,00,7344,2
49,901,-923,10,33,15,-148,38,-17,22,-10,32,-2,83,375283,6,32938,05,0,00,7338,1
49,951,-923,96,32,63,-148,52,-17,22,-10,24,-2,83,375224,4,32931,91,0,00,7331,9
50,001,-924,82,32,12,-148,66,-17,22,-10,16,-2,83,375158,2,32925,75,0,00,7325,8
50,051,-925,68,31,62,-148,80,-17,22,-10,08,-2,83,375095,5,32919,60,0,00,7319,6
50,102,-926,54,31,12,-148,94,-17,22,-10,00,-2,83,375032,7,32913,45,0,00,7313,5
50,152,-927,40,30,62,-149,09,-17,22,-9,92,-2,83,374966,5,32907,31,0,00,7307,3
50,202,-928,26,30,12,-149,23,-17,22,-9,84,-2,83,374907,1,32901,16,0,00,7301,2
50,252,-929,12,29,63,-149,37,-17,22,-9,76,-2,83,374844,3,32895,01,0,00,7295,0
50,302,-929,98,29,15,-149,51,-17,22,-9,68,-2,83,374777,9,32888,87,0,00,7288,9
50,352,-930,84,28,67,-149,65,-17,21,-9,60,-2,83,374715,0,32882,73,0,00,7282,7
50,402,-931,71,28,19,-149,79,-17,21,-9,51,-2,83,374658,9,32876,59,0,00,7276,6
50,452,-932,57,27,72,-149,93,-17,21,-9,43,-2,83,374592,4,32870,44,0,00,7270,4
50,502,-933,43,27,25,-150,08,-17,21,-9,35,-2,83,374529,3,32864,30,0,00,7264,3
50,552,-934,29,26,78,-150,22,-17,21,-9,27,-2,83,374469,6,32858,16,0,00,7258,2
50,602,-935,15,26,32,-150,36,-17,21,-9,19,-2,83,374402,9,32852,02,0,00,7252,0
50,652,-936,01,25,86,-150,50,-17,21,-9,11,-2,83,374336,2,32845,89,0,00,7245,9
50,702,-936,87,25,41,-150,64,-17,21,-9,03,-2,83,374279,8,32839,75,0,00,7239,7
50,752,-937,73,24,96,-150,78,-17,21,-8,95,-2,83,374213,0,32833,61,0,00,7233,6
50,802,-938,59,24,51,-150,93,-17,21,-8,87,-2,83,374146,2,32827,48,0,00,7227,5
50,852,-939,45,24,07,-151,07,-17,21,-8,79,-2,83,374086,3,32821,35,0,00,7221,3
50,902,-940,31,23,63,-151,21,-17,21,-8,71,-2,83,374022,9,32815,21,0,00,7215,2
50,952,-941,17,23,20,-151,35,-17,20,-8,63,-2,83,373959,3,32809,08,0,00,7209,1
51,002,-942,03,22,77,-151,49,-17,20,-8,55,-2,83,373895,8,32802,95,0,00,7203,0
51,052,-942,89,22,34,-151,63,-17,20,-8,47,-2,83,373828,7,32796,82,0,00,7196,8
51,102,-943,75,21,92,-151,77,-17,20,-8,39,-2,83,373768,6,32790,70,0,00,7190,7
51,152,-944,61,21,51,-151,92,-17,20,-8,31,-2,83,373704,8,32784,57,0,00,7184,6
51,202,-945,47,21,09,-152,06,-17,20,-8,23,-2,83,373637,6,32778,44,0,00,7178,4
51,252,-946,33,20,68,-152,20,-17,20,-8,15,-2,83,373580,8,32772,32,0,00,7172,3
51,302,-947,19,20,28,-152,34,-17,20,-8,07,-2,83,373513,6,32766,20,0,00,7166,2
51,352,-948,05,19,88,-152,48,-17,20,-7,99,-2,83,373451,5,32760,07,0,00,7160,1
51,402,-948,91,19,48,-152,62,-17,20,-7,91,-2,83,373382,4,32753,95,0,00,7153,9
51,452,-949,77,19,08,-152,76,-17,20,-7,83,-2,83,373323,7,32747,83,0,00,7147,8
51,502,-950,63,18,70,-152,91,-17,20,-7,75,-2,83,373258,0,32741,71,0,00,7141,7
51,552,-951,49,18,31,-153,05,-17,19,-7,67,-2,83,373194,0,32735,59,0,00,7135,6
51,602,-952,35,17,93,-153,19,-17,19,-7,59,-2,83,373129,9,32729,47,0,00,7129,5
51,652,-953,21,17,55,-153,33,-17,19,-7,51,-2,83,373065,8,32723,36,0,00,7123,4
51,702,-954,07,17,18,-153,47,-17,19,-7,43,-2,83,373003,4,32717,24,0,00,7117,2
51,752,-954,93,16,81,-153,61,-17,19,-7,35,-2,83,372935,8,32711,13,0,00,7111,1
51,802,-955,79,16,44,-153,75,-17,19,-7,27,-2,83,372875,0,32705,01,0,00,7105,0
51,852,-956,65,16,08,-153,90,-17,19,-7,18,-2,83,372807,3,32698,90,0,00,7098,9
51,902,-957,51,15,73,-154,04,-17,19,-7,10,-2,83,372741,2,32692,79,0,00,7092,8
51,952,-958,37,15,37,-154,18,-17,19,-7,02,-2,83,372680,3,32686,68,0,00,7086,7
52,002,-959,23,15,02,-154,32,-17,19,-6,94,-2,83,372617,6,32680,57,0,00,7080,6
52,052,-960,08,14,68,-154,46,-17,19,-6,86,-2,83,372549,7,32674,46,0,00,7074,5
52,102,-960,94,14,34,-154,60,-17,19,-6,78,-2,83,372485,2,32668,35,0,00,7068,4
52,152,-961,80,14,00,-154,74,-17,18,-6,70,-2,83,372422,4,32662,25,0,00,7062,2
52,202,-962,66,13,67,-154,89,-17,18,-6,62,-2,83,372357,8,32656,14,0,00,7056,1
52,252,-963,52,13,34,-155,03,-17,18,-6,54,-2,83,372293,2,32650,04,0,00,7050,0
52,302,-964,38,13,01,-155,17,-17,18,-6,46,-2,83,372226,8,32643,94,0,00,7043,9
52,352,-965,24,12,69,-155,31,-17,18,-6,38,-2,83,372162,0,32637,83,0,00,7037,8
52,402,-966,10,12,37,-155,45,-17,18,-6,30,-2,83,372099,0,32631,73,0,00,7031,7
52,452,-966,96,12,06,-155,59,-17,18,-6,22,-2,83,372034,2,32625,63,0,00,7025,6
52,502,-967,82,11,75,-155,73,-17,18,-6,14,-2,83,371971,0,32619,54,0,00,7019,5
52,552,-968,68,11,45,-155,88,-17,18,-6,06,-2,83,371904,3,32613,44,0,00,7013,4
52,602,-969,54,11,15,-156,02,-17,18,-5,98,-2,83,371837,7,32607,34,0,00,7007,3
52,652,-970,39,10,85,-156,16,-17,18,-5,90,-2,83,371772,6,32601,25,0,00,7001,2
52,702,-971,25,10,56,-156,30,-17,18,-5,82,-2,83,371709,3,32595,15,0,00,6995,2
52,752,-972,11,10,27,-156,44,-17,18,-5,74,-2,83,371644,2,32589,06,0,00,6989,1
52,802,-972,97,9,98,-156,58,-17,17,-5,66,-2,83,371579,0,32582,96,0,00,6983,0
52,852,-973,83,9,70,-156,72,-17,17,-5,58,-2,83,371512,1,32576,88,0,00,6976,9
52,902,-974,69,9,42,-156,86,-17,17,-5,50,-2,83,371448,6,32570,79,0,00,6970,8
52,952,-975,55,9,15,-157,01,-17,17,-5,42,-2,83,371381,6,32564,70,0,00,6964,7
53,002,-976,41,8,88,-157,15,-17,17,-5,34,-2,83,371316,2,32558,61,0,00,6958,6
53,052,-977,26,8,62,-157,29,-17,17,-5,26,-2,83,371252,5,32552,52,0,00,6952,5
53,102,-978,12,8,36,-157,43,-17,17,-5,18,-2,83,371185,4,32546,44,0,00,6946,4
53,152,-978,98,8,10,-157,57,-17,17,-5,10,-2,83,371121,6,32540,35,0,00,6940,4
53,202,-979,84,7,85,-157,71,-17,17,-5,02,-2,83,371052,6,32534,27,0,00,6934,3
53,252,-980,70,7,60,-157,85,-17,17,-4,94,-2,83,370988,8,32528,18,0,00,6928,2
53,302,-981,56,7,35,-157,99,-17,17,-4,86,-2,83,370923,2,32522,10,0,00,6922,1
53,352,-982,41,7,11,-158,14,-17,17,-4,78,-2,82,370857,5,32516,02,0,00,6916,0
53,402,-983,27,6,88,-158,28,-17,17,-4,70,-2,82,370788,3,32509,95,0,00,6909,9
53,452,-984,13,6,64,-158,42,-17,17,-4,61,-2,82,370729,3,32503,87,0,00,6903,9
53,502,-984,99,6,41,-158,56,-17,16,-4,53,-2,82,370658,3,32497,79,0,00,6897,8
53,552,-985,85,6,19,-158,70,-17,16,-4,45,-2,82,370592,3,32491,71,0,00,6891,7
53,602,-986,71,5,97,-158,84,-17,16,-4,30,-2,82,845000,0,32484,86,0,00,6884,9
53,652,-987,56,5,76,-158,98,-17,16,-4,18,-2,82,411690,4,32478,36,0,00,6878,4
53,702,-988,42,5,55,-159,12,-17,16,-4,04,-2,82,407782,8,32471,66,0,00,6871,7
53,752,-989,28,5,35,-159,27,-17,16,-3,91,-2,82,405154,5,32465,00,0,00,6865,0
53,802,-990,14,5,16,-159,41,-17,16,-3,77,-2,82,402593,3,32458,38,0,00,6858,4
53,852,-991,00,4,97,-159,55,-17,16,-3,65,-2,82,400093,3,32451,80,0,00,6851,8
53,902,-991,85,4,80,-159,69,-17,16,-3,52,-2,82,397654,8,32445,26,0,00,6845,3
53,952,-992,71,4,62,-159,83,-17,16,-3,40,-2,82,395276,6,32438,77,0,00,6838,8
54,002,-993,57,4,46,-159,97,-17,16,-3,28,-2,82,392955,6,32432,31,0,00,6832,3
54,052,-994,43,4,29,-160,11,-17,16,-3,17,-2,82,390691,5,32425,88,0,00,6825,9
54,102,-995,29,4,14,-160,25,-17,16,-3,06,-2,82,388483,0,32419,50,0,00,6819,5
54,152,-996,14,3,99,-160,40,-17,16,-2,95,-2,82,386328,9,32413,15,0,00,6813,1
54,202,-997,00,3,84,-160,54,-17,15,-2,85,-2,82,384227,5,32406,84,0,00,6806,8
54,252,-997,86,3,70,-160,68,-17,15,-2,75,-2,82,382177,5,32400,55,0,00,6800,6
54,302,-998,72,3,57,-160,82,-17,15,-2,65,-2,82,380178,1,32394,31,0,00,6794,3
54,352,-999,57,3,44,-160,96,-17,15,-2,55,-2,82,378227,3,32388,09,0,00,6788,1
54,402,-1000,43,3,31,-161,10,-17,15,-2,46,-2,82,376325,0,32381,91,0,00,6781,9
54,452,-1001,29,3,19,-161,24,-17,15,-2,37,-2,82,374470,4,32375,76,0,00,6775,8
54,502,-1002,15,3,08,-161,38,-17,15,-2,29,-2,82,372661,0,32369,63,0,00,6769,6
54,552,-1003,00,2,96,-161,52,-17,15,-2,20,-2,82,370895,8,32363,54,0,00,6763,5
54,602,-1003,86,2,86,-161,67,-17,15,-2,12,-2,82,369175,1,32357,47,0,00,6757,5
54,652,-1004,72,2,75,-161,81,-17,15,-2,04,-2,82,367496,3,32351,44,0,00,6751,4
54,702,-1005,58,2,65,-161,95,-17,15,-1,96,-2,82,365859,6,32345,43,0,00,6745,4
54,752,-1006,43,2,55,-162,09,-17,15,-1,89,-2,82,364263,9,32339,44,0,00,6739,4
54,803,-1007,29,2,46,-162,23,-17,15,-1,82,-2,82,362707,3,32333,49,0,00,6733,5
54,853,-1008,15,2,37,-162,37,-17,15,-1,75,-2,82,361189,6,32327,55,0,00,6727,6
54,903,-1009,01,2,29,-162,51,-17,15,-1,68,-2,82,359709,9,32321,65,0,00,6721,6
54,953,-1009,86,2,20,-162,65,-17,14,-1,62,-2,82,358266,6,32315,76,0,00,6715,8
55,003,-1010,72,2,13,-162,79,-17,14,-1,55,-2,82,356859,9,32309,90,0,00,6709,9
55,053,-1011,58,2,05,-162,94,-17,14,-1,49,-2,82,355487,9,32304,06,0,00,6704,1
55,103,-1012,44,1,98,-163,08,-17,14,-1,43,-2,82,354150,6,32298,25,0,00,6698,2
55,153,-1013,29,1,91,-163,22,-17,14,-1,38,-2,82,352846,7,32292,45,0,00,6692,5
55,203,-1014,15,1,84,-163,36,-17,14,-1,32,-2,82,351575,4,32286,68,0,00,6686,7
55,253,-1015,01,1,77,-163,50,-17,14,-1,27,-2,82,350335,6,32280,93,0,00,6680,9
55,303,-1015,86,1,71,-163,64,-17,14,-1,22,-2,82,349127,8,32275,20,0,00,6675,2
55,353,-1016,72,1,65,-163,78,-17,14,-1,17,-2,82,347949,9,32269,48,0,00,6669,5
55,403,-1017,58,1,59,-163,92,-17,14,-1,12,-2,82,346801,7,32263,79,0,00,6663,8
55,453,-1018,43,1,54,-164,06,-17,14,-1,07,-2,82,345682,4,32258,11,0,00,6658,1
55,503,-1019,29,1,49,-164,20,-17,14,-1,03,-2,82,344591,5,32252,46,0,00,6652,5
55,553,-1020,15,1,44,-164,35,-17,14,-0,99,-2,82,343528,4,32246,82,0,00,6646,8
55,603,-1021,01,1,39,-164,49,-17,14,-0,94,-2,82,342492,2,32241,19,0,00,6641,2
55,653,-1021,86,1,34,-164,63,-17,13,-0,90,-2,82,341481,9,32235,59,0,00,6635,6
55,703,-1022,72,1,30,-164,77,-17,13,-0,87,-2,82,340497,5,32230,00,0,00,6630,0
55,753,-1023,58,1,26,-164,91,-17,13,-0,83,-2,82,339538,3,32224,42,0,00,6624,4
55,803,-1024,43,1,22,-165,05,-17,13,-0,79,-2,82,338603,2,32218,87,0,00,6618,9
55,853,-1025,29,1,18,-165,19,-17,13,-0,76,-2,82,337691,9,32213,32,0,00,6613,3
55,903,-1026,15,1,14,-165,33,-17,13,-0,73,-2,82,336804,1,32207,79,0,00,6607,8
55,953,-1027,00,1,10,-165,47,-17,13,-0,69,-2,82,335938,7,32202,28,0,00,6602,3
56,003,-1027,86,1,07,-165,61,-17,13,-0,66,-2,82,335095,7,32196,78,0,00,6596,8
56,053,-1028,72,1,04,-165,76,-17,13,-0,63,-2,82,334273,9,32191,29,0,00,6591,3
56,103,-1029,57,1,01,-165,90,-17,13,-0,61,-2,82,333473,6,32185,82,0,00,6585,8
56,118,-1029,83,1,00,-165,94,-17,13,-0,60,-2,82,333237,3,32184,18,0,00,6584,2
56,123,-1029,92,0,99,-165,95,-17,13,-0,59,-2,82,333159,0,32183,64,0,00,6583,6
56,128,-1030,00,0,99,-165,97,-17,13,-0,59,-2,82,333080,9,32183,09,0,00,6583,1
56,133,-1030,09,0,99,-165,98,-17,13,-0,59,-2,82,333003,0,32182,54,0,00,6582,5
56,138,-1030,17,0,99,-165,99,-17,13,-0,59,-2,82,332925,4,32182,00,0,00,6582,0
56,143,-1030,26,0,98,-166,01,-17,13,-0,58,-2,82,332847,9,32181,45,0,00,6581,5
56,148,-1030,35,0,98,-166,02,-17,13,-0,58,-2,82,332770,5,32180,91,0,00,6580,9
56,153,-1030,43,0,98,-166,04,-17,13,-0,58,-2,82,332693,6,32180,36,0,00,6580,4
56,158,-1030,52,0,97,-166,05,-17,13,-0,58,-2,82,332616,6,32179,82,0,00,6579,8
56,163,-1030,60,0,97,-166,07,-17,13,-0,57,-2,82,332539,9,32179,27,0,00,6579,3
56,168,-1030,69,0,97,-166,08,-17,13,-0,57,-2,82,332463,5,32178,73,0,00,6578,7
56,173,-1030,77,0,97,-166,09,-17,13,-0,57,-2,82,332387,2,32178,18,0,00,6578,2
56,178,-1030,86,0,96,-166,11,-17,13,-0,56,-2,82,332311,0,32177,64,0,00,6577,6
56,183,-1030,95,0,96,-166,12,-17,13,-0,56,-2,82,332235,1,32177,09,0,00,6577,1
56,188,-1031,03,0,96,-166,14,-17,13,-0,56,-2,82,332159,5,32176,55,0,00,6576,5
56,193,-1031,12,0,95,-166,15,-17,13,-0,56,-2,82,332083,8,32176,00,0,00,6576,0
56,198,-1031,20,0,95,-166,16,-17,13,-0,55,-2,82,332008,8,32175,46,0,00,6575,5
56,203,-1031,29,0,95,-166,18,-17,13,-0,55,-2,82,331933,5,32174,91,0,00,6574,9
56,208,-1031,37,0,95,-166,19,-17,13,-0,55,-2,82,331858,8,32174,37,0,00,6574,4
56,213,-1031,46,0,94,-166,21,-17,13,-0,55,-2,82,331783,9,32173,83,0,00,6573,8
56,218,-1031,55,0,94,-166,22,-17,13,-0,54,-2,82,331709,5,32173,28,0,00,6573,3
56,223,-1031,63,0,94,-166,23,-17,13,-0,54,-2,82,331635,2,32172,74,0,00,6572,7
56,228,-1031,72,0,94,-166,25,-17,13,-0,54,-2,82,331560,9,32172,20,0,00,6572,2
56,233,-1031,80,0,93,-166,26,-17,13,-0,54,-2,82,331487,2,32171,65,0,00,6571,7
56,238,-1031,89,0,93,-166,28,-17,13,-0,53,-2,82,331413,3,32171,11,0,00,6571,1
56,243,-1031,97,0,93,-166,29,-17,13,-0,53,-2,82,331339,8,32170,57,0,00,6570,6
56,248,-1032,06,0,92,-166,30,-17,13,-0,53,-2,82,331266,3,32170,02,0,00,6570,0
56,253,-1032,15,0,92,-166,32,-17,13,-0,53,-2,82,331193,3,32169,48,0,00,6569,5
56,258,-1032,23,0,92,-166,33,-17,13,-0,52,-2,82,331120,3,32168,94,0,00,6568,9
56,263,-1032,32,0,92,-166,35,-17,13,-0,52,-2,82,331047,5,32168,39,0,00,6568,4
56,268,-1032,40,0,91,-166,36,-17,13,-0,52,-2,82,330974,8,32167,85,0,00,6567,9
56,273,-1032,49,0,91,-166,38,-17,13,-0,52,-2,82,330902,5,32167,31,0,00,6567,3
56,278,-1032,57,0,91,-166,39,-17,13,-0,52,-2,82,330830,2,32166,77,0,00,6566,8
56,283,-1032,66,0,91,-166,40,-17,13,-0,51,-2,82,330758,2,32166,22,0,00,6566,2
56,288,-1032,74,0,90,-166,42,-17,13,-0,51,-2,82,330686,4,32165,68,0,00,6565,7
56,293,-1032,83,0,90,-166,43,-17,13,-0,51,-2,82,330614,7,32165,14,0,00,6565,1
56,298,-1032,92,0,90,-166,45,-17,13,-0,51,-2,82,330543,1,32164,60,0,00,6564,6
56,303,-1033,00,0,90,-166,46,-17,13,-0,50,-2,82,330472,0,32164,06,0,00,6564,1
56,308,-1033,09,0,89,-166,47,-17,13,-0,50,-2,82,330400,8,32163,52,0,00,6563,5
56,313,-1033,17,0,89,-166,49,-17,13,-0,50,-2,82,330330,0,32162,97,0,00,6563,0
56,318,-1033,26,0,89,-166,50,-17,13,-0,50,-2,82,330259,1,32162,43,0,00,6562,4
56,323,-1033,34,0,89,-166,52,-17,13,-0,49,-2,82,330188,5,32161,89,0,00,6561,9
56,328,-1033,43,0,88,-166,53,-17,13,-0,49,-2,82,330118,2,32161,35,0,00,6561,4
56,333,-1033,51,0,88,-166,54,-17,13,-0,49,-2,82,330048,2,32160,81,0,00,6560,8
56,338,-1033,60,0,88,-166,56,-17,13,-0,49,-2,82,329978,0,32160,27,0,00,6560,3
56,343,-1033,69,0,88,-166,57,-17,13,-0,48,-2,82,329908,6,32159,73,0,00,6559,7
56,348,-1033,77,0,87,-166,59,-17,13,-0,48,-2,82,329838,5,32159,19,0,00,6559,2
56,353,-1033,86,0,87,-166,60,-17,13,-0,48,-2,82,329769,2,32158,64,0,00,6558,6
56,358,-1033,94,0,87,-166,61,-17,13,-0,48,-2,82,329699,7,32158,11,0,00,6558,1
56,363,-1034,03,0,87,-166,63,-17,13,-0,48,-2,82,329631,0,32157,56,0,00,6557,6
56,368,-1034,11,0,86,-166,64,-17,13,-0,47,-2,82,329562,1,32157,02,0,00,6557,0
56,373,-1034,20,0,86,-166,66,-17,13,-0,47,-2,82,329493,0,32156,48,0,00,6556,5
56,378,-1034,28,0,86,-166,67,-17,12,-0,47,-2,82,329425,1,32155,94,0,00,6555,9
56,383,-1034,37,0,86,-166,69,-17,12,-0,47,-2,82,329356,2,32155,40,0,00,6555,4
56,388,-1034,46,0,85,-166,70,-17,12,-0,46,-2,82,329288,4,32154,86,0,00,6554,9
56,393,-1034,54,0,85,-166,71,-17,12,-0,46,-2,82,329220,0,32154,32,0,00,6554,3
56,398,-1034,63,0,85,-166,73,-17,12,-0,46,-2,82,329152,3,32153,79,0,00,6553,8
56,403,-1034,71,0,85,-166,74,-17,12,-0,46,-2,82,329084,5,32153,25,0,00,6553,2
56,408,-1034,80,0,85,-166,76,-17,12,-0,46,-2,82,329017,4,32152,71,0,00,6552,7
56,413,-1034,88,0,84,-166,77,-17,12,-0,45,-2,82,328949,7,32152,17,0,00,6552,2
56,418,-1034,97,0,84,-166,78,-17,12,-0,45,-2,82,328882,7,32151,63,0,00,6551,6
56,423,-1035,05,0,84,-166,80,-17,12,-0,45,-2,82,328815,9,32151,09,0,00,6551,1
56,428,-1035,14,0,84,-166,81,-17,12,-0,45,-2,82,328749,1,32150,55,0,00,6550,5
56,433,-1035,23,0,83,-166,83,-17,12,-0,45,-2,82,328682,4,32150,01,0,00,6550,0
56,438,-1035,31,0,83,-166,84,-17,12,-0,44,-2,82,328615,7,32149,47,0,00,6549,5
56,443,-1035,40,0,83,-166,85,-17,12,-0,44,-2,82,328550,0,32148,93,0,00,6548,9
56,448,-1035,48,0,83,-166,87,-17,12,-0,44,-2,82,328483,8,32148,39,0,00,6548,4
56,453,-1035,57,0,83,-166,88,-17,12,-0,44,-2,82,328417,8,32147,86,0,00,6547,9
56,458,-1035,65,0,82,-166,90,-17,12,-0,44,-2,82,328351,7,32147,32,0,00,6547,3
56,463,-1035,74,0,82,-166,91,-17,12,-0,43,-2,82,328286,7,32146,78,0,00,6546,8
56,468,-1035,83,0,82,-166,92,-17,12,-0,43,-2,82,328221,1,32146,24,0,00,6546,2
56,473,-1035,91,0,82,-166,94,-17,12,-0,43,-2,82,328155,8,32145,70,0,00,6545,7
56,478,-1036,00,0,81,-166,95,-17,12,-0,43,-2,82,328091,2,32145,17,0,00,6545,2
56,483,-1036,08,0,81,-166,97,-17,12,-0,43,-2,82,328025,5,32144,63,0,00,6544,6
56,488,-1036,17,0,81,-166,98,-17,12,-0,42,-2,82,327961,8,32144,09,0,00,6544,1
56,493,-1036,25,0,81,-167,00,-17,12,-0,42,-2,82,327896,7,32143,55,0,00,6543,6
56,498,-1036,34,0,81,-167,01,-17,12,-0,42,-2,82,327832,3,32143,02,0,00,6543,0
56,503,-1036,42,0,80,-167,02,-17,12,-0,42,-2,82,327768,1,32142,48,0,00,6542,5
56,508,-1036,51,0,80,-167,04,-17,12,-0,42,-2,82,327704,2,32141,94,0,00,6541,9
56,513,-1036,60,0,80,-167,05,-17,12,-0,41,-2,82,327640,5,32141,40,0,00,6541,4
56,518,-1036,68,0,80,-167,07,-17,12,-0,41,-2,82,327576,3,32140,87,0,00,6540,9
56,523,-1036,77,0,80,-167,08,-17,12,-0,41,-2,82,327513,2,32140,33,0,00,6540,3
56,528,-1036,85,0,79,-167,09,-17,12,-0,41,-2,82,327449,9,32139,79,0,00,6539,8
56,533,-1036,94,0,79,-167,11,-17,12,-0,41,-2,82,327386,4,32139,26,0,00,6539,3
56,538,-1037,02,0,79,-167,12,-17,12,-0,40,-2,82,327323,6,32138,72,0,00,6538,7
56,543,-1037,11,0,79,-167,14,-17,12,-0,40,-2,82,327260,6,32138,18,0,00,6538,2
56,548,-1037,19,0,79,-167,15,-17,12,-0,40,-2,82,327197,9,32137,65,0,00,6537,6
56,553,-1037,28,0,78,-167,16,-17,12,-0,40,-2,82,327135,5,32137,11,0,00,6537,1
56,558,-1037,37,0,78,-167,18,-17,12,-0,40,-2,82,327073,3,32136,57,0,00,6536,6
56,563,-1037,45,0,78,-167,19,-17,12,-0,39,-2,82,327010,5,32136,04,0,00,6536,0
56,568,-1037,54,0,78,-167,21,-17,12,-0,39,-2,82,326949,3,32135,50,0,00,6535,5
56,573,-1037,62,0,78,-167,22,-17,12,-0,39,-2,82,326886,5,32134,96,0,00,6535,0
56,578,-1037,71,0,77,-167,23,-17,12,-0,39,-2,82,326825,3,32134,43,0,00,6534,4
56,583,-1037,79,0,77,-167,25,-17,12,-0,39,-2,82,326763,6,32133,89,0,00,6533,9
56,588,-1037,88,0,77,-167,26,-17,12,-0,39,-2,82,326702,5,32133,36,0,00,6533,4
56,593,-1037,96,0,77,-167,28,-17,12,-0,38,-2,82,326641,2,32132,82,0,00,6532,8
56,598,-1038,05,0,77,-167,29,-17,12,-0,38,-2,82,326579,8,32132,29,0,00,6532,3
56,603,-1038,14,0,76,-167,30,-17,12,-0,38,-2,82,326519,4,32131,75,0,00,6531,8
56,608,-1038,22,0,76,-167,32,-17,12,-0,38,-2,82,326458,4,32131,22,0,00,6531,2
56,613,-1038,31,0,76,-167,33,-17,12,-0,38,-2,82,326397,3,32130,68,0,00,6530,7
56,618,-1038,39,0,76,-167,35,-17,12,-0,38,-2,82,326337,7,32130,15,0,00,6530,1
56,623,-1038,48,0,76,-167,36,-17,12,-0,37,-2,82,326277,0,32129,61,0,00,6529,6
56,628,-1038,56,0,75,-167,38,-17,12,-0,37,-2,82,326217,1,32129,08,0,00,6529,1
56,633,-1038,65,0,75,-167,39,-17,12,-0,37,-2,82,326156,9,32128,54,0,00,6528,5
56,638,-1038,73,0,75,-167,40,-17,12,-0,37,-2,82,326097,4,32128,01,0,00,6528,0
56,643,-1038,82,0,75,-167,42,-17,12,-0,37,-2,82,326037,8,32127,47,0,00,6527,5
56,648,-1038,91,0,75,-167,43,-17,12,-0,36,-2,82,325977,9,32126,94,0,00,6526,9
56,653,-1038,99,0,75,-167,45,-17,12,-0,36,-2,82,325918,7,32126,41,0,00,6526,4
56,658,-1039,08,0,74,-167,46,-17,12,-0,36,-2,82,325859,8,32125,87,0,00,6525,9
56,663,-1039,16,0,74,-167,47,-17,12,-0,36,-2,82,325800,6,32125,34,0,00,6525,3
56,668,-1039,25,0,74,-167,49,-17,12,-0,36,-2,82,325741,8,32124,80,0,00,6524,8
56,673,-1039,33,0,74,-167,50,-17,12,-0,36,-2,82,325683,1,32124,27,0,00,6524,3
56,678,-1039,42,0,74,-167,52,-17,12,-0,35,-2,82,325624,3,32123,74,0,00,6523,7
56,683,-1039,50,0,73,-167,53,-17,12,-0,35,-2,82,325566,1,32123,20,0,00,6523,2
56,688,-1039,59,0,73,-167,54,-17,12,-0,35,-2,82,325508,2,32122,67,0,00,6522,7
56,693,-1039,68,0,73,-167,56,-17,12,-0,35,-2,82,325449,7,32122,13,0,00,6522,1
56,698,-1039,76,0,73,-167,57,-17,12,-0,35,-2,82,325391,8,32121,60,0,00,6521,6
56,703,-1039,85,0,73,-167,59,-17,12,-0,35,-2,82,325334,1,32121,07,0,00,6521,1
56,708,-1039,93,0,73,-167,60,-17,12,-0,35,-2,82,325276,8,32120,54,0,00,6520,5
56,713,-1040,02,0,72,-167,61,-17,12,-0,34,-2,82,325218,7,32120,00,0,00,6520,0
56,718,-1040,10,0,72,-167,63,-17,12,-0,34,-2,82,325161,8,32119,47,0,00,6519,5
56,723,-1040,19,0,72,-167,64,-17,12,-0,34,-2,82,325104,7,32118,94,0,00,6518,9
56,728,-1040,27,0,72,-167,66,-17,12,-0,34,-2,82,325047,3,32118,40,0,00,6518,4
56,733,-1040,36,0,72,-167,67,-17,12,-0,34,-2,82,324990,7,32117,87,0,00,6517,9
56,738,-1040,45,0,72,-167,69,-17,12,-0,34,-2,82,324934,3,32117,34,0,00,6517,3
56,743,-1040,53,0,71,-167,70,-17,12,-0,33,-2,82,324876,8,32116,80,0,00,6516,8
56,748,-1040,62,0,71,-167,71,-17,12,-0,33,-2,82,324821,2,32116,27,0,00,6516,3
56,753,-1040,70,0,71,-167,73,-17,12,-0,33,-2,82,324764,6,32115,74,0,00,6515,7
56,758,-1040,79,0,71,-167,74,-17,12,-0,33,-2,82,324708,3,32115,21,0,00,6515,2
56,763,-1040,87,0,71,-167,76,-17,12,-0,33,-2,82,324652,6,32114,68,0,00,6514,7
56,768,-1040,96,0,71,-167,77,-17,12,-0,33,-2,82,324597,1,32114,14,0,00,6514,1
56,773,-1041,04,0,70,-167,78,-17,12,-0,32,-2,82,324540,6,32113,61,0,00,6513,6
56,778,-1041,13,0,70,-167,80,-17,12,-0,32,-2,82,324486,0,32113,08,0,00,6513,1
56,783,-1041,22,0,70,-167,81,-17,12,-0,32,-2,82,324429,5,32112,55,0,00,6512,5
56,788,-1041,30,0,70,-167,83,-17,12,-0,32,-2,82,324375,4,32112,02,0,00,6512,0
56,793,-1041,39,0,70,-167,84,-17,12,-0,32,-2,82,324319,3,32111,48,0,00,6511,5
56,798,-1041,47,0,70,-167,85,-17,12,-0,32,-2,82,324265,3,32110,95,0,00,6511,0
56,803,-1041,56,0,69,-167,87,-17,12,-0,32,-2,82,324210,1,32110,42,0,00,6510,4
56,808,-1041,64,0,69,-167,88,-17,12,-0,31,-2,82,324155,1,32109,89,0,00,6509,9
56,813,-1041,73,0,69,-167,90,-17,12,-0,31,-2,82,324100,8,32109,36,0,00,6509,4
56,818,-1041,82,0,69,-167,91,-17,12,-0,31,-2,82,324046,8,32108,83,0,00,6508,8
56,823,-1041,90,0,69,-167,92,-17,12,-0,31,-2,82,323992,1,32108,29,0,00,6508,3
56,828,-1041,99,0,69,-167,94,-17,12,-0,31,-2,82,323938,0,32107,76,0,00,6507,8
56,833,-1042,07,0,69,-167,95,-17,12,-0,31,-2,82,323884,2,32107,23,0,00,6507,2
56,838,-1042,16,0,68,-167,97,-17,12,-0,31,-2,82,323830,6,32106,70,0,00,6506,7
56,843,-1042,24,0,68,-167,98,-17,12,-0,30,-2,82,323776,8,32106,17,0,00,6506,2
56,848,-1042,33,0,68,-168,00,-17,12,-0,30,-2,82,323723,2,32105,64,0,00,6505,6
56,853,-1042,41,0,68,-168,01,-17,12,-0,30,-2,82,323669,8,32105,11,0,00,6505,1
56,858,-1042,50,0,68,-168,02,-17,12,-0,30,-2,82,323616,7,32104,58,0,00,6504,6
56,863,-1042,59,0,68,-168,04,-17,12,-0,30,-2,82,323563,8,32104,05,0,00,6504,0
56,868,-1042,67,0,67,-168,05,-17,12,-0,30,-2,82,323510,6,32103,52,0,00,6503,5
56,873,-1042,76,0,67,-168,07,-17,12,-0,30,-2,82,323457,7,32102,99,0,00,6503,0
56,878,-1042,84,0,67,-168,08,-17,12,-0,30,-2,82,323405,4,32102,46,0,00,6502,5
56,883,-1042,93,0,67,-168,09,-17,12,-0,29,-2,82,323352,5,32101,93,0,00,6501,9
56,888,-1043,01,0,67,-168,11,-17,12,-0,29,-2,82,323300,2,32101,40,0,00,6501,4
56,893,-1043,10,0,67,-168,12,-17,12,-0,29,-2,82,323248,2,32100,87,0,00,6500,9
56,898,-1043,18,0,67,-168,14,-17,12,-0,29,-2,82,323195,9,32100,34,0,00,6500,3
56,903,-1043,27,0,66,-168,15,-17,12,-0,29,-2,82,323143,8,32099,81,0,00,6499,8
56,908,-1043,36,0,66,-168,16,-17,12,-0,29,-2,82,323092,0,32099,28,0,00,6499,3
56,913,-1043,44,0,66,-168,18,-17,12,-0,29,-2,82,323040,3,32098,75,0,00,6498,7
56,918,-1043,53,0,66,-168,19,-17,12,-0,28,-2,82,322988,9,32098,22,0,00,6498,2
56,923,-1043,61,0,66,-168,21,-17,12,-0,28,-2,82,322937,3,32097,69,0,00,6497,7
56,928,-1043,70,0,66,-168,22,-17,12,-0,28,-2,82,322886,3,32097,16,0,00,6497,2
56,933,-1043,78,0,66,-168,23,-17,12,-0,28,-2,82,322834,7,32096,63,0,00,6496,6
56,938,-1043,87,0,65,-168,25,-17,12,-0,28,-2,82,322784,1,32096,10,0,00,6496,1
56,943,-1043,95,0,65,-168,26,-17,12,-0,28,-2,82,322732,8,32095,57,0,00,6495,6
56,948,-1044,04,0,65,-168,28,-17,12,-0,28,-2,82,322682,7,32095,04,0,00,6495,0
56,953,-1044,13,0,65,-168,29,-17,12,-0,28,-2,82,322631,5,32094,52,0,00,6494,5
56,958,-1044,21,0,65,-168,30,-17,12,-0,27,-2,82,322581,3,32093,99,0,00,6494,0
56,963,-1044,30,0,65,-168,32,-17,12,-0,27,-2,82,322530,5,32093,46,0,00,6493,5
56,968,-1044,38,0,65,-168,33,-17,12,-0,27,-2,82,322481,2,32092,93,0,00,6492,9
56,973,-1044,47,0,65,-168,35,-17,12,-0,27,-2,82,322429,9,32092,40,0,00,6492,4
56,978,-1044,55,0,64,-168,36,-17,12,-0,27,-2,82,322381,0,32091,87,0,00,6491,9
56,983,-1044,64,0,64,-168,38,-17,12,-0,27,-2,82,322330,6,32091,34,0,00,6491,3
56,988,-1044,72,0,64,-168,39,-17,12,-0,27,-2,82,322281,3,32090,82,0,00,6490,8
56,993,-1044,81,0,64,-168,40,-17,12,-0,27,-2,82,322231,7,32090,29,0,00,6490,3
56,998,-1044,90,0,64,-168,42,-17,12,-0,27,-2,82,322181,9,32089,76,0,00,6489,8
57,003,-1044,98,0,64,-168,43,-17,12,-0,26,-2,82,322133,2,32089,23,0,00,6489,2
57,008,-1045,07,0,64,-168,45,-17,12,-0,26,-2,82,322083,8,32088,70,0,00,6488,7
57,013,-1045,15,0,63,-168,46,-17,12,-0,26,-2,82,322034,6,32088,18,0,00,6488,2
57,018,-1045,24,0,63,-168,47,-17,12,-0,26,-2,82,321986,0,32087,65,0,00,6487,6
57,023,-1045,32,0,63,-168,49,-17,12,-0,26,-2,82,321936,8,32087,12,0,00,6487,1
57,028,-1045,41,0,63,-168,50,-17,12,-0,26,-2,82,321888,7,32086,59,0,00,6486,6
57,033,-1045,49,0,63,-168,52,-17,12,-0,26,-2,82,321839,4,32086,06,0,00,6486,1
57,038,-1045,58,0,63,-168,53,-17,12,-0,26,-2,82,321792,1,32085,54,0,00,6485,5
57,043,-1045,67,0,63,-168,54,-17,12,-0,26,-2,82,321742,8,32085,01,0,00,6485,0
57,048,-1045,75,0,63,-168,56,-17,12,-0,25,-2,82,321695,4,32084,48,0,00,6484,5
57,053,-1045,84,0,62,-168,57,-17,12,-0,25,-2,82,321647,0,32083,95,0,00,6484,0
57,058,-1045,92,0,62,-168,59,-17,12,-0,25,-2,82,321599,6,32083,43,0,00,6483,4
57,063,-1046,01,0,62,-168,60,-17,12,-0,25,-2,82,321551,1,32082,90,0,00,6482,9
57,068,-1046,09,0,62,-168,61,-17,12,-0,25,-2,82,321504,6,32082,37,0,00,6482,4
57,073,-1046,18,0,62,-168,63,-17,12,-0,25,-2,82,321456,1,32081,85,0,00,6481,8
57,078,-1046,26,0,62,-168,64,-17,12,-0,25,-2,82,321409,0,32081,32,0,00,6481,3
57,083,-1046,35,0,62,-168,66,-17,11,-0,25,-2,82,321362,2,32080,79,0,00,6480,8
57,088,-1046,44,0,62,-168,67,-17,11,-0,25,-2,82,321314,8,32080,27,0,00,6480,3
57,093,-1046,52,0,61,-168,69,-17,11,-0,24,-2,82,321267,9,32079,74,0,00,6479,7
57,098,-1046,61,0,61,-168,70,-17,11,-0,24,-2,82,321220,8,32079,21,0,00,6479,2
57,103,-1046,69,0,61,-168,71,-17,11,-0,24,-2,82,321174,3,32078,69,0,00,6478,7
57,108,-1046,78,0,61,-168,73,-17,11,-0,24,-2,82,321127,6,32078,16,0,00,6478,2
57,113,-1046,86,0,61,-168,74,-17,11,-0,24,-2,82,321081,5,32077,63,0,00,6477,6
57,118,-1046,95,0,61,-168,76,-17,11,-0,24,-2,82,321034,7,32077,11,0,00,6477,1
57,123,-1047,03,0,61,-168,77,-17,11,-0,24,-2,82,320988,6,32076,58,0,00,6476,6
57,128,-1047,12,0,61,-168,78,-17,11,-0,24,-2,82,320942,2,32076,05,0,00,6476,1
57,133,-1047,21,0,60,-168,80,-17,11,-0,24,-2,82,320896,8,32075,53,0,00,6475,5
57,138,-1047,29,0,60,-168,81,-17,11,-0,24,-2,82,320850,4,32075,00,0,00,6475,0
57,143,-1047,38,0,60,-168,83,-17,11,-0,23,-2,82,320805,1,32074,48,0,00,6474,5
57,148,-1047,46,0,60,-168,84,-17,11,-0,23,-2,82,320759,0,32073,95,0,00,6474,0
57,153,-1047,55,0,60,-168,85,-17,11,-0,23,-2,82,320714,0,32073,42,0,00,6473,4
57,158,-1047,63,0,60,-168,87,-17,11,-0,23,-2,82,320668,3,32072,90,0,00,6472,9
57,163,-1047,72,0,60,-168,88,-17,11,-0,23,-2,82,320622,9,32072,37,0,00,6472,4
57,168,-1047,81,0,60,-168,90,-17,11,-0,23,-2,82,320578,4,32071,85,0,00,6471,8
57,173,-1047,89,0,60,-168,91,-17,11,-0,23,-2,82,320532,5,32071,32,0,00,6471,3
57,178,-1047,98,0,59,-168,92,-17,11,-0,23,-2,82,320488,4,32070,80,0,00,6470,8
57,183,-1048,06,0,59,-168,94,-17,11,-0,23,-2,82,320443,3,32070,27,0,00,6470,3
57,188,-1048,15,0,59,-168,95,-17,11,-0,23,-2,82,320398,7,32069,75,0,00,6469,7
57,193,-1048,23,0,59,-168,97,-17,11,-0,22,-2,82,320353,9,32069,22,0,00,6469,2
57,198,-1048,32,0,59,-168,98,-17,11,-0,22,-2,82,320309,8,32068,70,0,00,6468,7
57,203,-1048,40,0,59,-168,99,-17,11,-0,22,-2,82,320265,3,32068,17,0,00,6468,2
57,208,-1048,49,0,59,-169,01,-17,11,-0,22,-2,82,320221,5,32067,64,0,00,6467,6
57,213,-1048,58,0,59,-169,02,-17,11,-0,22,-2,82,320177,0,32067,12,0,00,6467,1
57,218,-1048,66,0,59,-169,04,-17,11,-0,22,-2,82,320133,2,32066,60,0,00,6466,6
57,223,-1048,75,0,58,-169,05,-17,11,-0,22,-2,82,320089,5,32066,07,0,00,6466,1
57,228,-1048,83,0,58,-169,07,-17,11,-0,22,-2,82,320045,5,32065,55,0,00,6465,5
57,233,-1048,92,0,58,-169,08,-17,11,-0,22,-2,82,320002,2,32065,02,0,00,6465,0
57,238,-1049,00,0,58,-169,09,-17,11,-0,22,-2,82,319958,6,32064,50,0,00,6464,5
57,243,-1049,09,0,58,-169,11,-17,11,-0,22,-2,82,319915,2,32063,97,0,00,6464,0
57,248,-1049,17,0,58,-169,12,-17,11,-0,22,-2,82,319872,0,32063,45,0,00,6463,4
57,253,-1049,26,0,58,-169,14,-17,11,-0,21,-2,82,319828,6,32062,92,0,00,6462,9
57,258,-1049,35,0,58,-169,15,-17,11,-0,21,-2,82,319786,1,32062,40,0,00,6462,4
57,263,-1049,43,0,58,-169,16,-17,11,-0,21,-2,82,319743,0,32061,88,0,00,6461,9
57,268,-1049,52,0,57,-169,18,-17,11,-0,21,-2,82,319700,1,32061,35,0,00,6461,4
57,273,-1049,60,0,57,-169,19,-17,11,-0,21,-2,82,319657,4,32060,83,0,00,6460,8
57,278,-1049,69,0,57,-169,21,-17,11,-0,21,-2,82,319615,2,32060,30,0,00,6460,3
57,283,-1049,77,0,57,-169,22,-17,11,-0,21,-2,82,319572,4,32059,78,0,00,6459,8
57,288,-1049,86,0,57,-169,23,-17,11,-0,21,-2,82,319530,2,32059,26,0,00,6459,3
57,293,-1049,94,0,57,-169,25,-17,11,-0,21,-2,82,319487,7,32058,73,0,00,6458,7
57,298,-1050,03,0,57,-169,26,-17,11,-0,21,-2,82,319446,3,32058,21,0,00,6458,2
57,303,-1050,12,0,57,-169,28,-17,11,-0,21,-2,82,319403,3,32057,68,0,00,6457,7
57,308,-1050,20,0,57,-169,29,-17,11,-0,21,-2,82,319362,3,32057,16,0,00,6457,2
57,313,-1050,29,0,56,-169,30,-17,11,-0,20,-2,82,319320,5,32056,64,0,00,6456,6
57,318,-1050,37,0,56,-169,32,-17,11,-0,20,-2,82,319278,4,32056,11,0,00,6456,1
57,323,-1050,46,0,56,-169,33,-17,11,-0,20,-2,82,319237,0,32055,59,0,00,6455,6
57,328,-1050,54,0,56,-169,35,-17,11,-0,20,-2,82,319195,3,32055,07,0,00,6455,1
57,333,-1050,63,0,56,-169,36,-17,11,-0,20,-2,82,319154,7,32054,54,0,00,6454,5
57,338,-1050,71,0,56,-169,38,-17,11,-0,20,-2,82,319112,9,32054,02,0,00,6454,0
57,343,-1050,80,0,56,-169,39,-17,11,-0,20,-2,82,319071,8,32053,50,0,00,6453,5
57,348,-1050,89,0,56,-169,40,-17,11,-0,20,-2,82,319031,2,32052,97,0,00,6453,0
57,353,-1050,97,0,56,-169,42,-17,11,-0,20,-2,82,318990,0,32052,45,0,00,6452,5
57,358,-1051,06,0,56,-169,43,-17,11,-0,20,-2,81,318949,8,32051,93,0,00,6451,9
57,363,-1051,14,0,55,-169,45,-17,11,-0,20,-2,81,318908,4,32051,41,0,00,6451,4
57,368,-1051,23,0,55,-169,46,-17,11,-0,20,-2,81,318868,1,32050,88,0,00,6450,9
57,373,-1051,31,0,55,-169,47,-17,11,-0,20,-2,81,318827,9,32050,36,0,00,6450,4
57,378,-1051,40,0,55,-169,49,-17,11,-0,20,-2,81,318787,1,32049,84,0,00,6449,8
57,383,-1051,48,0,55,-169,50,-17,11,-0,19,-2,81,318747,3,32049,32,0,00,6449,3
57,388,-1051,57,0,55,-169,52,-17,11,-0,19,-2,81,318706,8,32048,79,0,00,6448,8
57,393,-1051,66,0,55,-169,53,-17,11,-0,19,-2,81,318667,4,32048,27,0,00,6448,3
57,398,-1051,74,0,55,-169,54,-17,11,-0,19,-2,81,318626,8,32047,75,0,00,6447,7
57,403,-1051,83,0,55,-169,56,-17,11,-0,19,-2,81,318587,6,32047,23,0,00,6447,2
57,408,-1051,91,0,55,-169,57,-17,11,-0,19,-2,81,318547,4,32046,70,0,00,6446,7
57,413,-1052,00,0,55,-169,59,-17,11,-0,19,-2,81,318508,6,32046,18,0,00,6446,2
57,418,-1052,08,0,54,-169,60,-17,11,-0,19,-2,81,318468,2,32045,66,0,00,6445,7
57,423,-1052,17,0,54,-169,61,-17,11,-0,19,-2,81,318429,3,32045,14,0,00,6445,1
57,428,-1052,25,0,54,-169,63,-17,11,-0,19,-2,81,318389,7,32044,62,0,00,6444,6
57,433,-1052,34,0,54,-169,64,-17,11,-0,19,-2,81,318351,1,32044,09,0,00,6444,1
57,438,-1052,43,0,54,-169,66,-17,11,-0,19,-2,81,318311,4,32043,57,0,00,6443,6
57,443,-1052,51,0,54,-169,67,-17,11,-0,19,-2,81,318273,2,32043,05,0,00,6443,0
57,448,-1052,60,0,54,-169,68,-17,11,-0,19,-2,81,318233,8,32042,53,0,00,6442,5
57,453,-1052,68,0,54,-169,70,-17,11,-0,19,-2,81,318195,0,32042,01,0,00,6442,0
57,458,-1052,77,0,54,-169,71,-17,11,-0,18,-2,81,318156,8,32041,48,0,00,6441,5
57,463,-1052,85,0,54,-169,73,-17,11,-0,18,-2,81,318117,9,32040,96,0,00,6441,0
57,468,-1052,94,0,53,-169,74,-17,11,-0,18,-2,81,318079,7,32040,44,0,00,6440,4
57,473,-1053,02,0,53,-169,75,-17,11,-0,18,-2,81,318041,1,32039,92,0,00,6439,9
57,478,-1053,11,0,53,-169,77,-17,11,-0,18,-2,81,318003,1,32039,40,0,00,6439,4
57,483,-1053,20,0,53,-169,78,-17,11,-0,18,-2,81,317965,3,32038,88,0,00,6438,9
57,488,-1053,28,0,53,-169,80,-17,11,-0,18,-2,81,317926,3,32038,36,0,00,6438,4
57,493,-1053,37,0,53,-169,81,-17,11,-0,18,-2,81,317889,7,32037,84,0,00,6437,8
57,498,-1053,45,0,53,-169,83,-17,11,-0,18,-2,81,317850,7,32037,31,0,00,6437,3
57,503,-1053,54,0,53,-169,84,-17,11,-0,18,-2,81,317813,9,32036,79,0,00,6436,8
57,508,-1053,62,0,53,-169,85,-17,11,-0,18,-2,81,317775,6,32036,27,0,00,6436,3
57,513,-1053,71,0,53,-169,87,-17,11,-0,18,-2,81,317738,3,32035,75,0,00,6435,8
57,518,-1053,80,0,53,-169,88,-17,11,-0,18,-2,81,317701,1,32035,23,0,00,6435,2
57,523,-1053,88,0,53,-169,90,-17,11,-0,18,-2,81,317663,7,32034,71,0,00,6434,7
57,528,-1053,97,0,52,-169,91,-17,11,-0,18,-2,81,317626,4,32034,19,0,00,6434,2
57,533,-1054,05,0,52,-169,92,-17,11,-0,18,-2,81,317589,4,32033,67,0,00,6433,7
57,538,-1054,14,0,52,-169,94,-17,11,-0,18,-2,81,317552,0,32033,15,0,00,6433,1
57,543,-1054,22,0,52,-169,95,-17,11,-0,18,-2,81,317515,6,32032,63,0,00,6432,6
57,548,-1054,31,0,52,-169,97,-17,11,-0,17,-2,81,317478,6,32032,11,0,00,6432,1
57,553,-1054,39,0,52,-169,98,-17,11,-0,17,-2,81,317442,1,32031,59,0,00,6431,6
57,558,-1054,48,0,52,-169,99,-17,11,-0,17,-2,81,317404,9,32031,07,0,00,6431,1
57,563,-1054,57,0,52,-170,01,-17,11,-0,17,-2,81,317369,2,32030,54,0,00,6430,5
57,568,-1054,65,0,52,-170,02,-17,11,-0,17,-2,81,317332,3,32030,03,0,00,6430,0
57,573,-1054,74,0,52,-170,04,-17,11,-0,17,-2,81,317296,0,32029,51,0,00,6429,5
57,578,-1054,82,0,52,-170,05,-17,11,-0,17,-2,81,317259,8,32028,98,0,00,6429,0
57,583,-1054,91,0,51,-170,06,-17,11,-0,17,-2,81,317223,8,32028,46,0,00,6428,5
57,588,-1054,99,0,51,-170,08,-17,11,-0,17,-2,81,317187,6,32027,95,0,00,6427,9
57,593,-1055,08,0,51,-170,09,-17,11,-0,17,-2,81,317151,9,32027,43,0,00,6427,4
57,598,-1055,16,0,51,-170,11,-17,11,-0,17,-2,81,317115,9,32026,91,0,00,6426,9
57,603,-1055,25,0,51,-170,12,-17,11,-0,17,-2,81,317080,5,32026,38,0,00,6426,4
57,608,-1055,34,0,51,-170,13,-17,11,-0,17,-2,81,317044,4,32025,87,0,00,6425,9
57,613,-1055,42,0,51,-170,15,-17,11,-0,17,-2,81,317008,9,32025,35,0,00,6425,3
57,618,-1055,51,0,51,-170,16,-17,11,-0,17,-2,81,316973,9,32024,83,0,00,6424,8
57,623,-1055,59,0,51,-170,18,-17,11,-0,17,-2,81,316937,8,32024,31,0,00,6424,3
57,628,-1055,68,0,51,-170,19,-17,11,-0,17,-2,81,316903,2,32023,79,0,00,6423,8
57,633,-1055,76,0,51,-170,21,-17,11,-0,17,-2,81,316867,8,32023,27,0,00,6423,3
57,638,-1055,85,0,51,-170,22,-17,11,-0,17,-2,81,316832,7,32022,75,0,00,6422,7
57,643,-1055,93,0,50,-170,23,-17,11,-0,17,-2,81,316797,6,32022,23,0,00,6422,2
57,648,-1056,02,0,50,-170,25,-17,11,-0,17,-2,81,316763,1,32021,71,0,00,6421,7
57,653,-1056,11,0,50,-170,26,-17,11,-0,16,-2,81,316728,3,32021,19,0,00,6421,2
57,658,-1056,19,0,50,-170,28,-17,11,-0,16,-2,81,316693,3,32020,67,0,00,6420,7
57,663,-1056,28,0,50,-170,29,-17,11,-0,16,-2,81,316658,8,32020,15,0,00,6420,2
57,668,-1056,36,0,50,-170,30,-17,11,-0,16,-2,81,316624,5,32019,63,0,00,6419,6
57,673,-1056,45,0,50,-170,32,-17,11,-0,16,-2,81,316589,8,32019,11,0,00,6419,1
57,678,-1056,53,0,50,-170,33,-17,11,-0,16,-2,81,316555,8,32018,60,0,00,6418,6
57,683,-1056,62,0,50,-170,35,-17,11,-0,16,-2,81,316521,5,32018,08,0,00,6418,1
57,688,-1056,70,0,50,-170,36,-17,11,-0,16,-2,81,316487,3,32017,56,0,00,6417,6
57,693,-1056,79,0,50,-170,37,-17,11,-0,16,-2,81,316453,3,32017,04,0,00,6417,0
57,698,-1056,88,0,50,-170,39,-17,11,-0,16,-2,81,316418,9,32016,52,0,00,6416,5
57,703,-1056,96,0,49,-170,40,-17,11,-0,16,-2,81,316386,1,32016,00,0,00,6416,0
57,708,-1057,05,0,49,-170,42,-17,11,-0,16,-2,81,316351,2,32015,48,0,00,6415,5
57,713,-1057,13,0,49,-170,43,-17,11,-0,16,-2,81,316318,5,32014,96,0,00,6415,0
57,718,-1057,22,0,49,-170,44,-17,11,-0,16,-2,81,316283,9,32014,45,0,00,6414,4
57,723,-1057,30,0,49,-170,46,-17,11,-0,16,-2,81,316251,6,32013,93,0,00,6413,9
57,728,-1057,39,0,49,-170,47,-17,11,-0,16,-2,81,316217,3,32013,41,0,00,6413,4
57,733,-1057,47,0,49,-170,49,-17,11,-0,16,-2,81,316184,3,32012,89,0,00,6412,9
57,738,-1057,56,0,49,-170,50,-17,11,-0,16,-2,81,316151,2,32012,37,0,00,6412,4
57,743,-1057,65,0,49,-170,51,-17,11,-0,16,-2,81,316117,7,32011,85,0,00,6411,9
57,748,-1057,73,0,49,-170,53,-17,11,-0,16,-2,81,316085,2,32011,34,0,00,6411,3
57,753,-1057,82,0,49,-170,54,-17,11,-0,16,-2,81,316052,0,32010,82,0,00,6410,8
57,758,-1057,90,0,49,-170,56,-17,11,-0,16,-2,81,316018,9,32010,30,0,00,6410,3
57,763,-1057,99,0,49,-170,57,-17,11,-0,16,-2,81,315986,4,32009,78,0,00,6409,8
57,768,-1058,07,0,48,-170,58,-17,11,-0,16,-2,81,315953,6,32009,26,0,00,6409,3
57,773,-1058,16,0,48,-170,60,-17,11,-0,16,-2,81,315921,0,32008,75,0,00,6408,7
57,778,-1058,24,0,48,-170,61,-17,11,-0,16,-2,81,315888,5,32008,23,0,00,6408,2
57,783,-1058,33,0,48,-170,63,-17,11,-0,16,-2,81,315856,5,32007,71,0,00,6407,7
57,788,-1058,42,0,48,-170,64,-17,10,-0,15,-2,81,315823,4,32007,19,0,00,6407,2
57,793,-1058,50,0,48,-170,66,-17,10,-0,15,-2,81,315791,7,32006,68,0,00,6406,7
57,798,-1058,59,0,48,-170,67,-17,10,-0,15,-2,81,315759,3,32006,16,0,00,6406,2
57,803,-1058,67,0,48,-170,68,-17,10,-0,15,-2,81,315727,5,32005,64,0,00,6405,6
57,808,-1058,76,0,48,-170,70,-17,10,-0,15,-2,81,315695,4,32005,12,0,00,6405,1
57,813,-1058,84,0,48,-170,71,-17,10,-0,15,-2,81,315663,4,32004,61,0,00,6404,6
57,818,-1058,93,0,48,-170,73,-17,10,-0,15,-2,81,315631,5,32004,09,0,00,6404,1
57,823,-1059,01,0,48,-170,74,-17,10,-0,15,-2,81,315600,2,32003,57,0,00,6403,6
57,828,-1059,10,0,48,-170,75,-17,10,-0,15,-2,81,315568,2,32003,05,0,00,6403,1
57,833,-1059,19,0,47,-170,77,-17,10,-0,15,-2,81,315536,8,32002,54,0,00,6402,5
57,838,-1059,27,0,47,-170,78,-17,10,-0,15,-2,81,315505,4,32002,02,0,00,6402,0
57,843,-1059,36,0,47,-170,80,-17,10,-0,15,-2,81,315473,8,32001,50,0,00,6401,5
57,848,-1059,44,0,47,-170,81,-17,10,-0,15,-2,81,315442,8,32000,98,0,00,6401,0
57,853,-1059,53,0,47,-170,82,-17,10,-0,15,-2,81,315411,0,32000,47,0,00,6400,5
57,858,-1059,61,0,47,-170,84,-17,10,-0,15,-2,81,315380,6,31999,95,0,00,6399,9
57,863,-1059,70,0,47,-170,85,-17,10,-0,15,-2,81,315349,1,31999,43,0,00,6399,4
57,868,-1059,79,0,47,-170,87,-17,10,-0,15,-2,81,315318,5,31998,91,0,00,6398,9
57,873,-1059,87,0,47,-170,88,-17,10,-0,15,-2,81,315287,3,31998,40,0,00,6398,4
57,878,-1059,96,0,47,-170,89,-17,10,-0,15,-2,81,315257,0,31997,88,0,00,6397,9
57,883,-1060,04,0,47,-170,91,-17,10,-0,15,-2,81,315225,6,31997,37,0,00,6397,4
57,888,-1060,13,0,47,-170,92,-17,10,-0,15,-2,81,315195,6,31996,85,0,00,6396,8
57,893,-1060,21,0,47,-170,94,-17,10,-0,15,-2,81,315164,8,31996,33,0,00,6396,3
57,898,-1060,30,0,46,-170,95,-17,10,-0,15,-2,81,315134,2,31995,81,0,00,6395,8
57,903,-1060,38,0,46,-170,96,-17,10,-0,15,-2,81,315104,1,31995,30,0,00,6395,3
57,908,-1060,47,0,46,-170,98,-17,10,-0,15,-2,81,315073,3,31994,78,0,00,6394,8
57,913,-1060,56,0,46,-170,99,-17,10,-0,15,-2,81,315043,5,31994,27,0,00,6394,3
57,918,-1060,64,0,46,-171,01,-17,10,-0,15,-2,81,315013,4,31993,75,0,00,6393,7
57,923,-1060,73,0,46,-171,02,-17,10,-0,15,-2,81,314983,5,31993,23,0,00,6393,2
57,928,-1060,81,0,46,-171,04,-17,10,-0,15,-2,81,314953,2,31992,71,0,00,6392,7
57,933,-1060,90,0,46,-171,05,-17,10,-0,15,-2,81,314923,5,31992,20,0,00,6392,2
57,938,-1060,98,0,46,-171,06,-17,10,-0,15,-2,81,314893,4,31991,68,0,00,6391,7
57,943,-1061,07,0,46,-171,08,-17,10,-0,15,-2,81,314864,0,31991,17,0,00,6391,2
57,948,-1061,15,0,46,-171,09,-17,10,-0,15,-2,81,314834,2,31990,65,0,00,6390,7
57,953,-1061,24,0,46,-171,11,-17,10,-0,15,-2,81,314805,0,31990,13,0,00,6390,1
57,958,-1061,33,0,46,-171,12,-17,10,-0,15,-2,81,314775,0,31989,62,0,00,6389,6
57,963,-1061,41,0,46,-171,13,-17,10,-0,15,-2,81,314746,1,31989,10,0,00,6389,1
57,968,-1061,50,0,45,-171,15,-17,10,-0,15,-2,81,314716,4,31988,59,0,00,6388,6
57,973,-1061,58,0,45,-171,16,-17,10,-0,15,-2,81,314687,2,31988,07,0,00,6388,1
57,978,-1061,67,0,45,-171,18,-17,10,-0,15,-2,81,314658,2,31987,55,0,00,6387,6
57,983,-1061,75,0,45,-171,19,-17,10,-0,15,-2,81,314629,3,31987,04,0,00,6387,0
57,988,-1061,84,0,45,-171,20,-17,10,-0,15,-2,81,314599,6,31986,52,0,00,6386,5
57,993,-1061,92,0,45,-171,22,-17,10,-0,15,-2,81,314571,4,31986,01,0,00,6386,0
57,998,-1062,01,0,45,-171,23,-17,10,-0,15,-2,81,314542,0,31985,49,0,00,6385,5
58,003,-1062,10,0,45,-171,25,-17,10,-0,15,-2,81,314513,6,31984,98,0,00,6385,0
58,008,-1062,18,0,45,-171,26,-17,10,-0,15,-2,81,314484,9,31984,46,0,00,6384,5
58,013,-1062,27,0,45,-171,27,-17,10,-0,15,-2,81,314456,3,31983,95,0,00,6383,9
58,018,-1062,35,0,45,-171,29,-17,10,-0,15,-2,81,314427,8,31983,43,0,00,6383,4
58,023,-1062,44,0,45,-171,30,-17,10,-0,15,-2,81,314399,0,31982,91,0,00,6382,9
58,028,-1062,52,0,45,-171,32,-17,10,-0,15,-2,81,314370,8,31982,40,0,00,6382,4
58,033,-1062,61,0,44,-171,33,-17,10,-0,14,-2,81,314342,7,31981,88,0,00,6381,9
58,038,-1062,69,0,44,-171,34,-17,10,-0,14,-2,81,314314,3,31981,37,0,00,6381,4
58,043,-1062,78,0,44,-171,36,-17,10,-0,14,-2,81,314286,4,31980,85,0,00,6380,9
58,048,-1062,86,0,44,-171,37,-17,10,-0,14,-2,81,314258,2,31980,34,0,00,6380,3
58,053,-1062,95,0,44,-171,39,-17,10,-0,14,-2,81,314230,1,31979,82,0,00,6379,8
58,058,-1063,04,0,44,-171,40,-17,10,-0,14,-2,81,314202,2,31979,31,0,00,6379,3
58,063,-1063,12,0,44,-171,41,-17,10,-0,14,-2,81,314174,4,31978,79,0,00,6378,8
58,068,-1063,21,0,44,-171,43,-17,10,-0,14,-2,81,314146,7,31978,28,0,00,6378,3
58,073,-1063,29,0,44,-171,44,-17,10,-0,14,-2,81,314119,1,31977,76,0,00,6377,8
58,078,-1063,38,0,44,-171,46,-17,10,-0,14,-2,81,314091,1,31977,25,0,00,6377,2
58,083,-1063,46,0,44,-171,47,-17,10,-0,14,-2,81,314063,8,31976,73,0,00,6376,7
58,088,-1063,55,0,44,-171,49,-17,10,-0,14,-2,81,314036,5,31976,22,0,00,6376,2
58,093,-1063,63,0,44,-171,50,-17,10,-0,14,-2,81,314008,6,31975,70,0,00,6375,7
58,098,-1063,72,0,44,-171,51,-17,10,-0,14,-2,81,313982,0,31975,19,0,00,6375,2
58,103,-1063,80,0,43,-171,53,-17,10,-0,14,-2,81,313954,2,31974,67,0,00,6374,7
58,108,-1063,89,0,43,-171,54,-17,10,-0,14,-2,81,313927,4,31974,16,0,00,6374,2
58,113,-1063,97,0,43,-171,56,-17,10,-0,14,-2,81,313899,9,31973,64,0,00,6373,6
58,118,-1064,06,0,43,-171,57,-17,10,-0,14,-2,81,313873,4,31973,13,0,00,6373,1
58,123,-1064,15,0,43,-171,58,-17,10,-0,14,-2,81,313846,1,31972,62,0,00,6372,6
58,128,-1064,23,0,43,-171,60,-17,10,-0,14,-2,81,313819,3,31972,10,0,00,6372,1
58,133,-1064,32,0,43,-171,61,-17,10,-0,14,-2,81,313792,3,31971,59,0,00,6371,6
58,138,-1064,40,0,43,-171,63,-17,10,-0,14,-2,81,313766,2,31971,07,0,00,6371,1
58,143,-1064,49,0,43,-171,64,-17,10,-0,14,-2,81,313738,9,31970,56,0,00,6370,6
58,148,-1064,57,0,43,-171,65,-17,10,-0,14,-2,81,313712,6,31970,04,0,00,6370,0
58,153,-1064,66,0,43,-171,67,-17,10,-0,14,-2,81,313686,0,31969,53,0,00,6369,5
58,158,-1064,74,0,43,-171,68,-17,10,-0,14,-2,81,313659,9,31969,02,0,00,6369,0
58,163,-1064,83,0,43,-171,70,-17,10,-0,14,-2,81,313633,1,31968,50,0,00,6368,5
58,168,-1064,91,0,43,-171,71,-17,10,-0,14,-2,81,313606,8,31967,99,0,00,6368,0
58,173,-1065,00,0,42,-171,72,-17,10,-0,14,-2,81,313580,7,31967,47,0,00,6367,5
58,178,-1065,09,0,42,-171,74,-17,10,-0,14,-2,81,313555,1,31966,96,0,00,6367,0
58,183,-1065,17,0,42,-171,75,-17,10,-0,14,-2,81,313528,3,31966,45,0,00,6366,4
58,188,-1065,26,0,42,-171,77,-17,10,-0,14,-2,81,313502,4,31965,93,0,00,6365,9
58,193,-1065,34,0,42,-171,78,-17,10,-0,14,-2,81,313476,7,31965,42,0,00,6365,4
58,198,-1065,43,0,42,-171,79,-17,10,-0,14,-2,81,313450,7,31964,90,0,00,6364,9
58,203,-1065,51,0,42,-171,81,-17,10,-0,14,-2,81,313425,2,31964,39,0,00,6364,4
58,208,-1065,60,0,42,-171,82,-17,10,-0,14,-2,81,313398,9,31963,88,0,00,6363,9
58,213,-1065,68,0,42,-171,84,-17,10,-0,14,-2,81,313374,1,31963,36,0,00,6363,4
58,218,-1065,77,0,42,-171,85,-17,10,-0,14,-2,81,313347,6,31962,85,0,00,6362,8
58,223,-1065,85,0,42,-171,87,-17,10,-0,14,-2,81,313322,6,31962,33,0,00,6362,3
58,228,-1065,94,0,42,-171,88,-17,10,-0,14,-2,81,313297,2,31961,82,0,00,6361,8
58,233,-1066,03,0,42,-171,89,-17,10,-0,14,-2,81,313271,5,31961,31,0,00,6361,3
58,238,-1066,11,0,42,-171,91,-17,10,-0,14,-2,81,313246,8,31960,79,0,00,6360,8
58,243,-1066,20,0,41,-171,92,-17,10,-0,14,-2,81,313220,8,31960,28,0,00,6360,3
58,248,-1066,28,0,41,-171,94,-17,10,-0,14,-2,81,313196,3,31959,77,0,00,6359,8
58,253,-1066,37,0,41,-171,95,-17,10,-0,14,-2,81,313170,6,31959,25,0,00,6359,3
58,258,-1066,45,0,41,-171,96,-17,10,-0,14,-2,81,313145,9,31958,74,0,00,6358,7
58,263,-1066,54,0,41,-171,98,-17,10,-0,14,-2,81,313121,2,31958,23,0,00,6358,2
58,268,-1066,62,0,41,-171,99,-17,10,-0,14,-2,81,313095,8,31957,71,0,00,6357,7
58,273,-1066,71,0,41,-172,01,-17,10,-0,14,-2,81,313071,0,31957,20,0,00,6357,2
58,278,-1066,79,0,41,-172,02,-17,10,-0,14,-2,81,313046,7,31956,69,0,00,6356,7
58,283,-1066,88,0,41,-172,03,-17,10,-0,14,-2,81,313021,6,31956,17,0,00,6356,2
58,288,-1066,97,0,41,-172,05,-17,10,-0,14,-2,81,312997,5,31955,66,0,00,6355,7
58,293,-1067,05,0,41,-172,06,-17,10,-0,14,-2,81,312972,2,31955,15,0,00,6355,1
58,298,-1067,14,0,41,-172,08,-17,10,-0,14,-2,81,312948,3,31954,63,0,00,6354,6
58,303,-1067,22,0,41,-172,09,-17,10,-0,14,-2,81,312923,7,31954,12,0,00,6354,1
58,308,-1067,31,0,41,-172,10,-17,10,-0,14,-2,81,312899,1,31953,61,0,00,6353,6
58,313,-1067,39,0,40,-172,12,-17,10,-0,14,-2,81,312875,1,31953,10,0,00,6353,1
58,318,-1067,48,0,40,-172,13,-17,10,-0,14,-2,81,312850,8,31952,58,0,00,6352,6
58,323,-1067,56,0,40,-172,15,-17,10,-0,14,-2,81,312827,0,31952,07,0,00,6352,1
58,328,-1067,65,0,40,-172,16,-17,10,-0,14,-2,81,312802,4,31951,56,0,00,6351,6
58,333,-1067,73,0,40,-172,17,-17,10,-0,14,-2,81,312778,4,31951,04,0,00,6351,0
58,338,-1067,82,0,40,-172,19,-17,10,-0,14,-2,81,312754,9,31950,53,0,00,6350,5
58,343,-1067,91,0,40,-172,20,-17,10,-0,14,-2,81,312730,7,31950,02,0,00,6350,0
58,348,-1067,99,0,40,-172,22,-17,10,-0,14,-2,81,312706,9,31949,51,0,00,6349,5
58,353,-1068,08,0,40,-172,23,-17,10,-0,14,-2,81,312683,3,31948,99,0,00,6349,0
58,358,-1068,16,0,40,-172,24,-17,10,-0,14,-2,81,312659,4,31948,48,0,00,6348,5
58,363,-1068,25,0,40,-172,26,-17,10,-0,15,-2,81,312635,5,31947,97,0,00,6348,0
58,368,-1068,33,0,40,-172,27,-17,10,-0,15,-2,81,312612,6,31947,46,0,00,6347,5
58,373,-1068,42,0,40,-172,29,-17,10,-0,15,-2,81,312588,5,31946,94,0,00,6346,9
58,378,-1068,50,0,40,-172,30,-17,10,-0,15,-2,81,312565,4,31946,43,0,00,6346,4
58,383,-1068,59,0,39,-172,31,-17,10,-0,15,-2,81,312542,0,31945,92,0,00,6345,9
58,388,-1068,67,0,39,-172,33,-17,10,-0,15,-2,81,312518,6,31945,41,0,00,6345,4
58,393,-1068,76,0,39,-172,34,-17,10,-0,15,-2,81,312495,8,31944,89,0,00,6344,9
58,398,-1068,85,0,39,-172,36,-17,10,-0,15,-2,81,312471,8,31944,38,0,00,6344,4
58,403,-1068,93,0,39,-172,37,-17,10,-0,15,-2,81,312449,6,31943,87,0,00,6343,9
58,408,-1069,02,0,39,-172,39,-17,10,-0,15,-2,81,312425,4,31943,36,0,00,6343,4
58,413,-1069,10,0,39,-172,40,-17,10,-0,15,-2,81,312403,8,31942,85,0,00,6342,8
58,418,-1069,19,0,39,-172,41,-17,10,-0,15,-2,81,312379,8,31942,33,0,00,6342,3
58,423,-1069,27,0,39,-172,43,-17,10,-0,15,-2,81,312357,5,31941,82,0,00,6341,8
58,428,-1069,36,0,39,-172,44,-17,10,-0,15,-2,81,312334,1,31941,31,0,00,6341,3
58,433,-1069,44,0,39,-172,46,-17,10,-0,15,-2,81,312312,1,31940,80,0,00,6340,8
58,438,-1069,53,0,39,-172,47,-17,10,-0,15,-2,81,312288,9,31940,29,0,00,6340,3
58,443,-1069,61,0,39,-172,48,-17,10,-0,15,-2,81,312266,6,31939,77,0,00,6339,8
58,448,-1069,70,0,38,-172,50,-17,10,-0,15,-2,81,312244,0,31939,26,0,00,6339,3
58,453,-1069,79,0,38,-172,51,-17,10,-0,15,-2,81,312221,5,31938,75,0,00,6338,7
58,458,-1069,87,0,38,-172,53,-17,10,-0,15,-2,81,312198,7,31938,24,0,00,6338,2
58,463,-1069,96,0,38,-172,54,-17,10,-0,15,-2,81,312176,8,31937,73,0,00,6337,7
58,468,-1070,04,0,38,-172,55,-17,10,-0,15,-2,81,312154,6,31937,21,0,00,6337,2
58,473,-1070,13,0,38,-172,57,-17,10,-0,15,-2,81,312132,0,31936,70,0,00,6336,7
58,478,-1070,21,0,38,-172,58,-17,09,-0,15,-2,81,312109,6,31936,19,0,00,6336,2
58,483,-1070,30,0,38,-172,60,-17,09,-0,15,-2,81,312088,1,31935,68,0,00,6335,7
58,488,-1070,38,0,38,-172,61,-17,09,-0,15,-2,81,312065,8,31935,17,0,00,6335,2
58,493,-1070,47,0,38,-172,62,-17,09,-0,15,-2,81,312043,6,31934,66,0,00,6334,7
58,498,-1070,55,0,38,-172,64,-17,09,-0,15,-2,81,312022,0,31934,14,0,00,6334,1
58,503,-1070,64,0,38,-172,65,-17,09,-0,15,-2,81,311999,6,31933,63,0,00,6333,6
58,508,-1070,73,0,38,-172,67,-17,09,-0,15,-2,81,311978,1,31933,12,0,00,6333,1
58,513,-1070,81,0,38,-172,68,-17,09,-0,15,-2,81,311956,3,31932,61,0,00,6332,6
58,518,-1070,90,0,37,-172,69,-17,09,-0,15,-2,81,311935,0,31932,10,0,00,6332,1
58,523,-1070,98,0,37,-172,71,-17,09,-0,15,-2,81,311912,6,31931,59,0,00,6331,6
58,528,-1071,07,0,37,-172,72,-17,09,-0,15,-2,81,311891,5,31931,08,0,00,6331,1
58,533,-1071,15,0,37,-172,74,-17,09,-0,15,-2,81,311870,1,31930,56,0,00,6330,6
58,538,-1071,24,0,37,-172,75,-17,09,-0,15,-2,81,311848,3,31930,05,0,00,6330,1
58,543,-1071,32,0,37,-172,76,-17,09,-0,15,-2,81,311827,0,31929,54,0,00,6329,5
58,548,-1071,41,0,37,-172,78,-17,09,-0,15,-2,81,311805,5,31929,03,0,00,6329,0
58,553,-1071,49,0,37,-172,79,-17,09,-0,15,-2,81,311784,8,31928,52,0,00,6328,5
58,558,-1071,58,0,37,-172,81,-17,09,-0,15,-2,81,311762,6,31928,01,0,00,6328,0
58,563,-1071,67,0,37,-172,82,-17,09,-0,15,-2,81,311742,6,31927,50,0,00,6327,5
58,568,-1071,75,0,37,-172,83,-17,09,-0,15,-2,81,311720,5,31926,99,0,00,6327,0
58,573,-1071,84,0,37,-172,85,-17,09,-0,15,-2,81,311699,8,31926,47,0,00,6326,5
58,578,-1071,92,0,37,-172,86,-17,09,-0,15,-2,81,311679,2,31925,96,0,00,6326,0
58,583,-1072,01,0,36,-172,88,-17,09,-0,15,-2,81,311657,4,31925,45,0,00,6325,5
58,588,-1072,09,0,36,-172,89,-17,09,-0,15,-2,81,311637,4,31924,94,0,00,6324,9
58,593,-1072,18,0,36,-172,91,-17,09,-0,15,-2,81,311616,2,31924,43,0,00,6324,4
58,598,-1072,26,0,36,-172,92,-17,09,-0,15,-2,81,311595,1,31923,92,0,00,6323,9
58,603,-1072,35,0,36,-172,93,-17,09,-0,15,-2,81,311574,9,31923,41,0,00,6323,4
58,608,-1072,43,0,36,-172,95,-17,09,-0,15,-2,81,311554,0,31922,90,0,00,6322,9
58,613,-1072,52,0,36,-172,96,-17,09,-0,15,-2,81,311533,5,31922,39,0,00,6322,4
58,618,-1072,61,0,36,-172,98,-17,09,-0,15,-2,81,311512,8,31921,88,0,00,6321,9
58,623,-1072,69,0,36,-172,99,-17,09,-0,15,-2,81,311492,6,31921,37,0,00,6321,4
58,628,-1072,78,0,36,-173,00,-17,09,-0,15,-2,81,311472,0,31920,86,0,00,6320,9
58,633,-1072,86,0,36,-173,02,-17,09,-0,15,-2,81,311451,5,31920,35,0,00,6320,3
58,638,-1072,95,0,36,-173,03,-17,09,-0,16,-2,81,311431,1,31919,84,0,00,6319,8
58,643,-1073,03,0,36,-173,05,-17,09,-0,16,-2,81,311411,2,31919,32,0,00,6319,3
58,648,-1073,12,0,35,-173,06,-17,09,-0,16,-2,81,311391,0,31918,81,0,00,6318,8
58,653,-1073,20,0,35,-173,07,-17,09,-0,16,-2,81,311370,4,31918,30,0,00,6318,3
58,658,-1073,29,0,35,-173,09,-17,09,-0,16,-2,81,311350,8,31917,79,0,00,6317,8
58,663,-1073,37,0,35,-173,10,-17,09,-0,16,-2,81,311330,8,31917,28,0,00,6317,3
58,668,-1073,46,0,35,-173,12,-17,09,-0,16,-2,81,311310,5,31916,77,0,00,6316,8
58,673,-1073,55,0,35,-173,13,-17,09,-0,16,-2,81,311290,3,31916,26,0,00,6316,3
58,678,-1073,63,0,35,-173,14,-17,09,-0,16,-2,81,311271,4,31915,75,0,00,6315,8
58,683,-1073,72,0,35,-173,16,-17,09,-0,16,-2,81,311250,5,31915,24,0,00,6315,2
58,688,-1073,80,0,35,-173,17,-17,09,-0,16,-2,81,311231,4,31914,73,0,00,6314,7
58,693,-1073,89,0,35,-173,19,-17,09,-0,16,-2,81,311211,5,31914,22,0,00,6314,2
58,698,-1073,97,0,35,-173,20,-17,09,-0,16,-2,81,311191,7,31913,71,0,00,6313,7
58,703,-1074,06,0,35,-173,21,-17,09,-0,16,-2,81,311172,4,31913,20,0,00,6313,2
58,708,-1074,14,0,35,-173,23,-17,09,-0,16,-2,81,311152,8,31912,69,0,00,6312,7
58,713,-1074,23,0,34,-173,24,-17,09,-0,16,-2,81,311133,2,31912,18,0,00,6312,2
58,718,-1074,31,0,34,-173,26,-17,09,-0,16,-2,81,311113,7,31911,67,0,00,6311,7
58,723,-1074,40,0,34,-173,27,-17,09,-0,16,-2,81,311094,3,31911,16,0,00,6311,2
58,728,-1074,49,0,34,-173,28,-17,09,-0,16,-2,81,311075,0,31910,65,0,00,6310,7
58,733,-1074,57,0,34,-173,30,-17,09,-0,16,-2,81,311055,4,31910,14,0,00,6310,1
58,738,-1074,66,0,34,-173,31,-17,09,-0,16,-2,81,311037,1,31909,63,0,00,6309,6
58,743,-1074,74,0,34,-173,33,-17,09,-0,16,-2,81,311016,8,31909,12,0,00,6309,1
58,748,-1074,83,0,34,-173,34,-17,09,-0,16,-2,81,310998,6,31908,61,0,00,6308,6
58,753,-1074,91,0,34,-173,35,-17,09,-0,16,-2,81,310978,9,31908,10,0,00,6308,1
58,758,-1075,00,0,34,-173,37,-17,09,-0,16,-2,81,310960,1,31907,59,0,00,6307,6
58,763,-1075,08,0,34,-173,38,-17,09,-0,16,-2,81,310941,3,31907,08,0,00,6307,1
58,768,-1075,17,0,34,-173,40,-17,09,-0,16,-2,81,310922,3,31906,57,0,00,6306,6
58,773,-1075,25,0,33,-173,41,-17,09,-0,16,-2,81,310903,3,31906,06,0,00,6306,1
58,778,-1075,34,0,33,-173,43,-17,09,-0,16,-2,81,310884,4,31905,55,0,00,6305,6
58,783,-1075,43,0,33,-173,44,-17,09,-0,16,-2,81,310866,0,31905,04,0,00,6305,0
58,788,-1075,51,0,33,-173,45,-17,09,-0,16,-2,81,310847,2,31904,53,0,00,6304,5
58,793,-1075,60,0,33,-173,47,-17,09,-0,16,-2,81,310828,5,31904,02,0,00,6304,0
58,798,-1075,68,0,33,-173,48,-17,09,-0,16,-2,81,310809,5,31903,51,0,00,6303,5
58,803,-1075,77,0,33,-173,50,-17,09,-0,16,-2,81,310791,4,31903,00,0,00,6303,0
58,808,-1075,85,0,33,-173,51,-17,09,-0,16,-2,81,310773,0,31902,49,0,00,6302,5
58,813,-1075,94,0,33,-173,52,-17,09,-0,17,-2,81,310754,2,31901,98,0,00,6302,0
58,818,-1076,02,0,33,-173,54,-17,09,-0,17,-2,81,310735,9,31901,48,0,00,6301,5
58,823,-1076,11,0,33,-173,55,-17,09,-0,17,-2,81,310717,8,31900,97,0,00,6301,0
58,828,-1076,19,0,33,-173,57,-17,09,-0,17,-2,81,310699,2,31900,46,0,00,6300,5
58,833,-1076,28,0,32,-173,58,-17,09,-0,17,-2,81,310681,2,31899,95,0,00,6299,9
58,838,-1076,37,0,32,-173,59,-17,09,-0,17,-2,81,310662,8,31899,44,0,00,6299,4
58,843,-1076,45,0,32,-173,61,-17,09,-0,17,-2,81,310644,9,31898,93,0,00,6298,9
58,848,-1076,54,0,32,-173,62,-17,09,-0,17,-2,81,310626,7,31898,42,0,00,6298,4
58,853,-1076,62,0,32,-173,64,-17,09,-0,17,-2,81,310608,5,31897,91,0,00,6297,9
58,858,-1076,71,0,32,-173,65,-17,09,-0,17,-2,81,310590,4,31897,40,0,00,6297,4
58,863,-1076,79,0,32,-173,66,-17,09,-0,17,-2,81,310572,8,31896,89,0,00,6296,9
58,868,-1076,88,0,32,-173,68,-17,09,-0,17,-2,81,310554,5,31896,38,0,00,6296,4
58,873,-1076,96,0,32,-173,69,-17,09,-0,17,-2,81,310537,1,31895,88,0,00,6295,9
58,878,-1077,05,0,32,-173,71,-17,09,-0,17,-2,81,310518,9,31895,37,0,00,6295,4
58,883,-1077,13,0,32,-173,72,-17,09,-0,17,-2,81,310501,6,31894,86,0,00,6294,9
58,888,-1077,22,0,32,-173,73,-17,09,-0,17,-2,81,310483,5,31894,35,0,00,6294,3
58,893,-1077,31,0,31,-173,75,-17,09,-0,17,-2,81,310466,0,31893,84,0,00,6293,8
58,898,-1077,39,0,31,-173,76,-17,09,-0,17,-2,81,310448,1,31893,33,0,00,6293,3
58,903,-1077,48,0,31,-173,78,-17,09,-0,17,-2,81,310431,1,31892,82,0,00,6292,8
58,908,-1077,56,0,31,-173,79,-17,09,-0,17,-2,81,310413,0,31892,31,0,00,6292,3
58,913,-1077,65,0,31,-173,80,-17,09,-0,17,-2,81,310395,8,31891,80,0,00,6291,8
58,918,-1077,73,0,31,-173,82,-17,09,-0,17,-2,81,310378,6,31891,29,0,00,6291,3
58,923,-1077,82,0,31,-173,83,-17,09,-0,17,-2,81,310361,0,31890,79,0,00,6290,8
58,928,-1077,90,0,31,-173,85,-17,09,-0,17,-2,81,310344,0,31890,28,0,00,6290,3
58,933,-1077,99,0,31,-173,86,-17,09,-0,17,-2,81,310326,2,31889,77,0,00,6289,8
58,938,-1078,07,0,31,-173,87,-17,09,-0,17,-2,81,310309,3,31889,26,0,00,6289,3
58,943,-1078,16,0,31,-173,89,-17,09,-0,17,-2,81,310291,7,31888,75,0,00,6288,8
58,948,-1078,25,0,31,-173,90,-17,09,-0,17,-2,81,310275,4,31888,24,0,00,6288,2
58,953,-1078,33,0,30,-173,92,-17,09,-0,18,-2,81,310257,5,31887,73,0,00,6287,7
58,958,-1078,42,0,30,-173,93,-17,09,-0,18,-2,81,310241,3,31887,22,0,00,6287,2
58,963,-1078,50,0,30,-173,95,-17,09,-0,18,-2,81,310223,5,31886,71,0,00,6286,7
58,968,-1078,59,0,30,-173,96,-17,09,-0,18,-2,81,310207,1,31886,21,0,00,6286,2
58,973,-1078,67,0,30,-173,97,-17,09,-0,18,-2,81,310189,9,31885,70,0,00,6285,7
58,978,-1078,76,0,30,-173,99,-17,09,-0,18,-2,81,310173,2,31885,19,0,00,6285,2
58,983,-1078,84,0,30,-174,00,-17,09,-0,18,-2,81,310156,1,31884,68,0,00,6284,7
58,988,-1078,93,0,30,-174,02,-17,09,-0,18,-2,81,310140,0,31884,17,0,00,6284,2
58,993,-1079,01,0,30,-174,03,-17,09,-0,18,-2,81,310122,6,31883,66,0,00,6283,7
58,998,-1079,10,0,30,-174,04,-17,09,-0,18,-2,81,310106,6,31883,16,0,00,6283,2
59,003,-1079,18,0,30,-174,06,-17,09,-0,18,-2,81,310089,4,31882,65,0,00,6282,6
59,008,-1079,27,0,29,-174,07,-17,09,-0,18,-2,81,310073,1,31882,14,0,00,6282,1
59,013,-1079,36,0,29,-174,09,-17,09,-0,18,-2,81,310056,5,31881,63,0,00,6281,6
59,018,-1079,44,0,29,-174,10,-17,09,-0,18,-2,81,310039,9,31881,12,0,00,6281,1
59,023,-1079,53,0,29,-174,11,-17,09,-0,18,-2,81,310023,8,31880,62,0,00,6280,6
59,028,-1079,61,0,29,-174,13,-17,09,-0,18,-2,81,310007,0,31880,11,0,00,6280,1
59,033,-1079,70,0,29,-174,14,-17,09,-0,18,-2,81,309991,1,31879,60,0,00,6279,6
59,038,-1079,78,0,29,-174,16,-17,09,-0,18,-2,81,309974,3,31879,09,0,00,6279,1
59,043,-1079,87,0,29,-174,17,-17,09,-0,18,-2,81,309958,6,31878,58,0,00,6278,6
59,048,-1079,95,0,29,-174,18,-17,09,-0,18,-2,81,309942,0,31878,07,0,00,6278,1
59,053,-1080,04,0,29,-174,20,-17,09,-0,18,-2,81,309926,3,31877,56,0,00,6277,6
59,058,-1080,12,0,29,-174,21,-17,09,-0,18,-2,81,309909,5,31877,06,0,00,6277,1
59,063,-1080,21,0,28,-174,23,-17,09,-0,18,-2,81,309894,0,31876,55,0,00,6276,5
59,068,-1080,30,0,28,-174,24,-17,09,-0,18,-2,81,309877,7,31876,04,0,00,6276,0
59,073,-1080,38,0,28,-174,25,-17,09,-0,19,-2,81,309861,9,31875,53,0,00,6275,5
59,078,-1080,47,0,28,-174,27,-17,09,-0,19,-2,81,309845,7,31875,03,0,00,6275,0
59,083,-1080,55,0,28,-174,28,-17,09,-0,19,-2,81,309830,0,31874,52,0,00,6274,5
59,088,-1080,64,0,28,-174,30,-17,09,-0,19,-2,81,309814,0,31874,01,0,00,6274,0
59,093,-1080,72,0,28,-174,31,-17,09,-0,19,-2,81,309798,1,31873,50,0,00,6273,5
59,098,-1080,81,0,28,-174,32,-17,09,-0,19,-2,81,309782,6,31872,99,0,00,6273,0
59,103,-1080,89,0,28,-174,34,-17,09,-0,19,-2,81,309766,8,31872,49,0,00,6272,5
59,108,-1080,98,0,28,-174,35,-17,09,-0,19,-2,81,309751,0,31871,98,0,00,6272,0
59,113,-1081,06,0,28,-174,37,-17,09,-0,19,-2,81,309735,8,31871,47,0,00,6271,5
59,118,-1081,15,0,27,-174,38,-17,09,-0,19,-2,81,309719,7,31870,96,0,00,6271,0
59,123,-1081,24,0,27,-174,39,-17,09,-0,19,-2,81,309704,2,31870,46,0,00,6270,5
59,128,-1081,32,0,27,-174,41,-17,09,-0,19,-2,81,309688,7,31869,95,0,00,6269,9
59,133,-1081,41,0,27,-174,42,-17,09,-0,19,-2,81,309673,7,31869,44,0,00,6269,4
59,138,-1081,49,0,27,-174,44,-17,09,-0,19,-2,81,309657,5,31868,93,0,00,6268,9
59,143,-1081,58,0,27,-174,45,-17,09,-0,19,-2,81,309642,6,31868,42,0,00,6268,4
59,148,-1081,66,0,27,-174,47,-17,09,-0,19,-2,81,309627,4,31867,92,0,00,6267,9
59,153,-1081,75,0,27,-174,48,-17,09,-0,19,-2,81,309611,8,31867,41,0,00,6267,4
59,158,-1081,83,0,27,-174,49,-17,09,-0,19,-2,81,309596,8,31866,90,0,00,6266,9
59,163,-1081,92,0,27,-174,51,-17,08,-0,19,-2,81,309581,3,31866,39,0,00,6266,4
59,168,-1082,00,0,26,-174,52,-17,08,-0,19,-2,81,309566,3,31865,89,0,00,6265,9
59,173,-1082,09,0,26,-174,54,-17,08,-0,19,-2,81,309551,0,31865,38,0,00,6265,4
59,178,-1082,18,0,26,-174,55,-17,08,-0,19,-2,81,309536,2,31864,87,0,00,6264,9
59,183,-1082,26,0,26,-174,56,-17,08,-0,19,-2,81,309521,0,31864,36,0,00,6264,4
59,188,-1082,35,0,26,-174,58,-17,08,-0,20,-2,81,309505,9,31863,86,0,00,6263,9
59,193,-1082,43,0,26,-174,59,-17,08,-0,20,-2,81,309491,3,31863,35,0,00,6263,4
59,198,-1082,52,0,26,-174,61,-17,08,-0,20,-2,81,309475,8,31862,84,0,00,6262,8
59,203,-1082,60,0,26,-174,62,-17,08,-0,20,-2,81,309461,3,31862,34,0,00,6262,3
59,208,-1082,69,0,26,-174,63,-17,08,-0,20,-2,81,309446,4,31861,83,0,00,6261,8
59,213,-1082,77,0,26,-174,65,-17,08,-0,20,-2,81,309431,6,31861,32,0,00,6261,3
59,218,-1082,86,0,26,-174,66,-17,08,-0,20,-2,81,309416,9,31860,81,0,00,6260,8
59,223,-1082,94,0,25,-174,68,-17,08,-0,20,-2,81,309401,8,31860,30,0,00,6260,3
59,228,-1083,03,0,25,-174,69,-17,08,-0,20,-2,81,309388,0,31859,80,0,00,6259,8
59,233,-1083,12,0,25,-174,70,-17,08,-0,20,-2,81,309372,2,31859,29,0,00,6259,3
59,238,-1083,20,0,25,-174,72,-17,08,-0,20,-2,81,309358,5,31858,78,0,00,6258,8
59,243,-1083,29,0,25,-174,73,-17,08,-0,20,-2,81,309343,7,31858,28,0,00,6258,3
59,248,-1083,37,0,25,-174,75,-17,08,-0,20,-2,81,309328,9,31857,77,0,00,6257,8
59,253,-1083,46,0,25,-174,76,-17,08,-0,20,-2,81,309315,0,31857,26,0,00,6257,3
59,258,-1083,54,0,25,-174,77,-17,08,-0,20,-2,81,309299,9,31856,75,0,00,6256,8
59,263,-1083,63,0,25,-174,79,-17,08,-0,20,-2,81,309286,2,31856,25,0,00,6256,2
59,268,-1083,71,0,25,-174,80,-17,08,-0,20,-2,81,309271,2,31855,74,0,00,6255,7
59,273,-1083,80,0,24,-174,82,-17,08,-0,20,-2,81,309257,2,31855,23,0,00,6255,2
59,278,-1083,88,0,24,-174,83,-17,08,-0,20,-2,81,309243,2,31854,73,0,00,6254,7
59,283,-1083,97,0,24,-174,84,-17,08,-0,20,-2,81,309228,3,31854,22,0,00,6254,2
59,288,-1084,06,0,24,-174,86,-17,08,-0,20,-2,81,309214,5,31853,71,0,00,6253,7
59,293,-1084,14,0,24,-174,87,-17,08,-0,21,-2,81,309200,7,31853,21,0,00,6253,2
59,298,-1084,23,0,24,-174,89,-17,08,-0,21,-2,81,309185,6,31852,70,0,00,6252,7
59,303,-1084,31,0,24,-174,90,-17,08,-0,21,-2,81,309172,4,31852,19,0,00,6252,2
59,308,-1084,40,0,24,-174,91,-17,08,-0,21,-2,81,309157,9,31851,69,0,00,6251,7
59,313,-1084,48,0,24,-174,93,-17,08,-0,21,-2,81,309144,3,31851,18,0,00,6251,2
59,318,-1084,57,0,23,-174,94,-17,08,-0,21,-2,81,309130,0,31850,67,0,00,6250,7
59,323,-1084,65,0,23,-174,96,-17,08,-0,21,-2,81,309116,1,31850,17,0,00,6250,2
59,328,-1084,74,0,23,-174,97,-17,08,-0,21,-2,81,309102,3,31849,66,0,00,6249,7
59,333,-1084,82,0,23,-174,98,-17,08,-0,21,-2,81,309088,5,31849,15,0,00,6249,2
59,338,-1084,91,0,23,-175,00,-17,08,-0,21,-2,81,309074,4,31848,64,0,00,6248,6
59,343,-1085,00,0,23,-175,01,-17,08,-0,21,-2,81,309061,2,31848,14,0,00,6248,1
59,348,-1085,08,0,23,-175,03,-17,08,-0,21,-2,81,309046,7,31847,63,0,00,6247,6
59,353,-1085,17,0,23,-175,04,-17,08,-0,21,-2,81,309033,6,31847,13,0,00,6247,1
59,358,-1085,25,0,23,-175,05,-17,08,-0,21,-2,81,309019,3,31846,62,0,00,6246,6
59,363,-1085,34,0,23,-175,07,-17,08,-0,21,-2,81,309006,3,31846,11,0,00,6246,1
59,368,-1085,42,0,22,-175,08,-17,08,-0,21,-2,81,308992,5,31845,61,0,00,6245,6
59,373,-1085,51,0,22,-175,10,-17,08,-0,21,-2,81,308978,8,31845,10,0,00,6245,1
59,378,-1085,59,0,22,-175,11,-17,08,-0,21,-2,81,308965,6,31844,59,0,00,6244,6
59,383,-1085,68,0,22,-175,13,-17,08,-0,21,-2,81,308952,0,31844,09,0,00,6244,1
59,388,-1085,76,0,22,-175,14,-17,08,-0,22,-2,81,308938,5,31843,58,0,00,6243,6
59,393,-1085,85,0,22,-175,15,-17,08,-0,22,-2,81,308925,0,31843,07,0,00,6243,1
59,398,-1085,94,0,22,-175,17,-17,08,-0,22,-2,81,308912,0,31842,57,0,00,6242,6
59,403,-1086,02,0,22,-175,18,-17,08,-0,22,-2,81,308898,2,31842,06,0,00,6242,1
59,408,-1086,11,0,22,-175,20,-17,08,-0,22,-2,81,308885,3,31841,55,0,00,6241,6
59,413,-1086,19,0,21,-175,21,-17,08,-0,22,-2,81,308872,0,31841,05,0,00,6241,0
59,418,-1086,28,0,21,-175,22,-17,08,-0,22,-2,81,308858,4,31840,54,0,00,6240,5
59,423,-1086,36,0,21,-175,24,-17,08,-0,22,-2,81,308845,7,31840,04,0,00,6240,0
59,428,-1086,45,0,21,-175,25,-17,08,-0,22,-2,81,308832,2,31839,53,0,00,6239,5
59,433,-1086,53,0,21,-175,27,-17,08,-0,22,-2,81,308819,6,31839,02,0,00,6239,0
59,438,-1086,62,0,21,-175,28,-17,08,-0,22,-2,81,308805,8,31838,52,0,00,6238,5
59,443,-1086,70,0,21,-175,29,-17,08,-0,22,-2,81,308793,3,31838,01,0,00,6238,0
59,448,-1086,79,0,21,-175,31,-17,08,-0,22,-2,81,308780,4,31837,50,0,00,6237,5
59,454,-1086,88,0,21,-175,32,-17,08,-0,22,-2,81,308766,7,31837,00,0,00,6237,0
59,459,-1086,96,0,20,-175,34,-17,08,-0,22,-2,81,308754,4,31836,49,0,00,6236,5
59,464,-1087,05,0,20,-175,35,-17,08,-0,22,-2,81,308741,3,31835,98,0,00,6236,0
59,469,-1087,13,0,20,-175,36,-17,08,-0,22,-2,81,308728,6,31835,48,0,00,6235,5
59,474,-1087,22,0,20,-175,38,-17,08,-0,22,-2,81,308715,6,31834,97,0,00,6235,0
59,479,-1087,30,0,20,-175,39,-17,08,-0,22,-2,81,308702,7,31834,47,0,00,6234,5
59,484,-1087,39,0,20,-175,41,-17,08,-0,23,-2,81,308690,2,31833,96,0,00,6234,0
59,489,-1087,47,0,20,-175,42,-17,08,-0,23,-2,81,308677,3,31833,46,0,00,6233,5
59,494,-1087,56,0,20,-175,43,-17,08,-0,23,-2,81,308665,0,31832,95,0,00,6232,9
59,499,-1087,64,0,20,-175,45,-17,08,-0,23,-2,81,308651,8,31832,44,0,00,6232,4
59,504,-1087,73,0,19,-175,46,-17,08,-0,23,-2,81,308639,6,31831,94,0,00,6231,9
59,509,-1087,82,0,19,-175,48,-17,08,-0,23,-2,81,308626,9,31831,43,0,00,6231,4
59,514,-1087,90,0,19,-175,49,-17,08,-0,23,-2,81,308614,3,31830,93,0,00,6230,9
59,519,-1087,99,0,19,-175,50,-17,08,-0,23,-2,81,308601,8,31830,42,0,00,6230,4
59,524,-1088,07,0,19,-175,52,-17,08,-0,23,-2,81,308589,3,31829,91,0,00,6229,9
59,529,-1088,16,0,19,-175,53,-17,08,-0,23,-2,81,308576,5,31829,41,0,00,6229,4
59,534,-1088,24,0,19,-175,55,-17,08,-0,23,-2,81,308565,0,31828,90,0,00,6228,9
59,539,-1088,33,0,19,-175,56,-17,08,-0,23,-2,81,308551,9,31828,40,0,00,6228,4
59,544,-1088,41,0,19,-175,57,-17,08,-0,23,-2,81,308540,0,31827,89,0,00,6227,9
59,549,-1088,50,0,18,-175,59,-17,08,-0,23,-2,81,308527,4,31827,38,0,00,6227,4
59,554,-1088,58,0,18,-175,60,-17,08,-0,23,-2,81,308515,3,31826,88,0,00,6226,9
59,559,-1088,67,0,18,-175,62,-17,08,-0,23,-2,81,308502,7,31826,37,0,00,6226,4
59,564,-1088,76,0,18,-175,63,-17,08,-0,23,-2,81,308491,1,31825,87,0,00,6225,9
59,569,-1088,84,0,18,-175,64,-17,08,-0,23,-2,81,308478,7,31825,36,0,00,6225,4
59,574,-1088,93,0,18,-175,66,-17,08,-0,24,-2,81,308466,3,31824,86,0,00,6224,9
59,579,-1089,01,0,18,-175,67,-17,08,-0,24,-2,81,308454,4,31824,35,0,00,6224,3
59,584,-1089,10,0,18,-175,69,-17,08,-0,24,-2,81,308442,1,31823,84,0,00,6223,8
59,589,-1089,18,0,17,-175,70,-17,08,-0,24,-2,81,308430,3,31823,34,0,00,6223,3
59,594,-1089,27,0,17,-175,71,-17,08,-0,24,-2,81,308418,2,31822,83,0,00,6222,8
59,599,-1089,35,0,17,-175,73,-17,08,-0,24,-2,81,308406,5,31822,33,0,00,6222,3
59,604,-1089,44,0,17,-175,74,-17,08,-0,24,-2,81,308394,0,31821,82,0,00,6221,8
59,609,-1089,52,0,17,-175,76,-17,08,-0,24,-2,81,308382,8,31821,32,0,00,6221,3
59,614,-1089,61,0,17,-175,77,-17,08,-0,24,-2,81,308370,0,31820,81,0,00,6220,8
59,619,-1089,70,0,17,-175,78,-17,08,-0,24,-2,81,308359,4,31820,30,0,00,6220,3
59,624,-1089,78,0,17,-175,80,-17,08,-0,24,-2,81,308346,3,31819,80,0,00,6219,8
59,629,-1089,87,0,17,-175,81,-17,08,-0,24,-2,81,308335,3,31819,29,0,00,6219,3
59,634,-1089,95,0,16,-175,83,-17,08,-0,24,-2,81,308323,5,31818,79,0,00,6218,8
59,639,-1090,04,0,16,-175,84,-17,08,-0,24,-2,81,308311,4,31818,28,0,00,6218,3
59,644,-1090,12,0,16,-175,86,-17,08,-0,24,-2,81,308300,2,31817,78,0,00,6217,8
59,649,-1090,21,0,16,-175,87,-17,08,-0,24,-2,81,308288,1,31817,27,0,00,6217,3
59,654,-1090,29,0,16,-175,88,-17,08,-0,24,-2,81,308277,0,31816,77,0,00,6216,8
59,659,-1090,38,0,16,-175,90,-17,08,-0,25,-2,81,308265,1,31816,26,0,00,6216,3
59,664,-1090,46,0,16,-175,91,-17,08,-0,25,-2,81,308253,6,31815,76,0,00,6215,8
59,669,-1090,55,0,16,-175,93,-17,08,-0,25,-2,81,308241,8,31815,25,0,00,6215,3
59,674,-1090,63,0,15,-175,94,-17,08,-0,25,-2,81,308230,8,31814,75,0,00,6214,7
59,679,-1090,72,0,15,-175,95,-17,08,-0,25,-2,81,308219,1,31814,24,0,00,6214,2
59,684,-1090,81,0,15,-175,97,-17,08,-0,25,-2,81,308207,4,31813,73,0,00,6213,7
59,689,-1090,89,0,15,-175,98,-17,08,-0,25,-2,81,308196,6,31813,23,0,00,6213,2
59,694,-1090,98,0,15,-176,00,-17,08,-0,25,-2,81,308184,6,31812,72,0,00,6212,7
59,699,-1091,06,0,15,-176,01,-17,08,-0,25,-2,81,308173,9,31812,22,0,00,6212,2
59,704,-1091,15,0,15,-176,02,-17,08,-0,25,-2,81,308161,9,31811,71,0,00,6211,7
59,709,-1091,23,0,15,-176,04,-17,08,-0,25,-2,81,308151,3,31811,21,0,00,6211,2
59,714,-1091,32,0,14,-176,05,-17,08,-0,25,-2,81,308139,5,31810,70,0,00,6210,7
59,719,-1091,40,0,14,-176,07,-17,08,-0,25,-2,81,308128,6,31810,20,0,00,6210,2
59,724,-1091,49,0,14,-176,08,-17,08,-0,25,-2,81,308117,3,31809,69,0,00,6209,7
59,729,-1091,57,0,14,-176,09,-17,08,-0,25,-2,81,308106,4,31809,19,0,00,6209,2
59,734,-1091,66,0,14,-176,11,-17,08,-0,25,-2,81,308094,8,31808,68,0,00,6208,7
59,739,-1091,74,0,14,-176,12,-17,08,-0,25,-2,81,308084,1,31808,18,0,00,6208,2
59,744,-1091,83,0,14,-176,14,-17,08,-0,26,-2,81,308073,0,31807,67,0,00,6207,7
59,749,-1091,91,0,14,-176,15,-17,08,-0,26,-2,81,308061,9,31807,17,0,00,6207,2
59,754,-1092,00,0,13,-176,16,-17,08,-0,26,-2,81,308050,9,31806,66,0,00,6206,7
59,759,-1092,09,0,13,-176,18,-17,08,-0,26,-2,81,308039,9,31806,16,0,00,6206,2
59,764,-1092,17,0,13,-176,19,-17,08,-0,26,-2,81,308029,0,31805,65,0,00,6205,7
59,769,-1092,26,0,13,-176,21,-17,08,-0,26,-2,81,308018,1,31805,15,0,00,6205,1
59,774,-1092,34,0,13,-176,22,-17,08,-0,26,-2,81,308007,3,31804,64,0,00,6204,6
59,779,-1092,43,0,13,-176,23,-17,08,-0,26,-2,81,307996,0,31804,14,0,00,6204,1
59,784,-1092,51,0,13,-176,25,-17,08,-0,26,-2,81,307986,2,31803,63,0,00,6203,6
59,789,-1092,60,0,13,-176,26,-17,08,-0,26,-2,81,307974,2,31803,13,0,00,6203,1
59,794,-1092,68,0,12,-176,28,-17,08,-0,26,-2,81,307964,4,31802,62,0,00,6202,6
59,799,-1092,77,0,12,-176,29,-17,08,-0,26,-2,81,307952,9,31802,12,0,00,6202,1
59,804,-1092,85,0,12,-176,30,-17,08,-0,26,-2,81,307942,8,31801,61,0,00,6201,6
59,809,-1092,94,0,12,-176,32,-17,08,-0,26,-2,81,307931,8,31801,11,0,00,6201,1
59,814,-1093,02,0,12,-176,33,-17,08,-0,26,-2,81,307921,4,31800,60,0,00,6200,6
59,819,-1093,11,0,12,-176,35,-17,08,-0,26,-2,81,307910,5,31800,10,0,00,6200,1
59,824,-1093,19,0,12,-176,36,-17,08,-0,27,-2,81,307900,1,31799,59,0,00,6199,6
59,829,-1093,28,0,11,-176,37,-17,08,-0,27,-2,81,307889,3,31799,09,0,00,6199,1
59,834,-1093,37,0,11,-176,39,-17,07,-0,27,-2,81,307879,1,31798,58,0,00,6198,6
59,839,-1093,45,0,11,-176,40,-17,07,-0,27,-2,81,307868,4,31798,08,0,00,6198,1
59,844,-1093,54,0,11,-176,42,-17,07,-0,27,-2,81,307857,8,31797,57,0,00,6197,6
59,849,-1093,62,0,11,-176,43,-17,07,-0,27,-2,81,307848,0,31797,07,0,00,6197,1
59,854,-1093,71,0,11,-176,44,-17,07,-0,27,-2,81,307836,6,31796,56,0,00,6196,6
59,859,-1093,79,0,11,-176,46,-17,07,-0,27,-2,81,307827,0,31796,06,0,00,6196,1
59,864,-1093,88,0,11,-176,47,-17,07,-0,27,-2,81,307816,5,31795,55,0,00,6195,6
59,869,-1093,96,0,10,-176,49,-17,07,-0,27,-2,81,307805,7,31795,05,0,00,6195,1
59,874,-1094,05,0,10,-176,50,-17,07,-0,27,-2,81,307795,8,31794,55,0,00,6194,5
59,879,-1094,13,0,10,-176,51,-17,07,-0,27,-2,81,307785,4,31794,04,0,00,6194,0
59,884,-1094,22,0,10,-176,53,-17,07,-0,27,-2,81,307775,2,31793,54,0,00,6193,5
59,889,-1094,30,0,10,-176,54,-17,07,-0,27,-2,81,307765,4,31793,03,0,00,6193,0
59,894,-1094,39,0,10,-176,56,-17,07,-0,27,-2,81,307754,3,31792,53,0,00,6192,5
59,899,-1094,47,0,10,-176,57,-17,07,-0,27,-2,81,307745,0,31792,02,0,00,6192,0
59,904,-1094,56,0,09,-176,58,-17,07,-0,28,-2,81,307734,5,31791,52,0,00,6191,5
59,909,-1094,65,0,09,-176,60,-17,07,-0,28,-2,81,307724,4,31791,02,0,00,6191,0
59,914,-1094,73,0,09,-176,61,-17,07,-0,28,-2,81,307714,0,31790,51,0,00,6190,5
59,919,-1094,82,0,09,-176,63,-17,07,-0,28,-2,81,307704,5,31790,01,0,00,6190,0
59,924,-1094,90,0,09,-176,64,-17,07,-0,28,-2,81,307694,1,31789,50,0,00,6189,5
59,929,-1094,99,0,09,-176,66,-17,07,-0,28,-2,81,307684,6,31789,00,0,00,6189,0
59,934,-1095,07,0,09,-176,67,-17,07,-0,28,-2,81,307673,9,31788,49,0,00,6188,5
59,939,-1095,16,0,08,-176,68,-17,07,-0,28,-2,81,307664,6,31787,99,0,00,6188,0
59,944,-1095,24,0,08,-176,70,-17,07,-0,28,-2,81,307653,9,31787,48,0,00,6187,5
59,949,-1095,33,0,08,-176,71,-17,07,-0,28,-2,81,307645,1,31786,98,0,00,6187,0
59,954,-1095,41,0,08,-176,73,-17,07,-0,28,-2,81,307634,1,31786,48,0,00,6186,5
59,959,-1095,50,0,08,-176,74,-17,07,-0,28,-2,81,307625,3,31785,97,0,00,6186,0
59,964,-1095,58,0,08,-176,75,-17,07,-0,28,-2,81,307614,9,31785,47,0,00,6185,5
59,969,-1095,67,0,08,-176,77,-17,07,-0,28,-2,81,307605,3,31784,96,0,00,6185,0
59,974,-1095,75,0,07,-176,78,-17,07,-0,28,-2,81,307595,3,31784,46,0,00,6184,5
59,979,-1095,84,0,07,-176,80,-17,07,-0,28,-2,81,307585,9,31783,95,0,00,6184,0
59,984,-1095,92,0,07,-176,81,-17,07,-0,29,-2,81,307575,6,31783,45,0,00,6183,5
59,989,-1096,01,0,07,-176,82,-17,07,-0,29,-2,81,307566,6,31782,95,0,00,6182,9
59,994,-1096,10,0,07,-176,84,-17,07,-0,29,-2,81,307556,8,31782,44,0,00,6182,4
59,999,-1096,18,0,07,-176,85,-17,07,-0,29,-2,81,307547,1,31781,94,0,00,6181,9
60,004,-1096,27,0,07,-176,87,-17,07,-0,29,-2,81,307537,4,31781,43,0,00,6181,4
60,009,-1096,35,0,06,-176,88,-17,07,-0,29,-2,81,307527,8,31780,93,0,00,6180,9
60,014,-1096,44,0,06,-176,89,-17,07,-0,29,-2,81,307518,6,31780,42,0,00,6180,4
60,019,-1096,52,0,06,-176,91,-17,07,-0,29,-2,81,307508,6,31779,92,0,00,6179,9
60,024,-1096,61,0,06,-176,92,-17,07,-0,29,-2,81,307499,4,31779,42,0,00,6179,4
60,029,-1096,69,0,06,-176,94,-17,07,-0,29,-2,81,307489,5,31778,91,0,00,6178,9
60,034,-1096,78,0,06,-176,95,-17,07,-0,29,-2,81,307480,9,31778,41,0,00,6178,4
60,039,-1096,86,0,06,-176,96,-17,07,-0,29,-2,81,307470,7,31777,90,0,00,6177,9
60,044,-1096,95,0,05,-176,98,-17,07,-0,29,-2,81,307461,7,31777,40,0,00,6177,4
60,049,-1097,03,0,05,-176,99,-17,07,-0,29,-2,81,307452,4,31776,90,0,00,6176,9
60,054,-1097,12,0,05,-177,01,-17,07,-0,29,-2,81,307442,7,31776,39,0,00,6176,4
60,059,-1097,20,0,05,-177,02,-17,07,-0,30,-2,81,307433,4,31775,89,0,00,6175,9
