time,posX,posY,posZ,velX,velY,velZ,thrust,mass,angleError,fuel
0,050,0,02,2495,01,0,13,0,34,-99,61,2,58,673429,8,38932,61,10,24,13332,6
0,100,0,03,2490,04,0,26,0,14,-99,22,2,48,672508,6,38921,57,10,07,13321,6
0,150,0,04,2485,09,0,38,-0,07,-98,84,2,38,671338,4,38910,56,9,75,13310,6
0,200,0,03,2480,16,0,50,-0,29,-98,46,2,27,669885,4,38899,57,9,28,13299,6
0,250,0,01,2475,24,0,61,-0,54,-98,10,2,13,668085,9,38888,60,8,61,13288,6
0,300,-0,03,2470,35,0,71,-0,82,-97,76,1,96,665837,6,38877,66,7,67,13277,7
0,350,-0,08,2465,47,0,80,-1,15,-97,45,1,89,663072,3,38866,77,6,45,13266,8
0,400,-0,14,2460,60,0,90,-1,53,-97,15,2,06,659687,3,38855,93,4,88,13255,9
0,450,-0,23,2455,75,1,01,-1,90,-96,85,2,18,655703,3,38845,15,3,08,13245,2
0,500,-0,33,2450,92,1,12,-2,17,-96,54,2,27,653419,4,38834,43,2,42,13234,4
0,550,-0,43,2446,10,1,23,-1,83,-96,22,2,35,656147,7,38823,70,4,18,13223,7
0,600,-0,52,2441,29,1,35,-1,45,-95,92,2,43,659417,5,38812,91,6,06,13212,9
0,650,-0,58,2436,50,1,48,-1,07,-95,61,2,51,661831,0,38802,08,7,51,13202,1
0,700,-0,62,2431,73,1,61,-0,74,-95,28,2,60,663317,2,38791,21,8,52,13191,2
0,750,-0,65,2426,98,1,74,-0,47,-94,92,2,69,664105,4,38780,33,9,20,13180,3
0,800,-0,67,2422,24,1,87,-0,24,-94,56,2,78,664410,4,38769,44,9,64,13169,4
0,850,-0,68,2417,52,2,02,-0,03,-94,18,2,87,664382,0,38758,55,9,91,13158,6
0,900,-0,67,2412,82,2,16,0,17,-93,81,2,97,664079,7,38747,66,10,03,13147,7
0,950,-0,66,2408,14,2,31,0,37,-93,43,3,09,663102,3,38736,78,10,02,13136,8
1,000,-0,64,2403,48,2,47,0,54,-93,06,3,21,661117,4,38725,93,9,90,13125,9
1,050,-0,61,2398,83,2,63,0,73,-92,70,3,36,658977,6,38715,11,9,68,13115,1
1,100,-0,56,2394,21,2,81,0,92,-92,35,3,56,656694,4,38704,33,9,34,13104,3
1,150,-0,51,2389,60,2,99,1,12,-92,02,3,82,654368,4,38693,58,8,95,13093,6
1,200,-0,45,2385,01,3,18,1,31,-91,70,3,60,652161,0,38682,88,8,59,13082,9
1,250,-0,38,2380,43,3,35,1,54,-91,36,3,39,649785,2,38672,20,8,16,13072,2
1,300,-0,30,2375,87,3,52,1,80,-91,04,3,24,647035,8,38661,57,7,52,13061,6
1,350,-0,20,2371,33,3,68,2,12,-90,73,3,13,643785,8,38651,00,6,57,13051,0
1,400,-0,09,2366,80,3,83,2,48,-90,44,3,03,639982,7,38640,48,5,30,13040,5
1,450,0,05,2362,28,3,98,2,84,-90,16,2,95,635996,0,38630,02,4,00,13030,0
1,500,0,20,2357,78,4,13,2,97,-89,86,2,87,633841,4,38619,62,3,80,13019,6
1,550,0,34,2353,30,4,27,2,63,-89,57,2,81,634799,5,38609,22,5,05,13009,2
1,600,0,46,2348,82,4,41,2,26,-89,29,2,74,636296,0,38598,80,6,47,12998,8
1,650,0,56,2344,37,4,54,1,92,-89,00,2,67,637169,1,38588,36,7,58,12988,4
1,700,0,65,2339,92,4,67,1,64,-88,68,2,59,637261,8,38577,91,8,37,12977,9
1,750,0,73,2335,50,4,80,1,40,-88,35,2,51,636771,0,38567,46,8,91,12967,5
1,800,0,79,2331,09,4,93,1,19,-88,02,2,42,635867,3,38557,03,9,26,12957,0
1,850,0,85,2326,70,5,04,1,00,-87,68,2,32,634655,6,38546,62,9,46,12946,6
1,900,0,89,2322,32,5,16,0,82,-87,34,2,21,633188,2,38536,23,9,51,12936,2
1,950,0,93,2317,96,5,26,0,64,-87,00,2,09,631495,3,38525,86,9,45,12925,9
2,000,0,96,2313,62,5,37,0,48,-86,67,1,94,629623,1,38515,52,9,29,12915,5
2,050,0,98,2309,30,5,46,0,31,-86,35,1,75,627649,2,38505,22,9,04,12905,2
2,100,0,99,2304,99,5,54,0,14,-86,05,1,51,625675,8,38494,95,8,76,12895,0
2,150,0,99,2300,69,5,62,-0,02,-85,77,1,62,623925,5,38484,71,8,56,12884,7
2,200,0,99,2296,41,5,70,-0,18,-85,46,1,84,622195,3,38474,49,8,40,12874,5
2,250,0,97,2292,14,5,80,-0,36,-85,15,2,01,620269,4,38464,31,8,14,12864,3
2,300,0,95,2287,89,5,90,-0,57,-84,84,2,14,618052,0,38454,16,7,73,12854,2
2,350,0,91,2283,66,6,01,-0,81,-84,55,2,25,615472,1,38444,05,7,10,12844,1
2,400,0,87,2279,44,6,13,-1,10,-84,27,2,35,612462,9,38433,99,6,22,12834,0
2,450,0,80,2275,23,6,25,-1,43,-84,01,2,44,609050,9,38423,98,5,08,12824,0
2,500,0,72,2271,04,6,37,-1,76,-83,76,2,52,605747,6,38414,02,4,07,12814,0
2,550,0,63,2266,86,6,50,-1,76,-83,49,2,59,604427,8,38404,11,4,17,12804,1
2,600,0,55,2262,69,6,63,-1,43,-83,24,2,64,605372,5,38394,19,5,29,12794,2
2,650,0,49,2258,53,6,76,-1,09,-82,99,2,69,606535,9,38384,26,6,46,12784,3
2,700,0,44,2254,39,6,90,-0,80,-82,72,2,75,607118,9,38374,30,7,37,12774,3
2,750,0,41,2250,26,7,04,-0,55,-82,43,2,81,607102,4,38364,36,8,03,12764,4
2,800,0,39,2246,15,7,18,-0,35,-82,13,2,89,606625,3,38354,41,8,49,12754,4
2,850,0,37,2242,05,7,33,-0,17,-81,82,2,97,605806,7,38344,47,8,78,12744,5
2,900,0,37,2237,96,7,48,0,01,-81,52,3,07,604719,8,38334,55,8,95,12734,6
2,950,0,37,2233,90,7,63,0,17,-81,21,3,16,603402,9,38324,64,8,99,12724,6
3,000,0,39,2229,84,7,79,0,33,-80,91,3,28,601883,1,38314,77,8,92,12714,8
3,050,0,41,2225,81,7,96,0,48,-80,62,3,41,600201,6,38304,91,8,76,12704,9
3,100,0,44,2221,78,8,14,0,63,-80,33,3,58,598438,1,38295,09,8,54,12695,1
3,150,0,47,2217,77,8,32,0,79,-80,06,3,80,596719,8,38285,29,8,32,12685,3
3,200,0,51,2213,78,8,51,0,93,-79,80,3,61,595207,1,38275,53,8,18,12675,5
3,250,0,56,2209,79,8,68,1,07,-79,52,3,43,593693,6,38265,78,8,07,12665,8
3,300,0,62,2205,82,8,85,1,22,-79,23,3,28,592028,4,38256,06,7,89,12656,1
3,350,0,69,2201,87,9,01,1,38,-78,95,3,17,590152,3,38246,38,7,60,12646,4
3,400,0,76,2197,93,9,17,1,57,-78,67,3,07,588015,9,38236,72,7,16,12636,7
3,450,0,84,2194,00,9,32,1,78,-78,40,2,97,585557,1,38227,10,6,53,12627,1
3,500,0,94,2190,09,9,46,2,04,-78,15,2,88,582716,3,38217,52,5,67,12617,5
3,550,1,05,2186,19,9,61,2,34,-77,92,2,80,579550,9,38208,00,4,62,12608,0
3,600,1,17,2182,30,9,74,2,64,-77,70,2,72,576609,9,38198,53,3,72,12598,5
3,650,1,31,2178,42,9,88,2,58,-77,47,2,67,575695,6,38189,09,3,93,12589,1
3,700,1,43,2174,55,10,01,2,27,-77,25,2,63,576688,4,38179,64,4,97,12579,6
3,750,1,53,2170,69,10,14,1,96,-77,02,2,59,577745,6,38170,18,6,01,12570,2
3,800,1,62,2166,85,10,27,1,71,-76,77,2,55,578270,9,38160,70,6,83,12560,7
3,850,1,70,2163,02,10,40,1,50,-76,50,2,50,578298,8,38151,21,7,43,12551,2
3,900,1,78,2159,20,10,52,1,32,-76,24,2,43,577973,7,38141,74,7,87,12541,7
3,950,1,84,2155,39,10,64,1,16,-75,96,2,36,577648,6,38132,27,8,16,12532,3
4,000,1,89,2151,60,10,76,1,00,-75,69,2,28,577082,9,38122,80,8,34,12522,8
4,050,1,94,2147,82,10,87,0,85,-75,42,2,20,576308,9,38113,34,8,41,12513,4
4,100,1,98,2144,06,10,98,0,70,-75,15,2,11,575349,1,38103,91,8,38,12503,9
4,150,2,01,2140,31,11,08,0,56,-74,88,2,00,574237,6,38094,48,8,28,12494,5
4,200,2,03,2136,57,11,18,0,42,-74,61,1,87,573033,3,38085,08,8,12,12485,1
4,250,2,05,2132,85,11,27,0,28,-74,36,1,70,571837,1,38075,70,7,95,12475,7
4,300,2,06,2129,14,11,35,0,16,-74,11,1,85,570758,7,38066,33,7,84,12466,3
4,350,2,07,2125,44,11,45,0,03,-73,85,1,99,569685,7,38056,98,7,73,12457,0
4,400,2,06,2121,75,11,55,-0,10,-73,59,2,10,568504,3,38047,66,7,58,12447,7
4,450,2,05,2118,08,11,66,-0,24,-73,33,2,19,567170,0,38038,34,7,35,12438,4
4,500,2,04,2114,42,11,77,-0,38,-73,07,2,27,565651,9,38029,06,7,02,12429,1
4,550,2,02,2110,77,11,89,-0,55,-72,81,2,35,563903,2,38019,80,6,56,12419,8
4,600,1,98,2107,14,12,00,-0,73,-72,57,2,42,561861,1,38010,58,5,93,12410,6
4,650,1,94,2103,51,12,13,-0,95,-72,33,2,49,559456,9,38001,39,5,10,12401,4
4,700,1,89,2099,90,12,25,-1,21,-72,12,2,56,556696,6,37992,24,4,05,12392,2
4,750,1,82,2096,30,12,38,-1,50,-71,91,2,62,553933,4,37983,14,3,02,12383,1
4,800,1,74,2092,71,12,52,-1,50,-71,71,2,66,552925,6,37974,07,2,97,12374,1
4,850,1,68,2089,13,12,65,-1,21,-71,51,2,68,554141,3,37965,00,3,93,12365,0
4,900,1,62,2085,56,12,78,-0,94,-71,29,2,69,555506,6,37955,90,4,92,12355,9
4,950,1,58,2082,00,12,92,-0,72,-71,06,2,72,556402,7,37946,78,5,72,12346,8
5,000,1,55,2078,45,13,06,-0,54,-70,82,2,75,556856,3,37937,66,6,34,12337,7
5,050,1,53,2074,92,13,19,-0,38,-70,57,2,79,556962,0,37928,52,6,79,12328,5
5,100,1,51,2071,40,13,33,-0,23,-70,32,2,84,556803,4,37919,39,7,13,12319,4
5,150,1,50,2067,89,13,48,-0,10,-70,07,2,89,556432,6,37910,27,7,36,12310,3
5,200,1,50,2064,39,13,62,0,04,-69,82,2,95,555881,4,37901,15,7,51,12301,2
5,250,1,51,2060,91,13,77,0,17,-69,57,3,01,555166,6,37892,04,7,57,12292,0
5,300,1,52,2057,43,13,93,0,30,-69,32,3,08,554313,8,37882,95,7,57,12283,0
5,350,1,54,2053,97,14,08,0,43,-69,07,3,16,553360,3,37873,87,7,51,12273,9
5,400,1,56,2050,53,14,24,0,55,-68,83,3,26,552366,6,37864,81,7,43,12264,8
5,450,1,59,2047,09,14,40,0,65,-68,58,3,17,551407,1,37855,76,7,36,12255,8
5,500,1,63,2043,67,14,56,0,77,-68,34,3,08,550444,7,37846,73,7,30,12246,7
5,550,1,67,2040,26,14,71,0,88,-68,09,3,01,549414,3,37837,71,7,20,12237,7
5,600,1,72,2036,86,14,86,1,01,-67,85,2,95,548275,5,37828,72,7,04,12228,7
5,650,1,77,2033,47,15,01,1,13,-67,61,2,88,547001,6,37819,74,6,80,12219,7
5,700,1,83,2030,10,15,15,1,25,-67,37,2,83,545572,9,37810,79,6,49,12210,8
5,750,1,89,2026,73,15,29,1,38,-67,13,2,77,543960,4,37801,86,6,08,12201,9
5,800,1,97,2023,38,15,43,1,53,-66,90,2,72,542121,3,37792,95,5,54,12193,0
5,850,2,05,2020,04,15,56,1,69,-66,67,2,68,539996,9,37784,09,4,84,12184,1
5,900,2,14,2016,72,15,69,1,89,-66,46,2,63,537513,2,37775,25,3,94,12175,3
5,950,2,24,2013,40,15,82,2,12,-66,26,2,59,534647,6,37766,46,2,81,12166,5
6,000,2,35,2010,09,15,95,2,39,-66,08,2,55,531821,8,37757,73,1,73,12157,7
6,050,2,47,2006,79,16,08,2,28,-65,90,2,53,531784,3,37749,01,2,14,12149,0
6,100,2,58,2003,50,16,21,2,01,-65,71,2,53,533647,9,37740,28,3,29,12140,3
6,150,2,67,2000,22,16,33,1,79,-65,51,2,53,535154,4,37731,52,4,28,12131,5
6,200,2,75,1996,95,16,46,1,61,-65,30,2,52,536146,2,37722,73,5,05,12122,7
6,250,2,83,1993,69,16,58,1,45,-65,07,2,50,536727,6,37713,94,5,64,12113,9
6,300,2,90,1990,44,16,71,1,31,-64,85,2,47,537003,5,37705,14,6,09,12105,1
6,350,2,96,1987,20,16,83,1,18,-64,62,2,44,537047,9,37696,33,6,43,12096,3
6,400,3,02,1983,98,16,95,1,06,-64,39,2,40,536909,6,37687,52,6,69,12087,5
6,450,3,07,1980,77,17,07,0,93,-64,16,2,36,536621,1,37678,73,6,87,12078,7
6,500,3,11,1977,56,17,19,0,81,-63,93,2,32,536203,1,37669,93,7,00,12069,9
6,550,3,15,1974,37,17,31,0,70,-63,70,2,36,535687,1,37661,15,7,07,12061,2
6,600,3,18,1971,19,17,42,0,59,-63,47,2,41,535099,4,37652,37,7,12,12052,4
6,650,3,21,1968,03,17,55,0,49,-63,24,2,45,534446,2,37643,60,7,13,12043,6
6,700,3,23,1964,87,17,67,0,39,-63,01,2,49,533736,8,37634,85,7,12,12034,9
6,750,3,25,1961,73,17,79,0,28,-62,78,2,52,532961,6,37626,10,7,07,12026,1
6,800,3,26,1958,59,17,92,0,17,-62,55,2,55,532099,9,37617,38,6,98,12017,4
6,850,3,26,1955,47,18,05,0,05,-62,33,2,58,531133,3,37608,66,6,83,12008,7
6,900,3,26,1952,36,18,18,-0,06,-62,11,2,61,530046,6,37599,96,6,62,12000,0
6,950,3,26,1949,26,18,31,-0,18,-61,88,2,64,528827,5,37591,28,6,34,11991,3
7,000,3,25,1946,17,18,44,-0,29,-61,66,2,67,527466,9,37582,63,5,99,11982,6
7,050,3,23,1943,09,18,58,-0,41,-61,45,2,71,525942,6,37573,99,5,55,11974,0
7,100,3,20,1940,03,18,71,-0,55,-61,23,2,74,524220,4,37565,38,5,00,11965,4
7,150,3,17,1936,97,18,85,-0,70,-61,03,2,76,522254,7,37556,81,4,32,11956,8
7,200,3,13,1933,92,18,99,-0,88,-60,83,2,74,519962,8,37548,27,3,45,11948,3
7,250,3,08,1930,89,19,13,-1,09,-60,65,2,73,517265,6,37539,77,2,35,11939,8
7,300,3,02,1927,86,19,26,-1,34,-60,48,2,73,514398,7,37531,31,1,17,11931,3
7,350,2,95,1924,84,19,40,-1,29,-60,32,2,70,514526,4,37522,88,1,68,11922,9
7,400,2,90,1921,83,19,53,-1,04,-60,15,2,65,516641,3,37514,43,2,95,11914,4
7,450,2,85,1918,82,19,66,-0,84,-59,97,2,61,518235,9,37505,95,3,98,11905,9
7,500,2,81,1915,83,19,79,-0,67,-59,77,2,57,519288,6,37497,44,4,77,11897,4
7,550,2,78,1912,85,19,92,-0,53,-59,57,2,53,519931,8,37488,92,5,38,11888,9
7,600,2,76,1909,87,20,05,-0,40,-59,36,2,49,520275,8,37480,39,5,86,11880,4
7,650,2,74,1906,91,20,17,-0,28,-59,15,2,46,520395,8,37471,86,6,24,11871,9
7,700,2,73,1903,96,20,29,-0,17,-58,94,2,41,520338,2,37463,32,6,53,11863,3
7,750,2,73,1901,02,20,41,-0,06,-58,73,2,37,520129,5,37454,80,6,75,11854,8
7,800,2,73,1898,09,20,53,0,05,-58,52,2,32,519780,4,37446,27,6,90,11846,3
7,850,2,73,1895,16,20,64,0,16,-58,31,2,27,519305,0,37437,76,6,98,11837,8
7,900,2,74,1892,25,20,75,0,26,-58,10,2,21,518723,5,37429,25,7,02,11829,3
7,950,2,76,1889,35,20,86,0,36,-57,89,2,15,518063,2,37420,75,7,02,11820,8
8,000,2,78,1886,46,20,97,0,46,-57,68,2,10,517359,7,37412,26,7,00,11812,3
8,050,2,80,1883,59,21,07,0,55,-57,48,2,03,516645,9,37403,79,6,98,11803,8
8,100,2,83,1880,72,21,17,0,66,-57,27,2,02,515947,7,37395,32,6,95,11795,3
8,150,2,87,1877,86,21,28,0,77,-57,07,2,09,515211,5,37386,87,6,91,11786,9
8,200,2,91,1875,01,21,38,0,89,-56,87,2,14,514380,2,37378,43,6,81,11778,4
8,250,2,96,1872,17,21,49,1,01,-56,67,2,19,513427,7,37370,01,6,65,11770,0
8,300,3,01,1869,34,21,60,1,13,-56,47,2,24,512337,6,37361,60,6,42,11761,6
8,350,3,07,1866,52,21,71,1,25,-56,27,2,28,511093,0,37353,21,6,11,11753,2
8,400,3,14,1863,72,21,83,1,38,-56,08,2,32,509667,7,37344,84,5,71,11744,9
8,450,3,21,1860,92,21,95,1,52,-55,89,2,36,508031,7,37336,50,5,19,11736,5
8,500,3,29,1858,13,22,07,1,68,-55,70,2,38,506153,9,37328,19,4,54,11728,2
8,550,3,38,1855,35,22,18,1,87,-55,53,2,40,504036,7,37319,91,3,75,11719,9
8,600,3,48,1852,57,22,31,2,09,-55,37,2,42,501871,8,37311,67,2,92,11711,7
8,650,3,59,1849,81,22,43,2,34,-55,22,2,43,500582,3,37303,45,2,59,11703,5
8,700,3,70,1847,05,22,55,2,09,-55,08,2,48,501414,6,37295,24,3,29,11695,2
8,750,3,80,1844,30,22,67,1,86,-54,92,2,53,502821,7,37287,01,4,22,11687,0
8,800,3,88,1841,56,22,80,1,67,-54,75,2,58,503933,9,37278,76,5,02,11678,8
8,850,3,96,1838,82,22,93,1,51,-54,57,2,63,504675,0,37270,49,5,65,11670,5
8,900,4,04,1836,10,23,07,1,37,-54,39,2,68,505097,3,37262,21,6,15,11662,2
8,950,4,10,1833,39,23,20,1,25,-54,20,2,74,505268,0,37253,93,6,53,11653,9
9,000,4,16,1830,68,23,34,1,13,-54,01,2,80,505233,9,37245,65,6,82,11645,7
9,050,4,21,1827,98,23,48,1,02,-53,82,2,87,505028,5,37237,37,7,02,11637,4
9,100,4,26,1825,30,23,63,0,91,-53,63,2,94,504671,1,37229,09,7,15,11629,1
9,150,4,31,1822,62,23,78,0,80,-53,44,3,00,504177,5,37220,82,7,22,11620,8
9,200,4,34,1819,95,23,93,0,70,-53,25,3,08,503574,0,37212,56,7,23,11612,6
9,250,4,38,1817,30,24,08,0,60,-53,07,3,16,502897,4,37204,31,7,20,11604,3
9,300,4,40,1814,65,24,24,0,51,-52,88,3,26,502207,5,37196,07,7,17,11596,1
9,350,4,43,1812,01,24,41,0,42,-52,70,3,36,501603,5,37187,84,7,18,11587,9
9,400,4,44,1809,38,24,57,0,30,-52,53,3,24,501113,6,37179,63,7,23,11579,6
9,450,4,46,1806,76,24,73,0,19,-52,35,3,15,500577,2,37171,41,7,26,11571,4
9,500,4,46,1804,14,24,89,0,07,-52,17,3,07,499937,3,37163,21,7,24,11563,2
9,550,4,46,1801,54,25,04,-0,05,-51,98,3,00,499165,5,37155,02,7,15,11555,0
9,600,4,46,1798,94,25,19,-0,17,-51,80,2,94,498247,9,37146,85,7,00,11546,9
9,650,4,45,1796,36,25,34,-0,29,-51,62,2,88,497174,4,37138,69,6,76,11538,7
9,700,4,43,1793,78,25,48,-0,42,-51,45,2,82,495923,8,37130,55,6,42,11530,6
9,750,4,40,1791,21,25,62,-0,56,-51,28,2,77,494474,1,37122,43,5,98,11522,4
9,800,4,37,1788,65,25,76,-0,72,-51,11,2,73,492806,5,37114,34,5,42,11514,3
9,850,4,33,1786,10,25,89,-0,91,-50,95,2,69,490929,7,37106,28,4,74,11506,3
9,900,4,28,1783,56,26,02,-1,12,-50,81,2,66,488982,0,37098,25,4,01,11498,3
9,950,4,22,1781,02,26,16,-1,37,-50,67,2,63,487497,2,37090,25,3,53,11490,3
10,000,4,15,1778,49,26,29,-1,27,-50,55,2,59,487554,9,37082,26,3,84,11482,3
10,050,4,09,1775,97,26,42,-1,03,-50,41,2,53,488647,0,37074,26,4,60,11474,3
10,100,4,05,1773,45,26,54,-0,83,-50,27,2,47,489709,1,37066,23,5,36,11466,2
10,150,4,01,1770,94,26,66,-0,66,-50,11,2,41,490478,1,37058,20,5,99,11458,2
10,200,3,98,1768,44,26,78,-0,51,-49,94,2,35,490942,4,37050,15,6,49,11450,2
10,250,3,96,1765,95,26,90,-0,39,-49,77,2,28,491146,8,37042,11,6,87,11442,1
10,300,3,94,1763,46,27,01,-0,27,-49,60,2,21,491134,8,37034,05,7,15,11434,1
10,350,3,93,1760,99,27,12,-0,16,-49,43,2,13,490937,8,37026,00,7,34,11426,0
10,400,3,93,1758,52,27,22,-0,05,-49,26,2,05,490577,3,37017,95,7,45,11418,0
10,450,3,93,1756,06,27,32,0,06,-49,09,1,97,490066,9,37009,92,7,49,11409,9
10,500,3,93,1753,61,27,42,0,17,-48,92,1,89,489427,8,37001,89,7,46,11401,9
10,550,3,94,1751,17,27,51,0,27,-48,75,1,79,488690,9,36993,87,7,38,11393,9
10,600,3,96,1748,73,27,60,0,36,-48,59,1,68,487910,6,36985,87,7,28,11385,9
10,650,3,98,1746,31,27,68,0,45,-48,43,1,54,487182,5,36977,88,7,20,11377,9
10,700,4,00,1743,89,27,75,0,55,-48,28,1,51,486657,0,36969,89,7,21,11369,9
10,750,4,03,1741,48,27,83,0,66,-48,12,1,65,486266,8,36961,92,7,29,11361,9
10,800,4,07,1739,08,27,92,0,78,-47,97,1,77,485824,8,36953,95,7,34,11354,0
10,850,4,11,1736,68,28,01,0,89,-47,81,1,86,485260,4,36945,99,7,34,11346,0
10,900,4,16,1734,30,28,10,1,01,-47,64,1,94,484549,8,36938,04,7,26,11338,0
10,950,4,21,1731,92,28,20,1,13,-47,48,2,01,483685,1,36930,11,7,11,11330,1
11,000,4,27,1729,55,28,30,1,26,-47,32,2,08,482655,7,36922,18,6,87,11322,2
11,050,4,34,1727,19,28,41,1,39,-47,17,2,15,481441,1,36914,28,6,54,11314,3
11,100,4,41,1724,83,28,52,1,54,-47,02,2,21,480026,2,36906,40,6,09,11306,4
11,150,4,49,1722,49,28,63,1,72,-46,87,2,26,478416,8,36898,55,5,53,11298,6
11,200,4,58,1720,15,28,74,1,92,-46,74,2,31,476707,0,36890,72,4,91,11290,7
11,250,4,69,1717,81,28,86,2,16,-46,62,2,35,475233,6,36882,92,4,40,11282,9
11,300,4,80,1715,48,28,98,2,25,-46,51,2,40,474779,1,36875,13,4,44,11275,1
11,350,4,90,1713,16,29,10,2,01,-46,39,2,46,475597,2,36867,34,5,06,11267,3
11,400,5,00,1710,84,29,23,1,78,-46,27,2,53,476669,9,36859,54,5,80,11259,5
11,450,5,08,1708,53,29,35,1,60,-46,13,2,59,477528,4,36851,71,6,45,11251,7
11,500,5,16,1706,23,29,49,1,44,-45,99,2,66,478092,6,36843,88,6,97,11243,9
11,550,5,23,1703,94,29,62,1,30,-45,84,2,74,478378,8,36836,04,7,37,11236,0
11,600,5,29,1701,65,29,76,1,18,-45,69,2,82,478428,3,36828,20,7,66,11228,2
11,650,5,35,1699,37,29,90,1,06,-45,53,2,90,478272,3,36820,36,7,85,11220,4
11,700,5,40,1697,09,30,05,0,94,-45,38,2,99,477934,4,36812,52,7,95,11212,5
11,750,5,44,1694,83,30,20,0,83,-45,23,3,08,477428,2,36804,68,7,97,11204,7
11,800,5,48,1692,57,30,36,0,72,-45,07,3,17,476769,6,36796,86,7,91,11196,9
11,850,5,51,1690,32,30,52,0,62,-44,92,3,27,475982,3,36789,05,7,79,11189,1
11,900,5,54,1688,08,30,68,0,52,-44,78,3,40,475111,0,36781,26,7,63,11181,3
11,950,5,56,1685,84,30,86,0,43,-44,64,3,54,474237,9,36773,48,7,45,11173,5
12,000,5,58,1683,62,31,04,0,34,-44,50,3,72,473509,0,36765,71,7,34,11165,7
12,050,5,60,1681,39,31,22,0,23,-44,38,3,61,473111,2,36757,95,7,37,11158,0
12,100,5,61,1679,18,31,40,0,12,-44,25,3,45,472813,7,36750,20,7,46,11150,2
12,150,5,61,1676,97,31,57,0,00,-44,11,3,32,472433,2,36742,45,7,52,11142,5
12,200,5,61,1674,77,31,73,-0,12,-43,96,3,21,471903,1,36734,71,7,50,11134,7
12,250,5,60,1672,57,31,89,-0,23,-43,82,3,12,471209,2,36726,98,7,41,11127,0
12,300,5,58,1670,38,32,04,-0,36,-43,68,3,04,470343,5,36719,26,7,24,11119,3
12,350,5,56,1668,20,32,19,-0,50,-43,54,2,96,469295,3,36711,56,6,96,11111,6
12,400,5,53,1666,03,32,34,-0,65,-43,40,2,89,468052,7,36703,88,6,58,11103,9
12,450,5,50,1663,86,32,48,-0,82,-43,28,2,82,466621,9,36696,21,6,09,11096,2
12,500,5,45,1661,70,32,62,-1,02,-43,16,2,75,465090,9,36688,58,5,53,11088,6
12,550,5,39,1659,55,32,76,-1,26,-43,06,2,69,463749,8,36680,96,5,07,11081,0
12,600,5,33,1657,40,32,89,-1,35,-42,95,2,64,463234,3,36673,37,5,04,11073,4
12,650,5,26,1655,25,33,02,-1,11,-42,85,2,57,463832,4,36665,77,5,54,11065,8
12,700,5,21,1653,11,33,15,-0,90,-42,74,2,50,464725,3,36658,16,6,18,11058,2
12,750,5,17,1650,98,33,27,-0,72,-42,62,2,43,465473,2,36650,53,6,76,11050,5
12,800,5,14,1648,85,33,39,-0,56,-42,49,2,36,465976,9,36642,89,7,24,11042,9
12,850,5,12,1646,73,33,51,-0,43,-42,36,2,28,466231,3,36635,25,7,61,11035,3
12,900,5,10,1644,61,33,62,-0,30,-42,22,2,19,466263,8,36627,61,7,87,11027,6
12,950,5,09,1642,51,33,73,-0,19,-42,08,2,10,466096,6,36619,96,8,04,11020,0
13,000,5,08,1640,41,33,83,-0,08,-41,94,2,01,465747,4,36612,32,8,12,11012,3
13,050,5,08,1638,31,33,93,0,03,-41,80,1,92,465225,6,36604,69,8,11,11004,7
13,100,5,08,1636,23,34,02,0,14,-41,67,1,82,464545,4,36597,07,8,02,10997,1
13,150,5,09,1634,15,34,11,0,24,-41,53,1,72,463723,5,36589,46,7,86,10989,5
13,200,5,11,1632,07,34,19,0,33,-41,40,1,59,462791,4,36581,87,7,64,10981,9
13,250,5,13,1630,01,34,27,0,42,-41,27,1,45,461808,9,36574,29,7,39,10974,3
13,300,5,15,1627,95,34,34,0,51,-41,15,1,28,460882,9,36566,73,7,15,10966,7
13,350,5,18,1625,89,34,40,0,61,-41,04,1,17,460232,8,36559,18,7,03,10959,2
13,400,5,21,1623,84,34,46,0,71,-40,93,1,36,459940,7,36551,64,7,09,10951,6
13,450,5,25,1621,80,34,53,0,82,-40,82,1,51,459708,1,36544,10,7,19,10944,1
13,500,5,29,1619,76,34,61,0,92,-40,69,1,64,459382,8,36536,57,7,25,10936,6
13,550,5,34,1617,73,34,70,1,03,-40,56,1,75,458909,3,36529,04,7,24,10929,0
13,600,5,40,1615,70,34,79,1,15,-40,44,1,84,458277,2,36521,52,7,16,10921,5
13,650,5,46,1613,69,34,88,1,27,-40,31,1,93,457477,8,36514,02,6,99,10914,0
13,700,5,52,1611,67,34,98,1,40,-40,19,2,01,456508,9,36506,52,6,72,10906,5
13,750,5,60,1609,67,35,08,1,56,-40,07,2,09,455375,4,36499,05,6,36,10899,1
13,800,5,68,1607,67,35,19,1,73,-39,96,2,17,454124,9,36491,59,5,93,10891,6
13,850,5,77,1605,67,35,30,1,94,-39,86,2,24,452935,2,36484,16,5,52,10884,2
13,900,5,87,1603,68,35,41,2,17,-39,77,2,30,452227,6,36476,74,5,36,10876,7
13,950,5,98,1601,69,35,53,1,98,-39,68,2,37,452517,1,36469,33,5,70,10869,3
14,000,6,07,1599,71,35,65,1,76,-39,59,2,44,453314,7,36461,90,6,26,10861,9
14,050,6,16,1597,74,35,77,1,58,-39,48,2,51,454073,0,36454,46,6,82,10854,5
14,100,6,23,1595,76,35,90,1,42,-39,36,2,58,454637,0,36447,02,7,30,10847,0
14,150,6,30,1593,80,36,03,1,28,-39,24,2,66,454977,0,36439,56,7,68,10839,6
14,200,6,36,1591,84,36,17,1,16,-39,12,2,74,455105,3,36432,10,7,96,10832,1
14,250,6,41,1589,89,36,30,1,04,-38,99,2,83,455038,8,36424,64,8,14,10824,6
14,300,6,46,1587,94,36,45,0,93,-38,87,2,92,454790,8,36417,18,8,24,10817,2
14,350,6,51,1586,00,36,60,0,82,-38,74,3,01,454368,2,36409,73,8,25,10809,7
14,400,6,54,1584,07,36,75,0,72,-38,62,3,11,453777,4,36402,28,8,17,10802,3
14,450,6,58,1582,14,36,91,0,62,-38,49,3,21,453031,0,36394,85,8,02,10794,9
14,500,6,61,1580,22,37,07,0,52,-38,37,3,32,452146,2,36387,43,7,79,10787,4
14,550,6,63,1578,30,37,24,0,43,-38,25,3,45,451156,4,36380,02,7,51,10780,0
14,600,6,65,1576,39,37,42,0,34,-38,14,3,59,450119,4,36372,64,7,19,10772,6
14,650,6,66,1574,49,37,60,0,25,-38,04,3,77,449152,8,36365,27,6,89,10765,3
14,700,6,67,1572,59,37,79,0,16,-37,95,3,85,448525,9,36357,91,6,76,10757,9
14,750,6,68,1570,69,37,98,0,06,-37,86,3,65,448311,8,36350,56,6,82,10750,6
14,800,6,68,1568,80,38,16,-0,04,-37,75,3,49,448176,8,36343,21,6,93,10743,2
14,850,6,68,1566,92,38,33,-0,14,-37,64,3,36,447957,6,36335,87,7,01,10735,9
14,900,6,67,1565,04,38,49,-0,24,-37,53,3,25,447594,7,36328,52,7,02,10728,5
14,950,6,65,1563,16,38,65,-0,35,-37,41,3,15,447074,5,36321,19,6,95,10721,2
15,000,6,63,1561,30,38,81,-0,46,-37,30,3,05,446392,7,36313,87,6,81,10713,9
15,050,6,61,1559,43,38,96,-0,59,-37,19,2,97,445556,2,36306,55,6,57,10706,6
15,100,6,57,1557,58,39,11,-0,75,-37,08,2,88,444588,9,36299,26,6,27,10699,3
15,150,6,53,1555,73,39,25,-0,92,-36,99,2,80,443576,4,36291,98,5,93,10692,0
15,200,6,48,1553,88,39,39,-1,13,-36,90,2,72,442756,4,36284,71,5,68,10684,7
15,250,6,42,1552,04,39,52,-1,13,-36,82,2,65,442574,5,36277,46,5,75,10677,5
15,300,6,37,1550,20,39,65,-0,92,-36,74,2,58,443040,4,36270,20,6,14,10670,2
15,350,6,33,1548,36,39,78,-0,74,-36,64,2,50,443628,7,36262,93,6,60,10662,9
15,400,6,29,1546,53,39,90,-0,59,-36,53,2,43,444119,8,36255,66,7,02,10655,7
15,450,6,27,1544,71,40,02,-0,46,-36,42,2,36,444450,9,36248,37,7,38,10648,4
15,500,6,25,1542,89,40,14,-0,35,-36,31,2,28,444617,9,36241,09,7,65,10641,1
15,550,6,23,1541,08,40,25,-0,24,-36,19,2,20,444623,3,36233,80,7,85,10633,8
15,600,6,22,1539,27,40,36,-0,14,-36,08,2,11,444469,4,36226,52,7,97,10626,5
15,650,6,22,1537,47,40,46,-0,04,-35,96,2,02,444157,3,36219,23,8,01,10619,2
15,700,6,22,1535,68,40,56,0,06,-35,85,1,93,443684,0,36211,95,7,96,10612,0
15,750,6,22,1533,89,40,65,0,15,-35,73,1,84,443055,3,36204,69,7,84,10604,7
15,800,6,23,1532,10,40,74,0,24,-35,62,1,74,442282,6,36197,43,7,65,10597,4
15,850,6,25,1530,32,40,83,0,32,-35,51,1,64,441378,0,36190,19,7,38,10590,2
15,900,6,27,1528,55,40,91,0,40,-35,40,1,52,440361,2,36182,96,7,06,10583,0
15,950,6,29,1526,78,40,98,0,49,-35,30,1,39,439257,9,36175,75,6,68,10575,8
16,000,6,32,1525,02,41,04,0,57,-35,20,1,23,438136,0,36168,56,6,28,10568,6
16,050,6,35,1523,26,41,10,0,66,-35,11,1,04,437188,6,36161,38,5,96,10561,4
16,100,6,38,1521,51,41,16,0,74,-35,03,1,16,436729,0,36154,22,5,89,10554,2
16,150,6,42,1519,76,41,22,0,82,-34,94,1,33,436582,8,36147,06,5,97,10547,1
16,200,6,46,1518,02,41,29,0,90,-34,85,1,47,436480,3,36139,91,6,09,10539,9
16,250,6,51,1516,28,41,36,0,98,-34,74,1,59,436300,6,36132,75,6,17,10532,8
16,300,6,56,1514,54,41,45,1,07,-34,64,1,69,436004,6,36125,60,6,20,10525,6
16,350,6,62,1512,81,41,53,1,16,-34,54,1,79,435582,6,36118,46,6,16,10518,5
16,400,6,68,1511,09,41,62,1,27,-34,43,1,87,435039,6,36111,32,6,06,10511,3
16,450,6,74,1509,37,41,72,1,39,-34,33,1,96,434399,9,36104,20,5,91,10504,2
16,500,6,82,1507,65,41,82,1,52,-34,24,2,04,433718,9,36097,08,5,73,10497,1
16,550,6,90,1505,94,41,92,1,69,-34,15,2,12,433136,7,36089,98,5,60,10490,0
16,600,6,98,1504,24,42,03,1,76,-34,07,2,20,432950,3,36082,88,5,66,10482,9
16,650,7,07,1502,54,42,14,1,58,-33,99,2,27,433252,2,36075,77,5,96,10475,8
16,700,7,14,1500,84,42,26,1,43,-33,90,2,34,433679,8,36068,67,6,33,10468,7
16,750,7,21,1499,15,42,38,1,30,-33,80,2,41,434061,1,36061,55,6,69,10461,6
16,800,7,27,1497,46,42,50,1,19,-33,69,2,48,434340,7,36054,44,6,99,10454,4
16,850,7,33,1495,78,42,63,1,09,-33,59,2,55,434500,1,36047,32,7,23,10447,3
16,900,7,38,1494,10,42,76,0,99,-33,48,2,63,434541,1,36040,20,7,42,10440,2
16,950,7,43,1492,43,42,89,0,90,-33,37,2,70,434458,8,36033,08,7,54,10433,1
17,000,7,47,1490,76,43,03,0,82,-33,27,2,79,434245,5,36025,96,7,60,10426,0
17,050,7,51,1489,10,43,17,0,73,-33,16,2,87,433892,7,36018,84,7,59,10418,8
17,100,7,54,1487,45,43,31,0,64,-33,06,2,96,433398,3,36011,73,7,51,10411,7
17,150,7,58,1485,80,43,46,0,56,-32,95,3,04,432767,7,36004,63,7,35,10404,6
17,200,7,60,1484,15,43,62,0,49,-32,85,3,13,432011,9,35997,55,7,14,10397,5
17,250,7,62,1482,51,43,78,0,42,-32,74,3,23,431140,3,35990,47,6,86,10390,5
17,300,7,64,1480,88,43,94,0,34,-32,64,3,33,430155,5,35983,41,6,52,10383,4
17,350,7,66,1479,25,44,11,0,27,-32,55,3,44,429058,0,35976,37,6,12,10376,4
17,400,7,67,1477,62,44,29,0,19,-32,46,3,57,427873,1,35969,34,5,66,10369,4
17,450,7,68,1476,00,44,47,0,12,-32,37,3,72,426699,6,35962,34,5,21,10362,3
17,500,7,68,1474,39,44,66,0,04,-32,30,3,86,425806,7,35955,36,4,90,10355,4
17,550,7,68,1472,77,44,85,-0,02,-32,22,3,68,425489,5,35948,38,4,87,10348,4
17,600,7,68,1471,16,45,03,-0,09,-32,14,3,53,425451,0,35941,41,4,98,10341,4
17,650,7,67,1469,56,45,20,-0,15,-32,05,3,40,425456,7,35934,43,5,13,10334,4
17,700,7,66,1467,96,45,37,-0,22,-31,95,3,30,425405,9,35927,46,5,25,10327,5
17,750,7,65,1466,36,45,53,-0,30,-31,86,3,20,425268,4,35920,49,5,32,10320,5
17,800,7,63,1464,77,45,69,-0,38,-31,76,3,11,425044,0,35913,52,5,36,10313,5
17,850,7,61,1463,19,45,84,-0,47,-31,67,3,03,424755,5,35906,55,5,36,10306,6
17,900,7,59,1461,61,45,99,-0,58,-31,58,2,95,424455,7,35899,59,5,35,10299,6
17,950,7,56,1460,03,46,13,-0,70,-31,49,2,86,424248,5,35892,63,5,39,10292,6
18,000,7,52,1458,46,46,28,-0,67,-31,41,2,79,424313,2,35885,68,5,56,10285,7
18,050,7,49,1456,89,46,41,-0,54,-31,32,2,71,424595,0,35878,72,5,85,10278,7
18,100,7,46,1455,33,46,55,-0,43,-31,23,2,64,424897,4,35871,76,6,14,10271,8
18,150,7,45,1453,77,46,68,-0,34,-31,14,2,57,425135,7,35864,79,6,41,10264,8
18,200,7,43,1452,21,46,80,-0,26,-31,04,2,49,425285,1,35857,82,6,64,10257,8
18,250,7,42,1450,66,46,93,-0,18,-30,94,2,42,425342,6,35850,84,6,83,10250,9
18,300,7,41,1449,12,47,05,-0,11,-30,84,2,35,425313,9,35843,88,6,97,10243,9
18,350,7,41,1447,58,47,16,-0,03,-30,74,2,28,425200,2,35836,90,7,07,10236,9
18,400,7,41,1446,04,47,27,0,04,-30,64,2,21,424989,3,35829,93,7,12,10229,9
18,450,7,41,1444,51,47,38,0,11,-30,54,2,13,424672,2,35822,97,7,11,10223,0
18,500,7,42,1442,99,47,49,0,18,-30,45,2,05,424243,4,35816,01,7,04,10216,0
18,550,7,43,1441,47,47,59,0,24,-30,35,1,97,423702,2,35809,06,6,92,10209,1
18,600,7,44,1439,95,47,68,0,30,-30,25,1,88,423051,6,35802,12,6,75,10202,1
18,650,7,46,1438,44,47,78,0,36,-30,16,1,80,422296,9,35795,19,6,51,10195,2
18,700,7,48,1436,94,47,86,0,42,-30,06,1,72,421436,1,35788,27,6,23,10188,3
18,750,7,50,1435,44,47,95,0,49,-29,97,1,63,420457,0,35781,37,5,87,10181,4
18,800,7,53,1433,94,48,03,0,55,-29,88,1,54,419346,8,35774,49,5,45,10174,5
18,850,7,56,1432,45,48,10,0,62,-29,79,1,44,418099,9,35767,63,4,94,10167,6
18,900,7,59,1430,96,48,17,0,68,-29,71,1,32,416731,3,35760,78,4,37,10160,8
18,950,7,63,1429,48,48,23,0,74,-29,63,1,19,415328,5,35753,96,3,77,10154,0
19,000,7,67,1428,00,48,29,0,81,-29,56,1,03,414183,2,35747,16,3,31,10147,2
19,050,7,71,1426,52,48,35,0,85,-29,49,1,20,413765,3,35740,38,3,23,10140,4
19,100,7,75,1425,05,48,41,0,90,-29,42,1,33,413836,6,35733,59,3,40,10133,6
19,150,7,80,1423,58,48,48,0,95,-29,34,1,45,414063,2,35726,80,3,65,10126,8
19,200,7,85,1422,12,48,55,1,00,-29,26,1,55,414298,6,35720,02,3,91,10120,0
19,250,7,90,1420,66,48,63,1,07,-29,17,1,64,414514,2,35713,22,4,16,10113,2
19,300,7,95,1419,20,48,72,1,14,-29,09,1,72,414737,1,35706,42,4,41,10106,4
19,350,8,01,1417,75,48,81,1,17,-29,01,1,80,415037,5,35699,62,4,71,10099,6
19,400,8,07,1416,30,48,90,1,09,-28,92,1,87,415443,1,35692,81,5,06,10092,8
19,450,8,12,1414,85,48,99,1,01,-28,83,1,94,415848,1,35686,00,5,40,10086,0
19,500,8,17,1413,41,49,09,0,95,-28,74,2,02,416190,1,35679,18,5,72,10079,2
19,550,8,21,1411,98,49,19,0,89,-28,65,2,09,416443,0,35672,35,5,99,10072,4
19,600,8,26,1410,55,49,30,0,83,-28,56,2,17,416599,2,35665,52,6,21,10065,5
19,650,8,30,1409,12,49,41,0,77,-28,47,2,24,416659,8,35658,70,6,39,10058,7
19,700,8,33,1407,70,49,52,0,71,-28,38,2,32,416627,9,35651,88,6,51,10051,9
19,750,8,37,1406,29,49,64,0,66,-28,29,2,39,416510,5,35645,05,6,60,10045,1
19,800,8,40,1404,87,49,76,0,60,-28,20,2,46,416318,0,35638,22,6,65,10038,2
19,850,8,43,1403,46,49,89,0,55,-28,11,2,52,416060,8,35631,39,6,67,10031,4
19,900,8,46,1402,06,50,02,0,50,-28,02,2,59,415739,5,35624,58,6,65,10024,6
19,950,8,48,1400,66,50,15,0,45,-27,93,2,67,415349,6,35617,77,6,60,10017,8
20,000,8,50,1399,27,50,28,0,41,-27,84,2,74,414886,2,35610,96,6,50,10011,0
20,050,8,52,1397,88,50,42,0,36,-27,75,2,82,414338,1,35604,16,6,37,10004,2
20,100,8,54,1396,49,50,57,0,30,-27,66,2,90,413693,1,35597,38,6,18,9997,4
20,150,8,55,1395,11,50,71,0,25,-27,57,2,98,412940,7,35590,60,5,93,9990,6
20,200,8,56,1393,74,50,86,0,20,-27,49,3,05,412073,0,35583,84,5,62,9983,8
20,250,8,57,1392,36,51,02,0,14,-27,40,3,13,411084,3,35577,09,5,25,9977,1
20,300,8,58,1391,00,51,18,0,09,-27,32,3,20,409963,8,35570,37,4,80,9970,4
20,350,8,58,1389,63,51,34,0,04,-27,24,3,28,408695,2,35563,66,4,28,9963,7
20,400,8,58,1388,27,51,50,-0,01,-27,16,3,37,407258,4,35556,97,3,65,9957,0
20,450,8,58,1386,92,51,67,-0,06,-27,08,3,46,405620,5,35550,30,2,91,9950,3
20,500,8,57,1385,56,51,85,-0,11,-27,01,3,56,403730,6,35543,67,2,02,9943,7
20,550,8,57,1384,21,52,03,-0,17,-26,95,3,69,401527,8,35537,07,0,93,9937,1
20,600,8,56,1382,87,52,22,-0,20,-26,89,3,77,399867,7,35530,51,0,38,9930,5
20,650,8,55,1381,53,52,40,-0,14,-26,83,3,63,401957,4,35523,94,1,57,9923,9
20,700,8,54,1380,19,52,58,-0,09,-26,77,3,51,403624,1,35517,33,2,54,9917,3
20,750,8,54,1378,85,52,75,-0,04,-26,70,3,41,404945,3,35510,70,3,33,9910,7
20,800,8,54,1377,52,52,92,0,01,-26,62,3,32,405995,0,35504,05,3,98,9904,1
20,850,8,54,1376,19,53,09,0,06,-26,54,3,24,406833,1,35497,39,4,53,9897,4
20,900,8,55,1374,86,53,25,0,11,-26,46,3,17,407496,9,35490,71,5,00,9890,7
20,949,8,55,1373,54,53,40,0,16,-26,38,3,09,408009,3,35484,03,5,39,9884,0
20,999,8,56,1372,22,53,56,0,21,-26,30,3,02,408388,2,35477,34,5,71,9877,3
21,049,8,57,1370,91,53,71,0,26,-26,22,2,94,408644,3,35470,64,5,97,9870,6
21,099,8,59,1369,60,53,85,0,31,-26,13,2,86,408785,2,35463,94,6,17,9863,9
21,149,8,60,1368,30,53,99,0,36,-26,05,2,79,408820,3,35457,24,6,32,9857,2
21,199,8,62,1367,00,54,13,0,40,-25,97,2,71,408761,3,35450,54,6,42,9850,5
21,249,8,65,1365,70,54,26,0,45,-25,88,2,64,408621,3,35443,84,6,48,9843,8
21,299,8,67,1364,41,54,39,0,49,-25,80,2,57,408412,0,35437,14,6,51,9837,1
21,349,8,69,1363,12,54,52,0,54,-25,72,2,50,408139,8,35430,45,6,50,9830,5
21,399,8,72,1361,84,54,64,0,59,-25,63,2,44,407810,0,35423,76,6,47,9823,8
21,449,8,75,1360,56,54,76,0,64,-25,55,2,37,407422,3,35417,08,6,40,9817,1
21,499,8,79,1359,28,54,88,0,70,-25,47,2,30,406967,7,35410,41,6,30,9810,4
21,549,8,82,1358,01,54,99,0,75,-25,39,2,23,406438,0,35403,73,6,16,9803,7
21,599,8,86,1356,74,55,10,0,81,-25,31,2,16,405828,4,35397,08,5,97,9797,1
21,649,8,90,1355,48,55,21,0,86,-25,23,2,08,405137,5,35390,43,5,75,9790,4
21,699,8,95,1354,22,55,31,0,91,-25,15,2,01,404369,2,35383,80,5,47,9783,8
21,749,9,00,1352,96,55,41,0,97,-25,08,1,94,403534,0,35377,18,5,17,9777,2
21,799,9,05,1351,71,55,51,1,03,-25,00,1,87,402658,7,35370,57,4,84,9770,6
21,849,9,10,1350,46,55,60,1,10,-24,93,1,80,401802,3,35363,97,4,52,9764,0
21,899,9,15,1349,22,55,69,1,05,-24,86,1,73,401040,5,35357,39,4,24,9757,4
21,949,9,20,1347,98,55,77,0,99,-24,79,1,65,400323,0,35350,82,3,99,9750,8
21,999,9,25,1346,74,55,85,0,94,-24,72,1,57,399606,8,35344,27,3,73,9744,3
22,049,9,30,1345,51,55,93,0,89,-24,65,1,48,398879,9,35337,72,3,46,9737,7
22,099,9,34,1344,28,56,00,0,85,-24,58,1,38,398172,0,35331,19,3,20,9731,2
22,149,9,38,1343,05,56,07,0,81,-24,52,1,27,397588,2,35324,67,3,01,9724,7
22,199,9,42,1341,82,56,13,0,76,-24,46,1,14,397370,8,35318,16,3,02,9718,2
22,249,9,46,1340,60,56,18,0,71,-24,40,1,19,397827,2,35311,64,3,38,9711,6
22,299,9,49,1339,38,56,25,0,66,-24,34,1,32,398636,6,35305,11,3,91,9705,1
22,349,9,52,1338,17,56,31,0,60,-24,28,1,43,399442,8,35298,57,4,43,9698,6
22,399,9,55,1336,96,56,39,0,55,-24,21,1,52,400136,0,35292,01,4,90,9692,0
22,449,9,58,1335,75,56,47,0,49,-24,14,1,60,400696,3,35285,45,5,30,9685,4
22,499,9,60,1334,54,56,55,0,44,-24,06,1,68,401129,3,35278,87,5,64,9678,9
22,549,9,62,1333,34,56,63,0,39,-23,99,1,75,401446,4,35272,29,5,92,9672,3
22,599,9,64,1332,14,56,72,0,33,-23,92,1,83,401661,1,35265,71,6,16,9665,7
22,649,9,66,1330,95,56,82,0,28,-23,84,1,90,401782,1,35259,13,6,34,9659,1
22,699,9,67,1329,76,56,91,0,23,-23,76,1,97,401808,3,35252,54,6,47,9652,5
22,749,9,68,1328,57,57,01,0,17,-23,69,2,05,401737,7,35245,95,6,56,9645,9
22,799,9,69,1327,39,57,12,0,11,-23,61,2,12,401570,6,35239,37,6,59,9639,4
22,849,9,69,1326,21,57,23,0,05,-23,54,2,19,401310,5,35232,79,6,58,9632,8
22,899,9,69,1325,04,57,34,-0,01,-23,46,2,26,400963,8,35226,21,6,52,9626,2
22,949,9,69,1323,87,57,45,-0,07,-23,39,2,32,400539,6,35219,64,6,43,9619,6
22,999,9,68,1322,70,57,57,-0,14,-23,32,2,38,400050,7,35213,08,6,30,9613,1
23,049,9,68,1321,53,57,69,-0,20,-23,24,2,44,399506,4,35206,52,6,14,9606,5
23,099,9,66,1320,37,57,81,-0,27,-23,17,2,51,398909,8,35199,98,5,95,9600,0
23,149,9,65,1319,22,57,94,-0,34,-23,10,2,57,398269,3,35193,45,5,73,9593,4
23,199,9,63,1318,06,58,07,-0,42,-23,03,2,64,397608,7,35186,92,5,51,9586,9
23,249,9,61,1316,91,58,20,-0,51,-22,97,2,70,396982,7,35180,41,5,30,9580,4
23,299,9,58,1315,77,58,34,-0,55,-22,90,2,77,396503,2,35173,91,5,17,9573,9
23,349,9,55,1314,62,58,48,-0,45,-22,84,2,84,396195,9,35167,41,5,12,9567,4
23,399,9,53,1313,48,58,62,-0,37,-22,78,2,92,395936,1,35160,91,5,09,9560,9
23,449,9,52,1312,35,58,77,-0,30,-22,71,2,99,395661,1,35154,43,5,06,9554,4
23,499,9,50,1311,21,58,92,-0,24,-22,64,3,06,395343,8,35147,94,5,00,9547,9
23,549,9,49,1310,08,59,08,-0,18,-22,58,3,14,394970,4,35141,46,4,92,9541,5
23,599,9,49,1308,95,59,24,-0,12,-22,51,3,21,394537,8,35134,99,4,80,9535,0
23,649,9,48,1307,83,59,40,-0,07,-22,44,3,30,394054,1,35128,53,4,66,9528,5
23,699,9,48,1306,71,59,57,-0,01,-22,38,3,39,393542,3,35122,07,4,50,9522,1
23,749,9,48,1305,59,59,74,0,04,-22,32,3,49,393062,8,35115,63,4,35,9515,6
23,799,9,48,1304,48,59,92,0,09,-22,27,3,62,392748,9,35109,19,4,30,9509,2
23,849,9,49,1303,37,60,10,0,15,-22,22,3,64,392839,0,35102,75,4,45,9502,8
23,899,9,50,1302,26,60,28,0,21,-22,16,3,51,393301,0,35096,30,4,79,9496,3
23,949,9,51,1301,15,60,45,0,27,-22,10,3,40,393845,5,35089,85,5,17,9489,9
23,999,9,53,1300,05,60,62,0,33,-22,04,3,30,394344,1,35083,39,5,53,9483,4
24,049,9,54,1298,95,60,78,0,39,-21,97,3,22,394756,3,35076,92,5,85,9476,9
24,099,9,56,1297,85,60,94,0,44,-21,91,3,14,395074,9,35070,45,6,12,9470,4
24,149,9,59,1296,76,61,10,0,50,-21,84,3,07,395301,4,35063,97,6,35,9464,0
24,199,9,61,1295,66,61,25,0,56,-21,77,2,99,395433,8,35057,48,6,53,9457,5
24,249,9,64,1294,58,61,39,0,63,-21,70,2,92,395467,2,35051,00,6,65,9451,0
24,299,9,68,1293,49,61,54,0,69,-21,64,2,85,395394,8,35044,52,6,72,9444,5
24,349,9,71,1292,41,61,68,0,76,-21,57,2,78,395213,8,35038,03,6,74,9438,0
24,399,9,75,1291,34,61,82,0,83,-21,50,2,71,394925,8,35031,56,6,70,9431,6
24,449,9,80,1290,26,61,95,0,90,-21,43,2,64,394537,3,35025,09,6,61,9425,1
24,499,9,84,1289,19,62,08,0,97,-21,37,2,58,394059,2,35018,62,6,47,9418,6
24,549,9,89,1288,13,62,21,1,04,-21,30,2,51,393506,2,35012,16,6,29,9412,2
24,599,9,95,1287,06,62,33,1,12,-21,23,2,46,392892,7,35005,72,6,08,9405,7
24,649,10,01,1286,00,62,45,1,20,-21,17,2,40,392234,1,34999,29,5,85,9399,3
24,699,10,07,1284,95,62,57,1,29,-21,11,2,34,391554,7,34992,86,5,60,9392,9
24,749,10,13,1283,89,62,69,1,40,-21,05,2,28,390911,1,34986,45,5,37,9386,4
24,799,10,21,1282,84,62,80,1,52,-21,00,2,22,390425,6,34980,04,5,22,9380,0
24,849,10,28,1281,79,62,91,1,42,-20,95,2,15,390248,6,34973,65,5,23,9373,6
24,899,10,35,1280,75,63,01,1,31,-20,89,2,08,390230,7,34967,25,5,31,9367,3
24,949,10,41,1279,70,63,12,1,22,-20,83,2,01,390231,7,34960,86,5,41,9360,9
24,999,10,47,1278,66,63,22,1,14,-20,77,1,94,390188,6,34954,46,5,49,9354,5
25,049,10,53,1277,63,63,31,1,07,-20,71,1,87,390076,0,34948,06,5,53,9348,1
25,099,10,58,1276,59,63,40,1,00,-20,65,1,80,389886,5,34941,66,5,53,9341,7
25,149,10,63,1275,56,63,49,0,94,-20,59,1,72,389621,0,34935,28,5,49,9335,3
25,199,10,67,1274,54,63,57,0,87,-20,53,1,65,389281,4,34928,89,5,41,9328,9
25,249,10,71,1273,51,63,66,0,81,-20,47,1,57,388874,3,34922,52,5,30,9322,5
25,299,10,75,1272,49,63,73,0,75,-20,41,1,48,388422,9,34916,14,5,16,9316,1
25,349,10,79,1271,47,63,80,0,68,-20,35,1,38,387981,2,34909,78,5,03,9309,8
25,399,10,82,1270,45,63,87,0,63,-20,30,1,25,387660,4,34903,42,4,96,9303,4
25,449,10,85,1269,44,63,93,0,57,-20,26,1,23,387658,8,34897,06,5,06,9297,1
25,499,10,88,1268,43,63,99,0,51,-20,21,1,36,387965,8,34890,71,5,31,9290,7
25,549,10,90,1267,42,64,06,0,44,-20,15,1,46,388359,3,34884,34,5,61,9284,3
25,599,10,92,1266,41,64,14,0,38,-20,10,1,56,388729,9,34877,97,5,90,9278,0
25,649,10,94,1265,41,64,22,0,32,-20,04,1,64,389038,9,34871,60,6,16,9271,6
25,699,10,95,1264,41,64,30,0,26,-19,97,1,71,389269,1,34865,22,6,38,9265,2
25,749,10,97,1263,41,64,39,0,20,-19,91,1,79,389408,7,34858,83,6,56,9258,8
25,799,10,97,1262,42,64,48,0,13,-19,85,1,86,389451,8,34852,45,6,68,9252,4
25,849,10,98,1261,43,64,58,0,06,-19,79,1,93,389391,1,34846,06,6,75,9246,1
25,899,10,98,1260,44,64,68,-0,02,-19,73,2,00,389220,2,34839,68,6,76,9239,7
25,949,10,98,1259,45,64,78,-0,09,-19,67,2,07,388938,5,34833,30,6,72,9233,3
25,999,10,97,1258,47,64,88,-0,16,-19,60,2,13,388549,7,34826,93,6,61,9226,9
26,049,10,96,1257,49,64,99,-0,24,-19,54,2,20,388063,9,34820,56,6,46,9220,6
26,099,10,95,1256,52,65,10,-0,31,-19,48,2,26,387492,2,34814,20,6,27,9214,2
26,149,10,93,1255,55,65,22,-0,39,-19,42,2,32,386847,4,34807,86,6,03,9207,9
26,199,10,91,1254,58,65,33,-0,48,-19,37,2,37,386151,5,34801,52,5,77,9201,5
26,249,10,88,1253,61,65,45,-0,58,-19,31,2,43,385439,7,34795,20,5,49,9195,2
26,299,10,85,1252,64,65,58,-0,69,-19,26,2,48,384780,9,34788,88,5,24,9188,9
26,349,10,81,1251,68,65,70,-0,83,-19,22,2,54,384324,5,34782,58,5,10,9182,6
26,399,10,77,1250,72,65,83,-0,72,-19,17,2,60,384252,5,34776,28,5,15,9176,3
26,449,10,74,1249,76,65,96,-0,60,-19,13,2,66,384390,1,34769,98,5,31,9170,0
26,499,10,71,1248,81,66,10,-0,50,-19,07,2,73,384562,8,34763,68,5,49,9163,7
26,549,10,69,1247,86,66,23,-0,41,-19,02,2,79,384689,1,34757,37,5,65,9157,4
26,599,10,67,1246,91,66,38,-0,33,-18,96,2,86,384737,2,34751,06,5,77,9151,1
26,649,10,66,1245,96,66,52,-0,26,-18,91,2,93,384695,6,34744,75,5,84,9144,8
26,699,10,64,1245,02,66,67,-0,19,-18,85,3,00,384564,1,34738,45,5,87,9138,4
26,749,10,64,1244,08,66,82,-0,12,-18,79,3,06,384348,2,34732,14,5,85,9132,1
26,799,10,63,1243,14,66,97,-0,05,-18,74,3,14,384049,1,34725,84,5,79,9125,8
26,849,10,63,1242,20,67,13,0,02,-18,68,3,21,383673,6,34719,55,5,68,9119,6
26,898,10,63,1241,27,67,30,0,08,-18,63,3,30,383242,8,34713,27,5,55,9113,3
26,948,10,64,1240,34,67,46,0,15,-18,58,3,39,382801,3,34706,99,5,41,9107,0
26,998,10,65,1239,41,67,64,0,21,-18,53,3,50,382437,8,34700,72,5,31,9100,7
27,048,10,66,1238,49,67,81,0,27,-18,49,3,55,382317,7,34694,45,5,34,9094,4
27,098,10,68,1237,56,67,99,0,33,-18,44,3,43,382488,8,34688,18,5,52,9088,2
27,148,10,69,1236,64,68,16,0,39,-18,39,3,33,382764,6,34681,91,5,76,9081,9
27,198,10,71,1235,72,68,32,0,45,-18,34,3,24,383042,2,34675,63,5,99,9075,6
27,248,10,74,1234,81,68,48,0,51,-18,28,3,16,383274,4,34669,35,6,21,9069,3
27,298,10,77,1233,90,68,64,0,58,-18,23,3,09,383435,1,34663,06,6,38,9063,1
27,348,10,80,1232,99,68,79,0,65,-18,17,3,02,383509,9,34656,77,6,52,9056,8
27,398,10,83,1232,08,68,94,0,72,-18,11,2,95,383490,8,34650,48,6,60,9050,5
27,448,10,87,1231,17,69,08,0,79,-18,06,2,88,383369,9,34644,20,6,63,9044,2
27,498,10,91,1230,27,69,23,0,86,-18,00,2,82,383141,5,34637,91,6,60,9037,9
27,548,10,95,1229,37,69,37,0,94,-17,95,2,75,382891,2,34631,63,6,52,9031,6
27,598,11,00,1228,48,69,50,1,01,-17,89,2,69,382553,1,34625,36,6,38,9025,4
27,648,11,06,1227,58,69,63,1,09,-17,84,2,63,382120,2,34619,09,6,20,9019,1
27,698,11,11,1226,69,69,76,1,17,-17,78,2,57,381600,5,34612,83,5,97,9012,8
27,748,11,17,1225,81,69,89,1,25,-17,73,2,51,381008,2,34606,58,5,70,9006,6
27,798,11,24,1224,92,70,02,1,34,-17,68,2,46,380371,4,34600,34,5,40,9000,3
27,848,11,31,1224,04,70,14,1,45,-17,63,2,41,379744,3,34594,11,5,12,8994,1
27,898,11,38,1223,16,70,26,1,57,-17,59,2,36,379238,9,34587,89,4,90,8987,9
27,948,11,46,1222,28,70,37,1,60,-17,55,2,31,379071,0,34581,68,4,87,8981,7
27,998,11,54,1221,40,70,49,1,47,-17,51,2,25,379281,6,34575,46,5,02,8975,5
28,048,11,61,1220,53,70,60,1,36,-17,46,2,19,379633,3,34569,24,5,25,8969,2
28,098,11,68,1219,66,70,71,1,26,-17,41,2,13,379987,3,34563,01,5,48,8963,0
28,148,11,74,1218,79,70,81,1,18,-17,36,2,07,380283,1,34556,78,5,67,8956,8
28,198,11,79,1217,92,70,91,1,10,-17,31,2,01,380495,1,34550,54,5,82,8950,5
28,248,11,85,1217,06,71,01,1,03,-17,25,1,95,380614,1,34544,30,5,93,8944,3
28,298,11,90,1216,20,71,11,0,96,-17,20,1,88,380639,6,34538,06,5,98,8938,1
28,348,11,94,1215,34,71,20,0,89,-17,14,1,82,380573,9,34531,82,5,99,8931,8
28,398,11,99,1214,48,71,29,0,82,-17,09,1,75,380419,8,34525,58,5,95,8925,6
28,448,12,03,1213,63,71,38,0,75,-17,04,1,68,380182,2,34519,35,5,87,8919,3
28,498,12,06,1212,78,71,46,0,68,-16,98,1,61,379873,6,34513,12,5,75,8913,1
28,548,12,09,1211,93,71,54,0,61,-16,93,1,53,379519,7,34506,89,5,60,8906,9
28,598,12,12,1211,09,71,61,0,55,-16,88,1,44,379169,7,34500,67,5,47,8900,7
28,648,12,15,1210,24,71,68,0,49,-16,84,1,33,378915,8,34494,46,5,38,8894,5
28,698,12,17,1209,40,71,75,0,43,-16,79,1,38,378898,9,34488,25,5,43,8888,3
28,748,12,19,1208,56,71,82,0,37,-16,74,1,48,379078,3,34482,04,5,57,8882,0
28,798,12,21,1207,73,71,90,0,31,-16,69,1,57,379324,7,34475,82,5,75,8875,8
28,848,12,22,1206,89,71,98,0,25,-16,64,1,64,379564,7,34469,60,5,92,8869,6
28,898,12,23,1206,06,72,06,0,19,-16,58,1,71,379758,9,34463,38,6,07,8863,4
28,948,12,24,1205,24,72,15,0,12,-16,53,1,77,379885,1,34457,15,6,18,8857,1
28,998,12,25,1204,41,72,24,0,05,-16,48,1,84,379930,2,34450,92,6,25,8850,9
29,048,12,25,1203,59,72,33,-0,02,-16,42,1,90,379885,0,34444,69,6,27,8844,7
29,098,12,24,1202,77,72,43,-0,09,-16,37,1,96,379741,4,34438,46,6,24,8838,5
29,148,12,24,1201,95,72,53,-0,16,-16,31,2,02,379497,7,34432,24,6,16,8832,2
29,198,12,23,1201,14,72,63,-0,23,-16,26,2,08,379156,4,34426,02,6,03,8826,0
29,248,12,21,1200,33,72,73,-0,30,-16,20,2,14,378724,1,34419,80,5,84,8819,8
29,298,12,20,1199,52,72,84,-0,38,-16,15,2,19,378206,7,34413,60,5,62,8813,6
29,348,12,18,1198,71,72,95,-0,46,-16,10,2,25,377615,5,34407,41,5,35,8807,4
29,398,12,15,1197,91,73,07,-0,54,-16,05,2,30,376974,2,34401,22,5,06,8801,2
29,448,12,12,1197,11,73,18,-0,64,-16,00,2,34,376330,9,34395,05,4,76,8795,0
29,498,12,09,1196,31,73,30,-0,76,-15,96,2,39,375788,8,34388,88,4,53,8788,9
29,548,12,05,1195,51,73,42,-0,81,-15,92,2,44,375549,5,34382,72,4,46,8782,7
29,598,12,01,1194,72,73,55,-0,68,-15,88,2,48,375713,5,34376,56,4,61,8776,6
29,648,11,98,1193,92,73,67,-0,58,-15,83,2,53,376060,6,34370,40,4,84,8770,4
29,698,11,95,1193,13,73,80,-0,49,-15,78,2,58,376442,4,34364,23,5,09,8764,2
29,748,11,93,1192,34,73,93,-0,41,-15,73,2,63,376790,3,34358,06,5,32,8758,1
29,798,11,91,1191,56,74,06,-0,34,-15,68,2,68,377072,6,34351,88,5,52,8751,9
29,848,11,89,1190,78,74,20,-0,27,-15,62,2,74,377274,9,34345,70,5,67,8745,7
29,898,11,88,1190,00,74,33,-0,20,-15,57,2,79,377391,4,34339,51,5,78,8739,5
29,948,11,87,1189,22,74,48,-0,13,-15,52,2,85,377418,9,34333,32,5,85,8733,3
29,998,11,87,1188,45,74,62,-0,07,-15,46,2,91,377354,6,34327,13,5,86,8727,1
30,048,11,87,1187,67,74,77,0,00,-15,41,2,97,377201,3,34320,95,5,83,8720,9
30,098,11,87,1186,90,74,92,0,07,-15,36,3,03,376966,8,34314,77,5,75,8714,8
30,148,11,87,1186,14,75,07,0,13,-15,30,3,09,376661,5,34308,59,5,64,8708,6
30,198,11,88,1185,37,75,23,0,19,-15,25,3,15,376301,0,34302,41,5,50,8702,4
30,248,11,89,1184,61,75,38,0,25,-15,20,3,22,375911,4,34296,25,5,34,8696,3
30,298,11,91,1183,85,75,55,0,31,-15,15,3,30,375537,7,34290,09,5,20,8690,1
30,348,11,92,1183,10,75,72,0,37,-15,10,3,39,375259,3,34283,94,5,11,8683,9
30,398,11,94,1182,34,75,88,0,42,-15,06,3,34,375189,2,34277,79,5,13,8677,8
30,448,11,97,1181,59,76,05,0,47,-15,01,3,25,375275,8,34271,63,5,23,8671,6
30,498,11,99,1180,84,76,21,0,53,-14,96,3,18,375413,8,34265,48,5,36,8665,5
30,548,12,02,1180,10,76,37,0,59,-14,90,3,11,375544,8,34259,33,5,48,8659,3
30,598,12,05,1179,35,76,52,0,65,-14,85,3,05,375635,4,34253,17,5,58,8653,2
30,648,12,08,1178,61,76,67,0,71,-14,80,2,99,375666,5,34247,01,5,65,8647,0
30,698,12,12,1177,87,76,82,0,78,-14,74,2,94,375626,3,34240,84,5,67,8640,8
30,748,12,16,1177,14,76,97,0,84,-14,69,2,88,375505,8,34234,69,5,66,8634,7
30,798,12,21,1176,40,77,11,0,91,-14,64,2,82,375299,3,34228,54,5,60,8628,5
30,848,12,25,1175,67,77,25,0,97,-14,59,2,77,375006,9,34222,38,5,50,8622,4
30,898,12,30,1174,95,77,39,1,04,-14,53,2,71,374633,5,34216,24,5,35,8616,2
30,948,12,36,1174,22,77,52,1,10,-14,48,2,66,374185,0,34210,10,5,16,8610,1
30,998,12,41,1173,50,77,65,1,17,-14,43,2,61,373670,2,34203,97,4,93,8604,0
31,048,12,47,1172,78,77,78,1,25,-14,38,2,56,373107,4,34197,85,4,68,8597,9
31,098,12,54,1172,06,77,91,1,33,-14,33,2,51,372533,7,34191,74,4,43,8591,7
31,148,12,61,1171,34,78,03,1,42,-14,29,2,47,372022,3,34185,64,4,21,8585,6
31,198,12,68,1170,63,78,15,1,53,-14,25,2,43,371719,1,34179,54,4,11,8579,5
31,248,12,75,1169,92,78,27,1,42,-14,21,2,39,371785,2,34173,45,4,21,8573,4
31,298,12,82,1169,21,78,39,1,32,-14,16,2,35,372076,8,34167,35,4,43,8567,4
31,348,12,89,1168,50,78,51,1,24,-14,11,2,31,372440,8,34161,25,4,68,8561,2
31,398,12,95,1167,80,78,62,1,17,-14,06,2,26,372800,9,34155,14,4,92,8555,1
31,448,13,00,1167,10,78,74,1,10,-14,01,2,22,373120,1,34149,03,5,14,8549,0
31,498,13,06,1166,40,78,85,1,03,-13,96,2,17,373379,7,34142,91,5,34,8542,9
31,548,13,11,1165,70,78,95,0,97,-13,91,2,12,373570,5,34136,78,5,49,8536,8
31,598,13,15,1165,01,79,06,0,91,-13,86,2,07,373685,6,34130,66,5,60,8530,7
31,648,13,20,1164,31,79,16,0,84,-13,80,2,02,373717,9,34124,54,5,67,8524,5
31,698,13,24,1163,63,79,26,0,78,-13,75,1,97,373664,3,34118,41,5,70,8518,4
31,748,13,28,1162,94,79,36,0,71,-13,70,1,91,373525,6,34112,29,5,68,8512,3
31,798,13,31,1162,26,79,45,0,65,-13,65,1,86,373306,7,34106,17,5,61,8506,2
31,848,13,34,1161,57,79,54,0,59,-13,60,1,81,373016,8,34100,05,5,51,8500,1
31,898,13,37,1160,90,79,63,0,54,-13,54,1,75,372668,7,34093,94,5,38,8493,9
31,948,13,39,1160,22,79,72,0,48,-13,49,1,70,372277,1,34087,83,5,23,8487,8
31,998,13,42,1159,55,79,80,0,43,-13,44,1,64,371861,8,34081,73,5,06,8481,7
32,048,13,44,1158,88,79,88,0,38,-13,39,1,57,371454,4,34075,64,4,90,8475,6
32,098,13,46,1158,21,79,96,0,32,-13,34,1,50,371103,2,34069,55,4,78,8469,6
32,148,13,47,1157,54,80,03,0,27,-13,30,1,48,370888,3,34063,47,4,72,8463,5
32,198,13,48,1156,88,80,11,0,22,-13,25,1,56,370835,5,34057,39,4,76,8457,4
32,248,13,49,1156,22,80,19,0,17,-13,20,1,63,370856,4,34051,30,4,83,8451,3
32,298,13,50,1155,56,80,27,0,11,-13,15,1,69,370889,8,34045,22,4,90,8445,2
32,348,13,50,1154,90,80,36,0,06,-13,10,1,74,370899,7,34039,13,4,97,8439,1
32,398,13,50,1154,25,80,44,0,00,-13,05,1,79,370864,9,34033,05,5,00,8433,1
32,448,13,50,1153,60,80,54,-0,06,-13,00,1,84,370773,8,34026,97,5,01,8427,0
32,498,13,50,1152,95,80,63,-0,12,-12,95,1,90,370618,1,34020,89,4,98,8420,9
32,548,13,49,1152,30,80,73,-0,18,-12,90,1,95,370393,4,34014,82,4,92,8414,8
32,598,13,48,1151,66,80,82,-0,23,-12,85,2,00,370101,0,34008,75,4,82,8408,8
32,648,13,47,1151,01,80,93,-0,29,-12,80,2,05,369745,8,34002,69,4,68,8402,7
32,698,13,45,1150,38,81,03,-0,35,-12,76,2,10,369335,2,33996,63,4,51,8396,6
32,748,13,43,1149,74,81,14,-0,41,-12,71,2,15,368883,5,33990,58,4,33,8390,6
32,798,13,41,1149,10,81,24,-0,48,-12,66,2,19,368419,5,33984,54,4,13,8384,5
32,848,13,38,1148,47,81,35,-0,56,-12,62,2,24,367997,5,33978,50,3,96,8378,5
32,898,13,35,1147,84,81,47,-0,65,-12,57,2,28,367717,2,33972,47,3,88,8372,5
32,948,13,32,1147,22,81,58,-0,57,-12,53,2,32,367711,7,33966,45,3,94,8366,4
32,998,13,30,1146,59,81,70,-0,49,-12,49,2,36,367902,3,33960,41,4,11,8360,4
33,048,13,27,1145,97,81,82,-0,42,-12,44,2,40,368169,9,33954,38,4,32,8354,4
33,098,13,25,1145,35,81,94,-0,36,-12,39,2,44,368453,0,33948,34,4,53,8348,3
33,148,13,24,1144,73,82,06,-0,30,-12,34,2,47,368718,7,33942,30,4,73,8342,3
33,198,13,22,1144,11,82,19,-0,25,-12,29,2,51,368948,6,33936,25,4,92,8336,3
33,248,13,21,1143,50,82,31,-0,19,-12,24,2,56,369131,4,33930,20,5,07,8330,2
33,298,13,21,1142,89,82,44,-0,13,-12,19,2,60,369257,5,33924,15,5,20,8324,1
33,348,13,20,1142,28,82,57,-0,07,-12,14,2,65,369318,4,33918,09,5,29,8318,1
33,398,13,20,1141,67,82,71,-0,02,-12,09,2,69,369308,8,33912,04,5,35,8312,0
33,448,13,20,1141,07,82,84,0,04,-12,04,2,74,369226,5,33905,98,5,36,8306,0
33,498,13,20,1140,47,82,98,0,10,-11,99,2,79,369071,5,33899,93,5,34,8299,9
33,548,13,21,1139,87,83,12,0,15,-11,94,2,84,368846,8,33893,88,5,28,8293,9
33,598,13,22,1139,28,83,27,0,20,-11,89,2,89,368557,7,33887,84,5,18,8287,8
33,648,13,23,1138,68,83,41,0,25,-11,84,2,94,368212,2,33881,80,5,06,8281,8
33,698,13,24,1138,09,83,56,0,30,-11,79,2,99,367821,4,33875,77,4,91,8275,8
33,748,13,26,1137,50,83,71,0,34,-11,74,3,04,367398,5,33869,74,4,74,8269,7
33,798,13,28,1136,92,83,86,0,39,-11,70,3,09,366956,2,33863,72,4,56,8263,7
33,848,13,30,1136,33,84,02,0,44,-11,65,3,14,366511,5,33857,71,4,38,8257,7
33,898,13,32,1135,75,84,18,0,49,-11,60,3,20,366095,0,33851,70,4,22,8251,7
33,948,13,35,1135,17,84,34,0,54,-11,56,3,27,365763,4,33845,70,4,10,8245,7
33,998,13,37,1134,60,84,50,0,58,-11,51,3,20,365585,4,33839,71,4,07,8239,7
34,048,13,40,1134,02,84,66,0,63,-11,47,3,14,365511,0,33833,71,4,10,8233,7
34,098,13,44,1133,45,84,81,0,67,-11,42,3,08,365474,9,33827,72,4,14,8227,7
34,148,13,47,1132,88,84,97,0,72,-11,37,3,04,365437,6,33821,72,4,18,8221,7
34,198,13,51,1132,31,85,12,0,77,-11,33,2,99,365376,6,33815,74,4,21,8215,7
34,248,13,55,1131,75,85,27,0,82,-11,28,2,94,365279,3,33809,75,4,22,8209,8
34,298,13,59,1131,18,85,41,0,87,-11,23,2,90,365138,0,33803,77,4,20,8203,8
34,348,13,64,1130,62,85,56,0,92,-11,19,2,85,364949,0,33797,78,4,16,8197,8
34,398,13,68,1130,07,85,70,0,97,-11,14,2,80,364714,0,33791,80,4,09,8191,8
34,448,13,73,1129,51,85,84,1,01,-11,10,2,75,364438,5,33785,82,4,00,8185,8
34,498,13,78,1128,96,85,97,1,06,-11,05,2,71,364132,1,33779,85,3,89,8179,8
34,548,13,84,1128,40,86,11,1,12,-11,01,2,66,363813,9,33773,88,3,78,8173,9
34,598,13,90,1127,85,86,24,1,17,-10,96,2,61,363519,8,33767,92,3,68,8167,9
34,648,13,96,1127,31,86,37,1,24,-10,92,2,57,363312,8,33761,96,3,63,8162,0
34,698,14,02,1126,76,86,49,1,20,-10,88,2,53,363281,9,33756,01,3,69,8156,0
34,748,14,08,1126,22,86,62,1,14,-10,83,2,49,363395,3,33750,05,3,82,8150,0
34,798,14,13,1125,68,86,74,1,08,-10,79,2,45,363571,5,33744,09,3,98,8144,1
34,848,14,18,1125,14,86,87,1,03,-10,74,2,42,363764,7,33738,13,4,15,8138,1
34,898,14,23,1124,61,86,99,0,98,-10,70,2,38,363951,1,33732,16,4,32,8132,2
34,948,14,28,1124,07,87,10,0,94,-10,65,2,34,364118,0,33726,20,4,47,8126,2
34,998,14,33,1123,54,87,22,0,89,-10,60,2,31,364256,0,33720,22,4,61,8120,2
35,048,14,37,1123,01,87,33,0,84,-10,56,2,27,364354,9,33714,25,4,73,8114,3
35,098,14,41,1122,48,87,45,0,79,-10,51,2,23,364407,4,33708,28,4,82,8108,3
35,148,14,45,1121,96,87,56,0,74,-10,46,2,19,364408,7,33702,30,4,88,8102,3
35,198,14,49,1121,44,87,67,0,69,-10,41,2,15,364355,7,33696,33,4,92,8096,3
35,248,14,52,1120,92,87,77,0,64,-10,37,2,10,364247,3,33690,36,4,92,8090,4
35,298,14,55,1120,40,87,88,0,60,-10,32,2,06,364082,9,33684,39,4,90,8084,4
35,348,14,58,1119,89,87,98,0,55,-10,27,2,01,363863,9,33678,42,4,84,8078,4
35,398,14,61,1119,37,88,08,0,51,-10,23,1,97,363592,4,33672,46,4,76,8072,5
35,448,14,63,1118,86,88,17,0,47,-10,18,1,92,363271,8,33666,50,4,65,8066,5
35,498,14,65,1118,36,88,27,0,43,-10,13,1,88,362906,9,33660,55,4,51,8060,5
35,548,14,67,1117,85,88,36,0,39,-10,09,1,83,362504,2,33654,60,4,36,8054,6
35,598,14,69,1117,35,88,45,0,35,-10,04,1,79,362069,4,33648,66,4,18,8048,7
35,648,14,71,1116,85,88,54,0,31,-10,00,1,75,361609,3,33642,73,3,99,8042,7
35,698,14,72,1116,35,88,63,0,27,-9,95,1,70,361132,0,33636,81,3,80,8036,8
35,748,14,74,1115,85,88,71,0,23,-9,91,1,65,360653,4,33630,89,3,60,8030,9
35,798,14,75,1115,36,88,79,0,18,-9,87,1,60,360206,7,33624,98,3,41,8025,0
35,848,14,75,1114,86,88,87,0,14,-9,83,1,58,359854,4,33619,08,3,29,8019,1
35,898,14,76,1114,37,88,95,0,10,-9,79,1,64,359641,4,33613,18,3,24,8013,2
35,948,14,76,1113,89,89,03,0,06,-9,74,1,68,359509,8,33607,29,3,23,8007,3
35,998,14,77,1113,40,89,12,0,02,-9,70,1,73,359409,3,33601,39,3,24,8001,4
36,049,14,77,1112,92,89,21,-0,03,-9,66,1,77,359310,0,33595,50,3,25,7995,5
36,099,14,76,1112,43,89,30,-0,07,-9,62,1,82,359196,9,33589,61,3,25,7989,6
36,149,14,76,1111,95,89,39,-0,11,-9,58,1,86,359063,8,33583,73,3,24,7983,7
36,199,14,75,1111,48,89,48,-0,15,-9,54,1,90,358910,0,33577,84,3,22,7977,8
36,249,14,74,1111,00,89,58,-0,19,-9,49,1,95,358741,0,33571,96,3,19,7972,0
36,299,14,73,1110,53,89,68,-0,23,-9,45,1,99,358569,2,33566,08,3,16,7966,1
36,349,14,72,1110,06,89,78,-0,28,-9,41,2,03,358419,6,33560,20,3,15,7960,2
36,399,14,71,1109,59,89,88,-0,33,-9,37,2,08,358336,3,33554,33,3,17,7954,3
36,449,14,69,1109,12,89,99,-0,29,-9,33,2,12,358377,2,33548,45,3,27,7948,5
36,499,14,68,1108,65,90,09,-0,24,-9,29,2,15,358513,9,33542,58,3,41,7942,6
36,549,14,67,1108,19,90,20,-0,20,-9,25,2,19,358686,3,33536,70,3,58,7936,7
36,599,14,66,1107,73,90,31,-0,16,-9,21,2,23,358860,9,33530,82,3,74,7930,8
36,649,14,65,1107,27,90,42,-0,12,-9,16,2,26,359020,9,33524,93,3,90,7924,9
36,699,14,64,1106,81,90,54,-0,08,-9,12,2,30,359157,3,33519,04,4,04,7919,0
36,749,14,64,1106,36,90,65,-0,03,-9,08,2,33,359263,8,33513,16,4,17,7913,2
36,799,14,64,1105,90,90,77,0,01,-9,03,2,36,359337,5,33507,27,4,27,7907,3
36,849,14,64,1105,45,90,89,0,05,-8,99,2,40,359376,9,33501,38,4,36,7901,4
36,899,14,65,1105,00,91,01,0,09,-8,95,2,43,359380,9,33495,48,4,43,7895,5
36,949,14,65,1104,56,91,13,0,14,-8,90,2,46,359347,8,33489,59,4,49,7889,6
36,999,14,66,1104,11,91,26,0,18,-8,86,2,50,359277,1,33483,70,4,51,7883,7
37,049,14,67,1103,67,91,38,0,22,-8,81,2,54,359168,7,33477,81,4,52,7877,8
37,099,14,68,1103,23,91,51,0,25,-8,77,2,57,359022,7,33471,92,4,51,7871,9
37,149,14,70,1102,80,91,64,0,29,-8,73,2,61,358839,2,33466,04,4,48,7866,0
37,199,14,71,1102,36,91,77,0,33,-8,68,2,65,358618,3,33460,16,4,43,7860,2
37,249,14,73,1101,93,91,91,0,36,-8,64,2,69,358360,6,33454,28,4,35,7854,3
37,299,14,75,1101,50,92,04,0,40,-8,60,2,73,358066,1,33448,41,4,26,7848,4
37,349,14,77,1101,07,92,18,0,43,-8,55,2,78,357733,7,33442,54,4,14,7842,5
37,399,14,79,1100,64,92,32,0,47,-8,51,2,82,357361,2,33436,68,4,00,7836,7
37,449,14,81,1100,22,92,46,0,50,-8,47,2,86,356946,8,33430,82,3,84,7830,8
37,499,14,84,1099,79,92,60,0,54,-8,43,2,90,356490,2,33424,98,3,65,7825,0
37,549,14,87,1099,37,92,75,0,58,-8,39,2,93,355993,6,33419,14,3,44,7819,1
37,599,14,90,1098,96,92,90,0,62,-8,35,2,97,355461,7,33413,30,3,21,7813,3
37,649,14,93,1098,54,93,05,0,66,-8,31,3,01,354903,7,33407,48,2,96,7807,5
37,699,14,96,1098,12,93,20,0,70,-8,27,3,05,354342,9,33401,67,2,71,7801,7
37,749,15,00,1097,71,93,35,0,74,-8,24,3,10,353830,7,33395,86,2,49,7795,9
37,799,15,04,1097,30,93,51,0,78,-8,20,3,06,353450,4,33390,07,2,35,7790,1
37,849,15,08,1096,89,93,66,0,81,-8,16,3,02,353194,3,33384,27,2,27,7784,3
37,899,15,12,1096,48,93,81,0,85,-8,13,2,97,353018,1,33378,48,2,24,7778,5
37,949,15,16,1096,08,93,96,0,88,-8,09,2,94,352896,9,33372,70,2,24,7772,7
37,999,15,21,1095,68,94,10,0,91,-8,05,2,90,352822,3,33366,91,2,27,7766,9
38,049,15,25,1095,27,94,25,0,95,-8,02,2,86,352794,4,33361,13,2,32,7761,1
38,099,15,30,1094,87,94,39,0,99,-7,98,2,82,352822,3,33355,34,2,41,7755,3
38,149,15,35,1094,48,94,53,1,02,-7,94,2,78,352929,6,33349,55,2,54,7749,6
38,199,15,40,1094,08,94,67,0,98,-7,91,2,74,353135,2,33343,77,2,73,7743,8
38,249,15,45,1093,69,94,80,0,94,-7,87,2,70,353383,5,33337,98,2,94,7738,0
38,299,15,50,1093,29,94,94,0,90,-7,83,2,66,353628,5,33332,18,3,14,7732,2
38,349,15,54,1092,90,95,07,0,87,-7,79,2,63,353848,6,33326,38,3,33,7726,4
38,399,15,58,1092,51,95,20,0,83,-7,76,2,59,354033,1,33320,58,3,51,7720,6
38,449,15,62,1092,13,95,33,0,79,-7,72,2,55,354176,8,33314,77,3,65,7714,8
38,499,15,66,1091,74,95,45,0,76,-7,68,2,52,354278,3,33308,97,3,78,7709,0
38,549,15,70,1091,36,95,58,0,72,-7,64,2,49,354338,9,33303,16,3,88,7703,2
38,599,15,73,1090,98,95,70,0,68,-7,60,2,45,354361,1,33297,35,3,96,7697,3
38,649,15,77,1090,60,95,82,0,65,-7,56,2,42,354349,0,33291,54,4,03,7691,5
38,699,15,80,1090,22,95,94,0,61,-7,52,2,39,354306,3,33285,73,4,07,7685,7
38,749,15,83,1089,85,96,06,0,58,-7,48,2,36,354237,7,33279,92,4,11,7679,9
38,799,15,86,1089,47,96,18,0,54,-7,44,2,33,354145,9,33274,11,4,13,7674,1
38,849,15,88,1089,10,96,30,0,51,-7,40,2,30,354032,5,33268,30,4,14,7668,3
38,899,15,91,1088,73,96,41,0,48,-7,36,2,26,353898,0,33262,50,4,13,7662,5
38,949,15,93,1088,37,96,52,0,45,-7,32,2,23,353742,6,33256,70,4,12,7656,7
38,999,15,95,1088,00,96,63,0,42,-7,28,2,20,353565,7,33250,91,4,09,7650,9
39,049,15,97,1087,64,96,74,0,39,-7,24,2,16,353365,4,33245,11,4,05,7645,1
39,099,15,99,1087,28,96,85,0,36,-7,20,2,12,353137,7,33239,32,3,99,7639,3
39,149,16,01,1086,92,96,95,0,33,-7,16,2,09,352877,3,33233,53,3,92,7633,5
39,199,16,02,1086,56,97,06,0,30,-7,12,2,05,352578,9,33227,75,3,82,7627,8
39,249,16,04,1086,21,97,16,0,27,-7,08,2,01,352236,5,33221,97,3,70,7622,0
39,299,16,05,1085,86,97,26,0,23,-7,04,1,97,351844,5,33216,20,3,54,7616,2
39,349,16,06,1085,50,97,36,0,20,-7,01,1,94,351397,3,33210,44,3,36,7610,4
39,399,16,07,1085,16,97,45,0,16,-6,97,1,90,350890,1,33204,68,3,14,7604,7
39,449,16,08,1084,81,97,55,0,13,-6,93,1,86,350318,6,33198,93,2,88,7598,9
39,499,16,08,1084,46,97,64,0,09,-6,90,1,83,349680,4,33193,20,2,58,7593,2
39,549,16,09,1084,12,97,73,0,06,-6,87,1,79,348975,8,33187,47,2,23,7587,5
39,599,16,09,1083,78,97,82,0,02,-6,83,1,76,348207,6,33181,75,1,85,7581,8
39,649,16,09,1083,43,97,91,-0,01,-6,80,1,72,347392,0,33176,05,1,44,7576,1
39,699,16,09,1083,09,97,99,-0,04,-6,77,1,69,346597,7,33170,37,1,05,7570,4
39,749,16,09,1082,76,98,08,-0,07,-6,74,1,71,346060,2,33164,69,0,82,7564,7
39,799,16,08,1082,42,98,16,-0,10,-6,71,1,75,346013,2,33159,02,0,89,7559,0
39,849,16,08,1082,09,98,25,-0,12,-6,68,1,78,346364,6,33153,34,1,18,7553,3
39,899,16,07,1081,75,98,34,-0,09,-6,65,1,82,346893,3,33147,66,1,56,7547,7
39,949,16,07,1081,42,98,43,-0,06,-6,62,1,85,347435,5,33141,96,1,94,7542,0
39,999,16,06,1081,09,98,53,-0,03,-6,58,1,88,347931,8,33136,27,2,29,7536,3
40,049,16,06,1080,76,98,62,0,01,-6,55,1,92,348363,6,33130,55,2,60,7530,6
40,099,16,07,1080,44,98,72,0,04,-6,52,1,96,348724,3,33124,84,2,88,7524,8
40,149,16,07,1080,11,98,82,0,07,-6,48,1,99,349013,9,33119,12,3,11,7519,1
40,199,16,07,1079,79,98,92,0,11,-6,45,2,03,349235,6,33113,40,3,30,7513,4
40,249,16,08,1079,47,99,02,0,14,-6,41,2,07,349394,3,33107,67,3,46,7507,7
40,299,16,09,1079,15,99,12,0,17,-6,38,2,10,349496,3,33101,95,3,59,7501,9
40,349,16,10,1078,83,99,23,0,20,-6,34,2,14,349548,1,33096,21,3,69,7496,2
40,399,16,11,1078,51,99,34,0,24,-6,31,2,17,349556,3,33090,48,3,76,7490,5
40,449,16,12,1078,20,99,45,0,27,-6,27,2,21,349527,8,33084,75,3,82,7484,7
40,499,16,13,1077,89,99,56,0,29,-6,23,2,24,349468,4,33079,02,3,86,7479,0
40,549,16,15,1077,57,99,67,0,32,-6,20,2,27,349384,0,33073,29,3,88,7473,3
40,599,16,17,1077,27,99,78,0,35,-6,16,2,30,349279,3,33067,56,3,90,7467,6
40,649,16,18,1076,96,99,90,0,37,-6,12,2,33,349158,2,33061,84,3,90,7461,8
40,699,16,20,1076,65,100,02,0,40,-6,09,2,36,349024,1,33056,12,3,90,7456,1
40,750,16,22,1076,35,100,14,0,43,-6,05,2,39,348876,8,33050,39,3,89,7450,4
40,800,16,25,1076,05,100,26,0,45,-6,01,2,42,348713,3,33044,68,3,87,7444,7
40,850,16,27,1075,75,100,38,0,48,-5,98,2,46,348529,7,33038,96,3,84,7439,0
40,900,16,29,1075,45,100,50,0,51,-5,94,2,49,348321,7,33033,25,3,80,7433,2
40,950,16,32,1075,15,100,63,0,54,-5,91,2,52,348084,7,33027,54,3,73,7427,5
41,000,16,35,1074,86,100,75,0,57,-5,87,2,56,347813,2,33021,84,3,65,7421,8
41,050,16,38,1074,57,100,88,0,61,-5,84,2,59,347501,8,33016,14,3,54,7416,1
41,100,16,41,1074,28,101,01,0,64,-5,80,2,63,347145,2,33010,45,3,41,7410,4
41,150,16,44,1073,99,101,15,0,67,-5,77,2,66,346738,3,33004,76,3,25,7404,8
41,200,16,48,1073,70,101,28,0,71,-5,74,2,70,346277,1,32999,07,3,05,7399,1
41,250,16,51,1073,41,101,42,0,74,-5,71,2,73,345758,6,32993,40,2,82,7393,4
41,300,16,55,1073,13,101,55,0,77,-5,67,2,77,345183,1,32987,74,2,55,7387,7
41,350,16,59,1072,85,101,69,0,80,-5,64,2,81,344555,2,32982,09,2,26,7382,1
41,400,16,63,1072,56,101,83,0,83,-5,61,2,84,343888,0,32976,45,1,93,7376,4
41,450,16,67,1072,28,101,98,0,86,-5,59,2,87,343213,6,32970,81,1,61,7370,8
41,500,16,72,1072,01,102,12,0,86,-5,56,2,91,342609,8,32965,19,1,32,7365,2
41,550,16,76,1071,73,102,27,0,84,-5,53,2,94,342164,4,32959,58,1,14,7359,6
41,600,16,80,1071,45,102,42,0,81,-5,50,2,98,341946,6,32953,97,1,09,7354,0
41,650,16,84,1071,18,102,57,0,78,-5,48,3,01,342014,1,32948,37,1,21,7348,4
41,700,16,88,1070,91,102,72,0,75,-5,45,3,00,342347,8,32942,76,1,49,7342,8
41,750,16,92,1070,63,102,87,0,72,-5,42,2,97,342801,3,32937,14,1,82,7337,1
41,800,16,95,1070,36,103,01,0,69,-5,39,2,94,343251,4,32931,52,2,15,7331,5
41,850,16,98,1070,09,103,16,0,65,-5,36,2,90,343656,6,32925,89,2,46,7325,9
41,900,17,02,1069,83,103,30,0,62,-5,33,2,87,344004,9,32920,25,2,72,7320,2
41,950,17,05,1069,56,103,45,0,59,-5,30,2,84,344292,7,32914,61,2,96,7314,6
42,000,17,07,1069,30,103,59,0,55,-5,27,2,80,344520,4,32908,96,3,16,7309,0
42,050,17,10,1069,03,103,73,0,52,-5,24,2,77,344690,5,32903,31,3,32,7303,3
42,100,17,13,1068,77,103,86,0,49,-5,21,2,73,344807,5,32897,66,3,46,7297,7
42,150,17,15,1068,51,104,00,0,46,-5,18,2,70,344876,4,32892,00,3,57,7292,0
42,200,17,17,1068,26,104,13,0,43,-5,14,2,66,344902,7,32886,35,3,66,7286,3
42,250,17,19,1068,00,104,27,0,40,-5,11,2,63,344892,1,32880,70,3,72,7280,7
42,300,17,21,1067,74,104,40,0,37,-5,08,2,59,344849,8,32875,04,3,77,7275,0
42,350,17,23,1067,49,104,52,0,35,-5,05,2,56,344780,5,32869,39,3,80,7269,4
42,400,17,25,1067,24,104,65,0,32,-5,01,2,53,344687,0,32863,73,3,82,7263,7
42,450,17,26,1066,99,104,78,0,29,-4,98,2,50,344570,3,32858,09,3,83,7258,1
42,500,17,28,1066,74,104,90,0,26,-4,95,2,47,344431,4,32852,44,3,82,7252,4
42,550,17,29,1066,50,105,02,0,23,-4,91,2,44,344270,4,32846,79,3,80,7246,8
42,600,17,30,1066,25,105,15,0,20,-4,88,2,41,344087,1,32841,15,3,77,7241,2
42,650,17,31,1066,01,105,27,0,17,-4,85,2,38,343880,9,32835,51,3,73,7235,5
42,700,17,32,1065,77,105,38,0,13,-4,82,2,35,343649,7,32829,88,3,67,7229,9
42,750,17,32,1065,53,105,50,0,10,-4,79,2,32,343390,4,32824,24,3,59,7224,2
42,800,17,33,1065,29,105,62,0,06,-4,76,2,29,343100,9,32818,62,3,49,7218,6
42,850,17,33,1065,05,105,73,0,03,-4,73,2,26,342779,6,32813,00,3,38,7213,0
42,900,17,33,1064,81,105,84,0,00,-4,70,2,23,342426,4,32807,38,3,25,7207,4
42,950,17,33,1064,58,105,95,-0,04,-4,67,2,20,342043,5,32801,77,3,09,7201,8
43,000,17,33,1064,35,106,06,-0,07,-4,64,2,17,341636,8,32796,16,2,93,7196,2
43,050,17,32,1064,12,106,17,-0,10,-4,61,2,13,341217,0,32790,57,2,75,7190,6
43,100,17,32,1063,89,106,28,-0,13,-4,58,2,10,340802,9,32784,98,2,58,7185,0
43,150,17,31,1063,66,106,38,-0,17,-4,55,2,06,340428,0,32779,39,2,44,7179,4
43,200,17,30,1063,43,106,48,-0,14,-4,53,2,03,340133,3,32773,82,2,34,7173,8
43,250,17,29,1063,20,106,58,-0,11,-4,50,1,99,339901,3,32768,24,2,27,7168,2
43,300,17,29,1062,98,106,68,-0,08,-4,48,1,95,339707,0,32762,67,2,23,7162,7
43,350,17,29,1062,76,106,78,-0,05,-4,45,1,92,339537,7,32757,10,2,20,7157,1
43,400,17,28,1062,54,106,87,-0,02,-4,42,1,88,339388,4,32751,54,2,18,7151,5
43,450,17,28,1062,32,106,97,0,01,-4,40,1,85,339262,1,32745,97,2,17,7146,0
43,500,17,29,1062,10,107,06,0,04,-4,37,1,82,339169,8,32740,41,2,19,7140,4
43,550,17,29,1061,88,107,15,0,08,-4,35,1,78,339133,4,32734,85,2,24,7134,9
43,600,17,29,1061,66,107,24,0,11,-4,32,1,75,339187,8,32729,29,2,35,7129,3
43,650,17,30,1061,45,107,32,0,14,-4,29,1,79,339346,4,32723,73,2,51,7123,7
43,700,17,31,1061,23,107,41,0,18,-4,27,1,82,339550,5,32718,16,2,70,7118,2
43,750,17,32,1061,02,107,51,0,21,-4,24,1,85,339758,6,32712,59,2,89,7112,6
43,800,17,33,1060,81,107,60,0,24,-4,21,1,89,339950,6,32707,02,3,07,7107,0
43,850,17,34,1060,60,107,69,0,28,-4,19,1,92,340115,8,32701,45,3,24,7101,4
43,900,17,36,1060,39,107,79,0,31,-4,16,1,95,340248,3,32695,87,3,39,7095,9
43,950,17,37,1060,18,107,89,0,34,-4,13,1,99,340345,3,32690,29,3,51,7090,3
44,000,17,39,1059,98,107,99,0,37,-4,10,2,02,340406,6,32684,71,3,62,7084,7
44,050,17,41,1059,77,108,09,0,40,-4,07,2,06,340433,6,32679,13,3,70,7079,1
44,100,17,43,1059,57,108,20,0,43,-4,04,2,09,340426,4,32673,55,3,77,7073,5
44,150,17,45,1059,37,108,30,0,46,-4,01,2,13,340385,6,32667,97,3,82,7068,0
44,200,17,48,1059,17,108,41,0,49,-3,99,2,16,340311,3,32662,39,3,85,7062,4
44,250,17,50,1058,97,108,52,0,52,-3,96,2,19,340204,3,32656,81,3,86,7056,8
44,300,17,53,1058,77,108,63,0,56,-3,93,2,22,340065,1,32651,23,3,85,7051,2
44,350,17,56,1058,58,108,74,0,59,-3,90,2,25,339894,3,32645,66,3,82,7045,7
44,400,17,59,1058,38,108,85,0,62,-3,87,2,28,339692,5,32640,09,3,78,7040,1
44,450,17,62,1058,19,108,97,0,66,-3,84,2,31,339460,3,32634,52,3,72,7034,5
44,500,17,65,1058,00,109,09,0,70,-3,82,2,34,339199,4,32628,96,3,64,7029,0
44,550,17,69,1057,81,109,20,0,73,-3,79,2,37,338911,8,32623,40,3,54,7023,4
44,600,17,73,1057,62,109,32,0,77,-3,76,2,40,338600,7,32617,85,3,43,7017,8
44,650,17,76,1057,43,109,44,0,80,-3,73,2,42,338269,8,32612,30,3,31,7012,3
44,700,17,81,1057,25,109,56,0,84,-3,71,2,45,337926,0,32606,76,3,18,7006,8
44,750,17,85,1057,06,109,69,0,87,-3,68,2,48,337580,2,32601,22,3,05,7001,2
44,800,17,89,1056,88,109,81,0,91,-3,66,2,51,337248,1,32595,69,2,93,6995,7
44,850,17,94,1056,69,109,94,0,94,-3,63,2,55,336955,0,32590,16,2,83,6990,2
44,900,17,99,1056,51,110,07,0,96,-3,61,2,58,336740,7,32584,64,2,78,6984,6
44,950,18,03,1056,33,110,20,0,92,-3,58,2,61,336616,0,32579,12,2,77,6979,1
45,000,18,08,1056,16,110,33,0,89,-3,56,2,65,336537,7,32573,60,2,80,6973,6
45,050,18,12,1055,98,110,46,0,85,-3,54,2,69,336473,6,32568,09,2,83,6968,1
45,100,18,16,1055,80,110,60,0,82,-3,51,2,72,336404,5,32562,57,2,86,6962,6
45,150,18,21,1055,63,110,74,0,79,-3,49,2,76,336316,7,32557,05,2,87,6957,1
45,200,18,24,1055,45,110,87,0,75,-3,46,2,80,336202,5,32551,54,2,87,6951,5
45,250,18,28,1055,28,111,01,0,72,-3,44,2,84,336060,6,32546,03,2,86,6946,0
45,300,18,32,1055,11,111,16,0,68,-3,42,2,87,335895,6,32540,52,2,83,6940,5
45,350,18,35,1054,94,111,30,0,65,-3,39,2,90,335718,2,32535,02,2,79,6935,0
45,400,18,38,1054,77,111,45,0,62,-3,37,2,94,335544,7,32529,52,2,76,6929,5
45,451,18,41,1054,60,111,60,0,58,-3,35,2,98,335399,1,32524,02,2,74,6924,0
45,501,18,44,1054,44,111,75,0,55,-3,32,3,01,335317,3,32518,52,2,77,6918,5
45,551,18,47,1054,27,111,90,0,52,-3,30,2,99,335337,3,32513,02,2,85,6913,0
45,601,18,49,1054,11,112,04,0,49,-3,28,2,95,335428,0,32507,52,2,98,6907,5
45,651,18,51,1053,94,112,19,0,45,-3,25,2,92,335548,4,32502,02,3,12,6902,0
45,701,18,54,1053,78,112,34,0,42,-3,23,2,89,335674,1,32496,52,3,26,6896,5
45,751,18,56,1053,62,112,48,0,39,-3,20,2,85,335791,4,32491,02,3,40,6891,0
45,801,18,58,1053,46,112,62,0,36,-3,18,2,82,335890,3,32485,51,3,52,6885,5
45,851,18,59,1053,30,112,76,0,33,-3,15,2,78,335962,3,32480,00,3,63,6880,0
45,901,18,61,1053,14,112,90,0,30,-3,13,2,75,336001,3,32474,50,3,73,6874,5
45,951,18,62,1052,99,113,04,0,26,-3,10,2,71,336003,8,32468,99,3,80,6869,0
46,001,18,64,1052,83,113,17,0,23,-3,08,2,68,335967,7,32463,48,3,84,6863,5
46,051,18,65,1052,68,113,30,0,20,-3,05,2,64,335892,1,32457,97,3,87,6858,0
46,101,18,65,1052,53,113,44,0,16,-3,03,2,61,335776,7,32452,47,3,87,6852,5
46,151,18,66,1052,38,113,57,0,12,-3,00,2,58,335621,9,32446,96,3,85,6847,0
46,201,18,67,1052,23,113,69,0,09,-2,98,2,55,335429,0,32441,46,3,81,6841,5
46,251,18,67,1052,08,113,82,0,05,-2,95,2,52,335199,5,32435,96,3,74,6836,0
46,301,18,67,1051,93,113,95,0,01,-2,93,2,49,334936,3,32430,47,3,66,6830,5
46,351,18,67,1051,79,114,07,-0,03,-2,91,2,46,334644,1,32424,98,3,56,6825,0
46,401,18,67,1051,64,114,19,-0,06,-2,88,2,43,334329,1,32419,50,3,44,6819,5
46,451,18,66,1051,50,114,31,-0,10,-2,86,2,40,334001,2,32414,02,3,32,6814,0
46,501,18,66,1051,36,114,43,-0,13,-2,84,2,37,333674,0,32408,55,3,20,6808,6
46,551,18,65,1051,22,114,55,-0,17,-2,81,2,34,333363,6,32403,08,3,08,6803,1
46,601,18,64,1051,08,114,67,-0,21,-2,79,2,31,333093,2,32397,62,3,00,6797,6
46,651,18,63,1050,94,114,78,-0,25,-2,77,2,29,332898,8,32392,16,2,95,6792,2
46,701,18,62,1050,80,114,89,-0,22,-2,75,2,25,332815,7,32386,70,2,98,6786,7
46,751,18,61,1050,66,115,01,-0,18,-2,73,2,22,332805,6,32381,25,3,04,6781,3
46,801,18,60,1050,53,115,12,-0,14,-2,71,2,18,332825,3,32375,79,3,12,6775,8
46,851,18,59,1050,39,115,22,-0,11,-2,69,2,15,332847,2,32370,34,3,20,6770,3
46,901,18,59,1050,26,115,33,-0,07,-2,66,2,11,332853,8,32364,88,3,27,6764,9
46,951,18,59,1050,12,115,43,-0,04,-2,64,2,07,332831,3,32359,42,3,32,6759,4
47,001,18,59,1049,99,115,54,0,00,-2,62,2,04,332771,4,32353,97,3,35,6754,0
47,051,18,59,1049,86,115,64,0,03,-2,60,2,00,332670,0,32348,51,3,36,6748,5
47,101,18,59,1049,73,115,74,0,07,-2,58,1,96,332526,7,32343,06,3,34,6743,1
47,151,18,59,1049,60,115,83,0,11,-2,56,1,92,332344,7,32337,61,3,30,6737,6
47,201,18,60,1049,48,115,93,0,14,-2,54,1,89,332131,3,32332,16,3,24,6732,2
47,251,18,61,1049,35,116,02,0,17,-2,52,1,85,331897,8,32326,72,3,17,6726,7
47,301,18,62,1049,23,116,12,0,21,-2,49,1,82,331660,6,32321,28,3,09,6721,3
47,351,18,63,1049,10,116,21,0,24,-2,47,1,78,331440,7,32315,85,3,03,6715,8
47,401,18,64,1048,98,116,29,0,27,-2,45,1,75,331268,7,32310,41,3,00,6710,4
47,451,18,66,1048,86,116,38,0,30,-2,43,1,73,331187,8,32304,98,3,02,6705,0
47,501,18,67,1048,73,116,47,0,33,-2,41,1,77,331207,2,32299,55,3,11,6699,6
47,551,18,69,1048,61,116,56,0,36,-2,39,1,80,331282,4,32294,13,3,22,6694,1
47,601,18,71,1048,50,116,65,0,40,-2,37,1,84,331380,8,32288,69,3,35,6688,7
47,651,18,73,1048,38,116,74,0,43,-2,35,1,87,331480,4,32283,26,3,47,6683,3
47,701,18,75,1048,26,116,83,0,46,-2,33,1,91,331565,6,32277,82,3,59,6677,8
47,751,18,77,1048,14,116,93,0,50,-2,31,1,94,331624,4,32272,39,3,69,6672,4
47,801,18,80,1048,03,117,03,0,53,-2,29,1,98,331649,1,32266,95,3,77,6667,0
47,851,18,83,1047,92,117,13,0,57,-2,27,2,01,331633,9,32261,51,3,83,6661,5
47,901,18,86,1047,80,117,23,0,61,-2,25,2,05,331576,0,32256,08,3,86,6656,1
47,951,18,89,1047,69,117,33,0,64,-2,22,2,09,331473,9,32250,64,3,87,6650,6
48,001,18,92,1047,58,117,44,0,68,-2,20,2,12,331327,7,32245,21,3,85,6645,2
48,051,18,96,1047,47,117,55,0,72,-2,18,2,15,331138,9,32239,78,3,80,6639,8
48,101,18,99,1047,36,117,65,0,76,-2,16,2,19,330910,5,32234,36,3,73,6634,4
48,151,19,03,1047,25,117,76,0,80,-2,14,2,22,330647,4,32228,93,3,64,6628,9
48,201,19,07,1047,15,117,88,0,84,-2,12,2,25,330356,9,32223,51,3,54,6623,5
48,251,19,12,1047,04,117,99,0,87,-2,10,2,28,330049,4,32218,10,3,42,6618,1
48,301,19,16,1046,94,118,10,0,91,-2,08,2,31,329739,3,32212,69,3,31,6612,7
48,351,19,21,1046,83,118,22,0,95,-2,06,2,34,329445,9,32207,29,3,20,6607,3
48,401,19,26,1046,73,118,34,0,98,-2,04,2,37,329195,9,32201,89,3,12,6601,9
48,451,19,31,1046,63,118,46,1,03,-2,02,2,40,329029,2,32196,50,3,10,6596,5
48,501,19,36,1046,53,118,58,0,99,-2,01,2,43,328981,8,32191,10,3,14,6591,1
48,551,19,40,1046,43,118,70,0,95,-1,99,2,46,329014,7,32185,70,3,22,6585,7
48,601,19,45,1046,33,118,82,0,92,-1,97,2,49,329082,7,32180,31,3,33,6580,3
48,651,19,50,1046,23,118,95,0,88,-1,95,2,53,329157,5,32174,91,3,44,6574,9
48,701,19,54,1046,14,119,08,0,85,-1,93,2,56,329220,7,32169,52,3,54,6569,5
48,751,19,58,1046,04,119,21,0,81,-1,91,2,60,329258,6,32164,12,3,63,6564,1
48,801,19,62,1045,94,119,34,0,77,-1,89,2,64,329261,2,32158,72,3,69,6558,7
48,851,19,66,1045,85,119,47,0,73,-1,87,2,67,329222,7,32153,33,3,74,6553,3
48,901,19,69,1045,76,119,60,0,70,-1,86,2,71,329139,3,32147,93,3,75,6547,9
48,951,19,73,1045,66,119,74,0,66,-1,84,2,75,329010,4,32142,54,3,74,6542,5
49,001,19,76,1045,57,119,88,0,63,-1,82,2,79,328837,3,32137,14,3,70,6537,1
49,051,19,79,1045,48,120,02,0,59,-1,80,2,83,328623,4,32131,75,3,64,6531,8
49,101,19,82,1045,39,120,16,0,56,-1,78,2,86,328375,2,32126,37,3,55,6526,4
49,151,19,85,1045,30,120,31,0,52,-1,76,2,90,328101,3,32120,99,3,45,6521,0
49,201,19,87,1045,22,120,45,0,49,-1,74,2,93,327814,6,32115,61,3,35,6515,6
49,251,19,90,1045,13,120,60,0,46,-1,73,2,97,327532,0,32110,24,3,25,6510,2
49,301,19,92,1045,04,120,75,0,43,-1,71,3,01,327275,5,32104,87,3,16,6504,9
49,351,19,94,1044,96,120,90,0,40,-1,69,3,05,327077,9,32099,51,3,11,6499,5
49,401,19,96,1044,88,121,05,0,37,-1,67,3,05,326984,3,32094,15,3,13,6494,1
49,451,19,98,1044,79,121,21,0,34,-1,66,3,01,326993,4,32088,79,3,20,6488,8
49,501,19,99,1044,71,121,35,0,30,-1,64,2,98,327054,8,32083,43,3,30,6483,4
49,551,20,01,1044,63,121,50,0,27,-1,62,2,94,327133,6,32078,06,3,41,6478,1
49,601,20,02,1044,55,121,65,0,23,-1,61,2,91,327207,8,32072,70,3,52,6472,7
49,651,20,03,1044,47,121,79,0,20,-1,59,2,87,327262,4,32067,33,3,61,6467,3
49,701,20,04,1044,39,121,94,0,16,-1,57,2,83,327286,0,32061,97,3,69,6462,0
49,751,20,05,1044,31,122,08,0,12,-1,55,2,80,327270,4,32056,60,3,74,6456,6
49,801,20,05,1044,23,122,22,0,08,-1,54,2,76,327211,3,32051,23,3,77,6451,2
49,851,20,05,1044,16,122,35,0,04,-1,52,2,72,327106,8,32045,87,3,77,6445,9
49,901,20,05,1044,08,122,49,0,01,-1,50,2,69,326957,3,32040,51,3,74,6440,5
49,951,20,05,1044,01,122,62,-0,03,-1,48,2,65,326766,3,32035,15,3,69,6435,2
50,001,20,05,1043,93,122,75,-0,07,-1,47,2,62,326539,2,32029,80,3,62,6429,8
50,051,20,05,1043,86,122,88,-0,11,-1,45,2,58,326285,3,32024,45,3,53,6424,4
50,102,20,04,1043,79,123,01,-0,15,-1,43,2,55,326017,0,32019,10,3,43,6419,1
50,152,20,03,1043,72,123,14,-0,18,-1,42,2,52,325751,1,32013,76,3,34,6413,8
50,202,20,02,1043,65,123,26,-0,22,-1,40,2,49,325510,6,32008,42,3,26,6408,4
50,252,20,01,1043,58,123,39,-0,26,-1,39,2,45,325329,1,32003,08,3,22,6403,1
50,302,20,00,1043,51,123,51,-0,27,-1,37,2,42,325253,9,31997,75,3,24,6397,8
50,352,19,98,1043,44,123,63,-0,23,-1,36,2,39,325286,9,31992,42,3,32,6392,4
50,402,19,97,1043,37,123,75,-0,19,-1,34,2,36,325377,2,31987,09,3,44,6387,1
50,452,19,96,1043,31,123,87,-0,15,-1,32,2,33,325489,6,31981,75,3,57,6381,8
50,502,19,96,1043,24,123,98,-0,12,-1,31,2,29,325601,9,31976,41,3,70,6376,4
50,552,19,95,1043,17,124,09,-0,08,-1,29,2,26,325699,4,31971,08,3,82,6371,1
50,602,19,95,1043,11,124,21,-0,04,-1,27,2,22,325770,8,31965,73,3,93,6365,7
50,652,19,95,1043,05,124,32,0,00,-1,26,2,19,325808,3,31960,39,4,01,6360,4
50,702,19,95,1042,98,124,43,0,03,-1,24,2,15,325806,6,31955,05,4,07,6355,1
50,752,19,95,1042,92,124,53,0,07,-1,22,2,11,325762,7,31949,71,4,11,6349,7
50,802,19,96,1042,86,124,64,0,11,-1,21,2,08,325675,4,31944,37,4,12,6344,4
50,852,19,96,1042,80,124,74,0,15,-1,19,2,04,325544,6,31939,03,4,10,6339,0
50,902,19,97,1042,74,124,84,0,18,-1,17,2,00,325371,4,31933,70,4,06,6333,7
50,952,19,98,1042,69,124,94,0,22,-1,16,1,96,325158,0,31928,36,3,99,6328,4
51,002,19,99,1042,63,125,04,0,25,-1,14,1,92,324908,1,31923,04,3,91,6323,0
51,052,20,01,1042,57,125,13,0,28,-1,12,1,88,324627,0,31917,71,3,80,6317,7
51,102,20,02,1042,52,125,22,0,31,-1,11,1,85,324322,3,31912,39,3,68,6312,4
51,152,20,04,1042,46,125,32,0,35,-1,09,1,81,324004,5,31907,08,3,55,6307,1
51,202,20,06,1042,41,125,41,0,38,-1,08,1,77,323687,9,31901,77,3,43,6301,8
51,252,20,08,1042,35,125,49,0,41,-1,06,1,74,323389,8,31896,46,3,31,6296,5
51,302,20,10,1042,30,125,58,0,44,-1,05,1,70,323133,9,31891,16,3,22,6291,2
51,352,20,12,1042,25,125,66,0,47,-1,04,1,65,322956,8,31885,87,3,18,6285,9
51,402,20,14,1042,20,125,75,0,51,-1,02,1,70,322889,6,31880,58,3,20,6280,6
51,452,20,17,1042,15,125,83,0,54,-1,01,1,74,322891,2,31875,28,3,27,6275,3
51,502,20,20,1042,10,125,92,0,58,-1,00,1,77,322920,2,31869,99,3,34,6270,0
51,552,20,23,1042,05,126,01,0,62,-0,98,1,81,322949,9,31864,70,3,42,6264,7
51,602,20,26,1042,00,126,10,0,66,-0,97,1,84,322964,1,31859,40,3,49,6259,4
51,652,20,29,1041,95,126,19,0,69,-0,95,1,88,322950,4,31854,11,3,54,6254,1
51,702,20,33,1041,90,126,29,0,73,-0,94,1,92,322900,5,31848,82,3,56,6248,8
51,752,20,37,1041,86,126,39,0,77,-0,93,1,95,322810,4,31843,53,3,57,6243,5
51,802,20,41,1041,81,126,48,0,81,-0,91,1,99,322679,7,31838,23,3,54,6238,2
51,852,20,45,1041,76,126,59,0,85,-0,90,2,03,322512,2,31832,95,3,50,6232,9
51,902,20,49,1041,72,126,69,0,89,-0,88,2,06,322315,1,31827,66,3,44,6227,7
51,952,20,54,1041,68,126,79,0,93,-0,87,2,10,322100,4,31822,38,3,37,6222,4
52,002,20,58,1041,63,126,90,0,96,-0,86,2,13,321884,0,31817,10,3,30,6217,1
52,052,20,63,1041,59,127,00,1,00,-0,85,2,17,321688,8,31811,82,3,24,6211,8
52,102,20,68,1041,55,127,11,1,05,-0,83,2,20,321548,9,31806,55,3,22,6206,6
52,152,20,74,1041,51,127,22,1,05,-0,82,2,23,321511,0,31801,28,3,26,6201,3
52,202,20,79,1041,47,127,34,1,00,-0,81,2,27,321571,3,31796,01,3,36,6196,0
52,252,20,84,1041,43,127,45,0,97,-0,80,2,30,321681,6,31790,73,3,48,6190,7
52,302,20,89,1041,39,127,57,0,93,-0,78,2,33,321810,8,31785,46,3,62,6185,5
52,352,20,93,1041,35,127,69,0,89,-0,77,2,37,321940,9,31780,18,3,76,6180,2
52,402,20,97,1041,31,127,80,0,86,-0,75,2,40,322060,2,31774,90,3,89,6174,9
52,452,21,02,1041,27,127,92,0,82,-0,74,2,43,322157,9,31769,62,4,01,6169,6
52,502,21,06,1041,24,128,05,0,78,-0,72,2,47,322226,7,31764,34,4,11,6164,3
52,552,21,09,1041,20,128,17,0,74,-0,71,2,50,322262,2,31759,06,4,19,6159,1
52,602,21,13,1041,16,128,30,0,70,-0,70,2,54,322261,3,31753,77,4,24,6153,8
52,652,21,17,1041,13,128,43,0,67,-0,68,2,57,322222,5,31748,49,4,28,6148,5
52,702,21,20,1041,10,128,55,0,63,-0,67,2,61,322144,8,31743,21,4,29,6143,2
52,752,21,23,1041,06,128,69,0,60,-0,65,2,65,322028,1,31737,93,4,28,6137,9
52,802,21,26,1041,03,128,82,0,56,-0,64,2,68,321872,8,31732,65,4,25,6132,6
52,852,21,28,1041,00,128,95,0,53,-0,62,2,72,321680,6,31727,37,4,20,6127,4
52,902,21,31,1040,97,129,09,0,50,-0,61,2,76,321453,1,31722,10,4,12,6122,1
52,952,21,33,1040,94,129,23,0,46,-0,60,2,80,321192,8,31716,83,4,02,6116,8
53,002,21,36,1040,91,129,37,0,43,-0,58,2,84,320903,2,31711,57,3,91,6111,6
53,052,21,38,1040,88,129,51,0,40,-0,57,2,88,320589,1,31706,31,3,78,6106,3
53,102,21,40,1040,85,129,66,0,37,-0,56,2,92,320256,9,31701,06,3,64,6101,1
53,152,21,41,1040,83,129,81,0,34,-0,54,2,95,319913,7,31695,81,3,49,6095,8
53,202,21,43,1040,80,129,95,0,31,-0,53,2,99,319569,7,31690,57,3,34,6090,6
53,252,21,45,1040,77,130,10,0,28,-0,52,3,03,319240,2,31685,34,3,19,6085,3
53,302,21,46,1040,75,130,26,0,24,-0,51,3,06,318951,3,31680,10,3,08,6080,1
53,352,21,47,1040,72,130,41,0,21,-0,50,3,09,318745,9,31674,88,3,01,6074,9
53,402,21,48,1040,70,130,56,0,17,-0,49,3,05,318647,2,31669,65,3,01,6069,7
53,452,21,49,1040,67,130,72,0,13,-0,48,3,01,318608,3,31664,43,3,04,6064,4
53,502,21,49,1040,65,130,87,0,10,-0,47,2,97,318591,8,31659,20,3,08,6059,2
53,552,21,50,1040,63,131,01,0,06,-0,46,2,94,318574,5,31653,98,3,13,6054,0
53,602,21,50,1040,60,131,16,0,02,-0,45,2,90,318543,4,31648,75,3,16,6048,8
53,652,21,50,1040,58,131,30,-0,02,-0,44,2,87,318489,9,31643,54,3,18,6043,5
53,702,21,50,1040,56,131,45,-0,06,-0,43,2,83,318410,8,31638,31,3,18,6038,3
53,752,21,49,1040,54,131,59,-0,09,-0,42,2,79,318308,3,31633,09,3,17,6033,1
53,802,21,49,1040,52,131,73,-0,13,-0,41,2,75,318190,2,31627,88,3,16,6027,9
53,852,21,48,1040,50,131,86,-0,17,-0,40,2,72,318069,0,31622,66,3,14,6022,7
53,902,21,47,1040,48,132,00,-0,21,-0,39,2,68,317963,9,31617,45,3,13,6017,4
53,952,21,46,1040,46,132,13,-0,25,-0,38,2,64,317904,8,31612,24,3,15,6012,2
54,002,21,45,1040,44,132,26,-0,25,-0,37,2,61,317932,5,31607,03,3,22,6007,0
54,052,21,43,1040,42,132,39,-0,21,-0,36,2,57,318042,2,31601,81,3,34,6001,8
54,102,21,43,1040,40,132,52,-0,17,-0,35,2,53,318188,5,31596,60,3,49,5996,6
54,152,21,42,1040,39,132,64,-0,13,-0,34,2,50,318343,3,31591,38,3,64,5991,4
54,202,21,41,1040,37,132,77,-0,10,-0,33,2,46,318491,5,31586,16,3,78,5986,2
54,252,21,41,1040,35,132,89,-0,06,-0,31,2,43,318623,9,31580,94,3,92,5980,9
54,302,21,41,1040,34,133,01,-0,03,-0,30,2,40,318733,8,31575,71,4,04,5975,7
54,352,21,41,1040,32,133,13,0,01,-0,29,2,37,318817,4,31570,49,4,14,5970,5
54,402,21,41,1040,31,133,25,0,05,-0,28,2,33,318873,0,31565,26,4,23,5965,3
54,452,21,41,1040,30,133,36,0,09,-0,26,2,30,318898,4,31560,03,4,31,5960,0
54,502,21,42,1040,28,133,48,0,12,-0,25,2,26,318891,8,31554,80,4,36,5954,8
54,552,21,42,1040,27,133,59,0,16,-0,24,2,23,318852,7,31549,57,4,39,5949,6
54,602,21,43,1040,26,133,70,0,19,-0,23,2,19,318780,8,31544,34,4,41,5944,3
54,652,21,44,1040,25,133,81,0,23,-0,21,2,16,318676,4,31539,12,4,40,5939,1
54,702,21,45,1040,24,133,92,0,26,-0,20,2,12,318539,4,31533,89,4,38,5933,9
54,752,21,47,1040,23,134,02,0,29,-0,19,2,08,318370,6,31528,68,4,33,5928,7
54,803,21,48,1040,22,134,12,0,32,-0,18,2,04,318170,3,31523,46,4,27,5923,5
54,853,21,50,1040,21,134,22,0,35,-0,17,2,00,317939,4,31518,24,4,18,5918,2
54,903,21,52,1040,20,134,32,0,38,-0,15,1,96,317679,0,31513,03,4,08,5913,0
54,953,21,54,1040,20,134,42,0,41,-0,14,1,92,317388,7,31507,83,3,96,5907,8
55,003,21,56,1040,19,134,52,0,44,-0,13,1,88,317067,6,31502,63,3,82,5902,6
55,053,21,58,1040,18,134,61,0,47,-0,12,1,85,316715,8,31497,43,3,66,5897,4
55,103,21,61,1040,18,134,70,0,50,-0,11,1,81,316335,8,31492,24,3,48,5892,2
55,153,21,63,1040,17,134,79,0,54,-0,10,1,77,315932,5,31487,06,3,29,5887,1
55,203,21,66,1040,17,134,88,0,57,-0,09,1,74,315514,3,31481,89,3,09,5881,9
55,253,21,69,1040,16,134,96,0,60,-0,09,1,70,315095,8,31476,72,2,88,5876,7
55,303,21,72,1040,16,135,05,0,64,-0,08,1,66,314706,2,31471,55,2,69,5871,6
55,353,21,75,1040,15,135,13,0,67,-0,07,1,64,314399,5,31466,40,2,56,5866,4
55,403,21,79,1040,15,135,21,0,71,-0,07,1,68,314208,5,31461,25,2,49,5861,2
55,453,21,82,1040,15,135,30,0,75,-0,06,1,72,314093,3,31456,10,2,47,5856,1
55,503,21,86,1040,14,135,39,0,78,-0,05,1,75,314021,3,31450,95,2,47,5850,9
55,553,21,90,1040,14,135,47,0,82,-0,05,1,79,313974,3,31445,80,2,49,5845,8
55,603,21,94,1040,14,135,56,0,85,-0,04,1,82,313945,8,31440,65,2,52,5840,7
55,653,21,99,1040,14,135,66,0,89,-0,03,1,86,313935,0,31435,51,2,56,5835,5
55,703,22,03,1040,14,135,75,0,92,-0,03,1,90,313946,9,31430,36,2,62,5830,4
55,753,22,08,1040,14,135,85,0,96,-0,02,1,93,313994,9,31425,21,2,70,5825,2
55,803,22,13,1040,13,135,94,1,00,-0,01,1,97,314103,4,31420,07,2,82,5820,1
55,853,22,18,1040,13,136,04,0,97,-0,01,2,01,314295,0,31414,92,2,99,5814,9
55,903,22,23,1040,13,136,14,0,93,0,00,2,05,314532,6,31409,76,3,18,5809,8
55,953,22,27,1040,13,136,25,0,89,0,01,2,08,314796,4,31404,60,3,37,5804,6
56,003,22,31,1040,13,136,35,0,86,0,02,2,12,315045,8,31399,44,3,56,5799,4
56,053,22,36,1040,14,136,46,0,83,0,03,2,16,315270,8,31394,27,3,73,5794,3
56,103,22,40,1040,14,136,57,0,79,0,04,2,19,315465,4,31389,10,3,88,5789,1
56,153,22,44,1040,14,136,68,0,76,0,05,2,23,315627,0,31383,93,4,00,5783,9
56,203,22,47,1040,14,136,79,0,72,0,06,2,26,315755,1,31378,75,4,11,5778,8
56,253,22,51,1040,15,136,91,0,68,0,07,2,30,315851,0,31373,58,4,20,5773,6
56,303,22,54,1040,15,137,02,0,65,0,08,2,33,315916,6,31368,40,4,28,5768,4
56,353,22,57,1040,15,137,14,0,61,0,09,2,36,315954,3,31363,21,4,33,5763,2
56,403,22,60,1040,16,137,26,0,58,0,10,2,39,315966,1,31358,04,4,37,5758,0
56,453,22,63,1040,16,137,38,0,55,0,11,2,43,315952,6,31352,86,4,40,5752,9
56,503,22,66,1040,17,137,50,0,52,0,13,2,46,315914,3,31347,67,4,41,5747,7
56,553,22,68,1040,18,137,62,0,48,0,14,2,50,315851,6,31342,49,4,40,5742,5
56,603,22,71,1040,18,137,75,0,45,0,15,2,53,315764,6,31337,32,4,38,5737,3
56,653,22,73,1040,19,137,88,0,42,0,16,2,57,315653,0,31332,14,4,35,5732,1
56,703,22,75,1040,20,138,01,0,40,0,17,2,61,315516,3,31326,97,4,30,5727,0
56,753,22,77,1040,21,138,14,0,37,0,18,2,65,315352,7,31321,80,4,24,5721,8
56,803,22,79,1040,22,138,27,0,34,0,19,2,68,315158,6,31316,63,4,15,5716,6
56,853,22,80,1040,23,138,41,0,31,0,20,2,72,314930,4,31311,46,4,05,5711,5
56,903,22,82,1040,24,138,54,0,28,0,21,2,76,314664,2,31306,30,3,92,5706,3
56,953,22,83,1040,25,138,68,0,25,0,22,2,80,314356,2,31301,15,3,76,5701,1
57,003,22,84,1040,26,138,82,0,21,0,23,2,84,314003,1,31296,00,3,58,5696,0
57,053,22,85,1040,27,138,97,0,18,0,24,2,88,313603,0,31290,85,3,36,5690,9
57,103,22,86,1040,28,139,11,0,14,0,25,2,91,313155,4,31285,72,3,12,5685,7
57,153,22,86,1040,30,139,26,0,11,0,26,2,95,312662,3,31280,59,2,85,5680,6
57,203,22,87,1040,31,139,41,0,08,0,26,2,99,312129,1,31275,46,2,55,5675,5
57,253,22,87,1040,32,139,56,0,04,0,27,3,02,311569,8,31270,35,2,23,5670,4
57,303,22,87,1040,34,139,71,0,01,0,27,3,06,311022,2,31265,25,1,93,5665,3
57,353,22,87,1040,35,139,86,-0,02,0,28,3,07,310573,7,31260,16,1,69,5660,2
57,403,22,87,1040,36,140,01,-0,06,0,28,3,03,310306,7,31255,07,1,56,5655,1
57,453,22,87,1040,38,140,17,-0,09,0,29,3,00,310214,2,31249,98,1,55,5650,0
57,503,22,86,1040,39,140,31,-0,12,0,29,2,96,310275,3,31244,89,1,63,5644,9
57,553,22,86,1040,41,140,46,-0,15,0,29,2,93,310466,8,31239,80,1,79,5639,8
57,603,22,85,1040,42,140,61,-0,18,0,30,2,90,310775,7,31234,71,2,03,5634,7
57,653,22,84,1040,44,140,75,-0,15,0,30,2,86,311180,8,31229,61,2,32,5629,6
57,703,22,83,1040,45,140,89,-0,12,0,31,2,82,311611,5,31224,51,2,62,5624,5
57,753,22,83,1040,47,141,03,-0,09,0,32,2,78,312021,9,31219,39,2,90,5619,4
57,803,22,82,1040,48,141,17,-0,05,0,32,2,74,312393,3,31214,28,3,16,5614,3
57,853,22,82,1040,50,141,31,-0,02,0,33,2,71,312717,4,31209,15,3,39,5609,2
57,903,22,82,1040,52,141,44,0,01,0,34,2,67,312991,2,31204,02,3,59,5604,0
57,953,22,82,1040,53,141,57,0,04,0,35,2,63,313215,2,31198,89,3,76,5598,9
58,003,22,83,1040,55,141,71,0,08,0,36,2,59,313391,9,31193,75,3,90,5593,8
58,053,22,83,1040,57,141,83,0,11,0,37,2,56,313525,0,31188,61,4,01,5588,6
58,103,22,84,1040,59,141,96,0,14,0,38,2,52,313619,2,31183,47,4,10,5583,5
58,153,22,85,1040,61,142,09,0,18,0,39,2,49,313678,9,31178,33,4,17,5578,3
58,203,22,86,1040,63,142,21,0,21,0,40,2,45,313708,9,31173,19,4,22,5573,2
58,253,22,87,1040,65,142,33,0,24,0,41,2,42,313713,7,31168,05,4,26,5568,0
58,303,22,88,1040,67,142,45,0,27,0,42,2,39,313697,0,31162,90,4,28,5562,9
58,353,22,89,1040,69,142,57,0,30,0,43,2,35,313662,4,31157,76,4,30,5557,8
58,403,22,91,1040,71,142,69,0,32,0,45,2,32,313612,5,31152,62,4,30,5552,6
58,453,22,93,1040,74,142,80,0,35,0,46,2,29,313547,8,31147,48,4,30,5547,5
58,503,22,94,1040,76,142,92,0,38,0,47,2,25,313467,9,31142,34,4,28,5542,3
58,553,22,96,1040,78,143,03,0,40,0,48,2,22,313371,2,31137,20,4,26,5537,2
58,603,22,98,1040,81,143,14,0,43,0,49,2,18,313253,7,31132,07,4,22,5532,1
58,653,23,01,1040,83,143,25,0,46,0,50,2,15,313111,9,31126,93,4,17,5526,9
58,703,23,03,1040,86,143,35,0,49,0,51,2,11,312941,3,31121,80,4,10,5521,8
58,753,23,05,1040,88,143,46,0,52,0,52,2,07,312736,7,31116,67,4,00,5516,7
58,803,23,08,1040,91,143,56,0,55,0,53,2,04,312493,0,31111,55,3,89,5511,5
58,853,23,11,1040,94,143,66,0,58,0,54,2,00,312204,5,31106,43,3,74,5506,4
58,903,23,14,1040,96,143,76,0,61,0,55,1,96,311865,9,31101,31,3,57,5501,3
58,953,23,17,1040,99,143,86,0,65,0,56,1,92,311471,9,31096,20,3,35,5496,2
59,003,23,20,1041,02,143,95,0,68,0,57,1,88,311017,7,31091,10,3,10,5491,1
59,053,23,24,1041,05,144,04,0,71,0,57,1,84,310499,1,31086,00,2,81,5486,0
59,103,23,28,1041,08,144,14,0,74,0,58,1,81,309912,8,31080,92,2,48,5480,9
59,153,23,31,1041,11,144,23,0,78,0,59,1,77,309256,7,31075,84,2,09,5475,8
59,203,23,35,1041,14,144,31,0,80,0,59,1,74,308529,0,31070,78,1,66,5470,8
59,253,23,39,1041,16,144,40,0,83,0,59,1,71,307725,3,31065,73,1,18,5465,7
59,303,23,44,1041,19,144,48,0,86,0,60,1,67,306839,5,31060,69,0,63,5460,7
59,353,23,48,1041,22,144,57,0,88,0,60,1,64,305872,8,31055,67,0,04,5455,7
59,403,23,52,1041,25,144,65,0,86,0,60,1,67,306487,0,31050,65,0,58,5450,7
59,454,23,57,1041,28,144,73,0,84,0,60,1,71,307276,8,31045,62,1,12,5445,6
59,504,23,61,1041,31,144,82,0,81,0,60,1,74,307977,3,31040,58,1,60,5440,6
59,554,23,65,1041,34,144,91,0,78,0,61,1,77,308597,0,31035,52,2,02,5435,5
59,604,23,69,1041,37,145,00,0,75,0,61,1,81,309141,1,31030,46,2,39,5430,5
59,654,23,72,1041,41,145,09,0,72,0,62,1,84,309611,8,31025,38,2,72,5425,4
59,704,23,76,1041,44,145,18,0,69,0,63,1,88,310011,8,31020,30,3,00,5420,3
59,754,23,79,1041,47,145,28,0,66,0,63,1,91,310345,1,31015,22,3,23,5415,2
59,804,23,82,1041,50,145,37,0,63,0,64,1,95,310616,0,31010,13,3,43,5410,1
59,854,23,85,1041,53,145,47,0,60,0,65,1,99,310830,0,31005,04,3,60,5405,0
59,904,23,88,1041,57,145,57,0,56,0,66,2,03,310993,0,30999,94,3,73,5399,9
59,954,23,91,1041,60,145,67,0,54,0,67,2,06,311110,8,30994,84,3,83,5394,8
60,004,23,94,1041,63,145,78,0,51,0,68,2,10,311189,3,30989,74,3,91,5389,7
60,054,23,96,1041,67,145,88,0,48,0,69,2,13,311234,3,30984,63,3,97,5384,6
60,104,23,98,1041,70,145,99,0,45,0,70,2,17,311251,1,30979,53,4,02,5379,5
60,154,24,01,1041,74,146,10,0,43,0,71,2,20,311244,4,30974,43,4,05,5374,4
60,204,24,03,1041,77,146,21,0,40,0,72,2,23,311218,6,30969,33,4,07,5369,3
60,254,24,05,1041,81,146,32,0,38,0,73,2,26,311177,1,30964,22,4,07,5364,2
60,304,24,06,1041,85,146,44,0,35,0,74,2,29,311122,1,30959,12,4,08,5359,1
60,354,24,08,1041,88,146,55,0,32,0,75,2,33,311053,7,30954,02,4,07,5354,0
60,404,24,10,1041,92,146,67,0,30,0,76,2,36,310971,3,30948,92,4,05,5348,9
60,454,24,11,1041,96,146,79,0,27,0,77,2,39,310872,3,30943,83,4,02,5343,8
60,504,24,12,1042,00,146,91,0,24,0,78,2,42,310753,2,30938,73,3,99,5338,7
60,554,24,13,1042,04,147,03,0,21,0,79,2,45,310610,5,30933,64,3,93,5333,6
60,604,24,14,1042,08,147,15,0,18,0,80,2,48,310439,8,30928,55,3,86,5328,5
60,654,24,15,1042,12,147,28,0,15,0,81,2,52,310237,3,30923,46,3,77,5323,5
60,704,24,16,1042,16,147,41,0,12,0,82,2,55,309998,5,30918,38,3,65,5318,4
60,754,24,16,1042,20,147,53,0,09,0,83,2,59,309719,7,30913,30,3,51,5313,3
60,804,24,17,1042,24,147,66,0,05,0,84,2,62,309397,5,30908,22,3,34,5308,2
60,854,24,17,1042,28,147,80,0,02,0,85,2,66,309030,1,30903,15,3,15,5303,2
60,904,24,17,1042,33,147,93,-0,01,0,85,2,70,308617,2,30898,09,2,92,5298,1
60,954,24,17,1042,37,148,07,-0,04,0,86,2,73,308161,5,30893,04,2,67,5293,0
61,004,24,17,1042,41,148,20,-0,06,0,87,2,77,307671,6,30887,99,2,39,5288,0
61,054,24,16,1042,46,148,34,-0,09,0,87,2,81,307164,6,30882,95,2,10,5282,9
61,104,24,16,1042,50,148,49,-0,12,0,88,2,84,306679,4,30877,92,1,83,5277,9
61,154,24,15,1042,54,148,63,-0,09,0,88,2,87,306275,8,30872,89,1,62,5272,9
61,204,24,15,1042,59,148,77,-0,06,0,88,2,90,305974,4,30867,88,1,46,5267,9
61,254,24,15,1042,63,148,92,-0,03,0,89,2,93,305794,2,30862,86,1,39,5262,9
61,304,24,15,1042,68,149,07,0,00,0,89,2,96,305757,6,30857,85,1,41,5257,8
61,354,24,15,1042,72,149,21,0,02,0,90,3,00,305882,0,30852,83,1,53,5252,8
61,404,24,15,1042,77,149,36,0,05,0,90,2,98,306168,5,30847,81,1,76,5247,8
61,454,24,15,1042,81,149,51,0,08,0,90,2,95,306540,9,30842,79,2,03,5242,8
61,504,24,16,1042,86,149,66,0,11,0,91,2,92,306921,8,30837,76,2,31,5237,8
61,554,24,16,1042,90,149,80,0,15,0,91,2,88,307278,2,30832,73,2,57,5232,7
61,604,24,17,1042,95,149,95,0,18,0,92,2,85,307597,1,30827,69,2,80,5227,7
61,654,24,18,1042,99,150,09,0,21,0,93,2,82,307872,7,30822,64,3,00,5222,6
61,704,24,19,1043,04,150,23,0,23,0,94,2,78,308103,4,30817,59,3,18,5217,6
61,754,24,20,1043,09,150,37,0,26,0,94,2,75,308290,4,30812,54,3,33,5212,5
61,804,24,22,1043,14,150,50,0,29,0,95,2,71,308436,0,30807,48,3,45,5207,5
61,854,24,23,1043,18,150,64,0,32,0,96,2,68,308544,0,30802,43,3,55,5202,4
61,904,24,25,1043,23,150,77,0,34,0,97,2,64,308617,8,30797,37,3,63,5197,4
61,954,24,27,1043,28,150,90,0,37,0,98,2,61,308661,9,30792,31,3,69,5192,3
62,004,24,29,1043,33,151,03,0,39,0,99,2,58,308680,0,30787,25,3,74,5187,3
62,054,24,31,1043,38,151,16,0,42,1,00,2,55,308674,6,30782,19,3,77,5182,2
62,104,24,33,1043,43,151,29,0,44,1,01,2,52,308647,0,30777,13,3,79,5177,1
62,154,24,35,1043,48,151,41,0,47,1,02,2,48,308597,7,30772,07,3,79,5172,1
62,204,24,37,1043,53,151,54,0,50,1,03,2,45,308527,3,30767,02,3,78,5167,0
62,254,24,40,1043,58,151,66,0,52,1,04,2,43,308435,8,30761,96,3,76,5162,0
62,304,24,43,1043,63,151,78,0,55,1,05,2,40,308322,6,30756,90,3,72,5156,9
62,354,24,46,1043,69,151,90,0,58,1,05,2,37,308187,8,30751,85,3,67,5151,8
62,404,24,49,1043,74,152,02,0,61,1,06,2,34,308029,7,30746,80,3,61,5146,8
62,454,24,52,1043,79,152,13,0,65,1,07,2,31,307846,2,30741,75,3,53,5141,7
62,504,24,55,1043,85,152,25,0,68,1,08,2,28,307635,7,30736,71,3,43,5136,7
62,554,24,58,1043,90,152,36,0,71,1,09,2,25,307397,5,30731,66,3,31,5131,7
62,604,24,62,1043,96,152,47,0,74,1,10,2,22,307132,1,30726,63,3,18,5126,6
62,654,24,66,1044,01,152,58,0,77,1,10,2,19,306842,4,30721,59,3,03,5121,6
62,704,24,70,1044,07,152,69,0,80,1,11,2,16,306534,2,30716,57,2,87,5116,6
62,754,24,74,1044,12,152,80,0,83,1,12,2,12,306218,1,30711,54,2,71,5111,5
62,804,24,78,1044,18,152,90,0,86,1,12,2,09,305911,5,30706,53,2,55,5106,5
62,854,24,82,1044,23,153,01,0,87,1,13,2,06,305643,7,30701,51,2,42,5101,5
62,904,24,87,1044,29,153,11,0,84,1,14,2,02,305437,0,30696,50,2,32,5096,5
62,954,24,91,1044,35,153,21,0,81,1,14,1,99,305271,9,30691,50,2,25,5091,5
63,004,24,95,1044,41,153,31,0,78,1,15,1,96,305130,7,30686,49,2,20,5086,5
63,054,24,99,1044,46,153,41,0,75,1,15,1,93,305002,4,30681,49,2,15,5081,5
63,104,25,02,1044,52,153,50,0,72,1,16,1,90,304881,6,30676,49,2,11,5076,5
63,154,25,06,1044,58,153,60,0,69,1,16,1,87,304770,3,30671,50,2,07,5071,5
63,204,25,09,1044,64,153,69,0,66,1,17,1,84,304678,2,30666,50,2,05,5066,5
63,254,25,12,1044,69,153,78,0,63,1,17,1,81,304621,4,30661,51,2,05,5061,5
63,304,25,16,1044,75,153,87,0,60,1,18,1,78,304625,2,30656,51,2,09,5056,5
63,354,25,19,1044,81,153,96,0,57,1,18,1,79,304719,9,30651,52,2,20,5051,5
63,404,25,21,1044,87,154,05,0,55,1,19,1,82,304885,8,30646,52,2,34,5046,5
63,454,25,24,1044,93,154,14,0,52,1,19,1,85,305079,7,30641,52,2,50,5041,5
63,504,25,26,1044,99,154,23,0,49,1,20,1,88,305276,6,30636,52,2,66,5036,5
63,554,25,29,1045,05,154,33,0,47,1,20,1,91,305461,8,30631,51,2,81,5031,5
63,604,25,31,1045,11,154,42,0,44,1,21,1,94,305626,3,30626,50,2,95,5026,5
63,654,25,33,1045,17,154,52,0,42,1,22,1,98,305765,4,30621,49,3,07,5021,5
63,704,25,35,1045,23,154,62,0,39,1,23,2,01,305877,3,30616,47,3,17,5016,5
63,754,25,37,1045,29,154,72,0,37,1,23,2,04,305961,3,30611,46,3,26,5011,5
63,804,25,39,1045,36,154,83,0,35,1,24,2,07,306017,1,30606,45,3,33,5006,4
63,854,25,41,1045,42,154,93,0,32,1,25,2,11,306043,6,30601,43,3,38,5001,4
63,904,25,42,1045,48,155,04,0,30,1,26,2,14,306041,3,30596,41,3,41,4996,4
63,954,25,44,1045,54,155,14,0,27,1,27,2,17,306010,2,30591,39,3,42,4991,4
64,004,25,45,1045,61,155,25,0,24,1,28,2,20,305950,6,30586,38,3,42,4986,4
64,054,25,46,1045,67,155,36,0,21,1,28,2,22,305863,0,30581,36,3,40,4981,4
64,104,25,47,1045,74,155,48,0,19,1,29,2,25,305747,8,30576,35,3,36,4976,3
64,154,25,48,1045,80,155,59,0,16,1,30,2,28,305606,0,30571,34,3,30,4971,3
64,204,25,49,1045,87,155,70,0,13,1,31,2,31,305438,8,30566,33,3,23,4966,3
64,254,25,49,1045,93,155,82,0,10,1,32,2,33,305248,6,30561,32,3,14,4961,3
64,304,25,50,1046,00,155,94,0,07,1,32,2,36,305038,8,30556,32,3,05,4956,3
64,354,25,50,1046,06,156,06,0,04,1,33,2,39,304813,7,30551,32,2,94,4951,3
64,404,25,50,1046,13,156,18,0,01,1,34,2,41,304579,7,30546,33,2,82,4946,3
64,454,25,50,1046,20,156,30,-0,02,1,34,2,44,304346,9,30541,34,2,71,4941,3
64,504,25,50,1046,26,156,42,-0,05,1,35,2,47,304130,8,30536,35,2,61,4936,3
64,554,25,50,1046,33,156,54,-0,07,1,36,2,50,303952,6,30531,36,2,54,4931,4
64,604,25,49,1046,40,156,67,-0,05,1,36,2,52,303837,2,30526,38,2,50,4926,4
64,654,25,49,1046,47,156,80,-0,02,1,37,2,55,303771,8,30521,40,2,50,4921,4
64,704,25,49,1046,54,156,93,0,00,1,37,2,58,303730,4,30516,42,2,50,4916,4
64,754,25,49,1046,61,157,06,0,03,1,38,2,61,303693,4,30511,44,2,52,4911,4
64,804,25,49,1046,68,157,19,0,06,1,39,2,64,303645,6,30506,46,2,52,4906,5
64,854,25,50,1046,74,157,32,0,09,1,39,2,67,303577,5,30501,48,2,51,4901,5
64,904,25,50,1046,81,157,45,0,12,1,40,2,70,303484,1,30496,51,2,48,4896,5
64,954,25,51,1046,88,157,59,0,15,1,40,2,73,303364,3,30491,53,2,44,4891,5
65,004,25,52,1046,95,157,73,0,18,1,41,2,76,303222,0,30486,56,2,38,4886,6
65,054,25,53,1047,03,157,87,0,20,1,41,2,79,303065,8,30481,59,2,31,4881,6
65,104,25,54,1047,10,158,01,0,23,1,42,2,82,302909,6,30476,63,2,25,4876,6
65,154,25,55,1047,17,158,15,0,26,1,42,2,85,302774,0,30471,66,2,20,4871,7
65,204,25,56,1047,24,158,29,0,28,1,43,2,87,302685,8,30466,70,2,18,4866,7
65,254,25,58,1047,31,158,43,0,31,1,43,2,86,302677,3,30461,74,2,22,4861,7
65,304,25,59,1047,38,158,58,0,33,1,44,2,83,302741,5,30456,78,2,30,4856,8
65,354,25,61,1047,45,158,72,0,35,1,44,2,81,302845,6,30451,81,2,40,4851,8
65,404,25,63,1047,53,158,86,0,38,1,45,2,78,302967,0,30446,85,2,51,4846,8
65,454,25,65,1047,60,159,00,0,40,1,46,2,75,303089,1,30441,88,2,63,4841,9
65,504,25,67,1047,67,159,13,0,42,1,46,2,72,303199,3,30436,91,2,73,4836,9
65,554,25,69,1047,75,159,27,0,44,1,47,2,69,303288,9,30431,94,2,82,4831,9
65,604,25,71,1047,82,159,40,0,47,1,48,2,66,303351,9,30426,96,2,90,4827,0
65,654,25,74,1047,89,159,53,0,49,1,48,2,63,303385,0,30421,99,2,95,4822,0
65,704,25,76,1047,97,159,66,0,52,1,49,2,60,303386,1,30417,01,2,98,4817,0
65,754,25,79,1048,04,159,79,0,54,1,50,2,57,303354,5,30412,04,3,00,4812,0
65,803,25,82,1048,12,159,92,0,57,1,50,2,54,303290,0,30407,07,2,99,4807,1
65,853,25,85,1048,19,160,05,0,60,1,51,2,52,303193,6,30402,10,2,96,4802,1
65,903,25,88,1048,27,160,17,0,63,1,52,2,49,303067,0,30397,13,2,91,4797,1
65,953,25,91,1048,34,160,30,0,66,1,52,2,46,302912,8,30392,16,2,85,4792,2
66,003,25,94,1048,42,160,42,0,68,1,53,2,44,302735,8,30387,20,2,77,4787,2
66,053,25,98,1048,50,160,54,0,71,1,54,2,41,302542,4,30382,23,2,68,4782,2
66,103,26,01,1048,57,160,66,0,74,1,54,2,39,302342,5,30377,28,2,59,4777,3
66,153,26,05,1048,65,160,78,0,76,1,55,2,36,302150,1,30372,32,2,50,4772,3
66,203,26,09,1048,73,160,90,0,79,1,56,2,34,301983,3,30367,37,2,43,4767,4
66,253,26,13,1048,81,161,01,0,82,1,56,2,32,301864,3,30362,42,2,39,4762,4
66,303,26,17,1048,89,161,13,0,79,1,57,2,29,301813,5,30357,47,2,40,4757,5
66,353,26,21,1048,96,161,24,0,76,1,57,2,27,301813,1,30352,53,2,44,4752,5
66,403,26,25,1049,04,161,36,0,74,1,58,2,24,301837,8,30347,58,2,49,4747,6
66,453,26,28,1049,12,161,47,0,71,1,58,2,22,301867,4,30342,63,2,54,4742,6
66,503,26,32,1049,20,161,58,0,68,1,59,2,19,301887,1,30337,68,2,59,4737,7
66,553,26,35,1049,28,161,69,0,65,1,60,2,16,301886,1,30332,73,2,62,4732,7
66,603,26,38,1049,36,161,79,0,63,1,60,2,14,301857,8,30327,78,2,64,4727,8
66,653,26,41,1049,44,161,90,0,60,1,61,2,11,301797,8,30322,83,2,63,4722,8
66,703,26,44,1049,52,162,01,0,57,1,61,2,08,301704,4,30317,88,2,61,4717,9
66,753,26,47,1049,60,162,11,0,54,1,62,2,05,301578,4,30312,94,2,56,4712,9
66,803,26,50,1049,68,162,21,0,52,1,63,2,02,301422,1,30308,00,2,49,4708,0
66,853,26,52,1049,76,162,31,0,49,1,63,2,00,301241,0,30303,06,2,41,4703,1
66,903,26,55,1049,85,162,41,0,47,1,64,1,97,301043,8,30298,12,2,31,4698,1
66,953,26,57,1049,93,162,51,0,45,1,64,1,94,300842,8,30293,19,2,22,4693,2
67,003,26,59,1050,01,162,60,0,42,1,65,1,92,300656,9,30288,26,2,14,4688,3
67,053,26,61,1050,09,162,70,0,40,1,65,1,89,300510,3,30283,33,2,08,4683,3
67,103,26,63,1050,18,162,79,0,38,1,66,1,89,300434,4,30278,40,2,07,4678,4
67,153,26,65,1050,26,162,89,0,36,1,66,1,91,300438,4,30273,48,2,11,4673,5
67,203,26,67,1050,34,162,99,0,34,1,67,1,94,300491,6,30268,55,2,19,4668,5
67,253,26,68,1050,42,163,08,0,32,1,67,1,97,300567,3,30263,62,2,27,4663,6
67,303,26,70,1050,51,163,18,0,30,1,68,1,99,300644,8,30258,70,2,35,4658,7
67,353,26,71,1050,59,163,28,0,27,1,68,2,02,300709,5,30253,77,2,43,4653,8
67,403,26,73,1050,68,163,38,0,25,1,69,2,05,300752,1,30248,83,2,49,4648,8
67,453,26,74,1050,76,163,49,0,22,1,69,2,08,300766,2,30243,90,2,53,4643,9
67,503,26,75,1050,85,163,59,0,20,1,70,2,11,300748,8,30238,97,2,56,4639,0
67,553,26,76,1050,93,163,70,0,17,1,70,2,13,300698,6,30234,04,2,56,4634,0
67,602,26,77,1051,02,163,80,0,15,1,71,2,16,300616,5,30229,11,2,54,4629,1
67,652,26,77,1051,10,163,91,0,12,1,72,2,19,300505,6,30224,18,2,50,4624,2
67,702,26,78,1051,19,164,02,0,09,1,72,2,21,300371,2,30219,26,2,45,4619,3
67,752,26,78,1051,27,164,13,0,07,1,73,2,24,300221,4,30214,33,2,38,4614,3
67,802,26,79,1051,36,164,25,0,04,1,73,2,26,300068,2,30209,41,2,32,4609,4
67,852,26,79,1051,45,164,36,0,02,1,74,2,29,299928,1,30204,50,2,27,4604,5
67,902,26,79,1051,53,164,48,0,00,1,74,2,31,299822,6,30199,58,2,24,4599,6
67,952,26,79,1051,62,164,59,0,01,1,75,2,33,299776,0,30194,66,2,24,4594,7
68,002,26,79,1051,71,164,71,0,03,1,75,2,35,299785,4,30189,75,2,29,4589,7
68,052,26,79,1051,80,164,83,0,05,1,76,2,37,299828,1,30184,83,2,35,4584,8
68,102,26,79,1051,89,164,95,0,08,1,76,2,39,299884,1,30179,91,2,42,4579,9
68,152,26,80,1051,97,165,07,0,10,1,77,2,42,299938,1,30175,00,2,49,4575,0
68,202,26,80,1052,06,165,19,0,13,1,77,2,44,299979,7,30170,08,2,56,4570,1
68,252,26,81,1052,15,165,31,0,16,1,78,2,46,300001,3,30165,16,2,60,4565,2
68,302,26,82,1052,24,165,43,0,18,1,79,2,49,299998,6,30160,24,2,64,4560,2
68,352,26,83,1052,33,165,56,0,21,1,79,2,51,299968,3,30155,33,2,65,4555,3
68,402,26,84,1052,42,165,68,0,23,1,80,2,54,299909,1,30150,41,2,64,4550,4
68,452,26,85,1052,51,165,81,0,26,1,80,2,56,299819,8,30145,49,2,62,4545,5
68,502,26,87,1052,60,165,94,0,28,1,81,2,59,299700,8,30140,58,2,58,4540,6
68,552,26,88,1052,69,166,07,0,30,1,82,2,61,299552,6,30135,67,2,51,4535,7
68,602,26,90,1052,78,166,20,0,32,1,82,2,64,299377,1,30130,76,2,43,4530,8
68,652,26,91,1052,87,166,34,0,34,1,83,2,67,299177,6,30125,85,2,34,4525,9
68,702,26,93,1052,96,166,47,0,36,1,83,2,69,298959,1,30120,95,2,23,4520,9
68,752,26,95,1053,06,166,60,0,38,1,84,2,72,298730,0,30116,05,2,11,4516,1
68,802,26,97,1053,15,166,74,0,40,1,84,2,74,298501,3,30111,15,2,00,4511,2
68,852,26,99,1053,24,166,88,0,42,1,84,2,77,298288,7,30106,26,1,90,4506,3
68,902,27,01,1053,33,167,02,0,45,1,85,2,79,298115,5,30101,38,1,82,4501,4
68,952,27,03,1053,42,167,16,0,47,1,85,2,79,298010,2,30096,49,1,79,4496,5
69,002,27,06,1053,52,167,30,0,49,1,86,2,76,297973,9,30091,60,1,81,4491,6
69,052,27,08,1053,61,167,43,0,51,1,86,2,74,297978,1,30086,72,1,85,4486,7
69,102,27,11,1053,70,167,57,0,53,1,86,2,71,297998,3,30081,83,1,90,4481,8
69,152,27,14,1053,80,167,71,0,55,1,87,2,69,298016,4,30076,95,1,94,4476,9
69,202,27,16,1053,89,167,84,0,58,1,87,2,66,298020,7,30072,06,1,98,4472,1
69,252,27,19,1053,98,167,97,0,60,1,88,2,64,298004,9,30067,17,2,00,4467,2
69,302,27,22,1054,08,168,10,0,63,1,88,2,61,297967,6,30062,29,2,01,4462,3
69,352,27,26,1054,17,168,23,0,65,1,88,2,58,297911,2,30057,40,2,01,4457,4
69,402,27,29,1054,27,168,36,0,67,1,89,2,56,297842,8,30052,52,2,00,4452,5
69,451,27,32,1054,36,168,49,0,69,1,89,2,53,297773,8,30047,64,1,99,4447,6
69,501,27,36,1054,46,168,61,0,72,1,90,2,51,297720,7,30042,75,1,99,4442,8
69,551,27,40,1054,55,168,74,0,72,1,90,2,48,297704,0,30037,87,2,02,4437,9
69,601,27,43,1054,65,168,86,0,70,1,91,2,46,297733,6,30032,99,2,08,4433,0
69,651,27,47,1054,74,168,98,0,68,1,91,2,44,297790,9,30028,11,2,15,4428,1
69,701,27,50,1054,84,169,11,0,66,1,92,2,42,297858,2,30023,22,2,23,4423,2
69,751,27,53,1054,93,169,23,0,63,1,92,2,40,297923,3,30018,34,2,31,4418,3
69,801,27,56,1055,03,169,35,0,61,1,93,2,38,297978,8,30013,46,2,38,4413,5
69,851,27,59,1055,12,169,46,0,59,1,93,2,36,298020,4,30008,57,2,44,4408,6
69,901,27,62,1055,22,169,58,0,56,1,94,2,34,298045,3,30003,68,2,49,4403,7
69,951,27,65,1055,32,169,70,0,54,1,94,2,32,298051,2,29998,79,2,53,4398,8
70,001,27,67,1055,42,169,81,0,52,1,95,2,29,298036,9,29993,91,2,56,4393,9
70,051,27,70,1055,51,169,93,0,50,1,95,2,27,298001,7,29989,02,2,57,4389,0
70,101,27,72,1055,61,170,04,0,48,1,96,2,25,297945,2,29984,14,2,56,4384,1
70,151,27,75,1055,71,170,15,0,46,1,96,2,23,297866,9,29979,25,2,55,4379,3
70,201,27,77,1055,81,170,26,0,44,1,97,2,20,297766,6,29974,37,2,52,4374,4
70,251,27,79,1055,91,170,37,0,42,1,98,2,18,297643,6,29969,49,2,47,4369,5
70,301,27,81,1056,00,170,48,0,40,1,98,2,15,297497,6,29964,61,2,41,4364,6
70,351,27,83,1056,10,170,59,0,38,1,99,2,13,297328,2,29959,73,2,33,4359,7
70,401,27,85,1056,20,170,69,0,36,1,99,2,10,297133,8,29954,86,2,24,4354,9
70,451,27,87,1056,30,170,80,0,35,2,00,2,08,296913,1,29949,99,2,13,4350,0
70,501,27,88,1056,40,170,90,0,33,2,00,2,05,296666,0,29945,13,2,00,4345,1
70,551,27,90,1056,50,171,00,0,31,2,00,2,03,296394,0,29940,27,1,85,4340,3
70,601,27,92,1056,60,171,10,0,29,2,01,2,00,296102,2,29935,41,1,69,4335,4
70,651,27,93,1056,70,171,20,0,26,2,01,1,98,295800,7,29930,56,1,53,4330,6
70,701,27,94,1056,80,171,30,0,24,2,01,1,96,295509,9,29925,71,1,37,4325,7
70,751,27,95,1056,90,171,40,0,22,2,02,1,95,295265,4,29920,87,1,25,4320,9
70,801,27,96,1057,01,171,50,0,20,2,02,1,97,295109,0,29916,03,1,18,4316,0
70,851,27,97,1057,11,171,60,0,18,2,02,1,99,295034,1,29911,19,1,17,4311,2
70,901,27,98,1057,21,171,70,0,16,2,02,2,01,295019,8,29906,35,1,20,4306,4
70,951,27,99,1057,31,171,80,0,14,2,02,2,03,295048,3,29901,51,1,26,4301,5
71,001,28,00,1057,41,171,90,0,12,2,03,2,06,295108,5,29896,68,1,33,4296,7
71,051,28,00,1057,51,172,00,0,10,2,03,2,08,295197,7,29891,84,1,43,4291,8
71,101,28,01,1057,61,172,11,0,09,2,03,2,11,295320,7,29887,00,1,55,4287,0
71,151,28,01,1057,71,172,21,0,11,2,03,2,13,295475,3,29882,15,1,69,4282,2
71,201,28,02,1057,82,172,32,0,13,2,04,2,16,295636,1,29877,31,1,83,4277,3
71,250,28,02,1057,92,172,43,0,15,2,04,2,18,295784,9,29872,46,1,96,4272,5
71,300,28,03,1058,02,172,54,0,17,2,05,2,20,295912,3,29867,61,2,08,4267,6
71,350,28,04,1058,12,172,65,0,20,2,05,2,23,296014,5,29862,76,2,18,4262,8
71,400,28,05,1058,23,172,76,0,22,2,05,2,25,296090,5,29857,90,2,27,4257,9
71,450,28,06,1058,33,172,88,0,24,2,06,2,27,296141,3,29853,05,2,33,4253,1
71,500,28,08,1058,43,172,99,0,26,2,06,2,29,296168,8,29848,20,2,39,4248,2
71,550,28,09,1058,54,173,10,0,28,2,07,2,31,296175,4,29843,34,2,43,4243,3
71,600,28,10,1058,64,173,22,0,30,2,07,2,33,296164,0,29838,49,2,45,4238,5
71,650,28,12,1058,74,173,34,0,31,2,08,2,35,296136,9,29833,64,2,47,4233,6
71,700,28,14,1058,85,173,46,0,33,2,09,2,37,296096,9,29828,78,2,48,4228,8
71,750,28,15,1058,95,173,58,0,35,2,09,2,39,296044,4,29823,93,2,48,4223,9
71,800,28,17,1059,06,173,70,0,36,2,10,2,41,295979,6,29819,08,2,47,4219,1
71,850,28,19,1059,16,173,82,0,38,2,10,2,43,295901,9,29814,22,2,45,4214,2
71,900,28,21,1059,27,173,94,0,40,2,11,2,46,295809,5,29809,38,2,43,4209,4
71,950,28,23,1059,37,174,06,0,41,2,11,2,48,295699,5,29804,53,2,39,4204,5
72,000,28,25,1059,48,174,19,0,43,2,12,2,50,295568,3,29799,68,2,34,4199,7
72,050,28,27,1059,58,174,31,0,45,2,12,2,53,295412,9,29794,83,2,27,4194,8
72,100,28,29,1059,69,174,44,0,47,2,13,2,55,295229,2,29789,99,2,18,4190,0
72,150,28,32,1059,80,174,57,0,49,2,13,2,57,295013,3,29785,15,2,07,4185,2
72,200,28,34,1059,90,174,70,0,51,2,13,2,60,294761,3,29780,32,1,94,4180,3
72,250,28,37,1060,01,174,83,0,53,2,14,2,62,294469,4,29775,49,1,77,4175,5
72,300,28,40,1060,12,174,96,0,55,2,14,2,65,294134,3,29770,67,1,58,4170,7
72,350,28,42,1060,22,175,09,0,57,2,14,2,67,293753,2,29765,85,1,36,4165,8
72,400,28,45,1060,33,175,23,0,59,2,15,2,69,293324,0,29761,04,1,10,4161,0
72,450,28,48,1060,44,175,36,0,61,2,15,2,71,292846,1,29756,23,0,81,4156,2
72,500,28,51,1060,55,175,50,0,62,2,15,2,73,292320,8,29751,43,0,48,4151,4
72,550,28,54,1060,65,175,64,0,64,2,15,2,75,291767,3,29746,65,0,14,4146,6
72,600,28,58,1060,76,175,77,0,63,2,15,2,75,291830,7,29741,87,0,28,4141,9
72,650,28,61,1060,87,175,91,0,61,2,15,2,73,292278,1,29737,08,0,62,4137,1
72,700,28,64,1060,98,176,05,0,59,2,15,2,71,292682,6,29732,28,0,93,4132,3
72,750,28,67,1061,08,176,18,0,57,2,15,2,69,293036,3,29727,48,1,20,4127,5
72,800,28,69,1061,19,176,32,0,55,2,15,2,67,293338,8,29722,67,1,44,4122,7
72,850,28,72,1061,30,176,45,0,53,2,15,2,65,293591,9,29717,86,1,64,4117,9
72,900,28,75,1061,41,176,58,0,51,2,16,2,62,293798,3,29713,05,1,81,4113,0
72,950,28,77,1061,51,176,71,0,49,2,16,2,60,293961,5,29708,23,1,95,4108,2
73,000,28,80,1061,62,176,84,0,47,2,16,2,58,294085,5,29703,41,2,07,4103,4
73,049,28,82,1061,73,176,97,0,45,2,17,2,55,294174,2,29698,59,2,16,4098,6
73,099,28,84,1061,84,177,10,0,43,2,17,2,53,294232,3,29693,76,2,23,4093,8
73,149,28,86,1061,95,177,22,0,42,2,18,2,51,294263,6,29688,94,2,29,4088,9
73,199,28,88,1062,06,177,35,0,40,2,18,2,49,294272,3,29684,11,2,33,4084,1
73,249,28,90,1062,17,177,47,0,38,2,19,2,46,294261,6,29679,29,2,35,4079,3
73,299,28,92,1062,28,177,59,0,37,2,19,2,44,294235,0,29674,46,2,37,4074,5
73,349,28,94,1062,39,177,71,0,35,2,20,2,42,294194,8,29669,64,2,38,4069,6
73,399,28,96,1062,50,177,84,0,34,2,20,2,40,294141,8,29664,82,2,38,4064,8
73,449,28,97,1062,60,177,95,0,32,2,21,2,39,294076,0,29660,00,2,37,4060,0
73,499,28,99,1062,72,178,07,0,30,2,21,2,37,293997,7,29655,18,2,35,4055,2
73,549,29,00,1062,83,178,19,0,28,2,22,2,35,293905,3,29650,36,2,33,4050,4
73,599,29,02,1062,94,178,31,0,27,2,22,2,33,293796,5,29645,54,2,29,4045,5
73,649,29,03,1063,05,178,42,0,25,2,23,2,31,293669,2,29640,72,2,24,4040,7
73,699,29,04,1063,16,178,54,0,23,2,23,2,29,293521,2,29635,91,2,18,4035,9
73,749,29,05,1063,27,178,65,0,20,2,23,2,27,293350,8,29631,10,2,10,4031,1
73,799,29,06,1063,38,178,77,0,18,2,24,2,25,293157,2,29626,29,2,00,4026,3
73,849,29,07,1063,50,178,88,0,16,2,24,2,22,292940,9,29621,49,1,89,4021,5
73,899,29,08,1063,61,178,99,0,14,2,24,2,20,292705,3,29616,69,1,77,4016,7
73,949,29,09,1063,72,179,10,0,12,2,25,2,18,292457,5,29611,89,1,64,4011,9
73,999,29,09,1063,83,179,21,0,10,2,25,2,16,292211,7,29607,10,1,51,4007,1
74,049,29,10,1063,94,179,31,0,10,2,25,2,13,291991,8,29602,31,1,40,4002,3
74,099,29,10,1064,06,179,42,0,12,2,25,2,11,291808,0,29597,53,1,31,3997,5
74,149,29,11,1064,17,179,52,0,14,2,25,2,09,291652,3,29592,74,1,24,3992,7
74,199,29,12,1064,28,179,63,0,16,2,26,2,06,291520,9,29587,96,1,19,3988,0
74,249,29,12,1064,39,179,73,0,18,2,26,2,04,291416,2,29583,19,1,15,3983,2
74,299,29,13,1064,51,179,83,0,20,2,26,2,02,291349,4,29578,41,1,15,3978,4
74,349,29,14,1064,62,179,93,0,22,2,26,2,00,291337,2,29573,63,1,18,3973,6
74,399,29,16,1064,73,180,03,0,24,2,26,1,99,291398,3,29568,86,1,26,3968,9
74,449,29,17,1064,85,180,13,0,26,2,26,2,01,291526,1,29564,08,1,38,3964,1
74,499,29,18,1064,96,180,23,0,28,2,27,2,03,291681,4,29559,30,1,53,3959,3
74,549,29,20,1065,07,180,34,0,30,2,27,2,05,291837,8,29554,51,1,67,3954,5
74,599,29,21,1065,19,180,44,0,31,2,27,2,08,291980,4,29549,73,1,80,3949,7
74,649,29,23,1065,30,180,54,0,33,2,28,2,10,292102,2,29544,94,1,91,3944,9
74,699,29,24,1065,41,180,65,0,35,2,28,2,12,292200,5,29540,15,2,01,3940,2
74,749,29,26,1065,53,180,76,0,37,2,28,2,14,292274,4,29535,36,2,09,3935,4
74,799,29,28,1065,64,180,86,0,38,2,29,2,17,292324,9,29530,57,2,16,3930,6
74,849,29,30,1065,76,180,97,0,40,2,29,2,19,292353,2,29525,78,2,22,3925,8
74,898,29,32,1065,87,181,08,0,42,2,29,2,21,292360,0,29520,98,2,25,3921,0
74,948,29,34,1065,99,181,19,0,44,2,30,2,23,292345,6,29516,19,2,28,3916,2
74,998,29,36,1066,10,181,31,0,45,2,30,2,25,292310,6,29511,40,2,29,3911,4
75,048,29,39,1066,22,181,42,0,47,2,31,2,27,292255,3,29506,61,2,29,3906,6
75,098,29,41,1066,33,181,53,0,49,2,31,2,29,292180,3,29501,81,2,27,3901,8
75,148,29,44,1066,45,181,65,0,51,2,32,2,31,292086,4,29497,03,2,24,3897,0
75,198,29,46,1066,56,181,76,0,53,2,32,2,33,291974,0,29492,24,2,20,3892,2
75,248,29,49,1066,68,181,88,0,56,2,32,2,35,291844,8,29487,45,2,15,3887,5
75,298,29,52,1066,80,182,00,0,58,2,33,2,36,291700,5,29482,67,2,09,3882,7
75,348,29,55,1066,91,182,12,0,60,2,33,2,38,291543,5,29477,89,2,02,3877,9
75,398,29,58,1067,03,182,24,0,62,2,33,2,40,291377,9,29473,11,1,94,3873,1
75,448,29,61,1067,15,182,36,0,64,2,34,2,42,291210,6,29468,33,1,86,3868,3
75,498,29,64,1067,26,182,48,0,66,2,34,2,44,291052,8,29463,56,1,79,3863,6
75,548,29,68,1067,38,182,60,0,68,2,34,2,46,290921,2,29458,79,1,74,3858,8
75,598,29,71,1067,50,182,72,0,67,2,35,2,48,290832,9,29454,02,1,72,3854,0
75,648,29,74,1067,62,182,85,0,65,2,35,2,50,290778,7,29449,26,1,72,3849,3
75,698,29,78,1067,73,182,97,0,63,2,35,2,52,290738,7,29444,49,1,73,3844,5
75,748,29,81,1067,85,183,10,0,61,2,35,2,54,290697,7,29439,72,1,74,3839,7
75,798,29,84,1067,97,183,23,0,59,2,36,2,57,290645,3,29434,96,1,74,3835,0
75,848,29,87,1068,09,183,36,0,57,2,36,2,59,290575,6,29430,19,1,72,3830,2
75,898,29,89,1068,20,183,49,0,55,2,36,2,61,290486,8,29425,43,1,70,3825,4
75,948,29,92,1068,32,183,62,0,53,2,36,2,64,290380,6,29420,67,1,66,3820,7
75,998,29,95,1068,44,183,75,0,51,2,37,2,66,290263,6,29415,91,1,62,3815,9
76,048,29,97,1068,56,183,88,0,49,2,37,2,68,290146,2,29411,15,1,57,3811,2
76,098,30,00,1068,68,184,02,0,47,2,37,2,70,290045,7,29406,40,1,54,3806,4
76,148,30,02,1068,80,184,15,0,45,2,37,2,72,289983,9,29401,64,1,54,3801,6
76,198,30,04,1068,91,184,29,0,43,2,37,2,71,289983,1,29396,89,1,58,3796,9
76,248,30,06,1069,03,184,42,0,42,2,38,2,69,290033,9,29392,13,1,65,3792,1
76,298,30,08,1069,15,184,56,0,40,2,38,2,67,290111,1,29387,38,1,74,3787,4
76,348,30,10,1069,27,184,69,0,38,2,38,2,65,290195,9,29382,62,1,83,3782,6
76,398,30,12,1069,39,184,82,0,36,2,39,2,63,290276,0,29377,86,1,92,3777,9
76,448,30,14,1069,51,184,96,0,35,2,39,2,61,290342,3,29373,11,2,00,3773,1
76,498,30,16,1069,63,185,08,0,33,2,39,2,58,290389,3,29368,34,2,06,3768,3
76,548,30,17,1069,75,185,21,0,31,2,39,2,56,290413,4,29363,58,2,11,3763,6
76,598,30,19,1069,87,185,34,0,29,2,40,2,54,290413,0,29358,82,2,15,3758,8
76,648,30,20,1069,99,185,47,0,27,2,40,2,52,290387,3,29354,06,2,17,3754,1
76,697,30,21,1070,11,185,59,0,25,2,41,2,50,290336,2,29349,30,2,17,3749,3
76,747,30,23,1070,23,185,72,0,23,2,41,2,48,290260,7,29344,54,2,15,3744,5
76,797,30,24,1070,35,185,84,0,21,2,41,2,46,290161,8,29339,78,2,12,3739,8
76,847,30,25,1070,47,185,96,0,18,2,42,2,44,290042,2,29335,03,2,07,3735,0
76,897,30,25,1070,59,186,08,0,16,2,42,2,42,289905,4,29330,27,2,01,3730,3
76,947,30,26,1070,71,186,20,0,14,2,42,2,40,289757,5,29325,52,1,95,3725,5
76,997,30,27,1070,83,186,32,0,12,2,42,2,39,289607,1,29320,77,1,88,3720,8
77,047,30,27,1070,95,186,44,0,09,2,43,2,37,289467,0,29316,03,1,82,3716,0
77,097,30,28,1071,07,186,56,0,07,2,43,2,35,289353,8,29311,28,1,78,3711,3
77,147,30,28,1071,20,186,68,0,07,2,43,2,33,289287,2,29306,54,1,78,3706,5
77,197,30,28,1071,32,186,79,0,09,2,44,2,32,289272,4,29301,80,1,81,3701,8
77,247,30,29,1071,44,186,91,0,11,2,44,2,30,289287,3,29297,05,1,85,3697,1
77,297,30,30,1071,56,187,02,0,13,2,44,2,28,289312,3,29292,31,1,91,3692,3
77,347,30,30,1071,69,187,14,0,15,2,44,2,26,289332,7,29287,57,1,95,3687,6
77,397,30,31,1071,81,187,25,0,17,2,45,2,23,289338,6,29282,82,1,99,3682,8
77,447,30,32,1071,93,187,36,0,19,2,45,2,21,289323,8,29278,08,2,02,3678,1
77,497,30,33,1072,05,187,47,0,22,2,45,2,19,289284,3,29273,34,2,02,3673,3
77,547,30,34,1072,17,187,58,0,24,2,46,2,17,289218,5,29268,59,2,01,3668,6
77,597,30,35,1072,30,187,69,0,26,2,46,2,15,289126,5,29263,85,1,98,3663,9
77,647,30,37,1072,42,187,79,0,28,2,46,2,12,289009,9,29259,12,1,94,3659,1
77,697,30,38,1072,54,187,90,0,30,2,46,2,10,288872,7,29254,38,1,88,3654,4
77,747,30,40,1072,67,188,00,0,31,2,47,2,08,288720,8,29249,64,1,81,3649,6
77,797,30,41,1072,79,188,11,0,33,2,47,2,05,288563,7,29244,91,1,74,3644,9
77,847,30,43,1072,91,188,21,0,35,2,47,2,03,288415,3,29240,18,1,68,3640,2
77,897,30,45,1073,04,188,31,0,36,2,47,2,01,288295,1,29235,46,1,63,3635,5
77,947,30,47,1073,16,188,41,0,38,2,48,2,00,288227,2,29230,73,1,63,3630,7
77,997,30,49,1073,28,188,51,0,40,2,48,2,02,288221,8,29226,00,1,66,3626,0
78,047,30,51,1073,41,188,61,0,42,2,48,2,04,288255,4,29221,28,1,72,3621,3
78,097,30,53,1073,53,188,72,0,43,2,48,2,06,288304,9,29216,55,1,79,3616,6
78,147,30,55,1073,66,188,82,0,45,2,48,2,08,288353,4,29211,83,1,86,3611,8
78,197,30,57,1073,78,188,92,0,47,2,49,2,11,288389,3,29207,10,1,92,3607,1
78,247,30,60,1073,91,189,03,0,49,2,49,2,13,288405,2,29202,37,1,96,3602,4
78,297,30,62,1074,03,189,14,0,52,2,49,2,15,288396,8,29197,64,1,99,3597,6
78,347,30,65,1074,15,189,25,0,54,2,49,2,17,288362,5,29192,91,2,00,3592,9
78,397,30,68,1074,28,189,35,0,56,2,50,2,19,288302,1,29188,19,1,99,3588,2
78,447,30,70,1074,40,189,46,0,58,2,50,2,22,288217,4,29183,46,1,97,3583,5
78,497,30,73,1074,53,189,58,0,61,2,50,2,24,288112,6,29178,74,1,93,3578,7
78,546,30,77,1074,65,189,69,0,63,2,50,2,25,287993,7,29174,01,1,89,3574,0
78,596,30,80,1074,78,189,80,0,65,2,51,2,27,287870,6,29169,29,1,84,3569,3
78,646,30,83,1074,91,189,92,0,67,2,51,2,29,287757,3,29164,58,1,80,3564,6
78,696,30,86,1075,03,190,03,0,69,2,51,2,31,287672,1,29159,86,1,78,3559,9
78,746,30,90,1075,16,190,15,0,69,2,51,2,33,287636,3,29155,14,1,79,3555,1
78,796,30,93,1075,28,190,26,0,67,2,52,2,35,287650,1,29150,43,1,84,3550,4
78,846,30,97,1075,41,190,38,0,65,2,52,2,36,287691,9,29145,71,1,90,3545,7
78,896,31,00,1075,53,190,50,0,63,2,52,2,38,287743,9,29140,99,1,98,3541,0
78,946,31,03,1075,66,190,62,0,61,2,52,2,40,287793,0,29136,28,2,04,3536,3
78,996,31,06,1075,79,190,74,0,59,2,53,2,42,287829,6,29131,56,2,10,3531,6
79,046,31,09,1075,91,190,86,0,56,2,53,2,44,287848,4,29126,84,2,15,3526,8
79,096,31,12,1076,04,190,98,0,54,2,53,2,46,287845,6,29122,12,2,18,3522,1
79,146,31,14,1076,17,191,11,0,52,2,54,2,48,287819,6,29117,40,2,20,3517,4
79,196,31,17,1076,29,191,23,0,50,2,54,2,50,287768,8,29112,68,2,20,3512,7
79,246,31,19,1076,42,191,36,0,48,2,54,2,52,287693,5,29107,96,2,18,3508,0
79,296,31,22,1076,55,191,48,0,46,2,55,2,55,287593,7,29103,25,2,15,3503,2
79,346,31,24,1076,67,191,61,0,44,2,55,2,57,287470,3,29098,54,2,10,3498,5
79,396,31,26,1076,80,191,74,0,43,2,55,2,59,287325,0,29093,82,2,03,3493,8
79,446,31,28,1076,93,191,87,0,41,2,55,2,62,287160,8,29089,11,1,95,3489,1
79,496,31,30,1077,06,192,00,0,39,2,56,2,64,286982,5,29084,41,1,87,3484,4
79,546,31,32,1077,19,192,14,0,38,2,56,2,66,286796,9,29079,71,1,78,3479,7
79,596,31,34,1077,31,192,27,0,36,2,56,2,68,286613,6,29075,00,1,69,3475,0
79,646,31,36,1077,44,192,40,0,34,2,56,2,70,286446,3,29070,31,1,61,3470,3
79,696,31,37,1077,57,192,54,0,33,2,56,2,72,286315,8,29065,61,1,56,3465,6
79,746,31,39,1077,70,192,68,0,31,2,57,2,71,286243,5,29060,92,1,55,3460,9
79,796,31,40,1077,83,192,81,0,29,2,57,2,69,286219,1,29056,23,1,57,3456,2
79,846,31,42,1077,96,192,94,0,27,2,57,2,67,286219,1,29051,54,1,60,3451,5
79,896,31,43,1078,08,193,08,0,25,2,57,2,65,286224,3,29046,84,1,64,3446,8
79,946,31,44,1078,21,193,21,0,22,2,57,2,63,286222,0,29042,15,1,68,3442,2
79,996,31,45,1078,34,193,34,0,20,2,57,2,61,286204,8,29037,46,1,70,3437,5
80,046,31,46,1078,47,193,47,0,18,2,58,2,58,286169,8,29032,77,1,71,3432,8
80,096,31,47,1078,60,193,60,0,16,2,58,2,56,286117,8,29028,07,1,71,3428,1
80,146,31,48,1078,73,193,73,0,14,2,58,2,54,286054,4,29023,38,1,70,3423,4
80,196,31,48,1078,86,193,85,0,11,2,58,2,52,285988,5,29018,70,1,69,3418,7
80,246,31,49,1078,99,193,98,0,09,2,58,2,50,285934,5,29014,01,1,69,3414,0
80,296,31,49,1079,11,194,10,0,07,2,58,2,48,285910,0,29009,32,1,71,3409,3
80,345,31,50,1079,24,194,23,0,09,2,59,2,46,285932,1,29004,63,1,76,3404,6
80,395,31,50,1079,37,194,35,0,11,2,59,2,44,285988,7,28999,95,1,84,3399,9
80,445,31,51,1079,50,194,47,0,13,2,59,2,42,286059,3,28995,26,1,92,3395,3
80,495,31,52,1079,63,194,59,0,15,2,59,2,40,286130,2,28990,56,2,01,3390,6
80,545,31,52,1079,76,194,71,0,17,2,59,2,38,286192,7,28985,87,2,09,3385,9
80,595,31,53,1079,89,194,83,0,19,2,60,2,36,286241,7,28981,18,2,15,3381,2
80,645,31,54,1080,02,194,95,0,22,2,60,2,35,286274,5,28976,49,2,21,3376,5
80,695,31,55,1080,15,195,06,0,24,2,60,2,33,286289,2,28971,80,2,26,3371,8
80,745,31,57,1080,28,195,18,0,26,2,61,2,31,286284,4,28967,10,2,29,3367,1
80,795,31,58,1080,41,195,29,0,28,2,61,2,29,286259,7,28962,41,2,30,3362,4
80,845,31,59,1080,54,195,41,0,30,2,61,2,27,286214,9,28957,72,2,31,3357,7
80,895,31,61,1080,67,195,52,0,31,2,62,2,25,286150,1,28953,03,2,30,3353,0
80,945,31,63,1080,80,195,63,0,33,2,62,2,23,286065,3,28948,34,2,27,3348,3
80,995,31,64,1080,93,195,74,0,35,2,62,2,20,285960,4,28943,65,2,24,3343,6
81,045,31,66,1081,07,195,85,0,37,2,62,2,18,285835,6,28938,96,2,19,3339,0
81,095,31,68,1081,20,195,96,0,38,2,63,2,16,285690,7,28934,28,2,12,3334,3
81,145,31,70,1081,33,196,07,0,40,2,63,2,13,285525,4,28929,59,2,04,3329,6
81,195,31,72,1081,46,196,17,0,41,2,63,2,11,285339,0,28924,91,1,95,3324,9
81,245,31,74,1081,59,196,28,0,43,2,63,2,09,285131,9,28920,24,1,84,3320,2
81,295,31,76,1081,72,196,38,0,45,2,64,2,07,284906,9,28915,57,1,72,3315,6
81,345,31,78,1081,86,196,49,0,47,2,64,2,04,284669,6,28910,90,1,59,3310,9
81,395,31,81,1081,99,196,59,0,49,2,64,2,02,284431,3,28906,23,1,46,3306,2
81,445,31,83,1082,12,196,69,0,51,2,64,2,00,284211,8,28901,57,1,35,3301,6
81,495,31,86,1082,25,196,79,0,53,2,64,2,00,284042,5,28896,91,1,27,3296,9
81,545,31,89,1082,38,196,89,0,55,2,64,2,02,283939,4,28892,26,1,24,3292,3
81,595,31,91,1082,52,196,99,0,57,2,64,2,04,283884,8,28887,60,1,24,3287,6
81,645,31,94,1082,65,197,09,0,59,2,64,2,06,283861,7,28882,95,1,26,3283,0
81,695,31,97,1082,78,197,20,0,61,2,64,2,08,283858,9,28878,30,1,29,3278,3
81,745,32,00,1082,91,197,30,0,63,2,64,2,10,283872,5,28873,64,1,34,3273,6
81,795,32,04,1083,04,197,41,0,65,2,64,2,12,283904,8,28868,99,1,40,3269,0
81,845,32,07,1083,17,197,51,0,67,2,64,2,15,283964,9,28864,34,1,47,3264,3
81,895,32,10,1083,31,197,62,0,67,2,64,2,17,284062,8,28859,68,1,58,3259,7
81,945,32,14,1083,44,197,73,0,65,2,64,2,19,284186,7,28855,02,1,70,3255,0
81,995,32,17,1083,57,197,84,0,63,2,65,2,21,284313,5,28850,36,1,83,3250,4
82,045,32,20,1083,70,197,95,0,61,2,65,2,24,284429,4,28845,70,1,94,3245,7
82,095,32,23,1083,83,198,06,0,59,2,65,2,26,284527,0,28841,04,2,04,3241,0
82,144,32,26,1083,97,198,18,0,57,2,65,2,28,284603,2,28836,37,2,13,3236,4
82,194,32,29,1084,10,198,29,0,54,2,65,2,30,284657,3,28831,70,2,20,3231,7
82,244,32,31,1084,23,198,41,0,52,2,66,2,32,284690,2,28827,04,2,25,3227,0
82,294,32,34,1084,37,198,52,0,50,2,66,2,34,284703,3,28822,37,2,30,3222,4
82,344,32,36,1084,50,198,64,0,49,2,66,2,36,284698,9,28817,70,2,33,3217,7
82,394,32,39,1084,63,198,76,0,47,2,67,2,38,284679,0,28813,03,2,35,3213,0
82,444,32,41,1084,77,198,88,0,45,2,67,2,40,284644,8,28808,37,2,36,3208,4
82,494,32,43,1084,90,199,00,0,43,2,67,2,41,284596,6,28803,70,2,36,3203,7
82,544,32,45,1085,03,199,12,0,42,2,68,2,43,284534,6,28799,04,2,36,3199,0
82,594,32,47,1085,17,199,24,0,40,2,68,2,46,284458,5,28794,37,2,34,3194,4
82,644,32,49,1085,30,199,37,0,39,2,68,2,48,284367,6,28789,71,2,31,3189,7
82,694,32,51,1085,44,199,49,0,37,2,68,2,50,284259,9,28785,05,2,27,3185,0
82,744,32,53,1085,57,199,61,0,36,2,69,2,52,284132,5,28780,39,2,22,3180,4
82,794,32,55,1085,70,199,74,0,34,2,69,2,54,283982,1,28775,73,2,15,3175,7
82,844,32,56,1085,84,199,87,0,32,2,69,2,57,283805,5,28771,08,2,06,3171,1
82,894,32,58,1085,97,200,00,0,30,2,69,2,59,283599,8,28766,43,1,95,3166,4
82,944,32,59,1086,11,200,13,0,28,2,70,2,61,283361,2,28761,78,1,82,3161,8
82,994,32,61,1086,24,200,26,0,26,2,70,2,64,283087,5,28757,13,1,66,3157,1
83,044,32,62,1086,38,200,39,0,24,2,70,2,66,282776,8,28752,50,1,48,3152,5
83,094,32,63,1086,51,200,53,0,23,2,70,2,68,282428,7,28747,86,1,27,3147,9
83,144,32,64,1086,64,200,66,0,21,2,70,2,70,282045,9,28743,24,1,03,3143,2
83,194,32,65,1086,78,200,80,0,19,2,70,2,72,281640,1,28738,62,0,78,3138,6
83,244,32,66,1086,91,200,93,0,17,2,70,2,74,281251,6,28734,00,0,54,3134,0
83,294,32,67,1087,05,201,07,0,15,2,69,2,73,281019,2,28729,39,0,43,3129,4
83,344,32,68,1087,18,201,21,0,14,2,69,2,71,281085,0,28724,79,0,53,3124,8
83,394,32,68,1087,32,201,34,0,13,2,69,2,69,281344,4,28720,18,0,76,3120,2
83,444,32,69,1087,45,201,48,0,15,2,69,2,67,281655,9,28715,56,1,01,3115,6
83,494,32,70,1087,58,201,61,0,17,2,69,2,65,281951,3,28710,94,1,26,3110,9
83,544,32,71,1087,72,201,74,0,19,2,69,2,63,282211,9,28706,32,1,47,3106,3
83,594,32,72,1087,85,201,87,0,21,2,69,2,60,282432,2,28701,69,1,66,3101,7
83,644,32,73,1087,99,202,00,0,22,2,69,2,58,282612,0,28697,06,1,81,3097,1
83,694,32,74,1088,12,202,13,0,24,2,69,2,56,282753,4,28692,42,1,95,3092,4
83,744,32,75,1088,26,202,26,0,26,2,69,2,53,282859,3,28687,79,2,05,3087,8
83,794,32,77,1088,39,202,38,0,28,2,70,2,51,282933,6,28683,15,2,14,3083,1
83,844,32,78,1088,52,202,51,0,30,2,70,2,49,282979,7,28678,51,2,20,3078,5
83,894,32,80,1088,66,202,63,0,32,2,70,2,47,283001,5,28673,87,2,25,3073,9
83,944,32,81,1088,80,202,75,0,33,2,70,2,44,283002,8,28669,23,2,29,3069,2
83,993,32,83,1088,93,202,88,0,35,2,71,2,42,282986,8,28664,59,2,31,3064,6
84,043,32,85,1089,07,203,00,0,36,2,71,2,40,282956,3,28659,96,2,32,3060,0
84,093,32,87,1089,20,203,12,0,38,2,71,2,38,282914,1,28655,32,2,33,3055,3
84,143,32,88,1089,34,203,23,0,39,2,72,2,37,282862,3,28650,68,2,33,3050,7
84,193,32,90,1089,47,203,35,0,41,2,72,2,35,282800,7,28646,04,2,32,3046,0
84,243,32,92,1089,61,203,47,0,42,2,72,2,33,282727,9,28641,40,2,31,3041,4
84,293,32,95,1089,74,203,59,0,44,2,72,2,31,282641,6,28636,77,2,28,3036,8
84,343,32,97,1089,88,203,70,0,45,2,73,2,29,282539,2,28632,14,2,25,3032,1
84,393,32,99,1090,02,203,81,0,47,2,73,2,27,282417,9,28627,51,2,20,3027,5
84,443,33,02,1090,15,203,93,0,49,2,73,2,24,282275,0,28622,88,2,13,3022,9
84,493,33,04,1090,29,204,04,0,51,2,73,2,22,282107,3,28618,25,2,05,3018,3
84,543,33,07,1090,43,204,15,0,53,2,73,2,20,281912,4,28613,63,1,95,3013,6
84,593,33,09,1090,56,204,26,0,55,2,74,2,18,281688,2,28609,01,1,82,3009,0
84,643,33,12,1090,70,204,37,0,56,2,74,2,15,281433,4,28604,39,1,68,3004,4
84,693,33,15,1090,84,204,47,0,58,2,74,2,13,281149,1,28599,78,1,51,2999,8
84,743,33,18,1090,97,204,58,0,60,2,74,2,11,280840,2,28595,18,1,33,2995,2
84,793,33,21,1091,11,204,68,0,62,2,74,2,08,280519,4,28590,57,1,14,2990,6
84,843,33,24,1091,25,204,79,0,62,2,74,2,06,280215,2,28585,98,0,96,2986,0
84,893,33,27,1091,39,204,89,0,61,2,73,2,04,279964,2,28581,39,0,82,2981,4
84,943,33,30,1091,52,204,99,0,59,2,73,2,02,279789,1,28576,80,0,74,2976,8
84,993,33,33,1091,66,205,09,0,57,2,73,2,00,279719,9,28572,21,0,73,2972,2
85,043,33,36,1091,80,205,19,0,55,2,73,1,99,279774,8,28567,63,0,82,2967,6
85,093,33,39,1091,93,205,29,0,53,2,73,2,00,279938,3,28563,04,0,97,2963,0
85,143,33,41,1092,07,205,39,0,52,2,73,2,02,280145,8,28558,45,1,16,2958,4
85,193,33,44,1092,21,205,49,0,50,2,73,2,04,280352,3,28553,85,1,34,2953,9
85,243,33,46,1092,34,205,60,0,48,2,73,2,06,280539,2,28549,26,1,50,2949,3
85,293,33,49,1092,48,205,70,0,46,2,73,2,08,280698,5,28544,66,1,65,2944,7
85,343,33,51,1092,62,205,81,0,44,2,73,2,11,280828,4,28540,05,1,77,2940,1
85,393,33,53,1092,75,205,91,0,43,2,73,2,13,280929,0,28535,45,1,87,2935,4
85,443,33,55,1092,89,206,02,0,41,2,73,2,15,281002,3,28530,84,1,96,2930,8
85,493,33,57,1093,03,206,13,0,40,2,73,2,17,281050,6,28526,23,2,03,2926,2
85,543,33,59,1093,16,206,24,0,38,2,74,2,19,281076,7,28521,63,2,08,2921,6
85,593,33,61,1093,30,206,35,0,37,2,74,2,22,281083,1,28517,02,2,12,2917,0
85,643,33,63,1093,44,206,46,0,35,2,74,2,24,281072,6,28512,41,2,14,2912,4
85,693,33,64,1093,57,206,57,0,34,2,74,2,26,281045,8,28507,81,2,16,2907,8
85,743,33,66,1093,71,206,68,0,32,2,74,2,27,281003,3,28503,20,2,16,2903,2
85,792,33,68,1093,85,206,80,0,31,2,75,2,29,280945,7,28498,59,2,16,2898,6
85,842,33,69,1093,98,206,91,0,29,2,75,2,31,280872,9,28493,99,2,14,2894,0
85,892,33,71,1094,12,207,03,0,27,2,75,2,33,280785,1,28489,38,2,12,2889,4
85,942,33,72,1094,26,207,15,0,25,2,75,2,35,280682,6,28484,78,2,08,2884,8
85,992,33,73,1094,40,207,26,0,23,2,75,2,36,280564,8,28480,18,2,03,2880,2
86,042,33,74,1094,54,207,38,0,22,2,76,2,38,280430,9,28475,58,1,97,2875,6
86,092,33,75,1094,67,207,50,0,20,2,76,2,40,280281,0,28470,99,1,90,2871,0
86,142,33,76,1094,81,207,62,0,18,2,76,2,42,280116,3,28466,39,1,82,2866,4
86,192,33,77,1094,95,207,74,0,16,2,76,2,44,279940,8,28461,80,1,73,2861,8
86,242,33,78,1095,09,207,87,0,14,2,76,2,46,279761,2,28457,21,1,64,2857,2
86,292,33,78,1095,23,207,99,0,12,2,76,2,48,279589,2,28452,63,1,56,2852,6
86,342,33,79,1095,36,208,11,0,12,2,76,2,50,279442,8,28448,05,1,49,2848,0
86,392,33,80,1095,50,208,24,0,14,2,76,2,52,279327,7,28443,47,1,45,2843,5
86,442,33,80,1095,64,208,36,0,16,2,76,2,54,279230,0,28438,89,1,41,2838,9
86,492,33,81,1095,78,208,49,0,18,2,76,2,56,279137,3,28434,31,1,38,2834,3
86,542,33,82,1095,92,208,62,0,20,2,76,2,58,279041,3,28429,74,1,35,2829,7
86,592,33,83,1096,05,208,75,0,21,2,76,2,60,278939,1,28425,16,1,31,2825,2
86,642,33,84,1096,19,208,88,0,23,2,76,2,62,278832,7,28420,59,1,27,2820,6
86,692,33,85,1096,33,209,01,0,25,2,76,2,64,278729,4,28416,02,1,23,2816,0
86,742,33,87,1096,47,209,14,0,27,2,76,2,66,278643,5,28411,45,1,21,2811,5
86,792,33,88,1096,60,209,28,0,29,2,76,2,67,278595,3,28406,88,1,21,2806,9
86,842,33,90,1096,74,209,41,0,30,2,76,2,67,278605,2,28402,32,1,26,2802,3
86,892,33,91,1096,88,209,54,0,32,2,76,2,65,278664,4,28397,75,1,34,2797,7
86,942,33,93,1097,02,209,68,0,33,2,76,2,63,278746,2,28393,18,1,43,2793,2
86,992,33,94,1097,16,209,81,0,35,2,76,2,61,278831,8,28388,61,1,53,2788,6
87,042,33,96,1097,29,209,94,0,36,2,76,2,59,278910,6,28384,04,1,62,2784,0
87,092,33,98,1097,43,210,07,0,37,2,76,2,57,278976,4,28379,46,1,70,2779,5
87,142,34,00,1097,57,210,19,0,39,2,76,2,55,279026,1,28374,89,1,77,2774,9
87,192,34,02,1097,71,210,32,0,40,2,76,2,53,279057,4,28370,31,1,82,2770,3
87,242,34,04,1097,85,210,45,0,42,2,76,2,51,279069,0,28365,74,1,87,2765,7
87,292,34,06,1097,98,210,57,0,43,2,76,2,49,279060,7,28361,16,1,89,2761,2
87,342,34,08,1098,12,210,70,0,45,2,76,2,47,279032,0,28356,59,1,91,2756,6
87,392,34,11,1098,26,210,82,0,46,2,76,2,45,278983,4,28352,02,1,91,2752,0
87,442,34,13,1098,40,210,94,0,48,2,77,2,43,278915,5,28347,44,1,89,2747,4
87,492,34,15,1098,54,211,06,0,50,2,77,2,41,278829,2,28342,87,1,87,2742,9
87,542,34,18,1098,67,211,18,0,52,2,77,2,40,278725,5,28338,30,1,83,2738,3
87,592,34,21,1098,81,211,30,0,54,2,77,2,38,278607,1,28333,73,1,78,2733,7
87,641,34,23,1098,95,211,42,0,56,2,77,2,37,278477,4,28329,16,1,72,2729,2
87,691,34,26,1099,09,211,54,0,57,2,77,2,35,278341,8,28324,60,1,66,2724,6
87,741,34,29,1099,23,211,65,0,59,2,77,2,33,278208,3,28320,04,1,60,2720,0
87,791,34,32,1099,36,211,77,0,61,2,77,2,32,278087,8,28315,48,1,55,2715,5
87,841,34,35,1099,50,211,89,0,62,2,77,2,30,277995,3,28310,92,1,53,2710,9
87,891,34,38,1099,64,212,00,0,60,2,77,2,29,277941,6,28306,36,1,53,2706,4
87,941,34,41,1099,78,212,12,0,59,2,77,2,27,277912,3,28301,81,1,54,2701,8
87,991,34,44,1099,92,212,23,0,57,2,77,2,25,277891,6,28297,25,1,56,2697,3
88,041,34,47,1100,05,212,34,0,55,2,77,2,24,277867,5,28292,70,1,58,2692,7
88,091,34,50,1100,19,212,45,0,53,2,77,2,22,277831,8,28288,14,1,59,2688,1
88,141,34,52,1100,33,212,56,0,51,2,77,2,20,277779,3,28283,59,1,59,2683,6
88,191,34,55,1100,47,212,67,0,49,2,77,2,18,277706,6,28279,03,1,57,2679,0
88,241,34,57,1100,61,212,78,0,48,2,77,2,16,277613,3,28274,48,1,54,2674,5
88,291,34,59,1100,75,212,89,0,46,2,77,2,14,277499,8,28269,93,1,49,2669,9
88,341,34,62,1100,89,212,99,0,44,2,77,2,12,277369,0,28265,38,1,43,2665,4
88,391,34,64,1101,03,213,10,0,43,2,77,2,10,277227,0,28260,84,1,36,2660,8
88,441,34,66,1101,17,213,20,0,41,2,77,2,08,277083,2,28256,29,1,30,2656,3
88,491,34,68,1101,30,213,31,0,40,2,77,2,07,276952,3,28251,75,1,24,2651,8
88,541,34,70,1101,44,213,41,0,39,2,77,2,05,276855,1,28247,21,1,21,2647,2
88,591,34,72,1101,58,213,51,0,38,2,77,2,06,276814,3,28242,67,1,22,2642,7
88,641,34,74,1101,72,213,62,0,36,2,77,2,08,276823,6,28238,13,1,26,2638,1
88,691,34,76,1101,86,213,72,0,35,2,77,2,10,276858,9,28233,60,1,32,2633,6
88,741,34,77,1101,99,213,83,0,34,2,77,2,11,276901,9,28229,06,1,39,2629,1
88,791,34,79,1102,13,213,93,0,32,2,77,2,13,276939,8,28224,52,1,45,2624,5
88,841,34,81,1102,27,214,04,0,31,2,77,2,15,276965,1,28219,98,1,50,2620,0
88,891,34,82,1102,41,214,15,0,29,2,77,2,17,276972,7,28215,44,1,54,2615,4
88,941,34,83,1102,55,214,26,0,28,2,77,2,19,276960,5,28210,89,1,57,2610,9
88,991,34,85,1102,68,214,37,0,26,2,77,2,21,276927,5,28206,35,1,58,2606,4
89,041,34,86,1102,82,214,48,0,25,2,77,2,22,276874,0,28201,81,1,57,2601,8
89,091,34,87,1102,96,214,59,0,23,2,77,2,24,276801,8,28197,28,1,55,2597,3
89,141,34,88,1103,10,214,70,0,21,2,77,2,26,276713,7,28192,74,1,53,2592,7
89,191,34,89,1103,23,214,82,0,19,2,77,2,27,276614,8,28188,20,1,49,2588,2
89,241,34,90,1103,37,214,93,0,18,2,77,2,29,276512,7,28183,67,1,45,2583,7
89,291,34,91,1103,51,215,04,0,16,2,77,2,30,276418,3,28179,14,1,42,2579,1
89,341,34,92,1103,65,215,16,0,14,2,77,2,32,276346,2,28174,61,1,41,2574,6
89,391,34,93,1103,79,215,28,0,16,2,77,2,33,276311,9,28170,08,1,42,2570,1
89,440,34,94,1103,92,215,39,0,17,2,77,2,35,276307,4,28165,55,1,45,2565,5
89,490,34,94,1104,06,215,51,0,19,2,77,2,36,276317,7,28161,02,1,50,2561,0
89,540,34,95,1104,20,215,63,0,21,2,77,2,37,276330,3,28156,49,1,54,2556,5
89,590,34,97,1104,34,215,75,0,23,2,77,2,39,276337,1,28151,96,1,58,2552,0
89,640,34,98,1104,48,215,87,0,24,2,77,2,40,276332,6,28147,42,1,61,2547,4
89,690,34,99,1104,61,215,99,0,26,2,77,2,42,276313,3,28142,89,1,63,2542,9
89,740,35,00,1104,75,216,11,0,28,2,77,2,43,276277,5,28138,37,1,64,2538,4
89,790,35,02,1104,89,216,23,0,29,2,77,2,45,276223,5,28133,84,1,63,2533,8
89,840,35,03,1105,03,216,35,0,31,2,77,2,47,276151,1,28129,31,1,62,2529,3
89,890,35,05,1105,17,216,48,0,32,2,77,2,48,276059,9,28124,78,1,58,2524,8
89,940,35,06,1105,30,216,60,0,34,2,77,2,50,275950,2,28120,26,1,54,2520,3
89,990,35,08,1105,44,216,73,0,35,2,77,2,52,275822,8,28115,73,1,48,2515,7
90,040,35,10,1105,58,216,85,0,36,2,77,2,54,275679,2,28111,21,1,41,2511,2
90,090,35,12,1105,72,216,98,0,37,2,77,2,55,275522,8,28106,70,1,34,2506,7
90,140,35,14,1105,86,217,11,0,38,2,76,2,57,275358,0,28102,18,1,25,2502,2
90,190,35,16,1105,99,217,24,0,40,2,76,2,59,275192,4,28097,67,1,17,2497,7
90,240,35,18,1106,13,217,37,0,41,2,76,2,61,275038,7,28093,16,1,09,2493,2
90,290,35,20,1106,27,217,50,0,42,2,76,2,62,274916,7,28088,65,1,04,2488,7
90,340,35,22,1106,41,217,63,0,44,2,76,2,61,274847,3,28084,14,1,03,2484,1
90,390,35,24,1106,55,217,76,0,45,2,76,2,59,274818,8,28079,64,1,05,2479,6
90,440,35,26,1106,68,217,89,0,46,2,76,2,57,274810,6,28075,13,1,08,2475,1
90,490,35,29,1106,82,218,02,0,48,2,76,2,55,274807,5,28070,63,1,11,2470,6
90,540,35,31,1106,96,218,14,0,49,2,76,2,54,274799,5,28066,13,1,14,2466,1
90,590,35,34,1107,10,218,27,0,51,2,75,2,52,274781,6,28061,62,1,16,2461,6
90,640,35,36,1107,24,218,40,0,52,2,75,2,50,274753,0,28057,12,1,17,2457,1
90,690,35,39,1107,37,218,52,0,54,2,75,2,49,274716,8,28052,61,1,18,2452,6
90,740,35,42,1107,51,218,65,0,56,2,75,2,47,274679,9,28048,11,1,19,2448,1
90,790,35,44,1107,65,218,77,0,57,2,75,2,45,274652,1,28043,61,1,21,2443,6
90,840,35,47,1107,79,218,89,0,57,2,75,2,44,274647,7,28039,10,1,24,2439,1
90,890,35,50,1107,92,219,01,0,56,2,75,2,42,274668,7,28034,60,1,29,2434,6
90,940,35,53,1108,06,219,13,0,54,2,75,2,41,274701,1,28030,10,1,35,2430,1
90,990,35,56,1108,20,219,25,0,53,2,75,2,39,274733,7,28025,59,1,41,2425,6
91,040,35,58,1108,34,219,37,0,51,2,75,2,38,274759,6,28021,09,1,46,2421,1
91,090,35,61,1108,47,219,49,0,49,2,75,2,37,274775,7,28016,58,1,51,2416,6
91,140,35,63,1108,61,219,61,0,48,2,75,2,35,274780,3,28012,08,1,54,2412,1
91,190,35,65,1108,75,219,73,0,46,2,75,2,34,274773,0,28007,58,1,57,2407,6
91,239,35,68,1108,88,219,84,0,45,2,75,2,33,274753,9,28003,07,1,59,2403,1
91,289,35,70,1109,02,219,96,0,44,2,75,2,32,274722,7,27998,57,1,61,2398,6
91,339,35,72,1109,16,220,07,0,42,2,75,2,30,274679,3,27994,06,1,61,2394,1
91,389,35,74,1109,29,220,19,0,41,2,75,2,29,274623,3,27989,56,1,60,2389,6
91,439,35,76,1109,43,220,30,0,40,2,75,2,27,274555,0,27985,06,1,59,2385,1
91,489,35,78,1109,57,220,42,0,39,2,74,2,26,274473,7,27980,56,1,56,2380,6
91,539,35,80,1109,70,220,53,0,38,2,74,2,24,274378,8,27976,06,1,53,2376,1
91,589,35,82,1109,84,220,64,0,36,2,74,2,23,274269,0,27971,56,1,49,2371,6
91,639,35,84,1109,98,220,75,0,35,2,74,2,21,274142,3,27967,07,1,43,2367,1
91,689,35,85,1110,11,220,86,0,34,2,74,2,19,273996,7,27962,57,1,36,2362,6
91,739,35,87,1110,25,220,97,0,33,2,74,2,18,273830,3,27958,08,1,27,2358,1
91,789,35,89,1110,39,221,08,0,31,2,74,2,16,273641,7,27953,60,1,17,2353,6
91,839,35,90,1110,52,221,19,0,30,2,74,2,14,273430,8,27949,11,1,05,2349,1
91,889,35,92,1110,66,221,29,0,29,2,74,2,13,273199,6,27944,63,0,91,2344,6
91,939,35,93,1110,80,221,40,0,27,2,74,2,11,272953,9,27940,15,0,77,2340,2
91,989,35,94,1110,93,221,50,0,26,2,73,2,10,272711,1,27935,68,0,63,2335,7
92,039,35,96,1111,07,221,61,0,24,2,73,2,09,272515,0,27931,21,0,52,2331,2
92,089,35,97,1111,21,221,71,0,23,2,73,2,11,272416,3,27926,75,0,49,2326,7
92,139,35,98,1111,34,221,82,0,22,2,73,2,12,272417,6,27922,28,0,53,2322,3
92,189,35,99,1111,48,221,93,0,21,2,72,2,14,272492,0,27917,81,0,63,2317,8
92,239,36,00,1111,62,222,03,0,20,2,72,2,15,272613,3,27913,35,0,75,2313,3
92,289,36,01,1111,75,222,14,0,22,2,72,2,17,272755,0,27908,88,0,89,2308,9
92,339,36,02,1111,89,222,25,0,23,2,72,2,19,272889,8,27904,40,1,02,2304,4
92,389,36,03,1112,02,222,36,0,25,2,71,2,20,273005,5,27899,93,1,14,2299,9
92,439,36,05,1112,16,222,47,0,26,2,71,2,22,273098,7,27895,45,1,24,2295,5
92,489,36,06,1112,29,222,58,0,27,2,71,2,23,273168,3,27890,97,1,32,2291,0
92,539,36,07,1112,43,222,69,0,29,2,71,2,25,273216,2,27886,49,1,39,2286,5
92,589,36,09,1112,57,222,81,0,30,2,71,2,27,273243,8,27882,02,1,44,2282,0
92,639,36,10,1112,70,222,92,0,31,2,71,2,28,273253,8,27877,54,1,49,2277,5
92,689,36,12,1112,84,223,04,0,32,2,71,2,29,273248,1,27873,05,1,52,2273,1
92,739,36,14,1112,97,223,15,0,34,2,71,2,31,273229,5,27868,57,1,54,2268,6
92,789,36,15,1113,11,223,27,0,35,2,71,2,32,273199,8,27864,09,1,55,2264,1
92,839,36,17,1113,24,223,38,0,36,2,71,2,33,273161,0,27859,62,1,55,2259,6
92,889,36,19,1113,38,223,50,0,37,2,71,2,35,273114,5,27855,14,1,56,2255,1
92,939,36,21,1113,51,223,62,0,38,2,71,2,36,273061,3,27850,66,1,55,2250,7
92,989,36,23,1113,65,223,74,0,39,2,71,2,37,272999,9,27846,19,1,54,2246,2
93,039,36,25,1113,79,223,85,0,40,2,71,2,39,272929,3,27841,71,1,52,2241,7
93,088,36,27,1113,92,223,97,0,41,2,71,2,40,272847,3,27837,24,1,50,2237,2
93,138,36,29,1114,06,224,09,0,42,2,71,2,42,272752,0,27832,76,1,46,2232,8
93,188,36,31,1114,19,224,22,0,43,2,71,2,43,272641,7,27828,29,1,42,2228,3
93,238,36,33,1114,33,224,34,0,45,2,71,2,44,272514,1,27823,83,1,36,2223,8
93,288,36,35,1114,46,224,46,0,46,2,70,2,46,272367,5,27819,36,1,28,2219,4
93,338,36,38,1114,60,224,58,0,47,2,70,2,48,272200,7,27814,89,1,20,2214,9
93,388,36,40,1114,73,224,71,0,49,2,70,2,49,272013,3,27810,43,1,09,2210,4
93,438,36,43,1114,87,224,83,0,50,2,70,2,51,271807,0,27805,98,0,98,2206,0
93,488,36,45,1115,00,224,96,0,52,2,70,2,52,271588,0,27801,52,0,85,2201,5
93,538,36,48,1115,14,225,09,0,53,2,69,2,54,271371,7,27797,07,0,73,2197,1
93,588,36,50,1115,27,225,21,0,51,2,69,2,56,271181,4,27792,63,0,62,2192,6
93,638,36,53,1115,41,225,34,0,50,2,69,2,57,271029,4,27788,18,0,55,2188,2
93,688,36,55,1115,54,225,47,0,49,2,69,2,59,270933,0,27783,74,0,52,2183,7
93,738,36,58,1115,68,225,60,0,48,2,68,2,60,270915,1,27779,30,0,54,2179,3
93,788,36,60,1115,81,225,73,0,46,2,68,2,60,270984,3,27774,86,0,64,2174,9
93,838,36,62,1115,94,225,86,0,45,2,68,2,59,271105,3,27770,41,0,76,2170,4
93,888,36,65,1116,08,225,99,0,44,2,68,2,57,271235,3,27765,97,0,89,2166,0
93,938,36,67,1116,21,226,12,0,43,2,67,2,55,271354,1,27761,52,1,01,2161,5
93,988,36,69,1116,35,226,24,0,41,2,67,2,54,271454,5,27757,07,1,12,2157,1
94,038,36,71,1116,48,226,37,0,40,2,67,2,52,271533,9,27752,62,1,21,2152,6
94,088,36,73,1116,61,226,50,0,39,2,67,2,51,271592,5,27748,17,1,28,2148,2
94,138,36,75,1116,75,226,62,0,38,2,67,2,49,271631,7,27743,71,1,35,2143,7
94,188,36,77,1116,88,226,74,0,37,2,67,2,47,271652,9,27739,26,1,40,2139,3
94,238,36,78,1117,01,226,87,0,36,2,67,2,46,271658,2,27734,81,1,43,2134,8
94,288,36,80,1117,14,226,99,0,35,2,67,2,44,271649,5,27730,35,1,46,2130,4
94,338,36,82,1117,28,227,11,0,34,2,66,2,43,271627,5,27725,90,1,48,2125,9
94,388,36,84,1117,41,227,23,0,32,2,66,2,42,271592,9,27721,45,1,49,2121,4
94,438,36,85,1117,54,227,35,0,31,2,66,2,40,271546,1,27717,00,1,49,2117,0
94,488,36,87,1117,68,227,47,0,30,2,66,2,39,271487,6,27712,54,1,48,2112,5
94,538,36,88,1117,81,227,59,0,29,2,66,2,38,271417,5,27708,09,1,46,2108,1
94,588,36,90,1117,94,227,71,0,27,2,66,2,37,271336,8,27703,64,1,44,2103,6
94,638,36,91,1118,08,227,83,0,26,2,66,2,35,271245,7,27699,20,1,40,2099,2
94,688,36,92,1118,21,227,95,0,25,2,66,2,34,271145,0,27694,75,1,37,2094,8
94,738,36,93,1118,34,228,06,0,23,2,66,2,33,271035,8,27690,31,1,32,2090,3
94,788,36,94,1118,47,228,18,0,22,2,66,2,32,270921,0,27685,87,1,27,2085,9
94,838,36,96,1118,61,228,30,0,20,2,65,2,30,270805,3,27681,42,1,22,2081,4
94,887,36,96,1118,74,228,41,0,19,2,65,2,29,270697,4,27676,99,1,18,2077,0
94,937,36,97,1118,87,228,53,0,18,2,65,2,28,270609,4,27672,55,1,15,2072,5
94,987,36,98,1119,01,228,64,0,20,2,65,2,26,270544,0,27668,11,1,14,2068,1
95,037,36,99,1119,14,228,75,0,21,2,65,2,25,270488,8,27663,68,1,13,2063,7
95,087,37,00,1119,27,228,86,0,23,2,65,2,23,270433,2,27659,24,1,13,2059,2
95,137,37,02,1119,40,228,97,0,24,2,64,2,22,270369,9,27654,81,1,11,2054,8
95,187,37,03,1119,54,229,09,0,25,2,64,2,20,270295,1,27650,38,1,09,2050,4
95,237,37,04,1119,67,229,19,0,27,2,64,2,18,270207,4,27645,95,1,06,2045,9
95,287,37,06,1119,80,229,30,0,28,2,64,2,17,270108,4,27641,52,1,02,2041,5
95,337,37,07,1119,93,229,41,0,29,2,64,2,15,270003,5,27637,09,0,98,2037,1
95,387,37,08,1120,06,229,52,0,30,2,63,2,14,269901,5,27632,67,0,94,2032,7
95,437,37,10,1120,19,229,63,0,31,2,63,2,12,269816,9,27628,24,0,91,2028,2
95,487,37,12,1120,33,229,73,0,33,2,63,2,11,269769,6,27623,82,0,92,2023,8
95,537,37,13,1120,46,229,84,0,34,2,63,2,12,269773,4,27619,40,0,96,2019,4
95,587,37,15,1120,59,229,94,0,35,2,63,2,14,269810,5,27614,97,1,02,2015,0
95,637,37,17,1120,72,230,05,0,36,2,62,2,15,269860,8,27610,55,1,09,2010,6
95,687,37,19,1120,85,230,16,0,37,2,62,2,17,269911,2,27606,13,1,16,2006,1
95,737,37,20,1120,98,230,27,0,38,2,62,2,18,269953,5,27601,70,1,23,2001,7
95,787,37,22,1121,11,230,38,0,39,2,62,2,20,269983,0,27597,28,1,28,1997,3
95,837,37,24,1121,24,230,49,0,40,2,62,2,22,269997,0,27592,85,1,33,1992,8
95,887,37,26,1121,37,230,60,0,41,2,62,2,23,269994,0,27588,42,1,36,1988,4
95,937,37,28,1121,51,230,71,0,43,2,61,2,25,269974,0,27584,00,1,37,1984,0
95,987,37,31,1121,64,230,82,0,44,2,61,2,26,269937,1,27579,57,1,38,1979,6
96,037,37,33,1121,77,230,94,0,45,2,61,2,27,269884,2,27575,15,1,38,1975,1
96,087,37,35,1121,90,231,05,0,47,2,61,2,29,269816,7,27570,72,1,36,1970,7
96,137,37,38,1122,03,231,16,0,48,2,61,2,30,269736,6,27566,30,1,33,1966,3
96,187,37,40,1122,16,231,28,0,50,2,61,2,31,269647,6,27561,88,1,30,1961,9
96,237,37,43,1122,29,231,40,0,51,2,61,2,32,269554,6,27557,46,1,27,1957,5
96,287,37,45,1122,42,231,51,0,53,2,61,2,34,269465,3,27553,04,1,24,1953,0
96,337,37,48,1122,55,231,63,0,54,2,60,2,35,269390,6,27548,62,1,22,1948,6
96,387,37,51,1122,68,231,75,0,55,2,60,2,36,269344,1,27544,21,1,22,1944,2
96,437,37,53,1122,81,231,87,0,53,2,60,2,37,269326,8,27539,79,1,25,1939,8
96,487,37,56,1122,94,231,98,0,52,2,60,2,38,269323,8,27535,38,1,28,1935,4
96,537,37,58,1123,07,232,10,0,50,2,60,2,40,269323,7,27530,96,1,31,1931,0
96,587,37,61,1123,20,232,22,0,49,2,60,2,41,269318,0,27526,54,1,34,1926,5
96,637,37,63,1123,33,232,35,0,47,2,59,2,43,269301,8,27522,13,1,36,1922,1
96,687,37,66,1123,46,232,47,0,46,2,59,2,44,269271,7,27517,71,1,37,1917,7
96,736,37,68,1123,59,232,59,0,44,2,59,2,45,269225,7,27513,30,1,37,1913,3
96,786,37,70,1123,72,232,71,0,43,2,59,2,47,269162,9,27508,89,1,36,1908,9
96,836,37,72,1123,85,232,84,0,42,2,59,2,49,269082,9,27504,48,1,34,1904,5
96,886,37,74,1123,98,232,96,0,41,2,59,2,50,268986,4,27500,07,1,30,1900,1
96,936,37,76,1124,11,233,09,0,40,2,59,2,52,268874,3,27495,66,1,25,1895,7
96,986,37,78,1124,23,233,21,0,38,2,58,2,53,268748,9,27491,25,1,19,1891,3
97,036,37,80,1124,36,233,34,0,37,2,58,2,55,268614,5,27486,85,1,12,1886,8
97,086,37,82,1124,49,233,47,0,36,2,58,2,57,268478,1,27482,44,1,06,1882,4
97,136,37,84,1124,62,233,60,0,35,2,58,2,58,268350,4,27478,04,1,00,1878,0
97,186,37,85,1124,75,233,73,0,34,2,58,2,60,268247,0,27473,64,0,96,1873,6
97,236,37,87,1124,88,233,86,0,33,2,57,2,60,268187,6,27469,25,0,95,1869,2
97,286,37,89,1125,01,233,99,0,32,2,57,2,58,268172,3,27464,85,0,98,1864,9
97,336,37,90,1125,14,234,11,0,31,2,57,2,57,268180,4,27460,45,1,02,1860,5
97,386,37,92,1125,26,234,24,0,30,2,57,2,55,268195,2,27456,06,1,07,1856,1
97,436,37,93,1125,39,234,37,0,28,2,56,2,54,268205,1,27451,66,1,11,1851,7
97,486,37,95,1125,52,234,50,0,27,2,56,2,52,268204,1,27447,26,1,14,1847,3
97,536,37,96,1125,65,234,62,0,25,2,56,2,50,268188,6,27442,87,1,16,1842,9
97,586,37,97,1125,78,234,75,0,24,2,56,2,49,268158,7,27438,47,1,17,1838,5
97,636,37,98,1125,91,234,87,0,23,2,56,2,47,268115,9,27434,07,1,17,1834,1
97,686,38,00,1126,03,234,99,0,21,2,55,2,46,268064,4,27429,68,1,17,1829,7
97,736,38,01,1126,16,235,12,0,19,2,55,2,45,268011,4,27425,28,1,16,1825,3
97,786,38,01,1126,29,235,24,0,18,2,55,2,43,267967,1,27420,89,1,17,1820,9
97,836,38,02,1126,42,235,36,0,17,2,55,2,42,267944,3,27416,50,1,19,1816,5
97,886,38,03,1126,54,235,48,0,19,2,55,2,41,267948,6,27412,10,1,23,1812,1
97,936,38,04,1126,67,235,60,0,20,2,54,2,39,267967,3,27407,71,1,27,1807,7
97,986,38,05,1126,80,235,72,0,22,2,54,2,38,267989,1,27403,32,1,33,1803,3
98,036,38,06,1126,92,235,84,0,23,2,54,2,37,268007,2,27398,92,1,37,1798,9
98,086,38,08,1127,05,235,96,0,25,2,54,2,35,268017,5,27394,53,1,41,1794,5
98,136,38,09,1127,18,236,07,0,26,2,54,2,34,268017,8,27390,14,1,45,1790,1
98,186,38,10,1127,30,236,19,0,27,2,54,2,33,268006,3,27385,74,1,47,1785,7
98,236,38,12,1127,43,236,31,0,29,2,53,2,32,267982,3,27381,35,1,49,1781,3
98,286,38,13,1127,56,236,42,0,30,2,53,2,30,267945,3,27376,96,1,49,1777,0
98,336,38,15,1127,69,236,54,0,31,2,53,2,29,267895,2,27372,56,1,49,1772,6
98,386,38,16,1127,81,236,65,0,32,2,53,2,27,267831,8,27368,17,1,48,1768,2
98,436,38,18,1127,94,236,76,0,33,2,53,2,26,267755,0,27363,78,1,45,1763,8
98,486,38,20,1128,07,236,88,0,35,2,53,2,24,267664,2,27359,39,1,42,1759,4
98,535,38,21,1128,19,236,99,0,36,2,53,2,23,267559,7,27355,01,1,38,1755,0
98,585,38,23,1128,32,237,10,0,37,2,53,2,21,267440,5,27350,62,1,32,1750,6
98,635,38,25,1128,44,237,21,0,38,2,52,2,20,267305,7,27346,24,1,26,1746,2
98,685,38,27,1128,57,237,32,0,39,2,52,2,18,267154,6,27341,86,1,18,1741,9
98,735,38,29,1128,70,237,43,0,40,2,52,2,16,266987,9,27337,48,1,09,1737,5
98,785,38,31,1128,82,237,53,0,41,2,52,2,15,266808,5,27333,10,0,99,1733,1
98,835,38,33,1128,95,237,64,0,42,2,51,2,13,266622,7,27328,73,0,88,1728,7
98,885,38,35,1129,07,237,75,0,44,2,51,2,12,266445,2,27324,36,0,79,1724,4
98,935,38,37,1129,20,237,85,0,45,2,51,2,11,266302,0,27319,99,0,72,1720,0
98,985,38,40,1129,32,237,96,0,46,2,51,2,12,266217,9,27315,63,0,69,1715,6
99,035,38,42,1129,45,238,07,0,48,2,50,2,14,266182,5,27311,27,0,70,1711,3
99,085,38,44,1129,57,238,17,0,49,2,50,2,15,266179,4,27306,90,0,74,1706,9
99,135,38,47,1129,70,238,28,0,50,2,50,2,17,266198,0,27302,54,0,78,1702,5
99,185,38,49,1129,82,238,39,0,52,2,49,2,18,266233,7,27298,17,0,85,1698,2
99,235,38,52,1129,95,238,50,0,53,2,49,2,20,266287,9,27293,81,0,92,1693,8
99,285,38,55,1130,07,238,61,0,52,2,49,2,21,266364,4,27289,44,1,01,1689,4
99,335,38,57,1130,20,238,72,0,51,2,48,2,23,266448,8,27285,07,1,11,1685,1
99,385,38,60,1130,32,238,83,0,50,2,48,2,25,266526,8,27280,71,1,20,1680,7
99,435,38,62,1130,45,238,94,0,48,2,48,2,26,266591,4,27276,34,1,28,1676,3
99,485,38,64,1130,57,239,06,0,47,2,48,2,28,266639,5,27271,96,1,35,1672,0
99,535,38,67,1130,69,239,17,0,45,2,48,2,29,266671,2,27267,59,1,41,1667,6
99,585,38,69,1130,82,239,29,0,44,2,47,2,30,266686,7,27263,22,1,45,1663,2
99,635,38,71,1130,94,239,40,0,43,2,47,2,32,266687,6,27258,85,1,48,1658,8
99,685,38,73,1131,06,239,52,0,42,2,47,2,33,266675,4,27254,47,1,51,1654,5
99,735,38,75,1131,19,239,64,0,40,2,47,2,34,266652,2,27250,10,1,53,1650,1
99,785,38,77,1131,31,239,75,0,39,2,47,2,36,266619,1,27245,73,1,53,1645,7
99,835,38,79,1131,43,239,87,0,38,2,47,2,37,266577,8,27241,36,1,54,1641,4
99,885,38,81,1131,56,239,99,0,37,2,47,2,38,266528,3,27236,99,1,53,1637,0
99,935,38,83,1131,68,240,11,0,36,2,47,2,40,266470,9,27232,62,1,53,1632,6
99,985,38,85,1131,80,240,23,0,35,2,46,2,41,266404,3,27228,26,1,51,1628,3
100,035,38,87,1131,93,240,35,0,34,2,46,2,43,266326,6,27223,89,1,49,1623,9
100,085,38,88,1132,05,240,47,0,33,2,46,2,44,266236,1,27219,52,1,45,1619,5
100,135,38,90,1132,17,240,60,0,32,2,46,2,46,266130,3,27215,16,1,41,1615,2
100,185,38,91,1132,30,240,72,0,31,2,46,2,47,266007,1,27210,80,1,35,1610,8
100,235,38,93,1132,42,240,84,0,30,2,46,2,49,265863,8,27206,44,1,27,1606,4
100,285,38,94,1132,54,240,97,0,28,2,45,2,50,265697,7,27202,08,1,18,1602,1
100,335,38,96,1132,67,241,09,0,27,2,45,2,52,265506,7,27197,73,1,07,1597,7
100,385,38,97,1132,79,241,22,0,26,2,45,2,54,265288,1,27193,38,0,94,1593,4
100,434,38,98,1132,91,241,35,0,24,2,45,2,55,265039,9,27189,03,0,79,1589,0
100,484,39,00,1133,03,241,47,0,23,2,44,2,57,264762,0,27184,69,0,61,1584,7
100,534,39,01,1133,15,241,60,0,22,2,44,2,58,264455,1,27180,35,0,41,1580,3
100,584,39,02,1133,28,241,73,0,21,2,43,2,60,264136,5,27176,02,0,20,1576,0
100,634,39,03,1133,40,241,86,0,22,2,43,2,61,263988,7,27171,69,0,15,1571,7
100,684,39,04,1133,52,241,99,0,23,2,42,2,60,264184,6,27167,36,0,34,1567,4
100,734,39,05,1133,64,242,12,0,24,2,42,2,58,264405,0,27163,02,0,54,1563,0
100,784,39,06,1133,76,242,25,0,26,2,42,2,57,264598,8,27158,69,0,72,1558,7
100,834,39,08,1133,88,242,38,0,27,2,41,2,55,264762,0,27154,35,0,88,1554,3
100,884,39,09,1134,00,242,51,0,28,2,41,2,54,264894,4,27150,01,1,01,1550,0
100,934,39,10,1134,12,242,63,0,29,2,41,2,52,264998,3,27145,66,1,12,1545,7
100,984,39,12,1134,24,242,76,0,31,2,41,2,51,265075,8,27141,32,1,21,1541,3
101,034,39,14,1134,36,242,88,0,32,2,40,2,49,265129,9,27136,97,1,28,1537,0
101,084,39,15,1134,48,243,01,0,33,2,40,2,47,265163,2,27132,63,1,34,1532,6
101,134,39,17,1134,60,243,13,0,34,2,40,2,46,265178,3,27128,28,1,38,1528,3
101,184,39,19,1134,72,243,25,0,35,2,40,2,44,265178,0,27123,93,1,41,1523,9
101,234,39,20,1134,84,243,37,0,36,2,40,2,43,265164,5,27119,58,1,44,1519,6
101,284,39,22,1134,96,243,50,0,37,2,39,2,42,265139,8,27115,24,1,45,1515,2
101,334,39,24,1135,08,243,62,0,38,2,39,2,40,265105,7,27110,89,1,46,1510,9
101,384,39,26,1135,20,243,74,0,39,2,39,2,39,265062,3,27106,54,1,46,1506,5
101,434,39,28,1135,32,243,86,0,40,2,39,2,38,265010,0,27102,20,1,45,1502,2
101,484,39,30,1135,44,243,97,0,41,2,39,2,37,264949,0,27097,86,1,44,1497,9
101,534,39,32,1135,56,244,09,0,42,2,39,2,35,264878,8,27093,51,1,42,1493,5
101,584,39,34,1135,68,244,21,0,43,2,39,2,34,264798,3,27089,17,1,40,1489,2
101,634,39,36,1135,80,244,33,0,45,2,38,2,33,264706,2,27084,83,1,36,1484,8
101,684,39,39,1135,92,244,44,0,46,2,38,2,32,264601,7,27080,49,1,32,1480,5
101,734,39,41,1136,04,244,56,0,47,2,38,2,30,264484,7,27076,15,1,26,1476,2
101,784,39,43,1136,16,244,67,0,49,2,38,2,29,264355,4,27071,82,1,20,1471,8
101,834,39,46,1136,28,244,79,0,50,2,37,2,28,264216,2,27067,49,1,13,1467,5
101,884,39,48,1136,39,244,90,0,51,2,37,2,26,264072,3,27063,16,1,05,1463,2
101,934,39,51,1136,51,245,01,0,53,2,37,2,25,263933,0,27058,83,0,98,1458,8
101,984,39,53,1136,63,245,13,0,52,2,37,2,23,263811,6,27054,50,0,93,1454,5
102,034,39,56,1136,75,245,24,0,50,2,36,2,22,263706,5,27050,18,0,88,1450,2
102,084,39,58,1136,87,245,35,0,49,2,36,2,20,263608,7,27045,86,0,84,1445,9
102,134,39,61,1136,99,245,46,0,48,2,36,2,19,263513,4,27041,54,0,81,1441,5
102,184,39,63,1137,10,245,57,0,46,2,35,2,17,263420,0,27037,22,0,77,1437,2
102,234,39,66,1137,22,245,67,0,45,2,35,2,16,263332,9,27032,90,0,74,1432,9
102,283,39,68,1137,34,245,78,0,44,2,35,2,15,263263,3,27028,58,0,72,1428,6
102,333,39,70,1137,45,245,89,0,43,2,34,2,13,263227,0,27024,27,0,73,1424,3
102,383,39,72,1137,57,246,00,0,42,2,34,2,14,263239,7,27019,95,0,78,1420,0
102,433,39,74,1137,69,246,10,0,40,2,34,2,15,263287,0,27015,64,0,85,1415,6
102,483,39,76,1137,81,246,21,0,39,2,33,2,17,263346,5,27011,32,0,93,1411,3
102,533,39,78,1137,92,246,32,0,39,2,33,2,18,263404,2,27007,00,1,00,1407,0
102,583,39,80,1138,04,246,43,0,38,2,33,2,20,263453,1,27002,68,1,07,1402,7
102,633,39,82,1138,15,246,54,0,37,2,32,2,21,263489,8,26998,36,1,13,1398,4
102,683,39,84,1138,27,246,65,0,36,2,32,2,23,263513,7,26994,04,1,18,1394,0
102,733,39,85,1138,39,246,76,0,35,2,32,2,24,263524,2,26989,72,1,22,1389,7
102,783,39,87,1138,50,246,87,0,34,2,32,2,26,263521,1,26985,40,1,25,1385,4
102,833,39,89,1138,62,246,99,0,33,2,31,2,27,263504,3,26981,08,1,27,1381,1
102,883,39,90,1138,73,247,10,0,32,2,31,2,28,263474,3,26976,76,1,28,1376,8
102,933,39,92,1138,85,247,22,0,31,2,31,2,29,263431,6,26972,44,1,28,1372,4
102,983,39,93,1138,97,247,33,0,30,2,31,2,31,263376,0,26968,13,1,28,1368,1
103,033,39,95,1139,08,247,45,0,28,2,31,2,32,263308,6,26963,81,1,26,1363,8
103,083,39,96,1139,20,247,56,0,27,2,30,2,33,263230,5,26959,49,1,23,1359,5
103,133,39,98,1139,31,247,68,0,26,2,30,2,34,263142,8,26955,18,1,20,1355,2
103,183,39,99,1139,43,247,80,0,24,2,30,2,35,263048,6,26950,87,1,16,1350,9
103,233,40,00,1139,54,247,92,0,23,2,30,2,36,262951,7,26946,55,1,12,1346,6
103,283,40,01,1139,66,248,03,0,22,2,29,2,37,262858,0,26942,24,1,09,1342,2
103,333,40,02,1139,77,248,15,0,20,2,29,2,38,262776,2,26937,93,1,06,1337,9
103,383,40,03,1139,89,248,27,0,21,2,29,2,40,262717,7,26933,63,1,05,1333,6
103,433,40,04,1140,00,248,39,0,22,2,29,2,41,262680,1,26929,32,1,06,1329,3
103,483,40,05,1140,11,248,51,0,24,2,28,2,42,262651,3,26925,01,1,07,1325,0
103,533,40,07,1140,23,248,63,0,25,2,28,2,43,262622,4,26920,71,1,08,1320,7
103,583,40,08,1140,34,248,76,0,26,2,28,2,44,262586,6,26916,40,1,09,1316,4
103,633,40,09,1140,46,248,88,0,28,2,27,2,45,262540,0,26912,10,1,08,1312,1
103,683,40,11,1140,57,249,00,0,29,2,27,2,47,262480,2,26907,79,1,07,1307,8
103,733,40,12,1140,68,249,13,0,30,2,27,2,48,262406,2,26903,49,1,05,1303,5
103,783,40,14,1140,80,249,25,0,31,2,27,2,49,262317,8,26899,19,1,01,1299,2
103,833,40,15,1140,91,249,37,0,32,2,26,2,51,262216,3,26894,89,0,97,1294,9
103,883,40,17,1141,02,249,50,0,33,2,26,2,52,262105,0,26890,59,0,92,1290,6
103,933,40,19,1141,14,249,63,0,34,2,26,2,54,261989,6,26886,30,0,86,1286,3
103,983,40,20,1141,25,249,75,0,35,2,25,2,55,261879,6,26882,00,0,81,1282,0
104,033,40,22,1141,36,249,88,0,36,2,25,2,56,261790,0,26877,71,0,78,1277,7
104,082,40,24,1141,47,250,01,0,37,2,25,2,56,261739,8,26873,42,0,78,1273,4
104,132,40,26,1141,58,250,14,0,37,2,24,2,55,261731,8,26869,13,0,81,1269,1
104,182,40,28,1141,70,250,26,0,38,2,24,2,54,261746,7,26864,84,0,86,1264,8
104,232,40,30,1141,81,250,39,0,39,2,24,2,52,261768,5,26860,55,0,91,1260,5
104,282,40,32,1141,92,250,52,0,40,2,23,2,51,261786,8,26856,26,0,95,1256,3
104,332,40,34,1142,03,250,64,0,41,2,23,2,49,261796,2,26851,96,0,99,1252,0
104,382,40,36,1142,14,250,77,0,42,2,23,2,48,261792,8,26847,67,1,02,1247,7
104,432,40,38,1142,25,250,89,0,43,2,22,2,47,261775,6,26843,38,1,04,1243,4
104,482,40,40,1142,37,251,01,0,44,2,22,2,45,261744,2,26839,09,1,05,1239,1
104,532,40,42,1142,48,251,14,0,45,2,22,2,44,261699,6,26834,80,1,05,1234,8
104,582,40,45,1142,59,251,26,0,47,2,22,2,43,261643,5,26830,51,1,04,1230,5
104,632,40,47,1142,70,251,38,0,48,2,21,2,42,261579,2,26826,22,1,03,1226,2
104,682,40,49,1142,81,251,50,0,49,2,21,2,41,261512,1,26821,93,1,01,1221,9
104,732,40,52,1142,92,251,62,0,50,2,21,2,40,261449,4,26817,64,0,99,1217,6
104,782,40,54,1143,03,251,74,0,51,2,20,2,38,261402,0,26813,36,0,99,1213,4
104,832,40,57,1143,14,251,86,0,50,2,20,2,37,261376,4,26809,07,1,01,1209,1
104,882,40,59,1143,25,251,98,0,49,2,20,2,37,261364,9,26804,79,1,03,1204,8
104,932,40,62,1143,36,252,09,0,47,2,19,2,36,261358,6,26800,50,1,06,1200,5
104,982,40,64,1143,47,252,21,0,46,2,19,2,35,261351,2,26796,22,1,09,1196,2
105,032,40,66,1143,58,252,33,0,45,2,19,2,34,261338,7,26791,94,1,11,1191,9
105,082,40,69,1143,69,252,45,0,44,2,19,2,33,261318,4,26787,65,1,13,1187,7
105,132,40,71,1143,80,252,56,0,43,2,18,2,32,261289,0,26783,37,1,14,1183,4
105,182,40,73,1143,91,252,68,0,42,2,18,2,31,261249,2,26779,08,1,14,1179,1
105,232,40,75,1144,02,252,79,0,41,2,18,2,29,261198,6,26774,80,1,14,1174,8
105,282,40,77,1144,12,252,91,0,40,2,18,2,28,261136,8,26770,52,1,13,1170,5
105,332,40,79,1144,23,253,02,0,39,2,17,2,27,261063,4,26766,24,1,10,1166,2
105,382,40,81,1144,34,253,13,0,38,2,17,2,26,260978,2,26761,96,1,07,1162,0
105,432,40,83,1144,45,253,25,0,37,2,17,2,25,260881,1,26757,68,1,03,1157,7
105,482,40,85,1144,56,253,36,0,37,2,16,2,23,260771,7,26753,41,0,98,1153,4
105,532,40,86,1144,67,253,47,0,36,2,16,2,22,260649,7,26749,13,0,92,1149,1
105,582,40,88,1144,78,253,58,0,35,2,16,2,21,260515,8,26744,86,0,85,1144,9
105,632,40,90,1144,88,253,69,0,34,2,15,2,19,260371,0,26740,59,0,77,1140,6
105,682,40,92,1144,99,253,80,0,33,2,15,2,18,260220,5,26736,32,0,69,1136,3
105,732,40,93,1145,10,253,91,0,32,2,15,2,17,260074,0,26732,06,0,61,1132,1
105,782,40,95,1145,20,254,02,0,31,2,14,2,16,259951,7,26727,80,0,55,1127,8
105,832,40,96,1145,31,254,12,0,30,2,14,2,17,259878,8,26723,54,0,53,1123,5
105,881,40,98,1145,42,254,23,0,29,2,13,2,18,259848,4,26719,28,0,55,1119,3
105,931,40,99,1145,53,254,34,0,28,2,13,2,19,259843,2,26715,01,0,58,1115,0
105,981,41,01,1145,63,254,45,0,27,2,13,2,21,259850,1,26710,75,0,62,1110,8
106,031,41,02,1145,74,254,56,0,26,2,12,2,22,259862,6,26706,49,0,66,1106,5
106,081,41,03,1145,84,254,67,0,25,2,12,2,23,259880,5,26702,23,0,71,1102,2
106,131,41,05,1145,95,254,79,0,24,2,11,2,24,259907,2,26697,97,0,76,1098,0
106,181,41,06,1146,06,254,90,0,26,2,11,2,26,259946,0,26693,71,0,82,1093,7
106,231,41,07,1146,16,255,01,0,27,2,11,2,27,259985,7,26689,45,0,89,1089,5
106,281,41,08,1146,27,255,13,0,28,2,10,2,28,260019,3,26685,19,0,95,1085,2
106,331,41,10,1146,37,255,24,0,29,2,10,2,29,260043,0,26680,92,1,00,1080,9
106,381,41,11,1146,48,255,35,0,30,2,10,2,30,260055,3,26676,66,1,04,1076,7
106,431,41,13,1146,58,255,47,0,31,2,09,2,31,260056,4,26672,40,1,07,1072,4
106,481,41,14,1146,69,255,59,0,32,2,09,2,32,260047,0,26668,13,1,10,1068,1
106,531,41,16,1146,79,255,70,0,33,2,09,2,33,260028,1,26663,87,1,11,1063,9
106,581,41,18,1146,90,255,82,0,34,2,09,2,34,260001,3,26659,61,1,13,1059,6
106,631,41,19,1147,00,255,94,0,34,2,08,2,35,259967,2,26655,35,1,13,1055,3
106,681,41,21,1147,10,256,05,0,35,2,08,2,36,259927,2,26651,08,1,14,1051,1
106,731,41,23,1147,21,256,17,0,36,2,08,2,37,259881,7,26646,82,1,13,1046,8
106,781,41,25,1147,31,256,29,0,37,2,08,2,38,259830,0,26642,56,1,13,1042,6
106,831,41,27,1147,41,256,41,0,37,2,07,2,39,259772,0,26638,30,1,12,1038,3
106,881,41,28,1147,52,256,53,0,38,2,07,2,40,259706,1,26634,05,1,10,1034,0
106,931,41,30,1147,62,256,65,0,39,2,07,2,41,259630,6,26629,79,1,07,1029,8
106,981,41,32,1147,73,256,77,0,40,2,06,2,42,259544,2,26625,53,1,04,1025,5
107,031,41,34,1147,83,256,89,0,41,2,06,2,44,259445,5,26621,28,1,00,1021,3
107,081,41,36,1147,93,257,02,0,42,2,06,2,45,259332,1,26617,03,0,94,1017,0
107,131,41,39,1148,03,257,14,0,43,2,05,2,46,259202,9,26612,78,0,87,1012,8
107,181,41,41,1148,14,257,26,0,44,2,05,2,47,259056,5,26608,53,0,79,1008,5
107,231,41,43,1148,24,257,38,0,45,2,05,2,48,258891,7,26604,28,0,70,1004,3
107,281,41,45,1148,34,257,51,0,46,2,04,2,50,258709,8,26600,04,0,59,1000,0
107,331,41,48,1148,44,257,63,0,47,2,04,2,51,258515,8,26595,80,0,47,995,8
107,381,41,50,1148,54,257,76,0,47,2,03,2,52,258325,5,26591,56,0,36,991,6
107,431,41,52,1148,65,257,89,0,46,2,03,2,53,258174,1,26587,33,0,28,987,3
107,481,41,54,1148,75,258,01,0,45,2,02,2,54,258104,3,26583,10,0,27,983,1
107,531,41,57,1148,85,258,14,0,44,2,02,2,54,258146,0,26578,87,0,34,978,9
107,581,41,59,1148,95,258,27,0,43,2,01,2,53,258247,6,26574,63,0,45,974,6
107,631,41,61,1149,05,258,39,0,42,2,01,2,52,258354,6,26570,40,0,57,970,4
107,681,41,63,1149,15,258,52,0,41,2,01,2,51,258448,5,26566,16,0,67,966,2
107,730,41,65,1149,25,258,64,0,40,2,00,2,50,258524,9,26561,93,0,76,961,9
107,780,41,67,1149,35,258,77,0,40,2,00,2,49,258583,2,26557,69,0,84,957,7
107,830,41,69,1149,45,258,89,0,39,2,00,2,47,258624,0,26553,45,0,90,953,4
107,880,41,71,1149,55,259,02,0,38,1,99,2,46,258648,8,26549,21,0,95,949,2
107,930,41,73,1149,65,259,14,0,37,1,99,2,45,258659,7,26544,97,0,99,945,0
107,980,41,75,1149,75,259,26,0,36,1,99,2,44,258658,3,26540,73,1,02,940,7
108,030,41,77,1149,85,259,38,0,36,1,98,2,43,258645,7,26536,48,1,05,936,5
108,080,41,78,1149,95,259,50,0,35,1,98,2,42,258624,1,26532,25,1,06,932,2
108,130,41,80,1150,05,259,62,0,34,1,98,2,41,258593,8,26528,01,1,07,928,0
108,180,41,82,1150,14,259,74,0,33,1,97,2,40,258555,0,26523,77,1,08,923,8
108,230,41,83,1150,24,259,86,0,32,1,97,2,39,258508,4,26519,53,1,07,919,5
108,280,41,85,1150,34,259,98,0,31,1,97,2,38,258453,8,26515,29,1,06,915,3
108,330,41,87,1150,44,260,10,0,30,1,96,2,37,258391,7,26511,05,1,05,911,1
108,380,41,88,1150,54,260,22,0,29,1,96,2,36,258322,2,26506,82,1,03,906,8
108,430,41,89,1150,64,260,34,0,28,1,96,2,35,258245,8,26502,58,1,00,902,6
108,480,41,91,1150,73,260,46,0,27,1,95,2,34,258162,9,26498,35,0,97,898,4
108,530,41,92,1150,83,260,57,0,26,1,95,2,34,258074,5,26494,12,0,94,894,1
108,580,41,93,1150,93,260,69,0,25,1,95,2,33,257984,1,26489,89,0,90,889,9
108,630,41,95,1151,03,260,81,0,24,1,94,2,32,257896,3,26485,66,0,86,885,7
108,680,41,96,1151,12,260,92,0,23,1,94,2,31,257820,1,26481,43,0,84,881,4
108,730,41,97,1151,22,261,04,0,24,1,94,2,30,257761,3,26477,21,0,83,877,2
108,780,41,98,1151,32,261,15,0,25,1,93,2,28,257711,7,26472,98,0,82,873,0
108,830,42,00,1151,41,261,26,0,26,1,93,2,27,257663,1,26468,76,0,82,868,8
108,880,42,01,1151,51,261,38,0,27,1,93,2,26,257609,2,26464,53,0,81,864,5
108,930,42,02,1151,61,261,49,0,28,1,92,2,25,257547,3,26460,31,0,79,860,3
108,980,42,04,1151,70,261,60,0,29,1,92,2,24,257475,8,26456,09,0,77,856,1
109,030,42,05,1151,80,261,71,0,30,1,91,2,23,257395,4,26451,87,0,74,851,9
109,080,42,07,1151,89,261,83,0,31,1,91,2,21,257309,7,26447,65,0,71,847,7
109,130,42,08,1151,99,261,94,0,32,1,91,2,20,257225,0,26443,43,0,68,843,4
109,180,42,10,1152,08,262,05,0,33,1,90,2,19,257152,3,26439,22,0,65,839,2
109,230,42,12,1152,18,262,16,0,34,1,90,2,18,257106,3,26435,00,0,65,835,0
109,280,42,13,1152,28,262,26,0,34,1,89,2,19,257098,7,26430,79,0,68,830,8
109,330,42,15,1152,37,262,37,0,35,1,89,2,20,257115,6,26426,57,0,73,826,6
109,380,42,17,1152,46,262,48,0,36,1,89,2,21,257141,4,26422,36,0,78,822,4
109,430,42,19,1152,56,262,60,0,37,1,88,2,23,257167,0,26418,14,0,84,818,1
109,480,42,21,1152,65,262,71,0,38,1,88,2,24,257185,9,26413,92,0,88,813,9
109,529,42,22,1152,75,262,82,0,38,1,88,2,25,257195,0,26409,71,0,92,809,7
109,579,42,24,1152,84,262,93,0,39,1,87,2,26,257192,6,26405,49,0,95,805,5
109,629,42,26,1152,93,263,05,0,40,1,87,2,27,257178,0,26401,27,0,97,801,3
109,679,42,28,1153,03,263,16,0,41,1,87,2,28,257151,1,26397,06,0,98,797,1
109,729,42,31,1153,12,263,27,0,42,1,86,2,29,257112,5,26392,84,0,98,792,8
109,779,42,33,1153,21,263,39,0,43,1,86,2,30,257063,0,26388,63,0,98,788,6
109,829,42,35,1153,31,263,50,0,44,1,86,2,31,257003,2,26384,41,0,96,784,4
109,879,42,37,1153,40,263,62,0,45,1,85,2,32,256935,7,26380,20,0,94,780,2
109,929,42,39,1153,49,263,74,0,47,1,85,2,33,256863,7,26375,99,0,92,776,0
109,979,42,42,1153,58,263,85,0,48,1,85,2,34,256792,1,26371,78,0,90,771,8
110,029,42,44,1153,68,263,97,0,49,1,84,2,35,256727,8,26367,57,0,88,767,6
110,079,42,47,1153,77,264,09,0,50,1,84,2,36,256681,8,26363,36,0,88,763,4
110,129,42,49,1153,86,264,21,0,48,1,83,2,36,256658,0,26359,15,0,90,759,2
110,179,42,51,1153,95,264,32,0,47,1,83,2,37,256647,4,26354,95,0,92,754,9
110,229,42,54,1154,04,264,44,0,46,1,83,2,38,256639,8,26350,74,0,95,750,7
110,279,42,56,1154,13,264,56,0,45,1,82,2,39,256629,2,26346,53,0,97,746,5
110,329,42,58,1154,23,264,68,0,44,1,82,2,40,256612,0,26342,32,0,99,742,3
110,379,42,60,1154,32,264,80,0,43,1,82,2,41,256585,7,26338,12,1,00,738,1
110,429,42,63,1154,41,264,92,0,42,1,81,2,42,256548,6,26333,91,1,01,733,9
110,479,42,65,1154,50,265,04,0,41,1,81,2,43,256500,6,26329,71,1,00,729,7
110,529,42,67,1154,59,265,17,0,40,1,81,2,44,256440,7,26325,50,0,99,725,5
110,579,42,69,1154,68,265,29,0,39,1,80,2,46,256369,3,26321,30,0,96,721,3
110,629,42,71,1154,77,265,41,0,38,1,80,2,47,256286,5,26317,10,0,93,717,1
110,679,42,72,1154,86,265,54,0,38,1,80,2,48,256193,1,26312,89,0,89,712,9
110,729,42,74,1154,95,265,66,0,37,1,79,2,49,256090,0,26308,70,0,84,708,7
110,779,42,76,1155,04,265,78,0,36,1,79,2,50,255980,4,26304,50,0,79,704,5
110,829,42,78,1155,13,265,91,0,35,1,79,2,51,255867,9,26300,30,0,74,700,3
110,879,42,80,1155,22,266,04,0,35,1,78,2,53,255759,8,26296,11,0,69,696,1
110,929,42,81,1155,31,266,16,0,34,1,78,2,54,255668,5,26291,92,0,65,691,9
110,979,42,83,1155,39,266,29,0,33,1,77,2,54,255609,9,26287,73,0,64,687,7
111,029,42,85,1155,48,266,42,0,32,1,77,2,52,255584,0,26283,54,0,65,683,5
111,079,42,86,1155,57,266,54,0,31,1,77,2,51,255574,0,26279,35,0,68,679,3
111,129,42,88,1155,66,266,67,0,30,1,76,2,50,255568,6,26275,16,0,71,675,2
111,179,42,89,1155,75,266,79,0,29,1,76,2,49,255559,8,26270,97,0,73,671,0
111,229,42,91,1155,83,266,92,0,28,1,75,2,48,255543,7,26266,78,0,75,666,8
111,279,42,92,1155,92,267,04,0,27,1,75,2,47,255520,4,26262,59,0,77,662,6
111,329,42,93,1156,01,267,16,0,26,1,74,2,46,255491,2,26258,40,0,78,658,4
111,378,42,95,1156,10,267,29,0,25,1,74,2,45,255460,9,26254,21,0,79,654,2
111,428,42,96,1156,18,267,41,0,24,1,74,2,44,255436,3,26250,02,0,80,650,0
111,478,42,97,1156,27,267,53,0,23,1,73,2,43,255426,5,26245,84,0,83,645,8
111,528,42,98,1156,36,267,65,0,24,1,73,2,42,255433,5,26241,65,0,86,641,6
111,578,43,00,1156,44,267,77,0,26,1,73,2,41,255446,6,26237,46,0,91,637,5
111,628,43,01,1156,53,267,89,0,27,1,72,2,40,255458,7,26233,27,0,95,633,3
111,678,43,02,1156,62,268,01,0,28,1,72,2,39,255465,0,26229,08,0,99,629,1
111,728,43,04,1156,70,268,13,0,29,1,72,2,38,255464,3,26224,89,1,02,624,9
111,778,43,05,1156,79,268,25,0,30,1,71,2,37,255455,0,26220,71,1,04,620,7
111,828,43,07,1156,87,268,37,0,31,1,71,2,36,255437,9,26216,52,1,06,616,5
111,878,43,08,1156,96,268,48,0,32,1,71,2,35,255412,9,26212,33,1,07,612,3
111,928,43,10,1157,04,268,60,0,33,1,70,2,34,255379,9,26208,14,1,08,608,1
111,978,43,11,1157,13,268,72,0,34,1,70,2,33,255339,1,26203,96,1,08,604,0
112,028,43,13,1157,21,268,83,0,34,1,70,2,32,255290,4,26199,77,1,07,599,8
112,078,43,15,1157,30,268,95,0,35,1,69,2,31,255233,5,26195,59,1,06,595,6
112,128,43,17,1157,38,269,07,0,36,1,69,2,30,255168,6,26191,40,1,04,591,4
112,178,43,18,1157,47,269,18,0,37,1,69,2,29,255094,7,26187,22,1,02,587,2
112,228,43,20,1157,55,269,29,0,37,1,68,2,28,255010,4,26183,04,0,98,583,0
112,278,43,22,1157,64,269,41,0,38,1,68,2,27,254913,9,26178,86,0,94,578,9
112,328,43,24,1157,72,269,52,0,39,1,68,2,25,254803,6,26174,68,0,89,574,7
112,378,43,26,1157,80,269,63,0,40,1,67,2,24,254678,8,26170,51,0,82,570,5
112,428,43,28,1157,89,269,75,0,41,1,67,2,23,254537,0,26166,33,0,74,566,3
112,478,43,30,1157,97,269,86,0,42,1,66,2,22,254378,4,26162,16,0,65,562,2
112,528,43,32,1158,05,269,97,0,43,1,66,2,21,254203,1,26157,99,0,54,558,0
112,578,43,34,1158,14,270,08,0,44,1,66,2,20,254015,3,26153,83,0,43,553,8
112,628,43,37,1158,22,270,19,0,44,1,65,2,18,253830,3,26149,66,0,32,549,7
112,678,43,39,1158,30,270,30,0,45,1,65,2,19,253697,3,26145,50,0,25,545,5
112,728,43,41,1158,38,270,41,0,46,1,64,2,20,253673,7,26141,35,0,27,541,3
112,778,43,44,1158,46,270,52,0,47,1,63,2,21,253736,6,26137,19,0,36,537,2
112,828,43,46,1158,55,270,63,0,47,1,63,2,22,253840,3,26133,03,0,48,533,0
112,878,43,48,1158,63,270,74,0,46,1,63,2,23,253946,9,26128,86,0,59,528,9
112,928,43,50,1158,71,270,85,0,45,1,62,2,24,254039,5,26124,70,0,69,524,7
112,978,43,53,1158,79,270,96,0,44,1,62,2,25,254114,3,26120,53,0,78,520,5
113,028,43,55,1158,87,271,08,0,43,1,61,2,27,254170,5,26116,37,0,86,516,4
113,078,43,57,1158,95,271,19,0,42,1,61,2,28,254209,1,26112,20,0,92,512,2
113,128,43,59,1159,03,271,30,0,41,1,61,2,29,254231,9,26108,03,0,97,508,0
113,177,43,61,1159,11,271,42,0,40,1,60,2,30,254240,4,26103,86,1,00,503,9
113,227,43,63,1159,19,271,53,0,39,1,60,2,31,254236,8,26099,70,1,03,499,7
113,277,43,65,1159,27,271,65,0,38,1,60,2,32,254222,9,26095,53,1,05,495,5
113,327,43,67,1159,35,271,77,0,38,1,59,2,33,254199,9,26091,36,1,07,491,4
113,377,43,69,1159,43,271,88,0,37,1,59,2,34,254169,5,26087,19,1,08,487,2
113,427,43,71,1159,51,272,00,0,36,1,59,2,35,254132,8,26083,03,1,08,483,0
113,477,43,72,1159,59,272,12,0,36,1,58,2,36,254090,9,26078,86,1,08,478,9
113,527,43,74,1159,67,272,23,0,35,1,58,2,37,254043,9,26074,70,1,07,474,7
113,577,43,76,1159,75,272,35,0,34,1,58,2,38,253990,7,26070,53,1,06,470,5
113,627,43,78,1159,83,272,47,0,33,1,57,2,39,253930,5,26066,37,1,05,466,4
113,677,43,79,1159,91,272,59,0,32,1,57,2,40,253862,4,26062,21,1,03,462,2
113,727,43,81,1159,98,272,71,0,32,1,57,2,41,253784,7,26058,04,1,00,458,0
113,777,43,82,1160,06,272,83,0,31,1,56,2,42,253697,0,26053,88,0,96,453,9
113,827,43,84,1160,14,272,95,0,30,1,56,2,43,253597,8,26049,73,0,92,449,7
113,877,43,85,1160,22,273,08,0,29,1,56,2,44,253487,2,26045,57,0,86,445,6
113,927,43,87,1160,30,273,20,0,28,1,55,2,45,253365,6,26041,41,0,80,441,4
113,977,43,88,1160,37,273,32,0,27,1,55,2,46,253235,4,26037,26,0,73,437,3
114,027,43,89,1160,45,273,44,0,26,1,54,2,47,253102,6,26033,11,0,66,433,1
114,077,43,91,1160,53,273,57,0,26,1,54,2,48,252979,0,26028,96,0,59,429,0
114,127,43,92,1160,60,273,69,0,27,1,53,2,49,252868,8,26024,82,0,54,424,8
114,177,43,93,1160,68,273,82,0,28,1,53,2,51,252768,9,26020,67,0,49,420,7
114,227,43,95,1160,76,273,94,0,29,1,53,2,52,252681,0,26016,53,0,46,416,5
114,277,43,96,1160,83,274,07,0,30,1,52,2,53,252612,3,26012,39,0,44,412,4
114,327,43,98,1160,91,274,20,0,31,1,52,2,54,252575,8,26008,25,0,44,408,2
114,377,43,99,1160,98,274,32,0,32,1,51,2,54,252585,4,26004,11,0,49,404,1
114,427,44,01,1161,06,274,45,0,32,1,51,2,52,252628,1,25999,96,0,55,400,0
114,477,44,03,1161,14,274,58,0,33,1,50,2,51,252680,1,25995,82,0,63,395,8
114,527,44,04,1161,21,274,70,0,34,1,50,2,50,252728,9,25991,68,0,70,391,7
114,577,44,06,1161,28,274,83,0,35,1,49,2,49,252768,1,25987,54,0,76,387,5
114,627,44,08,1161,36,274,95,0,35,1,49,2,48,252796,1,25983,39,0,81,383,4
114,677,44,10,1161,43,275,07,0,36,1,49,2,47,252812,5,25979,25,0,86,379,2
114,727,44,11,1161,51,275,20,0,37,1,48,2,46,252818,1,25975,10,0,89,375,1
114,777,44,13,1161,58,275,32,0,37,1,48,2,45,252813,3,25970,96,0,92,371,0
114,827,44,15,1161,66,275,44,0,38,1,47,2,44,252799,0,25966,81,0,94,366,8
114,877,44,17,1161,73,275,56,0,39,1,47,2,43,252775,4,25962,67,0,95,362,7
114,927,44,19,1161,80,275,68,0,40,1,47,2,42,252742,6,25958,53,0,96,358,5
114,976,44,21,1161,88,275,80,0,40,1,46,2,41,252701,2,25954,38,0,96,354,4
115,026,44,23,1161,95,275,92,0,41,1,46,2,40,252651,4,25950,24,0,95,350,2
115,076,44,25,1162,02,276,04,0,42,1,46,2,39,252593,8,25946,10,0,94,346,1
115,126,44,27,1162,10,276,16,0,43,1,45,2,38,252528,6,25941,96,0,92,342,0
115,176,44,29,1162,17,276,28,0,44,1,45,2,37,252457,5,25937,82,0,89,337,8
115,226,44,32,1162,24,276,40,0,45,1,45,2,37,252381,9,25933,68,0,87,333,7
115,276,44,34,1162,31,276,52,0,46,1,44,2,36,252305,0,25929,54,0,84,329,5
115,326,44,36,1162,38,276,64,0,47,1,44,2,35,252230,5,25925,41,0,81,325,4
115,376,44,39,1162,46,276,75,0,48,1,43,2,34,252166,0,25921,27,0,79,321,3
115,426,44,41,1162,53,276,87,0,47,1,43,2,33,252118,3,25917,14,0,79,317,1
115,476,44,43,1162,60,276,99,0,46,1,43,2,32,252081,9,25913,01,0,79,313,0
115,526,44,46,1162,67,277,10,0,45,1,42,2,32,252049,0,25908,88,0,80,308,9
115,576,44,48,1162,74,277,22,0,44,1,42,2,31,252013,1,25904,74,0,80,304,7
115,626,44,50,1162,81,277,33,0,43,1,41,2,30,251970,8,25900,61,0,80,300,6
115,676,44,52,1162,88,277,45,0,42,1,41,2,29,251919,7,25896,48,0,79,296,5
115,726,44,54,1162,95,277,56,0,41,1,41,2,28,251858,6,25892,35,0,78,292,4
115,776,44,56,1163,02,277,68,0,40,1,40,2,27,251786,7,25888,22,0,75,288,2
115,826,44,58,1163,09,277,79,0,40,1,40,2,26,251704,7,25884,10,0,72,284,1
115,876,44,60,1163,16,277,90,0,39,1,39,2,25,251614,1,25879,97,0,68,280,0
115,926,44,62,1163,23,278,01,0,38,1,39,2,24,251517,7,25875,85,0,63,275,8
115,976,44,64,1163,30,278,13,0,38,1,39,2,22,251422,0,25871,72,0,59,271,7
116,026,44,66,1163,37,278,24,0,37,1,38,2,21,251336,8,25867,60,0,56,267,6
116,076,44,68,1163,44,278,35,0,36,1,38,2,21,251277,1,25863,48,0,54,263,5
116,126,44,70,1163,51,278,46,0,36,1,37,2,22,251255,0,25859,36,0,56,259,4
116,176,44,71,1163,58,278,57,0,35,1,37,2,23,251256,7,25855,24,0,59,255,2
116,226,44,73,1163,65,278,68,0,35,1,36,2,24,251267,7,25851,13,0,63,251,1
116,276,44,75,1163,71,278,79,0,34,1,36,2,25,251278,2,25847,01,0,67,247,0
116,326,44,77,1163,78,278,90,0,33,1,35,2,26,251282,3,25842,89,0,71,242,9
116,376,44,78,1163,85,279,02,0,33,1,35,2,27,251278,0,25838,77,0,74,238,8
116,426,44,80,1163,92,279,13,0,32,1,35,2,28,251263,1,25834,65,0,76,234,6
116,476,44,81,1163,98,279,25,0,31,1,34,2,29,251238,0,25830,53,0,77,230,5
116,526,44,83,1164,05,279,36,0,30,1,34,2,30,251203,2,25826,41,0,77,226,4
116,576,44,84,1164,12,279,48,0,29,1,33,2,31,251160,3,25822,29,0,77,222,3
116,626,44,86,1164,19,279,59,0,28,1,33,2,32,251111,8,25818,17,0,76,218,2
116,676,44,87,1164,25,279,71,0,27,1,33,2,33,251061,7,25814,06,0,75,214,1
116,726,44,89,1164,32,279,82,0,26,1,32,2,33,251015,5,25809,94,0,75,209,9
116,776,44,90,1164,38,279,94,0,26,1,32,2,34,250981,5,25805,83,0,76,205,8
116,825,44,91,1164,45,280,06,0,27,1,31,2,35,250961,1,25801,71,0,77,201,7
116,875,44,93,1164,51,280,18,0,28,1,31,2,36,250947,0,25797,60,0,79,197,6
116,925,44,94,1164,58,280,29,0,29,1,31,2,36,250933,7,25793,49,0,81,193,5
116,975,44,96,1164,65,280,41,0,30,1,30,2,37,250918,2,25789,37,0,83,189,4
117,025,44,97,1164,71,280,53,0,31,1,30,2,38,250898,3,25785,26,0,85,185,3
117,075,44,99,1164,77,280,65,0,32,1,29,2,39,250872,9,25781,14,0,86,181,1
117,125,45,00,1164,84,280,77,0,33,1,29,2,39,250841,0,25777,03,0,87,177,0
117,175,45,02,1164,90,280,89,0,33,1,29,2,40,250802,3,25772,92,0,87,172,9
117,225,45,04,1164,97,281,01,0,34,1,28,2,41,250756,6,25768,81,0,86,168,8
117,275,45,05,1165,03,281,13,0,35,1,28,2,42,250703,2,25764,70,0,85,164,7
117,325,45,07,1165,10,281,25,0,35,1,28,2,43,250642,4,25760,59,0,83,160,6
117,375,45,09,1165,16,281,37,0,36,1,27,2,44,250573,6,25756,48,0,81,156,5
117,425,45,11,1165,22,281,50,0,36,1,27,2,45,250496,1,25752,37,0,78,152,4
117,475,45,12,1165,29,281,62,0,37,1,26,2,46,250409,3,25748,27,0,74,148,3
117,525,45,14,1165,35,281,74,0,38,1,26,2,46,250311,5,25744,16,0,70,144,2
117,575,45,16,1165,41,281,86,0,38,1,26,2,47,250202,6,25740,06,0,64,140,1
117,625,45,18,1165,48,281,99,0,39,1,25,2,48,250081,6,25735,96,0,58,136,0
117,675,45,20,1165,54,282,11,0,40,1,25,2,49,249949,3,25731,86,0,50,131,9
117,725,45,22,1165,60,282,24,0,40,1,24,2,50,249808,4,25727,77,0,42,127,8
117,775,45,24,1165,66,282,36,0,41,1,24,2,51,249667,9,25723,67,0,34,123,7
117,825,45,26,1165,72,282,49,0,42,1,23,2,52,249551,4,25719,58,0,28,119,6
117,875,45,28,1165,79,282,61,0,43,1,23,2,51,249491,8,25715,49,0,27,115,5
117,925,45,30,1165,85,282,74,0,43,1,22,2,50,249483,3,25711,40,0,30,111,4
117,975,45,33,1165,91,282,86,0,44,1,22,2,49,249507,2,25707,31,0,35,107,3
118,025,45,35,1165,97,282,99,0,45,1,21,2,48,249548,6,25703,22,0,42,103,2
118,075,45,37,1166,03,283,11,0,44,1,21,2,47,249600,2,25699,13,0,49,99,1
118,125,45,39,1166,09,283,24,0,43,1,20,2,46,249648,8,25695,03,0,56,95,0
118,175,45,41,1166,15,283,36,0,42,1,20,2,45,249688,7,25690,94,0,62,90,9
118,225,45,44,1166,21,283,48,0,42,1,19,2,44,249716,7,25686,85,0,68,86,8
118,275,45,46,1166,27,283,60,0,41,1,19,2,43,249732,8,25682,75,0,72,82,8
118,325,45,48,1166,33,283,72,0,40,1,19,2,42,249738,4,25678,66,0,75,78,7
118,375,45,50,1166,39,283,85,0,39,1,18,2,42,249734,0,25674,56,0,78,74,6
118,425,45,52,1166,45,283,97,0,39,1,18,2,41,249721,0,25670,47,0,80,70,5
118,475,45,53,1166,50,284,09,0,38,1,17,2,40,249700,3,25666,38,0,82,66,4
118,525,45,55,1166,56,284,21,0,38,1,17,2,39,249673,5,25662,28,0,83,62,3
118,575,45,57,1166,62,284,33,0,37,1,17,2,39,249641,3,25658,19,0,83,58,2
118,624,45,59,1166,68,284,44,0,37,1,16,2,38,249604,8,25654,10,0,84,54,1
118,674,45,61,1166,74,284,56,0,36,1,16,2,37,249564,2,25650,01,0,83,50,0
118,724,45,63,1166,80,284,68,0,35,1,15,2,36,249519,7,25645,91,0,83,45,9
118,774,45,64,1166,85,284,80,0,35,1,15,2,36,249471,1,25641,82,0,82,41,8
118,824,45,66,1166,91,284,92,0,34,1,15,2,35,249417,3,25637,73,0,81,37,7
118,874,45,68,1166,97,285,03,0,34,1,14,2,34,249357,7,25633,65,0,80,33,6
118,924,45,70,1167,03,285,15,0,33,1,14,2,33,249291,7,25629,56,0,78,29,6
118,974,45,71,1167,08,285,27,0,32,1,14,2,33,249218,9,25625,47,0,75,25,5
119,024,45,73,1167,14,285,38,0,31,1,13,2,32,249139,1,25621,39,0,72,21,4
119,074,45,74,1167,19,285,50,0,31,1,13,2,31,249053,0,25617,30,0,68,17,3
119,124,45,76,1167,25,285,61,0,30,1,12,2,30,248962,4,25613,22,0,64,13,2
119,174,45,77,1167,31,285,73,0,29,1,12,2,29,248870,9,25609,14,0,60,9,1
119,224,45,79,1167,36,285,84,0,29,1,11,2,28,248784,9,25605,06,0,56,5,1
119,274,45,80,1167,42,285,96,0,30,1,11,2,27,248704,1,25600,98,0,53,1,0
119,324,45,82,1167,47,286,07,0,30,0,76,2,27,0,0,25600,00,0,50,0,0
119,374,45,83,1167,49,286,18,0,30,0,27,2,27,0,0,25600,00,0,48,0,0
119,424,45,85,1167,49,286,30,0,30,-0,22,2,27,0,0,25600,00,0,48,0,0
119,474,45,86,1167,47,286,41,0,30,-0,71,2,27,0,0,25600,00,0,50,0,0
119,524,45,88,1167,42,286,53,0,30,-1,20,2,27,0,0,25600,00,0,53,0,0
119,574,45,89,1167,35,286,64,0,30,-1,69,2,27,0,0,25600,00,0,56,0,0
119,624,45,91,1167,26,286,75,0,30,-2,18,2,27,0,0,25600,00,0,61,0,0
119,674,45,92,1167,13,286,87,0,30,-2,67,2,27,0,0,25600,00,0,67,0,0
119,724,45,94,1166,99,286,98,0,30,-3,16,2,27,0,0,25600,00,0,73,0,0
119,774,45,95,1166,82,287,09,0,30,-3,65,2,27,0,0,25600,00,0,79,0,0
119,824,45,97,1166,63,287,21,0,30,-4,14,2,27,0,0,25600,00,0,86,0,0
119,874,45,98,1166,41,287,32,0,30,-4,63,2,27,0,0,25600,00,0,93,0,0
119,924,46,00,1166,16,287,43,0,30,-5,12,2,27,0,0,25600,00,1,00,0,0
119,974,46,01,1165,89,287,55,0,30,-5,61,2,27,0,0,25600,00,1,07,0,0
120,024,46,03,1165,60,287,66,0,30,-6,10,2,27,0,0,25600,00,1,15,0,0
120,074,46,04,1165,28,287,77,0,30,-6,59,2,27,0,0,25600,00,1,22,0,0
120,124,46,06,1164,94,287,89,0,30,-7,08,2,27,0,0,25600,00,1,30,0,0
120,174,46,07,1164,58,288,00,0,30,-7,57,2,27,0,0,25600,00,1,37,0,0
120,224,46,09,1164,19,288,11,0,30,-8,06,2,27,0,0,25600,00,1,45,0,0
120,274,46,10,1163,77,288,23,0,30,-8,54,2,27,0,0,25600,00,1,52,0,0
120,324,46,12,1163,33,288,34,0,30,-9,03,2,27,0,0,25600,00,1,60,0,0
120,374,46,14,1162,87,288,46,0,30,-9,52,2,27,0,0,25600,00,1,68,0,0
120,424,46,15,1162,38,288,57,0,30,-10,01,2,27,0,0,25600,00,1,75,0,0
120,473,46,17,1161,87,288,68,0,30,-10,50,2,27,0,0,25600,00,1,83,0,0
120,523,46,18,1161,33,288,80,0,30,-10,99,2,27,0,0,25600,00,1,91,0,0
120,573,46,20,1160,77,288,91,0,30,-11,48,2,27,0,0,25600,00,1,98,0,0
120,623,46,21,1160,18,289,02,0,30,-11,97,2,27,0,0,25600,00,2,06,0,0
120,673,46,23,1159,57,289,14,0,30,-12,46,2,27,0,0,25600,00,2,14,0,0
120,723,46,24,1158,94,289,25,0,30,-12,95,2,27,0,0,25600,00,2,21,0,0
120,773,46,26,1158,28,289,36,0,30,-13,44,2,27,0,0,25600,00,2,29,0,0
120,823,46,27,1157,59,289,48,0,30,-13,93,2,27,0,0,25600,00,2,37,0,0
120,873,46,29,1156,89,289,59,0,30,-14,41,2,27,0,0,25600,00,2,44,0,0
120,923,46,30,1156,15,289,70,0,30,-14,90,2,27,0,0,25600,00,2,52,0,0
120,973,46,32,1155,40,289,82,0,30,-15,39,2,27,0,0,25600,00,2,59,0,0
121,023,46,33,1154,62,289,93,0,30,-15,88,2,27,0,0,25600,00,2,67,0,0
121,073,46,35,1153,81,290,04,0,30,-16,37,2,27,0,0,25600,00,2,74,0,0
121,123,46,36,1152,98,290,16,0,30,-16,86,2,27,0,0,25600,00,2,82,0,0
121,173,46,38,1152,12,290,27,0,30,-17,34,2,27,0,0,25600,00,2,89,0,0
121,223,46,39,1151,25,290,38,0,30,-17,83,2,27,0,0,25600,00,2,97,0,0
121,273,46,41,1150,34,290,50,0,30,-18,32,2,27,0,0,25600,00,3,04,0,0
121,323,46,42,1149,41,290,61,0,30,-18,81,2,27,0,0,25600,00,3,12,0,0
121,373,46,44,1148,46,290,72,0,30,-19,29,2,27,0,0,25600,00,3,19,0,0
121,423,46,45,1147,49,290,84,0,30,-19,78,2,27,0,0,25600,00,3,27,0,0
121,473,46,47,1146,49,290,95,0,30,-20,27,2,27,0,0,25600,00,3,34,0,0
121,523,46,48,1145,46,291,06,0,30,-20,76,2,27,0,0,25600,00,3,42,0,0
121,573,46,50,1144,41,291,18,0,30,-21,24,2,27,0,0,25600,00,3,49,0,0
121,623,46,51,1143,34,291,29,0,30,-21,73,2,27,0,0,25600,00,3,56,0,0
121,673,46,53,1142,24,291,40,0,30,-22,22,2,27,0,0,25600,00,3,64,0,0
121,723,46,54,1141,11,291,52,0,30,-22,70,2,27,0,0,25600,00,3,71,0,0
121,773,46,56,1139,97,291,63,0,30,-23,19,2,26,0,0,25600,00,3,78,0,0
121,823,46,57,1138,79,291,74,0,30,-23,67,2,26,0,0,25600,00,3,85,0,0
121,873,46,59,1137,60,291,86,0,30,-24,16,2,26,0,0,25600,00,3,93,0,0
121,923,46,60,1136,38,291,97,0,30,-24,65,2,26,0,0,25600,00,4,00,0,0
121,973,46,62,1135,13,292,08,0,30,-25,13,2,26,0,0,25600,00,4,07,0,0
122,023,46,63,1133,87,292,20,0,30,-25,62,2,26,0,0,25600,00,4,14,0,0
122,073,46,65,1132,57,292,31,0,30,-26,10,2,26,0,0,25600,00,4,21,0,0
122,123,46,67,1131,26,292,42,0,30,-26,59,2,26,0,0,25600,00,4,29,0,0
122,173,46,68,1129,91,292,54,0,30,-27,07,2,26,0,0,25600,00,4,36,0,0
122,223,46,70,1128,55,292,65,0,30,-27,56,2,26,0,0,25600,00,4,43,0,0
122,272,46,71,1127,16,292,76,0,30,-28,04,2,26,0,0,25600,00,4,50,0,0
122,322,46,73,1125,74,292,88,0,30,-28,52,2,26,0,0,25600,00,4,57,0,0
122,372,46,74,1124,31,292,99,0,30,-29,01,2,26,0,0,25600,00,4,64,0,0
122,422,46,76,1122,84,293,10,0,30,-29,49,2,26,0,0,25600,00,4,71,0,0
122,472,46,77,1121,36,293,22,0,30,-29,98,2,26,0,0,25600,00,4,78,0,0
122,522,46,79,1119,85,293,33,0,30,-30,46,2,26,0,0,25600,00,4,85,0,0
122,572,46,80,1118,31,293,44,0,30,-30,94,2,26,0,0,25600,00,4,92,0,0
122,622,46,82,1116,75,293,55,0,30,-31,42,2,26,0,0,25600,00,4,99,0,0
122,672,46,83,1115,17,293,67,0,30,-31,91,2,26,0,0,25600,00,5,06,0,0
122,722,46,85,1113,56,293,78,0,30,-32,39,2,26,0,0,25600,00,5,13,0,0
122,772,46,86,1111,93,293,89,0,30,-32,87,2,26,0,0,25600,00,5,19,0,0
122,822,46,88,1110,27,294,01,0,30,-33,35,2,26,0,0,25600,00,5,26,0,0
122,872,46,89,1108,59,294,12,0,30,-33,83,2,26,0,0,25600,00,5,33,0,0
122,922,46,91,1106,89,294,23,0,30,-34,32,2,26,0,0,25600,00,5,40,0,0
122,972,46,92,1105,16,294,34,0,30,-34,80,2,26,0,0,25600,00,5,47,0,0
123,022,46,94,1103,41,294,46,0,30,-35,28,2,26,0,0,25600,00,5,53,0,0
123,072,46,95,1101,64,294,57,0,30,-35,76,2,26,0,0,25600,00,5,60,0,0
123,122,46,97,1099,84,294,68,0,30,-36,24,2,26,0,0,25600,00,5,67,0,0
123,172,46,98,1098,01,294,80,0,30,-36,72,2,26,0,0,25600,00,5,74,0,0
123,222,47,00,1096,16,294,91,0,30,-37,20,2,26,0,0,25600,00,5,80,0,0
123,272,47,01,1094,29,295,02,0,30,-37,68,2,26,0,0,25600,00,5,87,0,0
123,322,47,03,1092,40,295,13,0,30,-38,16,2,26,0,0,25600,00,5,94,0,0
123,372,47,04,1090,48,295,25,0,30,-38,64,2,25,0,0,25600,00,6,00,0,0
123,422,47,06,1088,53,295,36,0,30,-39,12,2,25,0,0,25600,00,6,07,0,0
123,472,47,07,1086,56,295,47,0,30,-39,59,2,25,0,0,25600,00,6,13,0,0
123,522,47,09,1084,57,295,59,0,30,-40,07,2,25,0,0,25600,00,6,20,0,0
123,572,47,10,1082,56,295,70,0,30,-40,55,2,25,0,0,25600,00,6,27,0,0
123,622,47,12,1080,52,295,81,0,30,-41,03,2,25,0,0,25600,00,6,33,0,0
123,672,47,13,1078,45,295,92,0,30,-41,50,2,25,0,0,25600,00,6,40,0,0
123,722,47,15,1076,37,296,04,0,30,-41,98,2,25,0,0,25600,00,6,46,0,0
123,772,47,16,1074,26,296,15,0,30,-42,46,2,25,0,0,25600,00,6,53,0,0
123,822,47,18,1072,12,296,26,0,30,-42,93,2,25,0,0,25600,00,6,59,0,0
123,872,47,19,1069,96,296,37,0,30,-43,41,2,25,0,0,25600,00,6,65,0,0
123,922,47,21,1067,78,296,49,0,30,-43,89,2,25,0,0,25600,00,6,72,0,0
123,972,47,22,1065,57,296,60,0,30,-44,36,2,25,0,0,25600,00,6,78,0,0
124,022,47,24,1063,34,296,71,0,30,-44,84,2,25,0,0,25600,00,6,85,0,0
124,071,47,25,1061,09,296,82,0,30,-45,31,2,25,0,0,25600,00,6,91,0,0
124,121,47,27,1058,81,296,94,0,30,-45,78,2,25,0,0,25600,00,6,97,0,0
124,171,47,28,1056,51,297,05,0,30,-46,26,2,25,0,0,25600,00,7,03,0,0
124,221,47,30,1054,19,297,16,0,30,-46,73,2,25,0,0,25600,00,7,10,0,0
124,271,47,31,1051,84,297,27,0,30,-47,21,2,25,0,0,25600,00,7,16,0,0
124,321,47,33,1049,47,297,39,0,30,-47,68,2,25,0,0,25600,00,7,22,0,0
124,371,47,34,1047,07,297,50,0,30,-48,15,2,25,0,0,25600,00,7,29,0,0
124,421,47,36,1044,65,297,61,0,30,-48,62,2,25,0,0,25600,00,7,35,0,0
124,471,47,37,1042,21,297,72,0,30,-49,10,2,25,0,0,25600,00,7,41,0,0
124,521,47,39,1039,74,297,83,0,30,-49,57,2,24,0,0,25600,00,7,47,0,0
124,571,47,40,1037,25,297,95,0,30,-50,04,2,24,0,0,25600,00,7,53,0,0
124,621,47,42,1034,74,298,06,0,30,-50,51,2,24,0,0,25600,00,7,59,0,0
124,671,47,43,1032,20,298,17,0,30,-50,98,2,24,0,0,25600,00,7,65,0,0
124,721,47,45,1029,64,298,28,0,30,-51,45,2,24,0,0,25600,00,7,72,0,0
124,771,47,46,1027,06,298,40,0,30,-51,92,2,24,0,0,25600,00,7,78,0,0
124,821,47,48,1024,45,298,51,0,30,-52,39,2,24,0,0,25600,00,7,84,0,0
124,871,47,50,1021,82,298,62,0,30,-52,86,2,24,0,0,25600,00,7,90,0,0
124,921,47,51,1019,16,298,73,0,30,-53,33,2,24,0,0,25600,00,7,96,0,0
124,971,47,53,1016,48,298,84,0,30,-53,79,2,24,0,0,25600,00,8,02,0,0
125,021,47,54,1013,78,298,96,0,30,-54,26,2,24,0,0,25600,00,8,08,0,0
125,071,47,56,1011,06,299,07,0,30,-54,73,2,24,0,0,25600,00,8,14,0,0
125,121,47,57,1008,31,299,18,0,30,-55,20,2,24,0,0,25600,00,8,20,0,0
125,171,47,59,1005,54,299,29,0,30,-55,66,2,24,0,0,25600,00,8,26,0,0
125,221,47,60,1002,74,299,40,0,30,-56,13,2,24,0,0,25600,00,8,31,0,0
125,271,47,62,999,92,299,52,0,30,-56,60,2,24,0,0,25600,00,8,37,0,0
125,321,47,63,997,08,299,63,0,30,-57,06,2,24,0,0,25600,00,8,43,0,0
125,371,47,65,994,22,299,74,0,30,-57,53,2,24,0,0,25600,00,8,49,0,0
125,421,47,66,991,33,299,85,0,30,-57,99,2,24,0,0,25600,00,8,55,0,0
125,471,47,68,988,42,299,96,0,30,-58,45,2,23,0,0,25600,00,8,61,0,0
125,521,47,69,985,49,300,07,0,30,-58,92,2,23,0,0,25600,00,8,67,0,0
125,571,47,71,982,53,300,19,0,30,-59,38,2,23,0,0,25600,00,8,72,0,0
125,621,47,72,979,55,300,30,0,30,-59,84,2,23,0,0,25600,00,8,78,0,0
125,671,47,74,976,54,300,41,0,30,-60,31,2,23,0,0,25600,00,8,84,0,0
125,721,47,75,973,52,300,52,0,30,-60,77,2,23,0,0,25600,00,8,90,0,0
125,771,47,77,970,47,300,63,0,30,-61,23,2,23,0,0,25600,00,8,95,0,0
125,821,47,78,967,39,300,74,0,30,-61,69,2,23,0,0,25600,00,9,01,0,0
125,871,47,80,964,30,300,86,0,30,-62,15,2,23,0,0,25600,00,9,07,0,0
125,920,47,81,961,18,300,97,0,30,-62,61,2,23,0,0,25600,00,9,12,0,0
125,970,47,83,958,04,301,08,0,30,-63,07,2,23,0,0,25600,00,9,18,0,0
126,020,47,84,954,87,301,19,0,30,-63,53,2,23,0,0,25600,00,9,24,0,0
126,070,47,86,951,68,301,30,0,30,-63,99,2,23,0,0,25600,00,9,29,0,0
126,120,47,87,948,47,301,41,0,30,-64,45,2,23,0,0,25600,00,9,35,0,0
126,170,47,89,945,24,301,52,0,30,-64,91,2,23,0,0,25600,00,9,40,0,0
126,220,47,90,941,98,301,63,0,30,-65,36,2,23,0,0,25600,00,9,46,0,0
126,270,47,92,938,70,301,75,0,30,-65,82,2,22,0,0,25600,00,9,51,0,0
126,320,47,93,935,40,301,86,0,30,-66,28,2,22,0,0,25600,00,9,57,0,0
126,370,47,94,932,07,301,97,0,30,-66,73,2,22,0,0,25600,00,9,62,0,0
126,420,47,96,928,73,302,08,0,30,-67,19,2,22,0,0,25600,00,9,68,0,0
126,470,47,97,925,36,302,19,0,30,-67,64,2,22,0,0,25600,00,9,73,0,0
126,520,47,99,921,96,302,30,0,30,-68,10,2,22,0,0,25600,00,9,79,0,0
126,570,48,00,918,55,302,41,0,30,-68,55,2,22,0,0,25600,00,9,84,0,0
126,620,48,02,915,11,302,52,0,30,-69,01,2,22,0,0,25600,00,9,90,0,0
126,670,48,03,911,65,302,63,0,30,-69,46,2,22,0,0,25600,00,9,95,0,0
126,720,48,05,908,16,302,75,0,30,-69,91,2,22,0,0,25600,00,10,00,0,0
126,770,48,06,904,65,302,86,0,30,-70,36,2,22,0,0,25600,00,10,06,0,0
126,820,48,08,901,13,302,97,0,30,-70,81,2,22,0,0,25600,00,10,11,0,0
126,870,48,09,897,57,303,08,0,30,-71,27,2,22,0,0,25600,00,10,17,0,0
126,920,48,11,894,00,303,19,0,30,-71,72,2,22,0,0,25600,00,10,22,0,0
126,970,48,12,890,40,303,30,0,30,-72,17,2,21,0,0,25600,00,10,27,0,0
127,020,48,14,886,78,303,41,0,30,-72,61,2,21,0,0,25600,00,10,32,0,0
127,070,48,15,883,14,303,52,0,30,-73,06,2,21,0,0,25600,00,10,38,0,0
127,120,48,17,879,48,303,63,0,30,-73,51,2,21,0,0,25600,00,10,43,0,0
127,170,48,18,875,79,303,74,0,30,-73,96,2,21,0,0,25600,00,10,48,0,0
127,220,48,20,872,08,303,85,0,30,-74,41,2,21,0,0,25600,00,10,53,0,0
127,270,48,21,868,35,303,96,0,30,-74,85,2,21,0,0,25600,00,10,59,0,0
127,320,48,23,864,59,304,07,0,30,-75,30,2,21,0,0,25600,00,10,64,0,0
127,370,48,24,860,82,304,18,0,30,-75,75,2,21,0,0,25600,00,10,69,0,0
127,420,48,26,857,02,304,30,0,30,-76,19,2,21,0,0,25600,00,10,74,0,0
127,470,48,27,853,20,304,41,0,30,-76,64,2,21,0,0,25600,00,10,79,0,0
127,520,48,29,849,36,304,52,0,30,-77,08,2,21,0,0,25600,00,10,84,0,0
127,570,48,30,845,49,304,63,0,30,-77,52,2,21,0,0,25600,00,10,89,0,0
127,620,48,32,841,60,304,74,0,30,-77,97,2,21,0,0,25600,00,10,95,0,0
127,670,48,33,837,69,304,85,0,30,-78,41,2,20,0,0,25600,00,11,00,0,0
127,719,48,35,833,76,304,96,0,30,-78,85,2,20,0,0,25600,00,11,05,0,0
127,769,48,36,829,81,305,07,0,30,-79,29,2,20,0,0,25600,00,11,10,0,0
127,819,48,38,825,83,305,18,0,30,-79,73,2,20,0,0,25600,00,11,15,0,0
127,869,48,39,821,84,305,29,0,30,-80,17,2,20,0,0,25600,00,11,20,0,0
127,919,48,41,817,82,305,40,0,30,-80,61,2,20,0,0,25600,00,11,25,0,0
127,969,48,42,813,77,305,51,0,30,-81,05,2,20,0,0,25600,00,11,30,0,0
128,019,48,44,809,71,305,62,0,30,-81,49,2,20,0,0,25600,00,11,35,0,0
128,069,48,45,805,63,305,73,0,30,-81,93,2,20,0,0,25600,00,11,40,0,0
128,119,48,47,801,52,305,84,0,30,-82,36,2,20,0,0,25600,00,11,45,0,0
128,169,48,48,797,39,305,95,0,30,-82,80,2,20,0,0,25600,00,11,49,0,0
128,220,48,50,793,24,306,06,0,30,-83,24,2,20,0,0,25600,00,11,54,0,0
128,270,48,51,789,07,306,17,0,30,-83,67,2,19,0,0,25600,00,11,59,0,0
128,320,48,53,784,87,306,28,0,30,-84,11,2,19,0,0,25600,00,11,64,0,0
128,370,48,54,780,66,306,39,0,30,-84,54,2,19,0,0,25600,00,11,69,0,0
128,420,48,56,776,42,306,50,0,30,-84,97,2,19,0,0,25600,00,11,74,0,0
128,470,48,57,772,16,306,60,0,30,-85,41,2,19,0,0,25600,00,11,79,0,0
128,520,48,59,767,88,306,71,0,30,-85,84,2,19,0,0,25600,00,11,83,0,0
128,570,48,60,763,57,306,82,0,30,-86,27,2,19,0,0,25600,00,11,88,0,0
128,620,48,61,759,25,306,93,0,30,-86,70,2,19,0,0,25600,00,11,93,0,0
128,670,48,63,754,90,307,04,0,30,-87,13,2,19,0,0,25600,00,11,98,0,0
128,720,48,64,750,54,307,15,0,30,-87,56,2,19,0,0,25600,00,12,03,0,0
128,770,48,66,746,15,307,26,0,30,-87,99,2,19,0,0,25600,00,12,07,0,0
128,820,48,67,741,74,307,37,0,30,-88,42,2,19,0,0,25600,00,12,12,0,0
128,870,48,69,737,31,307,48,0,30,-88,85,2,18,0,0,25600,00,12,17,0,0
128,920,48,70,732,85,307,59,0,30,-89,28,2,18,0,0,25600,00,12,21,0,0
128,970,48,72,728,38,307,70,0,30,-89,70,2,18,0,0,25600,00,12,26,0,0
129,020,48,73,723,88,307,81,0,30,-90,13,2,18,0,0,25600,00,12,31,0,0
129,070,48,75,719,36,307,92,0,30,-90,55,2,18,0,0,25600,00,12,35,0,0
129,120,48,76,714,83,308,03,0,30,-90,98,2,18,0,0,25600,00,12,40,0,0
129,170,48,78,710,27,308,13,0,30,-91,40,2,18,0,0,25600,00,12,45,0,0
129,221,48,79,705,69,308,24,0,30,-91,83,2,18,0,0,25600,00,12,49,0,0
129,271,48,81,701,08,308,35,0,30,-92,25,2,18,0,0,25600,00,12,54,0,0
129,321,48,82,696,46,308,46,0,30,-92,67,2,18,0,0,25600,00,12,58,0,0
129,371,48,84,691,82,308,57,0,29,-93,09,2,18,0,0,25600,00,12,63,0,0
129,421,48,85,687,15,308,68,0,29,-93,51,2,17,0,0,25600,00,12,68,0,0
129,471,48,87,682,47,308,79,0,29,-93,93,2,17,0,0,25600,00,12,72,0,0
129,521,48,88,677,76,308,90,0,29,-94,35,2,17,0,0,25600,00,12,77,0,0
129,571,48,90,673,03,309,00,0,29,-94,77,2,17,0,0,25600,00,12,81,0,0
129,621,48,91,668,28,309,11,0,29,-95,19,2,17,0,0,25600,00,12,86,0,0
129,671,48,92,663,51,309,22,0,29,-95,61,2,17,0,0,25600,00,12,90,0,0
129,721,48,94,658,72,309,33,0,29,-96,03,2,17,0,0,25600,00,12,95,0,0
129,771,48,95,653,91,309,44,0,29,-96,44,2,17,0,0,25600,00,12,99,0,0
129,821,48,97,649,08,309,55,0,29,-96,86,2,17,0,0,25600,00,13,03,0,0
129,871,48,98,644,22,309,66,0,29,-97,27,2,17,0,0,25600,00,13,08,0,0
129,921,49,00,639,35,309,76,0,29,-97,69,2,17,0,0,25600,00,13,12,0,0
129,971,49,01,634,45,309,87,0,29,-98,10,2,16,0,0,25600,00,13,17,0,0
130,021,49,03,629,54,309,98,0,29,-98,51,2,16,0,0,25600,00,13,21,0,0
130,071,49,04,624,60,310,09,0,29,-98,92,2,16,0,0,25600,00,13,25,0,0
130,121,49,06,619,65,310,20,0,29,-99,34,2,16,0,0,25600,00,13,30,0,0
130,171,49,07,614,67,310,30,0,29,-99,75,2,16,0,0,25600,00,13,34,0,0
130,222,49,09,609,67,310,41,0,29,-100,16,2,16,0,0,25600,00,13,38,0,0
130,272,49,10,604,65,310,52,0,29,-100,57,2,16,0,0,25600,00,13,43,0,0
130,322,49,12,599,62,310,63,0,29,-100,97,2,16,0,0,25600,00,13,47,0,0
130,372,49,13,594,56,310,74,0,29,-101,38,2,16,0,0,25600,00,13,51,0,0
130,422,49,15,589,48,310,84,0,29,-101,79,2,16,0,0,25600,00,13,56,0,0
130,472,49,16,584,38,310,95,0,29,-102,20,2,15,0,0,25600,00,13,60,0,0
130,522,49,17,579,26,311,06,0,29,-102,60,2,15,0,0,25600,00,13,64,0,0
130,572,49,19,574,12,311,17,0,29,-103,01,2,15,0,0,25600,00,13,68,0,0
130,622,49,20,568,96,311,27,0,29,-103,41,2,15,0,0,25600,00,13,73,0,0
130,672,49,22,563,78,311,38,0,29,-103,81,2,15,0,0,25600,00,13,77,0,0
130,722,49,23,558,58,311,49,0,29,-104,22,2,15,0,0,25600,00,13,81,0,0
130,772,49,25,553,35,311,60,0,29,-104,62,2,15,0,0,25600,00,13,85,0,0
130,822,49,26,548,11,311,70,0,29,-105,02,2,15,0,0,25600,00,13,89,0,0
130,872,49,28,542,85,311,81,0,29,-105,42,2,15,0,0,25600,00,13,93,0,0
130,922,49,29,537,57,311,92,0,29,-105,82,2,15,0,0,25600,00,13,98,0,0
130,972,49,31,532,27,312,03,0,29,-106,22,2,14,0,0,25600,00,14,02,0,0
131,022,49,32,526,95,312,13,0,29,-106,62,2,14,0,0,25600,00,14,06,0,0
131,072,49,34,521,61,312,24,0,29,-107,01,2,14,0,0,25600,00,14,10,0,0
131,122,49,35,516,25,312,35,0,29,-107,41,2,14,0,0,25600,00,14,14,0,0
131,172,49,36,510,87,312,45,0,29,-107,81,2,14,0,0,25600,00,14,18,0,0
131,222,49,38,505,47,312,56,0,29,-108,20,2,14,0,0,25600,00,14,22,0,0
131,273,49,39,500,05,312,67,0,29,-108,60,2,14,0,0,25600,00,14,26,0,0
131,323,49,41,494,61,312,78,0,29,-108,99,2,14,0,0,25600,00,14,30,0,0
131,373,49,42,489,15,312,88,0,29,-109,38,2,14,0,0,25600,00,14,34,0,0
131,423,49,44,483,67,312,99,0,29,-109,78,2,13,0,0,25600,00,14,38,0,0
131,473,49,45,478,17,313,10,0,29,-110,17,2,13,0,0,25600,00,14,42,0,0
131,523,49,47,472,65,313,20,0,29,-110,56,2,13,0,0,25600,00,14,46,0,0
131,573,49,48,467,11,313,31,0,29,-110,95,2,13,0,0,25600,00,14,50,0,0
131,623,49,50,461,56,313,42,0,29,-111,34,2,13,0,0,25600,00,14,54,0,0
131,673,49,51,455,98,313,52,0,29,-111,73,2,13,0,0,25600,00,14,58,0,0
131,723,49,52,450,38,313,63,0,29,-112,11,2,13,0,0,25600,00,14,62,0,0
131,773,49,54,444,77,313,73,0,29,-112,50,2,13,0,0,25600,00,14,66,0,0
131,823,49,55,439,13,313,84,0,29,-112,89,2,13,0,0,25600,00,14,70,0,0
131,873,49,57,433,48,313,95,0,29,-113,27,2,12,0,0,25600,00,14,74,0,0
131,923,49,58,427,81,314,05,0,29,-113,66,2,12,0,0,25600,00,14,78,0,0
131,973,49,60,422,12,314,16,0,29,-114,04,2,12,0,0,25600,00,14,82,0,0
132,023,49,61,416,40,314,27,0,29,-114,42,2,12,0,0,25600,00,14,86,0,0
132,073,49,63,410,67,314,37,0,29,-114,81,2,12,0,0,25600,00,14,89,0,0
132,123,49,64,404,92,314,48,0,29,-115,19,2,12,0,0,25600,00,14,93,0,0
132,173,49,66,399,15,314,58,0,29,-115,57,2,12,0,0,25600,00,14,97,0,0
132,223,49,67,393,37,314,69,0,29,-115,95,2,12,0,0,25600,00,15,01,0,0
132,274,49,68,387,56,314,80,0,29,-116,33,2,12,0,0,25600,00,15,05,0,0
132,324,49,70,381,73,314,90,0,29,-116,70,2,11,0,0,25600,00,15,08,0,0
132,374,49,71,375,89,315,01,0,29,-117,08,2,11,0,0,25600,00,15,12,0,0
132,424,49,73,370,03,315,11,0,29,-117,46,2,11,0,0,25600,00,15,16,0,0
132,474,49,74,364,14,315,22,0,29,-117,83,2,11,0,0,25600,00,15,20,0,0
132,524,49,76,358,24,315,32,0,29,-118,21,2,11,0,0,25600,00,15,24,0,0
132,574,49,77,352,32,315,43,0,29,-118,58,2,11,0,0,25600,00,15,27,0,0
132,624,49,79,346,38,315,53,0,29,-118,96,2,11,0,0,25600,00,15,31,0,0
132,674,49,80,340,43,315,64,0,29,-119,33,2,11,0,0,25600,00,15,35,0,0
132,724,49,81,334,45,315,75,0,29,-119,70,2,11,0,0,25600,00,15,38,0,0
132,774,49,83,328,46,315,85,0,29,-120,07,2,10,0,0,25600,00,15,42,0,0
132,824,49,84,322,44,315,96,0,29,-120,44,2,10,0,0,25600,00,15,46,0,0
132,874,49,86,316,41,316,06,0,29,-120,81,2,10,0,0,25600,00,15,49,0,0
132,924,49,87,310,36,316,17,0,29,-121,18,2,10,0,0,25600,00,15,53,0,0
132,974,49,89,304,29,316,27,0,29,-121,55,2,10,0,0,25600,00,15,57,0,0
133,024,49,90,298,21,316,38,0,29,-121,91,2,10,0,0,25600,00,15,60,0,0
133,074,49,92,292,10,316,48,0,29,-122,28,2,10,0,0,25600,00,15,64,0,0
133,124,49,93,285,98,316,59,0,29,-122,64,2,10,0,0,25600,00,15,68,0,0
133,174,49,94,279,84,316,69,0,29,-123,01,2,09,0,0,25600,00,15,71,0,0
133,224,49,96,273,68,316,79,0,29,-123,37,2,09,0,0,25600,00,15,75,0,0
133,274,49,97,267,50,316,90,0,29,-123,73,2,09,0,0,25600,00,15,78,0,0
133,325,49,99,261,31,317,00,0,29,-124,10,2,09,0,0,25600,00,15,82,0,0
133,375,50,00,255,09,317,11,0,29,-124,46,2,09,0,0,25600,00,15,85,0,0
133,425,50,02,248,86,317,21,0,29,-124,82,2,09,0,0,25600,00,15,89,0,0
133,475,50,03,242,61,317,32,0,29,-125,18,2,09,0,0,25600,00,15,93,0,0
133,525,50,05,236,34,317,42,0,29,-125,53,2,09,0,0,25600,00,15,96,0,0
133,575,50,06,230,06,317,53,0,29,-125,89,2,09,0,0,25600,00,16,00,0,0
133,625,50,07,223,75,317,63,0,29,-126,25,2,08,0,0,25600,00,16,03,0,0
133,675,50,09,217,43,317,73,0,29,-126,60,2,08,0,0,25600,00,16,07,0,0
133,725,50,10,211,09,317,84,0,29,-126,96,2,08,0,0,25600,00,16,10,0,0
133,775,50,12,204,74,317,94,0,29,-127,31,2,08,0,0,25600,00,16,14,0,0
133,825,50,13,198,36,318,05,0,29,-127,67,2,08,0,0,25600,00,16,17,0,0
133,875,50,15,191,97,318,15,0,29,-128,02,2,08,0,0,25600,00,16,20,0,0
133,925,50,16,185,56,318,25,0,29,-128,37,2,08,0,0,25600,00,16,24,0,0
133,975,50,17,179,13,318,36,0,29,-128,72,2,08,0,0,25600,00,16,27,0,0
134,025,50,19,172,69,318,46,0,29,-129,07,2,07,0,0,25600,00,16,31,0,0
134,075,50,20,166,23,318,57,0,29,-129,42,2,07,0,0,25600,00,16,34,0,0
134,125,50,22,159,75,318,67,0,29,-129,77,2,07,0,0,25600,00,16,38,0,0
134,175,50,23,153,25,318,77,0,29,-130,11,2,07,0,0,25600,00,16,41,0,0
134,225,50,25,146,74,318,88,0,29,-130,46,2,07,0,0,25600,00,16,44,0,0
134,275,50,26,140,20,318,98,0,29,-130,80,2,07,0,0,25600,00,16,48,0,0
134,326,50,27,133,65,319,08,0,29,-131,15,2,07,0,0,25600,00,16,51,0,0
134,376,50,29,127,09,319,19,0,29,-131,49,2,07,0,0,25600,00,16,54,0,0
134,426,50,30,120,51,319,29,0,29,-131,84,2,06,0,0,25600,00,16,58,0,0
134,476,50,32,113,91,319,39,0,29,-132,18,2,06,0,0,25600,00,16,61,0,0
134,526,50,33,107,29,319,50,0,28,-132,52,2,06,0,0,25600,00,16,64,0,0
134,576,50,35,100,65,319,60,0,28,-132,86,2,06,0,0,25600,00,16,68,0,0
134,626,50,36,94,00,319,70,0,28,-133,20,2,06,0,0,25600,00,16,71,0,0
134,676,50,37,87,33,319,80,0,28,-133,54,2,06,0,0,25600,00,16,74,0,0
134,726,50,39,80,65,319,91,0,28,-133,87,2,06,0,0,25600,00,16,77,0,0
134,776,50,40,73,95,320,01,0,28,-134,21,2,05,0,0,25600,00,16,81,0,0
134,826,50,42,67,23,320,11,0,28,-134,54,2,05,0,0,25600,00,16,84,0,0
134,876,50,43,60,49,320,22,0,28,-134,88,2,05,0,0,25600,00,16,87,0,0
134,926,50,45,53,74,320,32,0,28,-135,21,2,05,0,0,25600,00,16,90,0,0
134,976,50,46,46,97,320,42,0,28,-135,55,2,05,0,0,25600,00,16,94,0,0
135,026,50,47,40,19,320,52,0,28,-135,88,2,05,0,0,25600,00,16,97,0,0
135,076,50,49,33,38,320,63,0,28,-136,21,2,05,0,0,25600,00,17,00,0,0
135,126,50,50,26,56,320,73,0,28,-136,54,2,05,0,0,25600,00,17,03,0,0
135,176,50,52,19,73,320,83,0,28,-136,87,2,04,0,0,25600,00,17,06,0,0
135,226,50,53,12,88,320,93,0,28,-137,20,2,04,0,0,25600,00,17,09,0,0
135,276,50,54,6,01,321,03,0,28,-137,52,2,04,0,0,25600,00,17,13,0,0
135,316,50,56,0,50,321,12,0,28,-137,79,2,04,0,0,25600,00,17,15,0,0
135,321,50,56,-0,19,321,13,0,28,-137,82,2,04,0,0,25600,00,17,15,0,0
