time,posX,posY,posZ,velX,velY,velZ,thrust,mass,angleError,fuel
0,050,-1,19,2495,01,-0,27,-23,79,-99,59,-5,35,691855,6,40088,88,5,53,14488,9
0,100,-2,38,2490,04,-0,54,-23,88,-99,18,-5,37,691107,8,40077,54,5,49,14477,5
0,150,-3,58,2485,09,-0,80,-23,98,-98,78,-5,39,690286,6,40066,22,5,41,14466,2
0,200,-4,78,2480,16,-1,07,-24,08,-98,37,-5,42,689371,6,40054,91,5,29,14454,9
0,250,-5,98,2475,25,-1,34,-24,18,-97,97,-5,39,688339,1,40043,62,5,12,14443,6
0,300,-7,20,2470,37,-1,61,-24,29,-97,57,-5,36,687170,1,40032,34,4,88,14432,3
0,350,-8,41,2465,50,-1,88,-24,39,-97,17,-5,35,685846,4,40021,09,4,58,14421,1
0,400,-9,63,2460,65,-2,15,-24,50,-96,77,-5,33,684343,1,40009,86,4,19,14409,9
0,450,-10,86,2455,82,-2,41,-24,62,-96,38,-5,32,682605,8,39998,66,3,69,14398,7
0,500,-12,10,2451,01,-2,68,-24,77,-95,99,-5,31,680542,8,39987,48,3,04,14387,5
0,550,-13,34,2446,22,-2,95,-24,95,-95,61,-5,30,677997,8,39976,35,2,16,14376,4
0,600,-14,59,2441,45,-3,21,-25,18,-95,26,-5,29,674753,0,39965,26,0,95,14365,3
0,650,-15,86,2436,70,-3,47,-25,23,-94,92,-5,28,672953,5,39954,22,0,68,14354,2
0,700,-17,11,2431,96,-3,74,-24,97,-94,57,-5,26,675256,0,39943,17,1,91,14343,2
0,750,-18,35,2427,24,-4,00,-24,76,-94,20,-5,24,676711,4,39932,09,2,80,14332,1
0,800,-19,59,2422,54,-4,26,-24,61,-93,82,-5,25,677587,8,39920,98,3,44,14321,0
0,850,-20,82,2417,86,-4,52,-24,47,-93,43,-5,27,677641,3,39909,87,3,93,14309,9
0,900,-22,04,2413,20,-4,79,-24,36,-93,04,-5,28,676569,9,39898,77,4,31,14298,8
0,950,-23,25,2408,55,-5,05,-24,25,-92,65,-5,29,675310,0,39887,69,4,61,14287,7
1,000,-24,46,2403,93,-5,32,-24,14,-92,27,-5,30,673898,6,39876,63,4,84,14276,6
1,050,-25,66,2399,33,-5,58,-24,03,-91,89,-5,31,672353,4,39865,59,5,01,14265,6
1,100,-26,86,2394,74,-5,85,-23,92,-91,50,-5,32,670693,0,39854,59,5,13,14254,6
1,150,-28,06,2390,18,-6,11,-23,82,-91,12,-5,34,668939,1,39843,61,5,21,14243,6
1,200,-29,25,2385,63,-6,38,-23,72,-90,75,-5,36,667116,1,39832,66,5,25,14232,7
1,250,-30,43,2381,10,-6,65,-23,62,-90,37,-5,35,665244,4,39821,74,5,26,14221,7
1,300,-31,61,2376,59,-6,92,-23,53,-90,00,-5,32,663341,3,39810,85,5,26,14210,9
1,350,-32,78,2372,10,-7,18,-23,44,-89,62,-5,31,661404,3,39799,99,5,24,14200,0
1,400,-33,95,2367,63,-7,45,-23,34,-89,26,-5,29,659416,1,39789,16,5,18,14189,2
1,450,-35,12,2363,18,-7,71,-23,24,-88,89,-5,28,657358,3,39778,37,5,10,14178,4
1,500,-36,27,2358,74,-7,98,-23,13,-88,53,-5,26,655210,9,39767,62,4,96,14167,6
1,550,-37,43,2354,32,-8,24,-23,03,-88,17,-5,24,652956,3,39756,89,4,78,14156,9
1,600,-38,58,2349,92,-8,50,-22,92,-87,81,-5,22,650581,1,39746,21,4,53,14146,2
1,650,-39,72,2345,54,-8,76,-22,82,-87,46,-5,23,648079,1,39735,57,4,23,14135,6
1,700,-40,86,2341,18,-9,02,-22,71,-87,11,-5,24,645428,8,39724,96,3,85,14125,0
1,750,-41,99,2336,83,-9,28,-22,59,-86,76,-5,25,642574,4,39714,41,3,38,14114,4
1,800,-43,12,2332,50,-9,55,-22,46,-86,43,-5,27,639436,5,39703,90,2,77,14103,9
1,850,-44,24,2328,19,-9,81,-22,29,-86,10,-5,27,635892,8,39693,45,1,97,14093,5
1,900,-45,35,2323,89,-10,08,-22,09,-85,78,-5,28,631784,9,39683,06,0,90,14083,1
1,950,-46,45,2319,61,-10,34,-21,99,-85,49,-5,28,628997,3,39672,73,0,60,14072,7
2,000,-47,55,2315,34,-10,60,-22,21,-85,19,-5,29,630425,2,39662,41,1,75,14062,4
2,050,-48,67,2311,09,-10,87,-22,38,-84,87,-5,29,631048,1,39652,07,2,60,14052,1
2,100,-49,79,2306,86,-11,13,-22,51,-84,55,-5,30,631081,0,39641,73,3,24,14041,7
2,150,-50,92,2302,64,-11,40,-22,62,-84,22,-5,31,630722,1,39631,38,3,73,14031,4
2,200,-52,05,2298,43,-11,66,-22,72,-83,89,-5,32,630097,3,39621,05,4,11,14021,1
2,250,-53,19,2294,25,-11,93,-22,81,-83,56,-5,34,629283,3,39610,73,4,42,14010,7
2,300,-54,33,2290,08,-12,20,-22,90,-83,23,-5,33,628324,5,39600,42,4,67,14000,4
2,350,-55,48,2285,92,-12,46,-22,99,-82,91,-5,31,627235,8,39590,13,4,86,13990,1
2,400,-56,63,2281,79,-12,73,-23,08,-82,58,-5,29,626030,1,39579,86,5,00,13979,9
2,450,-57,79,2277,67,-12,99,-23,17,-82,26,-5,28,624722,4,39569,60,5,10,13969,6
2,500,-58,95,2273,56,-13,26,-23,25,-81,93,-5,27,623331,9,39559,38,5,16,13959,4
2,550,-60,11,2269,47,-13,52,-23,33,-81,61,-5,26,621877,1,39549,17,5,18,13949,2
2,600,-61,28,2265,40,-13,78,-23,40,-81,29,-5,24,620376,2,39538,99,5,19,13939,0
2,650,-62,45,2261,34,-14,04,-23,48,-80,97,-5,22,618845,1,39528,83,5,18,13928,8
2,700,-63,63,2257,30,-14,30,-23,56,-80,66,-5,21,617286,8,39518,70,5,16,13918,7
2,750,-64,81,2253,28,-14,56,-23,64,-80,35,-5,23,615688,3,39508,59,5,10,13908,6
2,800,-65,99,2249,27,-14,83,-23,72,-80,03,-5,25,614026,3,39498,52,5,02,13898,5
2,850,-67,18,2245,27,-15,09,-23,80,-79,73,-5,26,612282,4,39488,46,4,89,13888,5
2,900,-68,37,2241,30,-15,35,-23,89,-79,42,-5,27,610440,8,39478,45,4,72,13878,4
2,950,-69,57,2237,33,-15,62,-23,98,-79,12,-5,27,608487,5,39468,45,4,49,13868,5
3,000,-70,77,2233,38,-15,88,-24,06,-78,81,-5,28,606411,3,39458,50,4,21,13858,5
3,050,-71,97,2229,45,-16,14,-24,15,-78,52,-5,29,604202,1,39448,57,3,86,13848,6
3,100,-73,18,2225,53,-16,41,-24,24,-78,22,-5,31,601828,9,39438,69,3,43,13838,7
3,150,-74,40,2221,63,-16,68,-24,35,-77,93,-5,32,599241,1,39428,85,2,89,13828,9
3,200,-75,62,2217,74,-16,94,-24,47,-77,65,-5,30,596362,8,39419,05,2,21,13819,1
3,250,-76,85,2213,86,-17,21,-24,62,-77,37,-5,29,593081,4,39409,30,1,32,13809,3
3,300,-78,08,2210,00,-17,47,-24,81,-77,11,-5,28,589329,0,39399,61,0,22,13799,6
3,350,-79,32,2206,15,-17,73,-24,64,-76,86,-5,27,589662,2,39389,95,1,11,13790,0
3,400,-80,55,2202,32,-18,00,-24,48,-76,59,-5,26,590455,3,39380,28,2,00,13780,3
3,450,-81,77,2198,49,-18,26,-24,34,-76,32,-5,25,590710,7,39370,59,2,68,13770,6
3,500,-82,98,2194,68,-18,52,-24,23,-76,04,-5,25,590591,4,39360,91,3,21,13760,9
3,550,-84,19,2190,89,-18,78,-24,13,-75,76,-5,24,590209,5,39351,23,3,63,13751,2
3,600,-85,39,2187,11,-19,05,-24,03,-75,48,-5,23,589633,9,39341,56,3,97,13741,6
3,650,-86,59,2183,34,-19,31,-23,94,-75,20,-5,21,588910,2,39331,90,4,25,13731,9
3,700,-87,79,2179,59,-19,57,-23,85,-74,92,-5,20,588060,6,39322,25,4,47,13722,3
3,750,-88,98,2175,85,-19,83,-23,76,-74,65,-5,18,587097,4,39312,62,4,64,13712,6
3,800,-90,17,2172,12,-20,09,-23,67,-74,37,-5,18,586038,3,39303,00,4,77,13703,0
3,850,-91,35,2168,41,-20,34,-23,59,-74,10,-5,19,584899,6,39293,41,4,86,13693,4
3,900,-92,52,2164,71,-20,60,-23,50,-73,82,-5,21,583691,4,39283,83,4,92,13683,8
3,950,-93,70,2161,03,-20,87,-23,42,-73,55,-5,22,582428,6,39274,27,4,96,13674,3
4,000,-94,87,2157,36,-21,13,-23,34,-73,28,-5,23,581328,0,39264,73,4,97,13664,7
4,050,-96,03,2153,70,-21,39,-23,27,-73,01,-5,24,580321,1,39255,21,4,97,13655,2
4,100,-97,19,2150,06,-21,65,-23,19,-72,74,-5,25,579284,6,39245,70,4,95,13645,7
4,150,-98,35,2146,43,-21,91,-23,11,-72,47,-5,26,578207,7,39236,22,4,91,13636,2
4,200,-99,50,2142,81,-22,18,-23,03,-72,21,-5,28,577078,2,39226,75,4,85,13626,8
4,250,-100,65,2139,21,-22,44,-22,94,-71,94,-5,29,575884,4,39217,30,4,76,13617,3
4,300,-101,80,2135,62,-22,71,-22,85,-71,68,-5,27,574610,2,39207,87,4,63,13607,9
4,350,-102,94,2132,04,-22,97,-22,77,-71,42,-5,26,573244,8,39198,46,4,46,13598,5
4,400,-104,07,2128,47,-23,23,-22,68,-71,16,-5,24,571775,8,39189,07,4,24,13589,1
4,450,-105,21,2124,92,-23,49,-22,59,-70,91,-5,23,570194,2,39179,71,3,97,13579,7
4,500,-106,33,2121,38,-23,75,-22,51,-70,65,-5,22,568489,1,39170,38,3,64,13570,4
4,550,-107,46,2117,86,-24,01,-22,42,-70,40,-5,22,566633,5,39161,08,3,24,13561,1
4,600,-108,58,2114,34,-24,28,-22,32,-70,15,-5,21,564583,9,39151,80,2,75,13551,8
4,650,-109,69,2110,84,-24,54,-22,21,-69,91,-5,20,562278,8,39142,57,2,14,13542,6
4,700,-110,80,2107,35,-24,80,-22,07,-69,67,-5,19,559626,7,39133,38,1,37,13533,4
4,750,-111,90,2103,87,-25,05,-21,92,-69,45,-5,18,556522,0,39124,23,0,38,13524,2
4,800,-112,99,2100,41,-25,31,-21,98,-69,23,-5,17,556233,8,39115,12,0,77,13515,1
4,850,-114,09,2096,95,-25,57,-22,12,-69,00,-5,16,557587,5,39105,98,1,64,13506,0
4,900,-115,20,2093,51,-25,83,-22,23,-68,76,-5,16,558439,9,39096,84,2,31,13496,8
4,950,-116,32,2090,07,-26,09,-22,32,-68,52,-5,17,558930,0,39087,68,2,84,13487,7
5,000,-117,43,2086,65,-26,35,-22,40,-68,28,-5,18,559156,5,39078,51,3,27,13478,5
5,050,-118,56,2083,25,-26,61,-22,48,-68,04,-5,19,559184,4,39069,34,3,62,13469,3
5,100,-119,68,2079,85,-26,86,-22,55,-67,80,-5,19,559059,1,39060,17,3,90,13460,2
5,150,-120,81,2076,47,-27,12,-22,62,-67,55,-5,20,558807,3,39051,01,4,14,13451,0
5,200,-121,94,2073,09,-27,38,-22,70,-67,31,-5,21,558441,3,39041,85,4,32,13441,9
5,250,-123,08,2069,73,-27,65,-22,77,-67,07,-5,21,557973,4,39032,70,4,47,13432,7
5,300,-124,22,2066,39,-27,91,-22,84,-66,83,-5,22,557415,2,39023,56,4,57,13423,6
5,350,-125,36,2063,05,-28,17,-22,91,-66,59,-5,23,556780,4,39014,43,4,64,13414,4
5,400,-126,51,2059,73,-28,43,-22,98,-66,35,-5,25,556083,6,39005,30,4,69,13405,3
5,450,-127,66,2056,42,-28,69,-23,04,-66,11,-5,24,555338,1,38996,20,4,72,13396,2
5,500,-128,82,2053,12,-28,95,-23,10,-65,87,-5,23,554615,0,38987,09,4,73,13387,1
5,550,-129,97,2049,83,-29,21,-23,16,-65,64,-5,21,553942,4,38978,01,4,73,13378,0
5,600,-131,13,2046,55,-29,47,-23,22,-65,40,-5,20,553242,3,38968,93,4,71,13368,9
5,650,-132,30,2043,29,-29,73,-23,29,-65,16,-5,19,552506,0,38959,87,4,68,13359,9
5,700,-133,46,2040,04,-29,99,-23,35,-64,93,-5,18,551723,8,38950,82,4,63,13350,8
5,750,-134,63,2036,80,-30,25,-23,42,-64,70,-5,17,550883,1,38941,78,4,55,13341,8
5,800,-135,80,2033,57,-30,51,-23,49,-64,46,-5,16,549972,2,38932,76,4,44,13332,8
5,850,-136,98,2030,35,-30,77,-23,56,-64,23,-5,15,548979,3,38923,75,4,30,13323,8
5,900,-138,16,2027,14,-31,03,-23,63,-64,01,-5,13,547894,9,38914,76,4,11,13314,8
5,950,-139,34,2023,95,-31,28,-23,70,-63,78,-5,14,546713,7,38905,79,3,88,13305,8
6,000,-140,53,2020,77,-31,54,-23,77,-63,55,-5,16,545421,9,38896,84,3,60,13296,8
6,050,-141,72,2017,59,-31,80,-23,84,-63,33,-5,16,544007,3,38887,91,3,26,13287,9
6,100,-142,91,2014,43,-32,06,-23,92,-63,10,-5,17,542444,8,38879,00,2,85,13279,0
6,150,-144,11,2011,28,-32,32,-24,00,-62,88,-5,18,540696,8,38870,13,2,36,13270,1
6,200,-145,31,2008,14,-32,58,-24,09,-62,67,-5,18,538711,9,38861,28,1,75,13261,3
6,250,-146,52,2005,02,-32,83,-24,21,-62,46,-5,19,536420,3,38852,47,0,98,13252,5
6,300,-147,73,2001,90,-33,09,-24,34,-62,26,-5,19,533911,4,38843,70,0,18,13243,7
6,350,-148,95,1998,79,-33,35,-24,19,-62,06,-5,19,534885,2,38834,94,0,99,13234,9
6,400,-150,15,1995,69,-33,61,-24,07,-61,85,-5,20,535932,8,38826,16,1,73,13226,2
6,450,-151,36,1992,61,-33,87,-23,97,-61,64,-5,20,536617,7,38817,36,2,31,13217,4
6,500,-152,55,1989,53,-34,13,-23,88,-61,42,-5,21,537031,9,38808,56,2,78,13208,6
6,550,-153,74,1986,46,-34,39,-23,80,-61,21,-5,22,537240,8,38799,76,3,16,13199,8
6,600,-154,93,1983,41,-34,66,-23,73,-60,99,-5,23,537290,1,38790,95,3,48,13191,0
6,650,-156,12,1980,36,-34,92,-23,65,-60,78,-5,21,537208,3,38782,14,3,75,13182,1
6,700,-157,30,1977,33,-35,18,-23,58,-60,56,-5,20,537008,8,38773,33,3,97,13173,3
6,750,-158,47,1974,31,-35,44,-23,50,-60,34,-5,19,536702,3,38764,53,4,14,13164,5
6,800,-159,65,1971,30,-35,70,-23,42,-60,13,-5,18,536301,9,38755,73,4,27,13155,7
6,850,-160,82,1968,30,-35,96,-23,35,-59,91,-5,18,535819,8,38746,95,4,37,13147,0
6,900,-161,98,1965,31,-36,21,-23,28,-59,70,-5,17,535268,5,38738,17,4,44,13138,2
6,950,-163,15,1962,33,-36,47,-23,21,-59,49,-5,16,534659,9,38729,40,4,49,13129,4
7,000,-164,30,1959,36,-36,73,-23,14,-59,27,-5,15,534006,1,38720,64,4,51,13120,6
7,050,-165,46,1956,40,-36,99,-23,08,-59,06,-5,14,533318,0,38711,89,4,52,13111,9
7,100,-166,61,1953,45,-37,24,-23,01,-58,85,-5,12,532605,4,38703,16,4,52,13103,2
7,150,-167,76,1950,51,-37,50,-22,95,-58,64,-5,13,531875,9,38694,43,4,52,13094,4
7,200,-168,91,1947,59,-37,76,-22,88,-58,43,-5,14,531120,4,38685,71,4,50,13085,7
7,250,-170,05,1944,67,-38,01,-22,82,-58,22,-5,15,530327,7,38677,02,4,46,13077,0
7,300,-171,19,1941,77,-38,27,-22,75,-58,01,-5,16,529488,4,38668,33,4,40,13068,3
7,350,-172,32,1938,87,-38,53,-22,68,-57,80,-5,17,528592,3,38659,66,4,32,13059,7
7,400,-173,46,1935,98,-38,79,-22,60,-57,60,-5,17,527628,8,38651,00,4,20,13051,0
7,450,-174,58,1933,11,-39,05,-22,53,-57,40,-5,18,526588,6,38642,36,4,06,13042,4
7,500,-175,71,1930,25,-39,31,-22,46,-57,19,-5,18,525461,3,38633,73,3,87,13033,7
7,550,-176,83,1927,39,-39,57,-22,38,-56,99,-5,19,524236,8,38625,13,3,63,13025,1
7,600,-177,95,1924,55,-39,82,-22,31,-56,79,-5,20,522907,7,38616,55,3,35,13016,6
7,650,-179,06,1921,71,-40,09,-22,24,-56,59,-5,20,521464,9,38607,99,3,02,13008,0
7,700,-180,17,1918,89,-40,35,-22,16,-56,40,-5,19,519884,4,38599,45,2,62,12999,5
7,750,-181,28,1916,07,-40,60,-22,08,-56,21,-5,18,518133,4,38590,95,2,15,12991,0
7,800,-182,38,1913,27,-40,86,-21,99,-56,02,-5,17,516165,3,38582,47,1,57,12982,5
7,850,-183,48,1910,47,-41,12,-21,88,-55,83,-5,17,513919,3,38574,03,0,85,12974,0
7,900,-184,57,1907,68,-41,38,-21,76,-55,66,-5,16,511559,1,38565,63,0,18,12965,6
7,950,-185,66,1904,90,-41,64,-21,88,-55,48,-5,16,512687,2,38557,23,0,97,12957,2
8,000,-186,75,1902,13,-41,90,-21,98,-55,30,-5,15,513755,7,38548,81,1,66,12948,8
8,050,-187,86,1899,37,-42,15,-22,06,-55,11,-5,15,514490,8,38540,38,2,21,12940,4
8,100,-188,96,1896,62,-42,41,-22,13,-54,92,-5,14,514974,4,38531,95,2,67,12932,0
8,150,-190,07,1893,88,-42,67,-22,20,-54,73,-5,13,515263,2,38523,50,3,04,12923,5
8,200,-191,18,1891,15,-42,92,-22,27,-54,54,-5,12,515398,4,38515,05,3,35,12915,1
8,250,-192,30,1888,43,-43,18,-22,33,-54,35,-5,11,515409,1,38506,60,3,61,12906,6
8,300,-193,41,1885,71,-43,44,-22,39,-54,17,-5,10,515308,4,38498,16,3,83,12898,2
8,350,-194,53,1883,01,-43,69,-22,46,-53,98,-5,10,515109,5,38489,71,4,00,12889,7
8,400,-195,66,1880,32,-43,95,-22,52,-53,79,-5,11,514823,2,38481,27,4,14,12881,3
8,450,-196,79,1877,63,-44,20,-22,58,-53,60,-5,12,514457,7,38472,83,4,24,12872,8
8,500,-197,92,1874,96,-44,46,-22,64,-53,41,-5,13,514024,1,38464,40,4,31,12864,4
8,550,-199,05,1872,29,-44,71,-22,70,-53,22,-5,13,513533,1,38455,98,4,36,12856,0
8,600,-200,19,1869,64,-44,97,-22,76,-53,03,-5,14,512995,5,38447,56,4,39,12847,6
8,650,-201,33,1866,99,-45,23,-22,81,-52,84,-5,15,512421,3,38439,16,4,41,12839,2
8,700,-202,47,1864,35,-45,49,-22,86,-52,66,-5,15,511819,3,38430,76,4,42,12830,8
8,750,-203,61,1861,72,-45,74,-22,92,-52,47,-5,16,511196,7,38422,38,4,41,12822,4
8,800,-204,76,1859,10,-46,00,-22,97,-52,29,-5,17,510553,7,38414,00,4,40,12814,0
8,850,-205,91,1856,49,-46,26,-23,03,-52,10,-5,18,509885,0,38405,64,4,37,12805,6
8,900,-207,06,1853,89,-46,52,-23,08,-51,92,-5,17,509182,6,38397,29,4,33,12797,3
8,950,-208,22,1851,30,-46,78,-23,14,-51,73,-5,16,508438,0,38388,94,4,27,12788,9
9,000,-209,38,1848,72,-47,04,-23,20,-51,55,-5,15,507641,3,38380,62,4,18,12780,6
9,050,-210,54,1846,15,-47,29,-23,26,-51,37,-5,14,506782,8,38372,30,4,07,12772,3
9,100,-211,70,1843,58,-47,55,-23,32,-51,19,-5,14,505851,7,38364,00,3,92,12764,0
9,150,-212,87,1841,03,-47,81,-23,38,-51,02,-5,13,504837,8,38355,71,3,73,12755,7
9,200,-214,04,1838,48,-48,06,-23,45,-50,84,-5,12,503731,4,38347,45,3,50,12747,5
9,250,-215,22,1835,94,-48,32,-23,51,-50,66,-5,12,502524,0,38339,20,3,22,12739,2
9,300,-216,39,1833,41,-48,58,-23,57,-50,49,-5,11,501207,7,38330,98,2,89,12731,0
9,350,-217,57,1830,89,-48,83,-23,63,-50,32,-5,10,499765,5,38322,77,2,51,12722,8
9,400,-218,76,1828,38,-49,08,-23,70,-50,15,-5,09,498169,5,38314,59,2,04,12714,6
9,450,-219,94,1825,88,-49,34,-23,78,-49,98,-5,08,496384,8,38306,44,1,48,12706,4
9,500,-221,13,1823,38,-49,59,-23,86,-49,82,-5,09,494368,1,38298,32,0,80,12698,3
9,550,-222,33,1820,90,-49,85,-23,97,-49,66,-5,10,492198,5,38290,23,0,13,12690,2
9,600,-223,52,1818,42,-50,10,-23,85,-49,51,-5,10,493146,0,38282,16,0,88,12682,2
9,650,-224,71,1815,95,-50,36,-23,76,-49,35,-5,11,494047,2,38274,07,1,54,12674,1
9,700,-225,90,1813,48,-50,61,-23,68,-49,19,-5,11,494667,4,38265,96,2,07,12666,0
9,750,-227,08,1811,03,-50,87,-23,60,-49,02,-5,12,495069,9,38257,84,2,51,12657,9
9,800,-228,26,1808,58,-51,13,-23,53,-48,85,-5,12,495299,9,38249,73,2,88,12649,7
9,850,-229,44,1806,14,-51,38,-23,47,-48,69,-5,13,495391,4,38241,61,3,19,12641,6
9,900,-230,61,1803,71,-51,64,-23,40,-48,52,-5,14,495366,3,38233,48,3,45,12633,5
9,950,-231,78,1801,29,-51,90,-23,33,-48,36,-5,14,495234,6,38225,36,3,66,12625,4
10,000,-232,94,1798,88,-52,15,-23,27,-48,19,-5,15,495006,3,38217,25,3,83,12617,3
10,050,-234,10,1796,47,-52,41,-23,20,-48,02,-5,16,494692,1,38209,13,3,97,12609,1
10,100,-235,26,1794,07,-52,67,-23,13,-47,86,-5,17,494304,7,38201,02,4,07,12601,0
10,150,-236,42,1791,69,-52,93,-23,07,-47,69,-5,17,493855,6,38192,93,4,15,12592,9
10,200,-237,57,1789,30,-53,19,-23,01,-47,53,-5,16,493355,5,38184,84,4,20,12584,8
10,250,-238,72,1786,93,-53,44,-22,95,-47,37,-5,14,492814,1,38176,75,4,24,12576,8
10,300,-239,86,1784,57,-53,70,-22,89,-47,20,-5,13,492239,5,38168,68,4,26,12568,7
10,350,-241,01,1782,21,-53,96,-22,84,-47,04,-5,13,491639,2,38160,61,4,27,12560,6
10,400,-242,15,1779,86,-54,21,-22,78,-46,88,-5,12,491019,6,38152,55,4,28,12552,6
10,450,-243,28,1777,52,-54,47,-22,72,-46,72,-5,11,490383,8,38144,51,4,27,12544,5
10,500,-244,42,1775,19,-54,72,-22,67,-46,55,-5,11,489727,6,38136,48,4,25,12536,5
10,550,-245,55,1772,87,-54,98,-22,61,-46,39,-5,10,489044,7,38128,46,4,22,12528,5
10,600,-246,68,1770,55,-55,23,-22,55,-46,24,-5,09,488328,3,38120,45,4,18,12520,5
10,650,-247,81,1768,25,-55,49,-22,49,-46,08,-5,08,487570,5,38112,45,4,12,12512,5
10,700,-248,93,1765,95,-55,74,-22,43,-45,92,-5,07,486763,3,38104,46,4,03,12504,5
10,750,-250,05,1763,65,-55,99,-22,36,-45,77,-5,06,485899,3,38096,49,3,92,12496,5
10,800,-251,16,1761,37,-56,25,-22,30,-45,61,-5,07,484972,4,38088,53,3,77,12488,5
10,850,-252,28,1759,09,-56,50,-22,23,-45,46,-5,08,483969,8,38080,59,3,59,12480,6
10,900,-253,39,1756,82,-56,76,-22,17,-45,31,-5,09,482881,8,38072,66,3,37,12472,7
10,950,-254,49,1754,56,-57,01,-22,10,-45,16,-5,10,481701,3,38064,76,3,11,12464,8
11,000,-255,60,1752,31,-57,27,-22,04,-45,01,-5,10,480422,3,38056,88,2,80,12456,9
11,050,-256,70,1750,06,-57,52,-21,98,-44,86,-5,11,479030,6,38049,01,2,43,12449,0
11,100,-257,80,1747,82,-57,78,-21,91,-44,71,-5,11,477502,8,38041,17,2,00,12441,2
11,150,-258,89,1745,59,-58,03,-21,84,-44,57,-5,11,475808,5,38033,36,1,48,12433,4
11,200,-259,98,1743,36,-58,29,-21,76,-44,43,-5,12,473910,2,38025,57,0,87,12425,6
11,250,-261,06,1741,15,-58,54,-21,66,-44,30,-5,12,471821,8,38017,82,0,17,12417,8
11,300,-262,15,1738,93,-58,80,-21,72,-44,17,-5,13,472273,8,38010,09,0,72,12410,1
11,350,-263,24,1736,73,-59,06,-21,80,-44,03,-5,13,473272,3,38002,34,1,36,12402,3
11,400,-264,33,1734,53,-59,31,-21,87,-43,89,-5,14,474009,0,37994,57,1,89,12394,6
11,450,-265,42,1732,34,-59,57,-21,93,-43,75,-5,15,474537,3,37986,79,2,33,12386,8
11,500,-266,52,1730,16,-59,83,-21,99,-43,61,-5,14,474897,4,37979,01,2,70,12379,0
11,550,-267,62,1727,98,-60,08,-22,05,-43,47,-5,13,475121,4,37971,22,3,02,12371,2
11,600,-268,73,1725,81,-60,34,-22,10,-43,33,-5,12,475232,3,37963,43,3,29,12363,4
11,650,-269,83,1723,65,-60,60,-22,16,-43,18,-5,11,475240,4,37955,64,3,51,12355,6
11,700,-270,94,1721,49,-60,85,-22,22,-43,04,-5,11,475153,8,37947,84,3,69,12347,8
11,750,-272,05,1719,34,-61,11,-22,27,-42,90,-5,10,474981,6,37940,05,3,84,12340,1
11,800,-273,17,1717,20,-61,36,-22,33,-42,76,-5,09,474733,1,37932,27,3,95,12332,3
11,850,-274,29,1715,07,-61,62,-22,38,-42,61,-5,09,474418,8,37924,49,4,04,12324,5
11,900,-275,41,1712,94,-61,87,-22,44,-42,47,-5,08,474048,6,37916,71,4,10,12316,7
11,950,-276,53,1710,82,-62,12,-22,49,-42,33,-5,07,473633,2,37908,95,4,14,12309,0
12,000,-277,66,1708,71,-62,38,-22,54,-42,19,-5,06,473181,7,37901,19,4,17,12301,2
12,050,-278,78,1706,60,-62,63,-22,59,-42,05,-5,07,472705,2,37893,43,4,18,12293,4
12,100,-279,91,1704,50,-62,88,-22,63,-41,91,-5,08,472210,7,37885,69,4,19,12285,7
12,150,-281,05,1702,41,-63,14,-22,68,-41,77,-5,08,471703,2,37877,95,4,19,12278,0
12,200,-282,18,1700,32,-63,39,-22,72,-41,63,-5,09,471182,6,37870,22,4,18,12270,2
12,250,-283,32,1698,25,-63,65,-22,77,-41,49,-5,09,470644,4,37862,50,4,16,12262,5
12,300,-284,46,1696,18,-63,90,-22,82,-41,35,-5,10,470083,0,37854,79,4,13,12254,8
12,350,-285,60,1694,11,-64,16,-22,87,-41,22,-5,10,469491,7,37847,09,4,08,12247,1
12,400,-286,75,1692,05,-64,41,-22,93,-41,08,-5,10,468863,2,37839,40,4,02,12239,4
12,450,-287,89,1690,00,-64,67,-22,98,-40,95,-5,11,468188,8,37831,72,3,93,12231,7
12,500,-289,05,1687,96,-64,92,-23,03,-40,81,-5,12,467459,7,37824,05,3,81,12224,1
12,550,-290,20,1685,92,-65,18,-23,09,-40,68,-5,13,466667,9,37816,39,3,67,12216,4
12,600,-291,35,1683,89,-65,43,-23,14,-40,55,-5,12,465803,4,37808,75,3,49,12208,8
12,650,-292,51,1681,87,-65,69,-23,20,-40,42,-5,11,464859,5,37801,13,3,27,12201,1
12,700,-293,67,1679,85,-65,94,-23,25,-40,29,-5,10,463828,7,37793,51,3,00,12193,5
12,750,-294,84,1677,84,-66,20,-23,31,-40,16,-5,09,462704,4,37785,92,2,70,12185,9
12,800,-296,00,1675,83,-66,45,-23,36,-40,03,-5,09,461477,7,37778,34,2,34,12178,3
12,850,-297,17,1673,83,-66,71,-23,42,-39,91,-5,08,460128,8,37770,79,1,92,12170,8
12,900,-298,35,1671,84,-66,96,-23,48,-39,78,-5,08,458631,6,37763,26,1,42,12163,3
12,950,-299,52,1669,86,-67,22,-23,55,-39,66,-5,08,456954,9,37755,76,0,83,12155,8
13,000,-300,70,1667,88,-67,47,-23,62,-39,55,-5,07,455079,3,37748,28,0,15,12148,3
13,050,-301,88,1665,90,-67,72,-23,57,-39,43,-5,07,455433,7,37740,82,0,64,12140,8
13,100,-303,06,1663,93,-67,98,-23,49,-39,32,-5,06,456347,8,37733,34,1,25,12133,4
13,150,-304,23,1661,97,-68,23,-23,42,-39,20,-5,06,457034,6,37725,86,1,77,12125,9
13,200,-305,40,1660,01,-68,48,-23,36,-39,08,-5,06,457539,4,37718,36,2,20,12118,4
13,250,-306,57,1658,06,-68,74,-23,30,-38,95,-5,06,457896,0,37710,86,2,56,12110,9
13,300,-307,73,1656,12,-68,99,-23,24,-38,83,-5,07,458129,7,37703,35,2,87,12103,4
13,350,-308,89,1654,18,-69,24,-23,18,-38,71,-5,07,458258,5,37695,84,3,14,12095,8
13,400,-310,05,1652,25,-69,50,-23,12,-38,58,-5,08,458290,2,37688,33,3,36,12088,3
13,450,-311,20,1650,32,-69,75,-23,06,-38,46,-5,08,458232,6,37680,82,3,54,12080,8
13,500,-312,36,1648,40,-70,00,-23,00,-38,34,-5,08,458094,9,37673,31,3,68,12073,3
13,550,-313,50,1646,49,-70,26,-22,95,-38,22,-5,09,457886,4,37665,80,3,80,12065,8
13,600,-314,65,1644,58,-70,51,-22,89,-38,09,-5,09,457617,4,37658,29,3,89,12058,3
13,650,-315,79,1642,68,-70,77,-22,83,-37,97,-5,10,457297,3,37650,79,3,95,12050,8
13,700,-316,93,1640,78,-71,02,-22,78,-37,85,-5,09,456934,7,37643,30,4,00,12043,3
13,750,-318,07,1638,89,-71,28,-22,73,-37,73,-5,08,456538,8,37635,81,4,03,12035,8
13,800,-319,21,1637,01,-71,53,-22,67,-37,61,-5,08,456117,0,37628,33,4,04,12028,3
13,850,-320,34,1635,13,-71,78,-22,62,-37,48,-5,07,455675,5,37620,86,4,05,12020,9
13,900,-321,47,1633,26,-72,04,-22,57,-37,36,-5,07,455219,5,37613,39,4,05,12013,4
13,950,-322,60,1631,39,-72,29,-22,53,-37,24,-5,06,454750,2,37605,93,4,05,12005,9
14,000,-323,72,1629,53,-72,54,-22,47,-37,12,-5,06,454263,6,37598,48,4,03,11998,5
14,050,-324,84,1627,68,-72,80,-22,42,-37,00,-5,05,453754,9,37591,04,4,00,11991,0
14,100,-325,96,1625,83,-73,05,-22,37,-36,89,-5,05,453219,0,37583,61,3,96,11983,6
14,150,-327,08,1623,99,-73,30,-22,32,-36,77,-5,05,452649,3,37576,18,3,91,11976,2
14,200,-328,20,1622,16,-73,55,-22,26,-36,65,-5,06,452036,7,37568,77,3,83,11968,8
14,250,-329,31,1620,33,-73,81,-22,20,-36,54,-5,06,451372,8,37561,36,3,72,11961,4
14,300,-330,42,1618,50,-74,06,-22,15,-36,42,-5,07,450649,8,37553,97,3,59,11954,0
14,350,-331,52,1616,69,-74,31,-22,09,-36,31,-5,07,449860,1,37546,59,3,43,11946,6
14,400,-332,62,1614,87,-74,57,-22,03,-36,20,-5,07,448996,5,37539,22,3,23,11939,2
14,450,-333,72,1613,07,-74,82,-21,97,-36,08,-5,08,448052,8,37531,87,2,99,11931,9
14,500,-334,82,1611,26,-75,07,-21,92,-35,97,-5,08,447024,1,37524,53,2,71,11924,5
14,550,-335,92,1609,47,-75,33,-21,86,-35,86,-5,08,445904,3,37517,21,2,38,11917,2
14,600,-337,01,1607,68,-75,58,-21,80,-35,76,-5,07,444679,4,37509,91,2,01,11909,9
14,650,-338,10,1605,89,-75,84,-21,74,-35,65,-5,07,443328,8,37502,63,1,56,11902,6
14,700,-339,18,1604,11,-76,09,-21,68,-35,55,-5,06,441826,5,37495,38,1,04,11895,4
14,750,-340,26,1602,34,-76,34,-21,61,-35,45,-5,06,440143,6,37488,15,0,43,11888,2
14,800,-341,34,1600,57,-76,60,-21,59,-35,35,-5,06,439219,2,37480,95,0,29,11881,0
14,850,-342,42,1598,80,-76,85,-21,66,-35,25,-5,06,440267,6,37473,74,0,91,11873,7
14,900,-343,51,1597,04,-77,10,-21,72,-35,15,-5,06,441107,2,37466,51,1,43,11866,5
14,950,-344,60,1595,29,-77,35,-21,77,-35,05,-5,05,441765,3,37459,27,1,87,11859,3
15,000,-345,69,1593,54,-77,61,-21,82,-34,94,-5,05,442274,7,37452,03,2,24,11852,0
15,050,-346,78,1591,79,-77,86,-21,87,-34,84,-5,04,442660,5,37444,77,2,56,11844,8
15,100,-347,87,1590,05,-78,11,-21,92,-34,73,-5,04,442943,3,37437,51,2,84,11837,5
15,150,-348,97,1588,32,-78,36,-21,97,-34,63,-5,03,443133,1,37430,25,3,07,11830,3
15,200,-350,07,1586,59,-78,61,-22,02,-34,52,-5,03,443237,4,37422,98,3,27,11823,0
15,250,-351,17,1584,87,-78,87,-22,07,-34,41,-5,04,443261,8,37415,71,3,42,11815,7
15,300,-352,28,1583,15,-79,12,-22,12,-34,31,-5,04,443213,4,37408,45,3,55,11808,5
15,350,-353,38,1581,44,-79,37,-22,17,-34,20,-5,05,443100,4,37401,18,3,65,11801,2
15,400,-354,49,1579,73,-79,62,-22,22,-34,10,-5,05,442931,8,37393,92,3,72,11793,9
15,450,-355,61,1578,03,-79,87,-22,26,-33,99,-5,05,442716,4,37386,66,3,78,11786,7
15,500,-356,72,1576,33,-80,13,-22,31,-33,88,-5,06,442462,7,37379,41,3,81,11779,4
15,550,-357,84,1574,64,-80,38,-22,35,-33,78,-5,06,442178,0,37372,15,3,84,11772,2
15,600,-358,96,1572,95,-80,63,-22,39,-33,67,-5,07,441869,3,37364,91,3,85,11764,9
15,650,-360,08,1571,27,-80,89,-22,44,-33,57,-5,06,441541,6,37357,66,3,85,11757,7
15,700,-361,20,1569,60,-81,14,-22,48,-33,46,-5,06,441199,5,37350,43,3,85,11750,4
15,750,-362,32,1567,93,-81,39,-22,52,-33,36,-5,05,440843,6,37343,20,3,84,11743,2
15,800,-363,45,1566,26,-81,65,-22,56,-33,25,-5,05,440469,2,37335,98,3,82,11736,0
15,850,-364,58,1564,60,-81,90,-22,60,-33,15,-5,04,440070,9,37328,76,3,79,11728,8
15,900,-365,71,1562,95,-82,15,-22,65,-33,05,-5,04,439643,1,37321,55,3,74,11721,6
15,950,-366,85,1561,30,-82,40,-22,70,-32,94,-5,03,439178,4,37314,34,3,68,11714,3
16,000,-367,98,1559,65,-82,65,-22,74,-32,84,-5,03,438669,8,37307,15,3,59,11707,2
16,050,-369,12,1558,01,-82,90,-22,79,-32,74,-5,02,438109,9,37299,96,3,48,11700,0
16,100,-370,26,1556,38,-83,16,-22,84,-32,64,-5,02,437492,5,37292,79,3,34,11692,8
16,150,-371,40,1554,75,-83,41,-22,89,-32,54,-5,03,436809,3,37285,62,3,17,11685,6
16,200,-372,55,1553,12,-83,66,-22,94,-32,44,-5,03,436052,3,37278,46,2,96,11678,5
16,250,-373,70,1551,50,-83,91,-22,99,-32,34,-5,04,435215,3,37271,32,2,71,11671,3
16,300,-374,85,1549,89,-84,16,-23,03,-32,25,-5,04,434293,3,37264,20,2,43,11664,2
16,350,-376,00,1548,28,-84,41,-23,08,-32,15,-5,04,433281,8,37257,09,2,09,11657,1
16,400,-377,16,1546,67,-84,67,-23,13,-32,06,-5,05,432167,4,37249,99,1,71,11650,0
16,450,-378,31,1545,07,-84,92,-23,18,-31,97,-5,05,430931,4,37242,92,1,26,11642,9
16,500,-379,47,1543,48,-85,17,-23,23,-31,88,-5,05,429551,2,37235,87,0,74,11635,9
16,550,-380,64,1541,89,-85,42,-23,29,-31,79,-5,05,427997,5,37228,84,0,12,11628,8
16,600,-381,80,1540,30,-85,68,-23,25,-31,70,-5,05,428282,5,37221,82,0,52,11621,8
16,650,-382,96,1538,72,-85,93,-23,19,-31,61,-5,05,429147,4,37214,79,1,06,11614,8
16,700,-384,12,1537,14,-86,18,-23,14,-31,52,-5,04,429834,9,37207,75,1,52,11607,8
16,750,-385,28,1535,56,-86,43,-23,08,-31,43,-5,04,430374,3,37200,70,1,92,11600,7
16,800,-386,43,1534,00,-86,68,-23,03,-31,34,-5,03,430791,0,37193,64,2,26,11593,6
16,850,-387,58,1532,43,-86,94,-22,98,-31,25,-5,03,431103,6,37186,57,2,55,11586,6
16,900,-388,73,1530,87,-87,19,-22,93,-31,15,-5,03,431322,6,37179,50,2,80,11579,5
16,950,-389,87,1529,32,-87,44,-22,88,-31,06,-5,02,431453,6,37172,43,3,00,11572,4
17,000,-391,01,1527,76,-87,69,-22,83,-30,97,-5,01,431503,5,37165,36,3,18,11565,4
17,050,-392,15,1526,22,-87,94,-22,77,-30,87,-5,01,431480,3,37158,29,3,32,11558,3
17,100,-393,29,1524,68,-88,19,-22,72,-30,78,-5,01,431393,5,37151,22,3,43,11551,2
17,150,-394,43,1523,14,-88,44,-22,67,-30,69,-5,01,431251,5,37144,15,3,51,11544,2
17,200,-395,56,1521,61,-88,69,-22,62,-30,59,-5,02,431061,2,37137,08,3,58,11537,1
17,250,-396,69,1520,08,-88,94,-22,57,-30,50,-5,02,430830,6,37130,02,3,62,11530,0
17,300,-397,82,1518,56,-89,19,-22,53,-30,41,-5,03,430566,8,37122,96,3,66,11523,0
17,350,-398,94,1517,04,-89,45,-22,48,-30,31,-5,03,430276,9,37115,90,3,67,11515,9
17,400,-400,07,1515,53,-89,70,-22,44,-30,22,-5,03,429966,9,37108,85,3,68,11508,9
17,450,-401,19,1514,02,-89,95,-22,39,-30,13,-5,04,429641,3,37101,80,3,68,11501,8
17,500,-402,30,1512,52,-90,20,-22,35,-30,03,-5,04,429302,7,37094,77,3,68,11494,8
17,550,-403,42,1511,02,-90,45,-22,31,-29,94,-5,05,428948,3,37087,73,3,67,11487,7
17,600,-404,54,1509,52,-90,71,-22,26,-29,85,-5,04,428572,5,37080,70,3,64,11480,7
17,650,-405,65,1508,03,-90,96,-22,22,-29,76,-5,04,428170,8,37073,68,3,61,11473,7
17,700,-406,76,1506,54,-91,21,-22,17,-29,67,-5,03,427737,2,37066,66,3,56,11466,7
17,750,-407,86,1505,06,-91,46,-22,12,-29,58,-5,03,427264,7,37059,65,3,49,11459,7
17,800,-408,97,1503,59,-91,71,-22,07,-29,49,-5,02,426746,5,37052,65,3,39,11452,7
17,850,-410,07,1502,11,-91,96,-22,02,-29,40,-5,02,426175,6,37045,66,3,28,11445,7
17,900,-411,17,1500,65,-92,21,-21,97,-29,32,-5,01,425544,9,37038,68,3,13,11438,7
17,950,-412,27,1499,18,-92,46,-21,92,-29,23,-5,01,424856,4,37031,71,2,95,11431,7
18,000,-413,36,1497,72,-92,71,-21,87,-29,14,-5,00,424105,7,37024,75,2,74,11424,8
18,050,-414,45,1496,27,-92,96,-21,82,-29,06,-5,00,423279,2,37017,81,2,48,11417,8
18,100,-415,54,1494,82,-93,21,-21,77,-28,98,-5,00,422374,7,37010,88,2,19,11410,9
18,150,-416,63,1493,37,-93,46,-21,72,-28,89,-5,01,421384,8,37003,96,1,86,11404,0
18,200,-417,72,1491,93,-93,71,-21,67,-28,81,-5,01,420295,8,36997,06,1,47,11397,1
18,250,-418,80,1490,49,-93,97,-21,62,-28,73,-5,01,419090,5,36990,18,1,03,11390,2
18,300,-419,88,1489,05,-94,22,-21,57,-28,65,-5,02,417751,8,36983,32,0,52,11383,3
18,350,-420,95,1487,62,-94,47,-21,52,-28,58,-5,02,416495,0,36976,49,0,13,11376,5
18,400,-422,03,1486,20,-94,72,-21,57,-28,50,-5,02,417415,2,36969,65,0,68,11369,7
18,450,-423,11,1484,77,-94,97,-21,62,-28,43,-5,02,418260,9,36962,80,1,16,11362,8
18,500,-424,19,1483,35,-95,22,-21,67,-28,35,-5,02,418957,7,36955,94,1,58,11355,9
18,550,-425,28,1481,94,-95,47,-21,71,-28,27,-5,02,419526,3,36949,06,1,94,11349,1
18,600,-426,36,1480,53,-95,72,-21,75,-28,19,-5,03,419986,8,36942,18,2,25,11342,2
18,650,-427,45,1479,12,-95,97,-21,80,-28,11,-5,03,420354,1,36935,29,2,52,11335,3
18,700,-428,54,1477,72,-96,22,-21,84,-28,02,-5,04,420635,1,36928,40,2,75,11328,4
18,750,-429,64,1476,32,-96,48,-21,89,-27,94,-5,04,420835,1,36921,50,2,94,11321,5
18,800,-430,73,1474,92,-96,73,-21,93,-27,86,-5,04,420959,2,36914,60,3,10,11314,6
18,850,-431,83,1473,53,-96,98,-21,98,-27,78,-5,03,421014,5,36907,70,3,23,11307,7
18,900,-432,93,1472,14,-97,23,-22,02,-27,69,-5,02,421008,6,36900,79,3,33,11300,8
18,950,-434,03,1470,76,-97,48,-22,07,-27,61,-5,02,420948,8,36893,89,3,41,11293,9
19,000,-435,14,1469,38,-97,73,-22,11,-27,53,-5,01,420842,9,36886,98,3,46,11287,0
19,050,-436,24,1468,01,-97,98,-22,15,-27,45,-5,01,420698,4,36880,09,3,50,11280,1
19,100,-437,35,1466,64,-98,23,-22,19,-27,36,-5,01,420522,1,36873,20,3,53,11273,2
19,150,-438,46,1465,27,-98,48,-22,23,-27,28,-5,00,420320,1,36866,30,3,55,11266,3
19,200,-439,58,1463,91,-98,73,-22,26,-27,20,-4,99,420098,0,36859,41,3,55,11259,4
19,250,-440,69,1462,55,-98,98,-22,30,-27,11,-4,99,419860,5,36852,53,3,55,11252,5
19,300,-441,81,1461,20,-99,23,-22,34,-27,03,-4,99,419611,8,36845,64,3,55,11245,6
19,350,-442,92,1459,85,-99,48,-22,38,-26,95,-5,00,419347,0,36838,77,3,53,11238,8
19,400,-444,04,1458,50,-99,73,-22,41,-26,87,-5,00,419060,9,36831,89,3,50,11231,9
19,450,-445,16,1457,16,-99,98,-22,45,-26,79,-5,01,418747,9,36825,03,3,47,11225,0
19,500,-446,29,1455,83,-100,23,-22,50,-26,71,-5,01,418402,6,36818,16,3,41,11218,2
19,550,-447,41,1454,49,-100,48,-22,54,-26,63,-5,01,418018,4,36811,31,3,34,11211,3
19,600,-448,54,1453,16,-100,73,-22,58,-26,55,-5,02,417588,8,36804,46,3,24,11204,5
19,650,-449,67,1451,84,-100,99,-22,63,-26,47,-5,02,417106,7,36797,62,3,12,11197,6
19,700,-450,80,1450,52,-101,24,-22,67,-26,39,-5,03,416565,5,36790,79,2,97,11190,8
19,750,-451,94,1449,20,-101,49,-22,72,-26,31,-5,03,415959,2,36783,96,2,78,11184,0
19,800,-453,08,1447,89,-101,74,-22,76,-26,24,-5,03,415281,7,36777,15,2,57,11177,2
19,850,-454,22,1446,58,-101,99,-22,80,-26,16,-5,02,414528,2,36770,34,2,31,11170,4
19,900,-455,36,1445,27,-102,24,-22,84,-26,08,-5,01,413695,5,36763,56,2,02,11163,6
19,950,-456,50,1443,97,-102,49,-22,89,-26,01,-5,01,412778,7,36756,79,1,69,11156,8
20,000,-457,65,1442,67,-102,74,-22,93,-25,94,-5,01,411766,3,36750,03,1,30,11150,0
20,050,-458,79,1441,37,-102,99,-22,97,-25,87,-5,00,410643,5,36743,29,0,86,11143,3
20,100,-459,94,1440,08,-103,24,-23,02,-25,80,-5,00,409399,0,36736,56,0,35,11136,6
20,150,-461,09,1438,79,-103,49,-23,02,-25,73,-5,00,408785,9,36729,86,0,26,11129,9
20,200,-462,24,1437,51,-103,74,-22,97,-25,66,-5,00,409626,0,36723,15,0,76,11123,2
20,250,-463,39,1436,23,-103,99,-22,93,-25,59,-5,00,410339,1,36716,43,1,21,11116,4
20,300,-464,54,1434,95,-104,24,-22,88,-25,52,-4,99,410924,3,36709,70,1,59,11109,7
20,350,-465,68,1433,68,-104,49,-22,84,-25,45,-4,99,411398,8,36702,96,1,92,11103,0
20,400,-466,82,1432,41,-104,74,-22,79,-25,37,-4,98,411778,3,36696,21,2,21,11096,2
20,450,-467,96,1431,14,-104,99,-22,74,-25,30,-4,98,412070,6,36689,45,2,46,11089,5
20,500,-469,09,1429,88,-105,24,-22,70,-25,23,-4,97,412280,7,36682,70,2,67,11082,7
20,550,-470,23,1428,62,-105,49,-22,65,-25,15,-4,98,412415,8,36675,94,2,85,11075,9
20,600,-471,36,1427,36,-105,74,-22,60,-25,08,-4,98,412481,6,36669,18,2,99,11069,2
20,650,-472,49,1426,11,-105,99,-22,56,-25,00,-4,99,412484,1,36662,42,3,11,11062,4
20,700,-473,62,1424,86,-106,24,-22,51,-24,93,-4,99,412430,7,36655,66,3,20,11055,7
20,750,-474,74,1423,62,-106,49,-22,47,-24,85,-4,99,412329,0,36648,91,3,27,11048,9
20,800,-475,86,1422,37,-106,73,-22,42,-24,78,-5,00,412186,6,36642,15,3,32,11042,2
20,850,-476,98,1421,14,-106,98,-22,38,-24,71,-5,00,412010,6,36635,39,3,35,11035,4
20,900,-478,10,1419,90,-107,23,-22,34,-24,63,-5,00,411807,3,36628,64,3,38,11028,6
20,949,-479,22,1418,67,-107,49,-22,30,-24,56,-5,01,411582,7,36621,89,3,39,11021,9
20,999,-480,33,1417,45,-107,74,-22,26,-24,48,-5,01,411341,5,36615,14,3,39,11015,1
21,049,-481,44,1416,23,-107,99,-22,22,-24,41,-5,01,411086,1,36608,40,3,39,11008,4
21,099,-482,55,1415,01,-108,24,-22,18,-24,34,-5,00,410816,6,36601,66,3,38,11001,7
21,149,-483,66,1413,79,-108,49,-22,14,-24,26,-4,99,410528,8,36594,93,3,36,10994,9
21,199,-484,77,1412,58,-108,74,-22,10,-24,19,-4,99,410217,9,36588,20,3,34,10988,2
21,249,-485,87,1411,37,-108,99,-22,06,-24,12,-4,99,409878,8,36581,48,3,29,10981,5
21,299,-486,97,1410,17,-109,23,-22,01,-24,05,-4,98,409505,7,36574,77,3,23,10974,8
21,349,-488,07,1408,97,-109,48,-21,97,-23,97,-4,98,409092,7,36568,06,3,16,10968,1
21,399,-489,17,1407,77,-109,73,-21,92,-23,90,-4,97,408633,1,36561,36,3,05,10961,4
21,449,-490,26,1406,58,-109,98,-21,88,-23,83,-4,97,408121,3,36554,66,2,93,10954,7
21,499,-491,36,1405,39,-110,23,-21,83,-23,77,-4,97,407552,8,36547,98,2,77,10948,0
21,549,-492,45,1404,20,-110,48,-21,79,-23,70,-4,97,406921,4,36541,30,2,59,10941,3
21,599,-493,54,1403,02,-110,73,-21,74,-23,63,-4,98,406221,6,36534,63,2,37,10934,6
21,649,-494,62,1401,84,-110,98,-21,70,-23,56,-4,98,405449,1,36527,98,2,11,10928,0
21,699,-495,70,1400,66,-111,22,-21,65,-23,50,-4,98,404601,3,36521,34,1,81,10921,3
21,749,-496,79,1399,49,-111,47,-21,61,-23,43,-4,99,403673,3,36514,72,1,48,10914,7
21,799,-497,87,1398,32,-111,72,-21,57,-23,37,-4,99,402653,3,36508,11,1,09,10908,1
21,849,-498,94,1397,15,-111,97,-21,52,-23,30,-4,99,401527,4,36501,52,0,65,10901,5
21,899,-500,02,1395,99,-112,22,-21,48,-23,24,-4,99,400286,0,36494,95,0,15,10895,0
21,949,-501,09,1394,83,-112,47,-21,49,-23,18,-4,99,400418,1,36488,39,0,40,10888,4
21,999,-502,17,1393,67,-112,72,-21,54,-23,12,-4,99,401242,0,36481,81,0,87,10881,8
22,049,-503,25,1392,52,-112,97,-21,58,-23,06,-5,00,401935,7,36475,23,1,28,10875,2
22,099,-504,33,1391,36,-113,22,-21,61,-23,00,-5,00,402515,7,36468,63,1,63,10868,6
22,149,-505,41,1390,22,-113,47,-21,65,-22,94,-4,99,402997,3,36462,03,1,94,10862,0
22,199,-506,49,1389,07,-113,72,-21,69,-22,87,-4,99,403393,3,36455,42,2,20,10855,4
22,249,-507,58,1387,93,-113,97,-21,73,-22,81,-4,98,403708,2,36448,80,2,43,10848,8
22,299,-508,66,1386,79,-114,22,-21,77,-22,74,-4,98,403946,3,36442,18,2,63,10842,2
22,349,-509,75,1385,65,-114,47,-21,81,-22,67,-4,98,404112,7,36435,56,2,79,10835,6
22,399,-510,85,1384,52,-114,72,-21,85,-22,61,-4,97,404213,4,36428,94,2,92,10828,9
22,449,-511,94,1383,39,-114,96,-21,90,-22,54,-4,97,404255,1,36422,30,3,02,10822,3
22,499,-513,03,1382,27,-115,21,-21,93,-22,48,-4,97,404245,4,36415,67,3,10,10815,7
22,549,-514,13,1381,15,-115,46,-21,97,-22,41,-4,97,404191,8,36409,04,3,16,10809,0
22,599,-515,23,1380,03,-115,71,-22,01,-22,34,-4,98,404099,9,36402,42,3,21,10802,4
22,649,-516,33,1378,91,-115,96,-22,05,-22,28,-4,98,403976,0,36395,80,3,24,10795,8
22,699,-517,44,1377,80,-116,21,-22,08,-22,21,-4,98,403826,2,36389,18,3,26,10789,2
22,749,-518,54,1376,69,-116,46,-22,12,-22,14,-4,98,403655,4,36382,55,3,27,10782,6
22,799,-519,65,1375,59,-116,71,-22,15,-22,08,-4,99,403468,6,36375,94,3,27,10775,9
22,849,-520,76,1374,48,-116,96,-22,18,-22,01,-4,99,403268,5,36369,33,3,26,10769,3
22,899,-521,87,1373,38,-117,20,-22,22,-21,94,-4,98,403052,9,36362,72,3,25,10762,7
22,949,-522,98,1372,29,-117,45,-22,25,-21,88,-4,98,402818,9,36356,11,3,23,10756,1
22,999,-524,09,1371,20,-117,70,-22,29,-21,81,-4,98,402562,0,36349,51,3,20,10749,5
23,049,-525,21,1370,11,-117,95,-22,33,-21,75,-4,97,402277,0,36342,91,3,15,10742,9
23,099,-526,32,1369,02,-118,20,-22,36,-21,68,-4,97,401958,0,36336,32,3,09,10736,3
23,149,-527,44,1367,94,-118,45,-22,40,-21,62,-4,96,401599,5,36329,73,3,01,10729,7
23,199,-528,56,1366,86,-118,70,-22,44,-21,56,-4,96,401194,7,36323,16,2,90,10723,2
23,249,-529,69,1365,78,-118,94,-22,48,-21,49,-4,96,400739,5,36316,58,2,77,10716,6
23,299,-530,81,1364,71,-119,19,-22,52,-21,43,-4,97,400225,9,36310,02,2,61,10710,0
23,349,-531,94,1363,64,-119,44,-22,56,-21,37,-4,97,399648,5,36303,46,2,41,10703,5
23,399,-533,07,1362,57,-119,69,-22,60,-21,31,-4,97,399002,4,36296,91,2,19,10696,9
23,449,-534,20,1361,51,-119,94,-22,64,-21,25,-4,98,398283,7,36290,38,1,93,10690,4
23,499,-535,33,1360,45,-120,19,-22,68,-21,19,-4,98,397489,5,36283,86,1,63,10683,9
23,549,-536,47,1359,39,-120,44,-22,72,-21,13,-4,98,396616,4,36277,35,1,29,10677,4
23,599,-537,61,1358,34,-120,69,-22,75,-21,07,-4,98,395652,9,36270,86,0,90,10670,9
23,649,-538,74,1357,28,-120,94,-22,79,-21,02,-4,98,394586,3,36264,38,0,45,10664,4
23,699,-539,88,1356,23,-121,18,-22,82,-20,96,-4,98,393475,6,36257,92,0,07,10657,9
23,749,-541,02,1355,19,-121,43,-22,78,-20,91,-4,97,394239,4,36251,46,0,54,10651,5
23,799,-542,16,1354,14,-121,68,-22,74,-20,85,-4,97,394932,0,36244,99,0,97,10645,0
23,849,-543,30,1353,10,-121,93,-22,70,-20,80,-4,97,395510,8,36238,51,1,33,10638,5
23,899,-544,43,1352,06,-122,18,-22,66,-20,74,-4,97,395991,1,36232,02,1,65,10632,0
23,949,-545,56,1351,03,-122,43,-22,62,-20,68,-4,96,396385,3,36225,53,1,94,10625,5
23,999,-546,69,1350,00,-122,67,-22,58,-20,62,-4,96,396698,5,36219,02,2,18,10619,0
24,049,-547,82,1348,97,-122,92,-22,53,-20,56,-4,96,396934,1,36212,52,2,39,10612,5
24,099,-548,95,1347,94,-123,17,-22,49,-20,50,-4,95,397097,8,36206,01,2,56,10606,0
24,149,-550,07,1346,92,-123,42,-22,45,-20,44,-4,95,397195,7,36199,50,2,70,10599,5
24,199,-551,19,1345,90,-123,67,-22,41,-20,38,-4,95,397235,6,36192,98,2,82,10593,0
24,249,-552,31,1344,88,-123,91,-22,37,-20,32,-4,96,397222,6,36186,47,2,91,10586,5
24,299,-553,43,1343,86,-124,16,-22,32,-20,26,-4,96,397163,3,36179,96,2,98,10580,0
24,349,-554,54,1342,85,-124,41,-22,28,-20,20,-4,96,397064,7,36173,45,3,03,10573,4
24,399,-555,66,1341,84,-124,66,-22,25,-20,14,-4,97,396933,3,36166,94,3,07,10566,9
24,449,-556,77,1340,84,-124,91,-22,21,-20,08,-4,97,396775,0,36160,43,3,09,10560,4
24,499,-557,88,1339,83,-125,15,-22,17,-20,02,-4,97,396595,2,36153,93,3,11,10553,9
24,549,-558,99,1338,84,-125,40,-22,14,-19,96,-4,98,396398,6,36147,43,3,11,10547,4
24,599,-560,09,1337,84,-125,65,-22,10,-19,90,-4,97,396188,0,36140,93,3,11,10540,9
24,649,-561,20,1336,84,-125,90,-22,07,-19,85,-4,97,395964,1,36134,44,3,11,10534,4
24,699,-562,30,1335,85,-126,15,-22,03,-19,79,-4,96,395723,6,36127,95,3,09,10528,0
24,749,-563,40,1334,87,-126,40,-21,99,-19,73,-4,96,395462,3,36121,46,3,07,10521,5
24,799,-564,50,1333,88,-126,64,-21,95,-19,67,-4,96,395175,6,36114,98,3,03,10515,0
24,849,-565,59,1332,90,-126,89,-21,92,-19,61,-4,95,394858,7,36108,51,2,98,10508,5
24,899,-566,69,1331,92,-127,14,-21,88,-19,55,-4,95,394505,8,36102,04,2,91,10502,0
24,949,-567,78,1330,94,-127,39,-21,83,-19,50,-4,94,394111,4,36095,57,2,81,10495,6
24,999,-568,87,1329,97,-127,63,-21,79,-19,44,-4,94,393670,8,36089,12,2,70,10489,1
25,049,-569,96,1329,00,-127,88,-21,75,-19,38,-4,95,393178,4,36082,67,2,56,10482,7
25,099,-571,05,1328,03,-128,13,-21,71,-19,33,-4,95,392627,8,36076,23,2,39,10476,2
25,149,-572,13,1327,07,-128,38,-21,67,-19,27,-4,95,392015,0,36069,79,2,19,10469,8
25,199,-573,21,1326,10,-128,62,-21,63,-19,22,-4,96,391335,9,36063,38,1,96,10463,4
25,249,-574,29,1325,14,-128,87,-21,59,-19,17,-4,96,390587,6,36056,96,1,69,10457,0
25,299,-575,37,1324,19,-129,12,-21,55,-19,12,-4,96,389768,6,36050,57,1,38,10450,6
25,349,-576,45,1323,23,-129,37,-21,51,-19,06,-4,96,388873,1,36044,19,1,03,10444,2
25,399,-577,52,1322,28,-129,62,-21,48,-19,01,-4,97,387890,2,36037,82,0,64,10437,8
25,449,-578,60,1321,33,-129,86,-21,44,-18,97,-4,97,386807,8,36031,47,0,19,10431,5
25,499,-579,67,1320,38,-130,11,-21,44,-18,92,-4,96,386675,2,36025,13,0,29,10425,1
25,549,-580,74,1319,44,-130,36,-21,48,-18,87,-4,96,387427,2,36018,79,0,72,10418,8
25,599,-581,82,1318,50,-130,61,-21,51,-18,82,-4,96,388069,1,36012,43,1,10,10412,4
25,649,-582,89,1317,56,-130,86,-21,55,-18,77,-4,96,388614,5,36006,06,1,43,10406,1
25,699,-583,97,1316,62,-131,10,-21,58,-18,72,-4,95,389075,2,35999,69,1,71,10399,7
25,749,-585,05,1315,69,-131,35,-21,61,-18,67,-4,95,389458,5,35993,30,1,97,10393,3
25,799,-586,13,1314,75,-131,60,-21,65,-18,62,-4,95,389767,2,35986,92,2,18,10386,9
25,849,-587,22,1313,82,-131,85,-21,69,-18,56,-4,94,390005,1,35980,52,2,36,10380,5
25,899,-588,30,1312,90,-132,09,-21,72,-18,51,-4,94,390177,3,35974,13,2,51,10374,1
25,949,-589,39,1311,97,-132,34,-21,76,-18,46,-4,93,390288,9,35967,73,2,64,10367,7
25,999,-590,48,1311,05,-132,59,-21,80,-18,40,-4,93,390347,8,35961,34,2,74,10361,3
26,049,-591,57,1310,13,-132,83,-21,83,-18,35,-4,94,390359,6,35954,94,2,81,10354,9
26,099,-592,66,1309,22,-133,08,-21,87,-18,30,-4,94,390329,8,35948,54,2,87,10348,5
26,149,-593,76,1308,30,-133,33,-21,90,-18,24,-4,94,390264,4,35942,14,2,92,10342,2
26,199,-594,85,1307,39,-133,57,-21,94,-18,19,-4,95,390169,1,35935,75,2,94,10335,8
26,249,-595,95,1306,48,-133,82,-21,97,-18,14,-4,95,390049,3,35929,35,2,96,10329,4
26,299,-597,05,1305,58,-134,07,-22,00,-18,08,-4,95,389909,8,35922,96,2,97,10323,0
26,349,-598,15,1304,68,-134,32,-22,03,-18,03,-4,96,389754,7,35916,57,2,97,10316,6
26,399,-599,25,1303,78,-134,57,-22,06,-17,97,-4,96,389623,7,35910,18,2,97,10310,2
26,449,-600,35,1302,88,-134,81,-22,09,-17,92,-4,96,389539,0,35903,79,2,96,10303,8
26,499,-601,46,1301,98,-135,06,-22,12,-17,87,-4,96,389435,2,35897,41,2,94,10297,4
26,549,-602,57,1301,09,-135,31,-22,15,-17,81,-4,95,389309,0,35891,02,2,91,10291,0
26,599,-603,67,1300,20,-135,56,-22,19,-17,76,-4,95,389155,6,35884,64,2,86,10284,6
26,649,-604,79,1299,32,-135,80,-22,22,-17,71,-4,94,388969,4,35878,27,2,80,10278,3
26,699,-605,90,1298,43,-136,05,-22,26,-17,66,-4,94,388744,9,35871,89,2,72,10271,9
26,749,-607,01,1297,55,-136,30,-22,29,-17,60,-4,94,388476,4,35865,52,2,62,10265,5
26,799,-608,13,1296,67,-136,55,-22,33,-17,55,-4,93,388157,9,35859,15,2,49,10259,2
26,849,-609,24,1295,79,-136,79,-22,37,-17,50,-4,93,387784,0,35852,79,2,34,10252,8
26,898,-610,36,1294,92,-137,04,-22,40,-17,45,-4,92,387349,8,35846,44,2,16,10246,4
26,948,-611,48,1294,05,-137,28,-22,44,-17,40,-4,93,386852,7,35840,09,1,95,10240,1
26,998,-612,61,1293,18,-137,53,-22,47,-17,35,-4,93,386287,2,35833,75,1,70,10233,8
27,048,-613,73,1292,32,-137,78,-22,51,-17,30,-4,93,385650,4,35827,43,1,42,10227,4
27,098,-614,86,1291,45,-138,02,-22,54,-17,25,-4,94,384940,6,35821,11,1,10,10221,1
27,148,-615,98,1290,59,-138,27,-22,57,-17,20,-4,94,384151,7,35814,81,0,74,10214,8
27,198,-617,11,1289,73,-138,52,-22,60,-17,16,-4,94,383277,1,35808,52,0,33,10208,5
27,248,-618,24,1288,87,-138,77,-22,62,-17,11,-4,94,382702,5,35802,24,0,16,10202,2
27,298,-619,37,1288,02,-139,01,-22,58,-17,06,-4,94,383464,9,35795,96,0,58,10196,0
27,348,-620,50,1287,17,-139,26,-22,55,-17,02,-4,94,384157,9,35789,67,0,96,10189,7
27,398,-621,63,1286,32,-139,51,-22,51,-16,97,-4,94,384758,6,35783,37,1,29,10183,4
27,448,-622,75,1285,47,-139,75,-22,48,-16,92,-4,94,385277,3,35777,05,1,58,10177,1
27,498,-623,88,1284,63,-140,00,-22,44,-16,87,-4,95,385718,8,35770,73,1,84,10170,7
27,548,-625,00,1283,78,-140,25,-22,40,-16,82,-4,95,386085,9,35764,41,2,06,10164,4
27,598,-626,12,1282,94,-140,50,-22,36,-16,77,-4,96,386382,3,35758,07,2,25,10158,1
27,648,-627,23,1282,11,-140,74,-22,32,-16,72,-4,96,386613,5,35751,73,2,40,10151,7
27,698,-628,35,1281,27,-140,99,-22,28,-16,67,-4,96,386784,8,35745,40,2,53,10145,4
27,748,-629,46,1280,44,-141,24,-22,24,-16,62,-4,95,386902,0,35739,06,2,64,10139,1
27,798,-630,57,1279,61,-141,49,-22,21,-16,56,-4,95,386971,5,35732,71,2,72,10132,7
27,848,-631,68,1278,78,-141,73,-22,17,-16,51,-4,94,386999,3,35726,36,2,78,10126,4
27,898,-632,79,1277,96,-141,98,-22,13,-16,46,-4,94,386991,7,35720,02,2,82,10120,0
27,948,-633,90,1277,14,-142,23,-22,10,-16,41,-4,94,386954,3,35713,67,2,86,10113,7
27,998,-635,00,1276,32,-142,47,-22,06,-16,36,-4,93,386892,6,35707,32,2,88,10107,3
28,048,-636,10,1275,50,-142,72,-22,03,-16,30,-4,93,386810,8,35700,98,2,89,10101,0
28,098,-637,20,1274,69,-142,97,-22,00,-16,25,-4,92,386713,3,35694,64,2,89,10094,6
28,148,-638,30,1273,88,-143,21,-21,96,-16,20,-4,92,386602,7,35688,30,2,89,10088,3
28,198,-639,40,1273,07,-143,46,-21,93,-16,15,-4,92,386479,4,35681,97,2,88,10082,0
28,248,-640,50,1272,26,-143,71,-21,90,-16,09,-4,93,386338,2,35675,63,2,86,10075,6
28,298,-641,59,1271,46,-143,95,-21,86,-16,04,-4,93,386174,9,35669,30,2,83,10069,3
28,348,-642,68,1270,66,-144,20,-21,83,-15,99,-4,93,385984,7,35662,97,2,79,10063,0
28,398,-643,77,1269,86,-144,45,-21,79,-15,94,-4,94,385762,4,35656,64,2,73,10056,6
28,448,-644,86,1269,06,-144,69,-21,75,-15,89,-4,94,385503,2,35650,32,2,66,10050,3
28,498,-645,95,1268,27,-144,94,-21,72,-15,84,-4,94,385201,5,35644,00,2,56,10044,0
28,548,-647,03,1267,48,-145,19,-21,68,-15,79,-4,95,384851,9,35637,70,2,45,10037,7
28,598,-648,12,1266,69,-145,43,-21,64,-15,74,-4,95,384449,1,35631,39,2,30,10031,4
28,648,-649,20,1265,91,-145,68,-21,60,-15,69,-4,95,383989,2,35625,09,2,13,10025,1
28,698,-650,27,1265,12,-145,93,-21,56,-15,64,-4,95,383467,1,35618,80,1,92,10018,8
28,748,-651,35,1264,34,-146,18,-21,52,-15,59,-4,94,382880,8,35612,52,1,69,10012,5
28,798,-652,43,1263,57,-146,42,-21,49,-15,54,-4,94,382227,3,35606,25,1,42,10006,3
28,848,-653,50,1262,79,-146,67,-21,45,-15,49,-4,94,381505,5,35599,98,1,11,10000,0
28,898,-654,57,1262,02,-146,92,-21,42,-15,45,-4,93,380710,4,35593,74,0,77,9993,7
28,948,-655,64,1261,25,-147,16,-21,39,-15,40,-4,93,379836,7,35587,50,0,38,9987,5
28,998,-656,71,1260,48,-147,41,-21,36,-15,36,-4,93,379063,8,35581,29,0,11,9981,3
29,048,-657,78,1259,71,-147,66,-21,39,-15,32,-4,93,379771,4,35575,07,0,50,9975,1
29,098,-658,85,1258,94,-147,90,-21,42,-15,27,-4,93,380466,4,35568,83,0,87,9968,8
29,148,-659,92,1258,18,-148,15,-21,45,-15,23,-4,93,381075,1,35562,59,1,20,9962,6
29,198,-661,00,1257,42,-148,40,-21,48,-15,18,-4,92,381604,9,35556,34,1,49,9956,3
29,248,-662,07,1256,66,-148,64,-21,52,-15,13,-4,92,382061,5,35550,08,1,74,9950,1
29,298,-663,15,1255,91,-148,89,-21,55,-15,08,-4,92,382447,0,35543,81,1,96,9943,8
29,348,-664,23,1255,16,-149,13,-21,58,-15,03,-4,91,382764,3,35537,54,2,15,9937,5
29,398,-665,31,1254,41,-149,38,-21,62,-14,99,-4,91,383018,0,35531,26,2,30,9931,3
29,448,-666,39,1253,66,-149,62,-21,65,-14,94,-4,90,383213,8,35524,98,2,43,9925,0
29,498,-667,47,1252,91,-149,87,-21,69,-14,89,-4,91,383358,0,35518,70,2,53,9918,7
29,548,-668,56,1252,17,-150,11,-21,72,-14,84,-4,91,383454,8,35512,41,2,61,9912,4
29,598,-669,64,1251,43,-150,36,-21,76,-14,79,-4,92,383509,7,35506,12,2,68,9906,1
29,648,-670,73,1250,69,-150,61,-21,79,-14,74,-4,92,383528,7,35499,83,2,72,9899,8
29,698,-671,82,1249,95,-150,85,-21,82,-14,68,-4,92,383517,2,35493,54,2,75,9893,5
29,748,-672,91,1249,22,-151,10,-21,85,-14,63,-4,93,383480,3,35487,25,2,77,9887,3
29,798,-674,01,1248,49,-151,34,-21,88,-14,58,-4,93,383423,0,35480,96,2,78,9881,0
29,848,-675,10,1247,76,-151,59,-21,91,-14,53,-4,93,383349,1,35474,67,2,79,9874,7
29,898,-676,20,1247,04,-151,84,-21,94,-14,48,-4,94,383262,0,35468,39,2,78,9868,4
29,948,-677,30,1246,32,-152,09,-21,96,-14,43,-4,94,383161,4,35462,11,2,77,9862,1
29,998,-678,39,1245,59,-152,33,-21,99,-14,38,-4,94,383043,5,35455,83,2,76,9855,8
30,048,-679,49,1244,88,-152,58,-22,02,-14,33,-4,93,382905,2,35449,55,2,73,9849,6
30,098,-680,60,1244,16,-152,83,-22,06,-14,28,-4,93,382741,7,35443,27,2,69,9843,3
30,148,-681,70,1243,45,-153,07,-22,09,-14,23,-4,92,382548,2,35437,00,2,63,9837,0
30,198,-682,81,1242,74,-153,32,-22,12,-14,18,-4,92,382319,3,35430,73,2,56,9830,7
30,248,-683,91,1242,03,-153,56,-22,16,-14,13,-4,91,382049,5,35424,47,2,47,9824,5
30,298,-685,02,1241,33,-153,81,-22,19,-14,08,-4,91,381733,4,35418,21,2,35,9818,2
30,348,-686,13,1240,62,-154,05,-22,22,-14,03,-4,91,381365,3,35411,95,2,21,9812,0
30,398,-687,24,1239,92,-154,30,-22,26,-13,98,-4,90,380940,8,35405,70,2,04,9805,7
30,448,-688,36,1239,23,-154,54,-22,29,-13,94,-4,90,380456,2,35399,46,1,84,9799,5
30,498,-689,47,1238,53,-154,79,-22,33,-13,89,-4,90,379908,7,35393,23,1,60,9793,2
30,548,-690,59,1237,84,-155,03,-22,36,-13,84,-4,91,379294,7,35387,01,1,34,9787,0
30,598,-691,71,1237,15,-155,28,-22,39,-13,80,-4,91,378611,8,35380,79,1,04,9780,8
30,648,-692,83,1236,46,-155,53,-22,42,-13,75,-4,91,377858,2,35374,59,0,70,9774,6
30,698,-693,95,1235,77,-155,77,-22,45,-13,71,-4,91,377031,2,35368,41,0,32,9768,4
30,748,-695,07,1235,09,-156,02,-22,46,-13,66,-4,91,376460,3,35362,23,0,15,9762,2
30,798,-696,20,1234,40,-156,26,-22,43,-13,62,-4,91,377116,2,35356,05,0,53,9756,1
30,848,-697,32,1233,72,-156,51,-22,40,-13,58,-4,92,377730,7,35349,87,0,89,9749,9
30,898,-698,44,1233,05,-156,75,-22,37,-13,53,-4,92,378264,9,35343,67,1,20,9743,7
30,948,-699,55,1232,37,-157,00,-22,33,-13,48,-4,92,378723,8,35337,46,1,48,9737,5
30,998,-700,67,1231,70,-157,25,-22,30,-13,44,-4,92,379109,8,35331,25,1,72,9731,3
31,048,-701,78,1231,03,-157,49,-22,26,-13,39,-4,93,379425,4,35325,03,1,92,9725,0
31,098,-702,90,1230,36,-157,74,-22,22,-13,34,-4,93,379674,5,35318,81,2,10,9718,8
31,148,-704,01,1229,69,-157,99,-22,19,-13,30,-4,93,379862,4,35312,59,2,25,9712,6
31,198,-705,11,1229,03,-158,23,-22,15,-13,25,-4,94,379994,4,35306,36,2,37,9706,4
31,248,-706,22,1228,37,-158,48,-22,11,-13,20,-4,94,380076,4,35300,13,2,46,9700,1
31,298,-707,33,1227,71,-158,73,-22,08,-13,15,-4,93,380114,2,35293,89,2,54,9693,9
31,348,-708,43,1227,05,-158,97,-22,04,-13,10,-4,93,380113,7,35287,66,2,59,9687,7
31,398,-709,53,1226,40,-159,22,-22,01,-13,05,-4,92,380080,6,35281,43,2,64,9681,4
31,448,-710,63,1225,75,-159,46,-21,98,-13,00,-4,92,380019,9,35275,20,2,66,9675,2
31,498,-711,73,1225,10,-159,71,-21,95,-12,96,-4,92,379936,8,35268,97,2,68,9669,0
31,548,-712,82,1224,45,-159,96,-21,91,-12,91,-4,91,379835,3,35262,74,2,69,9662,7
31,598,-713,92,1223,81,-160,20,-21,88,-12,86,-4,91,379719,0,35256,52,2,69,9656,5
31,648,-715,01,1223,17,-160,45,-21,85,-12,81,-4,90,379589,7,35250,29,2,69,9650,3
31,698,-716,10,1222,53,-160,69,-21,82,-12,76,-4,90,379445,8,35244,07,2,68,9644,1
31,748,-717,19,1221,89,-160,94,-21,79,-12,71,-4,89,379283,7,35237,85,2,66,9637,9
31,798,-718,28,1221,26,-161,18,-21,76,-12,66,-4,89,379101,9,35231,63,2,63,9631,6
31,848,-719,37,1220,62,-161,43,-21,73,-12,62,-4,90,378894,5,35225,42,2,59,9625,4
31,898,-720,46,1219,99,-161,67,-21,69,-12,57,-4,90,378655,9,35219,21,2,53,9619,2
31,948,-721,54,1219,37,-161,92,-21,66,-12,52,-4,91,378381,1,35213,01,2,45,9613,0
31,998,-722,62,1218,74,-162,16,-21,62,-12,47,-4,91,378064,8,35206,80,2,36,9606,8
32,048,-723,70,1218,12,-162,41,-21,58,-12,43,-4,91,377701,8,35200,61,2,24,9600,6
32,098,-724,78,1217,50,-162,65,-21,55,-12,38,-4,92,377287,3,35194,42,2,09,9594,4
32,148,-725,86,1216,88,-162,90,-21,51,-12,34,-4,92,376817,3,35188,24,1,92,9588,2
32,198,-726,93,1216,27,-163,15,-21,48,-12,29,-4,92,376287,9,35182,07,1,71,9582,1
32,248,-728,00,1215,65,-163,39,-21,44,-12,25,-4,93,375696,1,35175,91,1,48,9575,9
32,298,-729,08,1215,04,-163,64,-21,41,-12,20,-4,93,375041,3,35169,75,1,21,9569,8
32,348,-730,15,1214,43,-163,88,-21,38,-12,16,-4,93,374322,1,35163,61,0,90,9563,6
32,398,-731,21,1213,83,-164,13,-21,35,-12,12,-4,92,373537,3,35157,48,0,56,9557,5
32,448,-732,28,1213,22,-164,38,-21,32,-12,08,-4,92,372691,6,35151,36,0,19,9551,4
32,498,-733,35,1212,62,-164,62,-21,32,-12,04,-4,92,372575,4,35145,26,0,26,9545,3
32,548,-734,41,1212,02,-164,87,-21,34,-12,00,-4,92,373232,2,35139,14,0,63,9539,1
32,598,-735,48,1211,42,-165,11,-21,37,-11,95,-4,91,373818,9,35133,02,0,96,9533,0
32,648,-736,55,1210,82,-165,36,-21,40,-11,91,-4,91,374331,3,35126,89,1,25,9526,9
32,698,-737,62,1210,23,-165,61,-21,43,-11,87,-4,91,374773,2,35120,75,1,51,9520,7
32,748,-738,69,1209,63,-165,85,-21,46,-11,82,-4,90,375146,9,35114,60,1,73,9514,6
32,798,-739,77,1209,04,-166,10,-21,50,-11,78,-4,90,375454,4,35108,45,1,93,9508,4
32,848,-740,84,1208,46,-166,34,-21,53,-11,73,-4,90,375699,2,35102,29,2,09,9502,3
32,898,-741,92,1207,87,-166,59,-21,56,-11,69,-4,89,375885,7,35096,13,2,22,9496,1
32,948,-743,00,1207,29,-166,83,-21,59,-11,64,-4,88,376019,2,35089,96,2,33,9490,0
32,998,-744,08,1206,71,-167,07,-21,63,-11,60,-4,88,376105,2,35083,80,2,41,9483,8
33,048,-745,16,1206,13,-167,32,-21,66,-11,55,-4,87,376149,8,35077,64,2,48,9477,6
33,098,-746,24,1205,55,-167,56,-21,69,-11,51,-4,87,376160,7,35071,48,2,53,9471,5
33,148,-747,33,1204,98,-167,80,-21,72,-11,46,-4,88,376142,7,35065,32,2,57,9465,3
33,198,-748,42,1204,41,-168,05,-21,75,-11,41,-4,88,376099,2,35059,15,2,59,9459,2
33,248,-749,50,1203,84,-168,29,-21,77,-11,37,-4,89,376033,9,35052,99,2,60,9453,0
33,298,-750,59,1203,27,-168,54,-21,80,-11,32,-4,89,375951,2,35046,83,2,61,9446,8
33,348,-751,68,1202,70,-168,78,-21,83,-11,27,-4,90,375853,8,35040,67,2,61,9440,7
33,398,-752,78,1202,14,-169,03,-21,85,-11,23,-4,90,375743,7,35034,50,2,60,9434,5
33,448,-753,87,1201,58,-169,27,-21,88,-11,18,-4,90,375618,3,35028,34,2,59,9428,3
33,498,-754,96,1201,02,-169,52,-21,91,-11,13,-4,91,375474,1,35022,19,2,57,9422,2
33,548,-756,06,1200,47,-169,76,-21,94,-11,09,-4,91,375307,5,35016,04,2,53,9416,0
33,598,-757,16,1199,91,-170,01,-21,97,-11,04,-4,92,375114,2,35009,88,2,48,9409,9
33,648,-758,26,1199,36,-170,26,-22,00,-11,00,-4,92,374889,7,35003,73,2,42,9403,7
33,698,-759,36,1198,81,-170,50,-22,03,-10,95,-4,93,374629,5,34997,59,2,34,9397,6
33,748,-760,46,1198,27,-170,75,-22,07,-10,91,-4,92,374328,2,34991,45,2,23,9391,5
33,798,-761,57,1197,72,-170,99,-22,10,-10,86,-4,91,373980,8,34985,32,2,11,9385,3
33,848,-762,67,1197,18,-171,24,-22,13,-10,82,-4,91,373582,4,34979,19,1,96,9379,2
33,898,-763,78,1196,64,-171,48,-22,16,-10,77,-4,90,373127,8,34973,07,1,77,9373,1
33,948,-764,89,1196,10,-171,73,-22,19,-10,73,-4,90,372613,5,34966,96,1,56,9367,0
33,998,-766,00,1195,57,-171,97,-22,22,-10,69,-4,90,372036,8,34960,85,1,32,9360,9
34,048,-767,11,1195,04,-172,22,-22,25,-10,65,-4,89,371396,3,34954,76,1,04,9354,8
34,098,-768,22,1194,50,-172,46,-22,28,-10,61,-4,89,370692,1,34948,68,0,73,9348,7
34,148,-769,34,1193,98,-172,71,-22,31,-10,57,-4,89,369926,4,34942,61,0,39,9342,6
34,198,-770,45,1193,45,-172,95,-22,33,-10,53,-4,89,369216,5,34936,55,0,11,9336,6
34,248,-771,57,1192,92,-173,20,-22,30,-10,49,-4,89,369646,3,34930,49,0,42,9330,5
34,298,-772,68,1192,40,-173,44,-22,27,-10,45,-4,88,370201,3,34924,43,0,76,9324,4
34,348,-773,80,1191,88,-173,69,-22,24,-10,41,-4,88,370688,2,34918,36,1,06,9318,4
34,398,-774,91,1191,36,-173,93,-22,21,-10,37,-4,88,371106,2,34912,27,1,33,9312,3
34,448,-776,02,1190,84,-174,17,-22,18,-10,33,-4,87,371455,3,34906,19,1,56,9306,2
34,498,-777,13,1190,33,-174,42,-22,15,-10,28,-4,87,371738,3,34900,09,1,76,9300,1
34,548,-778,23,1189,81,-174,66,-22,11,-10,24,-4,86,371958,7,34894,00,1,93,9294,0
34,598,-779,34,1189,30,-174,90,-22,08,-10,20,-4,87,372122,7,34887,90,2,08,9287,9
34,648,-780,44,1188,79,-175,15,-22,04,-10,15,-4,87,372234,4,34881,80,2,19,9281,8
34,698,-781,54,1188,29,-175,39,-22,01,-10,11,-4,87,372298,3,34875,69,2,29,9275,7
34,748,-782,64,1187,78,-175,63,-21,98,-10,07,-4,88,372319,5,34869,59,2,36,9269,6
34,798,-783,74,1187,28,-175,88,-21,94,-10,02,-4,88,372303,7,34863,48,2,42,9263,5
34,848,-784,84,1186,78,-176,12,-21,91,-9,98,-4,89,372256,6,34857,38,2,46,9257,4
34,898,-785,93,1186,28,-176,37,-21,88,-9,94,-4,89,372182,9,34851,28,2,48,9251,3
34,948,-787,02,1185,79,-176,61,-21,85,-9,89,-4,89,372087,9,34845,17,2,50,9245,2
34,998,-788,12,1185,29,-176,86,-21,82,-9,85,-4,90,371975,2,34839,07,2,51,9239,1
35,048,-789,21,1184,80,-177,10,-21,80,-9,80,-4,90,371848,6,34832,98,2,51,9233,0
35,098,-790,30,1184,31,-177,35,-21,77,-9,76,-4,91,371710,4,34826,89,2,51,9226,9
35,148,-791,38,1183,82,-177,59,-21,74,-9,72,-4,90,371558,5,34820,79,2,50,9220,8
35,198,-792,47,1183,34,-177,84,-21,71,-9,67,-4,90,371389,8,34814,70,2,48,9214,7
35,248,-793,55,1182,86,-178,08,-21,68,-9,63,-4,89,371200,6,34808,62,2,45,9208,6
35,298,-794,64,1182,38,-178,33,-21,65,-9,59,-4,89,370986,8,34802,53,2,41,9202,5
35,348,-795,72,1181,90,-178,57,-21,62,-9,54,-4,88,370743,5,34796,45,2,36,9196,5
35,398,-796,80,1181,42,-178,81,-21,58,-9,50,-4,88,370466,6,34790,38,2,28,9190,4
35,448,-797,88,1180,95,-179,06,-21,55,-9,46,-4,88,370150,6,34784,30,2,19,9184,3
35,498,-798,95,1180,48,-179,30,-21,52,-9,42,-4,87,369790,9,34778,24,2,08,9178,2
35,548,-800,03,1180,01,-179,55,-21,48,-9,38,-4,87,369383,2,34772,18,1,94,9172,2
35,598,-801,10,1179,54,-179,79,-21,45,-9,34,-4,86,368923,1,34766,13,1,77,9166,1
35,648,-802,17,1179,07,-180,03,-21,42,-9,30,-4,86,368407,6,34760,09,1,58,9160,1
35,698,-803,24,1178,61,-180,27,-21,38,-9,26,-4,86,367835,6,34754,05,1,35,9154,1
35,748,-804,31,1178,15,-180,52,-21,35,-9,22,-4,86,367205,5,34748,02,1,10,9148,0
35,798,-805,38,1177,69,-180,76,-21,32,-9,18,-4,87,366517,2,34742,01,0,81,9142,0
35,848,-806,45,1177,23,-181,00,-21,30,-9,14,-4,87,365771,3,34736,01,0,49,9136,0
35,898,-807,51,1176,77,-181,25,-21,27,-9,11,-4,87,364988,6,34730,02,0,15,9130,0
35,948,-808,57,1176,32,-181,49,-21,28,-9,07,-4,87,365027,7,34724,04,0,29,9124,0
35,998,-809,64,1175,86,-181,73,-21,30,-9,04,-4,87,365586,8,34718,05,0,62,9118,0
36,049,-810,70,1175,41,-181,98,-21,33,-9,00,-4,88,366090,5,34712,05,0,92,9112,1
36,099,-811,77,1174,96,-182,22,-21,35,-8,96,-4,88,366530,1,34706,05,1,19,9106,0
36,149,-812,84,1174,52,-182,47,-21,38,-8,92,-4,88,366904,8,34700,03,1,42,9100,0
36,199,-813,91,1174,07,-182,71,-21,41,-8,89,-4,88,367216,7,34694,02,1,62,9094,0
36,249,-814,98,1173,63,-182,95,-21,44,-8,85,-4,89,367467,6,34687,99,1,80,9088,0
36,299,-816,05,1173,19,-183,20,-21,47,-8,81,-4,89,367661,3,34681,96,1,94,9082,0
36,349,-817,13,1172,75,-183,44,-21,50,-8,77,-4,89,367802,3,34675,94,2,06,9075,9
36,399,-818,20,1172,31,-183,69,-21,53,-8,73,-4,90,367895,5,34669,91,2,15,9069,9
36,449,-819,28,1171,88,-183,93,-21,56,-8,69,-4,90,367946,2,34663,87,2,23,9063,9
36,499,-820,36,1171,44,-184,18,-21,59,-8,65,-4,91,367960,3,34657,84,2,29,9057,8
36,549,-821,44,1171,01,-184,42,-21,62,-8,61,-4,91,367943,2,34651,80,2,33,9051,8
36,599,-822,52,1170,58,-184,67,-21,65,-8,56,-4,90,367899,4,34645,77,2,36,9045,8
36,649,-823,60,1170,15,-184,92,-21,67,-8,52,-4,90,367833,4,34639,73,2,38,9039,7
36,699,-824,69,1169,73,-185,16,-21,70,-8,48,-4,89,367748,8,34633,70,2,39,9033,7
36,749,-825,77,1169,31,-185,40,-21,72,-8,44,-4,89,367648,5,34627,68,2,39,9027,7
36,799,-826,86,1168,88,-185,65,-21,75,-8,40,-4,88,367535,8,34621,66,2,39,9021,7
36,849,-827,95,1168,47,-185,89,-21,77,-8,36,-4,88,367410,3,34615,63,2,38,9015,6
36,899,-829,04,1168,05,-186,14,-21,80,-8,32,-4,87,367269,5,34609,60,2,37,9009,6
36,949,-830,13,1167,63,-186,38,-21,82,-8,28,-4,87,367109,7,34603,59,2,34,9003,6
36,999,-831,22,1167,22,-186,62,-21,85,-8,24,-4,87,366927,5,34597,57,2,30,8997,6
37,049,-832,31,1166,81,-186,87,-21,88,-8,20,-4,86,366718,4,34591,55,2,25,8991,6
37,099,-833,41,1166,40,-187,11,-21,91,-8,16,-4,85,366478,5,34585,55,2,19,8985,5
37,149,-834,50,1165,99,-187,35,-21,94,-8,12,-4,85,366203,7,34579,54,2,10,8979,5
37,199,-835,60,1165,59,-187,59,-21,97,-8,08,-4,85,365891,4,34573,54,1,99,8973,5
37,249,-836,70,1165,19,-187,84,-22,00,-8,04,-4,86,365535,8,34567,54,1,87,8967,5
37,299,-837,80,1164,78,-188,08,-22,03,-8,01,-4,86,365131,1,34561,55,1,71,8961,6
37,349,-838,90,1164,38,-188,32,-22,05,-7,97,-4,87,364673,2,34555,57,1,53,8955,6
37,399,-840,01,1163,99,-188,57,-22,08,-7,93,-4,87,364159,3,34549,60,1,32,8949,6
37,449,-841,11,1163,59,-188,81,-22,11,-7,89,-4,87,363586,8,34543,63,1,08,8943,6
37,499,-842,22,1163,20,-189,05,-22,14,-7,86,-4,87,362956,0,34537,68,0,81,8937,7
37,549,-843,32,1162,81,-189,30,-22,16,-7,82,-4,88,362270,8,34531,73,0,50,8931,7
37,599,-844,43,1162,42,-189,54,-22,18,-7,79,-4,88,361563,4,34525,80,0,20,8925,8
37,649,-845,54,1162,03,-189,79,-22,18,-7,76,-4,88,361468,8,34519,88,0,26,8919,9
37,699,-846,65,1161,64,-190,03,-22,15,-7,72,-4,88,361946,8,34513,95,0,57,8913,9
37,749,-847,76,1161,25,-190,27,-22,13,-7,69,-4,88,362392,6,34508,01,0,86,8908,0
37,799,-848,86,1160,87,-190,52,-22,10,-7,65,-4,88,362779,0,34502,06,1,12,8902,1
37,849,-849,97,1160,49,-190,76,-22,07,-7,62,-4,88,363101,9,34496,11,1,34,8896,1
37,899,-851,07,1160,11,-191,01,-22,04,-7,58,-4,89,363362,9,34490,15,1,54,8890,2
37,949,-852,17,1159,73,-191,25,-22,01,-7,54,-4,89,363564,9,34484,20,1,71,8884,2
37,999,-853,27,1159,35,-191,49,-21,97,-7,51,-4,90,363711,6,34478,23,1,85,8878,2
38,049,-854,37,1158,98,-191,74,-21,94,-7,47,-4,90,363807,8,34472,27,1,96,8872,3
38,099,-855,46,1158,61,-191,98,-21,91,-7,43,-4,91,363858,9,34466,30,2,05,8866,3
38,149,-856,56,1158,24,-192,23,-21,88,-7,39,-4,91,363870,5,34460,34,2,12,8860,3
38,199,-857,65,1157,87,-192,48,-21,85,-7,36,-4,91,363847,9,34454,37,2,18,8854,4
38,249,-858,74,1157,50,-192,72,-21,82,-7,32,-4,90,363796,3,34448,40,2,22,8848,4
38,299,-859,83,1157,14,-192,97,-21,79,-7,28,-4,90,363719,9,34442,43,2,25,8842,4
38,349,-860,92,1156,77,-193,21,-21,77,-7,24,-4,89,363622,5,34436,47,2,27,8836,5
38,399,-862,01,1156,41,-193,45,-21,74,-7,21,-4,89,363507,6,34430,52,2,28,8830,5
38,449,-863,10,1156,05,-193,70,-21,72,-7,17,-4,88,363378,6,34424,56,2,29,8824,6
38,499,-864,18,1155,70,-193,94,-21,69,-7,13,-4,88,363238,0,34418,60,2,29,8818,6
38,549,-865,27,1155,34,-194,19,-21,66,-7,09,-4,87,363084,5,34412,64,2,28,8812,6
38,599,-866,35,1154,99,-194,43,-21,64,-7,06,-4,87,362915,3,34406,70,2,26,8806,7
38,649,-867,43,1154,63,-194,67,-21,61,-7,02,-4,87,362727,3,34400,75,2,24,8800,7
38,699,-868,51,1154,28,-194,92,-21,58,-6,98,-4,86,362516,6,34394,80,2,20,8794,8
38,749,-869,59,1153,94,-195,16,-21,55,-6,95,-4,85,362279,7,34388,86,2,15,8788,9
38,799,-870,67,1153,59,-195,40,-21,52,-6,91,-4,85,362013,0,34382,92,2,08,8782,9
38,849,-871,74,1153,25,-195,65,-21,49,-6,87,-4,85,361714,2,34376,99,2,00,8777,0
38,899,-872,82,1152,90,-195,89,-21,46,-6,84,-4,86,361378,0,34371,06,1,89,8771,1
38,949,-873,89,1152,56,-196,13,-21,43,-6,80,-4,86,360999,3,34365,14,1,77,8765,1
38,999,-874,96,1152,22,-196,37,-21,40,-6,77,-4,87,360573,4,34359,23,1,62,8759,2
39,049,-876,03,1151,88,-196,62,-21,37,-6,73,-4,87,360097,1,34353,32,1,44,8753,3
39,099,-877,10,1151,55,-196,86,-21,34,-6,70,-4,87,359567,4,34347,42,1,24,8747,4
39,149,-878,16,1151,21,-197,10,-21,31,-6,67,-4,87,358983,8,34341,53,1,00,8741,5
39,199,-879,23,1150,88,-197,35,-21,29,-6,64,-4,88,358346,8,34335,65,0,74,8735,7
39,249,-880,29,1150,55,-197,59,-21,26,-6,61,-4,88,357661,5,34329,79,0,45,8729,8
39,299,-881,35,1150,22,-197,84,-21,24,-6,57,-4,88,356976,9,34323,93,0,16,8723,9
39,349,-882,42,1149,89,-198,08,-21,25,-6,54,-4,88,357013,0,34318,08,0,29,8718,1
39,399,-883,48,1149,57,-198,32,-21,27,-6,51,-4,88,357486,9,34312,22,0,58,8712,2
39,449,-884,54,1149,24,-198,57,-21,29,-6,48,-4,88,357925,0,34306,36,0,86,8706,4
39,499,-885,61,1148,92,-198,81,-21,31,-6,45,-4,88,358306,6,34300,48,1,10,8700,5
39,549,-886,67,1148,60,-199,06,-21,34,-6,42,-4,89,358629,5,34294,61,1,32,8694,6
39,599,-887,74,1148,28,-199,30,-21,37,-6,39,-4,89,358893,8,34288,73,1,50,8688,7
39,649,-888,81,1147,96,-199,55,-21,40,-6,35,-4,89,359102,7,34282,84,1,66,8682,8
39,699,-889,88,1147,64,-199,79,-21,42,-6,32,-4,90,359259,2,34276,95,1,79,8677,0
39,749,-890,95,1147,33,-200,03,-21,45,-6,29,-4,90,359367,8,34271,06,1,90,8671,1
39,799,-892,03,1147,01,-200,28,-21,48,-6,25,-4,91,359433,2,34265,17,1,98,8665,2
39,849,-893,10,1146,70,-200,53,-21,51,-6,22,-4,91,359461,2,34259,29,2,05,8659,3
39,899,-894,18,1146,39,-200,77,-21,53,-6,18,-4,91,359456,3,34253,40,2,10,8653,4
39,949,-895,25,1146,08,-201,02,-21,56,-6,15,-4,90,359423,3,34247,51,2,14,8647,5
39,999,-896,33,1145,78,-201,26,-21,58,-6,12,-4,90,359366,3,34241,62,2,17,8641,6
40,049,-897,41,1145,47,-201,51,-21,61,-6,08,-4,89,359288,7,34235,73,2,19,8635,7
40,099,-898,49,1145,17,-201,75,-21,63,-6,05,-4,89,359194,2,34229,84,2,20,8629,8
40,149,-899,58,1144,87,-201,99,-21,65,-6,01,-4,88,359085,8,34223,95,2,20,8624,0
40,199,-900,66,1144,57,-202,24,-21,67,-5,98,-4,88,358965,6,34218,06,2,20,8618,1
40,249,-901,74,1144,27,-202,48,-21,70,-5,94,-4,88,358833,4,34212,18,2,19,8612,2
40,299,-902,83,1143,97,-202,73,-21,72,-5,91,-4,87,358686,0,34206,30,2,17,8606,3
40,349,-903,91,1143,68,-202,97,-21,74,-5,87,-4,87,358520,4,34200,42,2,14,8600,4
40,399,-905,00,1143,38,-203,21,-21,77,-5,84,-4,86,358332,9,34194,54,2,10,8594,5
40,449,-906,09,1143,09,-203,46,-21,79,-5,81,-4,86,358120,3,34188,67,2,05,8588,7
40,499,-907,18,1142,80,-203,70,-21,82,-5,77,-4,85,357878,8,34182,80,1,98,8582,8
40,549,-908,27,1142,52,-203,94,-21,85,-5,74,-4,85,357606,2,34176,94,1,90,8576,9
40,599,-909,37,1142,23,-204,18,-21,88,-5,71,-4,86,357297,0,34171,08,1,79,8571,1
40,649,-910,46,1141,94,-204,43,-21,90,-5,68,-4,86,356945,7,34165,23,1,67,8565,2
40,699,-911,56,1141,66,-204,67,-21,93,-5,65,-4,87,356548,3,34159,38,1,52,8559,4
40,750,-912,65,1141,38,-204,91,-21,96,-5,61,-4,87,356100,9,34153,54,1,34,8553,5
40,800,-913,75,1141,10,-205,16,-21,98,-5,58,-4,87,355601,0,34147,70,1,13,8547,7
40,850,-914,85,1140,82,-205,40,-22,01,-5,55,-4,88,355047,3,34141,88,0,90,8541,9
40,900,-915,95,1140,55,-205,64,-22,03,-5,52,-4,88,354441,1,34136,06,0,64,8536,1
40,950,-917,06,1140,27,-205,89,-22,05,-5,50,-4,88,353791,5,34130,26,0,35,8530,3
41,000,-918,16,1140,00,-206,13,-22,07,-5,47,-4,88,353230,7,34124,46,0,14,8524,5
41,050,-919,26,1139,72,-206,38,-22,05,-5,44,-4,88,353478,5,34118,67,0,36,8518,7
41,100,-920,36,1139,45,-206,62,-22,03,-5,41,-4,88,353896,3,34112,88,0,64,8512,9
41,150,-921,46,1139,18,-206,86,-22,00,-5,38,-4,88,354269,3,34107,07,0,90,8507,1
41,200,-922,56,1138,91,-207,11,-21,98,-5,35,-4,88,354585,4,34101,26,1,12,8501,3
41,250,-923,66,1138,65,-207,35,-21,95,-5,32,-4,89,354843,5,34095,44,1,32,8495,4
41,300,-924,76,1138,38,-207,60,-21,92,-5,29,-4,89,355045,5,34089,62,1,49,8489,6
41,350,-925,85,1138,12,-207,84,-21,89,-5,26,-4,89,355194,3,34083,80,1,63,8483,8
41,400,-926,95,1137,85,-208,09,-21,86,-5,23,-4,90,355294,0,34077,98,1,75,8478,0
41,450,-928,04,1137,59,-208,33,-21,83,-5,20,-4,90,355349,7,34072,16,1,85,8472,2
41,500,-929,13,1137,33,-208,58,-21,80,-5,17,-4,91,355366,2,34066,32,1,92,8466,3
41,550,-930,22,1137,08,-208,82,-21,78,-5,14,-4,91,355349,0,34060,50,1,98,8460,5
41,600,-931,31,1136,82,-209,07,-21,75,-5,11,-4,91,355303,1,34054,67,2,03,8454,7
41,650,-932,39,1136,57,-209,31,-21,72,-5,08,-4,91,355233,0,34048,85,2,06,8448,8
41,700,-933,48,1136,31,-209,56,-21,70,-5,05,-4,90,355142,1,34043,03,2,08,8443,0
41,750,-934,56,1136,06,-209,80,-21,67,-5,02,-4,89,355033,9,34037,21,2,10,8437,2
41,800,-935,65,1135,81,-210,05,-21,65,-4,98,-4,89,354911,3,34031,39,2,10,8431,4
41,850,-936,73,1135,56,-210,29,-21,63,-4,95,-4,89,354776,7,34025,57,2,10,8425,6
41,900,-937,81,1135,32,-210,54,-21,60,-4,92,-4,88,354631,4,34019,75,2,10,8419,8
41,950,-938,89,1135,07,-210,78,-21,58,-4,89,-4,88,354472,2,34013,95,2,09,8413,9
42,000,-939,97,1134,83,-211,02,-21,55,-4,86,-4,87,354296,9,34008,13,2,07,8408,1
42,050,-941,05,1134,58,-211,27,-21,53,-4,83,-4,87,354102,3,34002,32,2,04,8402,3
42,100,-942,12,1134,34,-211,51,-21,50,-4,80,-4,87,353884,5,33996,52,1,99,8396,5
42,150,-943,20,1134,10,-211,75,-21,48,-4,77,-4,86,353640,0,33990,72,1,94,8390,7
42,200,-944,27,1133,87,-212,00,-21,45,-4,74,-4,85,353365,3,33984,93,1,86,8384,9
42,250,-945,34,1133,63,-212,24,-21,42,-4,71,-4,85,353057,1,33979,14,1,77,8379,1
42,300,-946,41,1133,39,-212,48,-21,39,-4,68,-4,85,352713,8,33973,35,1,66,8373,4
42,350,-947,48,1133,16,-212,73,-21,36,-4,65,-4,86,352330,0,33967,57,1,53,8367,6
42,400,-948,55,1132,93,-212,97,-21,33,-4,63,-4,86,351902,0,33961,80,1,38,8361,8
42,450,-949,61,1132,70,-213,21,-21,31,-4,60,-4,87,351426,4,33956,04,1,20,8356,0
42,500,-950,68,1132,47,-213,46,-21,28,-4,57,-4,87,350901,7,33950,28,0,99,8350,3
42,550,-951,74,1132,24,-213,70,-21,25,-4,55,-4,87,350328,0,33944,53,0,75,8344,5
42,600,-952,80,1132,02,-213,94,-21,23,-4,52,-4,87,349710,4,33938,79,0,49,8338,8
42,650,-953,86,1131,79,-214,19,-21,21,-4,50,-4,88,349083,4,33933,07,0,23,8333,1
42,700,-954,92,1131,57,-214,43,-21,21,-4,47,-4,88,348875,0,33927,34,0,22,8327,3
42,750,-955,98,1131,34,-214,67,-21,22,-4,45,-4,88,349265,7,33921,62,0,49,8321,6
42,800,-957,05,1131,12,-214,92,-21,24,-4,42,-4,88,349667,3,33915,89,0,75,8315,9
42,850,-958,11,1130,90,-215,16,-21,27,-4,40,-4,88,350022,1,33910,16,0,98,8310,2
42,900,-959,17,1130,68,-215,41,-21,29,-4,37,-4,89,350322,7,33904,41,1,19,8304,4
42,950,-960,24,1130,46,-215,65,-21,32,-4,35,-4,89,350569,4,33898,67,1,37,8298,7
43,000,-961,30,1130,25,-215,90,-21,34,-4,32,-4,89,350763,8,33892,92,1,52,8292,9
43,050,-962,37,1130,03,-216,14,-21,37,-4,29,-4,89,350909,2,33887,17,1,64,8287,2
43,100,-963,44,1129,82,-216,38,-21,40,-4,26,-4,90,351008,9,33881,41,1,75,8281,4
43,150,-964,51,1129,60,-216,63,-21,42,-4,24,-4,90,351067,6,33875,66,1,83,8275,7
43,200,-965,58,1129,39,-216,87,-21,45,-4,21,-4,91,351089,7,33869,91,1,90,8269,9
43,250,-966,66,1129,18,-217,12,-21,47,-4,18,-4,91,351080,5,33864,16,1,94,8264,2
43,300,-967,73,1128,98,-217,37,-21,49,-4,15,-4,92,351045,0,33858,41,1,98,8258,4
43,350,-968,81,1128,77,-217,61,-21,52,-4,13,-4,92,350987,5,33852,66,2,01,8252,7
43,400,-969,88,1128,56,-217,86,-21,54,-4,10,-4,91,350912,0,33846,90,2,03,8246,9
43,450,-970,96,1128,36,-218,10,-21,56,-4,07,-4,90,350821,0,33841,15,2,04,8241,2
43,500,-972,04,1128,16,-218,35,-21,58,-4,04,-4,90,350717,2,33835,40,2,04,8235,4
43,550,-973,12,1127,95,-218,59,-21,60,-4,01,-4,89,350601,9,33829,65,2,04,8229,6
43,600,-974,20,1127,75,-218,84,-21,62,-3,99,-4,89,350475,6,33823,90,2,03,8223,9
43,650,-975,28,1127,56,-219,08,-21,64,-3,96,-4,89,350335,0,33818,16,2,02,8218,2
43,700,-976,36,1127,36,-219,33,-21,66,-3,93,-4,88,350178,2,33812,42,1,99,8212,4
43,750,-977,45,1127,16,-219,57,-21,69,-3,90,-4,88,350001,1,33806,68,1,96,8206,7
43,800,-978,53,1126,97,-219,81,-21,71,-3,88,-4,87,349800,8,33800,94,1,91,8200,9
43,850,-979,62,1126,78,-220,06,-21,74,-3,85,-4,87,349573,1,33795,21,1,85,8195,2
43,900,-980,70,1126,58,-220,30,-21,76,-3,82,-4,86,349313,9,33789,48,1,77,8189,5
43,950,-981,79,1126,39,-220,54,-21,79,-3,80,-4,86,349019,3,33783,75,1,67,8183,8
44,000,-982,88,1126,20,-220,79,-21,81,-3,77,-4,85,348686,0,33778,04,1,55,8178,0
44,050,-983,97,1126,02,-221,03,-21,84,-3,75,-4,85,348311,2,33772,32,1,41,8172,3
44,100,-985,07,1125,83,-221,27,-21,86,-3,72,-4,85,347894,2,33766,62,1,24,8166,6
44,150,-986,16,1125,64,-221,52,-21,89,-3,70,-4,86,347431,4,33760,92,1,05,8160,9
44,200,-987,26,1125,46,-221,76,-21,91,-3,67,-4,86,346921,2,33755,23,0,84,8155,2
44,250,-988,35,1125,28,-222,00,-21,93,-3,65,-4,86,346364,8,33749,54,0,59,8149,5
44,300,-989,45,1125,09,-222,24,-21,95,-3,63,-4,87,345776,6,33743,87,0,34,8143,9
44,350,-990,55,1124,91,-222,49,-21,97,-3,61,-4,87,345305,4,33738,21,0,17,8138,2
44,400,-991,64,1124,73,-222,73,-21,95,-3,58,-4,87,345507,5,33732,54,0,36,8132,5
44,450,-992,74,1124,56,-222,98,-21,93,-3,56,-4,87,345874,8,33726,88,0,61,8126,9
44,500,-993,84,1124,38,-223,22,-21,90,-3,54,-4,88,346208,3,33721,20,0,85,8121,2
44,550,-994,93,1124,20,-223,46,-21,88,-3,52,-4,88,346490,3,33715,52,1,06,8115,5
44,600,-996,02,1124,03,-223,71,-21,85,-3,49,-4,88,346718,9,33709,84,1,24,8109,8
44,650,-997,12,1123,85,-223,95,-21,82,-3,47,-4,89,346896,0,33704,16,1,40,8104,2
44,700,-998,21,1123,68,-224,20,-21,80,-3,44,-4,89,347024,6,33698,47,1,53,8098,5
44,750,-999,30,1123,51,-224,44,-21,77,-3,42,-4,89,347108,0,33692,78,1,64,8092,8
44,800,-1000,38,1123,34,-224,69,-21,74,-3,39,-4,90,347150,7,33687,09,1,72,8087,1
44,850,-1001,47,1123,17,-224,93,-21,72,-3,37,-4,90,347156,8,33681,39,1,79,8081,4
44,900,-1002,56,1123,00,-225,18,-21,69,-3,34,-4,91,347131,0,33675,70,1,85,8075,7
44,950,-1003,64,1122,83,-225,42,-21,67,-3,32,-4,91,347077,9,33670,01,1,89,8070,0
45,000,-1004,72,1122,67,-225,67,-21,64,-3,29,-4,92,347002,0,33664,32,1,91,8064,3
45,050,-1005,81,1122,50,-225,91,-21,62,-3,27,-4,93,346908,0,33658,64,1,93,8058,6
45,100,-1006,89,1122,34,-226,16,-21,60,-3,25,-4,93,346800,3,33652,95,1,94,8052,9
45,150,-1007,96,1122,18,-226,41,-21,58,-3,22,-4,92,346682,0,33647,27,1,95,8047,3
45,200,-1009,04,1122,02,-226,65,-21,56,-3,20,-4,92,346555,1,33641,58,1,95,8041,6
45,250,-1010,12,1121,86,-226,90,-21,53,-3,17,-4,91,346418,5,33635,90,1,95,8035,9
45,300,-1011,20,1121,70,-227,14,-21,51,-3,15,-4,90,346269,3,33630,22,1,93,8030,2
45,350,-1012,27,1121,55,-227,39,-21,49,-3,12,-4,90,346104,3,33624,55,1,92,8024,5
45,400,-1013,35,1121,39,-227,63,-21,46,-3,10,-4,89,345920,6,33618,88,1,89,8018,9
45,451,-1014,42,1121,24,-227,88,-21,44,-3,07,-4,89,345714,8,33613,21,1,85,8013,2
45,501,-1015,49,1121,08,-228,12,-21,41,-3,05,-4,89,345483,9,33607,54,1,79,8007,5
45,551,-1016,56,1120,93,-228,37,-21,39,-3,03,-4,88,345223,9,33601,88,1,72,8001,9
45,601,-1017,63,1120,78,-228,61,-21,36,-3,00,-4,88,344931,3,33596,22,1,64,7996,2
45,651,-1018,70,1120,63,-228,85,-21,34,-2,98,-4,87,344601,8,33590,57,1,53,7990,6
45,701,-1019,76,1120,48,-229,10,-21,31,-2,96,-4,87,344232,3,33584,92,1,40,7984,9
45,751,-1020,83,1120,33,-229,34,-21,28,-2,94,-4,86,343819,5,33579,28,1,25,7979,3
45,801,-1021,89,1120,19,-229,58,-21,26,-2,92,-4,86,343360,5,33573,65,1,07,7973,7
45,851,-1022,95,1120,04,-229,83,-21,23,-2,90,-4,85,342853,1,33568,03,0,86,7968,0
45,901,-1024,01,1119,90,-230,07,-21,21,-2,88,-4,85,342297,3,33562,41,0,63,7962,4
45,951,-1025,07,1119,76,-230,31,-21,19,-2,86,-4,84,341693,2,33556,80,0,37,7956,8
46,001,-1026,13,1119,61,-230,55,-21,17,-2,84,-4,85,341055,2,33551,21,0,09,7951,2
46,051,-1027,19,1119,47,-230,80,-21,18,-2,82,-4,85,341135,7,33545,62,0,24,7945,6
46,101,-1028,25,1119,33,-231,04,-21,19,-2,80,-4,85,341557,1,33540,02,0,51,7940,0
46,151,-1029,31,1119,19,-231,28,-21,21,-2,78,-4,86,341927,9,33534,42,0,75,7934,4
46,201,-1030,37,1119,05,-231,52,-21,24,-2,76,-4,86,342244,4,33528,81,0,96,7928,8
46,251,-1031,43,1118,91,-231,77,-21,26,-2,74,-4,87,342506,7,33523,20,1,15,7923,2
46,301,-1032,50,1118,78,-232,01,-21,28,-2,72,-4,87,342717,6,33517,58,1,31,7917,6
46,351,-1033,56,1118,64,-232,25,-21,31,-2,70,-4,87,342879,9,33511,96,1,44,7912,0
46,401,-1034,63,1118,51,-232,50,-21,33,-2,68,-4,88,342997,2,33506,34,1,55,7906,3
46,451,-1035,69,1118,37,-232,74,-21,35,-2,66,-4,88,343073,3,33500,71,1,64,7900,7
46,501,-1036,76,1118,24,-232,99,-21,38,-2,64,-4,88,343113,0,33495,09,1,72,7895,1
46,551,-1037,83,1118,11,-233,23,-21,40,-2,62,-4,89,343120,2,33489,46,1,77,7889,5
46,601,-1038,90,1117,98,-233,48,-21,42,-2,59,-4,89,343099,2,33483,84,1,81,7883,8
46,651,-1039,97,1117,85,-233,72,-21,44,-2,57,-4,90,343053,6,33478,21,1,84,7878,2
46,701,-1041,05,1117,72,-233,96,-21,46,-2,55,-4,90,342987,4,33472,59,1,86,7872,6
46,751,-1042,12,1117,60,-234,21,-21,48,-2,53,-4,91,342904,1,33466,96,1,87,7867,0
46,801,-1043,20,1117,47,-234,46,-21,50,-2,51,-4,91,342806,7,33461,34,1,88,7861,3
46,851,-1044,27,1117,35,-234,70,-21,52,-2,49,-4,92,342698,8,33455,73,1,87,7855,7
46,901,-1045,35,1117,22,-234,95,-21,54,-2,46,-4,93,342582,9,33450,11,1,87,7850,1
46,951,-1046,42,1117,10,-235,19,-21,56,-2,44,-4,93,342458,8,33444,49,1,86,7844,5
47,001,-1047,50,1116,98,-235,44,-21,58,-2,42,-4,92,342323,6,33438,88,1,84,7838,9
47,051,-1048,58,1116,86,-235,69,-21,60,-2,40,-4,91,342173,8,33433,27,1,82,7833,3
47,101,-1049,66,1116,74,-235,93,-21,62,-2,38,-4,90,342004,7,33427,66,1,78,7827,7
47,151,-1050,74,1116,62,-236,18,-21,64,-2,36,-4,90,341812,7,33422,05,1,73,7822,1
47,201,-1051,83,1116,50,-236,42,-21,66,-2,34,-4,89,341594,1,33416,45,1,67,7816,5
47,251,-1052,91,1116,39,-236,67,-21,69,-2,32,-4,89,341344,9,33410,86,1,59,7810,9
47,301,-1054,00,1116,27,-236,91,-21,71,-2,30,-4,88,341062,0,33405,26,1,50,7805,3
47,351,-1055,08,1116,16,-237,15,-21,73,-2,28,-4,88,340741,5,33399,67,1,38,7799,7
47,401,-1056,17,1116,04,-237,40,-21,76,-2,26,-4,88,340380,8,33394,09,1,24,7794,1
47,451,-1057,26,1115,93,-237,64,-21,78,-2,24,-4,87,339977,2,33388,52,1,07,7788,5
47,501,-1058,35,1115,82,-237,89,-21,80,-2,22,-4,87,339529,1,33382,95,0,88,7782,9
47,551,-1059,44,1115,71,-238,13,-21,82,-2,20,-4,87,339037,9,33377,38,0,67,7777,4
47,601,-1060,53,1115,60,-238,37,-21,84,-2,19,-4,86,338510,5,33371,83,0,44,7771,8
47,651,-1061,62,1115,49,-238,62,-21,86,-2,17,-4,86,337997,1,33366,29,0,22,7766,3
47,701,-1062,71,1115,38,-238,86,-21,85,-2,15,-4,86,337882,5,33360,75,0,24,7760,7
47,751,-1063,81,1115,27,-239,10,-21,83,-2,14,-4,86,338180,7,33355,20,0,47,7755,2
47,801,-1064,90,1115,17,-239,34,-21,81,-2,12,-4,85,338492,1,33349,66,0,69,7749,7
47,851,-1065,99,1115,06,-239,59,-21,79,-2,10,-4,85,338762,9,33344,11,0,89,7744,1
47,901,-1067,08,1114,96,-239,83,-21,77,-2,08,-4,84,338986,3,33338,55,1,07,7738,6
47,951,-1068,16,1114,85,-240,07,-21,74,-2,07,-4,84,339162,3,33332,99,1,22,7733,0
48,001,-1069,25,1114,75,-240,31,-21,72,-2,05,-4,83,339294,0,33327,43,1,35,7727,4
48,051,-1070,34,1114,65,-240,55,-21,69,-2,03,-4,83,339386,5,33321,87,1,46,7721,9
48,101,-1071,42,1114,55,-240,80,-21,67,-2,01,-4,84,339442,8,33316,30,1,55,7716,3
48,151,-1072,50,1114,45,-241,04,-21,64,-1,99,-4,84,339464,9,33310,73,1,62,7710,7
48,201,-1073,58,1114,35,-241,28,-21,62,-1,97,-4,85,339456,1,33305,17,1,68,7705,2
48,251,-1074,66,1114,25,-241,52,-21,60,-1,95,-4,85,339420,7,33299,60,1,72,7699,6
48,301,-1075,74,1114,15,-241,77,-21,57,-1,93,-4,86,339362,1,33294,04,1,76,7694,0
48,351,-1076,82,1114,06,-242,01,-21,55,-1,92,-4,86,339284,3,33288,48,1,78,7688,5
48,401,-1077,90,1113,96,-242,25,-21,53,-1,90,-4,86,339190,6,33282,91,1,79,7682,9
48,451,-1078,97,1113,87,-242,49,-21,51,-1,88,-4,87,339083,6,33277,35,1,80,7677,4
48,501,-1080,05,1113,77,-242,74,-21,49,-1,86,-4,87,338966,3,33271,80,1,80,7671,8
48,551,-1081,12,1113,68,-242,98,-21,47,-1,84,-4,87,338839,0,33266,24,1,79,7666,2
48,601,-1082,20,1113,59,-243,23,-21,45,-1,82,-4,88,338700,6,33260,69,1,78,7660,7
48,651,-1083,27,1113,50,-243,47,-21,43,-1,80,-4,88,338548,0,33255,14,1,76,7655,1
48,701,-1084,34,1113,41,-243,71,-21,41,-1,78,-4,89,338379,9,33249,59,1,74,7649,6
48,751,-1085,41,1113,32,-243,96,-21,39,-1,76,-4,89,338193,3,33244,04,1,70,7644,0
48,801,-1086,48,1113,23,-244,20,-21,36,-1,75,-4,90,337986,3,33238,50,1,65,7638,5
48,851,-1087,55,1113,15,-244,45,-21,34,-1,73,-4,89,337755,2,33232,96,1,59,7633,0
48,901,-1088,61,1113,06,-244,69,-21,32,-1,71,-4,88,337496,6,33227,43,1,51,7627,4
48,951,-1089,68,1112,98,-244,94,-21,29,-1,69,-4,88,337206,8,33221,89,1,42,7621,9
49,001,-1090,74,1112,89,-245,18,-21,27,-1,68,-4,87,336881,7,33216,37,1,31,7616,4
49,051,-1091,80,1112,81,-245,42,-21,24,-1,66,-4,87,336518,6,33210,85,1,17,7610,9
49,101,-1092,87,1112,73,-245,67,-21,22,-1,65,-4,87,336115,0,33205,34,1,02,7605,3
49,151,-1093,93,1112,64,-245,91,-21,20,-1,63,-4,86,335669,8,33199,83,0,84,7599,8
49,201,-1094,99,1112,56,-246,15,-21,17,-1,62,-4,86,335185,1,33194,33,0,63,7594,3
49,251,-1096,04,1112,48,-246,40,-21,15,-1,60,-4,86,334667,8,33188,84,0,41,7588,8
49,301,-1097,10,1112,40,-246,64,-21,13,-1,59,-4,86,334171,0,33183,36,0,20,7583,4
49,351,-1098,16,1112,32,-246,88,-21,14,-1,58,-4,86,334092,6,33177,88,0,24,7577,9
49,401,-1099,21,1112,24,-247,12,-21,15,-1,56,-4,85,334402,6,33172,40,0,46,7572,4
49,451,-1100,27,1112,17,-247,37,-21,17,-1,55,-4,85,334721,9,33166,91,0,68,7566,9
49,501,-1101,33,1112,09,-247,61,-21,19,-1,53,-4,85,335002,5,33161,43,0,87,7561,4
49,551,-1102,39,1112,01,-247,85,-21,21,-1,52,-4,85,335237,9,33155,93,1,04,7555,9
49,601,-1103,45,1111,94,-248,09,-21,23,-1,50,-4,84,335427,9,33150,43,1,19,7550,4
49,651,-1104,52,1111,86,-248,34,-21,26,-1,49,-4,84,335574,5,33144,93,1,31,7544,9
49,701,-1105,58,1111,79,-248,58,-21,28,-1,47,-4,84,335679,9,33139,43,1,41,7539,4
49,751,-1106,64,1111,72,-248,82,-21,30,-1,46,-4,83,335747,9,33133,93,1,49,7533,9
49,801,-1107,71,1111,64,-249,06,-21,32,-1,44,-4,83,335782,5,33128,42,1,56,7528,4
49,851,-1108,78,1111,57,-249,30,-21,34,-1,42,-4,82,335787,3,33122,92,1,61,7522,9
49,901,-1109,84,1111,50,-249,54,-21,36,-1,41,-4,82,335766,7,33117,42,1,65,7517,4
49,951,-1110,91,1111,43,-249,78,-21,38,-1,39,-4,81,335724,7,33111,91,1,67,7511,9
50,001,-1111,98,1111,36,-250,02,-21,40,-1,37,-4,80,335665,6,33106,41,1,69,7506,4
50,051,-1113,05,1111,29,-250,27,-21,42,-1,36,-4,81,335595,5,33100,91,1,71,7500,9
50,102,-1114,12,1111,23,-250,51,-21,43,-1,34,-4,81,335514,7,33095,41,1,71,7495,4
50,152,-1115,19,1111,16,-250,75,-21,45,-1,32,-4,82,335424,2,33089,91,1,72,7489,9
50,202,-1116,27,1111,09,-250,99,-21,47,-1,31,-4,82,335324,3,33084,41,1,71,7484,4
50,252,-1117,34,1111,03,-251,23,-21,48,-1,29,-4,83,335213,7,33078,91,1,70,7478,9
50,302,-1118,42,1110,96,-251,47,-21,50,-1,28,-4,83,335089,8,33073,42,1,69,7473,4
50,352,-1119,49,1110,90,-251,71,-21,52,-1,26,-4,84,334950,2,33067,93,1,66,7467,9
50,402,-1120,57,1110,84,-251,95,-21,54,-1,24,-4,84,334792,2,33062,44,1,63,7462,4
50,452,-1121,65,1110,78,-252,20,-21,56,-1,23,-4,84,334612,9,33056,95,1,58,7457,0
50,502,-1122,72,1110,72,-252,44,-21,58,-1,21,-4,84,334408,9,33051,46,1,52,7451,5
50,552,-1123,80,1110,66,-252,68,-21,60,-1,20,-4,85,334176,7,33045,98,1,44,7446,0
50,602,-1124,88,1110,60,-252,92,-21,62,-1,18,-4,85,333912,8,33040,51,1,35,7440,5
50,652,-1125,97,1110,54,-253,17,-21,65,-1,17,-4,86,333613,6,33035,04,1,23,7435,0
50,702,-1127,05,1110,48,-253,41,-21,67,-1,15,-4,86,333276,3,33029,57,1,10,7429,6
50,752,-1128,13,1110,42,-253,65,-21,69,-1,14,-4,86,332897,6,33024,11,0,94,7424,1
50,802,-1129,22,1110,37,-253,90,-21,71,-1,13,-4,87,332476,3,33018,66,0,75,7418,7
50,852,-1130,30,1110,31,-254,14,-21,73,-1,11,-4,87,332012,4,33013,21,0,55,7413,2
50,902,-1131,39,1110,25,-254,38,-21,74,-1,10,-4,87,331509,1,33007,77,0,32,7407,8
50,952,-1132,48,1110,20,-254,63,-21,76,-1,09,-4,86,331004,8,33002,34,0,10,7402,3
51,002,-1133,57,1110,14,-254,87,-21,75,-1,08,-4,86,331106,0,32996,92,0,24,7396,9
51,052,-1134,65,1110,09,-255,11,-21,73,-1,07,-4,86,331449,8,32991,48,0,48,7391,5
51,102,-1135,74,1110,04,-255,35,-21,71,-1,06,-4,85,331752,2,32986,05,0,69,7386,0
51,152,-1136,82,1109,99,-255,60,-21,69,-1,04,-4,85,332006,3,32980,61,0,88,7380,6
51,202,-1137,91,1109,93,-255,84,-21,67,-1,03,-4,85,332211,9,32975,16,1,04,7375,2
51,252,-1138,99,1109,88,-256,08,-21,64,-1,02,-4,84,332371,4,32969,71,1,18,7369,7
51,302,-1140,07,1109,83,-256,32,-21,62,-1,00,-4,84,332487,9,32964,27,1,30,7364,3
51,352,-1141,15,1109,78,-256,57,-21,60,-0,99,-4,83,332565,0,32958,81,1,40,7358,8
51,402,-1142,23,1109,73,-256,81,-21,58,-0,98,-4,83,332606,6,32953,36,1,47,7353,4
51,452,-1143,31,1109,68,-257,05,-21,55,-0,96,-4,83,332616,8,32947,91,1,54,7347,9
51,502,-1144,39,1109,64,-257,29,-21,53,-0,95,-4,82,332599,6,32942,45,1,58,7342,5
51,552,-1145,46,1109,59,-257,53,-21,51,-0,93,-4,82,332558,5,32937,00,1,62,7337,0
51,602,-1146,54,1109,54,-257,77,-21,49,-0,92,-4,81,332496,9,32931,55,1,64,7331,5
51,652,-1147,61,1109,50,-258,01,-21,47,-0,90,-4,81,332417,9,32926,10,1,66,7326,1
51,702,-1148,69,1109,45,-258,25,-21,45,-0,89,-4,80,332325,0,32920,65,1,67,7320,6
51,752,-1149,76,1109,41,-258,49,-21,43,-0,88,-4,80,332220,9,32915,20,1,67,7315,2
51,802,-1150,83,1109,37,-258,73,-21,41,-0,86,-4,79,332108,5,32909,75,1,67,7309,8
51,852,-1151,90,1109,32,-258,97,-21,39,-0,85,-4,78,331988,8,32904,31,1,66,7304,3
51,902,-1152,97,1109,28,-259,21,-21,38,-0,83,-4,79,331863,6,32898,87,1,65,7298,9
51,952,-1154,04,1109,24,-259,45,-21,36,-0,82,-4,80,331727,3,32893,43,1,63,7293,4
52,002,-1155,10,1109,20,-259,69,-21,34,-0,81,-4,80,331576,2,32887,99,1,61,7288,0
52,052,-1156,17,1109,16,-259,93,-21,31,-0,79,-4,81,331406,7,32882,56,1,57,7282,6
52,102,-1157,24,1109,12,-260,17,-21,29,-0,78,-4,81,331215,4,32877,13,1,53,7277,1
52,152,-1158,30,1109,08,-260,41,-21,27,-0,77,-4,81,330998,9,32871,70,1,46,7271,7
52,202,-1159,36,1109,04,-260,65,-21,25,-0,75,-4,82,330754,0,32866,27,1,39,7266,3
52,252,-1160,42,1109,01,-260,89,-21,23,-0,74,-4,82,330477,9,32860,86,1,29,7260,9
52,302,-1161,49,1108,97,-261,13,-21,20,-0,73,-4,82,330168,0,32855,44,1,18,7255,4
52,352,-1162,54,1108,93,-261,38,-21,18,-0,72,-4,83,329821,7,32850,03,1,05,7250,0
52,402,-1163,60,1108,90,-261,62,-21,16,-0,71,-4,83,329437,6,32844,63,0,89,7244,6
52,452,-1164,66,1108,86,-261,86,-21,14,-0,70,-4,83,329015,9,32839,23,0,71,7239,2
52,502,-1165,72,1108,83,-262,10,-21,12,-0,69,-4,83,328559,2,32833,84,0,52,7233,8
52,552,-1166,77,1108,79,-262,34,-21,10,-0,68,-4,84,328085,2,32828,46,0,31,7228,5
52,602,-1167,83,1108,76,-262,58,-21,08,-0,67,-4,84,327727,0,32823,08,0,18,7223,1
52,652,-1168,88,1108,73,-262,83,-21,10,-0,66,-4,84,327873,8,32817,71,0,32,7217,7
52,702,-1169,94,1108,69,-263,07,-21,11,-0,65,-4,84,328175,7,32812,33,0,52,7212,3
52,752,-1170,99,1108,66,-263,31,-21,13,-0,64,-4,84,328460,6,32806,95,0,72,7206,9
52,802,-1172,05,1108,63,-263,55,-21,15,-0,63,-4,85,328705,8,32801,56,0,89,7201,6
52,852,-1173,11,1108,60,-263,79,-21,17,-0,62,-4,85,328908,8,32796,17,1,04,7196,2
52,902,-1174,17,1108,57,-264,04,-21,19,-0,61,-4,85,329069,6,32790,78,1,16,7190,8
52,952,-1175,23,1108,54,-264,28,-21,21,-0,60,-4,86,329192,0,32785,38,1,27,7185,4
53,002,-1176,29,1108,51,-264,52,-21,23,-0,58,-4,86,329278,1,32779,98,1,36,7180,0
53,052,-1177,35,1108,48,-264,77,-21,25,-0,57,-4,87,329333,3,32774,59,1,43,7174,6
53,102,-1178,41,1108,45,-265,01,-21,27,-0,56,-4,86,329360,4,32769,18,1,49,7169,2
53,152,-1179,48,1108,42,-265,25,-21,29,-0,55,-4,86,329363,2,32763,78,1,53,7163,8
53,202,-1180,54,1108,40,-265,49,-21,31,-0,54,-4,85,329344,0,32758,38,1,56,7158,4
53,252,-1181,61,1108,37,-265,74,-21,32,-0,52,-4,85,329305,8,32752,98,1,59,7153,0
53,302,-1182,67,1108,34,-265,98,-21,34,-0,51,-4,84,329251,3,32747,58,1,60,7147,6
53,352,-1183,74,1108,32,-266,22,-21,36,-0,50,-4,84,329183,4,32742,19,1,61,7142,2
53,402,-1184,81,1108,29,-266,46,-21,37,-0,49,-4,84,329104,1,32736,79,1,62,7136,8
53,452,-1185,88,1108,27,-266,70,-21,39,-0,47,-4,83,329015,5,32731,40,1,61,7131,4
53,502,-1186,95,1108,25,-266,95,-21,41,-0,46,-4,83,328917,7,32726,00,1,61,7126,0
53,552,-1188,02,1108,22,-267,19,-21,42,-0,45,-4,83,328808,5,32720,61,1,59,7120,6
53,602,-1189,09,1108,20,-267,43,-21,44,-0,44,-4,82,328685,8,32715,22,1,57,7115,2
53,652,-1190,16,1108,18,-267,67,-21,46,-0,43,-4,82,328546,8,32709,84,1,54,7109,8
53,702,-1191,24,1108,16,-267,91,-21,48,-0,42,-4,81,328389,3,32704,45,1,50,7104,5
53,752,-1192,31,1108,14,-268,15,-21,49,-0,40,-4,81,328210,1,32699,07,1,45,7099,1
53,802,-1193,39,1108,12,-268,39,-21,51,-0,39,-4,80,328006,7,32693,69,1,38,7093,7
53,852,-1194,46,1108,10,-268,63,-21,53,-0,38,-4,80,327776,6,32688,31,1,30,7088,3
53,902,-1195,54,1108,08,-268,87,-21,55,-0,37,-4,80,327519,2,32682,94,1,20,7082,9
53,952,-1196,62,1108,06,-269,11,-21,57,-0,36,-4,81,327230,2,32677,58,1,08,7077,6
54,002,-1197,70,1108,04,-269,35,-21,59,-0,35,-4,81,326906,3,32672,21,0,95,7072,2
54,052,-1198,78,1108,03,-269,59,-21,61,-0,34,-4,81,326544,9,32666,86,0,79,7066,9
54,102,-1199,86,1108,01,-269,83,-21,63,-0,33,-4,82,326146,4,32661,51,0,61,7061,5
54,152,-1200,94,1107,99,-270,07,-21,65,-0,32,-4,82,325714,9,32656,17,0,41,7056,2
54,202,-1202,02,1107,98,-270,32,-21,66,-0,32,-4,82,325283,6,32650,83,0,22,7050,8
54,252,-1203,11,1107,96,-270,56,-21,67,-0,31,-4,82,325117,0,32645,50,0,20,7045,5
54,302,-1204,19,1107,95,-270,80,-21,65,-0,30,-4,82,325358,6,32640,17,0,38,7040,2
54,352,-1205,27,1107,93,-271,04,-21,63,-0,29,-4,83,325634,3,32634,83,0,58,7034,8
54,402,-1206,35,1107,92,-271,28,-21,61,-0,28,-4,83,325877,4,32629,49,0,76,7029,5
54,452,-1207,43,1107,90,-271,52,-21,59,-0,28,-4,83,326079,2,32624,14,0,92,7024,1
54,502,-1208,51,1107,89,-271,76,-21,57,-0,27,-4,83,326239,3,32618,80,1,05,7018,8
54,552,-1209,59,1107,88,-272,01,-21,55,-0,26,-4,84,326359,5,32613,45,1,16,7013,4
54,602,-1210,67,1107,86,-272,25,-21,52,-0,25,-4,84,326443,2,32608,10,1,26,7008,1
54,652,-1211,74,1107,85,-272,49,-21,50,-0,24,-4,84,326493,4,32602,74,1,33,7002,7
54,702,-1212,82,1107,84,-272,73,-21,48,-0,23,-4,85,326513,5,32597,39,1,40,6997,4
54,752,-1213,89,1107,83,-272,97,-21,46,-0,22,-4,85,326507,1,32592,04,1,44,6992,0
54,803,-1214,96,1107,82,-273,22,-21,44,-0,21,-4,85,326477,8,32586,69,1,48,6986,7
54,853,-1216,03,1107,81,-273,46,-21,42,-0,19,-4,86,326429,2,32581,34,1,50,6981,3
54,903,-1217,10,1107,80,-273,70,-21,40,-0,18,-4,86,326364,4,32575,99,1,52,6976,0
54,953,-1218,17,1107,79,-273,95,-21,39,-0,17,-4,87,326286,5,32570,63,1,53,6970,6
55,003,-1219,24,1107,78,-274,19,-21,37,-0,16,-4,87,326199,2,32565,29,1,53,6965,3
55,053,-1220,31,1107,77,-274,43,-21,35,-0,15,-4,88,326105,7,32559,94,1,53,6959,9
55,103,-1221,38,1107,77,-274,68,-21,34,-0,14,-4,87,326005,8,32554,60,1,53,6954,6
55,153,-1222,44,1107,76,-274,92,-21,32,-0,13,-4,86,325897,9,32549,25,1,52,6949,3
55,203,-1223,51,1107,75,-275,16,-21,30,-0,12,-4,86,325778,7,32543,91,1,51,6943,9
55,253,-1224,57,1107,75,-275,41,-21,28,-0,11,-4,85,325645,0,32538,57,1,49,6938,6
55,303,-1225,64,1107,74,-275,65,-21,26,-0,10,-4,85,325494,3,32533,23,1,46,6933,2
55,353,-1226,70,1107,74,-275,89,-21,24,-0,09,-4,84,325324,0,32527,90,1,41,6927,9
55,403,-1227,76,1107,73,-276,13,-21,22,-0,08,-4,84,325130,8,32522,57,1,36,6922,6
55,453,-1228,82,1107,73,-276,37,-21,20,-0,07,-4,84,324912,4,32517,24,1,29,6917,2
55,503,-1229,88,1107,73,-276,62,-21,18,-0,07,-4,83,324665,9,32511,91,1,21,6911,9
55,553,-1230,94,1107,72,-276,86,-21,16,-0,06,-4,83,324388,4,32506,59,1,10,6906,6
55,603,-1232,00,1107,72,-277,10,-21,14,-0,05,-4,83,324077,7,32501,28,0,98,6901,3
55,653,-1233,05,1107,72,-277,34,-21,12,-0,04,-4,82,323731,9,32495,97,0,84,6896,0
55,703,-1234,11,1107,72,-277,58,-21,10,-0,03,-4,82,323350,0,32490,66,0,68,6890,7
55,753,-1235,16,1107,71,-277,82,-21,08,-0,03,-4,82,322933,6,32485,37,0,49,6885,4
55,803,-1236,22,1107,71,-278,06,-21,06,-0,02,-4,81,322493,1,32480,08,0,29,6880,1
55,853,-1237,27,1107,71,-278,30,-21,04,-0,02,-4,81,322124,6,32474,79,0,15,6874,8
55,903,-1238,32,1107,71,-278,54,-21,05,-0,01,-4,81,322235,1,32469,51,0,27,6869,5
55,953,-1239,38,1107,71,-278,79,-21,07,0,00,-4,81,322525,8,32464,23,0,46,6864,2
56,003,-1240,43,1107,71,-279,03,-21,09,0,00,-4,80,322804,3,32458,94,0,65,6858,9
56,053,-1241,48,1107,71,-279,27,-21,11,0,01,-4,80,323060,4,32453,64,0,81,6853,6
56,103,-1242,54,1107,71,-279,51,-21,12,0,02,-4,80,323277,6,32448,34,0,95,6848,3
56,153,-1243,60,1107,71,-279,75,-21,14,0,03,-4,79,323457,8,32443,04,1,07,6843,0
56,203,-1244,65,1107,71,-279,98,-21,16,0,03,-4,79,323604,8,32437,74,1,17,6837,7
56,253,-1245,71,1107,72,-280,22,-21,18,0,04,-4,80,323720,1,32432,43,1,25,6832,4
56,303,-1246,77,1107,72,-280,46,-21,20,0,05,-4,80,323805,5,32427,12,1,32,6827,1
56,353,-1247,83,1107,72,-280,70,-21,22,0,06,-4,81,323863,8,32421,82,1,38,6821,8
56,403,-1248,89,1107,72,-280,95,-21,23,0,07,-4,81,323898,1,32416,51,1,42,6816,5
56,453,-1249,96,1107,73,-281,19,-21,25,0,08,-4,81,323911,3,32411,20,1,45,6811,2
56,503,-1251,02,1107,73,-281,43,-21,27,0,09,-4,81,323907,0,32405,88,1,47,6805,9
56,553,-1252,08,1107,74,-281,67,-21,28,0,10,-4,82,323887,5,32400,57,1,48,6800,6
56,603,-1253,15,1107,74,-281,91,-21,30,0,11,-4,82,323855,6,32395,27,1,49,6795,3
56,653,-1254,21,1107,75,-282,15,-21,31,0,11,-4,82,323813,3,32389,96,1,49,6790,0
56,703,-1255,28,1107,75,-282,39,-21,33,0,12,-4,83,323762,5,32384,65,1,49,6784,7
56,753,-1256,34,1107,76,-282,63,-21,34,0,13,-4,83,323702,4,32379,34,1,48,6779,3
56,803,-1257,41,1107,77,-282,87,-21,36,0,14,-4,83,323631,3,32374,04,1,47,6774,0
56,853,-1258,48,1107,77,-283,11,-21,37,0,15,-4,84,323547,2,32368,73,1,45,6768,7
56,903,-1259,55,1107,78,-283,36,-21,39,0,16,-4,84,323448,4,32363,43,1,42,6763,4
56,953,-1260,62,1107,79,-283,60,-21,41,0,17,-4,85,323332,3,32358,13,1,38,6758,1
57,003,-1261,69,1107,80,-283,84,-21,42,0,18,-4,84,323196,9,32352,83,1,33,6752,8
57,053,-1262,76,1107,81,-284,08,-21,44,0,19,-4,84,323039,4,32347,53,1,27,6747,5
57,103,-1263,83,1107,82,-284,32,-21,46,0,20,-4,83,322855,5,32342,24,1,19,6742,2
57,153,-1264,91,1107,83,-284,57,-21,48,0,21,-4,83,322642,5,32336,95,1,10,6736,9
57,203,-1265,98,1107,84,-284,81,-21,50,0,21,-4,83,322396,8,32331,66,0,99,6731,7
57,253,-1267,06,1107,85,-285,05,-21,52,0,22,-4,82,322116,0,32326,37,0,86,6726,4
57,303,-1268,13,1107,86,-285,29,-21,53,0,23,-4,82,321798,4,32321,10,0,70,6721,1
57,353,-1269,21,1107,87,-285,53,-21,55,0,24,-4,82,321444,2,32315,82,0,53,6715,8
57,403,-1270,29,1107,88,-285,77,-21,57,0,24,-4,82,321059,0,32310,56,0,34,6710,6
57,453,-1271,37,1107,90,-286,01,-21,58,0,25,-4,81,320686,3,32305,30,0,17,6705,3
57,503,-1272,45,1107,91,-286,25,-21,58,0,25,-4,81,320653,0,32300,04,0,21,6700,0
57,553,-1273,52,1107,92,-286,49,-21,56,0,26,-4,81,320924,4,32294,78,0,40,6694,8
57,603,-1274,60,1107,94,-286,73,-21,54,0,27,-4,81,321197,4,32289,52,0,58,6689,5
57,653,-1275,68,1107,95,-286,97,-21,52,0,27,-4,81,321436,8,32284,25,0,74,6684,3
57,703,-1276,75,1107,96,-287,21,-21,50,0,28,-4,80,321637,3,32278,98,0,88,6679,0
57,753,-1277,83,1107,98,-287,46,-21,48,0,29,-4,80,321799,9,32273,70,1,00,6673,7
57,803,-1278,90,1107,99,-287,70,-21,46,0,30,-4,80,321926,8,32268,43,1,10,6668,4
57,853,-1279,98,1108,01,-287,94,-21,44,0,31,-4,80,322020,7,32263,15,1,19,6663,1
57,903,-1281,05,1108,02,-288,17,-21,42,0,31,-4,79,322084,4,32257,87,1,26,6657,9
57,953,-1282,12,1108,04,-288,41,-21,40,0,32,-4,79,322121,6,32252,59,1,31,6652,6
58,003,-1283,19,1108,05,-288,65,-21,38,0,33,-4,79,322135,4,32247,31,1,35,6647,3
58,053,-1284,26,1108,07,-288,89,-21,37,0,34,-4,78,322129,0,32242,02,1,38,6642,0
58,103,-1285,32,1108,09,-289,13,-21,35,0,35,-4,78,322105,9,32236,74,1,40,6636,7
58,153,-1286,39,1108,11,-289,37,-21,33,0,36,-4,77,322068,9,32231,46,1,41,6631,5
58,203,-1287,46,1108,12,-289,61,-21,31,0,37,-4,77,322021,4,32226,18,1,42,6626,2
58,253,-1288,52,1108,14,-289,85,-21,30,0,38,-4,77,321967,3,32220,91,1,42,6620,9
58,303,-1289,59,1108,16,-290,09,-21,28,0,39,-4,77,321907,3,32215,63,1,42,6615,6
58,353,-1290,65,1108,18,-290,32,-21,27,0,40,-4,78,321839,8,32210,35,1,42,6610,4
58,403,-1291,71,1108,20,-290,56,-21,25,0,41,-4,78,321761,6,32205,07,1,41,6605,1
58,453,-1292,78,1108,22,-290,80,-21,23,0,41,-4,79,321670,8,32199,80,1,39,6599,8
58,503,-1293,84,1108,24,-291,04,-21,21,0,42,-4,79,321565,2,32194,53,1,37,6594,5
58,553,-1294,90,1108,26,-291,28,-21,20,0,43,-4,79,321442,0,32189,26,1,34,6589,3
58,603,-1295,96,1108,29,-291,52,-21,18,0,44,-4,79,321298,7,32183,99,1,29,6584,0
58,653,-1297,01,1108,31,-291,76,-21,16,0,45,-4,80,321132,4,32178,72,1,23,6578,7
58,703,-1298,07,1108,33,-292,00,-21,14,0,46,-4,80,320940,3,32173,46,1,16,6573,5
58,753,-1299,13,1108,35,-292,24,-21,12,0,47,-4,80,320719,6,32168,20,1,07,6568,2
58,803,-1300,18,1108,38,-292,48,-21,10,0,47,-4,80,320467,2,32162,95,0,97,6562,9
58,853,-1301,24,1108,40,-292,72,-21,08,0,48,-4,81,320180,6,32157,69,0,84,6557,7
58,903,-1302,29,1108,43,-292,96,-21,06,0,49,-4,81,319857,7,32152,45,0,70,6552,4
58,953,-1303,34,1108,45,-293,20,-21,04,0,49,-4,81,319497,0,32147,21,0,53,6547,2
59,003,-1304,40,1108,48,-293,44,-21,02,0,50,-4,81,319098,2,32141,97,0,34,6542,0
59,053,-1305,45,1108,50,-293,68,-21,01,0,51,-4,82,318665,4,32136,75,0,13,6536,7
59,103,-1306,50,1108,53,-293,92,-21,01,0,51,-4,82,318523,1,32131,52,0,12,6531,5
59,153,-1307,55,1108,55,-294,17,-21,02,0,52,-4,82,318845,6,32126,30,0,33,6526,3
59,203,-1308,60,1108,58,-294,41,-21,03,0,52,-4,82,319141,2,32121,07,0,51,6521,1
59,253,-1309,65,1108,60,-294,65,-21,05,0,53,-4,82,319396,6,32115,84,0,67,6515,8
59,303,-1310,70,1108,63,-294,89,-21,07,0,54,-4,81,319611,9,32110,60,0,82,6510,6
59,353,-1311,76,1108,66,-295,13,-21,09,0,54,-4,81,319790,0,32105,36,0,94,6505,4
59,403,-1312,81,1108,69,-295,37,-21,10,0,55,-4,81,319932,0,32100,11,1,04,6500,1
59,454,-1313,87,1108,71,-295,61,-21,12,0,56,-4,80,320041,5,32094,87,1,12,6494,9
59,504,-1314,92,1108,74,-295,85,-21,14,0,57,-4,80,320121,7,32089,62,1,19,6489,6
59,554,-1315,98,1108,77,-296,09,-21,15,0,58,-4,80,320175,5,32084,37,1,24,6484,4
59,604,-1317,04,1108,80,-296,33,-21,17,0,58,-4,80,320206,4,32079,12,1,28,6479,1
59,654,-1318,10,1108,83,-296,57,-21,19,0,59,-4,79,320217,2,32073,87,1,31,6473,9
59,704,-1319,16,1108,86,-296,81,-21,20,0,60,-4,79,320211,1,32068,62,1,34,6468,6
59,754,-1320,22,1108,89,-297,05,-21,21,0,61,-4,79,320190,4,32063,37,1,35,6463,4
59,804,-1321,28,1108,92,-297,29,-21,23,0,62,-4,78,320157,5,32058,12,1,36,6458,1
59,854,-1322,34,1108,95,-297,53,-21,24,0,63,-4,78,320114,6,32052,87,1,36,6452,9
59,904,-1323,40,1108,98,-297,77,-21,25,0,64,-4,78,320063,7,32047,63,1,36,6447,6
59,954,-1324,47,1109,01,-298,00,-21,27,0,65,-4,77,320005,5,32042,38,1,35,6442,4
60,004,-1325,53,1109,05,-298,24,-21,28,0,66,-4,77,319939,5,32037,13,1,34,6437,1
60,054,-1326,59,1109,08,-298,48,-21,30,0,66,-4,78,319863,7,32031,89,1,33,6431,9
60,104,-1327,66,1109,11,-298,72,-21,31,0,67,-4,78,319774,6,32026,64,1,30,6426,6
60,154,-1328,73,1109,15,-298,96,-21,33,0,68,-4,78,319669,7,32021,40,1,27,6421,4
60,204,-1329,79,1109,18,-299,20,-21,34,0,69,-4,79,319546,2,32016,16,1,23,6416,2
60,254,-1330,86,1109,22,-299,44,-21,36,0,70,-4,79,319400,8,32010,93,1,17,6410,9
60,304,-1331,93,1109,25,-299,68,-21,38,0,71,-4,79,319231,2,32005,69,1,10,6405,7
60,354,-1333,00,1109,29,-299,92,-21,39,0,71,-4,79,319034,3,32000,46,1,02,6400,5
60,404,-1334,07,1109,32,-300,16,-21,41,0,72,-4,79,318807,1,31995,23,0,91,6395,2
60,454,-1335,14,1109,36,-300,40,-21,43,0,73,-4,80,318546,8,31990,01,0,79,6390,0
60,504,-1336,21,1109,40,-300,64,-21,44,0,74,-4,80,318251,8,31984,79,0,65,6384,8
60,554,-1337,28,1109,43,-300,88,-21,46,0,74,-4,80,317920,4,31979,57,0,49,6379,6
60,604,-1338,36,1109,47,-301,12,-21,47,0,75,-4,80,317553,3,31974,37,0,31,6374,4
60,654,-1339,43,1109,51,-301,36,-21,49,0,76,-4,80,317167,1,31969,16,0,12,6369,2
60,704,-1340,50,1109,55,-301,60,-21,49,0,76,-4,80,317100,7,31963,96,0,15,6364,0
60,754,-1341,58,1109,58,-301,84,-21,47,0,77,-4,80,317382,3,31958,76,0,34,6358,8
60,804,-1342,65,1109,62,-302,08,-21,45,0,77,-4,80,317642,0,31953,56,0,52,6353,6
60,854,-1343,72,1109,66,-302,32,-21,44,0,78,-4,80,317865,1,31948,35,0,67,6348,3
60,904,-1344,80,1109,70,-302,56,-21,42,0,79,-4,80,318049,8,31943,13,0,81,6343,1
60,954,-1345,87,1109,74,-302,80,-21,40,0,80,-4,81,318197,7,31937,92,0,92,6337,9
61,004,-1346,93,1109,78,-303,04,-21,38,0,80,-4,81,318312,3,31932,70,1,02,6332,7
61,054,-1348,00,1109,82,-303,28,-21,36,0,81,-4,81,318396,1,31927,48,1,09,6327,5
61,104,-1349,07,1109,86,-303,52,-21,34,0,82,-4,81,318452,5,31922,26,1,16,6322,3
61,154,-1350,14,1109,90,-303,76,-21,32,0,83,-4,81,318484,8,31917,04,1,21,6317,0
61,204,-1351,20,1109,94,-304,00,-21,31,0,84,-4,80,318495,8,31911,82,1,25,6311,8
61,254,-1352,27,1109,99,-304,24,-21,29,0,84,-4,80,318488,7,31906,60,1,28,6306,6
61,304,-1353,33,1110,03,-304,48,-21,27,0,85,-4,80,318465,8,31901,38,1,30,6301,4
61,354,-1354,40,1110,07,-304,72,-21,26,0,86,-4,80,318429,8,31896,16,1,31,6296,2
61,404,-1355,46,1110,11,-304,96,-21,24,0,87,-4,79,318382,7,31890,94,1,32,6290,9
61,454,-1356,52,1110,16,-305,20,-21,23,0,88,-4,79,318326,8,31885,72,1,32,6285,7
61,504,-1357,58,1110,20,-305,44,-21,21,0,89,-4,79,318262,9,31880,50,1,32,6280,5
61,554,-1358,64,1110,25,-305,68,-21,20,0,90,-4,79,318191,0,31875,29,1,31,6275,3
61,604,-1359,70,1110,29,-305,92,-21,18,0,91,-4,78,318108,8,31870,07,1,30,6270,1
61,654,-1360,76,1110,34,-306,16,-21,16,0,91,-4,78,318015,1,31864,86,1,29,6264,9
61,704,-1361,82,1110,38,-306,39,-21,15,0,92,-4,78,317907,8,31859,64,1,26,6259,6
61,754,-1362,87,1110,43,-306,63,-21,13,0,93,-4,78,317785,2,31854,44,1,23,6254,4
61,804,-1363,93,1110,48,-306,87,-21,11,0,94,-4,78,317644,4,31849,23,1,18,6249,2
61,854,-1364,98,1110,52,-307,11,-21,09,0,95,-4,79,317482,0,31844,02,1,12,6244,0
61,904,-1366,04,1110,57,-307,35,-21,08,0,95,-4,79,317295,3,31838,82,1,05,6238,8
61,954,-1367,09,1110,62,-307,59,-21,06,0,96,-4,79,317081,1,31833,62,0,97,6233,6
62,004,-1368,14,1110,67,-307,83,-21,04,0,97,-4,79,316836,8,31828,42,0,87,6228,4
62,054,-1369,20,1110,72,-308,07,-21,02,0,98,-4,79,316560,5,31823,23,0,74,6223,2
62,104,-1370,25,1110,77,-308,31,-21,00,0,98,-4,79,316250,3,31818,04,0,60,6218,0
62,154,-1371,30,1110,81,-308,55,-20,98,0,99,-4,79,315904,1,31812,86,0,44,6212,9
62,204,-1372,34,1110,86,-308,79,-20,97,1,00,-4,79,315524,2,31807,68,0,26,6207,7
62,254,-1373,39,1110,91,-309,03,-20,95,1,00,-4,79,315129,7,31802,52,0,08,6202,5
62,304,-1374,44,1110,96,-309,27,-20,96,1,01,-4,79,315197,6,31797,35,0,18,6197,4
62,354,-1375,49,1111,01,-309,51,-20,97,1,01,-4,79,315489,8,31792,18,0,37,6192,2
62,404,-1376,54,1111,06,-309,75,-20,99,1,02,-4,79,315749,8,31787,00,0,54,6187,0
62,454,-1377,59,1111,12,-309,99,-21,00,1,02,-4,79,315973,2,31781,83,0,68,6181,8
62,504,-1378,64,1111,17,-310,23,-21,02,1,03,-4,79,316159,0,31776,64,0,81,6176,6
62,554,-1379,69,1111,22,-310,47,-21,03,1,04,-4,80,316310,3,31771,46,0,92,6171,5
62,604,-1380,74,1111,27,-310,71,-21,05,1,04,-4,80,316429,2,31766,27,1,01,6166,3
62,654,-1381,79,1111,32,-310,95,-21,07,1,05,-4,80,316518,4,31761,08,1,08,6161,1
62,704,-1382,85,1111,38,-311,19,-21,08,1,06,-4,80,316580,9,31755,89,1,14,6155,9
62,754,-1383,90,1111,43,-311,43,-21,10,1,07,-4,80,316619,7,31750,70,1,18,6150,7
62,804,-1384,96,1111,48,-311,67,-21,11,1,08,-4,80,316638,1,31745,51,1,22,6145,5
62,854,-1386,01,1111,54,-311,91,-21,13,1,08,-4,81,316639,0,31740,32,1,25,6140,3
62,904,-1387,07,1111,59,-312,15,-21,14,1,09,-4,81,316625,5,31735,13,1,26,6135,1
62,954,-1388,13,1111,65,-312,39,-21,16,1,10,-4,81,316599,5,31729,94,1,28,6129,9
63,004,-1389,19,1111,70,-312,63,-21,17,1,11,-4,80,316563,2,31724,75,1,28,6124,8
63,054,-1390,24,1111,76,-312,87,-21,18,1,12,-4,80,316518,5,31719,56,1,28,6119,6
63,104,-1391,30,1111,81,-313,11,-21,19,1,13,-4,80,316466,5,31714,37,1,28,6114,4
63,154,-1392,36,1111,87,-313,35,-21,21,1,13,-4,80,316406,3,31709,18,1,27,6109,2
63,204,-1393,42,1111,93,-313,59,-21,22,1,14,-4,79,316336,3,31704,00,1,26,6104,0
63,254,-1394,48,1111,98,-313,83,-21,23,1,15,-4,79,316254,4,31698,81,1,24,6098,8
63,304,-1395,55,1112,04,-314,07,-21,25,1,16,-4,79,316158,7,31693,63,1,22,6093,6
63,354,-1396,61,1112,10,-314,31,-21,26,1,17,-4,79,316046,7,31688,45,1,18,6088,4
63,404,-1397,67,1112,16,-314,54,-21,28,1,18,-4,79,315916,0,31683,27,1,13,6083,3
63,454,-1398,74,1112,22,-314,78,-21,29,1,18,-4,78,315763,6,31678,09,1,07,6078,1
63,504,-1399,80,1112,28,-315,02,-21,31,1,19,-4,78,315586,7,31672,91,1,00,6072,9
63,554,-1400,87,1112,34,-315,26,-21,32,1,20,-4,78,315383,1,31667,74,0,91,6067,7
63,604,-1401,93,1112,40,-315,50,-21,34,1,21,-4,78,315150,6,31662,57,0,80,6062,6
63,654,-1403,00,1112,46,-315,74,-21,36,1,21,-4,78,314886,8,31657,41,0,68,6057,4
63,704,-1404,07,1112,52,-315,98,-21,37,1,22,-4,78,314589,6,31652,25,0,54,6052,2
63,754,-1405,14,1112,58,-316,22,-21,39,1,23,-4,78,314257,8,31647,09,0,38,6047,1
63,804,-1406,21,1112,64,-316,46,-21,40,1,23,-4,78,313895,9,31641,95,0,20,6041,9
63,854,-1407,28,1112,70,-316,70,-21,41,1,24,-4,78,313600,8,31636,80,0,08,6036,8
63,904,-1408,35,1112,76,-316,94,-21,40,1,24,-4,78,313798,7,31631,66,0,24,6031,7
63,954,-1409,42,1112,83,-317,17,-21,38,1,25,-4,79,314049,6,31626,51,0,41,6026,5
64,004,-1410,49,1112,89,-317,41,-21,36,1,25,-4,79,314267,2,31621,36,0,57,6021,4
64,054,-1411,56,1112,95,-317,65,-21,35,1,26,-4,79,314449,3,31616,21,0,70,6016,2
64,104,-1412,62,1113,02,-317,89,-21,33,1,27,-4,79,314595,8,31611,05,0,81,6011,1
64,154,-1413,69,1113,08,-318,13,-21,31,1,28,-4,79,314709,8,31605,89,0,91,6005,9
64,204,-1414,75,1113,14,-318,37,-21,29,1,28,-4,79,314793,3,31600,73,0,99,6000,7
64,254,-1415,82,1113,21,-318,61,-21,27,1,29,-4,79,314850,0,31595,57,1,05,5995,6
64,304,-1416,88,1113,27,-318,85,-21,26,1,30,-4,80,314882,4,31590,41,1,10,5990,4
64,354,-1417,94,1113,34,-319,09,-21,24,1,31,-4,80,314894,2,31585,25,1,14,5985,3
64,404,-1419,01,1113,40,-319,33,-21,23,1,31,-4,80,314887,6,31580,09,1,17,5980,1
64,454,-1420,07,1113,47,-319,57,-21,21,1,32,-4,80,314865,1,31574,93,1,19,5974,9
64,504,-1421,13,1113,53,-319,81,-21,19,1,33,-4,81,314830,0,31569,77,1,21,5969,8
64,554,-1422,19,1113,60,-320,05,-21,18,1,34,-4,81,314784,1,31564,61,1,22,5964,6
64,604,-1423,24,1113,67,-320,29,-21,17,1,35,-4,81,314729,7,31559,44,1,22,5959,4
64,654,-1424,30,1113,74,-320,53,-21,15,1,35,-4,82,314668,8,31554,28,1,22,5954,3
64,704,-1425,36,1113,80,-320,77,-21,14,1,36,-4,81,314601,4,31549,13,1,21,5949,1
64,754,-1426,42,1113,87,-321,01,-21,12,1,37,-4,81,314526,3,31543,97,1,21,5944,0
64,804,-1427,47,1113,94,-321,25,-21,11,1,38,-4,80,314440,9,31538,81,1,19,5938,8
64,854,-1428,53,1114,01,-321,50,-21,09,1,39,-4,80,314343,2,31533,66,1,17,5933,7
64,904,-1429,58,1114,08,-321,74,-21,08,1,39,-4,80,314230,7,31528,51,1,14,5928,5
64,954,-1430,63,1114,15,-321,97,-21,06,1,40,-4,80,314100,7,31523,36,1,10,5923,4
65,004,-1431,69,1114,22,-322,21,-21,04,1,41,-4,79,313951,5,31518,21,1,05,5918,2
65,054,-1432,74,1114,29,-322,45,-21,03,1,42,-4,79,313780,0,31513,06,0,99,5913,1
65,104,-1433,79,1114,36,-322,69,-21,01,1,42,-4,79,313583,4,31507,92,0,92,5907,9
65,154,-1434,84,1114,43,-322,93,-20,99,1,43,-4,79,313359,8,31502,78,0,82,5902,8
65,204,-1435,89,1114,51,-323,17,-20,97,1,44,-4,79,313106,4,31497,65,0,71,5897,6
65,254,-1436,94,1114,58,-323,41,-20,96,1,44,-4,78,312821,7,31492,52,0,59,5892,5
65,304,-1437,98,1114,65,-323,65,-20,94,1,45,-4,78,312505,0,31487,39,0,44,5887,4
65,354,-1439,03,1114,72,-323,89,-20,92,1,46,-4,78,312156,6,31482,27,0,28,5882,3
65,404,-1440,08,1114,80,-324,13,-20,91,1,46,-4,78,311800,3,31477,16,0,11,5877,2
65,454,-1441,12,1114,87,-324,37,-20,91,1,47,-4,78,311768,8,31472,04,0,15,5872,0
65,504,-1442,17,1114,94,-324,61,-20,92,1,47,-4,78,312020,4,31466,93,0,32,5866,9
65,554,-1443,21,1115,02,-324,85,-20,94,1,48,-4,78,312254,2,31461,81,0,48,5861,8
65,604,-1444,26,1115,09,-325,08,-20,95,1,48,-4,78,312455,3,31456,69,0,62,5856,7
65,654,-1445,31,1115,16,-325,32,-20,97,1,49,-4,77,312622,5,31451,57,0,73,5851,6
65,704,-1446,36,1115,24,-325,56,-20,98,1,50,-4,77,312757,4,31446,44,0,83,5846,4
65,754,-1447,41,1115,31,-325,80,-21,00,1,50,-4,77,312862,0,31441,31,0,92,5841,3
65,803,-1448,46,1115,39,-326,04,-21,01,1,51,-4,77,312939,4,31436,18,0,99,5836,2
65,853,-1449,51,1115,46,-326,28,-21,03,1,52,-4,77,312993,7,31431,05,1,04,5831,1
65,903,-1450,56,1115,54,-326,52,-21,04,1,52,-4,77,313026,8,31425,92,1,09,5825,9
65,953,-1451,61,1115,62,-326,75,-21,06,1,53,-4,77,313040,8,31420,79,1,12,5820,8
66,003,-1452,67,1115,69,-326,99,-21,07,1,54,-4,77,313038,8,31415,66,1,14,5815,7
66,053,-1453,72,1115,77,-327,23,-21,08,1,55,-4,78,313022,5,31410,52,1,16,5810,5
66,103,-1454,78,1115,85,-327,47,-21,09,1,55,-4,78,312994,4,31405,39,1,17,5805,4
66,153,-1455,83,1115,93,-327,71,-21,11,1,56,-4,78,312956,3,31400,26,1,18,5800,3
66,203,-1456,89,1116,00,-327,95,-21,12,1,57,-4,78,312909,8,31395,13,1,18,5795,1
66,253,-1457,94,1116,08,-328,19,-21,13,1,58,-4,78,312856,8,31390,00,1,18,5790,0
66,303,-1459,00,1116,16,-328,43,-21,14,1,59,-4,78,312795,9,31384,87,1,17,5784,9
66,353,-1460,06,1116,24,-328,67,-21,15,1,59,-4,78,312725,6,31379,74,1,16,5779,7
66,403,-1461,11,1116,32,-328,90,-21,17,1,60,-4,79,312644,6,31374,62,1,14,5774,6
66,453,-1462,17,1116,40,-329,14,-21,18,1,61,-4,79,312550,7,31369,49,1,11,5769,5
66,503,-1463,23,1116,48,-329,38,-21,19,1,62,-4,79,312442,1,31364,37,1,08,5764,4
66,553,-1464,29,1116,56,-329,62,-21,21,1,62,-4,79,312316,3,31359,25,1,03,5759,2
66,603,-1465,35,1116,65,-329,86,-21,22,1,63,-4,78,312170,7,31354,13,0,98,5754,1
66,653,-1466,41,1116,73,-330,10,-21,24,1,64,-4,78,312002,3,31349,01,0,91,5749,0
66,703,-1467,48,1116,81,-330,34,-21,25,1,65,-4,78,311808,8,31343,90,0,82,5743,9
66,753,-1468,54,1116,89,-330,58,-21,27,1,65,-4,78,311587,4,31338,79,0,72,5738,8
66,803,-1469,60,1116,97,-330,82,-21,28,1,66,-4,78,311336,0,31333,69,0,61,5733,7
66,853,-1470,67,1117,06,-331,06,-21,29,1,67,-4,78,311052,3,31328,58,0,47,5728,6
66,903,-1471,73,1117,14,-331,30,-21,31,1,67,-4,77,310737,3,31323,49,0,32,5723,5
66,953,-1472,80,1117,22,-331,53,-21,32,1,68,-4,77,310397,8,31318,39,0,15,5718,4
67,003,-1473,86,1117,31,-331,77,-21,32,1,68,-4,77,310210,9,31313,31,0,10,5713,3
67,053,-1474,93,1117,39,-332,01,-21,31,1,69,-4,77,310425,5,31308,22,0,26,5708,2
67,103,-1476,00,1117,48,-332,25,-21,30,1,69,-4,77,310645,4,31303,13,0,42,5703,1
67,153,-1477,06,1117,56,-332,49,-21,28,1,70,-4,77,310833,8,31298,04,0,56,5698,0
67,203,-1478,12,1117,65,-332,73,-21,26,1,70,-4,77,310988,0,31292,94,0,68,5692,9
67,253,-1479,19,1117,73,-332,97,-21,25,1,71,-4,77,311109,9,31287,84,0,78,5687,8
67,303,-1480,25,1117,82,-333,20,-21,23,1,72,-4,77,311201,9,31282,73,0,86,5682,7
67,353,-1481,31,1117,90,-333,44,-21,21,1,72,-4,76,311266,7,31277,63,0,93,5677,6
67,403,-1482,37,1117,99,-333,68,-21,20,1,73,-4,76,311307,3,31272,53,0,99,5672,5
67,453,-1483,43,1118,08,-333,92,-21,18,1,74,-4,76,311326,6,31267,43,1,03,5667,4
67,503,-1484,49,1118,16,-334,16,-21,17,1,75,-4,76,311326,9,31262,32,1,07,5662,3
67,553,-1485,55,1118,25,-334,39,-21,15,1,75,-4,76,311311,3,31257,22,1,09,5657,2
67,602,-1486,60,1118,34,-334,63,-21,14,1,76,-4,75,311282,3,31252,12,1,11,5652,1
67,652,-1487,66,1118,43,-334,87,-21,12,1,77,-4,75,311241,7,31247,02,1,12,5647,0
67,702,-1488,71,1118,52,-335,11,-21,11,1,78,-4,75,311192,0,31241,91,1,12,5641,9
67,752,-1489,77,1118,61,-335,34,-21,10,1,78,-4,74,311135,4,31236,81,1,13,5636,8
67,802,-1490,82,1118,69,-335,58,-21,08,1,79,-4,75,311074,0,31231,71,1,13,5631,7
67,852,-1491,88,1118,78,-335,82,-21,07,1,80,-4,75,311005,8,31226,61,1,12,5626,6
67,902,-1492,93,1118,87,-336,06,-21,06,1,81,-4,75,310929,0,31221,52,1,11,5621,5
67,952,-1493,98,1118,96,-336,29,-21,04,1,81,-4,75,310841,8,31216,42,1,09,5616,4
68,002,-1495,04,1119,06,-336,53,-21,03,1,82,-4,76,310741,7,31211,32,1,07,5611,3
68,052,-1496,09,1119,15,-336,77,-21,01,1,83,-4,76,310626,9,31206,23,1,04,5606,2
68,102,-1497,14,1119,24,-337,01,-21,00,1,83,-4,76,310495,4,31201,14,1,00,5601,1
68,152,-1498,19,1119,33,-337,25,-20,98,1,84,-4,76,310344,6,31196,05,0,95,5596,1
68,202,-1499,23,1119,42,-337,48,-20,96,1,85,-4,76,310172,1,31190,96,0,88,5591,0
68,252,-1500,28,1119,52,-337,72,-20,95,1,86,-4,76,309975,3,31185,88,0,81,5585,9
68,302,-1501,33,1119,61,-337,96,-20,93,1,86,-4,76,309751,9,31180,80,0,71,5580,8
68,352,-1502,38,1119,70,-338,20,-20,92,1,87,-4,77,309499,5,31175,72,0,60,5575,7
68,402,-1503,42,1119,79,-338,44,-20,90,1,87,-4,77,309216,6,31170,65,0,47,5570,7
68,452,-1504,47,1119,89,-338,68,-20,88,1,88,-4,77,308902,6,31165,59,0,33,5565,6
68,502,-1505,51,1119,98,-338,91,-20,87,1,88,-4,77,308557,2,31160,53,0,16,5560,5
68,552,-1506,55,1120,08,-339,15,-20,86,1,89,-4,77,308270,8,31155,47,0,06,5555,5
68,602,-1507,60,1120,17,-339,39,-20,87,1,89,-4,77,308491,7,31150,41,0,22,5550,4
68,652,-1508,64,1120,27,-339,63,-20,88,1,90,-4,77,308724,8,31145,36,0,38,5545,4
68,702,-1509,68,1120,36,-339,87,-20,90,1,90,-4,77,308925,6,31140,29,0,52,5540,3
68,752,-1510,73,1120,46,-340,11,-20,91,1,91,-4,77,309093,0,31135,23,0,64,5535,2
68,802,-1511,77,1120,55,-340,34,-20,92,1,91,-4,77,309228,4,31130,16,0,74,5530,2
68,852,-1512,82,1120,65,-340,58,-20,94,1,92,-4,77,309334,9,31125,09,0,82,5525,1
68,902,-1513,87,1120,74,-340,82,-20,95,1,93,-4,77,309414,3,31120,01,0,89,5520,0
68,952,-1514,92,1120,84,-341,06,-20,97,1,93,-4,77,309469,4,31114,94,0,95,5514,9
69,002,-1515,97,1120,94,-341,30,-20,98,1,94,-4,76,309503,1,31109,87,0,99,5509,9
69,052,-1517,01,1121,03,-341,54,-20,99,1,95,-4,76,309517,6,31104,79,1,03,5504,8
69,102,-1518,06,1121,13,-341,77,-21,01,1,95,-4,76,309516,3,31099,72,1,05,5499,7
69,152,-1519,12,1121,23,-342,01,-21,02,1,96,-4,76,309501,0,31094,65,1,07,5494,6
69,202,-1520,17,1121,33,-342,25,-21,03,1,97,-4,76,309474,0,31089,57,1,09,5489,6
69,252,-1521,22,1121,43,-342,49,-21,04,1,98,-4,76,309437,2,31084,50,1,09,5484,5
69,302,-1522,27,1121,53,-342,73,-21,05,1,98,-4,75,309392,2,31079,43,1,09,5479,4
69,352,-1523,32,1121,62,-342,96,-21,06,1,99,-4,75,309340,7,31074,36,1,09,5474,4
69,402,-1524,38,1121,72,-343,20,-21,07,2,00,-4,75,309282,9,31069,28,1,09,5469,3
69,451,-1525,43,1121,82,-343,44,-21,08,2,00,-4,75,309217,8,31064,21,1,08,5464,2
69,501,-1526,48,1121,92,-343,68,-21,09,2,01,-4,75,309143,0,31059,15,1,06,5459,1
69,551,-1527,54,1122,03,-343,91,-21,11,2,02,-4,76,309056,4,31054,08,1,04,5454,1
69,601,-1528,60,1122,13,-344,15,-21,12,2,03,-4,76,308956,8,31049,01,1,01,5449,0
69,651,-1529,65,1122,23,-344,39,-21,13,2,03,-4,76,308841,0,31043,95,0,97,5443,9
69,701,-1530,71,1122,33,-344,63,-21,15,2,04,-4,76,308707,3,31038,89,0,92,5438,9
69,751,-1531,77,1122,43,-344,87,-21,16,2,05,-4,76,308553,0,31033,83,0,86,5433,8
69,801,-1532,82,1122,53,-345,10,-21,17,2,05,-4,76,308375,4,31028,77,0,79,5428,8
69,851,-1533,88,1122,64,-345,34,-21,19,2,06,-4,76,308172,4,31023,72,0,70,5423,7
69,901,-1534,94,1122,74,-345,58,-21,20,2,06,-4,76,307940,9,31018,67,0,59,5418,7
69,951,-1536,00,1122,84,-345,82,-21,21,2,07,-4,76,307679,5,31013,62,0,47,5413,6
70,001,-1537,06,1122,95,-346,06,-21,23,2,08,-4,76,307385,6,31008,58,0,32,5408,6
70,051,-1538,13,1123,05,-346,29,-21,24,2,08,-4,76,307058,3,31003,54,0,16,5403,5
70,101,-1539,19,1123,16,-346,53,-21,25,2,09,-4,76,306702,9,30998,51,0,02,5398,5
70,151,-1540,25,1123,26,-346,77,-21,23,2,09,-4,76,306960,1,30993,48,0,20,5393,5
70,201,-1541,31,1123,36,-347,01,-21,22,2,09,-4,76,307175,5,30988,45,0,35,5388,4
70,251,-1542,37,1123,47,-347,25,-21,21,2,10,-4,76,307355,2,30983,41,0,49,5383,4
70,301,-1543,43,1123,57,-347,48,-21,19,2,11,-4,76,307501,5,30978,37,0,60,5378,4
70,351,-1544,49,1123,68,-347,72,-21,17,2,11,-4,76,307616,5,30973,33,0,70,5373,3
70,401,-1545,55,1123,79,-347,96,-21,16,2,12,-4,76,307703,0,30968,28,0,78,5368,3
70,451,-1546,61,1123,89,-348,20,-21,14,2,12,-4,75,307763,4,30963,24,0,85,5363,2
70,501,-1547,66,1124,00,-348,43,-21,13,2,13,-4,75,307800,7,30958,20,0,91,5358,2
70,551,-1548,72,1124,10,-348,67,-21,11,2,14,-4,75,307817,5,30953,15,0,95,5353,2
70,601,-1549,78,1124,21,-348,91,-21,10,2,14,-4,75,307816,9,30948,10,0,98,5348,1
70,651,-1550,83,1124,32,-349,15,-21,08,2,15,-4,75,307801,2,30943,06,1,01,5343,1
70,701,-1551,88,1124,43,-349,38,-21,07,2,16,-4,75,307772,4,30938,01,1,02,5338,0
70,751,-1552,94,1124,53,-349,62,-21,06,2,16,-4,74,307732,5,30932,97,1,04,5333,0
70,801,-1553,99,1124,64,-349,86,-21,05,2,17,-4,74,307684,0,30927,93,1,04,5327,9
70,851,-1555,04,1124,75,-350,10,-21,03,2,18,-4,74,307628,3,30922,88,1,04,5322,9
70,901,-1556,09,1124,86,-350,33,-21,02,2,19,-4,74,307566,8,30917,84,1,04,5317,8
70,951,-1557,14,1124,97,-350,57,-21,01,2,19,-4,74,307499,6,30912,79,1,04,5312,8
71,001,-1558,19,1125,08,-350,81,-21,00,2,20,-4,74,307424,6,30907,76,1,03,5307,8
71,051,-1559,24,1125,19,-351,04,-20,98,2,21,-4,74,307339,8,30902,72,1,01,5302,7
71,101,-1560,29,1125,30,-351,28,-20,97,2,21,-4,75,307243,4,30897,68,0,99,5297,7
71,151,-1561,34,1125,41,-351,52,-20,95,2,22,-4,75,307133,7,30892,64,0,96,5292,6
71,201,-1562,39,1125,52,-351,76,-20,94,2,23,-4,75,307008,5,30887,61,0,93,5287,6
71,250,-1563,43,1125,63,-351,99,-20,93,2,23,-4,75,306865,4,30882,58,0,88,5282,6
71,300,-1564,48,1125,75,-352,23,-20,91,2,24,-4,75,306702,4,30877,55,0,82,5277,5
71,350,-1565,53,1125,86,-352,47,-20,90,2,24,-4,75,306516,3,30872,52,0,75,5272,5
71,400,-1566,57,1125,97,-352,71,-20,88,2,25,-4,75,306306,0,30867,50,0,66,5267,5
71,450,-1567,61,1126,08,-352,94,-20,86,2,26,-4,75,306068,1,30862,48,0,55,5262,5
71,500,-1568,66,1126,20,-353,18,-20,85,2,26,-4,75,305801,6,30857,46,0,43,5257,5
71,550,-1569,70,1126,31,-353,42,-20,83,2,27,-4,75,305505,3,30852,45,0,30,5252,5
71,600,-1570,74,1126,42,-353,66,-20,82,2,27,-4,75,305177,6,30847,45,0,14,5247,4
71,650,-1571,78,1126,54,-353,89,-20,81,2,27,-4,75,304910,6,30842,45,0,05,5242,4
71,700,-1572,82,1126,65,-354,13,-20,82,2,28,-4,75,305135,8,30837,45,0,21,5237,4
71,750,-1573,86,1126,76,-354,37,-20,84,2,28,-4,75,305345,4,30832,44,0,35,5232,4
71,800,-1574,90,1126,88,-354,61,-20,85,2,29,-4,75,305522,2,30827,43,0,48,5227,4
71,850,-1575,95,1126,99,-354,85,-20,86,2,29,-4,75,305667,7,30822,42,0,59,5222,4
71,900,-1576,99,1127,11,-355,08,-20,87,2,30,-4,75,305784,5,30817,41,0,68,5217,4
71,950,-1578,03,1127,22,-355,32,-20,89,2,30,-4,75,305873,7,30812,39,0,76,5212,4
72,000,-1579,08,1127,34,-355,56,-20,90,2,31,-4,75,305938,5,30807,38,0,82,5207,4
72,050,-1580,12,1127,45,-355,80,-20,91,2,32,-4,75,305981,1,30802,37,0,87,5202,4
72,100,-1581,17,1127,57,-356,03,-20,92,2,32,-4,75,306004,4,30797,35,0,91,5197,4
72,150,-1582,22,1127,68,-356,27,-20,94,2,33,-4,75,306011,3,30792,34,0,94,5192,3
72,200,-1583,26,1127,80,-356,51,-20,95,2,33,-4,75,306003,4,30787,32,0,97,5187,3
72,250,-1584,31,1127,92,-356,75,-20,96,2,34,-4,75,305983,0,30782,31,0,98,5182,3
72,300,-1585,36,1128,04,-356,98,-20,97,2,35,-4,74,305952,2,30777,29,0,99,5177,3
72,350,-1586,41,1128,15,-357,22,-20,98,2,35,-4,74,305912,8,30772,28,1,00,5172,3
72,400,-1587,46,1128,27,-357,46,-20,99,2,36,-4,74,305866,4,30767,26,1,00,5167,3
72,450,-1588,51,1128,39,-357,69,-21,00,2,37,-4,74,305814,1,30762,25,1,00,5162,2
72,500,-1589,56,1128,51,-357,93,-21,01,2,37,-4,74,305755,5,30757,23,0,99,5157,2
72,550,-1590,61,1128,63,-358,17,-21,02,2,38,-4,75,305689,3,30752,22,0,98,5152,2
72,600,-1591,66,1128,75,-358,41,-21,03,2,39,-4,75,305613,7,30747,21,0,97,5147,2
72,650,-1592,71,1128,87,-358,64,-21,04,2,39,-4,75,305527,0,30742,20,0,94,5142,2
72,700,-1593,76,1128,98,-358,88,-21,05,2,40,-4,75,305427,4,30737,19,0,91,5137,2
72,750,-1594,82,1129,10,-359,12,-21,06,2,41,-4,75,305313,3,30732,19,0,88,5132,2
72,800,-1595,87,1129,23,-359,36,-21,08,2,41,-4,75,305182,0,30727,18,0,83,5127,2
72,850,-1596,92,1129,35,-359,59,-21,09,2,42,-4,75,305030,7,30722,18,0,77,5122,2
72,900,-1597,98,1129,47,-359,83,-21,10,2,42,-4,75,304857,7,30717,18,0,69,5117,2
72,950,-1599,03,1129,59,-360,07,-21,11,2,43,-4,75,304661,0,30712,19,0,61,5112,2
73,000,-1600,09,1129,71,-360,31,-21,13,2,43,-4,75,304437,1,30707,20,0,50,5107,2
73,049,-1601,15,1129,83,-360,54,-21,14,2,44,-4,74,304185,6,30702,21,0,38,5102,2
73,099,-1602,20,1129,95,-360,78,-21,15,2,44,-4,74,303904,1,30697,22,0,25,5097,2
73,149,-1603,26,1130,08,-361,02,-21,16,2,45,-4,74,303593,5,30692,24,0,09,5092,2
73,199,-1604,32,1130,20,-361,25,-21,16,2,45,-4,74,303471,1,30687,27,0,09,5087,3
73,249,-1605,38,1130,32,-361,49,-21,15,2,46,-4,74,303683,8,30682,29,0,24,5082,3
73,299,-1606,44,1130,44,-361,73,-21,14,2,46,-4,74,303865,7,30677,31,0,38,5077,3
73,349,-1607,49,1130,57,-361,96,-21,12,2,47,-4,74,304015,3,30672,33,0,50,5072,3
73,399,-1608,55,1130,69,-362,20,-21,11,2,47,-4,74,304134,6,30667,34,0,60,5067,3
73,449,-1609,60,1130,81,-362,44,-21,09,2,48,-4,74,304225,8,30662,36,0,68,5062,4
73,499,-1610,66,1130,94,-362,68,-21,08,2,48,-4,74,304291,5,30657,37,0,75,5057,4
73,549,-1611,71,1131,06,-362,91,-21,06,2,49,-4,74,304334,0,30652,38,0,81,5052,4
73,599,-1612,76,1131,19,-363,15,-21,05,2,49,-4,74,304356,0,30647,38,0,86,5047,4
73,649,-1613,81,1131,31,-363,39,-21,03,2,50,-4,74,304360,4,30642,39,0,89,5042,4
73,699,-1614,87,1131,44,-363,62,-21,02,2,51,-4,73,304349,6,30637,40,0,92,5037,4
73,749,-1615,92,1131,56,-363,86,-21,01,2,51,-4,73,304325,8,30632,41,0,94,5032,4
73,799,-1616,97,1131,69,-364,10,-21,00,2,52,-4,73,304290,5,30627,42,0,95,5027,4
73,849,-1618,02,1131,81,-364,33,-20,98,2,52,-4,73,304245,9,30622,43,0,96,5022,4
73,899,-1619,07,1131,94,-364,57,-20,97,2,53,-4,73,304194,4,30617,45,0,97,5017,4
73,949,-1620,11,1132,07,-364,81,-20,96,2,54,-4,72,304136,5,30612,46,0,97,5012,5
73,999,-1621,16,1132,19,-365,04,-20,95,2,54,-4,73,304073,8,30607,48,0,96,5007,5
74,049,-1622,21,1132,32,-365,28,-20,94,2,55,-4,73,304004,2,30602,49,0,96,5002,5
74,099,-1623,25,1132,45,-365,51,-20,93,2,56,-4,73,303926,4,30597,51,0,95,4997,5
74,149,-1624,30,1132,58,-365,75,-20,91,2,56,-4,73,303838,9,30592,53,0,93,4992,5
74,199,-1625,35,1132,71,-365,99,-20,90,2,57,-4,73,303739,8,30587,55,0,91,4987,5
74,249,-1626,39,1132,83,-366,22,-20,89,2,57,-4,73,303627,3,30582,57,0,88,4982,6
74,299,-1627,43,1132,96,-366,46,-20,87,2,58,-4,73,303499,0,30577,59,0,84,4977,6
74,349,-1628,48,1133,09,-366,70,-20,86,2,59,-4,73,303353,3,30572,62,0,78,4972,6
74,399,-1629,52,1133,22,-366,93,-20,84,2,59,-4,74,303187,1,30567,65,0,72,4967,6
74,449,-1630,56,1133,35,-367,17,-20,83,2,60,-4,74,302999,5,30562,68,0,65,4962,7
74,499,-1631,60,1133,48,-367,41,-20,82,2,60,-4,74,302787,1,30557,71,0,56,4957,7
74,549,-1632,64,1133,61,-367,65,-20,80,2,61,-4,74,302548,5,30552,75,0,45,4952,8
74,599,-1633,68,1133,74,-367,88,-20,79,2,61,-4,74,302281,9,30547,79,0,33,4947,8
74,649,-1634,72,1133,87,-368,12,-20,77,2,61,-4,74,301986,2,30542,84,0,19,4942,8
74,699,-1635,76,1134,00,-368,36,-20,76,2,62,-4,74,301667,3,30537,89,0,03,4937,9
74,749,-1636,80,1134,13,-368,59,-20,77,2,62,-4,74,301733,3,30532,95,0,14,4932,9
74,799,-1637,84,1134,26,-368,83,-20,78,2,62,-4,74,301934,9,30528,00,0,28,4928,0
74,849,-1638,88,1134,40,-369,07,-20,79,2,63,-4,74,302105,6,30523,05,0,40,4923,0
74,898,-1639,92,1134,53,-369,30,-20,80,2,63,-4,74,302247,5,30518,09,0,51,4918,1
74,948,-1640,96,1134,66,-369,54,-20,81,2,64,-4,74,302360,3,30513,13,0,60,4913,1
74,998,-1642,00,1134,79,-369,78,-20,83,2,64,-4,74,302447,6,30508,18,0,68,4908,2
75,048,-1643,04,1134,92,-370,01,-20,84,2,65,-4,74,302511,1,30503,22,0,74,4903,2
75,098,-1644,08,1135,06,-370,25,-20,85,2,65,-4,74,302553,3,30498,26,0,79,4898,3
75,148,-1645,12,1135,19,-370,49,-20,86,2,66,-4,73,302576,7,30493,30,0,83,4893,3
75,198,-1646,17,1135,32,-370,72,-20,87,2,66,-4,73,302583,5,30488,34,0,87,4888,3
75,248,-1647,21,1135,46,-370,96,-20,88,2,67,-4,73,302576,3,30483,38,0,89,4883,4
75,298,-1648,26,1135,59,-371,20,-20,89,2,68,-4,73,302557,2,30478,41,0,91,4878,4
75,348,-1649,30,1135,72,-371,43,-20,90,2,68,-4,73,302527,8,30473,45,0,92,4873,5
75,398,-1650,35,1135,86,-371,67,-20,91,2,69,-4,73,302489,7,30468,49,0,92,4868,5
75,448,-1651,39,1135,99,-371,91,-20,92,2,69,-4,73,302444,4,30463,53,0,93,4863,5
75,498,-1652,44,1136,13,-372,14,-20,93,2,70,-4,73,302393,9,30458,58,0,93,4858,6
75,548,-1653,48,1136,26,-372,38,-20,94,2,71,-4,73,302337,4,30453,62,0,92,4853,6
75,598,-1654,53,1136,40,-372,62,-20,95,2,71,-4,73,302274,4,30448,66,0,91,4848,7
75,648,-1655,58,1136,53,-372,85,-20,96,2,72,-4,73,302202,9,30443,71,0,90,4843,7
75,698,-1656,63,1136,67,-373,09,-20,97,2,72,-4,73,302121,7,30438,75,0,88,4838,8
75,748,-1657,68,1136,81,-373,33,-20,98,2,73,-4,73,302028,6,30433,80,0,85,4833,8
75,798,-1658,73,1136,94,-373,56,-20,99,2,73,-4,73,301922,6,30428,85,0,82,4828,9
75,848,-1659,78,1137,08,-373,80,-21,00,2,74,-4,73,301801,0,30423,90,0,78,4823,9
75,898,-1660,83,1137,22,-374,04,-21,01,2,75,-4,73,301662,1,30418,96,0,72,4819,0
75,948,-1661,88,1137,35,-374,27,-21,02,2,75,-4,73,301502,9,30414,01,0,66,4814,0
75,998,-1662,93,1137,49,-374,51,-21,03,2,76,-4,73,301322,0,30409,07,0,58,4809,1
76,048,-1663,98,1137,63,-374,74,-21,05,2,76,-4,73,301116,6,30404,13,0,49,4804,1
76,098,-1665,03,1137,77,-374,98,-21,06,2,77,-4,73,300884,6,30399,20,0,38,4799,2
76,148,-1666,09,1137,91,-375,22,-21,07,2,77,-4,73,300624,3,30394,27,0,25,4794,3
76,198,-1667,14,1138,04,-375,45,-21,08,2,77,-4,73,300335,2,30389,34,0,11,4789,3
76,248,-1668,19,1138,18,-375,69,-21,08,2,78,-4,73,300139,5,30384,42,0,05,4784,4
76,298,-1669,25,1138,32,-375,93,-21,07,2,78,-4,73,300329,6,30379,50,0,20,4779,5
76,348,-1670,30,1138,46,-376,16,-21,06,2,78,-4,73,300496,4,30374,57,0,33,4774,6
76,398,-1671,35,1138,60,-376,40,-21,04,2,79,-4,73,300631,6,30369,65,0,44,4769,6
76,448,-1672,41,1138,74,-376,64,-21,03,2,79,-4,73,300739,6,30364,72,0,53,4764,7
76,498,-1673,46,1138,88,-376,87,-21,02,2,80,-4,73,300820,5,30359,79,0,61,4759,8
76,548,-1674,51,1139,02,-377,11,-21,00,2,80,-4,73,300877,9,30354,85,0,68,4754,9
76,598,-1675,56,1139,16,-377,35,-20,99,2,81,-4,72,300913,7,30349,92,0,74,4749,9
76,648,-1676,61,1139,30,-377,58,-20,98,2,81,-4,72,300931,2,30344,99,0,78,4745,0
76,697,-1677,65,1139,44,-377,82,-20,96,2,82,-4,72,300932,1,30340,06,0,81,4740,1
76,747,-1678,70,1139,58,-378,05,-20,95,2,82,-4,72,300918,6,30335,13,0,84,4735,1
76,797,-1679,75,1139,72,-378,29,-20,94,2,83,-4,72,300892,8,30330,20,0,86,4730,2
76,847,-1680,80,1139,87,-378,53,-20,93,2,83,-4,72,300857,2,30325,26,0,87,4725,3
76,897,-1681,84,1140,01,-378,76,-20,92,2,84,-4,72,300812,8,30320,33,0,88,4720,3
76,947,-1682,89,1140,15,-379,00,-20,91,2,85,-4,71,300761,6,30315,40,0,88,4715,4
76,997,-1683,93,1140,29,-379,23,-20,90,2,85,-4,71,300704,3,30310,47,0,88,4710,5
77,047,-1684,98,1140,43,-379,47,-20,89,2,86,-4,71,300642,0,30305,54,0,88,4705,5
77,097,-1686,02,1140,58,-379,70,-20,88,2,86,-4,71,300574,3,30300,61,0,87,4700,6
77,147,-1687,07,1140,72,-379,94,-20,86,2,87,-4,71,300498,9,30295,69,0,86,4695,7
77,197,-1688,11,1140,86,-380,18,-20,85,2,87,-4,72,300414,4,30290,76,0,85,4690,8
77,247,-1689,15,1141,01,-380,41,-20,84,2,88,-4,72,300319,6,30285,84,0,83,4685,8
77,297,-1690,19,1141,15,-380,65,-20,83,2,88,-4,72,300212,4,30280,91,0,80,4680,9
77,347,-1691,23,1141,30,-380,88,-20,82,2,89,-4,72,300090,7,30275,99,0,76,4676,0
77,397,-1692,27,1141,44,-381,12,-20,80,2,89,-4,72,299953,2,30271,07,0,71,4671,1
77,447,-1693,31,1141,59,-381,36,-20,79,2,90,-4,72,299796,7,30266,16,0,65,4666,2
77,497,-1694,35,1141,73,-381,59,-20,78,2,90,-4,72,299620,5,30261,24,0,58,4661,2
77,547,-1695,39,1141,88,-381,83,-20,76,2,91,-4,72,299421,4,30256,33,0,50,4656,3
77,597,-1696,43,1142,02,-382,06,-20,75,2,91,-4,72,299198,7,30251,43,0,40,4651,4
77,647,-1697,47,1142,17,-382,30,-20,74,2,92,-4,72,298949,6,30246,52,0,29,4646,5
77,697,-1698,50,1142,31,-382,53,-20,72,2,92,-4,72,298675,9,30241,63,0,16,4641,6
77,747,-1699,54,1142,46,-382,77,-20,71,2,92,-4,72,298402,4,30236,73,0,04,4636,7
77,797,-1700,57,1142,61,-383,01,-20,72,2,92,-4,72,298498,4,30231,84,0,15,4631,8
77,847,-1701,61,1142,75,-383,24,-20,73,2,93,-4,72,298671,6,30226,94,0,28,4626,9
77,897,-1702,65,1142,90,-383,48,-20,74,2,93,-4,72,298819,3,30222,05,0,39,4622,0
77,947,-1703,68,1143,04,-383,71,-20,75,2,94,-4,72,298940,4,30217,15,0,49,4617,1
77,997,-1704,72,1143,19,-383,95,-20,76,2,94,-4,72,299035,2,30212,24,0,57,4612,2
78,047,-1705,76,1143,34,-384,19,-20,77,2,94,-4,72,299106,1,30207,34,0,64,4607,3
78,097,-1706,80,1143,49,-384,42,-20,78,2,95,-4,72,299155,7,30202,44,0,69,4602,4
78,147,-1707,84,1143,63,-384,66,-20,80,2,95,-4,72,299186,8,30197,54,0,74,4597,5
78,197,-1708,88,1143,78,-384,89,-20,81,2,96,-4,72,299200,3,30192,63,0,77,4592,6
78,247,-1709,92,1143,93,-385,13,-20,82,2,96,-4,72,299199,4,30187,72,0,80,4587,7
78,297,-1710,96,1144,08,-385,37,-20,82,2,97,-4,72,299185,7,30182,81,0,82,4582,8
78,347,-1712,00,1144,23,-385,60,-20,83,2,97,-4,73,299161,6,30177,91,0,83,4577,9
78,397,-1713,04,1144,38,-385,84,-20,84,2,98,-4,73,299128,2,30173,01,0,84,4573,0
78,447,-1714,09,1144,52,-386,08,-20,85,2,98,-4,73,299086,9,30168,11,0,85,4568,1
78,497,-1715,13,1144,67,-386,31,-20,86,2,99,-4,73,299039,5,30163,20,0,85,4563,2
78,546,-1716,17,1144,82,-386,55,-20,87,2,99,-4,73,298986,9,30158,30,0,85,4558,3
78,596,-1717,22,1144,97,-386,79,-20,88,3,00,-4,73,298929,3,30153,40,0,84,4553,4
78,646,-1718,26,1145,12,-387,02,-20,88,3,01,-4,73,298864,8,30148,50,0,83,4548,5
78,696,-1719,30,1145,27,-387,26,-20,89,3,01,-4,73,298793,2,30143,60,0,82,4543,6
78,746,-1720,35,1145,42,-387,50,-20,90,3,02,-4,73,298712,3,30138,70,0,80,4538,7
78,796,-1721,39,1145,57,-387,73,-20,91,3,02,-4,73,298620,0,30133,80,0,77,4533,8
78,846,-1722,44,1145,73,-387,97,-20,92,3,03,-4,72,298515,4,30128,91,0,74,4528,9
78,896,-1723,49,1145,88,-388,20,-20,93,3,03,-4,72,298396,3,30124,02,0,70,4524,0
78,946,-1724,53,1146,03,-388,44,-20,94,3,03,-4,72,298259,8,30119,13,0,65,4519,1
78,996,-1725,58,1146,18,-388,68,-20,95,3,04,-4,72,298104,9,30114,24,0,58,4514,2
79,046,-1726,63,1146,33,-388,91,-20,96,3,04,-4,72,297929,3,30109,35,0,51,4509,4
79,096,-1727,68,1146,49,-389,15,-20,98,3,05,-4,72,297730,6,30104,47,0,42,4504,5
79,146,-1728,73,1146,64,-389,38,-20,99,3,05,-4,72,297509,3,30099,59,0,31,4499,6
79,196,-1729,78,1146,79,-389,62,-21,00,3,05,-4,72,297265,1,30094,72,0,20,4494,7
79,246,-1730,83,1146,94,-389,86,-21,01,3,06,-4,72,297023,3,30089,85,0,09,4489,8
79,296,-1731,88,1147,10,-390,09,-21,00,3,06,-4,72,297008,4,30084,98,0,13,4485,0
79,346,-1732,93,1147,25,-390,33,-20,99,3,06,-4,72,297156,4,30080,11,0,25,4480,1
79,396,-1733,98,1147,40,-390,56,-20,98,3,07,-4,71,297291,1,30075,23,0,36,4475,2
79,446,-1735,02,1147,56,-390,80,-20,96,3,07,-4,71,297400,6,30070,36,0,46,4470,4
79,496,-1736,07,1147,71,-391,03,-20,95,3,08,-4,71,297486,2,30065,48,0,54,4465,5
79,546,-1737,12,1147,86,-391,27,-20,94,3,08,-4,71,297547,6,30060,60,0,61,4460,6
79,596,-1738,17,1148,02,-391,51,-20,93,3,08,-4,71,297588,4,30055,73,0,67,4455,7
79,646,-1739,21,1148,17,-391,74,-20,91,3,09,-4,71,297610,6,30050,85,0,71,4450,8
79,696,-1740,26,1148,33,-391,98,-20,90,3,09,-4,71,297615,7,30045,97,0,75,4446,0
79,746,-1741,30,1148,48,-392,21,-20,89,3,10,-4,70,297606,4,30041,09,0,78,4441,1
79,796,-1742,35,1148,64,-392,45,-20,88,3,10,-4,70,297585,0,30036,21,0,80,4436,2
79,846,-1743,39,1148,79,-392,68,-20,87,3,11,-4,70,297552,9,30031,34,0,81,4431,3
79,896,-1744,43,1148,95,-392,92,-20,86,3,11,-4,70,297512,1,30026,46,0,82,4426,5
79,946,-1745,47,1149,10,-393,15,-20,85,3,12,-4,70,297463,5,30021,58,0,83,4421,6
79,996,-1746,52,1149,26,-393,39,-20,84,3,12,-4,70,297408,4,30016,70,0,83,4416,7
80,046,-1747,56,1149,42,-393,62,-20,83,3,13,-4,69,297348,3,30011,83,0,83,4411,8
80,096,-1748,60,1149,57,-393,86,-20,82,3,13,-4,69,297282,4,30006,96,0,82,4407,0
80,146,-1749,64,1149,73,-394,09,-20,81,3,14,-4,69,297209,8,30002,08,0,82,4402,1
80,196,-1750,68,1149,89,-394,32,-20,79,3,14,-4,68,297129,8,29997,21,0,80,4397,2
80,246,-1751,72,1150,04,-394,56,-20,78,3,15,-4,68,297041,3,29992,34,0,78,4392,3
80,296,-1752,76,1150,20,-394,79,-20,77,3,15,-4,68,296943,8,29987,47,0,76,4387,5
80,345,-1753,80,1150,36,-395,03,-20,76,3,16,-4,69,296835,1,29982,60,0,73,4382,6
80,395,-1754,83,1150,52,-395,26,-20,75,3,16,-4,69,296712,7,29977,74,0,69,4377,7
80,445,-1755,87,1150,67,-395,50,-20,74,3,16,-4,69,296574,2,29972,88,0,64,4372,9
80,495,-1756,91,1150,83,-395,73,-20,72,3,17,-4,69,296417,8,29968,01,0,58,4368,0
80,545,-1757,94,1150,99,-395,97,-20,71,3,17,-4,69,296241,9,29963,16,0,51,4363,2
80,595,-1758,98,1151,15,-396,20,-20,70,3,18,-4,69,296044,8,29958,30,0,43,4358,3
80,645,-1760,01,1151,31,-396,43,-20,68,3,18,-4,70,295827,0,29953,45,0,33,4353,5
80,695,-1761,05,1151,47,-396,67,-20,67,3,18,-4,70,295593,8,29948,60,0,23,4348,6
80,745,-1762,08,1151,63,-396,90,-20,66,3,18,-4,70,295369,9,29943,76,0,13,4343,8
80,795,-1763,11,1151,78,-397,14,-20,66,3,19,-4,70,295312,3,29938,92,0,15,4338,9
80,845,-1764,15,1151,94,-397,37,-20,67,3,19,-4,70,295429,7,29934,07,0,25,4334,1
80,895,-1765,18,1152,10,-397,61,-20,68,3,19,-4,70,295560,3,29929,23,0,35,4329,2
80,945,-1766,21,1152,26,-397,84,-20,69,3,20,-4,70,295672,4,29924,38,0,44,4324,4
80,995,-1767,25,1152,42,-398,08,-20,70,3,20,-4,70,295762,8,29919,53,0,52,4319,5
81,045,-1768,28,1152,58,-398,31,-20,71,3,20,-4,70,295831,4,29914,68,0,59,4314,7
81,095,-1769,32,1152,74,-398,55,-20,72,3,21,-4,71,295879,8,29909,84,0,65,4309,8
81,145,-1770,36,1152,90,-398,78,-20,73,3,21,-4,71,295910,2,29904,99,0,69,4305,0
81,195,-1771,39,1153,07,-399,02,-20,74,3,22,-4,71,295923,9,29900,13,0,73,4300,1
81,245,-1772,43,1153,23,-399,26,-20,75,3,22,-4,71,295923,0,29895,28,0,76,4295,3
81,295,-1773,47,1153,39,-399,49,-20,76,3,23,-4,71,295910,2,29890,43,0,78,4290,4
81,345,-1774,51,1153,55,-399,73,-20,77,3,23,-4,71,295886,8,29885,57,0,79,4285,6
81,395,-1775,55,1153,71,-399,96,-20,78,3,23,-4,71,295854,3,29880,73,0,80,4280,7
81,445,-1776,58,1153,87,-400,20,-20,78,3,24,-4,72,295814,0,29875,88,0,80,4275,9
81,495,-1777,62,1154,04,-400,43,-20,79,3,24,-4,72,295767,3,29871,03,0,81,4271,0
81,545,-1778,66,1154,20,-400,67,-20,80,3,25,-4,72,295714,7,29866,18,0,80,4266,2
81,595,-1779,70,1154,36,-400,91,-20,81,3,25,-4,72,295656,9,29861,33,0,80,4261,3
81,645,-1780,74,1154,52,-401,14,-20,81,3,26,-4,72,295592,5,29856,48,0,79,4256,5
81,695,-1781,79,1154,69,-401,38,-20,82,3,26,-4,73,295520,9,29851,64,0,78,4251,6
81,745,-1782,83,1154,85,-401,62,-20,83,3,27,-4,73,295440,3,29846,80,0,76,4246,8
81,795,-1783,87,1155,01,-401,85,-20,84,3,27,-4,73,295349,3,29841,95,0,73,4242,0
81,845,-1784,91,1155,18,-402,09,-20,85,3,27,-4,74,295247,5,29837,11,0,70,4237,1
81,895,-1785,95,1155,34,-402,33,-20,86,3,28,-4,74,295133,6,29832,27,0,66,4232,3
81,945,-1787,00,1155,50,-402,56,-20,87,3,28,-4,74,295006,8,29827,44,0,61,4227,4
81,995,-1788,04,1155,67,-402,80,-20,88,3,29,-4,73,294864,5,29822,60,0,56,4222,6
82,045,-1789,08,1155,83,-403,04,-20,89,3,29,-4,73,294705,5,29817,77,0,49,4217,8
82,095,-1790,13,1156,00,-403,27,-20,90,3,29,-4,73,294528,4,29812,94,0,41,4212,9
82,144,-1791,17,1156,16,-403,51,-20,91,3,30,-4,72,294333,2,29808,11,0,32,4208,1
82,194,-1792,22,1156,33,-403,74,-20,92,3,30,-4,72,294127,5,29803,29,0,23,4203,3
82,244,-1793,27,1156,49,-403,98,-20,93,3,30,-4,72,293948,1,29798,47,0,16,4198,5
82,294,-1794,31,1156,66,-404,22,-20,93,3,31,-4,72,293910,6,29793,65,0,18,4193,6
82,344,-1795,36,1156,82,-404,45,-20,92,3,31,-4,72,294000,5,29788,83,0,27,4188,8
82,394,-1796,40,1156,99,-404,69,-20,90,3,31,-4,71,294107,1,29784,01,0,36,4184,0
82,444,-1797,45,1157,15,-404,92,-20,89,3,31,-4,71,294199,3,29779,19,0,45,4179,2
82,494,-1798,49,1157,32,-405,16,-20,88,3,32,-4,71,294271,8,29774,36,0,53,4174,4
82,544,-1799,54,1157,48,-405,39,-20,87,3,32,-4,71,294323,3,29769,54,0,59,4169,5
82,594,-1800,58,1157,65,-405,63,-20,85,3,33,-4,70,294356,6,29764,71,0,64,4164,7
82,644,-1801,62,1157,82,-405,86,-20,84,3,33,-4,70,294371,9,29759,89,0,69,4159,9
82,694,-1802,66,1157,98,-406,10,-20,83,3,33,-4,70,294372,8,29755,06,0,72,4155,1
82,744,-1803,71,1158,15,-406,33,-20,82,3,34,-4,70,294360,0,29750,24,0,75,4150,2
82,794,-1804,75,1158,32,-406,57,-20,81,3,34,-4,69,294335,7,29745,42,0,76,4145,4
82,844,-1805,79,1158,48,-406,80,-20,80,3,35,-4,69,294301,5,29740,59,0,78,4140,6
82,894,-1806,83,1158,65,-407,04,-20,79,3,35,-4,69,294259,4,29735,77,0,79,4135,8
82,944,-1807,87,1158,82,-407,27,-20,78,3,35,-4,69,294210,3,29730,94,0,79,4130,9
82,994,-1808,90,1158,99,-407,51,-20,77,3,36,-4,68,294155,3,29726,12,0,79,4126,1
83,044,-1809,94,1159,16,-407,74,-20,76,3,36,-4,68,294094,9,29721,30,0,79,4121,3
83,094,-1810,98,1159,32,-407,97,-20,75,3,37,-4,68,294029,0,29716,48,0,78,4116,5
83,144,-1812,02,1159,49,-408,21,-20,74,3,37,-4,67,293955,5,29711,66,0,77,4111,7
83,194,-1813,05,1159,66,-408,44,-20,73,3,38,-4,67,293874,5,29706,84,0,76,4106,8
83,244,-1814,09,1159,83,-408,68,-20,72,3,38,-4,67,293783,6,29702,02,0,74,4102,0
83,294,-1815,13,1160,00,-408,91,-20,71,3,38,-4,66,293681,6,29697,21,0,71,4097,2
83,344,-1816,16,1160,17,-409,14,-20,70,3,39,-4,66,293566,7,29692,39,0,68,4092,4
83,394,-1817,20,1160,34,-409,37,-20,69,3,39,-4,66,293438,0,29687,58,0,63,4087,6
83,444,-1818,23,1160,51,-409,61,-20,68,3,39,-4,65,293293,2,29682,77,0,58,4082,8
83,494,-1819,26,1160,68,-409,84,-20,66,3,40,-4,65,293131,9,29677,96,0,52,4078,0
83,544,-1820,30,1160,85,-410,07,-20,65,3,40,-4,64,292954,2,29673,16,0,45,4073,2
83,594,-1821,33,1161,02,-410,30,-20,64,3,40,-4,65,292762,7,29668,36,0,37,4068,4
83,644,-1822,36,1161,19,-410,54,-20,63,3,41,-4,65,292558,1,29663,56,0,28,4063,6
83,694,-1823,39,1161,36,-410,77,-20,62,3,41,-4,65,292350,6,29658,77,0,19,4058,8
83,744,-1824,42,1161,53,-411,00,-20,61,3,41,-4,66,292198,3,29653,98,0,14,4054,0
83,794,-1825,45,1161,70,-411,23,-20,61,3,41,-4,66,292227,8,29649,19,0,19,4049,2
83,844,-1826,48,1161,87,-411,47,-20,62,3,42,-4,66,292339,8,29644,39,0,29,4044,4
83,894,-1827,51,1162,04,-411,70,-20,63,3,42,-4,66,292450,9,29639,60,0,38,4039,6
83,944,-1828,55,1162,21,-411,93,-20,64,3,42,-4,67,292543,1,29634,81,0,47,4034,8
83,993,-1829,58,1162,38,-412,17,-20,65,3,42,-4,67,292615,6,29630,01,0,54,4030,0
84,043,-1830,61,1162,55,-412,40,-20,66,3,43,-4,67,292668,5,29625,21,0,59,4025,2
84,093,-1831,64,1162,73,-412,63,-20,67,3,43,-4,68,292702,8,29620,41,0,64,4020,4
84,143,-1832,68,1162,90,-412,87,-20,68,3,43,-4,68,292720,7,29615,62,0,68,4015,6
84,193,-1833,71,1163,07,-413,10,-20,69,3,44,-4,68,292724,3,29610,81,0,71,4010,8
84,243,-1834,75,1163,24,-413,34,-20,69,3,44,-4,68,292715,6,29606,02,0,73,4006,0
84,293,-1835,78,1163,41,-413,57,-20,70,3,45,-4,69,292695,8,29601,22,0,75,4001,2
84,343,-1836,82,1163,59,-413,81,-20,71,3,45,-4,69,292666,9,29596,42,0,76,3996,4
84,393,-1837,85,1163,76,-414,04,-20,72,3,45,-4,69,292629,9,29591,62,0,77,3991,6
84,443,-1838,89,1163,93,-414,27,-20,72,3,46,-4,69,292586,6,29586,82,0,77,3986,8
84,493,-1839,93,1164,10,-414,51,-20,73,3,46,-4,70,292538,0,29582,03,0,77,3982,0
84,543,-1840,96,1164,28,-414,74,-20,74,3,47,-4,70,292484,3,29577,23,0,77,3977,2
84,593,-1842,00,1164,45,-414,98,-20,74,3,47,-4,70,292425,3,29572,44,0,76,3972,4
84,643,-1843,04,1164,62,-415,21,-20,75,3,47,-4,70,292359,3,29567,64,0,75,3967,6
84,693,-1844,07,1164,80,-415,45,-20,76,3,48,-4,71,292285,2,29562,85,0,74,3962,9
84,743,-1845,11,1164,97,-415,69,-20,77,3,48,-4,71,292201,7,29558,06,0,72,3958,1
84,793,-1846,15,1165,15,-415,92,-20,78,3,48,-4,71,292106,9,29553,27,0,69,3953,3
84,843,-1847,19,1165,32,-416,16,-20,79,3,49,-4,72,292000,0,29548,48,0,65,3948,5
84,893,-1848,23,1165,50,-416,39,-20,79,3,49,-4,72,291877,7,29543,70,0,61,3943,7
84,943,-1849,27,1165,67,-416,63,-20,80,3,49,-4,72,291738,9,29538,91,0,55,3938,9
84,993,-1850,31,1165,84,-416,86,-20,81,3,50,-4,73,291581,8,29534,13,0,48,3934,1
85,043,-1851,35,1166,02,-417,10,-20,82,3,50,-4,73,291404,1,29529,35,0,40,3929,4
85,093,-1852,39,1166,19,-417,34,-20,83,3,50,-4,73,291202,9,29524,58,0,31,3924,6
85,143,-1853,43,1166,37,-417,57,-20,84,3,51,-4,74,290978,0,29519,80,0,20,3919,8
85,193,-1854,48,1166,55,-417,81,-20,85,3,51,-4,74,290727,6,29515,04,0,08,3915,0
85,243,-1855,52,1166,72,-418,05,-20,85,3,51,-4,74,290597,3,29510,27,0,06,3910,3
85,293,-1856,56,1166,90,-418,29,-20,84,3,51,-4,74,290754,5,29505,51,0,18,3905,5
85,343,-1857,60,1167,07,-418,52,-20,83,3,51,-4,73,290882,5,29500,74,0,29,3900,7
85,393,-1858,64,1167,25,-418,76,-20,82,3,52,-4,73,290984,6,29495,97,0,39,3896,0
85,443,-1859,68,1167,42,-419,00,-20,81,3,52,-4,73,291061,8,29491,20,0,47,3891,2
85,493,-1860,72,1167,60,-419,23,-20,79,3,52,-4,72,291117,7,29486,43,0,53,3886,4
85,543,-1861,76,1167,78,-419,47,-20,78,3,53,-4,72,291153,4,29481,65,0,59,3881,7
85,593,-1862,80,1167,95,-419,70,-20,77,3,53,-4,72,291171,2,29476,88,0,63,3876,9
85,643,-1863,84,1168,13,-419,94,-20,76,3,53,-4,71,291174,2,29472,11,0,67,3872,1
85,693,-1864,88,1168,31,-420,17,-20,75,3,54,-4,71,291163,4,29467,33,0,69,3867,3
85,743,-1865,92,1168,48,-420,41,-20,74,3,54,-4,71,291141,8,29462,56,0,71,3862,6
85,792,-1866,95,1168,66,-420,65,-20,73,3,54,-4,70,291110,2,29457,79,0,73,3857,8
85,842,-1867,99,1168,84,-420,88,-20,72,3,55,-4,70,291070,3,29453,02,0,74,3853,0
85,892,-1869,03,1169,01,-421,12,-20,71,3,55,-4,70,291023,7,29448,24,0,74,3848,2
85,942,-1870,06,1169,19,-421,35,-20,70,3,55,-4,69,290971,9,29443,47,0,74,3843,5
85,992,-1871,10,1169,37,-421,58,-20,70,3,56,-4,69,290914,8,29438,70,0,74,3838,7
86,042,-1872,13,1169,55,-421,82,-20,69,3,56,-4,69,290852,8,29433,94,0,74,3833,9
86,092,-1873,16,1169,73,-422,05,-20,68,3,56,-4,68,290784,5,29429,17,0,73,3829,2
86,142,-1874,20,1169,90,-422,29,-20,67,3,57,-4,68,290709,6,29424,40,0,72,3824,4
86,192,-1875,23,1170,08,-422,52,-20,66,3,57,-4,68,290626,0,29419,64,0,70,3819,6
86,242,-1876,26,1170,26,-422,76,-20,65,3,57,-4,68,290532,6,29414,87,0,68,3814,9
86,292,-1877,30,1170,44,-422,99,-20,64,3,58,-4,67,290428,5,29410,11,0,65,3810,1
86,342,-1878,33,1170,62,-423,22,-20,63,3,58,-4,67,290311,2,29405,35,0,62,3805,4
86,392,-1879,36,1170,80,-423,46,-20,62,3,58,-4,67,290179,9,29400,59,0,57,3800,6
86,442,-1880,39,1170,98,-423,69,-20,60,3,59,-4,66,290033,3,29395,84,0,51,3795,8
86,492,-1881,42,1171,16,-423,92,-20,59,3,59,-4,66,289869,9,29391,08,0,45,3791,1
86,542,-1882,45,1171,34,-424,16,-20,58,3,59,-4,66,289690,0,29386,33,0,37,3786,3
86,592,-1883,48,1171,52,-424,39,-20,57,3,59,-4,66,289497,8,29381,58,0,29,3781,6
86,642,-1884,51,1171,70,-424,62,-20,56,3,60,-4,65,289305,5,29376,84,0,21,3776,8
86,692,-1885,53,1171,87,-424,85,-20,55,3,60,-4,65,289167,9,29372,10,0,17,3772,1
86,742,-1886,56,1172,05,-425,09,-20,56,3,60,-4,65,289169,8,29367,36,0,20,3767,4
86,792,-1887,59,1172,23,-425,32,-20,57,3,60,-4,65,289239,9,29362,62,0,28,3762,6
86,842,-1888,62,1172,41,-425,55,-20,58,3,60,-4,64,289315,1,29357,87,0,35,3757,9
86,892,-1889,65,1172,59,-425,78,-20,59,3,61,-4,64,289380,0,29353,13,0,42,3753,1
86,942,-1890,68,1172,78,-426,02,-20,59,3,61,-4,64,289429,6,29348,39,0,48,3748,4
86,992,-1891,71,1172,96,-426,25,-20,60,3,61,-4,63,289463,7,29343,64,0,52,3743,6
87,042,-1892,74,1173,14,-426,48,-20,61,3,61,-4,63,289484,7,29338,89,0,57,3738,9
87,092,-1893,77,1173,32,-426,71,-20,62,3,62,-4,63,289495,2,29334,15,0,60,3734,1
87,142,-1894,80,1173,50,-426,94,-20,63,3,62,-4,64,289495,8,29329,40,0,63,3729,4
87,192,-1895,83,1173,68,-427,17,-20,64,3,62,-4,64,289486,5,29324,66,0,65,3724,7
87,242,-1896,86,1173,86,-427,41,-20,64,3,62,-4,64,289467,8,29319,91,0,67,3719,9
87,292,-1897,89,1174,04,-427,64,-20,65,3,63,-4,64,289441,0,29315,16,0,68,3715,2
87,342,-1898,93,1174,22,-427,87,-20,66,3,63,-4,65,289406,9,29310,42,0,69,3710,4
87,392,-1899,96,1174,41,-428,10,-20,66,3,63,-4,65,289366,9,29305,67,0,69,3705,7
87,442,-1900,99,1174,59,-428,34,-20,67,3,64,-4,65,289321,6,29300,93,0,70,3700,9
87,492,-1902,03,1174,77,-428,57,-20,68,3,64,-4,65,289271,7,29296,19,0,70,3696,2
87,542,-1903,06,1174,95,-428,80,-20,68,3,64,-4,66,289215,7,29291,45,0,69,3691,4
87,592,-1904,10,1175,13,-429,03,-20,69,3,65,-4,66,289154,1,29286,71,0,68,3686,7
87,641,-1905,13,1175,31,-429,27,-20,70,3,65,-4,66,289084,8,29281,96,0,67,3682,0
87,691,-1906,17,1175,50,-429,50,-20,70,3,65,-4,66,289006,9,29277,23,0,65,3677,2
87,741,-1907,20,1175,68,-429,73,-20,71,3,66,-4,66,288919,5,29272,49,0,63,3672,5
87,791,-1908,24,1175,86,-429,97,-20,72,3,66,-4,66,288821,1,29267,75,0,60,3667,8
87,841,-1909,27,1176,05,-430,20,-20,73,3,66,-4,67,288710,5,29263,02,0,56,3663,0
87,891,-1910,31,1176,23,-430,43,-20,74,3,66,-4,67,288586,2,29258,29,0,51,3658,3
87,941,-1911,35,1176,41,-430,67,-20,75,3,67,-4,67,288447,6,29253,56,0,45,3653,6
87,991,-1912,38,1176,60,-430,90,-20,76,3,67,-4,67,288293,7,29248,83,0,39,3648,8
88,041,-1913,42,1176,78,-431,13,-20,76,3,67,-4,67,288128,1,29244,11,0,32,3644,1
88,091,-1914,46,1176,96,-431,37,-20,77,3,67,-4,67,287960,1,29239,38,0,25,3639,4
88,141,-1915,50,1177,15,-431,60,-20,78,3,68,-4,67,287819,3,29234,66,0,19,3634,7
88,191,-1916,54,1177,33,-431,83,-20,78,3,68,-4,67,287774,6,29229,95,0,20,3629,9
88,241,-1917,58,1177,51,-432,07,-20,77,3,68,-4,67,287817,9,29225,23,0,27,3625,2
88,291,-1918,61,1177,70,-432,30,-20,76,3,68,-4,68,287882,6,29220,51,0,34,3620,5
88,341,-1919,65,1177,88,-432,53,-20,75,3,68,-4,68,287942,6,29215,79,0,41,3615,8
88,391,-1920,69,1178,07,-432,77,-20,73,3,68,-4,68,287988,0,29211,07,0,47,3611,1
88,441,-1921,73,1178,25,-433,00,-20,72,3,69,-4,68,288018,6,29206,35,0,52,3606,3
88,491,-1922,76,1178,44,-433,24,-20,71,3,69,-4,68,288034,8,29201,62,0,56,3601,6
88,541,-1923,80,1178,62,-433,47,-20,70,3,69,-4,68,288036,8,29196,90,0,60,3596,9
88,591,-1924,83,1178,81,-433,70,-20,69,3,70,-4,69,288027,3,29192,18,0,62,3592,2
88,641,-1925,87,1178,99,-433,94,-20,68,3,70,-4,69,288006,9,29187,46,0,64,3587,5
88,691,-1926,90,1179,17,-434,17,-20,67,3,70,-4,69,287977,0,29182,74,0,66,3582,7
88,741,-1927,93,1179,36,-434,41,-20,67,3,70,-4,69,287940,0,29178,02,0,67,3578,0
88,791,-1928,97,1179,55,-434,64,-20,66,3,71,-4,69,287896,0,29173,29,0,68,3573,3
88,841,-1930,00,1179,73,-434,88,-20,65,3,71,-4,70,287846,9,29168,58,0,68,3568,6
88,891,-1931,03,1179,92,-435,11,-20,64,3,71,-4,70,287793,0,29163,86,0,68,3563,9
88,941,-1932,06,1180,10,-435,35,-20,63,3,72,-4,70,287734,4,29159,14,0,68,3559,1
88,991,-1933,10,1180,29,-435,58,-20,62,3,72,-4,70,287670,9,29154,42,0,67,3554,4
89,041,-1934,13,1180,47,-435,82,-20,62,3,72,-4,70,287601,4,29149,71,0,66,3549,7
89,091,-1935,16,1180,66,-436,05,-20,61,3,72,-4,71,287525,2,29144,99,0,65,3545,0
89,141,-1936,19,1180,85,-436,29,-20,60,3,73,-4,71,287440,3,29140,28,0,63,3540,3
89,191,-1937,22,1181,03,-436,52,-20,59,3,73,-4,71,287345,3,29135,57,0,61,3535,6
89,241,-1938,25,1181,22,-436,76,-20,58,3,73,-4,71,287239,3,29130,86,0,57,3530,9
89,291,-1939,28,1181,41,-436,99,-20,57,3,73,-4,72,287120,8,29126,15,0,53,3526,2
89,341,-1940,30,1181,59,-437,23,-20,56,3,74,-4,72,286987,1,29121,45,0,49,3521,4
89,391,-1941,33,1181,78,-437,47,-20,55,3,74,-4,72,286837,8,29116,74,0,43,3516,7
89,440,-1942,36,1181,97,-437,70,-20,54,3,74,-4,72,286669,8,29112,04,0,36,3512,0
89,490,-1943,38,1182,15,-437,94,-20,53,3,74,-4,73,286482,4,29107,34,0,28,3507,3
89,540,-1944,41,1182,34,-438,17,-20,52,3,74,-4,73,286272,4,29102,65,0,18,3502,6
89,590,-1945,44,1182,53,-438,41,-20,51,3,74,-4,73,286042,9,29097,96,0,07,3498,0
89,640,-1946,46,1182,71,-438,65,-20,50,3,74,-4,73,285916,9,29093,27,0,05,3493,3
89,690,-1947,49,1182,90,-438,88,-20,51,3,75,-4,73,286062,3,29088,58,0,17,3488,6
89,740,-1948,51,1183,09,-439,12,-20,52,3,75,-4,73,286182,2,29083,89,0,27,3483,9
89,790,-1949,54,1183,27,-439,36,-20,53,3,75,-4,72,286278,6,29079,20,0,35,3479,2
89,840,-1950,56,1183,46,-439,59,-20,53,3,75,-4,72,286353,1,29074,50,0,43,3474,5
89,890,-1951,59,1183,65,-439,83,-20,54,3,75,-4,72,286407,8,29069,81,0,49,3469,8
89,940,-1952,62,1183,84,-440,06,-20,55,3,75,-4,71,286443,4,29065,11,0,54,3465,1
89,990,-1953,65,1184,03,-440,30,-20,56,3,76,-4,71,286463,8,29060,42,0,58,3460,4
90,040,-1954,67,1184,21,-440,54,-20,57,3,76,-4,71,286469,8,29055,72,0,61,3455,7
90,090,-1955,70,1184,40,-440,77,-20,57,3,76,-4,71,286463,3,29051,02,0,63,3451,0
90,140,-1956,73,1184,59,-441,01,-20,58,3,76,-4,70,286446,6,29046,32,0,65,3446,3
90,190,-1957,76,1184,78,-441,24,-20,59,3,77,-4,70,286420,6,29041,63,0,67,3441,6
90,240,-1958,79,1184,97,-441,48,-20,60,3,77,-4,70,286387,3,29036,93,0,67,3436,9
90,290,-1959,82,1185,15,-441,71,-20,60,3,77,-4,70,286347,0,29032,24,0,68,3432,2
90,340,-1960,85,1185,34,-441,95,-20,61,3,77,-4,69,286301,8,29027,54,0,68,3427,5
90,390,-1961,88,1185,53,-442,18,-20,61,3,78,-4,69,286252,2,29022,85,0,68,3422,9
90,440,-1962,91,1185,72,-442,41,-20,62,3,78,-4,69,286198,0,29018,16,0,68,3418,2
90,490,-1963,94,1185,91,-442,65,-20,63,3,78,-4,69,286138,7,29013,47,0,67,3413,5
90,540,-1964,98,1186,10,-442,88,-20,63,3,78,-4,68,286073,0,29008,78,0,66,3408,8
90,590,-1966,01,1186,29,-443,12,-20,64,3,79,-4,68,285999,8,29004,09,0,64,3404,1
90,640,-1967,04,1186,48,-443,35,-20,65,3,79,-4,68,285918,6,28999,40,0,62,3399,4
90,690,-1968,07,1186,67,-443,59,-20,66,3,79,-4,68,285827,3,28994,71,0,60,3394,7
90,740,-1969,10,1186,86,-443,82,-20,66,3,79,-4,67,285724,7,28990,03,0,56,3390,0
90,790,-1970,14,1187,05,-444,05,-20,67,3,80,-4,67,285609,8,28985,35,0,52,3385,3
90,840,-1971,17,1187,24,-444,29,-20,68,3,80,-4,67,285480,8,28980,66,0,47,3380,7
90,890,-1972,21,1187,43,-444,52,-20,69,3,80,-4,67,285337,2,28975,99,0,41,3376,0
90,940,-1973,24,1187,62,-444,75,-20,70,3,80,-4,67,285179,8,28971,31,0,34,3371,3
90,990,-1974,28,1187,81,-444,99,-20,71,3,80,-4,66,285011,4,28966,63,0,27,3366,6
91,040,-1975,31,1188,00,-445,22,-20,71,3,80,-4,66,284847,9,28961,96,0,20,3362,0
91,090,-1976,35,1188,19,-445,45,-20,72,3,81,-4,66,284739,6,28957,29,0,17,3357,3
91,140,-1977,38,1188,38,-445,69,-20,71,3,81,-4,66,284740,1,28952,63,0,21,3352,6
91,190,-1978,42,1188,57,-445,92,-20,70,3,81,-4,66,284796,3,28947,96,0,28,3348,0
91,239,-1979,45,1188,76,-446,15,-20,69,3,81,-4,66,284856,7,28943,29,0,35,3343,3
91,289,-1980,49,1188,95,-446,38,-20,68,3,81,-4,66,284906,6,28938,62,0,41,3338,6
91,339,-1981,52,1189,14,-446,62,-20,67,3,81,-4,66,284941,3,28933,95,0,46,3333,9
91,389,-1982,55,1189,33,-446,85,-20,66,3,81,-4,65,284962,1,28929,28,0,51,3329,3
91,439,-1983,59,1189,52,-447,08,-20,65,3,82,-4,65,284969,3,28924,61,0,55,3324,6
91,489,-1984,62,1189,71,-447,32,-20,64,3,82,-4,65,284963,8,28919,93,0,58,3319,9
91,539,-1985,65,1189,90,-447,55,-20,63,3,82,-4,65,284947,8,28915,26,0,60,3315,3
91,589,-1986,68,1190,09,-447,78,-20,62,3,82,-4,65,284922,1,28910,59,0,62,3310,6
91,639,-1987,71,1190,29,-448,01,-20,61,3,83,-4,65,284888,0,28905,92,0,63,3305,9
91,689,-1988,74,1190,48,-448,24,-20,60,3,83,-4,64,284847,6,28901,25,0,64,3301,2
91,739,-1989,77,1190,67,-448,48,-20,59,3,83,-4,64,284801,1,28896,58,0,64,3296,6
91,789,-1990,80,1190,86,-448,71,-20,59,3,83,-4,64,284749,7,28891,91,0,64,3291,9
91,839,-1991,83,1191,05,-448,94,-20,58,3,83,-4,64,284693,8,28887,24,0,64,3287,2
91,889,-1992,86,1191,24,-449,17,-20,57,3,84,-4,64,284633,9,28882,58,0,64,3282,6
91,939,-1993,89,1191,44,-449,40,-20,56,3,84,-4,63,284568,8,28877,91,0,63,3277,9
91,989,-1994,92,1191,63,-449,64,-20,55,3,84,-4,63,284497,4,28873,25,0,62,3273,2
92,039,-1995,94,1191,82,-449,87,-20,54,3,84,-4,63,284418,7,28868,58,0,61,3268,6
92,089,-1996,97,1192,01,-450,10,-20,54,3,85,-4,63,284331,8,28863,92,0,59,3263,9
92,139,-1998,00,1192,20,-450,33,-20,53,3,85,-4,62,284234,6,28859,26,0,56,3259,3
92,189,-1999,02,1192,40,-450,56,-20,52,3,85,-4,62,284126,3,28854,60,0,53,3254,6
92,239,-2000,05,1192,59,-450,79,-20,51,3,85,-4,62,284005,4,28849,95,0,48,3249,9
92,289,-2001,07,1192,78,-451,02,-20,50,3,85,-4,62,283869,9,28845,29,0,43,3245,3
92,339,-2002,10,1192,98,-451,25,-20,49,3,85,-4,61,283718,5,28840,64,0,37,3240,6
92,389,-2003,12,1193,17,-451,48,-20,48,3,85,-4,61,283550,4,28835,99,0,30,3236,0
92,439,-2004,15,1193,36,-451,72,-20,47,3,86,-4,61,283364,2,28831,34,0,22,3231,3
92,489,-2005,17,1193,55,-451,95,-20,46,3,86,-4,61,283162,5,28826,70,0,13,3226,7
92,539,-2006,19,1193,75,-452,18,-20,45,3,86,-4,61,282972,7,28822,06,0,05,3222,1
92,589,-2007,21,1193,94,-452,41,-20,45,3,86,-4,61,283003,3,28817,42,0,11,3217,4
92,639,-2008,24,1194,13,-452,64,-20,46,3,86,-4,62,283106,7,28812,78,0,21,3212,8
92,689,-2009,26,1194,33,-452,87,-20,47,3,86,-4,62,283197,6,28808,13,0,29,3208,1
92,739,-2010,28,1194,52,-453,10,-20,47,3,86,-4,62,283268,7,28803,49,0,36,3203,5
92,789,-2011,31,1194,71,-453,33,-20,48,3,86,-4,62,283321,0,28798,85,0,42,3198,8
92,839,-2012,33,1194,90,-453,56,-20,49,3,86,-4,62,283357,1,28794,20,0,47,3194,2
92,889,-2013,36,1195,10,-453,79,-20,50,3,86,-4,62,283377,3,28789,55,0,51,3189,6
92,939,-2014,38,1195,29,-454,02,-20,50,3,87,-4,63,283384,0,28784,91,0,54,3184,9
92,989,-2015,41,1195,48,-454,26,-20,51,3,87,-4,63,283379,5,28780,26,0,57,3180,3
93,039,-2016,43,1195,68,-454,49,-20,52,3,87,-4,63,283364,3,28775,62,0,59,3175,6
93,088,-2017,46,1195,87,-454,72,-20,52,3,87,-4,63,283340,8,28770,97,0,60,3171,0
93,138,-2018,49,1196,06,-454,95,-20,53,3,87,-4,63,283309,8,28766,33,0,61,3166,3
93,188,-2019,51,1196,26,-455,18,-20,54,3,87,-4,64,283272,2,28761,68,0,62,3161,7
93,238,-2020,54,1196,45,-455,41,-20,54,3,88,-4,64,283229,8,28757,04,0,62,3157,0
93,288,-2021,57,1196,65,-455,65,-20,55,3,88,-4,64,283182,5,28752,39,0,62,3152,4
93,338,-2022,59,1196,84,-455,88,-20,55,3,88,-4,64,283131,8,28747,75,0,62,3147,8
93,388,-2023,62,1197,03,-456,11,-20,56,3,88,-4,64,283076,9,28743,11,0,61,3143,1
93,438,-2024,65,1197,23,-456,34,-20,56,3,88,-4,64,283016,4,28738,47,0,61,3138,5
93,488,-2025,68,1197,42,-456,57,-20,57,3,89,-4,65,282950,0,28733,83,0,59,3133,8
93,538,-2026,71,1197,62,-456,81,-20,58,3,89,-4,65,282876,8,28729,19,0,58,3129,2
93,588,-2027,74,1197,81,-457,04,-20,58,3,89,-4,65,282795,0,28724,56,0,56,3124,6
93,638,-2028,76,1198,00,-457,27,-20,59,3,89,-4,65,282704,4,28719,92,0,53,3119,9
93,688,-2029,79,1198,20,-457,50,-20,60,3,89,-4,65,282602,8,28715,29,0,50,3115,3
93,738,-2030,82,1198,39,-457,74,-20,61,3,89,-4,65,282490,5,28710,66,0,45,3110,7
93,788,-2031,86,1198,59,-457,97,-20,61,3,90,-4,65,282366,1,28706,03,0,41,3106,0
93,838,-2032,89,1198,78,-458,20,-20,62,3,90,-4,66,282231,7,28701,40,0,35,3101,4
93,888,-2033,92,1198,98,-458,43,-20,63,3,90,-4,66,282089,1,28696,77,0,29,3096,8
93,938,-2034,95,1199,17,-458,67,-20,64,3,90,-4,66,281949,7,28692,15,0,24,3092,2
93,988,-2035,98,1199,37,-458,90,-20,64,3,90,-4,66,281845,0,28687,53,0,20,3087,5
94,038,-2037,01,1199,56,-459,13,-20,64,3,90,-4,66,281817,4,28682,91,0,22,3082,9
94,088,-2038,04,1199,76,-459,37,-20,63,3,90,-4,66,281845,3,28678,29,0,28,3078,3
94,138,-2039,08,1199,95,-459,60,-20,62,3,90,-4,66,281886,9,28673,67,0,34,3073,7
94,188,-2040,11,1200,15,-459,83,-20,61,3,90,-4,66,281923,9,28669,04,0,39,3069,0
94,238,-2041,14,1200,35,-460,07,-20,60,3,90,-4,67,281950,8,28664,42,0,44,3064,4
94,288,-2042,17,1200,54,-460,30,-20,59,3,90,-4,67,281965,5,28659,80,0,48,3059,8
94,338,-2043,20,1200,74,-460,53,-20,58,3,91,-4,67,281968,5,28655,18,0,51,3055,2
94,388,-2044,22,1200,93,-460,77,-20,57,3,91,-4,67,281960,9,28650,56,0,54,3050,6
94,438,-2045,25,1201,13,-461,00,-20,56,3,91,-4,67,281942,6,28645,94,0,56,3045,9
94,488,-2046,28,1201,32,-461,23,-20,55,3,91,-4,68,281916,5,28641,32,0,58,3041,3
94,538,-2047,31,1201,52,-461,47,-20,55,3,91,-4,68,281882,8,28636,69,0,59,3036,7
94,588,-2048,34,1201,71,-461,70,-20,54,3,91,-4,68,281842,9,28632,07,0,60,3032,1
94,638,-2049,36,1201,91,-461,94,-20,53,3,92,-4,68,281797,7,28627,45,0,60,3027,5
94,688,-2050,39,1202,10,-462,17,-20,52,3,92,-4,68,281748,3,28622,83,0,61,3022,8
94,738,-2051,41,1202,30,-462,40,-20,52,3,92,-4,69,281695,4,28618,21,0,61,3018,2
94,788,-2052,44,1202,50,-462,64,-20,51,3,92,-4,69,281638,1,28613,60,0,60,3013,6
94,838,-2053,46,1202,69,-462,87,-20,50,3,92,-4,69,281577,0,28608,98,0,60,3009,0
94,887,-2054,49,1202,89,-463,11,-20,49,3,92,-4,69,281510,4,28604,37,0,59,3004,4
94,937,-2055,51,1203,08,-463,34,-20,48,3,92,-4,69,281437,5,28599,75,0,58,2999,8
94,987,-2056,54,1203,28,-463,58,-20,48,3,93,-4,70,281357,4,28595,14,0,56,2995,1
95,037,-2057,56,1203,48,-463,81,-20,47,3,93,-4,70,281269,3,28590,53,0,54,2990,5
95,087,-2058,58,1203,67,-464,05,-20,46,3,93,-4,70,281172,4,28585,92,0,51,2985,9
95,137,-2059,61,1203,87,-464,28,-20,45,3,93,-4,70,281064,6,28581,31,0,48,2981,3
95,187,-2060,63,1204,07,-464,52,-20,44,3,93,-4,70,280947,0,28576,70,0,44,2976,7
95,237,-2061,65,1204,26,-464,75,-20,43,3,93,-4,70,280818,3,28572,10,0,39,2972,1
95,287,-2062,67,1204,46,-464,99,-20,42,3,93,-4,71,280681,5,28567,49,0,34,2967,5
95,337,-2063,69,1204,66,-465,22,-20,41,3,93,-4,71,280542,0,28562,89,0,28,2962,9
95,387,-2064,71,1204,85,-465,46,-20,40,3,93,-4,71,280416,6,28558,29,0,24,2958,3
95,437,-2065,73,1205,05,-465,69,-20,40,3,93,-4,71,280338,8,28553,70,0,23,2953,7
95,487,-2066,75,1205,25,-465,93,-20,40,3,93,-4,71,280337,0,28549,10,0,26,2949,1
95,537,-2067,77,1205,44,-466,16,-20,41,3,94,-4,71,280368,7,28544,51,0,31,2944,5
95,587,-2068,80,1205,64,-466,40,-20,42,3,94,-4,71,280407,6,28539,91,0,36,2939,9
95,637,-2069,82,1205,84,-466,64,-20,43,3,94,-4,72,280440,1,28535,31,0,41,2935,3
95,687,-2070,84,1206,03,-466,87,-20,43,3,94,-4,72,280462,6,28530,71,0,45,2930,7
95,737,-2071,86,1206,23,-467,11,-20,44,3,94,-4,72,280473,7,28526,12,0,49,2926,1
95,787,-2072,88,1206,43,-467,34,-20,45,3,94,-4,72,280474,6,28521,52,0,52,2921,5
95,837,-2073,90,1206,62,-467,58,-20,45,3,94,-4,72,280465,7,28516,92,0,54,2916,9
95,887,-2074,93,1206,82,-467,82,-20,46,3,94,-4,73,280448,2,28512,33,0,56,2912,3
95,937,-2075,95,1207,02,-468,05,-20,46,3,94,-4,73,280422,4,28507,73,0,57,2907,7
95,987,-2076,97,1207,21,-468,29,-20,47,3,94,-4,73,280390,5,28503,13,0,58,2903,1
96,037,-2078,00,1207,41,-468,53,-20,48,3,95,-4,73,280352,8,28498,53,0,58,2898,5
96,087,-2079,02,1207,61,-468,76,-20,48,3,95,-4,73,280310,5,28493,94,0,59,2893,9
96,137,-2080,04,1207,81,-469,00,-20,48,3,95,-4,74,280264,3,28489,34,0,59,2889,3
96,187,-2081,07,1208,00,-469,24,-20,49,3,95,-4,74,280215,0,28484,75,0,59,2884,7
96,237,-2082,09,1208,20,-469,47,-20,49,3,95,-4,74,280161,3,28480,16,0,58,2880,2
96,287,-2083,12,1208,40,-469,71,-20,50,3,95,-4,74,280103,4,28475,56,0,58,2875,6
96,337,-2084,14,1208,60,-469,95,-20,51,3,95,-4,74,280040,5,28470,97,0,57,2871,0
96,387,-2085,17,1208,80,-470,18,-20,51,3,95,-4,75,279971,8,28466,38,0,55,2866,4
96,437,-2086,20,1208,99,-470,42,-20,52,3,96,-4,75,279895,6,28461,79,0,53,2861,8
96,487,-2087,22,1209,19,-470,66,-20,52,3,96,-4,75,279811,9,28457,21,0,51,2857,2
96,537,-2088,25,1209,39,-470,90,-20,53,3,96,-4,75,279720,2,28452,62,0,48,2852,6
96,587,-2089,27,1209,59,-471,13,-20,54,3,96,-4,75,279618,9,28448,03,0,45,2848,0
96,637,-2090,30,1209,78,-471,37,-20,54,3,96,-4,76,279508,9,28443,45,0,41,2843,5
96,687,-2091,33,1209,98,-471,61,-20,55,3,96,-4,76,279391,6,28438,87,0,36,2838,9
96,736,-2092,36,1210,18,-471,85,-20,56,3,96,-4,76,279271,6,28434,29,0,32,2834,3
96,786,-2093,38,1210,38,-472,09,-20,57,3,96,-4,76,279159,9,28429,71,0,28,2829,7
96,836,-2094,41,1210,58,-472,32,-20,57,3,96,-4,76,279080,3,28425,14,0,26,2825,1
96,886,-2095,44,1210,77,-472,56,-20,57,3,96,-4,76,279051,2,28420,56,0,28,2820,6
96,936,-2096,47,1210,97,-472,80,-20,56,3,96,-4,77,279059,4,28415,99,0,32,2816,0
96,986,-2097,50,1211,17,-473,04,-20,55,3,96,-4,77,279079,7,28411,41,0,36,2811,4
97,036,-2098,52,1211,37,-473,28,-20,54,3,96,-4,77,279098,8,28406,84,0,41,2806,8
97,086,-2099,55,1211,56,-473,52,-20,53,3,96,-4,77,279110,9,28402,26,0,45,2802,3
97,136,-2100,58,1211,76,-473,75,-20,52,3,97,-4,77,279113,6,28397,69,0,48,2797,7
97,186,-2101,60,1211,96,-473,99,-20,51,3,97,-4,78,279106,4,28393,11,0,51,2793,1
97,236,-2102,63,1212,16,-474,23,-20,50,3,97,-4,78,279090,5,28388,54,0,53,2788,5
97,286,-2103,65,1212,36,-474,47,-20,49,3,97,-4,78,279066,6,28383,96,0,55,2784,0
97,336,-2104,68,1212,55,-474,71,-20,49,3,97,-4,78,279035,9,28379,38,0,56,2779,4
97,386,-2105,70,1212,75,-474,95,-20,48,3,97,-4,79,278998,6,28374,81,0,57,2774,8
97,436,-2106,72,1212,95,-475,19,-20,47,3,97,-4,79,278956,3,28370,24,0,58,2770,2
97,486,-2107,75,1213,15,-475,43,-20,47,3,97,-4,79,278910,2,28365,66,0,58,2765,7
97,536,-2108,77,1213,35,-475,67,-20,46,3,97,-4,79,278859,8,28361,09,0,58,2761,1
97,586,-2109,79,1213,55,-475,91,-20,45,3,97,-4,80,278806,7,28356,52,0,58,2756,5
97,636,-2110,82,1213,75,-476,15,-20,45,3,98,-4,80,278749,7,28351,95,0,58,2752,0
97,686,-2111,84,1213,95,-476,39,-20,44,3,98,-4,80,278688,1,28347,38,0,57,2747,4
97,736,-2112,86,1214,15,-476,63,-20,43,3,98,-4,80,278622,0,28342,81,0,56,2742,8
97,786,-2113,88,1214,35,-476,87,-20,42,3,98,-4,80,278549,8,28338,25,0,55,2738,2
97,836,-2114,90,1214,54,-477,11,-20,42,3,98,-4,81,278471,3,28333,68,0,53,2733,7
97,886,-2115,92,1214,74,-477,35,-20,41,3,98,-4,81,278385,7,28329,12,0,51,2729,1
97,936,-2116,94,1214,94,-477,59,-20,40,3,98,-4,81,278292,3,28324,55,0,48,2724,6
97,986,-2117,96,1215,14,-477,83,-20,39,3,98,-4,81,278190,4,28319,99,0,45,2720,0
98,036,-2118,98,1215,34,-478,07,-20,38,3,98,-4,82,278081,3,28315,43,0,42,2715,4
98,086,-2120,00,1215,54,-478,31,-20,37,3,98,-4,82,277967,2,28310,87,0,38,2710,9
98,136,-2121,02,1215,74,-478,55,-20,36,3,98,-4,82,277852,5,28306,32,0,34,2706,3
98,186,-2122,04,1215,94,-478,79,-20,35,3,98,-4,82,277748,6,28301,76,0,31,2701,8
98,236,-2123,05,1216,14,-479,03,-20,34,3,98,-4,82,277674,8,28297,21,0,30,2697,2
98,286,-2124,07,1216,34,-479,28,-20,35,3,98,-4,83,277655,0,28292,66,0,32,2692,7
98,336,-2125,09,1216,53,-479,52,-20,36,3,98,-4,83,277664,0,28288,11,0,35,2688,1
98,386,-2126,11,1216,73,-479,76,-20,37,3,98,-4,83,277682,7,28283,55,0,39,2683,6
98,436,-2127,13,1216,93,-480,00,-20,37,3,98,-4,83,277700,4,28279,00,0,43,2679,0
98,486,-2128,15,1217,13,-480,24,-20,38,3,98,-4,84,277711,3,28274,45,0,47,2674,4
98,535,-2129,16,1217,33,-480,48,-20,39,3,98,-4,84,277713,5,28269,89,0,50,2669,9
98,585,-2130,18,1217,53,-480,73,-20,39,3,99,-4,84,277707,4,28265,34,0,52,2665,3
98,635,-2131,20,1217,73,-480,97,-20,40,3,99,-4,84,277693,0,28260,79,0,54,2660,8
98,685,-2132,22,1217,93,-481,21,-20,40,3,99,-4,85,277671,5,28256,23,0,56,2656,2
98,735,-2133,25,1218,13,-481,45,-20,41,3,99,-4,85,277642,7,28251,68,0,57,2651,7
98,785,-2134,27,1218,33,-481,69,-20,41,3,99,-4,85,277609,0,28247,13,0,58,2647,1
98,835,-2135,29,1218,52,-481,94,-20,42,3,99,-4,85,277569,6,28242,58,0,58,2642,6
98,885,-2136,31,1218,72,-482,18,-20,42,3,99,-4,86,277526,8,28238,03,0,58,2638,0
98,935,-2137,33,1218,92,-482,42,-20,43,3,99,-4,86,277480,1,28233,48,0,58,2633,5
98,985,-2138,35,1219,12,-482,67,-20,43,3,99,-4,86,277430,7,28228,93,0,58,2628,9
99,035,-2139,37,1219,32,-482,91,-20,44,3,99,-4,86,277377,2,28224,38,0,58,2624,4
99,085,-2140,39,1219,52,-483,15,-20,44,3,99,-4,87,277319,8,28219,84,0,57,2619,8
99,135,-2141,41,1219,72,-483,40,-20,45,3,99,-4,87,277257,9,28215,29,0,56,2615,3
99,185,-2142,44,1219,92,-483,64,-20,45,4,00,-4,87,277190,2,28210,75,0,55,2610,7
99,235,-2143,46,1220,12,-483,88,-20,46,4,00,-4,87,277116,3,28206,20,0,53,2606,2
99,285,-2144,48,1220,32,-484,13,-20,46,4,00,-4,88,277035,6,28201,66,0,51,2601,7
99,335,-2145,51,1220,52,-484,37,-20,47,4,00,-4,88,276948,3,28197,12,0,48,2597,1
99,385,-2146,53,1220,72,-484,61,-20,48,4,00,-4,88,276854,2,28192,58,0,45,2592,6
99,435,-2147,55,1220,92,-484,86,-20,48,4,00,-4,88,276754,6,28188,04,0,42,2588,0
99,485,-2148,58,1221,12,-485,10,-20,49,4,00,-4,89,276653,0,28183,51,0,38,2583,5
99,535,-2149,60,1221,32,-485,35,-20,50,4,00,-4,89,276556,6,28178,97,0,35,2579,0
99,585,-2150,63,1221,52,-485,59,-20,50,4,00,-4,89,276479,3,28174,44,0,33,2574,4
99,635,-2151,65,1221,72,-485,84,-20,50,4,00,-4,89,276435,1,28169,91,0,34,2569,9
99,685,-2152,68,1221,92,-486,08,-20,49,4,00,-4,90,276422,3,28165,38,0,37,2565,4
99,735,-2153,70,1222,12,-486,33,-20,48,4,00,-4,90,276423,8,28160,84,0,40,2560,8
99,785,-2154,73,1222,32,-486,57,-20,47,4,00,-4,90,276429,3,28156,31,0,44,2556,3
99,835,-2155,75,1222,53,-486,82,-20,46,4,00,-4,90,276430,3,28151,78,0,47,2551,8
99,885,-2156,77,1222,73,-487,06,-20,46,4,00,-4,91,276424,7,28147,25,0,50,2547,3
99,935,-2157,80,1222,93,-487,31,-20,45,4,00,-4,91,276411,8,28142,72,0,52,2542,7
99,985,-2158,82,1223,13,-487,55,-20,44,4,00,-4,91,276391,4,28138,19,0,54,2538,2
100,035,-2159,84,1223,33,-487,80,-20,43,4,00,-4,92,276364,5,28133,66,0,55,2533,7
100,085,-2160,86,1223,53,-488,04,-20,43,4,00,-4,92,276332,0,28129,13,0,57,2529,1
100,135,-2161,88,1223,73,-488,29,-20,42,4,00,-4,92,276293,2,28124,60,0,57,2524,6
100,185,-2162,90,1223,93,-488,54,-20,41,4,00,-4,92,276250,6,28120,07,0,58,2520,1
100,235,-2163,92,1224,13,-488,78,-20,41,4,00,-4,93,276204,2,28115,54,0,58,2515,5
100,285,-2164,94,1224,33,-489,03,-20,40,4,00,-4,93,276154,1,28111,01,0,58,2511,0
100,335,-2165,96,1224,53,-489,28,-20,39,4,01,-4,93,276101,3,28106,48,0,58,2506,5
100,385,-2166,98,1224,73,-489,52,-20,39,4,01,-4,94,276044,7,28101,96,0,58,2502,0
100,434,-2168,00,1224,93,-489,77,-20,38,4,01,-4,94,275984,7,28097,43,0,57,2497,4
100,484,-2169,02,1225,13,-490,02,-20,37,4,01,-4,94,275919,6,28092,91,0,56,2492,9
100,534,-2170,04,1225,33,-490,26,-20,36,4,01,-4,94,275849,6,28088,39,0,55,2488,4
100,584,-2171,06,1225,53,-490,51,-20,36,4,01,-4,95,275773,4,28083,87,0,54,2483,9
100,634,-2172,08,1225,73,-490,76,-20,35,4,01,-4,95,275691,6,28079,34,0,52,2479,3
100,684,-2173,09,1225,93,-491,01,-20,34,4,01,-4,95,275602,9,28074,82,0,49,2474,8
100,734,-2174,11,1226,13,-491,25,-20,33,4,01,-4,96,275507,8,28070,31,0,46,2470,3
100,784,-2175,13,1226,33,-491,50,-20,32,4,01,-4,96,275408,5,28065,79,0,43,2465,8
100,834,-2176,14,1226,53,-491,75,-20,32,4,01,-4,96,275308,1,28061,28,0,40,2461,3
100,884,-2177,16,1226,73,-492,00,-20,31,4,01,-4,96,275212,8,28056,77,0,38,2456,8
100,934,-2178,17,1226,93,-492,25,-20,30,4,01,-4,97,275134,3,28052,25,0,36,2452,3
100,984,-2179,19,1227,13,-492,49,-20,30,4,01,-4,97,275091,1,28047,74,0,37,2447,7
101,034,-2180,20,1227,33,-492,74,-20,30,4,01,-4,97,275081,4,28043,23,0,39,2443,2
101,084,-2181,22,1227,53,-492,99,-20,31,4,01,-4,97,275084,8,28038,73,0,42,2438,7
101,134,-2182,24,1227,73,-493,24,-20,32,4,01,-4,98,275090,3,28034,22,0,45,2434,2
101,184,-2183,25,1227,93,-493,49,-20,32,4,01,-4,98,275093,0,28029,71,0,48,2429,7
101,234,-2184,27,1228,13,-493,74,-20,33,4,01,-4,98,275089,6,28025,20,0,51,2425,2
101,284,-2185,28,1228,33,-493,99,-20,34,4,01,-4,99,275079,3,28020,69,0,53,2420,7
101,334,-2186,30,1228,53,-494,24,-20,34,4,01,-4,99,275061,7,28016,18,0,55,2416,2
101,384,-2187,32,1228,73,-494,49,-20,35,4,01,-4,99,275038,0,28011,67,0,56,2411,7
101,434,-2188,34,1228,93,-494,74,-20,35,4,01,-4,99,275008,3,28007,16,0,57,2407,2
101,484,-2189,35,1229,13,-494,99,-20,36,4,01,-5,00,274973,3,28002,65,0,58,2402,7
101,534,-2190,37,1229,33,-495,24,-20,36,4,01,-5,00,274933,8,27998,14,0,58,2398,1
101,584,-2191,39,1229,53,-495,49,-20,37,4,01,-5,00,274890,9,27993,64,0,59,2393,6
101,634,-2192,41,1229,73,-495,74,-20,37,4,01,-5,01,274844,7,27989,13,0,59,2389,1
101,684,-2193,43,1229,93,-495,99,-20,37,4,01,-5,01,274795,4,27984,63,0,58,2384,6
101,734,-2194,44,1230,13,-496,24,-20,38,4,01,-5,01,274743,5,27980,12,0,58,2380,1
101,784,-2195,46,1230,33,-496,49,-20,38,4,01,-5,02,274687,4,27975,62,0,57,2375,6
101,834,-2196,48,1230,53,-496,74,-20,39,4,01,-5,02,274627,0,27971,12,0,57,2371,1
101,884,-2197,50,1230,73,-496,99,-20,39,4,01,-5,02,274561,9,27966,61,0,55,2366,6
101,934,-2198,52,1230,93,-497,24,-20,40,4,01,-5,03,274490,8,27962,11,0,54,2362,1
101,984,-2199,54,1231,13,-497,49,-20,40,4,01,-5,03,274414,4,27957,61,0,52,2357,6
102,034,-2200,56,1231,33,-497,74,-20,41,4,01,-5,03,274332,5,27953,12,0,49,2353,1
102,084,-2201,58,1231,53,-497,99,-20,42,4,01,-5,03,274245,1,27948,62,0,47,2348,6
102,134,-2202,60,1231,73,-498,25,-20,42,4,01,-5,04,274155,5,27944,13,0,44,2344,1
102,184,-2203,63,1231,93,-498,50,-20,43,4,01,-5,04,274066,8,27939,63,0,41,2339,6
102,234,-2204,65,1232,13,-498,75,-20,44,4,01,-5,04,273987,1,27935,14,0,39,2335,1
102,283,-2205,67,1232,33,-499,00,-20,44,4,01,-5,05,273928,4,27930,65,0,39,2330,6
102,333,-2206,69,1232,53,-499,26,-20,43,4,01,-5,05,273896,0,27926,16,0,40,2326,2
102,383,-2207,71,1232,73,-499,51,-20,42,4,01,-5,05,273883,3,27921,67,0,42,2321,7
102,433,-2208,73,1232,94,-499,76,-20,42,4,01,-5,05,273878,5,27917,18,0,45,2317,2
102,483,-2209,75,1233,14,-500,01,-20,41,4,01,-5,06,273873,3,27912,69,0,48,2312,7
102,533,-2210,77,1233,34,-500,27,-20,40,4,01,-5,06,273864,4,27908,20,0,51,2308,2
102,583,-2211,79,1233,54,-500,52,-20,39,4,01,-5,06,273850,0,27903,71,0,53,2303,7
102,633,-2212,81,1233,74,-500,77,-20,38,4,01,-5,07,273828,5,27899,22,0,55,2299,2
102,683,-2213,83,1233,94,-501,03,-20,38,4,01,-5,07,273801,7,27894,73,0,56,2294,7
102,733,-2214,85,1234,14,-501,28,-20,37,4,01,-5,07,273769,0,27890,24,0,58,2290,2
102,783,-2215,87,1234,34,-501,53,-20,36,4,01,-5,08,273731,2,27885,75,0,58,2285,8
102,833,-2216,89,1234,54,-501,79,-20,35,4,01,-5,08,273689,2,27881,27,0,59,2281,3
102,883,-2217,90,1234,74,-502,04,-20,35,4,02,-5,08,273643,4,27876,78,0,59,2276,8
102,933,-2218,92,1234,94,-502,30,-20,34,4,02,-5,09,273594,7,27872,29,0,59,2272,3
102,983,-2219,94,1235,14,-502,55,-20,34,4,02,-5,09,273543,3,27867,81,0,59,2267,8
103,033,-2220,96,1235,34,-502,80,-20,33,4,02,-5,09,273488,7,27863,32,0,59,2263,3
103,083,-2221,97,1235,54,-503,06,-20,32,4,02,-5,10,273430,3,27858,84,0,58,2258,8
103,133,-2222,99,1235,74,-503,31,-20,32,4,02,-5,10,273367,9,27854,36,0,58,2254,4
103,183,-2224,00,1235,94,-503,57,-20,31,4,02,-5,10,273300,9,27849,88,0,56,2249,9
103,233,-2225,02,1236,14,-503,82,-20,30,4,02,-5,11,273228,5,27845,40,0,55,2245,4
103,283,-2226,03,1236,34,-504,08,-20,29,4,02,-5,11,273150,3,27840,92,0,53,2240,9
103,333,-2227,05,1236,54,-504,34,-20,29,4,02,-5,11,273066,2,27836,44,0,51,2236,4
103,383,-2228,06,1236,74,-504,59,-20,28,4,02,-5,11,272977,5,27831,97,0,49,2232,0
103,433,-2229,08,1236,95,-504,85,-20,27,4,02,-5,12,272885,0,27827,49,0,46,2227,5
103,483,-2230,09,1237,15,-505,10,-20,26,4,02,-5,12,272792,1,27823,02,0,43,2223,0
103,533,-2231,10,1237,35,-505,36,-20,25,4,02,-5,12,272705,5,27818,55,0,41,2218,5
103,583,-2232,11,1237,55,-505,61,-20,24,4,01,-5,13,272635,7,27814,08,0,40,2214,1
103,633,-2233,13,1237,75,-505,87,-20,25,4,01,-5,13,272597,5,27809,61,0,41,2209,6
103,683,-2234,14,1237,95,-506,13,-20,25,4,01,-5,13,272583,3,27805,14,0,43,2205,1
103,733,-2235,15,1238,15,-506,38,-20,26,4,01,-5,14,272578,6,27800,67,0,45,2200,7
103,783,-2236,17,1238,35,-506,64,-20,27,4,01,-5,14,272575,6,27796,20,0,48,2196,2
103,833,-2237,18,1238,55,-506,90,-20,27,4,01,-5,14,272569,6,27791,74,0,51,2191,7
103,883,-2238,19,1238,75,-507,16,-20,28,4,01,-5,15,272558,8,27787,27,0,53,2187,3
103,933,-2239,21,1238,95,-507,41,-20,28,4,01,-5,15,272541,8,27782,80,0,54,2182,8
103,983,-2240,22,1239,15,-507,67,-20,29,4,01,-5,15,272518,8,27778,33,0,56,2178,3
104,033,-2241,24,1239,35,-507,93,-20,29,4,01,-5,16,272490,8,27773,87,0,57,2173,9
104,082,-2242,25,1239,55,-508,19,-20,30,4,01,-5,16,272457,4,27769,40,0,58,2169,4
104,132,-2243,27,1239,75,-508,44,-20,30,4,01,-5,16,272420,1,27764,93,0,58,2164,9
104,182,-2244,28,1239,95,-508,70,-20,31,4,01,-5,17,272378,8,27760,47,0,58,2160,5
104,232,-2245,30,1240,15,-508,96,-20,31,4,01,-5,17,272334,3,27756,00,0,59,2156,0
104,282,-2246,31,1240,35,-509,22,-20,31,4,01,-5,17,272287,1,27751,54,0,59,2151,5
104,332,-2247,33,1240,55,-509,48,-20,32,4,01,-5,18,272237,4,27747,07,0,58,2147,1
104,382,-2248,35,1240,75,-509,74,-20,32,4,01,-5,18,272184,6,27742,61,0,58,2142,6
104,432,-2249,36,1240,95,-510,00,-20,33,4,01,-5,18,272128,0,27738,15,0,57,2138,1
104,482,-2250,38,1241,15,-510,26,-20,33,4,01,-5,19,272067,1,27733,69,0,56,2133,7
104,532,-2251,39,1241,35,-510,51,-20,34,4,01,-5,19,272002,0,27729,23,0,55,2129,2
104,582,-2252,41,1241,55,-510,77,-20,34,4,01,-5,19,271931,5,27724,77,0,53,2124,8
104,632,-2253,43,1241,75,-511,03,-20,35,4,01,-5,20,271856,2,27720,31,0,51,2120,3
104,682,-2254,45,1241,95,-511,29,-20,35,4,01,-5,20,271777,4,27715,86,0,49,2115,9
104,732,-2255,46,1242,15,-511,55,-20,36,4,01,-5,20,271695,3,27711,40,0,47,2111,4
104,782,-2256,48,1242,35,-511,81,-20,37,4,01,-5,20,271614,1,27706,95,0,44,2106,9
104,832,-2257,50,1242,55,-512,07,-20,37,4,01,-5,21,271539,8,27702,50,0,43,2102,5
104,882,-2258,52,1242,75,-512,33,-20,38,4,01,-5,21,271481,4,27698,04,0,42,2098,0
104,932,-2259,54,1242,95,-512,60,-20,37,4,01,-5,21,271443,7,27693,59,0,43,2093,6
104,982,-2260,55,1243,15,-512,86,-20,36,4,01,-5,22,271423,5,27689,14,0,45,2089,1
105,032,-2261,57,1243,35,-513,12,-20,35,4,01,-5,22,271410,6,27684,69,0,47,2084,7
105,082,-2262,59,1243,55,-513,38,-20,35,4,01,-5,22,271398,7,27680,24,0,50,2080,2
105,132,-2263,61,1243,75,-513,64,-20,34,4,01,-5,23,271383,7,27675,79,0,52,2075,8
105,182,-2264,62,1243,95,-513,90,-20,33,4,01,-5,23,271364,6,27671,35,0,54,2071,3
105,232,-2265,64,1244,15,-514,16,-20,32,4,01,-5,23,271339,4,27666,90,0,55,2066,9
105,282,-2266,66,1244,35,-514,42,-20,31,4,01,-5,24,271309,8,27662,45,0,57,2062,5
105,332,-2267,67,1244,55,-514,69,-20,31,4,01,-5,24,271275,0,27658,00,0,58,2058,0
105,382,-2268,69,1244,75,-514,95,-20,30,4,01,-5,24,271235,8,27653,55,0,58,2053,6
105,432,-2269,70,1244,95,-515,21,-20,30,4,01,-5,25,271193,0,27649,11,0,59,2049,1
105,482,-2270,72,1245,15,-515,47,-20,29,4,01,-5,25,271147,1,27644,66,0,59,2044,7
105,532,-2271,73,1245,35,-515,74,-20,28,4,01,-5,26,271098,1,27640,22,0,59,2040,2
105,582,-2272,75,1245,55,-516,00,-20,28,4,01,-5,26,271047,0,27635,78,0,59,2035,8
105,632,-2273,76,1245,75,-516,26,-20,27,4,01,-5,26,270993,2,27631,33,0,58,2031,3
105,682,-2274,77,1245,95,-516,52,-20,27,4,01,-5,27,270935,6,27626,89,0,58,2026,9
105,732,-2275,78,1246,15,-516,79,-20,26,4,01,-5,27,270874,0,27622,45,0,57,2022,4
105,782,-2276,80,1246,35,-517,05,-20,25,4,01,-5,27,270808,0,27618,01,0,56,2018,0
105,832,-2277,81,1246,55,-517,32,-20,25,4,01,-5,28,270737,5,27613,57,0,55,2013,6
105,881,-2278,82,1246,75,-517,58,-20,24,4,01,-5,28,270661,9,27609,13,0,53,2009,1
105,931,-2279,83,1246,95,-517,84,-20,23,4,00,-5,28,270581,8,27604,70,0,51,2004,7
105,981,-2280,85,1247,16,-518,11,-20,22,4,00,-5,29,270498,6,27600,26,0,49,2000,3
106,031,-2281,86,1247,36,-518,37,-20,21,4,00,-5,29,270414,0,27595,83,0,47,1995,8
106,081,-2282,87,1247,56,-518,64,-20,21,4,00,-5,29,270331,7,27591,39,0,45,1991,4
106,131,-2283,88,1247,76,-518,90,-20,20,4,00,-5,30,270260,1,27586,96,0,44,1987,0
106,181,-2284,89,1247,96,-519,17,-20,19,4,00,-5,30,270209,5,27582,53,0,44,1982,5
106,231,-2285,90,1248,16,-519,43,-20,20,4,00,-5,30,270185,6,27578,10,0,45,1978,1
106,281,-2286,91,1248,36,-519,70,-20,21,4,00,-5,31,270173,5,27573,67,0,47,1973,7
106,331,-2287,92,1248,56,-519,96,-20,21,4,00,-5,31,270164,3,27569,24,0,49,1969,2
106,381,-2288,93,1248,76,-520,23,-20,22,4,00,-5,31,270154,1,27564,82,0,51,1964,8
106,431,-2289,94,1248,96,-520,49,-20,22,4,00,-5,32,270140,1,27560,39,0,53,1960,4
106,481,-2290,95,1249,16,-520,76,-20,23,4,00,-5,32,270120,8,27555,96,0,55,1956,0
106,531,-2291,96,1249,36,-521,02,-20,23,4,00,-5,32,270096,9,27551,53,0,56,1951,5
106,581,-2292,97,1249,56,-521,29,-20,24,4,00,-5,33,270067,5,27547,10,0,57,1947,1
106,631,-2293,99,1249,76,-521,56,-20,24,4,00,-5,33,270034,0,27542,68,0,58,1942,7
106,681,-2295,00,1249,96,-521,82,-20,25,4,00,-5,33,269996,6,27538,25,0,58,1938,2
106,731,-2296,01,1250,16,-522,09,-20,25,4,00,-5,34,269955,3,27533,82,0,59,1933,8
106,781,-2297,03,1250,36,-522,36,-20,25,4,00,-5,34,269911,8,27529,40,0,59,1929,4
106,831,-2298,04,1250,56,-522,62,-20,26,4,00,-5,34,269865,2,27524,97,0,59,1925,0
106,881,-2299,05,1250,76,-522,89,-20,26,4,00,-5,35,269816,5,27520,55,0,59,1920,5
106,931,-2300,07,1250,96,-523,16,-20,27,3,99,-5,35,269764,3,27516,13,0,58,1916,1
106,981,-2301,08,1251,16,-523,43,-20,27,3,99,-5,35,269709,4,27511,70,0,57,1911,7
107,031,-2302,09,1251,36,-523,69,-20,27,3,99,-5,36,269650,3,27507,28,0,57,1907,3
107,081,-2303,11,1251,56,-523,96,-20,28,3,99,-5,36,269587,2,27502,86,0,55,1902,9
107,131,-2304,12,1251,76,-524,23,-20,28,3,99,-5,37,269519,9,27498,44,0,54,1898,4
107,181,-2305,13,1251,96,-524,50,-20,29,3,99,-5,37,269448,1,27494,03,0,52,1894,0
107,231,-2306,15,1252,16,-524,77,-20,30,3,99,-5,37,269373,7,27489,61,0,50,1889,6
107,281,-2307,16,1252,36,-525,04,-20,30,3,99,-5,38,269297,6,27485,19,0,48,1885,2
107,331,-2308,18,1252,56,-525,31,-20,31,3,99,-5,38,269223,0,27480,78,0,46,1880,8
107,381,-2309,20,1252,76,-525,57,-20,31,3,99,-5,38,269156,8,27476,37,0,45,1876,4
107,431,-2310,21,1252,96,-525,84,-20,32,3,99,-5,39,269106,7,27471,95,0,45,1872,0
107,481,-2311,23,1253,16,-526,11,-20,31,3,99,-5,39,269073,1,27467,54,0,46,1867,5
107,531,-2312,24,1253,35,-526,38,-20,30,3,99,-5,39,269052,2,27463,13,0,48,1863,1
107,581,-2313,26,1253,55,-526,65,-20,29,3,99,-5,40,269035,2,27458,72,0,50,1858,7
107,631,-2314,27,1253,75,-526,92,-20,28,3,99,-5,40,269018,2,27454,31,0,52,1854,3
107,681,-2315,29,1253,95,-527,19,-20,28,3,99,-5,40,268997,8,27449,90,0,54,1849,9
107,730,-2316,30,1254,15,-527,46,-20,27,3,98,-5,41,268973,1,27445,49,0,55,1845,5
107,780,-2317,31,1254,35,-527,73,-20,26,3,98,-5,41,268944,1,27441,08,0,57,1841,1
107,830,-2318,33,1254,55,-528,00,-20,25,3,98,-5,41,268910,5,27436,67,0,58,1836,7
107,880,-2319,34,1254,75,-528,27,-20,25,3,98,-5,42,268873,0,27432,26,0,58,1832,3
107,930,-2320,35,1254,95,-528,55,-20,24,3,98,-5,42,268831,4,27427,86,0,59,1827,9
107,980,-2321,36,1255,15,-528,82,-20,24,3,98,-5,43,268787,2,27423,45,0,59,1823,5
108,030,-2322,37,1255,34,-529,09,-20,23,3,98,-5,43,268740,0,27419,04,0,59,1819,0
108,080,-2323,39,1255,54,-529,36,-20,23,3,98,-5,43,268690,2,27414,64,0,59,1814,6
108,130,-2324,40,1255,74,-529,63,-20,22,3,98,-5,44,268638,3,27410,23,0,59,1810,2
108,180,-2325,41,1255,94,-529,90,-20,21,3,98,-5,44,268583,2,27405,83,0,58,1805,8
108,230,-2326,42,1256,14,-530,18,-20,21,3,98,-5,44,268524,7,27401,43,0,58,1801,4
108,280,-2327,43,1256,34,-530,45,-20,20,3,98,-5,45,268462,4,27397,03,0,57,1797,0
108,330,-2328,44,1256,54,-530,72,-20,19,3,98,-5,45,268395,9,27392,63,0,56,1792,6
108,380,-2329,45,1256,74,-530,99,-20,19,3,98,-5,45,268325,1,27388,23,0,54,1788,2
108,430,-2330,46,1256,94,-531,27,-20,18,3,98,-5,46,268249,6,27383,83,0,53,1783,8
108,480,-2331,46,1257,14,-531,54,-20,17,3,98,-5,46,268171,4,27379,43,0,51,1779,4
108,530,-2332,47,1257,33,-531,81,-20,16,3,98,-5,46,268092,1,27375,04,0,49,1775,0
108,580,-2333,48,1257,53,-532,08,-20,16,3,97,-5,47,268014,7,27370,64,0,47,1770,6
108,630,-2334,49,1257,73,-532,36,-20,15,3,97,-5,47,267945,0,27366,25,0,46,1766,2
108,680,-2335,50,1257,93,-532,63,-20,14,3,97,-5,47,267893,4,27361,86,0,46,1761,9
108,730,-2336,51,1258,13,-532,91,-20,15,3,97,-5,48,267866,3,27357,46,0,47,1757,5
108,780,-2337,51,1258,33,-533,18,-20,16,3,97,-5,48,267849,4,27353,07,0,49,1753,1
108,830,-2338,52,1258,53,-533,45,-20,16,3,97,-5,49,267836,3,27348,68,0,51,1748,7
108,880,-2339,53,1258,73,-533,73,-20,17,3,97,-5,49,267822,5,27344,29,0,53,1744,3
108,930,-2340,54,1258,93,-534,00,-20,17,3,97,-5,49,267805,3,27339,90,0,54,1739,9
108,980,-2341,55,1259,12,-534,28,-20,18,3,97,-5,50,267783,8,27335,51,0,56,1735,5
109,030,-2342,56,1259,32,-534,55,-20,18,3,97,-5,50,267757,9,27331,12,0,57,1731,1
109,080,-2343,56,1259,52,-534,83,-20,19,3,97,-5,50,267727,8,27326,73,0,58,1726,7
109,130,-2344,57,1259,72,-535,10,-20,19,3,97,-5,51,267693,1,27322,34,0,58,1722,3
109,180,-2345,58,1259,92,-535,38,-20,19,3,96,-5,51,267655,1,27317,95,0,59,1718,0
109,230,-2346,59,1260,11,-535,65,-20,20,3,96,-5,51,267613,8,27313,56,0,59,1713,6
109,280,-2347,60,1260,31,-535,93,-20,20,3,96,-5,52,267569,9,27309,18,0,59,1709,2
109,330,-2348,62,1260,51,-536,21,-20,20,3,96,-5,52,267523,9,27304,79,0,59,1704,8
109,380,-2349,63,1260,71,-536,48,-20,21,3,96,-5,53,267475,4,27300,41,0,59,1700,4
109,430,-2350,64,1260,90,-536,76,-20,21,3,96,-5,53,267423,9,27296,02,0,58,1696,0
109,480,-2351,65,1261,10,-537,03,-20,22,3,96,-5,53,267369,3,27291,64,0,58,1691,6
109,529,-2352,66,1261,30,-537,31,-20,22,3,96,-5,54,267310,8,27287,26,0,57,1687,3
109,579,-2353,67,1261,50,-537,59,-20,23,3,96,-5,54,267248,6,27282,88,0,56,1682,9
109,629,-2354,68,1261,70,-537,87,-20,23,3,96,-5,54,267182,8,27278,49,0,54,1678,5
109,679,-2355,69,1261,89,-538,14,-20,24,3,96,-5,55,267113,6,27274,11,0,53,1674,1
109,729,-2356,70,1262,09,-538,42,-20,24,3,96,-5,55,267041,4,27269,73,0,51,1669,7
109,779,-2357,72,1262,29,-538,70,-20,25,3,96,-5,56,266969,6,27265,36,0,49,1665,4
109,829,-2358,73,1262,49,-538,98,-20,25,3,95,-5,56,266901,3,27260,98,0,47,1661,0
109,879,-2359,74,1262,68,-539,25,-20,26,3,95,-5,56,266843,6,27256,61,0,47,1656,6
109,929,-2360,76,1262,88,-539,53,-20,25,3,95,-5,57,266800,0,27252,23,0,47,1652,2
109,979,-2361,77,1263,08,-539,81,-20,25,3,95,-5,57,266770,1,27247,86,0,48,1647,9
110,029,-2362,78,1263,28,-540,09,-20,24,3,95,-5,57,266747,2,27243,48,0,50,1643,5
110,079,-2363,79,1263,48,-540,37,-20,23,3,95,-5,58,266726,6,27239,11,0,52,1639,1
110,129,-2364,80,1263,67,-540,65,-20,22,3,95,-5,58,266703,9,27234,74,0,53,1634,7
110,179,-2365,81,1263,87,-540,93,-20,22,3,95,-5,58,266678,3,27230,37,0,55,1630,4
110,229,-2366,82,1264,07,-541,21,-20,21,3,95,-5,59,266649,0,27226,00,0,56,1626,0
110,279,-2367,83,1264,27,-541,48,-20,20,3,95,-5,59,266616,2,27221,63,0,57,1621,6
110,329,-2368,85,1264,46,-541,76,-20,20,3,94,-5,60,266579,0,27217,25,0,58,1617,3
110,379,-2369,86,1264,66,-542,04,-20,19,3,94,-5,60,266538,6,27212,88,0,58,1612,9
110,429,-2370,86,1264,86,-542,32,-20,18,3,94,-5,60,266495,2,27208,52,0,59,1608,5
110,479,-2371,87,1265,06,-542,60,-20,18,3,94,-5,61,266449,3,27204,15,0,59,1604,1
110,529,-2372,88,1265,25,-542,88,-20,17,3,94,-5,61,266401,3,27199,78,0,59,1599,8
110,579,-2373,89,1265,45,-543,17,-20,17,3,94,-5,61,266350,8,27195,41,0,58,1595,4
110,629,-2374,90,1265,65,-543,45,-20,16,3,94,-5,62,266298,1,27191,04,0,58,1591,0
110,679,-2375,91,1265,84,-543,73,-20,16,3,94,-5,62,266242,0,27186,68,0,58,1586,7
110,729,-2376,91,1266,04,-544,01,-20,15,3,94,-5,63,266182,7,27182,32,0,57,1582,3
110,779,-2377,92,1266,24,-544,29,-20,14,3,94,-5,63,266119,8,27177,95,0,56,1578,0
110,829,-2378,93,1266,43,-544,57,-20,14,3,94,-5,63,266052,8,27173,59,0,55,1573,6
110,879,-2379,94,1266,63,-544,85,-20,13,3,93,-5,64,265983,0,27169,23,0,53,1569,2
110,929,-2380,94,1266,83,-545,13,-20,12,3,93,-5,64,265910,3,27164,87,0,52,1564,9
110,979,-2381,95,1267,02,-545,42,-20,12,3,93,-5,64,265836,1,27160,51,0,50,1560,5
111,029,-2382,95,1267,22,-545,70,-20,11,3,93,-5,65,265764,8,27156,15,0,49,1556,2
111,079,-2383,96,1267,41,-545,98,-20,10,3,93,-5,65,265700,4,27151,80,0,48,1551,8
111,129,-2384,96,1267,61,-546,26,-20,10,3,93,-5,65,265652,1,27147,44,0,48,1547,4
111,179,-2385,97,1267,81,-546,55,-20,10,3,93,-5,66,265624,1,27143,09,0,49,1543,1
111,229,-2386,98,1268,00,-546,83,-20,11,3,93,-5,66,265604,2,27138,73,0,50,1538,7
111,279,-2387,98,1268,20,-547,11,-20,11,3,93,-5,67,265587,0,27134,38,0,52,1534,4
111,329,-2388,99,1268,40,-547,40,-20,12,3,92,-5,67,265568,8,27130,02,0,54,1530,0
111,378,-2389,99,1268,59,-547,68,-20,12,3,92,-5,67,265547,5,27125,67,0,55,1525,7
111,428,-2391,00,1268,79,-547,96,-20,13,3,92,-5,68,265522,8,27121,32,0,56,1521,3
111,478,-2392,01,1268,99,-548,25,-20,13,3,92,-5,68,265493,8,27116,96,0,57,1517,0
111,528,-2393,01,1269,18,-548,53,-20,14,3,92,-5,68,265460,8,27112,61,0,58,1512,6
111,578,-2394,02,1269,38,-548,82,-20,14,3,92,-5,69,265424,9,27108,26,0,58,1508,3
111,628,-2395,03,1269,58,-549,10,-20,14,3,92,-5,69,265385,3,27103,91,0,59,1503,9
111,678,-2396,03,1269,77,-549,39,-20,15,3,92,-5,70,265343,0,27099,56,0,59,1499,6
111,728,-2397,04,1269,97,-549,67,-20,15,3,92,-5,70,265299,0,27095,21,0,59,1495,2
111,778,-2398,05,1270,16,-549,96,-20,15,3,92,-5,70,265252,6,27090,86,0,59,1490,9
111,828,-2399,06,1270,36,-550,24,-20,16,3,91,-5,71,265203,7,27086,51,0,58,1486,5
111,878,-2400,07,1270,55,-550,53,-20,16,3,91,-5,71,265152,2,27082,17,0,58,1482,2
111,928,-2401,08,1270,75,-550,81,-20,16,3,91,-5,71,265098,2,27077,82,0,57,1477,8
111,978,-2402,08,1270,94,-551,10,-20,17,3,91,-5,72,265040,4,27073,47,0,56,1473,5
112,028,-2403,09,1271,14,-551,38,-20,17,3,91,-5,72,264979,2,27069,13,0,55,1469,1
112,078,-2404,10,1271,33,-551,67,-20,18,3,91,-5,73,264915,0,27064,79,0,54,1464,8
112,128,-2405,11,1271,53,-551,96,-20,18,3,91,-5,73,264848,8,27060,44,0,52,1460,4
112,178,-2406,12,1271,72,-552,24,-20,19,3,91,-5,73,264782,0,27056,10,0,51,1456,1
112,228,-2407,13,1271,92,-552,53,-20,19,3,91,-5,74,264717,1,27051,76,0,49,1451,8
112,278,-2408,14,1272,12,-552,82,-20,20,3,90,-5,74,264659,9,27047,42,0,49,1447,4
112,328,-2409,15,1272,31,-553,10,-20,20,3,90,-5,74,264614,7,27043,08,0,49,1443,1
112,378,-2410,16,1272,51,-553,39,-20,19,3,90,-5,75,264579,9,27038,75,0,50,1438,7
112,428,-2411,17,1272,70,-553,68,-20,18,3,90,-5,75,264553,4,27034,41,0,51,1434,4
112,478,-2412,18,1272,90,-553,97,-20,18,3,90,-5,76,264528,6,27030,07,0,53,1430,1
112,528,-2413,18,1273,09,-554,25,-20,17,3,90,-5,76,264503,4,27025,73,0,54,1425,7
112,578,-2414,19,1273,29,-554,54,-20,16,3,90,-5,76,264475,4,27021,40,0,55,1421,4
112,628,-2415,20,1273,48,-554,83,-20,16,3,89,-5,77,264444,4,27017,06,0,56,1417,1
112,678,-2416,21,1273,68,-555,12,-20,15,3,89,-5,77,264409,6,27012,73,0,57,1412,7
112,728,-2417,22,1273,87,-555,41,-20,14,3,89,-5,78,264372,0,27008,39,0,58,1408,4
112,778,-2418,22,1274,07,-555,70,-20,14,3,89,-5,78,264331,4,27004,06,0,58,1404,1
112,828,-2419,23,1274,26,-555,99,-20,13,3,89,-5,78,264287,7,26999,73,0,58,1399,7
112,878,-2420,24,1274,45,-556,27,-20,13,3,89,-5,79,264242,1,26995,39,0,59,1395,4
112,928,-2421,24,1274,65,-556,56,-20,12,3,89,-5,79,264194,9,26991,06,0,58,1391,1
112,978,-2422,25,1274,84,-556,85,-20,12,3,89,-5,79,264145,1,26986,73,0,58,1386,7
113,028,-2423,25,1275,04,-557,14,-20,11,3,89,-5,80,264093,1,26982,40,0,58,1382,4
113,078,-2424,26,1275,23,-557,43,-20,11,3,88,-5,80,264037,9,26978,07,0,58,1378,1
113,128,-2425,27,1275,42,-557,72,-20,10,3,88,-5,81,263980,4,26973,74,0,57,1373,7
113,177,-2426,27,1275,62,-558,01,-20,09,3,88,-5,81,263918,9,26969,42,0,56,1369,4
113,227,-2427,27,1275,81,-558,30,-20,09,3,88,-5,81,263854,4,26965,09,0,55,1365,1
113,277,-2428,28,1276,01,-558,60,-20,08,3,88,-5,82,263787,8,26960,77,0,54,1360,8
113,327,-2429,28,1276,20,-558,89,-20,07,3,88,-5,82,263719,0,26956,44,0,52,1356,4
113,377,-2430,28,1276,39,-559,18,-20,07,3,88,-5,83,263650,1,26952,12,0,51,1352,1
113,427,-2431,29,1276,59,-559,47,-20,06,3,88,-5,83,263585,4,26947,80,0,50,1347,8
113,477,-2432,29,1276,78,-559,76,-20,05,3,87,-5,83,263530,1,26943,48,0,49,1343,5
113,527,-2433,30,1276,98,-560,05,-20,06,3,87,-5,84,263493,6,26939,16,0,50,1339,2
113,577,-2434,30,1277,17,-560,34,-20,06,3,87,-5,84,263467,6,26934,84,0,51,1334,8
113,627,-2435,30,1277,37,-560,64,-20,07,3,87,-5,84,263445,1,26930,52,0,52,1330,5
113,677,-2436,31,1277,56,-560,93,-20,07,3,87,-5,85,263423,2,26926,20,0,54,1326,2
113,727,-2437,31,1277,75,-561,22,-20,08,3,87,-5,85,263398,9,26921,88,0,55,1321,9
113,777,-2438,31,1277,94,-561,51,-20,08,3,87,-5,86,263371,9,26917,56,0,56,1317,6
113,827,-2439,32,1278,14,-561,81,-20,08,3,86,-5,86,263341,9,26913,25,0,57,1313,2
113,877,-2440,32,1278,33,-562,10,-20,09,3,86,-5,86,263308,3,26908,93,0,57,1308,9
113,927,-2441,32,1278,52,-562,39,-20,09,3,86,-5,87,263271,4,26904,61,0,58,1304,6
113,977,-2442,33,1278,72,-562,69,-20,09,3,86,-5,87,263232,4,26900,30,0,58,1300,3
114,027,-2443,33,1278,91,-562,98,-20,10,3,86,-5,88,263190,5,26895,98,0,58,1296,0
114,077,-2444,34,1279,10,-563,27,-20,10,3,86,-5,88,263146,6,26891,67,0,58,1291,7
114,127,-2445,34,1279,29,-563,57,-20,10,3,86,-5,88,263101,2,26887,35,0,58,1287,4
114,177,-2446,35,1279,49,-563,86,-20,11,3,86,-5,89,263053,8,26883,04,0,58,1283,0
114,227,-2447,36,1279,68,-564,16,-20,11,3,85,-5,89,263003,8,26878,73,0,57,1278,7
114,277,-2448,36,1279,87,-564,45,-20,11,3,85,-5,90,262951,3,26874,42,0,57,1274,4
114,327,-2449,37,1280,07,-564,75,-20,12,3,85,-5,90,262895,7,26870,11,0,56,1270,1
114,377,-2450,37,1280,26,-565,04,-20,12,3,85,-5,90,262837,7,26865,80,0,55,1265,8
114,427,-2451,38,1280,45,-565,34,-20,12,3,85,-5,91,262777,5,26861,49,0,54,1261,5
114,477,-2452,39,1280,64,-565,63,-20,13,3,85,-5,91,262715,9,26857,18,0,53,1257,2
114,527,-2453,39,1280,84,-565,93,-20,13,3,85,-5,91,262654,7,26852,88,0,52,1252,9
114,577,-2454,40,1281,03,-566,22,-20,14,3,84,-5,92,262597,3,26848,57,0,51,1248,6
114,627,-2455,40,1281,22,-566,52,-20,15,3,84,-5,92,262547,6,26844,27,0,50,1244,3
114,677,-2456,41,1281,41,-566,82,-20,14,3,84,-5,93,262506,9,26839,96,0,51,1240,0
114,727,-2457,42,1281,60,-567,11,-20,13,3,84,-5,93,262474,7,26835,66,0,52,1235,7
114,777,-2458,42,1281,80,-567,41,-20,12,3,84,-5,93,262446,8,26831,36,0,53,1231,4
114,827,-2459,43,1281,99,-567,71,-20,12,3,84,-5,94,262419,1,26827,05,0,54,1227,1
114,877,-2460,44,1282,18,-568,00,-20,11,3,84,-5,94,262389,5,26822,75,0,55,1222,8
114,927,-2461,44,1282,37,-568,30,-20,10,3,83,-5,95,262358,0,26818,45,0,56,1218,4
114,976,-2462,45,1282,56,-568,60,-20,10,3,83,-5,95,262323,2,26814,15,0,57,1214,1
115,026,-2463,45,1282,75,-568,90,-20,09,3,83,-5,95,262285,8,26809,85,0,58,1209,8
115,076,-2464,46,1282,95,-569,19,-20,09,3,83,-5,96,262245,3,26805,55,0,58,1205,5
115,126,-2465,46,1283,14,-569,49,-20,08,3,83,-5,96,262202,8,26801,25,0,58,1201,3
115,176,-2466,46,1283,33,-569,79,-20,08,3,83,-5,97,262158,3,26796,95,0,59,1197,0
115,226,-2467,47,1283,52,-570,09,-20,07,3,83,-5,97,262111,9,26792,65,0,59,1192,7
115,276,-2468,47,1283,71,-570,39,-20,07,3,82,-5,97,262063,3,26788,36,0,58,1188,4
115,326,-2469,47,1283,90,-570,68,-20,06,3,82,-5,98,262012,6,26784,06,0,58,1184,1
115,376,-2470,48,1284,09,-570,98,-20,06,3,82,-5,98,261959,7,26779,77,0,58,1179,8
115,426,-2471,48,1284,29,-571,28,-20,05,3,82,-5,99,261904,2,26775,47,0,57,1175,5
115,476,-2472,48,1284,48,-571,58,-20,04,3,82,-5,99,261845,7,26771,18,0,56,1171,2
115,526,-2473,49,1284,67,-571,88,-20,04,3,82,-5,99,261784,4,26766,89,0,55,1166,9
115,576,-2474,49,1284,86,-572,18,-20,03,3,82,-6,00,261720,5,26762,60,0,54,1162,6
115,626,-2475,49,1285,05,-572,48,-20,02,3,81,-6,00,261656,3,26758,31,0,53,1158,3
115,676,-2476,49,1285,24,-572,78,-20,02,3,81,-6,01,261592,0,26754,02,0,52,1154,0
115,726,-2477,49,1285,43,-573,08,-20,01,3,81,-6,01,261531,6,26749,73,0,51,1149,7
115,776,-2478,49,1285,62,-573,38,-20,01,3,81,-6,01,261480,8,26745,44,0,51,1145,4
115,826,-2479,49,1285,81,-573,68,-20,01,3,81,-6,02,261446,7,26741,16,0,52,1141,2
115,876,-2480,49,1286,00,-573,98,-20,02,3,81,-6,02,261419,3,26736,87,0,53,1136,9
115,926,-2481,49,1286,19,-574,29,-20,02,3,80,-6,03,261394,3,26732,58,0,54,1132,6
115,976,-2482,49,1286,38,-574,59,-20,03,3,80,-6,03,261368,8,26728,30,0,55,1128,3
116,026,-2483,49,1286,57,-574,89,-20,03,3,80,-6,03,261341,8,26724,01,0,56,1124,0
116,076,-2484,50,1286,76,-575,19,-20,03,3,80,-6,04,261311,6,26719,73,0,57,1119,7
116,126,-2485,50,1286,95,-575,49,-20,04,3,80,-6,04,261278,6,26715,45,0,57,1115,4
116,176,-2486,50,1287,14,-575,79,-20,04,3,80,-6,05,261243,3,26711,16,0,58,1111,2
116,226,-2487,50,1287,33,-576,10,-20,04,3,79,-6,05,261204,8,26706,88,0,58,1106,9
116,276,-2488,50,1287,52,-576,40,-20,05,3,79,-6,05,261164,5,26702,60,0,58,1102,6
116,326,-2489,50,1287,71,-576,70,-20,05,3,79,-6,06,261122,2,26698,32,0,58,1098,3
116,376,-2490,51,1287,90,-577,01,-20,05,3,79,-6,06,261077,8,26694,04,0,58,1094,0
116,426,-2491,51,1288,09,-577,31,-20,05,3,79,-6,07,261031,9,26689,76,0,58,1089,8
116,476,-2492,52,1288,28,-577,61,-20,06,3,79,-6,07,260984,1,26685,48,0,58,1085,5
116,526,-2493,52,1288,47,-577,92,-20,06,3,78,-6,07,260934,3,26681,20,0,57,1081,2
116,576,-2494,52,1288,66,-578,22,-20,06,3,78,-6,08,260881,3,26676,92,0,57,1076,9
116,626,-2495,53,1288,84,-578,52,-20,07,3,78,-6,08,260826,8,26672,65,0,56,1072,6
116,676,-2496,53,1289,03,-578,83,-20,07,3,78,-6,09,260770,1,26668,37,0,55,1068,4
116,726,-2497,53,1289,22,-579,13,-20,08,3,78,-6,09,260711,7,26664,10,0,54,1064,1
116,776,-2498,54,1289,41,-579,44,-20,08,3,78,-6,09,260653,6,26659,82,0,53,1059,8
116,825,-2499,54,1289,60,-579,74,-20,09,3,78,-6,10,260598,3,26655,55,0,52,1055,6
116,875,-2500,54,1289,79,-580,05,-20,09,3,77,-6,10,260549,2,26651,28,0,52,1051,3
116,925,-2501,55,1289,98,-580,35,-20,08,3,77,-6,11,260507,9,26647,01,0,52,1047,0
116,975,-2502,55,1290,17,-580,66,-20,08,3,77,-6,11,260473,1,26642,74,0,53,1042,7
117,025,-2503,55,1290,36,-580,96,-20,07,3,77,-6,11,260441,6,26638,47,0,54,1038,5
117,075,-2504,56,1290,54,-581,27,-20,06,3,77,-6,12,260410,4,26634,20,0,55,1034,2
117,125,-2505,56,1290,73,-581,57,-20,06,3,76,-6,12,260378,7,26629,93,0,56,1029,9
117,175,-2506,56,1290,92,-581,88,-20,05,3,76,-6,13,260344,6,26625,66,0,57,1025,7
117,225,-2507,57,1291,11,-582,19,-20,05,3,76,-6,13,260307,9,26621,39,0,57,1021,4
117,275,-2508,57,1291,30,-582,49,-20,04,3,76,-6,13,260269,1,26617,13,0,58,1017,1
117,325,-2509,57,1291,48,-582,80,-20,04,3,76,-6,14,260227,9,26612,86,0,58,1012,9
117,375,-2510,57,1291,67,-583,11,-20,03,3,76,-6,14,260185,1,26608,59,0,58,1008,6
117,425,-2511,57,1291,86,-583,41,-20,03,3,76,-6,15,260140,4,26604,33,0,58,1004,3
117,475,-2512,57,1292,05,-583,72,-20,02,3,75,-6,15,260094,1,26600,06,0,58,1000,1
117,525,-2513,57,1292,24,-584,03,-20,02,3,75,-6,15,260045,8,26595,80,0,58,995,8
117,575,-2514,57,1292,42,-584,34,-20,01,3,75,-6,16,259995,8,26591,54,0,58,991,5
117,625,-2515,58,1292,61,-584,65,-20,01,3,75,-6,16,259943,6,26587,28,0,57,987,3
117,675,-2516,58,1292,80,-584,95,-20,00,3,75,-6,17,259888,7,26583,01,0,57,983,0
117,725,-2517,58,1292,99,-585,26,-20,00,3,75,-6,17,259832,1,26578,75,0,56,978,8
117,775,-2518,58,1293,17,-585,57,-19,99,3,74,-6,17,259773,0,26574,49,0,55,974,5
117,825,-2519,57,1293,36,-585,88,-19,98,3,74,-6,18,259712,7,26570,24,0,54,970,2
117,875,-2520,57,1293,55,-586,19,-19,98,3,74,-6,18,259652,5,26565,98,0,53,966,0
117,925,-2521,57,1293,73,-586,50,-19,97,3,74,-6,19,259594,8,26561,72,0,53,961,7
117,975,-2522,57,1293,92,-586,81,-19,96,3,74,-6,19,259544,4,26557,47,0,52,957,5
118,025,-2523,57,1294,11,-587,12,-19,97,3,73,-6,19,259507,2,26553,21,0,53,953,2
118,075,-2524,57,1294,29,-587,43,-19,97,3,73,-6,20,259477,7,26548,96,0,54,949,0
118,125,-2525,57,1294,48,-587,74,-19,98,3,73,-6,20,259450,5,26544,71,0,55,944,7
118,175,-2526,56,1294,67,-588,05,-19,98,3,73,-6,21,259423,0,26540,45,0,56,940,5
118,225,-2527,56,1294,85,-588,36,-19,98,3,73,-6,21,259394,0,26536,20,0,56,936,2
118,275,-2528,56,1295,04,-588,67,-19,99,3,72,-6,22,259362,7,26531,95,0,57,931,9
118,325,-2529,56,1295,23,-588,98,-19,99,3,72,-6,22,259328,4,26527,70,0,58,927,7
118,375,-2530,56,1295,41,-589,29,-19,99,3,72,-6,22,259292,0,26523,44,0,58,923,4
118,425,-2531,56,1295,60,-589,60,-20,00,3,72,-6,23,259253,3,26519,19,0,58,919,2
118,475,-2532,56,1295,78,-589,91,-20,00,3,72,-6,23,259213,1,26514,94,0,58,914,9
118,525,-2533,56,1295,97,-590,22,-20,00,3,72,-6,24,259170,7,26510,69,0,58,910,7
118,575,-2534,56,1296,15,-590,54,-20,00,3,71,-6,24,259126,8,26506,45,0,58,906,4
118,624,-2535,56,1296,34,-590,85,-20,01,3,71,-6,24,259081,0,26502,20,0,58,902,2
118,674,-2536,56,1296,53,-591,16,-20,01,3,71,-6,25,259033,7,26497,95,0,58,898,0
118,724,-2537,56,1296,71,-591,47,-20,01,3,71,-6,25,258984,5,26493,71,0,57,893,7
118,774,-2538,57,1296,90,-591,79,-20,02,3,71,-6,26,258932,7,26489,46,0,57,889,5
118,824,-2539,57,1297,08,-592,10,-20,02,3,71,-6,26,258879,3,26485,21,0,56,885,2
118,874,-2540,57,1297,27,-592,41,-20,02,3,70,-6,26,258824,3,26480,97,0,55,881,0
118,924,-2541,57,1297,45,-592,72,-20,03,3,70,-6,27,258768,8,26476,73,0,54,876,7
118,974,-2542,57,1297,64,-593,04,-20,03,3,70,-6,27,258714,8,26472,49,0,54,872,5
119,024,-2543,57,1297,82,-593,35,-20,04,3,70,-6,28,258664,1,26468,25,0,53,868,2
119,074,-2544,57,1298,01,-593,67,-20,04,3,70,-6,28,258620,6,26464,01,0,53,864,0
119,124,-2545,57,1298,19,-593,98,-20,03,3,69,-6,28,258582,7,26459,77,0,54,859,8
119,174,-2546,57,1298,38,-594,29,-20,02,3,69,-6,29,258549,9,26455,53,0,54,855,5
119,224,-2547,57,1298,56,-594,61,-20,02,3,69,-6,29,258518,0,26451,29,0,55,851,3
119,274,-2548,58,1298,75,-594,92,-20,01,3,69,-6,30,258485,5,26447,05,0,56,847,1
119,324,-2549,58,1298,93,-595,24,-20,01,3,69,-6,30,258451,4,26442,81,0,57,842,8
119,374,-2550,58,1299,11,-595,55,-20,00,3,69,-6,31,258415,7,26438,58,0,58,838,6
119,424,-2551,58,1299,30,-595,87,-19,99,3,68,-6,31,258376,9,26434,34,0,58,834,3
119,474,-2552,58,1299,48,-596,18,-19,99,3,68,-6,31,258336,7,26430,11,0,58,830,1
119,524,-2553,57,1299,67,-596,50,-19,98,3,68,-6,32,258294,5,26425,87,0,59,825,9
119,574,-2554,57,1299,85,-596,82,-19,98,3,68,-6,32,258250,4,26421,64,0,59,821,6
119,624,-2555,57,1300,04,-597,13,-19,98,3,68,-6,33,258205,2,26417,40,0,59,817,4
119,674,-2556,57,1300,22,-597,45,-19,97,3,67,-6,33,258158,1,26413,17,0,58,813,2
119,724,-2557,57,1300,40,-597,77,-19,97,3,67,-6,33,258109,3,26408,94,0,58,808,9
119,774,-2558,57,1300,59,-598,08,-19,96,3,67,-6,34,258058,4,26404,71,0,58,804,7
119,824,-2559,57,1300,77,-598,40,-19,96,3,67,-6,34,258005,3,26400,48,0,57,800,5
119,874,-2560,56,1300,95,-598,72,-19,95,3,67,-6,35,257950,0,26396,25,0,57,796,2
119,924,-2561,56,1301,14,-599,03,-19,94,3,66,-6,35,257892,9,26392,02,0,56,792,0
119,974,-2562,56,1301,32,-599,35,-19,94,3,66,-6,35,257834,5,26387,79,0,55,787,8
120,024,-2563,55,1301,50,-599,67,-19,93,3,66,-6,36,257776,4,26383,56,0,54,783,6
120,074,-2564,55,1301,69,-599,99,-19,92,3,66,-6,36,257720,2,26379,34,0,54,779,3
120,124,-2565,55,1301,87,-600,31,-19,92,3,66,-6,37,257670,4,26375,12,0,53,775,1
120,174,-2566,54,1302,05,-600,62,-19,92,3,65,-6,37,257634,1,26370,89,0,54,770,9
120,224,-2567,54,1302,23,-600,94,-19,93,3,65,-6,38,257602,5,26366,67,0,54,766,7
120,274,-2568,53,1302,42,-601,26,-19,93,3,65,-6,38,257573,3,26362,45,0,55,762,4
120,324,-2569,53,1302,60,-601,58,-19,94,3,65,-6,38,257543,9,26358,22,0,56,758,2
120,374,-2570,53,1302,78,-601,90,-19,94,3,65,-6,39,257513,1,26354,00,0,57,754,0
120,424,-2571,52,1302,96,-602,22,-19,94,3,64,-6,39,257480,5,26349,78,0,57,749,8
120,473,-2572,52,1303,15,-602,54,-19,95,3,64,-6,40,257445,1,26345,56,0,58,745,6
120,523,-2573,52,1303,33,-602,86,-19,95,3,64,-6,40,257408,0,26341,34,0,58,741,3
120,573,-2574,52,1303,51,-603,18,-19,95,3,64,-6,40,257368,8,26337,12,0,58,737,1
120,623,-2575,51,1303,69,-603,50,-19,95,3,64,-6,41,257327,4,26332,90,0,58,732,9
120,673,-2576,51,1303,87,-603,82,-19,96,3,64,-6,41,257285,0,26328,68,0,58,728,7
120,723,-2577,51,1304,05,-604,14,-19,96,3,63,-6,42,257241,1,26324,46,0,58,724,5
120,773,-2578,51,1304,24,-604,46,-19,96,3,63,-6,42,257195,8,26320,25,0,58,720,2
120,823,-2579,51,1304,42,-604,78,-19,96,3,63,-6,43,257149,1,26316,03,0,58,716,0
120,873,-2580,51,1304,60,-605,10,-19,97,3,63,-6,43,257099,9,26311,81,0,57,711,8
120,923,-2581,51,1304,78,-605,43,-19,97,3,63,-6,43,257049,7,26307,60,0,57,707,6
120,973,-2582,50,1304,96,-605,75,-19,97,3,62,-6,44,256997,5,26303,39,0,56,703,4
121,023,-2583,50,1305,14,-606,07,-19,98,3,62,-6,44,256944,8,26299,17,0,55,699,2
121,073,-2584,50,1305,32,-606,39,-19,98,3,62,-6,45,256891,9,26294,96,0,55,695,0
121,123,-2585,50,1305,51,-606,71,-19,99,3,62,-6,45,256842,5,26290,75,0,54,690,8
121,173,-2586,50,1305,69,-607,04,-19,99,3,62,-6,45,256798,1,26286,54,0,54,686,5
121,223,-2587,50,1305,87,-607,36,-19,98,3,61,-6,46,256757,5,26282,33,0,54,682,3
121,273,-2588,50,1306,05,-607,68,-19,97,3,61,-6,46,256721,9,26278,12,0,55,678,1
121,323,-2589,49,1306,23,-608,01,-19,97,3,61,-6,47,256687,9,26273,91,0,56,673,9
121,373,-2590,49,1306,41,-608,33,-19,96,3,61,-6,47,256653,3,26269,71,0,56,669,7
121,423,-2591,49,1306,59,-608,65,-19,96,3,61,-6,48,256618,2,26265,50,0,57,665,5
121,473,-2592,49,1306,77,-608,98,-19,95,3,60,-6,48,256581,1,26261,29,0,57,661,3
121,523,-2593,49,1306,95,-609,30,-19,95,3,60,-6,48,256542,0,26257,09,0,58,657,1
121,573,-2594,48,1307,13,-609,63,-19,94,3,60,-6,49,256501,5,26252,88,0,58,652,9
121,623,-2595,48,1307,31,-609,95,-19,94,3,60,-6,49,256458,9,26248,68,0,58,648,7
121,673,-2596,48,1307,49,-610,28,-19,93,3,60,-6,50,256415,5,26244,47,0,58,644,5
121,723,-2597,47,1307,67,-610,60,-19,93,3,59,-6,50,256370,6,26240,27,0,58,640,3
121,773,-2598,47,1307,85,-610,93,-19,92,3,59,-6,50,256324,1,26236,07,0,58,636,1
121,823,-2599,46,1308,03,-611,25,-19,92,3,59,-6,51,256276,5,26231,86,0,58,631,9
121,873,-2600,46,1308,21,-611,58,-19,92,3,59,-6,51,256226,8,26227,66,0,58,627,7
121,923,-2601,46,1308,39,-611,90,-19,91,3,59,-6,52,256174,9,26223,46,0,57,623,5
121,973,-2602,45,1308,57,-612,23,-19,90,3,58,-6,52,256121,8,26219,26,0,56,619,3
122,023,-2603,45,1308,74,-612,55,-19,90,3,58,-6,53,256066,9,26215,07,0,56,615,1
122,073,-2604,44,1308,92,-612,88,-19,89,3,58,-6,53,256011,9,26210,87,0,55,610,9
122,123,-2605,44,1309,10,-613,21,-19,89,3,58,-6,53,255957,7,26206,67,0,55,606,7
122,173,-2606,43,1309,28,-613,53,-19,88,3,57,-6,54,255907,7,26202,47,0,54,602,5
122,223,-2607,42,1309,46,-613,86,-19,88,3,57,-6,54,255866,7,26198,28,0,54,598,3
122,272,-2608,42,1309,64,-614,19,-19,89,3,57,-6,55,255833,8,26194,09,0,55,594,1
122,322,-2609,41,1309,82,-614,52,-19,89,3,57,-6,55,255802,9,26189,89,0,56,589,9
122,372,-2610,41,1309,99,-614,84,-19,89,3,57,-6,55,255772,2,26185,70,0,56,585,7
122,422,-2611,40,1310,17,-615,17,-19,90,3,56,-6,56,255740,7,26181,51,0,57,581,5
122,472,-2612,39,1310,35,-615,50,-19,90,3,56,-6,56,255706,9,26177,31,0,58,577,3
122,522,-2613,39,1310,53,-615,83,-19,90,3,56,-6,57,255671,9,26173,12,0,58,573,1
122,572,-2614,39,1310,71,-616,16,-19,91,3,56,-6,57,255634,2,26168,93,0,58,568,9
122,622,-2615,38,1310,89,-616,48,-19,91,3,56,-6,58,255595,5,26164,74,0,58,564,7
122,672,-2616,38,1311,06,-616,81,-19,91,3,55,-6,58,255554,5,26160,55,0,58,560,6
122,722,-2617,38,1311,24,-617,14,-19,91,3,55,-6,58,255512,6,26156,36,0,58,556,4
122,772,-2618,37,1311,42,-617,47,-19,91,3,55,-6,59,255469,2,26152,17,0,58,552,2
122,822,-2619,37,1311,60,-617,80,-19,92,3,55,-6,59,255425,0,26147,98,0,58,548,0
122,872,-2620,36,1311,77,-618,13,-19,92,3,54,-6,60,255378,8,26143,80,0,58,543,8
122,922,-2621,36,1311,95,-618,46,-19,92,3,54,-6,60,255331,2,26139,61,0,57,539,6
122,972,-2622,36,1312,13,-618,79,-19,92,3,54,-6,61,255282,0,26135,43,0,57,535,4
123,022,-2623,35,1312,30,-619,12,-19,93,3,54,-6,61,255231,4,26131,24,0,56,531,2
123,072,-2624,35,1312,48,-619,45,-19,93,3,54,-6,61,255180,8,26127,06,0,56,527,1
123,122,-2625,34,1312,66,-619,78,-19,94,3,53,-6,62,255130,8,26122,88,0,55,522,9
123,172,-2626,34,1312,83,-620,11,-19,94,3,53,-6,62,255084,0,26118,69,0,55,518,7
123,222,-2627,34,1313,01,-620,44,-19,94,3,53,-6,63,255041,5,26114,51,0,55,514,5
123,272,-2628,33,1313,19,-620,78,-19,93,3,53,-6,63,255003,1,26110,33,0,55,510,3
123,322,-2629,33,1313,36,-621,11,-19,93,3,53,-6,63,254967,4,26106,15,0,56,506,1
123,372,-2630,32,1313,54,-621,44,-19,92,3,52,-6,64,254932,8,26101,97,0,56,502,0
123,422,-2631,32,1313,72,-621,77,-19,91,3,52,-6,64,254897,7,26097,79,0,57,497,8
123,472,-2632,32,1313,89,-622,10,-19,91,3,52,-6,65,254861,0,26093,61,0,58,493,6
123,522,-2633,31,1314,07,-622,44,-19,90,3,52,-6,65,254822,9,26089,43,0,58,489,4
123,572,-2634,31,1314,24,-622,77,-19,90,3,51,-6,66,254783,4,26085,26,0,58,485,3
123,622,-2635,30,1314,42,-623,10,-19,90,3,51,-6,66,254741,9,26081,08,0,58,481,1
123,672,-2636,30,1314,59,-623,43,-19,89,3,51,-6,66,254699,5,26076,90,0,59,476,9
123,722,-2637,29,1314,77,-623,77,-19,89,3,51,-6,67,254655,6,26072,73,0,58,472,7
123,772,-2638,28,1314,95,-624,10,-19,88,3,51,-6,67,254610,3,26068,55,0,58,468,6
123,822,-2639,28,1315,12,-624,44,-19,88,3,50,-6,68,254563,8,26064,38,0,58,464,4
123,872,-2640,27,1315,30,-624,77,-19,87,3,50,-6,68,254515,8,26060,21,0,58,460,2
123,922,-2641,27,1315,47,-625,10,-19,87,3,50,-6,69,254465,6,26056,04,0,58,456,0
123,972,-2642,26,1315,65,-625,44,-19,86,3,50,-6,69,254414,3,26051,87,0,57,451,9
124,022,-2643,25,1315,82,-625,77,-19,86,3,49,-6,69,254361,8,26047,70,0,56,447,7
124,071,-2644,25,1315,99,-626,11,-19,85,3,49,-6,70,254308,1,26043,53,0,56,443,5
124,121,-2645,24,1316,17,-626,44,-19,85,3,49,-6,70,254255,8,26039,36,0,55,439,4
124,171,-2646,23,1316,34,-626,78,-19,84,3,49,-6,71,254205,4,26035,19,0,55,435,2
124,221,-2647,22,1316,52,-627,11,-19,84,3,49,-6,71,254163,4,26031,02,0,55,431,0
124,271,-2648,21,1316,69,-627,45,-19,84,3,48,-6,71,254128,6,26026,86,0,55,426,9
124,321,-2649,20,1316,87,-627,78,-19,85,3,48,-6,72,254096,9,26022,69,0,56,422,7
124,371,-2650,20,1317,04,-628,12,-19,85,3,48,-6,72,254064,9,26018,52,0,57,418,5
124,421,-2651,19,1317,22,-628,46,-19,85,3,48,-6,73,254032,2,26014,36,0,57,414,4
124,471,-2652,18,1317,39,-628,79,-19,86,3,47,-6,73,253997,8,26010,19,0,58,410,2
124,521,-2653,18,1317,56,-629,13,-19,86,3,47,-6,74,253961,7,26006,03,0,58,406,0
124,571,-2654,17,1317,74,-629,47,-19,86,3,47,-6,74,253924,4,26001,87,0,58,401,9
124,621,-2655,16,1317,91,-629,80,-19,86,3,47,-6,74,253885,1,25997,71,0,58,397,7
124,671,-2656,16,1318,08,-630,14,-19,87,3,47,-6,75,253844,7,25993,54,0,58,393,5
124,721,-2657,15,1318,26,-630,48,-19,87,3,46,-6,75,253802,6,25989,38,0,58,389,4
124,771,-2658,15,1318,43,-630,82,-19,87,3,46,-6,76,253759,8,25985,22,0,58,385,2
124,821,-2659,14,1318,60,-631,15,-19,87,3,46,-6,76,253716,0,25981,06,0,58,381,1
124,871,-2660,13,1318,78,-631,49,-19,87,3,46,-6,77,253670,2,25976,90,0,58,376,9
124,921,-2661,13,1318,95,-631,83,-19,88,3,45,-6,77,253623,5,25972,74,0,57,372,7
124,971,-2662,12,1319,12,-632,17,-19,88,3,45,-6,77,253575,5,25968,59,0,57,368,6
125,021,-2663,11,1319,29,-632,51,-19,88,3,45,-6,78,253527,0,25964,43,0,56,364,4
125,071,-2664,11,1319,46,-632,85,-19,89,3,45,-6,78,253478,0,25960,27,0,56,360,3
125,121,-2665,10,1319,64,-633,19,-19,89,3,44,-6,79,253431,1,25956,12,0,55,356,1
125,171,-2666,09,1319,81,-633,53,-19,90,3,44,-6,79,253388,1,25951,96,0,55,352,0
125,221,-2667,09,1319,98,-633,87,-19,89,3,44,-6,80,253347,4,25947,81,0,56,347,8
125,271,-2668,08,1320,15,-634,21,-19,88,3,44,-6,80,253310,5,25943,66,0,56,343,7
125,321,-2669,08,1320,33,-634,55,-19,88,3,44,-6,80,253275,3,25939,51,0,57,339,5
125,371,-2670,07,1320,50,-634,89,-19,87,3,43,-6,81,253239,5,25935,35,0,57,335,4
125,421,-2671,06,1320,67,-635,23,-19,87,3,43,-6,81,253202,9,25931,20,0,58,331,2
125,471,-2672,06,1320,84,-635,57,-19,86,3,43,-6,82,253165,3,25927,05,0,58,327,1
125,521,-2673,05,1321,01,-635,91,-19,86,3,43,-6,82,253125,8,25922,90,0,58,322,9
125,571,-2674,04,1321,18,-636,25,-19,85,3,42,-6,83,253085,4,25918,75,0,58,318,8
125,621,-2675,04,1321,35,-636,59,-19,85,3,42,-6,83,253043,5,25914,60,0,59,314,6
125,671,-2676,03,1321,52,-636,93,-19,84,3,42,-6,83,253000,3,25910,46,0,59,310,5
125,721,-2677,02,1321,70,-637,27,-19,84,3,42,-6,84,252956,0,25906,31,0,59,306,3
125,771,-2678,01,1321,87,-637,62,-19,84,3,42,-6,84,252910,7,25902,16,0,58,302,2
125,821,-2679,00,1322,04,-637,96,-19,83,3,41,-6,85,252863,7,25898,02,0,58,298,0
125,871,-2679,99,1322,21,-638,30,-19,83,3,41,-6,85,252815,1,25893,87,0,58,293,9
125,920,-2680,98,1322,38,-638,64,-19,82,3,41,-6,85,252764,9,25889,73,0,57,289,7
125,970,-2681,98,1322,55,-638,99,-19,82,3,41,-6,86,252714,1,25885,58,0,57,285,6
126,020,-2682,97,1322,72,-639,33,-19,81,3,40,-6,86,252662,1,25881,44,0,56,281,4
126,070,-2683,96,1322,89,-639,67,-19,80,3,40,-6,87,252611,5,25877,30,0,56,277,3
126,120,-2684,95,1323,06,-640,02,-19,80,3,40,-6,87,252562,9,25873,16,0,56,273,2
126,170,-2685,94,1323,23,-640,36,-19,80,3,40,-6,88,252522,3,25869,02,0,56,269,0
126,220,-2686,93,1323,40,-640,70,-19,80,3,39,-6,88,252487,4,25864,88,0,56,264,9
126,270,-2687,92,1323,57,-641,05,-19,81,3,39,-6,88,252454,8,25860,74,0,57,260,7
126,320,-2688,91,1323,74,-641,39,-19,81,3,39,-6,89,252422,1,25856,60,0,57,256,6
126,370,-2689,90,1323,91,-641,74,-19,81,3,39,-6,89,252388,1,25852,46,0,58,252,5
126,420,-2690,89,1324,08,-642,08,-19,82,3,38,-6,90,252353,0,25848,32,0,58,248,3
126,470,-2691,88,1324,25,-642,43,-19,82,3,38,-6,90,252316,8,25844,19,0,58,244,2
126,520,-2692,88,1324,42,-642,77,-19,82,3,38,-6,91,252278,4,25840,05,0,58,240,1
126,570,-2693,87,1324,58,-643,12,-19,82,3,38,-6,91,252239,0,25835,92,0,58,235,9
126,620,-2694,86,1324,75,-643,46,-19,82,3,37,-6,91,252198,5,25831,78,0,58,231,8
126,670,-2695,85,1324,92,-643,81,-19,83,3,37,-6,92,252157,0,25827,65,0,58,227,6
126,720,-2696,84,1325,09,-644,15,-19,83,3,37,-6,92,252114,1,25823,51,0,58,223,5
126,770,-2697,83,1325,26,-644,50,-19,83,3,37,-6,93,252070,3,25819,38,0,58,219,4
126,820,-2698,82,1325,43,-644,85,-19,83,3,37,-6,93,252025,6,25815,25,0,58,215,2
126,870,-2699,81,1325,60,-645,19,-19,83,3,36,-6,94,251978,9,25811,12,0,57,211,1
126,920,-2700,81,1325,76,-645,54,-19,84,3,36,-6,94,251931,9,25806,99,0,57,207,0
126,970,-2701,80,1325,93,-645,89,-19,84,3,36,-6,94,251884,8,25802,86,0,56,202,9
127,020,-2702,79,1326,10,-646,24,-19,84,3,36,-6,95,251838,0,25798,73,0,56,198,7
127,070,-2703,78,1326,27,-646,58,-19,85,3,35,-6,95,251794,3,25794,60,0,56,194,6
127,120,-2704,77,1326,43,-646,93,-19,85,3,35,-6,96,251753,7,25790,47,0,56,190,5
127,170,-2705,76,1326,60,-647,28,-19,84,3,35,-6,96,251715,2,25786,35,0,56,186,3
127,220,-2706,75,1326,77,-647,63,-19,83,3,35,-6,97,251679,0,25782,22,0,57,182,2
127,270,-2707,75,1326,94,-647,98,-19,83,3,34,-6,97,251642,7,25778,09,0,57,178,1
127,320,-2708,74,1327,10,-648,32,-19,82,3,34,-6,97,251606,1,25773,97,0,58,174,0
127,370,-2709,73,1327,27,-648,67,-19,82,3,34,-6,98,251568,0,25769,84,0,58,169,8
127,420,-2710,72,1327,44,-649,02,-19,81,3,34,-6,98,251529,0,25765,72,0,58,165,7
127,470,-2711,71,1327,61,-649,37,-19,81,3,33,-6,99,251488,5,25761,60,0,58,161,6
127,520,-2712,70,1327,77,-649,72,-19,81,3,33,-6,99,251446,8,25757,47,0,59,157,5
127,570,-2713,69,1327,94,-650,07,-19,80,3,33,-7,00,251404,1,25753,35,0,59,153,4
127,620,-2714,68,1328,10,-650,42,-19,80,3,33,-7,00,251360,8,25749,23,0,58,149,2
127,670,-2715,67,1328,27,-650,77,-19,79,3,32,-7,00,251316,1,25745,11,0,58,145,1
127,719,-2716,66,1328,44,-651,12,-19,79,3,32,-7,01,251270,3,25740,99,0,58,141,0
127,769,-2717,65,1328,60,-651,47,-19,78,3,32,-7,01,251222,8,25736,87,0,58,136,9
127,819,-2718,64,1328,77,-651,82,-19,78,3,32,-7,02,251173,7,25732,75,0,57,132,8
127,869,-2719,63,1328,93,-652,17,-19,77,3,32,-7,02,251124,5,25728,64,0,57,128,6
127,919,-2720,62,1329,10,-652,52,-19,77,3,31,-7,03,251074,6,25724,52,0,57,124,5
127,969,-2721,60,1329,27,-652,88,-19,76,3,31,-7,03,251025,6,25720,40,0,56,120,4
128,019,-2722,59,1329,43,-653,23,-19,76,3,31,-7,03,250979,7,25716,29,0,56,116,3
128,069,-2723,58,1329,60,-653,58,-19,76,3,30,-7,04,250942,2,25712,17,0,56,112,2
128,119,-2724,57,1329,76,-653,93,-19,76,3,30,-7,04,250908,1,25708,06,0,57,108,1
128,169,-2725,56,1329,93,-654,28,-19,77,3,30,-7,05,250874,8,25703,95,0,57,103,9
128,220,-2726,55,1330,09,-654,64,-19,77,3,30,-7,05,250841,3,25699,84,0,58,99,8
128,270,-2727,54,1330,26,-654,99,-19,77,3,30,-7,06,250807,1,25695,72,0,58,95,7
128,320,-2728,53,1330,42,-655,34,-19,78,3,29,-7,06,250770,8,25691,61,0,58,91,6
128,370,-2729,51,1330,59,-655,69,-19,78,3,29,-7,06,250733,9,25687,50,0,58,87,5
128,420,-2730,50,1330,75,-656,05,-19,78,3,29,-7,07,250694,9,25683,39,0,59,83,4
128,470,-2731,49,1330,92,-656,40,-19,78,3,29,-7,07,250655,3,25679,28,0,59,79,3
128,520,-2732,48,1331,08,-656,75,-19,78,3,28,-7,08,250614,7,25675,17,0,59,75,2
128,570,-2733,47,1331,24,-657,11,-19,79,3,28,-7,08,250572,7,25671,06,0,58,71,1
128,620,-2734,46,1331,41,-657,46,-19,79,3,28,-7,09,250529,9,25666,96,0,58,67,0
128,670,-2735,45,1331,57,-657,82,-19,79,3,28,-7,09,250486,1,25662,85,0,58,62,8
128,720,-2736,44,1331,73,-658,17,-19,79,3,27,-7,09,250441,4,25658,74,0,58,58,7
128,770,-2737,42,1331,90,-658,53,-19,79,3,27,-7,10,250395,3,25654,64,0,57,54,6
128,820,-2738,41,1332,06,-658,88,-19,80,3,27,-7,10,250349,3,25650,53,0,57,50,5
128,870,-2739,40,1332,22,-659,24,-19,80,3,27,-7,11,250303,9,25646,43,0,57,46,4
128,920,-2740,39,1332,39,-659,59,-19,81,3,26,-7,11,250260,1,25642,33,0,56,42,3
128,970,-2741,39,1332,55,-659,95,-19,80,3,26,-7,12,250219,2,25638,22,0,56,38,2
129,020,-2742,38,1332,71,-660,30,-19,80,3,26,-7,12,250180,2,25634,12,0,57,34,1
129,070,-2743,36,1332,88,-660,66,-19,79,3,26,-7,12,250142,9,25630,02,0,57,30,0
129,120,-2744,35,1333,04,-661,02,-19,79,3,25,-7,13,250106,2,25625,92,0,57,25,9
129,170,-2745,34,1333,20,-661,37,-19,78,3,25,-7,13,250069,1,25621,82,0,58,21,8
129,221,-2746,33,1333,36,-661,73,-19,78,3,25,-7,14,250031,0,25617,72,0,58,17,7
129,271,-2747,32,1333,53,-662,09,-19,77,3,25,-7,14,249991,5,25613,62,0,58,13,6
129,321,-2748,31,1333,69,-662,44,-19,77,3,24,-7,15,249951,2,25609,53,0,58,9,5
129,371,-2749,30,1333,85,-662,80,-19,76,3,24,-7,15,249909,9,25605,43,0,58,5,4
129,421,-2750,29,1334,01,-663,16,-19,76,3,24,-7,15,249867,7,25601,33,0,58,1,3
129,471,-2751,27,1334,17,-663,52,-19,76,2,94,-7,16,0,0,25600,00,0,58,0,0
129,521,-2752,26,1334,31,-663,87,-19,76,2,45,-7,16,0,0,25600,00,0,58,0,0
129,571,-2753,25,1334,42,-664,23,-19,76,1,96,-7,15,0,0,25600,00,0,58,0,0
129,621,-2754,24,1334,50,-664,59,-19,76,1,47,-7,15,0,0,25600,00,0,58,0,0
129,671,-2755,23,1334,56,-664,95,-19,75,0,98,-7,15,0,0,25600,00,0,58,0,0
129,721,-2756,22,1334,60,-665,30,-19,75,0,49,-7,15,0,0,25600,00,0,58,0,0
129,771,-2757,21,1334,61,-665,66,-19,75,0,00,-7,15,0,0,25600,00,0,58,0,0
129,821,-2758,20,1334,60,-666,02,-19,75,-0,49,-7,15,0,0,25600,00,0,58,0,0
129,871,-2759,18,1334,56,-666,38,-19,75,-0,98,-7,15,0,0,25600,00,0,58,0,0
129,921,-2760,17,1334,50,-666,74,-19,75,-1,47,-7,15,0,0,25600,00,0,58,0,0
129,971,-2761,16,1334,42,-667,09,-19,75,-1,96,-7,15,0,0,25600,00,0,58,0,0
130,021,-2762,14,1334,31,-667,45,-19,75,-2,45,-7,15,0,0,25600,00,0,58,0,0
130,071,-2763,13,1334,17,-667,81,-19,75,-2,94,-7,15,0,0,25600,00,0,58,0,0
130,121,-2764,11,1334,01,-668,17,-19,74,-3,43,-7,15,0,0,25600,00,0,58,0,0
130,171,-2765,10,1333,83,-668,52,-19,74,-3,92,-7,15,0,0,25600,00,0,58,0,0
130,222,-2766,09,1333,62,-668,88,-19,74,-4,41,-7,15,0,0,25600,00,0,58,0,0
130,272,-2767,07,1333,39,-669,24,-19,74,-4,90,-7,15,0,0,25600,00,0,58,0,0
130,322,-2768,06,1333,13,-669,60,-19,74,-5,39,-7,15,0,0,25600,00,0,58,0,0
130,372,-2769,05,1332,85,-669,95,-19,74,-5,88,-7,15,0,0,25600,00,0,58,0,0
130,422,-2770,03,1332,54,-670,31,-19,74,-6,37,-7,15,0,0,25600,00,0,58,0,0
130,472,-2771,02,1332,21,-670,67,-19,74,-6,86,-7,15,0,0,25600,00,0,58,0,0
130,522,-2772,01,1331,86,-671,02,-19,74,-7,35,-7,14,0,0,25600,00,0,57,0,0
130,572,-2772,99,1331,48,-671,38,-19,73,-7,83,-7,14,0,0,25600,00,0,57,0,0
130,622,-2773,98,1331,07,-671,74,-19,73,-8,32,-7,14,0,0,25600,00,0,57,0,0
130,672,-2774,96,1330,64,-672,10,-19,73,-8,81,-7,14,0,0,25600,00,0,57,0,0
130,722,-2775,95,1330,19,-672,45,-19,73,-9,30,-7,14,0,0,25600,00,0,57,0,0
130,772,-2776,94,1329,71,-672,81,-19,73,-9,79,-7,14,0,0,25600,00,0,57,0,0
130,822,-2777,92,1329,21,-673,17,-19,73,-10,28,-7,14,0,0,25600,00,0,57,0,0
130,872,-2778,91,1328,69,-673,52,-19,73,-10,77,-7,14,0,0,25600,00,0,57,0,0
130,922,-2779,90,1328,14,-673,88,-19,73,-11,26,-7,14,0,0,25600,00,0,57,0,0
130,972,-2780,88,1327,56,-674,24,-19,72,-11,75,-7,14,0,0,25600,00,0,57,0,0
131,022,-2781,87,1326,96,-674,60,-19,72,-12,23,-7,14,0,0,25600,00,0,57,0,0
131,072,-2782,85,1326,34,-674,95,-19,72,-12,72,-7,14,0,0,25600,00,0,57,0,0
131,122,-2783,84,1325,69,-675,31,-19,72,-13,21,-7,14,0,0,25600,00,0,57,0,0
131,172,-2784,83,1325,02,-675,67,-19,72,-13,70,-7,14,0,0,25600,00,0,57,0,0
131,222,-2785,81,1324,32,-676,02,-19,72,-14,19,-7,14,0,0,25600,00,0,57,0,0
131,273,-2786,80,1323,60,-676,38,-19,71,-14,68,-7,14,0,0,25600,00,0,57,0,0
131,323,-2787,79,1322,85,-676,74,-19,71,-15,16,-7,13,0,0,25600,00,0,57,0,0
131,373,-2788,77,1322,08,-677,09,-19,71,-15,65,-7,13,0,0,25600,00,0,57,0,0
131,423,-2789,76,1321,29,-677,45,-19,71,-16,14,-7,13,0,0,25600,00,0,57,0,0
131,473,-2790,75,1320,47,-677,81,-19,71,-16,63,-7,13,0,0,25600,00,0,57,0,0
131,523,-2791,73,1319,63,-678,16,-19,71,-17,11,-7,13,0,0,25600,00,0,57,0,0
131,573,-2792,72,1318,76,-678,52,-19,70,-17,60,-7,13,0,0,25600,00,0,57,0,0
131,623,-2793,70,1317,87,-678,88,-19,70,-18,09,-7,13,0,0,25600,00,0,57,0,0
131,673,-2794,69,1316,95,-679,23,-19,70,-18,58,-7,13,0,0,25600,00,0,57,0,0
131,723,-2795,67,1316,01,-679,59,-19,70,-19,06,-7,13,0,0,25600,00,0,57,0,0
131,773,-2796,66,1315,04,-679,95,-19,70,-19,55,-7,13,0,0,25600,00,0,57,0,0
131,823,-2797,64,1314,05,-680,30,-19,69,-20,04,-7,13,0,0,25600,00,0,57,0,0
131,873,-2798,62,1313,04,-680,66,-19,69,-20,52,-7,12,0,0,25600,00,0,57,0,0
131,923,-2799,61,1312,00,-681,01,-19,69,-21,01,-7,12,0,0,25600,00,0,57,0,0
131,973,-2800,59,1310,94,-681,37,-19,69,-21,50,-7,12,0,0,25600,00,0,57,0,0
132,023,-2801,58,1309,85,-681,73,-19,69,-21,98,-7,12,0,0,25600,00,0,57,0,0
132,073,-2802,56,1308,74,-682,08,-19,68,-22,47,-7,12,0,0,25600,00,0,57,0,0
132,123,-2803,54,1307,60,-682,44,-19,68,-22,95,-7,12,0,0,25600,00,0,57,0,0
132,173,-2804,53,1306,44,-682,79,-19,68,-23,44,-7,12,0,0,25600,00,0,57,0,0
132,223,-2805,51,1305,26,-683,15,-19,68,-23,93,-7,12,0,0,25600,00,0,57,0,0
132,274,-2806,50,1304,05,-683,51,-19,68,-24,41,-7,12,0,0,25600,00,0,57,0,0
132,324,-2807,48,1302,82,-683,86,-19,67,-24,90,-7,12,0,0,25600,00,0,57,0,0
132,374,-2808,46,1301,56,-684,22,-19,67,-25,38,-7,11,0,0,25600,00,0,57,0,0
132,424,-2809,45,1300,28,-684,57,-19,67,-25,87,-7,11,0,0,25600,00,0,57,0,0
132,474,-2810,43,1298,97,-684,93,-19,67,-26,35,-7,11,0,0,25600,00,0,57,0,0
132,524,-2811,41,1297,64,-685,29,-19,66,-26,83,-7,11,0,0,25600,00,0,57,0,0
132,574,-2812,40,1296,29,-685,64,-19,66,-27,32,-7,11,0,0,25600,00,0,57,0,0
132,624,-2813,38,1294,91,-686,00,-19,66,-27,80,-7,11,0,0,25600,00,0,57,0,0
132,674,-2814,37,1293,51,-686,35,-19,66,-28,29,-7,11,0,0,25600,00,0,57,0,0
132,724,-2815,35,1292,08,-686,71,-19,65,-28,77,-7,11,0,0,25600,00,0,57,0,0
132,774,-2816,33,1290,63,-687,06,-19,65,-29,25,-7,11,0,0,25600,00,0,57,0,0
132,824,-2817,31,1289,16,-687,42,-19,65,-29,74,-7,10,0,0,25600,00,0,57,0,0
132,874,-2818,29,1287,66,-687,77,-19,64,-30,22,-7,10,0,0,25600,00,0,57,0,0
132,924,-2819,28,1286,14,-688,13,-19,64,-30,70,-7,10,0,0,25600,00,0,57,0,0
132,974,-2820,26,1284,59,-688,48,-19,64,-31,18,-7,10,0,0,25600,00,0,57,0,0
133,024,-2821,24,1283,02,-688,84,-19,64,-31,67,-7,10,0,0,25600,00,0,57,0,0
133,074,-2822,22,1281,42,-689,19,-19,63,-32,15,-7,10,0,0,25600,00,0,57,0,0
133,124,-2823,20,1279,80,-689,55,-19,63,-32,63,-7,10,0,0,25600,00,0,57,0,0
133,174,-2824,18,1278,16,-689,90,-19,63,-33,11,-7,10,0,0,25600,00,0,57,0,0
133,224,-2825,16,1276,49,-690,26,-19,62,-33,59,-7,09,0,0,25600,00,0,57,0,0
133,274,-2826,15,1274,80,-690,61,-19,62,-34,07,-7,09,0,0,25600,00,0,57,0,0
133,325,-2827,13,1273,09,-690,97,-19,62,-34,55,-7,09,0,0,25600,00,0,57,0,0
133,375,-2828,11,1271,35,-691,32,-19,62,-35,04,-7,09,0,0,25600,00,0,57,0,0
133,425,-2829,09,1269,58,-691,68,-19,61,-35,52,-7,09,0,0,25600,00,0,57,0,0
133,475,-2830,07,1267,79,-692,03,-19,61,-36,00,-7,09,0,0,25600,00,0,57,0,0
133,525,-2831,05,1265,98,-692,38,-19,61,-36,48,-7,08,0,0,25600,00,0,57,0,0
133,575,-2832,03,1264,15,-692,74,-19,60,-36,96,-7,08,0,0,25600,00,0,57,0,0
133,625,-2833,01,1262,29,-693,09,-19,60,-37,43,-7,08,0,0,25600,00,0,57,0,0
133,675,-2833,99,1260,40,-693,45,-19,60,-37,91,-7,08,0,0,25600,00,0,57,0,0
133,725,-2834,97,1258,50,-693,80,-19,59,-38,39,-7,08,0,0,25600,00,0,57,0,0
133,775,-2835,95,1256,56,-694,15,-19,59,-38,87,-7,08,0,0,25600,00,0,57,0,0
133,825,-2836,93,1254,61,-694,51,-19,59,-39,35,-7,08,0,0,25600,00,0,57,0,0
133,875,-2837,91,1252,63,-694,86,-19,58,-39,83,-7,07,0,0,25600,00,0,57,0,0
133,925,-2838,89,1250,63,-695,22,-19,58,-40,30,-7,07,0,0,25600,00,0,57,0,0
133,975,-2839,86,1248,60,-695,57,-19,58,-40,78,-7,07,0,0,25600,00,0,57,0,0
134,025,-2840,84,1246,55,-695,92,-19,57,-41,26,-7,07,0,0,25600,00,0,57,0,0
134,075,-2841,82,1244,47,-696,28,-19,57,-41,74,-7,07,0,0,25600,00,0,57,0,0
134,125,-2842,80,1242,37,-696,63,-19,56,-42,21,-7,07,0,0,25600,00,0,57,0,0
134,175,-2843,78,1240,25,-696,98,-19,56,-42,69,-7,06,0,0,25600,00,0,57,0,0
134,225,-2844,76,1238,11,-697,34,-19,56,-43,16,-7,06,0,0,25600,00,0,57,0,0
134,275,-2845,74,1235,93,-697,69,-19,55,-43,64,-7,06,0,0,25600,00,0,57,0,0
134,326,-2846,71,1233,74,-698,04,-19,55,-44,11,-7,06,0,0,25600,00,0,57,0,0
134,376,-2847,69,1231,52,-698,39,-19,55,-44,59,-7,06,0,0,25600,00,0,57,0,0
134,426,-2848,67,1229,28,-698,75,-19,54,-45,06,-7,06,0,0,25600,00,0,57,0,0
134,476,-2849,64,1227,02,-699,10,-19,54,-45,54,-7,05,0,0,25600,00,0,57,0,0
134,526,-2850,62,1224,73,-699,45,-19,53,-46,01,-7,05,0,0,25600,00,0,57,0,0
134,576,-2851,60,1222,42,-699,81,-19,53,-46,49,-7,05,0,0,25600,00,0,57,0,0
134,626,-2852,57,1220,08,-700,16,-19,53,-46,96,-7,05,0,0,25600,00,0,57,0,0
134,676,-2853,55,1217,72,-700,51,-19,52,-47,43,-7,05,0,0,25600,00,0,57,0,0
134,726,-2854,53,1215,34,-700,86,-19,52,-47,90,-7,04,0,0,25600,00,0,57,0,0
134,776,-2855,50,1212,93,-701,21,-19,51,-48,38,-7,04,0,0,25600,00,0,57,0,0
134,826,-2856,48,1210,50,-701,57,-19,51,-48,85,-7,04,0,0,25600,00,0,57,0,0
134,876,-2857,45,1208,04,-701,92,-19,50,-49,32,-7,04,0,0,25600,00,0,57,0,0
134,926,-2858,43,1205,57,-702,27,-19,50,-49,79,-7,04,0,0,25600,00,0,57,0,0
134,976,-2859,40,1203,07,-702,62,-19,50,-50,26,-7,03,0,0,25600,00,0,57,0,0
135,026,-2860,38,1200,54,-702,97,-19,49,-50,73,-7,03,0,0,25600,00,0,57,0,0
135,076,-2861,35,1197,99,-703,33,-19,49,-51,20,-7,03,0,0,25600,00,0,57,0,0
135,126,-2862,32,1195,42,-703,68,-19,48,-51,67,-7,03,0,0,25600,00,0,57,0,0
135,176,-2863,30,1192,83,-704,03,-19,48,-52,14,-7,03,0,0,25600,00,0,57,0,0
135,226,-2864,27,1190,21,-704,38,-19,47,-52,61,-7,02,0,0,25600,00,0,57,0,0
135,276,-2865,25,1187,56,-704,73,-19,47,-53,08,-7,02,0,0,25600,00,0,57,0,0
135,326,-2866,22,1184,90,-705,08,-19,46,-53,55,-7,02,0,0,25600,00,0,58,0,0
135,377,-2867,20,1182,21,-705,43,-19,46,-54,02,-7,02,0,0,25600,00,0,58,0,0
135,427,-2868,17,1179,50,-705,78,-19,46,-54,48,-7,02,0,0,25600,00,0,58,0,0
135,477,-2869,14,1176,76,-706,13,-19,45,-54,95,-7,01,0,0,25600,00,0,58,0,0
135,527,-2870,11,1174,00,-706,48,-19,45,-55,42,-7,01,0,0,25600,00,0,58,0,0
135,577,-2871,08,1171,22,-706,84,-19,44,-55,88,-7,01,0,0,25600,00,0,58,0,0
135,627,-2872,05,1168,41,-707,19,-19,44,-56,35,-7,01,0,0,25600,00,0,58,0,0
135,677,-2873,03,1165,58,-707,54,-19,43,-56,81,-7,00,0,0,25600,00,0,58,0,0
135,727,-2874,00,1162,73,-707,89,-19,43,-57,28,-7,00,0,0,25600,00,0,58,0,0
135,777,-2874,97,1159,86,-708,24,-19,42,-57,74,-7,00,0,0,25600,00,0,58,0,0
135,827,-2875,94,1156,96,-708,59,-19,42,-58,21,-7,00,0,0,25600,00,0,58,0,0
135,877,-2876,91,1154,04,-708,94,-19,41,-58,67,-7,00,0,0,25600,00,0,58,0,0
135,927,-2877,88,1151,09,-709,29,-19,41,-59,14,-6,99,0,0,25600,00,0,58,0,0
135,977,-2878,85,1148,12,-709,64,-19,40,-59,60,-6,99,0,0,25600,00,0,58,0,0
136,027,-2879,82,1145,13,-709,98,-19,40,-60,06,-6,99,0,0,25600,00,0,58,0,0
136,077,-2880,79,1142,12,-710,33,-19,39,-60,52,-6,99,0,0,25600,00,0,58,0,0
136,127,-2881,76,1139,08,-710,68,-19,39,-60,99,-6,98,0,0,25600,00,0,58,0,0
136,177,-2882,73,1136,02,-711,03,-19,38,-61,45,-6,98,0,0,25600,00,0,58,0,0
136,227,-2883,70,1132,93,-711,38,-19,38,-61,91,-6,98,0,0,25600,00,0,58,0,0
136,277,-2884,67,1129,83,-711,73,-19,37,-62,37,-6,98,0,0,25600,00,0,58,0,0
136,327,-2885,64,1126,70,-712,08,-19,36,-62,83,-6,97,0,0,25600,00,0,58,0,0
136,378,-2886,61,1123,54,-712,43,-19,36,-63,29,-6,97,0,0,25600,00,0,58,0,0
136,428,-2887,57,1120,37,-712,78,-19,35,-63,75,-6,97,0,0,25600,00,0,58,0,0
136,478,-2888,54,1117,17,-713,12,-19,35,-64,20,-6,97,0,0,25600,00,0,58,0,0
136,528,-2889,51,1113,95,-713,47,-19,34,-64,66,-6,96,0,0,25600,00,0,58,0,0
136,578,-2890,47,1110,70,-713,82,-19,34,-65,12,-6,96,0,0,25600,00,0,58,0,0
136,628,-2891,44,1107,44,-714,17,-19,33,-65,58,-6,96,0,0,25600,00,0,58,0,0
136,678,-2892,41,1104,15,-714,52,-19,33,-66,03,-6,96,0,0,25600,00,0,58,0,0
136,728,-2893,37,1100,83,-714,86,-19,32,-66,49,-6,95,0,0,25600,00,0,58,0,0
136,778,-2894,34,1097,50,-715,21,-19,31,-66,95,-6,95,0,0,25600,00,0,58,0,0
136,828,-2895,31,1094,14,-715,56,-19,31,-67,40,-6,95,0,0,25600,00,0,58,0,0
136,878,-2896,27,1090,76,-715,91,-19,30,-67,86,-6,95,0,0,25600,00,0,58,0,0
136,928,-2897,24,1087,35,-716,25,-19,30,-68,31,-6,94,0,0,25600,00,0,58,0,0
136,978,-2898,20,1083,92,-716,60,-19,29,-68,77,-6,94,0,0,25600,00,0,59,0,0
137,028,-2899,16,1080,48,-716,95,-19,29,-69,22,-6,94,0,0,25600,00,0,59,0,0
137,078,-2900,13,1077,00,-717,29,-19,28,-69,67,-6,93,0,0,25600,00,0,59,0,0
137,128,-2901,09,1073,51,-717,64,-19,27,-70,12,-6,93,0,0,25600,00,0,59,0,0
137,178,-2902,06,1069,99,-717,99,-19,27,-70,58,-6,93,0,0,25600,00,0,59,0,0
137,228,-2903,02,1066,45,-718,33,-19,26,-71,03,-6,93,0,0,25600,00,0,59,0,0
137,278,-2903,98,1062,89,-718,68,-19,26,-71,48,-6,92,0,0,25600,00,0,59,0,0
137,328,-2904,94,1059,30,-719,03,-19,25,-71,93,-6,92,0,0,25600,00,0,59,0,0
137,378,-2905,91,1055,69,-719,37,-19,24,-72,38,-6,92,0,0,25600,00,0,59,0,0
137,429,-2906,87,1052,06,-719,72,-19,24,-72,83,-6,92,0,0,25600,00,0,59,0,0
137,479,-2907,83,1048,41,-720,06,-19,23,-73,28,-6,91,0,0,25600,00,0,59,0,0
137,529,-2908,79,1044,74,-720,41,-19,23,-73,73,-6,91,0,0,25600,00,0,59,0,0
137,579,-2909,75,1041,04,-720,76,-19,22,-74,17,-6,91,0,0,25600,00,0,59,0,0
137,629,-2910,72,1037,32,-721,10,-19,21,-74,62,-6,90,0,0,25600,00,0,59,0,0
137,679,-2911,68,1033,58,-721,45,-19,21,-75,07,-6,90,0,0,25600,00,0,59,0,0
137,729,-2912,64,1029,81,-721,79,-19,20,-75,51,-6,90,0,0,25600,00,0,59,0,0
137,779,-2913,59,1026,03,-722,14,-19,19,-75,96,-6,90,0,0,25600,00,0,59,0,0
137,829,-2914,55,1022,22,-722,48,-19,19,-76,40,-6,89,0,0,25600,00,0,59,0,0
137,879,-2915,51,1018,39,-722,82,-19,18,-76,85,-6,89,0,0,25600,00,0,59,0,0
137,929,-2916,47,1014,53,-723,17,-19,17,-77,29,-6,89,0,0,25600,00,0,59,0,0
137,979,-2917,43,1010,66,-723,51,-19,17,-77,74,-6,88,0,0,25600,00,0,59,0,0
138,029,-2918,39,1006,76,-723,86,-19,16,-78,18,-6,88,0,0,25600,00,0,59,0,0
138,079,-2919,35,1002,84,-724,20,-19,15,-78,62,-6,88,0,0,25600,00,0,59,0,0
138,129,-2920,30,998,90,-724,55,-19,15,-79,06,-6,87,0,0,25600,00,0,59,0,0
138,179,-2921,26,994,93,-724,89,-19,14,-79,51,-6,87,0,0,25600,00,0,59,0,0
138,229,-2922,22,990,94,-725,23,-19,13,-79,95,-6,87,0,0,25600,00,0,60,0,0
138,279,-2923,18,986,94,-725,58,-19,13,-80,39,-6,86,0,0,25600,00,0,60,0,0
138,329,-2924,13,982,91,-725,92,-19,12,-80,83,-6,86,0,0,25600,00,0,60,0,0
138,379,-2925,09,978,85,-726,26,-19,11,-81,27,-6,86,0,0,25600,00,0,60,0,0
138,430,-2926,04,974,78,-726,60,-19,11,-81,70,-6,86,0,0,25600,00,0,60,0,0
138,480,-2927,00,970,68,-726,95,-19,10,-82,14,-6,85,0,0,25600,00,0,60,0,0
138,530,-2927,95,966,57,-727,29,-19,09,-82,58,-6,85,0,0,25600,00,0,60,0,0
138,580,-2928,91,962,43,-727,63,-19,09,-83,02,-6,85,0,0,25600,00,0,60,0,0
138,630,-2929,86,958,26,-727,97,-19,08,-83,45,-6,84,0,0,25600,00,0,60,0,0
138,680,-2930,82,954,08,-728,32,-19,07,-83,89,-6,84,0,0,25600,00,0,60,0,0
138,730,-2931,77,949,88,-728,66,-19,07,-84,32,-6,84,0,0,25600,00,0,60,0,0
138,780,-2932,72,945,65,-729,00,-19,06,-84,76,-6,83,0,0,25600,00,0,60,0,0
138,830,-2933,67,941,40,-729,34,-19,05,-85,19,-6,83,0,0,25600,00,0,60,0,0
138,880,-2934,63,937,13,-729,68,-19,04,-85,62,-6,83,0,0,25600,00,0,60,0,0
138,930,-2935,58,932,84,-730,02,-19,04,-86,06,-6,82,0,0,25600,00,0,60,0,0
138,980,-2936,53,928,52,-730,37,-19,03,-86,49,-6,82,0,0,25600,00,0,60,0,0
139,030,-2937,48,924,19,-730,71,-19,02,-86,92,-6,82,0,0,25600,00,0,60,0,0
139,080,-2938,43,919,83,-731,05,-19,02,-87,35,-6,81,0,0,25600,00,0,60,0,0
139,130,-2939,38,915,45,-731,39,-19,01,-87,78,-6,81,0,0,25600,00,0,60,0,0
139,180,-2940,33,911,05,-731,73,-19,00,-88,21,-6,81,0,0,25600,00,0,60,0,0
139,230,-2941,28,906,63,-732,07,-18,99,-88,64,-6,80,0,0,25600,00,0,60,0,0
139,280,-2942,23,902,19,-732,41,-18,99,-89,07,-6,80,0,0,25600,00,0,60,0,0
139,330,-2943,18,897,72,-732,75,-18,98,-89,50,-6,80,0,0,25600,00,0,60,0,0
139,380,-2944,13,893,24,-733,09,-18,97,-89,92,-6,79,0,0,25600,00,0,60,0,0
139,430,-2945,08,888,73,-733,43,-18,96,-90,35,-6,79,0,0,25600,00,0,61,0,0
139,481,-2946,03,884,20,-733,77,-18,96,-90,78,-6,79,0,0,25600,00,0,61,0,0
139,531,-2946,97,879,66,-734,11,-18,95,-91,20,-6,78,0,0,25600,00,0,61,0,0
139,581,-2947,92,875,08,-734,44,-18,94,-91,63,-6,78,0,0,25600,00,0,61,0,0
139,631,-2948,87,870,49,-734,78,-18,93,-92,05,-6,77,0,0,25600,00,0,61,0,0
139,681,-2949,82,865,88,-735,12,-18,92,-92,47,-6,77,0,0,25600,00,0,61,0,0
139,731,-2950,76,861,25,-735,46,-18,92,-92,90,-6,77,0,0,25600,00,0,61,0,0
139,781,-2951,71,856,59,-735,80,-18,91,-93,32,-6,76,0,0,25600,00,0,61,0,0
139,831,-2952,65,851,91,-736,14,-18,90,-93,74,-6,76,0,0,25600,00,0,61,0,0
139,881,-2953,60,847,22,-736,47,-18,89,-94,16,-6,76,0,0,25600,00,0,61,0,0
139,931,-2954,54,842,50,-736,81,-18,89,-94,58,-6,75,0,0,25600,00,0,61,0,0
139,981,-2955,49,837,76,-737,15,-18,88,-95,00,-6,75,0,0,25600,00,0,61,0,0
140,031,-2956,43,833,00,-737,49,-18,87,-95,42,-6,75,0,0,25600,00,0,61,0,0
140,081,-2957,37,828,22,-737,82,-18,86,-95,84,-6,74,0,0,25600,00,0,61,0,0
140,131,-2958,32,823,41,-738,16,-18,85,-96,25,-6,74,0,0,25600,00,0,61,0,0
140,181,-2959,26,818,59,-738,50,-18,85,-96,67,-6,73,0,0,25600,00,0,61,0,0
140,231,-2960,20,813,75,-738,83,-18,84,-97,09,-6,73,0,0,25600,00,0,61,0,0
140,281,-2961,14,808,88,-739,17,-18,83,-97,50,-6,73,0,0,25600,00,0,61,0,0
140,331,-2962,08,804,00,-739,51,-18,82,-97,92,-6,72,0,0,25600,00,0,61,0,0
140,381,-2963,02,799,09,-739,84,-18,81,-98,33,-6,72,0,0,25600,00,0,61,0,0
140,431,-2963,96,794,16,-740,18,-18,81,-98,74,-6,72,0,0,25600,00,0,61,0,0
140,482,-2964,90,789,22,-740,52,-18,80,-99,16,-6,71,0,0,25600,00,0,61,0,0
140,532,-2965,84,784,25,-740,85,-18,79,-99,57,-6,71,0,0,25600,00,0,62,0,0
140,582,-2966,78,779,26,-741,19,-18,78,-99,98,-6,70,0,0,25600,00,0,62,0,0
140,632,-2967,72,774,25,-741,52,-18,77,-100,39,-6,70,0,0,25600,00,0,62,0,0
140,682,-2968,66,769,22,-741,86,-18,76,-100,80,-6,70,0,0,25600,00,0,62,0,0
140,732,-2969,60,764,17,-742,19,-18,76,-101,21,-6,69,0,0,25600,00,0,62,0,0
140,782,-2970,54,759,10,-742,53,-18,75,-101,62,-6,69,0,0,25600,00,0,62,0,0
140,832,-2971,47,754,01,-742,86,-18,74,-102,02,-6,68,0,0,25600,00,0,62,0,0
140,882,-2972,41,748,90,-743,19,-18,73,-102,43,-6,68,0,0,25600,00,0,62,0,0
140,932,-2973,35,743,77,-743,53,-18,72,-102,84,-6,68,0,0,25600,00,0,62,0,0
140,982,-2974,28,738,61,-743,86,-18,71,-103,24,-6,67,0,0,25600,00,0,62,0,0
141,032,-2975,22,733,44,-744,20,-18,70,-103,65,-6,67,0,0,25600,00,0,62,0,0
141,082,-2976,15,728,25,-744,53,-18,70,-104,05,-6,67,0,0,25600,00,0,62,0,0
141,132,-2977,09,723,04,-744,86,-18,69,-104,46,-6,66,0,0,25600,00,0,62,0,0
141,182,-2978,02,717,80,-745,19,-18,68,-104,86,-6,66,0,0,25600,00,0,62,0,0
141,232,-2978,96,712,55,-745,53,-18,67,-105,26,-6,65,0,0,25600,00,0,62,0,0
141,282,-2979,89,707,28,-745,86,-18,66,-105,66,-6,65,0,0,25600,00,0,62,0,0
141,332,-2980,82,701,98,-746,19,-18,65,-106,06,-6,65,0,0,25600,00,0,62,0,0
141,382,-2981,75,696,67,-746,52,-18,64,-106,46,-6,64,0,0,25600,00,0,62,0,0
141,432,-2982,69,691,34,-746,86,-18,63,-106,86,-6,64,0,0,25600,00,0,62,0,0
141,482,-2983,62,685,99,-747,19,-18,63,-107,26,-6,63,0,0,25600,00,0,62,0,0
141,533,-2984,55,680,61,-747,52,-18,62,-107,66,-6,63,0,0,25600,00,0,62,0,0
141,583,-2985,48,675,22,-747,85,-18,61,-108,05,-6,62,0,0,25600,00,0,62,0,0
141,633,-2986,41,669,81,-748,18,-18,60,-108,45,-6,62,0,0,25600,00,0,63,0,0
141,683,-2987,34,664,37,-748,51,-18,59,-108,85,-6,62,0,0,25600,00,0,63,0,0
141,733,-2988,27,658,92,-748,84,-18,58,-109,24,-6,61,0,0,25600,00,0,63,0,0
141,783,-2989,20,653,45,-749,17,-18,57,-109,64,-6,61,0,0,25600,00,0,63,0,0
141,833,-2990,12,647,96,-749,50,-18,56,-110,03,-6,60,0,0,25600,00,0,63,0,0
141,883,-2991,05,642,45,-749,83,-18,55,-110,42,-6,60,0,0,25600,00,0,63,0,0
141,933,-2991,98,636,92,-750,16,-18,54,-110,81,-6,60,0,0,25600,00,0,63,0,0
141,983,-2992,91,631,37,-750,49,-18,54,-111,20,-6,59,0,0,25600,00,0,63,0,0
142,033,-2993,83,625,80,-750,82,-18,53,-111,59,-6,59,0,0,25600,00,0,63,0,0
142,083,-2994,76,620,21,-751,15,-18,52,-111,98,-6,58,0,0,25600,00,0,63,0,0
142,133,-2995,68,614,60,-751,48,-18,51,-112,37,-6,58,0,0,25600,00,0,63,0,0
142,183,-2996,61,608,97,-751,81,-18,50,-112,76,-6,57,0,0,25600,00,0,63,0,0
142,233,-2997,54,603,32,-752,14,-18,49,-113,15,-6,57,0,0,25600,00,0,63,0,0
142,283,-2998,46,597,66,-752,47,-18,48,-113,53,-6,57,0,0,25600,00,0,63,0,0
142,333,-2999,38,591,97,-752,80,-18,47,-113,92,-6,56,0,0,25600,00,0,63,0,0
142,383,-3000,31,586,26,-753,12,-18,46,-114,30,-6,56,0,0,25600,00,0,63,0,0
142,433,-3001,23,580,54,-753,45,-18,45,-114,69,-6,55,0,0,25600,00,0,63,0,0
142,483,-3002,15,574,80,-753,78,-18,44,-115,07,-6,55,0,0,25600,00,0,63,0,0
142,534,-3003,07,569,03,-754,11,-18,43,-115,45,-6,54,0,0,25600,00,0,63,0,0
142,584,-3003,99,563,25,-754,43,-18,42,-115,83,-6,54,0,0,25600,00,0,63,0,0
142,634,-3004,92,557,45,-754,76,-18,41,-116,22,-6,54,0,0,25600,00,0,63,0,0
142,684,-3005,84,551,63,-755,09,-18,40,-116,60,-6,53,0,0,25600,00,0,64,0,0
142,734,-3006,76,545,79,-755,41,-18,39,-116,97,-6,53,0,0,25600,00,0,64,0,0
142,784,-3007,68,539,93,-755,74,-18,38,-117,35,-6,52,0,0,25600,00,0,64,0,0
142,834,-3008,59,534,05,-756,07,-18,37,-117,73,-6,52,0,0,25600,00,0,64,0,0
142,884,-3009,51,528,16,-756,39,-18,37,-118,11,-6,51,0,0,25600,00,0,64,0,0
142,934,-3010,43,522,24,-756,72,-18,36,-118,48,-6,51,0,0,25600,00,0,64,0,0
142,984,-3011,35,516,31,-757,04,-18,35,-118,86,-6,50,0,0,25600,00,0,64,0,0
143,034,-3012,27,510,36,-757,37,-18,34,-119,23,-6,50,0,0,25600,00,0,64,0,0
143,084,-3013,18,504,39,-757,69,-18,33,-119,61,-6,49,0,0,25600,00,0,64,0,0
143,134,-3014,10,498,40,-758,02,-18,32,-119,98,-6,49,0,0,25600,00,0,64,0,0
143,184,-3015,01,492,39,-758,34,-18,31,-120,35,-6,49,0,0,25600,00,0,64,0,0
143,234,-3015,93,486,36,-758,67,-18,30,-120,72,-6,48,0,0,25600,00,0,64,0,0
143,284,-3016,84,480,32,-758,99,-18,29,-121,09,-6,48,0,0,25600,00,0,64,0,0
143,334,-3017,76,474,25,-759,31,-18,28,-121,46,-6,47,0,0,25600,00,0,64,0,0
143,384,-3018,67,468,17,-759,64,-18,27,-121,83,-6,47,0,0,25600,00,0,64,0,0
143,434,-3019,58,462,07,-759,96,-18,26,-122,20,-6,46,0,0,25600,00,0,64,0,0
143,484,-3020,50,455,95,-760,28,-18,25,-122,57,-6,46,0,0,25600,00,0,64,0,0
143,534,-3021,41,449,81,-760,61,-18,24,-122,93,-6,45,0,0,25600,00,0,64,0,0
143,585,-3022,32,443,66,-760,93,-18,23,-123,30,-6,45,0,0,25600,00,0,64,0,0
143,635,-3023,23,437,48,-761,25,-18,22,-123,66,-6,44,0,0,25600,00,0,64,0,0
143,685,-3024,14,431,29,-761,57,-18,21,-124,03,-6,44,0,0,25600,00,0,64,0,0
143,735,-3025,05,425,08,-761,89,-18,20,-124,39,-6,43,0,0,25600,00,0,64,0,0
143,785,-3025,96,418,85,-762,22,-18,19,-124,75,-6,43,0,0,25600,00,0,65,0,0
143,835,-3026,87,412,60,-762,54,-18,18,-125,11,-6,43,0,0,25600,00,0,65,0,0
143,885,-3027,78,406,34,-762,86,-18,17,-125,47,-6,42,0,0,25600,00,0,65,0,0
143,935,-3028,69,400,06,-763,18,-18,16,-125,83,-6,42,0,0,25600,00,0,65,0,0
143,985,-3029,60,393,76,-763,50,-18,15,-126,19,-6,41,0,0,25600,00,0,65,0,0
144,035,-3030,50,387,44,-763,82,-18,13,-126,55,-6,41,0,0,25600,00,0,65,0,0
144,085,-3031,41,381,10,-764,14,-18,12,-126,91,-6,40,0,0,25600,00,0,65,0,0
144,135,-3032,31,374,75,-764,46,-18,11,-127,26,-6,40,0,0,25600,00,0,65,0,0
144,185,-3033,22,368,37,-764,78,-18,10,-127,62,-6,39,0,0,25600,00,0,65,0,0
144,235,-3034,13,361,98,-765,10,-18,09,-127,97,-6,39,0,0,25600,00,0,65,0,0
144,285,-3035,03,355,58,-765,42,-18,08,-128,33,-6,38,0,0,25600,00,0,65,0,0
144,335,-3035,93,349,15,-765,74,-18,07,-128,68,-6,38,0,0,25600,00,0,65,0,0
144,385,-3036,84,342,71,-766,06,-18,06,-129,03,-6,37,0,0,25600,00,0,65,0,0
144,435,-3037,74,336,25,-766,38,-18,05,-129,38,-6,37,0,0,25600,00,0,65,0,0
144,485,-3038,64,329,77,-766,69,-18,04,-129,74,-6,36,0,0,25600,00,0,65,0,0
144,535,-3039,54,323,28,-767,01,-18,03,-130,08,-6,36,0,0,25600,00,0,65,0,0
144,586,-3040,44,316,76,-767,33,-18,02,-130,43,-6,35,0,0,25600,00,0,65,0,0
144,636,-3041,35,310,23,-767,65,-18,01,-130,78,-6,35,0,0,25600,00,0,65,0,0
144,686,-3042,25,303,68,-767,96,-18,00,-131,13,-6,34,0,0,25600,00,0,65,0,0
144,736,-3043,15,297,12,-768,28,-17,99,-131,47,-6,34,0,0,25600,00,0,65,0,0
144,786,-3044,04,290,54,-768,60,-17,98,-131,82,-6,33,0,0,25600,00,0,65,0,0
144,836,-3044,94,283,94,-768,92,-17,97,-132,16,-6,33,0,0,25600,00,0,65,0,0
144,886,-3045,84,277,32,-769,23,-17,96,-132,51,-6,32,0,0,25600,00,0,66,0,0
144,936,-3046,74,270,69,-769,55,-17,95,-132,85,-6,32,0,0,25600,00,0,66,0,0
144,986,-3047,64,264,04,-769,86,-17,93,-133,19,-6,31,0,0,25600,00,0,66,0,0
145,036,-3048,53,257,37,-770,18,-17,92,-133,53,-6,31,0,0,25600,00,0,66,0,0
145,086,-3049,43,250,68,-770,49,-17,91,-133,87,-6,30,0,0,25600,00,0,66,0,0
145,136,-3050,32,243,98,-770,81,-17,90,-134,21,-6,30,0,0,25600,00,0,66,0,0
145,186,-3051,22,237,26,-771,12,-17,89,-134,55,-6,29,0,0,25600,00,0,66,0,0
145,236,-3052,11,230,53,-771,44,-17,88,-134,89,-6,29,0,0,25600,00,0,66,0,0
145,286,-3053,01,223,77,-771,75,-17,87,-135,22,-6,28,0,0,25600,00,0,66,0,0
145,336,-3053,90,217,00,-772,07,-17,86,-135,56,-6,28,0,0,25600,00,0,66,0,0
145,386,-3054,79,210,22,-772,38,-17,85,-135,89,-6,27,0,0,25600,00,0,66,0,0
145,436,-3055,68,203,41,-772,69,-17,84,-136,23,-6,27,0,0,25600,00,0,66,0,0
145,486,-3056,58,196,59,-773,01,-17,83,-136,56,-6,26,0,0,25600,00,0,66,0,0
145,536,-3057,47,189,76,-773,32,-17,81,-136,89,-6,26,0,0,25600,00,0,66,0,0
145,586,-3058,36,182,91,-773,63,-17,80,-137,22,-6,25,0,0,25600,00,0,66,0,0
145,637,-3059,25,176,04,-773,95,-17,79,-137,55,-6,25,0,0,25600,00,0,66,0,0
145,687,-3060,14,169,15,-774,26,-17,78,-137,88,-6,24,0,0,25600,00,0,66,0,0
145,737,-3061,03,162,25,-774,57,-17,77,-138,21,-6,24,0,0,25600,00,0,66,0,0
145,787,-3061,91,155,33,-774,88,-17,76,-138,54,-6,23,0,0,25600,00,0,66,0,0
145,837,-3062,80,148,39,-775,19,-17,75,-138,86,-6,23,0,0,25600,00,0,66,0,0
145,887,-3063,69,141,44,-775,51,-17,74,-139,19,-6,22,0,0,25600,00,0,66,0,0
145,937,-3064,57,134,48,-775,82,-17,73,-139,51,-6,22,0,0,25600,00,0,66,0,0
145,987,-3065,46,127,49,-776,13,-17,71,-139,84,-6,21,0,0,25600,00,0,66,0,0
146,037,-3066,35,120,49,-776,44,-17,70,-140,16,-6,21,0,0,25600,00,0,67,0,0
146,087,-3067,23,113,48,-776,75,-17,69,-140,48,-6,20,0,0,25600,00,0,67,0,0
146,137,-3068,12,106,44,-777,06,-17,68,-140,80,-6,20,0,0,25600,00,0,67,0,0
146,187,-3069,00,99,40,-777,37,-17,67,-141,12,-6,19,0,0,25600,00,0,67,0,0
146,237,-3069,88,92,33,-777,68,-17,66,-141,44,-6,19,0,0,25600,00,0,67,0,0
146,287,-3070,77,85,25,-777,99,-17,65,-141,76,-6,18,0,0,25600,00,0,67,0,0
146,337,-3071,65,78,16,-778,29,-17,63,-142,08,-6,18,0,0,25600,00,0,67,0,0
146,387,-3072,53,71,04,-778,60,-17,62,-142,40,-6,17,0,0,25600,00,0,67,0,0
146,437,-3073,41,63,92,-778,91,-17,61,-142,71,-6,17,0,0,25600,00,0,67,0,0
146,487,-3074,29,56,77,-779,22,-17,60,-143,03,-6,16,0,0,25600,00,0,67,0,0
146,537,-3075,17,49,61,-779,53,-17,59,-143,34,-6,15,0,0,25600,00,0,67,0,0
146,587,-3076,05,42,44,-779,84,-17,58,-143,65,-6,15,0,0,25600,00,0,67,0,0
146,638,-3076,93,35,25,-780,14,-17,57,-143,96,-6,14,0,0,25600,00,0,67,0,0
146,688,-3077,81,28,04,-780,45,-17,55,-144,28,-6,14,0,0,25600,00,0,67,0,0
146,738,-3078,68,20,82,-780,76,-17,54,-144,59,-6,13,0,0,25600,00,0,67,0,0
146,788,-3079,56,13,58,-781,06,-17,53,-144,89,-6,13,0,0,25600,00,0,67,0,0
146,838,-3080,44,6,33,-781,37,-17,52,-145,20,-6,12,0,0,25600,00,0,67,0,0
146,878,-3081,14,0,52,-781,61,-17,51,-145,45,-6,12,0,0,25600,00,0,67,0,0
146,883,-3081,22,-0,21,-781,65,-17,51,-145,48,-6,12,0,0,25600,00,0,67,0,0
