time,posX,posY,posZ,velX,velY,velZ,thrust,mass,angleError,fuel
0,050,0,78,2495,01,0,09,15,54,-99,44,1,87,845000,0,40338,27,5,09,14738,3
0,100,1,55,2490,06,0,19,15,46,-98,85,1,97,845000,0,40324,41,4,88,14724,4
0,150,2,33,2485,13,0,29,15,39,-98,25,2,05,845000,0,40310,55,4,63,14710,6
0,200,3,09,2480,23,0,39,15,33,-97,66,2,13,845000,0,40296,70,4,36,14696,7
0,250,3,86,2475,36,0,50,15,28,-97,07,2,20,845000,0,40282,84,4,06,14682,8
0,300,4,62,2470,52,0,61,15,23,-96,47,2,26,845000,0,40268,98,3,75,14669,0
0,350,5,38,2465,72,0,73,15,19,-95,88,2,31,845000,0,40255,13,3,44,14655,1
0,400,6,14,2460,94,0,84,15,15,-95,28,2,36,845000,0,40241,27,3,13,14641,3
0,450,6,90,2456,19,0,96,15,12,-94,69,2,41,845000,0,40227,41,2,83,14627,4
0,500,7,65,2451,47,1,08,15,10,-94,09,2,45,845000,0,40213,55,2,54,14613,6
0,550,8,41,2446,78,1,21,15,08,-93,49,2,48,845000,0,40199,70,2,26,14599,7
0,600,9,16,2442,12,1,33,15,06,-92,90,2,51,844210,6,40185,84,1,99,14585,8
0,650,9,91,2437,49,1,46,15,05,-92,31,2,54,833250,8,40172,10,1,75,14572,1
0,700,10,67,2432,89,1,59,15,05,-91,73,2,56,822628,9,40158,54,1,52,14558,5
0,750,11,42,2428,32,1,71,15,04,-91,17,2,58,810629,4,40145,15,1,32,14545,2
0,800,12,17,2423,77,1,84,15,04,-90,63,2,60,797868,6,40131,98,1,14,14532,0
0,850,12,92,2419,25,1,97,15,08,-90,10,2,62,785487,9,40118,96,0,98,14519,0
0,900,13,68,2414,76,2,11,15,07,-89,59,2,63,773599,2,40106,19,0,85,14506,2
0,950,14,43,2410,29,2,24,15,06,-89,09,2,64,761908,3,40093,61,0,74,14493,6
1,000,15,18,2405,85,2,37,15,06,-88,61,2,65,750566,6,40081,22,0,68,14481,2
1,050,15,94,2401,43,2,50,15,06,-88,13,2,67,739561,5,40069,02,0,68,14469,0
1,100,16,69,2397,04,2,64,15,08,-87,68,2,68,728880,8,40056,99,0,73,14457,0
1,150,17,44,2392,67,2,77,15,09,-87,24,2,65,756684,9,40045,07,0,82,14445,1
1,200,18,20,2388,31,2,90,15,11,-86,81,2,64,708591,5,40033,40,0,93,14433,4
1,250,18,96,2383,98,3,03,15,13,-86,39,2,62,698768,4,40021,87,1,03,14421,9
1,300,19,71,2379,68,3,16,15,16,-85,98,2,61,689244,9,40010,50,1,11,14410,5
1,350,20,47,2375,39,3,30,15,18,-85,58,2,60,679981,4,39999,29,1,17,14399,3
1,400,21,23,2371,12,3,42,15,20,-85,20,2,58,670993,3,39988,22,1,22,14388,2
1,450,21,99,2366,87,3,55,15,22,-84,83,2,57,662269,3,39977,30,1,25,14377,3
1,500,22,75,2362,63,3,68,15,24,-84,47,2,55,653771,6,39966,52,1,26,14366,5
1,550,23,52,2358,42,3,81,15,25,-84,11,2,54,645544,3,39955,88,1,26,14355,9
1,600,24,28,2354,22,3,93,15,27,-83,77,2,53,637522,6,39945,36,1,25,14345,4
1,650,25,04,2350,04,4,06,15,29,-83,44,2,51,629751,1,39934,98,1,23,14335,0
1,700,25,81,2345,88,4,19,15,30,-83,12,2,50,622192,9,39924,73,1,21,14324,7
1,750,26,57,2341,73,4,31,15,31,-82,80,2,49,614838,7,39914,59,1,18,14314,6
1,800,27,34,2337,60,4,44,15,32,-82,50,2,48,607707,6,39904,58,1,14,14304,6
1,850,28,10,2333,48,4,56,15,34,-82,20,2,47,600790,8,39894,68,1,10,14294,7
1,900,28,87,2329,38,4,68,15,34,-81,92,2,46,594051,6,39884,89,1,06,14284,9
1,950,29,64,2325,29,4,80,15,35,-81,64,2,45,587537,6,39875,21,1,01,14275,2
2,000,30,41,2321,21,4,93,15,36,-81,37,2,44,581185,4,39865,63,0,96,14265,6
2,050,31,18,2317,15,5,05,15,37,-81,11,2,43,575014,6,39856,16,0,92,14256,2
2,100,31,94,2313,10,5,17,15,37,-80,85,2,42,569017,9,39846,79,0,87,14246,8
2,150,32,71,2309,06,5,29,15,38,-80,60,2,42,563215,7,39837,52,0,82,14237,5
2,200,33,48,2305,04,5,41,15,38,-80,36,2,41,557572,7,39828,34,0,78,14228,3
2,250,34,25,2301,03,5,53,15,38,-80,13,2,40,552082,2,39819,24,0,74,14219,2
2,300,35,02,2297,03,5,65,15,39,-79,90,2,39,546765,5,39810,24,0,70,14210,2
2,350,35,79,2293,04,5,77,15,39,-79,68,2,39,541588,1,39801,32,0,66,14201,3
2,400,36,56,2289,06,5,89,15,39,-79,47,2,38,536543,8,39792,49,0,63,14192,5
2,450,37,33,2285,09,6,01,15,39,-79,26,2,37,531681,6,39783,74,0,60,14183,7
2,500,38,10,2281,13,6,13,15,39,-79,06,2,37,526912,5,39775,07,0,58,14175,1
2,550,38,87,2277,18,6,25,15,39,-78,86,2,36,522313,3,39766,47,0,56,14166,5
2,600,39,64,2273,25,6,36,15,38,-78,67,2,35,517851,4,39757,95,0,55,14158,0
2,650,40,40,2269,32,6,48,15,35,-78,49,2,34,513492,9,39749,50,0,54,14149,5
2,700,41,17,2265,40,6,60,15,35,-78,31,2,34,509375,6,39741,09,0,53,14141,1
2,750,41,94,2261,49,6,71,15,34,-78,14,2,33,505286,5,39732,77,0,52,14132,8
2,800,42,71,2257,58,6,83,15,33,-77,97,2,32,501313,5,39724,52,0,51,14124,5
2,850,43,47,2253,69,6,95,15,33,-77,81,2,32,513554,8,39716,27,0,50,14116,3
2,900,44,24,2249,80,7,06,15,32,-77,69,2,31,523833,1,39707,98,0,49,14108,0
2,950,45,01,2245,92,7,18,15,31,-77,57,2,30,483057,9,39699,67,0,48,14099,7
3,000,45,77,2242,04,7,29,15,31,-77,46,2,30,503167,5,39691,38,0,47,14091,4
3,050,46,54,2238,17,7,41,15,31,-77,35,2,29,504241,6,39683,14,0,45,14083,1
3,100,47,30,2234,31,7,52,15,33,-77,24,2,29,474587,0,39675,00,0,44,14075,0
3,150,48,07,2230,45,7,64,15,33,-77,14,2,28,472832,2,39666,85,0,43,14066,9
3,200,48,84,2226,60,7,75,15,33,-77,03,2,28,470456,5,39658,74,0,41,14058,7
3,250,49,60,2222,75,7,86,15,32,-76,94,2,27,468145,5,39650,67,0,40,14050,7
3,300,50,37,2218,90,7,98,15,32,-76,84,2,27,465896,3,39642,64,0,38,14042,6
3,350,51,13,2215,06,8,09,15,32,-76,75,2,27,463707,3,39634,65,0,37,14034,7
3,400,51,90,2211,23,8,20,15,31,-76,66,2,26,483442,0,39626,69,0,35,14026,7
3,450,52,66,2207,40,8,32,15,31,-76,57,2,26,481394,8,39618,77,0,34,14018,8
3,500,53,43,2203,57,8,43,15,30,-76,48,2,25,479262,2,39610,89,0,33,14010,9
3,550,54,19,2199,75,8,54,15,30,-76,40,2,25,477207,8,39603,04,0,31,14003,0
3,600,54,95,2195,93,8,66,15,27,-76,32,2,25,452863,0,39595,27,0,30,13995,3
3,650,55,72,2192,12,8,77,15,29,-76,24,2,24,473299,7,39587,45,0,29,13987,5
3,700,56,48,2188,31,8,88,15,27,-76,16,2,24,446060,2,39579,75,0,28,13979,8
3,750,57,25,2184,50,8,99,15,26,-76,08,2,24,449223,9,39572,05,0,26,13972,1
3,800,58,01,2180,70,9,10,15,28,-76,00,2,24,447958,0,39564,38,0,25,13964,4
3,850,58,77,2176,90,9,22,15,28,-75,92,2,23,446566,4,39556,79,0,24,13956,8
3,900,59,54,2173,11,9,33,15,25,-75,84,2,23,461281,3,39549,21,0,23,13949,2
3,950,60,30,2169,32,9,44,15,25,-75,77,2,23,458684,0,39541,66,0,22,13941,7
4,000,61,06,2165,53,9,55,15,27,-75,69,2,23,456285,2,39534,18,0,21,13934,2
4,050,61,83,2161,75,9,66,15,26,-75,62,2,22,453645,9,39526,73,0,20,13926,7
4,100,62,59,2157,97,9,77,15,24,-75,54,2,22,450767,8,39519,34,0,20,13919,3
4,150,63,35,2154,19,9,88,15,26,-75,47,2,22,448821,6,39511,98,0,19,13912,0
4,200,64,11,2150,42,9,99,15,24,-75,39,2,22,436598,8,39504,66,0,18,13904,7
4,250,64,88,2146,65,10,10,15,25,-75,32,2,21,447680,7,39497,37,0,17,13897,4
4,300,65,64,2142,89,10,22,15,23,-75,24,2,21,439871,8,39490,13,0,17,13890,1
4,350,66,40,2139,13,10,33,15,24,-75,17,2,21,442815,3,39482,91,0,16,13882,9
4,400,67,16,2135,37,10,44,15,23,-75,10,2,21,436956,1,39475,74,0,16,13875,7
4,450,67,92,2131,62,10,55,15,22,-75,03,2,21,428837,7,39468,61,0,15,13868,6
4,500,68,68,2127,87,10,66,15,23,-74,96,2,21,434027,1,39461,49,0,15,13861,5
4,550,69,45,2124,12,10,77,15,23,-74,89,2,20,434114,6,39454,41,0,14,13854,4
4,600,70,21,2120,38,10,88,15,23,-74,82,2,20,429506,1,39447,36,0,14,13847,4
4,650,70,97,2116,64,10,99,15,22,-74,76,2,20,430181,0,39440,35,0,14,13840,4
4,700,71,73,2112,91,11,10,15,22,-74,69,2,20,428339,2,39433,37,0,13,13833,4
4,750,72,49,2109,17,11,21,15,22,-74,63,2,20,426591,3,39426,41,0,13,13826,4
4,800,73,25,2105,44,11,32,15,20,-74,57,2,20,418599,7,39419,48,0,13,13819,5
4,850,74,01,2101,71,11,43,15,21,-74,51,2,19,420209,6,39412,57,0,13,13812,6
4,900,74,77,2097,99,11,54,15,21,-74,45,2,19,421556,7,39405,70,0,13,13805,7
4,950,75,53,2094,27,11,65,15,20,-74,39,2,19,417216,1,39398,84,0,13,13798,9
5,000,76,29,2090,55,11,76,15,20,-74,34,2,19,416966,9,39392,02,0,12,13792,0
5,050,77,05,2086,84,11,87,15,20,-74,29,2,19,416239,0,39385,22,0,12,13785,2
5,100,77,81,2083,12,11,98,15,19,-74,23,2,19,412850,3,39378,45,0,12,13778,4
5,150,78,57,2079,41,12,08,15,19,-74,18,2,19,411738,1,39371,70,0,12,13771,7
5,200,79,33,2075,70,12,19,15,19,-74,13,2,18,410393,6,39364,96,0,12,13765,0
5,250,80,09,2072,00,12,30,15,18,-74,09,2,18,408758,8,39358,26,0,12,13758,3
5,300,80,85,2068,30,12,41,15,17,-74,04,2,18,406041,0,39351,58,0,12,13751,6
5,350,81,60,2064,59,12,52,15,17,-74,00,2,18,406500,5,39344,92,0,12,13744,9
5,400,82,36,2060,90,12,63,15,17,-73,95,2,18,402159,2,39338,29,0,12,13738,3
5,450,83,12,2057,20,12,74,15,17,-73,91,2,18,402293,0,39331,67,0,12,13731,7
5,500,83,88,2053,50,12,85,15,16,-73,87,2,17,401088,7,39325,08,0,12,13725,1
5,550,84,64,2049,81,12,96,15,16,-73,83,2,17,401548,3,39318,50,0,12,13718,5
5,600,85,40,2046,12,13,06,15,16,-73,79,2,17,398388,5,39311,95,0,12,13712,0
5,650,86,15,2042,43,13,17,15,15,-73,75,2,17,399283,3,39305,42,0,12,13705,4
5,700,86,91,2038,75,13,28,15,15,-73,71,2,17,396502,3,39298,91,0,12,13698,9
5,750,87,67,2035,06,13,39,15,15,-73,68,2,17,394749,4,39292,42,0,12,13692,4
5,800,88,43,2031,38,13,50,15,14,-73,64,2,17,394299,6,39285,95,0,12,13685,9
5,850,89,18,2027,70,13,61,15,14,-73,61,2,16,396781,1,39279,49,0,13,13679,5
5,900,89,94,2024,02,13,71,15,14,-73,58,2,16,391749,1,39273,05,0,13,13673,1
5,950,90,70,2020,34,13,82,15,13,-73,54,2,16,391184,6,39266,63,0,13,13666,6
6,000,91,45,2016,66,13,93,15,13,-73,51,2,16,389721,4,39260,24,0,13,13660,2
6,050,92,21,2012,99,14,04,15,13,-73,48,2,16,388704,7,39253,86,0,13,13653,9
6,100,92,97,2009,32,14,15,15,12,-73,46,2,16,387748,7,39247,49,0,13,13647,5
6,150,93,72,2005,64,14,25,15,12,-73,43,2,15,386797,3,39241,15,0,13,13641,2
6,200,94,48,2001,97,14,36,15,12,-73,40,2,15,385849,8,39234,81,0,13,13634,8
6,250,95,23,1998,30,14,47,15,11,-73,38,2,15,384961,0,39228,50,0,13,13628,5
6,300,95,99,1994,64,14,58,15,11,-73,35,2,15,384074,8,39222,19,0,13,13622,2
6,350,96,75,1990,97,14,68,15,11,-73,33,2,15,383190,7,39215,91,0,13,13615,9
6,400,97,50,1987,30,14,79,15,11,-73,31,2,15,382335,3,39209,63,0,13,13609,6
6,450,98,26,1983,64,14,90,15,10,-73,29,2,14,381508,6,39203,37,0,13,13603,4
6,500,99,01,1979,97,15,01,15,10,-73,27,2,14,380681,8,39197,12,0,13,13597,1
6,550,99,77,1976,31,15,11,15,10,-73,25,2,14,379909,8,39190,89,0,13,13590,9
6,600,100,52,1972,65,15,22,15,09,-73,23,2,14,379136,8,39184,67,0,13,13584,7
6,650,101,28,1968,99,15,33,15,09,-73,21,2,14,378362,4,39178,46,0,12,13578,5
6,700,102,03,1965,33,15,43,15,09,-73,19,2,14,377641,2,39172,26,0,12,13572,3
6,750,102,78,1961,67,15,54,15,08,-73,18,2,13,376917,2,39166,08,0,12,13566,1
6,800,103,54,1958,01,15,65,15,08,-73,16,2,13,376217,6,39159,91,0,12,13559,9
6,850,104,29,1954,35,15,75,15,08,-73,15,2,13,375514,4,39153,74,0,12,13553,7
6,900,105,05,1950,70,15,86,15,07,-73,14,2,13,374834,6,39147,59,0,12,13547,6
6,950,105,80,1947,04,15,97,15,07,-73,12,2,13,374177,7,39141,45,0,12,13541,5
7,000,106,55,1943,38,16,07,15,07,-73,11,2,13,373543,2,39135,32,0,12,13535,3
7,050,107,31,1939,73,16,18,15,07,-73,10,2,13,372930,8,39129,21,0,12,13529,2
7,100,108,06,1936,07,16,29,15,06,-73,09,2,12,372312,1,39123,10,0,12,13523,1
7,150,108,81,1932,42,16,39,15,06,-73,08,2,12,371714,6,39117,00,0,12,13517,0
7,200,109,56,1928,77,16,50,15,06,-73,07,2,12,371137,8,39110,91,0,12,13510,9
7,250,110,32,1925,11,16,60,15,05,-73,06,2,12,370553,4,39104,83,0,12,13504,8
7,300,111,07,1921,46,16,71,15,05,-73,06,2,12,370016,4,39098,76,0,12,13498,8
7,350,111,82,1917,81,16,82,15,05,-73,05,2,12,369443,3,39092,70,0,12,13492,7
7,400,112,58,1914,15,16,92,15,05,-73,04,2,11,368944,1,39086,65,0,13,13486,7
7,450,113,33,1910,50,17,03,15,04,-73,04,2,11,368408,3,39080,61,0,13,13480,6
7,500,114,08,1906,85,17,13,15,04,-73,03,2,11,367890,5,39074,57,0,13,13474,6
7,550,114,83,1903,20,17,24,15,04,-73,03,2,11,367418,0,39068,54,0,13,13468,5
7,600,115,58,1899,55,17,34,15,04,-73,02,2,11,366934,9,39062,52,0,13,13462,5
7,650,116,34,1895,90,17,45,15,03,-73,02,2,11,366441,2,39056,52,0,13,13456,5
7,700,117,09,1892,25,17,55,15,03,-73,02,2,11,365991,5,39050,51,0,13,13450,5
7,750,117,84,1888,59,17,66,15,03,-73,01,2,10,365530,5,39044,52,0,13,13444,5
7,800,118,59,1884,94,17,76,15,03,-73,01,2,10,365112,9,39038,52,0,13,13438,5
7,850,119,34,1881,29,17,87,15,03,-73,01,2,10,364683,0,39032,54,0,13,13432,5
7,900,120,09,1877,64,17,98,15,02,-73,01,2,10,364268,2,39026,57,0,13,13426,6
7,950,120,84,1873,99,18,08,15,02,-73,01,2,10,363868,4,39020,60,0,14,13420,6
8,000,121,59,1870,34,18,19,15,02,-73,01,2,10,363455,4,39014,64,0,14,13414,6
8,050,122,35,1866,69,18,29,15,02,-73,01,2,10,363084,0,39008,68,0,14,13408,7
8,100,123,10,1863,04,18,40,15,01,-73,01,2,10,362699,1,39002,73,0,14,13402,7
8,150,123,85,1859,39,18,50,15,01,-73,01,2,10,362327,2,38996,79,0,14,13396,8
8,200,124,60,1855,74,18,60,15,01,-73,01,2,11,364788,1,38990,84,0,15,13390,8
8,250,125,35,1852,09,18,71,15,01,-73,02,2,11,365484,9,38984,85,0,15,13384,9
8,300,126,10,1848,44,18,81,15,01,-73,03,2,09,365502,4,38978,86,0,15,13378,9
8,350,126,85,1844,79,18,92,15,01,-73,05,2,09,365513,1,38972,87,0,15,13372,9
8,400,127,60,1841,14,19,02,15,00,-73,06,2,11,359713,4,38966,89,0,15,13366,9
8,450,128,35,1837,48,19,13,15,00,-73,07,2,10,365308,7,38960,90,0,16,13360,9
8,500,129,10,1833,83,19,23,15,00,-73,08,2,09,367846,6,38954,92,0,16,13354,9
8,550,129,85,1830,18,19,34,15,00,-73,09,2,09,365192,4,38948,93,0,16,13348,9
8,600,130,60,1826,52,19,44,15,00,-73,11,2,10,359281,9,38942,96,0,16,13343,0
8,650,131,35,1822,87,19,55,15,00,-73,12,2,10,364926,4,38936,97,0,16,13337,0
8,700,132,10,1819,21,19,65,14,99,-73,13,2,09,364844,6,38930,98,0,16,13331,0
8,750,132,85,1815,55,19,76,14,99,-73,14,2,09,364753,7,38925,01,0,15,13325,0
8,800,133,60,1811,90,19,86,14,99,-73,15,2,10,358961,4,38919,04,0,15,13319,0
8,850,134,35,1808,24,19,97,14,99,-73,17,2,10,364386,4,38913,06,0,15,13313,1
8,900,135,10,1804,58,20,07,14,99,-73,18,2,09,364216,6,38907,09,0,15,13307,1
8,950,135,85,1800,92,20,18,14,98,-73,19,2,09,364118,4,38901,13,0,15,13301,1
9,000,136,59,1797,26,20,28,14,98,-73,20,2,10,358727,6,38895,17,0,15,13295,2
9,050,137,34,1793,60,20,39,14,98,-73,21,2,10,363612,3,38889,20,0,14,13289,2
9,100,138,09,1789,94,20,49,14,98,-73,22,2,09,363914,8,38883,25,0,14,13283,3
9,150,138,84,1786,28,20,60,14,98,-73,23,2,09,363250,5,38877,29,0,14,13277,3
9,200,139,59,1782,62,20,70,14,97,-73,24,2,10,362881,7,38871,34,0,14,13271,4
9,250,140,34,1778,95,20,81,14,97,-73,25,2,09,364683,9,38865,40,0,13,13265,4
9,300,141,09,1775,29,20,91,14,97,-73,26,2,09,362513,3,38859,46,0,13,13259,5
9,350,141,84,1771,63,21,01,14,97,-73,27,2,09,362154,8,38853,52,0,13,13253,5
9,400,142,58,1767,96,21,12,14,97,-73,28,2,08,362398,4,38847,59,0,13,13247,6
9,450,143,33,1764,30,21,22,14,96,-73,29,2,09,358118,8,38841,66,0,12,13241,7
9,500,144,08,1760,63,21,33,14,96,-73,30,2,08,361431,6,38835,73,0,12,13235,7
9,550,144,83,1756,97,21,43,14,96,-73,30,2,08,385777,2,38829,76,0,12,13229,8
9,600,145,58,1753,30,21,54,14,96,-73,28,2,09,381692,8,38823,52,0,11,13223,5
9,650,146,32,1749,64,21,64,14,95,-73,27,2,08,382966,2,38817,25,0,11,13217,3
9,700,147,07,1745,98,21,74,14,95,-73,24,2,09,383453,8,38810,97,0,11,13211,0
9,750,147,82,1742,32,21,85,14,95,-73,22,2,08,384563,6,38804,68,0,10,13204,7
9,800,148,57,1738,66,21,95,14,95,-73,20,2,08,385275,7,38798,37,0,10,13198,4
9,850,149,31,1735,00,22,06,14,94,-73,17,2,09,383702,8,38792,05,0,10,13192,1
9,900,150,06,1731,34,22,16,14,94,-73,14,2,08,387123,9,38785,72,0,09,13185,7
9,950,150,81,1727,68,22,27,14,94,-73,12,2,08,388813,7,38779,37,0,09,13179,4
10,000,151,56,1724,03,22,37,14,94,-73,08,2,08,388500,3,38773,01,0,09,13173,0
10,050,152,30,1720,37,22,47,14,93,-73,05,2,08,389269,6,38766,63,0,09,13166,6
10,100,153,05,1716,72,22,58,14,93,-73,02,2,08,389648,9,38760,25,0,08,13160,3
10,150,153,80,1713,07,22,68,14,93,-72,99,2,08,390742,3,38753,85,0,08,13153,9
10,200,154,54,1709,42,22,79,14,93,-72,95,2,08,392180,7,38747,45,0,08,13147,4
10,250,155,29,1705,78,22,89,14,92,-72,91,2,08,392940,2,38741,02,0,08,13141,0
10,300,156,03,1702,13,22,99,14,92,-72,87,2,08,391429,9,38734,59,0,07,13134,6
10,350,156,78,1698,49,23,10,14,92,-72,83,2,08,393510,8,38728,15,0,07,13128,2
10,400,157,53,1694,85,23,20,14,92,-72,79,2,08,393014,5,38721,70,0,07,13121,7
10,450,158,27,1691,21,23,31,14,91,-72,75,2,08,395284,3,38715,23,0,07,13115,2
10,500,159,02,1687,57,23,41,14,91,-72,71,2,08,395188,3,38708,76,0,07,13108,8
10,550,159,76,1683,94,23,51,14,91,-72,67,2,08,395804,7,38702,28,0,07,13102,3
10,600,160,51,1680,31,23,62,14,91,-72,62,2,08,396372,3,38695,78,0,06,13095,8
10,650,161,25,1676,68,23,72,14,90,-72,58,2,07,397654,4,38689,28,0,06,13089,3
10,700,162,00,1673,05,23,83,14,90,-72,53,2,07,396795,8,38682,77,0,06,13082,8
10,750,162,74,1669,42,23,93,14,90,-72,48,2,08,397562,6,38676,25,0,06,13076,3
10,800,163,49,1665,80,24,03,14,89,-72,43,2,07,399170,8,38669,73,0,06,13069,7
10,850,164,23,1662,18,24,14,14,89,-72,38,2,07,399514,6,38663,19,0,06,13063,2
10,900,164,98,1658,56,24,24,14,89,-72,33,2,08,399282,7,38656,64,0,06,13056,6
10,950,165,72,1654,95,24,34,14,89,-72,28,2,07,399892,8,38650,09,0,06,13050,1
11,000,166,47,1651,33,24,45,14,88,-72,23,2,07,401058,9,38643,53,0,05,13043,5
11,050,167,21,1647,72,24,55,14,88,-72,18,2,07,400609,4,38636,96,0,05,13037,0
11,100,167,95,1644,12,24,65,14,88,-72,12,2,07,401213,5,38630,38,0,05,13030,4
11,150,168,70,1640,51,24,76,14,88,-72,07,2,07,401691,9,38623,80,0,05,13023,8
11,200,169,44,1636,91,24,86,14,87,-72,02,2,07,402154,7,38617,21,0,05,13017,2
11,250,170,19,1633,31,24,97,14,87,-71,96,2,07,402409,7,38610,61,0,05,13010,6
11,300,170,93,1629,71,25,07,14,87,-71,90,2,07,403054,1,38604,00,0,05,13004,0
11,350,171,67,1626,12,25,17,14,86,-71,85,2,07,403829,8,38597,39,0,05,12997,4
11,400,172,42,1622,53,25,28,14,86,-71,79,2,07,403866,8,38590,77,0,05,12990,8
11,450,173,16,1618,94,25,38,14,86,-71,73,2,07,404275,7,38584,14,0,05,12984,2
11,500,173,90,1615,36,25,48,14,86,-71,67,2,07,404671,1,38577,52,0,05,12977,5
11,550,174,64,1611,77,25,59,14,85,-71,61,2,07,405080,7,38570,88,0,05,12970,9
11,600,175,39,1608,19,25,69,14,85,-71,55,2,07,405457,8,38564,23,0,05,12964,2
11,650,176,13,1604,62,25,79,14,85,-71,49,2,07,405813,8,38557,58,0,05,12957,6
11,700,176,87,1601,04,25,90,14,85,-71,43,2,07,406185,0,38550,93,0,05,12950,9
11,750,177,61,1597,47,26,00,14,84,-71,37,2,06,406488,7,38544,27,0,05,12944,3
11,800,178,36,1593,91,26,10,14,84,-71,31,2,06,406862,8,38537,59,0,05,12937,6
11,850,179,10,1590,34,26,21,14,84,-71,25,2,06,407170,2,38530,93,0,04,12930,9
11,900,179,84,1586,78,26,31,14,83,-71,18,2,06,407465,8,38524,25,0,04,12924,3
11,950,180,58,1583,23,26,41,14,83,-71,12,2,06,407805,5,38517,56,0,04,12917,6
12,000,181,32,1579,67,26,52,14,83,-71,06,2,06,408133,9,38510,88,0,04,12910,9
12,050,182,06,1576,12,26,62,14,83,-70,99,2,06,408423,8,38504,18,0,04,12904,2
12,100,182,80,1572,57,26,72,14,82,-70,93,2,06,408675,5,38497,48,0,04,12897,5
12,150,183,55,1569,03,26,82,14,82,-70,86,2,06,408999,0,38490,78,0,04,12890,8
12,200,184,29,1565,49,26,93,14,82,-70,80,2,06,409285,1,38484,07,0,04,12884,1
12,250,185,03,1561,95,27,03,14,81,-70,73,2,06,409588,5,38477,36,0,04,12877,4
12,300,185,77,1558,41,27,13,14,81,-70,66,2,06,409771,3,38470,64,0,04,12870,6
12,350,186,51,1554,88,27,24,14,81,-70,60,2,06,410054,7,38463,93,0,04,12863,9
12,400,187,25,1551,35,27,34,14,81,-70,53,2,06,410301,3,38457,20,0,04,12857,2
12,450,187,99,1547,83,27,44,14,80,-70,46,2,06,410538,3,38450,47,0,04,12850,5
12,500,188,73,1544,31,27,55,14,80,-70,39,2,06,410793,5,38443,74,0,04,12843,7
12,550,189,47,1540,79,27,65,14,80,-70,33,2,06,411012,7,38437,00,0,04,12837,0
12,600,190,21,1537,27,27,75,14,80,-70,26,2,06,411250,2,38430,26,0,04,12830,3
12,650,190,95,1533,76,27,85,14,79,-70,19,2,06,411479,2,38423,52,0,04,12823,5
12,700,191,69,1530,25,27,96,14,79,-70,12,2,06,411672,4,38416,77,0,04,12816,8
12,750,192,43,1526,75,28,06,14,79,-70,05,2,05,411884,9,38410,02,0,04,12810,0
12,800,193,17,1523,25,28,16,14,78,-69,98,2,05,412088,9,38403,27,0,04,12803,3
12,850,193,91,1519,75,28,26,14,78,-69,91,2,05,412257,4,38396,51,0,04,12796,5
12,900,194,65,1516,26,28,37,14,78,-69,84,2,05,412445,6,38389,75,0,04,12789,8
12,950,195,38,1512,77,28,47,14,78,-69,77,2,05,412681,5,38382,98,0,04,12783,0
13,000,196,12,1509,28,28,57,14,77,-69,70,2,05,412854,4,38376,21,0,04,12776,2
13,050,196,86,1505,80,28,67,14,77,-69,62,2,05,413020,7,38369,45,0,04,12769,5
13,100,197,60,1502,32,28,78,14,77,-69,55,2,05,413151,2,38362,68,0,04,12762,7
13,150,198,34,1498,84,28,88,14,77,-69,48,2,05,413329,9,38355,90,0,04,12755,9
13,200,199,08,1495,37,28,98,14,76,-69,41,2,05,413502,1,38349,12,0,04,12749,1
13,250,199,82,1491,90,29,08,14,76,-69,34,2,05,413667,2,38342,34,0,04,12742,3
13,300,200,55,1488,44,29,19,14,76,-69,26,2,05,413797,8,38335,56,0,04,12735,6
13,350,201,29,1484,98,29,29,14,75,-69,19,2,05,413949,7,38328,77,0,04,12728,8
13,400,202,03,1481,52,29,39,14,75,-69,12,2,05,414067,8,38321,98,0,04,12722,0
13,450,202,77,1478,07,29,49,14,75,-69,04,2,05,414206,8,38315,20,0,04,12715,2
13,500,203,50,1474,61,29,60,14,75,-68,97,2,05,414367,3,38308,41,0,04,12708,4
13,550,204,24,1471,17,29,70,14,74,-68,89,2,05,414494,2,38301,61,0,04,12701,6
13,600,204,98,1467,73,29,80,14,74,-68,82,2,04,414587,8,38294,81,0,04,12694,8
13,650,205,71,1464,29,29,90,14,74,-68,75,2,04,414703,2,38288,02,0,04,12688,0
13,700,206,45,1460,85,30,01,14,74,-68,67,2,04,414813,0,38281,22,0,03,12681,2
13,750,207,19,1457,42,30,11,14,73,-68,60,2,04,414972,1,38274,41,0,03,12674,4
13,800,207,92,1453,99,30,21,14,73,-68,52,2,04,415070,8,38267,61,0,03,12667,6
13,850,208,66,1450,57,30,31,14,73,-68,45,2,04,415164,1,38260,80,0,03,12660,8
13,900,209,40,1447,15,30,41,14,72,-68,37,2,04,415335,0,38253,99,0,03,12654,0
13,950,210,13,1443,73,30,52,14,72,-68,29,2,04,415417,7,38247,19,0,03,12647,2
14,000,210,87,1440,32,30,62,14,72,-68,22,2,04,415523,3,38240,38,0,03,12640,4
14,050,211,61,1436,91,30,72,14,72,-68,14,2,04,415568,8,38233,56,0,03,12633,6
14,100,212,34,1433,50,30,82,14,71,-68,07,2,04,415664,7,38226,75,0,03,12626,8
14,150,213,08,1430,10,30,92,14,71,-67,99,2,04,415783,2,38219,93,0,03,12619,9
14,200,213,81,1426,70,31,03,14,71,-67,91,2,04,415814,4,38213,11,0,03,12613,1
14,250,214,55,1423,31,31,13,14,70,-67,84,2,04,415923,7,38206,30,0,03,12606,3
14,300,215,28,1419,92,31,23,14,70,-67,76,2,04,416001,3,38199,48,0,03,12599,5
14,350,216,02,1416,53,31,33,14,70,-67,68,2,04,416074,5,38192,66,0,03,12592,7
14,400,216,75,1413,15,31,43,14,70,-67,60,2,03,416143,6,38185,84,0,03,12585,8
14,450,217,49,1409,77,31,53,14,69,-67,53,2,03,416235,9,38179,01,0,03,12579,0
14,500,218,22,1406,40,31,64,14,69,-67,45,2,03,416241,0,38172,19,0,03,12572,2
14,550,218,96,1403,03,31,74,14,69,-67,37,2,03,416325,3,38165,36,0,03,12565,4
14,600,219,69,1399,66,31,84,14,68,-67,29,2,03,416405,3,38158,54,0,03,12558,5
14,650,220,42,1396,30,31,94,14,68,-67,22,2,03,416454,0,38151,71,0,03,12551,7
14,700,221,16,1392,94,32,04,14,68,-67,14,2,03,416526,7,38144,88,0,03,12544,9
14,750,221,89,1389,59,32,14,14,68,-67,06,2,03,416540,7,38138,05,0,03,12538,1
14,800,222,63,1386,24,32,25,14,67,-66,98,2,03,416606,2,38131,23,0,03,12531,2
14,850,223,36,1382,89,32,35,14,67,-66,90,2,03,416640,7,38124,40,0,03,12524,4
14,900,224,09,1379,55,32,45,14,67,-66,82,2,03,416699,1,38117,57,0,03,12517,6
14,950,224,83,1376,21,32,55,14,67,-66,74,2,03,416781,8,38110,73,0,03,12510,7
15,000,225,56,1372,87,32,65,14,66,-66,67,2,03,416750,7,38103,90,0,03,12503,9
15,050,226,29,1369,54,32,75,14,66,-66,59,2,03,416827,0,38097,06,0,03,12497,1
15,100,227,03,1366,21,32,85,14,66,-66,51,2,02,416872,6,38090,23,0,03,12490,2
15,150,227,76,1362,89,32,96,14,65,-66,43,2,02,416887,0,38083,39,0,03,12483,4
15,200,228,49,1359,57,33,06,14,65,-66,35,2,02,416926,0,38076,55,0,03,12476,6
15,250,229,22,1356,25,33,16,14,65,-66,27,2,02,416934,5,38069,72,0,03,12469,7
15,300,229,96,1352,94,33,26,14,65,-66,19,2,02,416995,4,38062,88,0,03,12462,9
15,350,230,69,1349,63,33,36,14,64,-66,11,2,02,416998,2,38056,05,0,03,12456,0
15,400,231,42,1346,33,33,46,14,64,-66,03,2,02,417053,3,38049,21,0,03,12449,2
15,450,232,15,1343,03,33,56,14,64,-65,95,2,02,417050,9,38042,38,0,03,12442,4
15,500,232,88,1339,74,33,66,14,63,-65,87,2,02,417073,1,38035,54,0,03,12435,5
15,550,233,62,1336,44,33,76,14,63,-65,79,2,02,417065,3,38028,70,0,03,12428,7
15,600,234,35,1333,16,33,86,14,63,-65,71,2,02,417137,5,38021,87,0,03,12421,9
15,650,235,08,1329,87,33,97,14,62,-65,63,2,02,417124,6,38015,03,0,03,12415,0
15,700,235,81,1326,59,34,07,14,62,-65,55,2,02,417136,7,38008,20,0,03,12408,2
15,750,236,54,1323,32,34,17,14,62,-65,47,2,02,417146,5,38001,36,0,03,12401,4
15,800,237,27,1320,05,34,27,14,62,-65,39,2,01,417181,8,37994,52,0,03,12394,5
15,850,238,00,1316,78,34,37,14,61,-65,31,2,01,417386,6,37987,68,0,03,12387,7
15,900,238,73,1313,52,34,47,14,61,-65,23,2,01,417288,8,37980,84,0,03,12380,8
15,950,239,46,1310,26,34,57,14,60,-65,15,2,01,417131,7,37974,00,0,03,12374,0
16,000,240,19,1307,00,34,67,14,60,-65,07,2,01,417442,4,37967,16,0,03,12367,2
16,050,240,92,1303,75,34,77,14,60,-64,99,2,01,417474,1,37960,32,0,03,12360,3
16,100,241,65,1300,50,34,87,14,60,-64,91,2,01,417475,7,37953,47,0,03,12353,5
16,150,242,38,1297,26,34,97,14,59,-64,83,2,01,417448,1,37946,63,0,03,12346,6
16,200,243,11,1294,02,35,07,14,59,-64,75,2,01,417418,0,37939,79,0,03,12339,8
16,250,243,84,1290,78,35,17,14,59,-64,67,2,01,417468,6,37932,95,0,03,12333,0
16,300,244,57,1287,55,35,27,14,58,-64,59,2,01,417267,8,37926,11,0,02,12326,1
16,350,245,30,1284,32,35,37,14,58,-64,51,2,01,417198,6,37919,27,0,02,12319,3
16,400,246,03,1281,10,35,47,14,58,-64,42,2,01,417209,9,37912,43,0,02,12312,4
16,450,246,76,1277,88,35,57,14,58,-64,34,2,00,417192,5,37905,59,0,02,12305,6
16,500,247,49,1274,67,35,67,14,57,-64,26,2,00,417323,8,37898,75,0,02,12298,8
16,550,248,22,1271,46,35,77,14,57,-64,18,2,00,417178,1,37891,91,0,02,12291,9
16,600,248,94,1268,25,35,87,14,57,-64,10,2,00,417238,0,37885,08,0,02,12285,1
16,650,249,67,1265,05,35,97,14,56,-64,02,2,00,417157,4,37878,24,0,02,12278,2
16,700,250,40,1261,85,36,07,14,56,-63,94,2,00,417200,5,37871,41,0,02,12271,4
16,750,251,13,1258,65,36,17,14,56,-63,86,2,00,417144,2,37864,57,0,02,12264,6
16,800,251,86,1255,46,36,27,14,56,-63,77,2,00,417238,7,37857,73,0,02,12257,7
16,850,252,58,1252,28,36,37,14,55,-63,69,2,00,417111,2,37850,90,0,02,12250,9
16,900,253,31,1249,09,36,47,14,55,-63,61,2,00,417091,8,37844,06,0,02,12244,1
16,950,254,04,1245,91,36,57,14,55,-63,53,2,00,417044,9,37837,23,0,02,12237,2
17,000,254,77,1242,74,36,67,14,54,-63,45,2,00,417036,5,37830,39,0,02,12230,4
17,050,255,49,1239,57,36,77,14,54,-63,37,2,00,417151,3,37823,55,0,02,12223,6
17,100,256,22,1236,40,36,87,14,54,-63,29,2,00,417017,0,37816,72,0,02,12216,7
17,150,256,95,1233,24,36,97,14,53,-63,20,1,99,416976,9,37809,88,0,02,12209,9
17,200,257,67,1230,08,37,07,14,53,-63,12,1,99,416937,3,37803,05,0,02,12203,1
17,250,258,40,1226,93,37,17,14,53,-63,04,1,99,416922,5,37796,21,0,02,12196,2
17,300,259,13,1223,78,37,27,14,53,-62,96,1,99,417003,7,37789,38,0,02,12189,4
17,350,259,85,1220,63,37,37,14,52,-62,88,1,99,416890,8,37782,54,0,02,12182,5
17,400,260,58,1217,49,37,47,14,52,-62,80,1,99,416845,2,37775,70,0,02,12175,7
17,450,261,31,1214,35,37,57,14,52,-62,71,1,99,416840,9,37768,87,0,02,12168,9
17,500,262,03,1211,22,37,67,14,51,-62,63,1,99,416820,5,37762,03,0,00,12162,0
17,550,262,76,1208,09,37,77,14,51,-62,55,1,99,416801,4,37755,20,0,00,12155,2
17,600,263,48,1204,96,37,87,14,51,-62,47,1,99,416766,9,37748,36,0,02,12148,4
17,650,264,21,1201,84,37,97,14,51,-62,39,1,99,416772,9,37741,52,0,00,12141,5
17,700,264,93,1198,73,38,07,14,50,-62,30,1,99,416708,6,37734,69,0,02,12134,7
17,750,265,66,1195,61,38,17,14,50,-62,22,1,99,416725,7,37727,86,0,00,12127,9
17,800,266,38,1192,50,38,27,14,50,-62,14,1,99,416645,8,37721,02,0,02,12121,0
17,850,267,11,1189,40,38,37,14,49,-62,06,1,99,416606,2,37714,20,0,02,12114,2
17,900,267,83,1186,30,38,47,14,49,-61,98,1,99,416620,5,37707,37,0,00,12107,4
17,950,268,56,1183,20,38,57,14,49,-61,90,1,98,416565,3,37700,55,0,00,12100,6
18,000,269,28,1180,11,38,66,14,49,-61,81,1,99,416509,0,37693,72,0,02,12093,7
18,050,270,01,1177,02,38,76,14,48,-61,73,1,98,416479,6,37686,89,0,02,12086,9
18,100,270,73,1173,94,38,86,14,48,-61,65,1,98,416408,1,37680,07,0,02,12080,1
18,150,271,45,1170,85,38,96,14,48,-61,57,1,98,416349,4,37673,24,0,02,12073,2
18,200,272,18,1167,78,39,06,14,48,-61,49,1,98,416386,9,37666,41,0,02,12066,4
18,250,272,90,1164,71,39,16,14,47,-61,40,1,98,416354,5,37659,59,0,02,12059,6
18,300,273,63,1161,64,39,26,14,47,-61,32,1,98,416307,4,37652,76,0,00,12052,8
18,350,274,35,1158,57,39,36,14,47,-61,24,1,98,416301,0,37645,94,0,00,12045,9
18,400,275,07,1155,51,39,46,14,46,-61,16,1,98,416280,3,37639,11,0,00,12039,1
18,450,275,79,1152,46,39,56,14,46,-61,08,1,98,416203,9,37632,29,0,00,12032,3
18,500,276,52,1149,41,39,66,14,46,-60,99,1,98,416167,8,37625,46,0,02,12025,5
18,550,277,24,1146,36,39,75,14,45,-60,91,1,98,416089,4,37618,63,0,02,12018,6
18,600,277,96,1143,32,39,85,14,45,-60,83,1,98,416066,2,37611,81,0,02,12011,8
18,650,278,69,1140,28,39,95,14,45,-60,75,1,98,416041,8,37604,99,0,00,12005,0
18,700,279,41,1137,24,40,05,14,45,-60,67,1,98,415989,9,37598,18,0,00,11998,2
18,750,280,13,1134,21,40,15,14,44,-60,58,1,98,415950,8,37591,36,0,02,11991,4
18,800,280,85,1131,18,40,25,14,44,-60,50,1,97,415911,7,37584,54,0,02,11984,5
18,850,281,57,1128,16,40,35,14,44,-60,42,1,97,415898,9,37577,73,0,00,11977,7
18,900,282,30,1125,14,40,45,14,44,-60,34,1,97,415817,0,37570,91,0,02,11970,9
18,950,283,02,1122,13,40,54,14,43,-60,25,1,97,415789,8,37564,09,0,00,11964,1
19,000,283,74,1119,11,40,64,14,43,-60,17,1,97,415748,4,37557,28,0,02,11957,3
19,050,284,46,1116,11,40,74,14,43,-60,09,1,97,415720,2,37550,46,0,00,11950,5
19,100,285,18,1113,11,40,84,14,42,-60,01,1,97,415622,5,37543,64,0,02,11943,6
19,150,285,90,1110,11,40,94,14,42,-59,93,1,97,415620,7,37536,83,0,00,11936,8
19,200,286,62,1107,11,41,04,14,42,-59,84,1,97,415577,3,37530,01,0,02,11930,0
19,250,287,35,1104,12,41,14,14,42,-59,76,1,97,415506,3,37523,20,0,00,11923,2
19,300,288,07,1101,14,41,23,14,41,-59,68,1,97,415475,8,37516,38,0,00,11916,4
19,350,288,79,1098,15,41,33,14,41,-59,60,1,97,415431,2,37509,57,0,02,11909,6
19,400,289,51,1095,18,41,43,14,41,-59,52,1,97,415386,5,37502,77,0,02,11902,8
19,450,290,23,1092,20,41,53,14,41,-59,43,1,97,415327,7,37495,96,0,00,11896,0
19,500,290,95,1089,23,41,63,14,40,-59,35,1,97,415309,5,37489,15,0,00,11889,2
19,550,291,67,1086,27,41,73,14,40,-59,27,1,97,415249,9,37482,34,0,00,11882,4
19,600,292,39,1083,31,41,83,14,40,-59,19,1,97,415203,5,37475,54,0,00,11875,5
19,650,293,11,1080,35,41,92,14,40,-59,11,1,97,415142,9,37468,73,0,00,11868,7
19,700,293,83,1077,40,42,02,14,39,-59,02,1,96,415095,7,37461,93,0,00,11861,9
19,750,294,55,1074,45,42,12,14,39,-58,94,1,96,415062,0,37455,12,0,00,11855,1
19,800,295,27,1071,50,42,22,14,39,-58,86,1,96,415014,3,37448,31,0,02,11848,3
19,850,295,99,1068,56,42,32,14,38,-58,78,1,96,414966,0,37441,51,0,02,11841,5
19,900,296,71,1065,62,42,41,14,38,-58,70,1,96,414931,3,37434,70,0,02,11834,7
19,950,297,42,1062,69,42,51,14,38,-58,61,1,96,414854,7,37427,89,0,00,11827,9
20,000,298,14,1059,76,42,61,14,38,-58,53,1,96,414847,3,37421,10,0,00,11821,1
20,050,298,86,1056,84,42,71,14,37,-58,45,1,96,414811,6,37414,30,0,02,11814,3
20,100,299,58,1053,92,42,81,14,37,-58,37,1,96,414692,8,37407,50,0,00,11807,5
20,150,300,30,1051,00,42,91,14,37,-58,29,1,96,414670,8,37400,71,0,00,11800,7
20,200,301,02,1048,09,43,00,14,37,-58,20,1,96,414634,3,37393,91,0,02,11793,9
20,250,301,74,1045,18,43,10,14,36,-58,12,1,96,414583,7,37387,11,0,00,11787,1
20,300,302,45,1042,28,43,20,14,36,-58,04,1,96,414546,6,37380,32,0,02,11780,3
20,350,303,17,1039,38,43,30,14,36,-57,96,1,96,414467,8,37373,52,0,00,11773,5
20,400,303,89,1036,48,43,39,14,36,-57,88,1,96,414430,1,37366,72,0,02,11766,7
20,450,304,61,1033,59,43,49,14,35,-57,79,1,96,414378,5,37359,93,0,02,11759,9
20,500,305,33,1030,70,43,59,14,35,-57,71,1,96,414271,3,37353,13,0,00,11753,1
20,550,306,04,1027,82,43,69,14,35,-57,63,1,96,414288,5,37346,34,0,02,11746,3
20,600,306,76,1024,94,43,79,14,35,-57,55,1,96,414250,3,37339,55,0,00,11739,6
20,650,307,48,1022,06,43,88,14,34,-57,47,1,96,414142,7,37332,76,0,00,11732,8
20,700,308,19,1019,19,43,98,14,34,-57,38,1,96,414145,6,37325,97,0,00,11726,0
20,750,308,91,1016,32,44,08,14,34,-57,30,1,96,414106,4,37319,19,0,02,11719,2
20,800,309,63,1013,46,44,18,14,34,-57,22,1,95,414026,2,37312,40,0,00,11712,4
20,850,310,35,1010,60,44,28,14,33,-57,14,1,95,413972,9,37305,61,0,00,11705,6
20,900,311,06,1007,75,44,37,14,33,-57,06,1,95,413905,8,37298,82,0,00,11698,8
20,949,311,78,1004,90,44,47,14,33,-56,97,1,95,413893,8,37292,04,0,00,11692,0
20,999,312,49,1002,05,44,57,14,33,-56,89,1,95,413840,1,37285,25,0,02,11685,3
21,049,313,21,999,21,44,67,14,32,-56,81,1,95,413772,8,37278,46,0,02,11678,5
21,099,313,93,996,37,44,76,14,32,-56,73,1,95,413760,3,37271,68,0,00,11671,7
21,149,314,64,993,53,44,86,14,32,-56,65,1,95,413665,0,37264,89,0,00,11664,9
21,199,315,36,990,70,44,96,14,32,-56,56,1,95,413583,4,37258,12,0,00,11658,1
21,249,316,07,987,88,45,06,14,31,-56,48,1,95,413529,2,37251,34,0,00,11651,3
21,299,316,79,985,06,45,15,14,31,-56,40,1,95,413460,8,37244,56,0,00,11644,6
21,349,317,51,982,24,45,25,14,31,-56,32,1,95,413406,3,37237,79,0,00,11637,8
21,399,318,22,979,42,45,35,14,31,-56,24,1,95,413393,1,37231,01,0,02,11631,0
21,449,318,94,976,61,45,45,14,30,-56,16,1,95,413379,3,37224,23,0,02,11624,2
21,499,319,65,973,81,45,54,14,30,-56,07,1,95,413255,4,37217,45,0,00,11617,5
21,549,320,37,971,01,45,64,14,30,-55,99,1,95,413255,8,37210,68,0,02,11610,7
21,599,321,08,968,21,45,74,14,30,-55,91,1,95,413145,2,37203,90,0,00,11603,9
21,649,321,80,965,42,45,84,14,29,-55,83,1,95,413145,3,37197,12,0,02,11597,1
21,699,322,51,962,63,45,93,14,29,-55,75,1,95,413048,2,37190,35,0,00,11590,4
21,749,323,23,959,84,46,03,14,29,-55,66,1,95,413006,3,37183,58,0,00,11583,6
21,799,323,94,957,06,46,13,14,29,-55,58,1,95,413033,4,37176,81,0,00,11576,8
21,849,324,65,954,28,46,22,14,28,-55,50,1,95,412936,5,37170,04,0,02,11570,0
21,899,325,37,951,51,46,32,14,28,-55,42,1,95,412880,6,37163,28,0,02,11563,3
21,949,326,08,948,74,46,42,14,28,-55,34,1,95,412797,2,37156,51,0,02,11556,5
21,999,326,80,945,98,46,52,14,28,-55,26,1,94,412741,2,37149,74,0,02,11549,7
22,049,327,51,943,22,46,61,14,27,-55,17,1,94,412685,0,37142,97,0,02,11543,0
22,099,328,22,940,46,46,71,14,27,-55,09,1,94,412670,4,37136,21,0,02,11536,2
22,149,328,94,937,71,46,81,14,27,-55,01,1,94,412628,0,37129,44,0,00,11529,4
22,199,329,65,934,96,46,91,14,27,-54,93,1,94,412599,1,37122,67,0,00,11522,7
22,249,330,36,932,21,47,00,14,26,-54,85,1,94,412543,0,37115,91,0,00,11515,9
22,299,331,08,929,47,47,10,14,26,-54,77,1,94,412417,6,37109,15,0,00,11509,2
22,349,331,79,926,74,47,20,14,26,-54,68,1,94,412430,3,37102,39,0,02,11502,4
22,399,332,50,924,00,47,29,14,26,-54,60,1,94,412373,7,37095,63,0,00,11495,6
22,449,333,22,921,28,47,39,14,25,-54,52,1,94,412262,0,37088,88,0,02,11488,9
22,499,333,93,918,55,47,49,14,25,-54,44,1,94,412247,0,37082,12,0,00,11482,1
22,549,334,64,915,83,47,58,14,25,-54,36,1,94,412162,6,37075,36,0,00,11475,4
22,599,335,35,913,12,47,68,14,25,-54,28,1,94,412161,6,37068,60,0,00,11468,6
22,649,336,07,910,41,47,78,14,25,-54,19,1,94,412077,3,37061,84,0,00,11461,8
22,699,336,78,907,70,47,88,14,24,-54,11,1,94,412048,3,37055,09,0,00,11455,1
22,749,337,49,904,99,47,97,14,24,-54,03,1,94,411950,4,37048,33,0,02,11448,3
22,799,338,20,902,29,48,07,14,24,-53,95,1,94,411907,3,37041,57,0,00,11441,6
22,849,338,91,899,60,48,17,14,23,-53,87,1,94,411865,1,37034,82,0,00,11434,8
22,899,339,62,896,91,48,26,14,23,-53,79,1,94,411780,8,37028,07,0,02,11428,1
22,949,340,34,894,22,48,36,14,23,-53,70,1,94,411737,7,37021,32,0,00,11421,3
22,999,341,05,891,54,48,46,14,23,-53,62,1,94,411750,2,37014,57,0,00,11414,6
23,049,341,76,888,86,48,55,14,23,-53,54,1,94,411652,3,37007,83,0,00,11407,8
23,099,342,47,886,18,48,65,14,22,-53,46,1,94,411568,1,37001,08,0,00,11401,1
23,149,343,18,883,51,48,75,14,22,-53,38,1,94,411552,6,36994,33,0,02,11394,3
23,199,343,89,880,85,48,84,14,22,-53,30,1,94,411468,3,36987,58,0,02,11387,6
23,249,344,60,878,18,48,94,14,22,-53,22,1,93,411425,3,36980,84,0,00,11380,8
23,299,345,31,875,52,49,04,14,21,-53,13,1,93,411354,9,36974,09,0,00,11374,1
23,349,346,02,872,87,49,13,14,21,-53,05,1,93,411298,1,36967,34,0,00,11367,3
23,399,346,74,870,22,49,23,14,21,-52,97,1,93,411269,0,36960,60,0,00,11360,6
23,449,347,45,867,57,49,33,14,21,-52,89,1,93,411198,6,36953,86,0,00,11353,9
23,499,348,16,864,93,49,42,14,20,-52,81,1,93,411128,2,36947,13,0,00,11347,1
23,549,348,87,862,29,49,52,14,20,-52,73,1,93,411099,2,36940,38,0,00,11340,4
23,599,349,58,859,66,49,62,14,20,-52,65,1,93,411042,8,36933,65,0,02,11333,7
23,649,350,29,857,03,49,71,14,20,-52,56,1,93,410972,3,36926,91,0,02,11326,9
23,699,351,00,854,40,49,81,14,19,-52,48,1,93,410929,8,36920,17,0,00,11320,2
23,749,351,71,851,78,49,91,14,19,-52,40,1,93,410873,3,36913,43,0,00,11313,4
23,799,352,42,849,16,50,00,14,19,-52,32,1,93,410872,1,36906,70,0,00,11306,7
23,849,353,12,846,55,50,10,14,19,-52,24,1,93,410773,6,36899,95,0,00,11300,0
23,899,353,83,843,94,50,20,14,19,-52,16,1,93,410731,1,36893,22,0,02,11293,2
23,949,354,54,841,33,50,29,14,18,-52,08,1,93,410661,2,36886,48,0,00,11286,5
23,999,355,25,838,73,50,39,14,18,-51,99,1,93,410660,3,36879,76,0,00,11279,8
24,049,355,96,836,13,50,49,14,18,-51,91,1,93,410562,0,36873,03,0,00,11273,0
24,099,356,67,833,54,50,58,14,18,-51,83,1,93,410505,9,36866,30,0,00,11266,3
24,149,357,38,830,95,50,68,14,17,-51,75,1,93,410477,4,36859,57,0,00,11259,6
24,199,358,09,828,36,50,78,14,17,-51,67,1,93,410420,7,36852,84,0,00,11252,8
24,249,358,80,825,78,50,87,14,17,-51,59,1,93,410350,8,36846,11,0,00,11246,1
24,299,359,50,823,20,50,97,14,17,-51,51,1,93,410336,3,36839,38,0,00,11239,4
24,349,360,21,820,63,51,06,14,16,-51,43,1,93,410252,1,36832,66,0,02,11232,7
24,399,360,92,818,06,51,16,14,16,-51,34,1,93,410168,5,36825,93,0,00,11225,9
24,449,361,63,815,50,51,26,14,16,-51,26,1,92,410139,4,36819,20,0,00,11219,2
24,499,362,34,812,94,51,35,14,16,-51,18,1,93,410111,2,36812,48,0,00,11212,5
24,549,363,04,810,38,51,45,14,16,-51,10,1,92,410027,1,36805,76,0,00,11205,8
24,599,363,75,807,83,51,55,14,15,-51,02,1,92,409985,0,36799,04,0,00,11199,0
24,649,364,46,805,28,51,64,14,15,-50,94,1,92,409928,7,36792,32,0,00,11192,3
24,699,365,17,802,73,51,74,14,15,-50,86,1,92,409845,5,36785,60,0,00,11185,6
24,749,365,87,800,19,51,83,14,15,-50,78,1,92,409816,7,36778,88,0,00,11178,9
24,799,366,58,797,65,51,93,14,14,-50,69,1,92,409761,4,36772,16,0,00,11172,2
24,849,367,29,795,12,52,03,14,14,-50,61,1,92,409705,4,36765,45,0,00,11165,4
24,899,368,00,792,59,52,12,14,14,-50,53,1,92,409732,3,36758,73,0,00,11158,7
24,949,368,70,790,07,52,22,14,14,-50,45,1,92,409635,4,36752,01,0,00,11152,0
24,999,369,41,787,55,52,32,14,14,-50,37,1,92,409538,0,36745,29,0,00,11145,3
25,049,370,12,785,03,52,41,14,13,-50,29,1,92,409538,0,36738,57,0,00,11138,6
25,099,370,82,782,52,52,51,14,13,-50,21,1,92,409441,0,36731,86,0,00,11131,9
25,149,371,53,780,01,52,60,14,13,-50,13,1,92,409398,9,36725,15,0,00,11125,2
25,199,372,24,777,51,52,70,14,13,-50,04,1,92,409371,4,36718,45,0,00,11118,4
25,249,372,94,775,01,52,80,14,12,-49,96,1,92,409288,2,36711,73,0,00,11111,7
25,299,373,65,772,51,52,89,14,12,-49,88,1,92,409232,3,36705,02,0,02,11105,0
25,349,374,35,770,02,52,99,14,12,-49,80,1,92,409273,6,36698,32,0,00,11098,3
25,399,375,06,767,53,53,08,14,12,-49,72,1,92,409122,0,36691,61,0,00,11091,6
25,449,375,77,765,05,53,18,14,11,-49,64,1,92,409066,5,36684,90,0,00,11084,9
25,499,376,47,762,57,53,27,14,11,-49,56,1,92,409024,8,36678,19,0,02,11078,2
25,549,377,18,760,09,53,37,14,11,-49,48,1,92,408983,4,36671,48,0,00,11071,5
25,599,377,88,757,62,53,47,14,11,-49,40,1,92,408942,4,36664,77,0,00,11064,8
25,649,378,59,755,15,53,56,14,11,-49,31,1,92,408887,2,36658,07,0,00,11058,1
25,699,379,29,752,69,53,66,14,10,-49,23,1,92,408818,2,36651,38,0,00,11051,4
25,749,380,00,750,23,53,75,14,10,-49,15,1,92,408790,9,36644,67,0,00,11044,7
25,799,380,70,747,77,53,85,14,10,-49,07,1,92,408708,2,36637,98,0,02,11038,0
25,849,381,41,745,32,53,95,14,10,-48,99,1,91,408667,0,36631,27,0,00,11031,3
25,899,382,11,742,87,54,04,14,09,-48,91,1,91,408695,0,36624,58,0,00,11024,6
25,949,382,82,740,43,54,14,14,09,-48,83,1,91,408585,1,36617,88,0,00,11017,9
25,999,383,52,737,99,54,23,14,09,-48,75,1,91,408488,7,36611,18,0,00,11011,2
26,049,384,23,735,56,54,33,14,09,-48,67,1,91,408461,3,36604,48,0,00,11004,5
26,099,384,93,733,12,54,42,14,09,-48,59,1,91,408392,6,36597,78,0,00,10997,8
26,149,385,64,730,70,54,52,14,08,-48,50,1,91,408337,5,36591,08,0,00,10991,1
26,199,386,34,728,27,54,62,14,08,-48,42,1,91,408310,5,36584,39,0,00,10984,4
26,249,387,04,725,85,54,71,14,08,-48,34,1,91,408242,1,36577,70,0,00,10977,7
26,299,387,75,723,44,54,81,14,08,-48,26,1,91,408187,4,36571,01,0,00,10971,0
26,349,388,45,721,03,54,90,14,07,-48,18,1,91,408132,9,36564,32,0,00,10964,3
26,399,389,16,718,62,55,00,14,07,-48,10,1,91,408078,3,36557,63,0,00,10957,6
26,449,389,86,716,22,55,09,14,07,-48,02,1,91,408051,5,36550,94,0,00,10950,9
26,499,390,56,713,82,55,19,14,07,-47,94,1,91,407983,2,36544,25,0,00,10944,3
26,549,391,27,711,42,55,28,14,07,-47,86,1,91,407901,0,36537,56,0,00,10937,6
26,599,391,97,709,03,55,38,14,06,-47,78,1,91,407888,1,36530,87,0,00,10930,9
26,649,392,67,706,65,55,47,14,06,-47,69,1,91,407820,1,36524,18,0,00,10924,2
26,699,393,38,704,26,55,57,14,06,-47,61,1,91,407779,3,36517,49,0,00,10917,5
26,749,394,08,701,89,55,67,14,06,-47,53,1,91,407725,2,36510,80,0,00,10910,8
26,799,394,78,699,51,55,76,14,06,-47,45,1,91,407671,1,36504,13,0,00,10904,1
26,849,395,48,697,14,55,86,14,05,-47,37,1,91,407630,8,36497,45,0,00,10897,4
26,898,396,19,694,77,55,95,14,05,-47,29,1,91,407603,8,36490,77,0,00,10890,8
26,948,396,89,692,41,56,05,14,05,-47,21,1,91,407521,8,36484,09,0,00,10884,1
26,998,397,59,690,05,56,14,14,05,-47,13,1,91,407453,8,36477,41,0,02,10877,4
27,048,398,29,687,70,56,24,14,04,-47,05,1,91,407399,9,36470,73,0,00,10870,7
27,098,399,00,685,35,56,33,14,04,-46,97,1,91,407359,6,36464,05,0,00,10864,1
27,148,399,70,683,00,56,43,14,04,-46,89,1,90,407319,6,36457,37,0,00,10857,4
27,198,400,40,680,66,56,52,14,04,-46,80,1,90,407251,8,36450,69,0,00,10850,7
27,248,401,10,678,32,56,62,14,04,-46,72,1,90,407239,4,36444,01,0,00,10844,0
27,298,401,80,675,99,56,71,14,04,-46,64,1,90,407157,3,36437,33,0,00,10837,3
27,348,402,50,673,66,56,81,14,03,-46,56,1,90,407089,7,36430,66,0,00,10830,7
27,398,403,21,671,33,56,90,14,03,-46,48,1,90,407063,6,36423,98,0,00,10824,0
27,448,403,91,669,01,57,00,14,03,-46,40,1,90,406996,1,36417,32,0,00,10817,3
27,498,404,61,666,69,57,09,14,03,-46,32,1,90,406928,6,36410,64,0,00,10810,7
27,548,405,31,664,38,57,19,14,02,-46,24,1,90,406888,0,36403,98,0,00,10804,0
27,598,406,01,662,07,57,28,14,02,-46,16,1,90,406834,5,36397,30,0,00,10797,3
27,648,406,71,659,76,57,38,14,02,-46,08,1,90,406780,8,36390,64,0,00,10790,6
27,698,407,41,657,46,57,47,14,02,-46,00,1,90,406741,1,36383,96,0,00,10784,0
27,748,408,11,655,16,57,57,14,02,-45,92,1,90,406686,8,36377,30,0,00,10777,3
27,798,408,82,652,87,57,66,14,01,-45,83,1,90,406647,3,36370,63,0,00,10770,6
27,848,409,52,650,58,57,76,14,01,-45,75,1,90,406580,1,36363,96,0,00,10764,0
27,898,410,22,648,29,57,85,14,01,-45,67,1,90,406526,8,36357,29,0,00,10757,3
27,948,410,92,646,01,57,95,14,01,-45,59,1,90,406459,2,36350,63,0,00,10750,6
27,998,411,62,643,73,58,04,14,00,-45,51,1,90,406433,5,36343,97,0,00,10744,0
28,048,412,32,641,46,58,14,14,00,-45,43,1,90,406380,2,36337,31,0,00,10737,3
28,098,413,02,639,19,58,23,14,00,-45,35,1,90,406381,8,36330,65,0,00,10730,7
28,148,413,72,636,92,58,33,14,00,-45,27,1,90,406245,3,36323,99,0,00,10724,0
28,198,414,42,634,66,58,42,14,00,-45,19,1,90,406206,2,36317,33,0,00,10717,3
28,248,415,12,632,41,58,52,13,99,-45,11,1,90,406194,4,36310,67,0,00,10710,7
28,298,415,82,630,15,58,61,13,99,-45,03,1,90,406113,0,36304,01,0,00,10704,0
28,348,416,52,627,90,58,71,13,99,-44,95,1,90,406073,8,36297,35,0,00,10697,4
28,398,417,22,625,66,58,80,13,99,-44,87,1,89,406020,7,36290,69,0,00,10690,7
28,448,417,92,623,42,58,90,13,99,-44,79,1,89,405953,0,36284,03,0,00,10684,0
28,498,418,61,621,18,58,99,13,98,-44,70,1,89,405913,7,36277,38,0,00,10677,4
28,548,419,31,618,95,59,09,13,98,-44,62,1,89,405874,5,36270,73,0,00,10670,7
28,598,420,01,616,72,59,18,13,98,-44,54,1,89,405807,3,36264,08,0,00,10664,1
28,648,420,71,614,49,59,28,13,98,-44,46,1,89,405754,5,36257,43,0,00,10657,4
28,698,421,41,612,27,59,37,13,98,-44,38,1,89,405714,8,36250,77,0,00,10650,8
28,748,422,11,610,05,59,47,13,97,-44,30,1,89,405662,0,36244,13,0,00,10644,1
28,798,422,81,607,84,59,56,13,97,-44,22,1,89,405581,7,36237,48,0,00,10637,5
28,848,423,51,605,63,59,65,13,97,-44,14,1,89,405555,9,36230,82,0,00,10630,8
28,898,424,21,603,43,59,75,13,97,-44,06,1,89,405503,2,36224,17,0,00,10624,2
28,948,424,90,601,23,59,84,13,97,-43,98,1,89,405449,7,36217,52,0,00,10617,5
28,998,425,60,599,03,59,94,13,96,-43,90,1,89,405369,3,36210,88,0,00,10610,9
29,048,426,30,596,84,60,03,13,96,-43,82,1,89,405357,9,36204,23,0,00,10604,2
29,098,427,00,594,65,60,13,13,96,-43,74,1,89,405277,0,36197,59,0,00,10597,6
29,148,427,70,592,46,60,22,13,96,-43,66,1,89,405224,3,36190,95,0,00,10590,9
29,198,428,39,590,28,60,32,13,96,-43,57,1,89,405198,8,36184,30,0,00,10584,3
29,248,429,09,588,10,60,41,13,95,-43,49,1,89,405118,8,36177,66,0,00,10577,7
29,298,429,79,585,93,60,50,13,95,-43,41,1,89,405093,2,36171,02,0,02,10571,0
29,348,430,49,583,76,60,60,13,95,-43,33,1,89,405013,0,36164,38,0,00,10564,4
29,398,431,18,581,60,60,69,13,95,-43,25,1,89,404973,5,36157,74,0,00,10557,7
29,448,431,88,579,44,60,79,13,95,-43,17,1,89,404921,0,36151,10,0,00,10551,1
29,498,432,58,577,28,60,88,13,94,-43,09,1,89,404882,1,36144,46,0,00,10544,5
29,548,433,28,575,13,60,98,13,94,-43,01,1,89,404829,1,36137,82,0,00,10537,8
29,598,433,97,572,98,61,07,13,94,-42,93,1,88,404776,6,36131,18,0,00,10531,2
29,648,434,67,570,84,61,16,13,94,-42,85,1,88,404723,3,36124,55,0,00,10524,6
29,698,435,37,568,70,61,26,13,94,-42,77,1,88,404671,3,36117,91,0,00,10517,9
29,748,436,06,566,56,61,35,13,93,-42,69,1,88,404604,6,36111,29,0,00,10511,3
29,798,436,76,564,43,61,45,13,93,-42,61,1,88,404538,5,36104,66,0,00,10504,7
29,848,437,46,562,30,61,54,13,93,-42,53,1,88,404526,8,36098,02,0,00,10498,0
29,898,438,15,560,17,61,64,13,93,-42,45,1,88,404446,7,36091,39,0,00,10491,4
29,948,438,85,558,05,61,73,13,93,-42,37,1,88,404407,3,36084,76,0,00,10484,8
29,998,439,55,555,94,61,82,13,92,-42,28,1,88,404382,7,36078,13,0,00,10478,1
30,048,440,24,553,83,61,92,13,92,-42,20,1,88,404302,3,36071,50,0,00,10471,5
30,098,440,94,551,72,62,01,13,92,-42,12,1,88,404318,5,36064,87,0,00,10464,9
30,148,441,63,549,61,62,11,13,92,-42,04,1,88,404224,5,36058,24,0,00,10458,2
30,198,442,33,547,51,62,20,13,92,-41,96,1,88,404143,9,36051,61,0,00,10451,6
30,248,443,03,545,42,62,29,13,91,-41,88,1,88,404119,6,36044,99,0,00,10445,0
30,298,443,72,543,32,62,39,13,91,-41,80,1,88,404039,3,36038,37,0,00,10438,4
30,348,444,42,541,24,62,48,13,91,-41,72,1,88,404000,8,36031,75,0,00,10431,8
30,398,445,11,539,15,62,58,13,91,-41,64,1,88,403947,8,36025,13,0,00,10425,1
30,448,445,81,537,07,62,67,13,91,-41,56,1,88,403881,8,36018,50,0,00,10418,5
30,498,446,50,535,00,62,76,13,90,-41,48,1,88,403842,8,36011,88,0,00,10411,9
30,548,447,20,532,92,62,86,13,90,-41,40,1,88,403763,0,36005,26,0,00,10405,3
30,598,447,89,530,86,62,95,13,90,-41,32,1,88,403737,6,35998,64,0,00,10398,6
30,648,448,59,528,79,63,04,13,90,-41,24,1,87,403684,7,35992,02,0,00,10392,0
30,698,449,28,526,73,63,14,13,90,-41,16,1,88,403660,3,35985,40,0,00,10385,4
30,748,449,98,524,68,63,23,13,90,-41,08,1,87,403580,1,35978,78,0,00,10378,8
30,798,450,67,522,63,63,33,13,89,-41,00,1,87,403527,9,35972,16,0,00,10372,2
30,848,451,37,520,58,63,42,13,89,-40,91,1,87,403502,5,35965,55,0,00,10365,6
30,898,452,06,518,53,63,51,13,89,-40,83,1,87,403450,5,35958,94,0,00,10358,9
30,948,452,76,516,49,63,61,13,89,-40,75,1,87,403398,0,35952,33,0,00,10352,3
30,998,453,45,514,46,63,70,13,89,-40,67,1,87,403331,6,35945,72,0,00,10345,7
31,048,454,14,512,43,63,79,13,88,-40,59,1,87,403279,6,35939,11,0,00,10339,1
31,098,454,84,510,40,63,89,13,88,-40,51,1,87,403226,7,35932,50,0,00,10332,5
31,148,455,53,508,38,63,98,13,88,-40,43,1,87,403202,4,35925,88,0,00,10325,9
31,198,456,23,506,36,64,07,13,88,-40,35,1,87,403122,1,35919,27,0,00,10319,3
31,248,456,92,504,34,64,17,13,88,-40,27,1,87,403069,3,35912,66,0,00,10312,7
31,298,457,61,502,33,64,26,13,87,-40,19,1,87,403017,2,35906,05,0,00,10306,1
31,348,458,31,500,32,64,35,13,87,-40,11,1,87,402964,3,35899,45,0,00,10299,4
31,398,459,00,498,32,64,45,13,87,-40,03,1,87,402967,2,35892,84,0,00,10292,8
31,448,459,69,496,32,64,54,13,87,-39,95,1,87,402887,5,35886,24,0,00,10286,2
31,498,460,39,494,32,64,64,13,87,-39,87,1,87,402807,2,35879,64,0,00,10279,6
31,548,461,08,492,33,64,73,13,86,-39,79,1,87,402755,1,35873,04,0,00,10273,0
31,598,461,77,490,34,64,82,13,86,-39,71,1,87,402702,2,35866,44,0,00,10266,4
31,648,462,47,488,36,64,92,13,86,-39,63,1,87,402649,6,35859,84,0,00,10259,8
31,698,463,16,486,38,65,01,13,86,-39,55,1,87,402611,5,35853,23,0,00,10253,2
31,748,463,85,484,41,65,10,13,86,-39,47,1,87,402558,8,35846,63,0,00,10246,6
31,798,464,55,482,44,65,20,13,85,-39,38,1,87,402519,9,35840,03,0,02,10240,0
31,848,465,24,480,47,65,29,13,85,-39,30,1,87,402454,0,35833,43,0,00,10233,4
31,898,465,93,478,51,65,38,13,85,-39,22,1,86,402401,2,35826,83,0,00,10226,8
31,948,466,62,476,55,65,48,13,85,-39,14,1,86,402404,2,35820,23,0,00,10220,2
31,998,467,32,474,59,65,57,13,85,-39,06,1,86,402324,6,35813,64,0,00,10213,6
32,048,468,01,472,64,65,66,13,85,-38,98,1,86,402244,5,35807,05,0,00,10207,1
32,098,468,70,470,69,65,75,13,84,-38,90,1,86,402192,7,35800,45,0,00,10200,5
32,148,469,39,468,75,65,85,13,84,-38,82,1,86,402140,0,35793,86,0,00,10193,9
32,198,470,09,466,81,65,94,13,84,-38,74,1,86,402087,3,35787,27,0,00,10187,3
32,248,470,78,464,88,66,03,13,84,-38,66,1,86,402021,5,35780,68,0,00,10180,7
32,298,471,47,462,94,66,13,13,84,-38,58,1,86,401968,9,35774,09,0,00,10174,1
32,348,472,16,461,02,66,22,13,83,-38,50,1,86,401930,0,35767,50,0,00,10167,5
32,398,472,85,459,09,66,31,13,83,-38,42,1,86,401905,4,35760,90,0,00,10160,9
32,448,473,54,457,18,66,41,13,83,-38,34,1,86,401825,0,35754,31,0,00,10154,3
32,498,474,24,455,26,66,50,13,83,-38,26,1,86,401771,9,35747,72,0,00,10147,7
32,548,474,93,453,35,66,59,13,83,-38,18,1,86,401719,6,35741,14,0,00,10141,1
32,598,475,62,451,44,66,68,13,82,-38,10,1,86,401680,8,35734,56,0,00,10134,6
32,648,476,31,449,54,66,78,13,82,-38,02,1,86,401628,3,35727,98,0,00,10128,0
32,698,477,00,447,64,66,87,13,82,-37,94,1,86,401562,6,35721,39,0,00,10121,4
32,748,477,69,445,75,66,96,13,82,-37,86,1,86,401509,9,35714,81,0,00,10114,8
32,798,478,38,443,86,67,06,13,82,-37,78,1,86,401457,2,35708,23,0,00,10108,2
32,848,479,07,441,97,67,15,13,82,-37,69,1,86,401418,8,35701,65,0,00,10101,7
32,898,479,76,440,09,67,24,13,81,-37,61,1,86,401366,0,35695,07,0,00,10095,1
32,948,480,45,438,21,67,33,13,81,-37,53,1,85,401299,5,35688,48,0,00,10088,5
32,998,481,15,436,33,67,43,13,81,-37,45,1,85,401261,4,35681,90,0,00,10081,9
33,048,481,84,434,46,67,52,13,81,-37,37,1,85,401208,8,35675,32,0,00,10075,3
33,098,482,53,432,60,67,61,13,81,-37,29,1,85,401239,4,35668,74,0,00,10068,7
33,148,483,22,430,73,67,71,13,80,-37,21,1,85,401104,2,35662,17,0,00,10062,2
33,198,483,91,428,87,67,80,13,80,-37,13,1,85,401065,3,35655,60,0,00,10055,6
33,248,484,60,427,02,67,89,13,80,-37,05,1,85,400985,6,35649,03,0,00,10049,0
33,298,485,29,425,17,67,98,13,80,-36,97,1,85,400918,9,35642,45,0,00,10042,5
33,348,485,98,423,32,68,08,13,80,-36,89,1,85,400893,5,35635,88,0,00,10035,9
33,398,486,67,421,48,68,17,13,80,-36,81,1,85,400841,4,35629,31,0,00,10029,3
33,448,487,36,419,64,68,26,13,79,-36,73,1,85,400788,5,35622,74,0,00,10022,7
33,498,488,05,417,81,68,35,13,79,-36,65,1,85,400735,5,35616,16,0,02,10016,2
33,548,488,74,415,98,68,45,13,79,-36,57,1,85,400683,2,35609,59,0,00,10009,6
33,598,489,42,414,15,68,54,13,79,-36,49,1,85,400644,1,35603,02,0,00,10003,0
33,648,490,11,412,33,68,63,13,79,-36,41,1,85,400577,9,35596,45,0,00,9996,5
33,698,490,80,410,51,68,72,13,78,-36,33,1,85,400524,9,35589,89,0,00,9989,9
33,748,491,49,408,70,68,82,13,78,-36,25,1,85,400471,7,35583,32,0,00,9983,3
33,798,492,18,406,88,68,91,13,78,-36,17,1,85,400419,4,35576,76,0,00,9976,8
33,848,492,87,405,08,69,00,13,78,-36,09,1,85,400380,3,35570,20,0,00,9970,2
33,898,493,56,403,28,69,09,13,78,-36,01,1,85,400313,8,35563,64,0,00,9963,6
33,948,494,25,401,48,69,19,13,78,-35,93,1,85,400275,4,35557,07,0,00,9957,1
33,998,494,94,399,68,69,28,13,77,-35,84,1,85,400222,6,35550,51,0,00,9950,5
34,048,495,63,397,89,69,37,13,77,-35,76,1,85,400155,8,35543,95,0,00,9944,0
34,098,496,31,396,11,69,46,13,77,-35,68,1,85,400117,3,35537,39,0,00,9937,4
34,148,497,00,394,33,69,55,13,77,-35,60,1,84,400064,3,35530,82,0,00,9930,8
34,198,497,69,392,55,69,65,13,77,-35,52,1,84,399997,3,35524,27,0,00,9924,3
34,248,498,38,390,77,69,74,13,76,-35,44,1,84,400027,4,35517,71,0,00,9917,7
34,298,499,07,389,00,69,83,13,76,-35,36,1,84,399891,8,35511,16,0,00,9911,2
34,348,499,76,387,24,69,92,13,76,-35,28,1,84,399852,4,35504,60,0,00,9904,6
34,398,500,44,385,47,70,02,13,76,-35,20,1,84,399772,0,35498,05,0,00,9898,1
34,448,501,13,383,72,70,11,13,76,-35,12,1,84,399746,7,35491,50,0,00,9891,5
34,498,501,82,381,96,70,20,13,76,-35,04,1,84,399694,5,35484,95,0,00,9884,9
34,548,502,51,380,21,70,29,13,75,-34,96,1,84,399641,6,35478,39,0,00,9878,4
34,598,503,19,378,47,70,38,13,75,-34,88,1,84,399602,6,35471,84,0,00,9871,8
34,648,503,88,376,72,70,48,13,75,-34,80,1,84,399521,9,35465,29,0,00,9865,3
34,698,504,57,374,99,70,57,13,75,-34,72,1,84,399482,7,35458,73,0,00,9858,7
34,748,505,26,373,25,70,66,13,75,-34,64,1,84,399430,1,35452,18,0,00,9852,2
34,798,505,94,371,52,70,75,13,74,-34,56,1,84,399390,7,35445,63,0,00,9845,6
34,848,506,63,369,80,70,84,13,74,-34,48,1,84,399323,8,35439,09,0,00,9839,1
34,898,507,32,368,07,70,94,13,74,-34,40,1,84,399256,7,35432,55,0,00,9832,5
34,948,508,01,366,36,71,03,13,74,-34,32,1,84,399217,3,35426,00,0,00,9826,0
34,998,508,69,364,64,71,12,13,74,-34,24,1,84,399163,9,35419,46,0,00,9819,5
35,048,509,38,362,93,71,21,13,74,-34,16,1,84,399096,9,35412,92,0,00,9812,9
35,098,510,07,361,23,71,30,13,73,-34,08,1,84,399058,1,35406,38,0,00,9806,4
35,148,510,75,359,53,71,39,13,73,-34,00,1,84,399004,8,35399,83,0,00,9799,8
35,198,511,44,357,83,71,49,13,73,-33,91,1,84,398951,4,35393,29,0,00,9793,3
35,248,512,13,356,13,71,58,13,73,-33,83,1,84,398898,0,35386,75,0,00,9786,7
35,298,512,81,354,44,71,67,13,73,-33,75,1,83,398844,6,35380,20,0,00,9780,2
35,348,513,50,352,76,71,76,13,73,-33,67,1,83,398791,0,35373,66,0,00,9773,7
35,398,514,18,351,08,71,85,13,72,-33,59,1,83,398737,6,35367,13,0,00,9767,1
35,448,514,87,349,40,71,95,13,72,-33,51,1,83,398684,0,35360,60,0,00,9760,6
35,498,515,56,347,73,72,04,13,72,-33,43,1,83,398630,4,35354,06,0,00,9754,1
35,548,516,24,346,06,72,13,13,72,-33,35,1,83,398563,8,35347,53,0,00,9747,5
35,598,516,93,344,39,72,22,13,72,-33,27,1,83,398537,7,35341,00,0,00,9741,0
35,648,517,61,342,73,72,31,13,71,-33,19,1,83,398456,3,35334,46,0,00,9734,5
35,698,518,30,341,07,72,40,13,71,-33,11,1,83,398416,6,35327,93,0,00,9727,9
35,748,518,99,339,42,72,49,13,71,-33,03,1,83,398377,1,35321,40,0,00,9721,4
35,798,519,67,337,77,72,59,13,71,-32,95,1,83,398323,6,35314,87,0,00,9714,9
35,848,520,36,336,12,72,68,13,71,-32,87,1,83,398256,2,35308,33,0,00,9708,3
35,898,521,04,334,48,72,77,13,71,-32,79,1,83,398216,5,35301,80,0,00,9701,8
35,948,521,73,332,84,72,86,13,70,-32,71,1,83,398149,3,35295,28,0,00,9695,3
35,998,522,41,331,21,72,95,13,70,-32,63,1,83,398082,0,35288,75,0,00,9688,8
36,049,523,10,329,58,73,04,13,70,-32,55,1,83,398042,2,35282,23,0,00,9682,2
36,099,523,78,327,96,73,14,13,70,-32,47,1,83,397988,4,35275,71,0,00,9675,7
36,149,524,47,326,33,73,23,13,70,-32,39,1,83,397948,6,35269,18,0,00,9669,2
36,199,525,15,324,72,73,32,13,70,-32,31,1,83,397881,0,35262,66,0,00,9662,7
36,249,525,84,323,10,73,41,13,69,-32,23,1,83,397841,1,35256,14,0,00,9656,1
36,299,526,52,321,49,73,50,13,69,-32,15,1,83,397759,5,35249,61,0,00,9649,6
36,349,527,21,319,89,73,59,13,69,-32,07,1,83,397719,4,35243,09,0,02,9643,1
36,399,527,89,318,29,73,68,13,69,-31,99,1,83,397666,2,35236,57,0,00,9636,6
36,449,528,58,316,69,73,77,13,69,-31,90,1,83,397619,3,35230,04,0,00,9630,0
36,499,529,26,315,10,73,87,13,69,-31,82,1,82,397572,3,35223,53,0,00,9623,5
36,549,529,94,313,51,73,96,13,68,-31,74,1,82,397518,4,35217,02,0,00,9617,0
36,599,530,63,311,92,74,05,13,68,-31,66,1,82,397457,7,35210,50,0,00,9610,5
36,649,531,31,310,34,74,14,13,68,-31,58,1,82,397403,8,35203,98,0,00,9604,0
36,699,532,00,308,77,74,23,13,68,-31,50,1,82,397350,0,35197,47,0,00,9597,5
36,749,532,68,307,19,74,32,13,68,-31,42,1,82,397296,0,35190,96,0,00,9591,0
36,799,533,36,305,62,74,41,13,68,-31,34,1,82,397249,0,35184,45,0,00,9584,4
36,849,534,05,304,06,74,50,13,67,-31,26,1,82,397194,9,35177,93,0,00,9577,9
36,899,534,73,302,50,74,59,13,67,-31,18,1,82,397134,0,35171,42,0,00,9571,4
36,949,535,41,300,94,74,69,13,67,-31,10,1,82,397093,6,35164,91,0,00,9564,9
36,999,536,10,299,39,74,78,13,67,-31,02,1,82,397018,8,35158,39,0,00,9558,4
37,049,536,78,297,84,74,87,13,67,-30,94,1,82,396964,5,35151,89,0,00,9551,9
37,099,537,47,296,29,74,96,13,67,-30,86,1,82,396917,3,35145,38,0,00,9545,4
37,149,538,15,294,75,75,05,13,66,-30,78,1,82,396876,9,35138,88,0,00,9538,9
37,199,538,83,293,21,75,14,13,66,-30,70,1,82,396815,9,35132,38,0,00,9532,4
37,249,539,51,291,68,75,23,13,66,-30,62,1,82,396761,8,35125,87,0,00,9525,9
37,299,540,20,290,15,75,32,13,66,-30,54,1,82,396700,8,35119,37,0,00,9519,4
37,349,540,88,288,63,75,41,13,66,-30,46,1,82,396646,6,35112,86,0,00,9512,9
37,399,541,56,287,11,75,50,13,66,-30,38,1,82,396592,3,35106,36,0,00,9506,4
37,449,542,25,285,59,75,60,13,65,-30,30,1,82,396538,0,35099,86,0,00,9499,9
37,499,542,93,284,08,75,69,13,65,-30,22,1,82,396490,5,35093,35,0,00,9493,4
37,549,543,61,282,57,75,78,13,65,-30,14,1,82,396436,1,35086,85,0,00,9486,8
37,599,544,29,281,06,75,87,13,65,-30,06,1,82,396374,8,35080,35,0,00,9480,4
37,649,544,98,279,56,75,96,13,65,-29,98,1,82,396320,4,35073,86,0,00,9473,9
37,699,545,66,278,07,76,05,13,65,-29,90,1,82,396272,8,35067,36,0,00,9467,4
37,749,546,34,276,57,76,14,13,65,-29,81,1,81,396218,3,35060,87,0,00,9460,9
37,799,547,02,275,08,76,23,13,64,-29,73,1,81,396163,8,35054,38,0,00,9454,4
37,849,547,71,273,60,76,32,13,64,-29,65,1,81,396102,2,35047,88,0,00,9447,9
37,899,548,39,272,12,76,41,13,64,-29,57,1,81,396054,5,35041,39,0,00,9441,4
37,949,549,07,270,64,76,50,13,64,-29,49,1,81,396000,0,35034,89,0,00,9434,9
37,999,549,75,269,17,76,59,13,64,-29,41,1,81,395952,4,35028,40,0,00,9428,4
38,049,550,43,267,70,76,68,13,64,-29,33,1,81,395897,8,35021,91,0,00,9421,9
38,099,551,12,266,24,76,78,13,63,-29,25,1,81,395836,3,35015,41,0,00,9415,4
38,149,551,80,264,78,76,87,13,63,-29,17,1,81,395781,6,35008,93,0,00,9408,9
38,199,552,48,263,32,76,96,13,63,-29,09,1,81,395720,2,35002,44,0,00,9402,4
38,249,553,16,261,87,77,05,13,63,-29,01,1,81,395734,8,34995,96,0,00,9396,0
38,299,553,84,260,42,77,14,13,63,-28,93,1,81,395618,3,34989,47,0,00,9389,5
38,349,554,52,258,97,77,23,13,63,-28,85,1,81,395570,4,34982,99,0,00,9383,0
38,399,555,20,257,53,77,32,13,63,-28,77,1,81,395515,7,34976,50,0,00,9376,5
38,449,555,89,256,10,77,41,13,62,-28,69,1,81,395453,9,34970,02,0,00,9370,0
38,499,556,57,254,66,77,50,13,62,-28,61,1,81,395392,1,34963,54,0,00,9363,5
38,549,557,25,253,24,77,59,13,62,-28,53,1,81,395337,1,34957,05,0,00,9357,1
38,599,557,93,251,81,77,68,13,62,-28,45,1,81,395282,1,34950,57,0,00,9350,6
38,649,558,61,250,39,77,77,13,62,-28,37,1,81,395234,0,34944,08,0,00,9344,1
38,699,559,29,248,97,77,86,13,62,-28,29,1,81,395185,9,34937,61,0,00,9337,6
38,749,559,97,247,56,77,95,13,61,-28,21,1,81,395124,1,34931,13,0,00,9331,1
38,799,560,65,246,15,78,04,13,61,-28,13,1,81,395068,9,34924,66,0,00,9324,7
38,849,561,33,244,75,78,13,13,61,-28,05,1,81,395020,7,34918,18,0,00,9318,2
38,899,562,01,243,35,78,22,13,61,-27,97,1,81,394951,8,34911,71,0,00,9311,7
38,949,562,69,241,95,78,31,13,61,-27,89,1,81,394896,6,34905,23,0,00,9305,2
38,999,563,37,240,56,78,40,13,61,-27,81,1,81,394848,1,34898,76,0,00,9298,8
39,049,564,05,239,17,78,49,13,61,-27,73,1,80,394785,9,34892,29,0,00,9292,3
39,099,564,74,237,79,78,58,13,60,-27,64,1,80,394744,3,34885,81,0,00,9285,8
39,149,565,42,236,41,78,67,13,60,-27,56,1,80,394688,8,34879,34,0,00,9279,3
39,199,566,10,235,03,78,76,13,60,-27,48,1,80,394633,5,34872,86,0,00,9272,9
39,249,566,78,233,66,78,85,13,60,-27,40,1,80,394564,3,34866,40,0,00,9266,4
39,299,567,46,232,29,78,94,13,60,-27,32,1,80,394508,9,34859,93,0,00,9259,9
39,349,568,14,230,93,79,03,13,60,-27,24,1,80,394467,4,34853,47,0,00,9253,5
39,399,568,81,229,57,79,12,13,60,-27,16,1,80,394405,1,34847,00,0,00,9247,0
39,449,569,49,228,21,79,21,13,59,-27,08,1,80,394349,6,34840,54,0,00,9240,5
39,499,570,17,226,86,79,30,13,59,-27,00,1,80,394342,6,34834,07,0,00,9234,1
39,549,570,85,225,51,79,39,13,59,-26,92,1,80,394239,2,34827,61,0,00,9227,6
39,599,571,53,224,17,79,48,13,59,-26,84,1,80,394183,5,34821,14,0,00,9221,1
39,649,572,21,222,83,79,57,13,59,-26,76,1,80,394121,1,34814,68,0,00,9214,7
39,699,572,89,221,49,79,66,13,59,-26,68,1,80,394065,3,34808,21,0,00,9208,2
39,749,573,57,220,16,79,75,13,59,-26,60,1,80,394016,5,34801,76,0,00,9201,8
39,799,574,25,218,83,79,84,13,58,-26,52,1,80,393967,8,34795,30,0,00,9195,3
39,849,574,93,217,51,79,93,13,58,-26,44,1,80,393905,2,34788,84,0,00,9188,8
39,899,575,61,216,19,80,02,13,58,-26,36,1,80,393856,2,34782,39,0,00,9182,4
39,949,576,29,214,87,80,11,13,58,-26,28,1,80,393786,6,34775,94,0,00,9175,9
39,999,576,97,213,56,80,20,13,58,-26,20,1,80,393730,6,34769,48,0,00,9169,5
40,049,577,65,212,25,80,29,13,58,-26,12,1,80,393674,7,34763,02,0,00,9163,0
40,099,578,33,210,95,80,38,13,58,-26,04,1,80,393632,4,34756,57,0,00,9156,6
40,149,579,00,209,65,80,47,13,58,-25,96,1,80,393576,5,34750,12,0,00,9150,1
40,199,579,68,208,35,80,56,13,57,-25,88,1,80,393513,4,34743,66,0,00,9143,7
40,249,580,36,207,06,80,65,13,57,-25,80,1,80,393458,1,34737,20,0,00,9137,2
40,299,581,04,205,77,80,74,13,57,-25,72,1,80,393408,9,34730,76,0,00,9130,8
40,349,581,72,204,49,80,83,13,57,-25,64,1,79,393345,8,34724,31,0,00,9124,3
40,399,582,40,203,21,80,92,13,57,-25,56,1,79,393289,7,34717,87,0,00,9117,9
40,449,583,08,201,93,81,01,13,57,-25,48,1,79,393226,7,34711,42,0,00,9111,4
40,499,583,75,200,66,81,10,13,57,-25,39,1,79,393177,3,34704,98,0,00,9105,0
40,549,584,43,199,39,81,19,13,56,-25,31,1,79,393114,1,34698,53,0,00,9098,5
40,599,585,11,198,13,81,28,13,56,-25,23,1,79,393057,7,34692,09,0,00,9092,1
40,649,585,79,196,87,81,37,13,56,-25,15,1,79,393008,2,34685,64,0,00,9085,6
40,699,586,47,195,61,81,46,13,56,-25,07,1,79,392951,8,34679,20,0,00,9079,2
40,750,587,14,194,36,81,55,13,56,-24,99,1,79,392888,4,34672,75,0,00,9072,8
40,800,587,82,193,11,81,64,13,56,-24,91,1,79,392845,7,34666,31,0,00,9066,3
40,850,588,50,191,87,81,73,13,56,-24,83,1,79,392789,2,34659,87,0,00,9059,9
40,900,589,18,190,63,81,82,13,56,-24,75,1,79,392725,8,34653,44,0,00,9053,4
40,950,589,86,189,40,81,91,13,55,-24,67,1,79,392724,6,34647,00,0,00,9047,0
41,000,590,53,188,16,82,00,13,55,-24,59,1,79,392613,3,34640,57,0,00,9040,6
41,050,591,21,186,94,82,09,13,55,-24,51,1,79,392563,5,34634,13,0,00,9034,1
41,100,591,89,185,71,82,18,13,55,-24,43,1,79,392499,9,34627,70,0,00,9027,7
41,150,592,57,184,49,82,27,13,55,-24,35,1,79,392436,3,34621,26,0,00,9021,3
41,200,593,24,183,28,82,36,13,55,-24,27,1,79,392393,3,34614,82,0,00,9014,8
41,250,593,92,182,07,82,45,13,55,-24,19,1,79,392322,6,34608,39,0,00,9008,4
41,300,594,60,180,86,82,53,13,55,-24,11,1,79,392265,6,34601,95,0,00,9002,0
41,350,595,28,179,66,82,62,13,54,-24,03,1,79,392208,8,34595,52,0,00,8995,5
41,400,595,95,178,46,82,71,13,54,-23,95,1,79,392152,0,34589,10,0,00,8989,1
41,450,596,63,177,26,82,80,13,54,-23,87,1,79,392101,8,34582,67,0,00,8982,7
41,500,597,31,176,07,82,89,13,54,-23,79,1,79,392051,8,34576,25,0,00,8976,2
41,550,597,98,174,88,82,98,13,54,-23,71,1,79,391994,7,34569,82,0,00,8969,8
41,600,598,66,173,70,83,07,13,54,-23,63,1,79,391923,8,34563,39,0,00,8963,4
41,650,599,34,172,52,83,16,13,54,-23,55,1,79,391873,5,34556,97,0,00,8957,0
41,700,600,01,171,34,83,25,13,54,-23,47,1,78,391816,4,34550,54,0,00,8950,5
41,750,600,69,170,17,83,34,13,53,-23,39,1,79,391753,0,34544,12,0,00,8944,1
41,800,601,37,169,00,83,43,13,53,-23,31,1,78,391709,5,34537,69,0,00,8937,7
41,850,602,04,167,84,83,52,13,53,-23,23,1,78,391645,3,34531,27,0,00,8931,3
41,900,602,72,166,68,83,61,13,53,-23,14,1,78,391588,0,34524,85,0,00,8924,9
41,950,603,40,165,53,83,70,13,53,-23,06,1,78,391537,7,34518,44,0,00,8918,4
42,000,604,07,164,38,83,78,13,53,-22,98,1,78,391473,4,34512,02,0,00,8912,0
42,050,604,75,163,23,83,87,13,53,-22,90,1,78,391409,2,34505,61,0,00,8905,6
42,100,605,43,162,09,83,96,13,53,-22,82,1,78,391365,5,34499,19,0,00,8899,2
42,150,606,10,160,95,84,05,13,52,-22,74,1,78,391294,2,34492,77,0,00,8892,8
42,200,606,78,159,81,84,14,13,52,-22,66,1,78,391236,7,34486,36,0,00,8886,4
42,250,607,45,158,68,84,23,13,52,-22,58,1,78,391192,9,34479,94,0,00,8879,9
42,300,608,13,157,55,84,32,13,52,-22,50,1,78,391121,4,34473,52,0,00,8873,5
42,350,608,81,156,43,84,41,13,52,-22,42,1,78,391077,5,34467,11,0,00,8867,1
42,400,609,48,155,31,84,50,13,52,-22,34,1,78,391019,9,34460,70,0,00,8860,7
42,450,610,16,154,20,84,59,13,52,-22,26,1,78,390955,3,34454,30,0,02,8854,3
42,500,610,83,153,08,84,68,13,52,-22,18,1,78,390891,4,34447,89,0,00,8847,9
42,550,611,51,151,98,84,76,13,52,-22,10,1,78,390847,5,34441,48,0,00,8841,5
42,600,612,19,150,87,84,85,13,51,-22,02,1,78,390789,6,34435,08,0,00,8835,1
42,650,612,86,149,78,84,94,13,51,-21,94,1,78,390724,8,34428,67,0,00,8828,7
42,700,613,54,148,68,85,03,13,51,-21,86,1,78,390673,8,34422,27,0,00,8822,3
42,750,614,21,147,59,85,12,13,51,-21,78,1,78,390609,0,34415,86,0,00,8815,9
42,800,614,89,146,50,85,21,13,51,-21,70,1,78,390544,1,34409,45,0,00,8809,5
42,850,615,56,145,42,85,30,13,51,-21,62,1,78,390492,9,34403,05,0,00,8803,0
42,900,616,24,144,34,85,39,13,51,-21,54,1,78,390434,9,34396,64,0,00,8796,6
42,950,616,92,143,27,85,48,13,51,-21,46,1,78,390376,8,34390,25,0,00,8790,2
43,000,617,59,142,20,85,56,13,51,-21,38,1,78,390318,7,34383,85,0,00,8783,9
43,050,618,27,141,13,85,65,13,50,-21,30,1,78,390260,6,34377,45,0,00,8777,5
43,100,618,94,140,07,85,74,13,50,-21,22,1,78,390202,3,34371,06,0,00,8771,1
43,150,619,62,139,01,85,83,13,50,-21,14,1,78,390144,1,34364,66,0,00,8764,7
43,200,620,29,137,95,85,92,13,50,-21,06,1,78,390085,8,34358,27,0,00,8758,3
43,250,620,97,136,90,86,01,13,50,-20,97,1,78,390028,2,34351,87,0,00,8751,9
43,300,621,64,135,85,86,10,13,50,-20,89,1,77,389963,0,34345,47,0,00,8745,5
43,350,622,32,134,81,86,19,13,50,-20,81,1,77,389911,4,34339,08,0,00,8739,1
43,400,622,99,133,77,86,27,13,50,-20,73,1,77,389852,9,34332,68,0,00,8732,7
43,450,623,67,132,74,86,36,13,50,-20,65,1,77,389794,6,34326,30,0,00,8726,3
43,500,624,34,131,71,86,45,13,49,-20,57,1,77,389736,1,34319,91,0,00,8719,9
43,550,625,02,130,68,86,54,13,49,-20,49,1,77,389670,7,34313,52,0,00,8713,5
43,600,625,69,129,66,86,63,13,49,-20,41,1,77,389619,0,34307,14,0,00,8707,1
43,650,626,36,128,64,86,72,13,49,-20,33,1,77,389560,4,34300,75,0,00,8700,7
43,700,627,04,127,63,86,81,13,49,-20,25,1,77,389501,8,34294,36,0,00,8694,4
43,750,627,71,126,62,86,90,13,49,-20,17,1,77,389450,1,34287,98,0,00,8688,0
43,800,628,39,125,61,86,98,13,49,-20,09,1,77,389391,3,34281,59,0,00,8681,6
43,850,629,06,124,61,87,07,13,49,-20,01,1,77,389325,6,34275,20,0,00,8675,2
43,900,629,74,123,61,87,16,13,49,-19,93,1,77,389259,9,34268,82,0,00,8668,8
43,950,630,41,122,61,87,25,13,49,-19,85,1,77,389208,0,34262,44,0,00,8662,4
44,000,631,09,121,62,87,34,13,48,-19,77,1,77,389142,3,34256,06,0,00,8656,1
44,050,631,76,120,64,87,43,13,48,-19,69,1,77,389077,1,34249,69,0,00,8649,7
44,100,632,43,119,65,87,52,13,48,-19,61,1,77,389031,8,34243,31,0,00,8643,3
44,150,633,11,118,68,87,60,13,48,-19,53,1,77,388972,6,34236,93,0,00,8636,9
44,200,633,78,117,70,87,69,13,48,-19,45,1,77,388920,4,34230,55,0,00,8630,6
44,250,634,46,116,73,87,78,13,48,-19,37,1,77,388847,4,34224,18,0,00,8624,2
44,300,635,13,115,76,87,87,13,48,-19,29,1,77,388795,0,34217,80,0,00,8617,8
44,350,635,80,114,80,87,96,13,48,-19,21,1,77,388728,8,34211,42,0,00,8611,4
44,400,636,48,113,84,88,05,13,48,-19,13,1,77,388676,4,34205,05,0,00,8605,0
44,450,637,15,112,89,88,13,13,48,-19,05,1,77,388610,2,34198,68,0,00,8598,7
44,500,637,83,111,94,88,22,13,48,-18,97,1,77,388550,8,34192,31,0,00,8592,3
44,550,638,50,110,99,88,31,13,47,-18,89,1,77,388498,3,34185,95,0,00,8585,9
44,600,639,17,110,05,88,40,13,47,-18,81,1,77,388432,0,34179,58,0,00,8579,6
44,650,639,85,109,11,88,49,13,47,-18,72,1,77,388372,4,34173,21,0,00,8573,2
44,700,640,52,108,18,88,58,13,47,-18,64,1,77,388326,8,34166,84,0,00,8566,8
44,750,641,19,107,25,88,66,13,47,-18,56,1,77,388260,2,34160,48,0,00,8560,5
44,800,641,87,106,32,88,75,13,47,-18,48,1,77,388215,0,34154,11,0,00,8554,1
44,850,642,54,105,40,88,84,13,47,-18,40,1,77,388141,4,34147,74,0,00,8547,7
44,900,643,21,104,48,88,93,13,47,-18,32,1,77,388081,8,34141,38,0,00,8541,4
44,950,643,89,103,57,89,02,13,47,-18,24,1,77,388008,1,34135,02,0,00,8535,0
45,000,644,56,102,66,89,11,13,47,-18,16,1,76,387955,2,34128,66,0,00,8528,7
45,050,645,23,101,75,89,19,13,47,-18,08,1,76,387915,9,34122,30,0,00,8522,3
45,100,645,91,100,85,89,28,13,46,-18,00,1,76,387842,3,34115,95,0,00,8515,9
45,150,646,58,99,95,89,37,13,46,-17,92,1,76,387782,3,34109,59,0,00,8509,6
45,200,647,25,99,06,89,46,13,46,-17,84,1,76,387722,1,34103,23,0,00,8503,2
45,250,647,93,98,17,89,55,13,46,-17,76,1,76,387662,0,34096,88,0,00,8496,9
45,300,648,60,97,28,89,64,13,46,-17,68,1,76,387602,0,34090,52,0,00,8490,5
45,350,649,27,96,40,89,72,13,46,-17,60,1,76,387534,9,34084,16,0,00,8484,2
45,400,649,95,95,52,89,81,13,46,-17,52,1,76,387474,7,34077,80,0,00,8477,8
45,451,650,62,94,65,89,90,13,46,-17,44,1,76,387421,5,34071,46,0,00,8471,5
45,501,651,29,93,78,89,99,13,46,-17,36,1,76,387347,5,34065,11,0,00,8465,1
45,551,651,96,92,91,90,08,13,46,-17,28,1,76,387288,0,34058,77,0,00,8458,8
45,601,652,64,92,05,90,16,13,46,-17,20,1,76,387227,7,34052,41,0,00,8452,4
45,651,653,31,91,19,90,25,13,45,-17,12,1,76,387188,1,34046,07,0,00,8446,1
45,701,653,98,90,34,90,34,13,45,-17,04,1,76,387120,8,34039,72,0,00,8439,7
45,751,654,65,89,49,90,43,13,45,-16,96,1,76,387060,3,34033,38,0,00,8433,4
45,801,655,33,88,64,90,52,13,45,-16,88,1,76,386992,8,34027,02,0,00,8427,0
45,851,656,00,87,80,90,60,13,45,-16,80,1,76,386932,3,34020,68,0,00,8420,7
45,901,656,67,86,96,90,69,13,45,-16,72,1,76,386871,6,34014,33,0,00,8414,3
45,951,657,35,86,13,90,78,13,45,-16,64,1,76,386817,9,34008,00,0,00,8408,0
46,001,658,02,85,30,90,87,13,45,-16,56,1,76,386757,3,34001,66,0,00,8401,7
46,051,658,69,84,47,90,96,13,45,-16,47,1,76,386689,7,33995,32,0,00,8395,3
46,101,659,36,83,65,91,04,13,45,-16,39,1,76,386628,9,33988,98,0,00,8389,0
46,151,660,04,82,83,91,13,13,45,-16,31,1,76,386568,1,33982,64,0,00,8382,6
46,201,660,71,82,02,91,22,13,45,-16,23,1,76,386520,9,33976,30,0,00,8376,3
46,251,661,38,81,21,91,31,13,44,-16,15,1,76,386467,7,33969,97,0,00,8370,0
46,301,662,05,80,40,91,40,13,44,-16,07,1,76,386386,0,33963,63,0,00,8363,6
46,351,662,72,79,60,91,48,13,44,-15,99,1,76,386331,9,33957,29,0,00,8357,3
46,401,663,40,78,80,91,57,13,44,-15,91,1,76,386267,4,33950,96,0,00,8351,0
46,451,664,07,78,01,91,66,13,44,-15,83,1,76,386203,0,33944,63,0,00,8344,6
46,501,664,74,77,22,91,75,13,44,-15,75,1,76,386148,8,33938,30,0,00,8338,3
46,551,665,41,76,44,91,84,13,44,-15,67,1,76,386087,8,33931,98,0,00,8332,0
46,601,666,08,75,65,91,92,13,44,-15,59,1,76,386019,7,33925,65,0,00,8325,6
46,651,666,76,74,88,92,01,13,44,-15,51,1,76,385961,9,33919,32,0,00,8319,3
46,701,667,43,74,10,92,10,13,44,-15,43,1,76,385900,6,33912,99,0,00,8313,0
46,751,668,10,73,33,92,19,13,44,-15,35,1,76,385835,8,33906,66,0,00,8306,7
46,801,668,77,72,57,92,27,13,44,-15,27,1,76,385774,4,33900,34,0,00,8300,3
46,851,669,44,71,81,92,36,13,44,-15,19,1,76,385719,9,33894,01,0,00,8294,0
46,901,670,12,71,05,92,45,13,44,-15,11,1,76,385652,3,33887,68,0,00,8287,7
46,951,670,79,70,30,92,54,13,43,-15,03,1,76,385594,3,33881,37,0,00,8281,4
47,001,671,46,69,55,92,63,13,43,-14,95,1,76,385532,8,33875,05,0,00,8275,0
47,051,672,13,68,80,92,71,13,43,-14,87,1,76,385471,3,33868,73,0,00,8268,7
47,101,672,80,68,06,92,80,13,43,-14,79,1,76,385409,7,33862,41,0,00,8262,4
47,151,673,47,67,32,92,89,13,43,-14,71,1,75,385348,0,33856,09,0,00,8256,1
47,201,674,15,66,59,92,98,13,43,-14,63,1,75,385282,8,33849,77,0,00,8249,8
47,251,674,82,65,86,93,06,13,43,-14,55,1,75,385221,1,33843,45,0,00,8243,5
47,301,675,49,65,13,93,15,13,43,-14,47,1,75,385162,7,33837,14,0,00,8237,1
47,351,676,16,64,41,93,24,13,43,-14,39,1,75,385097,4,33830,82,0,00,8230,8
47,401,676,83,63,70,93,33,13,43,-14,30,1,75,385039,0,33824,51,0,02,8224,5
47,451,677,50,62,98,93,42,13,43,-14,22,1,75,384974,3,33818,20,0,00,8218,2
47,501,678,17,62,27,93,50,13,43,-14,14,1,75,384915,8,33811,89,0,00,8211,9
47,551,678,85,61,57,93,59,13,43,-14,06,1,75,384853,8,33805,59,0,00,8205,6
47,601,679,52,60,87,93,68,13,43,-13,98,1,75,384791,8,33799,28,0,00,8199,3
47,651,680,19,60,17,93,77,13,42,-13,90,1,75,384729,6,33792,97,0,00,8193,0
47,701,680,86,59,48,93,85,13,42,-13,82,1,75,384670,9,33786,66,0,00,8186,7
47,751,681,53,58,79,93,94,13,42,-13,74,1,75,384601,8,33780,36,0,00,8180,4
47,801,682,20,58,10,94,03,13,42,-13,66,1,75,384539,7,33774,05,0,00,8174,1
47,851,682,87,57,42,94,12,13,42,-13,58,1,75,384477,3,33767,75,0,02,8167,7
47,901,683,54,56,74,94,20,13,42,-13,50,1,75,384419,1,33761,45,0,00,8161,4
47,951,684,22,56,07,94,29,13,42,-13,42,1,75,384356,8,33755,14,0,00,8155,1
48,001,684,89,55,40,94,38,13,42,-13,34,1,75,384294,3,33748,84,0,00,8148,8
48,051,685,56,54,74,94,47,13,42,-13,26,1,75,384225,0,33742,54,0,00,8142,5
48,101,686,23,54,08,94,55,13,42,-13,18,1,75,384162,4,33736,25,0,00,8136,2
48,151,686,90,53,42,94,64,13,42,-13,10,1,75,384103,3,33729,95,0,00,8129,9
48,201,687,57,52,77,94,73,13,42,-13,02,1,75,384040,7,33723,65,0,00,8123,6
48,251,688,24,52,12,94,82,13,42,-12,94,1,75,383975,3,33717,36,0,00,8117,4
48,301,688,91,51,47,94,90,13,42,-12,86,1,75,383916,0,33711,06,0,00,8111,1
48,351,689,58,50,83,94,99,13,42,-12,78,1,75,383849,9,33704,77,0,00,8104,8
48,401,690,25,50,19,95,08,13,42,-12,70,1,75,383787,0,33698,47,0,00,8098,5
48,451,690,92,49,56,95,17,13,41,-12,62,1,75,383731,0,33692,18,0,00,8092,2
48,501,691,59,48,93,95,26,13,41,-12,54,1,75,383661,3,33685,89,0,00,8085,9
48,551,692,26,48,31,95,34,13,41,-12,46,1,75,383595,6,33679,61,0,00,8079,6
48,601,692,94,47,69,95,43,13,41,-12,38,1,75,383536,1,33673,32,0,00,8073,3
48,651,693,61,47,07,95,52,13,41,-12,30,1,75,383476,5,33667,03,0,00,8067,0
48,701,694,28,46,46,95,61,13,41,-12,22,1,75,383406,5,33660,74,0,00,8060,7
48,751,694,95,45,85,95,69,13,41,-12,14,1,75,383353,8,33654,46,0,00,8054,5
48,801,695,62,45,24,95,78,13,41,-12,05,1,75,383291,3,33648,17,0,00,8048,2
48,851,696,29,44,64,95,87,13,41,-11,97,1,75,383224,6,33641,89,0,00,8041,9
48,901,696,96,44,05,95,96,13,41,-11,89,1,75,383164,8,33635,61,0,00,8035,6
48,951,697,63,43,45,96,04,13,41,-11,81,1,75,383094,6,33629,32,0,00,8029,3
49,001,698,30,42,86,96,13,13,41,-11,73,1,75,383031,3,33623,05,0,00,8023,0
49,051,698,97,42,28,96,22,13,41,-11,65,1,75,382961,8,33616,77,0,00,8016,8
49,101,699,64,41,70,96,31,13,41,-11,57,1,75,382912,1,33610,49,0,00,8010,5
49,151,700,31,41,12,96,39,13,41,-11,49,1,75,382838,3,33604,21,0,00,8004,2
49,201,700,98,40,55,96,48,13,41,-11,41,1,75,382785,1,33597,94,0,00,7997,9
49,251,701,65,39,98,96,57,13,41,-11,33,1,75,382721,5,33591,66,0,00,7991,7
49,301,702,32,39,42,96,66,13,40,-11,25,1,75,382654,5,33585,39,0,00,7985,4
49,351,702,99,38,86,96,74,13,40,-11,17,1,75,382615,7,33579,11,0,00,7979,1
49,401,703,66,38,30,96,83,13,40,-11,09,1,75,382531,3,33572,84,0,00,7972,8
49,451,704,33,37,75,96,92,13,40,-11,01,1,75,382464,0,33566,57,0,00,7966,6
49,501,705,00,37,20,97,01,13,40,-10,93,1,75,382400,3,33560,30,0,00,7960,3
49,551,705,67,36,65,97,09,13,40,-10,85,1,75,382336,5,33554,04,0,00,7954,0
49,601,706,34,36,11,97,18,13,40,-10,77,1,75,382276,1,33547,77,0,00,7947,8
49,651,707,01,35,58,97,27,13,40,-10,69,1,75,382212,3,33541,50,0,00,7941,5
49,701,707,68,35,05,97,35,13,40,-10,61,1,75,382152,4,33535,23,0,00,7935,2
49,751,708,35,34,52,97,44,13,40,-10,53,1,75,382078,1,33528,97,0,00,7929,0
49,801,709,02,33,99,97,53,13,40,-10,45,1,75,382014,1,33522,71,0,00,7922,7
49,851,709,69,33,47,97,62,13,40,-10,37,1,75,381949,9,33516,45,0,00,7916,4
49,901,710,36,32,96,97,70,13,40,-10,29,1,75,381885,8,33510,18,0,00,7910,2
49,951,711,03,32,44,97,79,13,40,-10,21,1,75,381821,6,33503,93,0,00,7903,9
50,001,711,70,31,93,97,88,13,40,-10,13,1,75,381764,3,33497,66,0,00,7897,7
50,051,712,37,31,43,97,97,13,40,-10,05,1,75,381699,9,33491,41,0,00,7891,4
50,102,713,04,30,93,98,05,13,40,-9,97,1,75,381632,8,33485,15,0,00,7885,1
50,152,713,71,30,43,98,14,13,40,-9,89,1,75,381568,4,33478,89,0,00,7878,9
50,202,714,38,29,94,98,23,13,40,-9,81,1,75,381500,4,33472,64,0,00,7872,6
50,252,715,05,29,45,98,32,13,39,-9,72,1,75,381439,3,33466,38,0,00,7866,4
50,302,715,72,28,97,98,40,13,39,-9,64,1,75,381371,3,33460,13,0,00,7860,1
50,352,716,39,28,49,98,49,13,39,-9,56,1,75,381310,2,33453,88,0,00,7853,9
50,402,717,06,28,01,98,58,13,39,-9,48,1,75,381245,6,33447,63,0,00,7847,6
50,452,717,73,27,54,98,67,13,39,-9,40,1,75,381177,5,33441,38,0,00,7841,4
50,502,718,40,27,07,98,75,13,39,-9,32,1,75,381112,8,33435,13,0,00,7835,1
50,552,719,07,26,61,98,84,13,39,-9,24,1,75,381052,2,33428,88,0,00,7828,9
50,602,719,74,26,15,98,93,13,39,-9,16,1,75,380983,8,33422,64,0,00,7822,6
50,652,720,41,25,69,99,02,13,39,-9,08,1,75,380919,0,33416,39,0,00,7816,4
50,702,721,08,25,24,99,10,13,39,-9,00,1,75,380854,0,33410,15,0,00,7810,1
50,752,721,75,24,79,99,19,13,39,-8,92,1,75,380792,4,33403,90,0,00,7803,9
50,802,722,42,24,35,99,28,13,39,-8,84,1,75,380727,4,33397,66,0,00,7797,7
50,852,723,09,23,91,99,37,13,39,-8,76,1,75,380662,3,33391,42,0,00,7791,4
50,902,723,76,23,47,99,45,13,39,-8,68,1,75,380593,8,33385,18,0,00,7785,2
50,952,724,43,23,04,99,54,13,39,-8,60,1,75,380528,7,33378,94,0,00,7778,9
51,002,725,09,22,61,99,63,13,39,-8,52,1,75,380463,4,33372,70,0,00,7772,7
51,052,725,76,22,19,99,72,13,39,-8,44,1,75,380395,4,33366,47,0,00,7766,5
51,102,726,43,21,77,99,80,13,39,-8,36,1,75,380333,6,33360,23,0,00,7760,2
51,152,727,10,21,35,99,89,13,39,-8,28,1,75,380271,6,33354,00,0,00,7754,0
51,202,727,77,20,94,99,98,13,39,-8,20,1,75,380206,2,33347,76,0,00,7747,8
51,252,728,44,20,53,100,07,13,39,-8,12,1,75,380137,2,33341,53,0,00,7741,5
51,302,729,11,20,13,100,15,13,38,-8,04,1,75,380071,7,33335,30,0,00,7735,3
51,352,729,78,19,73,100,24,13,38,-7,96,1,75,380006,1,33329,07,0,00,7729,1
51,402,730,45,19,33,100,33,13,38,-7,88,1,75,379938,8,33322,84,0,00,7722,8
51,452,731,12,18,94,100,42,13,38,-7,80,1,75,379874,8,33316,61,0,00,7716,6
51,502,731,79,18,55,100,50,13,38,-7,72,1,75,379809,2,33310,38,0,00,7710,4
51,552,732,46,18,17,100,59,13,38,-7,64,1,75,379744,2,33304,16,0,00,7704,2
51,602,733,13,17,79,100,68,13,38,-7,56,1,75,379678,3,33297,93,0,00,7697,9
51,652,733,79,17,41,100,76,13,38,-7,48,1,75,379612,5,33291,71,0,00,7691,7
51,702,734,46,17,04,100,85,13,38,-7,39,1,75,379548,3,33285,48,0,00,7685,5
51,752,735,13,16,67,100,94,13,38,-7,31,1,75,379478,9,33279,27,0,00,7679,3
51,802,735,80,16,31,101,03,13,38,-7,23,1,75,379411,2,33273,04,0,00,7673,0
51,852,736,47,15,95,101,11,13,38,-7,15,1,75,379350,3,33266,82,0,00,7666,8
51,902,737,14,15,59,101,20,13,38,-7,07,1,75,379280,8,33260,61,0,00,7660,6
51,952,737,81,15,24,101,29,13,38,-6,99,1,75,379216,3,33254,39,0,00,7654,4
52,002,738,48,14,90,101,38,13,38,-6,91,1,75,379148,4,33248,17,0,00,7648,2
52,052,739,15,14,55,101,46,13,38,-6,83,1,75,379079,4,33241,96,0,00,7642,0
52,102,739,82,14,21,101,55,13,38,-6,75,1,75,379016,5,33235,74,0,00,7635,7
52,152,740,48,13,88,101,64,13,38,-6,67,1,75,378950,1,33229,53,0,00,7629,5
52,202,741,15,13,55,101,73,13,38,-6,59,1,75,378885,4,33223,32,0,00,7623,3
52,252,741,82,13,22,101,81,13,38,-6,51,1,75,378817,2,33217,11,0,00,7617,1
52,302,742,49,12,89,101,90,13,38,-6,43,1,75,378750,7,33210,89,0,00,7610,9
52,352,743,16,12,57,101,99,13,38,-6,35,1,75,378685,8,33204,69,0,00,7604,7
52,402,743,83,12,26,102,08,13,38,-6,27,1,75,378615,8,33198,48,0,00,7598,5
52,452,744,50,11,95,102,16,13,37,-6,19,1,75,378549,1,33192,27,0,00,7592,3
52,502,745,17,11,64,102,25,13,37,-6,11,1,75,378484,0,33186,07,0,00,7586,1
52,552,745,84,11,34,102,34,13,37,-6,03,1,75,378417,9,33179,86,0,00,7579,9
52,602,746,50,11,04,102,43,13,37,-5,95,1,75,378354,5,33173,66,0,00,7573,7
52,652,747,17,10,74,102,51,13,37,-5,87,1,75,378284,2,33167,46,0,00,7567,5
52,702,747,84,10,45,102,60,13,37,-5,79,1,75,378213,8,33161,26,0,00,7561,3
52,752,748,51,10,16,102,69,13,37,-5,71,1,75,378146,7,33155,05,0,00,7555,1
52,802,749,18,9,88,102,78,13,37,-5,63,1,75,378083,1,33148,86,0,00,7548,9
52,852,749,85,9,60,102,86,13,37,-5,55,1,75,378014,2,33142,66,0,00,7542,7
52,902,750,52,9,32,102,95,13,37,-5,47,1,75,377948,7,33136,46,0,00,7536,5
52,952,751,18,9,05,103,04,13,37,-5,39,1,75,377879,8,33130,27,0,00,7530,3
53,002,751,85,8,79,103,13,13,37,-5,31,1,75,377814,8,33124,07,0,00,7524,1
53,052,752,52,8,52,103,21,13,37,-5,23,1,75,377744,0,33117,88,0,00,7517,9
53,102,753,19,8,26,103,30,13,37,-5,15,1,75,377680,0,33111,69,0,00,7511,7
53,152,753,86,8,01,103,39,13,37,-5,07,1,75,377610,8,33105,50,0,00,7505,5
53,202,754,53,7,76,103,48,13,37,-4,99,1,75,377541,5,33099,30,0,00,7499,3
53,252,755,19,7,51,103,56,13,37,-4,91,1,75,377472,1,33093,12,0,00,7493,1
53,302,755,86,7,27,103,65,13,37,-4,83,1,75,377406,2,33086,93,0,00,7486,9
53,352,756,53,7,03,103,74,13,37,-4,74,1,75,377345,9,33080,75,0,00,7480,7
53,402,757,20,6,79,103,83,13,37,-4,66,1,75,377271,2,33074,56,0,00,7474,6
53,452,757,87,6,56,103,91,13,37,-4,58,1,75,377203,3,33068,38,0,00,7468,4
53,502,758,54,6,33,104,00,13,37,-4,50,1,75,377133,5,33062,19,0,00,7462,2
53,552,759,20,6,11,104,09,13,37,-4,42,1,75,377067,2,33056,01,0,00,7456,0
53,602,759,87,5,89,104,18,13,36,-4,27,1,75,456858,0,33049,01,0,00,7449,0
53,652,760,54,5,68,104,26,13,37,-4,13,1,75,416338,2,33042,19,0,00,7442,2
53,702,761,21,5,48,104,35,13,36,-3,99,1,75,413577,8,33035,39,0,00,7435,4
53,752,761,88,5,28,104,44,13,36,-3,86,1,75,410970,0,33028,63,0,00,7428,6
53,802,762,55,5,09,104,53,13,36,-3,73,1,75,408424,7,33021,91,0,00,7421,9
53,852,763,21,4,91,104,61,13,36,-3,60,1,75,405939,7,33015,24,0,00,7415,2
53,902,763,88,4,73,104,70,13,36,-3,48,1,75,403515,4,33008,61,0,00,7408,6
53,952,764,55,4,56,104,79,13,36,-3,36,1,75,401149,0,33002,02,0,00,7402,0
54,002,765,22,4,40,104,88,13,36,-3,24,1,75,398838,9,32995,46,0,00,7395,5
54,052,765,89,4,24,104,96,13,36,-3,13,1,75,396587,1,32988,94,0,00,7388,9
54,102,766,56,4,08,105,05,13,36,-3,02,1,75,394387,8,32982,46,0,00,7382,5
54,152,767,22,3,94,105,14,13,36,-2,92,1,75,392241,8,32976,01,0,00,7376,0
54,202,767,89,3,79,105,23,13,36,-2,81,1,75,390147,1,32969,60,0,02,7369,6
54,252,768,56,3,65,105,32,13,36,-2,71,1,75,388104,4,32963,22,0,00,7363,2
54,302,769,23,3,52,105,40,13,36,-2,62,1,75,386110,5,32956,88,0,00,7356,9
54,352,769,89,3,39,105,49,13,36,-2,52,1,75,384164,2,32950,57,0,00,7350,6
54,402,770,56,3,27,105,58,13,36,-2,43,1,75,382326,3,32944,29,0,00,7344,3
54,452,771,23,3,15,105,67,13,36,-2,34,1,75,380413,9,32938,04,0,00,7338,0
54,502,771,90,3,04,105,75,13,36,-2,26,1,75,378607,5,32931,82,0,00,7331,8
54,552,772,56,2,92,105,84,13,36,-2,17,1,75,376843,9,32925,63,0,00,7325,6
54,602,773,23,2,82,105,93,13,36,-2,09,1,75,375125,7,32919,46,0,00,7319,5
54,652,773,90,2,72,106,02,13,36,-2,01,1,75,373446,3,32913,33,0,00,7313,3
54,702,774,57,2,62,106,10,13,36,-1,94,1,75,371808,7,32907,22,0,00,7307,2
54,752,775,24,2,52,106,19,13,35,-1,87,1,75,370211,2,32901,14,0,00,7301,1
54,803,775,90,2,43,106,28,13,35,-1,79,1,75,368653,2,32895,08,0,00,7295,1
54,853,776,57,2,34,106,37,13,35,-1,73,1,75,367134,3,32889,05,0,00,7289,1
54,903,777,24,2,26,106,45,13,35,-1,66,1,75,365651,7,32883,05,0,00,7283,0
54,953,777,91,2,18,106,54,13,35,-1,59,1,75,364206,0,32877,07,0,00,7277,1
55,003,778,57,2,10,106,63,13,35,-1,53,1,75,362792,1,32871,11,0,00,7271,1
55,053,779,24,2,02,106,72,13,35,-1,47,1,75,361420,2,32865,17,0,00,7265,2
55,103,779,91,1,95,106,81,13,35,-1,41,1,75,360078,3,32859,26,0,00,7259,3
55,153,780,58,1,88,106,89,13,35,-1,36,1,75,358769,8,32853,37,0,00,7253,4
55,203,781,25,1,81,106,98,13,35,-1,30,1,75,357493,8,32847,50,0,02,7247,5
55,253,781,91,1,75,107,07,13,35,-1,25,1,75,356249,2,32841,65,0,00,7241,6
55,303,782,58,1,69,107,16,13,35,-1,20,1,75,355035,6,32835,82,0,00,7235,8
55,353,783,25,1,63,107,24,13,35,-1,15,1,75,353852,0,32830,01,0,00,7230,0
55,403,783,92,1,58,107,33,13,35,-1,10,1,76,352697,8,32824,22,0,00,7224,2
55,453,784,58,1,52,107,42,13,35,-1,05,1,76,351572,4,32818,45,0,00,7218,4
55,503,785,25,1,47,107,51,13,35,-1,01,1,76,350475,4,32812,69,0,00,7212,7
55,553,785,92,1,42,107,60,13,35,-0,97,1,76,349405,3,32806,96,0,00,7207,0
55,603,786,59,1,37,107,68,13,35,-0,93,1,76,348361,9,32801,24,0,00,7201,2
55,653,787,25,1,33,107,77,13,35,-0,89,1,76,347344,6,32795,54,0,00,7195,5
55,703,787,92,1,28,107,86,13,35,-0,85,1,76,346352,9,32789,85,0,00,7189,8
55,753,788,59,1,24,107,95,13,35,-0,81,1,76,345385,4,32784,18,0,00,7184,2
55,803,789,25,1,20,108,03,13,35,-0,77,1,76,344443,8,32778,52,0,00,7178,5
55,853,789,92,1,17,108,12,13,34,-0,74,1,76,343524,7,32772,89,0,00,7172,9
55,903,790,59,1,13,108,21,13,34,-0,71,1,76,342629,0,32767,26,0,00,7167,3
55,953,791,26,1,10,108,30,13,34,-0,67,1,76,341755,7,32761,65,0,00,7161,7
56,003,791,92,1,06,108,39,13,34,-0,64,1,76,340958,4,32756,06,0,00,7156,1
56,053,792,59,1,03,108,47,13,34,-0,61,1,76,340074,8,32750,48,0,00,7150,5
56,103,793,26,1,00,108,56,13,34,-0,59,1,76,339266,2,32744,91,0,00,7144,9
56,108,793,32,1,00,108,57,13,34,-0,58,1,76,339186,6,32744,35,0,00,7144,4
56,113,793,39,0,99,108,58,13,34,-0,58,1,76,339106,9,32743,80,0,00,7143,8
56,118,793,46,0,99,108,59,13,34,-0,58,1,76,339027,8,32743,24,0,00,7143,2
56,123,793,52,0,99,108,60,13,34,-0,58,1,76,338948,5,32742,69,0,00,7142,7
56,128,793,59,0,99,108,61,13,34,-0,57,1,76,338869,7,32742,13,0,00,7142,1
56,133,793,66,0,98,108,61,13,34,-0,57,1,76,338790,8,32741,58,0,00,7141,6
56,138,793,72,0,98,108,62,13,34,-0,57,1,76,338712,5,32741,02,0,00,7141,0
56,143,793,79,0,98,108,63,13,34,-0,56,1,76,338634,0,32740,46,0,00,7140,5
56,148,793,86,0,97,108,64,13,34,-0,56,1,76,338556,1,32739,91,0,00,7139,9
56,153,793,92,0,97,108,65,13,34,-0,56,1,76,338478,0,32739,36,0,00,7139,4
56,158,793,99,0,97,108,66,13,34,-0,56,1,76,338400,3,32738,80,0,00,7138,8
56,163,794,06,0,97,108,67,13,34,-0,55,1,76,338322,8,32738,25,0,00,7138,2
56,168,794,12,0,96,108,68,13,34,-0,55,1,76,338245,4,32737,69,0,00,7137,7
56,173,794,19,0,96,108,68,13,34,-0,55,1,76,338168,4,32737,14,0,00,7137,1
56,178,794,26,0,96,108,69,13,34,-0,55,1,76,338091,4,32736,58,0,00,7136,6
56,183,794,32,0,96,108,70,13,34,-0,54,1,76,338014,8,32736,03,0,00,7136,0
56,188,794,39,0,95,108,71,13,34,-0,54,1,76,337938,2,32735,47,0,00,7135,5
56,193,794,46,0,95,108,72,13,34,-0,54,1,76,337861,9,32734,92,0,00,7134,9
56,198,794,52,0,95,108,73,13,34,-0,54,1,76,337785,8,32734,37,0,00,7134,4
56,203,794,59,0,94,108,74,13,34,-0,53,1,76,337709,9,32733,81,0,00,7133,8
56,208,794,66,0,94,108,75,13,34,-0,53,1,76,337633,9,32733,26,0,00,7133,3
56,213,794,72,0,94,108,75,13,34,-0,53,1,76,337558,7,32732,71,0,00,7132,7
56,218,794,79,0,94,108,76,13,34,-0,53,1,76,337483,1,32732,15,0,00,7132,2
56,223,794,86,0,93,108,77,13,34,-0,52,1,76,337408,2,32731,60,0,00,7131,6
56,228,794,92,0,93,108,78,13,34,-0,52,1,76,337332,9,32731,05,0,00,7131,0
56,233,794,99,0,93,108,79,13,34,-0,52,1,76,337258,4,32730,49,0,00,7130,5
56,238,795,06,0,93,108,80,13,34,-0,52,1,76,337183,5,32729,94,0,00,7129,9
56,243,795,12,0,92,108,81,13,34,-0,51,1,76,337109,4,32729,39,0,00,7129,4
56,248,795,19,0,92,108,82,13,34,-0,51,1,76,337034,9,32728,84,0,00,7128,8
56,253,795,26,0,92,108,82,13,34,-0,51,1,76,336961,2,32728,28,0,00,7128,3
56,258,795,32,0,92,108,83,13,34,-0,51,1,76,336887,3,32727,73,0,00,7127,7
56,263,795,39,0,91,108,84,13,34,-0,50,1,76,336813,7,32727,18,0,00,7127,2
56,268,795,46,0,91,108,85,13,34,-0,50,1,76,336740,2,32726,63,0,00,7126,6
56,273,795,52,0,91,108,86,13,34,-0,50,1,76,336666,9,32726,07,0,00,7126,1
56,278,795,59,0,91,108,87,13,34,-0,50,1,76,336594,0,32725,52,0,00,7125,5
56,283,795,66,0,90,108,88,13,34,-0,49,1,76,336520,9,32724,97,0,00,7125,0
56,288,795,72,0,90,108,89,13,34,-0,49,1,76,336448,1,32724,42,0,02,7124,4
56,293,795,79,0,90,108,90,13,34,-0,49,1,76,336376,0,32723,87,0,00,7123,9
56,298,795,86,0,90,108,90,13,34,-0,49,1,76,336356,7,32723,32,0,00,7123,3
56,303,795,92,0,89,108,91,13,34,-0,48,1,76,336252,3,32722,77,0,00,7122,8
56,308,795,99,0,89,108,92,13,34,-0,48,1,76,336148,4,32722,21,0,00,7122,2
56,313,796,06,0,89,108,93,13,34,-0,48,1,76,336094,3,32721,66,0,00,7121,7
56,318,796,13,0,89,108,94,13,34,-0,48,1,76,336013,3,32721,11,0,00,7121,1
56,323,796,19,0,88,108,95,13,34,-0,48,1,76,335946,8,32720,56,0,00,7120,6
56,328,796,26,0,88,108,96,13,34,-0,47,1,76,335872,9,32720,01,0,00,7120,0
56,333,796,33,0,88,108,97,13,34,-0,47,1,76,335803,5,32719,46,0,00,7119,5
56,338,796,39,0,88,108,97,13,34,-0,47,1,76,335731,4,32718,91,0,00,7118,9
56,343,796,46,0,87,108,98,13,34,-0,47,1,76,335661,8,32718,36,0,00,7118,4
56,348,796,53,0,87,108,99,13,34,-0,46,1,76,335590,7,32717,81,0,00,7117,8
56,353,796,59,0,87,109,00,13,34,-0,46,1,76,335520,7,32717,26,0,00,7117,3
56,358,796,66,0,87,109,01,13,34,-0,46,1,76,335450,2,32716,71,0,00,7116,7
56,363,796,73,0,87,109,02,13,34,-0,46,1,76,335380,8,32716,16,0,00,7116,2
56,368,796,79,0,86,109,03,13,34,-0,45,1,76,335310,8,32715,61,0,00,7115,6
56,373,796,86,0,86,109,04,13,34,-0,45,1,76,335241,1,32715,06,0,00,7115,1
56,378,796,93,0,86,109,04,13,34,-0,45,1,76,335171,7,32714,51,0,00,7114,5
56,383,796,99,0,86,109,05,13,34,-0,45,1,76,335102,6,32713,96,0,00,7114,0
56,388,797,06,0,85,109,06,13,34,-0,45,1,76,335033,7,32713,41,0,00,7113,4
56,393,797,13,0,85,109,07,13,34,-0,44,1,76,334964,7,32712,86,0,00,7112,9
56,398,797,19,0,85,109,08,13,34,-0,44,1,76,334896,3,32712,31,0,00,7112,3
56,403,797,26,0,85,109,09,13,34,-0,44,1,76,334827,0,32711,77,0,00,7111,8
56,408,797,33,0,85,109,10,13,34,-0,44,1,76,334759,7,32711,22,0,00,7111,2
56,413,797,39,0,84,109,11,13,34,-0,44,1,76,334690,9,32710,67,0,00,7110,7
56,418,797,46,0,84,109,11,13,34,-0,43,1,76,334623,2,32710,12,0,00,7110,1
56,423,797,53,0,84,109,12,13,34,-0,43,1,76,334555,4,32709,57,0,00,7109,6
56,428,797,59,0,84,109,13,13,34,-0,43,1,76,334487,4,32709,02,0,00,7109,0
56,433,797,66,0,83,109,14,13,34,-0,43,1,76,334420,6,32708,47,0,00,7108,5
56,438,797,73,0,83,109,15,13,34,-0,42,1,76,334352,8,32707,93,0,00,7107,9
56,443,797,79,0,83,109,16,13,34,-0,42,1,76,334286,0,32707,38,0,00,7107,4
56,448,797,86,0,83,109,17,13,34,-0,42,1,76,334219,1,32706,83,0,00,7106,8
56,453,797,93,0,83,109,18,13,34,-0,42,1,76,334152,0,32706,28,0,00,7106,3
56,458,797,99,0,82,109,18,13,34,-0,42,1,76,334085,7,32705,73,0,00,7105,7
56,463,798,06,0,82,109,19,13,34,-0,41,1,76,334019,1,32705,19,0,00,7105,2
56,468,798,13,0,82,109,20,13,34,-0,41,1,76,333953,3,32704,64,0,00,7104,6
56,473,798,19,0,82,109,21,13,34,-0,41,1,76,333886,4,32704,09,0,00,7104,1
56,478,798,26,0,82,109,22,13,34,-0,41,1,76,333821,6,32703,54,0,00,7103,5
56,483,798,33,0,81,109,23,13,34,-0,41,1,76,333755,2,32703,00,0,00,7103,0
56,488,798,39,0,81,109,24,13,34,-0,40,1,76,333690,0,32702,45,0,00,7102,5
56,493,798,46,0,81,109,25,13,34,-0,40,1,76,333624,2,32701,90,0,00,7101,9
56,498,798,53,0,81,109,26,13,34,-0,40,1,76,333559,1,32701,36,0,00,7101,4
56,503,798,59,0,81,109,26,13,34,-0,40,1,76,333494,2,32700,81,0,00,7100,8
56,508,798,66,0,80,109,27,13,34,-0,40,1,76,333429,6,32700,26,0,00,7100,3
56,513,798,73,0,80,109,28,13,34,-0,39,1,76,333364,4,32699,72,0,00,7099,7
56,518,798,79,0,80,109,29,13,34,-0,39,1,76,333299,9,32699,17,0,00,7099,2
56,523,798,86,0,80,109,30,13,34,-0,39,1,76,333235,7,32698,63,0,00,7098,6
56,528,798,93,0,80,109,31,13,34,-0,39,1,76,333171,7,32698,08,0,00,7098,1
56,533,798,99,0,79,109,32,13,34,-0,39,1,76,333107,1,32697,53,0,00,7097,5
56,538,799,06,0,79,109,33,13,34,-0,39,1,76,333043,6,32696,99,0,00,7097,0
56,543,799,13,0,79,109,33,13,34,-0,38,1,76,332979,9,32696,44,0,00,7096,4
56,548,799,19,0,79,109,34,13,34,-0,38,1,76,332916,1,32695,89,0,00,7095,9
56,553,799,26,0,79,109,35,13,34,-0,38,1,76,332853,4,32695,35,0,00,7095,3
56,558,799,33,0,78,109,36,13,34,-0,38,1,76,332789,2,32694,80,0,00,7094,8
56,563,799,39,0,78,109,37,13,34,-0,38,1,76,332727,0,32694,26,0,00,7094,3
56,568,799,46,0,78,109,38,13,34,-0,37,1,76,332663,8,32693,71,0,00,7093,7
56,573,799,53,0,78,109,39,13,34,-0,37,1,76,332600,8,32693,17,0,00,7093,2
56,578,799,59,0,78,109,40,13,34,-0,37,1,76,332538,9,32692,62,0,00,7092,6
56,583,799,66,0,78,109,40,13,34,-0,37,1,76,332476,0,32692,08,0,00,7092,1
56,588,799,73,0,77,109,41,13,34,-0,37,1,76,332413,7,32691,53,0,00,7091,5
56,593,799,79,0,77,109,42,13,34,-0,36,1,76,332352,2,32690,99,0,00,7091,0
56,598,799,86,0,77,109,43,13,34,-0,36,1,76,332289,6,32690,44,0,02,7090,4
56,603,799,93,0,77,109,44,13,34,-0,36,1,76,332228,5,32689,90,0,00,7089,9
56,608,799,99,0,77,109,45,13,34,-0,36,1,76,332219,2,32689,35,0,00,7089,4
56,613,800,06,0,76,109,46,13,34,-0,36,1,76,332125,8,32688,81,0,00,7088,8
56,618,800,13,0,76,109,47,13,34,-0,36,1,76,332033,2,32688,27,0,00,7088,3
56,623,800,19,0,76,109,47,13,34,-0,35,1,76,331989,0,32687,72,0,00,7087,7
56,628,800,26,0,76,109,48,13,34,-0,35,1,76,331918,9,32687,18,0,00,7087,2
56,633,800,33,0,76,109,49,13,34,-0,35,1,76,331863,6,32686,63,0,00,7086,6
56,638,800,39,0,76,109,50,13,34,-0,35,1,76,331799,1,32686,09,0,00,7086,1
56,643,800,46,0,75,109,51,13,34,-0,35,1,76,331741,7,32685,54,0,00,7085,5
56,648,800,53,0,75,109,52,13,34,-0,35,1,76,331679,0,32685,00,0,00,7085,0
56,653,800,59,0,75,109,53,13,34,-0,34,1,76,331620,3,32684,46,0,00,7084,5
56,658,800,66,0,75,109,54,13,34,-0,34,1,76,331559,4,32683,91,0,00,7083,9
56,663,800,73,0,75,109,54,13,34,-0,34,1,76,331500,4,32683,37,0,00,7083,4
56,668,800,79,0,75,109,55,13,34,-0,34,1,76,331439,9,32682,83,0,00,7082,8
56,673,800,86,0,74,109,56,13,34,-0,34,1,76,331381,0,32682,28,0,00,7082,3
56,678,800,93,0,74,109,57,13,34,-0,34,1,76,331321,0,32681,74,0,00,7081,7
56,683,800,99,0,74,109,58,13,34,-0,33,1,76,331262,5,32681,20,0,00,7081,2
56,688,801,06,0,74,109,59,13,34,-0,33,1,76,331202,5,32680,65,0,00,7080,7
56,693,801,13,0,74,109,60,13,34,-0,33,1,76,331144,6,32680,11,0,00,7080,1
56,698,801,19,0,74,109,61,13,34,-0,33,1,76,331084,7,32679,57,0,00,7079,6
56,703,801,26,0,73,109,62,13,34,-0,33,1,76,331027,1,32679,03,0,00,7079,0
56,708,801,33,0,73,109,62,13,34,-0,33,1,76,330968,1,32678,48,0,00,7078,5
56,713,801,39,0,73,109,63,13,34,-0,32,1,76,330909,8,32677,94,0,00,7077,9
56,718,801,46,0,73,109,64,13,34,-0,32,1,76,330851,7,32677,40,0,00,7077,4
56,723,801,53,0,73,109,65,13,34,-0,32,1,76,330793,8,32676,86,0,00,7076,9
56,728,801,59,0,73,109,66,13,34,-0,32,1,76,330735,7,32676,31,0,00,7076,3
56,733,801,66,0,72,109,67,13,34,-0,32,1,76,330678,3,32675,77,0,00,7075,8
56,738,801,73,0,72,109,68,13,34,-0,32,1,76,330620,3,32675,23,0,00,7075,2
56,743,801,79,0,72,109,69,13,34,-0,31,1,76,330563,4,32674,69,0,00,7074,7
56,748,801,86,0,72,109,69,13,34,-0,31,1,76,330505,8,32674,15,0,00,7074,1
56,753,801,93,0,72,109,70,13,34,-0,31,1,76,330449,3,32673,61,0,00,7073,6
56,758,801,99,0,72,109,71,13,34,-0,31,1,76,330391,4,32673,06,0,00,7073,1
56,763,802,06,0,71,109,72,13,34,-0,31,1,76,330335,3,32672,52,0,00,7072,5
56,768,802,13,0,71,109,73,13,34,-0,31,1,76,330278,3,32671,98,0,00,7072,0
56,773,802,19,0,71,109,74,13,34,-0,31,1,76,330221,8,32671,44,0,00,7071,4
56,778,802,26,0,71,109,75,13,34,-0,30,1,76,330165,6,32670,90,0,00,7070,9
56,783,802,33,0,71,109,76,13,34,-0,30,1,76,330109,2,32670,36,0,00,7070,4
56,788,802,39,0,71,109,76,13,34,-0,30,1,76,330053,1,32669,81,0,00,7069,8
56,793,802,46,0,71,109,77,13,34,-0,30,1,76,329997,6,32669,27,0,00,7069,3
56,798,802,53,0,70,109,78,13,34,-0,30,1,76,329941,4,32668,73,0,00,7068,7
56,803,802,59,0,70,109,79,13,33,-0,30,1,76,329885,9,32668,19,0,00,7068,2
56,808,802,66,0,70,109,80,13,33,-0,30,1,76,329830,2,32667,65,0,00,7067,7
56,813,802,73,0,70,109,81,13,33,-0,29,1,76,329774,8,32667,11,0,00,7067,1
56,818,802,79,0,70,109,82,13,33,-0,29,1,76,329720,3,32666,57,0,00,7066,6
56,823,802,86,0,70,109,83,13,33,-0,29,1,76,329664,4,32666,03,0,00,7066,0
56,828,802,93,0,70,109,83,13,33,-0,29,1,76,329609,6,32665,49,0,00,7065,5
56,833,802,99,0,69,109,84,13,33,-0,29,1,76,329555,0,32664,95,0,00,7064,9
56,838,803,06,0,69,109,85,13,33,-0,29,1,76,329500,7,32664,41,0,00,7064,4
56,843,803,13,0,69,109,86,13,33,-0,29,1,76,329445,7,32663,87,0,00,7063,9
56,848,803,19,0,69,109,87,13,33,-0,28,1,76,329391,8,32663,33,0,00,7063,3
56,853,803,26,0,69,109,88,13,33,-0,28,1,76,329337,2,32662,79,0,00,7062,8
56,858,803,33,0,69,109,89,13,33,-0,28,1,76,329283,7,32662,25,0,00,7062,2
56,863,803,39,0,69,109,90,13,33,-0,28,1,76,329229,2,32661,71,0,00,7061,7
56,868,803,46,0,68,109,91,13,33,-0,28,1,76,329176,1,32661,17,0,00,7061,2
56,873,803,53,0,68,109,91,13,33,-0,28,1,76,329121,5,32660,63,0,00,7060,6
56,878,803,59,0,68,109,92,13,33,-0,28,1,76,329068,9,32660,09,0,00,7060,1
56,883,803,66,0,68,109,93,13,33,-0,27,1,76,329014,8,32659,55,0,00,7059,6
56,888,803,73,0,68,109,94,13,33,-0,27,1,76,328962,2,32659,01,0,00,7059,0
56,893,803,79,0,68,109,95,13,33,-0,27,1,76,328908,5,32658,47,0,00,7058,5
56,898,803,86,0,68,109,96,13,33,-0,27,1,76,328856,3,32657,93,0,00,7057,9
56,903,803,93,0,67,109,97,13,33,-0,27,1,76,328802,6,32657,39,0,02,7057,4
56,908,803,99,0,67,109,98,13,33,-0,27,1,76,328750,9,32656,86,0,00,7056,9
56,913,804,06,0,67,109,98,13,33,-0,27,1,76,328750,0,32656,32,0,00,7056,3
56,918,804,13,0,67,109,99,13,33,-0,27,1,76,328666,3,32655,78,0,00,7055,8
56,923,804,19,0,67,110,00,13,33,-0,26,1,76,328582,4,32655,24,0,00,7055,2
56,928,804,26,0,67,110,01,13,33,-0,26,1,76,328547,8,32654,70,0,00,7054,7
56,933,804,33,0,67,110,02,13,33,-0,26,1,76,328486,0,32654,16,0,00,7054,2
56,938,804,39,0,66,110,03,13,33,-0,26,1,76,328439,8,32653,62,0,00,7053,6
56,943,804,46,0,66,110,04,13,33,-0,26,1,76,328385,2,32653,09,0,00,7053,1
56,948,804,53,0,66,110,05,13,33,-0,26,1,76,328334,7,32652,55,0,00,7052,5
56,953,804,59,0,66,110,05,13,33,-0,26,1,76,328283,1,32652,01,0,00,7052,0
56,958,804,66,0,66,110,06,13,33,-0,26,1,76,328231,8,32651,47,0,00,7051,5
56,963,804,73,0,66,110,07,13,33,-0,25,1,76,328180,6,32650,93,0,00,7050,9
56,968,804,79,0,66,110,08,13,33,-0,25,1,76,328129,6,32650,39,0,00,7050,4
56,973,804,86,0,66,110,09,13,33,-0,25,1,76,328078,4,32649,86,0,00,7049,9
56,978,804,93,0,65,110,10,13,33,-0,25,1,76,328028,3,32649,32,0,00,7049,3
56,983,804,99,0,65,110,11,13,33,-0,25,1,76,327976,7,32648,78,0,00,7048,8
56,988,805,06,0,65,110,12,13,33,-0,25,1,76,327927,0,32648,24,0,00,7048,2
56,993,805,13,0,65,110,12,13,33,-0,25,1,76,327876,7,32647,71,0,00,7047,7
56,998,805,19,0,65,110,13,13,33,-0,25,1,76,327826,1,32647,17,0,00,7047,2
57,003,805,26,0,65,110,14,13,33,-0,24,1,76,327776,1,32646,63,0,00,7046,6
57,008,805,33,0,65,110,15,13,33,-0,24,1,76,327725,9,32646,09,0,00,7046,1
57,013,805,39,0,65,110,16,13,33,-0,24,1,76,327676,4,32645,56,0,00,7045,6
57,018,805,46,0,64,110,17,13,33,-0,24,1,76,327626,6,32645,02,0,00,7045,0
57,023,805,53,0,64,110,18,13,33,-0,24,1,76,327577,0,32644,48,0,00,7044,5
57,028,805,59,0,64,110,19,13,33,-0,24,1,76,327527,2,32643,95,0,00,7043,9
57,033,805,66,0,64,110,20,13,33,-0,24,1,76,327478,5,32643,41,0,00,7043,4
57,038,805,73,0,64,110,20,13,33,-0,24,1,76,327429,1,32642,87,0,00,7042,9
57,043,805,79,0,64,110,21,13,33,-0,24,1,76,327379,9,32642,34,0,00,7042,3
57,048,805,86,0,64,110,22,13,33,-0,23,1,76,327330,9,32641,80,0,00,7041,8
57,053,805,93,0,64,110,23,13,33,-0,23,1,76,327282,5,32641,26,0,00,7041,3
57,058,805,99,0,64,110,24,13,33,-0,23,1,76,327233,5,32640,72,0,00,7040,7
57,063,806,06,0,63,110,25,13,33,-0,23,1,76,327185,1,32640,19,0,00,7040,2
57,068,806,13,0,63,110,26,13,33,-0,23,1,76,327136,4,32639,65,0,00,7039,7
57,073,806,19,0,63,110,27,13,33,-0,23,1,76,327088,4,32639,12,0,00,7039,1
57,078,806,26,0,63,110,27,13,33,-0,23,1,76,327040,2,32638,58,0,00,7038,6
57,083,806,33,0,63,110,28,13,33,-0,23,1,76,326992,1,32638,04,0,00,7038,0
57,088,806,39,0,63,110,29,13,33,-0,23,1,76,326944,3,32637,51,0,00,7037,5
57,093,806,46,0,63,110,30,13,33,-0,22,1,76,326896,2,32636,97,0,00,7037,0
57,098,806,53,0,63,110,31,13,33,-0,22,1,76,326849,2,32636,44,0,00,7036,4
57,103,806,59,0,63,110,32,13,33,-0,22,1,76,326801,0,32635,90,0,00,7035,9
57,108,806,66,0,62,110,33,13,33,-0,22,1,76,326753,9,32635,37,0,00,7035,4
57,113,806,73,0,62,110,34,13,33,-0,22,1,76,326706,6,32634,83,0,00,7034,8
57,118,806,79,0,62,110,34,13,33,-0,22,1,76,326659,1,32634,29,0,00,7034,3
57,123,806,86,0,62,110,35,13,33,-0,22,1,76,326612,6,32633,76,0,00,7033,8
57,128,806,93,0,62,110,36,13,33,-0,22,1,76,326565,4,32633,22,0,00,7033,2
57,133,806,99,0,62,110,37,13,33,-0,22,1,76,326518,8,32632,69,0,00,7032,7
57,138,807,06,0,62,110,38,13,33,-0,22,1,76,326471,6,32632,15,0,00,7032,2
57,143,807,13,0,62,110,39,13,33,-0,21,1,76,326425,9,32631,62,0,00,7031,6
57,148,807,19,0,62,110,40,13,33,-0,21,1,76,326378,6,32631,08,0,00,7031,1
57,153,807,26,0,61,110,41,13,33,-0,21,1,76,326333,3,32630,55,0,00,7030,5
57,158,807,33,0,61,110,41,13,33,-0,21,1,76,326286,3,32630,01,0,00,7030,0
57,163,807,39,0,61,110,42,13,33,-0,21,1,76,326240,5,32629,48,0,00,7029,5
57,168,807,46,0,61,110,43,13,33,-0,21,1,76,326194,4,32628,94,0,00,7028,9
57,173,807,53,0,61,110,44,13,33,-0,21,1,76,326148,9,32628,41,0,00,7028,4
57,178,807,59,0,61,110,45,13,33,-0,21,1,76,326102,8,32627,87,0,00,7027,9
57,183,807,66,0,61,110,46,13,33,-0,21,1,76,326057,7,32627,34,0,00,7027,3
57,188,807,73,0,61,110,47,13,33,-0,21,1,76,326011,9,32626,80,0,00,7026,8
57,193,807,79,0,61,110,48,13,33,-0,21,1,76,325966,8,32626,27,0,00,7026,3
57,198,807,86,0,60,110,49,13,33,-0,20,1,76,325921,8,32625,73,0,00,7025,7
57,203,807,93,0,60,110,49,13,33,-0,20,1,76,325876,2,32625,20,0,00,7025,2
57,208,807,99,0,60,110,50,13,33,-0,20,1,76,325831,6,32624,67,0,02,7024,7
57,213,808,06,0,60,110,51,13,33,-0,20,1,76,325786,7,32624,13,0,00,7024,1
57,218,808,13,0,60,110,52,13,33,-0,20,1,76,325793,6,32623,60,0,00,7023,6
57,223,808,19,0,60,110,53,13,33,-0,20,1,76,325717,5,32623,06,0,00,7023,1
57,228,808,26,0,60,110,54,13,33,-0,20,1,76,325641,8,32622,53,0,00,7022,5
57,233,808,33,0,60,110,55,13,33,-0,20,1,76,325615,3,32622,00,0,00,7022,0
57,238,808,39,0,60,110,56,13,33,-0,20,1,76,325560,6,32621,46,0,00,7021,5
57,243,808,46,0,60,110,56,13,33,-0,20,1,76,325522,9,32620,93,0,00,7020,9
57,248,808,53,0,59,110,57,13,33,-0,20,1,76,325474,6,32620,40,0,00,7020,4
57,253,808,59,0,59,110,58,13,33,-0,19,1,76,325433,8,32619,86,0,00,7019,9
57,258,808,66,0,59,110,59,13,33,-0,19,1,76,325387,5,32619,33,0,00,7019,3
57,263,808,73,0,59,110,60,13,33,-0,19,1,76,325345,8,32618,80,0,00,7018,8
57,268,808,79,0,59,110,61,13,33,-0,19,1,76,325300,8,32618,26,0,00,7018,3
57,273,808,86,0,59,110,62,13,33,-0,19,1,76,325258,5,32617,73,0,00,7017,7
57,278,808,93,0,59,110,63,13,33,-0,19,1,76,325214,3,32617,20,0,00,7017,2
57,283,808,99,0,59,110,63,13,33,-0,19,1,76,325171,5,32616,66,0,00,7016,7
57,288,809,06,0,59,110,64,13,33,-0,19,1,76,325128,1,32616,13,0,00,7016,1
57,293,809,13,0,59,110,65,13,33,-0,19,1,76,325085,2,32615,60,0,00,7015,6
57,298,809,19,0,59,110,66,13,33,-0,19,1,76,325042,6,32615,06,0,00,7015,1
57,303,809,26,0,58,110,67,13,33,-0,19,1,76,324999,2,32614,53,0,00,7014,5
57,308,809,33,0,58,110,68,13,33,-0,19,1,76,324957,3,32614,00,0,00,7014,0
57,313,809,39,0,58,110,69,13,33,-0,18,1,76,324914,4,32613,47,0,00,7013,5
57,318,809,46,0,58,110,70,13,33,-0,18,1,76,324872,0,32612,93,0,00,7012,9
57,323,809,53,0,58,110,70,13,33,-0,18,1,76,324829,8,32612,40,0,00,7012,4
57,328,809,59,0,58,110,71,13,33,-0,18,1,76,324787,3,32611,87,0,00,7011,9
57,333,809,66,0,58,110,72,13,33,-0,18,1,76,324745,4,32611,34,0,00,7011,3
57,338,809,73,0,58,110,73,13,33,-0,18,1,76,324703,7,32610,80,0,00,7010,8
57,343,809,79,0,58,110,74,13,33,-0,18,1,76,324661,3,32610,27,0,00,7010,3
57,348,809,86,0,58,110,75,13,33,-0,18,1,76,324619,9,32609,74,0,00,7009,7
57,353,809,93,0,58,110,76,13,33,-0,18,1,76,324577,9,32609,21,0,00,7009,2
57,358,809,99,0,57,110,77,13,33,-0,18,1,76,324536,4,32608,68,0,00,7008,7
57,363,810,06,0,57,110,78,13,33,-0,18,1,76,324495,6,32608,14,0,00,7008,1
57,368,810,13,0,57,110,78,13,33,-0,18,1,76,324453,2,32607,61,0,00,7007,6
57,373,810,19,0,57,110,79,13,33,-0,18,1,76,324413,1,32607,08,0,00,7007,1
57,378,810,26,0,57,110,80,13,33,-0,18,1,76,324371,1,32606,55,0,00,7006,5
57,383,810,33,0,57,110,81,13,33,-0,17,1,76,324330,9,32606,02,0,00,7006,0
57,388,810,39,0,57,110,82,13,33,-0,17,1,76,324289,6,32605,48,0,00,7005,5
57,393,810,46,0,57,110,83,13,33,-0,17,1,76,324248,9,32604,95,0,00,7005,0
57,398,810,53,0,57,110,84,13,33,-0,17,1,76,324208,0,32604,42,0,00,7004,4
57,403,810,59,0,57,110,85,13,33,-0,17,1,76,324168,1,32603,89,0,00,7003,9
57,408,810,66,0,57,110,85,13,33,-0,17,1,76,324127,0,32603,36,0,00,7003,4
57,413,810,73,0,56,110,86,13,33,-0,17,1,76,324087,0,32602,83,0,00,7002,8
57,418,810,79,0,56,110,87,13,33,-0,17,1,76,324046,7,32602,30,0,00,7002,3
57,423,810,86,0,56,110,88,13,33,-0,17,1,76,324006,6,32601,77,0,00,7001,8
57,428,810,93,0,56,110,89,13,33,-0,17,1,76,323966,6,32601,23,0,00,7001,2
57,433,810,99,0,56,110,90,13,33,-0,17,1,76,323926,3,32600,70,0,00,7000,7
57,438,811,06,0,56,110,91,13,33,-0,17,1,76,323887,2,32600,17,0,00,7000,2
57,443,811,13,0,56,110,92,13,33,-0,17,1,76,323846,8,32599,64,0,00,6999,6
57,448,811,19,0,56,110,92,13,33,-0,17,1,76,323807,5,32599,11,0,00,6999,1
57,453,811,26,0,56,110,93,13,33,-0,17,1,76,323767,9,32598,58,0,00,6998,6
57,458,811,33,0,56,110,94,13,33,-0,16,1,76,323728,9,32598,05,0,00,6998,0
57,463,811,39,0,56,110,95,13,33,-0,16,1,76,323688,8,32597,52,0,00,6997,5
57,468,811,46,0,56,110,96,13,33,-0,16,1,76,323650,6,32596,99,0,00,6997,0
57,473,811,53,0,55,110,97,13,33,-0,16,1,76,323610,8,32596,46,0,00,6996,5
57,478,811,59,0,55,110,98,13,33,-0,16,1,76,323572,0,32595,93,0,00,6995,9
57,483,811,66,0,55,110,99,13,33,-0,16,1,76,323533,4,32595,39,0,00,6995,4
57,488,811,73,0,55,110,99,13,33,-0,16,1,76,323494,1,32594,87,0,00,6994,9
57,493,811,79,0,55,111,00,13,33,-0,16,1,76,323455,8,32594,34,0,00,6994,3
57,498,811,86,0,55,111,01,13,33,-0,16,1,76,323417,3,32593,80,0,00,6993,8
57,503,811,93,0,55,111,02,13,33,-0,16,1,76,323378,9,32593,27,0,02,6993,3
57,508,811,99,0,55,111,03,13,33,-0,16,1,76,323340,2,32592,74,0,00,6992,7
57,513,812,06,0,55,111,04,13,33,-0,16,1,76,323354,1,32592,21,0,00,6992,2
57,518,812,13,0,55,111,05,13,33,-0,16,1,76,323283,7,32591,68,0,00,6991,7
57,523,812,19,0,55,111,06,13,33,-0,16,1,76,323215,8,32591,15,0,00,6991,2
57,528,812,26,0,55,111,07,13,33,-0,16,1,76,323194,1,32590,63,0,00,6990,6
57,533,812,33,0,55,111,07,13,33,-0,16,1,76,323147,2,32590,09,0,00,6990,1
57,538,812,39,0,54,111,08,13,33,-0,16,1,76,323114,6,32589,56,0,00,6989,6
57,543,812,46,0,54,111,09,13,33,-0,15,1,76,323074,4,32589,04,0,00,6989,0
57,548,812,53,0,54,111,10,13,33,-0,15,1,76,323037,9,32588,51,0,00,6988,5
57,553,812,59,0,54,111,11,13,33,-0,15,1,76,323000,2,32587,98,0,00,6988,0
57,558,812,66,0,54,111,12,13,33,-0,15,1,76,322962,6,32587,45,0,00,6987,4
57,563,812,73,0,54,111,13,13,33,-0,15,1,76,322925,7,32586,92,0,00,6986,9
57,568,812,79,0,54,111,14,13,33,-0,15,1,76,322888,4,32586,39,0,00,6986,4
57,573,812,86,0,54,111,14,13,33,-0,15,1,76,322851,3,32585,86,0,00,6985,9
57,578,812,93,0,54,111,15,13,33,-0,15,1,76,322814,4,32585,33,0,00,6985,3
57,583,812,99,0,54,111,16,13,33,-0,15,1,76,322777,6,32584,80,0,00,6984,8
57,588,813,06,0,54,111,17,13,33,-0,15,1,76,322740,6,32584,27,0,00,6984,3
57,593,813,13,0,54,111,18,13,33,-0,15,1,76,322704,1,32583,74,0,00,6983,7
57,598,813,19,0,54,111,19,13,33,-0,15,1,76,322667,8,32583,21,0,00,6983,2
57,603,813,26,0,53,111,20,13,33,-0,15,1,76,322631,2,32582,68,0,00,6982,7
57,608,813,33,0,53,111,21,13,33,-0,15,1,76,322594,7,32582,16,0,00,6982,2
57,613,813,39,0,53,111,21,13,33,-0,15,1,76,322558,4,32581,63,0,00,6981,6
57,618,813,46,0,53,111,22,13,33,-0,15,1,76,322522,7,32581,10,0,00,6981,1
57,623,813,53,0,53,111,23,13,33,-0,15,1,76,322485,8,32580,57,0,00,6980,6
57,628,813,59,0,53,111,24,13,33,-0,15,1,76,322450,8,32580,04,0,00,6980,0
57,633,813,66,0,53,111,25,13,33,-0,15,1,76,322413,8,32579,51,0,00,6979,5
57,638,813,73,0,53,111,26,13,33,-0,15,1,76,322379,1,32578,98,0,00,6979,0
57,643,813,79,0,53,111,27,13,33,-0,15,1,76,322342,4,32578,46,0,00,6978,5
57,648,813,86,0,53,111,28,13,33,-0,14,1,76,322307,6,32577,93,0,00,6977,9
57,653,813,93,0,53,111,29,13,33,-0,14,1,76,322272,0,32577,40,0,00,6977,4
57,658,813,99,0,53,111,29,13,33,-0,14,1,76,322236,2,32576,87,0,00,6976,9
57,663,814,06,0,53,111,30,13,33,-0,14,1,76,322201,4,32576,34,0,00,6976,3
57,668,814,13,0,53,111,31,13,33,-0,14,1,76,322165,8,32575,81,0,00,6975,8
57,673,814,19,0,52,111,32,13,33,-0,14,1,76,322130,4,32575,29,0,00,6975,3
57,678,814,26,0,52,111,33,13,33,-0,14,1,76,322096,0,32574,76,0,00,6974,8
57,683,814,33,0,52,111,34,13,33,-0,14,1,76,322060,5,32574,23,0,00,6974,2
57,688,814,39,0,52,111,35,13,33,-0,14,1,76,322026,4,32573,70,0,00,6973,7
57,693,814,46,0,52,111,36,13,33,-0,14,1,76,321990,7,32573,17,0,00,6973,2
57,698,814,53,0,52,111,36,13,33,-0,14,1,76,321956,9,32572,65,0,00,6972,6
57,703,814,59,0,52,111,37,13,33,-0,14,1,76,321921,9,32572,12,0,00,6972,1
57,708,814,66,0,52,111,38,13,33,-0,14,1,76,321887,5,32571,59,0,00,6971,6
57,713,814,73,0,52,111,39,13,33,-0,14,1,76,321852,9,32571,06,0,00,6971,1
57,718,814,79,0,52,111,40,13,33,-0,14,1,76,321819,2,32570,54,0,00,6970,5
57,723,814,86,0,52,111,41,13,33,-0,14,1,76,321784,4,32570,01,0,00,6970,0
57,728,814,92,0,52,111,42,13,33,-0,14,1,76,321751,0,32569,48,0,00,6969,5
57,733,814,99,0,52,111,43,13,33,-0,14,1,76,321716,0,32568,95,0,00,6969,0
57,738,815,06,0,52,111,43,13,33,-0,14,1,76,321682,9,32568,43,0,00,6968,4
57,743,815,12,0,51,111,44,13,32,-0,14,1,76,321648,7,32567,90,0,00,6967,9
57,748,815,19,0,51,111,45,13,32,-0,14,1,76,321615,0,32567,37,0,00,6967,4
57,753,815,26,0,51,111,46,13,32,-0,14,1,76,321581,4,32566,84,0,00,6966,8
57,758,815,32,0,51,111,47,13,32,-0,14,1,76,321548,0,32566,32,0,00,6966,3
57,763,815,39,0,51,111,48,13,32,-0,14,1,76,321514,3,32565,79,0,00,6965,8
57,768,815,46,0,51,111,49,13,32,-0,14,1,76,321481,2,32565,26,0,00,6965,3
57,773,815,52,0,51,111,50,13,32,-0,14,1,76,321447,3,32564,73,0,00,6964,7
57,778,815,59,0,51,111,50,13,32,-0,13,1,76,321414,9,32564,21,0,02,6964,2
57,783,815,66,0,51,111,51,13,32,-0,13,1,76,321380,9,32563,68,0,00,6963,7
57,788,815,72,0,51,111,52,13,32,-0,13,1,76,321399,8,32563,15,0,00,6963,2
57,793,815,79,0,51,111,53,13,32,-0,13,1,76,321335,4,32562,63,0,00,6962,6
57,798,815,86,0,51,111,54,13,32,-0,13,1,76,321272,1,32562,10,0,00,6962,1
57,803,815,92,0,51,111,55,13,32,-0,13,1,76,321256,3,32561,57,0,00,6961,6
57,808,815,99,0,51,111,56,13,32,-0,13,1,76,321213,9,32561,05,0,00,6961,0
57,813,816,06,0,51,111,57,13,32,-0,13,1,76,321187,2,32560,52,0,00,6960,5
57,818,816,12,0,50,111,58,13,32,-0,13,1,76,321151,1,32560,00,0,00,6960,0
57,823,816,19,0,50,111,58,13,32,-0,13,1,76,321120,8,32559,47,0,00,6959,5
57,828,816,26,0,50,111,59,13,32,-0,13,1,76,321087,1,32558,94,0,00,6958,9
57,833,816,32,0,50,111,60,13,32,-0,13,1,76,321055,8,32558,42,0,00,6958,4
57,838,816,39,0,50,111,61,13,32,-0,13,1,76,321023,3,32557,89,0,00,6957,9
57,843,816,46,0,50,111,62,13,32,-0,13,1,76,320990,8,32557,36,0,00,6957,4
57,848,816,52,0,50,111,63,13,32,-0,13,1,76,320959,9,32556,84,0,00,6956,8
57,853,816,59,0,50,111,64,13,32,-0,13,1,76,320926,9,32556,31,0,00,6956,3
57,858,816,66,0,50,111,65,13,32,-0,13,1,76,320895,8,32555,79,0,00,6955,8
57,863,816,72,0,50,111,65,13,32,-0,13,1,76,320863,5,32555,26,0,00,6955,3
57,868,816,79,0,50,111,66,13,32,-0,13,1,76,320832,6,32554,73,0,00,6954,7
57,873,816,86,0,50,111,67,13,32,-0,13,1,76,320800,2,32554,21,0,00,6954,2
57,878,816,92,0,50,111,68,13,32,-0,13,1,76,320769,6,32553,68,0,00,6953,7
57,883,816,99,0,50,111,69,13,32,-0,13,1,76,320737,4,32553,16,0,00,6953,2
57,888,817,06,0,50,111,70,13,32,-0,13,1,76,320706,6,32552,63,0,00,6952,6
57,893,817,12,0,49,111,71,13,32,-0,13,1,76,320675,1,32552,10,0,00,6952,1
57,898,817,19,0,49,111,72,13,32,-0,13,1,76,320644,6,32551,58,0,00,6951,6
57,903,817,26,0,49,111,72,13,32,-0,13,1,76,320612,5,32551,05,0,00,6951,1
57,908,817,32,0,49,111,73,13,32,-0,13,1,76,320582,7,32550,53,0,00,6950,5
57,913,817,39,0,49,111,74,13,32,-0,13,1,76,320550,8,32550,00,0,00,6950,0
57,918,817,46,0,49,111,75,13,32,-0,13,1,76,320520,8,32549,48,0,00,6949,5
57,923,817,52,0,49,111,76,13,32,-0,13,1,76,320489,3,32548,95,0,00,6949,0
57,928,817,59,0,49,111,77,13,32,-0,13,1,76,320459,5,32548,43,0,00,6948,4
57,933,817,66,0,49,111,78,13,32,-0,13,1,76,320428,2,32547,90,0,00,6947,9
57,938,817,72,0,49,111,79,13,32,-0,13,1,76,320398,3,32547,38,0,00,6947,4
57,943,817,79,0,49,111,79,13,32,-0,13,1,76,320367,6,32546,85,0,00,6946,8
57,948,817,86,0,49,111,80,13,32,-0,13,1,76,320337,5,32546,32,0,00,6946,3
57,953,817,92,0,49,111,81,13,32,-0,13,1,76,320307,1,32545,80,0,00,6945,8
57,958,817,99,0,49,111,82,13,32,-0,13,1,76,320276,8,32545,27,0,00,6945,3
57,963,818,06,0,49,111,83,13,32,-0,13,1,76,320247,1,32544,75,0,00,6944,7
57,968,818,12,0,49,111,84,13,32,-0,13,1,76,320216,7,32544,22,0,00,6944,2
57,973,818,19,0,48,111,85,13,32,-0,13,1,76,320187,2,32543,70,0,00,6943,7
57,978,818,26,0,48,111,86,13,32,-0,13,1,76,320157,4,32543,17,0,00,6943,2
57,983,818,32,0,48,111,87,13,32,-0,13,1,76,320126,9,32542,65,0,00,6942,6
57,988,818,39,0,48,111,87,13,32,-0,13,1,76,320098,3,32542,13,0,00,6942,1
57,993,818,46,0,48,111,88,13,32,-0,13,1,76,320068,0,32541,60,0,00,6941,6
57,998,818,52,0,48,111,89,13,32,-0,13,1,76,320038,7,32541,07,0,00,6941,1
58,003,818,59,0,48,111,90,13,32,-0,12,1,76,320009,6,32540,55,0,00,6940,6
58,008,818,66,0,48,111,91,13,32,-0,12,1,76,319979,7,32540,03,0,00,6940,0
58,013,818,72,0,48,111,92,13,32,-0,12,1,76,319951,2,32539,50,0,00,6939,5
58,018,818,79,0,48,111,93,13,32,-0,12,1,76,319921,1,32538,98,0,00,6939,0
58,023,818,86,0,48,111,94,13,32,-0,12,1,76,319892,9,32538,45,0,00,6938,5
58,028,818,92,0,48,111,94,13,32,-0,12,1,76,319863,1,32537,93,0,00,6937,9
58,033,818,99,0,48,111,95,13,32,-0,12,1,76,319834,6,32537,40,0,00,6937,4
58,038,819,05,0,48,111,96,13,32,-0,12,1,76,319805,5,32536,88,0,02,6936,9
58,043,819,12,0,48,111,97,13,32,-0,12,1,76,319776,8,32536,36,0,00,6936,4
58,048,819,19,0,48,111,98,13,32,-0,12,1,76,319799,0,32535,83,0,00,6935,8
58,053,819,25,0,47,111,99,13,32,-0,12,1,76,319739,1,32535,31,0,00,6935,3
58,058,819,32,0,47,112,00,13,32,-0,12,1,76,319680,7,32534,78,0,00,6934,8
58,063,819,39,0,47,112,01,13,32,-0,12,1,76,319668,5,32534,26,0,00,6934,3
58,068,819,45,0,47,112,01,13,32,-0,12,1,76,319631,4,32533,73,0,00,6933,7
58,073,819,52,0,47,112,02,13,32,-0,12,1,76,319607,4,32533,21,0,00,6933,2
58,078,819,59,0,47,112,03,13,32,-0,12,1,76,319577,1,32532,69,0,00,6932,7
58,083,819,65,0,47,112,04,13,32,-0,12,1,76,319550,3,32532,16,0,00,6932,2
58,088,819,72,0,47,112,05,13,32,-0,12,1,76,319521,0,32531,64,0,00,6931,6
58,093,819,79,0,47,112,06,13,32,-0,12,1,76,319493,6,32531,12,0,00,6931,1
58,098,819,85,0,47,112,07,13,32,-0,12,1,76,319465,4,32530,59,0,00,6930,6
58,103,819,92,0,47,112,08,13,32,-0,12,1,76,319437,8,32530,07,0,00,6930,1
58,108,819,99,0,47,112,08,13,32,-0,12,1,76,319409,8,32529,54,0,00,6929,5
58,113,820,05,0,47,112,09,13,32,-0,12,1,76,319382,0,32529,02,0,00,6929,0
58,118,820,12,0,47,112,10,13,32,-0,12,1,76,319354,7,32528,50,0,00,6928,5
58,123,820,19,0,47,112,11,13,32,-0,12,1,76,319326,7,32527,97,0,00,6928,0
58,128,820,25,0,47,112,12,13,32,-0,12,1,76,319299,2,32527,45,0,00,6927,5
58,133,820,32,0,46,112,13,13,32,-0,12,1,76,319271,8,32526,93,0,00,6926,9
58,138,820,39,0,46,112,14,13,32,-0,12,1,76,319245,0,32526,40,0,00,6926,4
58,143,820,45,0,46,112,15,13,32,-0,12,1,76,319216,6,32525,88,0,00,6925,9
58,148,820,52,0,46,112,16,13,32,-0,12,1,76,319190,5,32525,36,0,00,6925,4
58,153,820,59,0,46,112,16,13,32,-0,12,1,76,319162,7,32524,83,0,00,6924,8
58,158,820,65,0,46,112,17,13,32,-0,12,1,76,319136,3,32524,31,0,00,6924,3
58,163,820,72,0,46,112,18,13,32,-0,12,1,76,319108,4,32523,79,0,00,6923,8
58,168,820,79,0,46,112,19,13,32,-0,12,1,76,319082,2,32523,26,0,00,6923,3
58,173,820,85,0,46,112,20,13,32,-0,12,1,76,319054,9,32522,74,0,00,6922,7
58,178,820,92,0,46,112,21,13,32,-0,12,1,76,319028,6,32522,22,0,00,6922,2
58,183,820,99,0,46,112,22,13,32,-0,12,1,76,319001,5,32521,70,0,00,6921,7
58,188,821,05,0,46,112,23,13,32,-0,12,1,76,318975,4,32521,17,0,00,6921,2
58,193,821,12,0,46,112,23,13,32,-0,12,1,76,318948,1,32520,65,0,00,6920,6
58,198,821,19,0,46,112,24,13,32,-0,12,1,76,318922,2,32520,13,0,00,6920,1
58,203,821,25,0,46,112,25,13,32,-0,12,1,76,318895,6,32519,60,0,00,6919,6
58,208,821,32,0,46,112,26,13,32,-0,12,1,76,318869,4,32519,08,0,00,6919,1
58,213,821,39,0,45,112,27,13,32,-0,12,1,76,318842,6,32518,56,0,00,6918,6
58,218,821,45,0,45,112,28,13,32,-0,12,1,76,318817,1,32518,04,0,00,6918,0
58,223,821,52,0,45,112,29,13,32,-0,12,1,76,318790,5,32517,51,0,00,6917,5
58,228,821,59,0,45,112,30,13,32,-0,12,1,76,318764,8,32516,99,0,00,6917,0
58,233,821,65,0,45,112,30,13,32,-0,12,1,76,318738,4,32516,47,0,00,6916,5
58,238,821,72,0,45,112,31,13,32,-0,12,1,76,318712,6,32515,95,0,00,6915,9
58,243,821,78,0,45,112,32,13,32,-0,12,1,76,318687,3,32515,42,0,00,6915,4
58,248,821,85,0,45,112,33,13,32,-0,12,1,76,318660,7,32514,90,0,00,6914,9
58,253,821,92,0,45,112,34,13,32,-0,12,1,76,318635,6,32514,38,0,00,6914,4
58,258,821,98,0,45,112,35,13,32,-0,12,1,76,318609,7,32513,86,0,00,6913,9
58,263,822,05,0,45,112,36,13,32,-0,12,1,76,318584,4,32513,33,0,00,6913,3
58,268,822,12,0,45,112,37,13,32,-0,12,1,76,318558,3,32512,81,0,02,6912,8
58,273,822,18,0,45,112,37,13,32,-0,12,1,76,318533,6,32512,29,0,00,6912,3
58,278,822,25,0,45,112,38,13,32,-0,12,1,76,318558,8,32511,77,0,00,6911,8
58,283,822,32,0,45,112,39,13,32,-0,12,1,76,318502,3,32511,24,0,00,6911,2
58,288,822,38,0,45,112,40,13,32,-0,12,1,76,318447,0,32510,72,0,00,6910,7
58,293,822,45,0,45,112,41,13,32,-0,12,1,76,318438,6,32510,20,0,00,6910,2
58,298,822,52,0,44,112,42,13,32,-0,12,1,76,318404,1,32509,68,0,00,6909,7
58,303,822,58,0,44,112,43,13,32,-0,12,1,76,318384,4,32509,16,0,00,6909,2
58,308,822,65,0,44,112,44,13,32,-0,12,1,76,318356,6,32508,63,0,00,6908,6
58,313,822,72,0,44,112,45,13,32,-0,12,1,76,318333,1,32508,11,0,00,6908,1
58,318,822,78,0,44,112,45,13,32,-0,12,1,76,318307,7,32507,59,0,00,6907,6
58,323,822,85,0,44,112,46,13,32,-0,12,1,76,318283,2,32507,07,0,00,6907,1
58,328,822,92,0,44,112,47,13,32,-0,12,1,76,318258,3,32506,54,0,00,6906,5
58,333,822,98,0,44,112,48,13,32,-0,12,1,76,318233,6,32506,02,0,00,6906,0
58,338,823,05,0,44,112,49,13,32,-0,12,1,76,318209,4,32505,50,0,00,6905,5
58,343,823,12,0,44,112,50,13,32,-0,12,1,76,318184,5,32504,98,0,00,6905,0
58,348,823,18,0,44,112,51,13,32,-0,12,1,76,318160,9,32504,46,0,00,6904,5
58,353,823,25,0,44,112,52,13,32,-0,12,1,76,318135,3,32503,94,0,00,6903,9
58,358,823,32,0,44,112,52,13,32,-0,12,1,76,318112,4,32503,42,0,00,6903,4
58,363,823,38,0,44,112,53,13,32,-0,12,1,76,318087,0,32502,89,0,00,6902,9
58,368,823,45,0,44,112,54,13,32,-0,12,1,76,318063,4,32502,37,0,00,6902,4
58,373,823,52,0,44,112,55,13,32,-0,12,1,76,318039,5,32501,85,0,00,6901,9
58,378,823,58,0,43,112,56,13,32,-0,12,1,76,318014,9,32501,33,0,00,6901,3
58,383,823,65,0,43,112,57,13,32,-0,12,1,76,317991,6,32500,81,0,00,6900,8
58,388,823,72,0,43,112,58,13,32,-0,12,1,76,317967,2,32500,29,0,00,6900,3
58,393,823,78,0,43,112,59,13,32,-0,12,1,76,317943,6,32499,77,0,00,6899,8
58,398,823,85,0,43,112,59,13,32,-0,12,1,76,317919,8,32499,25,0,00,6899,2
58,403,823,92,0,43,112,60,13,32,-0,13,1,76,317896,1,32498,72,0,00,6898,7
58,408,823,98,0,43,112,61,13,32,-0,13,1,76,317872,4,32498,20,0,00,6898,2
58,413,824,05,0,43,112,62,13,32,-0,13,1,76,317849,3,32497,68,0,00,6897,7
58,418,824,12,0,43,112,63,13,32,-0,13,1,76,317825,1,32497,16,0,00,6897,2
58,423,824,18,0,43,112,64,13,32,-0,13,1,76,317802,2,32496,64,0,00,6896,6
58,428,824,25,0,43,112,65,13,32,-0,13,1,76,317778,5,32496,12,0,00,6896,1
58,433,824,32,0,43,112,66,13,32,-0,13,1,76,317755,3,32495,60,0,00,6895,6
58,438,824,38,0,43,112,66,13,32,-0,13,1,76,317731,9,32495,08,0,00,6895,1
58,443,824,45,0,43,112,67,13,32,-0,13,1,76,317708,9,32494,56,0,00,6894,6
58,448,824,52,0,43,112,68,13,32,-0,13,1,76,317685,7,32494,04,0,00,6894,0
58,453,824,58,0,43,112,69,13,32,-0,13,1,76,317662,5,32493,51,0,00,6893,5
58,458,824,65,0,42,112,70,13,32,-0,13,1,76,317639,8,32492,99,0,00,6893,0
58,463,824,71,0,42,112,71,13,32,-0,13,1,76,317616,8,32492,47,0,00,6892,5
58,468,824,78,0,42,112,72,13,32,-0,13,1,76,317594,0,32491,95,0,00,6892,0
58,473,824,85,0,42,112,73,13,32,-0,13,1,76,317570,8,32491,43,0,00,6891,4
58,478,824,91,0,42,112,74,13,32,-0,13,1,76,317548,5,32490,91,0,02,6890,9
58,483,824,98,0,42,112,74,13,32,-0,13,1,76,317525,5,32490,39,0,00,6890,4
58,488,825,05,0,42,112,75,13,32,-0,13,1,76,317553,6,32489,87,0,00,6889,9
58,493,825,11,0,42,112,76,13,32,-0,13,1,76,317500,5,32489,35,0,00,6889,4
58,498,825,18,0,42,112,77,13,32,-0,13,1,76,317447,2,32488,83,0,00,6888,8
58,503,825,25,0,42,112,78,13,32,-0,13,1,76,317441,8,32488,31,0,00,6888,3
58,508,825,31,0,42,112,79,13,32,-0,13,1,76,317410,2,32487,79,0,00,6887,8
58,513,825,38,0,42,112,80,13,32,-0,13,1,76,317393,3,32487,27,0,00,6887,3
58,518,825,45,0,42,112,81,13,32,-0,13,1,76,317367,5,32486,75,0,00,6886,7
58,523,825,51,0,42,112,81,13,32,-0,13,1,76,317347,3,32486,23,0,00,6886,2
58,528,825,58,0,42,112,82,13,32,-0,13,1,76,317324,3,32485,71,0,00,6885,7
58,533,825,65,0,41,112,83,13,32,-0,13,1,76,317302,7,32485,19,0,00,6885,2
58,538,825,71,0,41,112,84,13,32,-0,13,1,76,317280,2,32484,67,0,00,6884,7
58,543,825,78,0,41,112,85,13,32,-0,13,1,76,317258,3,32484,15,0,00,6884,1
58,548,825,85,0,41,112,86,13,32,-0,13,1,76,317236,9,32483,63,0,00,6883,6
58,553,825,91,0,41,112,87,13,32,-0,13,1,76,317214,4,32483,11,0,00,6883,1
58,558,825,98,0,41,112,88,13,32,-0,13,1,76,317193,2,32482,59,0,00,6882,6
58,563,826,05,0,41,112,88,13,32,-0,13,1,76,317170,8,32482,07,0,00,6882,1
58,568,826,11,0,41,112,89,13,32,-0,13,1,76,317149,8,32481,55,0,00,6881,5
58,573,826,18,0,41,112,90,13,32,-0,13,1,76,317128,0,32481,03,0,00,6881,0
58,578,826,25,0,41,112,91,13,32,-0,13,1,76,317106,3,32480,51,0,00,6880,5
58,583,826,31,0,41,112,92,13,32,-0,13,1,76,317085,2,32479,99,0,00,6880,0
58,588,826,38,0,41,112,93,13,32,-0,13,1,76,317063,2,32479,47,0,00,6879,5
58,593,826,45,0,41,112,94,13,32,-0,13,1,76,317042,2,32478,95,0,00,6878,9
58,598,826,51,0,41,112,95,13,32,-0,13,1,76,317020,9,32478,43,0,00,6878,4
58,603,826,58,0,41,112,95,13,32,-0,13,1,76,316999,2,32477,91,0,00,6877,9
58,608,826,65,0,41,112,96,13,32,-0,13,1,76,316978,5,32477,39,0,00,6877,4
58,613,826,71,0,40,112,97,13,32,-0,13,1,76,316957,4,32476,87,0,00,6876,9
58,618,826,78,0,40,112,98,13,32,-0,13,1,76,316936,0,32476,35,0,00,6876,4
58,623,826,85,0,40,112,99,13,32,-0,13,1,76,316915,2,32475,83,0,00,6875,8
58,628,826,91,0,40,113,00,13,32,-0,13,1,76,316893,9,32475,31,0,00,6875,3
58,633,826,98,0,40,113,01,13,32,-0,13,1,76,316873,2,32474,79,0,00,6874,8
58,638,827,05,0,40,113,02,13,32,-0,13,1,76,316852,2,32474,27,0,00,6874,3
58,643,827,11,0,40,113,03,13,31,-0,13,1,76,316831,7,32473,75,0,00,6873,8
58,648,827,18,0,40,113,03,13,31,-0,13,1,76,316810,8,32473,23,0,00,6873,2
58,653,827,25,0,40,113,04,13,31,-0,13,1,76,316790,4,32472,71,0,00,6872,7
58,658,827,31,0,40,113,05,13,31,-0,13,1,76,316769,3,32472,19,0,00,6872,2
58,663,827,38,0,40,113,06,13,31,-0,14,1,76,316749,1,32471,67,0,02,6871,7
58,668,827,45,0,40,113,07,13,31,-0,14,1,76,316728,2,32471,16,0,00,6871,2
58,673,827,51,0,40,113,08,13,31,-0,14,1,76,316758,9,32470,64,0,00,6870,6
58,678,827,58,0,40,113,09,13,31,-0,14,1,76,316706,9,32470,12,0,00,6870,1
58,683,827,64,0,39,113,10,13,31,-0,14,1,76,316657,4,32469,60,0,00,6869,6
58,688,827,71,0,39,113,10,13,31,-0,14,1,76,316652,7,32469,08,0,00,6869,1
58,693,827,78,0,39,113,11,13,31,-0,14,1,76,316624,0,32468,56,0,00,6868,6
58,698,827,84,0,39,113,12,13,31,-0,14,1,76,316608,7,32468,04,0,00,6868,0
58,703,827,91,0,39,113,13,13,31,-0,14,1,76,316585,8,32467,52,0,00,6867,5
58,708,827,98,0,39,113,14,13,31,-0,14,1,76,316567,3,32467,00,0,00,6867,0
58,713,828,04,0,39,113,15,13,31,-0,14,1,76,316546,2,32466,48,0,00,6866,5
58,718,828,11,0,39,113,16,13,31,-0,14,1,76,316527,0,32465,96,0,00,6866,0
58,723,828,18,0,39,113,17,13,31,-0,14,1,76,316507,0,32465,45,0,00,6865,4
58,728,828,24,0,39,113,17,13,31,-0,14,1,76,316486,6,32464,93,0,00,6864,9
58,733,828,31,0,39,113,18,13,31,-0,14,1,76,316467,6,32464,41,0,00,6864,4
58,738,828,38,0,39,113,19,13,31,-0,14,1,76,316447,0,32463,89,0,00,6863,9
58,743,828,44,0,39,113,20,13,31,-0,14,1,76,316427,8,32463,37,0,00,6863,4
58,748,828,51,0,39,113,21,13,31,-0,14,1,76,316408,2,32462,85,0,00,6862,9
58,753,828,58,0,39,113,22,13,31,-0,14,1,76,316388,2,32462,33,0,00,6862,3
58,758,828,64,0,38,113,23,13,31,-0,14,1,76,316369,2,32461,81,0,00,6861,8
58,763,828,71,0,38,113,24,13,31,-0,14,1,76,316349,4,32461,30,0,00,6861,3
58,768,828,78,0,38,113,24,13,31,-0,14,1,76,316330,2,32460,78,0,00,6860,8
58,773,828,84,0,38,113,25,13,31,-0,14,1,76,316310,6,32460,26,0,00,6860,3
58,778,828,91,0,38,113,26,13,31,-0,14,1,76,316291,4,32459,74,0,00,6859,7
58,783,828,98,0,38,113,27,13,31,-0,14,1,76,316272,0,32459,22,0,00,6859,2
58,788,829,04,0,38,113,28,13,31,-0,14,1,76,316252,7,32458,70,0,00,6858,7
58,793,829,11,0,38,113,29,13,31,-0,14,1,76,316233,8,32458,18,0,00,6858,2
58,798,829,18,0,38,113,30,13,31,-0,14,1,76,316214,6,32457,67,0,00,6857,7
58,803,829,24,0,38,113,31,13,31,-0,14,1,76,316195,5,32457,15,0,00,6857,1
58,808,829,31,0,38,113,32,13,31,-0,14,1,76,316176,8,32456,63,0,00,6856,6
58,813,829,38,0,38,113,32,13,31,-0,14,1,76,316157,4,32456,11,0,00,6856,1
58,818,829,44,0,38,113,33,13,31,-0,14,1,76,316138,6,32455,59,0,00,6855,6
58,823,829,51,0,38,113,34,13,31,-0,14,1,76,316119,8,32455,07,0,00,6855,1
58,828,829,58,0,37,113,35,13,31,-0,15,1,76,316101,0,32454,56,0,02,6854,6
58,833,829,64,0,37,113,36,13,31,-0,15,1,76,316082,4,32454,04,0,00,6854,0
58,838,829,71,0,37,113,37,13,31,-0,15,1,76,316114,1,32453,52,0,00,6853,5
58,843,829,78,0,37,113,38,13,31,-0,15,1,76,316064,4,32453,00,0,00,6853,0
58,848,829,84,0,37,113,39,13,31,-0,15,1,76,316015,9,32452,48,0,00,6852,5
58,853,829,91,0,37,113,39,13,31,-0,15,1,76,316014,4,32451,96,0,00,6852,0
58,858,829,98,0,37,113,40,13,31,-0,15,1,76,315986,2,32451,45,0,00,6851,4
58,863,830,04,0,37,113,41,13,31,-0,15,1,76,315973,2,32450,93,0,00,6850,9
58,868,830,11,0,37,113,42,13,31,-0,15,1,76,315951,7,32450,41,0,00,6850,4
58,873,830,18,0,37,113,43,13,31,-0,15,1,76,315934,9,32449,89,0,00,6849,9
58,878,830,24,0,37,113,44,13,31,-0,15,1,76,315916,2,32449,38,0,00,6849,4
58,883,830,31,0,37,113,45,13,31,-0,15,1,76,315897,8,32448,86,0,00,6848,9
58,888,830,37,0,37,113,46,13,31,-0,15,1,76,315879,6,32448,34,0,00,6848,3
58,893,830,44,0,37,113,46,13,31,-0,15,1,76,315861,9,32447,82,0,00,6847,8
58,898,830,51,0,36,113,47,13,31,-0,15,1,76,315843,4,32447,30,0,00,6847,3
58,903,830,57,0,36,113,48,13,31,-0,15,1,76,315825,4,32446,79,0,00,6846,8
58,908,830,64,0,36,113,49,13,31,-0,15,1,76,315807,5,32446,27,0,00,6846,3
58,913,830,71,0,36,113,50,13,31,-0,15,1,76,315789,3,32445,75,0,00,6845,8
58,918,830,77,0,36,113,51,13,31,-0,15,1,76,315771,9,32445,23,0,00,6845,2
58,923,830,84,0,36,113,52,13,31,-0,15,1,76,315753,4,32444,71,0,00,6844,7
58,928,830,91,0,36,113,53,13,31,-0,15,1,76,315736,2,32444,20,0,00,6844,2
58,933,830,97,0,36,113,54,13,31,-0,15,1,76,315717,8,32443,68,0,00,6843,7
58,938,831,04,0,36,113,54,13,31,-0,15,1,76,315700,8,32443,16,0,00,6843,2
58,943,831,11,0,36,113,55,13,31,-0,15,1,76,315682,6,32442,64,0,00,6842,6
58,948,831,17,0,36,113,56,13,31,-0,15,1,76,315665,7,32442,13,0,00,6842,1
58,953,831,24,0,36,113,57,13,31,-0,15,1,76,315647,2,32441,61,0,00,6841,6
58,958,831,31,0,36,113,58,13,31,-0,15,1,76,315630,4,32441,09,0,00,6841,1
58,963,831,37,0,35,113,59,13,31,-0,15,1,76,315612,5,32440,57,0,00,6840,6
58,968,831,44,0,35,113,60,13,31,-0,16,1,76,315595,5,32440,06,0,00,6840,1
58,973,831,51,0,35,113,61,13,31,-0,16,1,76,315577,7,32439,54,0,00,6839,5
58,978,831,57,0,35,113,61,13,31,-0,16,1,76,315560,8,32439,02,0,02,6839,0
58,983,831,64,0,35,113,62,13,31,-0,16,1,76,315543,2,32438,51,0,00,6838,5
58,988,831,71,0,35,113,63,13,31,-0,16,1,76,315576,8,32437,99,0,00,6838,0
58,993,831,77,0,35,113,64,13,31,-0,16,1,76,315528,5,32437,47,0,00,6837,5
58,998,831,84,0,35,113,65,13,31,-0,16,1,76,315481,4,32436,95,0,00,6837,0
59,003,831,91,0,35,113,66,13,31,-0,16,1,76,315481,3,32436,44,0,00,6836,4
59,008,831,97,0,35,113,67,13,31,-0,16,1,76,315454,5,32435,92,0,00,6835,9
59,013,832,04,0,35,113,68,13,31,-0,16,1,76,315442,9,32435,40,0,00,6835,4
59,018,832,11,0,35,113,68,13,31,-0,16,1,76,315423,2,32434,88,0,00,6834,9
59,023,832,17,0,34,113,69,13,31,-0,16,1,76,315407,8,32434,37,0,00,6834,4
59,028,832,24,0,34,113,70,13,31,-0,16,1,76,315389,9,32433,85,0,00,6833,9
59,033,832,30,0,34,113,71,13,31,-0,16,1,76,315373,9,32433,33,0,00,6833,3
59,038,832,37,0,34,113,72,13,31,-0,16,1,76,315356,6,32432,82,0,00,6832,8
59,043,832,44,0,34,113,73,13,31,-0,16,1,76,315340,3,32432,30,0,00,6832,3
59,048,832,50,0,34,113,74,13,31,-0,16,1,76,315323,1,32431,78,0,00,6831,8
59,053,832,57,0,34,113,75,13,31,-0,16,1,76,315307,3,32431,27,0,00,6831,3
59,058,832,64,0,34,113,75,13,31,-0,16,1,76,315289,9,32430,75,0,00,6830,7
59,063,832,70,0,34,113,76,13,31,-0,16,1,76,315273,8,32430,23,0,00,6830,2
59,068,832,77,0,34,113,77,13,31,-0,16,1,76,315256,9,32429,71,0,00,6829,7
59,073,832,84,0,34,113,78,13,31,-0,16,1,76,315240,6,32429,20,0,00,6829,2
59,078,832,90,0,34,113,79,13,31,-0,16,1,76,315224,7,32428,68,0,00,6828,7
59,083,832,97,0,34,113,80,13,31,-0,16,1,76,315207,7,32428,16,0,00,6828,2
59,088,833,04,0,33,113,81,13,31,-0,17,1,76,315191,9,32427,65,0,00,6827,6
59,093,833,10,0,33,113,82,13,31,-0,17,1,76,315175,0,32427,13,0,00,6827,1
59,098,833,17,0,33,113,83,13,31,-0,17,1,76,315159,4,32426,62,0,00,6826,6
59,103,833,24,0,33,113,83,13,31,-0,17,1,76,315143,0,32426,10,0,00,6826,1
59,108,833,30,0,33,113,84,13,31,-0,17,1,76,315126,7,32425,58,0,02,6825,6
59,113,833,37,0,33,113,85,13,31,-0,17,1,76,315110,9,32425,07,0,00,6825,1
59,118,833,44,0,33,113,86,13,31,-0,17,1,76,315145,0,32424,55,0,00,6824,5
59,123,833,50,0,33,113,87,13,31,-0,17,1,76,315098,6,32424,03,0,00,6824,0
59,128,833,57,0,33,113,88,13,31,-0,17,1,76,315052,4,32423,52,0,00,6823,5
59,133,833,64,0,33,113,89,13,31,-0,17,1,76,315053,2,32423,00,0,00,6823,0
59,138,833,70,0,33,113,90,13,31,-0,17,1,76,315027,9,32422,48,0,00,6822,5
59,143,833,77,0,33,113,90,13,31,-0,17,1,76,315017,6,32421,96,0,00,6822,0
59,148,833,83,0,32,113,91,13,31,-0,17,1,76,314998,4,32421,45,0,00,6821,4
59,153,833,90,0,32,113,92,13,31,-0,17,1,76,314984,8,32420,93,0,00,6820,9
59,158,833,97,0,32,113,93,13,31,-0,17,1,76,314967,9,32420,42,0,00,6820,4
59,163,834,03,0,32,113,94,13,31,-0,17,1,76,314952,8,32419,90,0,00,6819,9
59,168,834,10,0,32,113,95,13,31,-0,17,1,76,314936,9,32419,38,0,00,6819,4
59,173,834,17,0,32,113,96,13,31,-0,17,1,76,314921,4,32418,87,0,00,6818,9
59,178,834,23,0,32,113,97,13,31,-0,17,1,76,314906,1,32418,35,0,00,6818,4
59,183,834,30,0,32,113,97,13,31,-0,17,1,76,314890,3,32417,84,0,00,6817,8
59,188,834,37,0,32,113,98,13,31,-0,17,1,76,314875,1,32417,32,0,00,6817,3
59,193,834,43,0,32,113,99,13,31,-0,17,1,76,314859,9,32416,80,0,00,6816,8
59,198,834,50,0,32,114,00,13,31,-0,18,1,76,314844,0,32416,29,0,00,6816,3
59,203,834,57,0,31,114,01,13,31,-0,18,1,76,314829,3,32415,77,0,00,6815,8
59,208,834,63,0,31,114,02,13,31,-0,18,1,76,314813,5,32415,25,0,00,6815,3
59,213,834,70,0,31,114,03,13,31,-0,18,1,76,314798,2,32414,74,0,00,6814,7
59,218,834,77,0,31,114,04,13,31,-0,18,1,76,314783,8,32414,22,0,00,6814,2
59,223,834,83,0,31,114,04,13,31,-0,18,1,76,314767,7,32413,71,0,02,6813,7
59,228,834,90,0,31,114,05,13,31,-0,18,1,76,314753,4,32413,19,0,00,6813,2
59,233,834,97,0,31,114,06,13,31,-0,18,1,76,314787,7,32412,67,0,00,6812,7
59,238,835,03,0,31,114,07,13,31,-0,18,1,76,314743,3,32412,16,0,00,6812,2
59,243,835,10,0,31,114,08,13,31,-0,18,1,76,314696,8,32411,64,0,00,6811,6
59,248,835,17,0,31,114,09,13,31,-0,18,1,76,314700,1,32411,13,0,00,6811,1
59,253,835,23,0,31,114,10,13,31,-0,18,1,76,314674,4,32410,61,0,00,6810,6
59,258,835,30,0,30,114,11,13,31,-0,18,1,76,314666,1,32410,09,0,00,6810,1
59,263,835,37,0,30,114,12,13,31,-0,18,1,76,314647,1,32409,58,0,00,6809,6
59,268,835,43,0,30,114,12,13,31,-0,18,1,76,314635,1,32409,06,0,00,6809,1
59,273,835,50,0,30,114,13,13,31,-0,18,1,76,314618,8,32408,55,0,00,6808,5
59,278,835,56,0,30,114,14,13,31,-0,18,1,76,314604,7,32408,03,0,00,6808,0
59,283,835,63,0,30,114,15,13,31,-0,18,1,76,314589,8,32407,52,0,00,6807,5
59,288,835,70,0,30,114,16,13,31,-0,18,1,76,314575,0,32407,00,0,00,6807,0
59,293,835,76,0,30,114,17,13,31,-0,18,1,76,314561,1,32406,48,0,00,6806,5
59,298,835,83,0,30,114,18,13,31,-0,19,1,76,314545,9,32405,97,0,00,6806,0
59,303,835,90,0,30,114,19,13,31,-0,19,1,76,314531,8,32405,45,0,00,6805,5
59,308,835,96,0,30,114,19,13,31,-0,19,1,76,314517,2,32404,94,0,00,6804,9
59,313,836,03,0,29,114,20,13,31,-0,19,1,76,314502,7,32404,42,0,00,6804,4
59,318,836,10,0,29,114,21,13,31,-0,19,1,76,314488,6,32403,91,0,00,6803,9
59,323,836,16,0,29,114,22,13,31,-0,19,1,76,314473,8,32403,39,0,02,6803,4
59,328,836,23,0,29,114,23,13,31,-0,19,1,76,314459,9,32402,88,0,00,6802,9
59,333,836,30,0,29,114,24,13,31,-0,19,1,76,314495,4,32402,36,0,00,6802,4
59,338,836,36,0,29,114,25,13,31,-0,19,1,76,314451,4,32401,84,0,00,6801,8
59,343,836,43,0,29,114,26,13,31,-0,19,1,76,314406,2,32401,33,0,00,6801,3
59,348,836,50,0,29,114,26,13,31,-0,19,1,76,314409,8,32400,81,0,00,6800,8
59,353,836,56,0,29,114,27,13,31,-0,19,1,76,314385,4,32400,30,0,00,6800,3
59,358,836,63,0,29,114,28,13,31,-0,19,1,76,314377,0,32399,78,0,00,6799,8
59,363,836,70,0,29,114,29,13,31,-0,19,1,76,314360,1,32399,27,0,00,6799,3
59,368,836,76,0,28,114,30,13,31,-0,19,1,76,314347,6,32398,75,0,00,6798,8
59,373,836,83,0,28,114,31,13,31,-0,19,1,76,314332,9,32398,24,0,00,6798,2
59,378,836,90,0,28,114,32,13,31,-0,19,1,76,314319,2,32397,72,0,00,6797,7
59,383,836,96,0,28,114,33,13,31,-0,19,1,76,314305,5,32397,21,0,00,6797,2
59,388,837,03,0,28,114,33,13,31,-0,19,1,76,314291,5,32396,69,0,00,6796,7
59,393,837,09,0,28,114,34,13,31,-0,19,1,76,314277,9,32396,18,0,00,6796,2
59,398,837,16,0,28,114,35,13,31,-0,20,1,76,314263,5,32395,66,0,00,6795,7
59,403,837,23,0,28,114,36,13,31,-0,20,1,76,314250,5,32395,14,0,00,6795,1
59,408,837,29,0,28,114,37,13,31,-0,20,1,76,314236,3,32394,63,0,00,6794,6
59,413,837,36,0,28,114,38,13,31,-0,20,1,76,314223,0,32394,12,0,00,6794,1
59,418,837,43,0,27,114,39,13,31,-0,20,1,76,314209,3,32393,60,0,00,6793,6
59,423,837,49,0,27,114,40,13,31,-0,20,1,76,314195,6,32393,09,0,00,6793,1
59,428,837,56,0,27,114,41,13,31,-0,20,1,76,314182,1,32392,57,0,02,6792,6
59,433,837,63,0,27,114,41,13,31,-0,20,1,76,314168,5,32392,05,0,00,6792,1
59,438,837,69,0,27,114,42,13,31,-0,20,1,76,314205,3,32391,54,0,00,6791,5
59,443,837,76,0,27,114,43,13,31,-0,20,1,76,314161,2,32391,02,0,00,6791,0
59,448,837,83,0,27,114,44,13,31,-0,20,1,76,314118,1,32390,51,0,00,6790,5
59,454,837,89,0,27,114,45,13,31,-0,20,1,76,314121,2,32389,99,0,00,6790,0
59,459,837,96,0,27,114,46,13,31,-0,20,1,76,314098,9,32389,48,0,00,6789,5
59,464,838,03,0,27,114,47,13,31,-0,20,1,76,314090,4,32388,96,0,00,6789,0
59,469,838,09,0,26,114,48,13,31,-0,20,1,76,314074,3,32388,45,0,00,6788,4
59,474,838,16,0,26,114,48,13,31,-0,20,1,76,314062,9,32387,93,0,00,6787,9
59,479,838,23,0,26,114,49,13,31,-0,20,1,76,314048,6,32387,42,0,00,6787,4
59,484,838,29,0,26,114,50,13,31,-0,20,1,76,314036,1,32386,90,0,00,6786,9
59,489,838,36,0,26,114,51,13,31,-0,21,1,76,314022,8,32386,39,0,00,6786,4
59,494,838,43,0,26,114,52,13,31,-0,21,1,76,314009,9,32385,88,0,00,6785,9
59,499,838,49,0,26,114,53,13,31,-0,21,1,76,313996,3,32385,36,0,00,6785,4
59,504,838,56,0,26,114,54,13,31,-0,21,1,76,313984,0,32384,85,0,00,6784,8
59,509,838,62,0,26,114,55,13,31,-0,21,1,76,313970,8,32384,33,0,00,6784,3
59,514,838,69,0,26,114,55,13,31,-0,21,1,76,313957,8,32383,82,0,00,6783,8
59,519,838,76,0,25,114,56,13,31,-0,21,1,76,313944,8,32383,30,0,00,6783,3
59,524,838,82,0,25,114,57,13,31,-0,21,1,76,313932,3,32382,79,0,00,6782,8
59,529,838,89,0,25,114,58,13,30,-0,21,1,76,313918,9,32382,27,0,00,6782,3
59,534,838,96,0,25,114,59,13,30,-0,21,1,76,313906,5,32381,76,0,00,6781,8
59,539,839,02,0,25,114,60,13,30,-0,21,1,76,313893,8,32381,24,0,02,6781,2
59,544,839,09,0,25,114,61,13,30,-0,21,1,76,313881,0,32380,73,0,00,6780,7
59,549,839,16,0,25,114,62,13,30,-0,21,1,76,313918,1,32380,21,0,00,6780,2
59,554,839,22,0,25,114,62,13,30,-0,21,1,76,313875,7,32379,70,0,00,6779,7
59,559,839,29,0,25,114,63,13,30,-0,21,1,76,313832,5,32379,19,0,00,6779,2
59,564,839,36,0,24,114,64,13,30,-0,21,1,76,313836,8,32378,67,0,00,6778,7
59,569,839,42,0,24,114,65,13,30,-0,21,1,76,313814,8,32378,16,0,00,6778,2
59,574,839,49,0,24,114,66,13,30,-0,21,1,76,313807,6,32377,64,0,00,6777,6
59,579,839,56,0,24,114,67,13,30,-0,22,1,76,313792,2,32377,13,0,00,6777,1
59,584,839,62,0,24,114,68,13,30,-0,22,1,76,313781,6,32376,61,0,00,6776,6
59,589,839,69,0,24,114,69,13,30,-0,22,1,76,313767,7,32376,10,0,00,6776,1
59,594,839,76,0,24,114,70,13,30,-0,22,1,76,313756,3,32375,58,0,00,6775,6
59,599,839,82,0,24,114,70,13,30,-0,22,1,76,313743,8,32375,07,0,00,6775,1
59,604,839,89,0,24,114,71,13,30,-0,22,1,76,313731,2,32374,55,0,00,6774,6
59,609,839,96,0,24,114,72,13,30,-0,22,1,76,313719,2,32374,04,0,00,6774,0
59,614,840,02,0,23,114,73,13,30,-0,22,1,76,313706,8,32373,53,0,00,6773,5
59,619,840,09,0,23,114,74,13,30,-0,22,1,76,313694,8,32373,01,0,00,6773,0
59,624,840,16,0,23,114,75,13,30,-0,22,1,76,313682,5,32372,50,0,00,6772,5
59,629,840,22,0,23,114,76,13,30,-0,22,1,76,313670,2,32371,98,0,00,6772,0
59,634,840,29,0,23,114,77,13,30,-0,22,1,76,313658,4,32371,47,0,00,6771,5
59,639,840,35,0,23,114,77,13,30,-0,22,1,76,313645,8,32370,96,0,00,6771,0
59,644,840,42,0,23,114,78,13,30,-0,22,1,76,313634,2,32370,44,0,00,6770,4
59,649,840,49,0,23,114,79,13,30,-0,22,1,76,313622,1,32369,93,0,00,6769,9
59,654,840,55,0,23,114,80,13,30,-0,22,1,76,313610,1,32369,41,0,02,6769,4
59,659,840,62,0,22,114,81,13,30,-0,22,1,76,313598,5,32368,90,0,00,6768,9
59,664,840,69,0,22,114,82,13,30,-0,23,1,76,313636,0,32368,38,0,00,6768,4
59,669,840,75,0,22,114,83,13,30,-0,23,1,76,313594,3,32367,87,0,00,6767,9
59,674,840,82,0,22,114,84,13,30,-0,23,1,76,313551,9,32367,36,0,00,6767,4
59,679,840,89,0,22,114,84,13,30,-0,23,1,76,313557,3,32366,84,0,00,6766,8
59,684,840,95,0,22,114,85,13,30,-0,23,1,76,313535,8,32366,33,0,00,6766,3
59,689,841,02,0,22,114,86,13,30,-0,23,1,76,313529,7,32365,81,0,00,6765,8
59,694,841,09,0,22,114,87,13,30,-0,23,1,76,313514,6,32365,30,0,00,6765,3
59,699,841,15,0,22,114,88,13,30,-0,23,1,76,313504,3,32364,79,0,00,6764,8
59,704,841,22,0,21,114,89,13,30,-0,23,1,76,313492,4,32364,27,0,00,6764,3
59,709,841,29,0,21,114,90,13,30,-0,23,1,76,313480,9,32363,76,0,00,6763,8
59,714,841,35,0,21,114,91,13,30,-0,23,1,76,313469,1,32363,24,0,00,6763,2
59,719,841,42,0,21,114,91,13,30,-0,23,1,76,313458,1,32362,73,0,00,6762,7
59,724,841,49,0,21,114,92,13,30,-0,23,1,76,313445,5,32362,22,0,00,6762,2
59,729,841,55,0,21,114,93,13,30,-0,23,1,76,313435,1,32361,70,0,00,6761,7
59,734,841,62,0,21,114,94,13,30,-0,23,1,76,313423,0,32361,19,0,00,6761,2
59,739,841,69,0,21,114,95,13,30,-0,23,1,76,313411,8,32360,68,0,00,6760,7
59,744,841,75,0,20,114,96,13,30,-0,23,1,76,313400,3,32360,16,0,00,6760,2
59,749,841,82,0,20,114,97,13,30,-0,24,1,76,313388,8,32359,65,0,00,6759,6
59,754,841,88,0,20,114,98,13,30,-0,24,1,76,313377,8,32359,13,0,00,6759,1
59,759,841,95,0,20,114,98,13,30,-0,24,1,76,313366,3,32358,62,0,00,6758,6
59,764,842,02,0,20,114,99,13,30,-0,24,1,76,313355,0,32358,11,0,00,6758,1
59,769,842,08,0,20,115,00,13,30,-0,24,1,76,313343,7,32357,59,0,00,6757,6
59,774,842,15,0,20,115,01,13,30,-0,24,1,76,313332,4,32357,08,0,00,6757,1
59,779,842,22,0,20,115,02,13,30,-0,24,1,76,313321,6,32356,57,0,00,6756,6
59,784,842,28,0,20,115,03,13,30,-0,24,1,76,313310,0,32356,05,0,02,6756,1
59,789,842,35,0,19,115,04,13,30,-0,24,1,76,313298,9,32355,54,0,00,6755,5
59,794,842,42,0,19,115,05,13,30,-0,24,1,76,313338,5,32355,03,0,00,6755,0
59,799,842,48,0,19,115,06,13,30,-0,24,1,76,313296,3,32354,51,0,00,6754,5
59,804,842,55,0,19,115,06,13,30,-0,24,1,76,313255,6,32354,00,0,00,6754,0
59,809,842,62,0,19,115,07,13,30,-0,24,1,76,313261,0,32353,48,0,00,6753,5
59,814,842,68,0,19,115,08,13,30,-0,24,1,76,313241,1,32352,97,0,00,6753,0
59,819,842,75,0,19,115,09,13,30,-0,24,1,76,313235,0,32352,46,0,00,6752,5
59,824,842,82,0,19,115,10,13,30,-0,24,1,76,313221,6,32351,94,0,00,6751,9
59,829,842,88,0,18,115,11,13,30,-0,25,1,76,313211,7,32351,43,0,00,6751,4
59,834,842,95,0,18,115,12,13,30,-0,25,1,76,313200,5,32350,92,0,00,6750,9
59,839,843,02,0,18,115,13,13,30,-0,25,1,76,313189,9,32350,40,0,00,6750,4
59,844,843,08,0,18,115,13,13,30,-0,25,1,76,313178,8,32349,89,0,00,6749,9
59,849,843,15,0,18,115,14,13,30,-0,25,1,76,313168,2,32349,38,0,00,6749,4
59,854,843,22,0,18,115,15,13,30,-0,25,1,76,313157,3,32348,86,0,00,6748,9
59,859,843,28,0,18,115,16,13,30,-0,25,1,76,313146,8,32348,35,0,00,6748,3
59,864,843,35,0,18,115,17,13,30,-0,25,1,76,313135,9,32347,84,0,00,6747,8
59,869,843,42,0,17,115,18,13,30,-0,25,1,76,313125,5,32347,32,0,00,6747,3
59,874,843,48,0,17,115,19,13,30,-0,25,1,76,313114,8,32346,81,0,00,6746,8
59,879,843,55,0,17,115,20,13,30,-0,25,1,76,313104,0,32346,30,0,00,6746,3
59,884,843,61,0,17,115,20,13,30,-0,25,1,76,313093,8,32345,78,0,00,6745,8
59,889,843,68,0,17,115,21,13,30,-0,25,1,76,313083,1,32345,27,0,00,6745,3
59,894,843,75,0,17,115,22,13,30,-0,25,1,76,313072,1,32344,76,0,00,6744,8
59,899,843,81,0,17,115,23,13,30,-0,25,1,76,313062,4,32344,24,0,00,6744,2
59,904,843,88,0,17,115,24,13,30,-0,25,1,76,313051,4,32343,73,0,00,6743,7
59,909,843,95,0,16,115,25,13,30,-0,26,1,76,313041,0,32343,22,0,00,6743,2
59,914,844,01,0,16,115,26,13,30,-0,26,1,76,313031,0,32342,70,0,02,6742,7
59,919,844,08,0,16,115,27,13,30,-0,26,1,76,313020,2,32342,19,0,00,6742,2
59,924,844,15,0,16,115,27,13,30,-0,26,1,76,313060,5,32341,68,0,00,6741,7
59,929,844,21,0,16,115,28,13,30,-0,26,1,76,313019,1,32341,16,0,00,6741,2
59,934,844,28,0,16,115,29,13,30,-0,26,1,76,312979,1,32340,65,0,00,6740,7
59,939,844,35,0,16,115,30,13,30,-0,26,1,76,312985,7,32340,14,0,00,6740,1
59,944,844,41,0,16,115,31,13,30,-0,26,1,76,312965,6,32339,63,0,00,6739,6
59,949,844,48,0,15,115,32,13,30,-0,26,1,76,312961,1,32339,11,0,00,6739,1
59,954,844,55,0,15,115,33,13,30,-0,26,1,76,312947,5,32338,60,0,00,6738,6
59,959,844,61,0,15,115,34,13,30,-0,26,1,76,312939,6,32338,09,0,00,6738,1
59,964,844,68,0,15,115,34,13,30,-0,26,1,76,312927,9,32337,57,0,00,6737,6
59,969,844,75,0,15,115,35,13,30,-0,26,1,76,312918,8,32337,06,0,00,6737,1
59,974,844,81,0,15,115,36,13,30,-0,26,1,76,312908,5,32336,55,0,00,6736,5
59,979,844,88,0,15,115,37,13,30,-0,26,1,76,312898,2,32336,03,0,00,6736,0
59,984,844,95,0,14,115,38,13,30,-0,27,1,76,312888,3,32335,52,0,00,6735,5
59,989,845,01,0,14,115,39,13,30,-0,27,1,76,312878,6,32335,01,0,00,6735,0
59,994,845,08,0,14,115,40,13,30,-0,27,1,76,312868,4,32334,49,0,00,6734,5
59,999,845,14,0,14,115,41,13,30,-0,27,1,76,312858,3,32333,98,0,00,6734,0
60,004,845,21,0,14,115,42,13,30,-0,27,1,76,312848,6,32333,47,0,00,6733,5
60,009,845,28,0,14,115,42,13,30,-0,27,1,76,312838,6,32332,96,0,00,6733,0
60,014,845,34,0,14,115,43,13,30,-0,27,1,76,312829,0,32332,44,0,00,6732,4
60,019,845,41,0,14,115,44,13,30,-0,27,1,76,312819,0,32331,93,0,00,6731,9
60,024,845,48,0,13,115,45,13,30,-0,27,1,76,312809,1,32331,42,0,00,6731,4
60,029,845,54,0,13,115,46,13,30,-0,27,1,76,312799,6,32330,91,0,00,6730,9
60,034,845,61,0,13,115,47,13,30,-0,27,1,76,312789,8,32330,39,0,00,6730,4
60,039,845,68,0,13,115,48,13,30,-0,27,1,76,312779,6,32329,88,0,00,6729,9
60,044,845,74,0,13,115,49,13,30,-0,27,1,76,312770,7,32329,37,0,00,6729,4
60,049,845,81,0,13,115,49,13,30,-0,27,1,76,312760,1,32328,86,0,00,6728,9
60,054,845,88,0,13,115,50,13,30,-0,27,1,76,312751,3,32328,34,0,00,6728,3
60,059,845,94,0,12,115,51,13,30,-0,28,1,76,312741,2,32327,83,0,02,6727,8
60,064,846,01,0,12,115,52,13,30,-0,28,1,76,312732,0,32327,32,0,00,6727,3
60,069,846,08,0,12,115,53,13,30,-0,28,1,76,312772,3,32326,80,0,00,6726,8
60,074,846,14,0,12,115,54,13,30,-0,28,1,76,312732,0,32326,29,0,00,6726,3
60,079,846,21,0,12,115,55,13,30,-0,28,1,76,312692,8,32325,78,0,00,6725,8
60,084,846,27,0,12,115,56,13,30,-0,28,1,76,312699,8,32325,27,0,00,6725,3
60,089,846,34,0,12,115,56,13,30,-0,28,1,76,312681,3,32324,75,0,00,6724,8
60,094,846,41,0,11,115,57,13,30,-0,28,1,76,312676,7,32324,24,0,00,6724,2
60,099,846,47,0,11,115,58,13,30,-0,28,1,76,312664,8,32323,73,0,00,6723,7
60,104,846,54,0,11,115,59,13,30,-0,28,1,76,312656,8,32323,21,0,00,6723,2
60,109,846,61,0,11,115,60,13,30,-0,28,1,76,312646,7,32322,70,0,00,6722,7
60,114,846,67,0,11,115,61,13,30,-0,28,1,76,312637,9,32322,19,0,00,6722,2
60,119,846,74,0,11,115,62,13,30,-0,28,1,76,312627,8,32321,68,0,00,6721,7
60,124,846,81,0,11,115,63,13,30,-0,28,1,76,312619,2,32321,16,0,00,6721,2
60,129,846,87,0,10,115,63,13,30,-0,28,1,76,312609,2,32320,65,0,00,6720,7
60,134,846,94,0,10,115,64,13,30,-0,29,1,76,312601,0,32320,14,0,00,6720,1
60,139,847,01,0,10,115,65,13,30,-0,29,1,76,312590,7,32319,63,0,00,6719,6
60,144,847,07,0,10,115,66,13,30,-0,29,1,76,312582,2,32319,11,0,00,6719,1
60,149,847,14,0,10,115,67,13,30,-0,29,1,76,312572,8,32318,60,0,00,6718,6
60,154,847,21,0,10,115,68,13,30,-0,29,1,76,312563,9,32318,09,0,00,6718,1
60,159,847,27,0,10,115,69,13,30,-0,29,1,76,312554,6,32317,58,0,00,6717,6
60,164,847,34,0,09,115,70,13,30,-0,29,1,76,312545,3,32317,06,0,00,6717,1
60,169,847,40,0,09,115,70,13,30,-0,29,1,76,312536,6,32316,55,0,00,6716,6
60,174,847,47,0,09,115,71,13,30,-0,29,1,76,312527,4,32316,04,0,00,6716,0
60,179,847,54,0,09,115,72,13,30,-0,29,1,76,312518,3,32315,53,0,00,6715,5
60,184,847,60,0,09,115,73,13,30,-0,29,1,76,312509,2,32315,02,0,00,6715,0
60,189,847,67,0,09,115,74,13,30,-0,29,1,76,312500,5,32314,50,0,00,6714,5
60,194,847,74,0,09,115,75,13,30,-0,29,1,76,312491,5,32313,99,0,00,6714,0
60,199,847,80,0,08,115,76,13,30,-0,29,1,76,312482,5,32313,48,0,00,6713,5
60,204,847,87,0,08,115,77,13,30,-0,29,1,76,312473,5,32312,97,0,00,6713,0
60,209,847,94,0,08,115,78,13,30,-0,30,1,76,312464,6,32312,46,0,02,6712,5
60,214,848,00,0,08,115,78,13,30,-0,30,1,76,312456,2,32311,94,0,00,6711,9
60,219,848,07,0,08,115,79,13,30,-0,30,1,76,312497,2,32311,43,0,00,6711,4
60,224,848,14,0,08,115,80,13,30,-0,30,1,76,312457,6,32310,92,0,00,6710,9
60,229,848,20,0,08,115,81,13,30,-0,30,1,76,312419,2,32310,41,0,00,6710,4
60,234,848,27,0,07,115,82,13,30,-0,30,1,76,312427,2,32309,89,0,00,6709,9
60,239,848,34,0,07,115,83,13,30,-0,30,1,76,312409,0,32309,38,0,00,6709,4
60,244,848,40,0,07,115,84,13,30,-0,30,1,76,312405,1,32308,87,0,00,6708,9
60,249,848,47,0,07,115,85,13,30,-0,30,1,76,312394,3,32308,36,0,00,6708,4
60,254,848,53,0,07,115,85,13,30,-0,30,1,76,312386,6,32307,84,0,00,6707,8
60,259,848,60,0,07,115,86,13,30,-0,30,1,76,312377,2,32307,33,0,00,6707,3
60,264,848,67,0,07,115,87,13,30,-0,30,1,76,312369,5,32306,82,0,00,6706,8
60,269,848,73,0,06,115,88,13,30,-0,30,1,76,312360,2,32306,31,0,00,6706,3
60,274,848,80,0,06,115,89,13,30,-0,30,1,76,312351,7,32305,80,0,00,6705,8
60,279,848,87,0,06,115,90,13,30,-0,30,1,76,312343,3,32305,28,0,00,6705,3
60,284,848,93,0,06,115,91,13,30,-0,31,1,76,312334,9,32304,77,0,00,6704,8
60,289,849,00,0,06,115,92,13,30,-0,31,1,76,312326,2,32304,26,0,00,6704,3
60,294,849,07,0,06,115,92,13,30,-0,31,1,76,312317,4,32303,75,0,00,6703,7
60,299,849,13,0,05,115,93,13,30,-0,31,1,76,312309,6,32303,23,0,00,6703,2
60,304,849,20,0,05,115,94,13,30,-0,31,1,76,312300,9,32302,72,0,00,6702,7
60,309,849,27,0,05,115,95,13,30,-0,31,1,76,312292,3,32302,21,0,00,6702,2
60,314,849,33,0,05,115,96,13,30,-0,31,1,76,312284,1,32301,70,0,00,6701,7
