time,posX,posY,posZ,velX,velY,velZ,thrust,mass,angleError,fuel
0,050,-0,12,2495,01,-0,11,-2,55,-99,44,-2,07,845000,0,40224,79,6,97,14624,8
0,100,-0,26,2490,06,-0,21,-2,70,-98,86,-1,99,845000,0,40210,93,6,73,14610,9
0,150,-0,39,2485,13,-0,31,-2,83,-98,27,-1,92,845000,0,40197,07,6,43,14597,1
0,200,-0,54,2480,23,-0,40,-2,96,-97,68,-1,86,845000,0,40183,21,6,08,14583,2
0,250,-0,69,2475,36,-0,49,-3,07,-97,08,-1,81,845000,0,40169,36,5,70,14569,4
0,300,-0,84,2470,52,-0,58,-3,17,-96,49,-1,77,845000,0,40155,50,5,31,14555,5
0,350,-1,01,2465,71,-0,67,-3,27,-95,89,-1,74,845000,0,40141,64,4,91,14541,6
0,400,-1,17,2460,93,-0,76,-3,35,-95,30,-1,71,845000,0,40127,78,4,51,14527,8
0,450,-1,34,2456,18,-0,84,-3,43,-94,70,-1,70,845000,0,40113,93,4,12,14513,9
0,500,-1,51,2451,46,-0,93,-3,50,-94,10,-1,69,845000,0,40100,07,3,75,14500,1
0,550,-1,69,2446,77,-1,01,-3,57,-93,52,-1,74,845000,0,40086,21,3,40,14486,2
0,600,-1,87,2442,11,-1,10,-3,63,-92,92,-1,73,843302,8,40072,36,3,08,14472,4
0,650,-2,05,2437,48,-1,18,-3,68,-92,33,-1,73,832507,4,40058,63,2,79,14458,6
0,700,-2,24,2432,88,-1,27,-3,72,-91,75,-1,73,821828,4,40045,08,2,53,14445,1
0,750,-2,43,2428,31,-1,36,-3,77,-91,19,-1,75,809803,9,40031,71,2,33,14431,7
0,800,-2,62,2423,76,-1,44,-3,81,-90,64,-1,77,797070,4,40018,55,2,19,14418,6
0,850,-2,81,2419,24,-1,53,-3,85,-90,11,-1,80,784736,1,40005,59,2,13,14405,6
0,900,-3,00,2414,75,-1,62,-3,89,-89,60,-1,84,772816,9,39992,84,2,13,14392,8
0,950,-3,20,2410,28,-1,72,-3,92,-89,10,-1,89,761243,9,39980,27,2,21,14380,3
1,000,-3,39,2405,84,-1,81,-3,96,-88,61,-1,95,750059,6,39967,89,2,35,14367,9
1,050,-3,59,2401,42,-1,91,-3,89,-88,15,-2,02,739353,4,39955,65,2,53,14355,7
1,100,-3,78,2397,02,-2,02,-3,85,-87,69,-2,09,728698,3,39943,63,2,71,14343,6
1,150,-3,97,2392,65,-2,12,-3,81,-87,25,-2,15,718356,7,39931,77,2,87,14331,8
1,200,-4,16,2388,30,-2,23,-3,76,-86,82,-2,22,708284,1,39920,09,2,98,14320,1
1,250,-4,35,2383,97,-2,34,-3,72,-86,40,-2,28,698436,8,39908,56,3,06,14308,6
1,300,-4,53,2379,66,-2,46,-3,67,-86,00,-2,34,688883,8,39897,20,3,11,14297,2
1,350,-4,72,2375,37,-2,58,-3,63,-85,60,-2,39,679585,6,39885,99,3,12,14286,0
1,400,-4,90,2371,10,-2,70,-3,58,-85,22,-2,44,670585,7,39874,93,3,10,14274,9
1,450,-5,07,2366,85,-2,82,-3,54,-84,84,-2,49,661790,0,39864,02,3,06,14264,0
1,500,-5,25,2362,61,-2,95,-3,49,-84,48,-2,53,653271,2,39853,24,3,01,14253,2
1,550,-5,42,2358,40,-3,07,-3,45,-84,13,-2,57,644992,2,39842,61,2,94,14242,6
1,600,-5,60,2354,20,-3,20,-3,40,-83,79,-2,60,636971,1,39832,11,2,87,14232,1
1,650,-5,76,2350,02,-3,33,-3,36,-83,46,-2,62,629170,7,39821,74,2,80,14221,7
1,700,-5,93,2345,85,-3,47,-3,31,-83,13,-2,65,621610,3,39811,49,2,74,14211,5
1,750,-6,10,2341,70,-3,60,-3,27,-82,82,-2,67,614253,6,39801,37,2,69,14201,4
1,800,-6,26,2337,57,-3,73,-3,22,-82,52,-2,68,607148,1,39791,36,2,65,14191,4
1,850,-6,42,2333,45,-3,87,-3,17,-82,23,-2,64,601727,6,39781,43,2,64,14181,4
1,900,-6,57,2329,35,-4,00,-3,13,-81,94,-2,63,593662,3,39771,65,2,63,14171,7
1,950,-6,73,2325,26,-4,13,-3,08,-81,66,-2,61,587146,3,39761,98,2,62,14162,0
2,000,-6,88,2321,18,-4,26,-3,04,-81,39,-2,58,580820,8,39752,41,2,61,14152,4
2,050,-7,03,2317,12,-4,39,-3,00,-81,13,-2,56,574649,8,39742,94,2,59,14142,9
2,100,-7,18,2313,07,-4,51,-2,96,-80,87,-2,53,568651,9,39733,57,2,56,14133,6
2,150,-7,33,2309,03,-4,64,-2,92,-80,63,-2,50,562819,9,39724,30,2,52,14124,3
2,200,-7,47,2305,01,-4,76,-2,88,-80,38,-2,47,557146,1,39715,13,2,47,14115,1
2,250,-7,62,2300,99,-4,89,-2,85,-80,15,-2,44,551651,6,39706,04,2,42,14106,0
2,300,-7,76,2296,99,-5,01,-2,82,-79,92,-2,41,546301,3,39697,04,2,36,14097,0
2,350,-7,90,2293,00,-5,13,-2,80,-79,70,-2,38,541117,3,39688,14,2,29,14088,1
2,400,-8,04,2289,02,-5,25,-2,78,-79,49,-2,35,536065,1,39679,31,2,23,14079,3
2,450,-8,18,2285,05,-5,36,-2,76,-79,28,-2,32,531166,1,39670,57,2,17,14070,6
2,500,-8,32,2281,09,-5,48,-2,74,-79,08,-2,29,526415,3,39661,90,2,11,14061,9
2,550,-8,45,2277,14,-5,59,-2,73,-78,88,-2,26,521807,2,39653,31,2,06,14053,3
2,600,-8,59,2273,20,-5,71,-2,71,-78,69,-2,23,517308,5,39644,80,2,02,14044,8
2,650,-8,72,2269,27,-5,82,-2,74,-78,51,-2,20,512969,3,39636,36,2,00,14036,4
2,700,-8,86,2265,35,-5,92,-2,74,-78,33,-2,16,508844,4,39627,95,1,99,14028,0
2,750,-9,00,2261,44,-6,03,-2,76,-78,16,-2,13,504776,7,39619,65,1,98,14019,7
2,800,-9,14,2257,54,-6,14,-2,77,-77,99,-2,10,500769,9,39611,41,1,97,14011,4
2,850,-9,27,2253,64,-6,24,-2,78,-77,82,-2,07,496902,5,39603,23,1,95,14003,2
2,900,-9,41,2249,75,-6,35,-2,80,-77,66,-2,04,493140,9,39595,13,1,93,13995,1
2,950,-9,55,2245,88,-6,45,-2,82,-77,51,-2,02,489480,9,39587,07,1,91,13987,1
3,000,-9,70,2242,00,-6,55,-2,84,-77,36,-1,99,485917,0,39579,08,1,88,13979,1
3,050,-9,84,2238,14,-6,65,-2,86,-77,21,-1,97,482445,0,39571,14,1,85,13971,1
3,100,-9,98,2234,28,-6,74,-2,88,-77,07,-1,95,479089,1,39563,27,1,81,13963,3
3,150,-10,13,2230,43,-6,84,-2,90,-76,93,-1,93,475816,8,39555,44,1,78,13955,4
3,200,-10,27,2226,59,-6,94,-2,92,-76,80,-1,91,472651,9,39547,67,1,75,13947,7
3,250,-10,42,2222,75,-7,03,-2,94,-76,67,-1,89,469591,1,39539,95,1,72,13940,0
3,300,-10,57,2218,92,-7,13,-2,97,-76,54,-1,88,466602,6,39532,28,1,71,13932,3
3,350,-10,71,2215,10,-7,22,-2,99,-76,42,-1,87,463683,6,39524,66,1,70,13924,7
3,400,-10,87,2211,28,-7,31,-3,01,-76,30,-1,89,466110,5,39517,05,1,72,13917,1
3,450,-11,02,2207,47,-7,41,-3,04,-76,19,-1,90,458246,1,39509,52,1,74,13909,5
3,500,-11,17,2203,66,-7,50,-3,07,-76,08,-1,91,455592,8,39502,03,1,76,13902,0
3,550,-11,32,2199,86,-7,60,-3,09,-75,97,-1,92,452995,3,39494,59,1,78,13894,6
3,600,-11,48,2196,06,-7,69,-3,12,-75,86,-1,93,450477,5,39487,18,1,79,13887,2
3,650,-11,63,2192,27,-7,79,-3,14,-75,76,-1,94,448036,1,39479,82,1,80,13879,8
3,700,-11,79,2188,49,-7,89,-3,16,-75,66,-1,96,445668,8,39472,49,1,81,13872,5
3,750,-11,95,2184,71,-7,99,-3,18,-75,56,-1,97,443344,3,39465,21,1,81,13865,2
3,800,-12,11,2180,93,-8,09,-3,21,-75,47,-1,99,441114,8,39457,96,1,80,13858,0
3,850,-12,27,2177,16,-8,19,-3,22,-75,37,-2,01,438922,5,39450,75,1,79,13850,8
3,900,-12,43,2173,40,-8,29,-3,24,-75,29,-2,03,436792,3,39443,57,1,78,13843,6
3,950,-12,60,2169,63,-8,39,-3,26,-75,20,-2,05,434749,5,39436,43,1,77,13836,4
4,000,-12,76,2165,88,-8,49,-3,27,-75,12,-2,07,432736,0,39429,32,1,77,13829,3
4,050,-12,92,2162,12,-8,60,-3,29,-75,03,-2,09,430804,9,39422,24,1,77,13822,2
4,100,-13,09,2158,37,-8,70,-3,30,-74,96,-2,11,428896,1,39415,20,1,77,13815,2
4,150,-13,25,2154,63,-8,81,-3,31,-74,88,-2,13,427077,3,39408,18,1,79,13808,2
4,200,-13,42,2150,88,-8,91,-3,28,-74,81,-2,15,426341,9,39401,17,1,82,13801,2
4,250,-13,58,2147,15,-9,02,-3,27,-74,74,-2,18,423588,0,39394,21,1,86,13794,2
4,300,-13,74,2143,41,-9,13,-3,26,-74,67,-2,20,421882,7,39387,29,1,89,13787,3
4,350,-13,91,2139,68,-9,24,-3,25,-74,60,-2,23,420177,3,39380,38,1,92,13780,4
4,400,-14,07,2135,95,-9,35,-3,24,-74,53,-2,25,418525,9,39373,51,1,94,13773,5
4,450,-14,23,2132,23,-9,47,-3,22,-74,47,-2,27,416899,6,39366,66,1,96,13766,7
4,500,-14,39,2128,50,-9,58,-3,21,-74,41,-2,30,415324,6,39359,84,1,96,13759,8
4,550,-14,55,2124,78,-9,70,-3,19,-74,35,-2,32,413744,6,39353,05,1,96,13753,1
4,600,-14,71,2121,07,-9,81,-3,18,-74,29,-2,34,412240,8,39346,28,1,94,13746,3
4,650,-14,87,2117,36,-9,93,-3,16,-74,23,-2,36,410729,6,39339,53,1,92,13739,5
4,700,-15,03,2113,65,-10,05,-3,14,-74,18,-2,38,409265,3,39332,81,1,90,13732,8
4,750,-15,18,2109,94,-10,17,-3,13,-74,12,-2,39,407846,6,39326,11,1,86,13726,1
4,800,-15,34,2106,23,-10,29,-3,11,-74,07,-2,41,406445,2,39319,44,1,83,13719,4
4,850,-15,49,2102,53,-10,41,-3,09,-74,02,-2,42,405060,2,39312,79,1,79,13712,8
4,900,-15,65,2098,83,-10,53,-3,07,-73,98,-2,44,403718,5,39306,16,1,75,13706,2
4,950,-15,80,2095,13,-10,65,-3,06,-73,93,-2,45,402419,0,39299,55,1,70,13699,6
5,000,-15,95,2091,44,-10,77,-3,04,-73,88,-2,46,401161,3,39292,97,1,66,13693,0
5,050,-16,11,2087,74,-10,90,-3,02,-73,84,-2,47,399889,3,39286,40,1,63,13686,4
5,100,-16,26,2084,05,-11,02,-3,00,-73,80,-2,47,398685,1,39279,86,1,60,13679,9
5,150,-16,41,2080,36,-11,14,-2,98,-73,76,-2,48,397464,9,39273,34,1,57,13673,3
5,200,-16,55,2076,68,-11,27,-2,96,-73,72,-2,49,396311,3,39266,83,1,56,13666,8
5,250,-16,70,2072,99,-11,39,-2,95,-73,69,-2,46,395301,5,39260,32,1,56,13660,3
5,300,-16,85,2069,31,-11,51,-2,93,-73,65,-2,45,394165,4,39253,85,1,55,13653,9
5,350,-17,00,2065,63,-11,64,-2,91,-73,62,-2,44,393065,9,39247,39,1,55,13647,4
5,400,-17,14,2061,95,-11,76,-2,89,-73,58,-2,43,392001,9,39240,96,1,54,13641,0
5,450,-17,28,2058,27,-11,88,-2,87,-73,55,-2,42,390945,2,39234,54,1,53,13634,5
5,500,-17,43,2054,59,-12,00,-2,85,-73,52,-2,41,389923,1,39228,14,1,52,13628,1
5,550,-17,57,2050,92,-12,12,-2,84,-73,49,-2,40,388934,1,39221,76,1,50,13621,8
5,600,-17,71,2047,24,-12,24,-2,82,-73,46,-2,39,387950,5,39215,39,1,47,13615,4
5,650,-17,85,2043,57,-12,36,-2,81,-73,43,-2,38,386998,7,39209,04,1,45,13609,0
5,700,-17,99,2039,90,-12,48,-2,79,-73,41,-2,36,386050,3,39202,71,1,42,13602,7
5,750,-18,13,2036,23,-12,60,-2,78,-73,38,-2,35,385132,3,39196,39,1,39,13596,4
5,800,-18,27,2032,56,-12,71,-2,77,-73,36,-2,34,384244,2,39190,08,1,35,13590,1
5,850,-18,41,2028,89,-12,83,-2,76,-73,33,-2,32,383385,5,39183,79,1,31,13583,8
5,900,-18,55,2025,23,-12,95,-2,75,-73,31,-2,31,382528,1,39177,51,1,28,13577,5
5,950,-18,68,2021,56,-13,06,-2,74,-73,29,-2,30,381698,5,39171,25,1,24,13571,3
6,000,-18,82,2017,90,-13,18,-2,73,-73,27,-2,28,380869,0,39165,00,1,21,13565,0
6,050,-18,96,2014,24,-13,29,-2,72,-73,25,-2,27,380066,3,39158,76,1,18,13558,8
6,100,-19,09,2010,57,-13,40,-2,72,-73,23,-2,26,379290,6,39152,54,1,16,13552,5
6,150,-19,23,2006,91,-13,52,-2,71,-73,21,-2,24,378540,6,39146,33,1,15,13546,3
6,200,-19,36,2003,25,-13,63,-2,74,-73,20,-2,23,378082,1,39140,11,1,14,13540,1
6,250,-19,50,1999,59,-13,74,-2,74,-73,19,-2,22,377159,8,39133,91,1,13,13533,9
6,300,-19,64,1995,93,-13,85,-2,74,-73,17,-2,20,376454,6,39127,74,1,12,13527,7
6,350,-19,78,1992,28,-13,96,-2,75,-73,16,-2,19,375773,4,39121,57,1,11,13521,6
6,400,-19,91,1988,62,-14,07,-2,76,-73,14,-2,17,375088,5,39115,42,1,10,13515,4
6,450,-20,05,1984,96,-14,18,-2,76,-73,13,-2,16,374426,9,39109,28,1,09,13509,3
6,500,-20,19,1981,31,-14,28,-2,77,-73,12,-2,15,373759,5,39103,14,1,07,13503,1
6,550,-20,33,1977,65,-14,39,-2,77,-73,11,-2,14,373141,6,39097,02,1,05,13497,0
6,600,-20,47,1973,99,-14,50,-2,78,-73,10,-2,13,372517,5,39090,91,1,03,13490,9
6,650,-20,61,1970,34,-14,60,-2,79,-73,09,-2,12,371914,4,39084,81,1,01,13484,8
6,700,-20,75,1966,69,-14,71,-2,80,-73,08,-2,11,371331,9,39078,72,0,99,13478,7
6,750,-20,89,1963,03,-14,81,-2,81,-73,07,-2,10,370769,4,39072,64,0,97,13472,6
6,800,-21,03,1959,38,-14,92,-2,81,-73,06,-2,09,370199,1,39066,56,0,95,13466,6
6,850,-21,17,1955,73,-15,02,-2,82,-73,05,-2,08,369648,1,39060,50,0,94,13460,5
6,900,-21,31,1952,07,-15,13,-2,83,-73,05,-2,08,369116,0,39054,45,0,93,13454,4
6,950,-21,45,1948,42,-15,23,-2,84,-73,04,-2,07,368574,8,39048,40,0,92,13448,4
7,000,-21,59,1944,77,-15,33,-2,85,-73,04,-2,07,368079,2,39042,36,0,93,13442,4
7,050,-21,74,1941,12,-15,44,-2,86,-73,03,-2,09,367863,9,39036,30,0,94,13436,3
7,100,-21,88,1937,47,-15,54,-2,87,-73,03,-2,09,367180,3,39030,28,0,95,13430,3
7,150,-22,02,1933,81,-15,65,-2,88,-73,03,-2,09,366706,7,39024,27,0,96,13424,3
7,200,-22,17,1930,16,-15,75,-2,89,-73,02,-2,10,366221,8,39018,26,0,97,13418,3
7,250,-22,31,1926,51,-15,86,-2,91,-73,02,-2,10,365780,8,39012,26,0,97,13412,3
7,300,-22,46,1922,86,-15,96,-2,92,-73,02,-2,11,365328,4,39006,27,0,97,13406,3
7,350,-22,60,1919,21,-16,07,-2,93,-73,02,-2,11,364919,2,39000,28,0,97,13400,3
7,400,-22,75,1915,56,-16,17,-2,93,-73,01,-2,12,364470,0,38994,30,0,96,13394,3
7,450,-22,90,1911,91,-16,28,-2,94,-73,01,-2,12,364063,2,38988,33,0,96,13388,3
7,500,-23,05,1908,26,-16,39,-2,95,-73,01,-2,13,363670,9,38982,36,0,94,13382,4
7,550,-23,19,1904,61,-16,49,-2,96,-73,01,-2,14,363265,2,38976,41,0,93,13376,4
7,600,-23,34,1900,95,-16,60,-2,97,-73,01,-2,14,362900,8,38970,45,0,92,13370,5
7,650,-23,49,1897,30,-16,71,-2,97,-73,01,-2,15,362522,5,38964,51,0,90,13364,5
7,700,-23,64,1893,65,-16,81,-2,98,-73,01,-2,16,362157,3,38958,57,0,89,13358,6
7,750,-23,79,1890,00,-16,92,-2,99,-73,02,-2,17,361805,1,38952,63,0,88,13352,6
7,800,-23,94,1886,35,-17,03,-2,99,-73,02,-2,17,361438,0,38946,70,0,87,13346,7
7,850,-24,09,1882,70,-17,14,-3,00,-73,02,-2,18,361111,0,38940,78,0,86,13340,8
7,900,-24,24,1879,05,-17,25,-3,00,-73,02,-2,19,360768,3,38934,86,0,86,13334,9
7,950,-24,39,1875,40,-17,36,-3,00,-73,02,-2,20,360465,3,38928,95,0,86,13329,0
8,000,-24,54,1871,75,-17,47,-2,98,-73,03,-2,21,361123,3,38923,02,0,87,13323,0
8,050,-24,69,1868,09,-17,58,-2,98,-73,03,-2,22,359931,5,38917,12,0,88,13317,1
8,100,-24,83,1864,44,-17,69,-2,97,-73,04,-2,23,359632,6,38911,22,0,89,13311,2
8,150,-24,98,1860,79,-17,80,-2,97,-73,04,-2,23,359316,8,38905,33,0,90,13305,3
8,200,-25,13,1857,14,-17,91,-2,96,-73,05,-2,24,359039,3,38899,44,0,90,13299,4
8,250,-25,28,1853,49,-18,03,-2,96,-73,05,-2,25,358772,1,38893,56,0,90,13293,6
8,300,-25,43,1849,83,-18,14,-2,95,-73,05,-2,26,358487,5,38887,68,0,89,13287,7
8,350,-25,57,1846,18,-18,25,-2,95,-73,06,-2,27,358212,5,38881,80,0,88,13281,8
8,400,-25,72,1842,53,-18,37,-2,94,-73,07,-2,28,357975,1,38875,94,0,87,13275,9
8,450,-25,87,1838,87,-18,48,-2,94,-73,07,-2,29,357719,1,38870,07,0,86,13270,1
8,500,-26,02,1835,22,-18,60,-2,93,-73,08,-2,29,357472,5,38864,21,0,84,13264,2
8,550,-26,16,1831,57,-18,71,-2,93,-73,08,-2,30,357207,0,38858,35,0,82,13258,4
8,600,-26,31,1827,91,-18,83,-2,92,-73,09,-2,31,356978,0,38852,49,0,80,13252,5
8,650,-26,45,1824,26,-18,94,-2,91,-73,09,-2,31,356757,3,38846,64,0,77,13246,6
8,700,-26,60,1820,60,-19,06,-2,91,-73,10,-2,32,356517,2,38840,80,0,75,13240,8
8,750,-26,75,1816,95,-19,17,-2,90,-73,11,-2,32,356312,8,38834,95,0,72,13235,0
8,800,-26,89,1813,29,-19,29,-2,90,-73,11,-2,33,356088,8,38829,11,0,69,13229,1
8,850,-27,03,1809,64,-19,40,-2,89,-73,12,-2,33,355899,9,38823,28,0,66,13223,3
8,900,-27,18,1805,98,-19,52,-2,89,-73,13,-2,33,355691,2,38817,45,0,64,13217,5
8,950,-27,32,1802,32,-19,64,-2,88,-73,14,-2,34,355489,8,38811,62,0,61,13211,6
9,000,-27,47,1798,67,-19,76,-2,87,-73,14,-2,34,355295,7,38805,79,0,59,13205,8
9,050,-27,61,1795,01,-19,87,-2,87,-73,15,-2,34,355108,5,38799,97,0,56,13200,0
9,100,-27,75,1791,35,-19,99,-2,86,-73,16,-2,34,354928,4,38794,15,0,55,13194,2
9,150,-27,90,1787,69,-20,11,-2,86,-73,17,-2,35,354754,9,38788,33,0,53,13188,3
9,200,-28,04,1784,03,-20,22,-2,85,-73,18,-2,35,354587,9,38782,52,0,52,13182,5
9,250,-28,18,1780,37,-20,34,-2,85,-73,19,-2,32,355403,1,38776,68,0,51,13176,7
9,300,-28,32,1776,71,-20,46,-2,84,-73,20,-2,32,354337,2,38770,87,0,50,13170,9
9,350,-28,47,1773,05,-20,57,-2,83,-73,20,-2,32,354158,8,38765,06,0,49,13165,1
9,400,-28,61,1769,39,-20,69,-2,83,-73,21,-2,32,353986,4,38759,26,0,48,13159,3
9,450,-28,75,1765,73,-20,80,-2,82,-73,22,-2,32,353847,7,38753,46,0,47,13153,5
9,500,-28,89,1762,07,-20,92,-2,82,-73,23,-2,31,353686,9,38747,66,0,46,13147,7
9,550,-29,03,1758,41,-21,04,-2,81,-73,24,-2,31,353559,3,38741,86,0,44,13141,9
9,600,-29,17,1754,75,-21,15,-2,81,-73,23,-2,31,373616,9,38735,81,0,43,13135,8
9,650,-29,31,1751,09,-21,27,-2,80,-73,21,-2,31,374665,4,38729,68,0,41,13129,7
9,700,-29,45,1747,43,-21,38,-2,80,-73,19,-2,30,375709,3,38723,53,0,39,13123,5
9,750,-29,59,1743,77,-21,50,-2,79,-73,17,-2,30,376721,0,38717,36,0,37,13117,4
9,800,-29,73,1740,11,-21,61,-2,79,-73,15,-2,30,377701,8,38711,17,0,35,13111,2
9,850,-29,87,1736,45,-21,73,-2,79,-73,13,-2,30,378679,7,38704,97,0,33,13105,0
9,900,-30,01,1732,80,-21,84,-2,78,-73,10,-2,29,379654,9,38698,75,0,31,13098,8
9,950,-30,15,1729,14,-21,96,-2,78,-73,07,-2,29,380600,9,38692,52,0,29,13092,5
10,000,-30,29,1725,49,-22,07,-2,78,-73,05,-2,29,381545,7,38686,27,0,27,13086,3
10,050,-30,43,1721,84,-22,19,-2,77,-73,02,-2,29,382434,3,38680,01,0,24,13080,0
10,100,-30,56,1718,19,-22,30,-2,77,-72,99,-2,29,383323,2,38673,73,0,23,13073,7
10,150,-30,70,1714,54,-22,41,-2,77,-72,96,-2,28,384156,8,38667,44,0,21,13067,4
10,200,-30,84,1710,89,-22,53,-2,77,-72,93,-2,28,385019,2,38661,13,0,19,13061,1
10,250,-30,98,1707,25,-22,64,-2,77,-72,89,-2,28,385855,3,38654,82,0,18,13054,8
10,300,-31,12,1703,60,-22,76,-2,76,-72,86,-2,28,386637,9,38648,48,0,17,13048,5
10,350,-31,26,1699,96,-22,87,-2,76,-72,82,-2,28,387450,1,38642,14,0,16,13042,1
10,400,-31,39,1696,32,-22,98,-2,78,-72,79,-2,27,394336,9,38635,77,0,15,13035,8
10,450,-31,53,1692,68,-23,10,-2,77,-72,75,-2,27,389038,9,38629,40,0,15,13029,4
10,500,-31,67,1689,05,-23,21,-2,77,-72,71,-2,27,389750,0,38623,02,0,15,13023,0
10,550,-31,81,1685,41,-23,32,-2,77,-72,67,-2,27,390437,5,38616,62,0,14,13016,6
10,600,-31,95,1681,78,-23,44,-2,77,-72,63,-2,26,391157,1,38610,21,0,13,13010,2
10,650,-32,09,1678,15,-23,55,-2,77,-72,59,-2,26,391826,8,38603,79,0,13,13003,8
10,700,-32,23,1674,52,-23,66,-2,77,-72,54,-2,26,392557,0,38597,36,0,12,12997,4
10,750,-32,37,1670,89,-23,78,-2,77,-72,50,-2,26,393210,4,38590,92,0,11,12990,9
10,800,-32,50,1667,27,-23,89,-2,77,-72,46,-2,26,393842,4,38584,47,0,10,12984,5
10,850,-32,64,1663,65,-24,00,-2,77,-72,41,-2,25,394508,8,38578,01,0,10,12978,0
10,900,-32,78,1660,03,-24,11,-2,77,-72,36,-2,25,395099,4,38571,53,0,09,12971,5
10,950,-32,92,1656,41,-24,23,-2,77,-72,32,-2,25,395725,3,38565,05,0,08,12965,1
11,000,-33,06,1652,80,-24,34,-2,77,-72,27,-2,25,396303,6,38558,56,0,08,12958,6
11,050,-33,20,1649,19,-24,45,-2,77,-72,22,-2,25,396890,6,38552,05,0,07,12952,1
11,100,-33,34,1645,58,-24,56,-2,77,-72,17,-2,25,397430,8,38545,54,0,07,12945,5
11,150,-33,47,1641,97,-24,68,-2,77,-72,12,-2,25,397980,1,38539,02,0,07,12939,0
11,200,-33,61,1638,36,-24,79,-2,77,-72,07,-2,24,398511,4,38532,49,0,07,12932,5
11,250,-33,75,1634,76,-24,90,-2,77,-72,02,-2,25,399061,7,38525,95,0,08,12926,0
11,300,-33,89,1631,16,-25,01,-2,77,-71,96,-2,25,399584,4,38519,41,0,08,12919,4
11,350,-34,03,1627,57,-25,13,-2,77,-71,91,-2,25,400117,8,38512,85,0,09,12912,9
11,400,-34,17,1623,97,-25,24,-2,77,-71,86,-2,25,400579,0,38506,29,0,09,12906,3
11,450,-34,31,1620,38,-25,35,-2,77,-71,80,-2,25,401051,1,38499,72,0,09,12899,7
11,500,-34,44,1616,79,-25,46,-2,77,-71,75,-2,25,401506,8,38493,14,0,09,12893,1
11,550,-34,58,1613,21,-25,58,-2,77,-71,69,-2,25,401974,2,38486,55,0,09,12886,6
11,600,-34,72,1609,62,-25,69,-2,77,-71,63,-2,25,402398,4,38479,96,0,09,12880,0
11,650,-34,86,1606,04,-25,80,-2,77,-71,58,-2,25,402890,4,38473,36,0,09,12873,4
11,700,-35,00,1602,46,-25,91,-2,77,-71,52,-2,25,403311,9,38466,75,0,09,12866,8
11,750,-35,14,1598,89,-26,03,-2,78,-71,46,-2,25,403718,7,38460,13,0,09,12860,1
11,800,-35,28,1595,32,-26,14,-2,78,-71,40,-2,25,404138,7,38453,51,0,09,12853,5
11,850,-35,42,1591,75,-26,25,-2,78,-71,34,-2,25,404517,3,38446,88,0,09,12846,9
11,900,-35,55,1588,19,-26,36,-2,78,-71,28,-2,25,404936,6,38440,24,0,09,12840,2
11,950,-35,69,1584,62,-26,48,-2,78,-71,22,-2,25,405259,8,38433,60,0,08,12833,6
12,000,-35,83,1581,06,-26,59,-2,78,-71,16,-2,25,405652,1,38426,95,0,08,12827,0
12,050,-35,97,1577,51,-26,70,-2,78,-71,09,-2,25,405976,4,38420,30,0,08,12820,3
12,100,-36,11,1573,95,-26,81,-2,78,-71,03,-2,25,406370,8,38413,64,0,08,12813,6
12,150,-36,25,1570,40,-26,93,-2,78,-70,97,-2,25,406724,8,38406,98,0,08,12807,0
12,200,-36,39,1566,86,-27,04,-2,78,-70,90,-2,25,407038,7,38400,30,0,07,12800,3
12,250,-36,53,1563,31,-27,15,-2,78,-70,84,-2,25,407368,2,38393,63,0,07,12793,6
12,300,-36,66,1559,77,-27,26,-2,78,-70,77,-2,25,407685,8,38386,95,0,07,12787,0
12,350,-36,80,1556,24,-27,37,-2,78,-70,71,-2,25,407992,1,38380,26,0,07,12780,3
12,400,-36,94,1552,70,-27,49,-2,78,-70,64,-2,25,408259,1,38373,57,0,07,12773,6
12,450,-37,08,1549,17,-27,60,-2,78,-70,58,-2,25,408597,5,38366,88,0,07,12766,9
12,500,-37,22,1545,64,-27,71,-2,78,-70,51,-2,25,408897,3,38360,18,0,07,12760,2
12,550,-37,36,1542,12,-27,82,-2,78,-70,44,-2,25,409186,6,38353,47,0,07,12753,5
12,600,-37,50,1538,60,-27,94,-2,78,-70,38,-2,25,409410,3,38346,76,0,07,12746,8
12,650,-37,64,1535,08,-28,05,-2,78,-70,31,-2,25,409651,3,38340,04,0,07,12740,0
12,700,-37,78,1531,57,-28,16,-2,78,-70,24,-2,25,410213,2,38333,32,0,07,12733,3
12,750,-37,91,1528,06,-28,27,-2,77,-70,18,-2,25,411308,9,38326,58,0,08,12726,6
12,800,-38,05,1524,55,-28,39,-2,77,-70,11,-2,25,412386,9,38319,84,0,08,12719,8
12,850,-38,19,1521,05,-28,50,-2,77,-70,04,-2,25,412173,6,38313,09,0,08,12713,1
12,900,-38,33,1517,55,-28,61,-2,76,-69,97,-2,25,412319,2,38306,34,0,08,12706,3
12,950,-38,47,1514,05,-28,72,-2,77,-69,91,-2,25,410821,9,38299,58,0,08,12699,6
13,000,-38,61,1510,56,-28,84,-2,77,-69,84,-2,25,413001,4,38292,81,0,08,12692,8
13,050,-38,74,1507,07,-28,95,-2,76,-69,77,-2,25,413313,0,38286,04,0,08,12686,0
13,100,-38,88,1503,58,-29,06,-2,76,-69,70,-2,25,413515,3,38279,26,0,08,12679,3
13,150,-39,02,1500,10,-29,17,-2,76,-69,63,-2,25,413789,3,38272,48,0,08,12672,5
13,200,-39,16,1496,62,-29,29,-2,76,-69,57,-2,25,414053,1,38265,70,0,08,12665,7
13,250,-39,30,1493,14,-29,40,-2,76,-69,50,-2,25,414306,7,38258,91,0,08,12658,9
13,300,-39,44,1489,67,-29,51,-2,76,-69,43,-2,25,414577,4,38252,11,0,08,12652,1
13,350,-39,57,1486,20,-29,62,-2,76,-69,36,-2,25,414811,3,38245,31,0,08,12645,3
13,400,-39,71,1482,73,-29,74,-2,76,-69,28,-2,25,414975,1,38238,52,0,08,12638,5
13,450,-39,85,1479,27,-29,85,-2,76,-69,21,-2,25,415127,5,38231,71,0,08,12631,7
13,500,-39,99,1475,81,-29,96,-2,76,-69,14,-2,25,415296,9,38224,90,0,08,12624,9
13,550,-40,13,1472,35,-30,07,-2,76,-69,07,-2,25,415497,1,38218,09,0,08,12618,1
13,600,-40,26,1468,90,-30,19,-2,76,-69,00,-2,25,415615,3,38211,28,0,07,12611,3
13,650,-40,40,1465,46,-30,30,-2,76,-68,92,-2,25,415857,3,38204,46,0,07,12604,5
13,700,-40,54,1462,01,-30,41,-2,75,-68,85,-2,25,415886,6,38197,64,0,07,12597,6
13,750,-40,68,1458,57,-30,53,-2,75,-68,78,-2,25,416106,1,38190,83,0,07,12590,8
13,800,-40,82,1455,13,-30,64,-2,75,-68,70,-2,26,416203,7,38184,00,0,07,12584,0
13,850,-40,95,1451,70,-30,75,-2,76,-68,63,-2,26,416944,1,38177,18,0,07,12577,2
13,900,-41,09,1448,27,-30,86,-2,76,-68,55,-2,26,416412,6,38170,35,0,07,12570,4
13,950,-41,23,1444,84,-30,98,-2,76,-68,48,-2,26,416478,8,38163,52,0,06,12563,5
14,000,-41,37,1441,42,-31,09,-2,75,-68,40,-2,26,416552,6,38156,70,0,06,12556,7
14,050,-41,50,1438,00,-31,20,-2,75,-68,33,-2,26,416680,5,38149,87,0,06,12549,9
14,100,-41,64,1434,59,-31,31,-2,76,-68,25,-2,26,417258,8,38143,04,0,06,12543,0
14,150,-41,78,1431,18,-31,43,-2,75,-68,17,-2,26,416843,5,38136,20,0,06,12536,2
14,200,-41,92,1427,77,-31,54,-2,75,-68,10,-2,26,416053,8,38129,37,0,06,12529,4
14,250,-42,05,1424,37,-31,65,-2,75,-68,02,-2,26,416998,7,38122,53,0,05,12522,5
14,300,-42,19,1420,97,-31,77,-2,75,-67,94,-2,26,417432,0,38115,69,0,05,12515,7
14,350,-42,33,1417,58,-31,88,-2,75,-67,86,-2,26,417176,1,38108,86,0,05,12508,9
14,400,-42,47,1414,18,-31,99,-2,75,-67,79,-2,26,417124,6,38102,02,0,05,12502,0
14,450,-42,60,1410,80,-32,10,-2,75,-67,71,-2,26,417237,3,38095,18,0,05,12495,2
14,500,-42,74,1407,41,-32,22,-2,75,-67,63,-2,26,417228,5,38088,35,0,04,12488,4
14,550,-42,88,1404,03,-32,33,-2,74,-67,55,-2,26,417294,2,38081,51,0,04,12481,5
14,600,-43,02,1400,66,-32,44,-2,75,-67,47,-2,26,417658,2,38074,66,0,04,12474,7
14,650,-43,15,1397,29,-32,56,-2,75,-67,39,-2,26,417359,3,38067,82,0,04,12467,8
14,700,-43,29,1393,92,-32,67,-2,74,-67,31,-2,26,417405,9,38060,97,0,04,12461,0
14,750,-43,43,1390,56,-32,78,-2,75,-67,23,-2,26,417476,0,38054,13,0,04,12454,1
14,800,-43,57,1387,20,-32,89,-2,74,-67,15,-2,26,417542,3,38047,28,0,04,12447,3
14,850,-43,70,1383,84,-33,01,-2,74,-67,07,-2,25,417493,1,38040,44,0,03,12440,4
14,900,-43,84,1380,49,-33,12,-2,74,-66,99,-2,25,417518,0,38033,59,0,03,12433,6
14,950,-43,98,1377,14,-33,23,-2,74,-66,91,-2,25,417621,8,38026,75,0,03,12426,8
15,000,-44,11,1373,80,-33,34,-2,74,-66,83,-2,25,417612,2,38019,90,0,03,12419,9
15,050,-44,25,1370,46,-33,46,-2,74,-66,75,-2,25,417654,6,38013,06,0,03,12413,1
15,100,-44,39,1367,12,-33,57,-2,74,-66,67,-2,25,417693,2,38006,21,0,03,12406,2
15,150,-44,52,1363,79,-33,68,-2,74,-66,59,-2,25,417368,3,37999,37,0,03,12399,4
15,200,-44,66,1360,46,-33,80,-2,74,-66,51,-2,25,417670,9,37992,52,0,03,12392,5
15,250,-44,80,1357,14,-33,91,-2,74,-66,43,-2,25,417666,9,37985,68,0,03,12385,7
15,300,-44,94,1353,82,-34,02,-2,74,-66,35,-2,25,417631,0,37978,83,0,03,12378,8
15,350,-45,07,1350,50,-34,13,-2,74,-66,27,-2,25,417704,0,37971,98,0,03,12372,0
15,400,-45,21,1347,19,-34,25,-2,74,-66,19,-2,25,417800,1,37965,14,0,03,12365,1
15,450,-45,35,1343,88,-34,36,-2,73,-66,11,-2,25,417730,2,37958,29,0,03,12358,3
15,500,-45,48,1340,58,-34,47,-2,73,-66,02,-2,25,417683,4,37951,45,0,03,12351,5
15,550,-45,62,1337,28,-34,58,-2,74,-65,94,-2,25,417745,8,37944,60,0,03,12344,6
15,600,-45,76,1333,99,-34,70,-2,73,-65,86,-2,25,417886,8,37937,75,0,03,12337,8
15,650,-45,89,1330,70,-34,81,-2,73,-65,78,-2,25,417751,2,37930,91,0,03,12330,9
15,700,-46,03,1327,41,-34,92,-2,73,-65,70,-2,25,417557,0,37924,06,0,03,12324,1
15,750,-46,17,1324,13,-35,03,-2,73,-65,62,-2,25,417774,6,37917,21,0,03,12317,2
15,800,-46,30,1320,85,-35,15,-2,73,-65,54,-2,25,417878,5,37910,37,0,03,12310,4
15,850,-46,44,1317,57,-35,26,-2,73,-65,45,-2,25,417761,4,37903,52,0,03,12303,5
15,900,-46,58,1314,30,-35,37,-2,73,-65,37,-2,25,417557,7,37896,68,0,03,12296,7
15,950,-46,71,1311,04,-35,48,-2,73,-65,29,-2,25,417766,5,37889,83,0,03,12289,8
16,000,-46,85,1307,77,-35,60,-2,73,-65,21,-2,25,417862,0,37882,98,0,03,12283,0
16,050,-46,98,1304,51,-35,71,-2,73,-65,13,-2,25,417678,8,37876,14,0,02,12276,1
16,100,-47,12,1301,26,-35,82,-2,73,-65,04,-2,25,417629,2,37869,29,0,02,12269,3
16,150,-47,26,1298,01,-35,93,-2,73,-64,96,-2,25,417660,5,37862,45,0,02,12262,4
16,200,-47,39,1294,76,-36,05,-2,73,-64,88,-2,25,417662,2,37855,60,0,02,12255,6
16,250,-47,53,1291,52,-36,16,-2,72,-64,80,-2,25,417635,1,37848,75,0,02,12248,8
16,300,-47,67,1288,28,-36,27,-2,72,-64,71,-2,25,417495,8,37841,91,0,03,12241,9
16,350,-47,80,1285,05,-36,38,-2,73,-64,63,-2,25,417659,1,37835,06,0,02,12235,1
16,400,-47,94,1281,82,-36,50,-2,72,-64,55,-2,25,417544,6,37828,21,0,02,12228,2
16,450,-48,07,1278,60,-36,61,-2,72,-64,47,-2,25,417455,7,37821,37,0,03,12221,4
16,500,-48,21,1275,38,-36,72,-2,72,-64,38,-2,25,417586,6,37814,52,0,03,12214,5
16,550,-48,35,1272,16,-36,83,-2,72,-64,30,-2,25,417536,4,37807,68,0,02,12207,7
16,600,-48,48,1268,94,-36,95,-2,72,-64,22,-2,25,417484,0,37800,83,0,02,12200,8
16,650,-48,62,1265,74,-37,06,-2,72,-64,14,-2,25,417415,9,37793,99,0,02,12194,0
16,700,-48,76,1262,53,-37,17,-2,72,-64,05,-2,25,417387,9,37787,14,0,02,12187,1
16,750,-48,89,1259,33,-37,28,-2,72,-63,97,-2,25,417372,2,37780,30,0,02,12180,3
16,800,-49,03,1256,13,-37,40,-2,72,-63,89,-2,25,417424,3,37773,45,0,03,12173,5
16,850,-49,16,1252,94,-37,51,-2,72,-63,81,-2,25,417446,6,37766,61,0,02,12166,6
16,900,-49,30,1249,75,-37,62,-2,72,-63,72,-2,25,417358,0,37759,77,0,03,12159,8
16,950,-49,43,1246,57,-37,73,-2,72,-63,64,-2,25,417365,1,37752,92,0,02,12152,9
17,000,-49,57,1243,39,-37,85,-2,72,-63,56,-2,25,417425,1,37746,08,0,02,12146,1
17,050,-49,71,1240,21,-37,96,-2,71,-63,48,-2,25,417291,1,37739,23,0,02,12139,2
17,100,-49,84,1237,04,-38,07,-2,72,-63,39,-2,24,417308,7,37732,39,0,02,12132,4
17,150,-49,98,1233,87,-38,18,-2,71,-63,31,-2,25,417075,5,37725,56,0,02,12125,6
17,200,-50,11,1230,71,-38,29,-2,71,-63,23,-2,24,417201,2,37718,72,0,02,12118,7
17,250,-50,25,1227,55,-38,41,-2,71,-63,14,-2,24,417118,3,37711,88,0,02,12111,9
17,300,-50,38,1224,40,-38,52,-2,71,-63,06,-2,24,417103,3,37705,05,0,02,12105,1
17,350,-50,52,1221,25,-38,63,-2,71,-62,98,-2,24,417032,2,37698,21,0,02,12098,2
17,400,-50,66,1218,10,-38,74,-2,71,-62,90,-2,24,417083,2,37691,38,0,02,12091,4
17,450,-50,79,1214,96,-38,86,-2,71,-62,81,-2,24,416982,3,37684,54,0,02,12084,5
17,500,-50,93,1211,82,-38,97,-2,71,-62,73,-2,24,417017,3,37677,70,0,02,12077,7
17,550,-51,06,1208,68,-39,08,-2,71,-62,65,-2,24,416872,9,37670,87,0,02,12070,9
17,600,-51,20,1205,55,-39,19,-2,71,-62,56,-2,24,416864,7,37664,03,0,02,12064,0
17,650,-51,33,1202,43,-39,30,-2,71,-62,48,-2,24,416869,1,37657,20,0,02,12057,2
17,700,-51,47,1199,30,-39,42,-2,71,-62,40,-2,24,416666,1,37650,36,0,02,12050,4
17,750,-51,60,1196,19,-39,53,-2,71,-62,32,-2,24,416779,7,37643,53,0,02,12043,5
17,800,-51,74,1193,07,-39,64,-2,71,-62,23,-2,24,416740,1,37636,70,0,02,12036,7
17,850,-51,87,1189,96,-39,75,-2,71,-62,15,-2,24,416713,7,37629,86,0,02,12029,9
17,900,-52,01,1186,86,-39,86,-2,71,-62,07,-2,24,416618,3,37623,04,0,02,12023,0
17,950,-52,15,1183,76,-39,98,-2,71,-61,98,-2,24,416576,5,37616,21,0,02,12016,2
18,000,-52,28,1180,66,-40,09,-2,70,-61,90,-2,24,416520,3,37609,38,0,02,12009,4
18,050,-52,42,1177,57,-40,20,-2,70,-61,82,-2,24,416380,7,37602,55,0,02,12002,6
18,100,-52,55,1174,48,-40,31,-2,70,-61,73,-2,24,416447,8,37595,73,0,02,11995,7
18,150,-52,69,1171,39,-40,42,-2,70,-61,65,-2,24,416403,2,37588,91,0,02,11988,9
18,200,-52,82,1168,31,-40,54,-2,70,-61,57,-2,24,416399,4,37582,08,0,02,11982,1
18,250,-52,96,1165,24,-40,65,-2,70,-61,49,-2,24,416299,4,37575,25,0,02,11975,3
18,300,-53,09,1162,16,-40,76,-2,70,-61,40,-2,24,416253,3,37568,43,0,02,11968,4
18,350,-53,23,1159,10,-40,87,-2,70,-61,32,-2,24,416124,2,37561,60,0,02,11961,6
18,400,-53,36,1156,03,-40,98,-2,70,-61,24,-2,24,416187,9,37554,77,0,02,11954,8
18,450,-53,50,1152,97,-41,10,-2,70,-61,15,-2,24,416126,3,37547,95,0,02,11948,0
18,500,-53,63,1149,92,-41,21,-2,70,-61,07,-2,24,416078,7,37541,13,0,02,11941,1
18,550,-53,77,1146,86,-41,32,-2,70,-60,99,-2,24,416044,0,37534,30,0,02,11934,3
18,600,-53,90,1143,82,-41,43,-2,70,-60,91,-2,24,415870,9,37527,49,0,02,11927,5
18,650,-54,04,1140,77,-41,54,-2,70,-60,82,-2,24,415932,2,37520,67,0,02,11920,7
18,700,-54,17,1137,73,-41,66,-2,70,-60,74,-2,24,415951,0,37513,86,0,02,11913,9
18,750,-54,31,1134,70,-41,77,-2,69,-60,66,-2,24,415832,1,37507,04,0,02,11907,0
18,800,-54,44,1131,67,-41,88,-2,69,-60,57,-2,24,415767,4,37500,23,0,02,11900,2
18,850,-54,57,1128,64,-41,99,-2,69,-60,49,-2,24,415744,3,37493,41,0,02,11893,4
18,900,-54,71,1125,62,-42,10,-2,69,-60,41,-2,24,415761,6,37486,59,0,02,11886,6
18,950,-54,84,1122,60,-42,22,-2,69,-60,33,-2,24,415641,0,37479,77,0,02,11879,8
19,000,-54,98,1119,59,-42,33,-2,69,-60,24,-2,24,415492,0,37472,96,0,02,11873,0
19,050,-55,11,1116,58,-42,44,-2,69,-60,16,-2,24,415493,2,37466,14,0,00,11866,1
19,100,-55,25,1113,57,-42,55,-2,69,-60,08,-2,24,415437,9,37459,33,0,00,11859,3
19,150,-55,38,1110,57,-42,66,-2,69,-59,99,-2,23,415396,0,37452,52,0,02,11852,5
19,200,-55,52,1107,57,-42,77,-2,69,-59,91,-2,23,415340,3,37445,72,0,02,11845,7
19,250,-55,65,1104,58,-42,89,-2,69,-59,83,-2,24,415284,5,37438,91,0,00,11838,9
19,300,-55,79,1101,59,-43,00,-2,69,-59,75,-2,23,415283,6,37432,11,0,02,11832,1
19,350,-55,92,1098,60,-43,11,-2,69,-59,66,-2,23,415185,8,37425,30,0,00,11825,3
19,400,-56,05,1095,62,-43,22,-2,69,-59,58,-2,23,415184,7,37418,49,0,02,11818,5
19,450,-56,19,1092,65,-43,33,-2,69,-59,50,-2,23,415058,7,37411,69,0,00,11811,7
19,500,-56,32,1089,67,-43,44,-2,69,-59,41,-2,23,415084,6,37404,88,0,02,11804,9
19,550,-56,46,1086,70,-43,56,-2,69,-59,33,-2,23,414985,3,37398,07,0,00,11798,1
19,600,-56,59,1083,74,-43,67,-2,69,-59,25,-2,23,414913,5,37391,27,0,02,11791,3
19,650,-56,73,1080,78,-43,78,-2,69,-59,17,-2,23,414869,8,37384,46,0,00,11784,5
19,700,-56,86,1077,82,-43,89,-2,68,-59,08,-2,23,414839,9,37377,67,0,00,11777,7
19,750,-56,99,1074,87,-44,00,-2,68,-59,00,-2,23,414712,8,37370,87,0,02,11770,9
19,800,-57,13,1071,92,-44,11,-2,68,-58,92,-2,23,414709,7,37364,07,0,00,11764,1
19,850,-57,26,1068,98,-44,23,-2,68,-58,83,-2,23,414651,5,37357,28,0,02,11757,3
19,900,-57,40,1066,04,-44,34,-2,68,-58,75,-2,23,414606,9,37350,48,0,00,11750,5
19,950,-57,53,1063,10,-44,45,-2,68,-58,67,-2,23,414562,1,37343,68,0,02,11743,7
20,000,-57,67,1060,17,-44,56,-2,68,-58,59,-2,23,414475,9,37336,89,0,02,11736,9
20,050,-57,80,1057,25,-44,67,-2,68,-58,50,-2,23,414430,7,37330,09,0,02,11730,1
20,100,-57,93,1054,32,-44,78,-2,68,-58,42,-2,23,414385,4,37323,29,0,02,11723,3
20,150,-58,07,1051,40,-44,90,-2,68,-58,34,-2,23,414326,3,37316,50,0,02,11716,5
20,200,-58,20,1048,49,-45,01,-2,68,-58,26,-2,23,414267,0,37309,70,0,00,11709,7
20,250,-58,33,1045,58,-45,12,-2,68,-58,17,-2,23,414220,9,37302,92,0,02,11702,9
20,300,-58,47,1042,67,-45,23,-2,68,-58,09,-2,23,414147,8,37296,13,0,00,11696,1
20,350,-58,60,1039,77,-45,34,-2,68,-58,01,-2,23,414101,9,37289,34,0,02,11689,3
20,400,-58,74,1036,87,-45,45,-2,68,-57,93,-2,23,414055,9,37282,55,0,02,11682,6
20,450,-58,87,1033,98,-45,56,-2,68,-57,84,-2,23,413954,8,37275,77,0,00,11675,8
20,500,-59,00,1031,09,-45,68,-2,68,-57,76,-2,23,413922,2,37268,98,0,00,11669,0
20,550,-59,14,1028,20,-45,79,-2,68,-57,68,-2,23,413889,7,37262,20,0,00,11662,2
20,600,-59,27,1025,32,-45,90,-2,67,-57,60,-2,23,413829,8,37255,41,0,02,11655,4
20,650,-59,41,1022,44,-46,01,-2,67,-57,51,-2,23,413755,7,37248,62,0,02,11648,6
20,700,-59,54,1019,57,-46,12,-2,67,-57,43,-2,23,413722,8,37241,84,0,02,11641,8
20,750,-59,67,1016,70,-46,23,-2,67,-57,35,-2,23,413662,3,37235,05,0,02,11635,1
20,800,-59,81,1013,83,-46,34,-2,67,-57,27,-2,23,413601,7,37228,28,0,02,11628,3
20,850,-59,94,1010,97,-46,45,-2,67,-57,18,-2,23,413554,9,37221,50,0,02,11621,5
20,900,-60,07,1008,12,-46,57,-2,67,-57,10,-2,23,413493,9,37214,72,0,00,11614,7
20,949,-60,21,1005,26,-46,68,-2,67,-57,02,-2,23,413419,4,37207,95,0,00,11607,9
20,999,-60,34,1002,41,-46,79,-2,67,-56,94,-2,23,413372,6,37201,17,0,00,11601,2
21,049,-60,47,999,57,-46,90,-2,67,-56,85,-2,22,413311,4,37194,39,0,02,11594,4
21,099,-60,61,996,73,-47,01,-2,67,-56,77,-2,23,413236,7,37187,61,0,00,11587,6
21,149,-60,74,993,89,-47,12,-2,67,-56,69,-2,22,413217,2,37180,84,0,00,11580,8
21,199,-60,87,991,06,-47,23,-2,67,-56,61,-2,22,413156,0,37174,06,0,02,11574,1
21,249,-61,01,988,23,-47,34,-2,67,-56,52,-2,22,413094,9,37167,28,0,00,11567,3
21,299,-61,14,985,41,-47,46,-2,67,-56,44,-2,22,413047,6,37160,52,0,02,11560,5
21,349,-61,27,982,59,-47,57,-2,66,-56,36,-2,22,412972,7,37153,75,0,00,11553,8
21,399,-61,41,979,77,-47,68,-2,67,-56,28,-2,22,412925,4,37146,98,0,02,11547,0
21,449,-61,54,976,96,-47,79,-2,66,-56,19,-2,22,412878,1,37140,21,0,02,11540,2
21,499,-61,67,974,15,-47,90,-2,66,-56,11,-2,22,412802,8,37133,45,0,00,11533,5
21,549,-61,81,971,35,-48,01,-2,66,-56,03,-2,22,412783,1,37126,68,0,00,11526,7
21,599,-61,94,968,55,-48,12,-2,66,-55,95,-2,22,412735,5,37119,91,0,02,11519,9
21,649,-62,07,965,75,-48,23,-2,66,-55,87,-2,22,412646,9,37113,14,0,00,11513,1
21,699,-62,21,962,96,-48,35,-2,66,-55,78,-2,22,412558,0,37106,38,0,00,11506,4
21,749,-62,34,960,17,-48,46,-2,66,-55,70,-2,22,412469,2,37099,61,0,00,11499,6
21,799,-62,47,957,39,-48,57,-2,66,-55,62,-2,22,412421,6,37092,85,0,00,11492,9
21,849,-62,61,954,61,-48,68,-2,66,-55,54,-2,22,412374,4,37086,09,0,00,11486,1
21,899,-62,74,951,84,-48,79,-2,66,-55,45,-2,22,412299,5,37079,33,0,00,11479,3
21,949,-62,87,949,07,-48,90,-2,66,-55,37,-2,22,412252,2,37072,57,0,00,11472,6
21,999,-63,00,946,30,-49,01,-2,66,-55,29,-2,22,412191,1,37065,81,0,00,11465,8
22,049,-63,14,943,54,-49,12,-2,66,-55,21,-2,22,412198,7,37059,05,0,00,11459,1
22,099,-63,27,940,78,-49,23,-2,66,-55,13,-2,22,412137,7,37052,30,0,02,11452,3
22,149,-63,40,938,03,-49,34,-2,66,-55,04,-2,22,412103,9,37045,54,0,02,11445,5
22,199,-63,54,935,28,-49,46,-2,66,-54,96,-2,22,412029,2,37038,78,0,00,11438,8
22,249,-63,67,932,53,-49,57,-2,66,-54,88,-2,22,411912,7,37032,02,0,00,11432,0
22,299,-63,80,929,79,-49,68,-2,66,-54,80,-2,22,411920,7,37025,27,0,02,11425,3
22,349,-63,93,927,05,-49,79,-2,65,-54,72,-2,22,411859,5,37018,52,0,00,11418,5
22,399,-64,07,924,32,-49,90,-2,65,-54,63,-2,22,411770,7,37011,77,0,02,11411,8
22,449,-64,20,921,59,-50,01,-2,65,-54,55,-2,22,411778,6,37005,02,0,00,11405,0
22,499,-64,33,918,86,-50,12,-2,65,-54,47,-2,22,411676,2,36998,28,0,00,11398,3
22,549,-64,46,916,14,-50,23,-2,65,-54,39,-2,22,411642,7,36991,53,0,00,11391,5
22,599,-64,60,913,42,-50,34,-2,65,-54,31,-2,22,411567,9,36984,78,0,02,11384,8
22,649,-64,73,910,71,-50,45,-2,65,-54,22,-2,22,411465,4,36978,03,0,00,11378,0
22,699,-64,86,908,00,-50,56,-2,65,-54,14,-2,22,411501,2,36971,29,0,00,11371,3
22,749,-65,00,905,29,-50,67,-2,65,-54,06,-2,22,411399,2,36964,54,0,02,11364,5
22,799,-65,13,902,59,-50,79,-2,65,-53,98,-2,22,411283,1,36957,79,0,00,11357,8
22,849,-65,26,899,90,-50,90,-2,65,-53,90,-2,22,411333,0,36951,05,0,00,11351,1
22,899,-65,39,897,20,-51,01,-2,65,-53,81,-2,21,411231,2,36944,31,0,02,11344,3
22,949,-65,53,894,51,-51,12,-2,65,-53,73,-2,21,411170,5,36937,57,0,02,11337,6
22,999,-65,66,891,83,-51,23,-2,65,-53,65,-2,22,411068,5,36930,83,0,00,11330,8
23,049,-65,79,889,15,-51,34,-2,65,-53,57,-2,22,411021,5,36924,09,0,00,11324,1
23,099,-65,92,886,47,-51,45,-2,65,-53,49,-2,21,410961,0,36917,36,0,00,11317,4
23,149,-66,05,883,80,-51,56,-2,65,-53,41,-2,21,410928,0,36910,62,0,00,11310,6
23,199,-66,19,881,13,-51,67,-2,64,-53,32,-2,21,410867,6,36903,88,0,00,11303,9
23,249,-66,32,878,47,-51,78,-2,65,-53,24,-2,21,410793,5,36897,14,0,00,11297,1
23,299,-66,45,875,81,-51,89,-2,65,-53,16,-2,21,410747,3,36890,40,0,00,11290,4
23,349,-66,58,873,15,-52,00,-2,64,-53,08,-2,21,410687,2,36883,67,0,02,11283,7
23,399,-66,72,870,50,-52,11,-2,64,-53,00,-2,21,410668,4,36876,94,0,02,11276,9
23,449,-66,85,867,85,-52,22,-2,64,-52,92,-2,21,410608,5,36870,21,0,00,11270,2
23,499,-66,98,865,21,-52,34,-2,64,-52,83,-2,21,410589,6,36863,48,0,00,11263,5
23,549,-67,11,862,57,-52,45,-2,64,-52,75,-2,21,410488,0,36856,75,0,00,11256,8
23,599,-67,24,859,93,-52,56,-2,64,-52,67,-2,21,410400,7,36850,02,0,02,11250,0
23,649,-67,38,857,30,-52,67,-2,64,-52,59,-2,21,410396,1,36843,29,0,00,11243,3
23,699,-67,51,854,68,-52,78,-2,64,-52,51,-2,21,410350,0,36836,57,0,00,11236,6
23,749,-67,64,852,05,-52,89,-2,64,-52,43,-2,21,410248,9,36829,84,0,02,11229,8
23,799,-67,77,849,43,-53,00,-2,64,-52,34,-2,21,410230,8,36823,11,0,00,11223,1
23,849,-67,90,846,82,-53,11,-2,64,-52,26,-2,21,410157,0,36816,38,0,00,11216,4
23,899,-68,04,844,21,-53,22,-2,64,-52,18,-2,21,410125,4,36809,66,0,00,11209,7
23,949,-68,17,841,60,-53,33,-2,64,-52,10,-2,21,410038,1,36802,94,0,00,11202,9
23,999,-68,30,839,00,-53,44,-2,64,-52,02,-2,21,410020,5,36796,22,0,00,11196,2
24,049,-68,43,836,40,-53,55,-2,64,-51,94,-2,21,409933,4,36789,50,0,00,11189,5
24,099,-68,56,833,80,-53,66,-2,64,-51,85,-2,21,409929,2,36782,78,0,00,11182,8
24,149,-68,70,831,21,-53,77,-2,64,-51,77,-2,21,409815,0,36776,06,0,02,11176,1
24,199,-68,83,828,63,-53,88,-2,64,-51,69,-2,21,409769,3,36769,34,0,00,11169,3
24,249,-68,96,826,04,-53,99,-2,63,-51,61,-2,21,409710,6,36762,63,0,00,11162,6
24,299,-69,09,823,46,-54,10,-2,63,-51,53,-2,21,409637,5,36755,91,0,02,11155,9
24,349,-69,22,820,89,-54,21,-2,63,-51,45,-2,21,409578,2,36749,19,0,00,11149,2
24,399,-69,35,818,32,-54,32,-2,63,-51,36,-2,21,409588,3,36742,47,0,00,11142,5
24,449,-69,49,815,75,-54,43,-2,63,-51,28,-2,21,409502,2,36735,76,0,00,11135,8
24,499,-69,62,813,19,-54,54,-2,63,-51,20,-2,21,409415,6,36729,05,0,02,11129,1
24,549,-69,75,810,63,-54,66,-2,63,-51,12,-2,21,409370,8,36722,34,0,02,11122,3
24,599,-69,88,808,08,-54,77,-2,63,-51,04,-2,21,409312,1,36715,63,0,00,11115,6
24,649,-70,01,805,53,-54,88,-2,63,-50,96,-2,21,409322,6,36708,92,0,00,11108,9
24,699,-70,14,802,98,-54,99,-2,63,-50,88,-2,21,409263,9,36702,21,0,00,11102,2
24,749,-70,28,800,44,-55,10,-2,63,-50,79,-2,21,409164,5,36695,50,0,00,11095,5
24,799,-70,41,797,90,-55,21,-2,63,-50,71,-2,21,409119,8,36688,79,0,00,11088,8
24,849,-70,54,795,37,-55,32,-2,63,-50,63,-2,21,409075,3,36682,09,0,00,11082,1
24,899,-70,67,792,84,-55,43,-2,63,-50,55,-2,21,409003,2,36675,38,0,00,11075,4
24,949,-70,80,790,32,-55,54,-2,63,-50,47,-2,21,408958,7,36668,67,0,00,11068,7
24,999,-70,93,787,80,-55,65,-2,63,-50,39,-2,20,408914,6,36661,96,0,00,11062,0
25,049,-71,06,785,28,-55,76,-2,63,-50,31,-2,20,408856,6,36655,27,0,00,11055,3
25,099,-71,20,782,76,-55,87,-2,63,-50,23,-2,20,408825,8,36648,57,0,00,11048,6
25,149,-71,33,780,26,-55,98,-2,63,-50,14,-2,20,408754,3,36641,87,0,00,11041,9
25,199,-71,46,777,75,-56,09,-2,62,-50,06,-2,20,408668,7,36635,17,0,00,11035,2
25,249,-71,59,775,25,-56,20,-2,62,-49,98,-2,20,408597,2,36628,47,0,02,11028,5
25,299,-71,72,772,75,-56,31,-2,62,-49,90,-2,20,408567,3,36621,77,0,00,11021,8
25,349,-71,85,770,26,-56,42,-2,62,-49,82,-2,20,408482,3,36615,07,0,00,11015,1
25,399,-71,98,767,77,-56,53,-2,62,-49,74,-2,20,408507,2,36608,37,0,00,11008,4
25,449,-72,11,765,29,-56,64,-2,62,-49,66,-2,20,408380,6,36601,67,0,00,11001,7
25,499,-72,24,762,80,-56,75,-2,62,-49,58,-2,20,408337,4,36594,98,0,02,10995,0
25,549,-72,38,760,33,-56,86,-2,62,-49,49,-2,20,408252,8,36588,28,0,00,10988,3
25,599,-72,51,757,86,-56,97,-2,62,-49,41,-2,20,408291,9,36581,59,0,00,10981,6
25,649,-72,64,755,39,-57,08,-2,62,-49,33,-2,20,408138,1,36574,91,0,02,10974,9
25,699,-72,77,752,92,-57,19,-2,62,-49,25,-2,20,408095,2,36568,21,0,00,10968,2
25,749,-72,90,750,46,-57,30,-2,62,-49,17,-2,20,408107,0,36561,52,0,00,10961,5
25,799,-73,03,748,00,-57,41,-2,62,-49,09,-2,20,407980,9,36554,84,0,02,10954,8
25,849,-73,16,745,55,-57,52,-2,62,-49,01,-2,20,407979,5,36548,15,0,00,10948,2
25,899,-73,29,743,10,-57,63,-2,62,-48,93,-2,20,407894,8,36541,46,0,00,10941,5
25,949,-73,42,740,66,-57,74,-2,62,-48,84,-2,20,407824,4,36534,77,0,00,10934,8
25,999,-73,55,738,22,-57,85,-2,62,-48,76,-2,20,407795,0,36528,08,0,00,10928,1
26,049,-73,69,735,78,-57,96,-2,62,-48,68,-2,20,407724,9,36521,39,0,00,10921,4
26,099,-73,82,733,35,-58,07,-2,62,-48,60,-2,20,407737,3,36514,71,0,00,10914,7
26,149,-73,95,730,92,-58,18,-2,62,-48,52,-2,20,407653,2,36508,03,0,00,10908,0
26,199,-74,08,728,50,-58,29,-2,61,-48,44,-2,20,407582,8,36501,35,0,00,10901,4
26,249,-74,21,726,08,-58,40,-2,62,-48,36,-2,20,407526,5,36494,67,0,00,10894,7
26,299,-74,34,723,66,-58,51,-2,61,-48,28,-2,20,407469,7,36487,99,0,00,10888,0
26,349,-74,47,721,25,-58,62,-2,61,-48,20,-2,20,407400,0,36481,31,0,00,10881,3
26,399,-74,60,718,84,-58,73,-2,61,-48,11,-2,20,407384,8,36474,63,0,00,10874,6
26,449,-74,73,716,44,-58,84,-2,61,-48,03,-2,20,407370,1,36467,95,0,00,10868,0
26,499,-74,86,714,04,-58,95,-2,61,-47,95,-2,20,407286,5,36461,27,0,00,10861,3
26,549,-74,99,711,65,-59,06,-2,61,-47,87,-2,20,407230,3,36454,59,0,02,10854,6
26,599,-75,12,709,25,-59,17,-2,61,-47,79,-2,20,407161,0,36447,91,0,00,10847,9
26,649,-75,25,706,87,-59,28,-2,61,-47,71,-2,20,407091,2,36441,24,0,00,10841,2
26,699,-75,38,704,48,-59,39,-2,61,-47,63,-2,20,407049,0,36434,57,0,02,10834,6
26,749,-75,52,702,10,-59,50,-2,61,-47,55,-2,20,407048,5,36427,90,0,00,10827,9
26,799,-75,65,699,73,-59,61,-2,61,-47,47,-2,20,406910,1,36421,23,0,00,10821,2
26,849,-75,78,697,36,-59,72,-2,61,-47,38,-2,20,406881,8,36414,56,0,00,10814,6
26,898,-75,91,694,99,-59,83,-2,61,-47,30,-2,20,406826,0,36407,89,0,00,10807,9
26,948,-76,04,692,63,-59,94,-2,61,-47,22,-2,20,406825,5,36401,22,0,00,10801,2
26,998,-76,17,690,27,-60,05,-2,61,-47,14,-2,20,406701,4,36394,55,0,00,10794,6
27,048,-76,30,687,91,-60,16,-2,61,-47,06,-2,20,406659,6,36387,88,0,00,10787,9
27,098,-76,43,685,56,-60,27,-2,61,-46,98,-2,20,406631,5,36381,21,0,00,10781,2
27,148,-76,56,683,21,-60,38,-2,61,-46,90,-2,20,406562,3,36374,54,0,02,10774,5
27,198,-76,69,680,87,-60,49,-2,61,-46,82,-2,20,406562,4,36367,88,0,00,10767,9
27,248,-76,82,678,53,-60,60,-2,61,-46,74,-2,19,406507,4,36361,21,0,00,10761,2
27,298,-76,95,676,20,-60,71,-2,61,-46,66,-2,19,406383,4,36354,55,0,00,10754,6
27,348,-77,08,673,87,-60,82,-2,60,-46,58,-2,19,406328,1,36347,89,0,00,10747,9
27,398,-77,21,671,54,-60,93,-2,60,-46,49,-2,19,406314,3,36341,23,0,00,10741,2
27,448,-77,34,669,22,-61,04,-2,60,-46,41,-2,19,406245,4,36334,57,0,00,10734,6
27,498,-77,47,666,90,-61,15,-2,60,-46,33,-2,19,406204,2,36327,91,0,00,10727,9
27,548,-77,60,664,58,-61,26,-2,60,-46,25,-2,19,406135,3,36321,25,0,02,10721,3
27,598,-77,73,662,27,-61,37,-2,60,-46,17,-2,19,406080,5,36314,59,0,02,10714,6
27,648,-77,86,659,97,-61,48,-2,60,-46,09,-2,19,406053,0,36307,93,0,02,10707,9
27,698,-77,99,657,66,-61,58,-2,60,-46,01,-2,19,405998,2,36301,27,0,00,10701,3
27,748,-78,12,655,37,-61,69,-2,60,-45,93,-2,19,405943,3,36294,62,0,00,10694,6
27,798,-78,25,653,07,-61,80,-2,60,-45,85,-2,19,405874,8,36287,96,0,00,10688,0
27,848,-78,38,650,78,-61,91,-2,60,-45,77,-2,19,405833,8,36281,31,0,00,10681,3
27,898,-78,51,648,50,-62,02,-2,60,-45,69,-2,19,405779,3,36274,66,0,02,10674,7
27,948,-78,64,646,21,-62,13,-2,60,-45,60,-2,19,405738,5,36268,01,0,02,10668,0
27,998,-78,77,643,93,-62,24,-2,60,-45,52,-2,19,405684,1,36261,36,0,02,10661,4
28,048,-78,90,641,66,-62,35,-2,60,-45,44,-2,19,405629,6,36254,71,0,00,10654,7
28,098,-79,03,639,39,-62,46,-2,60,-45,36,-2,19,405575,3,36248,06,0,00,10648,1
28,148,-79,16,637,12,-62,57,-2,60,-45,28,-2,19,405507,1,36241,41,0,00,10641,4
28,198,-79,29,634,86,-62,68,-2,60,-45,20,-2,19,405466,6,36234,76,0,00,10634,8
28,248,-79,42,632,60,-62,79,-2,60,-45,12,-2,19,405412,3,36228,11,0,00,10628,1
28,298,-79,55,630,35,-62,90,-2,60,-45,04,-2,19,405371,8,36221,46,0,00,10621,5
28,348,-79,68,628,10,-63,01,-2,60,-44,96,-2,19,405290,3,36214,82,0,00,10614,8
28,398,-79,81,625,85,-63,12,-2,59,-44,88,-2,19,405291,5,36208,18,0,00,10608,2
28,448,-79,94,623,61,-63,23,-2,60,-44,80,-2,19,405222,9,36201,54,0,00,10601,5
28,498,-80,07,621,38,-63,34,-2,59,-44,72,-2,19,405127,4,36194,89,0,00,10594,9
28,548,-80,20,619,14,-63,45,-2,59,-44,63,-2,19,405087,2,36188,25,0,00,10588,3
28,598,-80,33,616,91,-63,56,-2,59,-44,55,-2,19,405047,1,36181,61,0,00,10581,6
28,648,-80,46,614,69,-63,67,-2,59,-44,47,-2,19,404993,3,36174,97,0,00,10575,0
28,698,-80,59,612,46,-63,78,-2,59,-44,39,-2,19,404967,1,36168,33,0,00,10568,3
28,748,-80,72,610,25,-63,89,-2,59,-44,31,-2,19,404871,3,36161,69,0,00,10561,7
28,798,-80,85,608,03,-64,00,-2,59,-44,23,-2,19,404831,2,36155,05,0,00,10555,1
28,848,-80,98,605,82,-64,10,-2,59,-44,15,-2,19,404791,2,36148,41,0,00,10548,4
28,898,-81,11,603,62,-64,21,-2,59,-44,07,-2,19,404737,6,36141,77,0,00,10541,8
28,948,-81,24,601,42,-64,32,-2,59,-43,99,-2,19,404738,8,36135,14,0,00,10535,1
28,998,-81,36,599,22,-64,43,-2,59,-43,91,-2,19,404602,2,36128,51,0,00,10528,5
29,048,-81,49,597,03,-64,54,-2,59,-43,83,-2,19,404576,3,36121,88,0,00,10521,9
29,098,-81,62,594,84,-64,65,-2,59,-43,75,-2,19,404536,5,36115,25,0,00,10515,3
29,148,-81,75,592,65,-64,76,-2,59,-43,67,-2,19,404524,0,36108,62,0,00,10508,6
29,198,-81,88,590,47,-64,87,-2,59,-43,59,-2,19,404415,0,36101,99,0,00,10502,0
29,248,-82,01,588,29,-64,98,-2,59,-43,50,-2,19,404375,6,36095,36,0,00,10495,4
29,298,-82,14,586,12,-65,09,-2,59,-43,42,-2,19,404294,7,36088,73,0,00,10488,7
29,348,-82,27,583,95,-65,20,-2,59,-43,34,-2,19,404282,0,36082,09,0,00,10482,1
29,398,-82,40,581,79,-65,31,-2,59,-43,26,-2,19,404214,9,36075,46,0,00,10475,5
29,448,-82,53,579,62,-65,42,-2,59,-43,18,-2,19,404161,6,36068,84,0,00,10468,8
29,498,-82,66,577,47,-65,53,-2,59,-43,10,-2,19,404121,3,36062,21,0,02,10462,2
29,548,-82,79,575,31,-65,64,-2,58,-43,02,-2,19,404068,3,36055,59,0,00,10455,6
29,598,-82,92,573,17,-65,75,-2,58,-42,94,-2,19,404015,1,36048,97,0,00,10449,0
29,648,-83,05,571,02,-65,85,-2,58,-42,86,-2,19,403961,1,36042,35,0,00,10442,4
29,698,-83,18,568,88,-65,96,-2,58,-42,78,-2,19,403908,0,36035,73,0,00,10435,7
29,748,-83,30,566,74,-66,07,-2,58,-42,70,-2,19,403841,2,36029,11,0,00,10429,1
29,798,-83,43,564,61,-66,18,-2,58,-42,62,-2,19,403787,3,36022,49,0,00,10422,5
29,848,-83,56,562,48,-66,29,-2,58,-42,54,-2,18,403762,1,36015,87,0,00,10415,9
29,898,-83,69,560,36,-66,40,-2,58,-42,46,-2,19,403694,7,36009,25,0,00,10409,3
29,948,-83,82,558,24,-66,51,-2,58,-42,37,-2,18,403627,7,36002,63,0,00,10402,6
29,998,-83,95,556,12,-66,62,-2,58,-42,29,-2,18,403574,9,35996,00,0,00,10396,0
30,048,-84,08,554,01,-66,73,-2,58,-42,21,-2,18,403535,0,35989,39,0,00,10389,4
30,098,-84,21,551,90,-66,84,-2,58,-42,13,-2,18,403495,8,35982,78,0,00,10382,8
30,148,-84,34,549,79,-66,95,-2,58,-42,05,-2,18,403442,6,35976,16,0,02,10376,2
30,198,-84,47,547,69,-67,06,-2,58,-41,97,-2,18,403376,0,35969,55,0,00,10369,6
30,248,-84,60,545,60,-67,17,-2,58,-41,89,-2,18,403391,7,35962,94,0,00,10362,9
30,298,-84,72,543,50,-67,27,-2,58,-41,81,-2,18,403269,6,35956,33,0,00,10356,3
30,348,-84,85,541,41,-67,38,-2,58,-41,73,-2,18,403217,0,35949,72,0,00,10349,7
30,398,-84,98,539,33,-67,49,-2,58,-41,65,-2,18,403163,7,35943,11,0,00,10343,1
30,448,-85,11,537,25,-67,60,-2,58,-41,57,-2,18,403110,8,35936,50,0,00,10336,5
30,498,-85,24,535,17,-67,71,-2,58,-41,49,-2,18,403085,0,35929,89,0,00,10329,9
30,548,-85,37,533,10,-67,82,-2,58,-41,41,-2,18,403018,5,35923,27,0,00,10323,3
30,598,-85,50,531,03,-67,93,-2,58,-41,33,-2,18,402951,1,35916,66,0,00,10316,7
30,648,-85,63,528,97,-68,04,-2,58,-41,25,-2,18,402912,2,35910,06,0,00,10310,1
30,698,-85,75,526,91,-68,15,-2,57,-41,17,-2,18,402859,1,35903,46,0,00,10303,5
30,748,-85,88,524,85,-68,26,-2,57,-41,08,-2,18,402792,6,35896,86,0,00,10296,9
30,798,-86,01,522,80,-68,37,-2,57,-41,00,-2,18,402753,1,35890,26,0,00,10290,3
30,848,-86,14,520,75,-68,47,-2,57,-40,92,-2,18,402714,2,35883,66,0,00,10283,7
30,898,-86,27,518,71,-68,58,-2,57,-40,84,-2,18,402647,4,35877,05,0,00,10277,1
30,948,-86,40,516,67,-68,69,-2,57,-40,76,-2,18,402594,7,35870,45,0,00,10270,5
30,998,-86,53,514,63,-68,80,-2,57,-40,68,-2,18,402555,1,35863,85,0,00,10263,9
31,048,-86,66,512,60,-68,91,-2,57,-40,60,-2,18,402488,8,35857,25,0,00,10257,3
31,098,-86,78,510,57,-69,02,-2,57,-40,52,-2,18,402463,2,35850,65,0,00,10250,7
31,148,-86,91,508,55,-69,13,-2,57,-40,44,-2,18,402369,1,35844,05,0,00,10244,1
31,198,-87,04,506,53,-69,24,-2,57,-40,36,-2,18,402357,3,35837,45,0,00,10237,5
31,248,-87,17,504,51,-69,35,-2,57,-40,28,-2,18,402345,9,35830,86,0,00,10230,9
31,298,-87,30,502,50,-69,46,-2,57,-40,20,-2,18,402238,0,35824,27,0,00,10224,3
31,348,-87,43,500,49,-69,57,-2,57,-40,12,-2,18,402184,8,35817,68,0,00,10217,7
31,398,-87,56,498,49,-69,67,-2,57,-40,04,-2,18,402132,3,35811,09,0,00,10211,1
31,448,-87,68,496,49,-69,78,-2,57,-39,96,-2,18,402079,1,35804,49,0,00,10204,5
31,498,-87,81,494,49,-69,89,-2,57,-39,88,-2,18,402040,8,35797,90,0,00,10197,9
31,548,-87,94,492,50,-70,00,-2,57,-39,80,-2,18,401987,8,35791,31,0,00,10191,3
31,598,-88,07,490,51,-70,11,-2,57,-39,72,-2,18,401920,9,35784,72,0,00,10184,7
31,648,-88,20,488,53,-70,22,-2,57,-39,63,-2,18,401868,3,35778,13,0,00,10178,1
31,698,-88,33,486,55,-70,33,-2,57,-39,55,-2,18,401815,3,35771,54,0,00,10171,5
31,748,-88,45,484,57,-70,44,-2,57,-39,47,-2,18,401763,1,35764,95,0,00,10165,0
31,798,-88,58,482,60,-70,55,-2,57,-39,39,-2,18,401710,2,35758,36,0,00,10158,4
31,848,-88,71,480,63,-70,65,-2,57,-39,31,-2,18,401684,7,35751,78,0,02,10151,8
31,898,-88,84,478,67,-70,76,-2,57,-39,23,-2,18,401632,3,35745,20,0,00,10145,2
31,948,-88,97,476,71,-70,87,-2,56,-39,15,-2,18,401565,4,35738,62,0,00,10138,6
31,998,-89,10,474,75,-70,98,-2,56,-39,07,-2,18,401527,0,35732,04,0,00,10132,0
32,048,-89,22,472,80,-71,09,-2,56,-38,99,-2,18,401460,2,35725,45,0,00,10125,5
32,098,-89,35,470,85,-71,20,-2,56,-38,91,-2,18,401407,1,35718,87,0,00,10118,9
32,148,-89,48,468,91,-71,31,-2,56,-38,83,-2,18,401368,4,35712,29,0,00,10112,3
32,198,-89,61,466,97,-71,42,-2,56,-38,75,-2,18,401315,5,35705,71,0,00,10105,7
32,248,-89,74,465,04,-71,53,-2,56,-38,67,-2,18,401235,0,35699,13,0,00,10099,1
32,298,-89,86,463,10,-71,63,-2,56,-38,59,-2,18,401196,6,35692,54,0,00,10092,5
32,348,-89,99,461,18,-71,74,-2,56,-38,51,-2,18,401157,3,35685,97,0,00,10086,0
32,398,-90,12,459,25,-71,85,-2,56,-38,43,-2,18,401104,3,35679,39,0,00,10079,4
32,448,-90,25,457,33,-71,96,-2,56,-38,35,-2,18,401052,0,35672,82,0,00,10072,8
32,498,-90,38,455,42,-72,07,-2,56,-38,27,-2,18,400999,3,35666,25,0,00,10066,3
32,548,-90,50,453,51,-72,18,-2,56,-38,19,-2,18,400946,6,35659,68,0,00,10059,7
32,598,-90,63,451,60,-72,29,-2,56,-38,11,-2,18,400894,5,35653,11,0,00,10053,1
32,648,-90,76,449,70,-72,40,-2,56,-38,02,-2,18,400814,0,35646,54,0,00,10046,5
32,698,-90,89,447,80,-72,50,-2,56,-37,94,-2,18,400788,7,35639,96,0,00,10040,0
32,748,-91,02,445,90,-72,61,-2,56,-37,86,-2,18,400736,5,35633,39,0,00,10033,4
32,798,-91,14,444,01,-72,72,-2,56,-37,78,-2,18,400683,5,35626,82,0,00,10026,8
32,848,-91,27,442,13,-72,83,-2,56,-37,70,-2,18,400630,6,35620,25,0,00,10020,3
32,898,-91,40,440,24,-72,94,-2,56,-37,62,-2,18,400605,8,35613,67,0,00,10013,7
32,948,-91,53,438,36,-73,05,-2,56,-37,54,-2,17,400525,2,35607,11,0,00,10007,1
32,998,-91,66,436,49,-73,16,-2,56,-37,46,-2,17,400472,1,35600,55,0,00,10000,6
33,048,-91,78,434,62,-73,27,-2,56,-37,38,-2,17,400419,0,35593,98,0,02,9994,0
33,098,-91,91,432,75,-73,37,-2,56,-37,30,-2,17,400394,4,35587,42,0,00,9987,4
33,148,-92,04,430,89,-73,48,-2,56,-37,22,-2,17,400327,8,35580,86,0,00,9980,9
33,198,-92,17,429,03,-73,59,-2,56,-37,14,-2,17,400261,2,35574,30,0,00,9974,3
33,248,-92,29,427,17,-73,70,-2,55,-37,06,-2,17,400209,0,35567,73,0,00,9967,7
33,298,-92,42,425,32,-73,81,-2,55,-36,98,-2,17,400155,9,35561,17,0,00,9961,2
33,348,-92,55,423,47,-73,92,-2,55,-36,90,-2,17,400116,7,35554,61,0,00,9954,6
33,398,-92,68,421,63,-74,03,-2,55,-36,82,-2,17,400063,5,35548,05,0,00,9948,0
33,448,-92,81,419,79,-74,14,-2,55,-36,74,-2,17,400011,2,35541,48,0,00,9941,5
33,498,-92,93,417,96,-74,24,-2,55,-36,66,-2,17,399958,6,35534,93,0,00,9934,9
33,548,-93,06,416,13,-74,35,-2,55,-36,58,-2,17,399905,9,35528,38,0,00,9928,4
33,598,-93,19,414,30,-74,46,-2,55,-36,50,-2,17,399853,3,35521,82,0,00,9921,8
33,648,-93,32,412,48,-74,57,-2,55,-36,42,-2,17,399801,2,35515,27,0,00,9915,3
33,698,-93,44,410,66,-74,68,-2,55,-36,33,-2,17,399762,1,35508,72,0,00,9908,7
33,748,-93,57,408,84,-74,79,-2,55,-36,25,-2,17,399695,3,35502,17,0,00,9902,2
33,798,-93,70,407,03,-74,90,-2,55,-36,17,-2,17,399656,0,35495,61,0,00,9895,6
33,848,-93,83,405,23,-75,01,-2,55,-36,09,-2,17,399603,5,35489,06,0,00,9889,1
33,898,-93,95,403,42,-75,11,-2,55,-36,01,-2,17,399536,6,35482,51,0,00,9882,5
33,948,-94,08,401,63,-75,22,-2,55,-35,93,-2,17,399483,4,35475,96,0,00,9876,0
33,998,-94,21,399,83,-75,33,-2,55,-35,85,-2,17,399430,5,35469,40,0,00,9869,4
34,048,-94,34,398,04,-75,44,-2,55,-35,77,-2,17,399419,3,35462,85,0,00,9862,9
34,098,-94,46,396,25,-75,55,-2,55,-35,69,-2,17,399324,9,35456,31,0,00,9856,3
34,148,-94,59,394,47,-75,66,-2,55,-35,61,-2,17,399271,7,35449,77,0,00,9849,8
34,198,-94,72,392,69,-75,77,-2,55,-35,53,-2,17,399218,3,35443,23,0,00,9843,2
34,248,-94,85,390,92,-75,87,-2,55,-35,45,-2,17,399178,8,35436,68,0,00,9836,7
34,298,-94,97,389,15,-75,98,-2,55,-35,37,-2,17,399126,4,35430,14,0,00,9830,1
34,348,-95,10,387,38,-76,09,-2,55,-35,29,-2,17,399073,4,35423,59,0,00,9823,6
34,398,-95,23,385,62,-76,20,-2,55,-35,21,-2,17,399006,7,35417,05,0,00,9817,1
34,448,-95,35,383,86,-76,31,-2,55,-35,13,-2,17,398953,7,35410,51,0,00,9810,5
34,498,-95,48,382,11,-76,42,-2,55,-35,05,-2,17,398900,4,35403,97,0,00,9804,0
34,548,-95,61,380,36,-76,53,-2,55,-34,97,-2,17,398861,7,35397,42,0,00,9797,4
34,598,-95,74,378,61,-76,63,-2,54,-34,89,-2,17,398808,5,35390,88,0,00,9790,9
34,648,-95,86,376,87,-76,74,-2,54,-34,81,-2,17,398755,2,35384,35,0,00,9784,3
34,698,-95,99,375,13,-76,85,-2,54,-34,73,-2,17,398701,9,35377,82,0,00,9777,8
34,748,-96,12,373,39,-76,96,-2,54,-34,65,-2,17,398648,5,35371,28,0,00,9771,3
34,798,-96,25,371,66,-77,07,-2,54,-34,57,-2,17,398595,8,35364,75,0,00,9764,7
34,848,-96,37,369,94,-77,18,-2,54,-34,48,-2,17,398528,8,35358,21,0,00,9758,2
34,898,-96,50,368,22,-77,28,-2,54,-34,40,-2,17,398489,8,35351,68,0,00,9751,7
34,948,-96,63,366,50,-77,39,-2,54,-34,32,-2,17,398436,8,35345,15,0,00,9745,1
34,998,-96,75,364,78,-77,50,-2,54,-34,24,-2,17,398383,6,35338,62,0,00,9738,6
35,048,-96,88,363,07,-77,61,-2,54,-34,16,-2,17,398331,1,35332,08,0,00,9732,1
35,098,-97,01,361,37,-77,72,-2,54,-34,08,-2,17,398291,7,35325,55,0,00,9725,6
35,148,-97,14,359,67,-77,83,-2,54,-34,00,-2,17,398224,6,35319,02,0,00,9719,0
35,198,-97,26,357,97,-77,94,-2,54,-33,92,-2,17,398157,5,35312,49,0,00,9712,5
35,248,-97,39,356,27,-78,04,-2,54,-33,84,-2,17,398118,0,35305,97,0,00,9706,0
35,298,-97,52,354,58,-78,15,-2,54,-33,76,-2,17,398064,6,35299,45,0,00,9699,4
35,348,-97,64,352,90,-78,26,-2,54,-33,68,-2,17,397998,0,35292,92,0,00,9692,9
35,398,-97,77,351,21,-78,37,-2,54,-33,60,-2,17,397958,3,35286,40,0,00,9686,4
35,448,-97,90,349,54,-78,48,-2,54,-33,52,-2,17,397918,6,35279,88,0,00,9679,9
35,498,-98,02,347,86,-78,59,-2,54,-33,44,-2,17,397851,5,35273,35,0,00,9673,4
35,548,-98,15,346,19,-78,69,-2,54,-33,36,-2,17,397798,1,35266,83,0,00,9666,8
35,598,-98,28,344,53,-78,80,-2,54,-33,28,-2,17,397744,5,35260,30,0,00,9660,3
35,648,-98,40,342,87,-78,91,-2,54,-33,20,-2,17,397691,7,35253,78,0,00,9653,8
35,698,-98,53,341,21,-79,02,-2,54,-33,12,-2,17,397651,8,35247,26,0,00,9647,3
35,748,-98,66,339,55,-79,13,-2,54,-33,04,-2,17,397584,5,35240,74,0,00,9640,7
35,798,-98,79,337,90,-79,24,-2,54,-32,96,-2,17,397530,9,35234,23,0,00,9634,2
35,848,-98,91,336,26,-79,35,-2,54,-32,88,-2,17,397477,3,35227,71,0,00,9627,7
35,898,-99,04,334,62,-79,45,-2,54,-32,80,-2,17,397423,5,35221,20,0,00,9621,2
35,948,-99,17,332,98,-79,56,-2,54,-32,72,-2,17,397369,7,35214,68,0,00,9614,7
35,998,-99,29,331,34,-79,67,-2,53,-32,64,-2,17,397330,4,35208,17,0,00,9608,2
36,049,-99,42,329,71,-79,78,-2,53,-32,55,-2,17,397248,9,35201,66,0,00,9601,7
36,099,-99,55,328,09,-79,89,-2,53,-32,47,-2,17,397208,8,35195,14,0,00,9595,1
36,149,-99,67,326,47,-80,00,-2,53,-32,39,-2,17,397141,1,35188,63,0,00,9588,6
36,199,-99,80,324,85,-80,10,-2,53,-32,31,-2,17,397101,3,35182,12,0,00,9582,1
36,249,-99,93,323,24,-80,21,-2,53,-32,23,-2,17,397061,4,35175,60,0,00,9575,6
36,299,-100,05,321,63,-80,32,-2,53,-32,15,-2,17,397007,8,35169,09,0,00,9569,1
36,349,-100,18,320,02,-80,43,-2,53,-32,07,-2,17,396954,8,35162,59,0,00,9562,6
36,399,-100,31,318,42,-80,54,-2,53,-31,99,-2,17,396901,1,35156,09,0,00,9556,1
36,449,-100,43,316,82,-80,65,-2,53,-31,91,-2,17,396840,4,35149,58,0,00,9549,6
36,499,-100,56,315,23,-80,75,-2,53,-31,83,-2,17,396786,6,35143,08,0,00,9543,1
36,549,-100,69,313,64,-80,86,-2,53,-31,75,-2,17,396725,7,35136,57,0,00,9536,6
36,599,-100,81,312,05,-80,97,-2,53,-31,67,-2,17,396678,7,35130,07,0,00,9530,1
36,649,-100,94,310,47,-81,08,-2,53,-31,59,-2,17,396624,8,35123,56,0,00,9523,6
36,699,-101,07,308,89,-81,19,-2,53,-31,51,-2,17,396571,0,35117,06,0,00,9517,1
36,749,-101,19,307,32,-81,30,-2,53,-31,43,-2,17,396524,7,35110,55,0,00,9510,6
36,799,-101,32,305,75,-81,40,-2,53,-31,35,-2,17,396463,8,35104,05,0,00,9504,1
36,849,-101,44,304,19,-81,51,-2,53,-31,27,-2,17,396409,8,35097,55,0,00,9497,6
36,899,-101,57,302,62,-81,62,-2,53,-31,19,-2,17,396362,7,35091,06,0,00,9491,1
36,949,-101,70,301,07,-81,73,-2,53,-31,11,-2,17,396301,8,35084,56,0,00,9484,6
36,999,-101,82,299,51,-81,84,-2,53,-31,03,-2,17,396247,8,35078,07,0,00,9478,1
37,049,-101,95,297,96,-81,94,-2,53,-30,95,-2,17,396186,8,35071,57,0,00,9471,6
37,099,-102,08,296,42,-82,05,-2,53,-30,87,-2,17,396146,4,35065,08,0,00,9465,1
37,149,-102,20,294,88,-82,16,-2,53,-30,79,-2,16,396078,4,35058,59,0,00,9458,6
37,199,-102,33,293,34,-82,27,-2,53,-30,71,-2,16,396038,6,35052,09,0,00,9452,1
37,249,-102,46,291,81,-82,38,-2,53,-30,63,-2,16,395977,6,35045,60,0,00,9445,6
37,299,-102,58,290,28,-82,49,-2,53,-30,55,-2,16,395930,2,35039,11,0,00,9439,1
37,349,-102,71,288,75,-82,59,-2,53,-30,46,-2,16,395869,0,35032,61,0,00,9432,6
37,399,-102,83,287,23,-82,70,-2,53,-30,38,-2,16,395807,8,35026,12,0,00,9426,1
37,449,-102,96,285,71,-82,81,-2,53,-30,30,-2,16,395767,4,35019,63,0,00,9419,6
37,499,-103,09,284,20,-82,92,-2,53,-30,22,-2,16,395699,3,35013,15,0,00,9413,2
37,549,-103,21,282,69,-83,03,-2,52,-30,14,-2,16,395651,8,35006,66,0,00,9406,7
37,599,-103,34,281,19,-83,14,-2,52,-30,06,-2,16,395590,5,35000,18,0,00,9400,2
37,649,-103,47,279,68,-83,24,-2,52,-29,98,-2,16,395536,0,34993,70,0,00,9393,7
37,699,-103,59,278,19,-83,35,-2,52,-29,90,-2,16,395495,9,34987,21,0,00,9387,2
37,749,-103,72,276,69,-83,46,-2,52,-29,82,-2,16,395434,4,34980,73,0,00,9380,7
37,799,-103,84,275,21,-83,57,-2,52,-29,74,-2,16,395379,8,34974,24,0,00,9374,2
37,849,-103,97,273,72,-83,68,-2,52,-29,66,-2,16,395325,2,34967,76,0,00,9367,8
37,899,-104,10,272,24,-83,78,-2,52,-29,58,-2,16,395270,5,34961,27,0,00,9361,3
37,949,-104,22,270,76,-83,89,-2,52,-29,50,-2,16,395223,0,34954,79,0,00,9354,8
37,999,-104,35,269,29,-84,00,-2,52,-29,42,-2,16,395168,5,34948,32,0,00,9348,3
38,049,-104,48,267,82,-84,11,-2,52,-29,34,-2,16,395107,0,34941,84,0,00,9341,8
38,099,-104,60,266,36,-84,22,-2,52,-29,26,-2,16,395059,3,34935,37,0,00,9335,4
38,149,-104,73,264,89,-84,33,-2,52,-29,18,-2,16,395004,7,34928,89,0,00,9328,9
38,199,-104,85,263,44,-84,43,-2,52,-29,10,-2,16,394943,1,34922,42,0,00,9322,4
38,249,-104,98,261,98,-84,54,-2,52,-29,02,-2,16,394882,2,34915,95,0,00,9315,9
38,299,-105,11,260,54,-84,65,-2,52,-28,94,-2,16,394834,3,34909,47,0,00,9309,5
38,349,-105,23,259,09,-84,76,-2,52,-28,86,-2,16,394779,5,34903,00,0,00,9303,0
38,399,-105,36,257,65,-84,87,-2,52,-28,78,-2,16,394724,5,34896,52,0,00,9296,5
38,449,-105,48,256,21,-84,97,-2,52,-28,70,-2,16,394676,6,34890,05,0,00,9290,0
38,499,-105,61,254,78,-85,08,-2,52,-28,62,-2,16,394621,6,34883,58,0,00,9283,6
38,549,-105,74,253,35,-85,19,-2,52,-28,54,-2,16,394566,6,34877,11,0,00,9277,1
38,599,-105,86,251,93,-85,30,-2,52,-28,46,-2,16,394504,7,34870,65,0,00,9270,6
38,649,-105,99,250,51,-85,41,-2,52,-28,37,-2,16,394456,6,34864,18,0,00,9264,2
38,699,-106,11,249,09,-85,51,-2,52,-28,29,-2,16,394401,5,34857,72,0,00,9257,7
38,749,-106,24,247,68,-85,62,-2,52,-28,21,-2,16,394339,5,34851,25,0,00,9251,3
38,799,-106,36,246,27,-85,73,-2,52,-28,13,-2,16,394291,4,34844,79,0,00,9244,8
38,849,-106,49,244,86,-85,84,-2,52,-28,05,-2,16,394236,4,34838,32,0,00,9238,3
38,899,-106,62,243,46,-85,95,-2,52,-27,97,-2,16,394181,9,34831,86,0,00,9231,9
38,949,-106,74,242,07,-86,06,-2,52,-27,89,-2,16,394133,6,34825,39,0,00,9225,4
38,999,-106,87,240,67,-86,16,-2,52,-27,81,-2,16,394078,5,34818,93,0,00,9218,9
39,049,-106,99,239,28,-86,27,-2,52,-27,73,-2,16,394016,5,34812,47,0,00,9212,5
39,099,-107,12,237,90,-86,38,-2,52,-27,65,-2,16,393954,3,34806,01,0,00,9206,0
39,149,-107,25,236,52,-86,49,-2,52,-27,57,-2,16,393913,0,34799,56,0,00,9199,6
39,199,-107,37,235,14,-86,60,-2,51,-27,49,-2,16,393850,9,34793,10,0,00,9193,1
39,249,-107,50,233,77,-86,70,-2,51,-27,41,-2,16,393795,6,34786,65,0,00,9186,6
39,299,-107,62,232,40,-86,81,-2,51,-27,33,-2,16,393747,2,34780,19,0,00,9180,2
39,349,-107,75,231,04,-86,92,-2,51,-27,25,-2,16,393678,0,34773,74,0,00,9173,7
39,399,-107,87,229,68,-87,03,-2,51,-27,17,-2,16,393629,5,34767,28,0,00,9167,3
39,449,-108,00,228,32,-87,14,-2,51,-27,09,-2,16,393567,1,34760,83,0,00,9160,8
39,499,-108,13,226,97,-87,24,-2,51,-27,01,-2,16,393518,5,34754,37,0,00,9154,4
39,549,-108,25,225,62,-87,35,-2,51,-26,93,-2,16,393463,0,34747,92,0,00,9147,9
39,599,-108,38,224,28,-87,46,-2,51,-26,85,-2,16,393414,2,34741,47,0,00,9141,5
39,649,-108,50,222,93,-87,57,-2,51,-26,77,-2,16,393373,2,34735,02,0,00,9135,0
39,699,-108,63,221,60,-87,68,-2,51,-26,69,-2,16,393296,8,34728,58,0,00,9128,6
39,749,-108,75,220,27,-87,78,-2,51,-26,61,-2,16,393234,3,34722,13,0,00,9122,1
39,799,-108,88,218,94,-87,89,-2,51,-26,53,-2,16,393185,5,34715,69,0,00,9115,7
39,849,-109,00,217,61,-88,00,-2,51,-26,45,-2,16,393129,8,34709,24,0,00,9109,2
39,899,-109,13,216,29,-88,11,-2,51,-26,37,-2,16,393067,0,34702,80,0,00,9102,8
39,949,-109,26,214,98,-88,22,-2,51,-26,29,-2,16,393011,2,34696,35,0,00,9096,4
39,999,-109,38,213,66,-88,32,-2,51,-26,21,-2,16,392962,1,34689,91,0,00,9089,9
40,049,-109,51,212,36,-88,43,-2,51,-26,12,-2,16,392906,2,34683,46,0,00,9083,5
40,099,-109,63,211,05,-88,54,-2,51,-26,04,-2,16,392850,1,34677,02,0,00,9077,0
40,149,-109,76,209,75,-88,65,-2,51,-25,96,-2,16,392787,3,34670,58,0,00,9070,6
40,199,-109,88,208,46,-88,76,-2,51,-25,88,-2,16,392745,1,34664,14,0,00,9064,1
40,249,-110,01,207,16,-88,86,-2,51,-25,80,-2,16,392682,1,34657,71,0,00,9057,7
40,299,-110,13,205,88,-88,97,-2,51,-25,72,-2,16,392632,9,34651,27,0,00,9051,3
40,349,-110,26,204,59,-89,08,-2,51,-25,64,-2,16,392562,9,34644,84,0,00,9044,8
40,399,-110,39,203,31,-89,19,-2,51,-25,56,-2,16,392506,7,34638,40,0,00,9038,4
40,449,-110,51,202,04,-89,30,-2,51,-25,48,-2,16,392457,3,34631,97,0,00,9032,0
40,499,-110,64,200,76,-89,40,-2,51,-25,40,-2,16,392408,1,34625,53,0,00,9025,5
40,549,-110,76,199,49,-89,51,-2,51,-25,32,-2,16,392351,9,34619,10,0,00,9019,1
40,599,-110,89,198,23,-89,62,-2,51,-25,24,-2,16,392282,4,34612,66,0,00,9012,7
40,649,-111,01,196,97,-89,73,-2,51,-25,16,-2,16,392233,0,34606,23,0,00,9006,2
40,699,-111,14,195,71,-89,84,-2,51,-25,08,-2,16,392169,8,34599,80,0,00,8999,8
40,750,-111,26,194,46,-89,94,-2,51,-25,00,-2,16,392120,4,34593,38,0,00,8993,4
40,800,-111,39,193,21,-90,05,-2,51,-24,92,-2,16,392064,1,34586,95,0,00,8987,0
40,850,-111,51,191,97,-90,16,-2,51,-24,84,-2,16,392014,6,34580,53,0,00,8980,5
40,900,-111,64,190,73,-90,27,-2,51,-24,76,-2,16,391951,3,34574,10,0,00,8974,1
40,950,-111,76,189,50,-90,38,-2,51,-24,68,-2,16,391888,0,34567,68,0,00,8967,7
41,000,-111,89,188,26,-90,48,-2,50,-24,60,-2,16,391838,3,34561,25,0,00,8961,3
41,050,-112,01,187,04,-90,59,-2,50,-24,52,-2,16,391781,8,34554,82,0,00,8954,8
41,100,-112,14,185,81,-90,70,-2,50,-24,44,-2,16,391718,3,34548,40,0,00,8948,4
41,150,-112,26,184,59,-90,81,-2,50,-24,36,-2,16,391668,7,34541,97,0,00,8942,0
41,200,-112,39,183,38,-90,92,-2,50,-24,28,-2,16,391605,1,34535,55,0,00,8935,6
41,250,-112,52,182,16,-91,02,-2,50,-24,20,-2,16,391562,3,34529,14,0,00,8929,1
41,300,-112,64,180,96,-91,13,-2,50,-24,12,-2,16,391498,6,34522,72,0,00,8922,7
41,350,-112,77,179,75,-91,24,-2,50,-24,04,-2,16,391448,8,34516,30,0,00,8916,3
41,400,-112,89,178,55,-91,35,-2,50,-23,95,-2,16,391392,0,34509,89,0,00,8909,9
41,450,-113,02,177,36,-91,46,-2,50,-23,87,-2,16,391321,4,34503,48,0,00,8903,5
41,500,-113,14,176,17,-91,56,-2,50,-23,79,-2,16,391271,3,34497,06,0,00,8897,1
41,550,-113,27,174,98,-91,67,-2,50,-23,71,-2,16,391207,6,34490,64,0,00,8890,6
41,600,-113,39,173,79,-91,78,-2,50,-23,63,-2,16,391157,5,34484,23,0,00,8884,2
41,650,-113,52,172,61,-91,89,-2,50,-23,55,-2,16,391107,4,34477,81,0,00,8877,8
41,700,-113,64,171,44,-92,00,-2,50,-23,47,-2,16,391036,5,34471,40,0,00,8871,4
41,750,-113,77,170,27,-92,10,-2,50,-23,39,-2,16,390986,4,34464,99,0,00,8865,0
41,800,-113,89,169,10,-92,21,-2,50,-23,31,-2,16,390929,9,34458,59,0,00,8858,6
41,850,-114,02,167,94,-92,32,-2,50,-23,23,-2,16,390872,9,34452,18,0,00,8852,2
41,900,-114,14,166,78,-92,43,-2,50,-23,15,-2,16,390808,9,34445,77,0,00,8845,8
41,950,-114,27,165,62,-92,54,-2,50,-23,07,-2,16,390758,6,34439,37,0,00,8839,4
42,000,-114,39,164,47,-92,64,-2,50,-22,99,-2,16,390701,3,34432,96,0,00,8833,0
42,050,-114,52,163,32,-92,75,-2,50,-22,91,-2,16,390650,9,34426,55,0,00,8826,6
42,100,-114,64,162,18,-92,86,-2,50,-22,83,-2,16,390586,7,34420,15,0,00,8820,1
42,150,-114,77,161,04,-92,97,-2,50,-22,75,-2,16,390543,0,34413,74,0,00,8813,7
42,200,-114,89,159,90,-93,08,-2,50,-22,67,-2,16,390478,7,34407,34,0,00,8807,3
42,250,-115,02,158,77,-93,18,-2,50,-22,59,-2,16,390421,3,34400,94,0,00,8800,9
42,300,-115,14,157,64,-93,29,-2,50,-22,51,-2,16,390363,8,34394,54,0,00,8794,5
42,350,-115,27,156,52,-93,40,-2,50,-22,43,-2,16,390299,4,34388,14,0,00,8788,1
42,400,-115,39,155,40,-93,51,-2,50,-22,35,-2,16,390241,9,34381,75,0,00,8781,7
42,450,-115,52,154,29,-93,62,-2,50,-22,27,-2,16,390191,2,34375,35,0,00,8775,4
42,500,-115,64,153,17,-93,72,-2,50,-22,19,-2,16,390119,8,34368,96,0,00,8769,0
42,550,-115,77,152,07,-93,83,-2,50,-22,11,-2,16,390075,9,34362,56,0,00,8762,6
42,600,-115,89,150,96,-93,94,-2,50,-22,03,-2,16,390011,3,34356,16,0,00,8756,2
42,650,-116,02,149,86,-94,05,-2,50,-21,95,-2,16,389946,7,34349,77,0,00,8749,8
42,700,-116,14,148,77,-94,15,-2,50,-21,87,-2,16,389888,8,34343,37,0,00,8743,4
42,750,-116,26,147,68,-94,26,-2,50,-21,79,-2,16,389837,9,34336,98,0,00,8737,0
42,800,-116,39,146,59,-94,37,-2,50,-21,70,-2,16,389773,3,34330,59,0,00,8730,6
42,850,-116,51,145,51,-94,48,-2,50,-21,62,-2,16,389722,3,34324,21,0,00,8724,2
42,900,-116,64,144,43,-94,59,-2,50,-21,54,-2,16,389657,5,34317,82,0,00,8717,8
42,950,-116,76,143,35,-94,69,-2,50,-21,46,-2,16,389606,4,34311,43,0,00,8711,4
43,000,-116,89,142,28,-94,80,-2,50,-21,38,-2,16,389562,2,34305,05,0,00,8705,0
43,050,-117,01,141,22,-94,91,-2,49,-21,30,-2,16,389490,3,34298,66,0,00,8698,7
43,100,-117,14,140,15,-95,02,-2,49,-21,22,-2,16,389418,5,34292,27,0,00,8692,3
43,150,-117,26,139,09,-95,13,-2,49,-21,14,-2,16,389380,9,34285,89,0,00,8685,9
43,200,-117,39,138,04,-95,23,-2,49,-21,06,-2,16,389315,8,34279,50,0,00,8679,5
43,250,-117,51,136,99,-95,34,-2,49,-20,98,-2,16,389264,4,34273,12,0,00,8673,1
43,300,-117,64,135,94,-95,45,-2,49,-20,90,-2,16,389199,3,34266,74,0,00,8666,7
43,350,-117,76,134,90,-95,56,-2,49,-20,82,-2,16,389141,0,34260,36,0,00,8660,4
43,400,-117,89,133,86,-95,67,-2,49,-20,74,-2,16,389062,6,34253,98,0,00,8654,0
43,450,-118,01,132,82,-95,77,-2,49,-20,66,-2,16,389017,9,34247,61,0,00,8647,6
43,500,-118,14,131,79,-95,88,-2,49,-20,58,-2,16,388966,3,34241,23,0,00,8641,2
43,550,-118,26,130,76,-95,99,-2,49,-20,50,-2,16,388900,7,34234,86,0,00,8634,9
43,600,-118,39,129,74,-96,10,-2,49,-20,42,-2,16,388855,8,34228,48,0,00,8628,5
43,650,-118,51,128,72,-96,20,-2,49,-20,34,-2,16,388790,1,34222,10,0,00,8622,1
43,700,-118,63,127,71,-96,31,-2,49,-20,26,-2,16,388731,4,34215,73,0,00,8615,7
43,750,-118,76,126,70,-96,42,-2,49,-20,18,-2,16,388686,5,34209,35,0,00,8609,3
43,800,-118,88,125,69,-96,53,-2,49,-20,10,-2,16,388620,9,34202,98,0,00,8603,0
43,850,-119,01,124,69,-96,64,-2,49,-20,02,-2,16,388555,3,34196,61,0,00,8596,6
43,900,-119,13,123,69,-96,74,-2,49,-19,94,-2,16,388489,7,34190,25,0,00,8590,2
43,950,-119,26,122,69,-96,85,-2,49,-19,86,-2,16,388423,9,34183,88,0,00,8583,9
44,000,-119,38,121,70,-96,96,-2,49,-19,78,-2,16,388371,9,34177,51,0,00,8577,5
44,050,-119,51,120,72,-97,07,-2,49,-19,70,-2,16,388319,9,34171,14,0,00,8571,1
44,100,-119,63,119,73,-97,18,-2,49,-19,62,-2,16,388260,9,34164,78,0,00,8564,8
44,150,-119,76,118,75,-97,28,-2,49,-19,53,-2,16,388201,9,34158,41,0,00,8558,4
44,200,-119,88,117,78,-97,39,-2,49,-19,45,-2,16,388142,9,34152,04,0,00,8552,0
44,250,-120,00,116,81,-97,50,-2,49,-19,37,-2,16,388083,7,34145,68,0,00,8545,7
44,300,-120,13,115,84,-97,61,-2,49,-19,29,-2,16,388024,6,34139,32,0,00,8539,3
44,350,-120,25,114,88,-97,72,-2,49,-19,21,-2,16,387958,6,34132,96,0,00,8533,0
44,400,-120,38,113,92,-97,82,-2,49,-19,13,-2,16,387899,4,34126,61,0,00,8526,6
44,450,-120,50,112,97,-97,93,-2,49,-19,05,-2,16,387840,2,34120,25,0,00,8520,2
44,500,-120,63,112,02,-98,04,-2,49,-18,97,-2,16,387787,8,34113,89,0,00,8513,9
44,550,-120,75,111,07,-98,15,-2,49,-18,89,-2,16,387728,4,34107,54,0,00,8507,5
44,600,-120,88,110,13,-98,25,-2,49,-18,81,-2,16,387662,2,34101,18,0,00,8501,2
44,650,-121,00,109,19,-98,36,-2,49,-18,73,-2,16,387609,6,34094,82,0,00,8494,8
44,700,-121,12,108,25,-98,47,-2,49,-18,65,-2,16,387550,1,34088,46,0,00,8488,5
44,750,-121,25,107,32,-98,58,-2,49,-18,57,-2,16,387476,8,34082,11,0,00,8482,1
44,800,-121,37,106,40,-98,69,-2,49,-18,49,-2,16,387417,3,34075,76,0,00,8475,8
44,850,-121,50,105,47,-98,79,-2,49,-18,41,-2,16,387364,5,34069,41,0,00,8469,4
44,900,-121,62,104,56,-98,90,-2,49,-18,33,-2,16,387304,9,34063,06,0,00,8463,1
44,950,-121,75,103,64,-99,01,-2,49,-18,25,-2,16,387252,2,34056,71,0,00,8456,7
45,000,-121,87,102,73,-99,12,-2,49,-18,17,-2,16,387185,6,34050,37,0,00,8450,4
45,050,-122,00,101,82,-99,23,-2,49,-18,09,-2,16,387118,9,34044,02,0,00,8444,0
45,100,-122,12,100,92,-99,33,-2,49,-18,01,-2,16,387072,9,34037,67,0,00,8437,7
45,150,-122,24,100,02,-99,44,-2,49,-17,93,-2,16,387013,0,34031,32,0,00,8431,3
45,200,-122,37,99,13,-99,55,-2,49,-17,85,-2,16,386953,1,34024,98,0,00,8425,0
45,250,-122,49,98,24,-99,66,-2,49,-17,77,-2,16,386907,0,34018,63,0,00,8418,6
45,300,-122,62,97,35,-99,76,-2,49,-17,69,-2,16,386833,2,34012,29,0,00,8412,3
45,350,-122,74,96,47,-99,87,-2,49,-17,61,-2,16,386773,2,34005,95,0,00,8406,0
45,400,-122,87,95,59,-99,98,-2,49,-17,53,-2,16,386706,3,33999,62,0,00,8399,6
45,451,-122,99,94,72,-100,09,-2,49,-17,45,-2,16,386653,1,33993,28,0,00,8393,3
45,501,-123,11,93,85,-100,20,-2,49,-17,37,-2,16,386593,0,33986,94,0,00,8386,9
45,551,-123,24,92,98,-100,30,-2,48,-17,28,-2,16,386525,9,33980,60,0,00,8380,6
45,601,-123,36,92,12,-100,41,-2,48,-17,20,-2,16,386465,6,33974,27,0,00,8374,3
45,651,-123,49,91,26,-100,52,-2,48,-17,12,-2,16,386412,2,33967,93,0,00,8367,9
45,701,-123,61,90,41,-100,63,-2,48,-17,04,-2,16,386358,8,33961,59,0,00,8361,6
45,751,-123,73,89,56,-100,74,-2,48,-16,96,-2,16,386291,5,33955,25,0,00,8355,3
45,801,-123,86,88,71,-100,84,-2,48,-16,88,-2,16,386224,3,33948,93,0,00,8348,9
45,851,-123,98,87,87,-100,95,-2,48,-16,80,-2,16,386170,8,33942,60,0,00,8342,6
45,901,-124,11,87,03,-101,06,-2,48,-16,72,-2,16,386103,4,33936,27,0,00,8336,3
45,951,-124,23,86,20,-101,17,-2,48,-16,64,-2,16,386042,9,33929,94,0,00,8329,9
46,001,-124,36,85,37,-101,28,-2,48,-16,56,-2,16,385996,1,33923,61,0,00,8323,6
46,051,-124,48,84,54,-101,38,-2,48,-16,48,-2,16,385921,7,33917,29,0,00,8317,3
46,101,-124,60,83,72,-101,49,-2,48,-16,40,-2,16,385861,0,33910,96,0,00,8311,0
46,151,-124,73,82,90,-101,60,-2,48,-16,32,-2,16,385800,3,33904,63,0,00,8304,6
46,201,-124,85,82,08,-101,71,-2,48,-16,24,-2,16,385733,4,33898,30,0,00,8298,3
46,251,-124,98,81,27,-101,81,-2,48,-16,16,-2,16,385679,6,33891,98,0,00,8292,0
46,301,-125,10,80,47,-101,92,-2,48,-16,08,-2,16,385625,6,33885,66,0,00,8285,7
46,351,-125,22,79,67,-102,03,-2,48,-16,00,-2,16,385564,8,33879,34,0,00,8279,3
46,401,-125,35,78,87,-102,14,-2,48,-15,92,-2,16,385497,0,33873,02,0,00,8273,0
46,451,-125,47,78,08,-102,25,-2,48,-15,84,-2,16,385442,9,33866,70,0,00,8266,7
46,501,-125,60,77,29,-102,35,-2,48,-15,76,-2,16,385381,9,33860,38,0,00,8260,4
46,551,-125,72,76,50,-102,46,-2,48,-15,68,-2,16,385320,8,33854,07,0,00,8254,1
46,601,-125,85,75,72,-102,57,-2,48,-15,60,-2,16,385256,3,33847,75,0,00,8247,7
46,651,-125,97,74,94,-102,68,-2,48,-15,52,-2,16,385198,6,33841,43,0,00,8241,4
46,701,-126,09,74,17,-102,79,-2,48,-15,44,-2,16,385130,5,33835,11,0,00,8235,1
46,751,-126,22,73,40,-102,89,-2,48,-15,36,-2,16,385076,2,33828,80,0,00,8228,8
46,801,-126,34,72,63,-103,00,-2,48,-15,28,-2,16,385014,9,33822,49,0,00,8222,5
46,851,-126,47,71,87,-103,11,-2,48,-15,20,-2,16,384946,8,33816,18,0,00,8216,2
46,901,-126,59,71,11,-103,22,-2,48,-15,11,-2,16,384892,3,33809,87,0,00,8209,9
46,951,-126,71,70,36,-103,33,-2,48,-15,03,-2,16,384830,9,33803,56,0,00,8203,6
47,001,-126,84,69,61,-103,43,-2,48,-14,95,-2,16,384769,5,33797,25,0,00,8197,3
47,051,-126,96,68,86,-103,54,-2,48,-14,87,-2,16,384707,9,33790,95,0,00,8190,9
47,101,-127,09,68,12,-103,65,-2,48,-14,79,-2,16,384642,9,33784,64,0,00,8184,6
47,151,-127,21,67,38,-103,76,-2,48,-14,71,-2,16,384581,4,33778,34,0,00,8178,3
47,201,-127,33,66,65,-103,87,-2,48,-14,63,-2,16,384523,3,33772,03,0,00,8172,0
47,251,-127,46,65,92,-103,97,-2,48,-14,55,-2,16,384458,2,33765,73,0,00,8165,7
47,301,-127,58,65,19,-104,08,-2,48,-14,47,-2,16,384396,4,33759,43,0,00,8159,4
47,351,-127,71,64,47,-104,19,-2,48,-14,39,-2,16,384331,2,33753,13,0,00,8153,1
47,401,-127,83,63,75,-104,30,-2,48,-14,31,-2,16,384272,9,33746,82,0,00,8146,8
47,451,-127,95,63,04,-104,41,-2,48,-14,23,-2,16,384211,1,33740,52,0,00,8140,5
47,501,-128,08,62,33,-104,51,-2,48,-14,15,-2,16,384145,7,33734,23,0,00,8134,2
47,551,-128,20,61,63,-104,62,-2,48,-14,07,-2,16,384083,8,33727,93,0,00,8127,9
47,601,-128,32,60,92,-104,73,-2,48,-13,99,-2,16,384021,8,33721,63,0,00,8121,6
47,651,-128,45,60,23,-104,84,-2,48,-13,91,-2,16,383959,8,33715,34,0,00,8115,3
47,701,-128,57,59,53,-104,94,-2,48,-13,83,-2,16,383897,8,33709,04,0,00,8109,0
47,751,-128,70,58,84,-105,05,-2,48,-13,75,-2,16,383842,5,33702,75,0,00,8102,8
47,801,-128,82,58,16,-105,16,-2,48,-13,67,-2,16,383770,0,33696,46,0,00,8096,5
47,851,-128,94,57,48,-105,27,-2,48,-13,59,-2,16,383711,3,33690,17,0,00,8090,2
47,901,-129,07,56,80,-105,38,-2,48,-13,51,-2,16,383649,0,33683,88,0,00,8083,9
47,951,-129,19,56,13,-105,48,-2,48,-13,43,-2,16,383586,8,33677,59,0,00,8077,6
48,001,-129,32,55,46,-105,59,-2,48,-13,35,-2,16,383527,9,33671,30,0,00,8071,3
48,051,-129,44,54,79,-105,70,-2,48,-13,27,-2,16,383468,9,33665,01,0,00,8065,0
48,101,-129,56,54,13,-105,81,-2,48,-13,19,-2,16,383403,0,33658,73,0,00,8058,7
48,151,-129,69,53,47,-105,92,-2,48,-13,11,-2,16,383337,1,33652,44,0,00,8052,4
48,201,-129,81,52,82,-106,02,-2,48,-13,03,-2,16,383278,1,33646,16,0,00,8046,2
48,251,-129,94,52,17,-106,13,-2,48,-12,95,-2,16,383212,1,33639,88,0,00,8039,9
48,301,-130,06,51,52,-106,24,-2,48,-12,86,-2,16,383153,0,33633,59,0,00,8033,6
48,351,-130,18,50,88,-106,35,-2,48,-12,78,-2,16,383090,4,33627,31,0,00,8027,3
48,401,-130,31,50,25,-106,46,-2,48,-12,70,-2,16,383031,2,33621,03,0,00,8021,0
48,451,-130,43,49,61,-106,56,-2,48,-12,62,-2,16,382958,1,33614,75,0,00,8014,8
48,501,-130,55,48,98,-106,67,-2,48,-12,54,-2,16,382898,8,33608,48,0,00,8008,5
48,551,-130,68,48,36,-106,78,-2,48,-12,46,-2,16,382836,0,33602,20,0,00,8002,2
48,601,-130,80,47,74,-106,89,-2,48,-12,38,-2,16,382773,2,33595,92,0,00,7995,9
48,651,-130,93,47,12,-107,00,-2,48,-12,30,-2,16,382717,2,33589,65,0,00,7989,6
48,701,-131,05,46,51,-107,10,-2,48,-12,22,-2,16,382650,8,33583,38,0,00,7983,4
48,751,-131,17,45,90,-107,21,-2,48,-12,14,-2,16,382584,4,33577,10,0,00,7977,1
48,801,-131,30,45,29,-107,32,-2,47,-12,06,-2,16,382521,4,33570,83,0,00,7970,8
48,851,-131,42,44,69,-107,43,-2,47,-11,98,-2,16,382454,8,33564,56,0,00,7964,6
48,901,-131,54,44,10,-107,54,-2,47,-11,90,-2,16,382395,2,33558,29,0,00,7958,3
48,951,-131,67,43,50,-107,64,-2,47,-11,82,-2,16,382338,8,33552,02,0,00,7952,0
49,001,-131,79,42,91,-107,75,-2,47,-11,74,-2,16,382272,2,33545,75,0,00,7945,8
49,051,-131,92,42,33,-107,86,-2,47,-11,66,-2,16,382205,5,33539,49,0,00,7939,5
49,101,-132,04,41,75,-107,97,-2,47,-11,58,-2,16,382138,7,33533,22,0,00,7933,2
49,151,-132,16,41,17,-108,08,-2,47,-11,50,-2,16,382078,7,33526,96,0,00,7927,0
49,201,-132,29,40,60,-108,18,-2,47,-11,42,-2,16,382015,3,33520,70,0,00,7920,7
49,251,-132,41,40,03,-108,29,-2,47,-11,34,-2,16,381955,2,33514,43,0,00,7914,4
49,301,-132,53,39,46,-108,40,-2,47,-11,26,-2,16,381891,7,33508,17,0,00,7908,2
49,351,-132,66,38,90,-108,51,-2,47,-11,18,-2,16,381824,7,33501,91,0,00,7901,9
49,401,-132,78,38,35,-108,62,-2,47,-11,10,-2,16,381757,7,33495,65,0,00,7895,7
49,451,-132,91,37,79,-108,72,-2,47,-11,02,-2,16,381697,5,33489,39,0,00,7889,4
49,501,-133,03,37,24,-108,83,-2,47,-10,94,-2,16,381633,8,33483,14,0,00,7883,1
49,551,-133,15,36,70,-108,94,-2,47,-10,86,-2,16,381573,5,33476,88,0,00,7876,9
49,601,-133,28,36,16,-109,05,-2,47,-10,78,-2,16,381509,7,33470,63,0,00,7870,6
49,651,-133,40,35,62,-109,16,-2,47,-10,70,-2,16,381438,9,33464,38,0,00,7864,4
49,701,-133,52,35,09,-109,26,-2,47,-10,61,-2,16,381378,3,33458,12,0,00,7858,1
49,751,-133,65,34,56,-109,37,-2,47,-10,53,-2,16,381314,4,33451,87,0,00,7851,9
49,801,-133,77,34,04,-109,48,-2,47,-10,45,-2,16,381246,9,33445,62,0,00,7845,6
49,851,-133,89,33,51,-109,59,-2,47,-10,37,-2,16,381182,9,33439,37,0,00,7839,4
49,901,-134,02,33,00,-109,70,-2,47,-10,29,-2,16,381118,7,33433,12,0,00,7833,1
49,951,-134,14,32,49,-109,81,-2,47,-10,21,-2,16,381057,9,33426,87,0,00,7826,9
50,001,-134,26,31,98,-109,91,-2,47,-10,13,-2,16,380997,2,33420,63,0,00,7820,6
50,051,-134,39,31,47,-110,02,-2,47,-10,05,-2,16,380929,4,33414,38,0,00,7814,4
50,102,-134,51,30,97,-110,13,-2,47,-9,97,-2,16,380868,5,33408,14,0,00,7808,1
50,152,-134,64,30,47,-110,24,-2,47,-9,89,-2,16,380800,7,33401,89,0,00,7801,9
50,202,-134,76,29,98,-110,35,-2,47,-9,81,-2,16,380736,3,33395,65,0,00,7795,7
50,252,-134,88,29,49,-110,45,-2,47,-9,73,-2,16,380668,5,33389,41,0,00,7789,4
50,302,-135,01,29,01,-110,56,-2,47,-9,65,-2,16,380607,5,33383,17,0,00,7783,2
50,352,-135,13,28,53,-110,67,-2,47,-9,57,-2,16,380539,5,33376,93,0,00,7776,9
50,402,-135,25,28,05,-110,78,-2,47,-9,49,-2,16,380478,3,33370,69,0,00,7770,7
50,452,-135,38,27,58,-110,89,-2,47,-9,41,-2,16,380413,6,33364,46,0,00,7764,5
50,502,-135,50,27,11,-110,99,-2,47,-9,33,-2,16,380345,4,33358,22,0,00,7758,2
50,552,-135,62,26,65,-111,10,-2,47,-9,25,-2,16,380280,7,33351,98,0,00,7752,0
50,602,-135,75,26,19,-111,21,-2,47,-9,17,-2,16,380215,8,33345,75,0,00,7745,8
50,652,-135,87,25,73,-111,32,-2,47,-9,09,-2,16,380150,9,33339,52,0,00,7739,5
50,702,-136,00,25,28,-111,43,-2,47,-9,01,-2,16,380085,9,33333,29,0,00,7733,3
50,752,-136,12,24,83,-111,54,-2,47,-8,93,-2,16,380020,8,33327,05,0,00,7727,1
50,802,-136,24,24,38,-111,64,-2,47,-8,85,-2,16,379959,3,33320,83,0,00,7720,8
50,852,-136,37,23,94,-111,75,-2,47,-8,77,-2,16,379894,2,33314,59,0,00,7714,6
50,902,-136,49,23,51,-111,86,-2,47,-8,69,-2,16,379822,2,33308,37,0,00,7708,4
50,952,-136,61,23,08,-111,97,-2,47,-8,61,-2,16,379763,9,33302,14,0,00,7702,1
51,002,-136,74,22,65,-112,08,-2,47,-8,53,-2,16,379691,8,33295,92,0,00,7695,9
51,052,-136,86,22,22,-112,18,-2,47,-8,45,-2,16,379636,8,33289,70,0,00,7689,7
51,102,-136,98,21,80,-112,29,-2,47,-8,37,-2,16,379564,6,33283,47,0,00,7683,5
51,152,-137,11,21,39,-112,40,-2,47,-8,28,-2,16,379495,8,33277,25,0,00,7677,3
51,202,-137,23,20,97,-112,51,-2,47,-8,20,-2,16,379430,3,33271,03,0,00,7671,0
51,252,-137,35,20,57,-112,62,-2,47,-8,12,-2,16,379368,2,33264,81,0,00,7664,8
51,302,-137,48,20,16,-112,73,-2,47,-8,04,-2,16,379302,6,33258,59,0,00,7658,6
51,352,-137,60,19,76,-112,83,-2,47,-7,96,-2,16,379235,3,33252,37,0,00,7652,4
51,402,-137,72,19,37,-112,94,-2,47,-7,88,-2,16,379171,3,33246,16,0,00,7646,2
51,452,-137,85,18,97,-113,05,-2,47,-7,80,-2,16,379105,7,33239,94,0,00,7639,9
51,502,-137,97,18,59,-113,16,-2,47,-7,72,-2,16,379038,1,33233,72,0,00,7633,7
51,552,-138,09,18,20,-113,27,-2,47,-7,64,-2,16,378972,3,33227,51,0,00,7627,5
51,602,-138,22,17,82,-113,37,-2,47,-7,56,-2,16,378909,9,33221,30,0,00,7621,3
51,652,-138,34,17,44,-113,48,-2,47,-7,48,-2,16,378840,5,33215,09,0,00,7615,1
51,702,-138,46,17,07,-113,59,-2,47,-7,40,-2,16,378774,5,33208,88,0,00,7608,9
51,752,-138,59,16,70,-113,70,-2,47,-7,32,-2,16,378708,4,33202,67,0,00,7602,7
51,802,-138,71,16,34,-113,81,-2,47,-7,24,-2,16,378642,3,33196,46,0,00,7596,5
51,852,-138,83,15,98,-113,92,-2,47,-7,16,-2,16,378576,2,33190,25,0,00,7590,3
51,902,-138,96,15,62,-114,02,-2,47,-7,08,-2,16,378508,2,33184,05,0,00,7584,0
51,952,-139,08,15,27,-114,13,-2,47,-7,00,-2,17,378443,7,33177,84,0,00,7577,8
52,002,-139,21,14,92,-114,24,-2,47,-6,92,-2,17,378375,5,33171,64,0,00,7571,6
52,052,-139,33,14,58,-114,35,-2,47,-6,84,-2,17,378309,2,33165,44,0,00,7565,4
52,102,-139,45,14,24,-114,46,-2,47,-6,76,-2,17,378242,6,33159,24,0,00,7559,2
52,152,-139,58,13,90,-114,56,-2,47,-6,68,-2,17,378177,9,33153,04,0,00,7553,0
52,202,-139,70,13,57,-114,67,-2,47,-6,60,-2,17,378109,6,33146,84,0,00,7546,8
52,252,-139,82,13,25,-114,78,-2,47,-6,52,-2,17,378042,9,33140,64,0,00,7540,6
52,302,-139,95,12,92,-114,89,-2,47,-6,44,-2,17,377976,3,33134,44,0,00,7534,4
52,352,-140,07,12,60,-115,00,-2,47,-6,36,-2,17,377907,8,33128,25,0,00,7528,2
52,402,-140,19,12,29,-115,11,-2,47,-6,28,-2,17,377840,9,33122,05,0,00,7522,0
52,452,-140,32,11,97,-115,21,-2,47,-6,20,-2,17,377775,7,33115,86,0,00,7515,9
52,502,-140,44,11,67,-115,32,-2,47,-6,12,-2,17,377707,0,33109,66,0,00,7509,7
52,552,-140,56,11,36,-115,43,-2,47,-6,04,-2,17,377640,0,33103,47,0,00,7503,5
52,602,-140,69,11,06,-115,54,-2,47,-5,96,-2,17,377572,9,33097,28,0,00,7497,3
52,652,-140,81,10,77,-115,65,-2,47,-5,88,-2,17,377505,8,33091,09,0,00,7491,1
52,702,-140,93,10,47,-115,76,-2,47,-5,79,-2,17,377440,3,33084,90,0,00,7484,9
52,752,-141,06,10,19,-115,86,-2,47,-5,71,-2,17,377371,3,33078,72,0,00,7478,7
52,802,-141,18,9,90,-115,97,-2,47,-5,63,-2,17,377303,9,33072,53,0,00,7472,5
52,852,-141,30,9,62,-116,08,-2,47,-5,55,-2,17,377236,4,33066,34,0,00,7466,3
52,902,-141,43,9,35,-116,19,-2,47,-5,47,-2,17,377165,5,33060,16,0,00,7460,2
52,952,-141,55,9,08,-116,30,-2,47,-5,39,-2,17,377099,7,33053,98,0,00,7454,0
53,002,-141,67,8,81,-116,41,-2,47,-5,31,-2,17,377033,7,33047,80,0,00,7447,8
53,052,-141,80,8,55,-116,51,-2,47,-5,23,-2,17,376964,2,33041,62,0,00,7441,6
53,102,-141,92,8,29,-116,62,-2,47,-5,15,-2,17,376894,7,33035,44,0,00,7435,4
53,152,-142,04,8,03,-116,73,-2,47,-5,07,-2,17,376826,8,33029,26,0,00,7429,3
53,202,-142,17,7,78,-116,84,-2,47,-4,99,-2,17,376758,8,33023,08,0,00,7423,1
53,252,-142,29,7,53,-116,95,-2,47,-4,91,-2,17,376690,8,33016,91,0,00,7416,9
53,302,-142,41,7,29,-117,06,-2,47,-4,83,-2,17,376624,4,33010,73,0,00,7410,7
53,352,-142,54,7,05,-117,17,-2,47,-4,75,-2,17,376554,5,33004,56,0,00,7404,6
53,402,-142,66,6,81,-117,27,-2,47,-4,67,-2,17,376484,5,32998,39,0,00,7398,4
53,452,-142,78,6,58,-117,38,-2,47,-4,59,-2,17,376414,4,32992,21,0,00,7392,2
53,502,-142,91,6,35,-117,49,-2,47,-4,51,-2,17,376345,9,32986,04,0,00,7386,0
53,552,-143,03,6,13,-117,60,-2,47,-4,43,-2,17,376277,3,32979,88,0,00,7379,9
53,602,-143,15,5,91,-117,71,-2,47,-4,29,-2,17,348475,0,32973,02,0,00,7373,0
53,652,-143,28,5,70,-117,82,-2,47,-4,14,-2,17,415498,6,32966,14,0,00,7366,1
53,702,-143,40,5,50,-117,92,-2,47,-4,00,-2,17,412990,5,32959,35,0,00,7359,3
53,752,-143,52,5,30,-118,03,-2,47,-3,87,-2,17,410376,2,32952,60,0,00,7352,6
53,802,-143,65,5,11,-118,14,-2,47,-3,74,-2,17,407825,7,32945,90,0,00,7345,9
53,852,-143,77,4,93,-118,25,-2,47,-3,61,-2,17,405335,9,32939,23,0,00,7339,2
53,902,-143,89,4,75,-118,36,-2,47,-3,49,-2,17,402905,5,32932,61,0,00,7332,6
53,952,-144,02,4,58,-118,47,-2,47,-3,37,-2,17,400534,1,32926,03,0,00,7326,0
54,002,-144,14,4,41,-118,57,-2,47,-3,25,-2,17,398219,7,32919,48,0,00,7319,5
54,052,-144,26,4,25,-118,68,-2,47,-3,14,-2,17,395961,0,32912,97,0,00,7313,0
54,102,-144,39,4,10,-118,79,-2,47,-3,03,-2,17,393757,9,32906,50,0,00,7306,5
54,152,-144,51,3,95,-118,90,-2,47,-2,92,-2,17,391607,4,32900,07,0,00,7300,1
54,202,-144,63,3,81,-119,01,-2,47,-2,82,-2,17,389508,7,32893,66,0,00,7293,7
54,252,-144,76,3,67,-119,12,-2,47,-2,72,-2,17,387460,7,32887,30,0,00,7287,3
54,302,-144,88,3,53,-119,23,-2,47,-2,62,-2,17,385462,4,32880,96,0,00,7281,0
54,352,-145,00,3,40,-119,33,-2,47,-2,53,-2,17,383513,8,32874,66,0,00,7274,7
54,402,-145,13,3,28,-119,44,-2,47,-2,44,-2,17,381611,6,32868,39,0,00,7268,4
54,452,-145,25,3,16,-119,55,-2,47,-2,35,-2,17,379755,6,32862,15,0,00,7262,2
54,502,-145,37,3,05,-119,66,-2,47,-2,26,-2,17,377944,3,32855,94,0,00,7255,9
54,552,-145,50,2,93,-119,77,-2,47,-2,18,-2,17,376178,5,32849,76,0,00,7249,8
54,602,-145,62,2,83,-119,88,-2,47,-2,10,-2,17,374455,1,32843,61,0,00,7243,6
54,652,-145,74,2,72,-119,99,-2,47,-2,02,-2,17,372774,2,32837,48,0,00,7237,5
54,702,-145,87,2,63,-120,09,-2,47,-1,94,-2,17,371133,8,32831,39,0,00,7231,4
54,752,-145,99,2,53,-120,20,-2,47,-1,87,-2,17,369533,7,32825,32,0,02,7225,3
54,803,-146,11,2,44,-120,31,-2,47,-1,80,-2,17,367973,3,32819,28,0,00,7219,3
54,853,-146,24,2,35,-120,42,-2,47,-1,73,-2,17,366451,1,32813,26,0,00,7213,3
54,903,-146,36,2,27,-120,53,-2,47,-1,66,-2,17,364966,2,32807,27,0,00,7207,3
54,953,-146,48,2,18,-120,64,-2,47,-1,60,-2,17,363517,8,32801,29,0,00,7201,3
55,003,-146,61,2,11,-120,75,-2,47,-1,54,-2,17,362105,1,32795,35,0,00,7195,3
55,053,-146,73,2,03,-120,85,-2,47,-1,47,-2,17,360727,6,32789,42,0,00,7189,4
55,103,-146,85,1,96,-120,96,-2,47,-1,42,-2,17,359383,5,32783,52,0,00,7183,5
55,153,-146,98,1,89,-121,07,-2,47,-1,36,-2,17,358073,0,32777,64,0,00,7177,6
55,203,-147,10,1,82,-121,18,-2,47,-1,30,-2,17,356794,5,32771,78,0,00,7171,8
55,253,-147,22,1,76,-121,29,-2,47,-1,25,-2,17,355548,1,32765,95,0,00,7165,9
55,303,-147,34,1,70,-121,40,-2,47,-1,20,-2,17,354333,0,32760,13,0,00,7160,1
55,353,-147,47,1,64,-121,51,-2,47,-1,15,-2,17,353147,6,32754,33,0,00,7154,3
55,403,-147,59,1,58,-121,62,-2,47,-1,10,-2,17,351991,8,32748,55,0,00,7148,5
55,453,-147,71,1,53,-121,72,-2,47,-1,06,-2,17,350864,9,32742,79,0,00,7142,8
55,503,-147,84,1,48,-121,83,-2,47,-1,01,-2,17,349765,9,32737,05,0,00,7137,0
55,553,-147,96,1,43,-121,94,-2,47,-0,97,-2,17,348694,3,32731,32,0,00,7131,3
55,603,-148,08,1,38,-122,05,-2,46,-0,93,-2,17,347649,7,32725,62,0,00,7125,6
55,653,-148,21,1,33,-122,16,-2,46,-0,89,-2,17,346631,1,32719,93,0,00,7119,9
55,703,-148,33,1,29,-122,27,-2,46,-0,85,-2,17,345638,3,32714,25,0,00,7114,3
55,753,-148,45,1,25,-122,38,-2,46,-0,81,-2,17,344670,0,32708,59,0,00,7108,6
55,803,-148,58,1,21,-122,49,-2,46,-0,78,-2,17,343726,2,32702,95,0,00,7103,0
55,853,-148,70,1,17,-122,59,-2,46,-0,74,-2,18,342806,3,32697,32,0,00,7097,3
55,903,-148,82,1,14,-122,70,-2,46,-0,71,-2,18,341909,3,32691,71,0,00,7091,7
55,953,-148,95,1,10,-122,81,-2,46,-0,68,-2,18,341035,2,32686,12,0,00,7086,1
56,003,-149,07,1,07,-122,92,-2,46,-0,65,-2,18,340183,3,32680,53,0,00,7080,5
56,053,-149,19,1,04,-123,03,-2,46,-0,62,-2,18,339352,7,32674,96,0,00,7075,0
56,103,-149,32,1,01,-123,14,-2,46,-0,59,-2,18,338543,1,32669,41,0,00,7069,4
56,118,-149,35,1,00,-123,17,-2,46,-0,58,-2,18,338304,3,32667,74,0,00,7067,7
56,123,-149,37,0,99,-123,18,-2,46,-0,58,-2,18,338225,0,32667,19,0,00,7067,2
56,128,-149,38,0,99,-123,19,-2,46,-0,57,-2,18,338146,1,32666,63,0,00,7066,6
56,133,-149,39,0,99,-123,20,-2,46,-0,57,-2,18,338067,3,32666,08,0,00,7066,1
56,138,-149,40,0,99,-123,21,-2,46,-0,57,-2,18,337988,8,32665,53,0,00,7065,5
56,143,-149,42,0,98,-123,22,-2,46,-0,57,-2,18,337910,3,32664,97,0,00,7065,0
56,148,-149,43,0,98,-123,24,-2,46,-0,56,-2,18,337832,2,32664,42,0,00,7064,4
56,153,-149,44,0,98,-123,25,-2,46,-0,56,-2,18,337754,2,32663,86,0,00,7063,9
56,158,-149,45,0,97,-123,26,-2,46,-0,56,-2,18,337676,3,32663,31,0,00,7063,3
56,163,-149,47,0,97,-123,27,-2,46,-0,56,-2,18,337598,8,32662,76,0,00,7062,8
56,168,-149,48,0,97,-123,28,-2,46,-0,55,-2,18,337521,3,32662,20,0,00,7062,2
56,173,-149,49,0,97,-123,29,-2,46,-0,55,-2,18,337444,3,32661,65,0,00,7061,7
56,178,-149,50,0,96,-123,30,-2,46,-0,55,-2,18,337367,2,32661,10,0,00,7061,1
56,183,-149,51,0,96,-123,31,-2,46,-0,54,-2,18,337290,4,32660,54,0,00,7060,5
56,188,-149,53,0,96,-123,32,-2,46,-0,54,-2,18,337213,8,32659,99,0,00,7060,0
56,193,-149,54,0,96,-123,33,-2,46,-0,54,-2,18,337137,4,32659,44,0,00,7059,4
56,198,-149,55,0,95,-123,34,-2,46,-0,54,-2,18,337061,3,32658,89,0,00,7058,9
56,203,-149,56,0,95,-123,36,-2,46,-0,53,-2,18,336985,0,32658,33,0,00,7058,3
56,208,-149,58,0,95,-123,37,-2,46,-0,53,-2,18,336909,5,32657,78,0,00,7057,8
56,213,-149,59,0,94,-123,38,-2,46,-0,53,-2,18,336833,7,32657,23,0,00,7057,2
56,218,-149,60,0,94,-123,39,-2,46,-0,53,-2,18,336758,4,32656,68,0,00,7056,7
56,223,-149,61,0,94,-123,40,-2,46,-0,52,-2,18,336683,1,32656,13,0,00,7056,1
56,228,-149,63,0,94,-123,41,-2,46,-0,52,-2,18,336608,1,32655,57,0,00,7055,6
56,233,-149,64,0,93,-123,42,-2,46,-0,52,-2,18,336533,3,32655,02,0,00,7055,0
56,238,-149,65,0,93,-123,43,-2,46,-0,52,-2,18,336458,7,32654,47,0,00,7054,5
56,243,-149,66,0,93,-123,44,-2,46,-0,51,-2,18,336384,2,32653,92,0,00,7053,9
56,248,-149,68,0,93,-123,45,-2,46,-0,51,-2,18,336310,0,32653,37,0,00,7053,4
56,253,-149,69,0,92,-123,46,-2,46,-0,51,-2,18,336235,8,32652,82,0,00,7052,8
56,258,-149,70,0,92,-123,48,-2,46,-0,51,-2,18,336162,0,32652,27,0,00,7052,3
56,263,-149,71,0,92,-123,49,-2,46,-0,50,-2,18,336088,2,32651,71,0,00,7051,7
56,268,-149,72,0,92,-123,50,-2,46,-0,50,-2,18,336014,8,32651,16,0,00,7051,2
56,273,-149,74,0,91,-123,51,-2,46,-0,50,-2,18,335941,4,32650,61,0,00,7050,6
56,278,-149,75,0,91,-123,52,-2,46,-0,50,-2,18,335868,5,32650,06,0,00,7050,1
56,283,-149,76,0,91,-123,53,-2,46,-0,50,-2,18,335795,3,32649,51,0,00,7049,5
56,288,-149,77,0,91,-123,54,-2,46,-0,49,-2,18,335722,8,32648,96,0,00,7049,0
56,293,-149,79,0,90,-123,55,-2,46,-0,49,-2,18,335650,1,32648,41,0,00,7048,4
56,298,-149,80,0,90,-123,56,-2,46,-0,49,-2,18,335577,8,32647,86,0,00,7047,9
56,303,-149,81,0,90,-123,57,-2,46,-0,49,-2,18,335505,3,32647,31,0,00,7047,3
56,308,-149,82,0,90,-123,58,-2,46,-0,48,-2,18,335433,9,32646,76,0,00,7046,8
56,313,-149,84,0,89,-123,59,-2,46,-0,48,-2,18,335361,5,32646,21,0,00,7046,2
56,318,-149,85,0,89,-123,61,-2,46,-0,48,-2,18,335289,9,32645,66,0,00,7045,7
56,323,-149,86,0,89,-123,62,-2,46,-0,48,-2,18,335219,0,32645,11,0,00,7045,1
56,328,-149,87,0,89,-123,63,-2,46,-0,47,-2,18,335147,5,32644,56,0,00,7044,6
56,333,-149,88,0,88,-123,64,-2,46,-0,47,-2,18,335075,8,32644,01,0,00,7044,0
56,338,-149,90,0,88,-123,65,-2,46,-0,47,-2,18,335005,7,32643,46,0,00,7043,5
56,343,-149,91,0,88,-123,66,-2,46,-0,47,-2,18,334934,6,32642,91,0,00,7042,9
56,348,-149,92,0,88,-123,67,-2,46,-0,47,-2,18,334864,3,32642,37,0,00,7042,4
56,353,-149,93,0,88,-123,68,-2,46,-0,46,-2,18,334793,8,32641,82,0,00,7041,8
56,358,-149,95,0,87,-123,69,-2,46,-0,46,-2,18,334723,9,32641,27,0,00,7041,3
56,363,-149,96,0,87,-123,70,-2,46,-0,46,-2,18,334653,5,32640,72,0,00,7040,7
56,368,-149,97,0,87,-123,71,-2,46,-0,46,-2,18,334583,8,32640,17,0,00,7040,2
56,373,-149,98,0,87,-123,73,-2,46,-0,45,-2,18,334514,0,32639,62,0,00,7039,6
56,378,-150,00,0,86,-123,74,-2,46,-0,45,-2,18,334445,3,32639,07,0,00,7039,1
56,383,-150,01,0,86,-123,75,-2,46,-0,45,-2,18,334375,2,32638,53,0,00,7038,5
56,388,-150,02,0,86,-123,76,-2,46,-0,45,-2,18,334306,6,32637,98,0,00,7038,0
56,393,-150,03,0,86,-123,77,-2,46,-0,45,-2,18,334237,5,32637,43,0,00,7037,4
56,398,-150,05,0,85,-123,78,-2,46,-0,44,-2,18,334169,0,32636,88,0,00,7036,9
56,403,-150,06,0,85,-123,79,-2,46,-0,44,-2,18,334100,4,32636,34,0,00,7036,3
56,408,-150,07,0,85,-123,80,-2,46,-0,44,-2,18,334031,7,32635,79,0,00,7035,8
56,413,-150,08,0,85,-123,81,-2,46,-0,44,-2,18,333964,0,32635,24,0,00,7035,2
56,418,-150,09,0,85,-123,82,-2,46,-0,43,-2,18,333895,3,32634,69,0,00,7034,7
56,423,-150,11,0,84,-123,83,-2,46,-0,43,-2,18,333828,3,32634,14,0,00,7034,1
56,428,-150,12,0,84,-123,85,-2,46,-0,43,-2,18,333759,7,32633,60,0,00,7033,6
56,433,-150,13,0,84,-123,86,-2,46,-0,43,-2,18,333693,2,32633,05,0,00,7033,1
56,438,-150,14,0,84,-123,87,-2,46,-0,43,-2,18,333625,2,32632,50,0,00,7032,5
56,443,-150,16,0,84,-123,88,-2,46,-0,42,-2,18,333558,3,32631,96,0,00,7032,0
56,448,-150,17,0,83,-123,89,-2,46,-0,42,-2,18,333491,3,32631,41,0,00,7031,4
56,453,-150,18,0,83,-123,90,-2,46,-0,42,-2,18,333424,5,32630,86,0,00,7030,9
56,458,-150,19,0,83,-123,91,-2,46,-0,42,-2,18,333357,6,32630,32,0,00,7030,3
56,463,-150,21,0,83,-123,92,-2,46,-0,42,-2,18,333291,8,32629,77,0,00,7029,8
56,468,-150,22,0,82,-123,93,-2,46,-0,41,-2,18,333225,0,32629,22,0,00,7029,2
56,473,-150,23,0,82,-123,94,-2,46,-0,41,-2,18,333158,9,32628,68,0,00,7028,7
56,478,-150,24,0,82,-123,95,-2,46,-0,41,-2,18,333093,4,32628,13,0,00,7028,1
56,483,-150,25,0,82,-123,96,-2,46,-0,41,-2,18,333027,0,32627,59,0,00,7027,6
56,488,-150,27,0,82,-123,98,-2,46,-0,41,-2,18,332962,1,32627,04,0,00,7027,0
56,493,-150,28,0,81,-123,99,-2,46,-0,40,-2,18,332896,2,32626,49,0,00,7026,5
56,498,-150,29,0,81,-124,00,-2,46,-0,40,-2,18,332830,9,32625,95,0,00,7025,9
56,503,-150,30,0,81,-124,01,-2,46,-0,40,-2,18,332766,4,32625,40,0,00,7025,4
56,508,-150,32,0,81,-124,02,-2,46,-0,40,-2,18,332700,8,32624,86,0,00,7024,9
56,513,-150,33,0,81,-124,03,-2,46,-0,40,-2,18,332636,3,32624,31,0,00,7024,3
56,518,-150,34,0,80,-124,04,-2,46,-0,39,-2,18,332572,1,32623,77,0,00,7023,8
56,523,-150,35,0,80,-124,05,-2,46,-0,39,-2,18,332506,9,32623,22,0,00,7023,2
56,528,-150,37,0,80,-124,06,-2,46,-0,39,-2,18,332443,2,32622,68,0,00,7022,7
56,533,-150,38,0,80,-124,07,-2,46,-0,39,-2,18,332378,9,32622,13,0,00,7022,1
56,538,-150,39,0,80,-124,08,-2,46,-0,39,-2,18,332315,3,32621,59,0,00,7021,6
56,543,-150,40,0,79,-124,10,-2,46,-0,38,-2,18,332251,2,32621,04,0,00,7021,0
56,548,-150,41,0,79,-124,11,-2,46,-0,38,-2,18,332188,1,32620,50,0,00,7020,5
56,553,-150,43,0,79,-124,12,-2,46,-0,38,-2,18,332123,9,32619,95,0,00,7020,0
56,558,-150,44,0,79,-124,13,-2,46,-0,38,-2,18,332061,8,32619,41,0,00,7019,4
56,563,-150,45,0,79,-124,14,-2,46,-0,38,-2,18,331997,3,32618,87,0,00,7018,9
56,568,-150,46,0,79,-124,15,-2,46,-0,38,-2,18,331935,7,32618,32,0,00,7018,3
56,573,-150,48,0,78,-124,16,-2,46,-0,37,-2,18,331871,7,32617,78,0,00,7017,8
56,578,-150,49,0,78,-124,17,-2,46,-0,37,-2,18,331810,6,32617,23,0,00,7017,2
56,583,-150,50,0,78,-124,18,-2,46,-0,37,-2,18,331746,7,32616,69,0,00,7016,7
56,588,-150,51,0,78,-124,19,-2,46,-0,37,-2,18,331685,6,32616,14,0,00,7016,1
56,593,-150,53,0,78,-124,20,-2,46,-0,37,-2,18,331622,2,32615,60,0,00,7015,6
56,598,-150,54,0,77,-124,22,-2,46,-0,36,-2,18,331561,7,32615,06,0,00,7015,1
56,603,-150,55,0,77,-124,23,-2,46,-0,36,-2,18,331498,8,32614,52,0,00,7014,5
56,608,-150,56,0,77,-124,24,-2,46,-0,36,-2,18,331437,8,32613,97,0,00,7014,0
56,613,-150,58,0,77,-124,25,-2,46,-0,36,-2,18,331376,3,32613,43,0,00,7013,4
56,618,-150,59,0,77,-124,26,-2,46,-0,36,-2,18,331314,6,32612,88,0,00,7012,9
56,623,-150,60,0,77,-124,27,-2,46,-0,36,-2,18,331253,5,32612,34,0,00,7012,3
56,628,-150,61,0,76,-124,28,-2,46,-0,35,-2,18,331192,8,32611,80,0,00,7011,8
56,633,-150,62,0,76,-124,29,-2,46,-0,35,-2,18,331132,2,32611,26,0,00,7011,3
56,638,-150,64,0,76,-124,30,-2,46,-0,35,-2,18,331070,6,32610,71,0,00,7010,7
56,643,-150,65,0,76,-124,31,-2,46,-0,35,-2,18,331011,4,32610,17,0,00,7010,2
56,648,-150,66,0,76,-124,32,-2,46,-0,35,-2,18,330949,8,32609,63,0,00,7009,6
56,653,-150,67,0,75,-124,33,-2,46,-0,34,-2,18,330890,3,32609,09,0,00,7009,1
56,658,-150,69,0,75,-124,35,-2,46,-0,34,-2,18,330830,1,32608,54,0,00,7008,5
56,663,-150,70,0,75,-124,36,-2,46,-0,34,-2,18,330770,1,32608,00,0,00,7008,0
56,668,-150,71,0,75,-124,37,-2,46,-0,34,-2,18,330710,4,32607,46,0,00,7007,5
56,673,-150,72,0,75,-124,38,-2,46,-0,34,-2,18,330650,9,32606,92,0,00,7006,9
56,678,-150,74,0,75,-124,39,-2,46,-0,34,-2,18,330591,7,32606,38,0,00,7006,4
56,683,-150,75,0,74,-124,40,-2,46,-0,33,-2,18,330532,3,32605,83,0,00,7005,8
56,688,-150,76,0,74,-124,41,-2,46,-0,33,-2,18,330473,1,32605,29,0,00,7005,3
56,693,-150,77,0,74,-124,42,-2,46,-0,33,-2,18,330414,1,32604,75,0,00,7004,8
56,698,-150,78,0,74,-124,43,-2,46,-0,33,-2,18,330355,4,32604,21,0,00,7004,2
56,703,-150,80,0,74,-124,44,-2,46,-0,33,-2,18,330296,5,32603,67,0,00,7003,7
56,708,-150,81,0,74,-124,45,-2,46,-0,33,-2,18,330238,7,32603,13,0,00,7003,1
56,713,-150,82,0,73,-124,47,-2,46,-0,33,-2,18,330179,4,32602,58,0,00,7002,6
56,718,-150,83,0,73,-124,48,-2,46,-0,32,-2,18,330122,1,32602,04,0,00,7002,0
56,723,-150,85,0,73,-124,49,-2,46,-0,32,-2,18,330063,2,32601,50,0,00,7001,5
56,728,-150,86,0,73,-124,50,-2,46,-0,32,-2,18,330006,4,32600,96,0,00,7001,0
56,733,-150,87,0,73,-124,51,-2,46,-0,32,-2,18,329947,6,32600,42,0,00,7000,4
56,738,-150,88,0,73,-124,52,-2,46,-0,32,-2,18,329890,8,32599,88,0,00,6999,9
56,743,-150,90,0,73,-124,53,-2,46,-0,32,-2,18,329832,8,32599,34,0,00,6999,3
56,748,-150,91,0,72,-124,54,-2,46,-0,31,-2,18,329775,6,32598,80,0,00,6998,8
56,753,-150,92,0,72,-124,55,-2,46,-0,31,-2,18,329718,6,32598,26,0,00,6998,3
56,758,-150,93,0,72,-124,56,-2,46,-0,31,-2,18,329661,8,32597,72,0,00,6997,7
56,763,-150,94,0,72,-124,57,-2,46,-0,31,-2,18,329604,5,32597,18,0,00,6997,2
56,768,-150,96,0,72,-124,59,-2,46,-0,31,-2,18,329548,1,32596,64,0,00,6996,6
56,773,-150,97,0,72,-124,60,-2,46,-0,31,-2,18,329491,7,32596,10,0,00,6996,1
56,778,-150,98,0,71,-124,61,-2,46,-0,31,-2,18,329435,3,32595,55,0,00,6995,6
56,783,-150,99,0,71,-124,62,-2,46,-0,30,-2,18,329378,9,32595,02,0,00,6995,0
56,788,-151,01,0,71,-124,63,-2,46,-0,30,-2,18,329322,6,32594,48,0,00,6994,5
56,793,-151,02,0,71,-124,64,-2,46,-0,30,-2,18,329267,0,32593,94,0,00,6993,9
56,798,-151,03,0,71,-124,65,-2,46,-0,30,-2,18,329211,2,32593,40,0,00,6993,4
56,803,-151,04,0,71,-124,66,-2,46,-0,30,-2,18,329155,2,32592,86,0,00,6992,9
56,808,-151,06,0,71,-124,67,-2,46,-0,30,-2,18,329099,8,32592,32,0,00,6992,3
56,813,-151,07,0,70,-124,68,-2,46,-0,29,-2,18,329044,3,32591,78,0,00,6991,8
56,818,-151,08,0,70,-124,69,-2,46,-0,29,-2,18,328989,4,32591,24,0,00,6991,2
56,823,-151,09,0,70,-124,71,-2,46,-0,29,-2,18,328934,3,32590,70,0,00,6990,7
56,828,-151,10,0,70,-124,72,-2,46,-0,29,-2,18,328879,4,32590,16,0,00,6990,2
56,833,-151,12,0,70,-124,73,-2,46,-0,29,-2,18,328824,3,32589,62,0,00,6989,6
56,838,-151,13,0,70,-124,74,-2,46,-0,29,-2,18,328769,8,32589,08,0,00,6989,1
56,843,-151,14,0,70,-124,75,-2,46,-0,29,-2,18,328715,6,32588,54,0,00,6988,5
56,848,-151,15,0,69,-124,76,-2,46,-0,28,-2,18,328660,7,32588,00,0,00,6988,0
56,853,-151,17,0,69,-124,77,-2,46,-0,28,-2,18,328606,9,32587,46,0,00,6987,5
56,858,-151,18,0,69,-124,78,-2,46,-0,28,-2,18,328552,5,32586,93,0,00,6986,9
56,863,-151,19,0,69,-124,79,-2,46,-0,28,-2,18,328498,7,32586,39,0,00,6986,4
56,868,-151,20,0,69,-124,80,-2,46,-0,28,-2,18,328444,8,32585,85,0,00,6985,9
56,873,-151,22,0,69,-124,81,-2,46,-0,28,-2,18,328391,8,32585,31,0,00,6985,3
56,878,-151,23,0,69,-124,82,-2,46,-0,28,-2,18,328337,4,32584,77,0,00,6984,8
56,883,-151,24,0,68,-124,84,-2,46,-0,28,-2,18,328284,1,32584,23,0,00,6984,2
56,888,-151,25,0,68,-124,85,-2,46,-0,27,-2,18,328231,4,32583,70,0,00,6983,7
56,893,-151,27,0,68,-124,86,-2,46,-0,27,-2,18,328178,1,32583,16,0,00,6983,2
56,898,-151,28,0,68,-124,87,-2,46,-0,27,-2,18,328124,9,32582,62,0,00,6982,6
56,903,-151,29,0,68,-124,88,-2,46,-0,27,-2,18,328072,4,32582,08,0,00,6982,1
56,908,-151,30,0,68,-124,89,-2,46,-0,27,-2,18,328019,3,32581,54,0,00,6981,5
56,913,-151,31,0,68,-124,90,-2,46,-0,27,-2,18,327967,3,32581,01,0,00,6981,0
56,918,-151,33,0,67,-124,91,-2,46,-0,27,-2,18,327914,6,32580,47,0,00,6980,5
56,923,-151,34,0,67,-124,92,-2,46,-0,26,-2,18,327862,5,32579,93,0,00,6979,9
56,928,-151,35,0,67,-124,93,-2,46,-0,26,-2,18,327810,3,32579,39,0,00,6979,4
56,933,-151,36,0,67,-124,94,-2,46,-0,26,-2,18,327758,2,32578,86,0,00,6978,9
56,938,-151,38,0,67,-124,96,-2,46,-0,26,-2,18,327706,3,32578,32,0,00,6978,3
56,943,-151,39,0,67,-124,97,-2,46,-0,26,-2,18,327654,7,32577,78,0,00,6977,8
56,948,-151,40,0,67,-124,98,-2,46,-0,26,-2,18,327603,3,32577,25,0,00,6977,2
56,953,-151,41,0,67,-124,99,-2,46,-0,26,-2,18,327551,2,32576,71,0,00,6976,7
56,958,-151,43,0,66,-125,00,-2,46,-0,26,-2,18,327500,6,32576,17,0,00,6976,2
56,963,-151,44,0,66,-125,01,-2,46,-0,25,-2,18,327448,9,32575,63,0,00,6975,6
56,968,-151,45,0,66,-125,02,-2,46,-0,25,-2,18,327398,3,32575,10,0,00,6975,1
56,973,-151,46,0,66,-125,03,-2,46,-0,25,-2,18,327347,1,32574,56,0,00,6974,6
56,978,-151,47,0,66,-125,04,-2,46,-0,25,-2,18,327296,5,32574,03,0,00,6974,0
56,983,-151,49,0,66,-125,05,-2,46,-0,25,-2,18,327245,7,32573,49,0,00,6973,5
56,988,-151,50,0,66,-125,06,-2,46,-0,25,-2,18,327195,4,32572,95,0,00,6973,0
56,993,-151,51,0,66,-125,08,-2,46,-0,25,-2,18,327145,0,32572,42,0,00,6972,4
56,998,-151,52,0,65,-125,09,-2,46,-0,25,-2,18,327094,4,32571,88,0,00,6971,9
57,003,-151,54,0,65,-125,10,-2,46,-0,25,-2,18,327044,8,32571,34,0,00,6971,3
57,008,-151,55,0,65,-125,11,-2,46,-0,24,-2,18,326994,6,32570,81,0,00,6970,8
57,013,-151,56,0,65,-125,12,-2,46,-0,24,-2,18,326944,5,32570,27,0,00,6970,3
57,018,-151,57,0,65,-125,13,-2,46,-0,24,-2,18,326895,1,32569,73,0,00,6969,7
57,023,-151,59,0,65,-125,14,-2,46,-0,24,-2,18,326845,4,32569,20,0,00,6969,2
57,028,-151,60,0,65,-125,15,-2,46,-0,24,-2,18,326796,0,32568,66,0,00,6968,7
57,033,-151,61,0,65,-125,16,-2,46,-0,24,-2,18,326746,4,32568,13,0,00,6968,1
57,038,-151,62,0,64,-125,17,-2,46,-0,24,-2,18,326697,8,32567,59,0,00,6967,6
57,043,-151,63,0,64,-125,18,-2,46,-0,24,-2,18,326648,1,32567,06,0,00,6967,1
57,048,-151,65,0,64,-125,20,-2,46,-0,24,-2,18,326599,9,32566,52,0,00,6966,5
57,053,-151,66,0,64,-125,21,-2,46,-0,23,-2,18,326550,2,32565,99,0,00,6966,0
57,058,-151,67,0,64,-125,22,-2,46,-0,23,-2,18,326502,3,32565,45,0,00,6965,5
57,063,-151,68,0,64,-125,23,-2,46,-0,23,-2,18,326453,0,32564,92,0,00,6964,9
57,068,-151,70,0,64,-125,24,-2,46,-0,23,-2,18,326405,2,32564,38,0,00,6964,4
57,073,-151,71,0,64,-125,25,-2,46,-0,23,-2,18,326356,3,32563,85,0,00,6963,8
57,078,-151,72,0,63,-125,26,-2,46,-0,23,-2,18,326308,8,32563,31,0,00,6963,3
57,083,-151,73,0,63,-125,27,-2,46,-0,23,-2,18,326260,3,32562,78,0,00,6962,8
57,088,-151,75,0,63,-125,28,-2,46,-0,23,-2,18,326212,8,32562,24,0,00,6962,2
57,093,-151,76,0,63,-125,29,-2,46,-0,23,-2,18,326164,6,32561,71,0,00,6961,7
57,098,-151,77,0,63,-125,30,-2,46,-0,22,-2,18,326117,1,32561,17,0,00,6961,2
57,103,-151,78,0,63,-125,31,-2,46,-0,22,-2,18,326069,3,32560,64,0,00,6960,6
57,108,-151,79,0,63,-125,33,-2,46,-0,22,-2,18,326022,2,32560,10,0,00,6960,1
57,113,-151,81,0,63,-125,34,-2,46,-0,22,-2,18,325974,8,32559,57,0,00,6959,6
57,118,-151,82,0,63,-125,35,-2,46,-0,22,-2,18,325927,7,32559,04,0,00,6959,0
57,123,-151,83,0,62,-125,36,-2,46,-0,22,-2,18,325880,7,32558,50,0,00,6958,5
57,128,-151,84,0,62,-125,37,-2,46,-0,22,-2,18,325833,9,32557,96,0,00,6958,0
57,133,-151,86,0,62,-125,38,-2,46,-0,22,-2,18,325786,4,32557,43,0,00,6957,4
57,138,-151,87,0,62,-125,39,-2,46,-0,22,-2,18,325740,8,32556,90,0,00,6956,9
57,143,-151,88,0,62,-125,40,-2,46,-0,22,-2,18,325693,3,32556,36,0,00,6956,4
57,148,-151,89,0,62,-125,41,-2,46,-0,21,-2,18,325647,3,32555,83,0,00,6955,8
57,153,-151,91,0,62,-125,42,-2,46,-0,21,-2,18,325601,0,32555,30,0,00,6955,3
57,158,-151,92,0,62,-125,43,-2,46,-0,21,-2,18,325555,0,32554,76,0,00,6954,8
57,163,-151,93,0,62,-125,45,-2,46,-0,21,-2,18,325508,6,32554,23,0,00,6954,2
57,168,-151,94,0,62,-125,46,-2,46,-0,21,-2,18,325462,9,32553,70,0,00,6953,7
57,173,-151,95,0,61,-125,47,-2,46,-0,21,-2,18,325417,0,32553,16,0,00,6953,2
57,178,-151,97,0,61,-125,48,-2,46,-0,21,-2,18,325371,2,32552,63,0,00,6952,6
57,183,-151,98,0,61,-125,49,-2,46,-0,21,-2,18,325325,6,32552,09,0,00,6952,1
57,188,-151,99,0,61,-125,50,-2,46,-0,21,-2,18,325280,7,32551,56,0,00,6951,6
57,193,-152,00,0,61,-125,51,-2,46,-0,21,-2,18,325234,6,32551,03,0,00,6951,0
57,198,-152,02,0,61,-125,52,-2,46,-0,20,-2,18,325190,0,32550,50,0,00,6950,5
57,203,-152,03,0,61,-125,53,-2,46,-0,20,-2,18,325144,3,32549,96,0,00,6950,0
57,208,-152,04,0,61,-125,54,-2,46,-0,20,-2,18,325100,1,32549,43,0,00,6949,4
57,213,-152,05,0,61,-125,55,-2,46,-0,20,-2,18,325054,3,32548,90,0,00,6948,9
57,218,-152,07,0,60,-125,57,-2,46,-0,20,-2,18,325010,5,32548,36,0,00,6948,4
57,223,-152,08,0,60,-125,58,-2,46,-0,20,-2,18,324965,1,32547,83,0,00,6947,8
57,228,-152,09,0,60,-125,59,-2,46,-0,20,-2,18,324921,2,32547,30,0,00,6947,3
57,233,-152,10,0,60,-125,60,-2,46,-0,20,-2,18,324876,6,32546,77,0,00,6946,8
57,238,-152,11,0,60,-125,61,-2,46,-0,20,-2,18,324832,2,32546,23,0,00,6946,2
57,243,-152,13,0,60,-125,62,-2,46,-0,20,-2,18,324788,3,32545,70,0,00,6945,7
57,248,-152,14,0,60,-125,63,-2,46,-0,20,-2,18,324744,3,32545,17,0,00,6945,2
57,253,-152,15,0,60,-125,64,-2,46,-0,20,-2,18,324700,0,32544,64,0,00,6944,6
57,258,-152,16,0,60,-125,65,-2,46,-0,19,-2,18,324656,8,32544,10,0,00,6944,1
57,263,-152,18,0,60,-125,66,-2,46,-0,19,-2,18,324612,3,32543,57,0,00,6943,6
57,268,-152,19,0,60,-125,67,-2,46,-0,19,-2,18,324569,4,32543,04,0,00,6943,0
57,273,-152,20,0,59,-125,69,-2,46,-0,19,-2,18,324525,4,32542,51,0,00,6942,5
57,278,-152,21,0,59,-125,70,-2,46,-0,19,-2,18,324482,9,32541,97,0,00,6942,0
57,283,-152,23,0,59,-125,71,-2,46,-0,19,-2,18,324438,8,32541,44,0,00,6941,4
57,288,-152,24,0,59,-125,72,-2,46,-0,19,-2,18,324396,2,32540,91,0,00,6940,9
57,293,-152,25,0,59,-125,73,-2,46,-0,19,-2,18,324353,3,32540,38,0,00,6940,4
57,298,-152,26,0,59,-125,74,-2,46,-0,19,-2,18,324309,7,32539,85,0,00,6939,8
57,303,-152,27,0,59,-125,75,-2,46,-0,19,-2,18,324267,6,32539,32,0,00,6939,3
57,308,-152,29,0,59,-125,76,-2,46,-0,19,-2,18,324224,8,32538,79,0,00,6938,8
57,313,-152,30,0,59,-125,77,-2,46,-0,19,-2,18,324182,3,32538,25,0,00,6938,3
57,318,-152,31,0,59,-125,78,-2,46,-0,18,-2,18,324139,8,32537,72,0,00,6937,7
57,323,-152,32,0,58,-125,79,-2,46,-0,18,-2,18,324097,6,32537,19,0,00,6937,2
57,328,-152,34,0,58,-125,81,-2,46,-0,18,-2,18,324055,5,32536,66,0,00,6936,7
57,333,-152,35,0,58,-125,82,-2,46,-0,18,-2,18,324012,7,32536,13,0,00,6936,1
57,338,-152,36,0,58,-125,83,-2,46,-0,18,-2,18,323971,8,32535,60,0,00,6935,6
57,343,-152,37,0,58,-125,84,-2,46,-0,18,-2,18,323929,0,32535,07,0,00,6935,1
57,348,-152,39,0,58,-125,85,-2,46,-0,18,-2,18,323888,0,32534,54,0,00,6934,5
57,353,-152,40,0,58,-125,86,-2,46,-0,18,-2,18,323845,5,32534,00,0,00,6934,0
57,358,-152,41,0,58,-125,87,-2,46,-0,18,-2,18,323804,8,32533,47,0,00,6933,5
57,363,-152,42,0,58,-125,88,-2,46,-0,18,-2,18,323762,7,32532,94,0,00,6932,9
57,368,-152,43,0,58,-125,89,-2,46,-0,18,-2,18,323722,0,32532,41,0,00,6932,4
57,373,-152,45,0,58,-125,90,-2,46,-0,18,-2,18,323680,6,32531,88,0,00,6931,9
57,378,-152,46,0,57,-125,91,-2,46,-0,18,-2,18,323639,3,32531,35,0,00,6931,4
57,383,-152,47,0,57,-125,92,-2,46,-0,17,-2,18,323598,3,32530,82,0,00,6930,8
57,388,-152,48,0,57,-125,94,-2,46,-0,17,-2,18,323557,8,32530,29,0,00,6930,3
57,393,-152,50,0,57,-125,95,-2,46,-0,17,-2,18,323516,6,32529,76,0,00,6929,8
57,398,-152,51,0,57,-125,96,-2,46,-0,17,-2,18,323476,1,32529,23,0,00,6929,2
57,403,-152,52,0,57,-125,97,-2,46,-0,17,-2,18,323435,7,32528,70,0,00,6928,7
57,408,-152,53,0,57,-125,98,-2,46,-0,17,-2,18,323395,0,32528,17,0,00,6928,2
57,413,-152,55,0,57,-125,99,-2,46,-0,17,-2,18,323355,0,32527,64,0,00,6927,6
57,418,-152,56,0,57,-126,00,-2,46,-0,17,-2,18,323314,3,32527,11,0,00,6927,1
57,423,-152,57,0,57,-126,01,-2,46,-0,17,-2,18,323274,5,32526,58,0,00,6926,6
57,428,-152,58,0,57,-126,02,-2,46,-0,17,-2,18,323234,5,32526,05,0,00,6926,0
57,433,-152,59,0,57,-126,03,-2,46,-0,17,-2,18,323194,7,32525,52,0,00,6925,5
57,438,-152,61,0,56,-126,04,-2,46,-0,17,-2,18,323154,6,32524,99,0,00,6925,0
57,443,-152,62,0,56,-126,06,-2,46,-0,17,-2,18,323115,1,32524,46,0,00,6924,5
57,448,-152,63,0,56,-126,07,-2,46,-0,17,-2,18,323075,3,32523,93,0,00,6923,9
57,453,-152,64,0,56,-126,08,-2,46,-0,17,-2,18,323036,2,32523,40,0,00,6923,4
57,458,-152,66,0,56,-126,09,-2,46,-0,17,-2,18,322996,3,32522,87,0,00,6922,9
57,463,-152,67,0,56,-126,10,-2,46,-0,16,-2,18,322957,4,32522,34,0,00,6922,3
57,468,-152,68,0,56,-126,11,-2,46,-0,16,-2,18,322918,3,32521,81,0,00,6921,8
57,473,-152,69,0,56,-126,12,-2,46,-0,16,-2,18,322878,9,32521,28,0,00,6921,3
57,478,-152,71,0,56,-126,13,-2,46,-0,16,-2,18,322840,1,32520,75,0,00,6920,8
57,483,-152,72,0,56,-126,14,-2,46,-0,16,-2,18,322801,5,32520,22,0,00,6920,2
57,488,-152,73,0,56,-126,15,-2,46,-0,16,-2,18,322762,1,32519,70,0,00,6919,7
57,493,-152,74,0,56,-126,16,-2,46,-0,16,-2,18,322724,3,32519,17,0,00,6919,2
57,498,-152,75,0,55,-126,18,-2,46,-0,16,-2,18,322684,8,32518,64,0,00,6918,6
57,503,-152,77,0,55,-126,19,-2,46,-0,16,-2,18,322647,2,32518,11,0,00,6918,1
57,508,-152,78,0,55,-126,20,-2,46,-0,16,-2,18,322608,1,32517,58,0,00,6917,6
57,513,-152,79,0,55,-126,21,-2,46,-0,16,-2,18,322570,8,32517,05,0,00,6917,1
57,518,-152,80,0,55,-126,22,-2,46,-0,16,-2,18,322531,6,32516,52,0,00,6916,5
57,523,-152,82,0,55,-126,23,-2,46,-0,16,-2,18,322494,2,32515,99,0,00,6916,0
57,528,-152,83,0,55,-126,24,-2,46,-0,16,-2,18,322456,2,32515,46,0,00,6915,5
57,533,-152,84,0,55,-126,25,-2,46,-0,16,-2,18,322418,3,32514,94,0,00,6914,9
57,538,-152,85,0,55,-126,26,-2,46,-0,16,-2,18,322380,5,32514,41,0,00,6914,4
57,543,-152,87,0,55,-126,27,-2,46,-0,16,-2,18,322342,9,32513,88,0,00,6913,9
57,548,-152,88,0,55,-126,28,-2,46,-0,15,-2,18,322305,4,32513,35,0,00,6913,4
57,553,-152,89,0,55,-126,30,-2,46,-0,15,-2,18,322268,1,32512,82,0,00,6912,8
57,558,-152,90,0,55,-126,31,-2,46,-0,15,-2,18,322230,1,32512,29,0,00,6912,3
57,563,-152,92,0,54,-126,32,-2,46,-0,15,-2,18,322193,6,32511,77,0,00,6911,8
57,568,-152,93,0,54,-126,33,-2,46,-0,15,-2,18,322156,3,32511,24,0,00,6911,2
57,573,-152,94,0,54,-126,34,-2,46,-0,15,-2,18,322119,2,32510,71,0,00,6910,7
57,578,-152,95,0,54,-126,35,-2,46,-0,15,-2,18,322082,3,32510,18,0,00,6910,2
57,583,-152,96,0,54,-126,36,-2,46,-0,15,-2,18,322045,4,32509,65,0,00,6909,7
57,588,-152,98,0,54,-126,37,-2,46,-0,15,-2,18,322008,3,32509,13,0,00,6909,1
57,593,-152,99,0,54,-126,38,-2,46,-0,15,-2,18,321972,3,32508,60,0,00,6908,6
57,598,-153,00,0,54,-126,39,-2,46,-0,15,-2,18,321935,5,32508,07,0,00,6908,1
57,603,-153,01,0,54,-126,40,-2,46,-0,15,-2,18,321898,9,32507,54,0,00,6907,5
57,608,-153,03,0,54,-126,42,-2,46,-0,15,-2,18,321862,4,32507,01,0,00,6907,0
57,613,-153,04,0,54,-126,43,-2,46,-0,15,-2,18,321826,9,32506,49,0,00,6906,5
57,618,-153,05,0,54,-126,44,-2,46,-0,15,-2,18,321789,9,32505,96,0,00,6906,0
57,623,-153,06,0,54,-126,45,-2,46,-0,15,-2,18,321754,3,32505,43,0,00,6905,4
57,628,-153,08,0,53,-126,46,-2,46,-0,15,-2,18,321718,0,32504,90,0,00,6904,9
57,633,-153,09,0,53,-126,47,-2,46,-0,15,-2,18,321682,7,32504,38,0,00,6904,4
57,638,-153,10,0,53,-126,48,-2,46,-0,15,-2,18,321646,3,32503,85,0,00,6903,8
57,643,-153,11,0,53,-126,49,-2,46,-0,15,-2,18,321611,3,32503,32,0,00,6903,3
57,648,-153,12,0,53,-126,50,-2,46,-0,15,-2,18,321574,7,32502,79,0,00,6902,8
57,653,-153,14,0,53,-126,51,-2,46,-0,14,-2,18,321540,4,32502,27,0,00,6902,3
57,658,-153,15,0,53,-126,52,-2,46,-0,14,-2,18,321504,1,32501,74,0,00,6901,7
57,663,-153,16,0,53,-126,54,-2,46,-0,14,-2,18,321469,3,32501,21,0,00,6901,2
57,668,-153,17,0,53,-126,55,-2,46,-0,14,-2,18,321434,2,32500,69,0,00,6900,7
57,673,-153,19,0,53,-126,56,-2,46,-0,14,-2,18,321398,8,32500,16,0,00,6900,2
57,678,-153,20,0,53,-126,57,-2,46,-0,14,-2,18,321363,5,32499,63,0,00,6899,6
57,683,-153,21,0,53,-126,58,-2,46,-0,14,-2,18,321329,2,32499,11,0,00,6899,1
57,688,-153,22,0,53,-126,59,-2,46,-0,14,-2,18,321294,3,32498,58,0,00,6898,6
57,693,-153,24,0,53,-126,60,-2,46,-0,14,-2,18,321259,0,32498,05,0,00,6898,1
57,698,-153,25,0,52,-126,61,-2,46,-0,14,-2,18,321225,2,32497,53,0,00,6897,5
57,703,-153,26,0,52,-126,62,-2,46,-0,14,-2,18,321189,8,32497,00,0,00,6897,0
57,708,-153,27,0,52,-126,63,-2,46,-0,14,-2,18,321155,8,32496,47,0,00,6896,5
57,713,-153,28,0,52,-126,64,-2,46,-0,14,-2,18,321121,5,32495,95,0,00,6895,9
57,718,-153,30,0,52,-126,65,-2,46,-0,14,-2,18,321086,9,32495,42,0,00,6895,4
57,723,-153,31,0,52,-126,67,-2,46,-0,14,-2,18,321053,0,32494,89,0,00,6894,9
57,728,-153,32,0,52,-126,68,-2,46,-0,14,-2,18,321018,7,32494,37,0,00,6894,4
57,733,-153,33,0,52,-126,69,-2,46,-0,14,-2,18,320984,6,32493,84,0,00,6893,8
57,738,-153,35,0,52,-126,70,-2,46,-0,14,-2,18,320951,0,32493,31,0,00,6893,3
57,743,-153,36,0,52,-126,71,-2,46,-0,14,-2,18,320917,2,32492,79,0,00,6892,8
57,748,-153,37,0,52,-126,72,-2,46,-0,14,-2,18,320883,1,32492,26,0,00,6892,3
57,753,-153,38,0,52,-126,73,-2,46,-0,14,-2,18,320849,9,32491,74,0,00,6891,7
57,758,-153,40,0,52,-126,74,-2,46,-0,14,-2,18,320816,1,32491,21,0,00,6891,2
57,763,-153,41,0,52,-126,75,-2,46,-0,14,-2,18,320782,8,32490,69,0,00,6890,7
57,768,-153,42,0,51,-126,76,-2,46,-0,14,-2,18,320749,3,32490,16,0,00,6890,2
57,773,-153,43,0,51,-126,77,-2,46,-0,14,-2,18,320716,3,32489,63,0,00,6889,6
57,778,-153,44,0,51,-126,79,-2,46,-0,14,-2,18,320682,5,32489,11,0,00,6889,1
57,783,-153,46,0,51,-126,80,-2,46,-0,14,-2,18,320650,2,32488,58,0,00,6888,6
57,788,-153,47,0,51,-126,81,-2,46,-0,13,-2,18,320616,8,32488,06,0,00,6888,1
57,793,-153,48,0,51,-126,82,-2,46,-0,13,-2,18,320583,9,32487,53,0,00,6887,5
57,798,-153,49,0,51,-126,83,-2,46,-0,13,-2,18,320550,7,32487,01,0,00,6887,0
57,803,-153,51,0,51,-126,84,-2,46,-0,13,-2,18,320518,5,32486,48,0,00,6886,5
57,808,-153,52,0,51,-126,85,-2,46,-0,13,-2,18,320485,6,32485,96,0,00,6886,0
57,813,-153,53,0,51,-126,86,-2,46,-0,13,-2,18,320453,3,32485,43,0,00,6885,4
57,818,-153,54,0,51,-126,87,-2,46,-0,13,-2,18,320420,7,32484,90,0,00,6884,9
57,823,-153,56,0,51,-126,88,-2,46,-0,13,-2,18,320388,2,32484,38,0,00,6884,4
57,828,-153,57,0,51,-126,89,-2,46,-0,13,-2,18,320355,8,32483,85,0,00,6883,9
57,833,-153,58,0,51,-126,91,-2,46,-0,13,-2,18,320324,0,32483,33,0,00,6883,3
57,838,-153,59,0,51,-126,92,-2,46,-0,13,-2,18,320291,0,32482,80,0,00,6882,8
57,843,-153,60,0,50,-126,93,-2,46,-0,13,-2,18,320259,9,32482,28,0,00,6882,3
57,848,-153,62,0,50,-126,94,-2,46,-0,13,-2,18,320227,7,32481,75,0,00,6881,8
57,853,-153,63,0,50,-126,95,-2,46,-0,13,-2,18,320195,5,32481,23,0,00,6881,2
57,858,-153,64,0,50,-126,96,-2,46,-0,13,-2,18,320164,0,32480,70,0,00,6880,7
57,863,-153,65,0,50,-126,97,-2,46,-0,13,-2,18,320132,1,32480,18,0,00,6880,2
57,868,-153,67,0,50,-126,98,-2,46,-0,13,-2,18,320100,4,32479,65,0,00,6879,7
57,873,-153,68,0,50,-126,99,-2,46,-0,13,-2,18,320069,2,32479,13,0,00,6879,1
57,878,-153,69,0,50,-127,00,-2,46,-0,13,-2,18,320037,3,32478,60,0,00,6878,6
57,883,-153,70,0,50,-127,01,-2,46,-0,13,-2,18,320006,4,32478,08,0,00,6878,1
57,888,-153,72,0,50,-127,03,-2,46,-0,13,-2,18,319974,8,32477,55,0,00,6877,6
57,893,-153,73,0,50,-127,04,-2,46,-0,13,-2,18,319944,1,32477,03,0,00,6877,0
57,898,-153,74,0,50,-127,05,-2,46,-0,13,-2,18,319912,3,32476,51,0,00,6876,5
57,903,-153,75,0,50,-127,06,-2,46,-0,13,-2,18,319881,9,32475,98,0,00,6876,0
57,908,-153,76,0,50,-127,07,-2,46,-0,13,-2,18,319850,4,32475,46,0,00,6875,5
57,913,-153,78,0,50,-127,08,-2,46,-0,13,-2,18,319819,8,32474,93,0,00,6874,9
57,918,-153,79,0,50,-127,09,-2,46,-0,13,-2,18,319789,0,32474,41,0,00,6874,4
57,923,-153,80,0,49,-127,10,-2,46,-0,13,-2,18,319758,7,32473,88,0,00,6873,9
57,928,-153,81,0,49,-127,11,-2,46,-0,13,-2,18,319727,2,32473,36,0,00,6873,4
57,933,-153,83,0,49,-127,12,-2,46,-0,13,-2,18,319697,6,32472,84,0,00,6872,8
57,938,-153,84,0,49,-127,13,-2,46,-0,13,-2,18,319666,4,32472,31,0,00,6872,3
57,943,-153,85,0,49,-127,15,-2,46,-0,13,-2,18,319637,0,32471,79,0,00,6871,8
57,948,-153,86,0,49,-127,16,-2,46,-0,13,-2,18,319605,7,32471,27,0,00,6871,3
57,953,-153,88,0,49,-127,17,-2,46,-0,13,-2,18,319576,1,32470,74,0,00,6870,7
57,958,-153,89,0,49,-127,18,-2,46,-0,13,-2,18,319545,8,32470,22,0,00,6870,2
57,963,-153,90,0,49,-127,19,-2,46,-0,13,-2,18,319515,7,32469,69,0,00,6869,7
57,968,-153,91,0,49,-127,20,-2,46,-0,13,-2,18,319485,7,32469,17,0,00,6869,2
57,973,-153,92,0,49,-127,21,-2,46,-0,13,-2,18,319455,8,32468,64,0,00,6868,6
57,978,-153,94,0,49,-127,22,-2,46,-0,13,-2,18,319426,4,32468,12,0,00,6868,1
57,983,-153,95,0,49,-127,23,-2,46,-0,13,-2,18,319395,9,32467,60,0,00,6867,6
57,988,-153,96,0,49,-127,24,-2,46,-0,13,-2,18,319367,3,32467,07,0,00,6867,1
57,993,-153,97,0,49,-127,25,-2,46,-0,13,-2,18,319337,0,32466,55,0,00,6866,6
57,998,-153,99,0,49,-127,27,-2,46,-0,13,-2,18,319307,7,32466,03,0,00,6866,0
58,003,-154,00,0,48,-127,28,-2,46,-0,13,-2,18,319278,1,32465,50,0,00,6865,5
58,008,-154,01,0,48,-127,29,-2,46,-0,13,-2,18,319249,1,32464,98,0,00,6865,0
58,013,-154,02,0,48,-127,30,-2,46,-0,13,-2,18,319219,8,32464,46,0,00,6864,5
58,018,-154,04,0,48,-127,31,-2,46,-0,12,-2,18,319190,5,32463,93,0,00,6863,9
58,023,-154,05,0,48,-127,32,-2,46,-0,12,-2,18,319161,9,32463,41,0,00,6863,4
58,028,-154,06,0,48,-127,33,-2,46,-0,12,-2,18,319132,0,32462,89,0,00,6862,9
58,033,-154,07,0,48,-127,34,-2,46,-0,12,-2,18,319104,0,32462,37,0,00,6862,4
58,038,-154,08,0,48,-127,35,-2,46,-0,12,-2,18,319074,5,32461,84,0,00,6861,8
58,043,-154,10,0,48,-127,36,-2,46,-0,12,-2,18,319045,8,32461,32,0,00,6861,3
58,048,-154,11,0,48,-127,37,-2,46,-0,12,-2,18,319017,3,32460,80,0,00,6860,8
58,053,-154,12,0,48,-127,39,-2,46,-0,12,-2,18,318988,6,32460,27,0,00,6860,3
58,058,-154,13,0,48,-127,40,-2,46,-0,12,-2,18,318960,3,32459,75,0,00,6859,8
58,063,-154,15,0,48,-127,41,-2,46,-0,12,-2,18,318931,8,32459,23,0,00,6859,2
58,068,-154,16,0,48,-127,42,-2,46,-0,12,-2,18,318902,9,32458,70,0,00,6858,7
58,073,-154,17,0,48,-127,43,-2,46,-0,12,-2,18,318875,4,32458,18,0,00,6858,2
58,078,-154,18,0,48,-127,44,-2,46,-0,12,-2,18,318846,3,32457,66,0,00,6857,7
58,083,-154,20,0,47,-127,45,-2,46,-0,12,-2,18,318818,7,32457,14,0,00,6857,1
58,088,-154,21,0,47,-127,46,-2,46,-0,12,-2,18,318790,7,32456,61,0,00,6856,6
58,093,-154,22,0,47,-127,47,-2,46,-0,12,-2,18,318762,4,32456,09,0,00,6856,1
58,098,-154,23,0,47,-127,48,-2,46,-0,12,-2,18,318734,3,32455,57,0,00,6855,6
58,103,-154,24,0,47,-127,49,-2,46,-0,12,-2,18,318707,1,32455,05,0,00,6855,0
58,108,-154,26,0,47,-127,51,-2,46,-0,12,-2,18,318678,7,32454,52,0,00,6854,5
58,113,-154,27,0,47,-127,52,-2,46,-0,12,-2,18,318651,3,32454,00,0,00,6854,0
58,118,-154,28,0,47,-127,53,-2,46,-0,12,-2,18,318623,6,32453,48,0,00,6853,5
58,123,-154,29,0,47,-127,54,-2,46,-0,12,-2,18,318596,1,32452,96,0,00,6853,0
58,128,-154,31,0,47,-127,55,-2,46,-0,12,-2,18,318568,6,32452,43,0,00,6852,4
58,133,-154,32,0,47,-127,56,-2,46,-0,12,-2,18,318541,2,32451,91,0,00,6851,9
58,138,-154,33,0,47,-127,57,-2,46,-0,12,-2,18,318514,0,32451,39,0,00,6851,4
58,143,-154,34,0,47,-127,58,-2,46,-0,12,-2,18,318486,4,32450,87,0,00,6850,9
58,148,-154,36,0,47,-127,59,-2,46,-0,12,-2,18,318459,4,32450,35,0,00,6850,3
58,153,-154,37,0,47,-127,60,-2,46,-0,12,-2,18,318432,5,32449,82,0,00,6849,8
58,158,-154,38,0,47,-127,61,-2,46,-0,12,-2,18,318404,9,32449,30,0,00,6849,3
58,163,-154,39,0,46,-127,63,-2,46,-0,12,-2,18,318378,7,32448,78,0,00,6848,8
58,168,-154,41,0,46,-127,64,-2,46,-0,12,-2,18,318351,3,32448,26,0,00,6848,3
58,173,-154,42,0,46,-127,65,-2,46,-0,12,-2,18,318324,8,32447,73,0,00,6847,7
58,178,-154,43,0,46,-127,66,-2,46,-0,12,-2,18,318297,6,32447,21,0,00,6847,2
58,183,-154,44,0,46,-127,67,-2,46,-0,12,-2,18,318271,4,32446,69,0,00,6846,7
58,188,-154,45,0,46,-127,68,-2,46,-0,12,-2,18,318244,8,32446,17,0,00,6846,2
58,193,-154,47,0,46,-127,69,-2,46,-0,12,-2,18,318218,0,32445,65,0,00,6845,6
58,198,-154,48,0,46,-127,70,-2,46,-0,12,-2,18,318191,7,32445,13,0,00,6845,1
58,203,-154,49,0,46,-127,71,-2,46,-0,12,-2,18,318165,0,32444,61,0,00,6844,6
58,208,-154,50,0,46,-127,72,-2,46,-0,12,-2,18,318138,9,32444,08,0,00,6844,1
58,213,-154,52,0,46,-127,73,-2,46,-0,12,-2,18,318113,0,32443,56,0,00,6843,6
58,218,-154,53,0,46,-127,75,-2,46,-0,12,-2,18,318086,2,32443,04,0,00,6843,0
58,223,-154,54,0,46,-127,76,-2,46,-0,12,-2,18,318060,5,32442,52,0,00,6842,5
58,228,-154,55,0,46,-127,77,-2,46,-0,12,-2,18,318034,4,32442,00,0,00,6842,0
58,233,-154,57,0,46,-127,78,-2,46,-0,12,-2,18,318008,8,32441,48,0,00,6841,5
58,238,-154,58,0,46,-127,79,-2,46,-0,12,-2,18,317982,1,32440,96,0,00,6841,0
58,243,-154,59,0,45,-127,80,-2,46,-0,12,-2,18,317956,8,32440,43,0,00,6840,4
58,248,-154,60,0,45,-127,81,-2,46,-0,12,-2,18,317931,1,32439,91,0,00,6839,9
58,253,-154,61,0,45,-127,82,-2,46,-0,12,-2,18,317905,2,32439,39,0,00,6839,4
58,258,-154,63,0,45,-127,83,-2,46,-0,12,-2,18,317880,2,32438,87,0,00,6838,9
58,263,-154,64,0,45,-127,84,-2,46,-0,12,-2,18,317853,6,32438,35,0,00,6838,3
58,268,-154,65,0,45,-127,85,-2,46,-0,12,-2,18,317829,2,32437,83,0,00,6837,8
58,273,-154,66,0,45,-127,87,-2,46,-0,12,-2,18,317803,2,32437,31,0,00,6837,3
58,278,-154,68,0,45,-127,88,-2,46,-0,12,-2,18,317777,8,32436,79,0,00,6836,8
58,283,-154,69,0,45,-127,89,-2,46,-0,12,-2,18,317752,9,32436,27,0,00,6836,3
58,288,-154,70,0,45,-127,90,-2,46,-0,12,-2,18,317727,3,32435,74,0,00,6835,7
58,293,-154,71,0,45,-127,91,-2,46,-0,12,-2,18,317702,6,32435,22,0,00,6835,2
58,298,-154,73,0,45,-127,92,-2,46,-0,12,-2,18,317677,5,32434,70,0,00,6834,7
58,303,-154,74,0,45,-127,93,-2,46,-0,12,-2,18,317652,2,32434,18,0,00,6834,2
58,308,-154,75,0,45,-127,94,-2,46,-0,12,-2,18,317627,4,32433,66,0,00,6833,7
58,313,-154,76,0,45,-127,95,-2,46,-0,12,-2,18,317602,7,32433,14,0,00,6833,1
58,318,-154,77,0,45,-127,96,-2,46,-0,12,-2,18,317577,7,32432,62,0,00,6832,6
58,323,-154,79,0,44,-127,97,-2,46,-0,12,-2,18,317552,8,32432,10,0,00,6832,1
58,328,-154,80,0,44,-127,98,-2,46,-0,12,-2,18,317528,8,32431,58,0,00,6831,6
58,333,-154,81,0,44,-128,00,-2,46,-0,12,-2,18,317503,7,32431,06,0,00,6831,1
58,338,-154,82,0,44,-128,01,-2,46,-0,12,-2,18,317479,1,32430,54,0,00,6830,5
58,343,-154,84,0,44,-128,02,-2,46,-0,12,-2,18,317455,0,32430,02,0,00,6830,0
58,348,-154,85,0,44,-128,03,-2,46,-0,12,-2,18,317430,6,32429,50,0,00,6829,5
58,353,-154,86,0,44,-128,04,-2,46,-0,12,-2,18,317405,9,32428,98,0,00,6829,0
58,358,-154,87,0,44,-128,05,-2,46,-0,12,-2,18,317382,1,32428,46,0,00,6828,5
58,363,-154,89,0,44,-128,06,-2,46,-0,12,-2,18,317357,6,32427,94,0,00,6827,9
58,368,-154,90,0,44,-128,07,-2,46,-0,12,-2,18,317333,6,32427,41,0,00,6827,4
58,373,-154,91,0,44,-128,08,-2,46,-0,12,-2,18,317309,7,32426,89,0,00,6826,9
58,378,-154,92,0,44,-128,09,-2,46,-0,12,-2,18,317285,5,32426,38,0,00,6826,4
58,383,-154,93,0,44,-128,10,-2,46,-0,12,-2,18,317261,4,32425,86,0,00,6825,9
58,388,-154,95,0,44,-128,12,-2,46,-0,12,-2,18,317237,8,32425,34,0,00,6825,3
58,393,-154,96,0,44,-128,13,-2,46,-0,13,-2,18,317214,3,32424,81,0,00,6824,8
58,398,-154,97,0,44,-128,14,-2,46,-0,13,-2,18,317189,7,32424,29,0,00,6824,3
58,403,-154,98,0,44,-128,15,-2,46,-0,13,-2,18,317167,2,32423,78,0,00,6823,8
58,408,-155,00,0,43,-128,16,-2,46,-0,13,-2,18,317142,8,32423,25,0,00,6823,3
58,413,-155,01,0,43,-128,17,-2,46,-0,13,-2,18,317119,2,32422,73,0,00,6822,7
58,418,-155,02,0,43,-128,18,-2,46,-0,13,-2,18,317096,3,32422,21,0,00,6822,2
58,423,-155,03,0,43,-128,19,-2,46,-0,13,-2,18,317072,5,32421,70,0,00,6821,7
58,428,-155,05,0,43,-128,20,-2,46,-0,13,-2,18,317048,8,32421,18,0,00,6821,2
58,433,-155,06,0,43,-128,21,-2,46,-0,13,-2,18,317026,2,32420,66,0,00,6820,7
58,438,-155,07,0,43,-128,22,-2,46,-0,13,-2,18,317002,7,32420,14,0,00,6820,1
58,443,-155,08,0,43,-128,24,-2,46,-0,13,-2,18,316979,8,32419,62,0,00,6819,6
58,448,-155,09,0,43,-128,25,-2,46,-0,13,-2,18,316956,1,32419,10,0,00,6819,1
58,453,-155,11,0,43,-128,26,-2,46,-0,13,-2,18,316933,8,32418,58,0,00,6818,6
58,458,-155,12,0,43,-128,27,-2,46,-0,13,-2,18,316910,3,32418,06,0,00,6818,1
58,463,-155,13,0,43,-128,28,-2,46,-0,13,-2,18,316887,3,32417,54,0,00,6817,5
58,468,-155,14,0,43,-128,29,-2,46,-0,13,-2,18,316864,9,32417,02,0,00,6817,0
58,473,-155,16,0,43,-128,30,-2,46,-0,13,-2,18,316842,1,32416,50,0,00,6816,5
58,478,-155,17,0,43,-128,31,-2,46,-0,13,-2,18,316819,0,32415,98,0,00,6816,0
58,483,-155,18,0,42,-128,32,-2,46,-0,13,-2,18,316796,4,32415,46,0,00,6815,5
58,488,-155,19,0,42,-128,33,-2,46,-0,13,-2,18,316774,4,32414,94,0,00,6814,9
58,493,-155,21,0,42,-128,35,-2,46,-0,13,-2,18,316751,1,32414,42,0,00,6814,4
58,498,-155,22,0,42,-128,36,-2,46,-0,13,-2,18,316729,3,32413,90,0,00,6813,9
58,503,-155,23,0,42,-128,37,-2,46,-0,13,-2,18,316706,2,32413,38,0,00,6813,4
58,508,-155,24,0,42,-128,38,-2,46,-0,13,-2,18,316684,5,32412,87,0,00,6812,9
58,513,-155,25,0,42,-128,39,-2,46,-0,13,-2,18,316661,7,32412,35,0,00,6812,3
58,518,-155,27,0,42,-128,40,-2,46,-0,13,-2,18,316639,8,32411,83,0,00,6811,8
58,523,-155,28,0,42,-128,41,-2,46,-0,13,-2,18,316617,5,32411,31,0,00,6811,3
58,528,-155,29,0,42,-128,42,-2,46,-0,13,-2,18,316595,3,32410,79,0,00,6810,8
58,533,-155,30,0,42,-128,43,-2,46,-0,13,-2,18,316573,7,32410,27,0,00,6810,3
58,538,-155,32,0,42,-128,44,-2,46,-0,13,-2,18,316550,9,32409,75,0,00,6809,8
58,543,-155,33,0,42,-128,45,-2,46,-0,13,-2,18,316529,8,32409,23,0,00,6809,2
58,548,-155,34,0,42,-128,47,-2,46,-0,13,-2,18,316507,6,32408,71,0,00,6808,7
58,553,-155,35,0,42,-128,48,-2,46,-0,13,-2,18,316485,5,32408,19,0,00,6808,2
58,558,-155,37,0,42,-128,49,-2,46,-0,13,-2,18,316464,3,32407,67,0,00,6807,7
58,563,-155,38,0,41,-128,50,-2,46,-0,13,-2,18,316441,9,32407,16,0,00,6807,2
58,568,-155,39,0,41,-128,51,-2,46,-0,13,-2,18,316421,0,32406,64,0,00,6806,6
58,573,-155,40,0,41,-128,52,-2,46,-0,13,-2,18,316399,2,32406,12,0,00,6806,1
58,578,-155,41,0,41,-128,53,-2,46,-0,13,-2,18,316377,6,32405,60,0,00,6805,6
58,583,-155,43,0,41,-128,54,-2,46,-0,13,-2,18,316356,4,32405,08,0,00,6805,1
58,588,-155,44,0,41,-128,55,-2,46,-0,13,-2,18,316334,5,32404,56,0,00,6804,6
58,593,-155,45,0,41,-128,56,-2,46,-0,13,-2,18,316313,5,32404,04,0,00,6804,0
58,598,-155,46,0,41,-128,57,-2,46,-0,13,-2,18,316292,2,32403,53,0,00,6803,5
58,603,-155,48,0,41,-128,59,-2,46,-0,13,-2,18,316271,0,32403,01,0,00,6803,0
58,608,-155,49,0,41,-128,60,-2,46,-0,13,-2,18,316249,4,32402,49,0,00,6802,5
58,613,-155,50,0,41,-128,61,-2,46,-0,13,-2,18,316229,3,32401,97,0,00,6802,0
58,618,-155,51,0,41,-128,62,-2,46,-0,13,-2,18,316207,0,32401,45,0,00,6801,5
58,623,-155,53,0,41,-128,63,-2,46,-0,13,-2,18,316187,0,32400,93,0,00,6800,9
58,628,-155,54,0,41,-128,64,-2,46,-0,13,-2,18,316165,4,32400,41,0,00,6800,4
58,633,-155,55,0,41,-128,65,-2,46,-0,13,-2,18,316145,2,32399,90,0,00,6799,9
58,638,-155,56,0,40,-128,66,-2,46,-0,13,-2,18,316123,7,32399,38,0,00,6799,4
58,643,-155,57,0,40,-128,67,-2,46,-0,13,-2,18,316103,2,32398,86,0,00,6798,9
58,648,-155,59,0,40,-128,68,-2,46,-0,13,-2,18,316082,8,32398,34,0,00,6798,3
58,653,-155,60,0,40,-128,69,-2,46,-0,14,-2,18,316061,6,32397,82,0,00,6797,8
58,658,-155,61,0,40,-128,71,-2,46,-0,14,-2,18,316041,8,32397,31,0,00,6797,3
58,663,-155,62,0,40,-128,72,-2,46,-0,14,-2,18,316020,3,32396,79,0,00,6796,8
58,668,-155,64,0,40,-128,73,-2,46,-0,14,-2,18,316000,7,32396,27,0,00,6796,3
58,673,-155,65,0,40,-128,74,-2,46,-0,14,-2,18,315979,4,32395,75,0,00,6795,8
58,678,-155,66,0,40,-128,75,-2,46,-0,14,-2,18,315960,0,32395,23,0,00,6795,2
58,683,-155,67,0,40,-128,76,-2,46,-0,14,-2,18,315938,9,32394,71,0,00,6794,7
58,688,-155,69,0,40,-128,77,-2,46,-0,14,-2,18,315919,2,32394,20,0,00,6794,2
58,693,-155,70,0,40,-128,78,-2,46,-0,14,-2,18,315898,7,32393,68,0,00,6793,7
58,698,-155,71,0,40,-128,79,-2,46,-0,14,-2,18,315878,3,32393,16,0,00,6793,2
58,703,-155,72,0,40,-128,80,-2,46,-0,14,-2,18,315858,8,32392,64,0,00,6792,6
58,708,-155,73,0,40,-128,81,-2,46,-0,14,-2,18,315838,1,32392,13,0,00,6792,1
58,713,-155,75,0,39,-128,83,-2,46,-0,14,-2,18,315818,8,32391,61,0,00,6791,6
58,718,-155,76,0,39,-128,84,-2,46,-0,14,-2,18,315798,3,32391,09,0,00,6791,1
58,723,-155,77,0,39,-128,85,-2,46,-0,14,-2,18,315778,8,32390,57,0,00,6790,6
58,728,-155,78,0,39,-128,86,-2,46,-0,14,-2,18,315758,9,32390,05,0,00,6790,1
58,733,-155,80,0,39,-128,87,-2,46,-0,14,-2,18,315739,0,32389,54,0,00,6789,5
58,738,-155,81,0,39,-128,88,-2,46,-0,14,-2,18,315719,8,32389,02,0,00,6789,0
58,743,-155,82,0,39,-128,89,-2,46,-0,14,-2,18,315699,2,32388,50,0,00,6788,5
58,748,-155,83,0,39,-128,90,-2,46,-0,14,-2,18,315680,5,32387,98,0,00,6788,0
58,753,-155,85,0,39,-128,91,-2,46,-0,14,-2,18,315660,2,32387,47,0,00,6787,5
58,758,-155,86,0,39,-128,92,-2,46,-0,14,-2,18,315641,7,32386,95,0,00,6787,0
58,763,-155,87,0,39,-128,93,-2,46,-0,14,-2,18,315621,0,32386,43,0,00,6786,4
58,768,-155,88,0,39,-128,95,-2,46,-0,14,-2,18,315602,7,32385,91,0,00,6785,9
58,773,-155,90,0,39,-128,96,-2,46,-0,14,-2,18,315582,6,32385,40,0,00,6785,4
58,778,-155,91,0,39,-128,97,-2,46,-0,14,-2,18,315564,0,32384,88,0,00,6784,9
58,783,-155,92,0,38,-128,98,-2,46,-0,14,-2,18,315544,1,32384,36,0,00,6784,4
58,788,-155,93,0,38,-128,99,-2,46,-0,14,-2,18,315525,3,32383,85,0,00,6783,8
58,793,-155,94,0,38,-129,00,-2,46,-0,14,-2,18,315506,0,32383,33,0,00,6783,3
58,798,-155,96,0,38,-129,01,-2,46,-0,14,-2,18,315487,2,32382,81,0,00,6782,8
58,803,-155,97,0,38,-129,02,-2,46,-0,14,-2,18,315467,7,32382,29,0,00,6782,3
58,808,-155,98,0,38,-129,03,-2,46,-0,14,-2,18,315449,1,32381,78,0,00,6781,8
58,813,-155,99,0,38,-129,04,-2,46,-0,14,-2,18,315430,2,32381,26,0,00,6781,3
58,818,-156,01,0,38,-129,05,-2,46,-0,14,-2,18,315411,3,32380,74,0,00,6780,7
58,823,-156,02,0,38,-129,07,-2,46,-0,15,-2,18,315392,6,32380,23,0,00,6780,2
58,828,-156,03,0,38,-129,08,-2,46,-0,15,-2,18,315373,4,32379,71,0,00,6779,7
58,833,-156,04,0,38,-129,09,-2,46,-0,15,-2,18,315354,8,32379,19,0,00,6779,2
58,838,-156,06,0,38,-129,10,-2,46,-0,15,-2,18,315336,7,32378,68,0,00,6778,7
58,843,-156,07,0,38,-129,11,-2,46,-0,15,-2,18,315317,4,32378,16,0,00,6778,2
58,848,-156,08,0,38,-129,12,-2,46,-0,15,-2,18,315299,4,32377,64,0,00,6777,6
58,853,-156,09,0,37,-129,13,-2,46,-0,15,-2,18,315280,3,32377,12,0,00,6777,1
58,858,-156,10,0,37,-129,14,-2,46,-0,15,-2,18,315262,1,32376,61,0,00,6776,6
58,863,-156,12,0,37,-129,15,-2,46,-0,15,-2,18,315243,9,32376,09,0,00,6776,1
58,868,-156,13,0,37,-129,16,-2,46,-0,15,-2,18,315225,4,32375,57,0,00,6775,6
58,873,-156,14,0,37,-129,17,-2,46,-0,15,-2,18,315207,0,32375,06,0,00,6775,1
58,878,-156,15,0,37,-129,19,-2,46,-0,15,-2,18,315188,7,32374,54,0,00,6774,5
58,883,-156,17,0,37,-129,20,-2,46,-0,15,-2,18,315170,8,32374,02,0,00,6774,0
58,888,-156,18,0,37,-129,21,-2,46,-0,15,-2,18,315152,2,32373,51,0,00,6773,5
58,893,-156,19,0,37,-129,22,-2,46,-0,15,-2,18,315134,6,32372,99,0,00,6773,0
58,898,-156,20,0,37,-129,23,-2,46,-0,15,-2,18,315116,1,32372,47,0,00,6772,5
58,903,-156,22,0,37,-129,24,-2,46,-0,15,-2,18,315098,6,32371,96,0,00,6772,0
58,908,-156,23,0,37,-129,25,-2,46,-0,15,-2,18,315080,3,32371,44,0,00,6771,4
58,913,-156,24,0,37,-129,26,-2,46,-0,15,-2,18,315062,5,32370,92,0,00,6770,9
58,918,-156,25,0,36,-129,27,-2,46,-0,15,-2,18,315044,3,32370,41,0,00,6770,4
58,923,-156,26,0,36,-129,28,-2,46,-0,15,-2,18,315027,1,32369,89,0,00,6769,9
58,928,-156,28,0,36,-129,29,-2,46,-0,15,-2,18,315009,1,32369,38,0,00,6769,4
58,933,-156,29,0,36,-129,31,-2,46,-0,15,-2,18,314991,2,32368,86,0,00,6768,9
58,938,-156,30,0,36,-129,32,-2,46,-0,15,-2,18,314973,3,32368,34,0,00,6768,3
58,943,-156,31,0,36,-129,33,-2,46,-0,15,-2,18,314956,4,32367,82,0,00,6767,8
58,948,-156,33,0,36,-129,34,-2,46,-0,15,-2,18,314938,3,32367,31,0,00,6767,3
58,953,-156,34,0,36,-129,35,-2,46,-0,15,-2,18,314921,1,32366,79,0,00,6766,8
58,958,-156,35,0,36,-129,36,-2,46,-0,15,-2,18,314903,1,32366,28,0,00,6766,3
58,963,-156,36,0,36,-129,37,-2,46,-0,16,-2,18,314886,5,32365,76,0,00,6765,8
58,968,-156,38,0,36,-129,38,-2,46,-0,16,-2,18,314868,2,32365,24,0,00,6765,2
58,973,-156,39,0,36,-129,39,-2,46,-0,16,-2,18,314851,7,32364,73,0,00,6764,7
58,978,-156,40,0,36,-129,40,-2,46,-0,16,-2,18,314833,6,32364,21,0,00,6764,2
58,983,-156,41,0,35,-129,41,-2,46,-0,16,-2,18,314817,3,32363,70,0,00,6763,7
58,988,-156,42,0,35,-129,43,-2,46,-0,16,-2,18,314799,3,32363,18,0,00,6763,2
58,993,-156,44,0,35,-129,44,-2,46,-0,16,-2,18,314782,7,32362,66,0,00,6762,7
58,998,-156,45,0,35,-129,45,-2,46,-0,16,-2,18,314765,3,32362,15,0,00,6762,1
59,003,-156,46,0,35,-129,46,-2,46,-0,16,-2,18,314748,4,32361,63,0,00,6761,6
59,008,-156,47,0,35,-129,47,-2,46,-0,16,-2,18,314731,2,32361,12,0,00,6761,1
59,013,-156,49,0,35,-129,48,-2,46,-0,16,-2,18,314714,4,32360,60,0,00,6760,6
59,018,-156,50,0,35,-129,49,-2,46,-0,16,-2,18,314697,8,32360,08,0,00,6760,1
59,023,-156,51,0,35,-129,50,-2,46,-0,16,-2,18,314680,3,32359,57,0,00,6759,6
59,028,-156,52,0,35,-129,51,-2,46,-0,16,-2,18,314664,2,32359,05,0,00,6759,1
59,033,-156,54,0,35,-129,52,-2,46,-0,16,-2,18,314646,8,32358,54,0,00,6758,5
59,038,-156,55,0,35,-129,53,-2,46,-0,16,-2,18,314630,0,32358,02,0,00,6758,0
59,043,-156,56,0,35,-129,55,-2,46,-0,16,-2,18,314614,1,32357,50,0,00,6757,5
59,048,-156,57,0,34,-129,56,-2,46,-0,16,-2,18,314596,6,32356,99,0,00,6757,0
59,053,-156,58,0,34,-129,57,-2,46,-0,16,-2,18,314580,8,32356,47,0,00,6756,5
59,058,-156,60,0,34,-129,58,-2,46,-0,16,-2,18,314563,5,32355,96,0,00,6756,0
59,063,-156,61,0,34,-129,59,-2,46,-0,16,-2,18,314547,4,32355,44,0,00,6755,4
59,068,-156,62,0,34,-129,60,-2,46,-0,16,-2,18,314531,0,32354,93,0,00,6754,9
59,073,-156,63,0,34,-129,61,-2,46,-0,16,-2,18,314514,7,32354,41,0,00,6754,4
59,078,-156,65,0,34,-129,62,-2,46,-0,16,-2,18,314498,0,32353,89,0,00,6753,9
59,083,-156,66,0,34,-129,63,-2,46,-0,17,-2,18,314481,8,32353,38,0,00,6753,4
59,088,-156,67,0,34,-129,64,-2,46,-0,17,-2,18,314465,7,32352,86,0,00,6752,9
59,093,-156,68,0,34,-129,65,-2,46,-0,17,-2,18,314449,3,32352,35,0,00,6752,3
59,098,-156,70,0,34,-129,67,-2,46,-0,17,-2,18,314433,3,32351,83,0,00,6751,8
59,103,-156,71,0,34,-129,68,-2,46,-0,17,-2,18,314416,9,32351,32,0,00,6751,3
59,108,-156,72,0,33,-129,69,-2,46,-0,17,-2,18,314401,1,32350,80,0,00,6750,8
59,113,-156,73,0,33,-129,70,-2,46,-0,17,-2,18,314384,9,32350,29,0,00,6750,3
59,118,-156,74,0,33,-129,71,-2,46,-0,17,-2,18,314368,7,32349,77,0,00,6749,8
59,123,-156,76,0,33,-129,72,-2,46,-0,17,-2,18,314353,1,32349,26,0,00,6749,3
59,128,-156,77,0,33,-129,73,-2,46,-0,17,-2,18,314337,1,32348,74,0,00,6748,7
59,133,-156,78,0,33,-129,74,-2,46,-0,17,-2,18,314321,2,32348,23,0,00,6748,2
59,138,-156,79,0,33,-129,75,-2,46,-0,17,-2,18,314305,3,32347,71,0,00,6747,7
59,143,-156,81,0,33,-129,76,-2,46,-0,17,-2,18,314289,5,32347,20,0,00,6747,2
59,148,-156,82,0,33,-129,77,-2,46,-0,17,-2,18,314273,8,32346,68,0,00,6746,7
59,153,-156,83,0,33,-129,79,-2,46,-0,17,-2,18,314258,1,32346,16,0,00,6746,2
59,158,-156,84,0,33,-129,80,-2,46,-0,17,-2,18,314242,5,32345,65,0,00,6745,7
59,163,-156,86,0,33,-129,81,-2,46,-0,17,-2,18,314226,6,32345,13,0,00,6745,1
59,168,-156,87,0,32,-129,82,-2,46,-0,17,-2,18,314211,5,32344,62,0,00,6744,6
59,173,-156,88,0,32,-129,83,-2,46,-0,17,-2,18,314195,7,32344,11,0,00,6744,1
59,178,-156,89,0,32,-129,84,-2,46,-0,17,-2,18,314180,4,32343,59,0,00,6743,6
59,183,-156,90,0,32,-129,85,-2,46,-0,17,-2,18,314164,7,32343,07,0,00,6743,1
59,188,-156,92,0,32,-129,86,-2,46,-0,17,-2,18,314149,5,32342,56,0,00,6742,6
59,193,-156,93,0,32,-129,87,-2,46,-0,18,-2,18,314133,9,32342,04,0,00,6742,0
59,198,-156,94,0,32,-129,88,-2,46,-0,18,-2,18,314118,8,32341,53,0,00,6741,5
59,203,-156,95,0,32,-129,89,-2,46,-0,18,-2,18,314103,4,32341,01,0,00,6741,0
59,208,-156,97,0,32,-129,91,-2,46,-0,18,-2,18,314088,0,32340,50,0,00,6740,5
59,213,-156,98,0,32,-129,92,-2,46,-0,18,-2,18,314073,2,32339,98,0,00,6740,0
59,218,-156,99,0,32,-129,93,-2,46,-0,18,-2,18,314057,9,32339,47,0,00,6739,5
59,223,-157,00,0,31,-129,94,-2,46,-0,18,-2,18,314042,8,32338,95,0,00,6739,0
59,228,-157,02,0,31,-129,95,-2,46,-0,18,-2,18,314027,6,32338,44,0,00,6738,4
59,233,-157,03,0,31,-129,96,-2,46,-0,18,-2,18,314013,0,32337,93,0,00,6737,9
59,238,-157,04,0,31,-129,97,-2,46,-0,18,-2,18,313997,6,32337,41,0,00,6737,4
59,243,-157,05,0,31,-129,98,-2,46,-0,18,-2,18,313982,7,32336,89,0,00,6736,9
59,248,-157,06,0,31,-129,99,-2,46,-0,18,-2,18,313967,8,32336,38,0,00,6736,4
59,253,-157,08,0,31,-130,00,-2,46,-0,18,-2,18,313953,1,32335,87,0,00,6735,9
59,258,-157,09,0,31,-130,01,-2,46,-0,18,-2,18,313938,3,32335,35,0,00,6735,4
59,263,-157,10,0,31,-130,03,-2,46,-0,18,-2,18,313923,3,32334,84,0,00,6734,8
59,268,-157,11,0,31,-130,04,-2,46,-0,18,-2,18,313908,6,32334,32,0,00,6734,3
59,273,-157,13,0,31,-130,05,-2,46,-0,18,-2,18,313894,1,32333,81,0,00,6733,8
59,278,-157,14,0,30,-130,06,-2,46,-0,18,-2,18,313879,2,32333,29,0,00,6733,3
59,283,-157,15,0,30,-130,07,-2,46,-0,18,-2,18,313864,8,32332,78,0,00,6732,8
59,288,-157,16,0,30,-130,08,-2,46,-0,18,-2,18,313850,0,32332,26,0,00,6732,3
59,293,-157,18,0,30,-130,09,-2,46,-0,18,-2,18,313835,7,32331,75,0,00,6731,7
59,298,-157,19,0,30,-130,10,-2,46,-0,19,-2,18,313821,1,32331,23,0,00,6731,2
59,303,-157,20,0,30,-130,11,-2,46,-0,19,-2,18,313806,4,32330,72,0,00,6730,7
59,308,-157,21,0,30,-130,12,-2,46,-0,19,-2,18,313792,3,32330,21,0,00,6730,2
59,313,-157,22,0,30,-130,13,-2,46,-0,19,-2,18,313777,9,32329,69,0,00,6729,7
59,318,-157,24,0,30,-130,15,-2,46,-0,19,-2,18,313763,5,32329,18,0,00,6729,2
59,323,-157,25,0,30,-130,16,-2,46,-0,19,-2,18,313749,1,32328,66,0,00,6728,7
59,328,-157,26,0,30,-130,17,-2,46,-0,19,-2,18,313735,3,32328,15,0,00,6728,1
59,333,-157,27,0,29,-130,18,-2,46,-0,19,-2,18,313720,6,32327,63,0,00,6727,6
59,338,-157,29,0,29,-130,19,-2,46,-0,19,-2,18,313706,4,32327,12,0,00,6727,1
59,343,-157,30,0,29,-130,20,-2,46,-0,19,-2,18,313692,3,32326,61,0,00,6726,6
59,348,-157,31,0,29,-130,21,-2,46,-0,19,-2,18,313678,7,32326,09,0,00,6726,1
59,353,-157,32,0,29,-130,22,-2,46,-0,19,-2,18,313663,8,32325,58,0,00,6725,6
59,358,-157,34,0,29,-130,23,-2,46,-0,19,-2,18,313650,3,32325,06,0,00,6725,1
59,363,-157,35,0,29,-130,24,-2,46,-0,19,-2,18,313636,0,32324,55,0,00,6724,5
59,368,-157,36,0,29,-130,25,-2,46,-0,19,-2,18,313622,2,32324,04,0,00,6724,0
59,373,-157,37,0,29,-130,27,-2,46,-0,19,-2,18,313608,5,32323,52,0,00,6723,5
59,378,-157,38,0,29,-130,28,-2,46,-0,19,-2,18,313594,3,32323,01,0,00,6723,0
59,383,-157,40,0,28,-130,29,-2,46,-0,19,-2,18,313580,7,32322,49,0,00,6722,5
59,388,-157,41,0,28,-130,30,-2,46,-0,19,-2,18,313566,7,32321,98,0,00,6722,0
59,393,-157,42,0,28,-130,31,-2,46,-0,20,-2,18,313553,2,32321,46,0,00,6721,5
59,398,-157,43,0,28,-130,32,-2,46,-0,20,-2,18,313539,3,32320,95,0,00,6721,0
59,403,-157,45,0,28,-130,33,-2,46,-0,20,-2,18,313525,5,32320,44,0,00,6720,4
59,408,-157,46,0,28,-130,34,-2,46,-0,20,-2,18,313512,1,32319,92,0,00,6719,9
59,413,-157,47,0,28,-130,35,-2,46,-0,20,-2,18,313498,4,32319,41,0,00,6719,4
59,418,-157,48,0,28,-130,36,-2,46,-0,20,-2,18,313484,8,32318,89,0,00,6718,9
59,423,-157,50,0,28,-130,37,-2,46,-0,20,-2,18,313471,2,32318,38,0,00,6718,4
59,428,-157,51,0,28,-130,39,-2,46,-0,20,-2,18,313457,6,32317,87,0,00,6717,9
59,433,-157,52,0,28,-130,40,-2,46,-0,20,-2,18,313444,6,32317,35,0,00,6717,4
59,438,-157,53,0,27,-130,41,-2,46,-0,20,-2,18,313430,7,32316,84,0,00,6716,8
59,443,-157,55,0,27,-130,42,-2,46,-0,20,-2,18,313417,4,32316,32,0,00,6716,3
59,448,-157,56,0,27,-130,43,-2,46,-0,20,-2,18,313404,5,32315,81,0,00,6715,8
59,454,-157,57,0,27,-130,44,-2,46,-0,20,-2,18,313390,8,32315,30,0,00,6715,3
59,459,-157,58,0,27,-130,45,-2,46,-0,20,-2,18,313377,2,32314,78,0,00,6714,8
59,464,-157,59,0,27,-130,46,-2,46,-0,20,-2,18,313364,5,32314,27,0,00,6714,3
59,469,-157,61,0,27,-130,47,-2,46,-0,20,-2,18,313351,4,32313,76,0,00,6713,8
59,474,-157,62,0,27,-130,48,-2,46,-0,20,-2,18,313337,5,32313,24,0,00,6713,2
59,479,-157,63,0,27,-130,49,-2,46,-0,20,-2,18,313324,9,32312,73,0,00,6712,7
59,484,-157,64,0,26,-130,51,-2,46,-0,20,-2,18,313311,6,32312,21,0,00,6712,2
59,489,-157,66,0,26,-130,52,-2,46,-0,21,-2,18,313298,8,32311,70,0,00,6711,7
59,494,-157,67,0,26,-130,53,-2,46,-0,21,-2,18,313285,5,32311,19,0,00,6711,2
59,499,-157,68,0,26,-130,54,-2,46,-0,21,-2,18,313272,8,32310,67,0,00,6710,7
59,504,-157,69,0,26,-130,55,-2,46,-0,21,-2,18,313259,6,32310,16,0,00,6710,2
59,509,-157,71,0,26,-130,56,-2,46,-0,21,-2,18,313247,0,32309,65,0,00,6709,6
59,514,-157,72,0,26,-130,57,-2,46,-0,21,-2,18,313233,6,32309,13,0,00,6709,1
59,519,-157,73,0,26,-130,58,-2,46,-0,21,-2,18,313221,0,32308,62,0,00,6708,6
59,524,-157,74,0,26,-130,59,-2,46,-0,21,-2,18,313208,1,32308,11,0,00,6708,1
59,529,-157,75,0,26,-130,60,-2,46,-0,21,-2,18,313195,7,32307,59,0,00,6707,6
59,534,-157,77,0,25,-130,61,-2,46,-0,21,-2,18,313182,5,32307,08,0,00,6707,1
59,539,-157,78,0,25,-130,63,-2,46,-0,21,-2,18,313170,2,32306,57,0,00,6706,6
59,544,-157,79,0,25,-130,64,-2,46,-0,21,-2,18,313157,0,32306,05,0,00,6706,1
59,549,-157,80,0,25,-130,65,-2,46,-0,21,-2,18,313144,8,32305,54,0,00,6705,5
59,554,-157,82,0,25,-130,66,-2,46,-0,21,-2,18,313131,8,32305,03,0,00,6705,0
59,559,-157,83,0,25,-130,67,-2,46,-0,21,-2,18,313119,7,32304,51,0,00,6704,5
59,564,-157,84,0,25,-130,68,-2,46,-0,21,-2,18,313106,8,32304,00,0,00,6704,0
59,569,-157,85,0,25,-130,69,-2,46,-0,21,-2,18,313094,4,32303,49,0,00,6703,5
59,574,-157,87,0,25,-130,70,-2,46,-0,21,-2,18,313082,0,32302,97,0,00,6703,0
59,579,-157,88,0,24,-130,71,-2,46,-0,22,-2,18,313069,3,32302,46,0,00,6702,5
59,584,-157,89,0,24,-130,72,-2,46,-0,22,-2,18,313057,5,32301,95,0,00,6701,9
59,589,-157,90,0,24,-130,74,-2,46,-0,22,-2,18,313044,4,32301,43,0,00,6701,4
59,594,-157,91,0,24,-130,75,-2,46,-0,22,-2,18,313032,7,32300,92,0,00,6700,9
59,599,-157,93,0,24,-130,76,-2,46,-0,22,-2,18,313020,1,32300,41,0,00,6700,4
59,604,-157,94,0,24,-130,77,-2,46,-0,22,-2,18,313007,6,32299,89,0,00,6699,9
59,609,-157,95,0,24,-130,78,-2,46,-0,22,-2,18,312996,1,32299,38,0,00,6699,4
59,614,-157,96,0,24,-130,79,-2,46,-0,22,-2,18,312982,8,32298,87,0,00,6698,9
59,619,-157,98,0,24,-130,80,-2,46,-0,22,-2,18,312971,8,32298,36,0,00,6698,4
59,624,-157,99,0,24,-130,81,-2,46,-0,22,-2,18,312958,7,32297,84,0,00,6697,8
59,629,-158,00,0,23,-130,82,-2,46,-0,22,-2,18,312947,3,32297,33,0,00,6697,3
59,634,-158,01,0,23,-130,83,-2,46,-0,22,-2,18,312934,7,32296,81,0,00,6696,8
59,639,-158,03,0,23,-130,84,-2,46,-0,22,-2,18,312923,4,32296,30,0,00,6696,3
59,644,-158,04,0,23,-130,86,-2,46,-0,22,-2,18,312910,5,32295,79,0,00,6695,8
59,649,-158,05,0,23,-130,87,-2,46,-0,22,-2,18,312899,3,32295,28,0,00,6695,3
59,654,-158,06,0,23,-130,88,-2,46,-0,22,-2,18,312886,9,32294,76,0,00,6694,8
59,659,-158,07,0,23,-130,89,-2,46,-0,22,-2,18,312875,0,32294,25,0,00,6694,3
59,664,-158,09,0,23,-130,90,-2,46,-0,23,-2,18,312863,2,32293,74,0,00,6693,7
59,669,-158,10,0,23,-130,91,-2,46,-0,23,-2,18,312851,8,32293,22,0,00,6693,2
59,674,-158,11,0,22,-130,92,-2,46,-0,23,-2,18,312839,2,32292,71,0,00,6692,7
59,679,-158,12,0,22,-130,93,-2,46,-0,23,-2,18,312828,3,32292,20,0,00,6692,2
59,684,-158,14,0,22,-130,94,-2,46,-0,23,-2,18,312815,8,32291,69,0,00,6691,7
59,689,-158,15,0,22,-130,95,-2,46,-0,23,-2,18,312804,6,32291,17,0,00,6691,2
59,694,-158,16,0,22,-130,96,-2,46,-0,23,-2,18,312792,6,32290,66,0,00,6690,7
59,699,-158,17,0,22,-130,98,-2,46,-0,23,-2,18,312781,1,32290,15,0,00,6690,1
59,704,-158,19,0,22,-130,99,-2,46,-0,23,-2,18,312769,6,32289,63,0,00,6689,6
59,709,-158,20,0,22,-131,00,-2,46,-0,23,-2,18,312757,8,32289,12,0,00,6689,1
59,714,-158,21,0,21,-131,01,-2,46,-0,23,-2,18,312746,8,32288,61,0,00,6688,6
59,719,-158,22,0,21,-131,02,-2,46,-0,23,-2,18,312734,2,32288,10,0,00,6688,1
59,724,-158,23,0,21,-131,03,-2,46,-0,23,-2,18,312723,8,32287,58,0,00,6687,6
59,729,-158,25,0,21,-131,04,-2,46,-0,23,-2,18,312711,7,32287,07,0,00,6687,1
59,734,-158,26,0,21,-131,05,-2,46,-0,23,-2,18,312700,5,32286,56,0,00,6686,6
59,739,-158,27,0,21,-131,06,-2,46,-0,23,-2,18,312689,0,32286,05,0,00,6686,0
59,744,-158,28,0,21,-131,07,-2,46,-0,24,-2,18,312677,9,32285,53,0,00,6685,5
59,749,-158,30,0,21,-131,08,-2,46,-0,24,-2,18,312666,4,32285,02,0,00,6685,0
59,754,-158,31,0,21,-131,10,-2,46,-0,24,-2,18,312655,0,32284,51,0,00,6684,5
59,759,-158,32,0,20,-131,11,-2,46,-0,24,-2,18,312643,7,32284,00,0,00,6684,0
59,764,-158,33,0,20,-131,12,-2,46,-0,24,-2,18,312632,8,32283,48,0,00,6683,5
59,769,-158,35,0,20,-131,13,-2,46,-0,24,-2,18,312621,1,32282,97,0,00,6683,0
59,774,-158,36,0,20,-131,14,-2,46,-0,24,-2,18,312610,3,32282,46,0,00,6682,5
59,779,-158,37,0,20,-131,15,-2,46,-0,24,-2,18,312599,1,32281,95,0,00,6681,9
59,784,-158,38,0,20,-131,16,-2,46,-0,24,-2,18,312588,0,32281,43,0,00,6681,4
59,789,-158,39,0,20,-131,17,-2,46,-0,24,-2,18,312576,9,32280,92,0,00,6680,9
59,794,-158,41,0,20,-131,18,-2,46,-0,24,-2,18,312565,4,32280,41,0,00,6680,4
59,799,-158,42,0,19,-131,19,-2,46,-0,24,-2,18,312555,3,32279,89,0,00,6679,9
59,804,-158,43,0,19,-131,20,-2,46,-0,24,-2,18,312543,5,32279,38,0,00,6679,4
59,809,-158,44,0,19,-131,22,-2,46,-0,24,-2,18,312532,6,32278,87,0,00,6678,9
59,814,-158,46,0,19,-131,23,-2,46,-0,24,-2,18,312522,2,32278,36,0,00,6678,4
59,819,-158,47,0,19,-131,24,-2,46,-0,24,-2,18,312510,5,32277,85,0,00,6677,8
59,824,-158,48,0,19,-131,25,-2,46,-0,24,-2,18,312500,3,32277,33,0,00,6677,3
59,829,-158,49,0,19,-131,26,-2,46,-0,25,-2,18,312489,5,32276,82,0,00,6676,8
59,834,-158,51,0,19,-131,27,-2,46,-0,25,-2,18,312478,0,32276,31,0,00,6676,3
59,839,-158,52,0,18,-131,28,-2,46,-0,25,-2,18,312468,3,32275,80,0,00,6675,8
59,844,-158,53,0,18,-131,29,-2,46,-0,25,-2,18,312456,4,32275,29,0,00,6675,3
59,849,-158,54,0,18,-131,30,-2,46,-0,25,-2,18,312446,3,32274,77,0,00,6674,8
59,854,-158,55,0,18,-131,31,-2,46,-0,25,-2,18,312435,4,32274,26,0,00,6674,3
59,859,-158,57,0,18,-131,33,-2,46,-0,25,-2,18,312425,0,32273,75,0,00,6673,7
59,864,-158,58,0,18,-131,34,-2,46,-0,25,-2,18,312414,1,32273,24,0,00,6673,2
59,869,-158,59,0,18,-131,35,-2,46,-0,25,-2,18,312403,3,32272,72,0,00,6672,7
59,874,-158,60,0,18,-131,36,-2,46,-0,25,-2,18,312393,5,32272,21,0,00,6672,2
59,879,-158,62,0,17,-131,37,-2,46,-0,25,-2,18,312381,9,32271,70,0,00,6671,7
59,884,-158,63,0,17,-131,38,-2,46,-0,25,-2,18,312372,2,32271,19,0,00,6671,2
59,889,-158,64,0,17,-131,39,-2,46,-0,25,-2,18,312361,1,32270,68,0,00,6670,7
59,894,-158,65,0,17,-131,40,-2,46,-0,25,-2,18,312351,0,32270,16,0,00,6670,2
59,899,-158,67,0,17,-131,41,-2,46,-0,25,-2,18,312340,5,32269,65,0,00,6669,7
59,904,-158,68,0,17,-131,42,-2,46,-0,26,-2,18,312330,0,32269,14,0,00,6669,1
59,909,-158,69,0,17,-131,43,-2,46,-0,26,-2,18,312319,6,32268,63,0,00,6668,6
59,914,-158,70,0,17,-131,45,-2,46,-0,26,-2,18,312309,7,32268,12,0,00,6668,1
59,919,-158,71,0,16,-131,46,-2,46,-0,26,-2,18,312298,5,32267,60,0,00,6667,6
59,924,-158,73,0,16,-131,47,-2,46,-0,26,-2,18,312289,0,32267,09,0,00,6667,1
59,929,-158,74,0,16,-131,48,-2,46,-0,26,-2,18,312278,3,32266,58,0,00,6666,6
59,934,-158,75,0,16,-131,49,-2,46,-0,26,-2,18,312268,1,32266,07,0,00,6666,1
59,939,-158,76,0,16,-131,50,-2,46,-0,26,-2,18,312258,0,32265,55,0,00,6665,6
59,944,-158,78,0,16,-131,51,-2,46,-0,26,-2,18,312247,4,32265,04,0,00,6665,0
59,949,-158,79,0,16,-131,52,-2,46,-0,26,-2,18,312238,2,32264,53,0,00,6664,5
59,954,-158,80,0,16,-131,53,-2,46,-0,26,-2,18,312226,9,32264,02,0,00,6664,0
59,959,-158,81,0,15,-131,54,-2,46,-0,26,-2,18,312217,8,32263,51,0,00,6663,5
59,964,-158,83,0,15,-131,55,-2,46,-0,26,-2,18,312207,0,32263,00,0,00,6663,0
59,969,-158,84,0,15,-131,57,-2,46,-0,26,-2,18,312197,5,32262,48,0,00,6662,5
59,974,-158,85,0,15,-131,58,-2,46,-0,26,-2,19,312186,8,32261,97,0,00,6662,0
59,979,-158,86,0,15,-131,59,-2,46,-0,26,-2,19,312177,8,32261,46,0,00,6661,5
59,984,-158,87,0,15,-131,60,-2,46,-0,27,-2,19,312166,8,32260,95,0,00,6661,0
59,989,-158,89,0,15,-131,61,-2,46,-0,27,-2,19,312157,4,32260,44,0,00,6660,4
59,994,-158,90,0,15,-131,62,-2,46,-0,27,-2,19,312147,3,32259,93,0,00,6659,9
59,999,-158,91,0,14,-131,63,-2,46,-0,27,-2,19,312137,7,32259,41,0,00,6659,4
60,004,-158,92,0,14,-131,64,-2,46,-0,27,-2,19,312127,6,32258,90,0,00,6658,9
60,009,-158,94,0,14,-131,65,-2,46,-0,27,-2,19,312117,6,32258,39,0,00,6658,4
60,014,-158,95,0,14,-131,66,-2,46,-0,27,-2,19,312108,1,32257,88,0,00,6657,9
60,019,-158,96,0,14,-131,67,-2,46,-0,27,-2,19,312097,8,32257,37,0,00,6657,4
60,024,-158,97,0,14,-131,69,-2,46,-0,27,-2,19,312088,8,32256,86,0,00,6656,9
60,029,-158,99,0,14,-131,70,-2,46,-0,27,-2,19,312078,9,32256,34,0,00,6656,3
60,034,-159,00,0,13,-131,71,-2,46,-0,27,-2,19,312068,7,32255,83,0,00,6655,8
60,039,-159,01,0,13,-131,72,-2,46,-0,27,-2,19,312059,4,32255,32,0,00,6655,3
60,044,-159,02,0,13,-131,73,-2,46,-0,27,-2,19,312049,7,32254,81,0,00,6654,8
60,049,-159,04,0,13,-131,74,-2,46,-0,27,-2,19,312040,4,32254,30,0,00,6654,3
60,054,-159,05,0,13,-131,75,-2,46,-0,27,-2,19,312029,9,32253,79,0,00,6653,8
60,059,-159,06,0,13,-131,76,-2,46,-0,28,-2,19,312021,2,32253,27,0,00,6653,3
60,064,-159,07,0,13,-131,77,-2,46,-0,28,-2,19,312011,2,32252,76,0,00,6652,8
60,069,-159,08,0,12,-131,78,-2,46,-0,28,-2,19,312001,7,32252,25,0,00,6652,3
60,074,-159,10,0,12,-131,79,-2,46,-0,28,-2,19,311992,6,32251,74,0,00,6651,7
60,079,-159,11,0,12,-131,81,-2,46,-0,28,-2,19,311982,3,32251,23,0,00,6651,2
60,084,-159,12,0,12,-131,82,-2,46,-0,28,-2,19,311973,8,32250,72,0,00,6650,7
60,089,-159,13,0,12,-131,83,-2,46,-0,28,-2,19,311963,6,32250,21,0,00,6650,2
60,094,-159,15,0,12,-131,84,-2,46,-0,28,-2,19,311954,7,32249,69,0,00,6649,7
60,099,-159,16,0,12,-131,85,-2,46,-0,28,-2,19,311945,5,32249,18,0,00,6649,2
60,104,-159,17,0,12,-131,86,-2,46,-0,28,-2,19,311935,4,32248,67,0,00,6648,7
60,109,-159,18,0,11,-131,87,-2,46,-0,28,-2,19,311927,0,32248,16,0,00,6648,2
60,114,-159,20,0,11,-131,88,-2,46,-0,28,-2,19,311917,0,32247,65,0,00,6647,6
60,119,-159,21,0,11,-131,89,-2,46,-0,28,-2,19,311907,9,32247,14,0,00,6647,1
60,124,-159,22,0,11,-131,90,-2,46,-0,28,-2,19,311898,8,32246,63,0,00,6646,6
60,129,-159,23,0,11,-131,92,-2,46,-0,28,-2,19,311889,8,32246,12,0,00,6646,1
60,134,-159,24,0,11,-131,93,-2,46,-0,29,-2,19,311879,9,32245,60,0,00,6645,6
60,139,-159,26,0,11,-131,94,-2,46,-0,29,-2,19,311871,4,32245,09,0,00,6645,1
60,144,-159,27,0,10,-131,95,-2,46,-0,29,-2,19,311862,1,32244,58,0,00,6644,6
60,149,-159,28,0,10,-131,96,-2,46,-0,29,-2,19,311852,7,32244,07,0,00,6644,1
60,154,-159,29,0,10,-131,97,-2,46,-0,29,-2,19,311843,9,32243,56,0,00,6643,6
60,159,-159,31,0,10,-131,98,-2,46,-0,29,-2,19,311834,6,32243,05,0,00,6643,0
60,164,-159,32,0,10,-131,99,-2,46,-0,29,-2,19,311825,9,32242,54,0,00,6642,5
60,169,-159,33,0,10,-132,00,-2,46,-0,29,-2,19,311816,3,32242,03,0,00,6642,0
60,174,-159,34,0,09,-132,01,-2,46,-0,29,-2,19,311808,0,32241,51,0,00,6641,5
60,179,-159,36,0,09,-132,02,-2,46,-0,29,-2,19,311798,5,32241,00,0,00,6641,0
60,184,-159,37,0,09,-132,04,-2,46,-0,29,-2,19,311789,9,32240,49,0,00,6640,5
60,189,-159,38,0,09,-132,05,-2,46,-0,29,-2,19,311780,9,32239,98,0,00,6640,0
60,194,-159,39,0,09,-132,06,-2,46,-0,29,-2,19,311771,9,32239,47,0,00,6639,5
60,199,-159,40,0,09,-132,07,-2,46,-0,29,-2,19,311762,9,32238,96,0,00,6639,0
60,204,-159,42,0,09,-132,08,-2,46,-0,29,-2,19,311754,0,32238,45,0,00,6638,4
60,209,-159,43,0,08,-132,09,-2,46,-0,30,-2,19,311745,6,32237,94,0,00,6637,9
60,214,-159,44,0,08,-132,10,-2,46,-0,30,-2,19,311736,3,32237,42,0,00,6637,4
60,219,-159,45,0,08,-132,11,-2,46,-0,30,-2,19,311727,5,32236,91,0,00,6636,9
60,224,-159,47,0,08,-132,12,-2,46,-0,30,-2,19,311719,2,32236,40,0,00,6636,4
60,229,-159,48,0,08,-132,13,-2,46,-0,30,-2,19,311710,1,32235,89,0,00,6635,9
60,234,-159,49,0,08,-132,14,-2,46,-0,30,-2,19,311701,8,32235,38,0,00,6635,4
60,239,-159,50,0,08,-132,16,-2,46,-0,30,-2,19,311692,7,32234,87,0,00,6634,9
60,244,-159,52,0,07,-132,17,-2,46,-0,30,-2,19,311684,1,32234,36,0,00,6634,4
60,249,-159,53,0,07,-132,18,-2,46,-0,30,-2,19,311675,6,32233,85,0,00,6633,8
60,254,-159,54,0,07,-132,19,-2,46,-0,30,-2,19,311666,6,32233,34,0,00,6633,3
60,259,-159,55,0,07,-132,20,-2,46,-0,30,-2,19,311658,9,32232,82,0,00,6632,8
60,264,-159,56,0,07,-132,21,-2,46,-0,30,-2,19,311649,2,32232,31,0,00,6632,3
60,269,-159,58,0,07,-132,22,-2,46,-0,30,-2,19,311641,6,32231,80,0,00,6631,8
60,274,-159,59,0,07,-132,23,-2,46,-0,30,-2,19,311632,4,32231,29,0,00,6631,3
60,279,-159,60,0,06,-132,24,-2,46,-0,31,-2,19,311624,0,32230,78,0,00,6630,8
60,284,-159,61,0,06,-132,25,-2,46,-0,31,-2,19,311616,1,32230,27,0,00,6630,3
60,289,-159,63,0,06,-132,26,-2,46,-0,31,-2,19,311607,0,32229,76,0,00,6629,8
60,294,-159,64,0,06,-132,28,-2,46,-0,31,-2,19,311598,7,32229,25,0,00,6629,3
60,299,-159,65,0,06,-132,29,-2,46,-0,31,-2,19,311590,5,32228,74,0,00,6628,7
60,304,-159,66,0,06,-132,30,-2,46,-0,31,-2,19,311581,9,32228,23,0,00,6628,2
60,309,-159,68,0,05,-132,31,-2,46,-0,31,-2,19,311573,7,32227,72,0,00,6627,7
60,314,-159,69,0,05,-132,32,-2,46,-0,31,-2,19,311565,2,32227,21,0,00,6627,2
60,319,-159,70,0,05,-132,33,-2,46,-0,31,-2,19,311557,1,32226,70,0,00,6626,7
60,324,-159,71,0,05,-132,34,-2,46,-0,31,-2,19,311548,2,32226,19,0,00,6626,2
