time,posX,posY,posZ,velX,velY,velZ,thrust,mass,angleError,fuel
0,050,-0,63,2495,01,0,58,-12,65,-99,39,11,65,845000,0,38878,87,3,89,13278,9
0,100,-1,26,2490,06,1,17,-12,67,-98,76,11,74,845000,0,38865,01,3,74,13265,0
0,150,-1,90,2485,14,1,75,-12,68,-98,12,11,82,845000,0,38851,15,3,57,13251,2
0,200,-2,53,2480,25,2,35,-12,69,-97,49,11,89,845000,0,38837,30,3,39,13237,3
0,250,-3,17,2475,39,2,94,-12,63,-96,86,11,96,845000,0,38823,44,3,19,13223,4
0,300,-3,80,2470,56,3,54,-12,62,-96,23,12,02,845000,0,38809,58,2,99,13209,6
0,350,-4,43,2465,77,4,14,-12,61,-95,59,12,08,845000,0,38795,72,2,77,13195,7
0,400,-5,06,2461,00,4,75,-12,60,-94,95,12,13,845000,0,38781,87,2,56,13181,9
0,450,-5,69,2456,27,5,36,-12,59,-94,32,12,17,845000,0,38768,01,2,35,13168,0
0,500,-6,32,2451,57,5,97,-12,58,-93,68,12,21,836310,2,38754,21,2,15,13154,2
0,550,-6,95,2446,90,6,58,-12,57,-93,07,12,24,824998,8,38740,61,1,95,13140,6
0,600,-7,57,2442,27,7,19,-12,56,-92,46,12,27,813943,6,38727,18,1,77,13127,2
0,650,-8,20,2437,66,7,81,-12,54,-91,87,12,30,803139,0,38713,93,1,61,13113,9
0,700,-8,83,2433,08,8,42,-12,52,-91,30,12,32,792552,1,38700,86,1,48,13100,9
0,750,-9,45,2428,53,9,04,-12,50,-90,74,12,34,781300,0,38687,96,1,37,13088,0
0,800,-10,08,2424,00,9,65,-12,48,-90,19,12,36,768711,3,38675,27,1,30,13075,3
0,850,-10,70,2419,51,10,27,-12,45,-89,66,12,37,756476,3,38662,78,1,27,13062,8
0,900,-11,32,2415,04,10,89,-12,41,-89,15,12,38,744635,1,38650,48,1,27,13050,5
0,950,-11,94,2410,59,11,51,-12,38,-88,65,12,34,729182,8,38638,34,1,32,13038,3
1,000,-12,56,2406,17,12,13,-12,34,-88,17,12,32,722124,2,38626,42,1,38,13026,4
1,050,-13,18,2401,78,12,74,-12,30,-87,70,12,30,711280,7,38614,68,1,43,13014,7
1,100,-13,79,2397,40,13,36,-12,26,-87,24,12,28,700742,2,38603,11,1,46,13003,1
1,150,-14,40,2393,05,13,97,-12,22,-86,80,12,26,690521,6,38591,71,1,49,12991,7
1,200,-15,01,2388,72,14,58,-12,19,-86,37,12,23,680577,7,38580,48,1,51,12980,5
1,250,-15,62,2384,41,15,19,-12,16,-85,95,12,20,670924,8,38569,41,1,51,12969,4
1,300,-16,23,2380,13,15,80,-12,13,-85,55,12,18,661549,9,38558,50,1,51,12958,5
1,350,-16,84,2375,86,16,41,-12,11,-85,16,12,15,652469,1,38547,74,1,50,12947,7
1,400,-17,44,2371,61,17,02,-12,08,-84,78,12,12,643643,1,38537,12,1,49,12937,1
1,450,-18,04,2367,38,17,62,-12,06,-84,41,12,09,635115,4,38526,65,1,48,12926,7
1,500,-18,65,2363,17,18,23,-12,04,-84,05,12,06,626792,4,38516,31,1,48,12916,3
1,550,-19,25,2358,98,18,83,-12,02,-83,70,12,03,618746,4,38506,11,1,48,12906,1
1,600,-19,85,2354,80,19,43,-12,05,-83,37,12,00,618478,1,38495,99,1,51,12896,0
1,650,-20,45,2350,64,20,03,-12,06,-83,04,11,97,603482,6,38486,05,1,53,12886,1
1,700,-21,06,2346,50,20,63,-12,07,-82,72,11,94,596116,1,38476,22,1,55,12876,2
1,750,-21,66,2342,37,21,22,-12,08,-82,41,11,91,588986,3,38466,51,1,56,12866,5
1,800,-22,26,2338,25,21,82,-12,09,-82,11,11,88,582027,9,38456,92,1,56,12856,9
1,850,-22,87,2334,16,22,41,-12,10,-81,82,11,85,575286,8,38447,44,1,55,12847,4
1,900,-23,47,2330,07,23,00,-12,11,-81,54,11,82,568726,4,38438,07,1,53,12838,1
1,950,-24,08,2326,00,23,59,-12,13,-81,27,11,80,562365,8,38428,80,1,50,12828,8
2,000,-24,69,2321,95,24,18,-12,14,-81,00,11,77,556196,9,38419,63,1,47,12819,6
2,050,-25,29,2317,90,24,77,-12,15,-80,74,11,75,550210,7,38410,57,1,43,12810,6
2,100,-25,90,2313,87,25,36,-12,16,-80,49,11,73,544400,0,38401,60,1,38,12801,6
2,150,-26,51,2309,85,25,94,-12,17,-80,25,11,71,538757,3,38392,73,1,34,12792,7
2,200,-27,12,2305,85,26,53,-12,19,-80,01,11,70,533275,3,38383,94,1,29,12783,9
2,250,-27,73,2301,85,27,11,-12,20,-79,78,11,68,527974,6,38375,25,1,24,12775,3
2,300,-28,34,2297,87,27,70,-12,21,-79,56,11,67,522820,2,38366,64,1,19,12766,6
2,350,-28,95,2293,90,28,28,-12,22,-79,34,11,66,517805,9,38358,11,1,15,12758,1
2,400,-29,56,2289,93,28,86,-12,23,-79,14,11,65,512925,2,38349,67,1,11,12749,7
2,450,-30,17,2285,98,29,45,-12,25,-78,93,11,64,508226,4,38341,30,1,08,12741,3
2,500,-30,79,2282,04,30,03,-12,26,-78,74,11,63,503677,0,38333,01,1,06,12733,0
2,550,-31,40,2278,11,30,61,-12,27,-78,55,11,65,486330,9,38324,77,1,05,12724,8
2,600,-32,01,2274,18,31,19,-12,29,-78,36,11,66,495003,3,38316,62,1,04,12716,6
2,650,-32,63,2270,27,31,77,-12,30,-78,18,11,66,490832,0,38308,54,1,03,12708,5
2,700,-33,24,2266,37,32,36,-12,31,-78,01,11,66,486786,7,38300,53,1,02,12700,5
2,750,-33,86,2262,47,32,94,-12,32,-77,84,11,67,482806,4,38292,58,1,00,12692,6
2,800,-34,47,2258,58,33,52,-12,33,-77,67,11,67,478996,2,38284,70,0,98,12684,7
2,850,-35,09,2254,70,34,11,-12,34,-77,52,11,68,475268,9,38276,88,0,96,12676,9
2,900,-35,71,2250,83,34,69,-12,35,-77,36,11,68,471674,1,38269,13,0,93,12669,1
2,950,-36,33,2246,97,35,28,-12,36,-77,21,11,69,468152,0,38261,43,0,90,12661,4
3,000,-36,94,2243,11,35,86,-12,37,-77,06,11,69,464753,5,38253,78,0,87,12653,8
3,050,-37,56,2239,26,36,44,-12,37,-76,92,11,70,461446,2,38246,19,0,83,12646,2
3,100,-38,18,2235,42,37,03,-12,38,-76,79,11,70,458226,0,38238,66,0,80,12638,7
3,150,-38,80,2231,58,37,61,-12,38,-76,65,11,71,455116,3,38231,17,0,77,12631,2
3,200,-39,42,2227,75,38,20,-12,39,-76,52,11,71,452112,6,38223,74,0,73,12623,7
3,250,-40,04,2223,93,38,79,-12,39,-76,40,11,72,449156,5,38216,36,0,70,12616,4
3,300,-40,66,2220,11,39,37,-12,39,-76,28,11,72,446298,9,38209,02,0,67,12609,0
3,350,-41,28,2216,30,39,96,-12,39,-76,16,11,73,443536,2,38201,72,0,65,12601,7
3,400,-41,90,2212,50,40,55,-12,39,-76,04,11,74,440864,5,38194,48,0,63,12594,5
3,450,-42,52,2208,70,41,13,-12,39,-75,93,11,74,438253,3,38187,27,0,62,12587,3
3,500,-43,14,2204,90,41,72,-12,36,-75,83,11,75,436096,8,38180,08,0,61,12580,1
3,550,-43,75,2201,11,42,31,-12,36,-75,72,11,75,433371,3,38172,96,0,60,12573,0
3,600,-44,37,2197,33,42,89,-12,35,-75,62,11,76,430971,3,38165,88,0,59,12565,9
3,650,-44,99,2193,55,43,48,-12,35,-75,52,11,76,428646,2,38158,83,0,57,12558,8
3,700,-45,61,2189,78,44,07,-12,34,-75,43,11,77,426392,8,38151,83,0,55,12551,8
3,750,-46,22,2186,01,44,66,-12,34,-75,33,11,77,424208,4,38144,86,0,54,12544,9
3,800,-46,84,2182,25,45,25,-12,33,-75,24,11,78,422089,8,38137,92,0,52,12537,9
3,850,-47,46,2178,49,45,84,-12,32,-75,16,11,78,420034,6,38131,02,0,50,12531,0
3,900,-48,07,2174,73,46,43,-12,32,-75,07,11,78,418039,7,38124,15,0,48,12524,2
3,950,-48,69,2170,98,47,02,-12,31,-74,99,11,79,416102,9,38117,32,0,46,12517,3
4,000,-49,30,2167,23,47,61,-12,31,-74,91,11,79,414182,2,38110,51,0,44,12510,5
4,050,-49,92,2163,49,48,19,-12,30,-74,83,11,79,412323,8,38103,74,0,42,12503,7
4,100,-50,53,2159,75,48,78,-12,29,-74,76,11,79,410526,5,38097,00,0,41,12497,0
4,150,-51,15,2156,01,49,37,-12,29,-74,68,11,79,408761,4,38090,28,0,40,12490,3
4,200,-51,76,2152,28,49,96,-12,28,-74,61,11,79,407027,0,38083,59,0,40,12483,6
4,250,-52,38,2148,55,50,55,-12,27,-74,54,11,79,405322,3,38076,94,0,40,12476,9
4,300,-52,99,2144,82,51,14,-12,26,-74,48,11,77,403235,2,38070,28,0,41,12470,3
4,350,-53,60,2141,10,51,73,-12,25,-74,42,11,76,402133,8,38063,68,0,41,12463,7
4,400,-54,21,2137,38,52,32,-12,25,-74,35,11,76,400562,6,38057,10,0,41,12457,1
4,450,-54,83,2133,67,52,91,-12,24,-74,29,11,75,399016,9,38050,55,0,42,12450,6
4,500,-55,44,2129,95,53,49,-12,23,-74,24,11,75,397495,0,38044,02,0,41,12444,0
4,550,-56,05,2126,24,54,08,-12,22,-74,18,11,75,396023,6,38037,52,0,41,12437,5
4,600,-56,66,2122,54,54,67,-12,21,-74,12,11,74,394574,1,38031,04,0,40,12431,0
4,650,-57,27,2118,83,55,25,-12,21,-74,07,11,74,393145,0,38024,58,0,40,12424,6
4,700,-57,88,2115,13,55,84,-12,20,-74,02,11,73,391763,4,38018,15,0,39,12418,2
4,750,-58,49,2111,43,56,43,-12,19,-73,97,11,73,390428,1,38011,73,0,38,12411,7
4,800,-59,10,2107,73,57,01,-12,19,-73,92,11,73,389082,8,38005,35,0,36,12405,4
4,850,-59,71,2104,04,57,60,-12,18,-73,88,11,72,387809,6,37998,98,0,35,12399,0
4,900,-60,32,2100,34,58,19,-12,17,-73,83,11,72,386552,3,37992,63,0,34,12392,6
4,950,-60,93,2096,65,58,77,-12,17,-73,79,11,71,385309,6,37986,31,0,32,12386,3
5,000,-61,54,2092,96,59,36,-12,16,-73,75,11,71,384108,4,37980,00,0,31,12380,0
5,050,-62,14,2089,28,59,94,-12,16,-73,71,11,71,382921,0,37973,71,0,30,12373,7
5,100,-62,75,2085,59,60,53,-12,15,-73,67,11,70,381773,5,37967,45,0,28,12367,5
5,150,-63,36,2081,91,61,11,-12,15,-73,63,11,70,380665,2,37961,20,0,27,12361,2
5,200,-63,97,2078,23,61,70,-12,14,-73,60,11,69,379567,4,37954,97,0,26,12355,0
5,250,-64,57,2074,55,62,28,-12,14,-73,56,11,69,378507,2,37948,76,0,26,12348,8
5,300,-65,18,2070,87,62,87,-12,13,-73,53,11,68,377455,8,37942,56,0,25,12342,6
5,350,-65,79,2067,20,63,45,-12,13,-73,50,11,68,376440,5,37936,38,0,25,12336,4
5,400,-66,39,2063,52,64,04,-12,12,-73,47,11,67,375432,5,37930,22,0,25,12330,2
5,450,-67,00,2059,85,64,62,-12,14,-73,44,11,67,374458,7,37924,07,0,26,12324,1
5,500,-67,61,2056,18,65,20,-12,14,-73,42,11,66,373536,9,37917,93,0,26,12317,9
5,550,-68,21,2052,51,65,79,-12,14,-73,40,11,66,390728,9,37911,74,0,27,12311,7
5,600,-68,82,2048,84,66,37,-12,14,-73,39,11,65,383321,9,37905,53,0,27,12305,5
5,650,-69,43,2045,17,66,95,-12,12,-73,39,11,65,365929,3,37899,31,0,28,12299,3
5,700,-70,03,2041,50,67,53,-12,12,-73,40,11,64,385313,2,37892,98,0,28,12293,0
5,750,-70,64,2037,83,68,11,-12,11,-73,41,11,64,385436,8,37886,66,0,28,12286,7
5,800,-71,24,2034,16,68,70,-12,11,-73,43,11,63,385460,8,37880,35,0,28,12280,4
5,850,-71,85,2030,49,69,28,-12,11,-73,44,11,63,385321,8,37874,03,0,28,12274,0
5,900,-72,46,2026,82,69,86,-12,10,-73,45,11,62,385150,8,37867,71,0,28,12267,7
5,950,-73,06,2023,14,70,44,-12,10,-73,46,11,62,384939,3,37861,40,0,28,12261,4
6,000,-73,67,2019,47,71,02,-12,10,-73,46,11,61,393049,5,37855,13,0,27,12255,1
6,050,-74,27,2015,80,71,60,-12,10,-73,47,11,60,392305,4,37848,88,0,27,12248,9
6,100,-74,88,2012,12,72,18,-12,09,-73,47,11,60,391213,8,37842,63,0,27,12242,6
6,150,-75,48,2008,45,72,76,-12,09,-73,47,11,59,390293,6,37836,39,0,26,12236,4
6,200,-76,09,2004,78,73,34,-12,09,-73,47,11,59,389267,7,37830,17,0,26,12230,2
6,250,-76,69,2001,10,73,92,-12,11,-73,47,11,58,382320,6,37823,96,0,25,12224,0
6,300,-77,30,1997,43,74,50,-12,09,-73,47,11,58,380295,0,37817,74,0,25,12217,7
6,350,-77,90,1993,76,75,08,-12,10,-73,47,11,58,379651,6,37811,55,0,24,12211,6
6,400,-78,51,1990,08,75,66,-12,10,-73,47,11,57,385867,9,37805,37,0,23,12205,4
6,450,-79,11,1986,41,76,23,-12,10,-73,47,11,57,377458,6,37799,19,0,23,12199,2
6,500,-79,72,1982,74,76,81,-12,08,-73,47,11,56,381991,0,37793,04,0,22,12193,0
6,550,-80,32,1979,06,77,39,-12,07,-73,46,11,56,375689,9,37786,89,0,21,12186,9
6,600,-80,93,1975,39,77,97,-12,09,-73,46,11,55,374876,9,37780,77,0,20,12180,8
6,650,-81,53,1971,72,78,55,-12,09,-73,45,11,55,373729,2,37774,64,0,19,12174,6
6,700,-82,13,1968,05,79,12,-12,08,-73,45,11,54,372793,6,37768,52,0,19,12168,5
6,750,-82,74,1964,37,79,70,-12,08,-73,45,11,54,371935,1,37762,41,0,18,12162,4
6,800,-83,34,1960,70,80,28,-12,06,-73,44,11,54,363395,1,37756,34,0,17,12156,3
6,850,-83,94,1957,03,80,85,-12,06,-73,43,11,53,369971,8,37750,27,0,16,12150,3
6,900,-84,55,1953,36,81,43,-12,06,-73,43,11,53,369087,3,37744,21,0,16,12144,2
6,950,-85,15,1949,69,82,01,-12,07,-73,42,11,52,368805,3,37738,17,0,15,12138,2
7,000,-85,75,1946,02,82,58,-12,06,-73,41,11,52,367358,0,37732,14,0,14,12132,1
7,050,-86,36,1942,35,83,16,-12,05,-73,40,11,52,361871,5,37726,13,0,13,12126,1
7,100,-86,96,1938,68,83,74,-12,05,-73,39,11,51,365602,9,37720,13,0,13,12120,1
7,150,-87,56,1935,01,84,31,-12,06,-73,38,11,51,364919,6,37714,15,0,12,12114,2
7,200,-88,16,1931,34,84,89,-12,04,-73,37,11,51,363214,1,37708,18,0,11,12108,2
7,250,-88,77,1927,67,85,46,-12,05,-73,36,11,50,364619,3,37702,22,0,11,12102,2
7,300,-89,37,1924,00,86,04,-12,04,-73,35,11,50,361809,2,37696,28,0,10,12096,3
7,350,-89,97,1920,33,86,61,-12,04,-73,34,11,50,361975,9,37690,35,0,09,12090,4
7,400,-90,57,1916,67,87,19,-12,03,-73,33,11,49,360851,2,37684,43,0,09,12084,4
7,450,-91,17,1913,00,87,76,-12,03,-73,33,11,49,358507,6,37678,52,0,08,12078,5
7,500,-91,78,1909,33,88,34,-12,03,-73,32,11,49,358045,8,37672,62,0,08,12072,6
7,550,-92,38,1905,67,88,91,-12,03,-73,31,11,48,357564,6,37666,73,0,07,12066,7
7,600,-92,98,1902,00,89,48,-12,02,-73,30,11,48,357121,8,37660,86,0,07,12060,9
7,650,-93,58,1898,34,90,06,-12,03,-73,29,11,48,357681,2,37654,99,0,07,12055,0
7,700,-94,18,1894,67,90,63,-12,02,-73,28,11,48,356228,5,37649,14,0,06,12049,1
7,750,-94,78,1891,01,91,21,-12,02,-73,28,11,47,356888,8,37643,29,0,06,12043,3
7,800,-95,38,1887,35,91,78,-12,02,-73,27,11,47,356262,5,37637,45,0,06,12037,5
7,850,-95,98,1883,68,92,35,-12,01,-73,26,11,47,354792,5,37631,63,0,05,12031,6
7,900,-96,58,1880,02,92,93,-12,01,-73,26,11,46,355101,1,37625,81,0,05,12025,8
7,950,-97,18,1876,36,93,50,-12,01,-73,25,11,46,354011,9,37620,00,0,05,12020,0
8,000,-97,79,1872,70,94,07,-12,01,-73,24,11,46,353493,9,37614,20,0,04,12014,2
8,050,-98,39,1869,03,94,64,-12,00,-73,24,11,45,353066,8,37608,41,0,04,12008,4
8,100,-98,99,1865,37,95,22,-12,00,-73,24,11,45,352628,7,37602,62,0,04,12002,6
8,150,-99,59,1861,71,95,79,-12,00,-73,23,11,45,352177,8,37596,84,0,04,11996,8
8,200,-100,19,1858,05,96,36,-12,00,-73,23,11,45,351765,3,37591,07,0,04,11991,1
8,250,-100,79,1854,39,96,93,-11,99,-73,22,11,44,351340,7,37585,31,0,04,11985,3
8,300,-101,38,1850,73,97,51,-11,99,-73,22,11,44,350931,1,37579,55,0,04,11979,6
8,350,-101,98,1847,07,98,08,-11,99,-73,22,11,44,350536,3,37573,80,0,03,11973,8
8,400,-102,58,1843,41,98,65,-11,98,-73,22,11,44,350128,3,37568,06,0,03,11968,1
8,450,-103,18,1839,74,99,22,-11,98,-73,22,11,43,349762,1,37562,32,0,03,11962,3
8,500,-103,78,1836,08,99,79,-11,98,-73,22,11,43,349382,2,37556,59,0,03,11956,6
8,550,-104,38,1832,42,100,36,-11,98,-73,22,11,43,349043,1,37550,87,0,03,11950,9
8,600,-104,98,1828,76,100,94,-11,97,-73,22,11,42,348690,0,37545,15,0,04,11945,2
8,650,-105,58,1825,10,101,51,-11,97,-73,22,11,42,348349,7,37539,44,0,04,11939,4
8,700,-106,18,1821,44,102,08,-11,97,-73,22,11,42,347993,8,37533,73,0,04,11933,7
8,750,-106,77,1817,78,102,65,-11,97,-73,22,11,42,347677,8,37528,03,0,04,11928,0
8,800,-107,37,1814,12,103,22,-11,96,-73,22,11,41,347346,2,37522,33,0,04,11922,3
8,850,-107,97,1810,46,103,79,-11,96,-73,22,11,41,347053,9,37516,64,0,04,11916,6
8,900,-108,57,1806,80,104,36,-11,96,-73,22,11,41,346745,5,37510,95,0,04,11911,0
8,950,-109,17,1803,14,104,93,-11,96,-73,22,11,40,346448,0,37505,27,0,04,11905,3
9,000,-109,76,1799,47,105,50,-11,95,-73,23,11,40,346161,6,37499,59,0,04,11899,6
9,050,-110,36,1795,81,106,07,-11,95,-73,23,11,40,345885,7,37493,92,0,04,11893,9
9,100,-110,96,1792,15,106,64,-11,95,-73,23,11,39,345592,7,37488,25,0,04,11888,3
9,150,-111,56,1788,49,107,21,-11,95,-73,24,11,39,345337,2,37482,59,0,04,11882,6
9,200,-112,15,1784,83,107,78,-11,94,-73,24,11,39,345064,0,37476,93,0,04,11876,9
9,250,-112,75,1781,17,108,35,-11,94,-73,24,11,39,344828,0,37471,27,0,05,11871,3
9,300,-113,35,1777,50,108,92,-11,94,-73,25,11,38,344574,0,37465,62,0,05,11865,6
9,350,-113,94,1773,84,109,49,-11,94,-73,25,11,38,344329,0,37459,98,0,05,11860,0
9,400,-114,54,1770,18,110,06,-11,93,-73,26,11,38,344092,9,37454,33,0,05,11854,3
9,450,-115,14,1766,52,110,63,-11,93,-73,26,11,37,343865,5,37448,70,0,05,11848,7
9,500,-115,73,1762,85,111,19,-11,93,-73,27,11,37,343646,7,37443,06,0,05,11843,1
9,550,-116,33,1759,19,111,76,-11,93,-73,27,11,37,343408,5,37437,43,0,05,11837,4
9,600,-116,93,1755,53,112,33,-11,92,-73,26,11,37,363194,3,37431,62,0,05,11831,6
9,650,-117,52,1751,86,112,90,-11,92,-73,24,11,36,363877,8,37425,66,0,05,11825,7
9,700,-118,12,1748,20,113,47,-11,92,-73,22,11,36,364861,2,37419,69,0,05,11819,7
9,750,-118,71,1744,54,114,03,-11,92,-73,19,11,36,365759,2,37413,70,0,05,11813,7
9,800,-119,31,1740,88,114,60,-11,91,-73,17,11,35,366710,4,37407,70,0,05,11807,7
9,850,-119,91,1737,22,115,17,-11,91,-73,14,11,35,367605,0,37401,68,0,05,11801,7
9,900,-120,50,1733,57,115,74,-11,91,-73,11,11,35,368471,5,37395,64,0,05,11795,6
9,950,-121,10,1729,91,116,30,-11,91,-73,08,11,34,369337,5,37389,59,0,05,11789,6
10,000,-121,69,1726,26,116,87,-11,90,-73,05,11,34,370176,1,37383,53,0,05,11783,5
10,050,-122,29,1722,61,117,44,-11,90,-73,02,11,34,371015,6,37377,45,0,05,11777,5
10,100,-122,88,1718,96,118,01,-11,90,-72,99,11,33,371745,7,37371,36,0,05,11771,4
10,150,-123,48,1715,31,118,57,-11,90,-72,96,11,33,372533,1,37365,27,0,05,11765,3
10,200,-124,07,1711,66,119,14,-11,89,-72,92,11,33,373322,9,37359,15,0,05,11759,2
10,250,-124,67,1708,02,119,71,-11,89,-72,88,11,33,374088,0,37353,02,0,05,11753,0
10,300,-125,26,1704,37,120,27,-11,89,-72,85,11,32,374800,9,37346,88,0,05,11746,9
10,350,-125,86,1700,73,120,84,-11,89,-72,81,11,32,375544,8,37340,73,0,05,11740,7
10,400,-126,45,1697,09,121,40,-11,88,-72,77,11,32,376210,3,37334,57,0,05,11734,6
10,450,-127,04,1693,45,121,97,-11,88,-72,73,11,31,376936,1,37328,39,0,05,11728,4
10,500,-127,64,1689,82,122,53,-11,88,-72,69,11,31,377611,6,37322,21,0,05,11722,2
10,550,-128,23,1686,19,123,10,-11,88,-72,65,11,31,378237,5,37316,01,0,05,11716,0
10,600,-128,83,1682,55,123,67,-11,87,-72,60,11,31,378896,7,37309,80,0,04,11709,8
10,650,-129,42,1678,93,124,23,-11,87,-72,56,11,30,379535,4,37303,59,0,04,11703,6
10,700,-130,01,1675,30,124,80,-11,87,-72,51,11,30,380153,2,37297,36,0,04,11697,4
10,750,-130,61,1671,67,125,36,-11,87,-72,47,11,30,380723,0,37291,13,0,04,11691,1
10,800,-131,20,1668,05,125,93,-11,86,-72,42,11,29,381300,2,37284,88,0,04,11684,9
10,850,-131,79,1664,43,126,49,-11,86,-72,37,11,29,381885,3,37278,62,0,04,11678,6
10,900,-132,39,1660,81,127,05,-11,86,-72,33,11,29,382479,0,37272,35,0,04,11672,4
10,950,-132,98,1657,20,127,62,-11,86,-72,28,11,28,382998,5,37266,08,0,04,11666,1
11,000,-133,57,1653,59,128,18,-11,85,-72,23,11,28,383528,0,37259,80,0,04,11659,8
11,050,-134,16,1649,98,128,75,-11,85,-72,18,11,28,384066,5,37253,50,0,04,11653,5
11,100,-134,76,1646,37,129,31,-11,85,-72,12,11,28,384559,8,37247,20,0,04,11647,2
11,150,-135,35,1642,76,129,87,-11,85,-72,07,11,27,385035,6,37240,89,0,04,11640,9
11,200,-135,94,1639,16,130,44,-11,84,-72,02,11,27,385549,5,37234,58,0,04,11634,6
11,250,-136,53,1635,56,131,00,-11,84,-71,97,11,27,385991,6,37228,25,0,04,11628,3
11,300,-137,13,1631,97,131,56,-11,84,-71,91,11,26,386472,7,37221,92,0,04,11621,9
11,350,-137,72,1628,37,132,13,-11,84,-71,86,11,26,386937,7,37215,58,0,04,11615,6
11,400,-138,31,1624,78,132,69,-11,83,-71,80,11,26,387331,8,37209,23,0,03,11609,2
11,450,-138,90,1621,19,133,25,-11,83,-71,74,11,26,387820,8,37202,88,0,03,11602,9
11,500,-139,49,1617,61,133,82,-11,83,-71,69,11,25,388239,6,37196,52,0,03,11596,5
11,550,-140,08,1614,02,134,38,-11,83,-71,63,11,25,388615,7,37190,15,0,03,11590,2
11,600,-140,68,1610,44,134,94,-11,82,-71,57,11,25,389004,9,37183,77,0,03,11583,8
11,650,-141,27,1606,87,135,50,-11,82,-71,51,11,24,389407,7,37177,39,0,03,11577,4
11,700,-141,86,1603,29,136,07,-11,82,-71,45,11,24,389796,7,37171,00,0,03,11571,0
11,750,-142,45,1599,72,136,63,-11,82,-71,39,11,24,390144,2,37164,61,0,03,11564,6
11,800,-143,04,1596,15,137,19,-11,81,-71,33,11,23,390675,1,37158,21,0,03,11558,2
11,850,-143,63,1592,59,137,75,-11,81,-71,27,11,23,390811,2,37151,80,0,03,11551,8
11,900,-144,22,1589,02,138,31,-11,81,-71,21,11,23,391319,9,37145,39,0,03,11545,4
11,950,-144,81,1585,47,138,87,-11,80,-71,15,11,23,391623,2,37138,97,0,03,11539,0
12,000,-145,40,1581,91,139,44,-11,80,-71,09,11,22,391941,8,37132,55,0,03,11532,6
12,050,-145,99,1578,36,140,00,-11,80,-71,02,11,22,392552,7,37126,12,0,03,11526,1
12,100,-146,58,1574,81,140,56,-11,80,-70,96,11,22,392901,8,37119,68,0,03,11519,7
12,150,-147,17,1571,26,141,12,-11,80,-70,90,11,21,393211,6,37113,24,0,03,11513,2
12,200,-147,76,1567,72,141,68,-11,79,-70,83,11,21,393371,4,37106,80,0,03,11506,8
12,250,-148,35,1564,18,142,24,-11,79,-70,77,11,21,393406,6,37100,35,0,03,11500,4
12,300,-148,94,1560,64,142,80,-11,79,-70,70,11,21,393732,5,37093,89,0,03,11493,9
12,350,-149,53,1557,11,143,36,-11,78,-70,64,11,20,394020,2,37087,44,0,03,11487,4
12,400,-150,12,1553,58,143,92,-11,78,-70,57,11,20,394410,1,37080,98,0,03,11481,0
12,450,-150,71,1550,05,144,48,-11,78,-70,50,11,20,394538,9,37074,51,0,03,11474,5
12,500,-151,30,1546,53,145,04,-11,78,-70,44,11,19,394795,9,37068,04,0,03,11468,0
12,550,-151,88,1543,01,145,60,-11,77,-70,37,11,19,395319,3,37061,56,0,03,11461,6
12,600,-152,47,1539,49,146,16,-11,77,-70,30,11,19,395254,3,37055,09,0,03,11455,1
12,650,-153,06,1535,98,146,72,-11,77,-70,23,11,19,395509,6,37048,60,0,03,11448,6
12,700,-153,65,1532,47,147,28,-11,77,-70,16,11,18,395727,5,37042,12,0,03,11442,1
12,750,-154,24,1528,96,147,84,-11,76,-70,09,11,18,396213,7,37035,63,0,03,11435,6
12,800,-154,83,1525,46,148,40,-11,76,-70,03,11,18,396167,4,37029,13,0,03,11429,1
12,850,-155,41,1521,96,148,95,-11,76,-69,96,11,18,396414,2,37022,63,0,03,11422,6
12,900,-156,00,1518,46,149,51,-11,75,-69,89,11,17,396596,9,37016,13,0,03,11416,1
12,950,-156,59,1514,97,150,07,-11,75,-69,82,11,17,396774,4,37009,63,0,03,11409,6
13,000,-157,18,1511,48,150,63,-11,75,-69,74,11,17,397023,3,37003,12,0,03,11403,1
13,050,-157,76,1508,00,151,19,-11,75,-69,67,11,16,397430,6,36996,61,0,03,11396,6
13,100,-158,35,1504,51,151,75,-11,75,-69,60,11,16,397417,4,36990,09,0,03,11390,1
13,150,-158,94,1501,04,152,30,-11,74,-69,53,11,16,397560,0,36983,58,0,03,11383,6
13,200,-159,53,1497,56,152,86,-11,74,-69,46,11,16,397697,3,36977,06,0,02,11377,1
13,250,-160,11,1494,09,153,42,-11,74,-69,39,11,15,397905,0,36970,54,0,02,11370,5
13,300,-160,70,1490,62,153,98,-11,73,-69,31,11,15,398078,1,36964,01,0,02,11364,0
13,350,-161,29,1487,16,154,54,-11,73,-69,24,11,15,398244,4,36957,49,0,02,11357,5
13,400,-161,87,1483,70,155,09,-11,73,-69,17,11,14,398376,2,36950,95,0,02,11351,0
13,450,-162,46,1480,24,155,65,-11,73,-69,09,11,14,398528,6,36944,42,0,02,11344,4
13,500,-163,05,1476,79,156,21,-11,72,-69,02,11,14,398647,0,36937,89,0,02,11337,9
13,550,-163,63,1473,34,156,76,-11,72,-68,95,11,14,398786,6,36931,36,0,02,11331,4
13,600,-164,22,1469,89,157,32,-11,72,-68,87,11,13,398919,6,36924,81,0,02,11324,8
13,650,-164,80,1466,45,157,88,-11,72,-68,80,11,13,399046,4,36918,27,0,02,11318,3
13,700,-165,39,1463,01,158,43,-11,71,-68,72,11,13,399167,4,36911,73,0,02,11311,7
13,750,-165,97,1459,58,158,99,-11,71,-68,65,11,13,399283,5,36905,19,0,02,11305,2
13,800,-166,56,1456,15,159,55,-11,71,-68,57,11,12,399392,6,36898,64,0,02,11298,6
13,850,-167,15,1452,72,160,10,-11,71,-68,50,11,12,399523,7,36892,09,0,02,11292,1
13,900,-167,73,1449,30,160,66,-11,70,-68,42,11,12,399595,5,36885,54,0,02,11285,5
13,950,-168,32,1445,88,161,21,-11,70,-68,35,11,11,399743,1,36878,98,0,02,11279,0
14,000,-168,90,1442,46,161,77,-11,70,-68,27,11,11,399831,5,36872,43,0,02,11272,4
14,050,-169,49,1439,05,162,33,-11,70,-68,20,11,11,400051,7,36865,88,0,02,11265,9
14,100,-170,07,1435,64,162,88,-11,69,-68,12,11,11,400018,8,36859,32,0,02,11259,3
14,150,-170,66,1432,24,163,44,-11,69,-68,04,11,10,400146,7,36852,76,0,02,11252,8
14,200,-171,24,1428,84,163,99,-11,69,-67,97,11,10,400213,5,36846,20,0,02,11246,2
14,250,-171,82,1425,44,164,55,-11,69,-67,89,11,10,400276,3,36839,63,0,02,11239,6
14,300,-172,41,1422,05,165,10,-11,68,-67,81,11,10,400389,8,36833,07,0,02,11233,1
14,350,-172,99,1418,66,165,66,-11,68,-67,74,11,09,400444,1,36826,51,0,02,11226,5
14,400,-173,58,1415,28,166,21,-11,68,-67,66,11,09,400493,5,36819,95,0,02,11220,0
14,450,-174,16,1411,90,166,76,-11,68,-67,58,11,09,400676,1,36813,38,0,02,11213,4
14,500,-174,74,1408,52,167,32,-11,67,-67,50,11,08,400717,0,36806,81,0,02,11206,8
14,550,-175,33,1405,15,167,87,-11,67,-67,43,11,08,400808,3,36800,23,0,02,11200,2
14,600,-175,91,1401,78,168,43,-11,67,-67,35,11,08,400868,4,36793,66,0,02,11193,7
14,650,-176,50,1398,41,168,98,-11,67,-67,27,11,08,400814,2,36787,09,0,02,11187,1
14,700,-177,08,1395,05,169,53,-11,66,-67,19,11,07,400948,9,36780,52,0,02,11180,5
14,750,-177,66,1391,69,170,09,-11,66,-67,11,11,07,400969,6,36773,95,0,02,11174,0
14,800,-178,24,1388,34,170,64,-11,66,-67,04,11,07,400986,1,36767,38,0,02,11167,4
14,850,-178,83,1384,99,171,20,-11,66,-66,96,11,07,401192,8,36760,80,0,02,11160,8
14,900,-179,41,1381,64,171,75,-11,65,-66,88,11,06,401092,7,36754,23,0,02,11154,2
14,950,-179,99,1378,30,172,30,-11,65,-66,80,11,06,401153,4,36747,65,0,02,11147,7
15,000,-180,58,1374,96,172,85,-11,65,-66,72,11,06,401321,6,36741,07,0,02,11141,1
15,050,-181,16,1371,63,173,41,-11,65,-66,64,11,06,401293,6,36734,49,0,02,11134,5
15,100,-181,74,1368,30,173,96,-11,64,-66,56,11,05,401316,4,36727,91,0,02,11127,9
15,150,-182,32,1364,97,174,51,-11,64,-66,48,11,05,401310,3,36721,32,0,02,11121,3
15,200,-182,90,1361,65,175,07,-11,64,-66,41,11,05,401383,1,36714,74,0,00,11114,7
15,250,-183,49,1358,33,175,62,-11,64,-66,33,11,05,401453,4,36708,16,0,00,11108,2
15,300,-184,07,1355,02,176,17,-11,63,-66,25,11,04,401465,7,36701,58,0,02,11101,6
15,350,-184,65,1351,71,176,72,-11,63,-66,17,11,04,401502,0,36695,00,0,02,11095,0
15,400,-185,23,1348,40,177,27,-11,63,-66,09,11,04,401562,8,36688,41,0,00,11088,4
15,450,-185,81,1345,10,177,83,-11,63,-66,01,11,04,401566,2,36681,83,0,02,11081,8
15,500,-186,39,1341,80,178,38,-11,62,-65,93,11,03,401566,4,36675,25,0,02,11075,3
15,550,-186,97,1338,50,178,93,-11,62,-65,85,11,03,401591,8,36668,67,0,02,11068,7
15,600,-187,56,1335,21,179,48,-11,62,-65,77,11,03,401641,6,36662,09,0,02,11062,1
15,650,-188,14,1331,93,180,03,-11,62,-65,69,11,02,401688,7,36655,50,0,00,11055,5
15,700,-188,72,1328,65,180,58,-11,61,-65,61,11,02,401705,7,36648,92,0,00,11048,9
15,750,-189,30,1325,37,181,13,-11,61,-65,53,11,02,401665,5,36642,34,0,00,11042,3
15,800,-189,88,1322,09,181,68,-11,61,-65,45,11,02,401677,9,36635,76,0,02,11035,8
15,850,-190,46,1318,82,182,24,-11,61,-65,37,11,02,401687,6,36629,18,0,02,11029,2
15,900,-191,04,1315,56,182,79,-11,60,-65,29,11,01,401639,9,36622,59,0,02,11022,6
15,950,-191,62,1312,29,183,34,-11,60,-65,21,11,01,401672,7,36616,01,0,02,11016,0
16,000,-192,20,1309,04,183,89,-11,60,-65,13,11,01,401730,7,36609,43,0,02,11009,4
16,050,-192,78,1305,78,184,44,-11,60,-65,05,11,00,401759,1,36602,85,0,00,11002,9
16,100,-193,36,1302,53,184,99,-11,59,-64,96,11,00,401730,3,36596,27,0,00,10996,3
16,150,-193,94,1299,28,185,54,-11,59,-64,88,11,00,401726,8,36589,68,0,02,10989,7
16,200,-194,52,1296,04,186,09,-11,59,-64,80,11,00,401721,2,36583,10,0,02,10983,1
16,250,-195,10,1292,80,186,64,-11,59,-64,72,10,99,401768,6,36576,52,0,00,10976,5
16,300,-195,68,1289,57,187,19,-11,58,-64,64,10,99,401731,8,36569,94,0,02,10969,9
16,350,-196,26,1286,34,187,74,-11,58,-64,56,10,99,401720,4,36563,36,0,02,10963,4
16,400,-196,83,1283,11,188,29,-11,58,-64,48,10,99,401735,2,36556,77,0,00,10956,8
16,450,-197,41,1279,89,188,84,-11,58,-64,40,10,99,401665,1,36550,19,0,02,10950,2
16,500,-197,99,1276,67,189,38,-11,58,-64,32,10,98,401745,5,36543,61,0,00,10943,6
16,550,-198,57,1273,46,189,93,-11,57,-64,24,10,98,401713,3,36537,03,0,02,10937,0
16,600,-199,15,1270,25,190,48,-11,57,-64,15,10,98,401721,0,36530,45,0,02,10930,5
16,650,-199,73,1267,04,191,03,-11,57,-64,07,10,97,401699,5,36523,86,0,00,10923,9
16,700,-200,31,1263,84,191,58,-11,57,-63,99,10,97,401704,2,36517,28,0,02,10917,3
16,750,-200,88,1260,65,192,13,-11,56,-63,91,10,97,401679,3,36510,70,0,02,10910,7
16,800,-201,46,1257,45,192,68,-11,56,-63,83,10,97,401667,0,36504,12,0,02,10904,1
16,850,-202,04,1254,26,193,23,-11,56,-63,75,10,96,401666,8,36497,54,0,00,10897,5
16,900,-202,62,1251,08,193,77,-11,56,-63,67,10,96,401637,7,36490,95,0,00,10891,0
16,950,-203,20,1247,90,194,32,-11,55,-63,58,10,96,401620,9,36484,37,0,00,10884,4
17,000,-203,77,1244,72,194,87,-11,55,-63,50,10,96,401602,7,36477,79,0,00,10877,8
17,050,-204,35,1241,54,195,42,-11,55,-63,42,10,95,401583,3,36471,21,0,00,10871,2
17,100,-204,93,1238,38,195,96,-11,55,-63,34,10,95,401562,6,36464,63,0,00,10864,6
17,150,-205,51,1235,21,196,51,-11,54,-63,26,10,95,401540,4,36458,04,0,00,10858,0
17,200,-206,08,1232,05,197,06,-11,54,-63,18,10,95,401530,3,36451,46,0,02,10851,5
17,250,-206,66,1228,89,197,61,-11,54,-63,10,10,95,401505,8,36444,88,0,02,10844,9
17,300,-207,24,1225,74,198,15,-11,54,-63,01,10,94,401479,5,36438,30,0,00,10838,3
17,350,-207,81,1222,59,198,70,-11,54,-62,93,10,94,401452,4,36431,71,0,00,10831,7
17,400,-208,39,1219,45,199,25,-11,53,-62,85,10,94,401465,3,36425,13,0,02,10825,1
17,450,-208,97,1216,31,199,80,-11,53,-62,77,10,93,401394,2,36418,55,0,00,10818,6
17,500,-209,54,1213,17,200,34,-11,53,-62,69,10,93,401390,9,36411,97,0,02,10812,0
17,550,-210,12,1210,04,200,89,-11,53,-62,60,10,93,401358,8,36405,39,0,00,10805,4
17,600,-210,70,1206,91,201,43,-11,52,-62,52,10,93,401339,5,36398,80,0,02,10798,8
17,650,-211,27,1203,79,201,98,-11,52,-62,44,10,92,401291,5,36392,22,0,00,10792,2
17,700,-211,85,1200,67,202,53,-11,52,-62,36,10,92,401214,9,36385,64,0,00,10785,6
17,750,-212,42,1197,55,203,07,-11,52,-62,28,10,92,401261,7,36379,06,0,02,10779,1
17,800,-213,00,1194,44,203,62,-11,51,-62,20,10,92,401211,0,36372,48,0,00,10772,5
17,850,-213,58,1191,33,204,17,-11,51,-62,11,10,91,401173,0,36365,90,0,00,10765,9
17,900,-214,15,1188,23,204,71,-11,51,-62,03,10,91,401092,5,36359,33,0,00,10759,3
17,950,-214,73,1185,13,205,26,-11,51,-61,95,10,91,401135,9,36352,76,0,00,10752,8
18,000,-215,30,1182,03,205,80,-11,50,-61,87,10,91,401095,3,36346,18,0,02,10746,2
18,050,-215,88,1178,94,206,35,-11,50,-61,79,10,91,401081,4,36339,61,0,02,10739,6
18,100,-216,45,1175,85,206,89,-11,50,-61,70,10,90,401066,7,36333,04,0,02,10733,0
18,150,-217,03,1172,77,207,44,-11,50,-61,62,10,90,401037,5,36326,47,0,02,10726,5
18,200,-217,60,1169,69,207,98,-11,50,-61,54,10,90,400993,8,36319,89,0,00,10719,9
18,250,-218,18,1166,62,208,53,-11,49,-61,46,10,90,400962,9,36313,32,0,00,10713,3
18,300,-218,75,1163,55,209,07,-11,49,-61,38,10,89,400848,2,36306,75,0,00,10706,8
18,350,-219,33,1160,48,209,62,-11,49,-61,29,10,89,400802,2,36300,18,0,00,10700,2
18,400,-219,90,1157,42,210,16,-11,49,-61,21,10,89,400796,7,36293,61,0,02,10693,6
18,450,-220,47,1154,36,210,71,-11,48,-61,13,10,89,400790,4,36287,03,0,02,10687,0
18,500,-221,05,1151,30,211,25,-11,48,-61,05,10,88,400686,8,36280,46,0,00,10680,5
18,550,-221,62,1148,25,211,79,-11,48,-60,96,10,88,400707,0,36273,89,0,00,10673,9
18,600,-222,20,1145,21,212,34,-11,48,-60,88,10,88,400699,0,36267,32,0,02,10667,3
18,650,-222,77,1142,16,212,88,-11,48,-60,80,10,88,400579,9,36260,75,0,00,10660,8
18,700,-223,34,1139,13,213,43,-11,47,-60,72,10,87,400598,4,36254,18,0,02,10654,2
18,750,-223,92,1136,09,213,97,-11,47,-60,64,10,87,400505,7,36247,61,0,00,10647,6
18,800,-224,49,1133,06,214,51,-11,47,-60,55,10,87,400495,4,36241,05,0,02,10641,1
18,850,-225,06,1130,04,215,06,-11,47,-60,47,10,87,400401,2,36234,48,0,00,10634,5
18,900,-225,64,1127,02,215,60,-11,46,-60,39,10,86,400403,8,36227,92,0,02,10627,9
18,950,-226,21,1124,00,216,14,-11,46,-60,31,10,86,400350,2,36221,36,0,00,10621,4
19,000,-226,78,1120,99,216,69,-11,46,-60,23,10,86,400379,1,36214,80,0,00,10614,8
19,050,-227,36,1117,98,217,23,-11,46,-60,14,10,86,400297,3,36208,23,0,02,10608,2
19,100,-227,93,1114,97,217,77,-11,46,-60,06,10,85,400228,7,36201,67,0,00,10601,7
19,150,-228,50,1111,97,218,31,-11,45,-59,98,10,85,400228,6,36195,11,0,00,10595,1
19,200,-229,07,1108,97,218,86,-11,45,-59,90,10,85,400159,3,36188,55,0,02,10588,6
19,250,-229,65,1105,98,219,40,-11,45,-59,82,10,85,400103,3,36181,98,0,02,10582,0
19,300,-230,22,1102,99,219,94,-11,45,-59,73,10,84,400060,6,36175,42,0,00,10575,4
19,350,-230,79,1100,01,220,48,-11,44,-59,65,10,84,400086,3,36168,86,0,00,10568,9
19,400,-231,36,1097,03,221,03,-11,44,-59,57,10,84,400014,7,36162,30,0,00,10562,3
19,450,-231,94,1094,05,221,57,-11,44,-59,49,10,84,399956,9,36155,75,0,02,10555,8
19,500,-232,51,1091,08,222,11,-11,44,-59,40,10,84,399912,5,36149,19,0,02,10549,2
19,550,-233,08,1088,11,222,65,-11,43,-59,32,10,83,399826,4,36142,64,0,02,10542,6
19,600,-233,65,1085,15,223,19,-11,43,-59,24,10,83,399795,3,36136,09,0,00,10536,1
19,650,-234,22,1082,19,223,73,-11,43,-59,16,10,83,399749,7,36129,54,0,00,10529,5
19,700,-234,79,1079,23,224,28,-11,43,-59,08,10,83,399703,9,36122,98,0,02,10523,0
19,750,-235,37,1076,28,224,82,-11,42,-58,99,10,82,399658,2,36116,43,0,02,10516,4
19,800,-235,94,1073,33,225,36,-11,42,-58,91,10,82,399639,4,36109,88,0,02,10509,9
19,850,-236,51,1070,39,225,90,-11,42,-58,83,10,82,399592,8,36103,32,0,00,10503,3
19,900,-237,08,1067,45,226,44,-11,42,-58,75,10,82,399586,9,36096,77,0,00,10496,8
19,950,-237,65,1064,51,226,98,-11,42,-58,67,10,81,399484,0,36090,22,0,00,10490,2
20,000,-238,22,1061,58,227,52,-11,41,-58,58,10,81,399422,8,36083,66,0,02,10483,7
20,050,-238,79,1058,65,228,06,-11,41,-58,50,10,81,399416,5,36077,11,0,00,10477,1
20,100,-239,36,1055,73,228,60,-11,41,-58,42,10,81,399381,9,36070,57,0,00,10470,6
20,150,-239,93,1052,81,229,14,-11,41,-58,34,10,81,399264,6,36064,02,0,02,10464,0
20,200,-240,50,1049,90,229,68,-11,40,-58,26,10,80,399271,4,36057,48,0,00,10457,5
20,250,-241,07,1046,99,230,22,-11,40,-58,17,10,80,399208,5,36050,94,0,00,10450,9
20,300,-241,64,1044,08,230,76,-11,40,-58,09,10,80,399201,1,36044,39,0,00,10444,4
20,350,-242,21,1041,18,231,30,-11,40,-58,01,10,80,399096,4,36037,85,0,00,10437,9
20,400,-242,78,1038,28,231,84,-11,40,-57,93,10,79,399075,0,36031,31,0,00,10431,3
20,450,-243,35,1035,38,232,38,-11,39,-57,85,10,79,399025,0,36024,77,0,00,10424,8
20,500,-243,92,1032,49,232,92,-11,39,-57,76,10,79,399016,7,36018,22,0,00,10418,2
20,550,-244,49,1029,61,233,46,-11,39,-57,68,10,79,398911,3,36011,68,0,02,10411,7
20,600,-245,06,1026,73,234,00,-11,39,-57,60,10,78,398874,6,36005,14,0,00,10405,1
20,650,-245,63,1023,85,234,54,-11,38,-57,52,10,78,398865,9,35998,59,0,00,10398,6
20,700,-246,20,1020,97,235,08,-11,38,-57,44,10,78,398746,0,35992,05,0,02,10392,1
20,750,-246,77,1018,10,235,62,-11,38,-57,35,10,78,398736,4,35985,52,0,00,10385,5
20,800,-247,34,1015,24,236,16,-11,38,-57,27,10,78,398740,8,35978,99,0,00,10379,0
20,850,-247,91,1012,38,236,69,-11,38,-57,19,10,77,398648,7,35972,45,0,00,10372,5
20,900,-248,47,1009,52,237,23,-11,37,-57,11,10,77,398611,3,35965,92,0,00,10365,9
20,949,-249,04,1006,67,237,77,-11,37,-57,03,10,77,398518,6,35959,39,0,02,10359,4
20,999,-249,61,1003,82,238,31,-11,37,-56,94,10,77,398508,5,35952,86,0,02,10352,9
21,049,-250,18,1000,97,238,85,-11,37,-56,86,10,76,398443,0,35946,32,0,00,10346,3
21,099,-250,75,998,13,239,39,-11,37,-56,78,10,76,398390,9,35939,79,0,00,10339,8
21,149,-251,32,995,29,239,92,-11,36,-56,70,10,76,398339,2,35933,26,0,00,10333,3
21,199,-251,88,992,46,240,46,-11,36,-56,62,10,76,398300,9,35926,72,0,00,10326,7
21,249,-252,45,989,63,241,00,-11,36,-56,53,10,75,398235,1,35920,19,0,00,10320,2
21,299,-253,02,986,81,241,54,-11,36,-56,45,10,75,398196,8,35913,66,0,00,10313,7
21,349,-253,59,983,99,242,08,-11,35,-56,37,10,75,398144,8,35907,13,0,00,10307,1
21,399,-254,16,981,17,242,61,-11,35,-56,29,10,75,398092,5,35900,61,0,00,10300,6
21,449,-254,72,978,36,243,15,-11,35,-56,21,10,75,398040,1,35894,09,0,02,10294,1
21,499,-255,29,975,55,243,69,-11,35,-56,12,10,74,398015,5,35887,56,0,02,10287,6
21,549,-255,86,972,75,244,22,-11,34,-56,04,10,74,397921,6,35881,04,0,00,10281,0
21,599,-256,42,969,95,244,76,-11,34,-55,96,10,74,397924,2,35874,52,0,00,10274,5
21,649,-256,99,967,15,245,30,-11,34,-55,88,10,74,397885,2,35867,99,0,00,10268,0
21,699,-257,56,964,36,245,83,-11,34,-55,80,10,73,397804,6,35861,47,0,00,10261,5
21,749,-258,13,961,57,246,37,-11,34,-55,72,10,73,397738,0,35854,95,0,02,10255,0
21,799,-258,69,958,79,246,91,-11,33,-55,63,10,73,397671,9,35848,42,0,00,10248,4
21,849,-259,26,956,01,247,44,-11,33,-55,55,10,73,397660,3,35841,90,0,00,10241,9
21,899,-259,83,953,23,247,98,-11,33,-55,47,10,72,397606,8,35835,38,0,00,10235,4
21,949,-260,39,950,46,248,52,-11,33,-55,39,10,72,397553,8,35828,87,0,00,10228,9
21,999,-260,96,947,69,249,05,-11,33,-55,31,10,72,397514,7,35822,35,0,00,10222,4
22,049,-261,52,944,93,249,59,-11,32,-55,23,10,72,397433,8,35815,84,0,00,10215,8
22,099,-262,09,942,17,250,12,-11,32,-55,14,10,72,397408,4,35809,32,0,00,10209,3
22,149,-262,66,939,41,250,66,-11,32,-55,06,10,71,397410,3,35802,81,0,00,10202,8
22,199,-263,22,936,66,251,20,-11,32,-54,98,10,71,397288,3,35796,30,0,02,10196,3
22,249,-263,79,933,92,251,73,-11,31,-54,90,10,71,397221,6,35789,79,0,00,10189,8
22,299,-264,35,931,17,252,27,-11,31,-54,82,10,71,397223,3,35783,27,0,00,10183,3
22,349,-264,92,928,43,252,80,-11,31,-54,74,10,71,397129,1,35776,76,0,00,10176,8
22,399,-265,49,925,70,253,34,-11,31,-54,65,10,70,397089,1,35770,24,0,00,10170,2
22,449,-266,05,922,97,253,87,-11,31,-54,57,10,70,397036,3,35763,73,0,00,10163,7
22,499,-266,62,920,24,254,41,-11,31,-54,49,10,70,396996,4,35757,22,0,00,10157,2
22,549,-267,18,917,52,254,94,-11,30,-54,41,10,70,396929,8,35750,71,0,00,10150,7
22,599,-267,75,914,80,255,48,-11,30,-54,33,10,69,396889,9,35744,21,0,02,10144,2
22,649,-268,31,912,09,256,01,-11,30,-54,25,10,69,396878,3,35737,70,0,00,10137,7
22,699,-268,88,909,38,256,55,-11,30,-54,16,10,69,396797,1,35731,20,0,00,10131,2
22,749,-269,44,906,67,257,08,-11,29,-54,08,10,69,396798,8,35724,70,0,00,10124,7
22,799,-270,01,903,97,257,61,-11,29,-54,00,10,69,396704,2,35718,20,0,00,10118,2
22,849,-270,57,901,27,258,15,-11,29,-53,92,10,68,396636,7,35711,69,0,02,10111,7
22,899,-271,13,898,58,258,68,-11,29,-53,84,10,68,396639,0,35705,19,0,00,10105,2
22,949,-271,70,895,89,259,22,-11,29,-53,76,10,68,396557,9,35698,68,0,00,10098,7
22,999,-272,26,893,20,259,75,-11,28,-53,67,10,68,396490,4,35692,18,0,02,10092,2
23,049,-272,83,890,52,260,28,-11,28,-53,59,10,67,396492,3,35685,67,0,00,10085,7
23,099,-273,39,887,84,260,82,-11,28,-53,51,10,67,396370,1,35679,17,0,00,10079,2
23,149,-273,95,885,17,261,35,-11,28,-53,43,10,67,396330,4,35672,68,0,00,10072,7
23,199,-274,52,882,50,261,89,-11,27,-53,35,10,67,396304,5,35666,18,0,02,10066,2
23,249,-275,08,879,83,262,42,-11,27,-53,27,10,67,396320,2,35659,69,0,00,10059,7
23,299,-275,65,877,17,262,95,-11,27,-53,19,10,66,396184,5,35653,20,0,00,10053,2
23,349,-276,21,874,52,263,49,-11,27,-53,10,10,66,396131,1,35646,70,0,00,10046,7
23,399,-276,77,871,86,264,02,-11,27,-53,02,10,66,396077,8,35640,21,0,00,10040,2
23,449,-277,34,869,21,264,55,-11,27,-52,94,10,66,396052,1,35633,71,0,00,10033,7
23,499,-277,90,866,57,265,08,-11,26,-52,86,10,65,396040,4,35627,22,0,00,10027,2
23,549,-278,46,863,93,265,62,-11,26,-52,78,10,65,395932,4,35620,73,0,00,10020,7
23,599,-279,02,861,29,266,15,-11,26,-52,70,10,65,395879,2,35614,23,0,00,10014,2
23,649,-279,59,858,66,266,68,-11,26,-52,62,10,65,395839,7,35607,74,0,00,10007,7
23,699,-280,15,856,03,267,21,-11,25,-52,53,10,65,395800,3,35601,25,0,00,10001,3
23,749,-280,71,853,40,267,75,-11,25,-52,45,10,64,395733,4,35594,76,0,00,9994,8
23,799,-281,28,850,78,268,28,-11,25,-52,37,10,64,395694,1,35588,28,0,02,9988,3
23,849,-281,84,848,17,268,81,-11,25,-52,29,10,64,395668,6,35581,79,0,00,9981,8
23,899,-282,40,845,55,269,34,-11,25,-52,21,10,64,395588,0,35575,31,0,00,9975,3
23,949,-282,96,842,95,269,87,-11,24,-52,13,10,63,395548,7,35568,82,0,00,9968,8
23,999,-283,52,840,34,270,41,-11,24,-52,05,10,63,395551,1,35562,34,0,00,9962,3
24,049,-284,09,837,74,270,94,-11,24,-51,96,10,63,395497,9,35555,86,0,00,9955,9
24,099,-284,65,835,14,271,47,-11,24,-51,88,10,63,395458,8,35549,37,0,00,9949,4
24,149,-285,21,832,55,272,00,-11,24,-51,80,10,63,395406,0,35542,89,0,00,9942,9
24,199,-285,77,829,96,272,53,-11,23,-51,72,10,62,395367,0,35536,40,0,00,9936,4
24,249,-286,33,827,38,273,06,-11,23,-51,64,10,62,395300,4,35529,92,0,00,9929,9
24,299,-286,90,824,80,273,59,-11,23,-51,56,10,62,395247,7,35523,44,0,00,9923,4
24,349,-287,46,822,22,274,12,-11,23,-51,48,10,62,395139,5,35516,96,0,00,9917,0
24,399,-288,02,819,65,274,66,-11,23,-51,40,10,62,395086,9,35510,49,0,02,9910,5
24,449,-288,58,817,08,275,19,-11,22,-51,31,10,61,395048,2,35504,02,0,02,9904,0
24,499,-289,14,814,52,275,72,-11,22,-51,23,10,61,394981,9,35497,54,0,00,9897,5
24,549,-289,70,811,96,276,25,-11,22,-51,15,10,61,394956,9,35491,07,0,00,9891,1
24,599,-290,26,809,41,276,78,-11,22,-51,07,10,61,394904,4,35484,59,0,00,9884,6
24,649,-290,82,806,85,277,31,-11,22,-50,99,10,61,394838,0,35478,12,0,00,9878,1
24,699,-291,38,804,31,277,84,-11,21,-50,91,10,60,394827,0,35471,64,0,00,9871,6
24,749,-291,94,801,76,278,37,-11,21,-50,83,10,60,394760,6,35465,17,0,00,9865,2
24,799,-292,51,799,22,278,90,-11,21,-50,75,10,60,394749,2,35458,70,0,00,9858,7
24,849,-293,07,796,69,279,43,-11,21,-50,66,10,60,394668,9,35452,22,0,02,9852,2
24,899,-293,63,794,16,279,96,-11,21,-50,58,10,60,394589,1,35445,75,0,00,9845,8
24,949,-294,19,791,63,280,49,-11,20,-50,50,10,59,394523,0,35439,29,0,00,9839,3
24,999,-294,75,789,11,281,02,-11,20,-50,42,10,59,394484,6,35432,82,0,00,9832,8
25,049,-295,31,786,59,281,55,-11,20,-50,34,10,59,394473,6,35426,36,0,00,9826,4
25,099,-295,87,784,07,282,08,-11,20,-50,26,10,59,394393,3,35419,89,0,00,9819,9
25,149,-296,43,781,56,282,61,-11,20,-50,18,10,58,394355,1,35413,43,0,00,9813,4
25,199,-296,99,779,06,283,13,-11,19,-50,10,10,58,394289,4,35406,96,0,00,9807,0
25,249,-297,55,776,55,283,66,-11,19,-50,02,10,58,394237,3,35400,50,0,00,9800,5
25,299,-298,11,774,05,284,19,-11,19,-49,93,10,58,394254,1,35394,03,0,00,9794,0
25,349,-298,66,771,56,284,72,-11,19,-49,85,10,58,394174,4,35387,57,0,00,9787,6
25,399,-299,22,769,07,285,25,-11,19,-49,77,10,57,394108,6,35381,10,0,00,9781,1
25,449,-299,78,766,58,285,78,-11,18,-49,69,10,57,394070,6,35374,64,0,00,9774,6
25,499,-300,34,764,10,286,31,-11,18,-49,61,10,57,394059,7,35368,18,0,00,9768,2
25,549,-300,90,761,62,286,84,-11,18,-49,53,10,57,393938,7,35361,73,0,00,9761,7
25,599,-301,46,759,15,287,36,-11,18,-49,45,10,57,393900,8,35355,27,0,00,9755,3
25,649,-302,02,756,68,287,89,-11,18,-49,37,10,56,393876,8,35348,82,0,00,9748,8
25,699,-302,58,754,21,288,42,-11,17,-49,29,10,56,393796,9,35342,36,0,00,9742,4
25,749,-303,14,751,75,288,95,-11,17,-49,20,10,56,393759,2,35335,91,0,00,9735,9
25,799,-303,70,749,29,289,48,-11,17,-49,12,10,56,393707,6,35329,45,0,00,9729,5
25,849,-304,25,746,84,290,01,-11,17,-49,04,10,56,393669,4,35323,00,0,00,9723,0
25,899,-304,81,744,39,290,53,-11,17,-48,96,10,55,393631,7,35316,54,0,00,9716,5
25,949,-305,37,741,94,291,06,-11,16,-48,88,10,55,393566,4,35310,09,0,00,9710,1
25,999,-305,93,739,50,291,59,-11,16,-48,80,10,55,393514,4,35303,63,0,00,9703,6
26,049,-306,49,737,06,292,12,-11,16,-48,72,10,55,393463,3,35297,18,0,00,9697,2
26,099,-307,04,734,63,292,64,-11,16,-48,64,10,55,393439,4,35290,73,0,00,9690,7
26,149,-307,60,732,20,293,17,-11,16,-48,56,10,54,393346,2,35284,28,0,00,9684,3
26,199,-308,16,729,77,293,70,-11,15,-48,48,10,54,393322,5,35277,84,0,00,9677,8
26,249,-308,72,727,35,294,22,-11,15,-48,39,10,54,393270,8,35271,39,0,02,9671,4
26,299,-309,28,724,93,294,75,-11,15,-48,31,10,54,393205,9,35264,95,0,00,9664,9
26,349,-309,83,722,52,295,28,-11,15,-48,23,10,54,393210,2,35258,50,0,00,9658,5
26,399,-310,39,720,11,295,80,-11,15,-48,15,10,53,393131,0,35252,05,0,00,9652,1
26,449,-310,95,717,70,296,33,-11,15,-48,07,10,53,393052,5,35245,61,0,00,9645,6
26,499,-311,50,715,30,296,86,-11,14,-47,99,10,53,393042,3,35239,16,0,00,9639,2
26,549,-312,06,712,90,297,38,-11,14,-47,91,10,53,392991,3,35232,72,0,00,9632,7
26,599,-312,62,710,51,297,91,-11,14,-47,83,10,52,392912,1,35226,27,0,00,9626,3
26,649,-313,18,708,12,298,44,-11,14,-47,75,10,52,392875,1,35219,83,0,00,9619,8
26,699,-313,73,705,74,298,96,-11,14,-47,67,10,52,392892,8,35213,38,0,00,9613,4
26,749,-314,29,703,35,299,49,-11,13,-47,58,10,52,392759,0,35206,95,0,00,9606,9
26,799,-314,85,700,98,300,01,-11,13,-47,50,10,52,392708,3,35200,52,0,00,9600,5
26,849,-315,40,698,60,300,54,-11,13,-47,42,10,52,392684,7,35194,08,0,00,9594,1
26,898,-315,96,696,23,301,07,-11,13,-47,34,10,51,392633,9,35187,64,0,00,9587,6
26,948,-316,52,693,87,301,59,-11,13,-47,26,10,51,392582,8,35181,21,0,00,9581,2
26,998,-317,07,691,51,302,12,-11,12,-47,18,10,51,392546,0,35174,77,0,00,9574,8
27,048,-317,63,689,15,302,64,-11,12,-47,10,10,51,392481,1,35168,34,0,00,9568,3
27,098,-318,18,686,80,303,17,-11,12,-47,02,10,51,392430,5,35161,90,0,00,9561,9
27,148,-318,74,684,45,303,69,-11,12,-46,94,10,50,392379,4,35155,46,0,00,9555,5
27,198,-319,30,682,10,304,22,-11,12,-46,86,10,50,392328,9,35149,03,0,00,9549,0
27,248,-319,85,679,76,304,74,-11,12,-46,78,10,50,392291,7,35142,59,0,00,9542,6
27,298,-320,41,677,43,305,27,-11,11,-46,70,10,50,392255,2,35136,16,0,00,9536,2
27,348,-320,96,675,09,305,79,-11,11,-46,61,10,50,392204,2,35129,73,0,00,9529,7
27,398,-321,52,672,77,306,32,-11,11,-46,53,10,49,392194,9,35123,31,0,00,9523,3
27,448,-322,07,670,44,306,84,-11,11,-46,45,10,49,392103,0,35116,88,0,00,9516,9
27,498,-322,63,668,12,307,37,-11,11,-46,37,10,49,392038,3,35110,46,0,02,9510,5
27,548,-323,18,665,80,307,89,-11,10,-46,29,10,49,391987,8,35104,03,0,00,9504,0
27,598,-323,74,663,49,308,42,-11,10,-46,21,10,49,391937,2,35097,61,0,00,9497,6
27,648,-324,29,661,18,308,94,-11,10,-46,13,10,48,391887,2,35091,18,0,00,9491,2
27,698,-324,85,658,88,309,47,-11,10,-46,05,10,48,391850,1,35084,75,0,00,9484,8
27,748,-325,40,656,58,309,99,-11,10,-45,97,10,48,391827,7,35078,33,0,00,9478,3
27,798,-325,96,654,28,310,51,-11,09,-45,89,10,48,391749,4,35071,90,0,00,9471,9
27,848,-326,51,651,99,311,04,-11,09,-45,81,10,48,391698,7,35065,48,0,00,9465,5
27,898,-327,07,649,70,311,56,-11,09,-45,73,10,47,391648,5,35059,05,0,00,9459,1
27,948,-327,62,647,42,312,08,-11,09,-45,64,10,47,391611,5,35052,64,0,00,9452,6
27,998,-328,18,645,14,312,61,-11,09,-45,56,10,47,391561,7,35046,22,0,00,9446,2
28,048,-328,73,642,86,313,13,-11,09,-45,48,10,47,391497,4,35039,80,0,00,9439,8
28,098,-329,29,640,59,313,66,-11,08,-45,40,10,47,391446,9,35033,39,0,00,9433,4
28,148,-329,84,638,32,314,18,-11,08,-45,32,10,47,391410,8,35026,97,0,00,9427,0
28,198,-330,39,636,06,314,70,-11,08,-45,24,10,46,391360,3,35020,56,0,00,9420,6
28,248,-330,95,633,80,315,22,-11,08,-45,16,10,46,391338,0,35014,14,0,00,9414,1
28,298,-331,50,631,54,315,75,-11,08,-45,08,10,46,391260,1,35007,73,0,00,9407,7
28,348,-332,06,629,29,316,27,-11,07,-45,00,10,46,391209,5,35001,31,0,00,9401,3
28,398,-332,61,627,04,316,79,-11,07,-44,92,10,46,391173,6,34994,89,0,00,9394,9
28,448,-333,16,624,80,317,32,-11,07,-44,84,10,45,391123,3,34988,48,0,00,9388,5
28,498,-333,72,622,56,317,84,-11,07,-44,76,10,45,391058,9,34982,06,0,00,9382,1
28,548,-334,27,620,32,318,36,-11,07,-44,68,10,45,391023,3,34975,65,0,00,9375,7
28,598,-334,82,618,09,318,88,-11,07,-44,60,10,45,390959,2,34969,25,0,00,9369,2
28,648,-335,38,615,86,319,41,-11,06,-44,51,10,45,390922,7,34962,84,0,00,9362,8
28,698,-335,93,613,64,319,93,-11,06,-44,43,10,44,390859,3,34956,43,0,00,9356,4
28,748,-336,48,611,42,320,45,-11,06,-44,35,10,44,390822,7,34950,03,0,00,9350,0
28,798,-337,04,609,20,320,97,-11,06,-44,27,10,44,390786,3,34943,62,0,00,9343,6
28,848,-337,59,606,99,321,49,-11,06,-44,19,10,44,390723,0,34937,21,0,00,9337,2
28,898,-338,14,604,78,322,02,-11,06,-44,11,10,44,390672,8,34930,81,0,00,9330,8
28,948,-338,69,602,58,322,54,-11,05,-44,03,10,44,390636,7,34924,40,0,00,9324,4
28,998,-339,25,600,38,323,06,-11,05,-43,95,10,43,390587,4,34918,00,0,00,9318,0
29,048,-339,80,598,18,323,58,-11,05,-43,87,10,43,390537,4,34911,59,0,00,9311,6
29,098,-340,35,595,99,324,10,-11,05,-43,79,10,43,390487,2,34905,18,0,00,9305,2
29,148,-340,90,593,81,324,62,-11,05,-43,71,10,43,390437,9,34898,78,0,00,9298,8
29,198,-341,46,591,62,325,15,-11,04,-43,63,10,43,390387,9,34892,39,0,00,9292,4
29,248,-342,01,589,44,325,67,-11,04,-43,55,10,42,390337,8,34885,99,0,00,9286,0
29,298,-342,56,587,27,326,19,-11,04,-43,47,10,42,390357,1,34879,59,0,00,9279,6
29,348,-343,11,585,10,326,71,-11,04,-43,38,10,42,390252,4,34873,20,0,00,9273,2
29,398,-343,67,582,93,327,23,-11,04,-43,30,10,42,390188,5,34866,80,0,00,9266,8
29,448,-344,22,580,77,327,75,-11,04,-43,22,10,42,390152,4,34860,40,0,00,9260,4
29,498,-344,77,578,61,328,27,-11,03,-43,14,10,41,390103,4,34854,01,0,00,9254,0
29,548,-345,32,576,45,328,79,-11,03,-43,06,10,41,390053,6,34847,61,0,00,9247,6
29,598,-345,87,574,30,329,31,-11,03,-42,98,10,41,390003,6,34841,21,0,00,9241,2
29,648,-346,42,572,15,329,83,-11,03,-42,90,10,41,389940,0,34834,82,0,00,9234,8
29,698,-346,97,570,01,330,35,-11,03,-42,82,10,41,389904,7,34828,42,0,00,9228,4
29,748,-347,53,567,87,330,87,-11,03,-42,74,10,41,389868,5,34822,03,0,00,9222,0
29,798,-348,08,565,74,331,39,-11,02,-42,66,10,40,389805,0,34815,64,0,00,9215,6
29,848,-348,63,563,61,331,91,-11,02,-42,58,10,40,389783,5,34809,25,0,00,9209,3
29,898,-349,18,561,48,332,44,-11,02,-42,50,10,40,389692,4,34802,87,0,00,9202,9
29,948,-349,73,559,36,332,96,-11,02,-42,42,10,40,389670,1,34796,48,0,00,9196,5
29,998,-350,28,557,24,333,47,-11,02,-42,34,10,40,389606,4,34790,09,0,00,9190,1
30,048,-350,83,555,12,333,99,-11,02,-42,26,10,39,389598,8,34783,71,0,00,9183,7
30,098,-351,38,553,01,334,51,-11,01,-42,18,10,39,389521,6,34777,32,0,00,9177,3
30,148,-351,93,550,90,335,03,-11,01,-42,09,10,39,389457,9,34770,93,0,00,9170,9
30,198,-352,48,548,80,335,55,-11,01,-42,01,10,39,389421,8,34764,55,0,00,9164,5
30,248,-353,03,546,70,336,07,-11,01,-41,93,10,39,389358,5,34758,16,0,00,9158,2
30,298,-353,59,544,61,336,59,-11,01,-41,85,10,39,389337,1,34751,77,0,00,9151,8
30,348,-354,14,542,52,337,11,-11,01,-41,77,10,38,389273,8,34745,39,0,00,9145,4
30,398,-354,69,540,43,337,63,-11,00,-41,69,10,38,389210,1,34739,01,0,00,9139,0
30,448,-355,24,538,35,338,15,-11,00,-41,61,10,38,389188,1,34732,63,0,00,9132,6
30,498,-355,79,536,27,338,67,-11,00,-41,53,10,38,389125,2,34726,26,0,00,9126,3
30,548,-356,34,534,20,339,19,-11,00,-41,45,10,38,389089,3,34719,88,0,00,9119,9
30,598,-356,89,532,13,339,71,-11,00,-41,37,10,38,389025,6,34713,50,0,00,9113,5
30,648,-357,44,530,06,340,23,-11,00,-41,29,10,37,388975,8,34707,13,0,00,9107,1
30,698,-357,99,528,00,340,74,-10,99,-41,21,10,37,388940,0,34700,75,0,02,9100,8
30,748,-358,53,525,94,341,26,-10,99,-41,13,10,37,388890,9,34694,38,0,00,9094,4
30,798,-359,08,523,88,341,78,-10,99,-41,05,10,37,388841,2,34688,00,0,00,9088,0
30,848,-359,63,521,83,342,30,-10,99,-40,97,10,37,388777,6,34681,62,0,00,9081,6
30,898,-360,18,519,79,342,82,-10,99,-40,89,10,36,388741,8,34675,24,0,00,9075,2
30,948,-360,73,517,74,343,34,-10,99,-40,81,10,36,388692,2,34668,87,0,00,9068,9
30,998,-361,28,515,71,343,85,-10,98,-40,73,10,36,388629,5,34662,50,0,00,9062,5
31,048,-361,83,513,67,344,37,-10,98,-40,64,10,36,388607,6,34656,13,0,00,9056,1
31,098,-362,38,511,64,344,89,-10,98,-40,56,10,36,388530,4,34649,76,0,00,9049,8
31,148,-362,93,509,62,345,41,-10,98,-40,48,10,36,388508,4,34643,39,0,00,9043,4
31,198,-363,48,507,59,345,93,-10,98,-40,40,10,35,388458,8,34637,03,0,00,9037,0
31,248,-364,03,505,58,346,44,-10,98,-40,32,10,35,388395,8,34630,66,0,00,9030,7
31,298,-364,58,503,56,346,96,-10,97,-40,24,10,35,388359,9,34624,29,0,00,9024,3
31,348,-365,12,501,55,347,48,-10,97,-40,16,10,35,388296,2,34617,93,0,00,9017,9
31,398,-365,67,499,55,348,00,-10,97,-40,08,10,35,388260,3,34611,56,0,00,9011,6
31,448,-366,22,497,54,348,51,-10,97,-40,00,10,35,388197,0,34605,19,0,00,9005,2
31,498,-366,77,495,55,349,03,-10,97,-39,92,10,34,388189,3,34598,82,0,00,8998,8
31,548,-367,32,493,55,349,55,-10,97,-39,84,10,34,388098,3,34592,46,0,00,8992,5
31,598,-367,87,491,56,350,06,-10,96,-39,76,10,34,388048,5,34586,09,0,00,8986,1
31,648,-368,41,489,58,350,58,-10,96,-39,68,10,34,388026,4,34579,74,0,00,8979,7
31,698,-368,96,487,59,351,10,-10,96,-39,60,10,34,387963,1,34573,38,0,00,8973,4
31,748,-369,51,485,62,351,61,-10,96,-39,52,10,33,387913,6,34567,02,0,00,8967,0
31,798,-370,06,483,64,352,13,-10,96,-39,44,10,33,387892,2,34560,66,0,00,8960,7
31,848,-370,61,481,67,352,65,-10,96,-39,36,10,33,387801,3,34554,31,0,00,8954,3
31,898,-371,15,479,71,353,16,-10,95,-39,28,10,33,387779,1,34547,95,0,00,8948,0
31,948,-371,70,477,74,353,68,-10,95,-39,20,10,33,387729,5,34541,59,0,00,8941,6
31,998,-372,25,475,79,354,20,-10,95,-39,11,10,33,387666,1,34535,23,0,00,8935,2
32,048,-372,80,473,83,354,71,-10,95,-39,03,10,32,387616,6,34528,88,0,00,8928,9
32,098,-373,34,471,88,355,23,-10,95,-38,95,10,32,387566,9,34522,52,0,00,8922,5
32,148,-373,89,469,94,355,75,-10,95,-38,87,10,32,387517,8,34516,16,0,00,8916,2
32,198,-374,44,468,00,356,26,-10,94,-38,79,10,32,387481,9,34509,81,0,00,8909,8
32,248,-374,99,466,06,356,78,-10,94,-38,71,10,32,387418,4,34503,46,0,00,8903,5
32,298,-375,53,464,12,357,29,-10,94,-38,63,10,32,387382,5,34497,12,0,00,8897,1
32,348,-376,08,462,19,357,81,-10,94,-38,55,10,31,387332,8,34490,77,0,00,8890,8
32,398,-376,63,460,27,358,32,-10,94,-38,47,10,31,387269,4,34484,42,0,00,8884,4
32,448,-377,17,458,35,358,84,-10,94,-38,39,10,31,387219,8,34478,07,0,00,8878,1
32,498,-377,72,456,43,359,36,-10,94,-38,31,10,31,387170,8,34471,73,0,00,8871,7
32,548,-378,27,454,52,359,87,-10,93,-38,23,10,31,387120,8,34465,38,0,00,8865,4
32,598,-378,81,452,61,360,39,-10,93,-38,15,10,31,387070,8,34459,03,0,00,8859,0
32,648,-379,36,450,70,360,90,-10,93,-38,07,10,30,387035,0,34452,68,0,00,8852,7
32,698,-379,91,448,80,361,42,-10,93,-37,99,10,30,386999,2,34446,34,0,00,8846,3
32,748,-380,45,446,90,361,93,-10,93,-37,91,10,30,386949,7,34439,99,0,00,8840,0
32,798,-381,00,445,01,362,45,-10,93,-37,83,10,30,386886,2,34433,64,0,00,8833,6
32,848,-381,55,443,12,362,96,-10,92,-37,75,10,30,386864,8,34427,30,0,00,8827,3
32,898,-382,09,441,24,363,48,-10,92,-37,67,10,30,386787,6,34420,97,0,00,8821,0
32,948,-382,64,439,35,363,99,-10,92,-37,59,10,29,386737,8,34414,63,0,00,8814,6
32,998,-383,18,437,48,364,51,-10,92,-37,51,10,29,386687,9,34408,29,0,00,8808,3
33,048,-383,73,435,60,365,02,-10,92,-37,42,10,29,386610,5,34401,95,0,00,8802,0
33,098,-384,28,433,73,365,54,-10,92,-37,34,10,29,386588,5,34395,62,0,00,8795,6
33,148,-384,82,431,87,366,05,-10,92,-37,26,10,29,386538,9,34389,28,0,00,8789,3
33,198,-385,37,430,01,366,56,-10,91,-37,18,10,29,386503,0,34382,94,0,00,8782,9
33,248,-385,91,428,15,367,08,-10,91,-37,10,10,28,386439,4,34376,60,0,00,8776,6
33,298,-386,46,426,30,367,59,-10,91,-37,02,10,28,386404,1,34370,27,0,00,8770,3
33,348,-387,00,424,45,368,11,-10,91,-36,94,10,28,386326,7,34363,93,0,00,8763,9
33,398,-387,55,422,60,368,62,-10,91,-36,86,10,28,386290,5,34357,59,0,00,8757,6
33,448,-388,10,420,76,369,14,-10,91,-36,78,10,28,386240,6,34351,27,0,00,8751,3
33,498,-388,64,418,93,369,65,-10,90,-36,70,10,28,386190,9,34344,94,0,00,8744,9
33,548,-389,19,417,09,370,16,-10,90,-36,62,10,28,386141,0,34338,61,0,00,8738,6
33,598,-389,73,415,26,370,68,-10,90,-36,54,10,27,386091,0,34332,28,0,00,8732,3
33,648,-390,28,413,44,371,19,-10,90,-36,46,10,27,386041,1,34325,95,0,00,8726,0
33,698,-390,82,411,62,371,70,-10,90,-36,38,10,27,385991,2,34319,63,0,00,8719,6
33,748,-391,37,409,80,372,22,-10,90,-36,30,10,27,385941,8,34313,30,0,00,8713,3
33,798,-391,91,407,99,372,73,-10,90,-36,22,10,27,385891,7,34306,97,0,00,8707,0
33,848,-392,46,406,18,373,24,-10,89,-36,14,10,27,385841,4,34300,64,0,00,8700,6
33,898,-393,00,404,37,373,76,-10,89,-36,06,10,26,385805,0,34294,31,0,00,8694,3
33,948,-393,54,402,57,374,27,-10,89,-35,98,10,26,385755,0,34287,98,0,00,8688,0
33,998,-394,09,400,78,374,78,-10,89,-35,90,10,26,385705,1,34281,66,0,00,8681,7
34,048,-394,63,398,98,375,30,-10,89,-35,82,10,26,385641,4,34275,34,0,00,8675,3
34,098,-395,18,397,19,375,81,-10,89,-35,74,10,26,385591,6,34269,02,0,00,8669,0
34,148,-395,72,395,41,376,32,-10,89,-35,65,10,26,385555,4,34262,70,0,00,8662,7
34,198,-396,27,393,63,376,83,-10,88,-35,57,10,25,385491,6,34256,38,0,00,8656,4
34,248,-396,81,391,85,377,35,-10,88,-35,49,10,25,385496,9,34250,06,0,00,8650,1
34,298,-397,36,390,08,377,86,-10,88,-35,41,10,25,385391,8,34243,75,0,00,8643,7
34,348,-397,90,388,31,378,37,-10,88,-35,33,10,25,385355,5,34237,43,0,00,8637,4
34,398,-398,44,386,55,378,89,-10,88,-35,25,10,25,385291,4,34231,11,0,00,8631,1
34,448,-398,99,384,79,379,40,-10,88,-35,17,10,25,385241,0,34224,79,0,00,8624,8
34,498,-399,53,383,03,379,91,-10,88,-35,09,10,25,385190,7,34218,47,0,00,8618,5
34,548,-400,07,381,28,380,42,-10,87,-35,01,10,24,385154,4,34212,15,0,00,8612,2
34,598,-400,62,379,53,380,93,-10,87,-34,93,10,24,385104,5,34205,84,0,00,8605,8
34,648,-401,16,377,78,381,45,-10,87,-34,85,10,24,385054,5,34199,53,0,00,8599,5
34,698,-401,71,376,04,381,96,-10,87,-34,77,10,24,385004,5,34193,22,0,00,8593,2
34,748,-402,25,374,31,382,47,-10,87,-34,69,10,24,384940,6,34186,91,0,00,8586,9
34,798,-402,79,372,57,382,98,-10,87,-34,61,10,24,384904,3,34180,60,0,00,8580,6
34,848,-403,34,370,85,383,49,-10,87,-34,53,10,23,384923,3,34174,29,0,00,8574,3
34,898,-403,88,369,12,384,01,-10,86,-34,45,10,23,384804,7,34167,98,0,00,8568,0
34,948,-404,42,367,40,384,52,-10,86,-34,37,10,23,384754,4,34161,68,0,00,8561,7
34,998,-404,96,365,68,385,03,-10,86,-34,29,10,23,384690,4,34155,37,0,00,8555,4
35,048,-405,51,363,97,385,54,-10,86,-34,21,10,23,384625,8,34149,06,0,00,8549,1
35,098,-406,05,362,26,386,05,-10,86,-34,13,10,23,384603,0,34142,75,0,00,8542,8
35,148,-406,59,360,56,386,56,-10,86,-34,05,10,23,384552,5,34136,44,0,00,8536,4
35,198,-407,14,358,86,387,07,-10,86,-33,97,10,22,384502,1,34130,13,0,00,8530,1
35,248,-407,68,357,16,387,58,-10,85,-33,89,10,22,384451,6,34123,84,0,00,8523,8
35,298,-408,22,355,47,388,10,-10,85,-33,81,10,22,384415,0,34117,54,0,00,8517,5
35,348,-408,76,353,78,388,61,-10,85,-33,72,10,22,384350,8,34111,24,0,00,8511,2
35,398,-409,31,352,10,389,12,-10,85,-33,64,10,22,384328,1,34104,94,0,00,8504,9
35,448,-409,85,350,42,389,63,-10,85,-33,56,10,22,384249,9,34098,64,0,00,8498,6
35,498,-410,39,348,74,390,14,-10,85,-33,48,10,21,384171,6,34092,34,0,00,8492,3
35,548,-410,93,347,07,390,65,-10,85,-33,40,10,21,384135,5,34086,04,0,00,8486,0
35,598,-411,48,345,40,391,16,-10,84,-33,32,10,21,384112,4,34079,74,0,00,8479,7
35,648,-412,02,343,74,391,67,-10,84,-33,24,10,21,384047,7,34073,45,0,00,8473,4
35,698,-412,56,342,08,392,18,-10,84,-33,16,10,21,383983,1,34067,14,0,00,8467,1
35,748,-413,10,340,42,392,69,-10,84,-33,08,10,21,383973,7,34060,85,0,00,8460,8
35,798,-413,64,338,77,393,20,-10,84,-33,00,10,21,383895,2,34054,55,0,00,8454,6
35,848,-414,19,337,12,393,71,-10,84,-32,92,10,20,383844,2,34048,27,0,00,8448,3
35,898,-414,73,335,48,394,22,-10,84,-32,84,10,20,383793,1,34041,98,0,00,8442,0
35,948,-415,27,333,84,394,73,-10,83,-32,76,10,20,383742,0,34035,69,0,00,8435,7
35,998,-415,81,332,20,395,24,-10,83,-32,68,10,20,383691,2,34029,40,0,00,8429,4
36,049,-416,35,330,57,395,75,-10,83,-32,60,10,20,383682,0,34023,11,0,00,8423,1
36,099,-416,90,328,94,396,26,-10,83,-32,52,10,20,383603,6,34016,82,0,00,8416,8
36,149,-417,44,327,32,396,77,-10,83,-32,44,10,20,383566,8,34010,53,0,00,8410,5
36,199,-417,98,325,70,397,28,-10,83,-32,36,10,19,383502,2,34004,24,0,00,8404,2
36,249,-418,52,324,08,397,79,-10,83,-32,28,10,19,383451,4,33997,95,0,00,8398,0
36,299,-419,06,322,47,398,30,-10,83,-32,20,10,19,383414,3,33991,66,0,00,8391,7
36,349,-419,60,320,86,398,81,-10,82,-32,12,10,19,383335,9,33985,38,0,00,8385,4
36,399,-420,14,319,26,399,32,-10,82,-32,04,10,19,383278,7,33979,09,0,00,8379,1
36,449,-420,68,317,66,399,83,-10,82,-31,96,10,19,383234,6,33972,81,0,00,8372,8
36,499,-421,23,316,06,400,34,-10,82,-31,88,10,18,383190,4,33966,53,0,00,8366,5
36,549,-421,77,314,47,400,85,-10,82,-31,79,10,18,383139,4,33960,25,0,00,8360,3
36,599,-422,31,312,88,401,36,-10,82,-31,71,10,18,383095,3,33953,97,0,00,8354,0
36,649,-422,85,311,30,401,87,-10,82,-31,63,10,18,383037,3,33947,69,0,00,8347,7
36,699,-423,39,309,72,402,38,-10,81,-31,55,10,18,382999,9,33941,41,0,00,8341,4
36,749,-423,93,308,14,402,88,-10,81,-31,47,10,18,382941,9,33935,13,0,00,8335,1
36,799,-424,47,306,57,403,39,-10,81,-31,39,10,18,382876,9,33928,86,0,00,8328,9
36,849,-425,01,305,00,403,90,-10,81,-31,31,10,17,382832,5,33922,57,0,00,8322,6
36,899,-425,55,303,44,404,41,-10,81,-31,23,10,17,382781,3,33916,30,0,00,8316,3
36,949,-426,09,301,88,404,92,-10,81,-31,15,10,17,382736,8,33910,02,0,00,8310,0
36,999,-426,63,300,33,405,43,-10,81,-31,07,10,17,382685,5,33903,75,0,00,8303,7
37,049,-427,17,298,77,405,94,-10,81,-30,99,10,17,382634,2,33897,48,0,00,8297,5
37,099,-427,71,297,23,406,44,-10,80,-30,91,10,17,382562,1,33891,21,0,00,8291,2
37,149,-428,25,295,68,406,95,-10,80,-30,83,10,17,382510,7,33884,94,0,00,8284,9
37,199,-428,79,294,14,407,46,-10,80,-30,75,10,17,382466,1,33878,67,0,00,8278,7
37,249,-429,33,292,61,407,97,-10,80,-30,67,10,16,382435,3,33872,40,0,00,8272,4
37,299,-429,87,291,08,408,48,-10,80,-30,59,10,16,382370,1,33866,13,0,00,8266,1
37,349,-430,41,289,55,408,99,-10,80,-30,51,10,16,382325,5,33859,86,0,00,8259,9
37,399,-430,95,288,03,409,49,-10,80,-30,43,10,16,382260,3,33853,59,0,00,8253,6
37,449,-431,49,286,51,410,00,-10,80,-30,35,10,16,382223,1,33847,32,0,00,8247,3
37,499,-432,03,284,99,410,51,-10,79,-30,27,10,16,382164,7,33841,05,0,00,8241,1
37,549,-432,57,283,48,411,02,-10,79,-30,19,10,16,382113,1,33834,79,0,00,8234,8
37,599,-433,11,281,97,411,53,-10,79,-30,11,10,15,382061,5,33828,52,0,00,8228,5
37,649,-433,65,280,47,412,03,-10,79,-30,03,10,15,382009,8,33822,27,0,00,8222,3
37,699,-434,19,278,97,412,54,-10,79,-29,95,10,15,381965,1,33816,00,0,00,8216,0
37,749,-434,73,277,47,413,05,-10,79,-29,87,10,15,381913,2,33809,75,0,00,8209,7
37,799,-435,27,275,98,413,56,-10,79,-29,79,10,15,381861,4,33803,48,0,00,8203,5
37,849,-435,81,274,50,414,06,-10,79,-29,70,10,15,381802,7,33797,23,0,00,8197,2
37,899,-436,35,273,01,414,57,-10,78,-29,62,10,15,381764,7,33790,96,0,00,8191,0
37,949,-436,89,271,53,415,08,-10,78,-29,54,10,14,381698,8,33784,71,0,00,8184,7
37,999,-437,43,270,06,415,58,-10,78,-29,46,10,14,381639,9,33778,45,0,00,8178,5
38,049,-437,96,268,59,416,09,-10,78,-29,38,10,14,381588,0,33772,20,0,00,8172,2
38,099,-438,50,267,12,416,60,-10,78,-29,30,10,14,381536,0,33765,94,0,00,8165,9
38,149,-439,04,265,66,417,11,-10,78,-29,22,10,14,381497,9,33759,68,0,00,8159,7
38,199,-439,58,264,20,417,61,-10,78,-29,14,10,14,381446,0,33753,43,0,00,8153,4
38,249,-440,12,262,74,418,12,-10,78,-29,06,10,14,381394,1,33747,18,0,00,8147,2
38,299,-440,66,261,29,418,63,-10,77,-28,98,10,13,381342,2,33740,93,0,00,8140,9
38,349,-441,20,259,84,419,13,-10,77,-28,90,10,13,381283,3,33734,68,0,00,8134,7
38,399,-441,74,258,40,419,64,-10,77,-28,82,10,13,381231,3,33728,43,0,00,8128,4
38,449,-442,28,256,96,420,15,-10,77,-28,74,10,13,381186,1,33722,18,0,00,8122,2
38,499,-442,81,255,53,420,65,-10,77,-28,66,10,13,381134,1,33715,93,0,00,8115,9
38,549,-443,35,254,10,421,16,-10,77,-28,58,10,13,381081,9,33709,68,0,00,8109,7
38,599,-443,89,252,67,421,67,-10,77,-28,50,10,13,381029,8,33703,43,0,00,8103,4
38,649,-444,43,251,25,422,17,-10,77,-28,42,10,13,380970,5,33697,18,0,00,8097,2
38,699,-444,97,249,83,422,68,-10,76,-28,34,10,12,380925,2,33690,94,0,00,8090,9
38,749,-445,51,248,41,423,18,-10,76,-28,26,10,12,380872,9,33684,70,0,00,8084,7
38,799,-446,04,247,00,423,69,-10,76,-28,18,10,12,380882,8,33678,45,0,00,8078,5
38,849,-446,58,245,59,424,20,-10,76,-28,10,10,12,380755,0,33672,21,0,00,8072,2
38,899,-447,12,244,19,424,70,-10,76,-28,02,10,12,380716,4,33665,96,0,00,8066,0
38,949,-447,66,242,79,425,21,-10,76,-27,94,10,12,380663,8,33659,73,0,00,8059,7
38,999,-448,20,241,40,425,71,-10,76,-27,86,10,12,380611,4,33653,48,0,00,8053,5
39,049,-448,73,240,01,426,22,-10,76,-27,78,10,11,380558,9,33647,25,0,00,8047,2
39,099,-449,27,238,62,426,73,-10,76,-27,70,10,11,380499,3,33641,00,0,00,8041,0
39,149,-449,81,237,24,427,23,-10,75,-27,62,10,11,380446,7,33634,77,0,00,8034,8
39,199,-450,35,235,86,427,74,-10,75,-27,53,10,11,380407,8,33628,54,0,00,8028,5
39,249,-450,88,234,48,428,24,-10,75,-27,45,10,11,380348,1,33622,30,0,00,8022,3
39,299,-451,42,233,11,428,75,-10,75,-27,37,10,11,380288,5,33616,06,0,00,8016,1
39,349,-451,96,231,75,429,25,-10,75,-27,29,10,11,380249,5,33609,83,0,00,8009,8
39,399,-452,50,230,38,429,76,-10,75,-27,21,10,11,380189,7,33603,59,0,00,8003,6
39,449,-453,03,229,03,430,26,-10,75,-27,13,10,10,380136,9,33597,36,0,00,7997,4
39,499,-453,57,227,67,430,77,-10,75,-27,05,10,10,380083,9,33591,13,0,00,7991,1
39,549,-454,11,226,32,431,27,-10,74,-26,97,10,10,380024,2,33584,90,0,00,7984,9
39,599,-454,65,224,97,431,78,-10,74,-26,89,10,10,379978,0,33578,67,0,00,7978,7
39,649,-455,18,223,63,432,28,-10,74,-26,81,10,10,379925,0,33572,44,0,00,7972,4
39,699,-455,72,222,29,432,79,-10,74,-26,73,10,10,379858,2,33566,21,0,00,7966,2
39,749,-456,26,220,96,433,29,-10,74,-26,65,10,10,379825,9,33559,99,0,00,7960,0
39,799,-456,79,219,63,433,80,-10,74,-26,57,10,10,379765,9,33553,76,0,00,7953,8
39,849,-457,33,218,30,434,30,-10,74,-26,49,10,09,379712,8,33547,54,0,00,7947,5
39,899,-457,87,216,98,434,81,-10,74,-26,41,10,09,379659,7,33541,31,0,00,7941,3
39,949,-458,40,215,66,435,31,-10,74,-26,33,10,09,379599,6,33535,09,0,00,7935,1
39,999,-458,94,214,35,435,82,-10,73,-26,25,10,09,379546,5,33528,86,0,00,7928,9
40,049,-459,48,213,04,436,32,-10,73,-26,17,10,09,379493,3,33522,64,0,00,7922,6
40,099,-460,01,211,73,436,83,-10,73,-26,09,10,09,379447,0,33516,42,0,00,7916,4
40,149,-460,55,210,43,437,33,-10,73,-26,01,10,09,379380,0,33510,20,0,00,7910,2
40,199,-461,09,209,13,437,84,-10,73,-25,93,10,09,379347,3,33503,98,0,00,7904,0
40,249,-461,62,207,83,438,34,-10,73,-25,85,10,08,379287,1,33497,76,0,00,7897,8
40,299,-462,16,206,54,438,84,-10,73,-25,77,10,08,379240,7,33491,55,0,00,7891,5
40,349,-462,70,205,26,439,35,-10,73,-25,69,10,08,379173,5,33485,33,0,00,7885,3
40,399,-463,23,203,97,439,85,-10,73,-25,61,10,08,379127,0,33479,11,0,00,7879,1
40,449,-463,77,202,70,440,36,-10,72,-25,53,10,08,379080,4,33472,90,0,00,7872,9
40,499,-464,31,201,42,440,86,-10,72,-25,45,10,08,379026,9,33466,68,0,00,7866,7
40,549,-464,84,200,15,441,36,-10,72,-25,36,10,08,378959,5,33460,47,0,00,7860,5
40,599,-465,38,198,89,441,87,-10,72,-25,28,10,08,378912,9,33454,26,0,00,7854,3
40,649,-465,91,197,62,442,37,-10,72,-25,20,10,07,378859,3,33448,05,0,00,7848,0
40,699,-466,45,196,37,442,88,-10,72,-25,12,10,07,378812,5,33441,84,0,00,7841,8
40,750,-466,99,195,11,443,38,-10,72,-25,04,10,07,378745,0,33435,63,0,00,7835,6
40,800,-467,52,193,86,443,88,-10,72,-24,96,10,07,378698,2,33429,41,0,00,7829,4
40,850,-468,06,192,61,444,39,-10,72,-24,88,10,07,378644,4,33423,21,0,00,7823,2
40,900,-468,59,191,37,444,89,-10,72,-24,80,10,07,378598,2,33417,00,0,00,7817,0
40,950,-469,13,190,13,445,39,-10,71,-24,72,10,07,378544,4,33410,80,0,00,7810,8
41,000,-469,66,188,90,445,90,-10,71,-24,64,10,07,378483,6,33404,59,0,00,7804,6
41,050,-470,20,187,67,446,40,-10,71,-24,56,10,07,378429,7,33398,38,0,00,7798,4
41,100,-470,74,186,44,446,90,-10,71,-24,48,10,06,378382,6,33392,18,0,00,7792,2
41,150,-471,27,185,22,447,41,-10,71,-24,40,10,06,378321,8,33385,98,0,00,7786,0
41,200,-471,81,184,00,447,91,-10,71,-24,32,10,06,378267,7,33379,78,0,00,7779,8
41,250,-472,34,182,79,448,41,-10,71,-24,24,10,06,378213,6,33373,58,0,00,7773,6
41,300,-472,88,181,58,448,91,-10,71,-24,16,10,06,378159,5,33367,38,0,00,7767,4
41,350,-473,41,180,37,449,42,-10,71,-24,08,10,06,378098,5,33361,18,0,00,7761,2
41,400,-473,95,179,17,449,92,-10,70,-24,00,10,06,378058,0,33354,98,0,00,7755,0
41,450,-474,48,177,97,450,42,-10,70,-23,92,10,06,377997,0,33348,78,0,00,7748,8
41,500,-475,02,176,78,450,93,-10,70,-23,84,10,05,377949,6,33342,59,0,00,7742,6
41,550,-475,55,175,59,451,43,-10,70,-23,76,10,05,377895,3,33336,39,0,00,7736,4
41,600,-476,09,174,41,451,93,-10,70,-23,68,10,05,377834,1,33330,20,0,00,7730,2
41,650,-476,62,173,22,452,43,-10,70,-23,60,10,05,377779,7,33324,00,0,00,7724,0
41,700,-477,16,172,05,452,94,-10,70,-23,52,10,05,377725,3,33317,81,0,00,7717,8
41,750,-477,69,170,87,453,44,-10,70,-23,44,10,05,377663,9,33311,62,0,00,7711,6
41,800,-478,23,169,70,453,94,-10,70,-23,36,10,05,377609,4,33305,43,0,00,7705,4
41,850,-478,76,168,54,454,44,-10,70,-23,28,10,05,377554,9,33299,23,0,00,7699,2
41,900,-479,30,167,37,454,95,-10,69,-23,19,10,05,377500,3,33293,04,0,00,7693,0
41,950,-479,83,166,22,455,45,-10,69,-23,11,10,04,377445,7,33286,86,0,00,7686,9
42,000,-480,37,165,06,455,95,-10,69,-23,03,10,04,377404,8,33280,67,0,00,7680,7
42,050,-480,90,163,91,456,45,-10,69,-22,95,10,04,377336,3,33274,48,0,00,7674,5
42,100,-481,44,162,77,456,95,-10,69,-22,87,10,04,377295,4,33268,30,0,00,7668,3
42,150,-481,97,161,63,457,46,-10,69,-22,79,10,04,377240,7,33262,11,0,00,7662,1
42,200,-482,51,160,49,457,96,-10,69,-22,71,10,04,377172,1,33255,93,0,00,7655,9
42,250,-483,04,159,35,458,46,-10,69,-22,63,10,04,377117,3,33249,75,0,00,7649,7
42,300,-483,57,158,23,458,96,-10,69,-22,55,10,04,377076,3,33243,57,0,00,7643,6
42,350,-484,11,157,10,459,46,-10,69,-22,47,10,04,377007,6,33237,38,0,00,7637,4
42,400,-484,64,155,98,459,97,-10,68,-22,39,10,03,376966,4,33231,20,0,00,7631,2
42,450,-485,18,154,86,460,47,-10,68,-22,31,10,03,376897,7,33225,02,0,00,7625,0
42,500,-485,71,153,75,460,97,-10,68,-22,23,10,03,376856,5,33218,84,0,00,7618,8
42,550,-486,25,152,64,461,47,-10,68,-22,15,10,03,376787,6,33212,67,0,00,7612,7
42,600,-486,78,151,53,461,97,-10,68,-22,07,10,03,376732,5,33206,49,0,00,7606,5
42,650,-487,31,150,43,462,47,-10,68,-21,99,10,03,376691,2,33200,31,0,00,7600,3
42,700,-487,85,149,33,462,98,-10,68,-21,91,10,03,376629,1,33194,14,0,00,7594,1
42,750,-488,38,148,24,463,48,-10,68,-21,83,10,03,376566,9,33187,96,0,00,7588,0
42,800,-488,92,147,15,463,98,-10,68,-21,75,10,03,376511,5,33181,79,0,00,7581,8
42,850,-489,45,146,06,464,48,-10,68,-21,67,10,02,376456,3,33175,62,0,00,7575,6
42,900,-489,98,144,98,464,98,-10,68,-21,59,10,02,376407,8,33169,45,0,00,7569,5
42,950,-490,52,143,91,465,48,-10,67,-21,51,10,02,376359,2,33163,28,0,00,7563,3
43,000,-491,05,142,83,465,98,-10,67,-21,43,10,02,376289,9,33157,11,0,00,7557,1
43,050,-491,58,141,76,466,48,-10,67,-21,35,10,02,376234,4,33150,94,0,00,7550,9
43,100,-492,12,140,70,466,98,-10,67,-21,27,10,02,376178,8,33144,77,0,00,7544,8
43,150,-492,65,139,64,467,49,-10,67,-21,19,10,02,376123,3,33138,61,0,00,7538,6
43,200,-493,18,138,58,467,99,-10,67,-21,11,10,02,376067,7,33132,44,0,00,7532,4
43,250,-493,72,137,53,468,49,-10,67,-21,02,10,02,376018,8,33126,27,0,00,7526,3
43,300,-494,25,136,48,468,99,-10,67,-20,94,10,01,375956,2,33120,11,0,00,7520,1
43,350,-494,79,135,43,469,49,-10,67,-20,86,10,01,375914,3,33113,95,0,00,7514,0
43,400,-495,32,134,39,469,99,-10,67,-20,78,10,01,375844,7,33107,79,0,00,7507,8
43,450,-495,85,133,35,470,49,-10,67,-20,70,10,01,375788,9,33101,63,0,00,7501,6
43,500,-496,38,132,32,470,99,-10,66,-20,62,10,01,375746,7,33095,46,0,00,7495,5
43,550,-496,92,131,29,471,49,-10,66,-20,54,10,01,375677,0,33089,30,0,00,7489,3
43,600,-497,45,130,27,471,99,-10,66,-20,46,10,01,375621,1,33083,15,0,00,7483,1
43,650,-497,98,129,24,472,49,-10,66,-20,38,10,01,375578,8,33076,99,0,00,7477,0
43,700,-498,52,128,23,472,99,-10,66,-20,30,10,01,375522,8,33070,84,0,00,7470,8
43,750,-499,05,127,21,473,49,-10,66,-20,22,10,01,375459,8,33064,68,0,00,7464,7
43,800,-499,58,126,21,473,99,-10,66,-20,14,10,00,375396,7,33058,52,0,00,7458,5
43,850,-500,12,125,20,474,49,-10,66,-20,06,10,00,375354,4,33052,37,0,00,7452,4
43,900,-500,65,124,20,474,99,-10,66,-19,98,10,00,375298,1,33046,22,0,00,7446,2
43,950,-501,18,123,20,475,49,-10,66,-19,90,10,00,375228,0,33040,07,0,00,7440,1
44,000,-501,71,122,21,475,99,-10,66,-19,82,10,00,375178,7,33033,91,0,00,7433,9
44,050,-502,25,121,22,476,49,-10,65,-19,74,10,00,375129,2,33027,76,0,00,7427,8
44,100,-502,78,120,24,476,99,-10,65,-19,66,10,00,375052,1,33021,61,0,00,7421,6
44,150,-503,31,119,26,477,49,-10,65,-19,58,10,00,375016,4,33015,47,0,00,7415,5
44,200,-503,85,118,28,477,99,-10,65,-19,50,10,00,374959,9,33009,32,0,00,7409,3
44,250,-504,38,117,31,478,49,-10,65,-19,42,10,00,374889,6,33003,17,0,00,7403,2
44,300,-504,91,116,34,478,99,-10,65,-19,34,9,99,374839,9,32997,02,0,00,7397,0
44,350,-505,44,115,37,479,49,-10,65,-19,26,9,99,374790,2,32990,88,0,00,7390,9
44,400,-505,98,114,41,479,99,-10,65,-19,18,9,99,374712,9,32984,74,0,00,7384,7
44,450,-506,51,113,45,480,49,-10,65,-19,10,9,99,374663,1,32978,60,0,00,7378,6
44,500,-507,04,112,50,480,99,-10,65,-19,02,9,99,374606,3,32972,45,0,00,7372,5
44,550,-507,57,111,55,481,49,-10,65,-18,94,9,99,374549,6,32966,31,0,00,7366,3
44,600,-508,10,110,61,481,99,-10,64,-18,85,9,99,374485,9,32960,17,0,00,7360,2
44,650,-508,64,109,67,482,49,-10,64,-18,77,9,99,374436,0,32954,04,0,00,7354,0
44,700,-509,17,108,73,482,99,-10,64,-18,69,9,99,374386,0,32947,89,0,00,7347,9
44,750,-509,70,107,80,483,49,-10,64,-18,61,9,99,374329,1,32941,76,0,00,7341,8
44,800,-510,23,106,87,483,99,-10,64,-18,53,9,98,374272,0,32935,62,0,00,7335,6
44,850,-510,77,105,94,484,49,-10,64,-18,45,9,98,374201,2,32929,48,0,00,7329,5
44,900,-511,30,105,02,484,99,-10,64,-18,37,9,98,374151,1,32923,35,0,00,7323,4
44,950,-511,83,104,11,485,48,-10,64,-18,29,9,98,374087,1,32917,22,0,00,7317,2
45,000,-512,36,103,19,485,98,-10,64,-18,21,9,98,374037,6,32911,09,0,00,7311,1
45,050,-512,89,102,29,486,48,-10,64,-18,13,9,98,373987,2,32904,95,0,00,7305,0
45,100,-513,42,101,38,486,98,-10,64,-18,05,9,98,373930,0,32898,82,0,00,7298,8
45,150,-513,96,100,48,487,48,-10,64,-17,97,9,98,373858,9,32892,70,0,00,7292,7
45,200,-514,49,99,58,487,98,-10,64,-17,89,9,98,373822,4,32886,57,0,00,7286,6
45,250,-515,02,98,69,488,48,-10,63,-17,81,9,98,373744,3,32880,44,0,00,7280,4
45,300,-515,55,97,80,488,98,-10,63,-17,73,9,97,373686,9,32874,31,0,00,7274,3
45,350,-516,08,96,92,489,48,-10,63,-17,65,9,97,373636,3,32868,18,0,00,7268,2
45,400,-516,61,96,04,489,97,-10,63,-17,57,9,97,373592,8,32862,06,0,00,7262,1
45,451,-517,15,95,16,490,47,-10,63,-17,49,9,97,373535,3,32855,94,0,00,7255,9
45,501,-517,68,94,29,490,97,-10,63,-17,41,9,97,373456,9,32849,81,0,00,7249,8
45,551,-518,21,93,42,491,47,-10,63,-17,33,9,97,373413,1,32843,69,0,00,7243,7
45,601,-518,74,92,56,491,97,-10,63,-17,25,9,97,373355,5,32837,57,0,00,7237,6
45,651,-519,27,91,70,492,47,-10,63,-17,17,9,97,373284,1,32831,45,0,00,7231,4
45,701,-519,80,90,84,492,97,-10,63,-17,09,9,97,373240,2,32825,33,0,00,7225,3
45,751,-520,34,89,99,493,46,-10,63,-17,01,9,97,373189,3,32819,21,0,00,7219,2
45,801,-520,87,89,14,493,96,-10,63,-16,93,9,97,373110,8,32813,09,0,00,7213,1
45,851,-521,40,88,30,494,46,-10,62,-16,85,9,96,373066,8,32806,98,0,00,7207,0
45,901,-521,93,87,45,494,96,-10,62,-16,76,9,96,373008,9,32800,86,0,00,7200,9
45,951,-522,46,86,62,495,46,-10,62,-16,68,9,96,372958,0,32794,75,0,00,7194,7
46,001,-522,99,85,79,495,95,-10,62,-16,60,9,96,372893,1,32788,64,0,00,7188,6
46,051,-523,52,84,96,496,45,-10,62,-16,52,9,96,372835,1,32782,52,0,00,7182,5
46,101,-524,05,84,13,496,95,-10,62,-16,44,9,96,372770,2,32776,41,0,00,7176,4
46,151,-524,58,83,31,497,45,-10,62,-16,36,9,96,372712,2,32770,30,0,00,7170,3
46,201,-525,11,82,50,497,95,-10,62,-16,28,9,96,372660,9,32764,19,0,00,7164,2
46,251,-525,65,81,69,498,44,-10,62,-16,20,9,96,372602,7,32758,08,0,00,7158,1
46,301,-526,18,80,88,498,94,-10,62,-16,12,9,96,372544,5,32751,97,0,00,7152,0
46,351,-526,71,80,07,499,44,-10,62,-16,04,9,96,372486,1,32745,86,0,00,7145,9
46,401,-527,24,79,27,499,94,-10,62,-15,96,9,95,372420,9,32739,76,0,00,7139,8
46,451,-527,77,78,48,500,44,-10,62,-15,88,9,95,372366,0,32733,65,0,00,7133,7
46,501,-528,30,77,69,500,93,-10,62,-15,80,9,95,372304,2,32727,55,0,00,7127,6
46,551,-528,83,76,90,501,43,-10,61,-15,72,9,95,372245,7,32721,45,0,00,7121,4
46,601,-529,36,76,11,501,93,-10,61,-15,64,9,95,372190,6,32715,34,0,00,7115,3
46,651,-529,89,75,33,502,43,-10,61,-15,56,9,95,372132,1,32709,24,0,00,7109,2
46,701,-530,42,74,56,502,92,-10,61,-15,48,9,95,372070,0,32703,14,0,00,7103,1
46,751,-530,95,73,79,503,42,-10,61,-15,40,9,95,372018,3,32697,04,0,00,7097,0
46,801,-531,48,73,02,503,92,-10,61,-15,32,9,95,371949,3,32690,95,0,00,7090,9
46,851,-532,01,72,25,504,42,-10,61,-15,24,9,95,371897,5,32684,85,0,00,7084,8
46,901,-532,55,71,49,504,91,-10,61,-15,16,9,95,371838,7,32678,75,0,00,7078,8
46,951,-533,08,70,74,505,41,-10,61,-15,08,9,94,371779,9,32672,66,0,00,7072,7
47,001,-533,61,69,99,505,91,-10,61,-15,00,9,94,371727,9,32666,56,0,00,7066,6
47,051,-534,14,69,24,506,40,-10,61,-14,92,9,94,371665,6,32660,47,0,00,7060,5
47,101,-534,67,68,49,506,90,-10,61,-14,84,9,94,371606,6,32654,38,0,00,7054,4
47,151,-535,20,67,75,507,40,-10,61,-14,76,9,94,371544,1,32648,28,0,00,7048,3
47,201,-535,73,67,02,507,90,-10,61,-14,68,9,94,371488,6,32642,19,0,00,7042,2
47,251,-536,26,66,29,508,39,-10,60,-14,59,9,94,371422,6,32636,11,0,00,7036,1
47,301,-536,79,65,56,508,89,-10,60,-14,51,9,94,371363,6,32630,02,0,00,7030,0
47,351,-537,32,64,84,509,39,-10,60,-14,43,9,94,371304,4,32623,93,0,00,7023,9
47,401,-537,85,64,12,509,88,-10,60,-14,35,9,94,371245,2,32617,84,0,00,7017,8
47,451,-538,38,63,40,510,38,-10,60,-14,27,9,94,371185,9,32611,76,0,00,7011,8
47,501,-538,91,62,69,510,88,-10,60,-14,19,9,94,371133,6,32605,67,0,00,7005,7
47,551,-539,44,61,98,511,37,-10,60,-14,11,9,93,371070,8,32599,59,0,00,6999,6
47,601,-539,97,61,28,511,87,-10,60,-14,03,9,93,371008,0,32593,50,0,00,6993,5
47,651,-540,50,60,58,512,37,-10,60,-13,95,9,93,370948,6,32587,42,0,00,6987,4
47,701,-541,03,59,88,512,86,-10,60,-13,87,9,93,370892,7,32581,34,0,00,6981,3
47,751,-541,56,59,19,513,36,-10,60,-13,79,9,93,370826,3,32575,26,0,00,6975,3
47,801,-542,09,58,50,513,86,-10,60,-13,71,9,93,370770,3,32569,18,0,00,6969,2
47,851,-542,62,57,82,514,35,-10,60,-13,63,9,93,370714,1,32563,10,0,00,6963,1
47,901,-543,15,57,14,514,85,-10,60,-13,55,9,93,370654,5,32557,03,0,00,6957,0
47,951,-543,68,56,46,515,35,-10,60,-13,47,9,93,370594,8,32550,95,0,00,6951,0
48,001,-544,21,55,79,515,84,-10,59,-13,39,9,93,370535,2,32544,88,0,00,6944,9
48,051,-544,74,55,13,516,34,-10,59,-13,31,9,93,370475,5,32538,80,0,00,6938,8
48,101,-545,27,54,46,516,84,-10,59,-13,23,9,93,370415,6,32532,73,0,00,6932,7
48,151,-545,80,53,80,517,33,-10,59,-13,15,9,93,370362,7,32526,65,0,00,6926,7
48,201,-546,33,53,15,517,83,-10,59,-13,07,9,92,370296,0,32520,59,0,00,6920,6
48,251,-546,86,52,50,518,32,-10,59,-12,99,9,92,370236,1,32514,52,0,00,6914,5
48,301,-547,39,51,85,518,82,-10,59,-12,91,9,92,370176,2,32508,45,0,00,6908,4
48,351,-547,92,51,20,519,32,-10,59,-12,83,9,92,370112,7,32502,38,0,00,6902,4
48,401,-548,45,50,57,519,81,-10,59,-12,75,9,92,370056,2,32496,31,0,00,6896,3
48,451,-548,97,49,93,520,31,-10,59,-12,67,9,92,369996,1,32490,24,0,00,6890,2
48,501,-549,50,49,30,520,81,-10,59,-12,59,9,92,369936,0,32484,18,0,00,6884,2
48,551,-550,03,48,67,521,30,-10,59,-12,51,9,92,369872,3,32478,12,0,00,6878,1
48,601,-550,56,48,05,521,80,-10,59,-12,42,9,92,369815,6,32472,05,0,00,6872,1
48,651,-551,09,47,43,522,29,-10,59,-12,34,9,92,369751,9,32465,99,0,00,6866,0
48,701,-551,62,46,81,522,79,-10,59,-12,26,9,92,369698,5,32459,93,0,00,6859,9
48,751,-552,15,46,20,523,28,-10,59,-12,18,9,92,369631,3,32453,87,0,00,6853,9
48,801,-552,68,45,60,523,78,-10,58,-12,10,9,92,369570,9,32447,81,0,00,6847,8
48,851,-553,21,44,99,524,28,-10,58,-12,02,9,91,369513,9,32441,75,0,00,6841,8
48,901,-553,74,44,39,524,77,-10,58,-11,94,9,91,369450,1,32435,69,0,00,6835,7
48,951,-554,27,43,80,525,27,-10,58,-11,86,9,91,369389,6,32429,64,0,00,6829,6
49,001,-554,80,43,21,525,76,-10,58,-11,78,9,91,369332,4,32423,58,0,00,6823,6
49,051,-555,32,42,62,526,26,-10,58,-11,70,9,91,369268,4,32417,53,0,00,6817,5
49,101,-555,85,42,04,526,75,-10,58,-11,62,9,91,369207,7,32411,47,0,00,6811,5
49,151,-556,38,41,46,527,25,-10,58,-11,54,9,91,369150,5,32405,42,0,00,6805,4
49,201,-556,91,40,88,527,75,-10,58,-11,46,9,91,369089,8,32399,37,0,00,6799,4
49,251,-557,44,40,31,528,24,-10,58,-11,38,9,91,369025,5,32393,32,0,00,6793,3
49,301,-557,97,39,74,528,74,-10,58,-11,30,9,91,368964,6,32387,27,0,00,6787,3
49,351,-558,50,39,18,529,23,-10,58,-11,22,9,91,368903,7,32381,22,0,00,6781,2
49,401,-559,03,38,62,529,73,-10,58,-11,14,9,91,368846,2,32375,17,0,00,6775,2
49,451,-559,56,38,07,530,22,-10,58,-11,06,9,91,368781,7,32369,13,0,00,6769,1
49,501,-560,09,37,52,530,72,-10,58,-10,98,9,90,368720,7,32363,08,0,00,6763,1
49,551,-560,61,36,97,531,21,-10,58,-10,90,9,90,368659,5,32357,04,0,00,6757,0
49,601,-561,14,36,43,531,71,-10,58,-10,82,9,90,368598,3,32350,99,0,00,6751,0
49,651,-561,67,35,89,532,20,-10,57,-10,74,9,90,368533,6,32344,95,0,00,6745,0
49,701,-562,20,35,35,532,70,-10,57,-10,66,9,90,368475,9,32338,91,0,00,6738,9
49,751,-562,73,34,82,533,19,-10,57,-10,58,9,90,368414,5,32332,87,0,00,6732,9
49,801,-563,26,34,30,533,69,-10,57,-10,50,9,90,368353,2,32326,83,0,00,6726,8
49,851,-563,79,33,77,534,18,-10,57,-10,42,9,90,368291,8,32320,79,0,00,6720,8
49,901,-564,31,33,25,534,68,-10,57,-10,34,9,90,368226,9,32314,76,0,00,6714,8
49,951,-564,84,32,74,535,17,-10,57,-10,26,9,90,368165,5,32308,72,0,00,6708,7
50,001,-565,37,32,23,535,67,-10,57,-10,17,9,90,368104,0,32302,69,0,00,6702,7
50,051,-565,90,31,72,536,16,-10,57,-10,09,9,90,368045,9,32296,65,0,00,6696,7
50,102,-566,43,31,22,536,66,-10,57,-10,01,9,90,367984,2,32290,62,0,00,6690,6
50,152,-566,96,30,72,537,15,-10,57,-9,93,9,90,367926,1,32284,59,0,00,6684,6
50,202,-567,49,30,23,537,65,-10,57,-9,85,9,90,367861,0,32278,56,0,00,6678,6
50,252,-568,01,29,74,538,14,-10,57,-9,77,9,89,367795,9,32272,53,0,00,6672,5
50,302,-568,54,29,25,538,64,-10,57,-9,69,9,89,367737,5,32266,50,0,00,6666,5
50,352,-569,07,28,77,539,13,-10,57,-9,61,9,89,367672,3,32260,46,0,00,6660,5
50,402,-569,60,28,29,539,63,-10,57,-9,53,9,89,367617,3,32254,44,0,00,6654,4
50,452,-570,13,27,81,540,12,-10,57,-9,45,9,89,367555,5,32248,41,0,00,6648,4
50,502,-570,66,27,34,540,62,-10,57,-9,37,9,89,367493,6,32242,39,0,00,6642,4
50,552,-571,19,26,88,541,11,-10,57,-9,29,9,89,367428,1,32236,36,0,00,6636,4
50,602,-571,71,26,41,541,60,-10,56,-9,21,9,89,367366,1,32230,34,0,00,6630,3
50,652,-572,24,25,95,542,10,-10,56,-9,13,9,89,367304,1,32224,32,0,00,6624,3
50,702,-572,77,25,50,542,59,-10,56,-9,05,9,89,367242,0,32218,30,0,00,6618,3
50,752,-573,30,25,05,543,09,-10,56,-8,97,9,89,367179,8,32212,28,0,00,6612,3
50,802,-573,83,24,60,543,58,-10,56,-8,89,9,89,367117,5,32206,26,0,00,6606,3
50,852,-574,35,24,16,544,08,-10,56,-8,81,9,89,367058,7,32200,24,0,00,6600,2
50,902,-574,88,23,72,544,57,-10,56,-8,73,9,89,366996,4,32194,23,0,00,6594,2
50,952,-575,41,23,29,545,06,-10,56,-8,65,9,89,366927,1,32188,21,0,00,6588,2
51,002,-575,94,22,86,545,56,-10,56,-8,57,9,88,366864,7,32182,20,0,00,6582,2
51,052,-576,47,22,43,546,05,-10,56,-8,49,9,88,366809,2,32176,18,0,00,6576,2
51,102,-576,99,22,01,546,55,-10,56,-8,41,9,88,366739,8,32170,17,0,00,6570,2
51,152,-577,52,21,59,547,04,-10,56,-8,33,9,88,366677,3,32164,16,0,00,6564,2
51,202,-578,05,21,18,547,54,-10,56,-8,25,9,88,366614,7,32158,14,0,00,6558,1
51,252,-578,58,20,77,548,03,-10,56,-8,17,9,88,366552,0,32152,13,0,00,6552,1
51,302,-579,11,20,36,548,52,-10,56,-8,09,9,88,366492,7,32146,13,0,00,6546,1
51,352,-579,63,19,96,549,02,-10,56,-8,01,9,88,366428,3,32140,12,0,00,6540,1
51,402,-580,16,19,56,549,51,-10,56,-7,92,9,88,366363,7,32134,11,0,00,6534,1
51,452,-580,69,19,16,550,01,-10,56,-7,84,9,88,366304,3,32128,11,0,00,6528,1
51,502,-581,22,18,77,550,50,-10,56,-7,76,9,88,366239,7,32122,10,0,00,6522,1
51,552,-581,74,18,39,550,99,-10,56,-7,68,9,88,366176,8,32116,10,0,00,6516,1
51,602,-582,27,18,01,551,49,-10,55,-7,60,9,88,366112,1,32110,10,0,00,6510,1
51,652,-582,80,17,63,551,98,-10,55,-7,52,9,88,366050,8,32104,09,0,00,6504,1
51,702,-583,33,17,25,552,48,-10,55,-7,44,9,88,365989,4,32098,09,0,00,6498,1
51,752,-583,86,16,88,552,97,-10,55,-7,36,9,88,365924,6,32092,09,0,00,6492,1
51,802,-584,38,16,52,553,46,-10,55,-7,28,9,87,365861,4,32086,09,0,00,6486,1
51,852,-584,91,16,16,553,96,-10,55,-7,20,9,87,365798,2,32080,10,0,00,6480,1
51,902,-585,44,15,80,554,45,-10,55,-7,12,9,87,365735,0,32074,10,0,00,6474,1
51,952,-585,97,15,44,554,94,-10,55,-7,04,9,87,365671,7,32068,11,0,00,6468,1
52,002,-586,49,15,09,555,44,-10,55,-6,96,9,87,365606,5,32062,11,0,00,6462,1
52,052,-587,02,14,75,555,93,-10,55,-6,88,9,87,365543,2,32056,12,0,00,6456,1
52,102,-587,55,14,41,556,43,-10,55,-6,80,9,87,365479,7,32050,13,0,00,6450,1
52,152,-588,08,14,07,556,92,-10,55,-6,72,9,87,365416,2,32044,14,0,00,6444,1
52,202,-588,60,13,73,557,41,-10,55,-6,64,9,87,365354,4,32038,14,0,00,6438,1
52,252,-589,13,13,40,557,91,-10,55,-6,56,9,87,365290,8,32032,15,0,00,6432,2
52,302,-589,66,13,08,558,40,-10,55,-6,48,9,87,365225,4,32026,17,0,00,6426,2
52,352,-590,19,12,76,558,89,-10,55,-6,40,9,87,365160,0,32020,18,0,00,6420,2
52,402,-590,71,12,44,559,39,-10,55,-6,32,9,87,365099,7,32014,20,0,00,6414,2
52,452,-591,24,12,12,559,88,-10,55,-6,24,9,87,365037,6,32008,21,0,00,6408,2
52,502,-591,77,11,81,560,37,-10,55,-6,16,9,87,364970,3,32002,22,0,00,6402,2
52,552,-592,29,11,51,560,87,-10,55,-6,08,9,87,364906,3,31996,24,0,00,6396,2
52,602,-592,82,11,21,561,36,-10,55,-6,00,9,87,364842,4,31990,26,0,00,6390,3
52,652,-593,35,10,91,561,85,-10,55,-5,92,9,86,364776,6,31984,28,0,00,6384,3
52,702,-593,88,10,61,562,34,-10,55,-5,84,9,86,364712,6,31978,30,0,00,6378,3
52,752,-594,40,10,32,562,84,-10,54,-5,76,9,86,364651,9,31972,32,0,00,6372,3
52,802,-594,93,10,04,563,33,-10,54,-5,68,9,86,364586,0,31966,35,0,00,6366,3
52,852,-595,46,9,76,563,82,-10,54,-5,59,9,86,364521,8,31960,37,0,00,6360,4
52,902,-595,99,9,48,564,32,-10,54,-5,51,9,86,364455,8,31954,39,0,00,6354,4
52,952,-596,51,9,21,564,81,-10,54,-5,43,9,86,364393,3,31948,42,0,00,6348,4
53,002,-597,04,8,94,565,30,-10,54,-5,35,9,86,364328,9,31942,45,0,00,6342,4
53,052,-597,57,8,67,565,80,-10,54,-5,27,9,86,364264,4,31936,47,0,00,6336,5
53,102,-598,10,8,41,566,29,-10,54,-5,19,9,86,364196,5,31930,50,0,00,6330,5
53,152,-598,62,8,15,566,78,-10,54,-5,11,9,86,364133,7,31924,53,0,00,6324,5
53,202,-599,15,7,90,567,28,-10,54,-5,03,9,86,364069,1,31918,56,0,00,6318,6
53,252,-599,68,7,65,567,77,-10,54,-4,95,9,86,364002,7,31912,59,0,00,6312,6
53,302,-600,20,7,40,568,26,-10,54,-4,87,9,86,363939,8,31906,63,0,00,6306,6
53,352,-600,73,7,16,568,76,-10,54,-4,79,9,86,363876,7,31900,66,0,00,6300,7
53,402,-601,26,6,92,569,25,-10,54,-4,71,9,86,363811,8,31894,70,0,00,6294,7
53,452,-601,78,6,69,569,74,-10,54,-4,63,9,86,363743,5,31888,73,0,00,6288,7
53,502,-602,31,6,46,570,23,-10,54,-4,55,9,85,363682,0,31882,77,0,00,6282,8
53,552,-602,84,6,23,570,73,-10,54,-4,47,9,85,363615,3,31876,81,0,00,6276,8
53,602,-603,36,6,01,571,22,-10,54,-4,39,9,85,363548,5,31870,85,0,00,6270,8
53,652,-603,89,5,80,571,71,-10,54,-4,21,9,85,408385,2,31863,82,0,00,6263,8
53,702,-604,42,5,59,572,20,-10,54,-4,07,9,85,401027,5,31857,22,0,00,6257,2
53,752,-604,94,5,39,572,70,-10,54,-3,93,9,85,398377,0,31850,67,0,00,6250,7
53,802,-605,47,5,20,573,19,-10,54,-3,80,9,85,395809,0,31844,17,0,00,6244,2
53,852,-606,00,5,01,573,68,-10,54,-3,67,9,85,393303,9,31837,70,0,00,6237,7
53,902,-606,52,4,83,574,17,-10,54,-3,54,9,85,390861,1,31831,27,0,00,6231,3
53,952,-607,05,4,66,574,67,-10,54,-3,42,9,85,388478,3,31824,89,0,00,6224,9
54,002,-607,58,4,49,575,16,-10,53,-3,30,9,85,386155,7,31818,54,0,00,6218,5
54,052,-608,11,4,33,575,65,-10,53,-3,19,9,85,383890,4,31812,23,0,00,6212,2
54,102,-608,63,4,17,576,14,-10,53,-3,08,9,85,381681,0,31805,96,0,00,6206,0
54,152,-609,16,4,02,576,64,-10,53,-2,97,9,85,379527,3,31799,72,0,00,6199,7
54,202,-609,69,3,87,577,13,-10,53,-2,86,9,85,377427,1,31793,51,0,00,6193,5
54,252,-610,21,3,73,577,62,-10,53,-2,76,9,85,375379,2,31787,35,0,00,6187,3
54,302,-610,74,3,60,578,11,-10,53,-2,66,9,85,373381,8,31781,21,0,00,6181,2
54,352,-611,27,3,47,578,61,-10,53,-2,57,9,85,371435,7,31775,11,0,00,6175,1
54,402,-611,79,3,34,579,10,-10,53,-2,47,9,85,369537,9,31769,03,0,00,6169,0
54,452,-612,32,3,22,579,59,-10,53,-2,38,9,84,367687,5,31762,99,0,00,6163,0
54,502,-612,85,3,10,580,08,-10,53,-2,30,9,84,365882,9,31756,98,0,00,6157,0
54,552,-613,37,2,99,580,58,-10,53,-2,21,9,84,364123,9,31751,00,0,00,6151,0
54,602,-613,90,2,88,581,07,-10,53,-2,13,9,84,362409,8,31745,04,0,00,6145,0
54,652,-614,43,2,78,581,56,-10,53,-2,05,9,84,360738,8,31739,12,0,00,6139,1
54,702,-614,95,2,68,582,05,-10,53,-1,97,9,84,359109,4,31733,22,0,00,6133,2
54,752,-615,48,2,58,582,54,-10,53,-1,90,9,84,357520,8,31727,35,0,00,6127,3
54,803,-616,01,2,49,583,03,-10,53,-1,83,9,84,355973,3,31721,50,0,00,6121,5
54,853,-616,53,2,40,583,53,-10,53,-1,76,9,84,354464,0,31715,68,0,00,6115,7
54,903,-617,06,2,31,584,02,-10,53,-1,69,9,84,352993,1,31709,88,0,00,6109,9
54,953,-617,59,2,23,584,51,-10,53,-1,63,9,84,351559,7,31704,10,0,00,6104,1
55,003,-618,11,2,15,585,00,-10,53,-1,56,9,84,350162,4,31698,35,0,00,6098,4
55,053,-618,64,2,07,585,49,-10,53,-1,50,9,84,348800,6,31692,63,0,00,6092,6
55,103,-619,16,2,00,585,99,-10,53,-1,44,9,84,347473,5,31686,92,0,00,6086,9
55,153,-619,69,1,93,586,48,-10,53,-1,39,9,84,346180,0,31681,23,0,00,6081,2
55,203,-620,22,1,86,586,97,-10,53,-1,33,9,84,344919,5,31675,57,0,00,6075,6
55,253,-620,74,1,79,587,46,-10,53,-1,28,9,84,343691,1,31669,93,0,00,6069,9
55,303,-621,27,1,73,587,95,-10,53,-1,23,9,84,342494,0,31664,30,0,00,6064,3
55,353,-621,79,1,67,588,45,-10,53,-1,18,9,84,341327,9,31658,70,0,00,6058,7
55,403,-622,32,1,61,588,94,-10,52,-1,13,9,84,340191,6,31653,11,0,00,6053,1
55,453,-622,85,1,56,589,43,-10,52,-1,08,9,83,339084,0,31647,54,0,00,6047,5
55,503,-623,37,1,50,589,92,-10,52,-1,04,9,83,338004,8,31642,00,0,00,6042,0
55,553,-623,90,1,45,590,41,-10,52,-1,00,9,83,336953,7,31636,46,0,00,6036,5
55,603,-624,42,1,41,590,91,-10,52,-0,95,9,83,335929,2,31630,95,0,00,6030,9
55,653,-624,95,1,36,591,40,-10,52,-0,91,9,83,334931,2,31625,45,0,00,6025,5
55,703,-625,48,1,31,591,89,-10,52,-0,88,9,83,333959,0,31619,97,0,00,6020,0
55,753,-626,00,1,27,592,38,-10,52,-0,84,9,83,333011,8,31614,50,0,00,6014,5
55,803,-626,53,1,23,592,87,-10,52,-0,80,9,83,332088,9,31609,05,0,00,6009,1
55,853,-627,06,1,19,593,36,-10,52,-0,77,9,83,331190,1,31603,61,0,00,6003,6
55,903,-627,58,1,15,593,85,-10,52,-0,74,9,83,330314,4,31598,19,0,00,5998,2
55,953,-628,11,1,12,594,35,-10,52,-0,70,9,83,329461,6,31592,79,0,00,5992,8
56,003,-628,63,1,08,594,84,-10,52,-0,67,9,83,328630,6,31587,39,0,00,5987,4
56,053,-629,16,1,05,595,33,-10,52,-0,64,9,83,327821,3,31582,01,0,00,5982,0
56,103,-629,69,1,02,595,82,-10,52,-0,62,9,83,327033,3,31576,64,0,00,5976,6
56,133,-630,00,1,00,596,11,-10,52,-0,60,9,83,326570,2,31573,43,0,00,5973,4
56,138,-630,05,1,00,596,16,-10,52,-0,60,9,83,326493,9,31572,89,0,00,5972,9
56,143,-630,11,0,99,596,21,-10,52,-0,60,9,83,326417,5,31572,36,0,00,5972,4
56,148,-630,16,0,99,596,26,-10,52,-0,59,9,83,326341,6,31571,82,0,00,5971,8
56,153,-630,21,0,99,596,31,-10,52,-0,59,9,83,326265,6,31571,29,0,00,5971,3
56,158,-630,26,0,98,596,36,-10,52,-0,59,9,83,326189,9,31570,75,0,00,5970,8
56,163,-630,32,0,98,596,41,-10,52,-0,58,9,83,326114,5,31570,22,0,00,5970,2
56,168,-630,37,0,98,596,46,-10,52,-0,58,9,83,326039,3,31569,69,0,00,5969,7
56,173,-630,42,0,98,596,51,-10,52,-0,58,9,83,325964,3,31569,15,0,00,5969,2
56,178,-630,48,0,97,596,56,-10,52,-0,58,9,83,325889,2,31568,62,0,00,5968,6
56,183,-630,53,0,97,596,61,-10,52,-0,57,9,83,325814,6,31568,08,0,00,5968,1
56,188,-630,58,0,97,596,66,-10,52,-0,57,9,83,325740,2,31567,55,0,00,5967,5
56,193,-630,63,0,96,596,70,-10,52,-0,57,9,83,325666,0,31567,02,0,00,5967,0
56,198,-630,69,0,96,596,75,-10,52,-0,57,9,83,325591,7,31566,48,0,00,5966,5
56,203,-630,74,0,96,596,80,-10,52,-0,56,9,83,325517,9,31565,95,0,00,5965,9
56,208,-630,79,0,96,596,85,-10,52,-0,56,9,83,325444,3,31565,41,0,00,5965,4
56,213,-630,84,0,95,596,90,-10,52,-0,56,9,83,325370,9,31564,88,0,00,5964,9
56,218,-630,90,0,95,596,95,-10,52,-0,56,9,83,325297,4,31564,35,0,00,5964,3
56,223,-630,95,0,95,597,00,-10,52,-0,55,9,83,325224,4,31563,81,0,00,5963,8
56,228,-631,00,0,95,597,05,-10,52,-0,55,9,83,325151,6,31563,28,0,00,5963,3
56,233,-631,05,0,94,597,10,-10,52,-0,55,9,83,325078,8,31562,75,0,00,5962,7
56,238,-631,11,0,94,597,15,-10,52,-0,55,9,83,325006,3,31562,21,0,00,5962,2
56,243,-631,16,0,94,597,20,-10,52,-0,54,9,83,324934,1,31561,68,0,00,5961,7
56,248,-631,21,0,93,597,24,-10,52,-0,54,9,83,324861,8,31561,15,0,00,5961,2
56,253,-631,26,0,93,597,29,-10,52,-0,54,9,83,324789,9,31560,62,0,00,5960,6
56,258,-631,32,0,93,597,34,-10,52,-0,54,9,83,324718,2,31560,09,0,00,5960,1
56,263,-631,37,0,93,597,39,-10,52,-0,53,9,83,324646,5,31559,55,0,00,5959,6
56,268,-631,42,0,92,597,44,-10,52,-0,53,9,83,324575,2,31559,02,0,00,5959,0
56,273,-631,48,0,92,597,49,-10,52,-0,53,9,83,324504,1,31558,49,0,00,5958,5
56,278,-631,53,0,92,597,54,-10,52,-0,53,9,83,324432,9,31557,96,0,00,5958,0
56,283,-631,58,0,92,597,59,-10,52,-0,53,9,83,324362,2,31557,43,0,00,5957,4
56,288,-631,63,0,91,597,64,-10,52,-0,52,9,83,324291,6,31556,89,0,00,5956,9
56,293,-631,69,0,91,597,69,-10,52,-0,52,9,83,324221,0,31556,36,0,00,5956,4
56,298,-631,74,0,91,597,74,-10,52,-0,52,9,83,324150,8,31555,83,0,00,5955,8
56,303,-631,79,0,90,597,79,-10,52,-0,52,9,83,324080,8,31555,30,0,00,5955,3
56,308,-631,84,0,90,597,83,-10,52,-0,51,9,83,324010,9,31554,77,0,00,5954,8
56,313,-631,90,0,90,597,88,-10,52,-0,51,9,83,323941,1,31554,24,0,00,5954,2
56,318,-631,95,0,90,597,93,-10,52,-0,51,9,83,323871,6,31553,71,0,00,5953,7
56,323,-632,00,0,89,597,98,-10,52,-0,51,9,83,323802,4,31553,18,0,00,5953,2
56,328,-632,05,0,89,598,03,-10,52,-0,50,9,83,323733,2,31552,64,0,00,5952,6
56,333,-632,11,0,89,598,08,-10,52,-0,50,9,83,323664,1,31552,11,0,00,5952,1
56,338,-632,16,0,89,598,13,-10,52,-0,50,9,83,323595,5,31551,58,0,00,5951,6
56,343,-632,21,0,88,598,18,-10,52,-0,50,9,83,323527,0,31551,05,0,00,5951,1
56,348,-632,26,0,88,598,23,-10,52,-0,50,9,83,323457,9,31550,52,0,00,5950,5
56,353,-632,32,0,88,598,28,-10,52,-0,49,9,83,323390,6,31549,99,0,00,5950,0
56,358,-632,37,0,88,598,33,-10,52,-0,49,9,83,323321,9,31549,46,0,00,5949,5
56,363,-632,42,0,87,598,37,-10,52,-0,49,9,83,323254,3,31548,93,0,00,5948,9
56,368,-632,47,0,87,598,42,-10,52,-0,49,9,83,323186,6,31548,40,0,00,5948,4
56,373,-632,53,0,87,598,47,-10,52,-0,48,9,83,323119,1,31547,87,0,00,5947,9
56,378,-632,58,0,87,598,52,-10,52,-0,48,9,83,323051,5,31547,34,0,00,5947,3
56,383,-632,63,0,87,598,57,-10,52,-0,48,9,83,322985,0,31546,81,0,00,5946,8
56,388,-632,69,0,86,598,62,-10,52,-0,48,9,83,322917,1,31546,29,0,00,5946,3
56,393,-632,74,0,86,598,67,-10,52,-0,48,9,83,322851,2,31545,76,0,00,5945,8
56,398,-632,79,0,86,598,72,-10,52,-0,47,9,83,322783,8,31545,23,0,00,5945,2
56,403,-632,84,0,86,598,77,-10,52,-0,47,9,83,322718,0,31544,70,0,00,5944,7
56,408,-632,90,0,85,598,82,-10,52,-0,47,9,83,322651,2,31544,17,0,00,5944,2
56,413,-632,95,0,85,598,87,-10,52,-0,47,9,83,322585,5,31543,64,0,00,5943,6
56,418,-633,00,0,85,598,92,-10,52,-0,47,9,83,322519,3,31543,11,0,00,5943,1
56,423,-633,05,0,85,598,96,-10,52,-0,46,9,83,322454,1,31542,58,0,00,5942,6
56,428,-633,11,0,84,599,01,-10,52,-0,46,9,83,322387,5,31542,05,0,00,5942,1
56,433,-633,16,0,84,599,06,-10,52,-0,46,9,83,322323,4,31541,53,0,00,5941,5
56,438,-633,21,0,84,599,11,-10,52,-0,46,9,83,322256,9,31541,00,0,00,5941,0
56,443,-633,26,0,84,599,16,-10,52,-0,45,9,83,322192,9,31540,47,0,00,5940,5
56,448,-633,32,0,83,599,21,-10,52,-0,45,9,83,322127,0,31539,94,0,00,5939,9
56,453,-633,37,0,83,599,26,-10,52,-0,45,9,82,322063,5,31539,41,0,00,5939,4
56,458,-633,42,0,83,599,31,-10,52,-0,45,9,82,321997,7,31538,88,0,00,5938,9
56,463,-633,47,0,83,599,36,-10,52,-0,45,9,82,321934,7,31538,36,0,00,5938,4
56,468,-633,53,0,83,599,41,-10,52,-0,44,9,82,321869,4,31537,83,0,00,5937,8
56,473,-633,58,0,82,599,46,-10,52,-0,44,9,82,321805,7,31537,30,0,00,5937,3
56,478,-633,63,0,82,599,50,-10,52,-0,44,9,82,321741,8,31536,77,0,00,5936,8
56,483,-633,68,0,82,599,55,-10,52,-0,44,9,82,321678,2,31536,25,0,00,5936,2
56,488,-633,74,0,82,599,60,-10,52,-0,44,9,82,321614,8,31535,72,0,00,5935,7
56,493,-633,79,0,81,599,65,-10,52,-0,43,9,82,321551,3,31535,19,0,00,5935,2
56,498,-633,84,0,81,599,70,-10,52,-0,43,9,82,321488,5,31534,67,0,00,5934,7
56,503,-633,90,0,81,599,75,-10,52,-0,43,9,82,321424,7,31534,14,0,00,5934,1
56,508,-633,95,0,81,599,80,-10,52,-0,43,9,82,321362,8,31533,61,0,00,5933,6
56,513,-634,00,0,81,599,85,-10,52,-0,43,9,82,321299,5,31533,09,0,00,5933,1
56,518,-634,05,0,80,599,90,-10,52,-0,43,9,82,321237,3,31532,56,0,00,5932,6
56,523,-634,11,0,80,599,95,-10,52,-0,42,9,82,321174,9,31532,03,0,00,5932,0
56,528,-634,16,0,80,600,00,-10,52,-0,42,9,82,321112,8,31531,51,0,00,5931,5
56,533,-634,21,0,80,600,05,-10,52,-0,42,9,82,321050,5,31530,98,0,00,5931,0
56,538,-634,26,0,80,600,09,-10,52,-0,42,9,82,320988,9,31530,45,0,00,5930,5
56,543,-634,32,0,79,600,14,-10,52,-0,42,9,82,320927,5,31529,93,0,00,5929,9
56,548,-634,37,0,79,600,19,-10,52,-0,41,9,82,320865,2,31529,40,0,00,5929,4
56,553,-634,42,0,79,600,24,-10,52,-0,41,9,82,320804,8,31528,88,0,00,5928,9
56,558,-634,47,0,79,600,29,-10,52,-0,41,9,82,320742,9,31528,35,0,00,5928,3
56,563,-634,53,0,79,600,34,-10,52,-0,41,9,82,320682,2,31527,82,0,00,5927,8
56,568,-634,58,0,78,600,39,-10,52,-0,41,9,82,320621,2,31527,30,0,00,5927,3
56,573,-634,63,0,78,600,44,-10,52,-0,40,9,82,320560,6,31526,77,0,00,5926,8
56,578,-634,68,0,78,600,49,-10,52,-0,40,9,82,320500,2,31526,25,0,00,5926,2
56,583,-634,74,0,78,600,54,-10,52,-0,40,9,82,320439,5,31525,72,0,00,5925,7
56,588,-634,79,0,78,600,59,-10,52,-0,40,9,82,320379,6,31525,20,0,00,5925,2
56,593,-634,84,0,77,600,63,-10,52,-0,40,9,82,320319,1,31524,67,0,00,5924,7
56,598,-634,89,0,77,600,68,-10,52,-0,40,9,82,320259,7,31524,15,0,00,5924,1
56,603,-634,95,0,77,600,73,-10,52,-0,39,9,82,320199,3,31523,62,0,00,5923,6
56,608,-635,00,0,77,600,78,-10,52,-0,39,9,82,320140,3,31523,10,0,00,5923,1
56,613,-635,05,0,77,600,83,-10,52,-0,39,9,82,320080,8,31522,57,0,00,5922,6
56,618,-635,11,0,76,600,88,-10,52,-0,39,9,82,320021,5,31522,05,0,00,5922,0
56,623,-635,16,0,76,600,93,-10,52,-0,39,9,82,319962,5,31521,52,0,00,5921,5
56,628,-635,21,0,76,600,98,-10,52,-0,39,9,82,319903,3,31521,00,0,00,5921,0
56,633,-635,26,0,76,601,03,-10,52,-0,38,9,82,319844,8,31520,47,0,00,5920,5
56,638,-635,32,0,76,601,08,-10,52,-0,38,9,82,319786,1,31519,95,0,00,5919,9
56,643,-635,37,0,75,601,13,-10,52,-0,38,9,82,319727,6,31519,43,0,00,5919,4
56,648,-635,42,0,75,601,18,-10,52,-0,38,9,82,319669,4,31518,90,0,00,5918,9
56,653,-635,47,0,75,601,22,-10,52,-0,38,9,82,319611,4,31518,38,0,00,5918,4
56,658,-635,53,0,75,601,27,-10,52,-0,38,9,82,319552,8,31517,85,0,00,5917,9
56,663,-635,58,0,75,601,32,-10,52,-0,37,9,82,319495,7,31517,33,0,00,5917,3
56,668,-635,63,0,74,601,37,-10,52,-0,37,9,82,319437,2,31516,80,0,00,5916,8
56,673,-635,68,0,74,601,42,-10,52,-0,37,9,82,319380,5,31516,28,0,00,5916,3
56,678,-635,74,0,74,601,47,-10,52,-0,37,9,82,319322,1,31515,76,0,00,5915,8
56,683,-635,79,0,74,601,52,-10,52,-0,37,9,82,319265,9,31515,23,0,00,5915,2
56,688,-635,84,0,74,601,57,-10,52,-0,37,9,82,319207,9,31514,71,0,00,5914,7
56,693,-635,89,0,74,601,62,-10,52,-0,36,9,82,319151,9,31514,19,0,00,5914,2
56,698,-635,95,0,73,601,67,-10,52,-0,36,9,82,319094,3,31513,67,0,00,5913,7
56,703,-636,00,0,73,601,72,-10,52,-0,36,9,82,319038,3,31513,14,0,00,5913,1
56,708,-636,05,0,73,601,76,-10,52,-0,36,9,82,318981,3,31512,62,0,00,5912,6
56,713,-636,10,0,73,601,81,-10,52,-0,36,9,82,318925,7,31512,10,0,00,5912,1
56,718,-636,16,0,73,601,86,-10,52,-0,36,9,82,318868,7,31511,57,0,00,5911,6
56,723,-636,21,0,72,601,91,-10,52,-0,35,9,82,318813,2,31511,05,0,00,5911,1
56,728,-636,26,0,72,601,96,-10,52,-0,35,9,82,318757,5,31510,53,0,00,5910,5
56,733,-636,31,0,72,602,01,-10,52,-0,35,9,82,318701,2,31510,01,0,00,5910,0
56,738,-636,37,0,72,602,06,-10,52,-0,35,9,82,318646,3,31509,48,0,00,5909,5
56,743,-636,42,0,72,602,11,-10,52,-0,35,9,82,318590,1,31508,96,0,00,5909,0
56,748,-636,47,0,72,602,16,-10,52,-0,35,9,82,318535,8,31508,44,0,00,5908,4
56,753,-636,52,0,71,602,21,-10,52,-0,35,9,82,318479,5,31507,92,0,00,5907,9
56,758,-636,58,0,71,602,26,-10,52,-0,34,9,82,318425,6,31507,39,0,00,5907,4
56,763,-636,63,0,71,602,31,-10,52,-0,34,9,82,318370,3,31506,87,0,00,5906,9
56,768,-636,68,0,71,602,35,-10,52,-0,34,9,82,318315,6,31506,35,0,00,5906,4
56,773,-636,73,0,71,602,40,-10,52,-0,34,9,82,318261,1,31505,83,0,00,5905,8
56,778,-636,79,0,71,602,45,-10,52,-0,34,9,82,318206,4,31505,31,0,00,5905,3
56,783,-636,84,0,70,602,50,-10,52,-0,34,9,82,318152,8,31504,79,0,00,5904,8
56,788,-636,89,0,70,602,55,-10,52,-0,34,9,82,318098,2,31504,27,0,00,5904,3
56,793,-636,94,0,70,602,60,-10,52,-0,33,9,82,318044,2,31503,74,0,00,5903,7
56,798,-637,00,0,70,602,65,-10,51,-0,33,9,82,317990,8,31503,22,0,00,5903,2
56,803,-637,05,0,70,602,70,-10,51,-0,33,9,82,317936,9,31502,70,0,00,5902,7
56,808,-637,10,0,70,602,75,-10,51,-0,33,9,82,317883,1,31502,18,0,00,5902,2
56,813,-637,15,0,69,602,80,-10,51,-0,33,9,82,317830,0,31501,66,0,00,5901,7
56,818,-637,21,0,69,602,85,-10,51,-0,33,9,82,317776,8,31501,14,0,00,5901,1
56,823,-637,26,0,69,602,89,-10,51,-0,33,9,82,317723,7,31500,62,0,00,5900,6
56,828,-637,31,0,69,602,94,-10,51,-0,32,9,82,317670,8,31500,10,0,00,5900,1
56,833,-637,36,0,69,602,99,-10,51,-0,32,9,82,317617,8,31499,58,0,00,5899,6
56,838,-637,42,0,69,603,04,-10,51,-0,32,9,82,317565,4,31499,05,0,00,5899,1
56,843,-637,47,0,68,603,09,-10,51,-0,32,9,82,317512,8,31498,54,0,00,5898,5
56,848,-637,52,0,68,603,14,-10,51,-0,32,9,82,317460,4,31498,01,0,00,5898,0
56,853,-637,58,0,68,603,19,-10,51,-0,32,9,82,317408,2,31497,49,0,00,5897,5
56,858,-637,63,0,68,603,24,-10,51,-0,32,9,82,317355,8,31496,97,0,00,5897,0
56,863,-637,68,0,68,603,29,-10,51,-0,31,9,82,317304,1,31496,45,0,00,5896,5
56,868,-637,73,0,68,603,34,-10,51,-0,31,9,82,317252,1,31495,93,0,00,5895,9
56,873,-637,79,0,67,603,39,-10,51,-0,31,9,82,317200,8,31495,41,0,00,5895,4
56,878,-637,84,0,67,603,44,-10,51,-0,31,9,82,317148,9,31494,89,0,00,5894,9
56,883,-637,89,0,67,603,48,-10,51,-0,31,9,82,317097,6,31494,37,0,00,5894,4
56,888,-637,94,0,67,603,53,-10,51,-0,31,9,82,317046,1,31493,85,0,00,5893,9
56,893,-638,00,0,67,603,58,-10,51,-0,31,9,82,316995,2,31493,33,0,00,5893,3
56,898,-638,05,0,67,603,63,-10,51,-0,31,9,82,316944,2,31492,81,0,00,5892,8
56,903,-638,10,0,67,603,68,-10,51,-0,30,9,82,316893,3,31492,29,0,00,5892,3
56,908,-638,15,0,66,603,73,-10,51,-0,30,9,82,316842,6,31491,78,0,00,5891,8
56,913,-638,21,0,66,603,78,-10,51,-0,30,9,82,316792,2,31491,26,0,00,5891,3
56,918,-638,26,0,66,603,83,-10,51,-0,30,9,82,316741,1,31490,74,0,00,5890,7
56,923,-638,31,0,66,603,88,-10,51,-0,30,9,82,316691,5,31490,22,0,00,5890,2
56,928,-638,36,0,66,603,93,-10,51,-0,30,9,82,316641,3,31489,70,0,00,5889,7
56,933,-638,42,0,66,603,98,-10,51,-0,30,9,82,316590,4,31489,18,0,00,5889,2
56,938,-638,47,0,65,604,02,-10,51,-0,30,9,82,316541,5,31488,66,0,00,5888,7
56,943,-638,52,0,65,604,07,-10,51,-0,29,9,82,316491,4,31488,14,0,00,5888,1
56,948,-638,57,0,65,604,12,-10,51,-0,29,9,82,316441,6,31487,62,0,00,5887,6
56,953,-638,63,0,65,604,17,-10,51,-0,29,9,82,316392,0,31487,11,0,00,5887,1
56,958,-638,68,0,65,604,22,-10,51,-0,29,9,82,316343,1,31486,59,0,00,5886,6
56,963,-638,73,0,65,604,27,-10,51,-0,29,9,82,316293,4,31486,07,0,00,5886,1
56,968,-638,78,0,65,604,32,-10,51,-0,29,9,82,316244,4,31485,55,0,00,5885,5
56,973,-638,84,0,64,604,37,-10,51,-0,29,9,82,316195,7,31485,03,0,00,5885,0
56,978,-638,89,0,64,604,42,-10,51,-0,29,9,82,316146,7,31484,51,0,00,5884,5
56,983,-638,94,0,64,604,47,-10,51,-0,28,9,82,316097,8,31483,99,0,00,5884,0
56,988,-638,99,0,64,604,52,-10,51,-0,28,9,82,316049,3,31483,48,0,00,5883,5
56,993,-639,05,0,64,604,56,-10,51,-0,28,9,82,316001,3,31482,96,0,00,5883,0
56,998,-639,10,0,64,604,61,-10,51,-0,28,9,82,315952,3,31482,44,0,00,5882,4
57,003,-639,15,0,64,604,66,-10,51,-0,28,9,82,315904,3,31481,92,0,00,5881,9
57,008,-639,20,0,63,604,71,-10,51,-0,28,9,82,315856,5,31481,40,0,00,5881,4
57,013,-639,26,0,63,604,76,-10,51,-0,28,9,82,315808,5,31480,89,0,00,5880,9
57,018,-639,31,0,63,604,81,-10,51,-0,28,9,82,315760,3,31480,37,0,00,5880,4
57,023,-639,36,0,63,604,86,-10,51,-0,28,9,82,315713,1,31479,85,0,00,5879,9
57,028,-639,41,0,63,604,91,-10,51,-0,27,9,82,315665,3,31479,33,0,00,5879,3
57,033,-639,47,0,63,604,96,-10,51,-0,27,9,82,315618,1,31478,82,0,00,5878,8
57,038,-639,52,0,63,605,01,-10,51,-0,27,9,82,315570,7,31478,30,0,00,5878,3
57,043,-639,57,0,63,605,06,-10,51,-0,27,9,82,315523,4,31477,78,0,00,5877,8
57,048,-639,62,0,62,605,10,-10,51,-0,27,9,82,315476,4,31477,27,0,00,5877,3
57,053,-639,68,0,62,605,15,-10,51,-0,27,9,82,315429,6,31476,75,0,00,5876,7
57,058,-639,73,0,62,605,20,-10,51,-0,27,9,82,315382,9,31476,23,0,00,5876,2
57,063,-639,78,0,62,605,25,-10,51,-0,27,9,82,315335,6,31475,71,0,00,5875,7
57,068,-639,83,0,62,605,30,-10,51,-0,27,9,82,315290,3,31475,20,0,00,5875,2
57,073,-639,89,0,62,605,35,-10,51,-0,26,9,82,315242,5,31474,68,0,00,5874,7
57,078,-639,94,0,62,605,40,-10,51,-0,26,9,82,315197,5,31474,16,0,00,5874,2
57,083,-639,99,0,61,605,45,-10,51,-0,26,9,82,315150,2,31473,65,0,00,5873,6
57,088,-640,04,0,61,605,50,-10,51,-0,26,9,82,315105,1,31473,13,0,00,5873,1
57,093,-640,10,0,61,605,55,-10,51,-0,26,9,82,315058,6,31472,61,0,00,5872,6
57,098,-640,15,0,61,605,60,-10,51,-0,26,9,82,315013,1,31472,10,0,00,5872,1
57,103,-640,20,0,61,605,64,-10,51,-0,26,9,82,314967,3,31471,58,0,00,5871,6
57,108,-640,26,0,61,605,69,-10,51,-0,26,9,82,314921,8,31471,06,0,00,5871,1
57,113,-640,31,0,61,605,74,-10,51,-0,26,9,82,314876,4,31470,55,0,00,5870,5
57,118,-640,36,0,61,605,79,-10,51,-0,26,9,82,314831,3,31470,03,0,00,5870,0
57,123,-640,41,0,60,605,84,-10,51,-0,25,9,82,314785,9,31469,52,0,00,5869,5
57,128,-640,47,0,60,605,89,-10,51,-0,25,9,82,314740,7,31469,00,0,00,5869,0
57,133,-640,52,0,60,605,94,-10,51,-0,25,9,82,314696,1,31468,48,0,00,5868,5
57,138,-640,57,0,60,605,99,-10,51,-0,25,9,82,314651,3,31467,97,0,00,5868,0
57,143,-640,62,0,60,606,04,-10,51,-0,25,9,82,314606,3,31467,45,0,00,5867,5
57,148,-640,68,0,60,606,09,-10,51,-0,25,9,82,314562,2,31466,94,0,00,5866,9
57,153,-640,73,0,60,606,13,-10,51,-0,25,9,82,314517,5,31466,42,0,00,5866,4
57,158,-640,78,0,60,606,18,-10,51,-0,25,9,82,314473,1,31465,91,0,00,5865,9
57,163,-640,83,0,59,606,23,-10,51,-0,25,9,82,314429,2,31465,39,0,00,5865,4
57,168,-640,89,0,59,606,28,-10,51,-0,25,9,82,314384,6,31464,88,0,00,5864,9
57,173,-640,94,0,59,606,33,-10,51,-0,24,9,82,314341,1,31464,36,0,00,5864,4
57,178,-640,99,0,59,606,38,-10,51,-0,24,9,82,314296,9,31463,84,0,00,5863,8
57,183,-641,04,0,59,606,43,-10,51,-0,24,9,82,314253,8,31463,33,0,00,5863,3
57,188,-641,10,0,59,606,48,-10,51,-0,24,9,82,314209,6,31462,81,0,00,5862,8
57,193,-641,15,0,59,606,53,-10,51,-0,24,9,82,314166,3,31462,30,0,00,5862,3
57,198,-641,20,0,59,606,58,-10,51,-0,24,9,82,314122,9,31461,78,0,00,5861,8
57,203,-641,25,0,58,606,63,-10,51,-0,24,9,82,314079,7,31461,27,0,00,5861,3
57,208,-641,31,0,58,606,67,-10,51,-0,24,9,82,314036,6,31460,75,0,00,5860,8
57,213,-641,36,0,58,606,72,-10,51,-0,24,9,82,313993,3,31460,24,0,00,5860,2
57,218,-641,41,0,58,606,77,-10,51,-0,24,9,82,313950,6,31459,72,0,00,5859,7
57,223,-641,46,0,58,606,82,-10,51,-0,24,9,82,313908,1,31459,21,0,00,5859,2
57,228,-641,52,0,58,606,87,-10,51,-0,24,9,82,313864,8,31458,70,0,00,5858,7
57,233,-641,57,0,58,606,92,-10,51,-0,23,9,82,313822,7,31458,18,0,00,5858,2
57,238,-641,62,0,58,606,97,-10,51,-0,23,9,82,313780,3,31457,67,0,00,5857,7
57,243,-641,67,0,57,607,02,-10,51,-0,23,9,82,313737,6,31457,15,0,00,5857,2
57,248,-641,73,0,57,607,07,-10,51,-0,23,9,82,313696,0,31456,64,0,00,5856,6
57,253,-641,78,0,57,607,12,-10,51,-0,23,9,82,313653,3,31456,12,0,00,5856,1
57,258,-641,83,0,57,607,17,-10,51,-0,23,9,82,313611,6,31455,61,0,00,5855,6
57,263,-641,88,0,57,607,21,-10,51,-0,23,9,82,313569,6,31455,09,0,00,5855,1
57,268,-641,94,0,57,607,26,-10,51,-0,23,9,82,313527,8,31454,58,0,00,5854,6
57,273,-641,99,0,57,607,31,-10,51,-0,23,9,82,313486,7,31454,07,0,00,5854,1
57,278,-642,04,0,57,607,36,-10,51,-0,23,9,82,313444,4,31453,55,0,00,5853,6
57,283,-642,09,0,57,607,41,-10,51,-0,23,9,82,313403,6,31453,04,0,00,5853,0
57,288,-642,15,0,56,607,46,-10,51,-0,23,9,82,313361,7,31452,53,0,00,5852,5
57,293,-642,20,0,56,607,51,-10,51,-0,22,9,82,313321,3,31452,01,0,00,5852,0
57,298,-642,25,0,56,607,56,-10,51,-0,22,9,82,313279,3,31451,50,0,00,5851,5
57,303,-642,30,0,56,607,61,-10,51,-0,22,9,82,313239,2,31450,98,0,00,5851,0
57,308,-642,36,0,56,607,66,-10,51,-0,22,9,82,313197,9,31450,47,0,00,5850,5
57,313,-642,41,0,56,607,71,-10,51,-0,22,9,82,313157,3,31449,96,0,00,5850,0
57,318,-642,46,0,56,607,75,-10,51,-0,22,9,82,313116,4,31449,45,0,00,5849,4
57,323,-642,51,0,56,607,80,-10,51,-0,22,9,82,313076,2,31448,93,0,00,5848,9
57,328,-642,57,0,56,607,85,-10,51,-0,22,9,82,313035,6,31448,42,0,00,5848,4
57,333,-642,62,0,55,607,90,-10,51,-0,22,9,82,312995,3,31447,90,0,00,5847,9
57,338,-642,67,0,55,607,95,-10,51,-0,22,9,82,312955,1,31447,39,0,00,5847,4
57,343,-642,73,0,55,608,00,-10,51,-0,22,9,82,312915,5,31446,88,0,00,5846,9
57,348,-642,78,0,55,608,05,-10,51,-0,22,9,82,312874,8,31446,37,0,00,5846,4
57,353,-642,83,0,55,608,10,-10,51,-0,22,9,82,312835,1,31445,85,0,00,5845,9
57,358,-642,88,0,55,608,15,-10,51,-0,22,9,82,312795,6,31445,34,0,00,5845,3
57,363,-642,94,0,55,608,20,-10,51,-0,21,9,82,312755,8,31444,83,0,00,5844,8
57,368,-642,99,0,55,608,24,-10,51,-0,21,9,82,312716,3,31444,31,0,00,5844,3
57,373,-643,04,0,55,608,29,-10,51,-0,21,9,82,312676,8,31443,80,0,00,5843,8
57,378,-643,09,0,54,608,34,-10,51,-0,21,9,82,312637,1,31443,29,0,00,5843,3
57,383,-643,15,0,54,608,39,-10,51,-0,21,9,82,312598,4,31442,78,0,00,5842,8
57,388,-643,20,0,54,608,44,-10,51,-0,21,9,82,312559,1,31442,27,0,00,5842,3
57,393,-643,25,0,54,608,49,-10,51,-0,21,9,82,312520,3,31441,75,0,00,5841,8
57,398,-643,30,0,54,608,54,-10,51,-0,21,9,82,312480,9,31441,24,0,00,5841,2
57,403,-643,36,0,54,608,59,-10,51,-0,21,9,82,312442,9,31440,73,0,00,5840,7
57,408,-643,41,0,54,608,64,-10,51,-0,21,9,82,312403,3,31440,21,0,00,5840,2
57,413,-643,46,0,54,608,69,-10,51,-0,21,9,82,312365,2,31439,70,0,00,5839,7
57,418,-643,51,0,54,608,74,-10,51,-0,21,9,82,312326,4,31439,19,0,00,5839,2
57,423,-643,57,0,54,608,78,-10,51,-0,21,9,82,312288,7,31438,68,0,00,5838,7
57,428,-643,62,0,53,608,83,-10,51,-0,21,9,82,312249,8,31438,17,0,00,5838,2
57,433,-643,67,0,53,608,88,-10,51,-0,21,9,82,312211,9,31437,66,0,00,5837,7
57,438,-643,72,0,53,608,93,-10,51,-0,20,9,82,312173,8,31437,14,0,00,5837,1
57,443,-643,78,0,53,608,98,-10,51,-0,20,9,82,312135,8,31436,63,0,00,5836,6
57,448,-643,83,0,53,609,03,-10,51,-0,20,9,82,312098,0,31436,12,0,00,5836,1
57,453,-643,88,0,53,609,08,-10,51,-0,20,9,82,312059,9,31435,61,0,00,5835,6
57,458,-643,93,0,53,609,13,-10,51,-0,20,9,82,312022,8,31435,10,0,00,5835,1
57,463,-643,99,0,53,609,18,-10,51,-0,20,9,82,311985,1,31434,59,0,00,5834,6
57,468,-644,04,0,53,609,23,-10,51,-0,20,9,82,311947,4,31434,07,0,00,5834,1
57,473,-644,09,0,53,609,28,-10,51,-0,20,9,82,311910,0,31433,56,0,00,5833,6
57,478,-644,14,0,52,609,32,-10,51,-0,20,9,82,311873,1,31433,05,0,00,5833,1
57,483,-644,20,0,52,609,37,-10,51,-0,20,9,82,311835,6,31432,54,0,00,5832,5
57,488,-644,25,0,52,609,42,-10,51,-0,20,9,82,311799,1,31432,03,0,00,5832,0
57,493,-644,30,0,52,609,47,-10,51,-0,20,9,82,311761,4,31431,52,0,00,5831,5
57,498,-644,35,0,52,609,52,-10,51,-0,20,9,81,311725,2,31431,01,0,00,5831,0
57,503,-644,41,0,52,609,57,-10,51,-0,20,9,81,311688,2,31430,50,0,00,5830,5
57,508,-644,46,0,52,609,62,-10,51,-0,20,9,81,311651,4,31429,98,0,00,5830,0
57,513,-644,51,0,52,609,67,-10,51,-0,20,9,81,311615,3,31429,47,0,00,5829,5
57,518,-644,56,0,52,609,72,-10,51,-0,20,9,81,311578,4,31428,96,0,00,5829,0
57,523,-644,62,0,52,609,77,-10,51,-0,19,9,81,311542,5,31428,45,0,00,5828,5
57,528,-644,67,0,51,609,82,-10,51,-0,19,9,81,311505,5,31427,94,0,00,5827,9
57,533,-644,72,0,51,609,86,-10,51,-0,19,9,81,311470,4,31427,43,0,00,5827,4
57,538,-644,77,0,51,609,91,-10,51,-0,19,9,81,311433,3,31426,92,0,00,5826,9
57,543,-644,83,0,51,609,96,-10,51,-0,19,9,81,311398,5,31426,41,0,00,5826,4
57,548,-644,88,0,51,610,01,-10,51,-0,19,9,81,311361,6,31425,90,0,00,5825,9
57,553,-644,93,0,51,610,06,-10,51,-0,19,9,81,311326,3,31425,39,0,00,5825,4
57,558,-644,98,0,51,610,11,-10,51,-0,19,9,81,311290,6,31424,88,0,00,5824,9
57,563,-645,04,0,51,610,16,-10,51,-0,19,9,81,311255,1,31424,37,0,00,5824,4
57,568,-645,09,0,51,610,21,-10,51,-0,19,9,81,311219,8,31423,86,0,00,5823,9
57,573,-645,14,0,51,610,26,-10,51,-0,19,9,81,311184,1,31423,35,0,00,5823,3
57,578,-645,19,0,50,610,31,-10,51,-0,19,9,81,311149,1,31422,84,0,00,5822,8
57,583,-645,25,0,50,610,36,-10,51,-0,19,9,81,311113,3,31422,33,0,00,5822,3
57,588,-645,30,0,50,610,40,-10,51,-0,19,9,81,311079,0,31421,82,0,00,5821,8
57,593,-645,35,0,50,610,45,-10,51,-0,19,9,81,311043,6,31421,31,0,00,5821,3
57,598,-645,41,0,50,610,50,-10,51,-0,19,9,81,311009,1,31420,80,0,00,5820,8
57,603,-645,46,0,50,610,55,-10,51,-0,19,9,81,310974,0,31420,29,0,00,5820,3
57,608,-645,51,0,50,610,60,-10,51,-0,19,9,81,310939,4,31419,78,0,00,5819,8
57,613,-645,56,0,50,610,65,-10,51,-0,19,9,81,310904,6,31419,27,0,00,5819,3
57,618,-645,62,0,50,610,70,-10,51,-0,19,9,81,310870,7,31418,76,0,00,5818,8
57,623,-645,67,0,50,610,75,-10,51,-0,19,9,81,310835,3,31418,25,0,00,5818,3
57,628,-645,72,0,50,610,80,-10,51,-0,18,9,81,310802,2,31417,74,0,00,5817,7
57,633,-645,77,0,49,610,85,-10,51,-0,18,9,81,310767,0,31417,23,0,00,5817,2
57,638,-645,83,0,49,610,89,-10,51,-0,18,9,81,310733,3,31416,72,0,00,5816,7
57,643,-645,88,0,49,610,94,-10,51,-0,18,9,81,310698,9,31416,21,0,00,5816,2
57,648,-645,93,0,49,610,99,-10,51,-0,18,9,81,310665,1,31415,70,0,00,5815,7
57,653,-645,98,0,49,611,04,-10,51,-0,18,9,81,310631,4,31415,19,0,00,5815,2
57,658,-646,04,0,49,611,09,-10,51,-0,18,9,81,310597,9,31414,68,0,00,5814,7
57,663,-646,09,0,49,611,14,-10,51,-0,18,9,81,310563,6,31414,18,0,00,5814,2
57,668,-646,14,0,49,611,19,-10,51,-0,18,9,81,310530,4,31413,67,0,00,5813,7
57,673,-646,19,0,49,611,24,-10,51,-0,18,9,81,310496,8,31413,16,0,00,5813,2
57,678,-646,25,0,49,611,29,-10,51,-0,18,9,81,310463,5,31412,65,0,00,5812,6
57,683,-646,30,0,49,611,34,-10,51,-0,18,9,81,310430,2,31412,14,0,00,5812,1
57,688,-646,35,0,48,611,39,-10,51,-0,18,9,81,310397,1,31411,63,0,00,5811,6
57,693,-646,40,0,48,611,43,-10,51,-0,18,9,81,310363,7,31411,12,0,00,5811,1
57,698,-646,46,0,48,611,48,-10,51,-0,18,9,81,310330,9,31410,61,0,00,5810,6
57,703,-646,51,0,48,611,53,-10,51,-0,18,9,81,310298,2,31410,11,0,00,5810,1
57,708,-646,56,0,48,611,58,-10,51,-0,18,9,81,310264,8,31409,60,0,00,5809,6
57,713,-646,61,0,48,611,63,-10,51,-0,18,9,81,310232,4,31409,09,0,00,5809,1
57,718,-646,67,0,48,611,68,-10,51,-0,18,9,81,310199,8,31408,58,0,00,5808,6
57,723,-646,72,0,48,611,73,-10,51,-0,18,9,81,310166,8,31408,07,0,00,5808,1
57,728,-646,77,0,48,611,78,-10,51,-0,18,9,81,310134,8,31407,56,0,00,5807,6
57,733,-646,82,0,48,611,83,-10,51,-0,18,9,81,310102,1,31407,05,0,00,5807,1
57,738,-646,88,0,48,611,88,-10,51,-0,18,9,81,310070,0,31406,54,0,00,5806,5
57,743,-646,93,0,47,611,93,-10,51,-0,18,9,81,310037,6,31406,04,0,00,5806,0
57,748,-646,98,0,47,611,97,-10,51,-0,18,9,81,310005,7,31405,53,0,00,5805,5
57,753,-647,03,0,47,612,02,-10,51,-0,18,9,81,309973,1,31405,02,0,00,5805,0
57,758,-647,09,0,47,612,07,-10,51,-0,18,9,81,309942,0,31404,51,0,00,5804,5
57,763,-647,14,0,47,612,12,-10,51,-0,17,9,81,309909,3,31404,00,0,00,5804,0
57,768,-647,19,0,47,612,17,-10,51,-0,17,9,81,309878,4,31403,50,0,00,5803,5
57,773,-647,24,0,47,612,22,-10,51,-0,17,9,81,309845,5,31402,99,0,00,5803,0
57,778,-647,30,0,47,612,27,-10,51,-0,17,9,81,309814,9,31402,48,0,00,5802,5
57,783,-647,35,0,47,612,32,-10,51,-0,17,9,81,309783,2,31401,97,0,00,5802,0
57,788,-647,40,0,47,612,37,-10,51,-0,17,9,81,309751,6,31401,46,0,00,5801,5
57,793,-647,45,0,47,612,42,-10,51,-0,17,9,81,309720,5,31400,96,0,00,5801,0
57,798,-647,51,0,47,612,47,-10,51,-0,17,9,81,309688,7,31400,45,0,00,5800,4
57,803,-647,56,0,46,612,51,-10,51,-0,17,9,81,309657,9,31399,94,0,00,5799,9
57,808,-647,61,0,46,612,56,-10,51,-0,17,9,81,309626,9,31399,43,0,00,5799,4
57,813,-647,66,0,46,612,61,-10,51,-0,17,9,81,309595,5,31398,93,0,00,5798,9
57,818,-647,72,0,46,612,66,-10,51,-0,17,9,81,309565,1,31398,42,0,00,5798,4
57,823,-647,77,0,46,612,71,-10,51,-0,17,9,81,309534,0,31397,91,0,00,5797,9
57,828,-647,82,0,46,612,76,-10,51,-0,17,9,81,309503,0,31397,40,0,00,5797,4
57,833,-647,88,0,46,612,81,-10,51,-0,17,9,81,309472,6,31396,90,0,00,5796,9
57,838,-647,93,0,46,612,86,-10,51,-0,17,9,81,309441,9,31396,39,0,00,5796,4
57,843,-647,98,0,46,612,91,-10,51,-0,17,9,81,309411,8,31395,88,0,00,5795,9
57,848,-648,03,0,46,612,96,-10,51,-0,17,9,81,309380,9,31395,38,0,00,5795,4
57,853,-648,09,0,46,613,00,-10,51,-0,17,9,81,309351,0,31394,87,0,00,5794,9
57,858,-648,14,0,45,613,05,-10,51,-0,17,9,81,309320,4,31394,36,0,00,5794,4
57,863,-648,19,0,45,613,10,-10,51,-0,17,9,81,309290,3,31393,85,0,00,5793,9
57,868,-648,24,0,45,613,15,-10,51,-0,17,9,81,309260,4,31393,35,0,00,5793,3
57,873,-648,30,0,45,613,20,-10,51,-0,17,9,81,309230,2,31392,84,0,00,5792,8
57,878,-648,35,0,45,613,25,-10,51,-0,17,9,81,309200,1,31392,33,0,00,5792,3
57,883,-648,40,0,45,613,30,-10,51,-0,17,9,81,309171,0,31391,83,0,00,5791,8
57,888,-648,45,0,45,613,35,-10,51,-0,17,9,81,309140,3,31391,32,0,00,5791,3
57,893,-648,51,0,45,613,40,-10,51,-0,17,9,81,309111,4,31390,81,0,00,5790,8
57,898,-648,56,0,45,613,45,-10,51,-0,17,9,81,309081,4,31390,30,0,00,5790,3
57,903,-648,61,0,45,613,50,-10,51,-0,17,9,81,309051,9,31389,80,0,00,5789,8
57,908,-648,66,0,45,613,54,-10,51,-0,17,9,81,309022,6,31389,29,0,00,5789,3
57,913,-648,72,0,45,613,59,-10,51,-0,17,9,81,308993,4,31388,79,0,00,5788,8
57,918,-648,77,0,44,613,64,-10,51,-0,17,9,81,308963,5,31388,28,0,00,5788,3
57,923,-648,82,0,44,613,69,-10,51,-0,17,9,81,308934,9,31387,77,0,00,5787,8
57,928,-648,87,0,44,613,74,-10,51,-0,17,9,81,308905,7,31387,27,0,00,5787,3
57,933,-648,93,0,44,613,79,-10,51,-0,17,9,81,308876,6,31386,76,0,00,5786,8
57,938,-648,98,0,44,613,84,-10,51,-0,17,9,81,308848,0,31386,25,0,00,5786,3
57,943,-649,03,0,44,613,89,-10,51,-0,17,9,81,308818,3,31385,75,0,00,5785,7
57,948,-649,08,0,44,613,94,-10,51,-0,17,9,81,308790,8,31385,24,0,00,5785,2
57,953,-649,14,0,44,613,99,-10,51,-0,17,9,81,308760,4,31384,73,0,00,5784,7
57,958,-649,19,0,44,614,04,-10,51,-0,17,9,81,308733,7,31384,23,0,00,5784,2
57,963,-649,24,0,44,614,08,-10,51,-0,17,9,81,308703,5,31383,72,0,00,5783,7
57,968,-649,29,0,44,614,13,-10,51,-0,17,9,81,308675,7,31383,22,0,00,5783,2
57,973,-649,35,0,44,614,18,-10,51,-0,17,9,81,308647,6,31382,71,0,00,5782,7
57,978,-649,40,0,43,614,23,-10,51,-0,17,9,81,308618,7,31382,21,0,00,5782,2
57,983,-649,45,0,43,614,28,-10,51,-0,17,9,81,308590,8,31381,70,0,00,5781,7
57,988,-649,50,0,43,614,33,-10,51,-0,17,9,81,308562,6,31381,19,0,00,5781,2
57,993,-649,56,0,43,614,38,-10,51,-0,17,9,81,308534,1,31380,69,0,00,5780,7
57,998,-649,61,0,43,614,43,-10,51,-0,16,9,81,308506,6,31380,18,0,00,5780,2
58,003,-649,66,0,43,614,48,-10,51,-0,16,9,81,308478,7,31379,68,0,00,5779,7
58,008,-649,71,0,43,614,53,-10,51,-0,16,9,81,308450,6,31379,17,0,00,5779,2
58,013,-649,77,0,43,614,58,-10,51,-0,16,9,81,308423,0,31378,66,0,00,5778,7
58,018,-649,82,0,43,614,62,-10,51,-0,16,9,81,308395,1,31378,16,0,00,5778,2
58,023,-649,87,0,43,614,67,-10,51,-0,16,9,81,308367,7,31377,65,0,00,5777,7
58,028,-649,92,0,43,614,72,-10,51,-0,16,9,81,308340,1,31377,15,0,00,5777,1
58,033,-649,98,0,43,614,77,-10,51,-0,16,9,81,308312,5,31376,64,0,00,5776,6
58,038,-650,03,0,43,614,82,-10,51,-0,16,9,81,308285,1,31376,14,0,00,5776,1
58,043,-650,08,0,42,614,87,-10,51,-0,16,9,81,308258,2,31375,63,0,00,5775,6
58,048,-650,13,0,42,614,92,-10,51,-0,16,9,81,308230,2,31375,13,0,00,5775,1
58,053,-650,19,0,42,614,97,-10,51,-0,16,9,81,308203,9,31374,62,0,00,5774,6
58,058,-650,24,0,42,615,02,-10,51,-0,16,9,81,308176,1,31374,12,0,00,5774,1
58,063,-650,29,0,42,615,07,-10,51,-0,16,9,81,308149,3,31373,61,0,00,5773,6
58,068,-650,34,0,42,615,12,-10,51,-0,16,9,81,308122,5,31373,11,0,00,5773,1
58,073,-650,40,0,42,615,16,-10,51,-0,16,9,81,308095,5,31372,60,0,00,5772,6
58,078,-650,45,0,42,615,21,-10,51,-0,16,9,81,308069,0,31372,09,0,00,5772,1
58,083,-650,50,0,42,615,26,-10,51,-0,16,9,81,308041,8,31371,59,0,00,5771,6
58,088,-650,56,0,42,615,31,-10,51,-0,16,9,81,308015,5,31371,09,0,00,5771,1
58,093,-650,61,0,42,615,36,-10,51,-0,16,9,81,307988,5,31370,58,0,00,5770,6
58,098,-650,66,0,42,615,41,-10,51,-0,16,9,81,307962,5,31370,07,0,00,5770,1
58,103,-650,71,0,41,615,46,-10,51,-0,16,9,81,307935,7,31369,57,0,00,5769,6
58,108,-650,77,0,41,615,51,-10,51,-0,16,9,81,307909,5,31369,07,0,00,5769,1
58,113,-650,82,0,41,615,56,-10,51,-0,16,9,81,307883,4,31368,56,0,00,5768,6
58,118,-650,87,0,41,615,61,-10,51,-0,16,9,81,307856,9,31368,05,0,00,5768,1
58,123,-650,92,0,41,615,65,-10,51,-0,16,9,81,307831,0,31367,55,0,00,5767,6
58,128,-650,98,0,41,615,70,-10,51,-0,16,9,81,307804,8,31367,05,0,00,5767,0
58,133,-651,03,0,41,615,75,-10,51,-0,16,9,81,307778,8,31366,54,0,00,5766,5
58,138,-651,08,0,41,615,80,-10,51,-0,16,9,81,307752,8,31366,04,0,00,5766,0
58,143,-651,13,0,41,615,85,-10,51,-0,16,9,81,307727,3,31365,53,0,00,5765,5
58,148,-651,19,0,41,615,90,-10,51,-0,16,9,81,307701,2,31365,03,0,00,5765,0
58,153,-651,24,0,41,615,95,-10,51,-0,16,9,81,307675,5,31364,52,0,00,5764,5
58,158,-651,29,0,41,616,00,-10,51,-0,16,9,81,307650,0,31364,02,0,00,5764,0
58,163,-651,34,0,40,616,05,-10,51,-0,16,9,81,307624,5,31363,52,0,00,5763,5
58,168,-651,40,0,40,616,10,-10,51,-0,16,9,81,307598,8,31363,01,0,00,5763,0
58,173,-651,45,0,40,616,15,-10,51,-0,16,9,81,307573,2,31362,51,0,00,5762,5
58,178,-651,50,0,40,616,19,-10,51,-0,16,9,81,307548,5,31362,00,0,00,5762,0
58,183,-651,55,0,40,616,24,-10,51,-0,16,9,81,307522,3,31361,50,0,00,5761,5
58,188,-651,61,0,40,616,29,-10,51,-0,16,9,81,307498,3,31360,99,0,00,5761,0
58,193,-651,66,0,40,616,34,-10,51,-0,16,9,81,307471,8,31360,49,0,00,5760,5
58,198,-651,71,0,40,616,39,-10,51,-0,16,9,81,307448,0,31359,99,0,00,5760,0
58,203,-651,76,0,40,616,44,-10,51,-0,16,9,81,307422,1,31359,48,0,00,5759,5
58,208,-651,82,0,40,616,49,-10,51,-0,16,9,81,307397,7,31358,98,0,00,5759,0
58,213,-651,87,0,40,616,54,-10,51,-0,16,9,81,307372,5,31358,47,0,00,5758,5
58,218,-651,92,0,40,616,59,-10,50,-0,16,9,81,307347,4,31357,97,0,00,5758,0
58,223,-651,97,0,39,616,64,-10,50,-0,16,9,81,307323,3,31357,47,0,00,5757,5
58,228,-652,03,0,39,616,68,-10,50,-0,16,9,81,307298,4,31356,96,0,00,5757,0
58,233,-652,08,0,39,616,73,-10,50,-0,16,9,81,307273,7,31356,46,0,00,5756,5
58,238,-652,13,0,39,616,78,-10,50,-0,16,9,81,307249,0,31355,96,0,00,5756,0
58,243,-652,18,0,39,616,83,-10,50,-0,16,9,81,307224,9,31355,45,0,00,5755,5
58,248,-652,24,0,39,616,88,-10,50,-0,16,9,81,307200,5,31354,95,0,00,5754,9
58,253,-652,29,0,39,616,93,-10,50,-0,16,9,81,307176,1,31354,45,0,00,5754,4
58,258,-652,34,0,39,616,98,-10,50,-0,16,9,81,307151,9,31353,94,0,00,5753,9
58,263,-652,39,0,39,617,03,-10,50,-0,16,9,81,307127,4,31353,44,0,00,5753,4
58,268,-652,45,0,39,617,08,-10,50,-0,16,9,81,307103,8,31352,93,0,00,5752,9
58,273,-652,50,0,39,617,13,-10,50,-0,16,9,81,307079,4,31352,43,0,00,5752,4
58,278,-652,55,0,39,617,18,-10,50,-0,16,9,81,307055,2,31351,93,0,00,5751,9
58,283,-652,60,0,39,617,22,-10,50,-0,16,9,81,307031,9,31351,42,0,00,5751,4
58,288,-652,66,0,38,617,27,-10,50,-0,16,9,81,307007,4,31350,92,0,00,5750,9
58,293,-652,71,0,38,617,32,-10,50,-0,16,9,81,306983,9,31350,42,0,00,5750,4
58,298,-652,76,0,38,617,37,-10,50,-0,16,9,81,306960,1,31349,91,0,00,5749,9
58,303,-652,81,0,38,617,42,-10,50,-0,16,9,81,306936,4,31349,41,0,00,5749,4
58,308,-652,87,0,38,617,47,-10,50,-0,16,9,81,306913,2,31348,91,0,00,5748,9
58,313,-652,92,0,38,617,52,-10,50,-0,16,9,81,306889,3,31348,40,0,00,5748,4
58,318,-652,97,0,38,617,57,-10,50,-0,16,9,81,306865,8,31347,90,0,00,5747,9
58,323,-653,03,0,38,617,62,-10,50,-0,16,9,81,306842,5,31347,40,0,00,5747,4
58,328,-653,08,0,38,617,67,-10,50,-0,16,9,81,306819,3,31346,89,0,00,5746,9
58,333,-653,13,0,38,617,71,-10,50,-0,16,9,81,306795,8,31346,39,0,00,5746,4
58,338,-653,18,0,38,617,76,-10,50,-0,16,9,81,306772,8,31345,89,0,00,5745,9
58,343,-653,24,0,38,617,81,-10,50,-0,16,9,81,306749,4,31345,39,0,00,5745,4
58,348,-653,29,0,37,617,86,-10,50,-0,16,9,81,306726,6,31344,88,0,00,5744,9
58,353,-653,34,0,37,617,91,-10,50,-0,16,9,81,306703,5,31344,38,0,00,5744,4
58,358,-653,39,0,37,617,96,-10,50,-0,16,9,81,306680,4,31343,88,0,00,5743,9
58,363,-653,45,0,37,618,01,-10,50,-0,17,9,81,306658,0,31343,38,0,00,5743,4
58,368,-653,50,0,37,618,06,-10,50,-0,17,9,81,306634,3,31342,87,0,00,5742,9
58,373,-653,55,0,37,618,11,-10,50,-0,17,9,81,306612,3,31342,37,0,00,5742,4
58,378,-653,60,0,37,618,16,-10,50,-0,17,9,81,306589,3,31341,87,0,00,5741,9
58,383,-653,66,0,37,618,20,-10,50,-0,17,9,81,306566,8,31341,37,0,00,5741,4
58,388,-653,71,0,37,618,25,-10,50,-0,17,9,81,306544,3,31340,86,0,00,5740,9
58,393,-653,76,0,37,618,30,-10,50,-0,17,9,81,306521,6,31340,36,0,00,5740,4
58,398,-653,81,0,37,618,35,-10,50,-0,17,9,81,306499,3,31339,86,0,00,5739,9
58,403,-653,87,0,37,618,40,-10,50,-0,17,9,81,306476,7,31339,36,0,00,5739,4
58,408,-653,92,0,36,618,45,-10,50,-0,17,9,81,306454,7,31338,85,0,00,5738,9
58,413,-653,97,0,36,618,50,-10,50,-0,17,9,81,306431,8,31338,35,0,00,5738,4
58,418,-654,02,0,36,618,55,-10,50,-0,17,9,81,306410,4,31337,85,0,00,5737,8
58,423,-654,08,0,36,618,60,-10,50,-0,17,9,81,306387,8,31337,35,0,00,5737,3
58,428,-654,13,0,36,618,65,-10,50,-0,17,9,81,306365,7,31336,84,0,00,5736,8
58,433,-654,18,0,36,618,69,-10,50,-0,17,9,81,306344,2,31336,34,0,00,5736,3
58,438,-654,23,0,36,618,74,-10,50,-0,17,9,81,306321,3,31335,84,0,00,5735,8
58,443,-654,28,0,36,618,79,-10,50,-0,17,9,81,306300,4,31335,34,0,00,5735,3
58,448,-654,34,0,36,618,84,-10,50,-0,17,9,81,306277,8,31334,83,0,00,5734,8
58,453,-654,39,0,36,618,89,-10,50,-0,17,9,81,306256,7,31334,33,0,00,5734,3
58,458,-654,44,0,36,618,94,-10,50,-0,17,9,81,306234,3,31333,83,0,00,5733,8
58,463,-654,49,0,36,618,99,-10,50,-0,17,9,81,306213,3,31333,33,0,00,5733,3
58,468,-654,55,0,35,619,04,-10,50,-0,17,9,81,306191,5,31332,83,0,00,5732,8
58,473,-654,60,0,35,619,09,-10,50,-0,17,9,81,306169,8,31332,32,0,00,5732,3
58,478,-654,65,0,35,619,14,-10,50,-0,17,9,81,306148,3,31331,82,0,00,5731,8
58,483,-654,70,0,35,619,18,-10,50,-0,17,9,81,306127,2,31331,32,0,00,5731,3
58,488,-654,76,0,35,619,23,-10,50,-0,17,9,81,306105,4,31330,82,0,00,5730,8
58,493,-654,81,0,35,619,28,-10,50,-0,17,9,81,306084,5,31330,32,0,00,5730,3
58,498,-654,86,0,35,619,33,-10,50,-0,17,9,81,306062,9,31329,81,0,00,5729,8
58,503,-654,91,0,35,619,38,-10,50,-0,17,9,81,306042,2,31329,31,0,00,5729,3
58,508,-654,97,0,35,619,43,-10,50,-0,17,9,81,306020,8,31328,81,0,00,5728,8
58,513,-655,02,0,35,619,48,-10,50,-0,17,9,81,305999,8,31328,31,0,00,5728,3
58,518,-655,07,0,35,619,53,-10,50,-0,17,9,81,305978,6,31327,81,0,00,5727,8
58,523,-655,12,0,35,619,58,-10,50,-0,17,9,81,305958,3,31327,31,0,00,5727,3
58,528,-655,18,0,34,619,63,-10,50,-0,17,9,81,305936,8,31326,80,0,00,5726,8
58,533,-655,23,0,34,619,67,-10,50,-0,17,9,81,305916,2,31326,30,0,00,5726,3
58,538,-655,28,0,34,619,72,-10,50,-0,17,9,81,305895,3,31325,80,0,00,5725,8
58,543,-655,33,0,34,619,77,-10,50,-0,17,9,80,305874,9,31325,30,0,00,5725,3
58,548,-655,39,0,34,619,82,-10,50,-0,17,9,80,305853,8,31324,80,0,00,5724,8
58,553,-655,44,0,34,619,87,-10,50,-0,17,9,80,305833,6,31324,30,0,00,5724,3
58,558,-655,49,0,34,619,92,-10,50,-0,17,9,80,305812,6,31323,80,0,00,5723,8
58,563,-655,54,0,34,619,97,-10,50,-0,17,9,80,305792,6,31323,29,0,00,5723,3
58,568,-655,60,0,34,620,02,-10,50,-0,17,9,80,305772,2,31322,79,0,00,5722,8
58,573,-655,65,0,34,620,07,-10,50,-0,17,9,80,305751,5,31322,29,0,00,5722,3
58,578,-655,70,0,34,620,12,-10,50,-0,17,9,80,305731,3,31321,79,0,00,5721,8
58,583,-655,75,0,33,620,16,-10,50,-0,17,9,80,305710,8,31321,29,0,00,5721,3
58,588,-655,81,0,33,620,21,-10,50,-0,17,9,80,305691,2,31320,79,0,00,5720,8
58,593,-655,86,0,33,620,26,-10,50,-0,17,9,80,305670,4,31320,29,0,00,5720,3
58,598,-655,91,0,33,620,31,-10,50,-0,17,9,80,305651,0,31319,79,0,00,5719,8
58,603,-655,96,0,33,620,36,-10,50,-0,17,9,80,305630,4,31319,29,0,00,5719,3
58,608,-656,02,0,33,620,41,-10,50,-0,17,9,80,305610,3,31318,79,0,00,5718,8
58,613,-656,07,0,33,620,46,-10,50,-0,17,9,80,305591,2,31318,29,0,00,5718,3
58,618,-656,12,0,33,620,51,-10,50,-0,17,9,80,305570,4,31317,78,0,00,5717,8
58,623,-656,17,0,33,620,56,-10,50,-0,17,9,80,305551,4,31317,28,0,00,5717,3
58,628,-656,23,0,33,620,61,-10,50,-0,17,9,80,305530,8,31316,78,0,00,5716,8
58,633,-656,28,0,33,620,65,-10,50,-0,18,9,80,305512,1,31316,28,0,00,5716,3
58,638,-656,33,0,33,620,70,-10,50,-0,18,9,80,305491,6,31315,78,0,00,5715,8
58,643,-656,38,0,32,620,75,-10,50,-0,18,9,80,305472,6,31315,28,0,00,5715,3
58,648,-656,44,0,32,620,80,-10,50,-0,18,9,80,305452,8,31314,78,0,00,5714,8
58,653,-656,49,0,32,620,85,-10,50,-0,18,9,80,305433,4,31314,28,0,00,5714,3
58,658,-656,54,0,32,620,90,-10,50,-0,18,9,80,305413,8,31313,78,0,00,5713,8
58,663,-656,59,0,32,620,95,-10,50,-0,18,9,80,305394,6,31313,28,0,00,5713,3
58,668,-656,65,0,32,621,00,-10,50,-0,18,9,80,305375,2,31312,78,0,00,5712,8
58,673,-656,70,0,32,621,05,-10,50,-0,18,9,80,305355,7,31312,28,0,00,5712,3
58,678,-656,75,0,32,621,10,-10,50,-0,18,9,80,305336,8,31311,78,0,00,5711,8
58,683,-656,80,0,32,621,14,-10,50,-0,18,9,80,305317,6,31311,27,0,00,5711,3
58,688,-656,86,0,32,621,19,-10,50,-0,18,9,80,305298,4,31310,77,0,00,5710,8
58,693,-656,91,0,32,621,24,-10,50,-0,18,9,80,305279,4,31310,27,0,00,5710,3
58,698,-656,96,0,31,621,29,-10,50,-0,18,9,80,305260,4,31309,77,0,00,5709,8
58,703,-657,01,0,31,621,34,-10,50,-0,18,9,80,305241,5,31309,27,0,00,5709,3
58,708,-657,07,0,31,621,39,-10,50,-0,18,9,80,305222,7,31308,77,0,00,5708,8
58,713,-657,12,0,31,621,44,-10,50,-0,18,9,80,305203,5,31308,27,0,00,5708,3
58,718,-657,17,0,31,621,49,-10,50,-0,18,9,80,305185,3,31307,77,0,00,5707,8
58,723,-657,22,0,31,621,54,-10,50,-0,18,9,80,305165,8,31307,27,0,00,5707,3
58,728,-657,28,0,31,621,59,-10,50,-0,18,9,80,305147,8,31306,77,0,00,5706,8
58,733,-657,33,0,31,621,64,-10,50,-0,18,9,80,305128,5,31306,27,0,00,5706,3
58,738,-657,38,0,31,621,68,-10,50,-0,18,9,80,305110,6,31305,77,0,00,5705,8
58,743,-657,43,0,31,621,73,-10,50,-0,18,9,80,305091,9,31305,27,0,00,5705,3
58,748,-657,49,0,31,621,78,-10,50,-0,18,9,80,305072,9,31304,77,0,00,5704,8
58,753,-657,54,0,30,621,83,-10,50,-0,18,9,80,305055,3,31304,27,0,00,5704,3
58,758,-657,59,0,30,621,88,-10,50,-0,18,9,80,305036,4,31303,77,0,00,5703,8
58,763,-657,64,0,30,621,93,-10,50,-0,18,9,80,305018,0,31303,27,0,00,5703,3
58,768,-657,70,0,30,621,98,-10,50,-0,18,9,80,305000,2,31302,77,0,00,5702,8
58,773,-657,75,0,30,622,03,-10,50,-0,18,9,80,304981,1,31302,27,0,00,5702,3
58,778,-657,80,0,30,622,08,-10,50,-0,18,9,80,304963,9,31301,77,0,00,5701,8
58,783,-657,85,0,30,622,13,-10,50,-0,18,9,80,304945,4,31301,27,0,00,5701,3
58,788,-657,91,0,30,622,17,-10,50,-0,18,9,80,304927,0,31300,77,0,00,5700,8
58,793,-657,96,0,30,622,22,-10,50,-0,18,9,80,304909,6,31300,27,0,00,5700,3
58,798,-658,01,0,30,622,27,-10,50,-0,18,9,80,304891,3,31299,77,0,00,5699,8
58,803,-658,06,0,30,622,32,-10,50,-0,19,9,80,304873,2,31299,27,0,00,5699,3
58,808,-658,12,0,29,622,37,-10,50,-0,19,9,80,304856,0,31298,77,0,00,5698,8
58,813,-658,17,0,29,622,42,-10,50,-0,19,9,80,304837,1,31298,27,0,00,5698,3
58,818,-658,22,0,29,622,47,-10,50,-0,19,9,80,304820,5,31297,77,0,00,5697,8
58,823,-658,27,0,29,622,52,-10,50,-0,19,9,80,304801,8,31297,27,0,00,5697,3
58,828,-658,33,0,29,622,57,-10,50,-0,19,9,80,304784,9,31296,77,0,00,5696,8
58,833,-658,38,0,29,622,62,-10,50,-0,19,9,80,304766,8,31296,27,0,00,5696,3
58,838,-658,43,0,29,622,66,-10,50,-0,19,9,80,304749,6,31295,77,0,00,5695,8
58,843,-658,48,0,29,622,71,-10,50,-0,19,9,80,304731,7,31295,27,0,00,5695,3
58,848,-658,54,0,29,622,76,-10,50,-0,19,9,80,304714,2,31294,77,0,00,5694,8
58,853,-658,59,0,29,622,81,-10,50,-0,19,9,80,304697,2,31294,27,0,00,5694,3
58,858,-658,64,0,29,622,86,-10,50,-0,19,9,80,304679,5,31293,78,0,00,5693,8
58,863,-658,69,0,28,622,91,-10,50,-0,19,9,80,304662,3,31293,28,0,00,5693,3
58,868,-658,75,0,28,622,96,-10,50,-0,19,9,80,304644,7,31292,78,0,00,5692,8
58,873,-658,80,0,28,623,01,-10,50,-0,19,9,80,304628,0,31292,28,0,00,5692,3
58,878,-658,85,0,28,623,06,-10,50,-0,19,9,80,304610,2,31291,78,0,00,5691,8
58,883,-658,90,0,28,623,11,-10,50,-0,19,9,80,304593,7,31291,28,0,00,5691,3
58,888,-658,96,0,28,623,15,-10,50,-0,19,9,80,304576,0,31290,78,0,00,5690,8
58,893,-659,01,0,28,623,20,-10,50,-0,19,9,80,304559,6,31290,28,0,00,5690,3
58,898,-659,06,0,28,623,25,-10,50,-0,19,9,80,304541,6,31289,78,0,00,5689,8
58,903,-659,11,0,28,623,30,-10,50,-0,19,9,80,304525,9,31289,28,0,00,5689,3
58,908,-659,17,0,28,623,35,-10,50,-0,19,9,80,304508,0,31288,78,0,00,5688,8
58,913,-659,22,0,27,623,40,-10,50,-0,19,9,80,304492,0,31288,28,0,00,5688,3
58,918,-659,27,0,27,623,45,-10,50,-0,19,9,80,304474,3,31287,78,0,00,5687,8
58,923,-659,32,0,27,623,50,-10,50,-0,19,9,80,304458,4,31287,28,0,00,5687,3
58,928,-659,38,0,27,623,55,-10,50,-0,19,9,80,304440,8,31286,79,0,00,5686,8
58,933,-659,43,0,27,623,60,-10,50,-0,19,9,80,304424,7,31286,29,0,00,5686,3
58,938,-659,48,0,27,623,64,-10,50,-0,19,9,80,304408,1,31285,79,0,00,5685,8
58,943,-659,53,0,27,623,69,-10,50,-0,20,9,80,304391,2,31285,29,0,00,5685,3
58,948,-659,59,0,27,623,74,-10,50,-0,20,9,80,304375,3,31284,79,0,00,5684,8
58,953,-659,64,0,27,623,79,-10,50,-0,20,9,80,304358,1,31284,29,0,00,5684,3
58,958,-659,69,0,27,623,84,-10,50,-0,20,9,80,304342,3,31283,79,0,00,5683,8
58,963,-659,74,0,26,623,89,-10,50,-0,20,9,80,304325,2,31283,29,0,00,5683,3
58,968,-659,80,0,26,623,94,-10,50,-0,20,9,80,304309,5,31282,79,0,00,5682,8
58,973,-659,85,0,26,623,99,-10,50,-0,20,9,80,304292,6,31282,29,0,00,5682,3
58,978,-659,90,0,26,624,04,-10,50,-0,20,9,80,304276,7,31281,79,0,00,5681,8
58,983,-659,95,0,26,624,09,-10,50,-0,20,9,80,304260,8,31281,29,0,00,5681,3
58,988,-660,01,0,26,624,13,-10,50,-0,20,9,80,304244,1,31280,80,0,00,5680,8
58,993,-660,06,0,26,624,18,-10,50,-0,20,9,80,304227,9,31280,30,0,00,5680,3
58,998,-660,11,0,26,624,23,-10,50,-0,20,9,80,304212,6,31279,80,0,00,5679,8
59,003,-660,16,0,26,624,28,-10,50,-0,20,9,80,304195,7,31279,30,0,00,5679,3
59,008,-660,22,0,26,624,33,-10,50,-0,20,9,80,304180,2,31278,80,0,00,5678,8
59,013,-660,27,0,26,624,38,-10,50,-0,20,9,80,304163,8,31278,30,0,00,5678,3
59,018,-660,32,0,25,624,43,-10,50,-0,20,9,80,304148,5,31277,80,0,00,5677,8
59,023,-660,37,0,25,624,48,-10,50,-0,20,9,80,304132,3,31277,31,0,00,5677,3
59,028,-660,43,0,25,624,53,-10,50,-0,20,9,80,304116,6,31276,81,0,00,5676,8
59,033,-660,48,0,25,624,58,-10,50,-0,20,9,80,304100,9,31276,31,0,00,5676,3
59,038,-660,53,0,25,624,62,-10,50,-0,20,9,80,304084,9,31275,81,0,00,5675,8
59,043,-660,58,0,25,624,67,-10,50,-0,20,9,80,304069,4,31275,31,0,00,5675,3
59,048,-660,64,0,25,624,72,-10,50,-0,20,9,80,304054,0,31274,81,0,00,5674,8
59,053,-660,69,0,25,624,77,-10,50,-0,20,9,80,304037,8,31274,32,0,00,5674,3
59,058,-660,74,0,25,624,82,-10,50,-0,20,9,80,304023,0,31273,82,0,00,5673,8
59,063,-660,79,0,24,624,87,-10,50,-0,21,9,80,304006,9,31273,32,0,00,5673,3
59,068,-660,85,0,24,624,92,-10,50,-0,21,9,80,303991,8,31272,82,0,00,5672,8
59,073,-660,90,0,24,624,97,-10,50,-0,21,9,80,303976,2,31272,32,0,00,5672,3
59,078,-660,95,0,24,625,02,-10,50,-0,21,9,80,303960,8,31271,82,0,00,5671,8
59,083,-661,00,0,24,625,07,-10,50,-0,21,9,80,303945,4,31271,32,0,00,5671,3
59,088,-661,06,0,24,625,11,-10,50,-0,21,9,80,303930,5,31270,83,0,00,5670,8
59,093,-661,11,0,24,625,16,-10,50,-0,21,9,80,303914,8,31270,33,0,00,5670,3
59,098,-661,16,0,24,625,21,-10,50,-0,21,9,80,303899,7,31269,83,0,00,5669,8
59,103,-661,21,0,24,625,26,-10,50,-0,21,9,80,303885,0,31269,33,0,00,5669,3
59,108,-661,27,0,24,625,31,-10,50,-0,21,9,80,303869,1,31268,83,0,00,5668,8
59,113,-661,32,0,23,625,36,-10,50,-0,21,9,80,303854,5,31268,34,0,00,5668,3
59,118,-661,37,0,23,625,41,-10,50,-0,21,9,80,303839,6,31267,84,0,00,5667,8
59,123,-661,42,0,23,625,46,-10,50,-0,21,9,80,303823,9,31267,34,0,00,5667,3
59,128,-661,48,0,23,625,51,-10,50,-0,21,9,80,303810,0,31266,84,0,00,5666,8
59,133,-661,53,0,23,625,56,-10,50,-0,21,9,80,303794,0,31266,34,0,00,5666,3
59,138,-661,58,0,23,625,60,-10,50,-0,21,9,80,303780,2,31265,85,0,00,5665,8
59,143,-661,63,0,23,625,65,-10,50,-0,21,9,80,303764,3,31265,35,0,00,5665,3
59,148,-661,69,0,23,625,70,-10,50,-0,21,9,80,303750,3,31264,85,0,00,5664,9
59,153,-661,74,0,23,625,75,-10,50,-0,21,9,80,303735,3,31264,35,0,00,5664,4
59,158,-661,79,0,22,625,80,-10,50,-0,21,9,80,303720,5,31263,85,0,00,5663,9
59,163,-661,84,0,22,625,85,-10,50,-0,21,9,80,303705,8,31263,36,0,00,5663,4
59,168,-661,90,0,22,625,90,-10,50,-0,21,9,80,303691,5,31262,86,0,00,5662,9
59,173,-661,95,0,22,625,95,-10,50,-0,21,9,80,303676,4,31262,36,0,00,5662,4
59,178,-662,00,0,22,626,00,-10,50,-0,22,9,80,303662,3,31261,86,0,00,5661,9
59,183,-662,05,0,22,626,05,-10,50,-0,22,9,80,303647,8,31261,36,0,00,5661,4
59,188,-662,11,0,22,626,10,-10,50,-0,22,9,80,303632,9,31260,87,0,00,5660,9
59,193,-662,16,0,22,626,14,-10,50,-0,22,9,80,303619,0,31260,37,0,00,5660,4
59,198,-662,21,0,22,626,19,-10,50,-0,22,9,80,303604,3,31259,87,0,00,5659,9
59,203,-662,26,0,22,626,24,-10,50,-0,22,9,80,303590,0,31259,37,0,00,5659,4
59,208,-662,32,0,21,626,29,-10,50,-0,22,9,80,303576,3,31258,88,0,00,5658,9
59,213,-662,37,0,21,626,34,-10,50,-0,22,9,80,303560,8,31258,38,0,00,5658,4
59,218,-662,42,0,21,626,39,-10,50,-0,22,9,80,303548,1,31257,88,0,00,5657,9
59,223,-662,47,0,21,626,44,-10,50,-0,22,9,80,303532,3,31257,38,0,00,5657,4
59,228,-662,53,0,21,626,49,-10,50,-0,22,9,80,303519,3,31256,88,0,00,5656,9
59,233,-662,58,0,21,626,54,-10,50,-0,22,9,80,303504,9,31256,39,0,00,5656,4
59,238,-662,63,0,21,626,59,-10,50,-0,22,9,80,303490,7,31255,89,0,00,5655,9
59,243,-662,68,0,21,626,63,-10,50,-0,22,9,80,303476,5,31255,39,0,00,5655,4
59,248,-662,74,0,21,626,68,-10,50,-0,22,9,80,303462,8,31254,89,0,00,5654,9
59,253,-662,79,0,20,626,73,-10,50,-0,22,9,80,303449,2,31254,40,0,00,5654,4
59,258,-662,84,0,20,626,78,-10,50,-0,22,9,80,303434,3,31253,90,0,00,5653,9
59,263,-662,89,0,20,626,83,-10,50,-0,22,9,80,303421,3,31253,40,0,00,5653,4
59,268,-662,95,0,20,626,88,-10,50,-0,22,9,80,303407,4,31252,90,0,00,5652,9
59,273,-663,00,0,20,626,93,-10,50,-0,22,9,80,303393,1,31252,41,0,00,5652,4
59,278,-663,05,0,20,626,98,-10,50,-0,22,9,80,303379,8,31251,91,0,00,5651,9
59,283,-663,10,0,20,627,03,-10,50,-0,23,9,80,303365,7,31251,41,0,00,5651,4
59,288,-663,16,0,20,627,08,-10,50,-0,23,9,80,303352,4,31250,91,0,00,5650,9
59,293,-663,21,0,20,627,12,-10,50,-0,23,9,80,303338,9,31250,42,0,00,5650,4
59,298,-663,26,0,19,627,17,-10,50,-0,23,9,80,303324,5,31249,92,0,00,5649,9
59,303,-663,31,0,19,627,22,-10,50,-0,23,9,80,303311,9,31249,42,0,00,5649,4
59,308,-663,37,0,19,627,27,-10,50,-0,23,9,80,303297,6,31248,93,0,00,5648,9
59,313,-663,42,0,19,627,32,-10,50,-0,23,9,80,303284,3,31248,43,0,00,5648,4
59,318,-663,47,0,19,627,37,-10,50,-0,23,9,80,303271,0,31247,93,0,00,5647,9
59,323,-663,52,0,19,627,42,-10,50,-0,23,9,80,303257,8,31247,44,0,00,5647,4
59,328,-663,58,0,19,627,47,-10,50,-0,23,9,80,303244,2,31246,94,0,00,5646,9
59,333,-663,63,0,19,627,52,-10,50,-0,23,9,80,303230,7,31246,44,0,00,5646,4
59,338,-663,68,0,19,627,57,-10,50,-0,23,9,80,303217,7,31245,94,0,00,5645,9
59,343,-663,73,0,18,627,61,-10,50,-0,23,9,80,303204,2,31245,45,0,00,5645,4
59,348,-663,79,0,18,627,66,-10,50,-0,23,9,80,303191,3,31244,95,0,00,5645,0
59,353,-663,84,0,18,627,71,-10,50,-0,23,9,80,303177,5,31244,45,0,00,5644,5
59,358,-663,89,0,18,627,76,-10,50,-0,23,9,80,303165,2,31243,96,0,00,5644,0
59,363,-663,94,0,18,627,81,-10,50,-0,23,9,80,303151,1,31243,46,0,00,5643,5
59,368,-664,00,0,18,627,86,-10,50,-0,23,9,80,303138,8,31242,96,0,00,5643,0
59,373,-664,05,0,18,627,91,-10,50,-0,23,9,80,303125,3,31242,46,0,00,5642,5
59,378,-664,10,0,18,627,96,-10,50,-0,24,9,80,303112,3,31241,97,0,00,5642,0
59,383,-664,15,0,17,628,01,-10,50,-0,24,9,80,303099,8,31241,47,0,00,5641,5
59,388,-664,21,0,17,628,06,-10,50,-0,24,9,80,303086,4,31240,97,0,00,5641,0
59,393,-664,26,0,17,628,10,-10,50,-0,24,9,80,303073,6,31240,48,0,00,5640,5
59,398,-664,31,0,17,628,15,-10,50,-0,24,9,80,303060,8,31239,98,0,00,5640,0
59,403,-664,36,0,17,628,20,-10,50,-0,24,9,80,303047,6,31239,48,0,00,5639,5
59,408,-664,42,0,17,628,25,-10,50,-0,24,9,80,303035,4,31238,99,0,00,5639,0
59,413,-664,47,0,17,628,30,-10,50,-0,24,9,80,303022,3,31238,49,0,00,5638,5
59,418,-664,52,0,17,628,35,-10,50,-0,24,9,80,303009,7,31237,99,0,00,5638,0
59,423,-664,57,0,17,628,40,-10,50,-0,24,9,80,302996,8,31237,50,0,00,5637,5
59,428,-664,63,0,16,628,45,-10,50,-0,24,9,80,302984,3,31237,00,0,00,5637,0
59,433,-664,68,0,16,628,50,-10,50,-0,24,9,80,302971,9,31236,50,0,00,5636,5
59,438,-664,73,0,16,628,55,-10,50,-0,24,9,80,302958,8,31236,01,0,00,5636,0
59,443,-664,78,0,16,628,59,-10,50,-0,24,9,80,302946,8,31235,51,0,00,5635,5
59,448,-664,84,0,16,628,64,-10,50,-0,24,9,80,302933,8,31235,01,0,00,5635,0
59,454,-664,89,0,16,628,69,-10,50,-0,24,9,80,302921,6,31234,52,0,00,5634,5
59,459,-664,94,0,16,628,74,-10,50,-0,24,9,80,302909,0,31234,02,0,00,5634,0
59,464,-664,99,0,16,628,79,-10,50,-0,24,9,80,302896,9,31233,52,0,00,5633,5
59,469,-665,05,0,15,628,84,-10,50,-0,24,9,80,302884,1,31233,03,0,00,5633,0
59,474,-665,10,0,15,628,89,-10,50,-0,25,9,80,302872,1,31232,53,0,00,5632,5
59,479,-665,15,0,15,628,94,-10,50,-0,25,9,80,302859,8,31232,03,0,00,5632,0
59,484,-665,20,0,15,628,99,-10,50,-0,25,9,80,302847,0,31231,54,0,00,5631,5
59,489,-665,26,0,15,629,04,-10,50,-0,25,9,80,302835,6,31231,04,0,00,5631,0
59,494,-665,31,0,15,629,08,-10,50,-0,25,9,80,302822,6,31230,54,0,00,5630,5
59,499,-665,36,0,15,629,13,-10,50,-0,25,9,80,302810,9,31230,05,0,00,5630,0
59,504,-665,41,0,15,629,18,-10,50,-0,25,9,80,302798,4,31229,55,0,00,5629,6
59,509,-665,47,0,14,629,23,-10,50,-0,25,9,80,302786,8,31229,05,0,00,5629,1
59,514,-665,52,0,14,629,28,-10,50,-0,25,9,80,302773,9,31228,56,0,00,5628,6
59,519,-665,57,0,14,629,33,-10,50,-0,25,9,80,302762,9,31228,06,0,00,5628,1
59,524,-665,62,0,14,629,38,-10,50,-0,25,9,80,302750,2,31227,56,0,00,5627,6
59,529,-665,68,0,14,629,43,-10,50,-0,25,9,80,302738,3,31227,07,0,00,5627,1
59,534,-665,73,0,14,629,48,-10,50,-0,25,9,80,302726,6,31226,57,0,00,5626,6
59,539,-665,78,0,14,629,53,-10,50,-0,25,9,80,302714,4,31226,08,0,00,5626,1
59,544,-665,83,0,14,629,57,-10,50,-0,25,9,80,302702,8,31225,58,0,00,5625,6
59,549,-665,89,0,13,629,62,-10,50,-0,25,9,80,302690,7,31225,08,0,00,5625,1
59,554,-665,94,0,13,629,67,-10,50,-0,25,9,80,302679,2,31224,59,0,00,5624,6
59,559,-665,99,0,13,629,72,-10,50,-0,25,9,80,302666,8,31224,09,0,00,5624,1
59,564,-666,04,0,13,629,77,-10,50,-0,26,9,80,302656,2,31223,60,0,00,5623,6
59,569,-666,10,0,13,629,82,-10,50,-0,26,9,80,302643,1,31223,10,0,00,5623,1
59,574,-666,15,0,13,629,87,-10,50,-0,26,9,80,302632,6,31222,60,0,00,5622,6
59,579,-666,20,0,13,629,92,-10,50,-0,26,9,80,302620,4,31222,11,0,00,5622,1
59,584,-666,25,0,13,629,97,-10,50,-0,26,9,80,302608,8,31221,61,0,00,5621,6
59,589,-666,31,0,12,630,01,-10,50,-0,26,9,80,302597,1,31221,12,0,00,5621,1
59,594,-666,36,0,12,630,06,-10,50,-0,26,9,79,302586,0,31220,62,0,00,5620,6
59,599,-666,41,0,12,630,11,-10,50,-0,26,9,79,302574,0,31220,12,0,00,5620,1
59,604,-666,46,0,12,630,16,-10,50,-0,26,9,79,302562,5,31219,63,0,00,5619,6
59,609,-666,52,0,12,630,21,-10,50,-0,26,9,79,302551,5,31219,13,0,00,5619,1
59,614,-666,57,0,12,630,26,-10,50,-0,26,9,79,302539,7,31218,63,0,00,5618,6
59,619,-666,62,0,12,630,31,-10,50,-0,26,9,79,302528,4,31218,14,0,00,5618,1
59,624,-666,67,0,11,630,36,-10,50,-0,26,9,79,302517,5,31217,64,0,00,5617,6
59,629,-666,73,0,11,630,41,-10,50,-0,26,9,79,302505,4,31217,15,0,00,5617,1
59,634,-666,78,0,11,630,46,-10,49,-0,26,9,79,302494,7,31216,65,0,00,5616,7
59,639,-666,83,0,11,630,50,-10,49,-0,26,9,79,302483,1,31216,15,0,00,5616,2
59,644,-666,88,0,11,630,55,-10,49,-0,26,9,79,302472,0,31215,66,0,00,5615,7
59,649,-666,94,0,11,630,60,-10,49,-0,27,9,79,302460,5,31215,16,0,00,5615,2
59,654,-666,99,0,11,630,65,-10,49,-0,27,9,79,302449,6,31214,67,0,00,5614,7
59,659,-667,04,0,11,630,70,-10,49,-0,27,9,79,302438,6,31214,17,0,00,5614,2
59,664,-667,09,0,10,630,75,-10,49,-0,27,9,79,302427,3,31213,68,0,00,5613,7
59,669,-667,15,0,10,630,80,-10,49,-0,27,9,79,302416,0,31213,18,0,00,5613,2
59,674,-667,20,0,10,630,85,-10,49,-0,27,9,79,302405,2,31212,68,0,00,5612,7
59,679,-667,25,0,10,630,90,-10,49,-0,27,9,79,302394,0,31212,19,0,00,5612,2
59,684,-667,30,0,10,630,94,-10,49,-0,27,9,79,302383,3,31211,69,0,00,5611,7
59,689,-667,36,0,10,630,99,-10,49,-0,27,9,79,302372,3,31211,20,0,00,5611,2
59,694,-667,41,0,10,631,04,-10,49,-0,27,9,79,302361,2,31210,70,0,00,5610,7
59,699,-667,46,0,09,631,09,-10,49,-0,27,9,79,302350,3,31210,21,0,00,5610,2
59,704,-667,51,0,09,631,14,-10,49,-0,27,9,79,302339,8,31209,71,0,00,5609,7
59,709,-667,56,0,09,631,19,-10,49,-0,27,9,79,302328,4,31209,21,0,00,5609,2
59,714,-667,62,0,09,631,24,-10,49,-0,27,9,79,302318,0,31208,72,0,00,5608,7
59,719,-667,67,0,09,631,29,-10,49,-0,27,9,79,302307,2,31208,22,0,00,5608,2
59,724,-667,72,0,09,631,34,-10,49,-0,27,9,79,302296,0,31207,73,0,00,5607,7
59,729,-667,77,0,09,631,39,-10,49,-0,27,9,79,302285,7,31207,23,0,00,5607,2
59,734,-667,83,0,09,631,43,-10,49,-0,28,9,79,302275,1,31206,74,0,00,5606,7
59,739,-667,88,0,08,631,48,-10,49,-0,28,9,79,302264,0,31206,24,0,00,5606,2
59,744,-667,93,0,08,631,53,-10,49,-0,28,9,79,302253,9,31205,75,0,00,5605,7
59,749,-667,98,0,08,631,58,-10,49,-0,28,9,79,302242,9,31205,25,0,00,5605,3
59,754,-668,04,0,08,631,63,-10,49,-0,28,9,79,302232,4,31204,75,0,00,5604,8
59,759,-668,09,0,08,631,68,-10,49,-0,28,9,79,302222,0,31204,26,0,00,5604,3
59,764,-668,14,0,08,631,73,-10,49,-0,28,9,79,302211,2,31203,76,0,00,5603,8
59,769,-668,19,0,08,631,78,-10,49,-0,28,9,79,302200,9,31203,27,0,00,5603,3
59,774,-668,25,0,07,631,83,-10,49,-0,28,9,79,302190,6,31202,77,0,00,5602,8
59,779,-668,30,0,07,631,87,-10,49,-0,28,9,79,302179,9,31202,28,0,00,5602,3
59,784,-668,35,0,07,631,92,-10,49,-0,28,9,79,302169,7,31201,78,0,00,5601,8
59,789,-668,40,0,07,631,97,-10,49,-0,28,9,79,302159,1,31201,29,0,00,5601,3
59,794,-668,46,0,07,632,02,-10,49,-0,28,9,79,302149,0,31200,79,0,00,5600,8
59,799,-668,51,0,07,632,07,-10,49,-0,28,9,79,302138,5,31200,29,0,00,5600,3
59,804,-668,56,0,07,632,12,-10,49,-0,28,9,79,302128,4,31199,80,0,00,5599,8
59,809,-668,61,0,06,632,17,-10,49,-0,28,9,79,302118,0,31199,30,0,00,5599,3
59,814,-668,67,0,06,632,22,-10,49,-0,29,9,79,302107,7,31198,81,0,00,5598,8
59,819,-668,72,0,06,632,27,-10,49,-0,29,9,79,302097,8,31198,31,0,00,5598,3
59,824,-668,77,0,06,632,32,-10,49,-0,29,9,79,302087,1,31197,82,0,00,5597,8
59,829,-668,82,0,06,632,36,-10,49,-0,29,9,79,302077,3,31197,32,0,00,5597,3
59,834,-668,88,0,06,632,41,-10,49,-0,29,9,79,302067,5,31196,83,0,00,5596,8
59,839,-668,93,0,06,632,46,-10,49,-0,29,9,79,302056,5,31196,33,0,00,5596,3
59,844,-668,98,0,05,632,51,-10,49,-0,29,9,79,302047,3,31195,84,0,00,5595,8
59,849,-669,03,0,05,632,56,-10,49,-0,29,9,79,302036,8,31195,34,0,00,5595,3
59,854,-669,09,0,05,632,61,-10,49,-0,29,9,79,302027,2,31194,85,0,00,5594,8
59,859,-669,14,0,05,632,66,-10,49,-0,29,9,79,302016,8,31194,35,0,00,5594,4
