time,posX,posY,posZ,velX,velY,velZ,thrust,mass,angleError,fuel
0,050,0,50,2495,01,0,53,9,91,-99,58,10,70,699339,3,38799,04,11,15,13199,0
0,100,0,99,2490,04,1,07,9,68,-99,17,10,82,698230,2,38787,59,10,94,13187,6
0,150,1,47,2485,09,1,61,9,44,-98,76,10,96,696786,1,38776,15,10,55,13176,2
0,200,1,93,2480,17,2,17,9,18,-98,36,11,11,694933,4,38764,75,9,94,13164,8
0,250,2,39,2475,26,2,73,8,88,-97,99,11,30,692526,7,38753,38,9,03,13153,4
0,300,2,82,2470,37,3,30,8,52,-97,66,11,54,689364,2,38742,05,7,75,13142,1
0,350,3,24,2465,49,3,88,8,12,-97,37,11,70,685365,2,38730,78,6,09,13130,8
0,400,3,63,2460,63,4,46,7,72,-97,08,11,43,680692,9,38719,59,4,23,13119,6
0,450,4,01,2455,78,5,02,7,34,-96,76,11,23,676613,8,38708,46,2,82,13108,5
0,500,4,37,2450,95,5,58,7,42,-96,42,11,08,677841,6,38697,37,3,90,13097,4
0,550,4,75,2446,14,6,13,7,80,-96,09,10,96,682085,9,38686,22,6,05,13086,2
0,600,5,15,2441,34,6,68,8,21,-95,77,10,84,685688,3,38675,01,7,89,13075,0
0,650,5,58,2436,56,7,22,8,62,-95,44,10,72,688103,3,38663,74,9,22,13063,7
0,700,6,02,2431,80,7,75,8,96,-95,08,10,60,689440,6,38652,45,10,11,13052,5
0,750,6,47,2427,06,8,28,9,25,-94,69,10,47,690008,4,38641,14,10,66,13041,1
0,800,6,94,2422,33,8,80,9,49,-94,30,10,36,690064,9,38629,83,10,98,13029,8
0,850,7,42,2417,63,9,31,9,72,-93,89,10,22,689746,3,38618,52,11,12,13018,5
0,900,7,91,2412,94,9,82,9,94,-93,49,10,07,688878,9,38607,22,11,10,13007,2
0,950,8,41,2408,28,10,32,10,14,-93,10,9,91,686633,5,38595,95,10,93,12996,0
1,000,8,93,2403,63,10,81,10,36,-92,71,9,70,684151,6,38584,71,10,60,12984,7
1,050,9,45,2399,01,11,29,10,58,-92,35,9,43,681419,4,38573,52,10,11,12973,5
1,100,9,98,2394,40,11,75,10,80,-92,02,9,11,678571,1,38562,38,9,52,12962,4
1,150,10,53,2389,80,12,21,11,04,-91,70,9,24,675976,9,38551,27,9,00,12951,3
1,200,11,09,2385,23,12,68,11,32,-91,38,9,54,673413,9,38540,21,8,45,12940,2
1,250,11,66,2380,67,13,16,11,66,-91,06,9,76,670288,0,38529,20,7,61,12929,2
1,300,12,25,2376,12,13,65,12,05,-90,76,9,92,666427,0,38518,25,6,41,12918,3
1,350,12,87,2371,59,14,15,12,43,-90,46,10,05,662120,9,38507,36,5,09,12907,4
1,400,13,50,2367,07,14,66,12,78,-90,14,10,16,659132,0,38496,54,4,54,12896,5
1,450,14,13,2362,58,15,17,12,42,-89,81,10,25,659615,5,38485,73,5,61,12885,7
1,500,14,74,2358,09,15,68,12,03,-89,51,10,34,661474,9,38474,90,7,17,12874,9
1,550,15,33,2353,63,16,20,11,63,-89,21,10,43,662878,4,38464,04,8,51,12864,0
1,600,15,90,2349,17,16,73,11,27,-88,88,10,53,663331,3,38453,17,9,45,12853,2
1,650,16,46,2344,74,17,25,10,97,-88,53,10,63,662958,3,38442,30,10,07,12842,3
1,700,17,00,2340,32,17,79,10,72,-88,17,10,74,662002,4,38431,43,10,45,12831,4
1,750,17,53,2335,92,18,33,10,49,-87,81,10,87,660624,4,38420,59,10,62,12820,6
1,800,18,05,2331,54,18,88,10,28,-87,45,11,01,658904,4,38409,78,10,63,12809,8
1,850,18,56,2327,18,19,43,10,08,-87,09,11,18,656886,2,38398,99,10,47,12799,0
1,900,19,06,2322,83,19,99,9,89,-86,74,11,40,654634,3,38388,25,10,17,12788,3
1,950,19,55,2318,50,20,57,9,69,-86,42,11,66,652227,5,38377,54,9,75,12777,5
2,000,20,03,2314,19,21,16,9,48,-86,11,11,98,649852,9,38366,86,9,30,12766,9
2,050,20,50,2309,89,21,76,9,30,-85,81,11,72,647727,7,38356,23,9,03,12756,2
2,100,20,96,2305,61,22,33,9,10,-85,50,11,43,645674,4,38345,63,8,79,12745,6
2,150,21,41,2301,34,22,90,8,86,-85,19,11,20,643279,0,38335,06,8,40,12735,1
2,200,21,84,2297,09,23,46,8,57,-84,88,11,03,640356,7,38324,54,7,75,12724,5
2,250,22,26,2292,85,24,00,8,23,-84,59,10,89,636837,1,38314,07,6,78,12714,1
2,300,22,66,2288,63,24,54,7,86,-84,31,10,77,632818,3,38303,67,5,59,12703,7
2,350,23,05,2284,42,25,08,7,52,-84,03,10,66,629264,6,38293,33,4,72,12693,3
2,400,23,42,2280,23,25,61,7,65,-83,74,10,57,628469,5,38283,03,5,13,12683,0
2,450,23,81,2276,05,26,14,8,01,-83,46,10,50,629861,1,38272,71,6,37,12672,7
2,500,24,22,2271,88,26,66,8,37,-83,19,10,43,631289,1,38262,38,7,57,12662,4
2,550,24,65,2267,73,27,18,8,70,-82,89,10,35,631970,7,38252,02,8,48,12652,0
2,600,25,09,2263,59,27,70,8,97,-82,58,10,26,631901,1,38241,66,9,11,12641,7
2,650,25,55,2259,47,28,21,9,20,-82,25,10,16,631261,7,38231,30,9,52,12631,3
2,700,26,01,2255,37,28,71,9,40,-81,92,10,05,630200,0,38220,96,9,74,12621,0
2,750,26,49,2251,28,29,21,9,59,-81,59,9,93,628805,0,38210,64,9,81,12610,6
2,800,26,97,2247,21,29,70,9,77,-81,26,9,79,627118,3,38200,34,9,74,12600,4
2,850,27,46,2243,15,30,19,9,94,-80,94,9,62,625171,3,38190,08,9,53,12590,1
2,900,27,97,2239,11,30,67,10,11,-80,63,9,41,623038,1,38179,85,9,22,12579,9
2,950,28,48,2235,09,31,13,10,29,-80,34,9,14,620855,8,38169,66,8,85,12569,7
3,000,28,99,2231,08,31,58,10,45,-80,07,9,14,618954,9,38159,50,8,58,12559,5
3,050,29,52,2227,08,32,05,10,59,-79,78,9,41,617380,4,38149,36,8,44,12549,4
3,100,30,05,2223,10,32,52,10,75,-79,48,9,62,615670,3,38139,26,8,27,12539,3
3,150,30,60,2219,13,33,01,10,94,-79,18,9,79,613659,8,38129,18,7,96,12529,2
3,200,31,15,2215,18,33,50,11,16,-78,88,9,92,611267,8,38119,14,7,46,12519,1
3,250,31,71,2211,25,34,00,11,42,-78,59,10,03,608420,5,38109,15,6,71,12509,2
3,300,32,29,2207,32,34,50,11,74,-78,34,10,14,605118,1,38099,20,5,71,12499,2
3,350,32,89,2203,41,35,01,12,06,-78,09,10,25,601641,8,38089,31,4,66,12489,3
3,400,33,50,2199,51,35,53,12,25,-77,83,10,33,599422,4,38079,47,4,29,12479,5
3,450,34,10,2195,63,36,05,11,92,-77,58,10,38,599773,1,38069,65,5,10,12469,7
3,500,34,69,2191,76,36,57,11,58,-77,33,10,42,600971,0,38059,80,6,20,12459,8
3,550,35,26,2187,90,37,09,11,28,-77,06,10,47,601756,0,38049,94,7,12,12449,9
3,600,35,82,2184,05,37,61,11,02,-76,78,10,53,601914,4,38040,08,7,80,12440,1
3,650,36,36,2180,22,38,14,10,81,-76,48,10,60,601566,9,38030,21,8,28,12430,2
3,700,36,90,2176,40,38,67,10,62,-76,18,10,68,600834,2,38020,36,8,60,12420,4
3,750,37,43,2172,60,39,21,10,45,-75,88,10,77,599798,1,38010,52,8,77,12410,5
3,800,37,94,2168,81,39,75,10,28,-75,58,10,86,598503,6,38000,70,8,83,12400,7
3,850,38,45,2165,04,40,30,10,11,-75,28,10,97,596977,6,37990,90,8,76,12390,9
3,900,38,95,2161,28,40,85,9,96,-74,99,11,09,595256,6,37981,13,8,60,12381,1
3,950,39,45,2157,54,41,41,9,81,-74,70,11,26,593593,4,37971,38,8,37,12371,4
4,000,39,94,2153,81,41,97,9,65,-74,43,11,47,592071,8,37961,66,8,10,12361,7
4,050,40,41,2150,10,42,55,9,52,-74,17,11,36,590707,1,37951,97,7,92,12352,0
4,100,40,89,2146,40,43,11,9,39,-73,90,11,16,589421,1,37942,30,7,81,12342,3
4,150,41,35,2142,71,43,66,9,25,-73,61,11,01,588036,1,37932,65,7,66,12332,7
4,200,41,81,2139,04,44,21,9,10,-73,33,10,89,586462,7,37923,02,7,42,12323,0
4,250,42,26,2135,38,44,75,8,94,-73,05,10,78,584643,7,37913,42,7,07,12313,4
4,300,42,71,2131,73,45,29,8,75,-72,77,10,68,582513,8,37903,86,6,56,12303,9
4,350,43,14,2128,10,45,82,8,53,-72,51,10,59,579988,8,37894,33,5,85,12294,3
4,400,43,56,2124,48,46,35,8,27,-72,26,10,49,577031,8,37884,85,4,91,12284,9
4,450,43,96,2120,87,46,87,7,97,-72,04,10,41,573853,8,37875,42,3,87,12275,4
4,500,44,35,2117,28,47,39,7,79,-71,81,10,33,571716,9,37866,03,3,38,12266,0
4,550,44,75,2113,69,47,91,8,09,-71,59,10,31,572299,7,37856,66,4,04,12256,7
4,600,45,16,2110,12,48,42,8,38,-71,35,10,28,573701,8,37847,26,4,99,12247,3
4,650,45,59,2106,56,48,93,8,62,-71,10,10,25,574729,2,37837,84,5,80,12237,8
4,700,46,02,2103,01,49,44,8,82,-70,84,10,21,575254,8,37828,42,6,42,12228,4
4,750,46,47,2099,47,49,95,8,99,-70,57,10,16,575363,5,37818,98,6,89,12219,0
4,800,46,92,2095,95,50,46,9,14,-70,29,10,10,575152,3,37809,55,7,22,12209,6
4,850,47,38,2092,44,50,96,9,28,-70,01,10,04,574684,1,37800,13,7,44,12200,1
4,900,47,85,2088,95,51,46,9,42,-69,74,9,97,573998,6,37790,71,7,57,12190,7
4,950,48,33,2085,47,51,96,9,56,-69,46,9,89,573114,0,37781,31,7,60,12181,3
5,000,48,81,2082,00,52,45,9,69,-69,19,9,81,572056,3,37771,92,7,56,12171,9
5,050,49,29,2078,55,52,94,9,82,-68,92,9,72,570862,3,37762,55,7,45,12162,6
5,100,49,79,2075,11,53,42,9,94,-68,65,9,60,569596,7,37753,21,7,31,12153,2
5,150,50,29,2071,69,53,90,10,05,-68,39,9,57,568385,0,37743,88,7,18,12143,9
5,200,50,79,2068,27,54,38,10,16,-68,13,9,70,567293,6,37734,57,7,10,12134,6
5,250,51,31,2064,87,54,87,10,27,-67,86,9,80,566167,6,37725,28,7,00,12125,3
5,300,51,82,2061,49,55,36,10,39,-67,59,9,88,564935,7,37716,01,6,85,12116,0
5,350,52,34,2058,11,55,86,10,51,-67,33,9,95,563559,5,37706,76,6,63,12106,8
5,400,52,87,2054,75,56,36,10,63,-67,06,10,02,562015,8,37697,54,6,34,12097,5
5,450,53,41,2051,41,56,86,10,76,-66,80,10,09,560265,8,37688,34,5,94,12088,3
5,500,53,95,2048,07,57,37,10,90,-66,55,10,15,558257,8,37679,17,5,41,12079,2
5,550,54,50,2044,75,57,88,11,07,-66,30,10,21,555927,3,37670,04,4,72,12070,0
5,600,55,06,2041,44,58,39,11,28,-66,07,10,26,553215,0,37660,95,3,82,12061,0
5,650,55,63,2038,15,58,90,11,53,-65,85,10,32,550280,4,37651,91,2,76,12051,9
5,700,56,21,2034,86,59,42,11,75,-65,65,10,37,548069,8,37642,91,2,09,12042,9
5,750,56,79,2031,58,59,94,11,47,-65,44,10,37,548620,4,37633,92,2,72,12033,9
5,800,57,36,2028,31,60,46,11,22,-65,23,10,37,550045,6,37624,91,3,65,12024,9
5,850,57,91,2025,06,60,98,11,02,-64,99,10,38,551115,7,37615,88,4,44,12015,9
5,900,58,46,2021,81,61,49,10,86,-64,75,10,39,551760,7,37606,84,5,06,12006,8
5,950,59,00,2018,58,62,02,10,71,-64,50,10,41,552061,8,37597,79,5,54,11997,8
6,000,59,53,2015,37,62,54,10,58,-64,25,10,44,552097,9,37588,74,5,91,11988,7
6,050,60,06,2012,16,63,06,10,46,-63,99,10,48,551921,6,37579,69,6,18,11979,7
6,100,60,58,2008,97,63,58,10,34,-63,74,10,52,551568,5,37570,64,6,38,11970,7
6,150,61,09,2005,78,64,11,10,22,-63,49,10,56,551056,7,37561,61,6,50,11961,6
6,200,61,60,2002,62,64,64,10,10,-63,24,10,60,550408,4,37552,58,6,57,11952,6
6,250,62,10,1999,46,65,17,9,98,-62,99,10,65,549659,4,37543,56,6,59,11943,6
6,300,62,60,1996,32,65,70,9,88,-62,74,10,60,548842,8,37534,56,6,59,11934,6
6,350,63,09,1993,19,66,23,9,79,-62,49,10,55,548005,3,37525,57,6,59,11925,6
6,400,63,58,1990,07,66,76,9,69,-62,24,10,50,547139,8,37516,59,6,57,11916,6
6,450,64,06,1986,96,67,28,9,59,-61,99,10,45,546216,8,37507,63,6,52,11907,6
6,500,64,53,1983,87,67,80,9,49,-61,74,10,40,545207,1,37498,68,6,43,11898,7
6,550,65,01,1980,79,68,32,9,38,-61,50,10,36,544087,6,37489,75,6,29,11889,8
6,600,65,47,1977,72,68,84,9,27,-61,25,10,33,542840,9,37480,84,6,08,11880,9
6,650,65,93,1974,67,69,35,9,16,-61,01,10,29,541454,9,37471,96,5,82,11872,0
6,700,66,39,1971,62,69,87,9,05,-60,77,10,26,539918,8,37463,10,5,48,11863,1
6,750,66,84,1968,59,70,38,8,93,-60,53,10,23,538205,7,37454,26,5,05,11854,3
6,800,67,28,1965,57,70,89,8,81,-60,30,10,19,536270,3,37445,45,4,52,11845,5
6,850,67,72,1962,56,71,40,8,67,-60,07,10,16,534047,4,37436,68,3,85,11836,7
6,900,68,15,1959,56,71,91,8,50,-59,85,10,12,531434,8,37427,95,2,97,11828,0
6,950,68,57,1956,57,72,41,8,30,-59,65,10,07,528299,3,37419,26,1,83,11819,3
7,000,68,98,1953,59,72,91,8,06,-59,46,10,03,524513,0,37410,63,0,34,11810,6
7,050,69,38,1950,63,73,42,8,21,-59,28,10,07,525523,5,37402,04,1,35,11802,0
7,100,69,80,1947,67,73,92,8,42,-59,09,10,11,527743,6,37393,40,2,57,11793,4
7,150,70,22,1944,72,74,43,8,60,-58,88,10,15,529211,4,37384,73,3,50,11784,7
7,200,70,66,1941,78,74,94,8,74,-58,66,10,18,530133,9,37376,05,4,20,11776,1
7,250,71,10,1938,85,75,45,8,86,-58,43,10,22,530671,6,37367,35,4,74,11767,4
7,300,71,54,1935,94,75,96,8,97,-58,21,10,25,530934,2,37358,65,5,18,11758,7
7,350,71,99,1933,03,76,47,9,07,-57,98,10,27,530986,1,37349,95,5,52,11750,0
7,400,72,45,1930,14,76,98,9,17,-57,75,10,30,530871,5,37341,25,5,80,11741,3
7,450,72,91,1927,26,77,50,9,27,-57,52,10,33,530612,4,37332,55,6,00,11732,6
7,500,73,38,1924,39,78,02,9,37,-57,29,10,37,530219,7,37323,85,6,15,11723,9
7,550,73,85,1921,53,78,54,9,47,-57,07,10,41,529707,4,37315,16,6,25,11715,2
7,600,74,32,1918,68,79,06,9,56,-56,84,10,45,529094,4,37306,48,6,30,11706,5
7,650,74,80,1915,84,79,58,9,65,-56,61,10,49,528404,7,37297,82,6,32,11697,8
7,700,75,29,1913,02,80,11,9,73,-56,38,10,54,527666,3,37289,16,6,32,11689,2
7,750,75,78,1910,20,80,64,9,82,-56,16,10,58,526907,2,37280,52,6,31,11680,5
7,800,76,27,1907,40,81,17,9,91,-55,94,10,63,526144,1,37271,89,6,30,11671,9
7,850,76,77,1904,61,81,70,10,01,-55,72,10,57,525339,4,37263,27,6,27,11663,3
7,900,77,27,1901,83,82,22,10,12,-55,50,10,53,524452,1,37254,66,6,19,11654,7
7,950,77,78,1899,06,82,75,10,22,-55,28,10,49,523452,6,37246,07,6,07,11646,1
8,000,78,29,1896,30,83,27,10,33,-55,06,10,45,522319,3,37237,50,5,88,11637,5
8,050,78,81,1893,55,83,79,10,44,-54,85,10,41,521040,3,37228,95,5,62,11629,0
8,100,79,34,1890,82,84,31,10,55,-54,63,10,38,519603,9,37220,42,5,28,11620,4
8,150,79,87,1888,09,84,83,10,66,-54,42,10,35,517986,9,37211,92,4,86,11611,9
8,200,80,40,1885,38,85,35,10,79,-54,21,10,33,516163,0,37203,44,4,33,11603,4
8,250,80,95,1882,67,85,86,10,94,-54,01,10,31,514108,7,37195,00,3,68,11595,0
8,300,81,50,1879,97,86,38,11,11,-53,82,10,30,511851,9,37186,59,2,92,11586,6
8,350,82,06,1877,29,86,89,11,33,-53,65,10,29,509742,8,37178,22,2,23,11578,2
8,400,82,63,1874,61,87,41,11,38,-53,49,10,27,509191,1,37169,87,2,32,11569,9
8,450,83,19,1871,94,87,92,11,14,-53,32,10,21,510271,4,37161,51,3,12,11561,5
8,500,83,74,1869,28,88,43,10,96,-53,14,10,16,511367,5,37153,14,3,91,11553,1
8,550,84,29,1866,63,88,94,10,80,-52,94,10,11,512125,7,37144,75,4,56,11544,8
8,600,84,83,1863,98,89,44,10,68,-52,74,10,06,512558,9,37136,35,5,08,11536,4
8,650,85,36,1861,35,89,94,10,56,-52,54,10,00,512729,5,37127,94,5,48,11527,9
8,700,85,88,1858,73,90,44,10,46,-52,34,9,94,512687,8,37119,53,5,79,11519,5
8,750,86,40,1856,12,90,94,10,35,-52,13,9,88,512472,1,37111,13,6,03,11511,1
8,800,86,92,1853,52,91,43,10,25,-51,93,9,82,512109,3,37102,73,6,20,11502,7
8,850,87,43,1850,92,91,92,10,15,-51,73,9,76,511617,8,37094,34,6,32,11494,3
8,900,87,93,1848,34,92,40,10,06,-51,52,9,69,511025,1,37085,95,6,39,11486,0
8,950,88,43,1845,77,92,89,9,96,-51,32,9,61,510371,2,37077,58,6,43,11477,6
9,000,88,93,1843,21,93,37,9,88,-51,12,9,52,509721,2,37069,22,6,47,11469,2
9,050,89,42,1840,66,93,84,9,78,-50,93,9,52,509192,5,37060,87,6,56,11460,9
9,100,89,91,1838,12,94,32,9,68,-50,73,9,61,508726,1,37052,53,6,67,11452,5
9,150,90,39,1835,59,94,80,9,58,-50,54,9,68,508203,1,37044,19,6,75,11444,2
9,200,90,87,1833,06,95,29,9,47,-50,34,9,74,507582,5,37035,87,6,79,11435,9
9,250,91,34,1830,55,95,77,9,36,-50,14,9,80,506839,3,37027,55,6,77,11427,6
9,300,91,80,1828,05,96,27,9,25,-49,95,9,85,505954,6,37019,25,6,69,11419,3
9,350,92,26,1825,56,96,76,9,13,-49,76,9,90,504913,6,37010,96,6,53,11411,0
9,400,92,71,1823,07,97,26,9,02,-49,56,9,95,503711,6,37002,70,6,30,11402,7
9,450,93,16,1820,60,97,75,8,90,-49,37,9,99,502341,9,36994,45,5,98,11394,5
9,500,93,60,1818,14,98,25,8,78,-49,19,10,03,500790,9,36986,23,5,59,11386,2
9,550,94,04,1815,68,98,76,8,64,-49,00,10,06,499045,7,36978,03,5,09,11378,0
9,600,94,47,1813,24,99,26,8,48,-48,83,10,09,497105,9,36969,87,4,49,11369,9
9,650,94,89,1810,80,99,77,8,30,-48,66,10,11,495047,7,36961,74,3,83,11361,7
9,700,95,30,1808,37,100,27,8,07,-48,51,10,13,493229,0,36953,64,3,28,11353,6
9,750,95,70,1805,95,100,78,8,02,-48,37,10,16,492678,9,36945,56,3,34,11345,6
9,800,96,10,1803,53,101,29,8,25,-48,23,10,23,493537,0,36937,48,3,96,11337,5
9,850,96,52,1801,13,101,80,8,44,-48,07,10,29,494518,9,36929,38,4,63,11329,4
9,900,96,95,1798,73,102,32,8,60,-47,90,10,36,495244,6,36921,27,5,21,11321,3
9,950,97,38,1796,34,102,84,8,73,-47,72,10,43,495669,9,36913,14,5,66,11313,1
10,000,97,82,1793,95,103,36,8,84,-47,54,10,49,495835,3,36905,02,6,01,11305,0
10,050,98,27,1791,58,103,89,8,95,-47,36,10,56,495787,3,36896,89,6,27,11296,9
10,100,98,72,1789,22,104,42,9,05,-47,18,10,64,495565,6,36888,77,6,45,11288,8
10,150,99,17,1786,86,104,95,9,15,-47,00,10,71,495204,8,36880,64,6,56,11280,6
10,200,99,63,1784,52,105,49,9,25,-46,82,10,80,494730,4,36872,53,6,63,11272,5
10,250,100,09,1782,18,106,03,9,34,-46,64,10,89,494185,8,36864,42,6,66,11264,4
10,300,100,56,1779,85,106,58,9,43,-46,47,11,01,493657,8,36856,32,6,70,11256,3
10,350,101,04,1777,53,107,13,9,51,-46,30,11,07,493291,0,36848,23,6,80,11248,2
10,400,101,52,1775,22,107,68,9,62,-46,14,10,93,493027,0,36840,15,6,97,11240,2
10,450,102,00,1772,92,108,23,9,72,-45,96,10,83,492740,1,36832,07,7,14,11232,1
10,500,102,49,1770,63,108,76,9,82,-45,79,10,74,492364,3,36824,00,7,26,11224,0
10,550,102,98,1768,34,109,30,9,93,-45,61,10,66,491864,3,36815,93,7,32,11215,9
10,600,103,48,1766,07,109,83,10,05,-45,44,10,59,491219,5,36807,87,7,32,11207,9
10,650,103,99,1763,80,110,36,10,16,-45,27,10,52,490414,8,36799,82,7,24,11199,8
10,700,104,50,1761,54,110,88,10,27,-45,09,10,45,489438,8,36791,79,7,08,11191,8
10,750,105,01,1759,29,111,40,10,39,-44,92,10,39,488290,2,36783,78,6,83,11183,8
10,800,105,54,1757,05,111,92,10,51,-44,75,10,33,486961,9,36775,79,6,50,11175,8
10,850,106,06,1754,81,112,44,10,65,-44,59,10,28,485446,1,36767,82,6,08,11167,8
10,900,106,60,1752,59,112,95,10,80,-44,43,10,24,483742,5,36759,87,5,55,11159,9
10,950,107,14,1750,37,113,46,10,97,-44,28,10,20,481883,3,36751,96,4,94,11152,0
11,000,107,70,1748,16,113,97,11,18,-44,14,10,17,480033,6,36744,07,4,31,11144,1
11,050,108,26,1745,96,114,48,11,41,-44,01,10,14,478731,0,36736,22,3,95,11136,2
11,100,108,83,1743,76,114,98,11,27,-43,89,10,07,478758,0,36728,37,4,24,11128,4
11,150,109,39,1741,57,115,49,11,04,-43,76,10,00,479548,5,36720,52,4,86,11120,5
11,200,109,94,1739,38,115,98,10,86,-43,62,9,92,480298,5,36712,65,5,46,11112,7
11,250,110,48,1737,20,116,48,10,70,-43,47,9,84,480788,8,36704,77,5,96,11104,8
11,300,111,01,1735,04,116,97,10,57,-43,31,9,76,480999,6,36696,89,6,34,11096,9
11,350,111,53,1732,87,117,45,10,45,-43,15,9,68,480969,7,36689,00,6,61,11089,0
11,400,112,05,1730,72,117,94,10,34,-42,99,9,60,480740,8,36681,12,6,80,11081,1
11,450,112,57,1728,57,118,41,10,24,-42,83,9,51,480349,2,36673,24,6,92,11073,2
11,500,113,08,1726,44,118,89,10,13,-42,68,9,42,479822,8,36665,37,6,97,11065,4
11,550,113,58,1724,31,119,36,10,03,-42,52,9,30,479198,6,36657,51,6,97,11057,5
11,600,114,08,1722,18,119,82,9,94,-42,37,9,17,478555,2,36649,66,6,97,11049,7
11,650,114,57,1720,07,120,27,9,85,-42,22,9,00,478053,3,36641,82,7,03,11041,8
11,700,115,06,1717,96,120,72,9,74,-42,09,9,13,477909,8,36633,99,7,21,11034,0
11,750,115,55,1715,86,121,18,9,64,-41,94,9,27,477831,1,36626,16,7,43,11026,2
11,800,116,03,1713,77,121,65,9,53,-41,79,9,39,477671,3,36618,32,7,62,11018,3
11,850,116,50,1711,68,122,12,9,42,-41,63,9,48,477372,1,36610,49,7,75,11010,5
11,900,116,97,1709,60,122,60,9,30,-41,48,9,57,476912,8,36602,67,7,81,11002,7
11,950,117,43,1707,53,123,08,9,18,-41,32,9,64,476282,8,36594,86,7,78,10994,9
12,000,117,89,1705,47,123,56,9,06,-41,17,9,72,475475,4,36587,06,7,68,10987,1
12,050,118,34,1703,42,124,05,8,94,-41,02,9,79,474484,8,36579,27,7,48,10979,3
12,100,118,78,1701,37,124,54,8,81,-40,87,9,86,473303,0,36571,50,7,20,10971,5
12,150,119,22,1699,33,125,04,8,68,-40,72,9,92,471919,8,36563,76,6,81,10963,8
12,200,119,65,1697,30,125,53,8,52,-40,58,9,97,470331,4,36556,03,6,33,10956,0
12,250,120,07,1695,27,126,03,8,35,-40,45,10,02,468558,1,36548,34,5,74,10948,3
12,300,120,48,1693,25,126,54,8,14,-40,32,10,06,466714,7,36540,67,5,11,10940,7
12,350,120,89,1691,24,127,04,7,91,-40,21,10,10,465165,6,36533,04,4,62,10933,0
12,400,121,28,1689,23,127,55,7,86,-40,11,10,15,464747,3,36525,42,4,66,10925,4
12,450,121,68,1687,23,128,05,8,10,-40,01,10,22,465591,3,36517,79,5,22,10917,8
12,500,122,09,1685,23,128,57,8,31,-39,89,10,30,466635,1,36510,15,5,86,10910,2
12,550,122,51,1683,24,129,08,8,48,-39,76,10,38,467450,5,36502,49,6,41,10902,5
12,600,122,93,1681,25,129,61,8,64,-39,63,10,46,467958,4,36494,82,6,84,10894,8
12,650,123,37,1679,28,130,13,8,77,-39,49,10,55,468179,6,36487,15,7,15,10887,2
12,700,123,81,1677,31,130,66,8,89,-39,35,10,64,468163,9,36479,47,7,35,10879,5
12,750,124,26,1675,34,131,19,9,00,-39,21,10,73,467954,2,36471,80,7,47,10871,8
12,800,124,71,1673,38,131,73,9,10,-39,07,10,83,467586,9,36464,13,7,52,10864,1
12,850,125,17,1671,44,132,28,9,21,-38,93,10,95,467100,0,36456,47,7,50,10856,5
12,900,125,63,1669,49,132,83,9,31,-38,79,11,10,466565,7,36448,81,7,45,10848,8
12,950,126,10,1667,56,133,39,9,40,-38,67,11,27,466139,1,36441,17,7,45,10841,2
13,000,126,57,1665,62,133,95,9,50,-38,55,11,23,466029,3,36433,53,7,60,10833,5
13,050,127,05,1663,70,134,51,9,61,-38,43,11,06,466071,2,36425,89,7,83,10825,9
13,100,127,53,1661,78,135,06,9,72,-38,30,10,91,466078,3,36418,26,8,06,10818,3
13,150,128,02,1659,87,135,60,9,83,-38,16,10,80,465949,8,36410,62,8,22,10810,6
13,200,128,52,1657,97,136,14,9,95,-38,02,10,69,465650,3,36402,98,8,31,10803,0
13,250,129,02,1656,07,136,67,10,07,-37,88,10,60,465166,0,36395,35,8,31,10795,4
13,300,129,52,1654,18,137,20,10,19,-37,75,10,52,464491,5,36387,73,8,22,10787,7
13,350,130,03,1652,29,137,72,10,32,-37,61,10,43,463622,2,36380,13,8,03,10780,1
13,400,130,55,1650,42,138,24,10,45,-37,48,10,36,462547,5,36372,54,7,74,10772,5
13,450,131,08,1648,55,138,76,10,59,-37,34,10,28,461256,0,36364,96,7,35,10765,0
13,500,131,61,1646,68,139,27,10,76,-37,22,10,22,459744,5,36357,41,6,84,10757,4
13,550,132,16,1644,82,139,78,10,94,-37,10,10,16,458038,5,36349,89,6,22,10749,9
13,600,132,71,1642,97,140,29,11,16,-37,00,10,11,456273,1,36342,40,5,55,10742,4
13,650,133,27,1641,12,140,79,11,40,-36,90,10,06,454832,8,36334,93,5,04,10734,9
13,700,133,84,1639,28,141,29,11,39,-36,81,10,00,454475,6,36327,48,5,09,10727,5
13,750,134,41,1637,44,141,79,11,15,-36,72,9,92,455195,2,36320,02,5,62,10720,0
13,800,134,96,1635,61,142,29,10,94,-36,62,9,84,456134,1,36312,55,6,24,10712,6
13,850,135,50,1633,78,142,78,10,75,-36,51,9,76,456872,2,36305,07,6,78,10705,1
13,900,136,04,1631,96,143,26,10,59,-36,39,9,67,457318,4,36297,57,7,20,10697,6
13,950,136,56,1630,14,143,74,10,46,-36,26,9,58,457483,3,36290,07,7,49,10690,1
14,000,137,08,1628,33,144,22,10,33,-36,13,9,49,457410,8,36282,57,7,68,10682,6
14,050,137,60,1626,53,144,69,10,22,-36,01,9,39,457137,1,36275,08,7,78,10675,1
14,100,138,10,1624,73,145,16,10,10,-35,88,9,28,456693,4,36267,59,7,79,10667,6
14,150,138,61,1622,94,145,62,9,99,-35,76,9,15,456112,3,36260,10,7,74,10660,1
14,200,139,10,1621,16,146,07,9,89,-35,64,9,00,455461,8,36252,63,7,66,10652,6
14,250,139,59,1619,38,146,52,9,79,-35,53,8,82,454897,4,36245,17,7,61,10645,2
14,300,140,08,1617,60,146,96,9,69,-35,43,8,86,454723,2,36237,72,7,72,10637,7
14,350,140,56,1615,83,147,40,9,58,-35,32,9,03,454812,4,36230,27,7,93,10630,3
14,400,141,04,1614,07,147,86,9,47,-35,20,9,18,454880,6,36222,80,8,15,10622,8
14,450,141,51,1612,31,148,32,9,36,-35,08,9,29,454814,7,36215,34,8,31,10615,3
14,500,141,98,1610,56,148,79,9,24,-34,95,9,40,454573,8,36207,89,8,39,10607,9
14,550,142,43,1608,82,149,26,9,12,-34,83,9,49,454144,8,36200,44,8,39,10600,4
14,600,142,89,1607,08,149,74,9,00,-34,70,9,57,453524,4,36193,00,8,31,10593,0
14,650,143,33,1605,35,150,22,8,87,-34,58,9,65,452709,7,36185,57,8,12,10585,6
14,700,143,78,1603,62,150,70,8,74,-34,46,9,73,451685,8,36178,16,7,84,10578,2
14,750,144,21,1601,90,151,19,8,60,-34,34,9,81,450437,9,36170,77,7,45,10570,8
14,800,144,63,1600,19,151,68,8,44,-34,23,9,87,448956,8,36163,40,6,94,10563,4
14,850,145,05,1598,48,152,18,8,25,-34,12,9,93,447260,9,36156,05,6,32,10556,1
14,900,145,46,1596,78,152,68,8,04,-34,03,9,98,445467,9,36148,73,5,64,10548,7
14,950,145,86,1595,08,153,18,7,81,-33,95,10,04,443926,9,36141,45,5,08,10541,5
15,000,146,24,1593,38,153,68,7,76,-33,87,10,09,443435,2,36134,18,5,04,10534,2
15,050,146,64,1591,69,154,19,7,99,-33,79,10,16,444228,8,36126,90,5,54,10526,9
15,100,147,04,1590,00,154,70,8,21,-33,70,10,23,445341,4,36119,61,6,17,10519,6
15,150,147,46,1588,32,155,21,8,39,-33,60,10,30,446285,4,36112,30,6,73,10512,3
15,200,147,88,1586,64,155,73,8,55,-33,49,10,38,446944,5,36104,98,7,17,10505,0
15,250,148,31,1584,97,156,25,8,69,-33,38,10,46,447316,4,36097,64,7,50,10497,6
15,300,148,75,1583,30,156,77,8,82,-33,26,10,55,447441,2,36090,31,7,71,10490,3
15,350,149,19,1581,64,157,30,8,93,-33,15,10,64,447358,8,36082,98,7,83,10483,0
15,400,149,64,1579,99,157,84,9,04,-33,03,10,73,447101,1,36075,64,7,87,10475,6
15,450,150,10,1578,34,158,38,9,16,-32,91,10,84,446696,9,36068,32,7,84,10468,3
15,500,150,56,1576,70,158,92,9,26,-32,80,10,98,446192,9,36061,00,7,76,10461,0
15,550,151,02,1575,06,159,47,9,36,-32,70,11,14,445692,6,36053,69,7,67,10453,7
15,600,151,49,1573,43,160,03,9,46,-32,61,11,24,445404,2,36046,38,7,68,10446,4
15,650,151,97,1571,80,160,59,9,56,-32,51,11,06,445358,4,36039,08,7,83,10439,1
15,700,152,45,1570,18,161,14,9,66,-32,40,10,91,445391,3,36031,77,8,02,10431,8
15,750,152,93,1568,56,161,68,9,76,-32,29,10,79,445354,6,36024,47,8,18,10424,5
15,800,153,43,1566,95,162,22,9,87,-32,17,10,68,445180,6,36017,17,8,27,10417,2
15,850,153,92,1565,34,162,75,9,99,-32,06,10,59,444842,8,36009,88,8,29,10409,9
15,900,154,42,1563,74,163,28,10,10,-31,94,10,50,444328,9,36002,59,8,23,10402,6
15,950,154,93,1562,15,163,80,10,22,-31,83,10,42,443633,9,35995,31,8,07,10395,3
16,000,155,45,1560,56,164,32,10,34,-31,72,10,33,442748,3,35988,04,7,83,10388,0
16,050,155,97,1558,98,164,84,10,47,-31,61,10,26,441657,0,35980,80,7,48,10380,8
16,100,156,49,1557,40,165,35,10,62,-31,50,10,19,440349,6,35973,57,7,02,10373,6
16,150,157,03,1555,83,165,85,10,78,-31,40,10,12,438825,3,35966,36,6,44,10366,4
16,200,157,57,1554,26,166,36,10,97,-31,31,10,06,437138,0,35959,18,5,78,10359,2
16,250,158,13,1552,70,166,86,11,18,-31,23,10,01,435494,8,35952,03,5,12,10352,0
16,300,158,69,1551,14,167,36,11,41,-31,16,9,96,434428,8,35944,90,4,75,10344,9
16,350,159,26,1549,58,167,86,11,23,-31,09,9,90,434622,5,35937,78,5,03,10337,8
16,400,159,81,1548,03,168,35,11,00,-31,01,9,84,435580,3,35930,65,5,64,10330,7
16,450,160,36,1546,48,168,84,10,80,-30,93,9,78,436567,5,35923,50,6,26,10323,5
16,500,160,89,1544,94,169,33,10,64,-30,83,9,71,437332,8,35916,33,6,78,10316,3
16,550,161,42,1543,40,169,81,10,49,-30,73,9,63,437825,8,35909,16,7,18,10309,2
16,600,161,94,1541,86,170,29,10,36,-30,62,9,55,438066,2,35901,98,7,47,10302,0
16,650,162,46,1540,33,170,77,10,24,-30,52,9,47,438089,8,35894,80,7,66,10294,8
16,700,162,97,1538,81,171,24,10,12,-30,41,9,39,437928,4,35887,63,7,77,10287,6
16,750,163,47,1537,29,171,70,10,01,-30,30,9,30,437606,1,35880,45,7,80,10280,5
16,800,163,97,1535,78,172,17,9,90,-30,19,9,19,437143,9,35873,28,7,77,10273,3
16,850,164,46,1534,27,172,62,9,79,-30,09,9,07,436586,3,35866,12,7,69,10266,1
16,900,164,95,1532,77,173,07,9,69,-30,00,8,92,436030,2,35858,96,7,60,10259,0
16,950,165,43,1531,27,173,52,9,59,-29,91,8,89,435686,9,35851,82,7,61,10251,8
17,000,165,91,1529,78,173,97,9,50,-29,81,9,04,435617,1,35844,68,7,73,10244,7
17,050,166,38,1528,29,174,42,9,40,-29,71,9,17,435581,8,35837,54,7,87,10237,5
17,100,166,85,1526,81,174,88,9,30,-29,61,9,27,435469,0,35830,40,7,97,10230,4
17,150,167,31,1525,33,175,35,9,19,-29,50,9,36,435230,1,35823,27,8,02,10223,3
17,200,167,76,1523,86,175,82,9,08,-29,40,9,45,434841,7,35816,13,8,00,10216,1
17,250,168,22,1522,39,176,29,8,97,-29,29,9,52,434292,4,35809,01,7,91,10209,0
17,300,168,66,1520,93,176,77,8,85,-29,18,9,60,433575,4,35801,89,7,73,10201,9
17,350,169,10,1519,47,177,25,8,74,-29,08,9,67,432679,4,35794,79,7,47,10194,8
17,400,169,53,1518,02,177,74,8,61,-28,98,9,74,431588,3,35787,71,7,11,10187,7
17,450,169,96,1516,58,178,23,8,48,-28,88,9,80,430287,9,35780,65,6,65,10180,7
17,500,170,38,1515,13,178,72,8,33,-28,79,9,86,428771,4,35773,61,6,07,10173,6
17,550,170,79,1513,70,179,21,8,15,-28,71,9,91,427072,7,35766,59,5,40,10166,6
17,600,171,20,1512,26,179,71,7,95,-28,63,9,96,425352,9,35759,61,4,72,10159,6
17,650,171,59,1510,83,180,21,7,73,-28,57,10,01,424087,7,35752,64,4,26,10152,6
17,700,171,98,1509,41,180,71,7,86,-28,51,10,05,424153,5,35745,69,4,44,10145,7
17,750,172,38,1507,98,181,21,8,08,-28,44,10,10,425150,0,35738,73,5,02,10138,7
17,800,172,78,1506,56,181,72,8,26,-28,36,10,15,426248,6,35731,75,5,64,10131,8
17,850,173,20,1505,15,182,23,8,41,-28,27,10,20,427167,3,35724,75,6,18,10124,8
17,900,173,63,1503,74,182,74,8,55,-28,18,10,26,427841,0,35717,74,6,61,10117,7
17,950,174,06,1502,33,183,25,8,67,-28,08,10,32,428280,0,35710,73,6,94,10110,7
18,000,174,49,1500,93,183,77,8,79,-27,98,10,39,428513,6,35703,70,7,18,10103,7
18,050,174,93,1499,53,184,29,8,89,-27,88,10,46,428572,6,35696,68,7,34,10096,7
18,100,175,38,1498,14,184,82,9,00,-27,78,10,53,428491,8,35689,66,7,43,10089,7
18,150,175,83,1496,75,185,35,9,11,-27,68,10,60,428275,6,35682,64,7,45,10082,6
18,200,176,29,1495,37,185,88,9,21,-27,58,10,69,427946,8,35675,62,7,42,10075,6
18,250,176,75,1493,99,186,42,9,31,-27,49,10,80,427552,9,35668,61,7,36,10068,6
18,300,177,22,1492,62,186,96,9,40,-27,40,10,92,427184,1,35661,60,7,30,10061,6
18,350,177,70,1491,26,187,50,9,49,-27,31,10,86,426943,9,35654,60,7,33,10054,6
18,400,178,17,1489,89,188,04,9,58,-27,21,10,74,426808,0,35647,60,7,41,10047,6
18,450,178,65,1488,53,188,58,9,67,-27,12,10,64,426680,2,35640,61,7,50,10040,6
18,500,179,14,1487,18,189,11,9,76,-27,02,10,56,426489,6,35633,61,7,55,10033,6
18,550,179,63,1485,83,189,64,9,86,-26,92,10,48,426197,2,35626,63,7,55,10026,6
18,600,180,12,1484,49,190,16,9,96,-26,82,10,41,425780,3,35619,64,7,50,10019,6
18,650,180,63,1483,15,190,68,10,06,-26,72,10,34,425223,8,35612,66,7,37,10012,7
18,700,181,13,1481,82,191,19,10,16,-26,62,10,27,424517,6,35605,70,7,18,10005,7
18,750,181,64,1480,49,191,70,10,27,-26,53,10,21,423655,4,35598,75,6,90,9998,7
18,800,182,16,1479,16,192,21,10,38,-26,43,10,15,422624,8,35591,81,6,54,9991,8
18,850,182,68,1477,84,192,72,10,50,-26,34,10,09,421414,2,35584,89,6,09,9984,9
18,900,183,21,1476,53,193,22,10,63,-26,25,10,04,420016,8,35578,00,5,54,9978,0
18,950,183,74,1475,22,193,72,10,78,-26,17,9,99,418449,1,35571,13,4,89,9971,1
19,000,184,29,1473,91,194,22,10,95,-26,10,9,94,416825,0,35564,28,4,21,9964,3
19,050,184,84,1472,61,194,72,11,16,-26,04,9,90,415525,9,35557,46,3,68,9957,5
19,100,185,40,1471,31,195,21,11,11,-25,98,9,86,415335,7,35550,65,3,75,9950,7
19,150,185,95,1470,01,195,70,10,91,-25,92,9,82,416172,1,35543,84,4,29,9943,8
19,200,186,49,1468,72,196,19,10,73,-25,85,9,79,417213,2,35537,00,4,92,9937,0
19,250,187,02,1467,43,196,68,10,59,-25,77,9,74,418124,4,35530,15,5,49,9930,2
19,300,187,55,1466,14,197,17,10,46,-25,68,9,69,418821,8,35523,29,5,96,9923,3
19,350,188,07,1464,86,197,65,10,34,-25,59,9,64,419307,7,35516,42,6,33,9916,4
19,400,188,58,1463,58,198,13,10,23,-25,50,9,59,419604,6,35509,55,6,62,9909,5
19,450,189,09,1462,31,198,61,10,13,-25,41,9,53,419735,2,35502,66,6,83,9902,7
19,500,189,59,1461,04,199,08,10,02,-25,32,9,47,419721,7,35495,78,6,97,9895,8
19,550,190,09,1459,78,199,56,9,92,-25,22,9,41,419580,2,35488,90,7,06,9888,9
19,600,190,59,1458,52,200,03,9,82,-25,13,9,35,419325,7,35482,02,7,09,9882,0
19,650,191,07,1457,26,200,49,9,72,-25,04,9,27,418984,2,35475,15,7,08,9875,2
19,700,191,56,1456,01,200,95,9,63,-24,95,9,18,418603,1,35468,29,7,05,9868,3
19,750,192,04,1454,77,201,41,9,54,-24,86,9,17,418279,4,35461,43,7,04,9861,4
19,800,192,51,1453,53,201,87,9,45,-24,77,9,26,418071,5,35454,57,7,08,9854,6
19,850,192,98,1452,29,202,34,9,37,-24,68,9,33,417882,1,35447,72,7,13,9847,7
19,900,193,45,1451,06,202,80,9,28,-24,59,9,40,417659,0,35440,87,7,17,9840,9
19,950,193,91,1449,83,203,28,9,19,-24,50,9,46,417365,6,35434,02,7,16,9834,0
20,000,194,37,1448,61,203,75,9,10,-24,40,9,52,416977,6,35427,19,7,12,9827,2
20,050,194,82,1447,39,204,23,9,00,-24,31,9,57,416476,4,35420,36,7,01,9820,4
20,100,195,27,1446,18,204,71,8,91,-24,22,9,63,415848,0,35413,53,6,85,9813,5
20,150,195,71,1444,97,205,19,8,81,-24,13,9,68,415086,1,35406,72,6,62,9806,7
20,200,196,15,1443,76,205,68,8,72,-24,05,9,73,414186,8,35399,93,6,32,9799,9
20,250,196,58,1442,56,206,16,8,61,-23,96,9,78,413139,0,35393,14,5,95,9793,1
20,300,197,01,1441,37,206,65,8,51,-23,87,9,82,411929,7,35386,38,5,50,9786,4
20,350,197,43,1440,18,207,14,8,39,-23,79,9,85,410545,3,35379,64,4,95,9779,6
20,400,197,85,1438,99,207,64,8,26,-23,72,9,89,408981,0,35372,93,4,31,9772,9
20,450,198,26,1437,81,208,13,8,11,-23,65,9,93,407281,6,35366,23,3,58,9766,2
20,500,198,66,1436,62,208,63,7,94,-23,59,9,97,405681,0,35359,57,2,91,9759,6
20,550,199,05,1435,45,209,13,7,86,-23,54,10,00,404982,6,35352,93,2,72,9752,9
20,600,199,45,1434,27,209,63,8,05,-23,49,10,02,405731,4,35346,29,3,20,9746,3
20,650,199,86,1433,10,210,13,8,21,-23,42,10,05,406882,1,35339,63,3,85,9739,6
20,700,200,27,1431,93,210,64,8,34,-23,35,10,08,407947,7,35332,95,4,45,9732,9
20,750,200,69,1430,76,211,14,8,46,-23,27,10,11,408816,0,35326,25,4,97,9726,2
20,800,201,12,1429,60,211,65,8,57,-23,19,10,15,409484,2,35319,54,5,40,9719,5
20,850,201,55,1428,44,212,16,8,67,-23,11,10,18,409976,1,35312,82,5,74,9712,8
20,900,201,99,1427,29,212,67,8,76,-23,03,10,22,410316,2,35306,09,6,01,9706,1
20,949,202,43,1426,14,213,18,8,86,-22,94,10,27,410528,6,35299,37,6,22,9699,4
20,999,202,87,1425,00,213,69,8,95,-22,86,10,31,410635,0,35292,64,6,39,9692,6
21,049,203,32,1423,86,214,21,9,04,-22,77,10,35,410652,8,35285,91,6,51,9685,9
21,099,203,78,1422,72,214,73,9,14,-22,69,10,41,410607,3,35279,18,6,60,9679,2
21,149,204,23,1421,59,215,25,9,22,-22,60,10,38,410521,3,35272,45,6,68,9672,5
21,199,204,70,1420,46,215,77,9,31,-22,51,10,33,410412,1,35265,73,6,76,9665,7
21,249,205,16,1419,34,216,28,9,39,-22,43,10,28,410270,0,35259,00,6,82,9659,0
21,299,205,64,1418,22,216,79,9,46,-22,34,10,23,410087,4,35252,27,6,86,9652,3
21,349,206,11,1417,10,217,30,9,54,-22,25,10,18,409861,1,35245,55,6,88,9645,6
21,399,206,59,1415,99,217,81,9,62,-22,17,10,14,409575,4,35238,83,6,87,9638,8
21,449,207,07,1414,88,218,32,9,71,-22,08,10,09,409213,2,35232,12,6,82,9632,1
21,499,207,56,1413,78,218,82,9,79,-22,00,10,05,408760,8,35225,42,6,73,9625,4
21,549,208,05,1412,69,219,32,9,88,-21,91,10,02,408208,3,35218,72,6,58,9618,7
21,599,208,55,1411,59,219,82,9,97,-21,83,9,98,407548,9,35212,04,6,38,9612,0
21,649,209,05,1410,50,220,32,10,06,-21,74,9,95,406778,8,35205,36,6,13,9605,4
21,699,209,56,1409,42,220,82,10,15,-21,66,9,92,405894,2,35198,70,5,82,9598,7
21,749,210,07,1408,34,221,31,10,24,-21,58,9,89,404884,1,35192,05,5,44,9592,1
21,799,210,58,1407,26,221,81,10,33,-21,50,9,85,403728,1,35185,43,4,99,9585,4
21,849,211,10,1406,19,222,30,10,43,-21,43,9,82,402400,7,35178,82,4,45,9578,8
21,899,211,62,1405,12,222,79,10,53,-21,36,9,78,400869,6,35172,23,3,79,9572,2
21,949,212,15,1404,05,223,28,10,65,-21,29,9,75,399090,8,35165,68,2,99,9565,7
21,999,212,69,1402,99,223,76,10,79,-21,23,9,71,397030,2,35159,15,2,02,9559,2
22,049,213,23,1401,93,224,25,10,95,-21,18,9,68,394831,0,35152,66,0,98,9552,7
22,099,213,78,1400,87,224,73,10,91,-21,14,9,66,394642,8,35146,20,1,14,9546,2
22,149,214,32,1399,81,225,21,10,75,-21,09,9,64,396386,7,35139,71,2,13,9539,7
22,199,214,86,1398,76,225,70,10,61,-21,03,9,63,397957,9,35133,20,3,02,9533,2
22,249,215,38,1397,71,226,18,10,49,-20,96,9,66,399246,5,35126,66,3,76,9526,7
22,299,215,90,1396,66,226,66,10,39,-20,89,9,69,400278,8,35120,11,4,38,9520,1
22,349,216,42,1395,62,227,15,10,29,-20,81,9,72,401101,0,35113,54,4,89,9513,5
22,399,216,93,1394,58,227,63,10,20,-20,74,9,75,401747,2,35106,95,5,33,9507,0
22,449,217,44,1393,55,228,12,10,12,-20,66,9,78,402242,2,35100,36,5,69,9500,4
22,499,217,95,1392,52,228,61,10,03,-20,58,9,81,402605,9,35093,77,5,98,9493,8
22,549,218,45,1391,49,229,10,9,94,-20,50,9,84,402849,5,35087,16,6,22,9487,2
22,599,218,94,1390,47,229,59,9,86,-20,42,9,86,402979,7,35080,56,6,41,9480,6
22,649,219,43,1389,45,230,09,9,77,-20,34,9,89,403005,2,35073,95,6,55,9473,9
22,699,219,92,1388,43,230,58,9,68,-20,26,9,92,402937,6,35067,34,6,64,9467,3
22,749,220,40,1387,42,231,08,9,60,-20,18,9,94,402789,0,35060,74,6,70,9460,7
22,799,220,88,1386,42,231,58,9,52,-20,10,9,97,402570,8,35054,14,6,72,9454,1
22,849,221,35,1385,41,232,08,9,44,-20,02,10,01,402295,3,35047,54,6,71,9447,5
22,899,221,82,1384,41,232,58,9,37,-19,94,10,04,401972,5,35040,95,6,68,9440,9
22,949,222,29,1383,42,233,08,9,29,-19,86,10,08,401599,0,35034,36,6,63,9434,4
22,999,222,75,1382,43,233,59,9,20,-19,79,10,11,401169,9,35027,78,6,54,9427,8
23,049,223,21,1381,44,234,09,9,12,-19,71,10,15,400684,8,35021,21,6,43,9421,2
23,099,223,66,1380,46,234,60,9,03,-19,63,10,19,400149,8,35014,64,6,29,9414,6
23,149,224,11,1379,48,235,11,8,94,-19,56,10,16,399556,6,35008,09,6,13,9408,1
23,199,224,56,1378,50,235,62,8,86,-19,48,10,13,398891,7,35001,55,5,93,9401,5
23,249,225,00,1377,53,236,12,8,77,-19,41,10,09,398142,2,34995,01,5,69,9395,0
23,299,225,43,1376,56,236,63,8,68,-19,34,10,06,397295,4,34988,49,5,40,9388,5
23,349,225,86,1375,59,237,13,8,59,-19,27,10,03,396333,8,34981,99,5,04,9382,0
23,399,226,29,1374,63,237,63,8,49,-19,20,10,00,395239,7,34975,50,4,62,9375,5
23,449,226,71,1373,67,238,13,8,39,-19,13,9,98,393996,8,34969,03,4,12,9369,0
23,499,227,13,1372,72,238,63,8,28,-19,07,9,95,392594,7,34962,58,3,52,9362,6
23,549,227,54,1371,77,239,12,8,15,-19,01,9,93,391053,2,34956,16,2,85,9356,2
23,599,227,95,1370,82,239,62,8,01,-18,96,9,91,389549,4,34949,77,2,19,9349,8
23,649,228,34,1369,87,240,12,7,87,-18,92,9,90,388816,4,34943,38,1,98,9343,4
23,699,228,74,1368,93,240,61,8,04,-18,88,9,86,389656,4,34937,00,2,52,9337,0
23,749,229,15,1367,98,241,10,8,18,-18,83,9,83,390930,9,34930,61,3,24,9330,6
23,799,229,56,1367,04,241,59,8,30,-18,77,9,80,392102,6,34924,19,3,90,9324,2
23,849,229,98,1366,11,242,08,8,41,-18,70,9,78,393076,9,34917,75,4,47,9317,7
23,899,230,40,1365,17,242,57,8,50,-18,64,9,75,393864,3,34911,30,4,96,9311,3
23,949,230,83,1364,24,243,06,8,59,-18,57,9,72,394486,8,34904,84,5,36,9304,8
23,999,231,26,1363,32,243,54,8,68,-18,50,9,68,394964,3,34898,36,5,69,9298,4
24,049,231,69,1362,39,244,03,8,76,-18,43,9,64,395313,1,34891,88,5,96,9291,9
24,099,232,13,1361,47,244,51,8,84,-18,36,9,60,395544,9,34885,40,6,18,9285,4
24,149,232,58,1360,56,244,99,8,93,-18,29,9,56,395663,8,34878,91,6,34,9278,9
24,199,233,03,1359,65,245,46,9,01,-18,21,9,52,395675,7,34872,43,6,45,9272,4
24,249,233,48,1358,74,245,94,9,09,-18,14,9,47,395591,4,34865,95,6,52,9265,9
24,299,233,94,1357,83,246,41,9,17,-18,07,9,43,395426,8,34859,46,6,54,9259,5
24,349,234,40,1356,93,246,88,9,25,-18,00,9,38,395203,0,34852,98,6,54,9253,0
24,399,234,86,1356,03,247,35,9,32,-17,93,9,33,395057,8,34846,50,6,53,9246,5
24,449,235,33,1355,14,247,81,9,39,-17,86,9,28,394923,3,34840,03,6,52,9240,0
24,499,235,80,1354,25,248,28,9,47,-17,79,9,28,394833,6,34833,55,6,52,9233,6
24,549,236,27,1353,36,248,74,9,55,-17,72,9,33,394770,6,34827,08,6,53,9227,1
24,599,236,75,1352,47,249,21,9,63,-17,65,9,38,394672,5,34820,61,6,52,9220,6
24,649,237,24,1351,59,249,68,9,71,-17,58,9,42,394510,6,34814,14,6,48,9214,1
24,699,237,73,1350,72,250,15,9,80,-17,51,9,46,394265,1,34807,68,6,39,9207,7
24,749,238,22,1349,84,250,63,9,89,-17,44,9,50,393920,2,34801,21,6,26,9201,2
24,799,238,71,1348,97,251,10,9,97,-17,37,9,54,393466,1,34794,76,6,08,9194,8
24,849,239,22,1348,11,251,58,10,06,-17,30,9,58,392898,7,34788,31,5,83,9188,3
24,899,239,72,1347,24,252,06,10,15,-17,23,9,62,392213,7,34781,88,5,53,9181,9
24,949,240,23,1346,38,252,54,10,24,-17,16,9,65,391401,8,34775,46,5,17,9175,5
24,999,240,74,1345,53,253,02,10,33,-17,10,9,68,390455,6,34769,05,4,73,9169,0
25,049,241,26,1344,67,253,51,10,43,-17,04,9,70,389372,2,34762,66,4,23,9162,7
25,099,241,79,1343,82,253,99,10,55,-16,98,9,72,388166,6,34756,29,3,65,9156,3
25,149,242,32,1342,98,254,48,10,68,-16,93,9,75,386923,3,34749,93,3,06,9149,9
25,199,242,86,1342,13,254,97,10,83,-16,88,9,77,385959,6,34743,60,2,62,9143,6
25,249,243,40,1341,29,255,46,10,83,-16,84,9,79,385998,3,34737,27,2,73,9137,3
25,299,243,94,1340,45,255,95,10,67,-16,80,9,82,386949,1,34730,93,3,29,9130,9
25,349,244,47,1339,61,256,44,10,54,-16,75,9,86,388079,1,34724,58,3,91,9124,6
25,399,244,99,1338,77,256,93,10,42,-16,69,9,89,389109,7,34718,21,4,48,9118,2
25,449,245,51,1337,94,257,43,10,32,-16,63,9,93,389980,4,34711,82,4,96,9111,8
25,499,246,02,1337,11,257,93,10,23,-16,56,9,97,390691,9,34705,42,5,36,9105,4
25,549,246,53,1336,28,258,43,10,14,-16,50,10,01,391256,3,34699,01,5,69,9099,0
25,599,247,04,1335,46,258,93,10,05,-16,43,10,06,391687,6,34692,59,5,96,9092,6
25,649,247,54,1334,64,259,43,9,97,-16,36,10,10,391999,5,34686,17,6,17,9086,2
25,699,248,03,1333,82,259,94,9,88,-16,29,10,15,392199,9,34679,74,6,32,9079,7
25,749,248,53,1333,01,260,45,9,80,-16,22,10,20,392297,2,34673,31,6,42,9073,3
25,799,249,01,1332,20,260,96,9,71,-16,15,10,25,392306,1,34666,88,6,49,9066,9
25,849,249,50,1331,39,261,47,9,63,-16,09,10,30,392247,8,34660,44,6,51,9060,4
25,899,249,98,1330,59,261,99,9,55,-16,02,10,36,392151,9,34654,02,6,53,9054,0
25,949,250,45,1329,79,262,51,9,48,-15,95,10,42,392061,6,34647,59,6,54,9047,6
25,999,250,92,1329,00,263,03,9,40,-15,88,10,39,392011,7,34641,16,6,59,9041,2
26,049,251,39,1328,21,263,55,9,32,-15,81,10,33,391983,7,34634,74,6,65,9034,7
26,099,251,86,1327,42,264,06,9,24,-15,74,10,27,391939,6,34628,31,6,70,9028,3
26,149,252,32,1326,63,264,57,9,16,-15,67,10,22,391844,7,34621,89,6,72,9021,9
26,199,252,77,1325,85,265,08,9,07,-15,61,10,17,391675,3,34615,46,6,71,9015,5
26,249,253,22,1325,07,265,59,8,98,-15,54,10,12,391412,7,34609,04,6,65,9009,0
26,299,253,67,1324,29,266,10,8,90,-15,47,10,08,391043,4,34602,63,6,53,9002,6
26,349,254,11,1323,52,266,60,8,81,-15,40,10,03,390560,5,34596,22,6,36,8996,2
26,399,254,55,1322,75,267,10,8,72,-15,34,9,99,389962,0,34589,82,6,14,8989,8
26,449,254,99,1321,99,267,60,8,63,-15,27,9,95,389247,4,34583,44,5,85,8983,4
26,499,255,41,1321,23,268,09,8,54,-15,20,9,91,388410,4,34577,07,5,50,8977,1
26,549,255,84,1320,47,268,59,8,44,-15,14,9,88,387444,3,34570,71,5,08,8970,7
26,599,256,26,1319,71,269,08,8,34,-15,08,9,85,386346,1,34564,36,4,60,8964,4
26,649,256,67,1318,96,269,57,8,23,-15,02,9,83,385124,6,34558,04,4,04,8958,0
26,699,257,08,1318,21,270,07,8,10,-14,97,9,80,383836,8,34551,74,3,45,8951,7
26,749,257,48,1317,46,270,55,7,95,-14,93,9,77,382698,9,34545,46,2,95,8945,5
26,799,257,88,1316,72,271,04,7,88,-14,89,9,74,382317,3,34539,19,2,87,8939,2
26,849,258,27,1315,97,271,53,8,04,-14,85,9,70,383003,2,34532,91,3,28,8932,9
26,898,258,68,1315,23,272,01,8,18,-14,80,9,67,384009,8,34526,63,3,84,8926,6
26,948,259,09,1314,49,272,49,8,30,-14,75,9,63,384979,6,34520,32,4,37,8920,3
26,998,259,51,1313,76,272,98,8,40,-14,69,9,58,385811,8,34514,00,4,83,8914,0
27,048,259,93,1313,02,273,45,8,49,-14,63,9,54,386492,7,34507,67,5,22,8907,7
27,098,260,36,1312,29,273,93,8,58,-14,57,9,50,387030,6,34501,33,5,53,8901,3
27,148,260,79,1311,57,274,40,8,66,-14,50,9,45,387439,2,34494,98,5,79,8895,0
27,198,261,22,1310,84,274,87,8,74,-14,44,9,40,387734,3,34488,63,5,99,8888,6
27,248,261,66,1310,12,275,34,8,82,-14,37,9,35,387929,8,34482,27,6,14,8882,3
27,298,262,11,1309,41,275,81,8,91,-14,31,9,30,388036,7,34475,91,6,25,8875,9
27,348,262,55,1308,69,276,27,8,99,-14,24,9,25,388070,6,34469,55,6,32,8869,6
27,398,263,01,1307,98,276,73,9,07,-14,18,9,19,388057,7,34463,20,6,37,8863,2
27,448,263,46,1307,28,277,19,9,15,-14,11,9,12,388039,8,34456,84,6,43,8856,8
27,498,263,92,1306,57,277,65,9,22,-14,05,9,16,388089,7,34450,48,6,51,8850,5
27,548,264,38,1305,87,278,11,9,30,-13,98,9,23,388166,0,34444,11,6,59,8844,1
27,598,264,85,1305,17,278,57,9,38,-13,92,9,28,388227,0,34437,75,6,67,8837,7
27,648,265,32,1304,48,279,04,9,45,-13,85,9,33,388250,4,34431,38,6,73,8831,4
27,698,265,80,1303,79,279,50,9,53,-13,78,9,38,388214,0,34425,01,6,77,8825,0
27,748,266,27,1303,10,279,97,9,62,-13,72,9,43,388098,2,34418,64,6,76,8818,6
27,798,266,76,1302,42,280,45,9,70,-13,65,9,47,387886,9,34412,29,6,70,8812,3
27,848,267,24,1301,74,280,92,9,79,-13,58,9,52,387569,2,34405,93,6,59,8805,9
27,898,267,74,1301,06,281,40,9,87,-13,52,9,56,387138,6,34399,58,6,42,8799,6
27,948,268,23,1300,38,281,88,9,96,-13,45,9,60,386594,0,34393,24,6,20,8793,2
27,998,268,73,1299,71,282,36,10,04,-13,39,9,64,385937,4,34386,91,5,92,8786,9
28,048,269,24,1299,05,282,84,10,13,-13,32,9,67,385166,3,34380,59,5,59,8780,6
28,098,269,75,1298,38,283,33,10,22,-13,26,9,70,384274,6,34374,28,5,19,8774,3
28,148,270,26,1297,72,283,81,10,32,-13,20,9,73,383254,7,34367,99,4,72,8768,0
28,198,270,78,1297,06,284,30,10,42,-13,15,9,76,382102,9,34361,71,4,18,8761,7
28,248,271,30,1296,40,284,79,10,54,-13,09,9,79,380842,7,34355,46,3,57,8755,5
28,298,271,83,1295,75,285,28,10,68,-13,05,9,82,379597,7,34349,23,2,98,8749,2
28,348,272,37,1295,10,285,77,10,84,-13,01,9,85,378792,8,34343,02,2,63,8743,0
28,398,272,91,1294,45,286,26,10,71,-12,98,9,89,379049,8,34336,80,2,87,8736,8
28,448,273,44,1293,80,286,76,10,56,-12,93,9,93,379916,8,34330,59,3,39,8730,6
28,498,273,97,1293,16,287,26,10,44,-12,88,9,97,380852,0,34324,35,3,93,8724,3
28,548,274,48,1292,51,287,76,10,33,-12,83,10,01,381678,5,34318,09,4,41,8718,1
28,598,275,00,1291,87,288,26,10,24,-12,77,10,05,382364,7,34311,83,4,81,8711,8
28,648,275,51,1291,24,288,76,10,15,-12,71,10,09,382917,8,34305,56,5,15,8705,6
28,698,276,01,1290,60,289,27,10,06,-12,65,10,13,383354,8,34299,28,5,44,8699,3
28,748,276,51,1289,97,289,77,9,98,-12,59,10,17,383697,1,34292,99,5,68,8693,0
28,798,277,01,1289,34,290,28,9,90,-12,52,10,22,383967,2,34286,70,5,88,8686,7
28,848,277,50,1288,72,290,80,9,81,-12,46,10,27,384186,1,34280,40,6,05,8680,4
28,898,277,99,1288,10,291,31,9,73,-12,40,10,31,384385,6,34274,10,6,22,8674,1
28,948,278,48,1287,48,291,83,9,64,-12,34,10,25,384561,0,34267,80,6,39,8667,8
28,998,278,96,1286,86,292,34,9,56,-12,27,10,20,384701,4,34261,49,6,54,8661,5
29,048,279,43,1286,25,292,85,9,48,-12,21,10,15,384788,3,34255,18,6,66,8655,2
29,098,279,91,1285,64,293,35,9,40,-12,14,10,10,384816,2,34248,87,6,76,8648,9
29,148,280,37,1285,04,293,86,9,32,-12,08,10,06,384785,6,34242,56,6,82,8642,6
29,198,280,84,1284,44,294,36,9,25,-12,01,10,01,384694,9,34236,25,6,86,8636,3
29,248,281,30,1283,84,294,86,9,17,-11,95,9,97,384532,9,34229,95,6,86,8629,9
29,298,281,75,1283,24,295,35,9,08,-11,88,9,92,384288,4,34223,64,6,82,8623,6
29,348,282,21,1282,65,295,85,9,00,-11,82,9,89,383953,4,34217,35,6,73,8617,3
29,398,282,65,1282,06,296,34,8,91,-11,75,9,85,383521,9,34211,05,6,59,8611,1
29,448,283,10,1281,47,296,83,8,83,-11,69,9,82,382990,8,34204,77,6,41,8604,8
29,498,283,54,1280,89,297,32,8,74,-11,63,9,78,382357,1,34198,50,6,17,8598,5
29,548,283,97,1280,31,297,81,8,66,-11,57,9,75,381615,9,34192,24,5,87,8592,2
29,598,284,40,1279,73,298,30,8,57,-11,51,9,72,380758,0,34185,99,5,52,8586,0
29,648,284,83,1279,16,298,78,8,48,-11,45,9,68,379767,0,34179,75,5,09,8579,8
29,698,285,25,1278,59,299,27,8,39,-11,39,9,64,378624,3,34173,54,4,58,8573,5
29,748,285,67,1278,02,299,75,8,29,-11,34,9,61,377307,5,34167,34,3,98,8567,3
29,798,286,08,1277,45,300,23,8,18,-11,29,9,58,375791,7,34161,17,3,25,8561,2
29,848,286,49,1276,89,300,71,8,05,-11,24,9,54,374071,4,34155,02,2,41,8555,0
29,898,286,88,1276,33,301,18,7,91,-11,21,9,51,372301,8,34148,91,1,55,8548,9
29,948,287,28,1275,77,301,66,7,91,-11,18,9,48,371598,8,34142,81,1,33,8542,8
29,998,287,68,1275,21,302,13,8,05,-11,14,9,45,372618,6,34136,71,1,96,8536,7
30,048,288,08,1274,66,302,60,8,18,-11,10,9,42,373917,6,34130,59,2,70,8530,6
30,098,288,49,1274,10,303,07,8,28,-11,05,9,39,375099,9,34124,45,3,36,8524,5
30,148,288,91,1273,55,303,54,8,38,-11,00,9,39,376150,8,34118,29,3,96,8518,3
30,198,289,33,1273,00,304,01,8,46,-10,95,9,42,377085,0,34112,12,4,49,8512,1
30,248,289,76,1272,46,304,48,8,55,-10,89,9,45,377890,0,34105,93,4,95,8505,9
30,298,290,19,1271,91,304,96,8,63,-10,83,9,49,378571,5,34099,73,5,35,8499,7
30,348,290,62,1271,37,305,43,8,71,-10,77,9,52,379136,7,34093,52,5,69,8493,5
30,398,291,06,1270,84,305,91,8,79,-10,71,9,56,379589,2,34087,29,5,97,8487,3
30,448,291,50,1270,30,306,39,8,87,-10,65,9,59,379929,7,34081,07,6,20,8481,1
30,498,291,94,1269,77,306,87,8,95,-10,59,9,63,380162,3,34074,84,6,37,8474,8
30,548,292,39,1269,24,307,35,9,03,-10,53,9,66,380294,6,34068,61,6,50,8468,6
30,598,292,85,1268,72,307,84,9,11,-10,47,9,70,380337,7,34062,38,6,58,8462,4
30,648,293,30,1268,20,308,32,9,19,-10,40,9,72,380303,8,34056,14,6,62,8456,1
30,698,293,77,1267,68,308,81,9,26,-10,34,9,75,380206,5,34049,91,6,64,8449,9
30,748,294,23,1267,16,309,30,9,33,-10,28,9,78,380057,3,34043,68,6,63,8443,7
30,798,294,70,1266,65,309,79,9,41,-10,21,9,82,379855,6,34037,45,6,59,8437,5
30,848,295,17,1266,14,310,28,9,48,-10,15,9,85,379590,4,34031,23,6,52,8431,2
30,898,295,65,1265,64,310,77,9,56,-10,09,9,89,379250,3,34025,01,6,41,8425,0
30,948,296,13,1265,13,311,27,9,64,-10,03,9,92,378825,9,34018,80,6,26,8418,8
30,998,296,61,1264,63,311,76,9,72,-9,97,9,96,378310,8,34012,59,6,06,8412,6
31,048,297,10,1264,14,312,26,9,80,-9,91,10,00,377702,9,34006,39,5,81,8406,4
31,098,297,59,1263,64,312,76,9,88,-9,85,10,03,377004,9,34000,21,5,52,8400,2
31,148,298,09,1263,15,313,27,9,96,-9,80,10,07,376227,4,33994,03,5,18,8394,0
31,198,298,59,1262,66,313,77,10,04,-9,74,10,11,375387,8,33987,88,4,81,8387,9
31,248,299,09,1262,18,314,28,10,12,-9,68,10,08,374492,1,33981,73,4,42,8381,7
31,298,299,60,1261,69,314,78,10,20,-9,63,10,04,373535,1,33975,59,3,99,8375,6
31,348,300,11,1261,21,315,28,10,29,-9,58,10,01,372494,9,33969,48,3,51,8369,5
31,398,300,63,1260,74,315,78,10,38,-9,53,9,97,371358,1,33963,38,2,97,8363,4
31,448,301,15,1260,26,316,28,10,49,-9,49,9,94,370152,6,33957,30,2,39,8357,3
31,498,301,68,1259,79,316,77,10,62,-9,45,9,91,369078,6,33951,25,1,89,8351,2
31,548,302,21,1259,32,317,27,10,70,-9,42,9,87,368825,3,33945,20,1,87,8345,2
31,598,302,74,1258,85,317,76,10,56,-9,38,9,84,369713,2,33939,15,2,45,8339,2
31,648,303,27,1258,38,318,25,10,44,-9,34,9,81,370863,8,33933,08,3,13,8333,1
31,698,303,79,1257,91,318,74,10,33,-9,29,9,78,371910,2,33926,99,3,75,8327,0
31,748,304,30,1257,45,319,23,10,24,-9,24,9,75,372793,1,33920,88,4,28,8320,9
31,798,304,81,1256,99,319,72,10,15,-9,19,9,72,373522,6,33914,77,4,74,8314,8
31,848,305,32,1256,53,320,20,10,07,-9,13,9,69,374115,2,33908,64,5,12,8308,6
31,898,305,82,1256,07,320,69,9,99,-9,08,9,66,374587,0,33902,50,5,44,8302,5
31,948,306,31,1255,62,321,17,9,91,-9,02,9,63,374952,9,33896,36,5,71,8296,4
31,998,306,81,1255,17,321,65,9,84,-8,96,9,61,375221,5,33890,20,5,93,8290,2
32,048,307,30,1254,73,322,13,9,76,-8,91,9,57,375393,2,33884,05,6,10,8284,1
32,098,307,78,1254,28,322,61,9,68,-8,85,9,54,375469,7,33877,90,6,22,8277,9
32,148,308,27,1253,84,323,08,9,60,-8,79,9,50,375454,6,33871,75,6,30,8271,7
32,198,308,74,1253,40,323,56,9,52,-8,73,9,46,375354,4,33865,59,6,34,8265,6
32,248,309,22,1252,97,324,03,9,45,-8,67,9,42,375177,9,33859,44,6,34,8259,4
32,298,309,69,1252,54,324,50,9,38,-8,61,9,38,374936,2,33853,29,6,30,8253,3
32,348,310,16,1252,11,324,97,9,31,-8,56,9,34,374643,2,33847,15,6,24,8247,1
32,398,310,62,1251,68,325,43,9,24,-8,50,9,30,374310,9,33841,01,6,17,8241,0
32,448,311,08,1251,26,325,90,9,17,-8,44,9,26,373944,2,33834,88,6,07,8234,9
32,498,311,54,1250,84,326,36,9,10,-8,39,9,21,373549,3,33828,75,5,96,8228,7
32,548,311,99,1250,42,326,82,9,02,-8,33,9,16,373141,8,33822,63,5,84,8222,6
32,598,312,44,1250,00,327,28,8,95,-8,28,9,21,372761,7,33816,52,5,73,8216,5
32,648,312,89,1249,59,327,74,8,87,-8,22,9,25,372368,2,33810,41,5,61,8210,4
32,698,313,33,1249,18,328,20,8,80,-8,17,9,29,371931,8,33804,30,5,47,8204,3
32,748,313,77,1248,77,328,67,8,72,-8,11,9,33,371435,7,33798,21,5,29,8198,2
32,798,314,20,1248,37,329,14,8,65,-8,06,9,37,370869,7,33792,13,5,08,8192,1
32,848,314,63,1247,97,329,61,8,58,-8,01,9,41,370225,8,33786,05,4,82,8186,1
32,898,315,06,1247,57,330,08,8,50,-7,96,9,44,369493,6,33779,99,4,52,8180,0
32,948,315,48,1247,17,330,55,8,43,-7,91,9,48,368664,8,33773,94,4,16,8173,9
32,998,315,90,1246,78,331,02,8,34,-7,86,9,51,367737,6,33767,90,3,75,8167,9
33,048,316,32,1246,39,331,50,8,25,-7,81,9,54,366721,5,33761,88,3,28,8161,9
33,098,316,73,1246,00,331,98,8,15,-7,77,9,58,365670,3,33755,88,2,80,8155,9
33,148,317,13,1245,61,332,46,8,03,-7,73,9,61,364777,3,33749,89,2,41,8149,9
33,198,317,53,1245,22,332,94,8,00,-7,70,9,63,364544,3,33743,92,2,39,8143,9
33,248,317,93,1244,84,333,42,8,13,-7,67,9,66,365120,6,33737,94,2,78,8137,9
33,298,318,34,1244,46,333,91,8,24,-7,63,9,68,365934,3,33731,95,3,27,8131,9
33,348,318,76,1244,08,334,39,8,33,-7,58,9,70,366727,9,33725,94,3,75,8125,9
33,398,319,17,1243,70,334,88,8,41,-7,53,9,73,367431,2,33719,92,4,18,8119,9
33,448,319,60,1243,32,335,36,8,49,-7,48,9,75,368034,2,33713,89,4,55,8113,9
33,498,320,02,1242,95,335,85,8,56,-7,43,9,78,368538,2,33707,85,4,88,8107,9
33,548,320,45,1242,58,336,34,8,63,-7,38,9,80,368947,9,33701,80,5,16,8101,8
33,598,320,89,1242,21,336,83,8,70,-7,33,9,83,369268,1,33695,75,5,39,8095,8
33,648,321,32,1241,85,337,32,8,77,-7,28,9,86,369498,8,33689,70,5,57,8089,7
33,698,321,76,1241,48,337,82,8,85,-7,22,9,90,369639,2,33683,64,5,71,8083,6
33,748,322,21,1241,12,338,31,8,92,-7,17,9,93,369691,4,33677,58,5,81,8077,6
33,798,322,66,1240,77,338,81,8,99,-7,12,9,97,369660,5,33671,52,5,86,8071,5
33,848,323,11,1240,41,339,31,9,06,-7,06,10,01,369554,7,33665,46,5,87,8065,5
33,898,323,56,1240,06,339,81,9,13,-7,01,10,05,369385,9,33659,40,5,85,8059,4
33,948,324,02,1239,71,340,32,9,19,-6,96,10,09,369169,5,33653,35,5,82,8053,3
33,998,324,48,1239,37,340,82,9,26,-6,90,10,13,368924,8,33647,30,5,76,8047,3
34,048,324,95,1239,02,341,33,9,32,-6,85,10,17,368674,1,33641,25,5,71,8041,3
34,098,325,41,1238,68,341,84,9,38,-6,80,10,20,368439,7,33635,21,5,66,8035,2
34,148,325,88,1238,34,342,35,9,45,-6,74,10,16,368218,2,33629,17,5,63,8029,2
34,198,326,36,1238,01,342,85,9,51,-6,69,10,12,368003,7,33623,14,5,60,8023,1
34,248,326,83,1237,67,343,36,9,58,-6,64,10,08,367767,0,33617,11,5,56,8017,1
34,298,327,32,1237,34,343,86,9,65,-6,59,10,04,367486,7,33611,08,5,49,8011,1
34,348,327,80,1237,01,344,36,9,72,-6,54,10,00,367146,4,33605,05,5,39,8005,1
34,398,328,29,1236,69,344,86,9,79,-6,49,9,96,366734,5,33599,04,5,26,7999,0
34,448,328,78,1236,37,345,36,9,85,-6,44,9,93,366243,9,33593,03,5,08,7993,0
34,498,329,27,1236,04,345,85,9,92,-6,39,9,89,365671,6,33587,04,4,86,7987,0
34,548,329,77,1235,73,346,35,9,99,-6,34,9,86,365018,0,33581,05,4,59,7981,0
34,598,330,27,1235,41,346,84,10,05,-6,29,9,83,364281,0,33575,07,4,28,7975,1
34,648,330,78,1235,10,347,33,10,12,-6,24,9,80,363457,8,33569,10,3,92,7969,1
34,698,331,28,1234,79,347,82,10,20,-6,20,9,77,362548,5,33563,15,3,50,7963,2
34,748,331,80,1234,48,348,31,10,28,-6,16,9,74,361565,4,33557,22,3,05,7957,2
34,798,332,31,1234,17,348,79,10,37,-6,12,9,72,360560,5,33551,30,2,58,7951,3
34,848,332,83,1233,87,349,28,10,48,-6,08,9,69,359711,8,33545,39,2,19,7945,4
34,898,333,36,1233,56,349,76,10,50,-6,05,9,67,359456,5,33539,50,2,16,7939,5
34,948,333,88,1233,26,350,25,10,39,-6,02,9,65,359901,8,33533,61,2,51,7933,6
34,998,334,40,1232,96,350,73,10,29,-5,98,9,63,360583,7,33527,70,2,97,7927,7
35,048,334,91,1232,66,351,21,10,21,-5,94,9,61,361258,8,33521,78,3,41,7921,8
35,098,335,42,1232,37,351,69,10,13,-5,89,9,59,361856,3,33515,85,3,81,7915,9
35,148,335,92,1232,07,352,17,10,06,-5,85,9,56,362361,0,33509,92,4,16,7909,9
35,198,336,42,1231,78,352,65,9,99,-5,80,9,54,362774,0,33503,97,4,47,7904,0
35,248,336,92,1231,49,353,12,9,93,-5,75,9,51,363100,0,33498,02,4,73,7898,0
35,298,337,42,1231,21,353,60,9,86,-5,70,9,48,363342,7,33492,07,4,94,7892,1
35,348,337,91,1230,92,354,07,9,79,-5,66,9,45,363502,1,33486,11,5,11,7886,1
35,398,338,40,1230,64,354,54,9,72,-5,61,9,42,363580,2,33480,15,5,25,7880,1
35,448,338,88,1230,36,355,01,9,65,-5,56,9,39,363581,9,33474,19,5,34,7874,2
35,498,339,36,1230,09,355,48,9,59,-5,51,9,36,363516,5,33468,22,5,39,7868,2
35,548,339,84,1229,81,355,95,9,52,-5,47,9,32,363396,5,33462,27,5,43,7862,3
35,598,340,31,1229,54,356,41,9,45,-5,42,9,29,363238,7,33456,31,5,44,7856,3
35,648,340,78,1229,27,356,88,9,39,-5,37,9,26,363063,2,33450,36,5,44,7850,4
35,698,341,25,1229,00,357,34,9,33,-5,32,9,26,362902,3,33444,41,5,45,7844,4
35,748,341,72,1228,74,357,80,9,27,-5,27,9,30,362765,4,33438,46,5,47,7838,5
35,798,342,18,1228,48,358,27,9,21,-5,22,9,33,362631,8,33432,51,5,49,7832,5
35,848,342,64,1228,22,358,74,9,16,-5,18,9,36,362484,1,33426,57,5,50,7826,6
35,898,343,10,1227,96,359,21,9,09,-5,13,9,40,362306,0,33420,63,5,49,7820,6
35,948,343,55,1227,70,359,68,9,03,-5,08,9,43,362083,7,33414,69,5,46,7814,7
35,998,344,00,1227,45,360,15,8,97,-5,03,9,46,361806,4,33408,75,5,41,7808,8
36,049,344,45,1227,20,360,62,8,90,-4,99,9,49,361465,7,33402,83,5,31,7802,8
36,099,344,89,1226,95,361,10,8,84,-4,94,9,52,361055,8,33396,91,5,19,7796,9
36,149,345,33,1226,71,361,57,8,77,-4,89,9,55,360572,9,33390,99,5,02,7791,0
36,199,345,77,1226,46,362,05,8,70,-4,85,9,57,360015,4,33385,08,4,81,7785,1
36,249,346,20,1226,22,362,53,8,64,-4,81,9,59,359383,6,33379,19,4,56,7779,2
36,299,346,63,1225,98,363,01,8,58,-4,76,9,61,358679,4,33373,30,4,27,7773,3
36,349,347,06,1225,74,363,49,8,51,-4,72,9,63,357901,6,33367,43,3,94,7767,4
36,399,347,48,1225,51,363,97,8,45,-4,68,9,65,357044,1,33361,57,3,56,7761,6
36,449,347,90,1225,28,364,46,8,38,-4,64,9,67,356099,8,33355,72,3,13,7755,7
36,499,348,32,1225,05,364,94,8,31,-4,60,9,69,355068,8,33349,89,2,65,7749,9
36,549,348,73,1224,82,365,43,8,22,-4,57,9,72,353979,1,33344,08,2,13,7744,1
36,599,349,14,1224,59,365,91,8,13,-4,53,9,74,352967,4,33338,29,1,66,7738,3
36,649,349,55,1224,36,366,40,8,09,-4,51,9,76,352522,9,33332,51,1,53,7732,5
36,699,349,95,1224,14,366,89,8,19,-4,48,9,78,352975,5,33326,72,1,87,7726,7
36,749,350,36,1223,92,367,38,8,28,-4,44,9,79,353707,7,33320,93,2,34,7720,9
36,799,350,78,1223,69,367,87,8,35,-4,41,9,81,354423,5,33315,13,2,80,7715,1
36,849,351,20,1223,47,368,36,8,42,-4,37,9,83,355052,4,33309,31,3,21,7709,3
36,899,351,62,1223,26,368,85,8,49,-4,33,9,86,355585,5,33303,48,3,56,7703,5
36,949,352,05,1223,04,369,35,8,55,-4,29,9,88,356030,6,33297,65,3,87,7697,6
36,999,352,48,1222,83,369,84,8,62,-4,25,9,90,356400,5,33291,81,4,14,7691,8
37,049,352,91,1222,62,370,34,8,68,-4,21,9,92,356708,9,33285,96,4,38,7686,0
37,099,353,35,1222,41,370,83,8,74,-4,17,9,94,356964,8,33280,11,4,59,7680,1
37,149,353,78,1222,20,371,33,8,80,-4,13,9,93,357170,7,33274,26,4,78,7674,3
37,199,354,23,1221,99,371,83,8,87,-4,08,9,90,357330,1,33268,40,4,94,7668,4
37,249,354,67,1221,79,372,32,8,93,-4,04,9,88,357438,6,33262,54,5,08,7662,5
37,299,355,12,1221,59,372,81,8,99,-4,00,9,85,357493,8,33256,68,5,19,7656,7
37,349,355,57,1221,39,373,30,9,05,-3,95,9,82,357496,9,33250,82,5,27,7650,8
37,399,356,02,1221,19,373,80,9,11,-3,91,9,80,357452,1,33244,96,5,33,7645,0
37,449,356,48,1221,00,374,28,9,17,-3,87,9,78,357364,4,33239,11,5,37,7639,1
37,499,356,94,1220,81,374,77,9,22,-3,82,9,75,357240,6,33233,25,5,39,7633,2
37,549,357,40,1220,62,375,26,9,28,-3,78,9,73,357087,0,33227,39,5,39,7627,4
37,599,357,87,1220,43,375,75,9,33,-3,73,9,72,356906,5,33221,54,5,38,7621,5
37,649,358,34,1220,24,376,23,9,39,-3,69,9,70,356694,8,33215,69,5,35,7615,7
37,699,358,81,1220,06,376,72,9,45,-3,65,9,68,356446,4,33209,84,5,30,7609,8
37,749,359,28,1219,88,377,20,9,51,-3,60,9,66,356154,0,33204,00,5,23,7604,0
37,799,359,76,1219,70,377,68,9,57,-3,56,9,64,355810,7,33198,17,5,13,7598,2
37,849,360,24,1219,52,378,16,9,63,-3,52,9,62,355409,9,33192,34,5,00,7592,3
37,899,360,72,1219,35,378,64,9,70,-3,48,9,60,354946,1,33186,52,4,83,7586,5
37,949,361,21,1219,18,379,12,9,76,-3,44,9,57,354415,1,33180,70,4,63,7580,7
37,999,361,70,1219,00,379,60,9,82,-3,40,9,55,353814,9,33174,89,4,39,7574,9
38,049,362,19,1218,84,380,08,9,88,-3,36,9,53,353145,6,33169,10,4,11,7569,1
38,099,362,69,1218,67,380,55,9,94,-3,32,9,50,352410,4,33163,32,3,79,7563,3
38,149,363,18,1218,50,381,03,10,00,-3,29,9,48,351612,1,33157,55,3,44,7557,5
38,199,363,69,1218,34,381,50,10,06,-3,25,9,48,350755,3,33151,79,3,04,7551,8
38,249,364,19,1218,18,381,98,10,12,-3,22,9,49,349838,3,33146,05,2,61,7546,0
38,299,364,70,1218,02,382,45,10,19,-3,18,9,51,348845,6,33140,32,2,12,7540,3
38,349,365,21,1217,86,382,93,10,27,-3,15,9,53,347791,6,33134,61,1,59,7534,6
38,399,365,72,1217,70,383,40,10,35,-3,13,9,55,346808,5,33128,92,1,11,7528,9
38,449,366,24,1217,55,383,88,10,41,-3,10,9,56,346515,7,33123,24,1,07,7523,2
38,499,366,76,1217,39,384,36,10,31,-3,08,9,59,347233,5,33117,55,1,58,7517,6
38,549,367,28,1217,24,384,84,10,23,-3,05,9,61,348128,2,33111,85,2,16,7511,9
38,599,367,79,1217,09,385,32,10,16,-3,02,9,63,348935,3,33106,14,2,68,7506,1
38,649,368,29,1216,94,385,80,10,09,-2,99,9,65,349623,3,33100,41,3,14,7500,4
38,699,368,79,1216,79,386,29,10,03,-2,95,9,67,350198,9,33094,67,3,53,7494,7
38,749,369,29,1216,64,386,77,9,97,-2,92,9,69,350675,6,33088,93,3,87,7488,9
38,799,369,79,1216,50,387,26,9,91,-2,88,9,71,351066,9,33083,18,4,17,7483,2
38,849,370,29,1216,35,387,74,9,85,-2,84,9,73,351382,8,33077,41,4,42,7477,4
38,899,370,78,1216,21,388,23,9,79,-2,80,9,75,351626,5,33071,65,4,64,7471,7
38,949,371,27,1216,07,388,72,9,73,-2,77,9,76,351800,0,33065,89,4,82,7465,9
38,999,371,75,1215,94,389,21,9,67,-2,73,9,79,351906,1,33060,12,4,96,7460,1
39,049,372,23,1215,80,389,70,9,61,-2,69,9,81,351947,9,33054,35,5,07,7454,3
39,099,372,71,1215,67,390,19,9,55,-2,65,9,83,351930,0,33048,58,5,15,7448,6
39,149,373,19,1215,54,390,68,9,49,-2,61,9,86,351858,0,33042,81,5,20,7442,8
39,199,373,66,1215,41,391,17,9,43,-2,57,9,88,351737,8,33037,04,5,23,7437,0
39,249,374,13,1215,28,391,67,9,38,-2,53,9,91,351576,5,33031,27,5,23,7431,3
39,299,374,60,1215,15,392,16,9,33,-2,50,9,94,351382,1,33025,51,5,22,7425,5
39,349,375,06,1215,03,392,66,9,27,-2,46,9,97,351163,2,33019,75,5,19,7419,8
39,399,375,53,1214,91,393,16,9,22,-2,42,9,99,350927,7,33014,00,5,15,7414,0
39,449,375,99,1214,79,393,66,9,16,-2,38,10,02,350679,2,33008,25,5,11,7408,2
39,499,376,44,1214,67,394,16,9,11,-2,34,10,05,350423,1,33002,50,5,07,7402,5
39,549,376,90,1214,55,394,66,9,05,-2,31,10,05,350163,3,32996,76,5,02,7396,8
39,599,377,35,1214,44,395,17,8,99,-2,27,10,02,349889,2,32991,02,4,97,7391,0
39,649,377,80,1214,33,395,67,8,93,-2,24,10,00,349588,8,32985,29,4,90,7385,3
39,699,378,24,1214,22,396,17,8,87,-2,20,9,97,349247,3,32979,56,4,81,7379,6
39,749,378,68,1214,11,396,66,8,81,-2,17,9,94,348854,0,32973,84,4,69,7373,8
39,799,379,12,1214,00,397,16,8,74,-2,13,9,92,348401,5,32968,12,4,54,7368,1
39,849,379,56,1213,89,397,65,8,68,-2,10,9,89,347886,0,32962,41,4,35,7362,4
39,899,379,99,1213,79,398,15,8,63,-2,06,9,87,347306,8,32956,72,4,12,7356,7
39,949,380,42,1213,69,398,64,8,57,-2,03,9,84,346665,2,32951,03,3,86,7351,0
39,999,380,85,1213,59,399,13,8,51,-2,00,9,82,345959,3,32945,35,3,56,7345,4
40,049,381,27,1213,49,399,62,8,45,-1,97,9,80,345186,9,32939,69,3,22,7339,7
40,099,381,69,1213,39,400,11,8,38,-1,94,9,78,344352,9,32934,04,2,84,7334,0
40,149,382,11,1213,29,400,60,8,31,-1,91,9,76,343479,5,32928,40,2,44,7328,4
40,199,382,52,1213,20,401,09,8,24,-1,89,9,75,342639,1,32922,77,2,05,7322,8
40,249,382,93,1213,10,401,58,8,15,-1,87,9,73,342036,8,32917,16,1,81,7317,2
40,299,383,34,1213,01,402,06,8,19,-1,85,9,71,342056,4,32911,56,1,93,7311,6
40,349,383,75,1212,92,402,55,8,27,-1,82,9,69,342546,1,32905,95,2,28,7305,9
40,399,384,17,1212,83,403,03,8,34,-1,80,9,67,343146,5,32900,32,2,69,7300,3
40,449,384,58,1212,74,403,51,8,41,-1,77,9,65,343722,5,32894,70,3,08,7294,7
40,499,385,01,1212,65,404,00,8,47,-1,74,9,62,344232,5,32889,05,3,43,7289,1
40,549,385,43,1212,57,404,48,8,52,-1,71,9,60,344667,5,32883,41,3,75,7283,4
40,599,385,86,1212,48,404,96,8,58,-1,68,9,58,345028,5,32877,75,4,02,7277,8
40,649,386,29,1212,40,405,43,8,63,-1,65,9,55,345320,4,32872,09,4,26,7272,1
40,699,386,72,1212,32,405,91,8,69,-1,62,9,52,345544,9,32866,43,4,45,7266,4
40,750,387,16,1212,24,406,39,8,75,-1,58,9,50,345701,0,32860,76,4,62,7260,8
40,800,387,60,1212,16,406,86,8,81,-1,55,9,47,345790,4,32855,09,4,74,7255,1
40,850,388,04,1212,08,407,33,8,86,-1,52,9,44,345816,6,32849,43,4,83,7249,4
40,900,388,48,1212,01,407,80,8,92,-1,49,9,41,345786,6,32843,76,4,90,7243,8
40,950,388,93,1211,93,408,27,8,98,-1,46,9,37,345709,1,32838,09,4,94,7238,1
41,000,389,38,1211,86,408,74,9,03,-1,42,9,34,345596,6,32832,42,4,96,7232,4
41,050,389,83,1211,79,409,21,9,09,-1,39,9,31,345463,8,32826,76,4,97,7226,8
41,100,390,29,1211,72,409,67,9,14,-1,36,9,28,345328,6,32821,09,4,98,7221,1
41,150,390,75,1211,65,410,14,9,19,-1,33,9,28,345216,2,32815,43,5,00,7215,4
41,200,391,21,1211,59,410,60,9,24,-1,29,9,31,345129,8,32809,77,5,03,7209,8
41,250,391,67,1211,53,411,07,9,29,-1,26,9,34,345047,8,32804,12,5,07,7204,1
41,300,392,14,1211,46,411,54,9,35,-1,23,9,37,344954,3,32798,46,5,09,7198,5
41,350,392,61,1211,40,412,01,9,40,-1,20,9,40,344835,1,32792,81,5,10,7192,8
41,400,393,08,1211,34,412,48,9,46,-1,16,9,43,344678,8,32787,16,5,09,7187,2
41,450,393,55,1211,29,412,95,9,52,-1,13,9,46,344475,8,32781,51,5,06,7181,5
41,500,394,03,1211,23,413,42,9,57,-1,10,9,49,344219,4,32775,86,4,99,7175,9
41,550,394,51,1211,18,413,90,9,63,-1,07,9,51,343904,3,32770,22,4,90,7170,2
41,600,394,99,1211,12,414,37,9,69,-1,04,9,54,343527,3,32764,59,4,76,7164,6
41,650,395,48,1211,07,414,85,9,75,-1,01,9,56,343086,7,32758,96,4,60,7159,0
41,700,395,97,1211,02,415,33,9,81,-0,98,9,58,342582,9,32753,34,4,40,7153,3
41,750,396,46,1210,97,415,81,9,87,-0,95,9,60,342017,7,32747,73,4,16,7147,7
41,800,396,95,1210,93,416,29,9,92,-0,92,9,62,341395,1,32742,13,3,89,7142,1
41,850,397,45,1210,88,416,77,9,98,-0,90,9,64,340716,2,32736,53,3,59,7136,5
41,900,397,95,1210,84,417,25,10,04,-0,87,9,66,339980,5,32730,96,3,25,7131,0
41,950,398,45,1210,79,417,74,10,10,-0,85,9,67,339193,9,32725,39,2,87,7125,4
42,000,398,96,1210,75,418,22,10,16,-0,82,9,69,338378,2,32719,84,2,48,7119,8
42,050,399,47,1210,71,418,71,10,23,-0,80,9,71,337602,0,32714,29,2,11,7114,3
42,100,399,98,1210,67,419,19,10,32,-0,78,9,73,337052,2,32708,77,1,87,7108,8
42,150,400,50,1210,63,419,68,10,28,-0,77,9,75,337034,5,32703,24,1,96,7103,2
42,200,401,01,1210,59,420,17,10,20,-0,75,9,78,337428,3,32697,71,2,27,7097,7
42,250,401,52,1210,56,420,66,10,13,-0,73,9,80,337937,8,32692,18,2,63,7092,2
42,300,402,03,1210,52,421,15,10,07,-0,71,9,83,338433,6,32686,63,2,98,7086,6
42,350,402,53,1210,49,421,64,10,01,-0,68,9,86,338872,2,32681,08,3,30,7081,1
42,400,403,03,1210,45,422,13,9,95,-0,66,9,88,339242,4,32675,52,3,58,7075,5
42,450,403,52,1210,42,422,63,9,90,-0,63,9,91,339546,4,32669,96,3,83,7070,0
42,500,404,02,1210,39,423,13,9,84,-0,60,9,94,339790,5,32664,39,4,04,7064,4
42,550,404,51,1210,36,423,62,9,79,-0,58,9,97,339979,2,32658,82,4,22,7058,8
42,600,405,00,1210,33,424,12,9,73,-0,55,10,00,340118,8,32653,24,4,38,7053,2
42,650,405,48,1210,31,424,62,9,67,-0,52,10,02,340218,0,32647,66,4,52,7047,7
42,700,405,96,1210,28,425,12,9,62,-0,50,10,05,340289,4,32642,09,4,64,7042,1
42,750,406,44,1210,26,425,63,9,56,-0,47,10,06,340346,7,32636,50,4,75,7036,5
42,800,406,92,1210,23,426,13,9,50,-0,44,10,03,340387,9,32630,92,4,86,7030,9
42,850,407,39,1210,21,426,63,9,45,-0,41,10,00,340408,9,32625,34,4,97,7025,3
42,900,407,86,1210,19,427,13,9,39,-0,39,9,97,340402,5,32619,76,5,05,7019,8
42,950,408,33,1210,17,427,63,9,34,-0,36,9,94,340365,3,32614,18,5,12,7014,2
43,000,408,80,1210,16,428,12,9,28,-0,33,9,91,340296,6,32608,60,5,17,7008,6
43,050,409,26,1210,14,428,62,9,23,-0,30,9,88,340197,8,32603,02,5,21,7003,0
43,100,409,72,1210,13,429,11,9,18,-0,27,9,85,340068,8,32597,45,5,23,6997,4
43,150,410,18,1210,11,429,60,9,13,-0,25,9,83,339905,5,32591,87,5,23,6991,9
43,200,410,63,1210,10,430,09,9,07,-0,22,9,80,339704,1,32586,30,5,21,6986,3
43,250,411,09,1210,09,430,58,9,01,-0,19,9,78,339460,3,32580,73,5,17,6980,7
43,300,411,53,1210,08,431,07,8,96,-0,16,9,76,339170,7,32575,17,5,10,6975,2
43,350,411,98,1210,07,431,56,8,90,-0,14,9,74,338831,9,32569,62,5,00,6969,6
43,400,412,42,1210,07,432,05,8,84,-0,11,9,72,338441,4,32564,06,4,87,6964,1
43,450,412,86,1210,06,432,53,8,78,-0,09,9,70,337995,4,32558,52,4,72,6958,5
43,500,413,30,1210,06,433,02,8,72,-0,06,9,68,337490,7,32552,98,4,52,6953,0
43,550,413,74,1210,06,433,50,8,66,-0,04,9,66,336924,6,32547,46,4,29,6947,5
43,600,414,17,1210,06,433,98,8,61,-0,01,9,63,336295,7,32541,94,4,03,6941,9
43,650,414,60,1210,06,434,46,8,55,0,01,9,61,335623,1,32536,43,3,72,6936,4
43,700,415,02,1210,06,434,94,8,50,0,03,9,59,334925,0,32530,93,3,37,6930,9
43,750,415,45,1210,06,435,42,8,44,0,05,9,57,334143,1,32525,45,2,97,6925,5
43,800,415,87,1210,06,435,90,8,38,0,07,9,54,333268,8,32519,98,2,52,6920,0
43,850,416,28,1210,07,436,38,8,31,0,09,9,52,332300,4,32514,52,2,00,6914,5
43,900,416,70,1210,07,436,85,8,24,0,10,9,50,331267,2,32509,09,1,44,6909,1
43,950,417,11,1210,08,437,33,8,17,0,11,9,48,330362,2,32503,66,0,98,6903,7
44,000,417,52,1210,08,437,80,8,21,0,12,9,45,330305,8,32498,25,1,04,6898,2
44,050,417,93,1210,09,438,27,8,29,0,14,9,43,330963,1,32492,83,1,48,6892,8
44,100,418,35,1210,10,438,74,8,35,0,15,9,41,331742,1,32487,39,1,96,6887,4
44,150,418,77,1210,10,439,21,8,41,0,17,9,39,332495,4,32481,95,2,43,6882,0
44,200,419,19,1210,11,439,68,8,47,0,19,9,39,333207,1,32476,49,2,86,6876,5
44,250,419,61,1210,12,440,15,8,52,0,21,9,41,333861,8,32471,02,3,26,6871,0
44,300,420,04,1210,13,440,62,8,58,0,23,9,44,334447,3,32465,54,3,61,6865,5
44,350,420,47,1210,15,441,09,8,63,0,25,9,46,334962,8,32460,06,3,93,6860,1
44,400,420,90,1210,16,441,57,8,68,0,27,9,49,335406,6,32454,56,4,20,6854,6
44,450,421,34,1210,17,442,04,8,74,0,30,9,51,335779,6,32449,06,4,43,6849,1
44,500,421,78,1210,19,442,52,8,80,0,32,9,53,336083,3,32443,55,4,62,6843,6
44,550,422,22,1210,21,443,00,8,85,0,35,9,56,336320,6,32438,04,4,78,6838,0
44,600,422,66,1210,22,443,47,8,91,0,37,9,58,336496,0,32432,52,4,90,6832,5
44,650,423,11,1210,24,443,95,8,97,0,40,9,60,336615,2,32427,01,5,00,6827,0
44,700,423,56,1210,26,444,44,9,02,0,42,9,62,336684,7,32421,49,5,06,6821,5
44,750,424,01,1210,28,444,92,9,07,0,45,9,64,336711,4,32415,97,5,11,6816,0
44,800,424,47,1210,31,445,40,9,13,0,47,9,66,336702,2,32410,45,5,13,6810,4
44,850,424,92,1210,33,445,88,9,18,0,50,9,68,336663,6,32404,93,5,14,6804,9
44,900,425,38,1210,36,446,37,9,23,0,53,9,70,336600,5,32399,41,5,14,6799,4
44,950,425,85,1210,38,446,85,9,28,0,55,9,72,336513,1,32393,89,5,12,6793,9
45,000,426,31,1210,41,447,34,9,33,0,58,9,74,336396,5,32388,38,5,08,6788,4
45,050,426,78,1210,44,447,83,9,38,0,60,9,76,336244,7,32382,87,5,03,6782,9
45,100,427,25,1210,47,448,32,9,44,0,63,9,79,336051,8,32377,35,4,95,6777,4
45,150,427,72,1210,51,448,81,9,49,0,65,9,81,335812,2,32371,85,4,85,6771,8
45,200,428,20,1210,54,449,30,9,55,0,68,9,84,335521,0,32366,34,4,72,6766,3
45,250,428,68,1210,57,449,79,9,60,0,70,9,86,335174,6,32360,85,4,56,6760,8
45,300,429,16,1210,61,450,28,9,66,0,73,9,89,334771,6,32355,36,4,36,6755,4
45,350,429,64,1210,65,450,78,9,72,0,75,9,91,334312,8,32349,87,4,13,6749,9
45,400,430,13,1210,68,451,27,9,77,0,77,9,93,333802,8,32344,39,3,88,6744,4
45,451,430,62,1210,72,451,77,9,82,0,80,9,95,333249,5,32338,93,3,60,6738,9
45,501,431,11,1210,76,452,27,9,88,0,82,9,95,332663,2,32333,47,3,30,6733,5
45,551,431,61,1210,80,452,77,9,93,0,84,9,92,332048,9,32328,02,2,99,6728,0
45,601,432,11,1210,85,453,26,9,98,0,86,9,90,331398,1,32322,58,2,65,6722,6
45,651,432,61,1210,89,453,76,10,04,0,88,9,87,330704,5,32317,16,2,28,6717,2
45,701,433,11,1210,93,454,25,10,09,0,89,9,85,329977,6,32311,74,1,89,6711,7
45,751,433,62,1210,98,454,74,10,16,0,91,9,82,329273,3,32306,34,1,52,6706,3
45,801,434,13,1211,03,455,23,10,23,0,92,9,80,328781,8,32300,95,1,29,6700,9
45,851,434,64,1211,07,455,72,10,21,0,93,9,78,328876,1,32295,55,1,42,6695,6
45,901,435,15,1211,12,456,21,10,14,0,95,9,76,329443,7,32290,16,1,81,6690,2
45,951,435,65,1211,17,456,70,10,08,0,96,9,74,330109,2,32284,75,2,25,6684,8
46,001,436,15,1211,22,457,18,10,02,0,98,9,72,330740,8,32279,33,2,65,6679,3
46,051,436,65,1211,27,457,67,9,97,1,00,9,70,331305,8,32273,91,3,01,6673,9
46,101,437,15,1211,32,458,15,9,91,1,02,9,68,331799,7,32268,47,3,34,6668,5
46,151,437,64,1211,37,458,64,9,86,1,04,9,66,332226,9,32263,03,3,62,6663,0
46,201,438,14,1211,42,459,12,9,81,1,07,9,65,332592,4,32257,58,3,86,6657,6
46,251,438,63,1211,47,459,60,9,76,1,09,9,63,332897,8,32252,12,4,08,6652,1
46,301,439,11,1211,53,460,08,9,70,1,11,9,61,333146,1,32246,66,4,26,6646,7
46,351,439,60,1211,58,460,56,9,65,1,14,9,60,333339,7,32241,20,4,41,6641,2
46,401,440,08,1211,64,461,04,9,60,1,16,9,58,333480,2,32235,73,4,53,6635,7
46,451,440,56,1211,70,461,52,9,54,1,18,9,56,333570,3,32230,26,4,62,6630,3
46,501,441,03,1211,76,462,00,9,49,1,21,9,54,333613,1,32224,79,4,69,6624,8
46,551,441,51,1211,82,462,47,9,44,1,23,9,52,333612,3,32219,33,4,73,6619,3
46,601,441,98,1211,88,462,95,9,39,1,26,9,50,333571,7,32213,86,4,75,6613,9
46,651,442,44,1211,95,463,42,9,34,1,28,9,47,333495,8,32208,39,4,76,6608,4
46,701,442,91,1212,01,463,90,9,29,1,31,9,45,333389,3,32202,92,4,74,6602,9
46,751,443,37,1212,08,464,37,9,25,1,33,9,42,333257,0,32197,46,4,71,6597,5
46,801,443,83,1212,15,464,84,9,20,1,36,9,40,333104,7,32191,99,4,68,6592,0
46,851,444,29,1212,21,465,31,9,15,1,38,9,37,332934,8,32186,54,4,63,6586,5
46,901,444,75,1212,28,465,78,9,10,1,40,9,35,332749,9,32181,08,4,57,6581,1
46,951,445,20,1212,35,466,24,9,05,1,43,9,32,332554,2,32175,63,4,51,6575,6
47,001,445,66,1212,43,466,71,9,01,1,45,9,30,332354,5,32170,18,4,44,6570,2
47,051,446,10,1212,50,467,17,8,96,1,47,9,32,332165,4,32164,73,4,38,6564,7
47,101,446,55,1212,57,467,64,8,91,1,50,9,35,331970,6,32159,29,4,31,6559,3
47,151,446,99,1212,65,468,11,8,85,1,52,9,37,331754,8,32153,84,4,23,6553,8
47,201,447,44,1212,73,468,58,8,80,1,54,9,40,331506,5,32148,41,4,13,6548,4
47,251,447,87,1212,80,469,05,8,75,1,56,9,42,331216,9,32142,98,4,01,6543,0
47,301,448,31,1212,88,469,52,8,70,1,59,9,44,330878,7,32137,55,3,85,6537,5
47,351,448,74,1212,96,469,99,8,65,1,61,9,47,330487,3,32132,13,3,67,6532,1
47,401,449,18,1213,04,470,47,8,60,1,63,9,49,330040,6,32126,71,3,46,6526,7
47,451,449,61,1213,12,470,94,8,55,1,65,9,51,329538,5,32121,31,3,21,6521,3
47,501,450,03,1213,21,471,42,8,50,1,67,9,53,328982,3,32115,91,2,92,6515,9
47,551,450,46,1213,29,471,90,8,45,1,69,9,55,328372,4,32110,52,2,61,6510,5
47,601,450,88,1213,38,472,37,8,40,1,70,9,57,327718,0,32105,14,2,27,6505,1
47,651,451,30,1213,46,472,85,8,35,1,72,9,59,327049,5,32099,78,1,92,6499,8
47,701,451,71,1213,55,473,33,8,29,1,74,9,61,326454,1,32094,42,1,62,6494,4
47,751,452,12,1213,64,473,81,8,23,1,75,9,62,326147,0,32089,07,1,50,6489,1
47,801,452,54,1213,72,474,29,8,30,1,76,9,64,326355,9,32083,72,1,68,6483,7
47,851,452,95,1213,81,474,78,8,36,1,78,9,65,326826,6,32078,37,2,00,6478,4
47,901,453,37,1213,90,475,26,8,41,1,79,9,66,327357,7,32073,01,2,34,6473,0
47,951,453,79,1213,99,475,74,8,46,1,81,9,68,327869,6,32067,64,2,67,6467,6
48,001,454,22,1214,08,476,23,8,51,1,83,9,69,328335,1,32062,26,2,97,6462,3
48,051,454,65,1214,17,476,71,8,56,1,85,9,71,328747,0,32056,87,3,24,6456,9
48,101,455,08,1214,27,477,20,8,61,1,87,9,72,329104,3,32051,48,3,47,6451,5
48,151,455,51,1214,36,477,68,8,66,1,89,9,74,329405,2,32046,08,3,67,6446,1
48,201,455,94,1214,46,478,17,8,71,1,91,9,76,329649,0,32040,68,3,84,6440,7
48,251,456,38,1214,55,478,66,8,76,1,93,9,78,329837,1,32035,27,3,97,6435,3
48,301,456,82,1214,65,479,15,8,81,1,96,9,80,329972,6,32029,86,4,08,6429,9
48,351,457,26,1214,75,479,64,8,86,1,98,9,82,330060,0,32024,45,4,16,6424,5
48,401,457,70,1214,85,480,13,8,90,2,00,9,84,330104,9,32019,04,4,21,6419,0
48,451,458,15,1214,95,480,62,8,95,2,02,9,86,330114,6,32013,63,4,25,6413,6
48,501,458,60,1215,05,481,12,9,00,2,05,9,88,330097,6,32008,22,4,27,6408,2
48,551,459,05,1215,15,481,61,9,04,2,07,9,91,330064,1,32002,81,4,29,6402,8
48,601,459,50,1215,26,482,11,9,09,2,09,9,92,330026,6,31997,40,4,30,6397,4
48,651,459,96,1215,36,482,60,9,13,2,12,9,90,329989,2,31991,99,4,32,6392,0
48,701,460,41,1215,47,483,10,9,17,2,14,9,88,329956,7,31986,58,4,34,6386,6
48,751,460,87,1215,58,483,59,9,22,2,16,9,86,329923,3,31981,17,4,36,6381,2
48,801,461,34,1215,68,484,08,9,26,2,19,9,83,329883,2,31975,76,4,37,6375,8
48,851,461,80,1215,79,484,58,9,30,2,21,9,81,329829,7,31970,35,4,38,6370,4
48,901,462,27,1215,91,485,07,9,34,2,23,9,79,329756,6,31964,95,4,37,6364,9
48,951,462,73,1216,02,485,55,9,39,2,26,9,77,329658,8,31959,54,4,35,6359,5
49,001,463,20,1216,13,486,04,9,43,2,28,9,75,329532,0,31954,14,4,32,6354,1
49,051,463,68,1216,25,486,53,9,48,2,30,9,73,329372,1,31948,74,4,26,6348,7
49,101,464,15,1216,36,487,02,9,53,2,32,9,71,329175,4,31943,34,4,19,6343,3
49,151,464,63,1216,48,487,50,9,58,2,35,9,69,328938,3,31937,94,4,09,6337,9
49,201,465,11,1216,60,487,98,9,62,2,37,9,68,328657,6,31932,55,3,96,6332,6
49,251,465,59,1216,71,488,47,9,67,2,39,9,66,328329,5,31927,17,3,81,6327,2
49,301,466,08,1216,83,488,95,9,72,2,41,9,65,327951,0,31921,79,3,63,6321,8
49,351,466,56,1216,96,489,43,9,77,2,43,9,63,327519,8,31916,42,3,41,6316,4
49,401,467,05,1217,08,489,91,9,82,2,45,9,62,327033,7,31911,05,3,17,6311,1
49,451,467,55,1217,20,490,39,9,86,2,47,9,60,326491,5,31905,70,2,89,6305,7
49,501,468,04,1217,32,490,87,9,91,2,49,9,59,325892,0,31900,35,2,57,6300,3
49,551,468,54,1217,45,491,35,9,95,2,51,9,57,325231,8,31895,01,2,22,6295,0
49,601,469,04,1217,58,491,83,10,00,2,52,9,55,324512,2,31889,69,1,82,6289,7
49,651,469,54,1217,70,492,31,10,05,2,54,9,54,323755,3,31884,37,1,41,6284,4
49,701,470,04,1217,83,492,78,10,11,2,55,9,52,323057,3,31879,07,1,03,6279,1
49,751,470,55,1217,96,493,26,10,12,2,56,9,50,322763,7,31873,78,0,93,6273,8
49,801,471,05,1218,09,493,74,10,06,2,58,9,49,323075,9,31868,48,1,19,6268,5
49,851,471,55,1218,21,494,21,10,01,2,59,9,47,323601,9,31863,18,1,56,6263,2
49,901,472,05,1218,34,494,68,9,96,2,61,9,46,324138,3,31857,87,1,92,6257,9
49,951,472,55,1218,48,495,15,9,91,2,62,9,44,324634,3,31852,55,2,26,6252,6
50,001,473,04,1218,61,495,63,9,86,2,64,9,42,325082,2,31847,23,2,56,6247,2
50,051,473,54,1218,74,496,10,9,82,2,66,9,41,325487,6,31841,89,2,84,6241,9
50,102,474,03,1218,87,496,57,9,77,2,68,9,43,325860,9,31836,55,3,10,6236,6
50,152,474,51,1219,01,497,04,9,73,2,70,9,45,326188,2,31831,21,3,33,6231,2
50,202,475,00,1219,14,497,51,9,68,2,72,9,46,326464,0,31825,86,3,53,6225,9
50,252,475,48,1219,28,497,99,9,63,2,74,9,48,326687,5,31820,50,3,70,6220,5
50,302,475,96,1219,42,498,46,9,58,2,76,9,50,326860,3,31815,15,3,84,6215,1
50,352,476,44,1219,55,498,94,9,54,2,78,9,52,326986,5,31809,79,3,95,6209,8
50,402,476,91,1219,69,499,41,9,49,2,80,9,53,327070,5,31804,43,4,04,6204,4
50,452,477,39,1219,83,499,89,9,45,2,82,9,55,327117,6,31799,06,4,10,6199,1
50,502,477,86,1219,98,500,37,9,40,2,84,9,56,327132,9,31793,70,4,15,6193,7
50,552,478,33,1220,12,500,85,9,36,2,87,9,57,327121,5,31788,34,4,19,6188,3
50,602,478,80,1220,26,501,32,9,32,2,89,9,58,327088,1,31782,98,4,21,6183,0
50,652,479,26,1220,41,501,80,9,27,2,91,9,60,327036,6,31777,62,4,23,6177,6
50,702,479,72,1220,55,502,28,9,23,2,93,9,61,326970,4,31772,26,4,23,6172,3
50,752,480,18,1220,70,502,76,9,19,2,96,9,62,326892,5,31766,90,4,23,6166,9
50,802,480,64,1220,85,503,25,9,15,2,98,9,63,326802,3,31761,54,4,22,6161,5
50,852,481,10,1221,00,503,73,9,11,3,00,9,64,326697,4,31756,18,4,20,6156,2
50,902,481,55,1221,15,504,21,9,07,3,02,9,66,326574,3,31750,83,4,18,6150,8
50,952,482,01,1221,30,504,69,9,03,3,05,9,67,326429,5,31745,48,4,13,6145,5
51,002,482,46,1221,45,505,18,8,98,3,07,9,68,326258,6,31740,13,4,08,6140,1
51,052,482,90,1221,61,505,66,8,94,3,09,9,70,326057,5,31734,78,4,01,6134,8
51,102,483,35,1221,76,506,15,8,89,3,11,9,72,325821,7,31729,44,3,91,6129,4
51,152,483,79,1221,92,506,63,8,85,3,13,9,73,325547,2,31724,10,3,79,6124,1
51,202,484,23,1222,08,507,12,8,80,3,15,9,75,325230,8,31718,76,3,65,6118,8
51,252,484,67,1222,23,507,61,8,75,3,17,9,77,324870,8,31713,43,3,48,6113,4
51,302,485,11,1222,39,508,10,8,70,3,19,9,79,324467,4,31708,11,3,29,6108,1
51,352,485,54,1222,55,508,59,8,66,3,21,9,80,324024,3,31702,79,3,07,6102,8
51,402,485,98,1222,71,509,08,8,61,3,23,9,79,323542,9,31697,49,2,83,6097,5
51,452,486,40,1222,88,509,57,8,57,3,24,9,77,323023,3,31692,19,2,57,6092,2
51,502,486,83,1223,04,510,05,8,52,3,26,9,76,322463,0,31686,90,2,28,6086,9
51,552,487,26,1223,20,510,54,8,48,3,28,9,74,321858,8,31681,62,1,96,6081,6
51,602,487,68,1223,37,511,03,8,43,3,29,9,72,321216,1,31676,35,1,62,6076,3
51,652,488,10,1223,53,511,51,8,38,3,30,9,71,320567,0,31671,09,1,27,6071,1
51,702,488,52,1223,70,512,00,8,33,3,32,9,70,320029,9,31665,83,1,00,6065,8
51,752,488,93,1223,86,512,48,8,31,3,33,9,68,319922,0,31660,59,1,01,6060,6
51,802,489,35,1224,03,512,97,8,36,3,34,9,67,320335,0,31655,34,1,32,6055,3
51,852,489,77,1224,20,513,45,8,41,3,35,9,65,320893,7,31650,09,1,70,6050,1
51,902,490,19,1224,36,513,93,8,46,3,37,9,64,321443,1,31644,82,2,07,6044,8
51,952,490,61,1224,53,514,41,8,50,3,38,9,62,321943,5,31639,54,2,40,6039,5
52,002,491,04,1224,70,514,89,8,54,3,40,9,61,322387,6,31634,26,2,70,6034,3
52,052,491,47,1224,87,515,37,8,59,3,42,9,59,322776,6,31628,97,2,96,6029,0
52,102,491,90,1225,04,515,85,8,63,3,44,9,58,323111,4,31623,68,3,20,6023,7
52,152,492,33,1225,22,516,33,8,68,3,46,9,56,323392,0,31618,38,3,39,6018,4
52,202,492,77,1225,39,516,81,8,72,3,47,9,55,323619,7,31613,08,3,56,6013,1
52,252,493,20,1225,56,517,29,8,77,3,49,9,53,323796,8,31607,77,3,70,6007,8
52,302,493,64,1225,74,517,76,8,81,3,51,9,52,323926,4,31602,46,3,81,6002,5
52,352,494,09,1225,92,518,24,8,86,3,53,9,50,324012,1,31597,15,3,89,5997,1
52,402,494,53,1226,09,518,71,8,90,3,55,9,48,324058,1,31591,83,3,96,5991,8
52,452,494,98,1226,27,519,19,8,94,3,57,9,47,324068,8,31586,52,4,00,5986,5
52,502,495,42,1226,45,519,66,8,99,3,60,9,45,324048,5,31581,21,4,02,5981,2
52,552,495,87,1226,63,520,13,9,03,3,62,9,43,324002,1,31575,90,4,04,5975,9
52,602,496,33,1226,81,520,60,9,07,3,64,9,41,323934,9,31570,58,4,03,5970,6
52,652,496,78,1226,99,521,07,9,11,3,66,9,39,323852,5,31565,28,4,03,5965,3
52,702,497,24,1227,18,521,54,9,14,3,68,9,36,323761,7,31559,97,4,01,5960,0
52,752,497,70,1227,36,522,01,9,18,3,70,9,34,323670,1,31554,66,4,00,5954,7
52,802,498,16,1227,55,522,48,9,22,3,72,9,32,323584,6,31549,35,3,99,5949,4
52,852,498,62,1227,73,522,94,9,26,3,74,9,34,323514,7,31544,05,3,99,5944,1
52,902,499,08,1227,92,523,41,9,30,3,76,9,36,323448,5,31538,75,3,98,5938,7
52,952,499,55,1228,11,523,88,9,35,3,78,9,38,323372,2,31533,45,3,97,5933,4
53,002,500,02,1228,30,524,35,9,39,3,80,9,40,323276,5,31528,14,3,95,5928,1
53,052,500,49,1228,49,524,82,9,43,3,82,9,41,323153,4,31522,85,3,91,5922,8
53,102,500,96,1228,68,525,29,9,48,3,84,9,43,322996,5,31517,55,3,85,5917,5
53,152,501,43,1228,87,525,76,9,52,3,86,9,45,322800,5,31512,26,3,77,5912,3
53,202,501,91,1229,07,526,23,9,57,3,88,9,47,322560,8,31506,96,3,66,5907,0
53,252,502,39,1229,26,526,71,9,61,3,90,9,48,322274,2,31501,68,3,53,5901,7
53,302,502,87,1229,46,527,18,9,66,3,92,9,50,321938,3,31496,40,3,36,5896,4
53,352,503,36,1229,65,527,66,9,71,3,93,9,51,321551,8,31491,13,3,17,5891,1
53,402,503,84,1229,85,528,13,9,75,3,95,9,53,321114,7,31485,86,2,94,5885,9
53,452,504,33,1230,05,528,61,9,79,3,97,9,54,320629,9,31480,60,2,69,5880,6
53,502,504,82,1230,25,529,09,9,84,3,99,9,55,320101,7,31475,35,2,41,5875,3
53,552,505,32,1230,45,529,57,9,88,4,00,9,57,319536,4,31470,10,2,10,5870,1
53,602,505,81,1230,65,530,04,9,93,4,02,9,58,318952,4,31464,87,1,78,5864,9
53,652,506,31,1230,85,530,52,9,97,4,03,9,59,318400,7,31459,65,1,48,5859,6
53,702,506,81,1231,05,531,00,10,02,4,04,9,60,318014,3,31454,43,1,30,5854,4
53,752,507,31,1231,25,531,48,10,00,4,05,9,62,318005,0,31449,21,1,36,5849,2
53,802,507,81,1231,46,531,96,9,95,4,07,9,63,318310,7,31444,00,1,60,5844,0
53,852,508,31,1231,66,532,45,9,91,4,08,9,65,318722,7,31438,78,1,90,5838,8
53,902,508,80,1231,86,532,93,9,86,4,10,9,67,319139,9,31433,55,2,19,5833,5
53,952,509,29,1232,07,533,41,9,82,4,11,9,69,319525,4,31428,31,2,46,5828,3
54,002,509,78,1232,28,533,90,9,78,4,13,9,70,319867,0,31423,07,2,71,5823,1
54,052,510,27,1232,48,534,38,9,73,4,14,9,72,320160,9,31417,82,2,92,5817,8
54,102,510,75,1232,69,534,87,9,69,4,16,9,75,320404,6,31412,57,3,11,5812,6
54,152,511,24,1232,90,535,36,9,65,4,18,9,77,320599,5,31407,32,3,26,5807,3
54,202,511,72,1233,11,535,85,9,60,4,20,9,79,320749,6,31402,06,3,39,5802,1
54,252,512,20,1233,32,536,34,9,56,4,21,9,81,320861,8,31396,80,3,50,5796,8
54,302,512,67,1233,53,536,83,9,51,4,23,9,83,320945,5,31391,54,3,59,5791,5
54,352,513,15,1233,74,537,32,9,47,4,25,9,85,321012,5,31386,28,3,67,5786,3
54,402,513,62,1233,95,537,81,9,43,4,27,9,84,321069,3,31381,01,3,75,5781,0
54,452,514,09,1234,17,538,30,9,38,4,29,9,82,321115,6,31375,75,3,82,5775,8
54,502,514,56,1234,38,538,79,9,34,4,31,9,80,321147,9,31370,49,3,89,5770,5
54,552,515,03,1234,60,539,28,9,30,4,33,9,77,321163,4,31365,22,3,94,5765,2
54,602,515,49,1234,82,539,77,9,26,4,35,9,75,321160,8,31359,96,3,99,5760,0
54,652,515,95,1235,03,540,26,9,22,4,37,9,73,321140,7,31354,70,4,02,5754,7
54,702,516,41,1235,25,540,74,9,18,4,39,9,71,321104,0,31349,43,4,05,5749,4
54,752,516,87,1235,47,541,23,9,14,4,41,9,69,321051,2,31344,17,4,06,5744,2
54,803,517,33,1235,69,541,71,9,10,4,43,9,67,320980,4,31338,90,4,07,5738,9
54,853,517,78,1235,92,542,20,9,06,4,45,9,66,320889,5,31333,64,4,06,5733,6
54,903,518,23,1236,14,542,68,9,02,4,47,9,64,320776,5,31328,38,4,04,5728,4
54,953,518,68,1236,36,543,16,8,98,4,49,9,62,320638,7,31323,13,4,01,5723,1
55,003,519,13,1236,59,543,64,8,94,4,51,9,61,320473,3,31317,87,3,96,5717,9
55,053,519,58,1236,81,544,12,8,89,4,53,9,59,320277,4,31312,62,3,89,5712,6
55,103,520,02,1237,04,544,60,8,85,4,54,9,58,320047,6,31307,37,3,80,5707,4
55,153,520,46,1237,27,545,08,8,80,4,56,9,56,319780,2,31302,13,3,68,5702,1
55,203,520,90,1237,50,545,56,8,76,4,58,9,55,319471,4,31296,88,3,55,5696,9
55,253,521,34,1237,72,546,03,8,71,4,60,9,53,319116,9,31291,65,3,38,5691,7
55,303,521,77,1237,96,546,51,8,67,4,61,9,52,318713,7,31286,42,3,19,5686,4
55,353,522,20,1238,19,546,99,8,62,4,63,9,50,318258,7,31281,20,2,96,5681,2
55,403,522,63,1238,42,547,46,8,58,4,65,9,49,317750,4,31275,99,2,70,5676,0
55,453,523,06,1238,65,547,94,8,54,4,66,9,47,317188,2,31270,79,2,40,5670,8
55,503,523,49,1238,88,548,41,8,50,4,68,9,45,316570,1,31265,59,2,07,5665,6
55,553,523,91,1239,12,548,88,8,45,4,69,9,43,315896,7,31260,41,1,70,5660,4
55,603,524,33,1239,35,549,35,8,41,4,70,9,41,315182,0,31255,23,1,30,5655,2
55,653,524,75,1239,59,549,82,8,36,4,71,9,40,314496,6,31250,07,0,92,5650,1
55,703,525,17,1239,82,550,29,8,35,4,72,9,38,314132,2,31244,92,0,77,5644,9
55,753,525,59,1240,06,550,76,8,40,4,73,9,36,314351,3,31239,77,0,97,5639,8
55,803,526,01,1240,30,551,23,8,44,4,74,9,34,314813,6,31234,61,1,31,5634,6
55,853,526,43,1240,54,551,69,8,48,4,76,9,32,315315,8,31229,45,1,66,5629,4
55,903,526,86,1240,77,552,16,8,52,4,77,9,30,315807,5,31224,27,2,00,5624,3
55,953,527,29,1241,01,552,62,8,56,4,78,9,32,316282,7,31219,09,2,33,5619,1
56,003,527,72,1241,25,553,09,8,60,4,80,9,34,316719,3,31213,90,2,63,5613,9
56,053,528,15,1241,49,553,56,8,65,4,81,9,36,317104,5,31208,71,2,89,5608,7
56,103,528,58,1241,73,554,03,8,69,4,83,9,38,317433,4,31203,50,3,12,5603,5
56,153,529,02,1241,97,554,50,8,73,4,84,9,39,317705,7,31198,30,3,31,5598,3
56,203,529,45,1242,22,554,97,8,78,4,86,9,41,317923,8,31193,09,3,48,5593,1
56,253,529,89,1242,46,555,44,8,82,4,88,9,43,318091,3,31187,87,3,61,5587,9
56,303,530,34,1242,70,555,91,8,86,4,90,9,45,318213,2,31182,66,3,71,5582,7
56,353,530,78,1242,95,556,38,8,91,4,91,9,46,318294,7,31177,44,3,80,5577,4
56,403,531,23,1243,20,556,86,8,95,4,93,9,48,318341,1,31172,22,3,86,5572,2
56,453,531,67,1243,44,557,33,8,99,4,95,9,50,318357,7,31167,00,3,90,5567,0
56,503,532,12,1243,69,557,81,9,03,4,97,9,51,318349,4,31161,78,3,93,5561,8
56,553,532,58,1243,94,558,28,9,06,4,99,9,52,318320,6,31156,56,3,95,5556,6
56,603,533,03,1244,19,558,76,9,10,5,01,9,54,318275,2,31151,34,3,96,5551,3
56,653,533,49,1244,44,559,23,9,14,5,02,9,55,318216,4,31146,12,3,96,5546,1
56,703,533,94,1244,69,559,71,9,18,5,04,9,56,318146,3,31140,91,3,96,5540,9
56,753,534,40,1244,94,560,19,9,21,5,06,9,57,318062,8,31135,69,3,94,5535,7
56,803,534,87,1245,20,560,67,9,25,5,08,9,59,317963,3,31130,48,3,92,5530,5
56,853,535,33,1245,45,561,15,9,29,5,10,9,60,317843,9,31125,27,3,89,5525,3
56,903,535,80,1245,71,561,63,9,33,5,12,9,62,317700,8,31120,06,3,84,5520,1
56,953,536,26,1245,96,562,11,9,37,5,14,9,63,317529,4,31114,85,3,77,5514,9
57,003,536,73,1246,22,562,59,9,41,5,15,9,65,317324,9,31109,65,3,68,5509,6
57,053,537,20,1246,48,563,08,9,45,5,17,9,67,317082,9,31104,45,3,57,5504,4
57,103,537,68,1246,74,563,56,9,50,5,19,9,69,316798,8,31099,25,3,44,5499,3
57,153,538,15,1247,00,564,05,9,54,5,20,9,71,316468,6,31094,06,3,27,5494,1
57,203,538,63,1247,26,564,53,9,58,5,22,9,72,316089,9,31088,88,3,08,5488,9
57,253,539,11,1247,52,565,02,9,63,5,24,9,74,315661,8,31083,70,2,85,5483,7
57,303,539,59,1247,78,565,51,9,67,5,25,9,76,315186,7,31078,53,2,60,5478,5
57,353,540,08,1248,05,565,99,9,71,5,26,9,78,314672,6,31073,36,2,32,5473,4
57,403,540,57,1248,31,566,48,9,75,5,28,9,77,314131,7,31068,21,2,02,5468,2
57,453,541,05,1248,57,566,97,9,79,5,29,9,75,313573,8,31063,06,1,72,5463,1
57,503,541,54,1248,84,567,46,9,83,5,30,9,73,313004,3,31057,93,1,40,5457,9
57,553,542,04,1249,10,567,94,9,87,5,31,9,71,312452,0,31052,80,1,10,5452,8
57,603,542,53,1249,37,568,43,9,91,5,32,9,69,312025,8,31047,68,0,88,5447,7
57,653,543,03,1249,64,568,91,9,92,5,33,9,67,311978,2,31042,57,0,92,5442,6
57,703,543,52,1249,90,569,40,9,88,5,34,9,66,312337,0,31037,45,1,21,5437,5
57,753,544,01,1250,17,569,88,9,84,5,35,9,64,312812,9,31032,33,1,56,5432,3
57,803,544,51,1250,44,570,36,9,80,5,37,9,62,313279,0,31027,20,1,89,5427,2
57,853,544,99,1250,71,570,84,9,76,5,38,9,61,313702,1,31022,06,2,20,5422,1
57,903,545,48,1250,98,571,32,9,72,5,39,9,59,314075,6,31016,91,2,47,5416,9
57,953,545,97,1251,25,571,80,9,68,5,41,9,58,314398,2,31011,76,2,71,5411,8
58,003,546,45,1251,52,572,28,9,64,5,42,9,56,314668,9,31006,60,2,92,5406,6
58,053,546,93,1251,79,572,76,9,60,5,44,9,55,314889,5,31001,44,3,10,5401,4
58,103,547,41,1252,06,573,23,9,55,5,45,9,53,315062,6,30996,28,3,25,5396,3
58,153,547,89,1252,33,573,71,9,51,5,47,9,52,315191,6,30991,11,3,37,5391,1
58,203,548,36,1252,61,574,19,9,47,5,49,9,51,315280,4,30985,94,3,47,5385,9
58,253,548,83,1252,88,574,66,9,43,5,50,9,50,315332,4,30980,77,3,54,5380,8
58,303,549,30,1253,16,575,14,9,39,5,52,9,48,315351,0,30975,60,3,60,5375,6
58,353,549,77,1253,43,575,61,9,35,5,54,9,47,315339,6,30970,43,3,64,5370,4
58,403,550,24,1253,71,576,08,9,31,5,55,9,45,315301,5,30965,26,3,66,5365,3
58,453,550,70,1253,99,576,55,9,27,5,57,9,43,315239,8,30960,09,3,67,5360,1
58,503,551,17,1254,27,577,03,9,24,5,59,9,42,315157,1,30954,92,3,67,5354,9
58,553,551,63,1254,55,577,50,9,20,5,60,9,40,315055,9,30949,76,3,66,5349,8
58,603,552,09,1254,83,577,97,9,17,5,62,9,38,314938,8,30944,59,3,63,5344,6
58,653,552,54,1255,11,578,43,9,13,5,64,9,36,314807,4,30939,43,3,60,5339,4
58,703,553,00,1255,39,578,90,9,10,5,65,9,34,314661,2,30934,27,3,56,5334,3
58,753,553,45,1255,68,579,37,9,06,5,67,9,32,314500,7,30929,12,3,51,5329,1
58,803,553,90,1255,96,579,83,9,02,5,69,9,30,314327,3,30923,96,3,45,5324,0
58,853,554,35,1256,24,580,30,8,98,5,70,9,28,314144,7,30918,81,3,39,5318,8
58,903,554,80,1256,53,580,76,8,94,5,72,9,28,313960,8,30913,66,3,32,5313,7
58,953,555,25,1256,82,581,23,8,90,5,73,9,30,313776,6,30908,52,3,26,5308,5
59,003,555,69,1257,10,581,69,8,86,5,75,9,32,313577,1,30903,37,3,18,5303,4
59,053,556,14,1257,39,582,16,8,82,5,76,9,34,313351,7,30898,23,3,08,5298,2
59,103,556,58,1257,68,582,63,8,78,5,78,9,36,313092,6,30893,10,2,97,5293,1
59,153,557,01,1257,97,583,09,8,74,5,79,9,38,312794,0,30887,97,2,83,5288,0
59,203,557,45,1258,26,583,56,8,70,5,81,9,40,312452,5,30882,84,2,66,5282,8
59,253,557,88,1258,55,584,03,8,66,5,82,9,41,312066,6,30877,72,2,46,5277,7
59,303,558,32,1258,84,584,50,8,63,5,83,9,43,311638,3,30872,61,2,24,5272,6
59,353,558,75,1259,13,584,98,8,59,5,84,9,44,311172,8,30867,51,1,99,5267,5
59,403,559,18,1259,43,585,45,8,55,5,86,9,46,310679,8,30862,41,1,72,5262,4
59,454,559,60,1259,72,585,92,8,51,5,87,9,47,310180,7,30857,32,1,45,5257,3
59,504,560,03,1260,01,586,40,8,48,5,88,9,49,309732,0,30852,24,1,21,5252,2
59,554,560,45,1260,31,586,87,8,44,5,89,9,50,309465,9,30847,17,1,11,5247,2
59,604,560,87,1260,60,587,35,8,48,5,90,9,51,309541,9,30842,09,1,21,5242,1
59,654,561,30,1260,90,587,82,8,51,5,91,9,52,309831,7,30837,02,1,44,5237,0
59,704,561,72,1261,19,588,30,8,55,5,92,9,53,310188,1,30831,94,1,71,5231,9
59,754,562,15,1261,49,588,77,8,59,5,93,9,54,310545,5,30826,85,1,97,5226,8
59,804,562,58,1261,78,589,25,8,62,5,94,9,55,310878,4,30821,75,2,21,5221,8
59,854,563,01,1262,08,589,73,8,66,5,95,9,56,311175,8,30816,65,2,43,5216,7
59,904,563,45,1262,38,590,21,8,70,5,97,9,57,311430,8,30811,55,2,63,5211,5
59,954,563,88,1262,68,590,69,8,73,5,98,9,58,311641,0,30806,44,2,79,5206,4
60,004,564,32,1262,98,591,17,8,77,5,99,9,60,311806,2,30801,33,2,93,5201,3
60,054,564,76,1263,28,591,65,8,81,6,01,9,61,311927,8,30796,22,3,03,5196,2
60,104,565,20,1263,58,592,13,8,85,6,02,9,63,312008,4,30791,10,3,12,5191,1
60,154,565,65,1263,88,592,61,8,89,6,04,9,64,312051,3,30785,99,3,18,5186,0
60,204,566,09,1264,18,593,09,8,93,6,05,9,66,312061,0,30780,87,3,22,5180,9
60,254,566,54,1264,48,593,58,8,96,6,07,9,67,312042,2,30775,75,3,24,5175,8
60,304,566,99,1264,79,594,06,9,00,6,08,9,69,312001,1,30770,63,3,26,5170,6
60,354,567,44,1265,09,594,54,9,03,6,10,9,71,311944,8,30765,52,3,26,5165,5
60,404,567,89,1265,40,595,03,9,07,6,11,9,73,311881,8,30760,41,3,26,5160,4
60,454,568,35,1265,70,595,52,9,10,6,13,9,73,311820,1,30755,30,3,26,5155,3
60,504,568,80,1266,01,596,00,9,13,6,14,9,71,311763,3,30750,19,3,27,5150,2
60,554,569,26,1266,32,596,49,9,16,6,16,9,69,311708,9,30745,07,3,27,5145,1
60,604,569,72,1266,63,596,97,9,19,6,17,9,67,311649,2,30739,96,3,28,5140,0
60,654,570,18,1266,93,597,45,9,23,6,19,9,65,311577,7,30734,86,3,27,5134,9
60,704,570,64,1267,24,597,94,9,26,6,20,9,64,311488,8,30729,75,3,26,5129,7
60,754,571,10,1267,55,598,42,9,29,6,22,9,62,311378,1,30724,64,3,23,5124,6
60,804,571,57,1267,87,598,90,9,33,6,23,9,60,311241,4,30719,54,3,19,5119,5
60,854,572,04,1268,18,599,38,9,37,6,24,9,59,311074,9,30714,44,3,12,5114,4
60,904,572,51,1268,49,599,86,9,40,6,26,9,57,310875,4,30709,34,3,04,5109,3
60,954,572,98,1268,80,600,34,9,44,6,27,9,56,310639,6,30704,25,2,93,5104,2
61,004,573,45,1269,12,600,81,9,48,6,29,9,55,310364,6,30699,16,2,80,5099,2
61,054,573,92,1269,43,601,29,9,52,6,30,9,54,310048,2,30694,07,2,64,5094,1
61,104,574,40,1269,75,601,77,9,55,6,31,9,52,309689,0,30688,99,2,46,5089,0
61,154,574,88,1270,06,602,24,9,59,6,32,9,51,309286,6,30683,92,2,24,5083,9
61,204,575,36,1270,38,602,72,9,62,6,34,9,50,308841,8,30678,85,2,00,5078,9
61,254,575,84,1270,70,603,19,9,66,6,35,9,49,308358,4,30673,79,1,73,5073,8
61,304,576,33,1271,01,603,67,9,69,6,36,9,48,307843,9,30668,74,1,44,5068,7
61,354,576,81,1271,33,604,14,9,72,6,37,9,47,307317,8,30663,70,1,15,5063,7
61,404,577,30,1271,65,604,61,9,76,6,38,9,45,306841,8,30658,66,0,89,5058,7
61,454,577,79,1271,97,605,09,9,77,6,38,9,44,306595,2,30653,64,0,79,5053,6
61,504,578,27,1272,29,605,56,9,74,6,39,9,43,306715,8,30648,61,0,94,5048,6
61,554,578,76,1272,61,606,03,9,70,6,40,9,42,307018,5,30643,58,1,18,5043,6
61,604,579,24,1272,93,606,50,9,67,6,41,9,41,307357,2,30638,54,1,45,5038,5
61,654,579,73,1273,25,606,97,9,64,6,42,9,40,307681,8,30633,50,1,70,5033,5
61,704,580,21,1273,57,607,44,9,60,6,43,9,38,307975,3,30628,45,1,93,5028,5
61,754,580,69,1273,89,607,91,9,56,6,44,9,37,308231,5,30623,40,2,14,5023,4
61,804,581,16,1274,22,608,38,9,53,6,45,9,35,308450,2,30618,35,2,32,5018,3
61,854,581,64,1274,54,608,84,9,49,6,47,9,34,308634,8,30613,29,2,48,5013,3
61,904,582,11,1274,86,609,31,9,45,6,48,9,36,308795,7,30608,23,2,63,5008,2
61,954,582,59,1275,19,609,78,9,42,6,49,9,37,308927,0,30603,16,2,75,5003,2
62,004,583,06,1275,51,610,25,9,38,6,50,9,38,309026,2,30598,10,2,85,4998,1
62,054,583,52,1275,84,610,72,9,35,6,52,9,40,309093,8,30593,03,2,94,4993,0
62,104,583,99,1276,16,611,19,9,31,6,53,9,41,309131,8,30587,96,3,00,4988,0
62,154,584,45,1276,49,611,66,9,28,6,54,9,42,309143,4,30582,89,3,05,4982,9
62,204,584,92,1276,82,612,13,9,24,6,56,9,44,309131,8,30577,83,3,09,4977,8
62,254,585,38,1277,14,612,60,9,21,6,57,9,45,309100,6,30572,76,3,12,4972,8
62,304,585,84,1277,47,613,08,9,18,6,58,9,46,309052,8,30567,69,3,13,4967,7
62,354,586,30,1277,80,613,55,9,15,6,60,9,47,308991,7,30562,62,3,14,4962,6
62,404,586,75,1278,13,614,02,9,12,6,61,9,48,308919,4,30557,56,3,14,4957,6
62,454,587,21,1278,46,614,50,9,09,6,63,9,48,308835,4,30552,50,3,13,4952,5
62,504,587,66,1278,80,614,97,9,06,6,64,9,49,308738,2,30547,43,3,11,4947,4
62,554,588,11,1279,13,615,45,9,02,6,65,9,50,308624,9,30542,37,3,09,4942,4
62,604,588,56,1279,46,615,92,8,99,6,67,9,51,308492,5,30537,31,3,05,4937,3
62,654,589,01,1279,79,616,40,8,96,6,68,9,52,308337,3,30532,26,2,99,4932,3
62,704,589,46,1280,13,616,87,8,92,6,69,9,53,308155,4,30527,20,2,92,4927,2
62,754,589,91,1280,46,617,35,8,89,6,71,9,54,307943,0,30522,15,2,84,4922,2
62,804,590,35,1280,80,617,83,8,85,6,72,9,55,307696,3,30517,11,2,72,4917,1
62,854,590,79,1281,14,618,31,8,81,6,73,9,57,307411,5,30512,07,2,59,4912,1
62,904,591,23,1281,47,618,78,8,78,6,74,9,58,307085,9,30507,03,2,43,4907,0
62,954,591,67,1281,81,619,26,8,74,6,75,9,59,306717,8,30502,00,2,23,4902,0
63,004,592,11,1282,15,619,74,8,71,6,76,9,61,306307,1,30496,97,2,02,4897,0
63,054,592,54,1282,49,620,22,8,67,6,77,9,62,305857,5,30491,96,1,77,4892,0
63,104,592,97,1282,83,620,70,8,64,6,78,9,62,305376,3,30486,95,1,50,4886,9
63,154,593,40,1283,16,621,19,8,61,6,79,9,61,304871,0,30481,94,1,22,4881,9
63,204,593,83,1283,50,621,67,8,58,6,80,9,59,304354,5,30476,95,0,93,4877,0
63,254,594,26,1283,84,622,14,8,54,6,81,9,58,303872,6,30471,96,0,66,4872,0
63,304,594,69,1284,19,622,62,8,51,6,81,9,57,303606,0,30466,99,0,56,4867,0
63,354,595,11,1284,53,623,10,8,54,6,82,9,56,303793,9,30462,01,0,75,4862,0
63,404,595,54,1284,87,623,58,8,57,6,83,9,55,304181,7,30457,02,1,05,4857,0
63,454,595,97,1285,21,624,06,8,60,6,83,9,53,304582,6,30452,03,1,35,4852,0
63,504,596,40,1285,55,624,53,8,63,6,84,9,52,304953,5,30447,04,1,63,4847,0
63,554,596,83,1285,89,625,01,8,66,6,85,9,51,305284,4,30442,04,1,88,4842,0
63,604,597,27,1286,24,625,48,8,69,6,86,9,50,305570,7,30437,03,2,11,4837,0
63,654,597,70,1286,58,625,96,8,73,6,87,9,48,305811,6,30432,02,2,30,4832,0
63,704,598,14,1286,92,626,43,8,76,6,88,9,47,306008,4,30427,00,2,46,4827,0
63,754,598,58,1287,27,626,91,8,80,6,89,9,46,306163,4,30421,98,2,59,4822,0
63,804,599,02,1287,61,627,38,8,83,6,91,9,45,306279,5,30416,96,2,71,4817,0
63,854,599,46,1287,96,627,85,8,86,6,92,9,44,306359,9,30411,94,2,80,4811,9
63,904,599,91,1288,30,628,32,8,90,6,93,9,43,306407,6,30406,92,2,86,4806,9
63,954,600,35,1288,65,628,79,8,93,6,94,9,42,306426,0,30401,89,2,91,4801,9
64,004,600,80,1289,00,629,26,8,96,6,95,9,40,306418,1,30396,87,2,95,4796,9
64,054,601,25,1289,35,629,73,8,99,6,97,9,39,306387,1,30391,84,2,97,4791,8
64,104,601,70,1289,70,630,20,9,02,6,98,9,38,306336,3,30386,82,2,98,4786,8
64,154,602,15,1290,04,630,67,9,05,6,99,9,36,306268,1,30381,80,2,98,4781,8
64,204,602,60,1290,39,631,14,9,08,7,00,9,35,306185,6,30376,78,2,97,4776,8
64,254,603,06,1290,74,631,61,9,11,7,02,9,33,306091,8,30371,76,2,95,4771,8
64,304,603,51,1291,10,632,07,9,14,7,03,9,31,305988,1,30366,74,2,92,4766,7
64,354,603,97,1291,45,632,54,9,16,7,04,9,30,305875,5,30361,73,2,89,4761,7
64,404,604,43,1291,80,633,00,9,19,7,05,9,28,305755,5,30356,71,2,86,4756,7
64,454,604,89,1292,15,633,47,9,22,7,06,9,26,305632,0,30351,70,2,82,4751,7
64,504,605,35,1292,51,633,93,9,26,7,08,9,27,305511,5,30346,69,2,79,4746,7
64,554,605,82,1292,86,634,39,9,29,7,09,9,29,305382,3,30341,68,2,74,4741,7
64,604,606,28,1293,21,634,86,9,32,7,10,9,31,305234,1,30336,68,2,69,4736,7
64,654,606,75,1293,57,635,32,9,36,7,11,9,32,305059,0,30331,68,2,61,4731,7
64,704,607,22,1293,93,635,79,9,39,7,12,9,34,304851,9,30326,68,2,52,4726,7
64,754,607,69,1294,28,636,26,9,43,7,13,9,35,304608,5,30321,68,2,40,4721,7
64,804,608,16,1294,64,636,72,9,46,7,14,9,36,304326,8,30316,69,2,25,4716,7
64,854,608,63,1295,00,637,19,9,50,7,15,9,38,304006,4,30311,70,2,08,4711,7
64,904,609,11,1295,35,637,66,9,53,7,16,9,39,303649,2,30306,72,1,89,4706,7
64,954,609,59,1295,71,638,13,9,56,7,17,9,40,303261,7,30301,75,1,68,4701,7
65,004,610,07,1296,07,638,60,9,59,7,18,9,41,302857,0,30296,78,1,45,4696,8
65,054,610,55,1296,43,639,07,9,62,7,18,9,42,302461,7,30291,82,1,23,4691,8
65,104,611,03,1296,79,639,54,9,65,7,19,9,43,302130,7,30286,86,1,06,4686,9
65,154,611,51,1297,15,640,02,9,68,7,20,9,44,301972,5,30281,91,1,01,4681,9
65,204,611,99,1297,51,640,49,9,64,7,21,9,45,302058,3,30276,96,1,13,4677,0
65,254,612,48,1297,87,640,96,9,61,7,21,9,46,302289,3,30272,01,1,33,4672,0
65,304,612,96,1298,23,641,43,9,58,7,22,9,47,302566,6,30267,05,1,56,4667,0
65,354,613,43,1298,59,641,91,9,55,7,23,9,48,302843,1,30262,09,1,78,4662,1
65,404,613,91,1298,95,642,38,9,52,7,24,9,49,303097,0,30257,12,1,99,4657,1
65,454,614,39,1299,32,642,86,9,49,7,25,9,50,303317,2,30252,15,2,17,4652,1
65,504,614,86,1299,68,643,33,9,45,7,26,9,52,303499,1,30247,17,2,33,4647,2
65,554,615,33,1300,04,643,81,9,42,7,27,9,53,303641,5,30242,20,2,46,4642,2
65,604,615,80,1300,40,644,29,9,39,7,28,9,55,303744,5,30237,22,2,57,4637,2
65,654,616,27,1300,77,644,76,9,35,7,29,9,56,303810,3,30232,24,2,65,4632,2
65,704,616,74,1301,13,645,24,9,32,7,30,9,58,303841,6,30227,26,2,72,4627,3
65,754,617,20,1301,50,645,72,9,29,7,31,9,59,303841,8,30222,28,2,76,4622,3
65,803,617,67,1301,86,646,20,9,25,7,32,9,61,303815,7,30217,29,2,79,4617,3
65,853,618,13,1302,23,646,68,9,22,7,33,9,63,303768,0,30212,31,2,80,4612,3
65,903,618,59,1302,60,647,16,9,19,7,34,9,64,303705,1,30207,33,2,80,4607,3
65,953,619,05,1302,96,647,65,9,17,7,35,9,66,303634,4,30202,36,2,80,4602,4
66,003,619,50,1303,33,648,13,9,14,7,36,9,68,303565,1,30197,38,2,80,4597,4
66,053,619,96,1303,70,648,61,9,11,7,37,9,68,303505,3,30192,40,2,81,4592,4
66,103,620,42,1304,07,649,10,9,08,7,38,9,66,303453,4,30187,43,2,82,4587,4
66,153,620,87,1304,44,649,58,9,05,7,40,9,64,303402,6,30182,45,2,84,4582,5
66,203,621,32,1304,81,650,06,9,02,7,41,9,62,303344,1,30177,48,2,85,4577,5
66,253,621,77,1305,18,650,54,8,99,7,42,9,61,303271,0,30172,51,2,85,4572,5
66,303,622,22,1305,55,651,02,8,96,7,43,9,59,303178,1,30167,54,2,84,4567,5
66,353,622,67,1305,92,651,50,8,93,7,44,9,57,303060,9,30162,57,2,81,4562,6
66,403,623,11,1306,29,651,98,8,89,7,45,9,56,302916,0,30157,60,2,76,4557,6
66,453,623,56,1306,67,652,46,8,86,7,46,9,54,302740,4,30152,63,2,70,4552,6
66,503,624,00,1307,04,652,93,8,82,7,47,9,53,302531,7,30147,67,2,61,4547,7
66,553,624,44,1307,41,653,41,8,79,7,48,9,52,302288,1,30142,71,2,50,4542,7
66,603,624,88,1307,79,653,89,8,76,7,49,9,50,302008,7,30137,76,2,36,4537,8
66,653,625,31,1308,16,654,36,8,72,7,50,9,49,301693,9,30132,81,2,21,4532,8
66,703,625,75,1308,54,654,83,8,69,7,50,9,48,301345,5,30127,87,2,03,4527,9
66,753,626,18,1308,91,655,31,8,66,7,51,9,47,300968,6,30122,93,1,83,4522,9
66,803,626,61,1309,29,655,78,8,62,7,52,9,46,300573,3,30118,00,1,61,4518,0
66,853,627,05,1309,67,656,25,8,60,7,53,9,45,300178,5,30113,08,1,40,4513,1
66,903,627,47,1310,04,656,73,8,57,7,53,9,43,299819,4,30108,16,1,21,4508,2
66,953,627,90,1310,42,657,20,8,54,7,54,9,42,299567,3,30103,25,1,10,4503,2
67,003,628,33,1310,80,657,67,8,55,7,55,9,41,299524,7,30098,34,1,13,4498,3
67,053,628,76,1311,17,658,14,8,58,7,55,9,40,299662,9,30093,43,1,27,4493,4
67,103,629,19,1311,55,658,61,8,60,7,56,9,38,299879,2,30088,51,1,46,4488,5
67,153,629,62,1311,93,659,08,8,63,7,56,9,37,300114,7,30083,59,1,66,4483,6
67,203,630,05,1312,31,659,54,8,66,7,57,9,35,300339,4,30078,67,1,85,4478,7
67,253,630,48,1312,69,660,01,8,69,7,58,9,34,300537,5,30073,74,2,02,4473,7
67,303,630,92,1313,07,660,48,8,73,7,59,9,32,300702,1,30068,82,2,16,4468,8
67,353,631,36,1313,44,660,94,8,76,7,60,9,30,300830,3,30063,88,2,28,4463,9
67,403,631,79,1313,82,661,41,8,79,7,60,9,28,300923,6,30058,95,2,38,4459,0
67,453,632,24,1314,21,661,87,8,82,7,61,9,27,300985,0,30054,02,2,46,4454,0
67,503,632,68,1314,59,662,34,8,85,7,62,9,25,301020,3,30049,08,2,53,4449,1
67,553,633,12,1314,97,662,80,8,89,7,63,9,23,301037,2,30044,15,2,58,4444,1
67,602,633,57,1315,35,663,26,8,92,7,64,9,21,301045,7,30039,21,2,63,4439,2
67,652,634,01,1315,73,663,72,8,95,7,65,9,21,301059,7,30034,27,2,67,4434,3
67,702,634,46,1316,11,664,18,8,98,7,66,9,23,301078,3,30029,34,2,73,4429,3
67,752,634,91,1316,50,664,64,9,00,7,67,9,25,301092,2,30024,40,2,77,4424,4
67,802,635,36,1316,88,665,10,9,03,7,68,9,27,301096,9,30019,46,2,81,4419,5
67,852,635,81,1317,27,665,57,9,06,7,69,9,28,301090,3,30014,53,2,85,4414,5
67,902,636,27,1317,65,666,03,9,09,7,70,9,30,301071,4,30009,59,2,87,4409,6
67,952,636,72,1318,03,666,50,9,11,7,71,9,32,301038,0,30004,65,2,89,4404,7
68,002,637,18,1318,42,666,96,9,14,7,72,9,33,300987,9,29999,72,2,89,4399,7
68,052,637,64,1318,81,667,43,9,17,7,73,9,35,300918,5,29994,79,2,89,4394,8
68,102,638,10,1319,19,667,90,9,20,7,74,9,36,300828,0,29989,85,2,87,4389,9
68,152,638,56,1319,58,668,37,9,23,7,75,9,38,300714,1,29984,92,2,83,4384,9
68,202,639,02,1319,97,668,84,9,26,7,76,9,39,300574,7,29979,99,2,78,4380,0
68,252,639,48,1320,36,669,31,9,29,7,77,9,40,300407,7,29975,07,2,71,4375,1
68,302,639,95,1320,74,669,78,9,33,7,77,9,41,300210,9,29970,14,2,62,4370,1
68,352,640,41,1321,13,670,25,9,36,7,78,9,42,299982,4,29965,22,2,51,4365,2
68,402,640,88,1321,52,670,72,9,39,7,79,9,43,299720,8,29960,31,2,38,4360,3
68,452,641,35,1321,91,671,19,9,43,7,80,9,44,299425,0,29955,40,2,22,4355,4
68,502,641,83,1322,30,671,66,9,46,7,81,9,46,299094,3,29950,49,2,04,4350,5
68,552,642,30,1322,69,672,14,9,49,7,81,9,47,298731,0,29945,59,1,84,4345,6
68,602,642,78,1323,08,672,61,9,52,7,82,9,48,298340,4,29940,70,1,62,4340,7
68,652,643,25,1323,47,673,08,9,55,7,83,9,49,297935,2,29935,81,1,39,4335,8
68,702,643,73,1323,87,673,56,9,57,7,83,9,51,297542,1,29930,93,1,17,4330,9
68,752,644,21,1324,26,674,04,9,60,7,84,9,52,297220,0,29926,05,1,00,4326,1
68,802,644,69,1324,65,674,51,9,60,7,84,9,53,297078,4,29921,18,0,96,4321,2
68,852,645,17,1325,04,674,99,9,57,7,85,9,55,297145,3,29916,31,1,06,4316,3
68,902,645,65,1325,43,675,47,9,55,7,85,9,56,297324,4,29911,44,1,23,4311,4
68,952,646,12,1325,83,675,95,9,52,7,86,9,58,297542,3,29906,56,1,42,4306,6
69,002,646,60,1326,22,676,43,9,49,7,86,9,60,297762,0,29901,68,1,61,4301,7
69,052,647,07,1326,61,676,91,9,46,7,87,9,61,297966,9,29896,80,1,79,4296,8
69,102,647,54,1327,01,677,39,9,42,7,88,9,63,298152,0,29891,91,1,95,4291,9
69,152,648,02,1327,40,677,87,9,39,7,88,9,65,298319,3,29887,02,2,11,4287,0
69,202,648,48,1327,80,678,35,9,36,7,89,9,65,298473,8,29882,13,2,25,4282,1
69,252,648,95,1328,19,678,83,9,33,7,90,9,63,298611,7,29877,24,2,39,4277,2
69,302,649,42,1328,59,679,31,9,29,7,91,9,61,298727,7,29872,34,2,51,4272,3
69,352,649,88,1328,98,679,79,9,26,7,91,9,60,298817,1,29867,44,2,61,4267,4
69,402,650,34,1329,38,680,27,9,23,7,92,9,58,298879,1,29862,54,2,70,4262,5
69,451,650,80,1329,77,680,75,9,20,7,93,9,56,298914,6,29857,64,2,77,4257,6
69,501,651,26,1330,17,681,23,9,17,7,94,9,55,298925,6,29852,74,2,82,4252,7
69,551,651,72,1330,57,681,71,9,14,7,95,9,53,298914,9,29847,84,2,86,4247,8
69,601,652,18,1330,97,682,18,9,11,7,96,9,51,298885,3,29842,93,2,89,4242,9
69,651,652,63,1331,36,682,66,9,08,7,97,9,50,298839,8,29838,04,2,90,4238,0
69,701,653,08,1331,76,683,13,9,05,7,98,9,49,298780,9,29833,14,2,91,4233,1
69,751,653,54,1332,16,683,61,9,03,7,99,9,47,298709,0,29828,24,2,91,4228,2
69,801,653,99,1332,56,684,08,9,00,7,99,9,46,298622,9,29823,34,2,90,4223,3
69,851,654,44,1332,96,684,55,8,97,8,00,9,45,298521,2,29818,45,2,88,4218,4
69,901,654,88,1333,36,685,03,8,94,8,01,9,44,298402,0,29813,56,2,85,4213,6
69,951,655,33,1333,76,685,50,8,91,8,02,9,42,298263,0,29808,66,2,81,4208,7
70,001,655,77,1334,16,685,97,8,88,8,03,9,41,298100,5,29803,78,2,75,4203,8
70,051,656,22,1334,56,686,44,8,84,8,04,9,40,297911,4,29798,89,2,67,4198,9
70,101,656,66,1334,97,686,91,8,81,8,04,9,39,297691,8,29794,01,2,58,4194,0
70,151,657,10,1335,37,687,38,8,78,8,05,9,37,297438,2,29789,13,2,46,4189,1
70,201,657,54,1335,77,687,84,8,74,8,06,9,36,297147,1,29784,26,2,31,4184,3
70,251,657,97,1336,17,688,31,8,71,8,07,9,34,296815,3,29779,39,2,14,4179,4
70,301,658,41,1336,58,688,78,8,68,8,07,9,33,296440,3,29774,53,1,93,4174,5
70,351,658,84,1336,98,689,25,8,65,8,08,9,31,296020,1,29769,67,1,70,4169,7
70,401,659,27,1337,39,689,71,8,62,8,08,9,30,295554,3,29764,82,1,43,4164,8
70,451,659,70,1337,79,690,17,8,59,8,09,9,28,295044,4,29759,98,1,13,4160,0
70,501,660,13,1338,19,690,64,8,56,8,09,9,27,294495,4,29755,15,0,80,4155,1
70,551,660,56,1338,60,691,10,8,53,8,09,9,25,293933,7,29750,33,0,46,4150,3
70,601,660,98,1339,00,691,56,8,53,8,10,9,24,293587,8,29745,51,0,30,4145,5
70,651,661,41,1339,41,692,03,8,55,8,10,9,23,293844,8,29740,70,0,55,4140,7
70,701,661,84,1339,81,692,49,8,58,8,10,9,23,294263,3,29735,88,0,88,4135,9
70,751,662,27,1340,22,692,95,8,61,8,10,9,24,294678,1,29731,05,1,20,4131,0
70,801,662,70,1340,62,693,41,8,63,8,11,9,25,295053,8,29726,21,1,49,4126,2
70,851,663,13,1341,03,693,87,8,66,8,11,9,27,295381,8,29721,37,1,75,4121,4
70,901,663,57,1341,44,694,34,8,70,8,12,9,28,295660,2,29716,53,1,97,4116,5
70,951,664,00,1341,84,694,80,8,73,8,12,9,30,295890,3,29711,68,2,16,4111,7
71,001,664,44,1342,25,695,27,8,76,8,13,9,31,296074,6,29706,82,2,31,4106,8
71,051,664,88,1342,65,695,73,8,79,8,14,9,33,296216,4,29701,97,2,44,4102,0
71,101,665,32,1343,06,696,20,8,82,8,14,9,34,296319,8,29697,11,2,55,4097,1
71,151,665,76,1343,47,696,67,8,85,8,15,9,35,296388,8,29692,25,2,63,4092,3
71,201,666,20,1343,88,697,14,8,88,8,16,9,36,296427,8,29687,39,2,69,4087,4
71,250,666,65,1344,28,697,60,8,91,8,17,9,37,296441,1,29682,53,2,74,4082,5
71,300,667,10,1344,69,698,07,8,94,8,17,9,39,296432,5,29677,67,2,77,4077,7
71,350,667,54,1345,10,698,54,8,97,8,18,9,40,296405,5,29672,81,2,79,4072,8
71,400,667,99,1345,51,699,01,9,00,8,19,9,41,296363,6,29667,96,2,80,4068,0
71,450,668,44,1345,92,699,48,9,02,8,20,9,42,296309,2,29663,10,2,80,4063,1
71,500,668,89,1346,33,699,95,9,05,8,21,9,43,296244,1,29658,24,2,80,4058,2
71,550,669,35,1346,74,700,43,9,07,8,21,9,44,296167,9,29653,38,2,79,4053,4
71,600,669,80,1347,15,700,90,9,10,8,22,9,45,296078,2,29648,53,2,77,4048,5
71,650,670,26,1347,56,701,37,9,13,8,23,9,46,295972,4,29643,68,2,74,4043,7
71,700,670,71,1347,98,701,84,9,16,8,24,9,47,295847,4,29638,82,2,70,4038,8
71,750,671,17,1348,39,702,32,9,18,8,24,9,49,295699,9,29633,98,2,64,4034,0
71,800,671,63,1348,80,702,79,9,21,8,25,9,50,295526,4,29629,13,2,56,4029,1
71,850,672,09,1349,21,703,27,9,25,8,26,9,51,295323,6,29624,29,2,46,4024,3
71,900,672,56,1349,63,703,74,9,28,8,26,9,53,295088,5,29619,45,2,34,4019,4
71,950,673,02,1350,04,704,22,9,31,8,27,9,54,294819,0,29614,61,2,20,4014,6
72,000,673,49,1350,45,704,70,9,34,8,27,9,56,294514,4,29609,78,2,04,4009,8
72,050,673,96,1350,87,705,18,9,37,8,28,9,57,294176,5,29604,96,1,85,4005,0
72,100,674,43,1351,28,705,66,9,40,8,28,9,59,293811,8,29600,14,1,64,4000,1
72,150,674,90,1351,69,706,13,9,43,8,29,9,58,293430,0,29595,32,1,42,3995,3
72,200,675,37,1352,11,706,61,9,46,8,29,9,56,293040,3,29590,52,1,20,3990,5
72,250,675,84,1352,52,707,09,9,48,8,29,9,54,292653,1,29585,71,0,98,3985,7
72,300,676,32,1352,94,707,57,9,51,8,30,9,53,292300,9,29580,92,0,78,3980,9
72,350,676,79,1353,35,708,04,9,53,8,30,9,52,292065,8,29576,13,0,67,3976,1
72,400,677,27,1353,77,708,52,9,54,8,30,9,50,292073,9,29571,34,0,74,3971,3
72,450,677,75,1354,18,708,99,9,51,8,30,9,49,292294,0,29566,55,0,95,3966,6
72,500,678,22,1354,60,709,47,9,48,8,31,9,48,292578,8,29561,76,1,19,3961,8
72,550,678,69,1355,01,709,94,9,46,8,31,9,46,292862,3,29556,96,1,43,3957,0
72,600,679,17,1355,43,710,41,9,43,8,32,9,45,293120,3,29552,16,1,65,3952,2
72,650,679,64,1355,85,710,89,9,40,8,32,9,44,293344,0,29547,35,1,85,3947,3
72,700,680,11,1356,26,711,36,9,37,8,32,9,42,293530,4,29542,54,2,02,3942,5
72,750,680,57,1356,68,711,83,9,34,8,33,9,41,293679,5,29537,72,2,16,3937,7
72,800,681,04,1357,09,712,30,9,31,8,34,9,40,293793,2,29532,91,2,28,3932,9
72,850,681,50,1357,51,712,77,9,27,8,34,9,39,293873,5,29528,09,2,38,3928,1
72,900,681,97,1357,93,713,24,9,24,8,35,9,38,293923,9,29523,27,2,46,3923,3
72,950,682,43,1358,35,713,71,9,21,8,35,9,37,293947,4,29518,45,2,52,3918,5
73,000,682,89,1358,76,714,17,9,19,8,36,9,36,293946,7,29513,63,2,56,3913,6
73,049,683,35,1359,18,714,64,9,16,8,37,9,35,293923,9,29508,81,2,59,3908,8
73,099,683,80,1359,60,715,11,9,13,8,37,9,33,293881,8,29504,00,2,61,3904,0
73,149,684,26,1360,02,715,58,9,10,8,38,9,32,293822,2,29499,18,2,62,3899,2
73,199,684,71,1360,44,716,04,9,08,8,38,9,31,293747,0,29494,36,2,61,3894,4
73,249,685,17,1360,86,716,51,9,05,8,39,9,29,293657,8,29489,55,2,60,3889,5
73,299,685,62,1361,28,716,97,9,03,8,40,9,28,293555,7,29484,73,2,58,3884,7
73,349,686,07,1361,70,717,43,9,00,8,40,9,26,293439,8,29479,92,2,55,3879,9
73,399,686,52,1362,12,717,90,8,98,8,41,9,25,293309,0,29475,11,2,51,3875,1
73,449,686,97,1362,54,718,36,8,95,8,42,9,23,293162,3,29470,31,2,46,3870,3
73,499,687,42,1362,96,718,82,8,92,8,42,9,22,292999,5,29465,50,2,39,3865,5
73,549,687,86,1363,38,719,28,8,89,8,43,9,20,292822,0,29460,70,2,32,3860,7
73,599,688,30,1363,80,719,74,8,86,8,43,9,18,292633,3,29455,90,2,24,3855,9
73,649,688,75,1364,22,720,20,8,83,8,44,9,19,292441,5,29451,11,2,16,3851,1
73,699,689,19,1364,65,720,66,8,81,8,44,9,20,292246,3,29446,31,2,07,3846,3
73,749,689,63,1365,07,721,12,8,78,8,44,9,22,292036,6,29441,52,1,97,3841,5
73,799,690,07,1365,49,721,58,8,75,8,45,9,23,291805,7,29436,74,1,86,3836,7
73,849,690,50,1365,91,722,04,8,72,8,45,9,25,291549,4,29431,96,1,73,3832,0
73,899,690,94,1366,34,722,51,8,69,8,46,9,26,291266,5,29427,18,1,58,3827,2
73,949,691,37,1366,76,722,97,8,66,8,46,9,28,290960,4,29422,41,1,41,3822,4
73,999,691,80,1367,18,723,43,8,63,8,46,9,29,290640,8,29417,64,1,24,3817,6
74,049,692,23,1367,60,723,90,8,61,8,46,9,30,290329,1,29412,88,1,07,3812,9
74,099,692,66,1368,03,724,36,8,59,8,47,9,31,290068,8,29408,12,0,94,3808,1
74,149,693,09,1368,45,724,83,8,56,8,47,9,32,289933,4,29403,37,0,90,3803,4
74,199,693,52,1368,88,725,30,8,59,8,47,9,33,289988,0,29398,61,0,99,3798,6
74,249,693,95,1369,30,725,76,8,61,8,47,9,34,290160,8,29393,86,1,15,3793,9
74,299,694,38,1369,72,726,23,8,63,8,47,9,35,290376,0,29389,10,1,34,3789,1
74,349,694,82,1370,15,726,70,8,66,8,48,9,36,290593,3,29384,34,1,53,3784,3
74,399,695,25,1370,57,727,17,8,69,8,48,9,37,290793,1,29379,57,1,70,3779,6
74,449,695,68,1370,99,727,64,8,71,8,48,9,38,290966,8,29374,80,1,86,3774,8
74,499,696,12,1371,42,728,11,8,74,8,49,9,39,291110,8,29370,03,1,99,3770,0
74,549,696,56,1371,84,728,58,8,77,8,49,9,40,291224,1,29365,26,2,11,3765,3
74,599,697,00,1372,27,729,05,8,80,8,49,9,41,291306,9,29360,48,2,20,3760,5
74,649,697,44,1372,69,729,52,8,83,8,50,9,42,291360,6,29355,71,2,27,3755,7
74,699,697,88,1373,12,729,99,8,86,8,50,9,43,291387,1,29350,93,2,33,3750,9
74,749,698,32,1373,54,730,46,8,88,8,51,9,44,291388,3,29346,15,2,37,3746,2
74,799,698,77,1373,97,730,93,8,91,8,51,9,45,291366,6,29341,37,2,39,3741,4
74,849,699,21,1374,39,731,40,8,93,8,52,9,46,291324,4,29336,60,2,40,3736,6
74,898,699,66,1374,82,731,88,8,96,8,52,9,48,291264,3,29331,82,2,40,3731,8
74,948,700,11,1375,25,732,35,8,98,8,53,9,49,291188,5,29327,05,2,39,3727,0
74,998,700,56,1375,67,732,83,9,00,8,53,9,51,291100,3,29322,27,2,37,3722,3
75,048,701,01,1376,10,733,30,9,03,8,54,9,52,291003,2,29317,50,2,34,3717,5
75,098,701,46,1376,53,733,78,9,05,8,54,9,54,290899,8,29312,73,2,31,3712,7
75,148,701,92,1376,95,734,26,9,07,8,55,9,55,290793,2,29307,96,2,28,3708,0
75,198,702,37,1377,38,734,73,9,10,8,55,9,56,290687,8,29303,20,2,25,3703,2
75,248,702,83,1377,81,735,21,9,12,8,56,9,55,290583,2,29298,43,2,22,3698,4
75,298,703,28,1378,24,735,69,9,15,8,56,9,53,290476,8,29293,67,2,19,3693,7
75,348,703,74,1378,66,736,16,9,17,8,56,9,51,290359,8,29288,91,2,15,3688,9
75,398,704,20,1379,09,736,64,9,20,8,57,9,50,290225,0,29284,15,2,10,3684,2
75,448,704,66,1379,52,737,11,9,23,8,57,9,48,290067,2,29279,39,2,03,3679,4
75,498,705,12,1379,95,737,59,9,25,8,57,9,47,289882,5,29274,64,1,95,3674,6
75,548,705,59,1380,38,738,06,9,28,8,58,9,45,289668,4,29269,89,1,84,3669,9
75,598,706,05,1380,81,738,53,9,31,8,58,9,44,289424,1,29265,14,1,71,3665,1
75,648,706,52,1381,24,739,01,9,34,8,58,9,43,289150,6,29260,40,1,57,3660,4
75,698,706,98,1381,67,739,48,9,36,8,59,9,42,288852,1,29255,66,1,40,3655,7
75,748,707,45,1382,10,739,95,9,39,8,59,9,41,288538,1,29250,93,1,22,3650,9
75,798,707,92,1382,53,740,42,9,41,8,59,9,40,288228,6,29246,20,1,05,3646,2
75,848,708,39,1382,95,740,89,9,43,8,59,9,39,287964,5,29241,48,0,92,3641,5
75,898,708,87,1383,38,741,36,9,45,8,59,9,38,287816,2,29236,76,0,87,3636,8
75,948,709,34,1383,81,741,82,9,43,8,59,9,37,287835,3,29232,04,0,94,3632,0
75,998,709,81,1384,24,742,29,9,40,8,59,9,36,287968,6,29227,32,1,08,3627,3
76,048,710,28,1384,67,742,76,9,38,8,59,9,35,288145,8,29222,60,1,25,3622,6
76,098,710,75,1385,10,743,23,9,35,8,60,9,34,288327,0,29217,87,1,42,3617,9
76,148,711,21,1385,53,743,69,9,33,8,60,9,33,288493,0,29213,14,1,58,3613,1
76,198,711,68,1385,96,744,16,9,30,8,60,9,32,288634,2,29208,41,1,72,3608,4
76,248,712,14,1386,39,744,63,9,27,8,60,9,31,288746,7,29203,68,1,84,3603,7
76,298,712,61,1386,82,745,09,9,25,8,61,9,30,288829,3,29198,95,1,94,3598,9
76,348,713,07,1387,25,745,56,9,22,8,61,9,29,288882,3,29194,21,2,02,3594,2
76,398,713,53,1387,68,746,02,9,19,8,61,9,28,288907,5,29189,47,2,08,3589,5
76,448,713,99,1388,11,746,49,9,16,8,62,9,27,288906,5,29184,74,2,13,3584,7
76,498,714,44,1388,55,746,95,9,14,8,62,9,26,288882,2,29180,00,2,16,3580,0
76,548,714,90,1388,98,747,41,9,11,8,62,9,25,288836,8,29175,27,2,17,3575,3
76,598,715,36,1389,41,747,87,9,09,8,63,9,23,288773,8,29170,53,2,17,3570,5
76,648,715,81,1389,84,748,33,9,07,8,63,9,22,288696,6,29165,80,2,17,3565,8
76,697,716,26,1390,27,748,80,9,04,8,63,9,20,288609,6,29161,07,2,15,3561,1
76,747,716,71,1390,70,749,26,9,02,8,64,9,19,288518,1,29156,34,2,14,3556,3
76,797,717,17,1391,13,749,71,9,00,8,64,9,18,288428,8,29151,61,2,12,3551,6
76,847,717,61,1391,57,750,17,8,98,8,64,9,18,288349,8,29146,88,2,11,3546,9
76,897,718,06,1392,00,750,63,8,96,8,65,9,20,288276,7,29142,15,2,11,3542,2
76,947,718,51,1392,43,751,09,8,93,8,65,9,21,288199,6,29137,43,2,10,3537,4
76,997,718,96,1392,86,751,55,8,91,8,65,9,22,288112,4,29132,70,2,08,3532,7
77,047,719,40,1393,30,752,02,8,88,8,66,9,24,288009,4,29127,98,2,05,3528,0
77,097,719,84,1393,73,752,48,8,86,8,66,9,25,287886,4,29123,26,2,01,3523,3
77,147,720,29,1394,16,752,94,8,83,8,66,9,26,287740,2,29118,54,1,95,3518,5
77,197,720,73,1394,60,753,40,8,81,8,66,9,27,287568,3,29113,82,1,88,3513,8
77,247,721,17,1395,03,753,87,8,78,8,67,9,28,287368,5,29109,11,1,78,3509,1
77,297,721,61,1395,46,754,33,8,75,8,67,9,29,287139,7,29104,40,1,67,3504,4
77,347,722,04,1395,90,754,80,8,73,8,67,9,30,286882,3,29099,70,1,53,3499,7
77,397,722,48,1396,33,755,26,8,70,8,67,9,31,286597,8,29095,00,1,38,3495,0
77,447,722,91,1396,76,755,73,8,68,8,67,9,32,286292,0,29090,30,1,21,3490,3
77,497,723,35,1397,20,756,19,8,65,8,67,9,33,285976,8,29085,61,1,03,3485,6
77,547,723,78,1397,63,756,66,8,63,8,67,9,33,285678,0,29080,93,0,86,3480,9
77,597,724,21,1398,06,757,13,8,61,8,67,9,34,285451,1,29076,24,0,76,3476,2
77,647,724,64,1398,50,757,60,8,62,8,67,9,35,285381,5,29071,57,0,76,3471,6
77,697,725,07,1398,93,758,06,8,64,8,67,9,35,285470,5,29066,89,0,87,3466,9
77,747,725,50,1399,36,758,53,8,66,8,67,9,36,285633,9,29062,21,1,03,3462,2
77,797,725,94,1399,80,759,00,8,68,8,67,9,37,285815,4,29057,52,1,20,3457,5
77,847,726,37,1400,23,759,47,8,70,8,67,9,37,285987,5,29052,83,1,36,3452,8
77,897,726,81,1400,66,759,94,8,73,8,67,9,38,286138,1,29048,14,1,50,3448,1
77,947,727,24,1401,10,760,41,8,75,8,67,9,39,286262,2,29043,45,1,63,3443,5
77,997,727,68,1401,53,760,87,8,78,8,67,9,40,286357,6,29038,76,1,73,3438,8
78,047,728,12,1401,96,761,34,8,80,8,68,9,40,286424,7,29034,06,1,81,3434,1
78,097,728,56,1402,40,761,82,8,83,8,68,9,41,286464,7,29029,37,1,88,3429,4
78,147,729,01,1402,83,762,29,8,85,8,68,9,42,286479,5,29024,67,1,93,3424,7
78,197,729,45,1403,26,762,76,8,87,8,68,9,43,286471,9,29019,97,1,96,3420,0
78,247,729,89,1403,70,763,23,8,90,8,68,9,44,286444,4,29015,27,1,98,3415,3
78,297,730,34,1404,13,763,70,8,92,8,69,9,46,286400,8,29010,58,1,99,3410,6
78,347,730,78,1404,57,764,17,8,94,8,69,9,47,286345,0,29005,88,1,99,3405,9
78,397,731,23,1405,00,764,65,8,96,8,69,9,48,286282,0,29001,19,1,98,3401,2
78,447,731,68,1405,44,765,12,8,98,8,69,9,49,286218,0,28996,50,1,98,3396,5
78,497,732,13,1405,87,765,60,9,00,8,70,9,48,286156,3,28991,80,1,98,3391,8
78,546,732,58,1406,31,766,07,9,02,8,70,9,46,286096,8,28987,12,1,98,3387,1
78,596,733,03,1406,74,766,54,9,04,8,70,9,45,286034,1,28982,43,1,98,3382,4
78,646,733,48,1407,18,767,02,9,06,8,70,9,44,285962,7,28977,74,1,97,3377,7
78,696,733,94,1407,61,767,49,9,08,8,70,9,43,285878,7,28973,05,1,95,3373,0
78,746,734,39,1408,05,767,96,9,10,8,71,9,42,285778,7,28968,36,1,92,3368,4
78,796,734,85,1408,48,768,43,9,13,8,71,9,41,285659,9,28963,68,1,88,3363,7
78,846,735,30,1408,92,768,90,9,15,8,71,9,40,285519,5,28959,00,1,82,3359,0
78,896,735,76,1409,35,769,37,9,17,8,71,9,39,285355,5,28954,32,1,75,3354,3
78,946,736,22,1409,79,769,84,9,20,8,71,9,38,285165,7,28949,64,1,66,3349,6
78,996,736,68,1410,23,770,31,9,22,8,71,9,37,284948,9,28944,97,1,55,3345,0
79,046,737,14,1410,66,770,77,9,24,8,71,9,36,284704,3,28940,30,1,41,3340,3
79,096,737,61,1411,10,771,24,9,27,8,71,9,35,284432,5,28935,63,1,26,3335,6
79,146,738,07,1411,53,771,71,9,29,8,71,9,35,284137,1,28930,97,1,09,3331,0
79,196,738,54,1411,97,772,18,9,31,8,71,9,34,283825,7,28926,32,0,91,3326,3
79,246,739,00,1412,40,772,64,9,33,8,71,9,33,283520,0,28921,67,0,74,3321,7
79,296,739,47,1412,84,773,11,9,35,8,71,9,33,283270,2,28917,02,0,61,3317,0
79,346,739,94,1413,28,773,58,9,35,8,71,9,32,283173,8,28912,38,0,60,3312,4
79,396,740,40,1413,71,774,04,9,33,8,71,9,32,283256,6,28907,74,0,71,3307,7
79,446,740,87,1414,15,774,51,9,31,8,71,9,31,283421,8,28903,09,0,88,3303,1
79,496,741,34,1414,58,774,97,9,29,8,71,9,30,283602,7,28898,44,1,05,3298,4
79,546,741,80,1415,02,775,44,9,27,8,71,9,30,283770,5,28893,79,1,21,3293,8
79,596,742,26,1415,45,775,90,9,24,8,71,9,29,283914,2,28889,14,1,36,3289,1
79,646,742,72,1415,89,776,37,9,22,8,71,9,28,284030,0,28884,48,1,48,3284,5
79,696,743,18,1416,33,776,83,9,19,8,71,9,28,284116,6,28879,82,1,59,3279,8
79,746,743,64,1416,76,777,30,9,17,8,71,9,27,284175,4,28875,17,1,67,3275,2
79,796,744,10,1417,20,777,76,9,15,8,71,9,26,284207,9,28870,51,1,74,3270,5
79,846,744,56,1417,63,778,22,9,12,8,71,9,25,284217,0,28865,85,1,79,3265,8
79,896,745,01,1418,07,778,68,9,10,8,71,9,24,284205,7,28861,19,1,82,3261,2
79,946,745,47,1418,51,779,15,9,08,8,71,9,23,284178,0,28856,53,1,85,3256,5
79,996,745,92,1418,94,779,61,9,05,8,71,9,22,284138,4,28851,87,1,87,3251,9
80,046,746,37,1419,38,780,07,9,03,8,71,9,21,284093,1,28847,21,1,88,3247,2
80,096,746,82,1419,81,780,53,9,01,8,71,9,22,284048,6,28842,56,1,89,3242,6
80,146,747,27,1420,25,780,99,8,99,8,71,9,23,284000,8,28837,90,1,90,3237,9
80,196,747,72,1420,68,781,45,8,97,8,72,9,24,283948,4,28833,25,1,91,3233,2
80,246,748,17,1421,12,781,91,8,96,8,72,9,25,283889,2,28828,59,1,91,3228,6
80,296,748,62,1421,56,782,38,8,93,8,72,9,26,283820,5,28823,94,1,90,3223,9
80,345,749,07,1421,99,782,84,8,91,8,72,9,27,283740,1,28819,29,1,89,3219,3
80,395,749,51,1422,43,783,30,8,89,8,72,9,28,283645,8,28814,63,1,87,3214,6
80,445,749,95,1422,86,783,77,8,87,8,72,9,28,283535,4,28809,99,1,83,3210,0
80,495,750,40,1423,30,784,23,8,85,8,72,9,29,283406,6,28805,34,1,79,3205,3
80,545,750,84,1423,73,784,70,8,83,8,72,9,30,283257,7,28800,69,1,72,3200,7
80,595,751,28,1424,17,785,16,8,80,8,72,9,30,283086,0,28796,05,1,65,3196,1
80,645,751,72,1424,61,785,63,8,78,8,72,9,31,282889,8,28791,41,1,55,3191,4
80,695,752,16,1425,04,786,09,8,75,8,72,9,31,282667,2,28786,78,1,43,3186,8
80,745,752,59,1425,48,786,56,8,73,8,72,9,32,282417,0,28782,14,1,30,3182,1
80,795,753,03,1425,91,787,02,8,71,8,72,9,32,282138,0,28777,52,1,14,3177,5
80,845,753,47,1426,35,787,49,8,68,8,72,9,33,281831,4,28772,89,0,97,3172,9
80,895,753,90,1426,79,787,96,8,66,8,72,9,33,281500,7,28768,28,0,77,3168,3
80,945,754,33,1427,22,788,42,8,64,8,71,9,34,281159,2,28763,66,0,57,3163,7
80,995,754,76,1427,66,788,89,8,62,8,71,9,34,280854,4,28759,06,0,40,3159,1
81,045,755,19,1428,09,789,36,8,62,8,71,9,35,280737,6,28754,46,0,37,3154,5
81,095,755,63,1428,53,789,83,8,64,8,71,9,35,280864,6,28749,85,0,52,3149,9
81,145,756,06,1428,96,790,29,8,66,8,70,9,36,281066,3,28745,25,0,70,3145,2
81,195,756,49,1429,40,790,76,8,68,8,70,9,36,281266,9,28740,64,0,89,3140,6
81,245,756,93,1429,83,791,23,8,70,8,70,9,37,281446,1,28736,02,1,06,3136,0
81,295,757,36,1430,27,791,70,8,72,8,70,9,37,281598,8,28731,41,1,20,3131,4
81,345,757,80,1430,70,792,17,8,75,8,70,9,38,281724,4,28726,79,1,33,3126,8
81,395,758,24,1431,14,792,64,8,77,8,70,9,38,281824,7,28722,17,1,44,3122,2
81,445,758,68,1431,57,793,11,8,79,8,70,9,38,281900,7,28717,55,1,53,3117,6
81,495,759,12,1432,01,793,57,8,81,8,70,9,37,281955,0,28712,93,1,61,3112,9
81,545,759,56,1432,44,794,04,8,83,8,70,9,36,281988,0,28708,30,1,67,3108,3
81,595,760,00,1432,88,794,51,8,86,8,69,9,35,282001,9,28703,68,1,72,3103,7
81,645,760,44,1433,31,794,98,8,88,8,70,9,35,281998,2,28699,06,1,76,3099,1
81,695,760,89,1433,74,795,45,8,90,8,70,9,34,281979,2,28694,43,1,78,3094,4
81,745,761,33,1434,18,795,91,8,91,8,70,9,33,281947,4,28689,81,1,80,3089,8
81,795,761,78,1434,61,796,38,8,93,8,70,9,33,281904,6,28685,19,1,81,3085,2
81,845,762,23,1435,05,796,84,8,95,8,70,9,32,281852,9,28680,57,1,82,3080,6
81,895,762,67,1435,48,797,31,8,97,8,70,9,32,281793,7,28675,95,1,82,3075,9
81,945,763,12,1435,92,797,78,8,99,8,70,9,31,281726,9,28671,33,1,81,3071,3
81,995,763,57,1436,35,798,24,9,00,8,70,9,31,281651,0,28666,71,1,80,3066,7
82,045,764,02,1436,79,798,71,9,02,8,70,9,30,281564,1,28662,09,1,77,3062,1
82,095,764,47,1437,22,799,17,9,04,8,70,9,30,281464,3,28657,48,1,74,3057,5
82,144,764,93,1437,66,799,64,9,06,8,70,9,29,281349,3,28652,87,1,70,3052,9
82,194,765,38,1438,09,800,10,9,08,8,70,9,29,281217,0,28648,25,1,65,3048,3
82,244,765,84,1438,52,800,57,9,11,8,69,9,28,281064,7,28643,65,1,58,3043,6
82,294,766,29,1438,96,801,03,9,13,8,69,9,27,280890,3,28639,04,1,50,3039,0
82,344,766,75,1439,39,801,49,9,15,8,69,9,27,280692,3,28634,44,1,39,3034,4
82,394,767,21,1439,83,801,96,9,17,8,69,9,26,280469,3,28629,84,1,27,3029,8
82,444,767,67,1440,26,802,42,9,19,8,69,9,25,280222,6,28625,24,1,14,3025,2
82,494,768,13,1440,70,802,88,9,21,8,69,9,26,279953,4,28620,65,0,98,3020,6
82,544,768,59,1441,13,803,35,9,24,8,69,9,27,279659,2,28616,06,0,81,3016,1
82,594,769,05,1441,57,803,81,9,25,8,68,9,27,279343,6,28611,48,0,61,3011,5
82,644,769,51,1442,00,804,27,9,27,8,68,9,27,279023,1,28606,90,0,42,3006,9
82,694,769,98,1442,43,804,74,9,29,8,68,9,28,278771,5,28602,33,0,29,3002,3
82,744,770,44,1442,87,805,20,9,29,8,67,9,28,278784,8,28597,76,0,36,2997,8
82,794,770,90,1443,30,805,66,9,27,8,67,9,29,278983,1,28593,19,0,56,2993,2
82,844,771,37,1443,73,806,13,9,25,8,67,9,29,279201,1,28588,61,0,76,2988,6
82,894,771,83,1444,17,806,59,9,23,8,66,9,30,279400,4,28584,03,0,94,2984,0
82,944,772,29,1444,60,807,06,9,21,8,66,9,30,279571,4,28579,45,1,11,2979,5
82,994,772,75,1445,03,807,52,9,18,8,66,9,31,279712,6,28574,87,1,25,2974,9
83,044,773,21,1445,47,807,99,9,16,8,66,9,31,279824,1,28570,28,1,37,2970,3
83,094,773,67,1445,90,808,46,9,14,8,66,9,32,279907,6,28565,69,1,47,2965,7
83,144,774,12,1446,33,808,92,9,12,8,65,9,32,279965,4,28561,10,1,56,2961,1
83,194,774,58,1446,77,809,39,9,09,8,65,9,33,279999,7,28556,51,1,62,2956,5
83,244,775,03,1447,20,809,85,9,07,8,65,9,33,280013,0,28551,92,1,67,2951,9
83,294,775,49,1447,63,810,32,9,05,8,65,9,34,280007,9,28547,33,1,71,2947,3
83,344,775,94,1448,06,810,79,9,03,8,65,9,34,279986,5,28542,74,1,74,2942,7
83,394,776,39,1448,49,811,26,9,01,8,65,9,35,279950,8,28538,15,1,75,2938,2
83,444,776,84,1448,93,811,72,8,99,8,65,9,36,279903,0,28533,56,1,76,2933,6
83,494,777,29,1449,36,812,19,8,97,8,65,9,36,279845,1,28528,98,1,76,2929,0
83,544,777,74,1449,79,812,66,8,96,8,65,9,37,279779,0,28524,39,1,76,2924,4
83,594,778,18,1450,22,813,13,8,94,8,65,9,38,279706,0,28519,80,1,75,2919,8
83,644,778,63,1450,66,813,60,8,92,8,65,9,39,279626,3,28515,22,1,74,2915,2
83,694,779,08,1451,09,814,07,8,90,8,64,9,40,279540,0,28510,63,1,72,2910,6
83,744,779,52,1451,52,814,54,8,88,8,64,9,41,279448,1,28506,05,1,69,2906,1
83,794,779,96,1451,95,815,01,8,86,8,64,9,40,279348,9,28501,47,1,67,2901,5
83,844,780,41,1452,38,815,48,8,84,8,64,9,39,279239,5,28496,89,1,63,2896,9
83,894,780,85,1452,82,815,95,8,82,8,64,9,38,279115,9,28492,32,1,59,2892,3
83,944,781,29,1453,25,816,42,8,80,8,64,9,37,278974,3,28487,74,1,53,2887,7
83,993,781,73,1453,68,816,88,8,78,8,64,9,36,278811,7,28483,17,1,46,2883,2
84,043,782,17,1454,11,817,35,8,75,8,63,9,36,278626,0,28478,60,1,37,2878,6
84,093,782,60,1454,54,817,82,8,73,8,63,9,35,278415,5,28474,03,1,26,2874,0
84,143,783,04,1454,98,818,29,8,71,8,63,9,34,278180,5,28469,47,1,13,2869,5
84,193,783,47,1455,41,818,75,8,69,8,63,9,34,277922,5,28464,91,0,99,2864,9
84,243,783,91,1455,84,819,22,8,66,8,62,9,33,277647,0,28460,36,0,83,2860,4
84,293,784,34,1456,27,819,69,8,64,8,62,9,33,277368,9,28455,81,0,67,2855,8
84,343,784,77,1456,70,820,15,8,63,8,62,9,32,277125,3,28451,27,0,54,2851,3
84,393,785,20,1457,13,820,62,8,61,8,61,9,32,276999,1,28446,72,0,51,2846,7
84,443,785,63,1457,56,821,08,8,63,8,61,9,31,277053,9,28442,18,0,60,2842,2
84,493,786,07,1457,99,821,55,8,65,8,60,9,31,277201,0,28437,64,0,75,2837,6
84,543,786,50,1458,42,822,02,8,67,8,60,9,30,277368,3,28433,09,0,91,2833,1
84,593,786,93,1458,85,822,48,8,69,8,60,9,29,277525,8,28428,54,1,07,2828,5
84,643,787,37,1459,28,822,94,8,71,8,59,9,29,277662,8,28423,99,1,20,2824,0
84,693,787,80,1459,71,823,41,8,73,8,59,9,28,277775,3,28419,44,1,32,2819,4
84,743,788,24,1460,14,823,87,8,75,8,59,9,27,277862,5,28414,88,1,42,2814,9
84,793,788,68,1460,57,824,34,8,77,8,59,9,27,277924,6,28410,33,1,51,2810,3
84,843,789,12,1461,00,824,80,8,79,8,58,9,26,277963,4,28405,77,1,57,2805,8
84,893,789,56,1461,43,825,26,8,81,8,58,9,25,277980,8,28401,21,1,62,2801,2
84,943,790,00,1461,86,825,72,8,83,8,58,9,24,277978,3,28396,66,1,66,2796,7
84,993,790,44,1462,29,826,19,8,85,8,58,9,23,277958,7,28392,10,1,69,2792,1
85,043,790,88,1462,72,826,65,8,87,8,58,9,22,277923,8,28387,54,1,70,2787,5
85,093,791,33,1463,14,827,11,8,89,8,58,9,21,277875,9,28382,99,1,71,2783,0
85,143,791,77,1463,57,827,57,8,90,8,57,9,20,277817,5,28378,43,1,71,2778,4
85,193,792,22,1464,00,828,03,8,92,8,57,9,19,277751,0,28373,88,1,70,2773,9
85,243,792,66,1464,43,828,49,8,94,8,57,9,18,277679,8,28369,33,1,69,2769,3
85,293,793,11,1464,86,828,95,8,95,8,57,9,17,277606,4,28364,77,1,68,2764,8
85,343,793,56,1465,29,829,41,8,97,8,57,9,16,277533,2,28360,22,1,67,2760,2
85,393,794,01,1465,71,829,86,8,99,8,56,9,17,277464,2,28355,67,1,66,2755,7
85,443,794,46,1466,14,830,32,9,01,8,56,9,18,277390,3,28351,13,1,64,2751,1
85,493,794,91,1466,57,830,78,9,03,8,56,9,19,277306,4,28346,58,1,62,2746,6
85,543,795,36,1467,00,831,24,9,05,8,56,9,20,277208,2,28342,03,1,58,2742,0
85,593,795,81,1467,43,831,70,9,07,8,56,9,21,277092,3,28337,49,1,54,2737,5
85,643,796,27,1467,86,832,16,9,09,8,55,9,22,276956,0,28332,95,1,48,2732,9
85,693,796,72,1468,28,832,62,9,11,8,55,9,23,276797,7,28328,41,1,40,2728,4
85,743,797,18,1468,71,833,09,9,13,8,55,9,23,276616,3,28323,87,1,31,2723,9
85,792,797,63,1469,14,833,55,9,15,8,55,9,24,276411,6,28319,34,1,20,2719,3
85,842,798,09,1469,56,834,01,9,17,8,54,9,25,276185,8,28314,81,1,07,2714,8
85,892,798,55,1469,99,834,47,9,19,8,54,9,25,275944,2,28310,29,0,93,2710,3
85,942,799,01,1470,42,834,94,9,21,8,53,9,26,275699,4,28305,76,0,79,2705,8
85,992,799,47,1470,85,835,40,9,23,8,53,9,26,275479,2,28301,25,0,67,2701,2
86,042,799,93,1471,27,835,86,9,25,8,53,9,27,275339,0,28296,73,0,62,2696,7
86,092,800,40,1471,70,836,33,9,23,8,52,9,27,275336,3,28292,22,0,67,2692,2
86,142,800,86,1472,12,836,79,9,22,8,52,9,28,275435,7,28287,70,0,79,2687,7
86,192,801,32,1472,55,837,25,9,20,8,51,9,29,275572,0,28283,19,0,93,2683,2
86,242,801,78,1472,98,837,72,9,18,8,51,9,29,275709,9,28278,67,1,07,2678,7
86,292,802,24,1473,40,838,18,9,16,8,50,9,30,275833,3,28274,15,1,20,2674,1
86,342,802,69,1473,82,838,65,9,13,8,50,9,30,275936,1,28269,62,1,32,2669,6
86,392,803,15,1474,25,839,11,9,11,8,50,9,31,276015,6,28265,10,1,42,2665,1
86,442,803,60,1474,67,839,58,9,09,8,50,9,32,276071,4,28260,57,1,50,2660,6
86,492,804,06,1475,10,840,05,9,07,8,49,9,33,276104,8,28256,05,1,56,2656,0
86,542,804,51,1475,52,840,51,9,05,8,49,9,33,276117,0,28251,52,1,61,2651,5
86,592,804,96,1475,95,840,98,9,03,8,49,9,34,276109,9,28246,99,1,65,2647,0
86,642,805,41,1476,37,841,45,9,01,8,48,9,35,276085,4,28242,47,1,67,2642,5
86,692,805,86,1476,80,841,91,8,99,8,48,9,36,276045,6,28237,94,1,68,2637,9
86,742,806,31,1477,22,842,38,8,97,8,48,9,37,275992,4,28233,42,1,69,2633,4
86,792,806,76,1477,64,842,85,8,95,8,48,9,38,275928,6,28228,89,1,68,2628,9
86,842,807,21,1478,07,843,32,8,94,8,48,9,39,275856,4,28224,37,1,67,2624,4
86,892,807,66,1478,49,843,79,8,92,8,47,9,40,275779,4,28219,85,1,66,2619,8
86,942,808,10,1478,92,844,26,8,90,8,47,9,41,275700,2,28215,33,1,64,2615,3
86,992,808,55,1479,34,844,73,8,89,8,47,9,43,275622,1,28210,81,1,63,2610,8
87,042,808,99,1479,76,845,20,8,87,8,46,9,42,275546,5,28206,29,1,62,2606,3
87,092,809,43,1480,19,845,67,8,85,8,46,9,41,275470,1,28201,77,1,60,2601,8
87,142,809,87,1480,61,846,14,8,83,8,46,9,40,275387,0,28197,26,1,59,2597,3
87,192,810,32,1481,03,846,61,8,81,8,46,9,39,275292,3,28192,74,1,56,2592,7
87,242,810,76,1481,45,847,08,8,79,8,45,9,37,275181,8,28188,23,1,52,2588,2
87,292,811,19,1481,88,847,55,8,77,8,45,9,36,275052,5,28183,72,1,47,2583,7
87,342,811,63,1482,30,848,02,8,75,8,45,9,35,274902,3,28179,21,1,41,2579,2
87,392,812,07,1482,72,848,49,8,72,8,44,9,35,274730,3,28174,71,1,32,2574,7
87,442,812,51,1483,14,848,95,8,70,8,44,9,34,274537,3,28170,21,1,23,2570,2
87,492,812,94,1483,57,849,42,8,68,8,43,9,33,274324,8,28165,71,1,11,2565,7
87,542,813,37,1483,99,849,89,8,66,8,43,9,32,274099,2,28161,21,0,99,2561,2
87,592,813,81,1484,41,850,35,8,64,8,43,9,31,273873,2,28156,72,0,87,2556,7
87,641,814,24,1484,83,850,82,8,62,8,42,9,31,273671,2,28152,23,0,77,2552,2
87,691,814,67,1485,25,851,28,8,60,8,42,9,30,273537,2,28147,75,0,72,2547,7
87,741,815,10,1485,67,851,75,8,61,8,41,9,29,273522,0,28143,26,0,76,2543,3
87,791,815,53,1486,09,852,21,8,63,8,40,9,28,273602,6,28138,78,0,86,2538,8
87,841,815,96,1486,51,852,68,8,65,8,40,9,28,273722,1,28134,29,0,99,2534,3
87,891,816,39,1486,93,853,14,8,67,8,40,9,27,273848,0,28129,80,1,12,2529,8
87,941,816,83,1487,35,853,60,8,69,8,39,9,26,273963,3,28125,31,1,24,2525,3
87,991,817,26,1487,77,854,07,8,71,8,39,9,25,274060,8,28120,82,1,35,2520,8
88,041,817,70,1488,19,854,53,8,73,8,38,9,24,274137,0,28116,32,1,45,2516,3
88,091,818,14,1488,61,854,99,8,75,8,38,9,23,274191,2,28111,83,1,52,2511,8
88,141,818,57,1489,03,855,45,8,77,8,38,9,22,274223,5,28107,34,1,59,2507,3
88,191,819,01,1489,45,855,91,8,79,8,37,9,21,274235,2,28102,84,1,63,2502,8
88,241,819,45,1489,86,856,37,8,81,8,37,9,20,274227,8,28098,35,1,67,2498,3
88,291,819,89,1490,28,856,83,8,83,8,37,9,19,274203,0,28093,85,1,69,2493,9
88,341,820,33,1490,70,857,29,8,84,8,36,9,18,274162,1,28089,36,1,70,2489,4
88,391,820,78,1491,12,857,75,8,86,8,36,9,17,274107,5,28084,86,1,70,2484,9
88,441,821,22,1491,54,858,21,8,88,8,36,9,16,274041,2,28080,37,1,69,2480,4
88,491,821,66,1491,96,858,67,8,89,8,35,9,15,273965,0,28075,88,1,67,2475,9
88,541,822,11,1492,37,859,12,8,91,8,35,9,13,273881,9,28071,39,1,65,2471,4
88,591,822,56,1492,79,859,58,8,92,8,35,9,12,273794,4,28066,90,1,63,2466,9
88,641,823,00,1493,21,860,04,8,94,8,34,9,11,273704,9,28062,41,1,60,2462,4
88,691,823,45,1493,63,860,49,8,96,8,34,9,10,273617,7,28057,92,1,58,2457,9
88,741,823,90,1494,04,860,95,8,97,8,34,9,10,273539,0,28053,44,1,56,2453,4
88,791,824,35,1494,46,861,40,8,99,8,33,9,11,273463,8,28048,95,1,55,2449,0
88,841,824,80,1494,87,861,86,9,01,8,33,9,12,273383,1,28044,47,1,52,2444,5
88,891,825,25,1495,29,862,31,9,03,8,32,9,14,273290,7,28039,99,1,49,2440,0
88,941,825,70,1495,71,862,77,9,05,8,32,9,15,273182,2,28035,51,1,45,2435,5
88,991,826,15,1496,12,863,23,9,07,8,32,9,16,273054,5,28031,03,1,39,2431,0
89,041,826,61,1496,54,863,69,9,09,8,31,9,17,272906,7,28026,56,1,32,2426,6
89,091,827,06,1496,95,864,14,9,11,8,31,9,18,272739,0,28022,09,1,23,2422,1
89,141,827,52,1497,37,864,60,9,13,8,30,9,19,272554,3,28017,62,1,14,2417,6
89,191,827,98,1497,78,865,06,9,15,8,30,9,20,272358,9,28013,15,1,03,2413,2
89,241,828,43,1498,20,865,52,9,17,8,29,9,20,272166,7,28008,69,0,93,2408,7
89,291,828,89,1498,61,865,98,9,19,8,29,9,21,272001,6,28004,23,0,85,2404,2
89,341,829,35,1499,03,866,44,9,21,8,28,9,22,271901,4,27999,77,0,82,2399,8
89,391,829,81,1499,44,866,91,9,20,8,28,9,23,271899,2,27995,31,0,86,2395,3
89,440,830,27,1499,86,867,37,9,18,8,27,9,24,271971,7,27990,85,0,96,2390,9
89,490,830,73,1500,27,867,83,9,16,8,27,9,24,272076,0,27986,39,1,08,2386,4
89,540,831,19,1500,68,868,29,9,14,8,26,9,25,272184,8,27981,93,1,20,2381,9
89,590,831,64,1501,10,868,75,9,12,8,26,9,26,272284,0,27977,47,1,31,2377,5
89,640,832,10,1501,51,869,22,9,10,8,25,9,27,272367,0,27973,00,1,41,2373,0
89,690,832,55,1501,92,869,68,9,08,8,25,9,28,272430,5,27968,54,1,50,2368,5
89,740,833,01,1502,33,870,15,9,05,8,24,9,29,272473,4,27964,07,1,57,2364,1
89,790,833,46,1502,75,870,61,9,03,8,24,9,30,272496,0,27959,60,1,63,2359,6
89,840,833,91,1503,16,871,08,9,01,8,23,9,31,272499,5,27955,13,1,67,2355,1
89,890,834,36,1503,57,871,54,8,99,8,23,9,32,272485,0,27950,67,1,70,2350,7
89,940,834,81,1503,98,872,01,8,98,8,23,9,33,272453,8,27946,20,1,72,2346,2
89,990,835,26,1504,39,872,47,8,96,8,22,9,34,272407,4,27941,73,1,72,2341,7
90,040,835,71,1504,80,872,94,8,94,8,22,9,35,272347,5,27937,27,1,72,2337,3
90,090,836,15,1505,21,873,41,8,92,8,22,9,36,272275,3,27932,80,1,70,2332,8
90,140,836,60,1505,62,873,88,8,91,8,21,9,37,272192,8,27928,34,1,68,2328,3
90,190,837,04,1506,03,874,35,8,89,8,21,9,38,272101,6,27923,88,1,66,2323,9
90,240,837,49,1506,44,874,82,8,88,8,20,9,40,272002,9,27919,42,1,63,2319,4
90,290,837,93,1506,85,875,29,8,86,8,20,9,41,271897,9,27914,96,1,59,2315,0
90,340,838,37,1507,26,875,76,8,84,8,20,9,42,271789,5,27910,50,1,55,2310,5
90,390,838,82,1507,67,876,23,8,82,8,19,9,44,271682,3,27906,05,1,51,2306,1
90,440,839,26,1508,08,876,70,8,80,8,19,9,43,271580,8,27901,60,1,48,2301,6
90,490,839,70,1508,49,877,17,8,78,8,18,9,42,271482,5,27897,14,1,45,2297,1
90,540,840,13,1508,90,877,64,8,76,8,18,9,41,271380,5,27892,70,1,42,2292,7
90,590,840,57,1509,31,878,11,8,74,8,17,9,39,271268,2,27888,25,1,38,2288,2
90,640,841,01,1509,72,878,58,8,72,8,17,9,38,271141,2,27883,80,1,33,2283,8
90,690,841,44,1510,13,879,05,8,70,8,16,9,37,270997,5,27879,36,1,26,2279,4
90,740,841,88,1510,54,879,52,8,68,8,16,9,36,270837,3,27874,92,1,19,2274,9
90,790,842,31,1510,94,879,99,8,66,8,15,9,35,270664,3,27870,48,1,10,2270,5
90,840,842,75,1511,35,880,45,8,64,8,15,9,33,270486,3,27866,04,1,01,2266,0
90,890,843,18,1511,76,880,92,8,62,8,14,9,32,270319,6,27861,61,0,93,2261,6
90,940,843,61,1512,16,881,38,8,60,8,13,9,31,270189,6,27857,18,0,88,2257,2
90,990,844,04,1512,57,881,85,8,59,8,13,9,30,270131,0,27852,75,0,89,2252,8
91,040,844,47,1512,98,882,32,8,60,8,12,9,29,270164,1,27848,32,0,96,2248,3
91,090,844,90,1513,38,882,78,8,62,8,12,9,28,270249,6,27843,89,1,06,2243,9
91,140,845,33,1513,79,883,24,8,64,8,11,9,27,270353,5,27839,46,1,18,2239,5
91,190,845,76,1514,19,883,71,8,66,8,10,9,26,270455,9,27835,03,1,29,2235,0
91,239,846,20,1514,60,884,17,8,68,8,10,9,25,270546,1,27830,59,1,40,2230,6
91,289,846,63,1515,00,884,63,8,70,8,09,9,24,270619,8,27826,16,1,49,2226,2
91,339,847,07,1515,41,885,09,8,72,8,09,9,23,270674,6,27821,72,1,57,2221,7
91,389,847,50,1515,81,885,56,8,74,8,08,9,22,270710,2,27817,28,1,63,2217,3
91,439,847,94,1516,22,886,02,8,76,8,08,9,21,270727,0,27812,84,1,68,2212,8
91,489,848,38,1516,62,886,48,8,78,8,08,9,20,270725,8,27808,40,1,72,2208,4
91,539,848,82,1517,03,886,94,8,80,8,07,9,19,270707,8,27803,96,1,74,2204,0
91,589,849,26,1517,43,887,39,8,81,8,07,9,18,270674,1,27799,53,1,75,2199,5
91,639,849,70,1517,83,887,85,8,83,8,06,9,16,270626,1,27795,09,1,76,2195,1
91,689,850,14,1518,23,888,31,8,85,8,06,9,15,270564,8,27790,65,1,75,2190,7
91,739,850,58,1518,64,888,77,8,86,8,05,9,14,270491,3,27786,22,1,74,2186,2
91,789,851,03,1519,04,889,23,8,88,8,05,9,13,270406,7,27781,79,1,71,2181,8
91,839,851,47,1519,44,889,68,8,89,8,04,9,11,270311,8,27777,35,1,68,2177,4
91,889,851,92,1519,84,890,14,8,91,8,04,9,10,270206,1,27772,92,1,64,2172,9
91,939,852,36,1520,25,890,59,8,92,8,04,9,08,270089,9,27768,49,1,60,2168,5
91,989,852,81,1520,65,891,04,8,94,8,03,9,07,269964,0,27764,07,1,54,2164,1
92,039,853,26,1521,05,891,50,8,96,8,03,9,05,269831,0,27759,64,1,48,2159,6
92,089,853,70,1521,45,891,95,8,98,8,02,9,04,269695,4,27755,22,1,42,2155,2
92,139,854,15,1521,85,892,40,8,99,8,01,9,03,269566,0,27750,80,1,37,2150,8
92,189,854,60,1522,25,892,85,9,01,8,01,9,04,269449,9,27746,38,1,32,2146,4
92,239,855,06,1522,65,893,31,9,03,8,00,9,06,269336,1,27741,96,1,27,2142,0
92,289,855,51,1523,05,893,76,9,05,8,00,9,07,269217,6,27737,55,1,22,2137,6
92,339,855,96,1523,45,894,21,9,07,7,99,9,08,269090,4,27733,14,1,16,2133,1
92,389,856,41,1523,85,894,67,9,09,7,98,9,10,268954,5,27728,73,1,09,2128,7
92,439,856,87,1524,25,895,12,9,11,7,98,9,11,268814,4,27724,32,1,03,2124,3
92,489,857,33,1524,65,895,58,9,13,7,97,9,12,268680,7,27719,91,0,96,2119,9
92,539,857,78,1525,05,896,04,9,15,7,97,9,13,268572,5,27715,51,0,92,2115,5
92,589,858,24,1525,45,896,49,9,16,7,96,9,14,268515,9,27711,11,0,92,2111,1
92,639,858,70,1525,84,896,95,9,16,7,95,9,15,268533,5,27706,71,0,98,2106,7
92,689,859,16,1526,24,897,41,9,14,7,95,9,17,268607,4,27702,30,1,08,2102,3
92,739,859,61,1526,64,897,87,9,12,7,94,9,18,268704,3,27697,90,1,19,2097,9
92,789,860,07,1527,03,898,32,9,10,7,93,9,19,268802,8,27693,49,1,30,2093,5
92,839,860,52,1527,43,898,78,9,08,7,93,9,20,268891,4,27689,09,1,41,2089,1
92,889,860,98,1527,83,899,24,9,06,7,92,9,21,268963,9,27684,68,1,50,2084,7
92,939,861,43,1528,22,899,71,9,04,7,92,9,22,269018,5,27680,27,1,58,2080,3
92,989,861,88,1528,62,900,17,9,02,7,91,9,23,269054,7,27675,86,1,64,2075,9
93,039,862,33,1529,01,900,63,9,00,7,91,9,24,269073,2,27671,44,1,69,2071,4
93,088,862,78,1529,41,901,09,8,98,7,90,9,25,269075,1,27667,03,1,73,2067,0
93,138,863,23,1529,81,901,55,8,96,7,90,9,26,269061,5,27662,62,1,76,2062,6
93,188,863,68,1530,20,902,02,8,95,7,89,9,27,269033,7,27658,21,1,78,2058,2
93,238,864,12,1530,59,902,48,8,93,7,89,9,29,268992,5,27653,80,1,79,2053,8
93,288,864,57,1530,99,902,95,8,91,7,88,9,30,268938,9,27649,39,1,79,2049,4
93,338,865,01,1531,38,903,41,8,90,7,88,9,31,268873,8,27644,98,1,78,2045,0
93,388,865,46,1531,78,903,88,8,88,7,87,9,32,268797,6,27640,57,1,76,2040,6
93,438,865,90,1532,17,904,34,8,87,7,87,9,34,268710,6,27636,17,1,74,2036,2
93,488,866,35,1532,56,904,81,8,85,7,86,9,35,268611,3,27631,76,1,70,2031,8
93,538,866,79,1532,96,905,28,8,83,7,86,9,36,268498,2,27627,36,1,66,2027,4
93,588,867,23,1533,35,905,75,8,82,7,85,9,38,268370,1,27622,96,1,60,2023,0
93,638,867,67,1533,74,906,22,8,80,7,85,9,39,268226,0,27618,56,1,53,2018,6
93,688,868,11,1534,13,906,69,8,78,7,84,9,41,268065,7,27614,17,1,45,2014,2
93,738,868,55,1534,52,907,16,8,76,7,83,9,42,267891,1,27609,77,1,36,2009,8
93,788,868,98,1534,92,907,63,8,74,7,83,9,43,267705,8,27605,38,1,26,2005,4
93,838,869,42,1535,31,908,10,8,72,7,82,9,45,267518,1,27601,00,1,16,2001,0
93,888,869,86,1535,70,908,57,8,71,7,82,9,44,267340,2,27596,61,1,07,1996,6
93,938,870,29,1536,09,909,04,8,69,7,81,9,43,267177,1,27592,23,0,99,1992,2
93,988,870,73,1536,48,909,52,8,67,7,80,9,42,267027,0,27587,85,0,92,1987,9
94,038,871,16,1536,87,909,99,8,65,7,79,9,40,266891,6,27583,47,0,86,1983,5
94,088,871,59,1537,26,910,46,8,63,7,79,9,39,266778,5,27579,10,0,82,1979,1
94,138,872,02,1537,65,910,92,8,61,7,78,9,38,266704,2,27574,73,0,81,1974,7
94,188,872,45,1538,04,911,39,8,59,7,77,9,36,266689,6,27570,36,0,85,1970,4
94,238,872,88,1538,43,911,86,8,60,7,76,9,35,266749,6,27565,98,0,94,1966,0
94,288,873,31,1538,81,912,33,8,62,7,76,9,33,266854,6,27561,61,1,06,1961,6
94,338,873,74,1539,20,912,79,8,64,7,75,9,32,266970,6,27557,23,1,18,1957,2
94,388,874,18,1539,59,913,26,8,65,7,74,9,31,267079,7,27552,86,1,30,1952,9
94,438,874,61,1539,97,913,72,8,67,7,74,9,29,267173,2,27548,47,1,41,1948,5
94,488,875,04,1540,36,914,19,8,69,7,73,9,28,267247,9,27544,09,1,50,1944,1
94,538,875,48,1540,75,914,65,8,71,7,72,9,27,267302,7,27539,71,1,58,1939,7
94,588,875,91,1541,13,915,12,8,73,7,72,9,25,267338,2,27535,33,1,64,1935,3
94,638,876,35,1541,52,915,58,8,75,7,71,9,24,267355,7,27530,95,1,69,1930,9
94,688,876,79,1541,91,916,04,8,76,7,71,9,23,267357,0,27526,56,1,73,1926,6
94,738,877,23,1542,29,916,50,8,78,7,70,9,22,267343,9,27522,18,1,76,1922,2
94,788,877,67,1542,68,916,96,8,79,7,70,9,20,267318,5,27517,80,1,77,1917,8
94,838,878,11,1543,06,917,42,8,81,7,69,9,19,267281,7,27513,42,1,79,1913,4
94,887,878,55,1543,44,917,88,8,82,7,69,9,18,267234,7,27509,04,1,79,1909,0
94,937,878,99,1543,83,918,34,8,84,7,68,9,17,267177,9,27504,65,1,78,1904,7
94,987,879,43,1544,21,918,80,8,85,7,68,9,15,267112,0,27500,27,1,77,1900,3
95,037,879,87,1544,60,919,25,8,87,7,67,9,14,267036,3,27495,90,1,76,1895,9
95,087,880,32,1544,98,919,71,8,88,7,66,9,13,266948,9,27491,52,1,73,1891,5
95,137,880,76,1545,36,920,17,8,90,7,66,9,11,266847,9,27487,14,1,69,1887,1
95,187,881,21,1545,75,920,62,8,91,7,65,9,10,266730,9,27482,77,1,64,1882,8
95,237,881,65,1546,13,921,08,8,93,7,65,9,08,266595,7,27478,40,1,58,1878,4
95,287,882,10,1546,51,921,53,8,94,7,64,9,07,266439,8,27474,03,1,50,1874,0
95,337,882,55,1546,89,921,98,8,96,7,63,9,05,266261,1,27469,66,1,40,1869,7
95,387,883,00,1547,27,922,44,8,98,7,63,9,03,266057,3,27465,30,1,29,1865,3
95,437,883,45,1547,66,922,89,9,00,7,62,9,02,265827,2,27460,94,1,15,1860,9
95,487,883,90,1548,04,923,34,9,01,7,61,9,00,265570,7,27456,58,1,00,1856,6
95,537,884,35,1548,42,923,79,9,03,7,61,8,99,265290,8,27452,23,0,82,1852,2
95,587,884,80,1548,80,924,24,9,05,7,60,8,98,264998,3,27447,88,0,64,1847,9
95,637,885,25,1549,18,924,68,9,06,7,59,8,97,264727,5,27443,54,0,47,1843,5
95,687,885,70,1549,56,925,13,9,08,7,58,8,98,264550,7,27439,21,0,38,1839,2
95,737,886,16,1549,93,925,58,9,09,7,57,9,00,264543,9,27434,87,0,43,1834,9
95,787,886,61,1550,31,926,03,9,09,7,56,9,01,264690,4,27430,53,0,58,1830,5
95,837,887,07,1550,69,926,48,9,07,7,55,9,02,264887,9,27426,19,0,77,1826,2
95,887,887,52,1551,07,926,94,9,06,7,55,9,04,265078,9,27421,84,0,96,1821,8
95,937,887,97,1551,45,927,39,9,04,7,54,9,05,265247,0,27417,50,1,12,1817,5
95,987,888,42,1551,82,927,84,9,02,7,53,9,07,265387,3,27413,15,1,26,1813,1
96,037,888,88,1552,20,928,29,9,00,7,52,9,08,265499,2,27408,79,1,38,1808,8
96,087,889,32,1552,57,928,75,8,98,7,52,9,10,265584,0,27404,44,1,48,1804,4
96,137,889,77,1552,95,929,20,8,97,7,51,9,11,265643,8,27400,09,1,56,1800,1
96,187,890,22,1553,33,929,66,8,95,7,50,9,12,265681,1,27395,73,1,63,1795,7
96,237,890,67,1553,70,930,12,8,93,7,50,9,14,265698,7,27391,38,1,68,1791,4
96,287,891,11,1554,08,930,57,8,92,7,49,9,15,265698,9,27387,02,1,71,1787,0
96,337,891,56,1554,45,931,03,8,90,7,49,9,16,265684,6,27382,67,1,74,1782,7
96,387,892,00,1554,82,931,49,8,88,7,48,9,18,265657,8,27378,31,1,76,1778,3
96,437,892,45,1555,20,931,95,8,87,7,47,9,19,265620,7,27373,96,1,77,1774,0
96,487,892,89,1555,57,932,41,8,86,7,47,9,20,265575,2,27369,60,1,77,1769,6
96,537,893,33,1555,94,932,87,8,84,7,46,9,21,265522,4,27365,25,1,77,1765,2
96,587,893,78,1556,32,933,33,8,83,7,46,9,22,265462,5,27360,89,1,76,1760,9
96,637,894,22,1556,69,933,79,8,81,7,45,9,23,265393,9,27356,54,1,75,1756,5
96,687,894,66,1557,06,934,25,8,80,7,44,9,25,265314,8,27352,19,1,73,1752,2
96,736,895,10,1557,43,934,72,8,78,7,44,9,26,265223,2,27347,85,1,70,1747,8
96,786,895,54,1557,81,935,18,8,77,7,43,9,27,265117,2,27343,50,1,66,1743,5
96,836,895,97,1558,18,935,64,8,75,7,43,9,29,264994,5,27339,15,1,60,1739,2
96,886,896,41,1558,55,936,11,8,73,7,42,9,30,264852,7,27334,81,1,53,1734,8
96,936,896,85,1558,92,936,57,8,72,7,41,9,31,264689,3,27330,47,1,45,1730,5
96,986,897,28,1559,29,937,04,8,70,7,41,9,33,264502,2,27326,13,1,34,1726,1
97,036,897,72,1559,66,937,51,8,68,7,40,9,34,264289,7,27321,80,1,22,1721,8
97,086,898,15,1560,03,937,97,8,66,7,39,9,36,264050,4,27317,46,1,08,1717,5
97,136,898,58,1560,40,938,44,8,64,7,38,9,37,263784,8,27313,14,0,91,1713,1
97,186,899,01,1560,77,938,91,8,63,7,37,9,39,263497,2,27308,82,0,73,1708,8
97,236,899,45,1561,14,939,38,8,61,7,37,9,40,263200,8,27304,50,0,54,1704,5
97,286,899,88,1561,51,939,85,8,61,7,36,9,41,262945,9,27300,19,0,39,1700,2
97,336,900,31,1561,87,940,32,8,62,7,35,9,42,262841,5,27295,88,0,36,1695,9
97,386,900,74,1562,24,940,79,8,64,7,34,9,43,262916,2,27291,57,0,46,1691,6
97,436,901,17,1562,61,941,26,8,65,7,33,9,43,263082,9,27287,26,0,63,1687,3
97,486,901,60,1562,97,941,74,8,67,7,32,9,41,263266,9,27282,94,0,81,1682,9
97,536,902,04,1563,34,942,21,8,68,7,31,9,40,263435,3,27278,63,0,97,1678,6
97,586,902,47,1563,70,942,68,8,70,7,30,9,39,263579,3,27274,30,1,12,1674,3
97,636,902,91,1564,07,943,14,8,72,7,29,9,37,263696,3,27269,98,1,24,1670,0
97,686,903,34,1564,43,943,61,8,73,7,29,9,36,263786,7,27265,66,1,34,1665,7
97,736,903,78,1564,80,944,08,8,75,7,28,9,34,263852,3,27261,33,1,43,1661,3
97,786,904,22,1565,16,944,55,8,77,7,27,9,33,263895,5,27257,01,1,50,1657,0
97,836,904,66,1565,52,945,01,8,78,7,27,9,31,263918,7,27252,68,1,55,1652,7
97,886,905,10,1565,89,945,48,8,79,7,26,9,30,263924,7,27248,35,1,59,1648,4
97,936,905,54,1566,25,945,94,8,81,7,25,9,29,263915,7,27244,03,1,62,1644,0
97,986,905,98,1566,61,946,41,8,82,7,25,9,27,263894,0,27239,70,1,64,1639,7
98,036,906,42,1566,98,946,87,8,83,7,24,9,26,263861,7,27235,38,1,65,1635,4
98,086,906,86,1567,34,947,33,8,85,7,23,9,25,263820,6,27231,05,1,66,1631,0
98,136,907,30,1567,70,947,79,8,86,7,23,9,24,263770,8,27226,72,1,66,1626,7
98,186,907,75,1568,06,948,26,8,87,7,22,9,23,263712,1,27222,40,1,65,1622,4
98,236,908,19,1568,42,948,72,8,89,7,21,9,22,263644,1,27218,08,1,64,1618,1
98,286,908,64,1568,78,949,18,8,90,7,21,9,20,263565,9,27213,76,1,62,1613,8
98,336,909,08,1569,14,949,64,8,92,7,20,9,19,263475,9,27209,44,1,59,1609,4
98,386,909,53,1569,50,950,10,8,94,7,19,9,18,263372,7,27205,12,1,54,1605,1
98,436,909,97,1569,86,950,56,8,95,7,19,9,17,263254,8,27200,80,1,49,1600,8
98,486,910,42,1570,22,951,01,8,97,7,18,9,16,263120,7,27196,49,1,43,1596,5
98,535,910,87,1570,58,951,47,8,99,7,17,9,15,262969,2,27192,17,1,35,1592,2
98,585,911,32,1570,94,951,93,9,00,7,16,9,13,262800,5,27187,87,1,26,1587,9
98,635,911,77,1571,29,952,39,9,02,7,16,9,12,262615,9,27183,56,1,15,1583,6
98,685,912,22,1571,65,952,84,9,04,7,15,9,11,262419,0,27179,25,1,04,1579,3
98,735,912,68,1572,01,953,30,9,05,7,14,9,10,262219,1,27174,95,0,93,1575,0
98,785,913,13,1572,37,953,75,9,07,7,13,9,08,262033,6,27170,66,0,82,1570,7
98,835,913,58,1572,72,954,20,9,07,7,12,9,07,261893,1,27166,36,0,76,1566,4
98,885,914,03,1573,08,954,66,9,05,7,11,9,06,261813,8,27162,07,0,74,1562,1
98,935,914,49,1573,43,955,11,9,04,7,10,9,05,261781,3,27157,78,0,76,1557,8
98,985,914,94,1573,79,955,56,9,02,7,09,9,03,261777,0,27153,49,0,80,1553,5
99,035,915,39,1574,14,956,01,9,00,7,09,9,02,261787,5,27149,19,0,85,1549,2
99,085,915,84,1574,50,956,46,8,98,7,08,9,01,261806,5,27144,90,0,90,1544,9
99,135,916,29,1574,85,956,92,8,97,7,07,9,00,261834,7,27140,61,0,97,1540,6
99,185,916,73,1575,20,957,36,8,95,7,06,8,99,261876,9,27136,32,1,04,1536,3
99,235,917,18,1575,56,957,81,8,93,7,05,9,01,261932,4,27132,02,1,12,1532,0
99,285,917,63,1575,91,958,27,8,92,7,04,9,02,261987,0,27127,73,1,20,1527,7
99,335,918,07,1576,26,958,72,8,90,7,03,9,03,262033,0,27123,43,1,27,1523,4
99,385,918,52,1576,61,959,17,8,89,7,03,9,04,262067,1,27119,14,1,33,1519,1
99,435,918,96,1576,96,959,62,8,87,7,02,9,06,262088,1,27114,84,1,38,1514,8
99,485,919,41,1577,31,960,07,8,86,7,01,9,07,262095,6,27110,54,1,42,1510,5
99,535,919,85,1577,66,960,53,8,84,7,00,9,08,262090,9,27106,25,1,46,1506,2
99,585,920,29,1578,01,960,98,8,83,7,00,9,09,262074,9,27101,95,1,48,1501,9
99,635,920,73,1578,36,961,44,8,82,6,99,9,10,262048,8,27097,65,1,50,1497,7
99,685,921,17,1578,71,961,89,8,80,6,98,9,11,262012,8,27093,36,1,51,1493,4
99,735,921,61,1579,06,962,35,8,79,6,97,9,12,261966,3,27089,06,1,51,1489,1
99,785,922,05,1579,41,962,81,8,77,6,97,9,13,261909,0,27084,77,1,50,1484,8
99,835,922,49,1579,76,963,26,8,76,6,96,9,14,261840,1,27080,47,1,49,1480,5
99,885,922,93,1580,11,963,72,8,74,6,95,9,15,261759,1,27076,18,1,46,1476,2
99,935,923,36,1580,45,964,18,8,73,6,94,9,16,261665,2,27071,89,1,43,1471,9
99,985,923,80,1580,80,964,64,8,71,6,94,9,17,261557,5,27067,60,1,38,1467,6
100,035,924,23,1581,15,965,09,8,69,6,93,9,18,261436,0,27063,32,1,33,1463,3
100,085,924,67,1581,49,965,55,8,68,6,92,9,19,261300,4,27059,03,1,26,1459,0
100,135,925,10,1581,84,966,01,8,66,6,91,9,20,261151,2,27054,75,1,19,1454,7
100,185,925,53,1582,18,966,47,8,64,6,90,9,21,260990,7,27050,47,1,10,1450,5
100,235,925,97,1582,53,966,93,8,63,6,90,9,21,260823,8,27046,19,1,01,1446,2
100,285,926,40,1582,87,967,39,8,61,6,89,9,22,260659,7,27041,92,0,92,1441,9
100,335,926,83,1583,22,967,86,8,59,6,88,9,23,260516,0,27037,65,0,85,1437,6
100,385,927,26,1583,56,968,32,8,59,6,87,9,24,260419,3,27033,38,0,82,1433,4
100,434,927,69,1583,91,968,78,8,60,6,86,9,25,260387,2,27029,11,0,83,1429,1
100,484,928,12,1584,25,969,24,8,62,6,85,9,26,260395,3,27024,84,0,88,1424,8
100,534,928,55,1584,59,969,71,8,63,6,84,9,27,260420,5,27020,57,0,93,1420,6
100,584,928,98,1584,93,970,17,8,65,6,83,9,28,260447,8,27016,30,0,99,1416,3
100,634,929,41,1585,27,970,63,8,67,6,82,9,29,260467,8,27012,03,1,04,1412,0
100,684,929,85,1585,61,971,10,8,68,6,81,9,30,260476,0,27007,76,1,07,1407,8
100,734,930,28,1585,95,971,56,8,70,6,81,9,31,260470,9,27003,49,1,10,1403,5
100,784,930,72,1586,30,972,03,8,71,6,80,9,32,260453,4,26999,22,1,12,1399,2
100,834,931,15,1586,63,972,50,8,73,6,79,9,33,260426,3,26994,95,1,14,1394,9
100,884,931,59,1586,97,972,96,8,74,6,78,9,34,260394,6,26990,68,1,15,1390,7
100,934,932,03,1587,31,973,43,8,76,6,77,9,35,260365,1,26986,41,1,16,1386,4
100,984,932,46,1587,65,973,90,8,77,6,76,9,35,260343,9,26982,14,1,18,1382,1
101,034,932,90,1587,99,974,36,8,78,6,75,9,33,260331,3,26977,88,1,21,1377,9
101,084,933,34,1588,33,974,83,8,80,6,75,9,32,260322,0,26973,61,1,24,1373,6
101,134,933,78,1588,66,975,30,8,81,6,74,9,31,260311,1,26969,34,1,26,1369,3
101,184,934,22,1589,00,975,76,8,82,6,73,9,30,260295,9,26965,07,1,29,1365,1
101,234,934,67,1589,34,976,23,8,83,6,72,9,29,260274,6,26960,80,1,31,1360,8
101,284,935,11,1589,67,976,69,8,84,6,71,9,28,260244,3,26956,54,1,32,1356,5
101,334,935,55,1590,01,977,15,8,86,6,70,9,27,260204,0,26952,27,1,33,1352,3
101,384,935,99,1590,34,977,62,8,87,6,70,9,26,260152,4,26948,01,1,32,1348,0
101,434,936,44,1590,68,978,08,8,88,6,69,9,25,260088,6,26943,74,1,31,1343,7
101,484,936,88,1591,01,978,54,8,90,6,68,9,24,260011,4,26939,48,1,29,1339,5
101,534,937,33,1591,35,979,00,8,91,6,67,9,23,259920,2,26935,22,1,25,1335,2
101,584,937,77,1591,68,979,46,8,93,6,66,9,22,259814,6,26930,96,1,21,1331,0
101,634,938,22,1592,01,979,93,8,94,6,65,9,21,259694,4,26926,70,1,15,1326,7
101,684,938,67,1592,34,980,39,8,96,6,65,9,20,259560,3,26922,44,1,08,1322,4
101,734,939,12,1592,68,980,85,8,98,6,64,9,19,259414,2,26918,19,1,00,1318,2
101,784,939,56,1593,01,981,31,8,99,6,63,9,19,259261,0,26913,94,0,92,1313,9
101,834,940,01,1593,34,981,76,9,01,6,62,9,18,259109,0,26909,69,0,84,1309,7
101,884,940,46,1593,67,982,22,9,02,6,61,9,17,258974,5,26905,44,0,78,1305,4
101,934,940,92,1594,00,982,68,9,04,6,60,9,16,258881,8,26901,20,0,74,1301,2
101,984,941,37,1594,33,983,14,9,02,6,59,9,16,258852,5,26896,95,0,76,1297,0
102,034,941,82,1594,66,983,60,9,01,6,58,9,15,258874,0,26892,71,0,82,1292,7
102,084,942,27,1594,99,984,05,8,99,6,57,9,14,258918,9,26888,46,0,90,1288,5
102,134,942,72,1595,32,984,51,8,98,6,56,9,14,258968,9,26884,22,0,97,1284,2
102,184,943,17,1595,64,984,97,8,96,6,55,9,13,259013,3,26879,97,1,04,1280,0
102,234,943,61,1595,97,985,42,8,94,6,54,9,12,259046,4,26875,73,1,11,1275,7
102,283,944,06,1596,30,985,88,8,93,6,53,9,11,259065,3,26871,48,1,16,1271,5
102,333,944,51,1596,62,986,34,8,91,6,53,9,11,259069,8,26867,23,1,20,1267,2
102,383,944,95,1596,95,986,79,8,89,6,52,9,10,259059,3,26862,99,1,23,1263,0
102,433,945,40,1597,28,987,25,8,88,6,51,9,09,259034,6,26858,74,1,25,1258,7
102,483,945,84,1597,60,987,70,8,87,6,50,9,08,258996,8,26854,49,1,25,1254,5
102,533,946,28,1597,93,988,15,8,85,6,49,9,07,258946,7,26850,25,1,25,1250,2
102,583,946,72,1598,25,988,61,8,84,6,48,9,06,258885,7,26846,00,1,24,1246,0
102,633,947,17,1598,57,989,06,8,82,6,47,9,05,258815,3,26841,76,1,23,1241,8
102,683,947,61,1598,90,989,51,8,81,6,47,9,04,258737,4,26837,52,1,21,1237,5
102,733,948,05,1599,22,989,96,8,80,6,46,9,03,258654,7,26833,28,1,18,1233,3
102,783,948,49,1599,54,990,41,8,79,6,45,9,02,258570,1,26829,04,1,15,1229,0
102,833,948,93,1599,87,990,87,8,77,6,44,9,01,258486,9,26824,80,1,13,1224,8
102,883,949,36,1600,19,991,32,8,76,6,43,9,00,258411,0,26820,56,1,11,1220,6
102,933,949,80,1600,51,991,77,8,75,6,42,9,01,258346,8,26816,32,1,10,1216,3
102,983,950,24,1600,83,992,22,8,74,6,41,9,02,258285,7,26812,09,1,09,1212,1
103,033,950,68,1601,15,992,67,8,72,6,40,9,03,258220,8,26807,86,1,07,1207,9
103,083,951,11,1601,47,993,12,8,71,6,39,9,04,258148,0,26803,62,1,05,1203,6
103,133,951,55,1601,79,993,57,8,69,6,38,9,05,258063,8,26799,39,1,02,1199,4
103,183,951,98,1602,11,994,03,8,68,6,37,9,06,257966,5,26795,16,0,98,1195,2
103,233,952,41,1602,43,994,48,8,66,6,36,9,07,257855,4,26790,93,0,93,1190,9
103,283,952,85,1602,74,994,93,8,65,6,35,9,08,257732,0,26786,71,0,87,1186,7
103,333,953,28,1603,06,995,39,8,63,6,35,9,09,257600,0,26782,48,0,81,1182,5
103,383,953,71,1603,38,995,84,8,62,6,34,9,09,257467,3,26778,26,0,74,1178,3
103,433,954,14,1603,70,996,30,8,60,6,32,9,10,257347,9,26774,04,0,69,1174,0
103,483,954,57,1604,01,996,75,8,59,6,31,9,11,257264,7,26769,82,0,66,1169,8
103,533,955,00,1604,33,997,21,8,59,6,30,9,12,257244,5,26765,61,0,69,1165,6
103,583,955,43,1604,64,997,66,8,61,6,29,9,12,257274,8,26761,39,0,75,1161,4
103,633,955,86,1604,96,998,12,8,62,6,28,9,13,257327,2,26757,17,0,82,1157,2
103,683,956,29,1605,27,998,58,8,64,6,27,9,13,257383,5,26752,95,0,90,1153,0
103,733,956,72,1605,58,999,03,8,65,6,26,9,14,257434,0,26748,73,0,97,1148,7
103,783,957,16,1605,90,999,49,8,67,6,26,9,15,257474,4,26744,51,1,03,1144,5
103,833,957,59,1606,21,999,95,8,68,6,25,9,15,257502,1,26740,29,1,09,1140,3
103,883,958,02,1606,52,1000,41,8,69,6,24,9,16,257517,3,26736,07,1,13,1136,1
103,933,958,46,1606,83,1000,86,8,71,6,23,9,16,257520,4,26731,85,1,17,1131,8
103,983,958,90,1607,14,1001,32,8,72,6,22,9,17,257511,9,26727,63,1,19,1127,6
104,033,959,33,1607,46,1001,78,8,73,6,21,9,18,257492,6,26723,40,1,21,1123,4
104,082,959,77,1607,77,1002,24,8,75,6,20,9,18,257463,5,26719,18,1,22,1119,2
104,132,960,21,1608,08,1002,70,8,76,6,19,9,19,257425,3,26714,96,1,23,1115,0
104,182,960,64,1608,38,1003,16,8,77,6,18,9,20,257378,8,26710,74,1,22,1110,7
104,232,961,08,1608,69,1003,62,8,78,6,17,9,20,257324,5,26706,52,1,21,1106,5
104,282,961,52,1609,00,1004,08,8,79,6,17,9,21,257262,8,26702,30,1,20,1102,3
104,332,961,96,1609,31,1004,54,8,80,6,16,9,22,257193,2,26698,09,1,18,1098,1
104,382,962,40,1609,62,1005,00,8,81,6,15,9,23,257114,5,26693,87,1,15,1093,9
104,432,962,84,1609,92,1005,46,8,82,6,14,9,24,257025,5,26689,66,1,12,1089,7
104,482,963,28,1610,23,1005,92,8,84,6,13,9,25,256925,0,26685,45,1,07,1085,4
104,532,963,73,1610,54,1006,39,8,85,6,12,9,26,256812,4,26681,23,1,02,1081,2
104,582,964,17,1610,84,1006,85,8,86,6,11,9,26,256687,4,26677,03,0,95,1077,0
104,632,964,61,1611,15,1007,31,8,87,6,10,9,27,256550,7,26672,82,0,88,1072,8
104,682,965,06,1611,45,1007,78,8,89,6,09,9,28,256405,4,26668,61,0,80,1068,6
104,732,965,50,1611,76,1008,24,8,90,6,08,9,29,256258,0,26664,41,0,72,1064,4
104,782,965,95,1612,06,1008,71,8,91,6,07,9,28,256116,2,26660,21,0,65,1060,2
104,832,966,39,1612,36,1009,17,8,93,6,06,9,27,255981,1,26656,01,0,58,1056,0
104,882,966,84,1612,67,1009,63,8,94,6,05,9,26,255856,5,26651,82,0,51,1051,8
104,932,967,29,1612,97,1010,10,8,95,6,04,9,25,255753,0,26647,63,0,47,1047,6
104,982,967,74,1613,27,1010,56,8,97,6,03,9,24,255691,3,26643,43,0,46,1043,4
105,032,968,18,1613,57,1011,02,8,97,6,02,9,23,255693,4,26639,24,0,50,1039,2
105,082,968,63,1613,87,1011,48,8,95,6,00,9,22,255749,5,26635,05,0,59,1035,0
105,132,969,08,1614,17,1011,94,8,94,5,99,9,21,255824,5,26630,86,0,68,1030,9
105,182,969,53,1614,47,1012,40,8,93,5,98,9,21,255897,2,26626,66,0,78,1026,7
105,232,969,97,1614,77,1012,86,8,91,5,97,9,20,255958,9,26622,46,0,86,1022,5
105,282,970,42,1615,07,1013,32,8,90,5,96,9,19,256006,2,26618,27,0,93,1018,3
105,332,970,86,1615,37,1013,78,8,89,5,95,9,18,256038,7,26614,07,0,99,1014,1
105,382,971,31,1615,66,1014,24,8,87,5,94,9,17,256056,7,26609,87,1,04,1009,9
105,432,971,75,1615,96,1014,70,8,86,5,93,9,17,256061,5,26605,67,1,08,1005,7
105,482,972,19,1616,26,1015,16,8,85,5,93,9,16,256054,3,26601,48,1,11,1001,5
105,532,972,63,1616,55,1015,61,8,83,5,92,9,15,256036,9,26597,28,1,14,997,3
105,582,973,08,1616,85,1016,07,8,82,5,91,9,14,256010,4,26593,08,1,15,993,1
105,632,973,52,1617,14,1016,53,8,81,5,90,9,14,255976,2,26588,88,1,16,988,9
105,682,973,96,1617,44,1016,99,8,80,5,89,9,13,255935,7,26584,69,1,17,984,7
105,732,974,40,1617,73,1017,44,8,79,5,88,9,12,255889,5,26580,49,1,17,980,5
105,782,974,84,1618,03,1017,90,8,78,5,87,9,12,255838,3,26576,30,1,16,976,3
105,832,975,27,1618,32,1018,35,8,77,5,86,9,11,255781,5,26572,11,1,16,972,1
105,881,975,71,1618,61,1018,81,8,76,5,85,9,10,255717,6,26567,91,1,14,967,9
105,931,976,15,1618,91,1019,26,8,75,5,84,9,09,255645,7,26563,72,1,12,963,7
105,981,976,59,1619,20,1019,72,8,74,5,83,9,08,255564,3,26559,53,1,10,959,5
106,031,977,02,1619,49,1020,17,8,72,5,82,9,08,255472,0,26555,34,1,06,955,3
106,081,977,46,1619,78,1020,63,8,71,5,81,9,07,255366,8,26551,15,1,02,951,2
106,131,977,89,1620,07,1021,08,8,70,5,80,9,06,255247,2,26546,97,0,96,947,0
106,181,978,33,1620,36,1021,53,8,68,5,79,9,05,255111,4,26542,79,0,89,942,8
106,231,978,76,1620,65,1021,98,8,67,5,78,9,04,254957,8,26538,60,0,81,938,6
106,281,979,20,1620,94,1022,44,8,66,5,77,9,03,254785,0,26534,43,0,71,934,4
106,331,979,63,1621,23,1022,89,8,64,5,76,9,02,254591,8,26530,25,0,59,930,3
106,381,980,06,1621,51,1023,34,8,63,5,75,9,02,254378,9,26526,08,0,46,926,1
106,431,980,49,1621,80,1023,79,8,62,5,74,9,01,254151,4,26521,91,0,31,921,9
106,481,980,92,1622,09,1024,24,8,61,5,73,9,00,253937,8,26517,75,0,19,917,7
106,531,981,35,1622,37,1024,69,8,62,5,71,8,99,253867,5,26513,58,0,18,913,6
106,581,981,78,1622,66,1025,14,8,63,5,70,8,98,253962,6,26509,42,0,30,909,4
106,631,982,22,1622,94,1025,59,8,64,5,69,8,99,254096,1,26505,26,0,44,905,3
106,681,982,65,1623,23,1026,04,8,65,5,68,9,00,254220,2,26501,09,0,57,901,1
106,731,983,08,1623,51,1026,49,8,66,5,67,9,01,254325,3,26496,92,0,68,896,9
106,781,983,51,1623,79,1026,94,8,68,5,66,9,02,254409,4,26492,75,0,78,892,8
106,831,983,95,1624,08,1027,39,8,69,5,65,9,02,254473,4,26488,58,0,86,888,6
106,881,984,38,1624,36,1027,84,8,70,5,64,9,03,254519,2,26484,41,0,92,884,4
106,931,984,82,1624,64,1028,29,8,71,5,63,9,04,254548,0,26480,23,0,98,880,2
106,981,985,25,1624,92,1028,74,8,72,5,62,9,05,254562,2,26476,06,1,02,876,1
107,031,985,69,1625,20,1029,20,8,74,5,61,9,06,254563,4,26471,89,1,05,871,9
107,081,986,13,1625,48,1029,65,8,75,5,60,9,06,254553,6,26467,71,1,08,867,7
107,131,986,57,1625,76,1030,10,8,76,5,59,9,07,254534,4,26463,54,1,09,863,5
107,181,987,00,1626,04,1030,56,8,77,5,58,9,08,254507,2,26459,37,1,10,859,4
107,231,987,44,1626,32,1031,01,8,78,5,57,9,08,254473,4,26455,20,1,11,855,2
107,281,987,88,1626,60,1031,47,8,78,5,56,9,09,254433,9,26451,02,1,11,851,0
107,331,988,32,1626,88,1031,92,8,79,5,55,9,10,254388,3,26446,85,1,11,846,9
107,381,988,76,1627,15,1032,37,8,80,5,54,9,10,254336,0,26442,68,1,10,842,7
107,431,989,20,1627,43,1032,83,8,82,5,53,9,11,254277,1,26438,51,1,09,838,5
107,481,989,64,1627,71,1033,29,8,83,5,52,9,11,254210,3,26434,35,1,07,834,3
107,531,990,08,1627,98,1033,74,8,84,5,51,9,12,254134,6,26430,18,1,04,830,2
107,581,990,53,1628,26,1034,20,8,85,5,50,9,12,254049,5,26426,01,1,01,826,0
107,631,990,97,1628,53,1034,65,8,86,5,49,9,13,253954,2,26421,85,0,97,821,8
107,681,991,41,1628,81,1035,11,8,87,5,48,9,14,253847,3,26417,69,0,91,817,7
107,730,991,86,1629,08,1035,57,8,89,5,47,9,14,253729,8,26413,53,0,85,813,5
107,780,992,30,1629,35,1036,02,8,90,5,46,9,15,253602,3,26409,37,0,79,809,4
107,830,992,75,1629,63,1036,48,8,91,5,45,9,15,253469,0,26405,21,0,71,805,2
107,880,993,19,1629,90,1036,94,8,93,5,44,9,16,253336,9,26401,06,0,64,801,1
107,930,993,64,1630,17,1037,40,8,94,5,43,9,17,253220,9,26396,90,0,59,796,9
107,980,994,09,1630,44,1037,86,8,94,5,42,9,17,253144,0,26392,75,0,56,792,8
108,030,994,53,1630,71,1038,32,8,93,5,41,9,18,253114,0,26388,61,0,58,788,6
108,080,994,98,1630,98,1038,77,8,91,5,39,9,19,253113,0,26384,46,0,61,784,5
108,130,995,42,1631,25,1039,23,8,90,5,38,9,19,253123,3,26380,30,0,66,780,3
108,180,995,87,1631,52,1039,69,8,89,5,37,9,20,253133,3,26376,16,0,70,776,2
108,230,996,31,1631,79,1040,15,8,88,5,36,9,21,253137,0,26372,01,0,73,772,0
108,280,996,76,1632,06,1040,61,8,86,5,35,9,22,253133,1,26367,86,0,77,767,9
108,330,997,20,1632,32,1041,08,8,85,5,34,9,23,253122,0,26363,71,0,79,763,7
108,380,997,64,1632,59,1041,54,8,84,5,33,9,23,253106,1,26359,56,0,81,759,6
108,430,998,08,1632,86,1042,00,8,83,5,32,9,24,253090,0,26355,41,0,83,755,4
108,480,998,52,1633,12,1042,46,8,82,5,31,9,25,253079,5,26351,26,0,86,751,3
108,530,998,96,1633,39,1042,92,8,80,5,30,9,24,253074,2,26347,11,0,89,747,1
108,580,999,40,1633,65,1043,39,8,79,5,29,9,23,253070,3,26342,96,0,92,743,0
108,630,999,84,1633,92,1043,85,8,78,5,28,9,22,253064,0,26338,81,0,96,738,8
108,680,1000,28,1634,18,1044,31,8,77,5,27,9,21,253053,0,26334,66,0,98,734,7
108,730,1000,72,1634,44,1044,77,8,76,5,26,9,20,253036,3,26330,51,1,00,730,5
108,780,1001,16,1634,71,1045,23,8,75,5,25,9,19,253013,0,26326,37,1,02,726,4
108,830,1001,60,1634,97,1045,69,8,74,5,24,9,18,252982,3,26322,22,1,03,722,2
108,880,1002,03,1635,23,1046,15,8,73,5,23,9,18,252943,5,26318,07,1,04,718,1
108,930,1002,47,1635,49,1046,60,8,72,5,22,9,17,252895,6,26313,93,1,03,713,9
108,980,1002,91,1635,75,1047,06,8,71,5,21,9,16,252838,3,26309,78,1,02,709,8
109,030,1003,34,1636,01,1047,52,8,70,5,20,9,15,252770,9,26305,63,1,01,705,6
109,080,1003,78,1636,27,1047,98,8,68,5,19,9,15,252692,9,26301,49,0,98,701,5
109,130,1004,21,1636,53,1048,44,8,67,5,18,9,14,252604,3,26297,35,0,95,697,3
109,180,1004,64,1636,79,1048,89,8,66,5,17,9,14,252504,7,26293,21,0,90,693,2
109,230,1005,08,1637,05,1049,35,8,65,5,16,9,13,252395,3,26289,07,0,85,689,1
109,280,1005,51,1637,31,1049,81,8,63,5,15,9,12,252278,6,26284,93,0,80,684,9
109,330,1005,94,1637,56,1050,26,8,62,5,13,9,12,252158,4,26280,80,0,74,680,8
109,380,1006,37,1637,82,1050,72,8,61,5,12,9,11,252043,4,26276,67,0,68,676,7
109,430,1006,80,1638,08,1051,17,8,59,5,11,9,11,251947,5,26272,54,0,65,672,5
109,480,1007,23,1638,33,1051,63,8,58,5,10,9,10,251891,1,26268,41,0,64,668,4
109,529,1007,66,1638,59,1052,08,8,60,5,09,9,09,251886,1,26264,28,0,67,664,3
109,579,1008,09,1638,84,1052,54,8,61,5,08,9,09,251910,0,26260,15,0,72,660,1
109,629,1008,52,1639,09,1052,99,8,62,5,07,9,08,251944,4,26256,02,0,79,656,0
109,679,1008,95,1639,35,1053,45,8,63,5,06,9,08,251978,6,26251,88,0,84,651,9
109,729,1009,38,1639,60,1053,90,8,65,5,05,9,07,252006,0,26247,75,0,90,647,8
109,779,1009,82,1639,85,1054,35,8,66,5,04,9,06,252023,9,26243,62,0,94,643,6
109,829,1010,25,1640,10,1054,81,8,67,5,03,9,06,252030,9,26239,49,0,98,639,5
109,879,1010,68,1640,35,1055,26,8,68,5,02,9,05,252027,2,26235,36,1,01,635,4
109,929,1011,12,1640,60,1055,71,8,69,5,01,9,04,252012,8,26231,23,1,03,631,2
109,979,1011,55,1640,85,1056,16,8,71,5,00,9,03,251988,5,26227,10,1,04,627,1
110,029,1011,99,1641,10,1056,61,8,72,4,99,9,03,251954,7,26222,96,1,05,623,0
110,079,1012,42,1641,35,1057,07,8,73,4,98,9,02,251912,4,26218,83,1,05,618,8
110,129,1012,86,1641,60,1057,52,8,73,4,97,9,01,251861,8,26214,71,1,04,614,7
110,179,1013,30,1641,85,1057,97,8,74,4,95,9,00,251803,9,26210,58,1,03,610,6
110,229,1013,73,1642,10,1058,42,8,75,4,94,8,99,251738,9,26206,45,1,01,606,4
110,279,1014,17,1642,34,1058,87,8,76,4,93,8,99,251666,9,26202,32,0,99,602,3
110,329,1014,61,1642,59,1059,31,8,77,4,92,8,98,251587,7,26198,20,0,96,598,2
110,379,1015,05,1642,84,1059,76,8,78,4,91,8,97,251500,4,26194,07,0,93,594,1
110,429,1015,49,1643,08,1060,21,8,79,4,90,8,96,251405,6,26189,95,0,88,590,0
110,479,1015,93,1643,33,1060,66,8,80,4,89,8,95,251305,0,26185,83,0,84,585,8
110,529,1016,37,1643,57,1061,11,8,81,4,88,8,94,251201,1,26181,71,0,79,581,7
110,579,1016,81,1643,81,1061,55,8,82,4,87,8,93,251099,9,26177,59,0,74,577,6
110,629,1017,25,1644,06,1062,00,8,83,4,86,8,94,251009,4,26173,48,0,70,573,5
110,679,1017,69,1644,30,1062,45,8,85,4,85,8,95,250924,3,26169,37,0,67,569,4
110,729,1018,14,1644,54,1062,89,8,86,4,84,8,95,250840,4,26165,25,0,63,565,3
110,779,1018,58,1644,78,1063,34,8,87,4,83,8,96,250756,9,26161,14,0,60,561,1
110,829,1019,02,1645,03,1063,79,8,88,4,81,8,97,250676,0,26157,03,0,57,557,0
110,879,1019,47,1645,27,1064,24,8,89,4,80,8,98,250606,4,26152,92,0,54,552,9
110,929,1019,91,1645,51,1064,69,8,91,4,79,8,99,250561,0,26148,81,0,54,548,8
110,979,1020,36,1645,74,1065,14,8,91,4,78,8,99,250555,7,26144,71,0,57,544,7
111,029,1020,80,1645,98,1065,59,8,90,4,77,9,00,250590,6,26140,60,0,64,540,6
111,079,1021,25,1646,22,1066,04,8,89,4,76,9,01,250643,4,26136,49,0,71,536,5
111,129,1021,69,1646,46,1066,49,8,87,4,75,9,02,250697,4,26132,38,0,79,532,4
111,179,1022,14,1646,70,1066,94,8,86,4,74,9,02,250744,2,26128,27,0,86,528,3
111,229,1022,58,1646,93,1067,39,8,85,4,72,9,03,250780,1,26124,16,0,92,524,2
111,279,1023,02,1647,17,1067,84,8,84,4,71,9,04,250804,1,26120,05,0,97,520,0
111,329,1023,46,1647,40,1068,29,8,82,4,70,9,04,250816,1,26115,93,1,01,515,9
111,378,1023,90,1647,64,1068,75,8,81,4,69,9,05,250816,8,26111,82,1,04,511,8
111,428,1024,34,1647,87,1069,20,8,80,4,68,9,06,250807,5,26107,71,1,07,507,7
111,478,1024,78,1648,11,1069,65,8,79,4,67,9,07,250789,3,26103,60,1,09,503,6
111,528,1025,22,1648,34,1070,11,8,78,4,66,9,07,250763,4,26099,49,1,10,499,5
111,578,1025,66,1648,57,1070,56,8,77,4,65,9,08,250730,8,26095,38,1,10,495,4
111,628,1026,10,1648,81,1071,01,8,76,4,64,9,09,250692,6,26091,27,1,11,491,3
111,678,1026,54,1649,04,1071,47,8,75,4,63,9,09,250649,0,26087,16,1,11,487,2
111,728,1026,97,1649,27,1071,92,8,74,4,62,9,10,250600,3,26083,05,1,10,483,0
111,778,1027,41,1649,50,1072,38,8,73,4,61,9,11,250546,0,26078,94,1,09,478,9
111,828,1027,85,1649,73,1072,83,8,72,4,60,9,11,250484,6,26074,83,1,08,474,8
111,878,1028,28,1649,96,1073,29,8,71,4,59,9,12,250414,9,26070,73,1,05,470,7
111,928,1028,72,1650,19,1073,75,8,70,4,58,9,13,250335,6,26066,62,1,02,466,6
111,978,1029,15,1650,42,1074,20,8,69,4,57,9,14,250245,3,26062,52,0,98,462,5
112,028,1029,59,1650,65,1074,66,8,68,4,56,9,15,250142,0,26058,42,0,94,458,4
112,078,1030,02,1650,87,1075,12,8,67,4,55,9,15,250024,4,26054,32,0,88,454,3
112,128,1030,45,1651,10,1075,57,8,65,4,54,9,16,249890,2,26050,22,0,80,450,2
112,178,1030,89,1651,33,1076,03,8,64,4,53,9,17,249738,4,26046,13,0,71,446,1
112,228,1031,32,1651,55,1076,49,8,63,4,52,9,18,249566,8,26042,03,0,61,442,0
112,278,1031,75,1651,78,1076,95,8,62,4,50,9,19,249375,1,26037,94,0,49,437,9
112,328,1032,18,1652,01,1077,41,8,61,4,49,9,20,249162,9,26033,86,0,35,433,9
112,378,1032,61,1652,23,1077,87,8,59,4,48,9,20,248936,2,26029,77,0,20,429,8
112,428,1033,04,1652,45,1078,33,8,59,4,47,9,21,248755,1,26025,69,0,10,425,7
112,478,1033,47,1652,68,1078,79,8,60,4,46,9,22,248817,4,26021,62,0,20,421,6
112,528,1033,90,1652,90,1079,25,8,61,4,44,9,21,248956,2,26017,54,0,34,417,5
112,578,1034,33,1653,12,1079,71,8,62,4,43,9,20,249084,3,26013,45,0,48,413,5
112,628,1034,76,1653,34,1080,17,8,63,4,42,9,19,249191,2,26009,37,0,59,409,4
112,678,1035,19,1653,56,1080,63,8,65,4,41,9,18,249277,3,26005,28,0,69,405,3
112,728,1035,63,1653,78,1081,09,8,66,4,40,9,17,249343,6,26001,20,0,77,401,2
112,778,1036,06,1654,00,1081,55,8,67,4,39,9,16,249391,4,25997,11,0,84,397,1
112,828,1036,49,1654,22,1082,01,8,68,4,38,9,15,249422,6,25993,02,0,90,393,0
112,878,1036,93,1654,44,1082,46,8,69,4,36,9,15,249439,4,25988,93,0,94,388,9
112,928,1037,36,1654,66,1082,92,8,70,4,35,9,14,249443,5,25984,84,0,97,384,8
112,978,1037,80,1654,88,1083,38,8,71,4,34,9,13,249436,9,25980,75,1,00,380,7
113,028,1038,23,1655,09,1083,83,8,72,4,33,9,12,249420,7,25976,66,1,02,376,7
113,078,1038,67,1655,31,1084,29,8,73,4,32,9,11,249396,8,25972,57,1,03,372,6
113,128,1039,10,1655,52,1084,74,8,73,4,31,9,11,249366,1,25968,48,1,04,368,5
113,177,1039,54,1655,74,1085,20,8,74,4,30,9,10,249330,1,25964,39,1,04,364,4
113,227,1039,98,1655,95,1085,65,8,75,4,29,9,09,249288,6,25960,31,1,04,360,3
113,277,1040,42,1656,17,1086,11,8,76,4,28,9,08,249241,5,25956,22,1,04,356,2
113,327,1040,86,1656,38,1086,56,8,77,4,27,9,08,249188,1,25952,14,1,03,352,1
113,377,1041,29,1656,60,1087,02,8,78,4,26,9,07,249128,0,25948,05,1,01,348,1
113,427,1041,73,1656,81,1087,47,8,79,4,25,9,06,249060,4,25943,97,0,99,344,0
113,477,1042,17,1657,02,1087,92,8,80,4,24,9,06,248984,6,25939,88,0,96,339,9
113,527,1042,61,1657,23,1088,38,8,81,4,23,9,05,248899,5,25935,80,0,92,335,8
113,577,1043,05,1657,44,1088,83,8,82,4,22,9,04,248804,7,25931,72,0,88,331,7
113,627,1043,50,1657,66,1089,28,8,83,4,21,9,04,248700,5,25927,65,0,83,327,6
113,677,1043,94,1657,87,1089,73,8,85,4,20,9,03,248587,3,25923,57,0,77,323,6
113,727,1044,38,1658,07,1090,18,8,86,4,19,9,02,248468,9,25919,50,0,71,319,5
113,777,1044,82,1658,28,1090,63,8,87,4,17,9,02,248350,5,25915,42,0,65,315,4
113,827,1045,27,1658,49,1091,08,8,88,4,16,9,01,248243,6,25911,35,0,60,311,4
113,877,1045,71,1658,70,1091,54,8,89,4,15,9,00,248167,1,25907,28,0,57,307,3
113,927,1046,16,1658,91,1091,99,8,87,4,14,9,00,248129,8,25903,22,0,58,303,2
113,977,1046,60,1659,11,1092,43,8,86,4,13,8,99,248119,3,25899,15,0,60,299,1
114,027,1047,04,1659,32,1092,88,8,85,4,12,8,98,248118,9,25895,08,0,64,295,1
114,077,1047,48,1659,53,1093,33,8,84,4,11,8,97,248119,0,25891,01,0,67,291,0
114,127,1047,93,1659,73,1093,78,8,82,4,09,8,97,248113,8,25886,95,0,70,286,9
114,177,1048,37,1659,93,1094,23,8,81,4,08,8,96,248100,6,25882,88,0,72,282,9
114,227,1048,81,1660,14,1094,68,8,80,4,07,8,95,248078,9,25878,81,0,74,278,8
114,277,1049,25,1660,34,1095,12,8,79,4,06,8,94,248050,1,25874,74,0,75,274,7
114,327,1049,69,1660,54,1095,57,8,78,4,05,8,94,248016,9,25870,68,0,76,270,7
114,377,1050,12,1660,75,1096,02,8,77,4,04,8,93,247983,3,25866,61,0,76,266,6
114,427,1050,56,1660,95,1096,46,8,76,4,03,8,92,247955,6,25862,55,0,78,262,5
114,477,1051,00,1661,15,1096,91,8,75,4,02,8,93,247937,9,25858,48,0,79,258,5
114,527,1051,44,1661,35,1097,36,8,74,4,00,8,94,247924,3,25854,42,0,81,254,4
114,577,1051,87,1661,55,1097,81,8,73,3,99,8,95,247910,6,25850,35,0,84,250,4
114,627,1052,31,1661,75,1098,25,8,72,3,98,8,95,247894,6,25846,29,0,85,246,3
114,677,1052,75,1661,95,1098,70,8,72,3,97,8,96,247874,9,25842,22,0,87,242,2
114,727,1053,18,1662,15,1099,15,8,71,3,96,8,97,247849,0,25838,16,0,88,238,2
114,777,1053,62,1662,34,1099,60,8,70,3,95,8,98,247816,8,25834,10,0,89,234,1
114,827,1054,05,1662,54,1100,05,8,69,3,94,8,98,247776,7,25830,04,0,89,230,0
114,877,1054,49,1662,74,1100,50,8,68,3,93,8,99,247728,3,25825,97,0,88,226,0
114,927,1054,92,1662,93,1100,95,8,67,3,92,8,99,247670,7,25821,91,0,87,221,9
114,976,1055,35,1663,13,1101,40,8,66,3,91,9,00,247603,5,25817,85,0,84,217,9
115,026,1055,79,1663,33,1101,85,8,65,3,90,9,01,247526,8,25813,79,0,81,213,8
115,076,1056,22,1663,52,1102,30,8,63,3,88,9,01,247440,0,25809,74,0,78,209,7
115,126,1056,65,1663,71,1102,75,8,62,3,87,9,02,247344,3,25805,68,0,73,205,7
115,176,1057,08,1663,91,1103,20,8,61,3,86,9,02,247241,4,25801,63,0,68,201,6
115,226,1057,51,1664,10,1103,65,8,60,3,85,9,03,247135,2,25797,58,0,63,197,6
115,276,1057,94,1664,29,1104,10,8,59,3,84,9,03,247033,6,25793,53,0,58,193,5
115,326,1058,37,1664,48,1104,55,8,58,3,83,9,04,246949,8,25789,48,0,55,189,5
115,376,1058,80,1664,67,1105,00,8,57,3,82,9,04,246903,2,25785,43,0,55,185,4
115,426,1059,23,1664,87,1105,46,8,58,3,80,9,04,246900,3,25781,38,0,58,181,4
115,476,1059,66,1665,06,1105,91,8,59,3,79,9,05,246920,0,25777,33,0,63,177,3
115,526,1060,08,1665,24,1106,36,8,61,3,78,9,05,246947,4,25773,28,0,68,173,3
115,576,1060,52,1665,43,1106,81,8,62,3,77,9,06,246973,5,25769,23,0,73,169,2
115,626,1060,95,1665,62,1107,27,8,63,3,76,9,06,246993,7,25765,19,0,77,165,2
115,676,1061,38,1665,81,1107,72,8,64,3,75,9,07,247005,7,25761,14,0,81,161,1
115,726,1061,81,1666,00,1108,17,8,65,3,74,9,07,247009,5,25757,09,0,84,157,1
115,776,1062,24,1666,18,1108,63,8,66,3,73,9,08,247004,6,25753,04,0,87,153,0
115,826,1062,68,1666,37,1109,08,8,67,3,71,9,08,246991,4,25748,99,0,89,149,0
115,876,1063,11,1666,55,1109,54,8,68,3,70,9,08,246970,7,25744,94,0,90,144,9
115,926,1063,54,1666,74,1109,99,8,69,3,69,9,09,246943,3,25740,89,0,91,140,9
115,976,1063,98,1666,92,1110,44,8,70,3,68,9,09,246909,4,25736,84,0,91,136,8
116,026,1064,41,1667,11,1110,90,8,70,3,67,9,10,246869,7,25732,79,0,91,132,8
116,076,1064,85,1667,29,1111,35,8,71,3,66,9,10,246824,9,25728,75,0,90,128,7
116,126,1065,29,1667,47,1111,81,8,72,3,65,9,11,246775,1,25724,70,0,89,124,7
116,176,1065,72,1667,66,1112,26,8,73,3,64,9,12,246719,4,25720,66,0,88,120,7
116,226,1066,16,1667,84,1112,72,8,74,3,63,9,12,246656,8,25716,61,0,86,116,6
116,276,1066,59,1668,02,1113,18,8,74,3,62,9,13,246586,3,25712,57,0,83,112,6
116,326,1067,03,1668,20,1113,63,8,75,3,61,9,13,246506,7,25708,53,0,80,108,5
116,376,1067,47,1668,38,1114,09,8,76,3,60,9,14,246416,6,25704,49,0,76,104,5
116,426,1067,91,1668,56,1114,55,8,77,3,58,9,15,246315,3,25700,45,0,70,100,4
116,476,1068,35,1668,74,1115,01,8,78,3,57,9,15,246200,9,25696,41,0,64,96,4
116,526,1068,79,1668,92,1115,46,8,79,3,56,9,16,246074,1,25692,38,0,57,92,4
116,576,1069,23,1669,09,1115,92,8,80,3,55,9,17,245934,4,25688,34,0,49,88,3
116,626,1069,67,1669,27,1116,38,8,81,3,54,9,17,245785,4,25684,31,0,40,84,3
116,676,1070,11,1669,45,1116,84,8,82,3,53,9,17,245637,7,25680,29,0,31,80,3
116,726,1070,55,1669,62,1117,30,8,83,3,51,9,17,245510,3,25676,26,0,24,76,3
116,776,1070,99,1669,80,1117,76,8,84,3,50,9,16,245434,2,25672,23,0,22,72,2
116,825,1071,43,1669,97,1118,21,8,85,3,49,9,15,245444,3,25668,21,0,26,68,2
116,875,1071,88,1670,15,1118,67,8,84,3,48,9,15,245514,3,25664,19,0,35,64,2
116,925,1072,32,1670,32,1119,13,8,82,3,46,9,14,245593,4,25660,16,0,45,60,2
116,975,1072,76,1670,49,1119,58,8,81,3,45,9,13,245663,2,25656,13,0,53,56,1
117,025,1073,20,1670,67,1120,04,8,80,3,44,9,13,245719,2,25652,11,0,61,52,1
117,075,1073,64,1670,84,1120,50,8,79,3,43,9,12,245761,0,25648,08,0,68,48,1
117,125,1074,08,1671,01,1120,95,8,78,3,42,9,11,245789,5,25644,05,0,73,44,0
117,175,1074,52,1671,18,1121,41,8,77,3,41,9,11,245804,8,25640,02,0,77,40,0
117,225,1074,95,1671,35,1121,86,8,76,3,40,9,10,245808,8,25635,99,0,81,36,0
117,275,1075,39,1671,52,1122,32,8,75,3,39,9,09,245803,3,25631,96,0,83,32,0
117,325,1075,83,1671,69,1122,77,8,74,3,37,9,09,245789,0,25627,93,0,85,27,9
117,375,1076,27,1671,86,1123,23,8,73,3,36,9,08,245767,4,25623,90,0,87,23,9
117,425,1076,70,1672,03,1123,68,8,73,3,35,9,08,245739,7,25619,87,0,88,19,9
117,475,1077,14,1672,19,1124,13,8,72,3,34,9,07,245706,9,25615,84,0,88,15,8
117,525,1077,57,1672,36,1124,59,8,71,3,33,9,06,245669,5,25611,81,0,89,11,8
117,575,1078,01,1672,53,1125,04,8,70,3,32,9,06,245628,6,25607,79,0,88,7,8
117,625,1078,44,1672,69,1125,49,8,69,3,31,9,05,245583,2,25603,76,0,88,3,8
117,675,1078,88,1672,86,1125,95,8,69,3,30,9,05,245533,5,25600,00,0,87,0,0
117,725,1079,31,1673,01,1126,40,8,69,2,81,9,05,0,0,25600,00,0,86,0,0
117,775,1079,75,1673,14,1126,85,8,69,2,32,9,05,0,0,25600,00,0,85,0,0
117,825,1080,18,1673,24,1127,30,8,68,1,83,9,05,0,0,25600,00,0,84,0,0
117,875,1080,62,1673,32,1127,76,8,68,1,34,9,05,0,0,25600,00,0,84,0,0
117,925,1081,05,1673,38,1128,21,8,68,0,85,9,05,0,0,25600,00,0,83,0,0
117,975,1081,49,1673,41,1128,66,8,68,0,36,9,05,0,0,25600,00,0,82,0,0
118,025,1081,92,1673,41,1129,12,8,68,-0,13,9,05,0,0,25600,00,0,81,0,0
118,075,1082,36,1673,39,1129,57,8,68,-0,62,9,05,0,0,25600,00,0,80,0,0
118,125,1082,79,1673,35,1130,02,8,68,-1,11,9,05,0,0,25600,00,0,79,0,0
118,175,1083,23,1673,28,1130,47,8,68,-1,60,9,05,0,0,25600,00,0,78,0,0
118,225,1083,66,1673,19,1130,93,8,68,-2,09,9,04,0,0,25600,00,0,77,0,0
118,275,1084,09,1673,07,1131,38,8,68,-2,58,9,04,0,0,25600,00,0,77,0,0
118,325,1084,53,1672,93,1131,83,8,68,-3,07,9,04,0,0,25600,00,0,76,0,0
118,375,1084,96,1672,77,1132,28,8,68,-3,56,9,04,0,0,25600,00,0,75,0,0
118,425,1085,40,1672,57,1132,73,8,68,-4,05,9,04,0,0,25600,00,0,74,0,0
118,475,1085,83,1672,36,1133,18,8,68,-4,54,9,04,0,0,25600,00,0,73,0,0
118,525,1086,27,1672,12,1133,64,8,68,-5,03,9,04,0,0,25600,00,0,73,0,0
118,575,1086,70,1671,86,1134,09,8,68,-5,52,9,04,0,0,25600,00,0,72,0,0
118,624,1087,14,1671,57,1134,54,8,68,-6,01,9,04,0,0,25600,00,0,71,0,0
118,674,1087,57,1671,26,1134,99,8,68,-6,50,9,04,0,0,25600,00,0,70,0,0
118,724,1088,01,1670,92,1135,44,8,68,-6,99,9,04,0,0,25600,00,0,70,0,0
118,774,1088,44,1670,56,1135,89,8,68,-7,48,9,04,0,0,25600,00,0,69,0,0
118,824,1088,87,1670,17,1136,34,8,68,-7,97,9,04,0,0,25600,00,0,68,0,0
118,874,1089,31,1669,76,1136,80,8,68,-8,46,9,04,0,0,25600,00,0,68,0,0
118,924,1089,74,1669,33,1137,25,8,68,-8,95,9,04,0,0,25600,00,0,67,0,0
118,974,1090,17,1668,87,1137,70,8,68,-9,44,9,04,0,0,25600,00,0,66,0,0
119,024,1090,61,1668,38,1138,15,8,68,-9,93,9,04,0,0,25600,00,0,66,0,0
119,074,1091,04,1667,87,1138,60,8,68,-10,42,9,04,0,0,25600,00,0,65,0,0
119,124,1091,47,1667,34,1139,05,8,68,-10,90,9,04,0,0,25600,00,0,64,0,0
119,174,1091,91,1666,78,1139,51,8,68,-11,39,9,04,0,0,25600,00,0,64,0,0
119,224,1092,34,1666,20,1139,96,8,68,-11,88,9,04,0,0,25600,00,0,63,0,0
119,274,1092,77,1665,59,1140,41,8,67,-12,37,9,04,0,0,25600,00,0,63,0,0
119,324,1093,21,1664,96,1140,86,8,67,-12,86,9,04,0,0,25600,00,0,62,0,0
119,374,1093,64,1664,31,1141,31,8,67,-13,35,9,04,0,0,25600,00,0,62,0,0
119,424,1094,07,1663,63,1141,76,8,67,-13,84,9,03,0,0,25600,00,0,61,0,0
119,474,1094,51,1662,92,1142,22,8,67,-14,33,9,03,0,0,25600,00,0,61,0,0
119,524,1094,94,1662,19,1142,67,8,67,-14,81,9,03,0,0,25600,00,0,60,0,0
119,574,1095,37,1661,44,1143,12,8,67,-15,30,9,03,0,0,25600,00,0,60,0,0
119,624,1095,81,1660,66,1143,57,8,67,-15,79,9,03,0,0,25600,00,0,60,0,0
119,674,1096,24,1659,86,1144,02,8,67,-16,28,9,03,0,0,25600,00,0,59,0,0
119,724,1096,67,1659,03,1144,47,8,67,-16,77,9,03,0,0,25600,00,0,59,0,0
119,774,1097,11,1658,18,1144,93,8,67,-17,25,9,03,0,0,25600,00,0,59,0,0
119,824,1097,54,1657,31,1145,38,8,67,-17,74,9,03,0,0,25600,00,0,58,0,0
119,874,1097,97,1656,41,1145,83,8,67,-18,23,9,03,0,0,25600,00,0,58,0,0
119,924,1098,41,1655,48,1146,28,8,67,-18,72,9,03,0,0,25600,00,0,58,0,0
119,974,1098,84,1654,54,1146,73,8,67,-19,20,9,03,0,0,25600,00,0,57,0,0
120,024,1099,27,1653,56,1147,18,8,66,-19,69,9,03,0,0,25600,00,0,57,0,0
120,074,1099,71,1652,57,1147,64,8,66,-20,18,9,03,0,0,25600,00,0,57,0,0
120,124,1100,14,1651,55,1148,09,8,66,-20,67,9,02,0,0,25600,00,0,57,0,0
120,174,1100,57,1650,50,1148,54,8,66,-21,15,9,02,0,0,25600,00,0,57,0,0
120,224,1101,01,1649,43,1148,99,8,66,-21,64,9,02,0,0,25600,00,0,56,0,0
120,274,1101,44,1648,34,1149,44,8,66,-22,13,9,02,0,0,25600,00,0,56,0,0
120,324,1101,87,1647,22,1149,89,8,66,-22,61,9,02,0,0,25600,00,0,56,0,0
120,374,1102,31,1646,08,1150,35,8,66,-23,10,9,02,0,0,25600,00,0,56,0,0
120,424,1102,74,1644,91,1150,80,8,66,-23,58,9,02,0,0,25600,00,0,56,0,0
120,473,1103,17,1643,72,1151,25,8,66,-24,07,9,02,0,0,25600,00,0,56,0,0
120,523,1103,61,1642,50,1151,70,8,66,-24,56,9,02,0,0,25600,00,0,56,0,0
120,573,1104,04,1641,26,1152,15,8,66,-25,04,9,02,0,0,25600,00,0,56,0,0
120,623,1104,47,1640,00,1152,60,8,65,-25,53,9,02,0,0,25600,00,0,56,0,0
120,673,1104,91,1638,71,1153,05,8,65,-26,01,9,01,0,0,25600,00,0,56,0,0
120,723,1105,34,1637,40,1153,50,8,65,-26,50,9,01,0,0,25600,00,0,56,0,0
120,773,1105,77,1636,06,1153,95,8,65,-26,98,9,01,0,0,25600,00,0,56,0,0
120,823,1106,20,1634,70,1154,40,8,65,-27,47,9,01,0,0,25600,00,0,56,0,0
120,873,1106,63,1633,31,1154,85,8,65,-27,95,9,01,0,0,25600,00,0,56,0,0
120,923,1107,07,1631,90,1155,30,8,65,-28,43,9,01,0,0,25600,00,0,56,0,0
120,973,1107,50,1630,47,1155,75,8,65,-28,92,9,01,0,0,25600,00,0,56,0,0
121,023,1107,93,1629,01,1156,20,8,65,-29,40,9,01,0,0,25600,00,0,57,0,0
121,073,1108,36,1627,53,1156,65,8,65,-29,89,9,01,0,0,25600,00,0,57,0,0
121,123,1108,79,1626,02,1157,10,8,64,-30,37,9,00,0,0,25600,00,0,57,0,0
121,173,1109,23,1624,49,1157,55,8,64,-30,85,9,00,0,0,25600,00,0,57,0,0
121,223,1109,66,1622,94,1158,00,8,64,-31,34,9,00,0,0,25600,00,0,57,0,0
121,273,1110,09,1621,36,1158,45,8,64,-31,82,9,00,0,0,25600,00,0,58,0,0
121,323,1110,52,1619,76,1158,90,8,64,-32,30,9,00,0,0,25600,00,0,58,0,0
121,373,1110,96,1618,13,1159,35,8,64,-32,78,9,00,0,0,25600,00,0,58,0,0
121,423,1111,39,1616,48,1159,80,8,64,-33,27,9,00,0,0,25600,00,0,58,0,0
121,473,1111,82,1614,80,1160,25,8,64,-33,75,9,00,0,0,25600,00,0,59,0,0
121,523,1112,25,1613,10,1160,70,8,63,-34,23,8,99,0,0,25600,00,0,59,0,0
121,573,1112,68,1611,38,1161,15,8,63,-34,71,8,99,0,0,25600,00,0,59,0,0
121,623,1113,12,1609,63,1161,60,8,63,-35,19,8,99,0,0,25600,00,0,60,0,0
121,673,1113,55,1607,86,1162,05,8,63,-35,67,8,99,0,0,25600,00,0,60,0,0
121,723,1113,98,1606,06,1162,50,8,63,-36,15,8,99,0,0,25600,00,0,60,0,0
121,773,1114,41,1604,24,1162,95,8,63,-36,63,8,99,0,0,25600,00,0,61,0,0
121,823,1114,84,1602,40,1163,40,8,63,-37,11,8,99,0,0,25600,00,0,61,0,0
121,873,1115,27,1600,53,1163,85,8,63,-37,59,8,98,0,0,25600,00,0,61,0,0
121,923,1115,70,1598,64,1164,30,8,62,-38,07,8,98,0,0,25600,00,0,62,0,0
121,973,1116,13,1596,73,1164,75,8,62,-38,55,8,98,0,0,25600,00,0,62,0,0
122,023,1116,56,1594,79,1165,20,8,62,-39,03,8,98,0,0,25600,00,0,63,0,0
122,073,1117,00,1592,82,1165,65,8,62,-39,51,8,98,0,0,25600,00,0,63,0,0
122,123,1117,43,1590,84,1166,09,8,62,-39,99,8,98,0,0,25600,00,0,64,0,0
122,173,1117,86,1588,82,1166,54,8,62,-40,47,8,98,0,0,25600,00,0,64,0,0
122,223,1118,29,1586,79,1166,99,8,61,-40,95,8,97,0,0,25600,00,0,64,0,0
122,272,1118,72,1584,73,1167,44,8,61,-41,42,8,97,0,0,25600,00,0,65,0,0
122,322,1119,15,1582,65,1167,89,8,61,-41,90,8,97,0,0,25600,00,0,65,0,0
122,372,1119,58,1580,54,1168,34,8,61,-42,38,8,97,0,0,25600,00,0,66,0,0
122,422,1120,01,1578,41,1168,79,8,61,-42,86,8,97,0,0,25600,00,0,66,0,0
122,472,1120,44,1576,25,1169,23,8,61,-43,33,8,97,0,0,25600,00,0,67,0,0
122,522,1120,87,1574,08,1169,68,8,61,-43,81,8,96,0,0,25600,00,0,67,0,0
122,572,1121,30,1571,87,1170,13,8,60,-44,28,8,96,0,0,25600,00,0,68,0,0
122,622,1121,73,1569,65,1170,58,8,60,-44,76,8,96,0,0,25600,00,0,68,0,0
122,672,1122,16,1567,40,1171,03,8,60,-45,23,8,96,0,0,25600,00,0,69,0,0
122,722,1122,59,1565,12,1171,47,8,60,-45,71,8,96,0,0,25600,00,0,70,0,0
122,772,1123,02,1562,83,1171,92,8,60,-46,18,8,96,0,0,25600,00,0,70,0,0
122,822,1123,45,1560,51,1172,37,8,60,-46,66,8,95,0,0,25600,00,0,71,0,0
122,872,1123,88,1558,16,1172,82,8,59,-47,13,8,95,0,0,25600,00,0,71,0,0
122,922,1124,31,1555,79,1173,27,8,59,-47,61,8,95,0,0,25600,00,0,72,0,0
122,972,1124,74,1553,40,1173,71,8,59,-48,08,8,95,0,0,25600,00,0,72,0,0
123,022,1125,17,1550,98,1174,16,8,59,-48,55,8,95,0,0,25600,00,0,73,0,0
123,072,1125,60,1548,54,1174,61,8,59,-49,03,8,95,0,0,25600,00,0,74,0,0
123,122,1126,03,1546,08,1175,06,8,59,-49,50,8,94,0,0,25600,00,0,74,0,0
123,172,1126,46,1543,59,1175,50,8,58,-49,97,8,94,0,0,25600,00,0,75,0,0
123,222,1126,89,1541,08,1175,95,8,58,-50,44,8,94,0,0,25600,00,0,75,0,0
123,272,1127,32,1538,55,1176,40,8,58,-50,91,8,94,0,0,25600,00,0,76,0,0
123,322,1127,75,1535,99,1176,84,8,58,-51,39,8,94,0,0,25600,00,0,77,0,0
123,372,1128,17,1533,41,1177,29,8,58,-51,86,8,93,0,0,25600,00,0,77,0,0
123,422,1128,60,1530,81,1177,74,8,57,-52,33,8,93,0,0,25600,00,0,78,0,0
123,472,1129,03,1528,18,1178,18,8,57,-52,80,8,93,0,0,25600,00,0,78,0,0
123,522,1129,46,1525,53,1178,63,8,57,-53,27,8,93,0,0,25600,00,0,79,0,0
123,572,1129,89,1522,85,1179,08,8,57,-53,74,8,93,0,0,25600,00,0,80,0,0
123,622,1130,32,1520,15,1179,52,8,57,-54,20,8,92,0,0,25600,00,0,80,0,0
123,672,1130,75,1517,43,1179,97,8,56,-54,67,8,92,0,0,25600,00,0,81,0,0
123,722,1131,17,1514,69,1180,41,8,56,-55,14,8,92,0,0,25600,00,0,81,0,0
123,772,1131,60,1511,92,1180,86,8,56,-55,61,8,92,0,0,25600,00,0,82,0,0
123,822,1132,03,1509,13,1181,31,8,56,-56,08,8,92,0,0,25600,00,0,83,0,0
123,872,1132,46,1506,31,1181,75,8,56,-56,54,8,91,0,0,25600,00,0,83,0,0
123,922,1132,89,1503,47,1182,20,8,55,-57,01,8,91,0,0,25600,00,0,84,0,0
123,972,1133,31,1500,61,1182,64,8,55,-57,48,8,91,0,0,25600,00,0,85,0,0
124,022,1133,74,1497,72,1183,09,8,55,-57,94,8,91,0,0,25600,00,0,85,0,0
124,071,1134,17,1494,82,1183,53,8,55,-58,41,8,90,0,0,25600,00,0,86,0,0
124,121,1134,59,1491,88,1183,98,8,55,-58,87,8,90,0,0,25600,00,0,87,0,0
124,171,1135,02,1488,93,1184,42,8,54,-59,34,8,90,0,0,25600,00,0,87,0,0
124,221,1135,45,1485,95,1184,87,8,54,-59,80,8,90,0,0,25600,00,0,88,0,0
124,271,1135,88,1482,95,1185,31,8,54,-60,26,8,90,0,0,25600,00,0,88,0,0
124,321,1136,30,1479,92,1185,76,8,54,-60,73,8,89,0,0,25600,00,0,89,0,0
124,371,1136,73,1476,88,1186,20,8,53,-61,19,8,89,0,0,25600,00,0,90,0,0
124,421,1137,16,1473,80,1186,65,8,53,-61,65,8,89,0,0,25600,00,0,90,0,0
124,471,1137,58,1470,71,1187,09,8,53,-62,12,8,89,0,0,25600,00,0,91,0,0
124,521,1138,01,1467,59,1187,54,8,53,-62,58,8,88,0,0,25600,00,0,92,0,0
124,571,1138,44,1464,45,1187,98,8,53,-63,04,8,88,0,0,25600,00,0,92,0,0
124,621,1138,86,1461,29,1188,42,8,52,-63,50,8,88,0,0,25600,00,0,93,0,0
124,671,1139,29,1458,10,1188,87,8,52,-63,96,8,88,0,0,25600,00,0,94,0,0
124,721,1139,71,1454,89,1189,31,8,52,-64,42,8,87,0,0,25600,00,0,94,0,0
124,771,1140,14,1451,66,1189,76,8,52,-64,88,8,87,0,0,25600,00,0,95,0,0
124,821,1140,57,1448,40,1190,20,8,51,-65,34,8,87,0,0,25600,00,0,96,0,0
124,871,1140,99,1445,13,1190,64,8,51,-65,80,8,87,0,0,25600,00,0,96,0,0
124,921,1141,42,1441,83,1191,09,8,51,-66,25,8,86,0,0,25600,00,0,97,0,0
124,971,1141,84,1438,50,1191,53,8,51,-66,71,8,86,0,0,25600,00,0,98,0,0
125,021,1142,27,1435,15,1191,97,8,50,-67,17,8,86,0,0,25600,00,0,98,0,0
125,071,1142,69,1431,78,1192,41,8,50,-67,63,8,86,0,0,25600,00,0,99,0,0
125,121,1143,12,1428,39,1192,86,8,50,-68,08,8,85,0,0,25600,00,0,99,0,0
125,171,1143,54,1424,98,1193,30,8,50,-68,54,8,85,0,0,25600,00,1,00,0,0
125,221,1143,97,1421,54,1193,74,8,49,-68,99,8,85,0,0,25600,00,1,01,0,0
125,271,1144,39,1418,08,1194,19,8,49,-69,45,8,85,0,0,25600,00,1,01,0,0
125,321,1144,82,1414,59,1194,63,8,49,-69,90,8,84,0,0,25600,00,1,02,0,0
125,371,1145,24,1411,09,1195,07,8,49,-70,36,8,84,0,0,25600,00,1,03,0,0
125,421,1145,67,1407,56,1195,51,8,48,-70,81,8,84,0,0,25600,00,1,03,0,0
125,471,1146,09,1404,01,1195,95,8,48,-71,26,8,84,0,0,25600,00,1,04,0,0
125,521,1146,51,1400,43,1196,39,8,48,-71,72,8,83,0,0,25600,00,1,05,0,0
125,571,1146,94,1396,83,1196,84,8,48,-72,17,8,83,0,0,25600,00,1,05,0,0
125,621,1147,36,1393,21,1197,28,8,47,-72,62,8,83,0,0,25600,00,1,06,0,0
125,671,1147,78,1389,57,1197,72,8,47,-73,07,8,82,0,0,25600,00,1,07,0,0
125,721,1148,21,1385,91,1198,16,8,47,-73,52,8,82,0,0,25600,00,1,07,0,0
125,771,1148,63,1382,22,1198,60,8,47,-73,97,8,82,0,0,25600,00,1,08,0,0
125,821,1149,06,1378,51,1199,04,8,46,-74,42,8,82,0,0,25600,00,1,09,0,0
125,871,1149,48,1374,78,1199,48,8,46,-74,87,8,81,0,0,25600,00,1,09,0,0
125,920,1149,90,1371,02,1199,92,8,46,-75,32,8,81,0,0,25600,00,1,10,0,0
125,970,1150,32,1367,25,1200,36,8,45,-75,77,8,81,0,0,25600,00,1,10,0,0
126,020,1150,75,1363,45,1200,80,8,45,-76,21,8,80,0,0,25600,00,1,11,0,0
126,070,1151,17,1359,62,1201,25,8,45,-76,66,8,80,0,0,25600,00,1,12,0,0
126,120,1151,59,1355,78,1201,68,8,45,-77,11,8,80,0,0,25600,00,1,12,0,0
126,170,1152,01,1351,91,1202,12,8,44,-77,55,8,80,0,0,25600,00,1,13,0,0
126,220,1152,44,1348,03,1202,56,8,44,-78,00,8,79,0,0,25600,00,1,14,0,0
126,270,1152,86,1344,11,1203,00,8,44,-78,44,8,79,0,0,25600,00,1,14,0,0
126,320,1153,28,1340,18,1203,44,8,44,-78,89,8,79,0,0,25600,00,1,15,0,0
126,370,1153,70,1336,23,1203,88,8,43,-79,33,8,78,0,0,25600,00,1,16,0,0
126,420,1154,12,1332,25,1204,32,8,43,-79,77,8,78,0,0,25600,00,1,16,0,0
126,470,1154,54,1328,25,1204,76,8,43,-80,22,8,78,0,0,25600,00,1,17,0,0
126,520,1154,97,1324,23,1205,20,8,42,-80,66,8,78,0,0,25600,00,1,18,0,0
126,570,1155,39,1320,18,1205,64,8,42,-81,10,8,77,0,0,25600,00,1,18,0,0
126,620,1155,81,1316,12,1206,08,8,42,-81,54,8,77,0,0,25600,00,1,19,0,0
126,670,1156,23,1312,03,1206,51,8,41,-81,98,8,77,0,0,25600,00,1,19,0,0
126,720,1156,65,1307,92,1206,95,8,41,-82,42,8,76,0,0,25600,00,1,20,0,0
126,770,1157,07,1303,79,1207,39,8,41,-82,86,8,76,0,0,25600,00,1,21,0,0
126,820,1157,49,1299,63,1207,83,8,41,-83,30,8,76,0,0,25600,00,1,21,0,0
126,870,1157,91,1295,45,1208,27,8,40,-83,74,8,75,0,0,25600,00,1,22,0,0
126,920,1158,33,1291,26,1208,71,8,40,-84,18,8,75,0,0,25600,00,1,23,0,0
126,970,1158,75,1287,04,1209,14,8,40,-84,61,8,75,0,0,25600,00,1,23,0,0
127,020,1159,17,1282,80,1209,58,8,39,-85,05,8,74,0,0,25600,00,1,24,0,0
127,070,1159,59,1278,53,1210,02,8,39,-85,49,8,74,0,0,25600,00,1,24,0,0
127,120,1160,01,1274,25,1210,45,8,39,-85,92,8,74,0,0,25600,00,1,25,0,0
127,170,1160,43,1269,94,1210,89,8,38,-86,36,8,73,0,0,25600,00,1,26,0,0
127,220,1160,85,1265,61,1211,33,8,38,-86,79,8,73,0,0,25600,00,1,26,0,0
127,270,1161,27,1261,26,1211,76,8,38,-87,22,8,73,0,0,25600,00,1,27,0,0
127,320,1161,68,1256,89,1212,20,8,37,-87,66,8,72,0,0,25600,00,1,28,0,0
127,370,1162,10,1252,50,1212,64,8,37,-88,09,8,72,0,0,25600,00,1,28,0,0
127,420,1162,52,1248,08,1213,07,8,37,-88,52,8,72,0,0,25600,00,1,29,0,0
127,470,1162,94,1243,64,1213,51,8,37,-88,95,8,71,0,0,25600,00,1,29,0,0
127,520,1163,36,1239,18,1213,94,8,36,-89,38,8,71,0,0,25600,00,1,30,0,0
127,570,1163,78,1234,70,1214,38,8,36,-89,81,8,71,0,0,25600,00,1,31,0,0
127,620,1164,19,1230,20,1214,81,8,36,-90,24,8,70,0,0,25600,00,1,31,0,0
127,670,1164,61,1225,68,1215,25,8,35,-90,67,8,70,0,0,25600,00,1,32,0,0
127,719,1165,03,1221,14,1215,68,8,35,-91,10,8,70,0,0,25600,00,1,32,0,0
127,769,1165,45,1216,57,1216,12,8,35,-91,53,8,69,0,0,25600,00,1,33,0,0
127,819,1165,86,1211,98,1216,55,8,34,-91,95,8,69,0,0,25600,00,1,34,0,0
127,869,1166,28,1207,37,1216,99,8,34,-92,38,8,69,0,0,25600,00,1,34,0,0
127,919,1166,70,1202,74,1217,42,8,34,-92,81,8,68,0,0,25600,00,1,35,0,0
127,969,1167,12,1198,09,1217,86,8,33,-93,23,8,68,0,0,25600,00,1,35,0,0
128,019,1167,53,1193,42,1218,29,8,33,-93,66,8,68,0,0,25600,00,1,36,0,0
128,069,1167,95,1188,73,1218,72,8,33,-94,08,8,67,0,0,25600,00,1,37,0,0
128,119,1168,36,1184,01,1219,16,8,32,-94,50,8,67,0,0,25600,00,1,37,0,0
128,169,1168,78,1179,28,1219,59,8,32,-94,93,8,67,0,0,25600,00,1,38,0,0
128,220,1169,20,1174,52,1220,02,8,32,-95,35,8,66,0,0,25600,00,1,38,0,0
128,270,1169,61,1169,74,1220,46,8,31,-95,77,8,66,0,0,25600,00,1,39,0,0
128,320,1170,03,1164,94,1220,89,8,31,-96,19,8,66,0,0,25600,00,1,40,0,0
128,370,1170,44,1160,12,1221,32,8,31,-96,61,8,65,0,0,25600,00,1,40,0,0
128,420,1170,86,1155,28,1221,76,8,30,-97,03,8,65,0,0,25600,00,1,41,0,0
128,470,1171,27,1150,42,1222,19,8,30,-97,45,8,65,0,0,25600,00,1,41,0,0
128,520,1171,69,1145,54,1222,62,8,29,-97,87,8,64,0,0,25600,00,1,42,0,0
128,570,1172,10,1140,63,1223,05,8,29,-98,28,8,64,0,0,25600,00,1,43,0,0
128,620,1172,52,1135,71,1223,48,8,29,-98,70,8,63,0,0,25600,00,1,43,0,0
128,670,1172,93,1130,76,1223,92,8,28,-99,12,8,63,0,0,25600,00,1,44,0,0
128,720,1173,35,1125,80,1224,35,8,28,-99,53,8,63,0,0,25600,00,1,44,0,0
128,770,1173,76,1120,81,1224,78,8,28,-99,95,8,62,0,0,25600,00,1,45,0,0
128,820,1174,17,1115,80,1225,21,8,27,-100,36,8,62,0,0,25600,00,1,45,0,0
128,870,1174,59,1110,78,1225,64,8,27,-100,77,8,62,0,0,25600,00,1,46,0,0
128,920,1175,00,1105,73,1226,07,8,27,-101,19,8,61,0,0,25600,00,1,47,0,0
128,970,1175,41,1100,66,1226,50,8,26,-101,60,8,61,0,0,25600,00,1,47,0,0
129,020,1175,83,1095,57,1226,93,8,26,-102,01,8,60,0,0,25600,00,1,48,0,0
129,070,1176,24,1090,46,1227,36,8,26,-102,42,8,60,0,0,25600,00,1,48,0,0
129,120,1176,65,1085,32,1227,79,8,25,-102,83,8,60,0,0,25600,00,1,49,0,0
129,170,1177,06,1080,17,1228,22,8,25,-103,24,8,59,0,0,25600,00,1,49,0,0
129,221,1177,48,1075,00,1228,65,8,24,-103,65,8,59,0,0,25600,00,1,50,0,0
129,271,1177,89,1069,81,1229,08,8,24,-104,06,8,59,0,0,25600,00,1,51,0,0
129,321,1178,30,1064,60,1229,51,8,24,-104,46,8,58,0,0,25600,00,1,51,0,0
129,371,1178,71,1059,36,1229,94,8,23,-104,87,8,58,0,0,25600,00,1,52,0,0
129,421,1179,12,1054,11,1230,37,8,23,-105,28,8,57,0,0,25600,00,1,52,0,0
129,471,1179,54,1048,83,1230,80,8,23,-105,68,8,57,0,0,25600,00,1,53,0,0
129,521,1179,95,1043,54,1231,22,8,22,-106,08,8,57,0,0,25600,00,1,53,0,0
129,571,1180,36,1038,23,1231,65,8,22,-106,49,8,56,0,0,25600,00,1,54,0,0
129,621,1180,77,1032,89,1232,08,8,21,-106,89,8,56,0,0,25600,00,1,55,0,0
129,671,1181,18,1027,54,1232,51,8,21,-107,29,8,55,0,0,25600,00,1,55,0,0
129,721,1181,59,1022,16,1232,94,8,21,-107,70,8,55,0,0,25600,00,1,56,0,0
129,771,1182,00,1016,77,1233,36,8,20,-108,10,8,55,0,0,25600,00,1,56,0,0
129,821,1182,41,1011,35,1233,79,8,20,-108,50,8,54,0,0,25600,00,1,57,0,0
129,871,1182,82,1005,92,1234,22,8,19,-108,90,8,54,0,0,25600,00,1,57,0,0
129,921,1183,23,1000,46,1234,64,8,19,-109,29,8,53,0,0,25600,00,1,58,0,0
129,971,1183,64,994,99,1235,07,8,19,-109,69,8,53,0,0,25600,00,1,58,0,0
130,021,1184,05,989,49,1235,50,8,18,-110,09,8,53,0,0,25600,00,1,59,0,0
130,071,1184,46,983,98,1235,92,8,18,-110,49,8,52,0,0,25600,00,1,59,0,0
130,121,1184,87,978,44,1236,35,8,18,-110,88,8,52,0,0,25600,00,1,60,0,0
130,171,1185,27,972,89,1236,78,8,17,-111,28,8,51,0,0,25600,00,1,61,0,0
130,222,1185,68,967,32,1237,20,8,17,-111,67,8,51,0,0,25600,00,1,61,0,0
130,272,1186,09,961,72,1237,63,8,16,-112,06,8,50,0,0,25600,00,1,62,0,0
130,322,1186,50,956,11,1238,05,8,16,-112,46,8,50,0,0,25600,00,1,62,0,0
130,372,1186,91,950,48,1238,48,8,16,-112,85,8,50,0,0,25600,00,1,63,0,0
130,422,1187,31,944,83,1238,90,8,15,-113,24,8,49,0,0,25600,00,1,63,0,0
130,472,1187,72,939,15,1239,33,8,15,-113,63,8,49,0,0,25600,00,1,64,0,0
130,522,1188,13,933,46,1239,75,8,14,-114,02,8,48,0,0,25600,00,1,64,0,0
130,572,1188,54,927,75,1240,17,8,14,-114,41,8,48,0,0,25600,00,1,65,0,0
130,622,1188,94,922,02,1240,60,8,13,-114,80,8,48,0,0,25600,00,1,65,0,0
130,672,1189,35,916,27,1241,02,8,13,-115,19,8,47,0,0,25600,00,1,66,0,0
130,722,1189,76,910,50,1241,44,8,13,-115,57,8,47,0,0,25600,00,1,66,0,0
130,772,1190,16,904,71,1241,87,8,12,-115,96,8,46,0,0,25600,00,1,67,0,0
130,822,1190,57,898,91,1242,29,8,12,-116,34,8,46,0,0,25600,00,1,67,0,0
130,872,1190,97,893,08,1242,71,8,11,-116,73,8,45,0,0,25600,00,1,68,0,0
130,922,1191,38,887,23,1243,14,8,11,-117,11,8,45,0,0,25600,00,1,68,0,0
130,972,1191,79,881,37,1243,56,8,11,-117,49,8,45,0,0,25600,00,1,69,0,0
131,022,1192,19,875,48,1243,98,8,10,-117,88,8,44,0,0,25600,00,1,69,0,0
131,072,1192,60,869,58,1244,40,8,10,-118,26,8,44,0,0,25600,00,1,70,0,0
131,122,1193,00,863,66,1244,82,8,09,-118,64,8,43,0,0,25600,00,1,71,0,0
131,172,1193,41,857,72,1245,25,8,09,-119,02,8,43,0,0,25600,00,1,71,0,0
131,222,1193,81,851,76,1245,67,8,08,-119,40,8,42,0,0,25600,00,1,72,0,0
131,273,1194,21,845,78,1246,09,8,08,-119,78,8,42,0,0,25600,00,1,72,0,0
131,323,1194,62,839,78,1246,51,8,08,-120,15,8,41,0,0,25600,00,1,73,0,0
131,373,1195,02,833,76,1246,93,8,07,-120,53,8,41,0,0,25600,00,1,73,0,0
131,423,1195,43,827,73,1247,35,8,07,-120,91,8,41,0,0,25600,00,1,74,0,0
131,473,1195,83,821,67,1247,77,8,06,-121,28,8,40,0,0,25600,00,1,74,0,0
131,523,1196,23,815,60,1248,19,8,06,-121,66,8,40,0,0,25600,00,1,75,0,0
131,573,1196,63,809,51,1248,61,8,05,-122,03,8,39,0,0,25600,00,1,75,0,0
131,623,1197,04,803,40,1249,03,8,05,-122,40,8,39,0,0,25600,00,1,76,0,0
131,673,1197,44,797,27,1249,45,8,05,-122,77,8,38,0,0,25600,00,1,76,0,0
131,723,1197,84,791,12,1249,87,8,04,-123,14,8,38,0,0,25600,00,1,77,0,0
131,773,1198,24,784,95,1250,29,8,04,-123,51,8,37,0,0,25600,00,1,77,0,0
131,823,1198,64,778,77,1250,70,8,03,-123,88,8,37,0,0,25600,00,1,78,0,0
131,873,1199,05,772,56,1251,12,8,03,-124,25,8,36,0,0,25600,00,1,78,0,0
131,923,1199,45,766,34,1251,54,8,02,-124,62,8,36,0,0,25600,00,1,79,0,0
131,973,1199,85,760,10,1251,96,8,02,-124,99,8,36,0,0,25600,00,1,79,0,0
132,023,1200,25,753,84,1252,38,8,02,-125,35,8,35,0,0,25600,00,1,79,0,0
132,073,1200,65,747,57,1252,79,8,01,-125,72,8,35,0,0,25600,00,1,80,0,0
132,123,1201,05,741,27,1253,21,8,01,-126,08,8,34,0,0,25600,00,1,80,0,0
132,173,1201,45,734,96,1253,63,8,00,-126,45,8,34,0,0,25600,00,1,81,0,0
132,223,1201,85,728,63,1254,05,8,00,-126,81,8,33,0,0,25600,00,1,81,0,0
132,274,1202,25,722,28,1254,46,7,99,-127,17,8,33,0,0,25600,00,1,82,0,0
132,324,1202,65,715,91,1254,88,7,99,-127,53,8,32,0,0,25600,00,1,82,0,0
132,374,1203,05,709,52,1255,29,7,98,-127,89,8,32,0,0,25600,00,1,83,0,0
132,424,1203,45,703,12,1255,71,7,98,-128,25,8,31,0,0,25600,00,1,83,0,0
132,474,1203,85,696,70,1256,13,7,98,-128,61,8,31,0,0,25600,00,1,84,0,0
132,524,1204,25,690,26,1256,54,7,97,-128,97,8,30,0,0,25600,00,1,84,0,0
132,574,1204,65,683,80,1256,96,7,97,-129,33,8,30,0,0,25600,00,1,85,0,0
132,624,1205,04,677,33,1257,37,7,96,-129,68,8,30,0,0,25600,00,1,85,0,0
132,674,1205,44,670,83,1257,79,7,96,-130,04,8,29,0,0,25600,00,1,86,0,0
132,724,1205,84,664,32,1258,20,7,95,-130,39,8,29,0,0,25600,00,1,86,0,0
132,774,1206,24,657,79,1258,61,7,95,-130,75,8,28,0,0,25600,00,1,87,0,0
132,824,1206,63,651,25,1259,03,7,94,-131,10,8,28,0,0,25600,00,1,87,0,0
132,874,1207,03,644,68,1259,44,7,94,-131,45,8,27,0,0,25600,00,1,88,0,0
132,924,1207,43,638,10,1259,86,7,93,-131,81,8,27,0,0,25600,00,1,88,0,0
132,974,1207,82,631,50,1260,27,7,93,-132,16,8,26,0,0,25600,00,1,88,0,0
133,024,1208,22,624,89,1260,68,7,92,-132,51,8,26,0,0,25600,00,1,89,0,0
133,074,1208,62,618,25,1261,09,7,92,-132,85,8,25,0,0,25600,00,1,89,0,0
133,124,1209,01,611,60,1261,51,7,92,-133,20,8,25,0,0,25600,00,1,90,0,0
133,174,1209,41,604,93,1261,92,7,91,-133,55,8,24,0,0,25600,00,1,90,0,0
133,224,1209,80,598,25,1262,33,7,91,-133,89,8,24,0,0,25600,00,1,91,0,0
133,274,1210,20,591,54,1262,74,7,90,-134,24,8,23,0,0,25600,00,1,91,0,0
133,325,1210,59,584,82,1263,15,7,90,-134,58,8,23,0,0,25600,00,1,92,0,0
133,375,1210,99,578,08,1263,57,7,89,-134,93,8,22,0,0,25600,00,1,92,0,0
133,425,1211,38,571,33,1263,98,7,89,-135,27,8,22,0,0,25600,00,1,93,0,0
133,475,1211,78,564,56,1264,39,7,88,-135,61,8,21,0,0,25600,00,1,93,0,0
133,525,1212,17,557,77,1264,80,7,88,-135,95,8,21,0,0,25600,00,1,93,0,0
133,575,1212,57,550,96,1265,21,7,87,-136,29,8,20,0,0,25600,00,1,94,0,0
133,625,1212,96,544,14,1265,62,7,87,-136,63,8,20,0,0,25600,00,1,94,0,0
133,675,1213,35,537,30,1266,03,7,86,-136,97,8,19,0,0,25600,00,1,95,0,0
133,725,1213,74,530,44,1266,44,7,86,-137,31,8,19,0,0,25600,00,1,95,0,0
133,775,1214,14,523,57,1266,85,7,85,-137,65,8,18,0,0,25600,00,1,96,0,0
133,825,1214,53,516,68,1267,26,7,85,-137,98,8,18,0,0,25600,00,1,96,0,0
133,875,1214,92,509,77,1267,66,7,84,-138,32,8,17,0,0,25600,00,1,97,0,0
133,925,1215,31,502,85,1268,07,7,84,-138,65,8,17,0,0,25600,00,1,97,0,0
133,975,1215,71,495,90,1268,48,7,83,-138,98,8,16,0,0,25600,00,1,97,0,0
134,025,1216,10,488,95,1268,89,7,83,-139,32,8,16,0,0,25600,00,1,98,0,0
134,075,1216,49,481,97,1269,30,7,82,-139,65,8,15,0,0,25600,00,1,98,0,0
134,125,1216,88,474,98,1269,70,7,82,-139,98,8,15,0,0,25600,00,1,99,0,0
134,175,1217,27,467,97,1270,11,7,81,-140,31,8,14,0,0,25600,00,1,99,0,0
134,225,1217,66,460,95,1270,52,7,81,-140,64,8,14,0,0,25600,00,2,00,0,0
134,275,1218,05,453,91,1270,92,7,80,-140,96,8,13,0,0,25600,00,2,00,0,0
134,326,1218,44,446,86,1271,33,7,80,-141,29,8,13,0,0,25600,00,2,00,0,0
134,376,1218,83,439,78,1271,74,7,79,-141,62,8,12,0,0,25600,00,2,01,0,0
134,426,1219,22,432,69,1272,14,7,79,-141,94,8,12,0,0,25600,00,2,01,0,0
134,476,1219,61,425,59,1272,55,7,78,-142,27,8,11,0,0,25600,00,2,02,0,0
134,526,1220,00,418,47,1272,95,7,78,-142,59,8,11,0,0,25600,00,2,02,0,0
134,576,1220,39,411,33,1273,36,7,77,-142,91,8,10,0,0,25600,00,2,03,0,0
134,626,1220,78,404,18,1273,77,7,77,-143,23,8,10,0,0,25600,00,2,03,0,0
134,676,1221,17,397,01,1274,17,7,76,-143,55,8,09,0,0,25600,00,2,03,0,0
134,726,1221,55,389,82,1274,57,7,76,-143,87,8,09,0,0,25600,00,2,04,0,0
134,776,1221,94,382,62,1274,98,7,75,-144,19,8,08,0,0,25600,00,2,04,0,0
134,826,1222,33,375,40,1275,38,7,75,-144,51,8,08,0,0,25600,00,2,05,0,0
134,876,1222,72,368,17,1275,79,7,74,-144,83,8,07,0,0,25600,00,2,05,0,0
134,926,1223,10,360,92,1276,19,7,74,-145,14,8,06,0,0,25600,00,2,05,0,0
134,976,1223,49,353,65,1276,59,7,73,-145,46,8,06,0,0,25600,00,2,06,0,0
135,026,1223,88,346,37,1276,99,7,73,-145,77,8,05,0,0,25600,00,2,06,0,0
135,076,1224,26,339,08,1277,40,7,72,-146,09,8,05,0,0,25600,00,2,07,0,0
135,126,1224,65,331,76,1277,80,7,72,-146,40,8,04,0,0,25600,00,2,07,0,0
135,176,1225,04,324,44,1278,20,7,71,-146,71,8,04,0,0,25600,00,2,07,0,0
135,226,1225,42,317,09,1278,60,7,71,-147,02,8,03,0,0,25600,00,2,08,0,0
135,276,1225,81,309,73,1279,01,7,70,-147,33,8,03,0,0,25600,00,2,08,0,0
135,326,1226,19,302,36,1279,41,7,70,-147,64,8,02,0,0,25600,00,2,09,0,0
135,377,1226,58,294,97,1279,81,7,69,-147,95,8,02,0,0,25600,00,2,09,0,0
135,427,1226,96,287,57,1280,21,7,69,-148,25,8,01,0,0,25600,00,2,09,0,0
135,477,1227,35,280,15,1280,61,7,68,-148,56,8,01,0,0,25600,00,2,10,0,0
135,527,1227,73,272,71,1281,01,7,68,-148,87,8,00,0,0,25600,00,2,10,0,0
135,577,1228,11,265,26,1281,41,7,67,-149,17,8,00,0,0,25600,00,2,11,0,0
135,627,1228,50,257,79,1281,81,7,67,-149,47,7,99,0,0,25600,00,2,11,0,0
135,677,1228,88,250,31,1282,21,7,66,-149,78,7,98,0,0,25600,00,2,11,0,0
135,727,1229,26,242,82,1282,61,7,66,-150,08,7,98,0,0,25600,00,2,12,0,0
135,777,1229,65,235,30,1283,01,7,65,-150,38,7,97,0,0,25600,00,2,12,0,0
135,827,1230,03,227,78,1283,40,7,65,-150,68,7,97,0,0,25600,00,2,13,0,0
135,877,1230,41,220,24,1283,80,7,64,-150,98,7,96,0,0,25600,00,2,13,0,0
135,927,1230,79,212,68,1284,20,7,64,-151,27,7,96,0,0,25600,00,2,13,0,0
135,977,1231,17,205,11,1284,60,7,63,-151,57,7,95,0,0,25600,00,2,14,0,0
136,027,1231,56,197,52,1285,00,7,63,-151,87,7,95,0,0,25600,00,2,14,0,0
136,077,1231,94,189,92,1285,39,7,62,-152,16,7,94,0,0,25600,00,2,15,0,0
136,127,1232,32,182,31,1285,79,7,62,-152,46,7,94,0,0,25600,00,2,15,0,0
136,177,1232,70,174,68,1286,19,7,61,-152,75,7,93,0,0,25600,00,2,15,0,0
136,227,1233,08,167,03,1286,58,7,61,-153,04,7,93,0,0,25600,00,2,16,0,0
136,277,1233,46,159,37,1286,98,7,60,-153,33,7,92,0,0,25600,00,2,16,0,0
136,327,1233,84,151,70,1287,38,7,60,-153,62,7,91,0,0,25600,00,2,16,0,0
136,378,1234,22,144,01,1287,77,7,59,-153,91,7,91,0,0,25600,00,2,17,0,0
136,428,1234,60,136,31,1288,17,7,58,-154,20,7,90,0,0,25600,00,2,17,0,0
136,478,1234,98,128,59,1288,56,7,58,-154,49,7,90,0,0,25600,00,2,18,0,0
136,528,1235,36,120,86,1288,96,7,57,-154,77,7,89,0,0,25600,00,2,18,0,0
136,578,1235,73,113,11,1289,35,7,57,-155,06,7,89,0,0,25600,00,2,18,0,0
136,628,1236,11,105,35,1289,74,7,56,-155,34,7,88,0,0,25600,00,2,19,0,0
136,678,1236,49,97,58,1290,14,7,56,-155,63,7,88,0,0,25600,00,2,19,0,0
136,728,1236,87,89,79,1290,53,7,55,-155,91,7,87,0,0,25600,00,2,19,0,0
136,778,1237,25,81,99,1290,93,7,55,-156,19,7,86,0,0,25600,00,2,20,0,0
136,828,1237,62,74,17,1291,32,7,54,-156,47,7,86,0,0,25600,00,2,20,0,0
136,878,1238,00,66,34,1291,71,7,54,-156,75,7,85,0,0,25600,00,2,21,0,0
136,928,1238,38,58,50,1292,10,7,53,-157,03,7,85,0,0,25600,00,2,21,0,0
136,978,1238,75,50,64,1292,50,7,53,-157,31,7,84,0,0,25600,00,2,21,0,0
137,028,1239,13,42,76,1292,89,7,52,-157,59,7,84,0,0,25600,00,2,22,0,0
137,078,1239,51,34,88,1293,28,7,52,-157,86,7,83,0,0,25600,00,2,22,0,0
137,128,1239,88,26,98,1293,67,7,51,-158,14,7,83,0,0,25600,00,2,22,0,0
137,178,1240,26,19,06,1294,06,7,50,-158,41,7,82,0,0,25600,00,2,23,0,0
137,228,1240,63,11,14,1294,45,7,50,-158,69,7,81,0,0,25600,00,2,23,0,0
137,278,1241,01,3,20,1294,84,7,49,-158,96,7,81,0,0,25600,00,2,23,0,0
137,293,1241,12,0,81,1294,96,7,49,-159,04,7,81,0,0,25600,00,2,24,0,0
137,298,1241,16,0,02,1295,00,7,49,-159,07,7,81,0,0,25600,00,2,24,0,0
