time,posX,posY,posZ,velX,velY,velZ,thrust,mass,angleError,fuel
0,050,-0,08,2495,01,0,04,-1,73,-99,42,0,83,845000,0,39621,90,4,99,14021,9
0,100,-0,17,2490,06,0,08,-1,82,-98,81,0,74,845000,0,39608,04,4,78,14008,0
0,150,-0,27,2485,13,0,12,-1,89,-98,20,0,67,845000,0,39594,19,4,53,13994,2
0,200,-0,36,2480,24,0,15,-1,95,-97,58,0,60,845000,0,39580,33,4,26,13980,3
0,250,-0,46,2475,38,0,18,-2,01,-96,97,0,53,845000,0,39566,47,3,96,13966,5
0,300,-0,56,2470,54,0,20,-2,06,-96,36,0,48,845000,0,39552,61,3,65,13952,6
0,350,-0,67,2465,74,0,23,-2,11,-95,74,0,43,845000,0,39538,76,3,34,13938,8
0,400,-0,77,2460,97,0,25,-2,14,-95,13,0,39,845000,0,39524,90,3,03,13924,9
0,450,-0,88,2456,23,0,26,-2,18,-94,51,0,35,845000,0,39511,04,2,73,13911,0
0,500,-0,99,2451,52,0,28,-2,20,-93,89,0,32,845000,0,39497,18,2,44,13897,2
0,550,-1,10,2446,84,0,30,-2,23,-93,28,0,29,840274,8,39483,35,2,16,13883,4
0,600,-1,21,2442,19,0,31,-2,24,-92,68,0,26,829201,6,39469,67,1,90,13869,7
0,650,-1,33,2437,57,0,32,-2,26,-92,09,0,24,818341,1,39456,18,1,65,13856,2
0,700,-1,44,2432,98,0,33,-2,27,-91,51,0,23,807743,6,39442,86,1,41,13842,9
0,750,-1,55,2428,42,0,35,-2,27,-90,95,0,22,796095,2,39429,71,1,20,13829,7
0,800,-1,67,2423,89,0,36,-2,28,-90,41,0,20,783412,2,39416,78,1,00,13816,8
0,850,-1,78,2419,38,0,37,-2,28,-89,88,0,20,771100,9,39404,05,0,82,13804,1
0,900,-1,89,2414,90,0,38,-2,28,-89,36,0,19,759146,1,39391,52,0,65,13791,5
0,950,-2,01,2410,44,0,39,-2,28,-88,86,0,19,747533,1,39379,18,0,51,13779,2
1,000,-2,12,2406,01,0,39,-2,28,-88,38,0,18,736274,6,39367,02,0,38,13767,0
1,050,-2,23,2401,60,0,40,-2,24,-87,92,0,18,724694,2,39355,01,0,29,13755,0
1,100,-2,35,2397,22,0,41,-2,24,-87,46,0,18,714867,1,39343,21,0,20,13743,2
1,150,-2,46,2392,86,0,42,-2,25,-87,02,0,17,704554,4,39331,58,0,16,13731,6
1,200,-2,57,2388,52,0,43,-2,24,-86,58,0,17,694542,3,39320,12,0,20,13720,1
1,250,-2,68,2384,20,0,44,-2,24,-86,17,0,20,684920,4,39308,80,0,26,13708,8
1,300,-2,79,2379,90,0,45,-2,23,-85,76,0,20,675441,1,39297,66,0,33,13697,7
1,350,-2,91,2375,62,0,46,-2,22,-85,37,0,21,666280,1,39286,67,0,39,13686,7
1,400,-3,02,2371,36,0,47,-2,21,-84,99,0,21,657371,1,39275,83,0,44,13675,8
1,450,-3,13,2367,12,0,48,-2,20,-84,62,0,22,648730,1,39265,13,0,48,13665,1
1,500,-3,24,2362,90,0,49,-2,19,-84,25,0,22,640346,3,39254,57,0,52,13654,6
1,550,-3,35,2358,70,0,50,-2,18,-83,90,0,23,632209,1,39244,14,0,55,13644,1
1,600,-3,45,2354,51,0,52,-2,17,-83,56,0,24,624308,3,39233,85,0,58,13633,9
1,650,-3,56,2350,34,0,53,-2,16,-83,23,0,24,616605,6,39223,69,0,60,13623,7
1,700,-3,67,2346,19,0,54,-2,15,-82,91,0,25,609146,8,39213,64,0,62,13613,6
1,750,-3,78,2342,05,0,55,-2,14,-82,60,0,25,601922,1,39203,73,0,63,13603,7
1,800,-3,89,2337,93,0,56,-2,13,-82,30,0,26,594894,9,39193,92,0,64,13593,9
1,850,-3,99,2333,82,0,58,-2,12,-82,01,0,26,588056,4,39184,23,0,64,13584,2
1,900,-4,10,2329,73,0,59,-2,11,-81,72,0,27,581425,0,39174,65,0,64,13574,7
1,950,-4,20,2325,65,0,60,-2,10,-81,45,0,27,574992,6,39165,18,0,64,13565,2
2,000,-4,31,2321,58,0,62,-2,10,-81,18,0,28,568751,2,39155,80,0,64,13555,8
2,050,-4,41,2317,53,0,63,-2,09,-80,92,0,28,562664,9,39146,54,0,64,13546,5
2,100,-4,52,2313,49,0,65,-2,08,-80,67,0,29,556781,2,39137,36,0,63,13537,4
2,150,-4,62,2309,46,0,66,-2,07,-80,42,0,29,551064,9,39128,28,0,62,13528,3
2,200,-4,72,2305,45,0,68,-2,06,-80,18,0,29,545508,9,39119,30,0,61,13519,3
2,250,-4,83,2301,44,0,69,-2,06,-79,95,0,30,540106,0,39110,41,0,60,13510,4
2,300,-4,93,2297,45,0,70,-2,05,-79,73,0,30,534877,2,39101,60,0,59,13501,6
2,350,-5,03,2293,47,0,72,-2,04,-79,51,0,30,529788,3,39092,88,0,58,13492,9
2,400,-5,13,2289,50,0,73,-2,03,-79,30,0,30,524859,7,39084,23,0,57,13484,2
2,450,-5,23,2285,54,0,75,-2,03,-79,09,0,31,520058,2,39075,67,0,56,13475,7
2,500,-5,34,2281,59,0,77,-2,02,-78,89,0,31,515432,6,39067,19,0,54,13467,2
2,550,-5,44,2277,65,0,78,-2,01,-78,70,0,31,510894,1,39058,78,0,53,13458,8
2,600,-5,54,2273,72,0,80,-2,01,-78,51,0,31,506492,5,39050,45,0,52,13450,5
2,650,-5,64,2269,80,0,81,-2,00,-78,33,0,31,502249,4,39042,18,0,51,13442,2
2,700,-5,74,2265,89,0,83,-1,99,-78,15,0,31,498104,5,39033,98,0,50,13434,0
2,750,-5,84,2261,98,0,84,-1,99,-77,98,0,32,494079,7,39025,86,0,48,13425,9
2,800,-5,94,2258,09,0,86,-1,98,-77,82,0,32,490170,3,39017,79,0,47,13417,8
2,850,-6,04,2254,20,0,88,-1,98,-77,65,0,32,486398,9,39009,79,0,46,13409,8
2,900,-6,13,2250,32,0,89,-1,97,-77,50,0,32,482705,1,39001,85,0,45,13401,9
2,950,-6,23,2246,45,0,91,-1,97,-77,35,0,32,479139,7,38993,96,0,44,13394,0
3,000,-6,33,2242,59,0,92,-1,96,-77,20,0,32,475670,6,38986,14,0,43,13386,1
3,050,-6,43,2238,73,0,94,-1,96,-77,05,0,32,472293,1,38978,38,0,42,13378,4
3,100,-6,53,2234,88,0,95,-1,95,-76,91,0,32,469030,7,38970,66,0,41,13370,7
3,150,-6,62,2231,04,0,97,-1,95,-76,78,0,32,465851,8,38963,00,0,40,13363,0
3,200,-6,72,2227,20,0,99,-1,94,-76,66,0,32,456081,4,38955,34,0,39,13355,3
3,250,-6,82,2223,37,1,00,-1,94,-76,57,0,30,454260,6,38947,59,0,38,13347,6
3,300,-6,92,2219,55,1,02,-1,93,-76,48,0,30,471084,5,38939,82,0,38,13339,8
3,350,-7,01,2215,73,1,03,-1,93,-76,39,0,30,448334,6,38932,10,0,37,13332,1
3,400,-7,11,2211,91,1,05,-1,93,-76,32,0,33,471520,8,38924,36,0,36,13324,4
3,450,-7,20,2208,10,1,07,-1,92,-76,24,0,33,465941,7,38916,70,0,35,13316,7
3,500,-7,30,2204,29,1,08,-1,92,-76,16,0,33,464043,9,38909,06,0,34,13309,1
3,550,-7,40,2200,48,1,10,-1,92,-76,08,0,33,462191,0,38901,46,0,34,13301,5
3,600,-7,49,2196,68,1,11,-1,91,-76,01,0,33,460380,5,38893,89,0,33,13293,9
3,650,-7,59,2192,88,1,13,-1,91,-75,94,0,33,437623,7,38886,35,0,32,13286,4
3,700,-7,68,2189,08,1,14,-1,91,-75,87,0,30,461090,6,38878,80,0,32,13278,8
3,750,-7,78,2185,29,1,16,-1,90,-75,81,0,30,458814,1,38871,31,0,31,13271,3
3,800,-7,87,2181,50,1,17,-1,90,-75,74,0,30,457178,9,38863,85,0,30,13263,9
3,850,-7,97,2177,72,1,19,-1,90,-75,68,0,30,451967,5,38856,42,0,30,13256,4
3,900,-8,06,2173,94,1,21,-1,89,-75,62,0,33,450667,4,38848,98,0,29,13249,0
3,950,-8,16,2170,16,1,22,-1,89,-75,56,0,33,428517,5,38841,61,0,29,13241,6
4,000,-8,25,2166,38,1,24,-1,89,-75,49,0,30,426800,9,38834,28,0,28,13234,3
4,050,-8,35,2162,61,1,25,-1,88,-75,44,0,30,448639,2,38826,89,0,28,13226,9
4,100,-8,44,2158,84,1,27,-1,88,-75,38,0,32,446815,5,38819,55,0,27,13219,6
4,150,-8,53,2155,07,1,28,-1,88,-75,32,0,32,453833,4,38812,28,0,27,13212,3
4,200,-8,63,2151,30,1,30,-1,88,-75,27,0,33,443678,5,38805,03,0,26,13205,0
4,250,-8,72,2147,54,1,32,-1,87,-75,22,0,32,441984,5,38797,77,0,26,13197,8
4,300,-8,82,2143,78,1,33,-1,87,-75,17,0,30,436264,7,38790,57,0,26,13190,6
4,350,-8,91,2140,02,1,35,-1,87,-75,12,0,30,437954,4,38783,38,0,25,13183,4
4,400,-9,00,2136,27,1,36,-1,87,-75,07,0,32,436981,0,38776,23,0,25,13176,2
4,450,-9,10,2132,52,1,38,-1,86,-75,01,0,30,418042,5,38769,11,0,24,13169,1
4,500,-9,19,2128,77,1,39,-1,86,-74,96,0,30,433110,3,38761,98,0,24,13162,0
4,550,-9,28,2125,02,1,41,-1,86,-74,91,0,32,433401,2,38754,91,0,24,13154,9
4,600,-9,37,2121,28,1,43,-1,86,-74,87,0,32,430694,3,38747,84,0,24,13147,8
4,650,-9,47,2117,53,1,44,-1,85,-74,82,0,30,428529,3,38740,82,0,23,13140,8
4,700,-9,56,2113,80,1,46,-1,85,-74,77,0,32,427898,2,38733,82,0,23,13133,8
4,750,-9,65,2110,06,1,47,-1,85,-74,72,0,30,423012,5,38726,84,0,23,13126,8
4,800,-9,74,2106,32,1,49,-1,85,-74,67,0,32,424242,0,38719,88,0,23,13119,9
4,850,-9,84,2102,59,1,50,-1,84,-74,63,0,32,423414,9,38712,95,0,22,13112,9
4,900,-9,93,2098,86,1,52,-1,84,-74,58,0,30,421392,7,38706,04,0,22,13106,0
4,950,-10,02,2095,13,1,54,-1,84,-74,54,0,32,420879,9,38699,15,0,22,13099,2
5,000,-10,11,2091,41,1,55,-1,84,-74,50,0,30,418320,1,38692,29,0,22,13092,3
5,050,-10,20,2087,68,1,57,-1,83,-74,45,0,32,419060,3,38685,44,0,21,13085,4
5,100,-10,30,2083,96,1,58,-1,83,-74,41,0,30,404202,5,38678,62,0,21,13078,6
5,150,-10,39,2080,24,1,60,-1,83,-74,37,0,32,420603,0,38671,81,0,21,13071,8
5,200,-10,48,2076,52,1,61,-1,83,-74,33,0,30,411462,1,38665,03,0,21,13065,0
5,250,-10,57,2072,81,1,63,-1,83,-74,29,0,32,417907,3,38658,27,0,21,13058,3
5,300,-10,66,2069,09,1,65,-1,82,-74,25,0,30,409057,2,38651,53,0,21,13051,5
5,350,-10,75,2065,38,1,66,-1,82,-74,22,0,32,411469,3,38644,80,0,20,13044,8
5,400,-10,84,2061,67,1,68,-1,82,-74,18,0,30,406821,3,38638,10,0,20,13038,1
5,450,-10,93,2057,96,1,69,-1,82,-74,14,0,32,408394,2,38631,41,0,20,13031,4
5,500,-11,03,2054,26,1,71,-1,81,-74,11,0,30,406489,2,38624,75,0,20,13024,8
5,550,-11,12,2050,55,1,72,-1,81,-74,08,0,32,406039,0,38618,10,0,20,13018,1
5,600,-11,21,2046,85,1,74,-1,81,-74,04,0,32,404369,0,38611,47,0,20,13011,5
5,650,-11,30,2043,15,1,76,-1,81,-74,01,0,30,401333,8,38604,88,0,19,13004,9
5,700,-11,39,2039,45,1,77,-1,81,-73,98,0,32,402820,4,38598,28,0,19,12998,3
5,750,-11,48,2035,75,1,79,-1,80,-73,95,0,32,401048,5,38591,70,0,19,12991,7
5,800,-11,57,2032,06,1,80,-1,80,-73,92,0,30,390945,1,38585,16,0,19,12985,2
5,850,-11,66,2028,36,1,82,-1,80,-73,89,0,32,400260,8,38578,61,0,19,12978,6
5,900,-11,75,2024,67,1,83,-1,80,-73,86,0,32,398053,4,38572,08,0,19,12972,1
5,950,-11,84,2020,97,1,85,-1,80,-73,83,0,30,395284,3,38565,58,0,18,12965,6
6,000,-11,93,2017,28,1,86,-1,79,-73,81,0,31,387716,2,38559,10,0,18,12959,1
6,050,-12,02,2013,59,1,88,-1,79,-73,78,0,32,396201,0,38552,62,0,18,12952,6
6,100,-12,11,2009,90,1,90,-1,79,-73,75,0,32,394070,7,38546,16,0,18,12946,2
6,150,-12,20,2006,22,1,91,-1,79,-73,73,0,31,392787,5,38539,72,0,18,12939,7
6,200,-12,29,2002,53,1,93,-1,79,-73,70,0,31,384417,5,38533,30,0,18,12933,3
6,250,-12,37,1998,85,1,94,-1,78,-73,68,0,31,383753,3,38526,90,0,17,12926,9
6,300,-12,46,1995,16,1,96,-1,78,-73,66,0,32,391449,4,38520,49,0,17,12920,5
6,350,-12,55,1991,48,1,97,-1,78,-73,64,0,32,390490,9,38514,11,0,17,12914,1
6,400,-12,64,1987,80,1,99,-1,78,-73,61,0,32,392085,3,38507,75,0,17,12907,8
6,450,-12,73,1984,12,2,01,-1,78,-73,59,0,32,391191,9,38501,40,0,17,12901,4
6,500,-12,82,1980,44,2,02,-1,77,-73,57,0,32,390206,3,38495,07,0,17,12895,1
6,550,-12,91,1976,76,2,04,-1,77,-73,55,0,32,389293,5,38488,74,0,16,12888,7
6,600,-13,00,1973,09,2,05,-1,77,-73,53,0,32,386056,7,38482,44,0,16,12882,4
6,650,-13,09,1969,41,2,07,-1,77,-73,51,0,32,385233,5,38476,14,0,16,12876,1
6,700,-13,17,1965,73,2,08,-1,77,-73,49,0,31,377746,8,38469,88,0,16,12869,9
6,750,-13,26,1962,06,2,10,-1,77,-73,48,0,31,381475,4,38463,61,0,16,12863,6
6,800,-13,35,1958,39,2,12,-1,76,-73,46,0,32,381585,4,38457,35,0,16,12857,4
6,850,-13,44,1954,71,2,13,-1,76,-73,44,0,32,381810,3,38451,12,0,15,12851,1
6,900,-13,53,1951,04,2,15,-1,76,-73,43,0,32,379131,4,38444,90,0,15,12844,9
6,950,-13,61,1947,37,2,16,-1,76,-73,41,0,32,382284,3,38438,68,0,15,12838,7
7,000,-13,70,1943,70,2,18,-1,76,-73,39,0,32,377602,5,38432,49,0,15,12832,5
7,050,-13,79,1940,03,2,19,-1,76,-73,38,0,31,373096,0,38426,31,0,15,12826,3
7,100,-13,88,1936,36,2,21,-1,75,-73,37,0,32,379633,9,38420,14,0,15,12820,1
7,150,-13,97,1932,70,2,23,-1,75,-73,35,0,32,375443,3,38413,98,0,14,12814,0
7,200,-14,05,1929,03,2,24,-1,75,-73,34,0,32,374736,0,38407,84,0,14,12807,8
7,250,-14,14,1925,36,2,26,-1,75,-73,32,0,32,376494,4,38401,71,0,14,12801,7
7,300,-14,23,1921,70,2,27,-1,75,-73,31,0,32,373478,0,38395,59,0,14,12795,6
7,350,-14,32,1918,03,2,29,-1,75,-73,30,0,32,369265,5,38389,50,0,14,12789,5
7,400,-14,40,1914,37,2,30,-1,74,-73,28,0,32,369669,8,38383,42,0,14,12783,4
7,450,-14,49,1910,70,2,32,-1,74,-73,27,0,31,369048,9,38377,35,0,13,12777,4
7,500,-14,58,1907,04,2,34,-1,74,-73,25,0,31,368394,5,38371,30,0,13,12771,3
7,550,-14,66,1903,38,2,35,-1,74,-73,24,0,31,367735,5,38365,27,0,13,12765,3
7,600,-14,75,1899,72,2,37,-1,74,-73,22,0,31,367072,3,38359,24,0,13,12759,2
7,650,-14,84,1896,06,2,38,-1,74,-73,21,0,31,366431,7,38353,23,0,13,12753,2
7,700,-14,92,1892,40,2,40,-1,74,-73,20,0,31,365813,8,38347,23,0,13,12747,2
7,750,-15,01,1888,74,2,41,-1,73,-73,19,0,31,365189,7,38341,24,0,13,12741,2
7,800,-15,10,1885,08,2,43,-1,73,-73,18,0,31,364587,0,38335,26,0,13,12735,3
7,850,-15,18,1881,42,2,45,-1,73,-73,17,0,31,364005,2,38329,29,0,12,12729,3
7,900,-15,27,1877,76,2,46,-1,73,-73,16,0,31,363443,7,38323,32,0,13,12723,3
7,950,-15,36,1874,10,2,48,-1,73,-73,15,0,31,362902,1,38317,37,0,13,12717,4
8,000,-15,44,1870,44,2,49,-1,73,-73,14,0,31,362325,0,38311,42,0,13,12711,4
8,050,-15,53,1866,79,2,51,-1,72,-73,14,0,31,361822,3,38305,49,0,13,12705,5
8,100,-15,62,1863,13,2,52,-1,72,-73,13,0,31,361282,8,38299,56,0,13,12699,6
8,150,-15,70,1859,47,2,54,-1,72,-73,12,0,31,360789,0,38293,64,0,14,12693,6
8,200,-15,79,1855,82,2,55,-1,72,-73,12,0,31,360285,5,38287,73,0,14,12687,7
8,250,-15,87,1852,16,2,57,-1,72,-73,11,0,31,359799,4,38281,83,0,15,12681,8
8,300,-15,96,1848,51,2,59,-1,72,-73,11,0,31,359330,3,38275,94,0,16,12675,9
8,350,-16,05,1844,85,2,60,-1,72,-73,10,0,31,358878,3,38270,05,0,16,12670,1
8,400,-16,13,1841,20,2,62,-1,71,-73,10,0,32,358442,7,38264,17,0,17,12664,2
8,450,-16,22,1837,54,2,63,-1,71,-73,10,0,32,357995,1,38258,30,0,18,12658,3
8,500,-16,30,1833,89,2,65,-1,71,-73,10,0,32,357562,9,38252,43,0,19,12652,4
8,550,-16,39,1830,23,2,66,-1,71,-73,09,0,32,357173,8,38246,57,0,20,12646,6
8,600,-16,47,1826,58,2,68,-1,71,-73,09,0,32,356744,4,38240,72,0,21,12640,7
8,650,-16,56,1822,92,2,70,-1,71,-73,09,0,32,356357,5,38234,88,0,22,12634,9
8,700,-16,64,1819,27,2,71,-1,70,-73,09,0,33,355984,7,38229,04,0,23,12629,0
8,750,-16,73,1815,61,2,73,-1,72,-73,10,0,33,363148,8,38223,17,0,24,12623,2
8,800,-16,82,1811,96,2,75,-1,72,-73,12,0,33,350580,1,38217,22,0,25,12617,2
8,850,-16,90,1808,30,2,76,-1,72,-73,14,0,33,363828,3,38211,24,0,26,12611,2
8,900,-16,99,1804,64,2,78,-1,72,-73,17,0,33,350054,3,38205,26,0,27,12605,3
8,950,-17,07,1800,98,2,80,-1,70,-73,20,0,34,350496,7,38199,24,0,28,12599,2
9,000,-17,16,1797,32,2,81,-1,70,-73,22,0,34,369438,6,38193,22,0,29,12593,2
9,050,-17,24,1793,66,2,83,-1,70,-73,25,0,34,350192,7,38187,20,0,29,12587,2
9,100,-17,33,1790,00,2,85,-1,72,-73,28,0,34,370673,3,38181,13,0,30,12581,1
9,150,-17,41,1786,33,2,86,-1,72,-73,31,0,35,370959,3,38175,09,0,30,12575,1
9,200,-17,50,1782,67,2,88,-1,72,-73,34,0,35,368261,7,38169,05,0,31,12569,1
9,250,-17,58,1779,00,2,90,-1,72,-73,36,0,35,368447,0,38162,99,0,31,12563,0
9,300,-17,67,1775,33,2,92,-1,72,-73,39,0,36,371792,1,38156,94,0,32,12556,9
9,350,-17,76,1771,66,2,93,-1,70,-73,41,0,36,351197,7,38150,91,0,32,12550,9
9,400,-17,84,1767,99,2,95,-1,70,-73,44,0,36,369125,3,38144,84,0,32,12544,8
9,450,-17,93,1764,32,2,97,-1,70,-73,46,0,36,369502,3,38138,77,0,32,12538,8
9,500,-18,01,1760,65,2,99,-1,70,-73,49,0,37,352547,3,38132,71,0,32,12532,7
9,550,-18,10,1756,97,3,01,-1,69,-73,51,0,37,377381,0,38126,57,0,32,12526,6
9,600,-18,18,1753,30,3,03,-1,69,-73,51,0,37,395566,9,38120,09,0,32,12520,1
9,650,-18,27,1749,62,3,04,-1,69,-73,52,0,38,397290,2,38113,59,0,32,12513,6
9,700,-18,35,1745,94,3,06,-1,69,-73,52,0,38,398966,7,38107,07,0,32,12507,1
9,750,-18,44,1742,27,3,08,-1,69,-73,52,0,38,400596,7,38100,51,0,32,12500,5
9,800,-18,52,1738,59,3,10,-1,72,-73,52,0,38,379809,3,38093,96,0,31,12494,0
9,850,-18,61,1734,92,3,12,-1,72,-73,51,0,39,402789,8,38087,40,0,31,12487,4
9,900,-18,69,1731,24,3,14,-1,72,-73,49,0,39,400891,6,38080,83,0,31,12480,8
9,950,-18,78,1727,57,3,16,-1,72,-73,48,0,39,382813,0,38074,24,0,30,12474,2
10,000,-18,86,1723,89,3,18,-1,71,-73,46,0,40,403366,1,38067,61,0,30,12467,6
10,050,-18,95,1720,22,3,20,-1,71,-73,44,0,40,404657,9,38060,98,0,29,12461,0
10,100,-19,03,1716,55,3,22,-1,69,-73,42,0,40,386265,0,38054,35,0,29,12454,4
10,150,-19,12,1712,88,3,24,-1,69,-73,40,0,40,388314,3,38047,68,0,28,12447,7
10,200,-19,20,1709,21,3,26,-1,71,-73,38,0,41,410915,1,38040,96,0,28,12441,0
10,250,-19,29,1705,54,3,28,-1,71,-73,35,0,41,410822,9,38034,26,0,27,12434,3
10,300,-19,37,1701,88,3,30,-1,71,-73,32,0,41,408176,3,38027,56,0,27,12427,6
10,350,-19,46,1698,21,3,32,-1,71,-73,29,0,41,393088,0,38020,85,0,26,12420,9
10,400,-19,54,1694,55,3,34,-1,69,-73,26,0,42,395036,7,38014,11,0,25,12414,1
10,450,-19,63,1690,89,3,36,-1,71,-73,22,0,42,412877,8,38007,35,0,25,12407,4
10,500,-19,71,1687,22,3,38,-1,71,-73,19,0,42,413338,9,38000,57,0,24,12400,6
10,550,-19,80,1683,57,3,40,-1,71,-73,15,0,42,413688,5,37993,79,0,23,12393,8
10,600,-19,88,1679,91,3,43,-1,71,-73,11,0,42,413957,7,37987,00,0,23,12387,0
10,650,-19,97,1676,26,3,45,-1,71,-73,07,0,43,414231,9,37980,22,0,22,12380,2
10,700,-20,05,1672,60,3,47,-1,71,-73,02,0,43,414540,4,37973,44,0,21,12373,4
10,750,-20,14,1668,95,3,49,-1,69,-72,97,0,43,414787,7,37966,67,0,21,12366,7
10,800,-20,22,1665,31,3,51,-1,69,-72,92,0,43,414717,1,37959,88,0,20,12359,9
10,850,-20,31,1661,66,3,53,-1,69,-72,87,0,43,414829,7,37953,08,0,19,12353,1
10,900,-20,39,1658,02,3,55,-1,69,-72,81,0,43,415019,0,37946,28,0,19,12346,3
10,950,-20,48,1654,38,3,58,-1,70,-72,76,0,44,414895,1,37939,49,0,18,12339,5
11,000,-20,56,1650,74,3,60,-1,70,-72,70,0,44,415029,0,37932,68,0,18,12332,7
11,050,-20,65,1647,11,3,62,-1,70,-72,64,0,44,415084,9,37925,88,0,17,12325,9
11,100,-20,73,1643,48,3,64,-1,69,-72,58,0,44,415288,9,37919,08,0,17,12319,1
11,150,-20,82,1639,85,3,66,-1,69,-72,52,0,44,415308,2,37912,27,0,16,12312,3
11,200,-20,90,1636,23,3,69,-1,70,-72,45,0,44,415130,4,37905,47,0,16,12305,5
11,250,-20,99,1632,61,3,71,-1,70,-72,39,0,44,415235,7,37898,67,0,15,12298,7
11,300,-21,07,1628,99,3,73,-1,69,-72,32,0,45,415512,9,37891,87,0,15,12291,9
11,350,-21,16,1625,38,3,75,-1,69,-72,26,0,45,415384,2,37885,06,0,14,12285,1
11,400,-21,24,1621,76,3,77,-1,70,-72,19,0,45,415298,0,37878,26,0,14,12278,3
11,450,-21,32,1618,16,3,80,-1,69,-72,12,0,45,415544,8,37871,45,0,14,12271,5
11,500,-21,41,1614,55,3,82,-1,70,-72,05,0,45,410423,0,37864,66,0,13,12264,7
11,550,-21,49,1610,95,3,84,-1,69,-71,97,0,45,415391,0,37857,84,0,13,12257,8
11,600,-21,58,1607,36,3,86,-1,68,-71,90,0,45,415459,4,37851,04,0,13,12251,0
11,650,-21,66,1603,76,3,89,-1,70,-71,83,0,45,415315,5,37844,23,0,12,12244,2
11,700,-21,75,1600,17,3,91,-1,68,-71,76,0,45,415484,5,37837,43,0,12,12237,4
11,750,-21,83,1596,59,3,93,-1,69,-71,69,0,46,415416,0,37830,62,0,12,12230,6
11,800,-21,92,1593,00,3,96,-1,68,-71,61,0,46,415499,2,37823,82,0,12,12223,8
11,850,-22,00,1589,42,3,98,-1,68,-71,54,0,46,417170,2,37817,02,0,11,12217,0
11,900,-22,08,1585,85,4,00,-1,69,-71,46,0,46,414664,8,37810,21,0,11,12210,2
11,950,-22,17,1582,28,4,02,-1,68,-71,39,0,46,415591,2,37803,40,0,11,12203,4
12,000,-22,25,1578,71,4,05,-1,68,-71,31,0,46,415460,5,37796,59,0,11,12196,6
12,050,-22,34,1575,15,4,07,-1,69,-71,23,0,46,414775,3,37789,79,0,11,12189,8
12,100,-22,42,1571,59,4,09,-1,68,-71,16,0,46,415616,8,37782,98,0,10,12183,0
12,150,-22,51,1568,03,4,12,-1,68,-71,08,0,46,415853,4,37776,18,0,10,12176,2
12,200,-22,59,1564,48,4,14,-1,68,-71,00,0,46,415493,9,37769,37,0,10,12169,4
12,250,-22,68,1560,93,4,16,-1,69,-70,93,0,46,415358,0,37762,56,0,10,12162,6
12,300,-22,76,1557,39,4,19,-1,69,-70,85,0,47,414857,3,37755,76,0,10,12155,8
12,350,-22,84,1553,85,4,21,-1,69,-70,77,0,47,412809,9,37748,95,0,10,12149,0
12,400,-22,93,1550,31,4,23,-1,68,-70,69,0,47,415676,5,37742,14,0,10,12142,1
12,450,-23,01,1546,78,4,26,-1,68,-70,61,0,47,415905,4,37735,34,0,10,12135,3
12,500,-23,10,1543,25,4,28,-1,68,-70,54,0,47,415853,0,37728,53,0,10,12128,5
12,550,-23,18,1539,72,4,30,-1,68,-70,46,0,47,416815,0,37721,72,0,10,12121,7
12,600,-23,26,1536,20,4,33,-1,68,-70,38,0,47,416782,4,37714,91,0,10,12114,9
12,650,-23,35,1532,69,4,35,-1,68,-70,30,0,47,416803,1,37708,11,0,10,12108,1
12,700,-23,43,1529,17,4,37,-1,68,-70,22,0,47,416762,8,37701,30,0,09,12101,3
12,750,-23,52,1525,66,4,40,-1,68,-70,14,0,47,416745,8,37694,49,0,09,12094,5
12,800,-23,60,1522,16,4,42,-1,68,-70,06,0,47,416726,9,37687,69,0,09,12087,7
12,850,-23,68,1518,66,4,44,-1,68,-69,98,0,47,416760,8,37680,88,0,09,12080,9
12,900,-23,77,1515,16,4,47,-1,68,-69,90,0,48,415883,4,37674,07,0,09,12074,1
12,950,-23,85,1511,67,4,49,-1,68,-69,82,0,48,415886,0,37667,26,0,09,12067,3
13,000,-23,94,1508,18,4,52,-1,68,-69,74,0,48,415771,1,37660,46,0,09,12060,5
13,050,-24,02,1504,69,4,54,-1,68,-69,66,0,48,413352,2,37653,65,0,09,12053,7
13,100,-24,10,1501,21,4,56,-1,68,-69,58,0,48,413178,8,37646,85,0,09,12046,9
13,150,-24,19,1497,74,4,59,-1,68,-69,50,0,48,413113,7,37640,04,0,09,12040,0
13,200,-24,27,1494,26,4,61,-1,68,-69,42,0,48,414920,2,37633,23,0,09,12033,2
13,250,-24,36,1490,79,4,63,-1,67,-69,34,0,48,414962,3,37626,43,0,09,12026,4
13,300,-24,44,1487,33,4,66,-1,67,-69,26,0,48,415274,2,37619,62,0,09,12019,6
13,350,-24,52,1483,87,4,68,-1,67,-69,18,0,48,416477,7,37612,82,0,09,12012,8
13,400,-24,61,1480,41,4,71,-1,67,-69,10,0,48,415628,4,37606,01,0,09,12006,0
13,450,-24,69,1476,96,4,73,-1,68,-69,02,0,48,413302,7,37599,21,0,09,11999,2
13,500,-24,78,1473,51,4,76,-1,68,-68,94,0,49,413112,0,37592,41,0,09,11992,4
13,550,-24,86,1470,06,4,78,-1,67,-68,86,0,49,414734,4,37585,61,0,09,11985,6
13,600,-24,94,1466,62,4,80,-1,67,-68,78,0,49,415114,0,37578,80,0,09,11978,8
13,650,-25,03,1463,18,4,83,-1,67,-68,70,0,49,416222,8,37572,00,0,09,11972,0
13,700,-25,11,1459,75,4,85,-1,68,-68,62,0,49,413033,3,37565,20,0,09,11965,2
13,750,-25,19,1456,32,4,88,-1,67,-68,54,0,49,414620,2,37558,40,0,09,11958,4
13,800,-25,28,1452,90,4,90,-1,67,-68,46,0,49,415969,4,37551,61,0,09,11951,6
13,850,-25,36,1449,48,4,93,-1,68,-68,38,0,49,413102,9,37544,81,0,09,11944,8
13,900,-25,44,1446,06,4,95,-1,68,-68,30,0,49,414574,3,37538,01,0,08,11938,0
13,950,-25,53,1442,65,4,98,-1,67,-68,22,0,49,415751,4,37531,21,0,08,11931,2
14,000,-25,61,1439,24,5,00,-1,68,-68,13,0,49,413070,9,37524,42,0,08,11924,4
14,050,-25,70,1435,83,5,03,-1,67,-68,05,0,49,414700,3,37517,62,0,08,11917,6
14,100,-25,78,1432,43,5,05,-1,68,-67,97,0,49,412994,5,37510,83,0,08,11910,8
14,150,-25,86,1429,04,5,07,-1,67,-67,89,0,50,414259,3,37504,04,0,08,11904,0
14,200,-25,95,1425,64,5,10,-1,67,-67,81,0,50,412910,0,37497,25,0,08,11897,3
14,250,-26,03,1422,25,5,12,-1,67,-67,73,0,50,414059,7,37490,46,0,08,11890,5
14,300,-26,11,1418,87,5,15,-1,67,-67,64,0,50,412843,8,37483,68,0,08,11883,7
14,350,-26,20,1415,49,5,17,-1,67,-67,56,0,50,415193,1,37476,89,0,08,11876,9
14,400,-26,28,1412,11,5,20,-1,67,-67,48,0,50,413901,9,37470,10,0,08,11870,1
14,450,-26,36,1408,74,5,22,-1,67,-67,40,0,50,412709,4,37463,32,0,08,11863,3
14,500,-26,45,1405,37,5,25,-1,67,-67,32,0,50,412563,6,37456,53,0,07,11856,5
14,550,-26,53,1402,01,5,27,-1,67,-67,24,0,50,414683,7,37449,75,0,07,11849,8
14,600,-26,61,1398,65,5,30,-1,66,-67,15,0,50,414672,1,37442,96,0,07,11843,0
14,650,-26,70,1395,29,5,32,-1,66,-67,07,0,50,414605,4,37436,18,0,07,11836,2
14,700,-26,78,1391,94,5,35,-1,66,-66,99,0,50,414397,6,37429,41,0,07,11829,4
14,750,-26,86,1388,60,5,37,-1,67,-66,91,0,50,412858,2,37422,64,0,07,11822,6
14,800,-26,95,1385,25,5,40,-1,66,-66,82,0,50,412292,5,37415,86,0,07,11815,9
14,850,-27,03,1381,91,5,43,-1,66,-66,74,0,51,413892,4,37409,09,0,07,11809,1
14,900,-27,11,1378,58,5,45,-1,66,-66,66,0,51,412185,7,37402,32,0,07,11802,3
14,950,-27,20,1375,25,5,48,-1,66,-66,58,0,51,413730,7,37395,54,0,07,11795,5
15,000,-27,28,1371,92,5,50,-1,66,-66,49,0,51,413042,3,37388,77,0,07,11788,8
15,050,-27,36,1368,60,5,53,-1,66,-66,41,0,51,412952,5,37382,01,0,07,11782,0
15,100,-27,45,1365,28,5,55,-1,66,-66,33,0,51,411953,9,37375,25,0,07,11775,3
15,150,-27,53,1361,96,5,58,-1,66,-66,25,0,51,412663,1,37368,48,0,06,11768,5
15,200,-27,61,1358,65,5,60,-1,66,-66,16,0,51,413172,2,37361,72,0,06,11761,7
15,250,-27,70,1355,35,5,63,-1,66,-66,08,0,51,411918,6,37354,96,0,06,11755,0
15,300,-27,78,1352,05,5,65,-1,66,-66,00,0,51,412463,5,37348,20,0,06,11748,2
15,350,-27,86,1348,75,5,68,-1,66,-65,91,0,51,411864,9,37341,45,0,06,11741,5
15,400,-27,94,1345,46,5,70,-1,67,-65,83,0,51,411763,2,37334,70,0,06,11734,7
15,450,-28,03,1342,17,5,73,-1,66,-65,75,0,51,412198,6,37327,95,0,06,11728,0
15,500,-28,11,1338,88,5,76,-1,66,-65,67,0,51,411382,8,37321,20,0,06,11721,2
15,550,-28,19,1335,60,5,78,-1,66,-65,58,0,51,411641,0,37314,45,0,06,11714,4
15,600,-28,28,1332,32,5,81,-1,66,-65,50,0,51,411900,4,37307,70,0,06,11707,7
15,650,-28,36,1329,05,5,83,-1,66,-65,42,0,51,411323,1,37300,95,0,06,11701,0
15,700,-28,44,1325,78,5,86,-1,66,-65,34,0,51,411281,5,37294,20,0,06,11694,2
15,750,-28,53,1322,52,5,88,-1,66,-65,25,0,51,411158,5,37287,46,0,06,11687,5
15,800,-28,61,1319,25,5,91,-1,66,-65,17,0,52,411135,8,37280,73,0,05,11680,7
15,850,-28,69,1316,00,5,94,-1,66,-65,09,0,52,411426,9,37273,98,0,05,11674,0
15,900,-28,77,1312,75,5,96,-1,66,-65,01,0,52,410937,7,37267,25,0,05,11667,3
15,950,-28,86,1309,50,5,99,-1,66,-64,92,0,52,410863,4,37260,51,0,05,11660,5
16,000,-28,94,1306,25,6,01,-1,66,-64,84,0,52,410762,4,37253,77,0,05,11653,8
16,050,-29,02,1303,01,6,04,-1,66,-64,76,0,52,410644,7,37247,03,0,05,11647,0
16,100,-29,11,1299,78,6,06,-1,66,-64,68,0,52,410628,7,37240,30,0,05,11640,3
16,150,-29,19,1296,55,6,09,-1,66,-64,59,0,52,410586,3,37233,57,0,05,11633,6
16,200,-29,27,1293,32,6,12,-1,66,-64,51,0,52,410461,9,37226,84,0,05,11626,9
16,250,-29,35,1290,09,6,14,-1,65,-64,43,0,52,410421,4,37220,12,0,05,11620,1
16,300,-29,44,1286,88,6,17,-1,65,-64,35,0,52,410299,1,37213,39,0,05,11613,4
16,350,-29,52,1283,66,6,19,-1,65,-64,26,0,52,410261,0,37206,66,0,05,11606,7
16,400,-29,60,1280,45,6,22,-1,65,-64,18,0,52,410140,8,37199,93,0,04,11599,9
16,450,-29,68,1277,24,6,25,-1,65,-64,10,0,52,410090,7,37193,21,0,04,11593,2
16,500,-29,77,1274,04,6,27,-1,65,-64,02,0,52,410027,8,37186,49,0,04,11586,5
16,550,-29,85,1270,84,6,30,-1,65,-63,93,0,52,409924,5,37179,77,0,04,11579,8
16,600,-29,93,1267,65,6,32,-1,65,-63,85,0,52,409877,3,37173,05,0,04,11573,1
16,650,-30,02,1264,46,6,35,-1,65,-63,77,0,52,409789,8,37166,34,0,04,11566,3
16,700,-30,10,1261,27,6,38,-1,65,-63,69,0,52,409716,9,37159,62,0,04,11559,6
16,750,-30,18,1258,09,6,40,-1,65,-63,61,0,52,409658,7,37152,90,0,04,11552,9
16,800,-30,26,1254,91,6,43,-1,65,-63,52,0,52,409559,5,37146,18,0,04,11546,2
16,850,-30,35,1251,73,6,46,-1,65,-63,44,0,52,409502,7,37139,46,0,04,11539,5
16,900,-30,43,1248,56,6,48,-1,65,-63,36,0,52,409433,0,37132,76,0,04,11532,8
16,950,-30,51,1245,40,6,51,-1,65,-63,28,0,52,409350,5,37126,05,0,04,11526,1
17,000,-30,59,1242,24,6,53,-1,65,-63,20,0,52,409310,1,37119,34,0,04,11519,3
17,050,-30,68,1239,08,6,56,-1,65,-63,12,0,52,409215,3,37112,63,0,04,11512,6
17,100,-30,76,1235,92,6,59,-1,65,-63,03,0,53,409162,6,37105,92,0,04,11505,9
17,150,-30,84,1232,78,6,61,-1,65,-62,95,0,53,409110,6,37099,21,0,04,11499,2
17,200,-30,92,1229,63,6,64,-1,65,-62,87,0,53,409018,2,37092,50,0,04,11492,5
17,250,-31,00,1226,49,6,67,-1,65,-62,79,0,53,408953,8,37085,79,0,04,11485,8
17,300,-31,09,1223,35,6,69,-1,65,-62,71,0,53,408890,3,37079,09,0,04,11479,1
17,350,-31,17,1220,22,6,72,-1,65,-62,63,0,53,408841,3,37072,39,0,04,11472,4
17,400,-31,25,1217,09,6,74,-1,65,-62,54,0,53,408751,6,37065,69,0,04,11465,7
17,450,-31,33,1213,96,6,77,-1,64,-62,46,0,53,408704,0,37058,99,0,04,11459,0
17,500,-31,42,1210,84,6,80,-1,64,-62,38,0,53,408629,3,37052,29,0,04,11452,3
17,550,-31,50,1207,72,6,82,-1,64,-62,30,0,53,408541,7,37045,59,0,04,11445,6
17,600,-31,58,1204,61,6,85,-1,64,-62,22,0,53,408495,9,37038,89,0,04,11438,9
17,650,-31,66,1201,50,6,88,-1,64,-62,14,0,53,408450,8,37032,20,0,04,11432,2
17,700,-31,74,1198,40,6,90,-1,64,-62,06,0,53,408365,0,37025,50,0,04,11425,5
17,750,-31,83,1195,30,6,93,-1,64,-61,98,0,53,408320,9,37018,80,0,04,11418,8
17,800,-31,91,1192,20,6,96,-1,64,-61,89,0,53,408250,0,37012,11,0,04,11412,1
17,850,-31,99,1189,11,6,98,-1,64,-61,81,0,53,408179,7,37005,42,0,04,11405,4
17,900,-32,07,1186,02,7,01,-1,64,-61,73,0,53,408137,5,36998,73,0,04,11398,7
17,950,-32,15,1182,93,7,04,-1,64,-61,65,0,53,408054,5,36992,05,0,04,11392,0
18,000,-32,24,1179,85,7,06,-1,64,-61,57,0,53,407999,7,36985,36,0,04,11385,4
18,050,-32,32,1176,78,7,09,-1,64,-61,49,0,53,407945,1,36978,66,0,04,11378,7
18,100,-32,40,1173,71,7,12,-1,64,-61,41,0,53,407877,4,36971,98,0,04,11372,0
18,150,-32,48,1170,64,7,14,-1,64,-61,33,0,53,407810,2,36965,29,0,04,11365,3
18,200,-32,56,1167,57,7,17,-1,63,-61,24,0,53,407784,8,36958,60,0,04,11358,6
18,250,-32,65,1164,51,7,19,-1,63,-61,16,0,53,407718,8,36951,91,0,04,11351,9
18,300,-32,73,1161,46,7,22,-1,63,-61,08,0,53,407639,1,36945,23,0,04,11345,2
18,350,-32,81,1158,41,7,25,-1,63,-61,00,0,53,407587,6,36938,55,0,04,11338,6
18,400,-32,89,1155,36,7,27,-1,63,-60,92,0,53,407522,8,36931,88,0,04,11331,9
18,450,-32,97,1152,31,7,30,-1,63,-60,84,0,53,407472,4,36925,20,0,04,11325,2
18,500,-33,05,1149,27,7,33,-1,63,-60,76,0,53,407408,7,36918,52,0,04,11318,5
18,550,-33,14,1146,24,7,35,-1,63,-60,68,0,53,407359,4,36911,84,0,04,11311,8
18,600,-33,22,1143,21,7,38,-1,63,-60,60,0,53,407310,4,36905,16,0,04,11305,2
18,650,-33,30,1140,18,7,41,-1,63,-60,52,0,53,407460,7,36898,48,0,04,11298,5
18,700,-33,38,1137,15,7,43,-1,63,-60,44,0,53,407437,1,36891,80,0,04,11291,8
18,750,-33,46,1134,13,7,46,-1,63,-60,36,0,53,407726,3,36885,12,0,04,11285,1
18,800,-33,54,1131,12,7,49,-1,63,-60,28,0,53,406994,4,36878,44,0,04,11278,4
18,850,-33,62,1128,11,7,51,-1,62,-60,20,0,53,407283,8,36871,76,0,04,11271,8
18,900,-33,70,1125,10,7,54,-1,62,-60,12,0,53,406947,8,36865,09,0,04,11265,1
18,950,-33,79,1122,09,7,57,-1,62,-60,04,0,53,407210,0,36858,41,0,04,11258,4
19,000,-33,87,1119,09,7,59,-1,62,-59,96,0,53,406874,0,36851,73,0,04,11251,7
19,050,-33,95,1116,10,7,62,-1,62,-59,87,0,53,407395,1,36845,06,0,04,11245,1
19,100,-34,03,1113,11,7,65,-1,62,-59,79,0,53,407075,8,36838,39,0,04,11238,4
19,150,-34,11,1110,12,7,67,-1,62,-59,71,0,53,406725,9,36831,71,0,04,11231,7
19,200,-34,19,1107,14,7,70,-1,62,-59,63,0,53,406679,3,36825,04,0,04,11225,0
19,250,-34,27,1104,16,7,73,-1,62,-59,55,0,53,407227,4,36818,37,0,04,11218,4
19,300,-34,35,1101,18,7,75,-1,62,-59,47,0,53,407194,4,36811,70,0,04,11211,7
19,350,-34,43,1098,21,7,78,-1,62,-59,39,0,53,406967,8,36805,02,0,03,11205,0
19,400,-34,51,1095,24,7,81,-1,62,-59,31,0,53,406639,6,36798,36,0,03,11198,4
19,450,-34,60,1092,28,7,83,-1,62,-59,23,0,53,406479,0,36791,69,0,03,11191,7
19,500,-34,68,1089,32,7,86,-1,61,-59,15,0,53,406676,7,36785,02,0,03,11185,0
19,550,-34,76,1086,36,7,88,-1,61,-59,07,0,53,406762,3,36778,36,0,03,11178,4
19,600,-34,84,1083,41,7,91,-1,61,-58,99,0,53,406310,7,36771,69,0,03,11171,7
19,650,-34,92,1080,46,7,94,-1,61,-58,91,0,53,406536,3,36765,03,0,03,11165,0
19,700,-35,00,1077,52,7,96,-1,61,-58,83,0,53,406344,1,36758,37,0,03,11158,4
19,750,-35,08,1074,58,7,99,-1,61,-58,75,0,53,406301,6,36751,70,0,03,11151,7
19,800,-35,16,1071,65,8,02,-1,61,-58,67,0,53,406245,6,36745,05,0,03,11145,0
19,850,-35,24,1068,71,8,04,-1,61,-58,59,0,53,406176,0,36738,38,0,03,11138,4
19,900,-35,32,1065,79,8,07,-1,61,-58,51,0,53,406051,7,36731,73,0,03,11131,7
19,950,-35,40,1062,86,8,10,-1,61,-58,43,0,53,405996,6,36725,06,0,03,11125,1
20,000,-35,48,1059,94,8,12,-1,61,-58,34,0,53,406106,8,36718,41,0,03,11118,4
20,050,-35,56,1057,03,8,15,-1,61,-58,26,0,53,406052,0,36711,75,0,03,11111,8
20,100,-35,64,1054,12,8,18,-1,61,-58,18,0,53,406120,0,36705,09,0,03,11105,1
20,150,-35,72,1051,21,8,20,-1,61,-58,10,0,53,405830,0,36698,44,0,02,11098,4
20,200,-35,80,1048,31,8,23,-1,61,-58,02,0,53,405798,0,36691,79,0,02,11091,8
20,250,-35,88,1045,41,8,26,-1,61,-57,94,0,53,405740,2,36685,14,0,02,11085,1
20,300,-35,96,1042,51,8,28,-1,61,-57,86,0,53,405667,3,36678,49,0,02,11078,5
20,350,-36,04,1039,62,8,31,-1,60,-57,78,0,53,405624,0,36671,84,0,02,11071,8
20,400,-36,12,1036,74,8,33,-1,60,-57,70,0,53,405593,3,36665,19,0,02,11065,2
20,450,-36,20,1033,85,8,36,-1,60,-57,62,0,53,405522,9,36658,54,0,02,11058,5
20,500,-36,28,1030,97,8,39,-1,60,-57,54,0,53,405465,4,36651,89,0,02,11051,9
20,550,-36,36,1028,10,8,41,-1,60,-57,46,0,53,405436,9,36645,23,0,02,11045,2
20,600,-36,44,1025,23,8,44,-1,60,-57,38,0,53,405477,0,36638,59,0,02,11038,6
20,650,-36,52,1022,36,8,47,-1,60,-57,30,0,53,405310,7,36631,95,0,02,11031,9
20,700,-36,60,1019,50,8,49,-1,60,-57,22,0,53,405227,9,36625,30,0,02,11025,3
20,750,-36,68,1016,64,8,52,-1,60,-57,14,0,53,405226,5,36618,66,0,02,11018,7
20,800,-36,76,1013,78,8,55,-1,60,-57,05,0,53,405158,2,36612,02,0,02,11012,0
20,850,-36,84,1010,93,8,57,-1,60,-56,97,0,53,405199,6,36605,38,0,02,11005,4
20,900,-36,92,1008,09,8,60,-1,60,-56,89,0,53,405048,2,36598,74,0,02,10998,7
20,949,-37,00,1005,24,8,63,-1,60,-56,81,0,53,404994,2,36592,10,0,02,10992,1
20,999,-37,08,1002,41,8,65,-1,60,-56,73,0,53,405009,5,36585,46,0,02,10985,5
21,049,-37,16,999,57,8,68,-1,60,-56,65,0,53,404913,2,36578,82,0,02,10978,8
21,099,-37,24,996,74,8,70,-1,60,-56,57,0,53,404860,0,36572,18,0,02,10972,2
21,149,-37,32,993,91,8,73,-1,60,-56,49,0,53,404793,1,36565,54,0,02,10965,5
21,199,-37,40,991,09,8,76,-1,60,-56,41,0,53,404753,9,36558,90,0,02,10958,9
21,249,-37,48,988,27,8,78,-1,60,-56,33,0,53,404715,1,36552,27,0,00,10952,3
21,299,-37,56,985,46,8,81,-1,59,-56,25,0,53,404691,3,36545,64,0,02,10945,6
21,349,-37,64,982,65,8,84,-1,59,-56,17,0,53,404598,8,36539,00,0,02,10939,0
21,399,-37,72,979,84,8,86,-1,59,-56,09,0,53,404602,8,36532,38,0,02,10932,4
21,449,-37,80,977,04,8,89,-1,59,-56,01,0,53,404482,9,36525,74,0,02,10925,7
21,499,-37,88,974,24,8,92,-1,59,-55,93,0,53,404445,5,36519,11,0,02,10919,1
21,549,-37,96,971,45,8,94,-1,59,-55,85,0,53,404463,6,36512,48,0,02,10912,5
21,599,-38,04,968,65,8,97,-1,59,-55,77,0,53,404371,7,36505,85,0,00,10905,9
21,649,-38,12,965,87,8,99,-1,59,-55,69,0,53,404348,6,36499,22,0,00,10899,2
21,699,-38,20,963,09,9,02,-1,59,-55,61,0,53,404284,3,36492,59,0,00,10892,6
21,749,-38,28,960,31,9,05,-1,59,-55,53,0,53,404206,3,36485,96,0,00,10886,0
21,799,-38,36,957,53,9,07,-1,59,-55,45,0,53,404155,9,36479,33,0,02,10879,3
21,849,-38,44,954,76,9,10,-1,59,-55,37,0,53,404105,7,36472,70,0,02,10872,7
21,899,-38,52,952,00,9,13,-1,59,-55,29,0,53,404055,9,36466,08,0,02,10866,1
21,949,-38,60,949,23,9,15,-1,59,-55,21,0,53,403992,3,36459,46,0,02,10859,5
21,999,-38,68,946,48,9,18,-1,59,-55,12,0,53,403983,8,36452,84,0,02,10852,8
22,049,-38,76,943,72,9,21,-1,59,-55,04,0,53,403975,9,36446,22,0,02,10846,2
22,099,-38,84,940,97,9,23,-1,59,-54,96,0,53,403940,4,36439,60,0,02,10839,6
22,149,-38,92,938,23,9,26,-1,59,-54,88,0,53,403836,1,36432,98,0,02,10833,0
22,199,-38,99,935,48,9,28,-1,59,-54,80,0,53,403800,5,36426,36,0,00,10826,4
22,249,-39,07,932,75,9,31,-1,59,-54,72,0,53,403723,8,36419,73,0,02,10819,7
22,299,-39,15,930,01,9,34,-1,59,-54,64,0,53,403688,5,36413,11,0,02,10813,1
22,349,-39,23,927,28,9,36,-1,58,-54,56,0,53,403708,9,36406,49,0,02,10806,5
22,399,-39,31,924,56,9,39,-1,58,-54,48,0,53,403632,6,36399,87,0,00,10799,9
22,449,-39,39,921,83,9,42,-1,58,-54,40,0,53,403584,4,36393,25,0,02,10793,3
22,499,-39,47,919,11,9,44,-1,58,-54,32,0,53,403536,1,36386,64,0,00,10786,6
22,549,-39,55,916,40,9,47,-1,58,-54,24,0,53,403432,5,36380,02,0,02,10780,0
22,599,-39,63,913,69,9,50,-1,58,-54,16,0,53,403426,1,36373,41,0,00,10773,4
22,649,-39,71,910,98,9,52,-1,58,-54,08,0,53,403378,2,36366,80,0,02,10766,8
22,699,-39,79,908,28,9,55,-1,58,-54,00,0,53,403330,3,36360,19,0,02,10760,2
22,749,-39,87,905,58,9,57,-1,58,-53,92,0,53,403282,7,36353,58,0,00,10753,6
22,799,-39,95,902,89,9,60,-1,58,-53,84,0,53,403289,9,36346,97,0,02,10747,0
22,849,-40,02,900,20,9,63,-1,58,-53,76,0,53,403159,5,36340,36,0,02,10740,4
22,899,-40,10,897,51,9,65,-1,58,-53,68,0,53,403098,3,36333,75,0,02,10733,8
22,949,-40,18,894,83,9,68,-1,58,-53,60,0,53,403120,0,36327,13,0,02,10727,1
22,999,-40,26,892,15,9,71,-1,58,-53,52,0,53,403045,2,36320,52,0,02,10720,5
23,049,-40,34,889,48,9,73,-1,58,-53,44,0,53,403011,8,36313,91,0,02,10713,9
23,099,-40,42,886,81,9,76,-1,58,-53,36,0,53,402923,3,36307,30,0,02,10707,3
23,149,-40,50,884,14,9,79,-1,58,-53,28,0,53,402945,6,36300,70,0,02,10700,7
23,199,-40,58,881,48,9,81,-1,58,-53,20,0,53,402912,7,36294,10,0,00,10694,1
23,249,-40,66,878,83,9,84,-1,58,-53,12,0,53,402824,7,36287,50,0,02,10687,5
23,299,-40,73,876,17,9,86,-1,58,-53,04,0,53,402750,3,36280,90,0,02,10680,9
23,349,-40,81,873,52,9,89,-1,58,-52,96,0,53,402758,9,36274,30,0,00,10674,3
23,399,-40,89,870,88,9,92,-1,58,-52,88,0,53,402698,9,36267,70,0,02,10667,7
23,449,-40,97,868,23,9,94,-1,57,-52,80,0,53,402652,4,36261,09,0,00,10661,1
23,499,-41,05,865,60,9,97,-1,58,-52,72,0,53,402606,0,36254,49,0,02,10654,5
23,549,-41,13,862,96,10,00,-1,57,-52,64,0,53,402560,0,36247,89,0,02,10647,9
23,599,-41,21,860,33,10,02,-1,57,-52,56,0,53,402527,6,36241,29,0,00,10641,3
23,649,-41,29,857,71,10,05,-1,57,-52,48,0,53,402426,4,36234,69,0,02,10634,7
23,699,-41,36,855,08,10,08,-1,57,-52,40,0,53,402407,9,36228,09,0,02,10628,1
23,749,-41,44,852,47,10,10,-1,57,-52,32,0,53,402389,7,36221,48,0,02,10621,5
23,799,-41,52,849,85,10,13,-1,57,-52,24,0,53,402330,1,36214,89,0,02,10614,9
23,849,-41,60,847,24,10,15,-1,57,-52,16,0,53,402298,1,36208,30,0,02,10608,3
23,899,-41,68,844,64,10,18,-1,57,-52,08,0,53,402252,6,36201,71,0,02,10601,7
23,949,-41,76,842,04,10,21,-1,57,-52,00,0,53,402193,2,36195,12,0,02,10595,1
23,999,-41,84,839,44,10,23,-1,57,-51,91,0,53,402161,4,36188,52,0,02,10588,5
24,049,-41,91,836,84,10,26,-1,57,-51,83,0,53,402115,8,36181,93,0,00,10581,9
24,099,-41,99,834,25,10,29,-1,57,-51,75,0,53,402056,0,36175,34,0,00,10575,3
24,149,-42,07,831,67,10,31,-1,57,-51,67,0,53,402037,8,36168,75,0,02,10568,8
24,199,-42,15,829,09,10,34,-1,57,-51,59,0,53,401991,8,36162,16,0,02,10562,2
24,249,-42,23,826,51,10,37,-1,57,-51,51,0,53,401904,8,36155,57,0,00,10555,6
24,299,-42,31,823,94,10,39,-1,57,-51,43,0,53,401872,7,36148,97,0,02,10549,0
24,349,-42,38,821,37,10,42,-1,57,-51,35,0,53,401840,7,36142,38,0,00,10542,4
24,399,-42,46,818,80,10,44,-1,57,-51,27,0,53,401794,8,36135,79,0,02,10535,8
24,449,-42,54,816,24,10,47,-1,57,-51,19,0,53,401749,0,36129,21,0,00,10529,2
24,499,-42,62,813,68,10,50,-1,57,-51,11,0,53,401633,9,36122,63,0,00,10522,6
24,549,-42,70,811,13,10,52,-1,57,-51,03,0,53,401684,6,36116,04,0,02,10516,0
24,599,-42,78,808,58,10,55,-1,57,-50,95,0,53,401597,4,36109,46,0,02,10509,5
24,649,-42,85,806,03,10,58,-1,56,-50,87,0,53,401537,4,36102,88,0,00,10502,9
24,699,-42,93,803,49,10,60,-1,56,-50,79,0,53,401477,7,36096,30,0,00,10496,3
24,749,-43,01,800,95,10,63,-1,56,-50,71,0,53,401473,3,36089,71,0,00,10489,7
24,799,-43,09,798,42,10,66,-1,56,-50,63,0,53,401427,3,36083,13,0,00,10483,1
24,849,-43,17,795,89,10,68,-1,56,-50,55,0,53,401395,1,36076,55,0,00,10476,6
24,899,-43,25,793,36,10,71,-1,56,-50,47,0,53,401335,3,36069,97,0,00,10470,0
24,949,-43,32,790,84,10,74,-1,56,-50,39,0,53,401289,3,36063,39,0,00,10463,4
24,999,-43,40,788,33,10,76,-1,56,-50,31,0,53,401201,6,36056,80,0,00,10456,8
25,049,-43,48,785,81,10,79,-1,56,-50,23,0,53,401155,5,36050,23,0,00,10450,2
25,099,-43,56,783,30,10,82,-1,56,-50,15,0,53,401123,5,36043,65,0,02,10443,7
25,149,-43,64,780,80,10,84,-1,56,-50,07,0,53,401118,6,36037,08,0,02,10437,1
25,199,-43,71,778,30,10,87,-1,56,-49,99,0,53,401072,8,36030,51,0,00,10430,5
25,249,-43,79,775,80,10,89,-1,56,-49,91,0,53,400957,9,36023,94,0,00,10423,9
25,299,-43,87,773,30,10,92,-1,56,-49,83,0,53,400967,0,36017,36,0,02,10417,4
25,349,-43,95,770,81,10,95,-1,56,-49,75,0,53,400879,2,36010,79,0,00,10410,8
25,399,-44,03,768,33,10,97,-1,56,-49,67,0,53,400860,8,36004,22,0,02,10404,2
25,449,-44,10,765,85,11,00,-1,56,-49,59,0,53,400855,9,35997,65,0,00,10397,7
25,499,-44,18,763,37,11,03,-1,56,-49,51,0,53,400768,3,35991,07,0,02,10391,1
25,549,-44,26,760,90,11,05,-1,56,-49,43,0,53,400694,1,35984,50,0,00,10384,5
25,599,-44,34,758,43,11,08,-1,56,-49,35,0,53,400648,3,35977,93,0,02,10377,9
25,649,-44,42,755,96,11,11,-1,56,-49,27,0,53,400601,9,35971,36,0,00,10371,4
25,699,-44,49,753,50,11,13,-1,56,-49,19,0,53,400555,3,35964,79,0,00,10364,8
25,749,-44,57,751,04,11,16,-1,56,-49,11,0,53,400578,1,35958,23,0,00,10358,2
25,799,-44,65,748,59,11,19,-1,56,-49,03,0,53,400490,7,35951,66,0,02,10351,7
25,849,-44,73,746,14,11,21,-1,56,-48,95,0,53,400416,7,35945,10,0,00,10345,1
25,899,-44,81,743,70,11,24,-1,55,-48,87,0,53,400356,3,35938,54,0,00,10338,5
25,949,-44,88,741,25,11,27,-1,56,-48,79,0,53,400393,1,35931,98,0,00,10332,0
25,999,-44,96,738,82,11,29,-1,55,-48,71,0,53,400346,8,35925,41,0,00,10325,4
26,049,-45,04,736,38,11,32,-1,55,-48,63,0,53,400300,3,35918,85,0,00,10318,9
26,099,-45,12,733,95,11,35,-1,55,-48,55,0,53,400254,1,35912,29,0,00,10312,3
26,149,-45,19,731,53,11,37,-1,55,-48,47,0,53,400207,8,35905,73,0,00,10305,7
26,199,-45,27,729,11,11,40,-1,55,-48,39,0,53,400161,5,35899,16,0,00,10299,2
26,249,-45,35,726,69,11,42,-1,55,-48,31,0,53,400045,9,35892,60,0,00,10292,6
26,299,-45,43,724,28,11,45,-1,55,-48,23,0,53,400027,2,35886,04,0,00,10286,0
26,349,-45,50,721,87,11,48,-1,55,-48,15,0,53,399953,4,35879,48,0,02,10279,5
26,399,-45,58,719,46,11,50,-1,55,-48,07,0,53,399948,3,35872,93,0,02,10272,9
26,449,-45,66,717,06,11,53,-1,55,-47,98,0,53,399901,8,35866,38,0,00,10266,4
26,499,-45,74,714,66,11,56,-1,55,-47,90,0,53,399869,4,35859,82,0,00,10259,8
26,549,-45,81,712,27,11,58,-1,55,-47,82,0,53,399767,7,35853,27,0,02,10253,3
26,599,-45,89,709,88,11,61,-1,55,-47,74,0,53,399762,8,35846,72,0,00,10246,7
26,649,-45,97,707,50,11,64,-1,55,-47,66,0,53,399771,3,35840,16,0,00,10240,2
26,699,-46,05,705,11,11,66,-1,55,-47,58,0,53,399628,2,35833,61,0,02,10233,6
26,749,-46,12,702,74,11,69,-1,55,-47,50,0,53,399636,5,35827,06,0,00,10227,1
26,799,-46,20,700,36,11,72,-1,55,-47,42,0,53,399534,8,35820,51,0,02,10220,5
26,849,-46,28,697,99,11,74,-1,55,-47,34,0,53,399570,8,35813,95,0,00,10214,0
26,898,-46,36,695,63,11,77,-1,55,-47,26,0,53,399441,4,35807,40,0,02,10207,4
26,948,-46,43,693,27,11,80,-1,55,-47,18,0,53,399463,7,35800,85,0,00,10200,9
26,998,-46,51,690,91,11,82,-1,55,-47,10,0,53,399348,1,35794,30,0,02,10194,3
27,048,-46,59,688,56,11,85,-1,55,-47,02,0,53,399301,2,35787,76,0,00,10187,8
27,098,-46,67,686,21,11,88,-1,55,-46,94,0,53,399282,6,35781,21,0,00,10181,2
27,148,-46,74,683,86,11,90,-1,55,-46,86,0,53,399222,1,35774,67,0,02,10174,7
27,198,-46,82,681,52,11,93,-1,55,-46,78,0,53,399161,4,35768,13,0,00,10168,1
27,248,-46,90,679,19,11,96,-1,55,-46,70,0,53,399170,4,35761,59,0,00,10161,6
27,298,-46,98,676,85,11,98,-1,55,-46,62,0,53,399068,5,35755,04,0,00,10155,0
27,348,-47,05,674,52,12,01,-1,55,-46,54,0,53,399035,6,35748,50,0,02,10148,5
27,398,-47,13,672,20,12,04,-1,54,-46,46,0,53,398988,8,35741,96,0,00,10142,0
27,448,-47,21,669,88,12,06,-1,54,-46,38,0,53,398997,4,35735,41,0,00,10135,4
27,498,-47,28,667,56,12,09,-1,54,-46,30,0,53,398950,6,35728,87,0,00,10128,9
27,548,-47,36,665,25,12,12,-1,54,-46,22,0,53,398890,3,35722,33,0,00,10122,3
27,598,-47,44,662,94,12,14,-1,54,-46,14,0,53,398830,0,35715,79,0,00,10115,8
27,648,-47,52,660,63,12,17,-1,54,-46,06,0,53,398727,9,35709,25,0,00,10109,3
27,698,-47,59,658,33,12,20,-1,54,-45,98,0,53,398695,0,35702,72,0,00,10102,7
27,748,-47,67,656,04,12,22,-1,54,-45,90,0,53,398662,1,35696,18,0,00,10096,2
27,798,-47,75,653,74,12,25,-1,54,-45,82,0,53,398587,6,35689,65,0,00,10089,7
27,848,-47,82,651,45,12,28,-1,54,-45,74,0,53,398540,8,35683,12,0,00,10083,1
27,898,-47,90,649,17,12,30,-1,54,-45,66,0,53,398480,4,35676,59,0,00,10076,6
27,948,-47,98,646,89,12,33,-1,54,-45,58,0,53,398502,6,35670,05,0,00,10070,1
27,998,-48,06,644,61,12,36,-1,54,-45,50,0,53,398441,9,35663,52,0,00,10063,5
28,048,-48,13,642,34,12,38,-1,54,-45,42,0,53,398463,8,35656,98,0,00,10057,0
28,098,-48,21,640,07,12,41,-1,54,-45,34,0,54,398334,0,35650,45,0,00,10050,5
28,148,-48,29,637,80,12,44,-1,54,-45,26,0,53,398287,2,35643,92,0,02,10043,9
28,198,-48,36,635,54,12,46,-1,54,-45,18,0,53,398254,2,35637,39,0,00,10037,4
28,248,-48,44,633,29,12,49,-1,54,-45,10,0,53,398221,0,35630,86,0,00,10030,9
28,298,-48,52,631,03,12,52,-1,54,-45,02,0,53,398201,3,35624,33,0,00,10024,3
28,348,-48,59,628,79,12,54,-1,54,-44,94,0,54,398085,2,35617,81,0,00,10017,8
28,398,-48,67,626,54,12,57,-1,54,-44,86,0,53,398066,0,35611,29,0,00,10011,3
28,448,-48,75,624,30,12,60,-1,54,-44,78,0,53,398032,8,35604,76,0,00,10004,8
28,498,-48,82,622,06,12,62,-1,54,-44,70,0,54,397943,8,35598,24,0,00,9998,2
28,548,-48,90,619,83,12,65,-1,54,-44,62,0,53,397924,6,35591,71,0,00,9991,7
28,598,-48,98,617,60,12,68,-1,54,-44,54,0,53,397891,5,35585,19,0,00,9985,2
28,648,-49,05,615,38,12,70,-1,53,-44,46,0,54,397830,1,35578,67,0,00,9978,7
28,698,-49,13,613,16,12,73,-1,54,-44,38,0,54,397783,2,35572,14,0,00,9972,1
28,748,-49,21,610,94,12,76,-1,54,-44,30,0,54,397791,3,35565,62,0,00,9965,6
28,798,-49,29,608,73,12,78,-1,53,-44,21,0,54,397675,2,35559,10,0,00,9959,1
28,848,-49,36,606,52,12,81,-1,53,-44,13,0,54,397655,8,35552,57,0,00,9952,6
28,898,-49,44,604,31,12,84,-1,53,-44,05,0,54,397566,9,35546,05,0,02,9946,1
28,948,-49,52,602,11,12,86,-1,53,-43,97,0,54,397561,5,35539,54,0,00,9939,5
28,998,-49,59,599,92,12,89,-1,53,-43,89,0,54,397486,5,35533,03,0,02,9933,0
29,048,-49,67,597,72,12,92,-1,53,-43,81,0,54,397467,2,35526,52,0,00,9926,5
29,098,-49,75,595,53,12,95,-1,53,-43,73,0,54,397405,8,35520,00,0,00,9920,0
29,148,-49,82,593,35,12,97,-1,53,-43,65,0,54,397413,7,35513,48,0,00,9913,5
29,198,-49,90,591,17,13,00,-1,53,-43,57,0,54,397297,5,35506,97,0,00,9907,0
29,248,-49,98,588,99,13,03,-1,53,-43,49,0,54,397249,9,35500,46,0,00,9900,5
29,298,-50,05,586,82,13,05,-1,53,-43,41,0,54,397175,4,35493,95,0,00,9893,9
29,348,-50,13,584,65,13,08,-1,53,-43,33,0,54,397155,3,35487,43,0,02,9887,4
29,398,-50,20,582,49,13,11,-1,53,-43,25,0,54,397149,2,35480,92,0,00,9880,9
29,448,-50,28,580,33,13,13,-1,53,-43,17,0,54,397088,2,35474,41,0,00,9874,4
29,498,-50,36,578,17,13,16,-1,53,-43,09,0,54,397012,9,35467,89,0,02,9867,9
29,548,-50,43,576,02,13,19,-1,53,-43,01,0,54,397020,7,35461,39,0,00,9861,4
29,598,-50,51,573,87,13,21,-1,53,-42,93,0,54,396918,3,35454,88,0,00,9854,9
29,648,-50,59,571,72,13,24,-1,53,-42,85,0,54,396870,6,35448,38,0,00,9848,4
29,698,-50,66,569,58,13,27,-1,53,-42,77,0,54,396822,8,35441,88,0,00,9841,9
29,748,-50,74,567,45,13,29,-1,53,-42,69,0,54,396803,4,35435,37,0,00,9835,4
29,798,-50,82,565,31,13,32,-1,53,-42,61,0,54,396728,2,35428,87,0,00,9828,9
29,848,-50,89,563,18,13,35,-1,53,-42,53,0,54,396666,7,35422,36,0,00,9822,4
29,898,-50,97,561,06,13,37,-1,53,-42,45,0,54,396632,5,35415,86,0,00,9815,9
29,948,-51,05,558,94,13,40,-1,53,-42,37,0,54,396668,0,35409,36,0,00,9809,4
29,998,-51,12,556,82,13,43,-1,53,-42,29,0,54,396510,1,35402,85,0,00,9802,9
30,048,-51,20,554,71,13,46,-1,53,-42,21,0,54,396517,4,35396,35,0,00,9796,3
30,098,-51,27,552,60,13,48,-1,53,-42,13,0,54,396428,1,35389,84,0,00,9789,8
30,148,-51,35,550,50,13,51,-1,53,-42,05,0,54,396394,2,35383,34,0,00,9783,3
30,198,-51,43,548,40,13,54,-1,52,-41,97,0,54,396318,9,35376,85,0,00,9776,9
30,248,-51,50,546,30,13,56,-1,52,-41,89,0,54,396367,8,35370,36,0,00,9770,4
30,298,-51,58,544,21,13,59,-1,52,-41,81,0,54,396279,1,35363,86,0,00,9763,9
30,348,-51,66,542,12,13,62,-1,52,-41,73,0,54,396203,9,35357,37,0,00,9757,4
30,398,-51,73,540,04,13,64,-1,52,-41,65,0,54,396169,8,35350,88,0,00,9750,9
30,448,-51,81,537,96,13,67,-1,52,-41,57,0,54,396094,2,35344,38,0,00,9744,4
30,498,-51,88,535,88,13,70,-1,52,-41,49,0,54,396060,2,35337,88,0,00,9737,9
30,548,-51,96,533,81,13,72,-1,52,-41,41,0,54,396012,3,35331,39,0,00,9731,4
30,598,-52,04,531,74,13,75,-1,52,-41,33,0,54,395964,4,35324,90,0,00,9724,9
30,648,-52,11,529,67,13,78,-1,52,-41,25,0,54,395930,2,35318,40,0,00,9718,4
30,698,-52,19,527,61,13,81,-1,52,-41,17,0,54,395868,4,35311,91,0,00,9711,9
30,748,-52,26,525,56,13,83,-1,52,-41,09,0,54,395848,0,35305,41,0,00,9705,4
30,798,-52,34,523,51,13,86,-1,52,-41,01,0,54,395772,5,35298,93,0,00,9698,9
30,848,-52,42,521,46,13,89,-1,52,-40,93,0,54,395752,1,35292,45,0,00,9692,4
30,898,-52,49,519,41,13,91,-1,52,-40,85,0,54,395676,6,35285,96,0,00,9686,0
30,948,-52,57,517,37,13,94,-1,52,-40,77,0,54,395628,5,35279,48,0,00,9679,5
30,998,-52,65,515,34,13,97,-1,52,-40,68,0,54,395566,7,35272,99,0,00,9673,0
31,048,-52,72,513,30,13,99,-1,52,-40,60,0,54,395532,4,35266,51,0,00,9666,5
31,098,-52,80,511,28,14,02,-1,52,-40,52,0,54,395498,0,35260,02,0,00,9660,0
31,148,-52,87,509,25,14,05,-1,52,-40,44,0,54,395408,4,35253,54,0,00,9653,5
31,198,-52,95,507,23,14,07,-1,52,-40,36,0,54,395415,3,35247,05,0,00,9647,1
31,248,-53,02,505,22,14,10,-1,52,-40,28,0,54,395394,3,35240,57,0,00,9640,6
31,298,-53,10,503,20,14,13,-1,52,-40,20,0,54,395290,7,35234,09,0,00,9634,1
31,348,-53,18,501,19,14,16,-1,52,-40,12,0,54,395242,5,35227,60,0,02,9627,6
31,398,-53,25,499,19,14,18,-1,52,-40,04,0,54,395194,3,35221,12,0,00,9621,1
31,448,-53,33,497,19,14,21,-1,52,-39,96,0,54,395146,1,35214,65,0,00,9614,6
31,498,-53,40,495,19,14,24,-1,52,-39,88,0,54,395097,9,35208,17,0,00,9608,2
31,548,-53,48,493,20,14,26,-1,52,-39,80,0,54,395049,7,35201,70,0,00,9601,7
31,598,-53,56,491,21,14,29,-1,52,-39,72,0,54,395028,9,35195,22,0,00,9595,2
31,648,-53,63,489,23,14,32,-1,51,-39,64,0,54,394952,5,35188,75,0,00,9588,7
31,698,-53,71,487,25,14,34,-1,51,-39,56,0,54,394918,1,35182,27,0,00,9582,3
31,748,-53,78,485,27,14,37,-1,51,-39,48,0,54,394869,9,35175,80,0,00,9575,8
31,798,-53,86,483,30,14,40,-1,51,-39,40,0,54,394807,8,35169,32,0,00,9569,3
31,848,-53,93,481,33,14,43,-1,51,-39,32,0,54,394745,6,35162,85,0,00,9562,9
31,898,-54,01,479,37,14,45,-1,51,-39,24,0,54,394710,3,35156,38,0,00,9556,4
31,948,-54,09,477,41,14,48,-1,51,-39,16,0,54,394675,7,35149,90,0,00,9549,9
31,998,-54,16,475,45,14,51,-1,51,-39,08,0,54,394627,3,35143,43,0,00,9543,4
32,048,-54,24,473,50,14,53,-1,51,-39,00,0,54,394592,8,35136,96,0,00,9537,0
32,098,-54,31,471,55,14,56,-1,51,-38,92,0,54,394571,7,35130,50,0,00,9530,5
32,148,-54,39,469,61,14,59,-1,51,-38,84,0,54,394467,9,35124,04,0,00,9524,0
32,198,-54,46,467,67,14,61,-1,51,-38,76,0,54,394405,7,35117,57,0,00,9517,6
32,248,-54,54,465,73,14,64,-1,51,-38,68,0,54,394371,1,35111,11,0,00,9511,1
32,298,-54,61,463,80,14,67,-1,51,-38,60,0,54,394322,0,35104,64,0,00,9504,6
32,348,-54,69,461,87,14,70,-1,51,-38,52,0,54,394273,5,35098,18,0,00,9498,2
32,398,-54,77,459,95,14,72,-1,51,-38,44,0,54,394211,3,35091,71,0,00,9491,7
32,448,-54,84,458,03,14,75,-1,51,-38,36,0,54,394217,9,35085,25,0,00,9485,2
32,498,-54,92,456,11,14,78,-1,51,-38,28,0,54,394140,9,35078,78,0,00,9478,8
32,548,-54,99,454,20,14,80,-1,51,-38,20,0,54,394078,2,35072,32,0,00,9472,3
32,598,-55,07,452,29,14,83,-1,51,-38,12,0,54,394029,5,35065,86,0,00,9465,9
32,648,-55,14,450,39,14,86,-1,51,-38,04,0,54,393966,4,35059,40,0,02,9459,4
32,698,-55,22,448,49,14,88,-1,51,-37,96,0,54,393931,3,35052,95,0,00,9452,9
32,748,-55,29,446,60,14,91,-1,51,-37,88,0,54,393882,4,35046,49,0,00,9446,5
32,798,-55,37,444,70,14,94,-1,51,-37,80,0,54,393833,0,35040,04,0,02,9440,0
32,848,-55,44,442,82,14,97,-1,51,-37,72,0,54,393770,3,35033,58,0,00,9433,6
32,898,-55,52,440,93,14,99,-1,51,-37,64,0,54,393748,9,35027,13,0,00,9427,1
32,948,-55,60,439,05,15,02,-1,51,-37,56,0,54,393699,4,35020,67,0,00,9420,7
32,998,-55,67,437,18,15,05,-1,51,-37,47,0,54,393650,5,35014,21,0,00,9414,2
33,048,-55,75,435,30,15,07,-1,51,-37,39,0,54,393587,8,35007,76,0,00,9407,8
33,098,-55,82,433,44,15,10,-1,50,-37,31,0,54,393524,3,35001,30,0,00,9401,3
33,148,-55,90,431,57,15,13,-1,50,-37,23,0,54,393475,4,34994,85,0,00,9394,8
33,198,-55,97,429,71,15,16,-1,50,-37,15,0,54,393425,8,34988,40,0,00,9388,4
33,248,-56,05,427,86,15,18,-1,50,-37,07,0,54,393390,5,34981,95,0,00,9382,0
33,298,-56,12,426,01,15,21,-1,50,-36,99,0,54,393355,4,34975,50,0,00,9375,5
33,348,-56,20,424,16,15,24,-1,50,-36,91,0,54,393291,8,34969,06,0,00,9369,1
33,398,-56,27,422,31,15,26,-1,50,-36,83,0,54,393256,6,34962,61,0,00,9362,6
33,448,-56,35,420,48,15,29,-1,50,-36,75,0,54,393234,7,34956,17,0,00,9356,2
33,498,-56,42,418,64,15,32,-1,50,-36,67,0,54,393143,9,34949,72,0,00,9349,7
33,548,-56,50,416,81,15,35,-1,50,-36,59,0,54,393108,6,34943,28,0,00,9343,3
33,598,-56,57,414,98,15,37,-1,50,-36,51,0,54,393031,4,34936,83,0,00,9336,8
33,648,-56,65,413,16,15,40,-1,50,-36,43,0,54,392982,2,34930,39,0,00,9330,4
33,698,-56,72,411,34,15,43,-1,50,-36,35,0,54,392946,0,34923,94,0,02,9323,9
33,748,-56,80,409,52,15,45,-1,50,-36,27,0,54,392883,1,34917,50,0,00,9317,5
33,798,-56,87,407,71,15,48,-1,50,-36,19,0,54,392875,1,34911,05,0,00,9311,1
33,848,-56,95,405,90,15,51,-1,50,-36,11,0,54,392784,0,34904,62,0,00,9304,6
33,898,-57,02,404,10,15,53,-1,50,-36,03,0,54,392748,5,34898,18,0,00,9298,2
33,948,-57,10,402,30,15,56,-1,50,-35,95,0,54,392698,6,34891,75,0,00,9291,7
33,998,-57,17,400,50,15,59,-1,50,-35,87,0,54,392649,3,34885,31,0,00,9285,3
34,048,-57,25,398,71,15,62,-1,50,-35,79,0,54,392599,4,34878,88,0,00,9278,9
34,098,-57,32,396,93,15,64,-1,50,-35,71,0,54,392563,9,34872,44,0,00,9272,4
34,148,-57,40,395,14,15,67,-1,50,-35,63,0,54,392500,1,34866,00,0,00,9266,0
34,198,-57,47,393,36,15,70,-1,50,-35,55,0,54,392450,6,34859,57,0,00,9259,6
34,248,-57,55,391,59,15,72,-1,50,-35,47,0,54,392428,5,34853,13,0,00,9253,1
34,298,-57,62,389,82,15,75,-1,50,-35,39,0,54,392364,3,34846,70,0,00,9246,7
34,348,-57,70,388,05,15,78,-1,50,-35,31,0,54,392287,1,34840,26,0,00,9240,3
34,398,-57,77,386,28,15,81,-1,50,-35,23,0,54,392236,5,34833,83,0,00,9233,8
34,448,-57,85,384,53,15,83,-1,50,-35,15,0,54,392186,9,34827,40,0,00,9227,4
34,498,-57,92,382,77,15,86,-1,49,-35,07,0,54,392150,3,34820,97,0,00,9221,0
34,548,-58,00,381,02,15,89,-1,49,-34,99,0,54,392086,5,34814,55,0,00,9214,5
34,598,-58,07,379,27,15,91,-1,49,-34,91,0,54,392036,0,34808,12,0,00,9208,1
34,648,-58,14,377,53,15,94,-1,49,-34,83,0,54,391986,2,34801,70,0,00,9201,7
34,698,-58,22,375,79,15,97,-1,49,-34,75,0,54,391935,7,34795,27,0,02,9195,3
34,748,-58,29,374,05,16,00,-1,49,-34,67,0,54,391913,4,34788,84,0,00,9188,8
34,798,-58,37,372,32,16,02,-1,49,-34,59,0,54,391835,2,34782,42,0,00,9182,4
34,848,-58,44,370,59,16,05,-1,49,-34,51,0,54,391785,3,34775,99,0,00,9176,0
34,898,-58,52,368,87,16,08,-1,49,-34,42,0,54,391762,8,34769,57,0,00,9169,6
34,948,-58,59,367,15,16,10,-1,49,-34,34,0,54,391698,4,34763,14,0,00,9163,1
34,998,-58,67,365,44,16,13,-1,49,-34,26,0,54,391634,5,34756,72,0,00,9156,7
35,048,-58,74,363,73,16,16,-1,49,-34,18,0,54,391597,8,34750,30,0,00,9150,3
35,098,-58,82,362,02,16,18,-1,49,-34,10,0,54,391547,7,34743,89,0,00,9143,9
35,148,-58,89,360,32,16,21,-1,49,-34,02,0,54,391510,7,34737,47,0,00,9137,5
35,198,-58,97,358,62,16,24,-1,49,-33,94,0,54,391433,1,34731,05,0,00,9131,1
35,248,-59,04,356,92,16,27,-1,49,-33,86,0,54,391382,4,34724,64,0,00,9124,6
35,298,-59,11,355,23,16,29,-1,49,-33,78,0,54,391345,9,34718,22,0,00,9118,2
35,348,-59,19,353,54,16,32,-1,49,-33,70,0,54,391337,0,34711,80,0,00,9111,8
35,398,-59,26,351,86,16,35,-1,49,-33,62,0,54,391245,1,34705,39,0,00,9105,4
35,448,-59,34,350,18,16,37,-1,49,-33,54,0,54,391249,6,34698,98,0,00,9099,0
35,498,-59,41,348,51,16,40,-1,49,-33,46,0,54,391130,1,34692,56,0,00,9092,6
35,548,-59,49,346,83,16,43,-1,49,-33,38,0,54,391093,0,34686,14,0,02,9086,1
35,598,-59,56,345,17,16,46,-1,49,-33,30,0,54,391028,9,34679,73,0,00,9079,7
35,648,-59,63,343,50,16,48,-1,49,-33,22,0,54,390978,0,34673,32,0,00,9073,3
35,698,-59,71,341,85,16,51,-1,49,-33,14,0,54,390955,3,34666,92,0,00,9066,9
35,748,-59,78,340,19,16,54,-1,49,-33,06,0,54,390890,5,34660,51,0,00,9060,5
35,798,-59,86,338,54,16,56,-1,49,-32,98,0,54,390881,0,34654,11,0,00,9054,1
35,848,-59,93,336,89,16,59,-1,49,-32,90,0,54,390788,5,34647,70,0,00,9047,7
35,898,-60,01,335,25,16,62,-1,48,-32,82,0,54,390723,2,34641,29,0,00,9041,3
35,948,-60,08,333,61,16,64,-1,48,-32,74,0,54,390672,5,34634,89,0,00,9034,9
35,998,-60,15,331,98,16,67,-1,48,-32,66,0,54,390620,8,34628,48,0,00,9028,5
36,049,-60,23,330,34,16,70,-1,48,-32,58,0,54,390569,3,34622,07,0,00,9022,1
36,099,-60,30,328,72,16,73,-1,48,-32,50,0,54,390518,3,34615,67,0,00,9015,7
36,149,-60,38,327,09,16,75,-1,48,-32,42,0,54,390466,7,34609,26,0,00,9009,3
36,199,-60,45,325,48,16,78,-1,48,-32,34,0,54,390415,1,34602,87,0,00,9002,9
36,249,-60,53,323,86,16,81,-1,48,-32,26,0,54,390432,8,34596,47,0,00,8996,5
36,299,-60,60,322,25,16,83,-1,48,-32,18,0,54,390326,4,34590,07,0,00,8990,1
36,349,-60,67,320,64,16,86,-1,48,-32,10,0,54,390274,8,34583,68,0,00,8983,7
36,399,-60,75,319,04,16,89,-1,48,-32,02,0,54,390223,1,34577,28,0,00,8977,3
36,449,-60,82,317,44,16,92,-1,48,-31,94,0,54,390165,3,34570,88,0,00,8970,9
36,499,-60,90,315,85,16,94,-1,48,-31,86,0,54,390106,7,34564,49,0,00,8964,5
36,549,-60,97,314,26,16,97,-1,48,-31,78,0,54,390055,1,34558,09,0,00,8958,1
36,599,-61,04,312,67,17,00,-1,48,-31,70,0,54,390003,4,34551,70,0,00,8951,7
36,649,-61,12,311,09,17,02,-1,48,-31,62,0,54,389966,2,34545,30,0,00,8945,3
36,699,-61,19,309,51,17,05,-1,48,-31,53,0,54,389921,4,34538,90,0,00,8938,9
36,749,-61,27,307,93,17,08,-1,48,-31,45,0,54,389855,9,34532,51,0,00,8932,5
36,799,-61,34,306,36,17,10,-1,48,-31,37,0,54,389797,2,34526,12,0,02,8926,1
36,849,-61,41,304,80,17,13,-1,48,-31,29,0,54,389759,9,34519,73,0,00,8919,7
36,899,-61,49,303,23,17,16,-1,48,-31,21,0,54,389701,2,34513,35,0,00,8913,3
36,949,-61,56,301,67,17,19,-1,48,-31,13,0,54,389642,4,34506,96,0,00,8907,0
36,999,-61,63,300,12,17,21,-1,48,-31,05,0,54,389590,3,34500,57,0,00,8900,6
37,049,-61,71,298,57,17,24,-1,48,-30,97,0,54,389545,9,34494,19,0,00,8894,2
37,099,-61,78,297,02,17,27,-1,48,-30,89,0,54,389486,9,34487,80,0,00,8887,8
37,149,-61,86,295,48,17,29,-1,48,-30,81,0,54,389441,8,34481,41,0,00,8881,4
37,199,-61,93,293,94,17,32,-1,48,-30,73,0,54,389382,8,34475,03,0,00,8875,0
37,249,-62,00,292,41,17,35,-1,48,-30,65,0,54,389365,8,34468,64,0,00,8868,6
37,299,-62,08,290,88,17,37,-1,47,-30,57,0,54,389286,0,34462,25,0,00,8862,3
37,349,-62,15,289,35,17,40,-1,47,-30,49,0,54,389220,0,34455,88,0,00,8855,9
37,399,-62,23,287,83,17,43,-1,47,-30,41,0,54,389174,8,34449,50,0,00,8849,5
37,449,-62,30,286,31,17,45,-1,47,-30,33,0,54,389129,4,34443,12,0,00,8843,1
37,499,-62,37,284,79,17,48,-1,47,-30,25,0,54,389078,0,34436,74,0,00,8836,7
37,549,-62,45,283,28,17,51,-1,47,-30,17,0,54,389025,8,34430,37,0,00,8830,4
37,599,-62,52,281,78,17,54,-1,47,-30,09,0,54,388973,5,34423,99,0,00,8824,0
37,649,-62,59,280,27,17,56,-1,47,-30,01,0,54,388921,3,34417,61,0,00,8817,6
37,699,-62,67,278,78,17,59,-1,47,-29,93,0,54,388869,1,34411,23,0,00,8811,2
37,749,-62,74,277,28,17,62,-1,47,-29,85,0,54,388879,0,34404,86,0,00,8804,9
37,799,-62,81,275,79,17,64,-1,47,-29,77,0,54,388757,8,34398,48,0,00,8798,5
37,849,-62,89,274,30,17,67,-1,47,-29,69,0,54,388705,1,34392,11,0,00,8792,1
37,899,-62,96,272,82,17,70,-1,47,-29,61,0,54,388659,4,34385,73,0,00,8785,7
37,949,-63,03,271,34,17,72,-1,47,-29,53,0,54,388599,9,34379,37,0,00,8779,4
37,999,-63,11,269,87,17,75,-1,47,-29,45,0,54,388547,2,34373,00,0,00,8773,0
38,049,-63,18,268,40,17,78,-1,47,-29,37,0,54,388488,3,34366,63,0,00,8766,6
38,099,-63,26,266,93,17,81,-1,47,-29,29,0,54,388435,6,34360,27,0,00,8760,3
38,149,-63,33,265,47,17,83,-1,47,-29,21,0,54,388396,6,34353,90,0,00,8753,9
38,199,-63,40,264,01,17,86,-1,47,-29,13,0,54,388329,9,34347,53,0,00,8747,5
38,249,-63,48,262,56,17,89,-1,47,-29,05,0,54,388290,9,34341,16,0,00,8741,2
38,299,-63,55,261,11,17,91,-1,47,-28,97,0,54,388238,1,34334,80,0,00,8734,8
38,349,-63,62,259,66,17,94,-1,47,-28,88,0,54,388178,9,34328,43,0,00,8728,4
38,399,-63,70,258,22,17,97,-1,47,-28,80,0,54,388126,0,34322,06,0,00,8722,1
38,449,-63,77,256,78,17,99,-1,47,-28,72,0,54,388079,9,34315,70,0,00,8715,7
38,499,-63,84,255,35,18,02,-1,47,-28,64,0,54,388020,2,34309,34,0,00,8709,3
38,549,-63,92,253,92,18,05,-1,47,-28,56,0,54,387967,3,34302,98,0,00,8703,0
38,599,-63,99,252,49,18,07,-1,47,-28,48,0,54,387914,3,34296,63,0,00,8696,6
38,649,-64,06,251,07,18,10,-1,47,-28,40,0,54,387930,4,34290,27,0,00,8690,3
38,699,-64,14,249,65,18,13,-1,47,-28,32,0,54,387808,6,34283,91,0,00,8683,9
38,749,-64,21,248,24,18,16,-1,47,-28,24,0,54,387755,3,34277,55,0,00,8677,6
38,799,-64,28,246,83,18,18,-1,46,-28,16,0,54,387701,9,34271,20,0,00,8671,2
38,849,-64,36,245,42,18,21,-1,46,-28,08,0,54,387655,4,34264,84,0,00,8664,8
38,899,-64,43,244,02,18,24,-1,46,-28,00,0,54,387595,1,34258,48,0,00,8658,5
38,949,-64,50,242,62,18,26,-1,46,-27,92,0,54,387527,8,34252,12,0,00,8652,1
38,999,-64,58,241,23,18,29,-1,46,-27,84,0,54,387550,4,34245,77,0,00,8645,8
39,049,-64,65,239,84,18,32,-1,46,-27,76,0,54,387435,3,34239,41,0,00,8639,4
39,099,-64,72,238,45,18,34,-1,46,-27,68,0,54,387368,1,34233,07,0,00,8633,1
39,149,-64,79,237,07,18,37,-1,46,-27,60,0,54,387328,4,34226,72,0,00,8626,7
39,199,-64,87,235,69,18,40,-1,46,-27,52,0,54,387274,8,34220,38,0,00,8620,4
39,249,-64,94,234,32,18,42,-1,46,-27,44,0,54,387214,3,34214,02,0,00,8614,0
39,299,-65,01,232,95,18,45,-1,46,-27,36,0,54,387167,5,34207,68,0,00,8607,7
39,349,-65,09,231,58,18,48,-1,46,-27,28,0,54,387120,8,34201,33,0,00,8601,3
39,399,-65,16,230,22,18,51,-1,46,-27,20,0,54,387060,9,34194,98,0,00,8595,0
39,449,-65,23,228,86,18,53,-1,46,-27,12,0,54,387007,3,34188,63,0,00,8588,6
39,499,-65,31,227,51,18,56,-1,46,-27,04,0,54,386953,5,34182,29,0,00,8582,3
39,549,-65,38,226,16,18,59,-1,46,-26,96,0,54,386892,7,34175,94,0,00,8575,9
39,599,-65,45,224,81,18,61,-1,46,-26,88,0,54,386832,2,34169,60,0,00,8569,6
39,649,-65,53,223,47,18,64,-1,46,-26,80,0,54,386799,1,34163,26,0,00,8563,3
39,699,-65,60,222,13,18,67,-1,46,-26,72,0,54,386745,3,34156,92,0,00,8556,9
39,749,-65,67,220,80,18,69,-1,46,-26,64,0,54,386684,4,34150,59,0,00,8550,6
39,799,-65,74,219,47,18,72,-1,46,-26,56,0,54,386631,0,34144,25,0,00,8544,2
39,849,-65,82,218,14,18,75,-1,46,-26,48,0,54,386577,0,34137,91,0,00,8537,9
39,899,-65,89,216,82,18,77,-1,46,-26,40,0,54,386522,9,34131,57,0,00,8531,6
39,949,-65,96,215,50,18,80,-1,46,-26,31,0,54,386468,9,34125,23,0,00,8525,2
39,999,-66,04,214,19,18,83,-1,46,-26,23,0,54,386414,8,34118,90,0,00,8518,9
40,049,-66,11,212,88,18,86,-1,46,-26,15,0,54,386360,7,34112,56,0,00,8512,6
40,099,-66,18,211,57,18,88,-1,46,-26,07,0,54,386306,6,34106,22,0,00,8506,2
40,149,-66,25,210,27,18,91,-1,46,-25,99,0,54,386259,3,34099,89,0,00,8499,9
40,199,-66,33,208,97,18,94,-1,46,-25,91,0,54,386198,2,34093,56,0,02,8493,6
40,249,-66,40,207,68,18,96,-1,46,-25,83,0,54,386137,8,34087,23,0,00,8487,2
40,299,-66,47,206,39,18,99,-1,46,-25,75,0,54,386090,4,34080,91,0,00,8480,9
40,349,-66,55,205,10,19,02,-1,45,-25,67,0,54,386036,2,34074,58,0,00,8474,6
40,399,-66,62,203,82,19,04,-1,45,-25,59,0,54,385981,9,34068,25,0,00,8468,3
40,449,-66,69,202,55,19,07,-1,45,-25,51,0,54,385941,1,34061,92,0,00,8461,9
40,499,-66,76,201,27,19,10,-1,45,-25,43,0,54,385872,7,34055,59,0,00,8455,6
40,549,-66,84,200,00,19,12,-1,45,-25,35,0,54,385824,9,34049,27,0,00,8449,3
40,599,-66,91,198,74,19,15,-1,45,-25,27,0,54,385763,4,34042,94,0,00,8442,9
40,649,-66,98,197,47,19,18,-1,45,-25,19,0,54,385708,7,34036,61,0,00,8436,6
40,699,-67,05,196,22,19,21,-1,45,-25,11,0,54,385654,7,34030,29,0,00,8430,3
40,750,-67,13,194,96,19,23,-1,45,-25,03,0,54,385606,8,34023,97,0,00,8424,0
40,800,-67,20,193,71,19,26,-1,45,-24,95,0,54,385538,3,34017,66,0,00,8417,7
40,850,-67,27,192,47,19,29,-1,45,-24,87,0,54,385490,4,34011,34,0,00,8411,3
40,900,-67,34,191,23,19,31,-1,45,-24,79,0,54,385435,4,34005,02,0,00,8405,0
40,950,-67,42,189,99,19,34,-1,45,-24,71,0,54,385373,6,33998,70,0,00,8398,7
41,000,-67,49,188,76,19,37,-1,45,-24,63,0,54,385318,7,33992,38,0,00,8392,4
41,050,-67,56,187,53,19,39,-1,45,-24,55,0,54,385263,7,33986,06,0,00,8386,1
41,100,-67,63,186,30,19,42,-1,45,-24,47,0,54,385215,6,33979,74,0,00,8379,7
41,150,-67,71,185,08,19,45,-1,45,-24,39,0,54,385160,5,33973,43,0,00,8373,4
41,200,-67,78,183,86,19,47,-1,45,-24,31,0,54,385106,1,33967,11,0,00,8367,1
41,250,-67,85,182,65,19,50,-1,45,-24,23,0,54,385044,2,33960,80,0,00,8360,8
41,300,-67,92,181,44,19,53,-1,45,-24,15,0,54,384996,0,33954,49,0,00,8354,5
41,350,-68,00,180,24,19,56,-1,45,-24,07,0,54,384940,8,33948,18,0,00,8348,2
41,400,-68,07,179,03,19,58,-1,45,-23,99,0,54,384899,4,33941,88,0,00,8341,9
41,450,-68,14,177,84,19,61,-1,45,-23,91,0,54,384837,3,33935,57,0,00,8335,6
41,500,-68,21,176,64,19,64,-1,45,-23,82,0,54,384781,9,33929,26,0,00,8329,3
41,550,-68,29,175,45,19,66,-1,45,-23,74,0,54,384712,5,33922,95,0,00,8322,9
41,600,-68,36,174,27,19,69,-1,45,-23,66,0,54,384657,0,33916,64,0,00,8316,6
41,650,-68,43,173,09,19,72,-1,45,-23,58,0,54,384608,3,33910,33,0,00,8310,3
41,700,-68,50,171,91,19,74,-1,45,-23,50,0,54,384545,7,33904,02,0,00,8304,0
41,750,-68,58,170,74,19,77,-1,45,-23,42,0,54,384463,1,33897,71,0,00,8297,7
41,800,-68,65,169,57,19,80,-1,45,-23,34,0,54,384435,1,33891,41,0,00,8291,4
41,850,-68,72,168,40,19,82,-1,45,-23,26,0,54,384386,3,33885,12,0,00,8285,1
41,900,-68,79,167,24,19,85,-1,45,-23,18,0,54,384323,6,33878,82,0,00,8278,8
41,950,-68,87,166,09,19,88,-1,45,-23,10,0,54,384267,8,33872,52,0,00,8272,5
42,000,-68,94,164,93,19,91,-1,44,-23,02,0,54,384218,9,33866,22,0,00,8266,2
42,050,-69,01,163,78,19,93,-1,44,-22,94,0,54,384163,0,33859,92,0,00,8259,9
42,100,-69,08,162,64,19,96,-1,44,-22,86,0,54,384100,2,33853,62,0,00,8253,6
42,150,-69,15,161,50,19,99,-1,44,-22,78,0,54,384044,3,33847,32,0,00,8247,3
42,200,-69,23,160,36,20,01,-1,44,-22,70,0,54,383988,3,33841,02,0,00,8241,0
42,250,-69,30,159,23,20,04,-1,44,-22,62,0,54,383932,3,33834,73,0,00,8234,7
42,300,-69,37,158,10,20,07,-1,44,-22,54,0,54,383876,3,33828,43,0,00,8228,4
42,350,-69,44,156,97,20,09,-1,44,-22,46,0,54,383841,6,33822,14,0,00,8222,1
42,400,-69,51,155,85,20,12,-1,44,-22,38,0,54,383764,9,33815,86,0,00,8215,9
42,450,-69,59,154,74,20,15,-1,44,-22,30,0,54,383708,8,33809,57,0,00,8209,6
42,500,-69,66,153,62,20,17,-1,44,-22,22,0,54,383645,8,33803,28,0,00,8203,3
42,550,-69,73,152,51,20,20,-1,44,-22,14,0,54,383596,6,33796,99,0,00,8197,0
42,600,-69,80,151,41,20,23,-1,44,-22,06,0,54,383540,4,33790,70,0,00,8190,7
42,650,-69,88,150,31,20,26,-1,44,-21,98,0,54,383484,1,33784,41,0,00,8184,4
42,700,-69,95,149,21,20,28,-1,44,-21,90,0,54,383420,9,33778,13,0,00,8178,1
42,750,-70,02,148,12,20,31,-1,44,-21,82,0,54,383371,5,33771,84,0,00,8171,8
42,800,-70,09,147,03,20,34,-1,44,-21,74,0,54,383315,1,33765,55,0,00,8165,6
42,850,-70,16,145,94,20,36,-1,44,-21,66,0,54,383258,6,33759,27,0,00,8159,3
42,900,-70,24,144,86,20,39,-1,44,-21,58,0,54,383202,1,33752,99,0,00,8153,0
42,950,-70,31,143,79,20,42,-1,44,-21,50,0,54,383145,6,33746,71,0,00,8146,7
43,000,-70,38,142,71,20,44,-1,44,-21,41,0,54,383089,0,33740,43,0,02,8140,4
43,050,-70,45,141,65,20,47,-1,44,-21,33,0,54,383033,1,33734,15,0,00,8134,1
43,100,-70,52,140,58,20,50,-1,44,-21,25,0,54,382976,5,33727,87,0,00,8127,9
43,150,-70,60,139,52,20,52,-1,44,-21,17,0,54,382919,8,33721,59,0,00,8121,6
43,200,-70,67,138,46,20,55,-1,44,-21,09,0,54,382870,0,33715,31,0,00,8115,3
43,250,-70,74,137,41,20,58,-1,44,-21,01,0,54,382806,4,33709,04,0,00,8109,0
43,300,-70,81,136,36,20,61,-1,44,-20,93,0,54,382742,7,33702,76,0,00,8102,8
43,350,-70,88,135,32,20,63,-1,44,-20,85,0,54,382692,8,33696,49,0,00,8096,5
43,400,-70,95,134,28,20,66,-1,44,-20,77,0,54,382642,8,33690,21,0,00,8090,2
43,450,-71,03,133,24,20,69,-1,44,-20,69,0,54,382579,1,33683,94,0,00,8083,9
43,500,-71,10,132,21,20,71,-1,44,-20,61,0,54,382515,4,33677,67,0,00,8077,7
43,550,-71,17,131,18,20,74,-1,44,-20,53,0,54,382465,4,33671,40,0,00,8071,4
43,600,-71,24,130,15,20,77,-1,44,-20,45,0,54,382408,5,33665,13,0,00,8065,1
43,650,-71,31,129,13,20,79,-1,44,-20,37,0,54,382344,6,33658,86,0,00,8058,9
43,700,-71,39,128,12,20,82,-1,44,-20,29,0,54,382287,3,33652,59,0,00,8052,6
43,750,-71,46,127,10,20,85,-1,44,-20,21,0,54,382258,3,33646,32,0,00,8046,3
43,800,-71,53,126,10,20,88,-1,43,-20,13,0,54,382180,3,33640,06,0,00,8040,1
43,850,-71,60,125,09,20,90,-1,43,-20,05,0,54,382109,0,33633,80,0,00,8033,8
43,900,-71,67,124,09,20,93,-1,43,-19,97,0,54,382058,5,33627,53,0,00,8027,5
43,950,-71,74,123,09,20,96,-1,43,-19,89,0,54,382001,0,33621,27,0,00,8021,3
44,000,-71,82,122,10,20,98,-1,43,-19,81,0,54,381936,6,33615,00,0,00,8015,0
44,050,-71,89,121,11,21,01,-1,43,-19,73,0,54,381886,1,33608,75,0,00,8008,7
44,100,-71,96,120,13,21,04,-1,43,-19,65,0,54,381828,4,33602,48,0,00,8002,5
44,150,-72,03,119,15,21,06,-1,43,-19,57,0,54,381770,8,33596,23,0,00,7996,2
44,200,-72,10,118,17,21,09,-1,43,-19,49,0,54,381713,2,33589,96,0,00,7990,0
44,250,-72,17,117,20,21,12,-1,43,-19,41,0,54,381655,5,33583,71,0,00,7983,7
44,300,-72,25,116,23,21,15,-1,43,-19,33,0,54,381597,8,33577,45,0,00,7977,5
44,350,-72,32,115,27,21,17,-1,43,-19,25,0,54,381546,9,33571,20,0,00,7971,2
44,400,-72,39,114,31,21,20,-1,43,-19,17,0,54,381489,2,33564,95,0,00,7964,9
44,450,-72,46,113,35,21,23,-1,43,-19,08,0,54,381431,3,33558,69,0,00,7958,7
44,500,-72,53,112,40,21,25,-1,43,-19,00,0,54,381373,4,33552,43,0,00,7952,4
44,550,-72,60,111,45,21,28,-1,43,-18,92,0,54,381336,9,33546,18,0,00,7946,2
44,600,-72,68,110,51,21,31,-1,43,-18,84,0,54,381258,3,33539,93,0,00,7939,9
44,650,-72,75,109,57,21,33,-1,43,-18,76,0,54,381200,3,33533,68,0,00,7933,7
44,700,-72,82,108,63,21,36,-1,43,-18,68,0,54,381142,3,33527,43,0,00,7927,4
44,750,-72,89,107,70,21,39,-1,43,-18,60,0,54,381084,3,33521,19,0,00,7921,2
44,800,-72,96,106,77,21,42,-1,43,-18,52,0,54,381026,3,33514,94,0,00,7914,9
44,850,-73,03,105,85,21,44,-1,43,-18,44,0,54,380975,0,33508,70,0,00,7908,7
44,900,-73,10,104,93,21,47,-1,43,-18,36,0,54,380909,8,33502,45,0,00,7902,5
44,950,-73,18,104,01,21,50,-1,43,-18,28,0,54,380851,6,33496,20,0,00,7896,2
45,000,-73,25,103,10,21,52,-1,43,-18,20,0,54,380786,4,33489,96,0,00,7890,0
45,050,-73,32,102,19,21,55,-1,43,-18,12,0,54,380735,1,33483,72,0,00,7883,7
45,100,-73,39,101,29,21,58,-1,43,-18,04,0,54,380676,6,33477,48,0,00,7877,5
45,150,-73,46,100,39,21,60,-1,43,-17,96,0,54,380611,1,33471,24,0,00,7871,2
45,200,-73,53,99,49,21,63,-1,43,-17,88,0,54,380545,6,33465,00,0,00,7865,0
45,250,-73,60,98,60,21,66,-1,43,-17,80,0,54,380493,7,33458,76,0,00,7858,8
45,300,-73,68,97,71,21,69,-1,43,-17,72,0,54,380435,1,33452,52,0,00,7852,5
45,350,-73,75,96,83,21,71,-1,43,-17,64,0,54,380376,3,33446,29,0,00,7846,3
45,400,-73,82,95,95,21,74,-1,43,-17,56,0,54,380317,6,33440,05,0,00,7840,1
45,451,-73,89,95,07,21,77,-1,43,-17,48,0,54,380287,0,33433,82,0,00,7833,8
45,501,-73,96,94,20,21,79,-1,43,-17,40,0,54,380200,6,33427,58,0,00,7827,6
45,551,-74,03,93,33,21,82,-1,43,-17,32,0,54,380141,7,33421,35,0,00,7821,4
45,601,-74,10,92,47,21,85,-1,43,-17,24,0,54,380089,6,33415,12,0,00,7815,1
45,651,-74,18,91,61,21,88,-1,43,-17,16,0,54,380023,8,33408,89,0,00,7808,9
45,701,-74,25,90,75,21,90,-1,43,-17,08,0,54,379964,7,33402,66,0,00,7802,7
45,751,-74,32,89,90,21,93,-1,43,-17,00,0,54,379905,6,33396,43,0,00,7796,4
45,801,-74,39,89,05,21,96,-1,43,-16,92,0,54,379853,5,33390,20,0,00,7790,2
45,851,-74,46,88,21,21,98,-1,42,-16,84,0,54,379787,5,33383,98,0,00,7784,0
45,901,-74,53,87,37,22,01,-1,42,-16,75,0,54,379735,2,33377,75,0,00,7777,8
45,951,-74,60,86,53,22,04,-1,42,-16,67,0,54,379669,1,33371,53,0,00,7771,5
46,001,-74,67,85,70,22,07,-1,42,-16,59,0,54,379602,9,33365,30,0,00,7765,3
46,051,-74,74,84,87,22,09,-1,42,-16,51,0,54,379550,5,33359,08,0,00,7759,1
46,101,-74,82,84,05,22,12,-1,42,-16,43,0,54,379498,1,33352,86,0,00,7752,9
46,151,-74,89,83,23,22,15,-1,42,-16,35,0,54,379438,8,33346,64,0,00,7746,6
46,201,-74,96,82,41,22,17,-1,42,-16,27,0,54,379372,5,33340,42,0,00,7740,4
46,251,-75,03,81,60,22,20,-1,42,-16,19,0,54,379313,0,33334,20,0,00,7734,2
46,301,-75,10,80,79,22,23,-1,42,-16,11,0,54,379246,7,33327,98,0,00,7728,0
46,351,-75,17,79,99,22,26,-1,42,-16,03,0,54,379187,2,33321,76,0,00,7721,8
46,401,-75,24,79,19,22,28,-1,42,-15,95,0,54,379134,6,33315,55,0,00,7715,5
46,451,-75,31,78,40,22,31,-1,42,-15,87,0,54,379072,2,33309,33,0,00,7709,3
46,501,-75,39,77,60,22,34,-1,42,-15,79,0,54,379019,4,33303,12,0,00,7703,1
46,551,-75,46,76,82,22,36,-1,42,-15,71,0,54,378952,9,33296,90,0,00,7696,9
46,601,-75,53,76,03,22,39,-1,42,-15,63,0,54,378900,1,33290,69,0,00,7690,7
46,651,-75,60,75,25,22,42,-1,42,-15,55,0,54,378836,8,33284,48,0,00,7684,5
46,701,-75,67,74,48,22,45,-1,42,-15,47,0,54,378777,0,33278,27,0,00,7678,3
46,751,-75,74,73,71,22,47,-1,42,-15,39,0,54,378724,0,33272,06,0,00,7672,1
46,801,-75,81,72,94,22,50,-1,42,-15,31,0,54,378653,8,33265,85,0,00,7665,9
46,851,-75,88,72,18,22,53,-1,42,-15,23,0,54,378597,3,33259,65,0,00,7659,6
46,901,-75,95,71,42,22,55,-1,42,-15,15,0,54,378537,4,33253,44,0,00,7653,4
46,951,-76,02,70,66,22,58,-1,42,-15,07,0,54,378477,3,33247,23,0,00,7647,2
47,001,-76,10,69,91,22,61,-1,42,-14,99,0,54,378417,3,33241,03,0,00,7641,0
47,051,-76,17,69,16,22,64,-1,42,-14,91,0,54,378357,2,33234,83,0,00,7634,8
47,101,-76,24,68,42,22,66,-1,42,-14,83,0,54,378286,7,33228,63,0,00,7628,6
47,151,-76,31,67,68,22,69,-1,42,-14,75,0,54,378233,4,33222,42,0,00,7622,4
47,201,-76,38,66,94,22,72,-1,42,-14,67,0,54,378176,6,33216,22,0,00,7616,2
47,251,-76,45,66,21,22,74,-1,42,-14,59,0,54,378112,8,33210,02,0,00,7610,0
47,301,-76,52,65,49,22,77,-1,42,-14,50,0,55,378055,9,33203,82,0,00,7603,8
47,351,-76,59,64,76,22,80,-1,42,-14,42,0,55,377992,0,33197,63,0,00,7597,6
47,401,-76,66,64,04,22,83,-1,42,-14,34,0,55,377934,9,33191,43,0,00,7591,4
47,451,-76,73,63,33,22,85,-1,42,-14,26,0,55,377870,9,33185,23,0,00,7585,2
47,501,-76,81,62,62,22,88,-1,42,-14,18,0,55,377811,1,33179,04,0,00,7579,0
47,551,-76,88,61,91,22,91,-1,42,-14,10,0,55,377753,9,33172,85,0,00,7572,8
47,601,-76,95,61,21,22,94,-1,42,-14,02,0,55,377689,8,33166,66,0,00,7566,7
47,651,-77,02,60,51,22,96,-1,42,-13,94,0,55,377629,0,33160,46,0,00,7560,5
47,701,-77,09,59,81,22,99,-1,42,-13,86,0,55,377568,2,33154,27,0,00,7554,3
47,751,-77,16,59,12,23,02,-1,42,-13,78,0,55,377507,3,33148,08,0,00,7548,1
47,801,-77,23,58,43,23,05,-1,42,-13,70,0,55,377446,5,33141,90,0,00,7541,9
47,851,-77,30,57,75,23,07,-1,42,-13,62,0,55,377385,6,33135,71,0,00,7535,7
47,901,-77,37,57,07,23,10,-1,42,-13,54,0,55,377324,7,33129,52,0,00,7529,5
47,951,-77,44,56,40,23,13,-1,42,-13,46,0,55,377263,7,33123,34,0,00,7523,3
48,001,-77,51,55,73,23,15,-1,42,-13,38,0,55,377199,2,33117,15,0,00,7517,2
48,051,-77,58,55,06,23,18,-1,42,-13,30,0,55,377141,5,33110,97,0,00,7511,0
48,101,-77,66,54,40,23,21,-1,42,-13,22,0,55,377080,4,33104,79,0,00,7504,8
48,151,-77,73,53,74,23,24,-1,42,-13,14,0,55,377015,8,33098,61,0,00,7498,6
48,201,-77,80,53,08,23,26,-1,42,-13,06,0,55,376961,4,33092,43,0,00,7492,4
48,251,-77,87,52,43,23,29,-1,42,-12,98,0,55,376893,3,33086,25,0,00,7486,2
48,301,-77,94,51,79,23,32,-1,42,-12,90,0,55,376835,5,33080,07,0,00,7480,1
48,351,-78,01,51,14,23,35,-1,41,-12,82,0,55,376777,6,33073,89,0,00,7473,9
48,401,-78,08,50,50,23,37,-1,41,-12,74,0,55,376709,3,33067,71,0,00,7467,7
48,451,-78,15,49,87,23,40,-1,41,-12,66,0,55,376651,4,33061,54,0,00,7461,5
48,501,-78,22,49,24,23,43,-1,41,-12,58,0,55,376593,3,33055,36,0,00,7455,4
48,551,-78,29,48,61,23,46,-1,41,-12,50,0,55,376525,0,33049,19,0,02,7449,2
48,601,-78,36,47,99,23,48,-1,41,-12,42,0,55,376460,6,33043,02,0,00,7443,0
48,651,-78,43,47,37,23,51,-1,41,-12,34,0,55,376405,8,33036,85,0,00,7436,8
48,701,-78,50,46,75,23,54,-1,41,-12,25,0,55,376347,6,33030,68,0,00,7430,7
48,751,-78,57,46,14,23,57,-1,41,-12,17,0,55,376278,9,33024,51,0,00,7424,5
48,801,-78,65,45,54,23,59,-1,41,-12,09,0,55,376220,6,33018,34,0,00,7418,3
48,851,-78,72,44,93,23,62,-1,41,-12,01,0,55,376162,2,33012,17,0,00,7412,2
48,901,-78,79,44,34,23,65,-1,41,-11,93,0,55,376100,3,33006,01,0,00,7406,0
48,951,-78,86,43,74,23,67,-1,41,-11,85,0,55,376028,0,32999,84,0,00,7399,8
49,001,-78,93,43,15,23,70,-1,41,-11,77,0,55,375966,0,32993,68,0,00,7393,7
49,051,-79,00,42,56,23,73,-1,41,-11,69,0,55,375910,9,32987,52,0,00,7387,5
49,101,-79,07,41,98,23,76,-1,41,-11,61,0,55,375852,3,32981,35,0,00,7381,4
49,151,-79,14,41,40,23,78,-1,41,-11,53,0,55,375783,3,32975,19,0,00,7375,2
49,201,-79,21,40,83,23,81,-1,41,-11,45,0,55,375724,6,32969,03,0,00,7369,0
49,251,-79,28,40,26,23,84,-1,41,-11,37,0,55,375659,0,32962,87,0,00,7362,9
49,301,-79,35,39,69,23,87,-1,41,-11,29,0,55,375596,8,32956,71,0,00,7356,7
49,351,-79,42,39,13,23,89,-1,41,-11,21,0,55,375534,5,32950,55,0,00,7350,6
49,401,-79,49,38,57,23,92,-1,41,-11,13,0,55,375472,2,32944,40,0,00,7344,4
49,451,-79,56,38,02,23,95,-1,41,-11,05,0,55,375413,3,32938,24,0,00,7338,2
49,501,-79,63,37,47,23,98,-1,41,-10,97,0,55,375347,4,32932,09,0,00,7332,1
49,551,-79,70,36,92,24,00,-1,41,-10,89,0,55,375285,0,32925,94,0,00,7325,9
49,601,-79,78,36,38,24,03,-1,41,-10,81,0,55,375250,6,32919,79,0,00,7319,8
49,651,-79,85,35,84,24,06,-1,41,-10,73,0,55,375157,0,32913,63,0,00,7313,6
49,701,-79,92,35,30,24,09,-1,41,-10,65,0,55,375097,7,32907,48,0,00,7307,5
49,751,-79,99,34,77,24,11,-1,41,-10,57,0,55,375038,4,32901,34,0,00,7301,3
49,801,-80,06,34,25,24,14,-1,41,-10,49,0,55,374968,8,32895,19,0,00,7295,2
49,851,-80,13,33,72,24,17,-1,41,-10,41,0,55,374905,9,32889,04,0,00,7289,0
49,901,-80,20,33,21,24,20,-1,41,-10,33,0,55,374843,1,32882,89,0,00,7282,9
49,951,-80,27,32,69,24,23,-1,41,-10,25,0,55,374787,1,32876,75,0,00,7276,8
50,001,-80,34,32,18,24,25,-1,41,-10,17,0,55,374717,3,32870,61,0,00,7270,6
50,051,-80,41,31,68,24,28,-1,41,-10,09,0,55,374657,7,32864,46,0,00,7264,5
50,102,-80,48,31,17,24,31,-1,41,-10,01,0,55,374591,2,32858,32,0,00,7258,3
50,152,-80,55,30,67,24,34,-1,41,-9,92,0,55,374531,6,32852,18,0,00,7252,2
50,202,-80,62,30,18,24,36,-1,41,-9,84,0,55,374468,5,32846,04,0,00,7246,0
50,252,-80,69,29,69,24,39,-1,41,-9,76,0,55,374405,3,32839,91,0,00,7239,9
50,302,-80,76,29,20,24,42,-1,41,-9,68,0,55,374342,2,32833,77,0,00,7233,8
50,352,-80,83,28,72,24,45,-1,41,-9,60,0,55,374278,9,32827,63,0,00,7227,6
50,402,-80,90,28,24,24,47,-1,41,-9,52,0,55,374212,1,32821,49,0,00,7221,5
50,452,-80,97,27,77,24,50,-1,41,-9,44,0,55,374152,2,32815,36,0,00,7215,4
50,502,-81,04,27,30,24,53,-1,41,-9,36,0,55,374072,3,32809,23,0,00,7209,2
50,552,-81,12,26,83,24,56,-1,41,-9,28,0,55,374025,9,32803,09,0,00,7203,1
50,602,-81,19,26,37,24,58,-1,41,-9,20,0,55,373962,3,32796,96,0,00,7197,0
50,652,-81,26,25,91,24,61,-1,41,-9,12,0,55,373898,8,32790,83,0,00,7190,8
50,702,-81,33,25,46,24,64,-1,41,-9,04,0,55,373835,1,32784,70,0,00,7184,7
50,752,-81,40,25,01,24,67,-1,41,-8,96,0,55,373767,9,32778,58,0,00,7178,6
50,802,-81,47,24,56,24,70,-1,41,-8,88,0,55,373704,1,32772,45,0,00,7172,4
50,852,-81,54,24,12,24,72,-1,41,-8,80,0,55,373647,1,32766,32,0,00,7166,3
50,902,-81,61,23,68,24,75,-1,41,-8,72,0,55,373576,3,32760,20,0,00,7160,2
50,952,-81,68,23,25,24,78,-1,41,-8,64,0,55,373515,8,32754,07,0,00,7154,1
51,002,-81,75,22,82,24,81,-1,41,-8,56,0,56,373448,3,32747,95,0,00,7148,0
51,052,-81,82,22,39,24,83,-1,41,-8,48,0,56,373387,6,32741,83,0,00,7141,8
51,102,-81,89,21,97,24,86,-1,41,-8,40,0,56,373323,6,32735,71,0,00,7135,7
51,152,-81,96,21,55,24,89,-1,41,-8,32,0,56,373259,4,32729,59,0,00,7129,6
51,202,-82,03,21,14,24,92,-1,41,-8,24,0,56,373195,3,32723,47,0,02,7123,5
51,252,-82,10,20,73,24,95,-1,41,-8,16,0,56,373124,8,32717,35,0,00,7117,4
51,302,-82,17,20,32,24,97,-1,41,-8,08,0,56,373063,9,32711,23,0,00,7111,2
51,352,-82,24,19,92,25,00,-1,41,-8,00,0,56,372996,1,32705,12,0,00,7105,1
51,402,-82,31,19,52,25,03,-1,41,-7,92,0,56,372935,1,32699,01,0,00,7099,0
51,452,-82,38,19,13,25,06,-1,41,-7,84,0,56,372872,4,32692,89,0,00,7092,9
51,502,-82,45,18,74,25,08,-1,41,-7,76,0,56,372806,1,32686,78,0,00,7086,8
51,552,-82,52,18,35,25,11,-1,41,-7,68,0,56,372739,8,32680,67,0,00,7080,7
51,602,-82,59,17,97,25,14,-1,41,-7,59,0,56,372675,1,32674,56,0,00,7074,6
51,652,-82,66,17,60,25,17,-1,41,-7,51,0,56,372612,1,32668,45,0,00,7068,5
51,702,-82,73,17,22,25,20,-1,41,-7,43,0,56,372549,1,32662,34,0,00,7062,3
51,752,-82,81,16,85,25,22,-1,41,-7,35,0,56,372482,5,32656,23,0,02,7056,2
51,802,-82,88,16,49,25,25,-1,41,-7,27,0,56,372416,6,32650,13,0,00,7050,1
51,852,-82,95,16,12,25,28,-1,41,-7,19,0,56,372353,4,32644,02,0,00,7044,0
51,902,-83,02,15,77,25,31,-1,41,-7,11,0,56,372284,9,32637,92,0,00,7037,9
51,952,-83,09,15,41,25,34,-1,41,-7,03,0,56,372223,3,32631,82,0,00,7031,8
52,002,-83,16,15,06,25,36,-1,41,-6,95,0,56,372158,2,32625,71,0,00,7025,7
52,052,-83,23,14,72,25,39,-1,41,-6,87,0,56,372093,0,32619,62,0,00,7019,6
52,102,-83,30,14,38,25,42,-1,41,-6,79,0,56,372026,1,32613,52,0,00,7013,5
52,152,-83,37,14,04,25,45,-1,41,-6,71,0,56,371959,1,32607,42,0,00,7007,4
52,202,-83,44,13,71,25,47,-1,41,-6,63,0,56,371893,7,32601,32,0,00,7001,3
52,252,-83,51,13,38,25,50,-1,41,-6,55,0,56,371830,0,32595,22,0,00,6995,2
52,302,-83,58,13,05,25,53,-1,41,-6,47,0,56,371787,6,32589,13,0,00,6989,1
52,352,-83,65,12,73,25,56,-1,41,-6,39,0,56,371696,2,32583,04,0,00,6983,0
52,402,-83,72,12,41,25,59,-1,41,-6,31,0,56,371632,3,32576,94,0,00,6976,9
52,452,-83,79,12,10,25,61,-1,41,-6,23,0,56,371568,4,32570,85,0,00,6970,8
52,502,-83,86,11,79,25,64,-1,41,-6,15,0,56,371501,0,32564,76,0,00,6964,8
52,552,-83,93,11,48,25,67,-1,41,-6,07,0,56,371435,2,32558,67,0,00,6958,7
52,602,-84,00,11,18,25,70,-1,41,-5,99,0,56,371369,3,32552,58,0,00,6952,6
52,652,-84,07,10,88,25,73,-1,41,-5,91,0,56,371303,4,32546,49,0,00,6946,5
52,702,-84,14,10,59,25,75,-1,41,-5,83,0,56,371237,4,32540,40,0,00,6940,4
52,752,-84,21,10,30,25,78,-1,41,-5,75,0,56,371171,4,32534,32,0,00,6934,3
52,802,-84,28,10,02,25,81,-1,41,-5,67,0,56,371105,3,32528,24,0,00,6928,2
52,852,-84,35,9,73,25,84,-1,41,-5,59,0,56,371037,3,32522,15,0,00,6922,2
52,902,-84,42,9,46,25,87,-1,41,-5,51,0,56,370971,1,32516,07,0,00,6916,1
52,952,-84,49,9,18,25,89,-1,41,-5,43,0,56,370904,8,32509,99,0,00,6910,0
53,002,-84,56,8,91,25,92,-1,41,-5,35,0,56,370897,3,32503,91,0,00,6903,9
53,052,-84,63,8,65,25,95,-1,41,-5,27,0,56,370769,1,32497,83,0,00,6897,8
53,102,-84,70,8,39,25,98,-1,41,-5,19,0,56,370704,3,32491,75,0,00,6891,8
53,152,-84,77,8,13,26,01,-1,41,-5,10,0,56,370634,3,32485,67,0,00,6885,7
53,202,-84,85,7,88,26,04,-1,41,-5,02,0,56,370571,0,32479,60,0,00,6879,6
53,252,-84,92,7,63,26,06,-1,41,-4,94,0,56,370504,2,32473,53,0,00,6873,5
53,302,-84,99,7,38,26,09,-1,41,-4,86,0,56,370435,6,32467,45,0,00,6867,5
53,352,-85,06,7,14,26,12,-1,41,-4,78,0,56,370366,9,32461,38,0,00,6861,4
53,402,-85,13,6,90,26,15,-1,41,-4,70,0,56,370301,7,32455,31,0,00,6855,3
53,452,-85,20,6,67,26,18,-1,41,-4,62,0,56,370234,6,32449,24,0,00,6849,2
53,502,-85,27,6,44,26,20,-1,41,-4,54,0,56,370167,4,32443,17,0,00,6843,2
53,552,-85,34,6,22,26,23,-1,41,-4,46,0,56,370098,4,32437,10,0,00,6837,1
53,602,-85,41,6,00,26,26,-1,41,-4,38,0,56,370031,0,32431,03,0,00,6831,0
53,652,-85,48,5,78,26,29,-1,41,-4,20,0,56,408038,5,32423,83,0,00,6823,8
53,702,-85,55,5,58,26,32,-1,41,-4,05,0,56,407559,0,32417,13,0,00,6817,1
53,752,-85,62,5,38,26,34,-1,41,-3,92,0,56,404931,8,32410,47,0,00,6810,5
53,802,-85,69,5,18,26,37,-1,41,-3,79,0,56,402360,7,32403,86,0,00,6803,9
53,852,-85,76,5,00,26,40,-1,41,-3,66,0,56,399853,8,32397,28,0,00,6797,3
53,902,-85,83,4,82,26,43,-1,41,-3,53,0,56,397407,2,32390,75,0,00,6790,7
53,952,-85,90,4,65,26,46,-1,41,-3,41,0,56,395020,3,32384,26,0,00,6784,3
54,002,-85,97,4,48,26,49,-1,41,-3,29,0,56,392678,8,32377,80,0,00,6777,8
54,052,-86,04,4,32,26,51,-1,41,-3,18,0,56,390421,4,32371,38,0,00,6771,4
54,102,-86,11,4,16,26,54,-1,41,-3,07,0,56,388205,2,32365,00,0,00,6765,0
54,152,-86,18,4,01,26,57,-1,41,-2,96,0,57,386043,9,32358,66,0,00,6758,7
54,202,-86,25,3,86,26,60,-1,41,-2,86,0,57,383934,6,32352,35,0,00,6752,3
54,252,-86,32,3,72,26,63,-1,41,-2,76,0,57,381878,8,32346,07,0,00,6746,1
54,302,-86,39,3,59,26,66,-1,41,-2,66,0,57,379872,1,32339,83,0,00,6739,8
54,352,-86,46,3,46,26,68,-1,41,-2,56,0,57,377916,0,32333,62,0,00,6733,6
54,402,-86,53,3,33,26,71,-1,41,-2,47,0,57,376007,0,32327,44,0,00,6727,4
54,452,-86,60,3,21,26,74,-1,41,-2,38,0,57,374145,2,32321,30,0,00,6721,3
54,502,-86,67,3,09,26,77,-1,41,-2,29,0,57,372330,4,32315,18,0,00,6715,2
54,552,-86,75,2,98,26,80,-1,41,-2,21,0,57,370560,2,32309,09,0,00,6709,1
54,602,-86,82,2,87,26,83,-1,41,-2,13,0,57,368832,9,32303,03,0,00,6703,0
54,652,-86,89,2,77,26,85,-1,41,-2,05,0,57,367148,7,32297,00,0,00,6697,0
54,702,-86,96,2,67,26,88,-1,41,-1,97,0,57,365507,2,32290,99,0,00,6691,0
54,752,-87,03,2,57,26,91,-1,41,-1,90,0,57,363905,7,32285,02,0,00,6685,0
54,803,-87,10,2,48,26,94,-1,41,-1,82,0,57,362343,9,32279,06,0,00,6679,1
54,853,-87,17,2,39,26,97,-1,41,-1,75,0,57,360821,3,32273,14,0,00,6673,1
54,903,-87,24,2,30,27,00,-1,41,-1,69,0,57,359336,3,32267,24,0,00,6667,2
54,953,-87,31,2,22,27,02,-1,41,-1,62,0,57,357888,6,32261,36,0,00,6661,4
55,003,-87,38,2,14,27,05,-1,41,-1,56,0,57,356477,0,32255,50,0,00,6655,5
55,053,-87,45,2,06,27,08,-1,41,-1,50,0,57,355100,8,32249,67,0,00,6649,7
55,103,-87,52,1,99,27,11,-1,41,-1,44,0,57,353759,1,32243,86,0,00,6643,9
55,153,-87,59,1,92,27,14,-1,41,-1,38,0,57,352450,6,32238,08,0,00,6638,1
55,203,-87,66,1,85,27,17,-1,41,-1,33,0,57,351174,8,32232,31,0,00,6632,3
55,253,-87,73,1,79,27,19,-1,41,-1,27,0,57,349931,6,32226,56,0,00,6626,6
55,303,-87,80,1,73,27,22,-1,41,-1,22,0,57,348719,6,32220,84,0,00,6620,8
55,353,-87,87,1,67,27,25,-1,41,-1,17,0,57,347538,2,32215,13,0,00,6615,1
55,403,-87,94,1,61,27,28,-1,41,-1,12,0,57,346386,1,32209,45,0,00,6609,4
55,453,-88,01,1,55,27,31,-1,41,-1,08,0,57,345263,3,32203,78,0,00,6603,8
55,503,-88,08,1,50,27,34,-1,41,-1,03,0,57,344168,9,32198,13,0,00,6598,1
55,553,-88,15,1,45,27,36,-1,41,-0,99,0,57,343091,0,32192,49,0,00,6592,5
55,603,-88,22,1,40,27,39,-1,41,-0,95,0,57,342062,8,32186,88,0,00,6586,9
55,653,-88,29,1,36,27,42,-1,41,-0,91,0,57,341049,4,32181,28,0,00,6581,3
55,703,-88,37,1,31,27,45,-1,41,-0,87,0,57,340061,8,32175,70,0,00,6575,7
55,753,-88,44,1,27,27,48,-1,41,-0,83,0,57,339099,4,32170,13,0,00,6570,1
55,803,-88,51,1,23,27,51,-1,41,-0,79,0,57,338161,2,32164,58,0,00,6564,6
55,853,-88,58,1,19,27,54,-1,41,-0,76,0,57,337247,2,32159,04,0,00,6559,0
55,903,-88,65,1,15,27,56,-1,41,-0,73,0,57,336356,3,32153,52,0,00,6553,5
55,953,-88,72,1,12,27,59,-1,41,-0,69,0,57,335488,2,32148,02,0,00,6548,0
56,003,-88,79,1,08,27,62,-1,41,-0,66,0,57,334642,5,32142,53,0,00,6542,5
56,053,-88,86,1,05,27,65,-1,41,-0,63,0,57,333818,0,32137,05,0,00,6537,0
56,103,-88,93,1,02,27,68,-1,41,-0,61,0,57,333015,1,32131,58,0,00,6531,6
56,138,-88,98,1,00,27,70,-1,41,-0,59,0,57,332465,2,32127,76,0,00,6527,8
56,143,-88,99,1,00,27,70,-1,41,-0,58,0,57,332387,5,32127,22,0,00,6527,2
56,148,-88,99,0,99,27,70,-1,41,-0,58,0,57,332309,9,32126,67,0,00,6526,7
56,153,-89,00,0,99,27,71,-1,41,-0,58,0,57,332232,7,32126,13,0,00,6526,1
56,158,-89,01,0,99,27,71,-1,41,-0,58,0,57,332155,5,32125,58,0,00,6525,6
56,163,-89,01,0,98,27,71,-1,41,-0,57,0,57,332078,6,32125,04,0,00,6525,0
56,168,-89,02,0,98,27,72,-1,41,-0,57,0,57,332001,8,32124,50,0,00,6524,5
56,173,-89,03,0,98,27,72,-1,41,-0,57,0,57,331925,3,32123,95,0,00,6524,0
56,178,-89,04,0,98,27,72,-1,41,-0,56,0,57,331849,0,32123,41,0,00,6523,4
56,183,-89,04,0,97,27,72,-1,41,-0,56,0,57,331772,9,32122,86,0,00,6522,9
56,188,-89,05,0,97,27,73,-1,41,-0,56,0,57,331696,9,32122,32,0,00,6522,3
56,193,-89,06,0,97,27,73,-1,41,-0,56,0,57,331621,3,32121,78,0,00,6521,8
56,198,-89,06,0,96,27,73,-1,41,-0,55,0,57,331545,7,32121,23,0,00,6521,2
56,203,-89,07,0,96,27,73,-1,41,-0,55,0,57,331470,2,32120,69,0,00,6520,7
56,208,-89,08,0,96,27,74,-1,41,-0,55,0,57,331395,3,32120,15,0,00,6520,1
56,213,-89,08,0,96,27,74,-1,41,-0,55,0,57,331320,2,32119,60,0,00,6519,6
56,218,-89,09,0,95,27,74,-1,41,-0,54,0,57,331245,4,32119,06,0,00,6519,1
56,223,-89,10,0,95,27,75,-1,41,-0,54,0,57,331170,9,32118,52,0,00,6518,5
56,228,-89,11,0,95,27,75,-1,41,-0,54,0,57,331096,5,32117,97,0,00,6518,0
56,233,-89,11,0,95,27,75,-1,41,-0,54,0,57,331022,5,32117,43,0,00,6517,4
56,238,-89,12,0,94,27,75,-1,41,-0,53,0,57,330948,5,32116,89,0,00,6516,9
56,243,-89,13,0,94,27,76,-1,41,-0,53,0,57,330874,8,32116,35,0,00,6516,3
56,248,-89,13,0,94,27,76,-1,41,-0,53,0,57,330800,9,32115,80,0,00,6515,8
56,253,-89,14,0,94,27,76,-1,41,-0,53,0,57,330727,8,32115,26,0,00,6515,3
56,258,-89,15,0,93,27,77,-1,41,-0,52,0,57,330654,3,32114,72,0,00,6514,7
56,263,-89,16,0,93,27,77,-1,41,-0,52,0,57,330581,6,32114,18,0,00,6514,2
56,268,-89,16,0,93,27,77,-1,41,-0,52,0,57,330508,5,32113,64,0,00,6513,6
56,273,-89,17,0,92,27,77,-1,41,-0,52,0,57,330435,9,32113,09,0,00,6513,1
56,278,-89,18,0,92,27,78,-1,41,-0,51,0,57,330363,4,32112,55,0,00,6512,6
56,283,-89,18,0,92,27,78,-1,41,-0,51,0,57,330291,3,32112,01,0,00,6512,0
56,288,-89,19,0,92,27,78,-1,41,-0,51,0,57,330219,1,32111,47,0,00,6511,5
56,293,-89,20,0,91,27,79,-1,41,-0,51,0,57,330147,3,32110,93,0,00,6510,9
56,298,-89,20,0,91,27,79,-1,41,-0,51,0,57,330075,5,32110,39,0,00,6510,4
56,303,-89,21,0,91,27,79,-1,41,-0,50,0,57,330004,1,32109,85,0,00,6509,8
56,308,-89,22,0,91,27,79,-1,41,-0,50,0,57,329932,9,32109,31,0,00,6509,3
56,313,-89,23,0,90,27,80,-1,41,-0,50,0,57,329861,6,32108,77,0,00,6508,8
56,318,-89,23,0,90,27,80,-1,41,-0,50,0,57,329790,8,32108,22,0,00,6508,2
56,323,-89,24,0,90,27,80,-1,41,-0,49,0,57,329720,0,32107,68,0,00,6507,7
56,328,-89,25,0,90,27,81,-1,41,-0,49,0,57,329649,3,32107,14,0,00,6507,1
56,333,-89,25,0,89,27,81,-1,41,-0,49,0,57,329578,6,32106,60,0,00,6506,6
56,338,-89,26,0,89,27,81,-1,41,-0,49,0,57,329509,3,32106,06,0,00,6506,1
56,343,-89,27,0,89,27,81,-1,41,-0,48,0,57,329438,2,32105,52,0,00,6505,5
56,348,-89,28,0,89,27,82,-1,41,-0,48,0,57,329369,1,32104,98,0,00,6505,0
56,353,-89,28,0,88,27,82,-1,41,-0,48,0,57,329299,0,32104,44,0,00,6504,4
56,358,-89,29,0,88,27,82,-1,41,-0,48,0,57,329230,1,32103,90,0,00,6503,9
56,363,-89,30,0,88,27,83,-1,41,-0,48,0,57,329160,1,32103,36,0,00,6503,4
56,368,-89,30,0,88,27,83,-1,41,-0,47,0,57,329091,3,32102,82,0,00,6502,8
56,373,-89,31,0,88,27,83,-1,41,-0,47,0,57,329022,7,32102,29,0,00,6502,3
56,378,-89,32,0,87,27,83,-1,41,-0,47,0,57,328953,2,32101,75,0,00,6501,7
56,383,-89,32,0,87,27,84,-1,41,-0,47,0,57,328885,6,32101,21,0,00,6501,2
56,388,-89,33,0,87,27,84,-1,41,-0,46,0,57,328816,2,32100,67,0,00,6500,7
56,393,-89,34,0,87,27,84,-1,41,-0,46,0,57,328748,8,32100,13,0,00,6500,1
56,398,-89,35,0,86,27,85,-1,41,-0,46,0,57,328679,9,32099,59,0,00,6499,6
56,403,-89,35,0,86,27,85,-1,41,-0,46,0,57,328613,0,32099,05,0,00,6499,1
56,408,-89,36,0,86,27,85,-1,41,-0,46,0,57,328544,3,32098,51,0,00,6498,5
56,413,-89,37,0,86,27,85,-1,41,-0,45,0,57,328477,9,32097,97,0,00,6498,0
56,418,-89,37,0,85,27,86,-1,41,-0,45,0,57,328409,7,32097,44,0,00,6497,4
56,423,-89,38,0,85,27,86,-1,41,-0,45,0,57,328343,1,32096,90,0,00,6496,9
56,428,-89,39,0,85,27,86,-1,41,-0,45,0,57,328275,4,32096,36,0,00,6496,4
56,433,-89,40,0,85,27,87,-1,41,-0,45,0,57,328209,4,32095,82,0,00,6495,8
56,438,-89,40,0,85,27,87,-1,41,-0,44,0,57,328142,3,32095,28,0,00,6495,3
56,443,-89,41,0,84,27,87,-1,41,-0,44,0,57,328075,8,32094,74,0,00,6494,7
56,448,-89,42,0,84,27,87,-1,41,-0,44,0,57,328010,2,32094,21,0,00,6494,2
56,453,-89,42,0,84,27,88,-1,41,-0,44,0,57,327943,0,32093,67,0,00,6493,7
56,458,-89,43,0,84,27,88,-1,41,-0,43,0,57,327878,3,32093,13,0,00,6493,1
56,463,-89,44,0,83,27,88,-1,41,-0,43,0,57,327811,7,32092,59,0,00,6492,6
56,468,-89,44,0,83,27,89,-1,41,-0,43,0,57,327746,6,32092,06,0,00,6492,1
56,473,-89,45,0,83,27,89,-1,41,-0,43,0,57,327680,5,32091,52,0,00,6491,5
56,478,-89,46,0,83,27,89,-1,41,-0,43,0,57,327616,0,32090,98,0,00,6491,0
56,483,-89,47,0,83,27,89,-1,41,-0,42,0,57,327550,4,32090,45,0,00,6490,4
56,488,-89,47,0,82,27,90,-1,41,-0,42,0,57,327486,0,32089,91,0,00,6489,9
56,493,-89,48,0,82,27,90,-1,41,-0,42,0,57,327420,5,32089,37,0,00,6489,4
56,498,-89,49,0,82,27,90,-1,41,-0,42,0,57,327356,6,32088,84,0,00,6488,8
56,503,-89,49,0,82,27,91,-1,41,-0,42,0,57,327292,2,32088,30,0,00,6488,3
56,508,-89,50,0,82,27,91,-1,41,-0,41,0,57,327227,5,32087,76,0,00,6487,8
56,513,-89,51,0,81,27,91,-1,41,-0,41,0,57,327164,4,32087,23,0,00,6487,2
56,518,-89,52,0,81,27,91,-1,41,-0,41,0,57,327099,4,32086,69,0,00,6486,7
56,523,-89,52,0,81,27,92,-1,41,-0,41,0,57,327036,4,32086,15,0,00,6486,2
56,528,-89,53,0,81,27,92,-1,41,-0,41,0,57,326972,3,32085,62,0,00,6485,6
56,533,-89,54,0,81,27,92,-1,41,-0,41,0,57,326909,4,32085,08,0,00,6485,1
56,538,-89,54,0,80,27,93,-1,41,-0,40,0,57,326845,9,32084,55,0,00,6484,5
56,543,-89,55,0,80,27,93,-1,41,-0,40,0,57,326783,0,32084,01,0,00,6484,0
56,548,-89,56,0,80,27,93,-1,41,-0,40,0,57,326720,0,32083,47,0,00,6483,5
56,553,-89,56,0,80,27,93,-1,41,-0,40,0,57,326657,3,32082,94,0,00,6482,9
56,558,-89,57,0,80,27,94,-1,41,-0,40,0,57,326595,2,32082,40,0,00,6482,4
56,563,-89,58,0,79,27,94,-1,41,-0,39,0,57,326532,1,32081,87,0,00,6481,9
56,568,-89,59,0,79,27,94,-1,41,-0,39,0,57,326470,5,32081,33,0,00,6481,3
56,573,-89,59,0,79,27,95,-1,41,-0,39,0,57,326407,9,32080,80,0,00,6480,8
56,578,-89,60,0,79,27,95,-1,41,-0,39,0,57,326346,4,32080,26,0,00,6480,3
56,583,-89,61,0,79,27,95,-1,41,-0,39,0,57,326283,9,32079,73,0,00,6479,7
56,588,-89,61,0,78,27,95,-1,41,-0,38,0,57,326223,3,32079,19,0,00,6479,2
56,593,-89,62,0,78,27,96,-1,41,-0,38,0,57,326161,3,32078,66,0,00,6478,7
56,598,-89,63,0,78,27,96,-1,41,-0,38,0,57,326100,4,32078,12,0,00,6478,1
56,603,-89,63,0,78,27,96,-1,41,-0,38,0,57,326038,9,32077,59,0,00,6477,6
56,608,-89,64,0,78,27,97,-1,41,-0,38,0,57,325978,5,32077,05,0,00,6477,1
56,613,-89,65,0,77,27,97,-1,41,-0,38,0,57,325917,1,32076,52,0,00,6476,5
56,618,-89,66,0,77,27,97,-1,41,-0,37,0,57,325857,2,32075,99,0,00,6476,0
56,623,-89,66,0,77,27,97,-1,41,-0,37,0,57,325796,2,32075,45,0,00,6475,5
56,628,-89,67,0,77,27,98,-1,41,-0,37,0,57,325736,0,32074,92,0,00,6474,9
56,633,-89,68,0,77,27,98,-1,41,-0,37,0,57,325675,9,32074,38,0,00,6474,4
56,638,-89,68,0,76,27,98,-1,41,-0,37,0,57,325616,2,32073,85,0,00,6473,9
56,643,-89,69,0,76,27,99,-1,41,-0,37,0,57,325556,2,32073,32,0,00,6473,3
56,648,-89,70,0,76,27,99,-1,41,-0,36,0,57,325496,5,32072,78,0,00,6472,8
56,653,-89,71,0,76,27,99,-1,41,-0,36,0,57,325437,0,32072,25,0,00,6472,3
56,658,-89,71,0,76,27,99,-1,41,-0,36,0,57,325377,8,32071,72,0,00,6471,7
56,663,-89,72,0,76,28,00,-1,41,-0,36,0,57,325318,3,32071,18,0,00,6471,2
56,668,-89,73,0,75,28,00,-1,41,-0,36,0,57,325260,0,32070,65,0,00,6470,7
56,673,-89,73,0,75,28,00,-1,41,-0,36,0,57,325200,3,32070,12,0,00,6470,1
56,678,-89,74,0,75,28,01,-1,41,-0,35,0,57,325142,0,32069,58,0,00,6469,6
56,683,-89,75,0,75,28,01,-1,41,-0,35,0,57,325083,1,32069,05,0,00,6469,1
56,688,-89,75,0,75,28,01,-1,41,-0,35,0,57,325025,3,32068,52,0,00,6468,5
56,693,-89,76,0,75,28,01,-1,41,-0,35,0,57,324966,1,32067,98,0,00,6468,0
56,698,-89,77,0,74,28,02,-1,41,-0,35,0,57,324909,2,32067,45,0,00,6467,5
56,703,-89,78,0,74,28,02,-1,41,-0,35,0,57,324850,0,32066,92,0,00,6466,9
56,708,-89,78,0,74,28,02,-1,41,-0,34,0,57,324793,1,32066,39,0,00,6466,4
56,713,-89,79,0,74,28,03,-1,41,-0,34,0,57,324735,3,32065,86,0,00,6465,9
56,718,-89,80,0,74,28,03,-1,41,-0,34,0,57,324677,2,32065,32,0,00,6465,3
56,723,-89,80,0,73,28,03,-1,41,-0,34,0,57,324620,6,32064,79,0,02,6464,8
56,728,-89,81,0,73,28,03,-1,41,-0,34,0,57,324563,0,32064,26,0,00,6464,3
56,733,-89,82,0,73,28,04,-1,41,-0,34,0,57,324558,9,32063,73,0,00,6463,7
56,738,-89,83,0,73,28,04,-1,41,-0,33,0,57,324468,9,32063,20,0,00,6463,2
56,743,-89,83,0,73,28,04,-1,41,-0,33,0,57,324381,9,32062,66,0,00,6462,7
56,748,-89,84,0,73,28,05,-1,41,-0,33,0,57,324342,4,32062,13,0,00,6462,1
56,753,-89,85,0,72,28,05,-1,41,-0,33,0,57,324276,5,32061,60,0,00,6461,6
56,758,-89,85,0,72,28,05,-1,41,-0,33,0,57,324225,1,32061,07,0,00,6461,1
56,763,-89,86,0,72,28,05,-1,41,-0,33,0,57,324166,9,32060,54,0,00,6460,5
56,768,-89,87,0,72,28,06,-1,41,-0,33,0,57,324111,6,32060,00,0,00,6460,0
56,773,-89,87,0,72,28,06,-1,41,-0,32,0,57,324055,3,32059,47,0,00,6459,5
56,778,-89,88,0,72,28,06,-1,41,-0,32,0,57,324000,0,32058,94,0,00,6458,9
56,783,-89,89,0,72,28,07,-1,41,-0,32,0,57,323944,5,32058,41,0,00,6458,4
56,788,-89,90,0,71,28,07,-1,41,-0,32,0,57,323888,8,32057,88,0,00,6457,9
56,793,-89,90,0,71,28,07,-1,41,-0,32,0,57,323833,8,32057,35,0,00,6457,4
56,798,-89,91,0,71,28,07,-1,41,-0,32,0,57,323778,6,32056,82,0,00,6456,8
56,803,-89,92,0,71,28,08,-1,41,-0,31,0,57,323723,5,32056,29,0,00,6456,3
56,808,-89,92,0,71,28,08,-1,41,-0,31,0,57,323668,8,32055,76,0,00,6455,8
56,813,-89,93,0,71,28,08,-1,41,-0,31,0,57,323614,2,32055,23,0,00,6455,2
56,818,-89,94,0,70,28,09,-1,41,-0,31,0,57,323559,4,32054,70,0,00,6454,7
56,823,-89,95,0,70,28,09,-1,41,-0,31,0,57,323505,3,32054,17,0,00,6454,2
56,828,-89,95,0,70,28,09,-1,41,-0,31,0,57,323450,6,32053,64,0,00,6453,6
56,833,-89,96,0,70,28,09,-1,41,-0,31,0,57,323397,4,32053,11,0,00,6453,1
56,838,-89,97,0,70,28,10,-1,41,-0,30,0,57,323342,2,32052,57,0,00,6452,6
56,843,-89,97,0,70,28,10,-1,41,-0,30,0,57,323289,4,32052,04,0,00,6452,0
56,848,-89,98,0,69,28,10,-1,41,-0,30,0,57,323235,6,32051,52,0,00,6451,5
56,853,-89,99,0,69,28,11,-1,41,-0,30,0,57,323181,5,32050,99,0,00,6451,0
56,858,-89,99,0,69,28,11,-1,41,-0,30,0,57,323129,0,32050,46,0,00,6450,5
56,863,-90,00,0,69,28,11,-1,41,-0,30,0,57,323074,9,32049,93,0,00,6449,9
56,868,-90,01,0,69,28,11,-1,41,-0,30,0,57,323022,4,32049,40,0,00,6449,4
56,873,-90,02,0,69,28,12,-1,41,-0,30,0,57,322969,2,32048,87,0,00,6448,9
56,878,-90,02,0,69,28,12,-1,41,-0,29,0,57,322916,3,32048,34,0,00,6448,3
56,883,-90,03,0,68,28,12,-1,41,-0,29,0,57,322863,9,32047,81,0,00,6447,8
56,888,-90,04,0,68,28,13,-1,41,-0,29,0,57,322811,0,32047,28,0,00,6447,3
56,893,-90,04,0,68,28,13,-1,41,-0,29,0,57,322759,1,32046,75,0,00,6446,8
56,898,-90,05,0,68,28,13,-1,41,-0,29,0,57,322706,1,32046,22,0,00,6446,2
56,903,-90,06,0,68,28,14,-1,41,-0,29,0,57,322654,7,32045,69,0,00,6445,7
56,908,-90,07,0,68,28,14,-1,41,-0,29,0,57,322602,1,32045,16,0,00,6445,2
56,913,-90,07,0,68,28,14,-1,41,-0,28,0,57,322550,7,32044,63,0,00,6444,6
56,918,-90,08,0,67,28,14,-1,41,-0,28,0,57,322499,0,32044,11,0,00,6444,1
56,923,-90,09,0,67,28,15,-1,41,-0,28,0,57,322447,1,32043,58,0,00,6443,6
56,928,-90,09,0,67,28,15,-1,41,-0,28,0,57,322395,5,32043,05,0,00,6443,0
56,933,-90,10,0,67,28,15,-1,41,-0,28,0,57,322344,9,32042,52,0,00,6442,5
56,938,-90,11,0,67,28,16,-1,41,-0,28,0,57,322293,2,32041,99,0,00,6442,0
56,943,-90,11,0,67,28,16,-1,41,-0,28,0,57,322242,6,32041,46,0,00,6441,5
56,948,-90,12,0,67,28,16,-1,41,-0,28,0,57,322191,3,32040,94,0,00,6440,9
56,953,-90,13,0,66,28,16,-1,41,-0,27,0,57,322140,7,32040,41,0,00,6440,4
56,958,-90,14,0,66,28,17,-1,41,-0,27,0,57,322089,9,32039,88,0,00,6439,9
56,963,-90,14,0,66,28,17,-1,41,-0,27,0,57,322039,7,32039,35,0,00,6439,4
56,968,-90,15,0,66,28,17,-1,41,-0,27,0,57,321989,3,32038,82,0,00,6438,8
56,973,-90,16,0,66,28,18,-1,41,-0,27,0,57,321939,1,32038,30,0,00,6438,3
56,978,-90,16,0,66,28,18,-1,41,-0,27,0,57,321888,6,32037,77,0,00,6437,8
56,983,-90,17,0,66,28,18,-1,41,-0,27,0,57,321839,3,32037,24,0,00,6437,2
56,988,-90,18,0,66,28,18,-1,41,-0,27,0,57,321788,8,32036,71,0,00,6436,7
56,993,-90,19,0,65,28,19,-1,41,-0,26,0,57,321739,8,32036,19,0,00,6436,2
56,998,-90,19,0,65,28,19,-1,41,-0,26,0,57,321689,8,32035,66,0,00,6435,7
57,003,-90,20,0,65,28,19,-1,41,-0,26,0,57,321640,4,32035,13,0,00,6435,1
57,008,-90,21,0,65,28,20,-1,41,-0,26,0,57,321591,2,32034,60,0,00,6434,6
57,013,-90,21,0,65,28,20,-1,41,-0,26,0,57,321541,8,32034,08,0,00,6434,1
57,018,-90,22,0,65,28,20,-1,41,-0,26,0,57,321493,0,32033,55,0,00,6433,5
57,023,-90,23,0,65,28,20,-1,41,-0,26,0,57,321444,4,32033,02,0,00,6433,0
57,028,-90,24,0,64,28,21,-1,41,-0,26,0,57,321395,2,32032,50,0,00,6432,5
57,033,-90,24,0,64,28,21,-1,41,-0,26,0,57,321346,5,32031,97,0,00,6432,0
57,038,-90,25,0,64,28,21,-1,41,-0,25,0,57,321298,5,32031,44,0,00,6431,4
57,043,-90,26,0,64,28,22,-1,41,-0,25,0,57,321249,5,32030,91,0,00,6430,9
57,048,-90,26,0,64,28,22,-1,41,-0,25,0,57,321201,4,32030,39,0,00,6430,4
57,053,-90,27,0,64,28,22,-1,41,-0,25,0,57,321153,7,32029,86,0,00,6429,9
57,058,-90,28,0,64,28,22,-1,41,-0,25,0,57,321105,2,32029,34,0,00,6429,3
57,063,-90,28,0,64,28,23,-1,41,-0,25,0,57,321057,8,32028,81,0,00,6428,8
57,068,-90,29,0,63,28,23,-1,41,-0,25,0,57,321009,7,32028,28,0,00,6428,3
57,073,-90,30,0,63,28,23,-1,41,-0,25,0,57,320962,2,32027,76,0,00,6427,8
57,078,-90,31,0,63,28,24,-1,41,-0,25,0,57,320914,6,32027,23,0,00,6427,2
57,083,-90,31,0,63,28,24,-1,41,-0,24,0,57,320867,5,32026,71,0,00,6426,7
57,088,-90,32,0,63,28,24,-1,41,-0,24,0,57,320819,8,32026,18,0,00,6426,2
57,093,-90,33,0,63,28,24,-1,41,-0,24,0,57,320773,1,32025,65,0,00,6425,7
57,098,-90,33,0,63,28,25,-1,41,-0,24,0,57,320726,2,32025,13,0,00,6425,1
57,103,-90,34,0,63,28,25,-1,41,-0,24,0,57,320679,1,32024,60,0,00,6424,6
57,108,-90,35,0,62,28,25,-1,41,-0,24,0,57,320632,2,32024,08,0,00,6424,1
57,113,-90,36,0,62,28,26,-1,41,-0,24,0,57,320585,8,32023,55,0,00,6423,6
57,118,-90,36,0,62,28,26,-1,41,-0,24,0,57,320539,7,32023,03,0,00,6423,0
57,123,-90,37,0,62,28,26,-1,41,-0,24,0,57,320492,5,32022,50,0,00,6422,5
57,128,-90,38,0,62,28,26,-1,41,-0,24,0,57,320447,2,32021,97,0,00,6422,0
57,133,-90,38,0,62,28,27,-1,41,-0,23,0,57,320400,3,32021,45,0,00,6421,4
57,138,-90,39,0,62,28,27,-1,41,-0,23,0,57,320354,6,32020,92,0,00,6420,9
57,143,-90,40,0,62,28,27,-1,41,-0,23,0,57,320309,0,32020,40,0,00,6420,4
57,148,-90,40,0,62,28,28,-1,41,-0,23,0,57,320262,7,32019,87,0,00,6419,9
57,153,-90,41,0,61,28,28,-1,41,-0,23,0,57,320217,5,32019,35,0,00,6419,3
57,158,-90,42,0,61,28,28,-1,41,-0,23,0,57,320172,0,32018,82,0,00,6418,8
57,163,-90,43,0,61,28,28,-1,41,-0,23,0,57,320126,3,32018,30,0,00,6418,3
57,168,-90,43,0,61,28,29,-1,41,-0,23,0,57,320081,3,32017,77,0,00,6417,8
57,173,-90,44,0,61,28,29,-1,41,-0,23,0,57,320035,9,32017,25,0,00,6417,2
57,178,-90,45,0,61,28,29,-1,41,-0,23,0,57,319991,3,32016,72,0,00,6416,7
57,183,-90,45,0,61,28,30,-1,41,-0,22,0,57,319946,3,32016,20,0,00,6416,2
57,188,-90,46,0,61,28,30,-1,41,-0,22,0,57,319901,1,32015,68,0,00,6415,7
57,193,-90,47,0,61,28,30,-1,41,-0,22,0,57,319857,0,32015,15,0,00,6415,2
57,198,-90,48,0,60,28,30,-1,41,-0,22,0,57,319812,2,32014,63,0,00,6414,6
57,203,-90,48,0,60,28,31,-1,41,-0,22,0,57,319767,5,32014,10,0,00,6414,1
57,208,-90,49,0,60,28,31,-1,41,-0,22,0,57,319723,9,32013,58,0,00,6413,6
57,213,-90,50,0,60,28,31,-1,41,-0,22,0,57,319678,8,32013,05,0,00,6413,1
57,218,-90,50,0,60,28,32,-1,41,-0,22,0,57,319635,6,32012,53,0,00,6412,5
57,223,-90,51,0,60,28,32,-1,41,-0,22,0,57,319590,9,32012,01,0,00,6412,0
57,228,-90,52,0,60,28,32,-1,41,-0,22,0,57,319548,0,32011,48,0,00,6411,5
57,233,-90,52,0,60,28,32,-1,41,-0,22,0,57,319503,2,32010,96,0,00,6411,0
57,238,-90,53,0,60,28,33,-1,41,-0,22,0,57,319460,7,32010,44,0,00,6410,4
57,243,-90,54,0,59,28,33,-1,41,-0,21,0,57,319416,3,32009,91,0,00,6409,9
57,248,-90,55,0,59,28,33,-1,41,-0,21,0,57,319373,7,32009,39,0,00,6409,4
57,253,-90,55,0,59,28,34,-1,41,-0,21,0,57,319330,1,32008,87,0,00,6408,9
57,258,-90,56,0,59,28,34,-1,41,-0,21,0,57,319287,0,32008,34,0,00,6408,3
57,263,-90,57,0,59,28,34,-1,41,-0,21,0,57,319243,7,32007,82,0,00,6407,8
57,268,-90,57,0,59,28,34,-1,41,-0,21,0,57,319201,4,32007,29,0,00,6407,3
57,273,-90,58,0,59,28,35,-1,41,-0,21,0,57,319158,1,32006,77,0,00,6406,8
57,278,-90,59,0,59,28,35,-1,41,-0,21,0,57,319115,7,32006,25,0,00,6406,2
57,283,-90,60,0,59,28,35,-1,41,-0,21,0,57,319072,7,32005,72,0,00,6405,7
57,288,-90,60,0,58,28,36,-1,41,-0,21,0,57,319031,1,32005,20,0,00,6405,2
57,293,-90,61,0,58,28,36,-1,41,-0,21,0,57,318988,1,32004,68,0,00,6404,7
57,298,-90,62,0,58,28,36,-1,41,-0,21,0,57,318946,0,32004,16,0,00,6404,2
57,303,-90,62,0,58,28,36,-1,41,-0,20,0,57,318904,1,32003,63,0,00,6403,6
57,308,-90,63,0,58,28,37,-1,41,-0,20,0,57,318862,0,32003,11,0,00,6403,1
57,313,-90,64,0,58,28,37,-1,41,-0,20,0,57,318820,0,32002,59,0,00,6402,6
57,318,-90,64,0,58,28,37,-1,41,-0,20,0,57,318778,7,32002,07,0,00,6402,1
57,323,-90,65,0,58,28,38,-1,41,-0,20,0,57,318736,2,32001,54,0,00,6401,5
57,328,-90,66,0,58,28,38,-1,41,-0,20,0,57,318695,6,32001,02,0,00,6401,0
57,333,-90,67,0,58,28,38,-1,41,-0,20,0,57,318653,4,32000,50,0,00,6400,5
57,338,-90,67,0,57,28,38,-1,41,-0,20,0,57,318612,8,31999,98,0,00,6400,0
57,343,-90,68,0,57,28,39,-1,41,-0,20,0,57,318571,0,31999,45,0,00,6399,5
57,348,-90,69,0,57,28,39,-1,41,-0,20,0,57,318530,3,31998,93,0,00,6398,9
57,353,-90,69,0,57,28,39,-1,41,-0,20,0,57,318488,8,31998,41,0,00,6398,4
57,358,-90,70,0,57,28,40,-1,41,-0,20,0,57,318448,4,31997,89,0,00,6397,9
57,363,-90,71,0,57,28,40,-1,41,-0,20,0,57,318407,3,31997,37,0,00,6397,4
57,368,-90,72,0,57,28,40,-1,41,-0,19,0,57,318367,3,31996,84,0,00,6396,8
57,373,-90,72,0,57,28,40,-1,41,-0,19,0,57,318325,7,31996,32,0,00,6396,3
57,378,-90,73,0,57,28,41,-1,41,-0,19,0,57,318286,4,31995,80,0,00,6395,8
57,383,-90,74,0,57,28,41,-1,41,-0,19,0,57,318245,5,31995,28,0,00,6395,3
57,388,-90,74,0,56,28,41,-1,41,-0,19,0,57,318205,3,31994,76,0,00,6394,8
57,393,-90,75,0,56,28,42,-1,41,-0,19,0,57,318165,2,31994,23,0,00,6394,2
57,398,-90,76,0,56,28,42,-1,41,-0,19,0,57,318125,3,31993,71,0,00,6393,7
57,403,-90,76,0,56,28,42,-1,41,-0,19,0,57,318085,1,31993,19,0,00,6393,2
57,408,-90,77,0,56,28,42,-1,41,-0,19,0,57,318045,5,31992,67,0,00,6392,7
57,413,-90,78,0,56,28,43,-1,41,-0,19,0,57,318006,1,31992,15,0,00,6392,1
57,418,-90,79,0,56,28,43,-1,41,-0,19,0,57,317966,0,31991,63,0,00,6391,6
57,423,-90,79,0,56,28,43,-1,41,-0,19,0,57,317926,9,31991,11,0,00,6391,1
57,428,-90,80,0,56,28,44,-1,41,-0,19,0,57,317887,6,31990,59,0,00,6390,6
57,433,-90,81,0,56,28,44,-1,41,-0,19,0,57,317848,0,31990,06,0,00,6390,1
57,438,-90,81,0,56,28,44,-1,41,-0,19,0,57,317808,9,31989,54,0,00,6389,5
57,443,-90,82,0,55,28,44,-1,41,-0,18,0,57,317770,1,31989,02,0,00,6389,0
57,448,-90,83,0,55,28,45,-1,41,-0,18,0,57,317731,0,31988,50,0,00,6388,5
57,453,-90,84,0,55,28,45,-1,41,-0,18,0,57,317692,4,31987,98,0,00,6388,0
57,458,-90,84,0,55,28,45,-1,41,-0,18,0,57,317653,2,31987,46,0,00,6387,5
57,463,-90,85,0,55,28,46,-1,41,-0,18,0,57,317615,0,31986,94,0,00,6386,9
57,468,-90,86,0,55,28,46,-1,41,-0,18,0,57,317576,1,31986,42,0,00,6386,4
57,473,-90,86,0,55,28,46,-1,41,-0,18,0,57,317538,2,31985,90,0,00,6385,9
57,478,-90,87,0,55,28,46,-1,41,-0,18,0,57,317499,2,31985,38,0,00,6385,4
57,483,-90,88,0,55,28,47,-1,41,-0,18,0,57,317461,7,31984,86,0,00,6384,9
57,488,-90,89,0,55,28,47,-1,41,-0,18,0,57,317423,0,31984,34,0,00,6384,3
57,493,-90,89,0,55,28,47,-1,41,-0,18,0,57,317385,3,31983,82,0,00,6383,8
57,498,-90,90,0,54,28,48,-1,41,-0,18,0,57,317347,4,31983,29,0,00,6383,3
57,503,-90,91,0,54,28,48,-1,41,-0,18,0,57,317309,6,31982,78,0,00,6382,8
57,508,-90,91,0,54,28,48,-1,41,-0,18,0,57,317271,5,31982,25,0,00,6382,3
57,513,-90,92,0,54,28,48,-1,41,-0,18,0,57,317234,5,31981,73,0,00,6381,7
57,518,-90,93,0,54,28,49,-1,41,-0,18,0,57,317196,3,31981,21,0,00,6381,2
57,523,-90,93,0,54,28,49,-1,41,-0,18,0,57,317159,6,31980,70,0,00,6380,7
57,528,-90,94,0,54,28,49,-1,41,-0,17,0,57,317121,8,31980,18,0,00,6380,2
57,533,-90,95,0,54,28,50,-1,41,-0,17,0,57,317084,9,31979,65,0,00,6379,7
57,538,-90,96,0,54,28,50,-1,41,-0,17,0,57,317047,8,31979,13,0,00,6379,1
57,543,-90,96,0,54,28,50,-1,41,-0,17,0,57,317010,4,31978,62,0,00,6378,6
57,548,-90,97,0,54,28,50,-1,41,-0,17,0,57,316974,1,31978,10,0,00,6378,1
57,553,-90,98,0,53,28,51,-1,41,-0,17,0,57,316937,0,31977,58,0,00,6377,6
57,558,-90,98,0,53,28,51,-1,41,-0,17,0,57,316900,1,31977,06,0,00,6377,1
57,563,-90,99,0,53,28,51,-1,41,-0,17,0,57,316864,2,31976,54,0,00,6376,5
57,568,-91,00,0,53,28,52,-1,41,-0,17,0,57,316826,7,31976,02,0,00,6376,0
57,573,-91,01,0,53,28,52,-1,41,-0,17,0,57,316791,1,31975,50,0,00,6375,5
57,578,-91,01,0,53,28,52,-1,41,-0,17,0,57,316754,3,31974,98,0,00,6375,0
57,583,-91,02,0,53,28,52,-1,41,-0,17,0,57,316718,2,31974,46,0,00,6374,5
57,588,-91,03,0,53,28,53,-1,41,-0,17,0,57,316682,7,31973,94,0,00,6373,9
57,593,-91,03,0,53,28,53,-1,41,-0,17,0,57,316645,9,31973,42,0,00,6373,4
57,598,-91,04,0,53,28,53,-1,41,-0,17,0,57,316610,2,31972,90,0,00,6372,9
57,603,-91,05,0,53,28,54,-1,41,-0,17,0,57,316574,7,31972,38,0,00,6372,4
57,608,-91,05,0,53,28,54,-1,41,-0,17,0,57,316538,4,31971,87,0,00,6371,9
57,613,-91,06,0,52,28,54,-1,41,-0,17,0,57,316503,2,31971,35,0,00,6371,3
57,618,-91,07,0,52,28,54,-1,41,-0,17,0,57,316467,7,31970,83,0,00,6370,8
57,623,-91,08,0,52,28,55,-1,41,-0,17,0,57,316432,3,31970,31,0,00,6370,3
57,628,-91,08,0,52,28,55,-1,41,-0,16,0,57,316396,6,31969,79,0,00,6369,8
57,633,-91,09,0,52,28,55,-1,41,-0,16,0,57,316361,5,31969,27,0,00,6369,3
57,638,-91,10,0,52,28,56,-1,41,-0,16,0,57,316326,6,31968,75,0,00,6368,8
57,643,-91,10,0,52,28,56,-1,41,-0,16,0,57,316291,4,31968,23,0,00,6368,2
57,648,-91,11,0,52,28,56,-1,41,-0,16,0,57,316256,3,31967,71,0,00,6367,7
57,653,-91,12,0,52,28,56,-1,41,-0,16,0,57,316221,4,31967,20,0,00,6367,2
57,658,-91,13,0,52,28,57,-1,41,-0,16,0,57,316187,1,31966,68,0,00,6366,7
57,663,-91,13,0,52,28,57,-1,41,-0,16,0,57,316152,0,31966,16,0,00,6366,2
57,668,-91,14,0,52,28,57,-1,41,-0,16,0,57,316117,5,31965,64,0,00,6365,6
57,673,-91,15,0,52,28,58,-1,41,-0,16,0,57,316083,2,31965,13,0,00,6365,1
57,678,-91,15,0,51,28,58,-1,41,-0,16,0,57,316048,6,31964,61,0,00,6364,6
57,683,-91,16,0,51,28,58,-1,41,-0,16,0,57,316014,1,31964,09,0,00,6364,1
57,688,-91,17,0,51,28,58,-1,41,-0,16,0,57,315980,6,31963,57,0,00,6363,6
57,693,-91,17,0,51,28,59,-1,41,-0,16,0,57,315945,6,31963,05,0,00,6363,1
57,698,-91,18,0,51,28,59,-1,41,-0,16,0,57,315912,4,31962,53,0,00,6362,5
57,703,-91,19,0,51,28,59,-1,41,-0,16,0,57,315877,6,31962,02,0,00,6362,0
57,708,-91,20,0,51,28,60,-1,41,-0,16,0,57,315844,8,31961,50,0,00,6361,5
57,713,-91,20,0,51,28,60,-1,41,-0,16,0,57,315810,3,31960,98,0,00,6361,0
57,718,-91,21,0,51,28,60,-1,41,-0,16,0,57,315776,8,31960,46,0,00,6360,5
57,723,-91,22,0,51,28,60,-1,41,-0,16,0,57,315743,5,31959,95,0,00,6359,9
57,728,-91,22,0,51,28,61,-1,41,-0,16,0,57,315709,4,31959,43,0,00,6359,4
57,733,-91,23,0,51,28,61,-1,41,-0,16,0,57,315676,8,31958,91,0,00,6358,9
57,738,-91,24,0,50,28,61,-1,41,-0,16,0,57,315643,0,31958,39,0,00,6358,4
57,743,-91,25,0,50,28,62,-1,41,-0,16,0,57,315609,8,31957,88,0,00,6357,9
57,748,-91,25,0,50,28,62,-1,41,-0,16,0,57,315576,8,31957,36,0,00,6357,4
57,753,-91,26,0,50,28,62,-1,41,-0,15,0,57,315543,9,31956,84,0,00,6356,8
57,758,-91,27,0,50,28,62,-1,41,-0,15,0,57,315510,7,31956,32,0,00,6356,3
57,763,-91,27,0,50,28,63,-1,41,-0,15,0,57,315478,5,31955,81,0,00,6355,8
57,768,-91,28,0,50,28,63,-1,41,-0,15,0,57,315445,1,31955,29,0,00,6355,3
57,773,-91,29,0,50,28,63,-1,41,-0,15,0,57,315412,3,31954,77,0,00,6354,8
57,778,-91,30,0,50,28,64,-1,41,-0,15,0,57,315380,5,31954,25,0,00,6354,3
57,783,-91,30,0,50,28,64,-1,41,-0,15,0,57,315347,1,31953,74,0,00,6353,7
57,788,-91,31,0,50,28,64,-1,41,-0,15,0,57,315315,2,31953,22,0,00,6353,2
57,793,-91,32,0,50,28,64,-1,41,-0,15,0,57,315282,9,31952,70,0,00,6352,7
57,798,-91,32,0,50,28,65,-1,41,-0,15,0,57,315250,4,31952,19,0,02,6352,2
57,803,-91,33,0,49,28,65,-1,42,-0,15,0,57,315218,9,31951,67,0,00,6351,7
57,808,-91,34,0,49,28,65,-1,41,-0,15,0,57,315237,3,31951,15,0,00,6351,2
57,813,-91,34,0,49,28,66,-1,41,-0,15,0,57,315174,0,31950,64,0,00,6350,6
57,818,-91,35,0,49,28,66,-1,41,-0,15,0,57,315111,9,31950,12,0,00,6350,1
57,823,-91,36,0,49,28,66,-1,41,-0,15,0,57,315097,7,31949,60,0,00,6349,6
57,828,-91,37,0,49,28,67,-1,41,-0,15,0,57,315055,6,31949,09,0,00,6349,1
57,833,-91,37,0,49,28,67,-1,41,-0,15,0,57,315030,1,31948,57,0,00,6348,6
57,838,-91,38,0,49,28,67,-1,41,-0,15,0,57,314995,2,31948,05,0,00,6348,1
57,843,-91,39,0,49,28,67,-1,41,-0,15,0,57,314965,6,31947,54,0,00,6347,5
57,848,-91,39,0,49,28,68,-1,41,-0,15,0,57,314932,6,31947,02,0,00,6347,0
57,853,-91,40,0,49,28,68,-1,41,-0,15,0,57,314902,9,31946,51,0,00,6346,5
57,858,-91,41,0,49,28,68,-1,41,-0,15,0,57,314870,7,31945,99,0,00,6346,0
57,863,-91,42,0,49,28,69,-1,41,-0,15,0,57,314840,3,31945,47,0,00,6345,5
57,868,-91,42,0,48,28,69,-1,41,-0,15,0,57,314808,3,31944,96,0,00,6345,0
57,873,-91,43,0,48,28,69,-1,41,-0,15,0,57,314778,7,31944,44,0,00,6344,4
57,878,-91,44,0,48,28,69,-1,41,-0,15,0,57,314746,5,31943,93,0,00,6343,9
57,883,-91,44,0,48,28,70,-1,41,-0,15,0,57,314716,7,31943,41,0,00,6343,4
57,888,-91,45,0,48,28,70,-1,41,-0,15,0,57,314685,3,31942,89,0,00,6342,9
57,893,-91,46,0,48,28,70,-1,41,-0,15,0,57,314655,3,31942,38,0,00,6342,4
57,898,-91,46,0,48,28,71,-1,41,-0,15,0,57,314624,5,31941,86,0,00,6341,9
57,903,-91,47,0,48,28,71,-1,41,-0,15,0,57,314593,9,31941,35,0,00,6341,3
57,908,-91,48,0,48,28,71,-1,41,-0,15,0,57,314563,8,31940,83,0,00,6340,8
57,913,-91,49,0,48,28,71,-1,41,-0,15,0,57,314533,5,31940,31,0,00,6340,3
57,918,-91,49,0,48,28,72,-1,41,-0,15,0,57,314503,3,31939,80,0,00,6339,8
57,923,-91,50,0,48,28,72,-1,41,-0,15,0,57,314473,2,31939,28,0,00,6339,3
57,928,-91,51,0,48,28,72,-1,41,-0,15,0,57,314442,8,31938,77,0,00,6338,8
57,933,-91,51,0,48,28,73,-1,41,-0,15,0,57,314413,8,31938,25,0,00,6338,3
57,938,-91,52,0,47,28,73,-1,41,-0,15,0,57,314382,8,31937,74,0,00,6337,7
57,943,-91,53,0,47,28,73,-1,41,-0,15,0,57,314353,6,31937,22,0,00,6337,2
57,948,-91,54,0,47,28,73,-1,41,-0,15,0,57,314324,1,31936,71,0,00,6336,7
57,953,-91,54,0,47,28,74,-1,41,-0,14,0,57,314293,9,31936,19,0,00,6336,2
57,958,-91,55,0,47,28,74,-1,41,-0,14,0,57,314264,8,31935,68,0,00,6335,7
57,963,-91,56,0,47,28,74,-1,41,-0,14,0,57,314235,2,31935,16,0,00,6335,2
57,968,-91,56,0,47,28,75,-1,41,-0,14,0,57,314205,8,31934,64,0,00,6334,6
57,973,-91,57,0,47,28,75,-1,41,-0,14,0,57,314176,6,31934,13,0,00,6334,1
57,978,-91,58,0,47,28,75,-1,41,-0,14,0,57,314147,4,31933,62,0,00,6333,6
57,983,-91,59,0,47,28,75,-1,41,-0,14,0,57,314118,0,31933,10,0,00,6333,1
57,988,-91,59,0,47,28,76,-1,41,-0,14,0,57,314089,1,31932,59,0,00,6332,6
57,993,-91,60,0,47,28,76,-1,41,-0,14,0,57,314060,3,31932,07,0,00,6332,1
57,998,-91,61,0,47,28,76,-1,41,-0,14,0,57,314031,2,31931,55,0,00,6331,6
58,003,-91,61,0,47,28,77,-1,41,-0,14,0,57,314002,3,31931,04,0,00,6331,0
58,008,-91,62,0,46,28,77,-1,41,-0,14,0,57,313973,8,31930,53,0,00,6330,5
58,013,-91,63,0,46,28,77,-1,41,-0,14,0,57,313944,7,31930,01,0,00,6330,0
58,018,-91,63,0,46,28,77,-1,41,-0,14,0,57,313916,6,31929,50,0,00,6329,5
58,023,-91,64,0,46,28,78,-1,41,-0,14,0,57,313888,1,31928,98,0,00,6329,0
58,028,-91,65,0,46,28,78,-1,41,-0,14,0,57,313859,3,31928,47,0,00,6328,5
58,033,-91,66,0,46,28,78,-1,41,-0,14,0,57,313831,1,31927,95,0,00,6328,0
58,038,-91,66,0,46,28,79,-1,41,-0,14,0,57,313803,0,31927,44,0,00,6327,4
58,043,-91,67,0,46,28,79,-1,41,-0,14,0,57,313774,5,31926,92,0,00,6326,9
58,048,-91,68,0,46,28,79,-1,41,-0,14,0,57,313746,7,31926,41,0,00,6326,4
58,053,-91,68,0,46,28,79,-1,41,-0,14,0,57,313718,1,31925,89,0,00,6325,9
58,058,-91,69,0,46,28,80,-1,41,-0,14,0,57,313690,9,31925,38,0,00,6325,4
58,063,-91,70,0,46,28,80,-1,41,-0,14,0,57,313662,5,31924,87,0,00,6324,9
58,068,-91,71,0,46,28,80,-1,41,-0,14,0,57,313634,7,31924,35,0,00,6324,4
58,073,-91,71,0,46,28,81,-1,41,-0,14,0,57,313607,0,31923,84,0,00,6323,8
58,078,-91,72,0,45,28,81,-1,41,-0,14,0,57,313579,4,31923,32,0,00,6323,3
58,083,-91,73,0,45,28,81,-1,41,-0,14,0,57,313551,9,31922,81,0,00,6322,8
58,088,-91,73,0,45,28,81,-1,41,-0,14,0,57,313524,2,31922,30,0,00,6322,3
58,093,-91,74,0,45,28,82,-1,41,-0,14,0,57,313496,9,31921,78,0,00,6321,8
58,098,-91,75,0,45,28,82,-1,41,-0,14,0,57,313469,3,31921,27,0,00,6321,3
58,103,-91,75,0,45,28,82,-1,41,-0,14,0,57,313442,4,31920,75,0,00,6320,8
58,108,-91,76,0,45,28,83,-1,41,-0,14,0,57,313414,6,31920,24,0,00,6320,2
58,113,-91,77,0,45,28,83,-1,41,-0,14,0,57,313387,9,31919,73,0,00,6319,7
58,118,-91,78,0,45,28,83,-1,41,-0,14,0,57,313360,8,31919,21,0,00,6319,2
58,123,-91,78,0,45,28,83,-1,41,-0,14,0,57,313333,8,31918,70,0,00,6318,7
58,128,-91,79,0,45,28,84,-1,42,-0,14,0,57,313306,9,31918,19,0,00,6318,2
58,133,-91,80,0,45,28,84,-1,42,-0,14,0,57,313279,8,31917,67,0,00,6317,7
58,138,-91,80,0,45,28,84,-1,42,-0,14,0,57,313253,2,31917,16,0,00,6317,2
58,143,-91,81,0,45,28,85,-1,42,-0,14,0,57,313226,7,31916,64,0,00,6316,6
58,148,-91,82,0,44,28,85,-1,42,-0,14,0,57,313199,8,31916,13,0,00,6316,1
58,153,-91,83,0,44,28,85,-1,42,-0,14,0,57,313173,5,31915,62,0,00,6315,6
58,158,-91,83,0,44,28,85,-1,42,-0,14,0,57,313146,5,31915,11,0,00,6315,1
58,163,-91,84,0,44,28,86,-1,42,-0,14,0,57,313120,9,31914,59,0,00,6314,6
58,168,-91,85,0,44,28,86,-1,42,-0,14,0,57,313093,6,31914,08,0,00,6314,1
58,173,-91,85,0,44,28,86,-1,42,-0,14,0,57,313068,3,31913,57,0,00,6313,6
58,178,-91,86,0,44,28,87,-1,42,-0,14,0,57,313041,3,31913,05,0,00,6313,1
58,183,-91,87,0,44,28,87,-1,42,-0,14,0,57,313015,6,31912,54,0,00,6312,5
58,188,-91,87,0,44,28,87,-1,42,-0,14,0,57,312989,7,31912,03,0,00,6312,0
58,193,-91,88,0,44,28,87,-1,42,-0,14,0,57,312963,5,31911,51,0,00,6311,5
58,198,-91,89,0,44,28,88,-1,42,-0,14,0,57,312937,3,31911,00,0,00,6311,0
58,203,-91,90,0,44,28,88,-1,42,-0,14,0,57,312912,2,31910,49,0,00,6310,5
58,208,-91,90,0,44,28,88,-1,42,-0,14,0,57,312885,4,31909,97,0,00,6310,0
58,213,-91,91,0,44,28,89,-1,42,-0,14,0,57,312860,8,31909,46,0,00,6309,5
58,218,-91,92,0,43,28,89,-1,42,-0,14,0,57,312834,3,31908,95,0,00,6308,9
58,223,-91,92,0,43,28,89,-1,42,-0,14,0,57,312809,6,31908,44,0,00,6308,4
58,228,-91,93,0,43,28,89,-1,42,-0,14,0,57,312783,3,31907,92,0,00,6307,9
58,233,-91,94,0,43,28,90,-1,42,-0,14,0,57,312758,3,31907,41,0,00,6307,4
58,238,-91,95,0,43,28,90,-1,42,-0,14,0,57,312732,6,31906,90,0,00,6306,9
58,243,-91,95,0,43,28,90,-1,42,-0,14,0,57,312707,9,31906,38,0,00,6306,4
58,248,-91,96,0,43,28,91,-1,42,-0,14,0,57,312682,4,31905,87,0,00,6305,9
58,253,-91,97,0,43,28,91,-1,42,-0,14,0,57,312657,0,31905,36,0,00,6305,4
58,258,-91,97,0,43,28,91,-1,42,-0,14,0,57,312632,2,31904,85,0,00,6304,8
58,263,-91,98,0,43,28,91,-1,42,-0,14,0,57,312607,1,31904,33,0,00,6304,3
58,268,-91,99,0,43,28,92,-1,42,-0,14,0,57,312582,4,31903,82,0,00,6303,8
58,273,-92,00,0,43,28,92,-1,42,-0,14,0,57,312557,1,31903,31,0,00,6303,3
58,278,-92,00,0,43,28,92,-1,42,-0,14,0,57,312532,7,31902,80,0,00,6302,8
58,283,-92,01,0,43,28,93,-1,42,-0,14,0,57,312507,9,31902,29,0,00,6302,3
58,288,-92,02,0,42,28,93,-1,42,-0,14,0,57,312482,9,31901,77,0,00,6301,8
58,293,-92,02,0,42,28,93,-1,42,-0,14,0,57,312458,8,31901,26,0,00,6301,3
58,298,-92,03,0,42,28,93,-1,42,-0,14,0,57,312434,0,31900,75,0,00,6300,7
58,303,-92,04,0,42,28,94,-1,42,-0,14,0,57,312409,7,31900,24,0,00,6300,2
58,308,-92,04,0,42,28,94,-1,42,-0,14,0,57,312385,5,31899,72,0,00,6299,7
58,313,-92,05,0,42,28,94,-1,42,-0,14,0,57,312360,5,31899,21,0,00,6299,2
58,318,-92,06,0,42,28,95,-1,42,-0,14,0,57,312336,9,31898,70,0,00,6298,7
58,323,-92,07,0,42,28,95,-1,42,-0,14,0,57,312312,2,31898,19,0,00,6298,2
58,328,-92,07,0,42,28,95,-1,42,-0,14,0,57,312288,4,31897,68,0,00,6297,7
58,333,-92,08,0,42,28,95,-1,42,-0,14,0,57,312264,3,31897,16,0,00,6297,2
58,338,-92,09,0,42,28,96,-1,42,-0,14,0,57,312240,3,31896,65,0,00,6296,7
58,343,-92,09,0,42,28,96,-1,42,-0,14,0,57,312216,4,31896,14,0,00,6296,1
58,348,-92,10,0,42,28,96,-1,42,-0,14,0,57,312192,6,31895,63,0,00,6295,6
58,353,-92,11,0,42,28,97,-1,42,-0,14,0,57,312168,8,31895,12,0,00,6295,1
58,358,-92,12,0,42,28,97,-1,42,-0,14,0,57,312144,8,31894,61,0,00,6294,6
58,363,-92,12,0,41,28,97,-1,42,-0,14,0,57,312121,3,31894,09,0,00,6294,1
58,368,-92,13,0,41,28,98,-1,42,-0,14,0,57,312097,5,31893,58,0,00,6293,6
58,373,-92,14,0,41,28,98,-1,42,-0,14,0,57,312074,6,31893,07,0,00,6293,1
58,378,-92,14,0,41,28,98,-1,42,-0,14,0,57,312050,1,31892,56,0,00,6292,6
58,383,-92,15,0,41,28,98,-1,42,-0,14,0,57,312027,9,31892,05,0,00,6292,0
58,388,-92,16,0,41,28,99,-1,42,-0,14,0,57,312003,6,31891,54,0,00,6291,5
58,393,-92,17,0,41,28,99,-1,42,-0,14,0,57,311980,7,31891,02,0,00,6291,0
58,398,-92,17,0,41,28,99,-1,42,-0,14,0,57,311957,5,31890,51,0,00,6290,5
58,403,-92,18,0,41,29,00,-1,42,-0,14,0,57,311934,3,31890,00,0,00,6290,0
58,408,-92,19,0,41,29,00,-1,42,-0,14,0,57,311911,3,31889,49,0,00,6289,5
58,413,-92,19,0,41,29,00,-1,42,-0,14,0,57,311887,9,31888,98,0,00,6289,0
58,418,-92,20,0,41,29,00,-1,42,-0,14,0,57,311865,1,31888,47,0,00,6288,5
58,423,-92,21,0,41,29,01,-1,42,-0,14,0,57,311842,4,31887,96,0,00,6288,0
58,428,-92,21,0,40,29,01,-1,42,-0,14,0,57,311819,8,31887,45,0,00,6287,4
58,433,-92,22,0,40,29,01,-1,42,-0,14,0,57,311796,3,31886,93,0,00,6286,9
58,438,-92,23,0,40,29,02,-1,42,-0,14,0,57,311774,3,31886,42,0,00,6286,4
58,443,-92,24,0,40,29,02,-1,42,-0,14,0,57,311751,1,31885,91,0,00,6285,9
58,448,-92,24,0,40,29,02,-1,42,-0,14,0,57,311728,9,31885,40,0,00,6285,4
58,453,-92,25,0,40,29,02,-1,42,-0,15,0,57,311706,3,31884,89,0,00,6284,9
58,458,-92,26,0,40,29,03,-1,42,-0,15,0,57,311683,8,31884,38,0,00,6284,4
58,463,-92,26,0,40,29,03,-1,42,-0,15,0,57,311661,4,31883,87,0,00,6283,9
58,468,-92,27,0,40,29,03,-1,42,-0,15,0,57,311638,7,31883,36,0,00,6283,4
58,473,-92,28,0,40,29,04,-1,42,-0,15,0,57,311617,4,31882,85,0,00,6282,8
58,478,-92,29,0,40,29,04,-1,42,-0,15,0,57,311594,0,31882,33,0,00,6282,3
58,483,-92,29,0,40,29,04,-1,42,-0,15,0,57,311572,8,31881,82,0,00,6281,8
58,488,-92,30,0,40,29,04,-1,42,-0,15,0,57,311550,1,31881,31,0,00,6281,3
58,493,-92,31,0,40,29,05,-1,42,-0,15,0,57,311528,3,31880,80,0,00,6280,8
58,498,-92,31,0,39,29,05,-1,42,-0,15,0,57,311506,5,31880,29,0,00,6280,3
58,503,-92,32,0,39,29,05,-1,42,-0,15,0,57,311484,0,31879,78,0,00,6279,8
58,508,-92,33,0,39,29,06,-1,42,-0,15,0,57,311462,9,31879,27,0,00,6279,3
58,513,-92,34,0,39,29,06,-1,42,-0,15,0,57,311440,6,31878,76,0,00,6278,8
58,518,-92,34,0,39,29,06,-1,42,-0,15,0,57,311418,8,31878,25,0,00,6278,2
58,523,-92,35,0,39,29,06,-1,42,-0,15,0,57,311397,6,31877,74,0,00,6277,7
58,528,-92,36,0,39,29,07,-1,42,-0,15,0,57,311375,6,31877,23,0,00,6277,2
58,533,-92,36,0,39,29,07,-1,42,-0,15,0,57,311354,1,31876,72,0,00,6276,7
58,538,-92,37,0,39,29,07,-1,42,-0,15,0,57,311332,7,31876,21,0,00,6276,2
58,543,-92,38,0,39,29,08,-1,42,-0,15,0,57,311311,3,31875,70,0,00,6275,7
58,548,-92,38,0,39,29,08,-1,42,-0,15,0,57,311289,7,31875,19,0,00,6275,2
58,553,-92,39,0,39,29,08,-1,42,-0,15,0,57,311268,6,31874,68,0,00,6274,7
58,558,-92,40,0,39,29,08,-1,42,-0,15,0,57,311247,5,31874,17,0,00,6274,2
58,563,-92,41,0,39,29,09,-1,42,-0,15,0,57,311225,7,31873,66,0,00,6273,7
58,568,-92,41,0,38,29,09,-1,42,-0,15,0,57,311205,3,31873,14,0,00,6273,1
58,573,-92,42,0,38,29,09,-1,42,-0,15,0,57,311183,7,31872,63,0,00,6272,6
58,578,-92,43,0,38,29,10,-1,42,-0,15,0,57,311163,0,31872,13,0,00,6272,1
58,583,-92,43,0,38,29,10,-1,42,-0,15,0,57,311142,0,31871,62,0,00,6271,6
58,588,-92,44,0,38,29,10,-1,42,-0,15,0,57,311120,6,31871,11,0,00,6271,1
58,593,-92,45,0,38,29,10,-1,42,-0,15,0,57,311100,2,31870,59,0,00,6270,6
58,598,-92,46,0,38,29,11,-1,42,-0,15,0,57,311079,5,31870,08,0,00,6270,1
58,603,-92,46,0,38,29,11,-1,42,-0,15,0,57,311058,4,31869,57,0,00,6269,6
58,608,-92,47,0,38,29,11,-1,42,-0,15,0,57,311038,3,31869,06,0,00,6269,1
58,613,-92,48,0,38,29,12,-1,42,-0,15,0,57,311016,9,31868,55,0,00,6268,6
58,618,-92,48,0,38,29,12,-1,42,-0,15,0,57,310997,0,31868,04,0,00,6268,0
58,623,-92,49,0,38,29,12,-1,42,-0,15,0,57,310976,2,31867,54,0,00,6267,5
58,628,-92,50,0,38,29,12,-1,42,-0,15,0,57,310955,6,31867,03,0,00,6267,0
58,633,-92,51,0,37,29,13,-1,42,-0,15,0,57,310935,5,31866,52,0,00,6266,5
58,638,-92,51,0,37,29,13,-1,42,-0,15,0,57,310915,0,31866,01,0,00,6266,0
58,643,-92,52,0,37,29,13,-1,42,-0,15,0,57,310895,0,31865,50,0,00,6265,5
58,648,-92,53,0,37,29,14,-1,42,-0,15,0,57,310874,3,31864,99,0,00,6265,0
58,653,-92,53,0,37,29,14,-1,42,-0,15,0,57,310854,5,31864,48,0,00,6264,5
58,658,-92,54,0,37,29,14,-1,42,-0,15,0,57,310834,0,31863,97,0,00,6264,0
58,663,-92,55,0,37,29,14,-1,42,-0,15,0,57,310814,4,31863,46,0,00,6263,5
58,668,-92,55,0,37,29,15,-1,42,-0,15,0,57,310794,0,31862,95,0,00,6262,9
58,673,-92,56,0,37,29,15,-1,42,-0,15,0,57,310774,2,31862,44,0,00,6262,4
58,678,-92,57,0,37,29,15,-1,42,-0,15,0,57,310754,4,31861,93,0,00,6261,9
58,683,-92,58,0,37,29,16,-1,42,-0,15,0,57,310734,7,31861,42,0,02,6261,4
58,688,-92,58,0,37,29,16,-1,42,-0,16,0,58,310714,7,31860,91,0,00,6260,9
58,693,-92,59,0,37,29,16,-1,42,-0,16,0,57,310745,4,31860,40,0,00,6260,4
58,698,-92,60,0,36,29,16,-1,42,-0,16,0,57,310694,4,31859,89,0,00,6259,9
58,703,-92,60,0,36,29,17,-1,42,-0,16,0,57,310645,3,31859,38,0,00,6259,4
58,708,-92,61,0,36,29,17,-1,42,-0,16,0,57,310642,8,31858,88,0,00,6258,9
58,713,-92,62,0,36,29,17,-1,42,-0,16,0,57,310613,3,31858,37,0,00,6258,4
58,718,-92,63,0,36,29,18,-1,42,-0,16,0,57,310599,4,31857,86,0,00,6257,9
58,723,-92,63,0,36,29,18,-1,42,-0,16,0,57,310576,9,31857,35,0,00,6257,3
58,728,-92,64,0,36,29,18,-1,42,-0,16,0,57,310559,3,31856,84,0,00,6256,8
58,733,-92,65,0,36,29,18,-1,42,-0,16,0,57,310539,1,31856,33,0,00,6256,3
58,738,-92,65,0,36,29,19,-1,42,-0,16,0,57,310520,4,31855,82,0,00,6255,8
58,743,-92,66,0,36,29,19,-1,42,-0,16,0,57,310500,8,31855,31,0,00,6255,3
58,748,-92,67,0,36,29,19,-1,42,-0,16,0,57,310481,8,31854,80,0,00,6254,8
58,753,-92,67,0,36,29,20,-1,42,-0,16,0,57,310462,8,31854,29,0,00,6254,3
58,758,-92,68,0,36,29,20,-1,42,-0,16,0,58,310443,6,31853,78,0,00,6253,8
58,763,-92,69,0,35,29,20,-1,42,-0,16,0,58,310424,8,31853,27,0,00,6253,3
58,768,-92,70,0,35,29,20,-1,42,-0,16,0,58,310406,1,31852,77,0,00,6252,8
58,773,-92,70,0,35,29,21,-1,42,-0,16,0,58,310386,6,31852,26,0,00,6252,3
58,778,-92,71,0,35,29,21,-1,42,-0,16,0,58,310368,1,31851,75,0,00,6251,7
58,783,-92,72,0,35,29,21,-1,42,-0,16,0,58,310349,6,31851,24,0,00,6251,2
58,788,-92,72,0,35,29,22,-1,42,-0,16,0,58,310330,3,31850,73,0,00,6250,7
58,793,-92,73,0,35,29,22,-1,42,-0,16,0,58,310312,1,31850,22,0,00,6250,2
58,798,-92,74,0,35,29,22,-1,42,-0,16,0,58,310293,0,31849,71,0,00,6249,7
58,803,-92,75,0,35,29,23,-1,42,-0,16,0,58,310274,8,31849,20,0,00,6249,2
58,808,-92,75,0,35,29,23,-1,42,-0,16,0,58,310256,3,31848,70,0,00,6248,7
58,813,-92,76,0,35,29,23,-1,42,-0,16,0,58,310237,5,31848,19,0,00,6248,2
58,818,-92,77,0,35,29,23,-1,42,-0,16,0,58,310219,2,31847,68,0,00,6247,7
58,823,-92,77,0,34,29,24,-1,42,-0,16,0,58,310200,9,31847,17,0,00,6247,2
58,828,-92,78,0,34,29,24,-1,42,-0,16,0,58,310182,8,31846,66,0,00,6246,7
58,833,-92,79,0,34,29,24,-1,42,-0,16,0,58,310164,3,31846,15,0,00,6246,2
58,838,-92,80,0,34,29,25,-1,42,-0,16,0,58,310146,3,31845,64,0,00,6245,6
58,843,-92,80,0,34,29,25,-1,42,-0,16,0,58,310127,9,31845,13,0,00,6245,1
58,848,-92,81,0,34,29,25,-1,42,-0,17,0,58,310110,0,31844,63,0,00,6244,6
58,853,-92,82,0,34,29,25,-1,42,-0,17,0,58,310091,8,31844,12,0,00,6244,1
58,858,-92,82,0,34,29,26,-1,42,-0,17,0,58,310073,7,31843,61,0,00,6243,6
58,863,-92,83,0,34,29,26,-1,42,-0,17,0,58,310055,6,31843,10,0,00,6243,1
58,868,-92,84,0,34,29,26,-1,42,-0,17,0,58,310038,1,31842,59,0,00,6242,6
58,873,-92,84,0,34,29,27,-1,42,-0,17,0,58,310020,2,31842,09,0,00,6242,1
58,878,-92,85,0,34,29,27,-1,42,-0,17,0,58,310001,9,31841,58,0,00,6241,6
58,883,-92,86,0,33,29,27,-1,42,-0,17,0,58,309984,7,31841,07,0,00,6241,1
58,888,-92,87,0,33,29,27,-1,42,-0,17,0,58,309966,5,31840,56,0,00,6240,6
58,893,-92,87,0,33,29,28,-1,42,-0,17,0,58,309949,4,31840,05,0,00,6240,1
58,898,-92,88,0,33,29,28,-1,42,-0,17,0,58,309931,4,31839,54,0,00,6239,5
58,903,-92,89,0,33,29,28,-1,42,-0,17,0,58,309914,0,31839,04,0,00,6239,0
58,908,-92,89,0,33,29,29,-1,42,-0,17,0,58,309896,2,31838,53,0,00,6238,5
58,913,-92,90,0,33,29,29,-1,42,-0,17,0,58,309878,9,31838,02,0,00,6238,0
58,918,-92,91,0,33,29,29,-1,42,-0,17,0,58,309861,3,31837,51,0,00,6237,5
58,923,-92,92,0,33,29,29,-1,42,-0,17,0,58,309844,1,31837,00,0,00,6237,0
58,928,-92,92,0,33,29,30,-1,42,-0,17,0,58,309827,1,31836,50,0,00,6236,5
58,933,-92,93,0,33,29,30,-1,42,-0,17,0,58,309809,2,31835,99,0,00,6236,0
58,938,-92,94,0,33,29,30,-1,42,-0,17,0,58,309792,3,31835,48,0,00,6235,5
58,943,-92,94,0,32,29,31,-1,42,-0,17,0,58,309775,0,31834,97,0,00,6235,0
58,948,-92,95,0,32,29,31,-1,42,-0,17,0,58,309757,8,31834,46,0,00,6234,5
58,953,-92,96,0,32,29,31,-1,42,-0,17,0,58,309740,7,31833,96,0,00,6234,0
58,958,-92,97,0,32,29,31,-1,42,-0,17,0,58,309724,1,31833,45,0,00,6233,5
58,963,-92,97,0,32,29,32,-1,42,-0,17,0,58,309706,7,31832,94,0,00,6232,9
58,968,-92,98,0,32,29,32,-1,42,-0,17,0,58,309689,8,31832,43,0,00,6232,4
58,973,-92,99,0,32,29,32,-1,42,-0,17,0,58,309673,0,31831,93,0,00,6231,9
58,978,-92,99,0,32,29,33,-1,42,-0,17,0,58,309655,8,31831,42,0,00,6231,4
58,983,-93,00,0,32,29,33,-1,42,-0,18,0,58,309639,5,31830,91,0,00,6230,9
58,988,-93,01,0,32,29,33,-1,42,-0,18,0,58,309622,1,31830,40,0,00,6230,4
58,993,-93,02,0,32,29,33,-1,42,-0,18,0,58,309606,4,31829,89,0,00,6229,9
58,998,-93,02,0,31,29,34,-1,42,-0,18,0,58,309588,6,31829,39,0,00,6229,4
59,003,-93,03,0,31,29,34,-1,42,-0,18,0,58,309572,7,31828,88,0,00,6228,9
59,008,-93,04,0,31,29,34,-1,42,-0,18,0,58,309555,9,31828,37,0,00,6228,4
59,013,-93,04,0,31,29,35,-1,42,-0,18,0,58,309539,3,31827,87,0,00,6227,9
59,018,-93,05,0,31,29,35,-1,42,-0,18,0,58,309523,1,31827,36,0,00,6227,4
59,023,-93,06,0,31,29,35,-1,42,-0,18,0,58,309506,5,31826,85,0,00,6226,9
59,028,-93,06,0,31,29,35,-1,42,-0,18,0,58,309489,7,31826,34,0,00,6226,3
59,033,-93,07,0,31,29,36,-1,42,-0,18,0,58,309474,1,31825,84,0,00,6225,8
59,038,-93,08,0,31,29,36,-1,42,-0,18,0,58,309457,3,31825,33,0,00,6225,3
59,043,-93,09,0,31,29,36,-1,42,-0,18,0,58,309441,1,31824,82,0,00,6224,8
59,048,-93,09,0,31,29,37,-1,42,-0,18,0,58,309424,9,31824,31,0,00,6224,3
59,053,-93,10,0,31,29,37,-1,42,-0,18,0,58,309408,8,31823,81,0,00,6223,8
59,058,-93,11,0,30,29,37,-1,42,-0,18,0,58,309392,3,31823,30,0,00,6223,3
59,063,-93,11,0,30,29,37,-1,42,-0,18,0,58,309376,8,31822,79,0,00,6222,8
59,068,-93,12,0,30,29,38,-1,42,-0,18,0,58,309360,4,31822,29,0,00,6222,3
59,073,-93,13,0,30,29,38,-1,42,-0,18,0,58,309344,6,31821,78,0,00,6221,8
59,078,-93,14,0,30,29,38,-1,42,-0,18,0,58,309328,4,31821,27,0,00,6221,3
59,083,-93,14,0,30,29,39,-1,42,-0,18,0,58,309312,7,31820,76,0,00,6220,8
59,088,-93,15,0,30,29,39,-1,42,-0,18,0,58,309297,1,31820,26,0,00,6220,3
59,093,-93,16,0,30,29,39,-1,42,-0,18,0,58,309280,6,31819,75,0,00,6219,8
59,098,-93,16,0,30,29,39,-1,42,-0,18,0,58,309265,6,31819,24,0,00,6219,2
59,103,-93,17,0,30,29,40,-1,42,-0,19,0,58,309248,8,31818,74,0,00,6218,7
59,108,-93,18,0,30,29,40,-1,42,-0,19,0,58,309234,4,31818,23,0,00,6218,2
59,113,-93,19,0,29,29,40,-1,42,-0,19,0,58,309217,8,31817,72,0,00,6217,7
59,118,-93,19,0,29,29,41,-1,42,-0,19,0,58,309202,6,31817,21,0,00,6217,2
59,123,-93,20,0,29,29,41,-1,42,-0,19,0,58,309187,0,31816,71,0,00,6216,7
59,128,-93,21,0,29,29,41,-1,42,-0,19,0,58,309171,5,31816,20,0,00,6216,2
59,133,-93,21,0,29,29,41,-1,42,-0,19,0,58,309156,0,31815,70,0,00,6215,7
59,138,-93,22,0,29,29,42,-1,42,-0,19,0,58,309140,6,31815,19,0,00,6215,2
59,143,-93,23,0,29,29,42,-1,42,-0,19,0,58,309125,3,31814,68,0,00,6214,7
59,148,-93,23,0,29,29,42,-1,42,-0,19,0,58,309109,6,31814,17,0,00,6214,2
59,153,-93,24,0,29,29,43,-1,42,-0,19,0,58,309094,9,31813,67,0,00,6213,7
59,158,-93,25,0,29,29,43,-1,42,-0,19,0,58,309078,9,31813,16,0,00,6213,2
59,163,-93,26,0,28,29,43,-1,42,-0,19,0,58,309064,3,31812,65,0,00,6212,7
59,168,-93,26,0,28,29,44,-1,42,-0,19,0,58,309048,8,31812,15,0,00,6212,1
59,173,-93,27,0,28,29,44,-1,42,-0,19,0,58,309033,9,31811,64,0,00,6211,6
59,178,-93,28,0,28,29,44,-1,42,-0,19,0,58,309018,6,31811,13,0,00,6211,1
59,183,-93,28,0,28,29,44,-1,42,-0,19,0,58,309003,4,31810,63,0,00,6210,6
59,188,-93,29,0,28,29,45,-1,42,-0,19,0,58,308988,7,31810,12,0,00,6210,1
59,193,-93,30,0,28,29,45,-1,42,-0,19,0,58,308973,6,31809,61,0,00,6209,6
59,198,-93,31,0,28,29,45,-1,42,-0,19,0,58,308959,0,31809,11,0,00,6209,1
59,203,-93,31,0,28,29,46,-1,42,-0,19,0,58,308943,6,31808,60,0,00,6208,6
59,208,-93,32,0,28,29,46,-1,42,-0,19,0,58,308929,1,31808,10,0,00,6208,1
59,213,-93,33,0,28,29,46,-1,42,-0,20,0,58,308914,3,31807,59,0,00,6207,6
59,218,-93,33,0,27,29,46,-1,42,-0,20,0,58,308899,5,31807,08,0,00,6207,1
59,223,-93,34,0,27,29,47,-1,42,-0,20,0,58,308884,4,31806,58,0,00,6206,6
59,228,-93,35,0,27,29,47,-1,42,-0,20,0,58,308870,2,31806,07,0,00,6206,1
59,233,-93,36,0,27,29,47,-1,42,-0,20,0,58,308855,6,31805,56,0,00,6205,6
59,238,-93,36,0,27,29,48,-1,42,-0,20,0,58,308840,6,31805,06,0,00,6205,1
59,243,-93,37,0,27,29,48,-1,42,-0,20,0,58,308826,2,31804,55,0,00,6204,6
59,248,-93,38,0,27,29,48,-1,42,-0,20,0,58,308811,8,31804,04,0,00,6204,0
59,253,-93,38,0,27,29,48,-1,42,-0,20,0,58,308797,5,31803,54,0,00,6203,5
59,258,-93,39,0,27,29,49,-1,42,-0,20,0,58,308782,3,31803,03,0,00,6203,0
59,263,-93,40,0,27,29,49,-1,42,-0,20,0,58,308769,0,31802,53,0,00,6202,5
59,268,-93,40,0,26,29,49,-1,42,-0,20,0,58,308753,5,31802,02,0,00,6202,0
59,273,-93,41,0,26,29,50,-1,42,-0,20,0,58,308740,3,31801,51,0,00,6201,5
59,278,-93,42,0,26,29,50,-1,42,-0,20,0,58,308725,0,31801,01,0,00,6201,0
59,283,-93,43,0,26,29,50,-1,42,-0,20,0,58,308711,5,31800,50,0,00,6200,5
59,288,-93,43,0,26,29,50,-1,42,-0,20,0,58,308696,7,31799,99,0,00,6200,0
59,293,-93,44,0,26,29,51,-1,42,-0,20,0,58,308683,3,31799,49,0,00,6199,5
59,298,-93,45,0,26,29,51,-1,42,-0,20,0,58,308668,3,31798,98,0,00,6199,0
59,303,-93,45,0,26,29,51,-1,42,-0,20,0,58,308655,0,31798,48,0,00,6198,5
59,308,-93,46,0,26,29,52,-1,42,-0,20,0,58,308640,5,31797,97,0,00,6198,0
59,313,-93,47,0,26,29,52,-1,42,-0,21,0,58,308626,9,31797,46,0,00,6197,5
59,318,-93,48,0,25,29,52,-1,42,-0,21,0,58,308612,5,31796,96,0,00,6197,0
59,323,-93,48,0,25,29,52,-1,42,-0,21,0,58,308599,0,31796,45,0,00,6196,5
59,328,-93,49,0,25,29,53,-1,42,-0,21,0,58,308584,3,31795,95,0,00,6195,9
59,333,-93,50,0,25,29,53,-1,42,-0,21,0,58,308571,4,31795,44,0,00,6195,4
59,338,-93,50,0,25,29,53,-1,42,-0,21,0,58,308557,2,31794,94,0,00,6194,9
59,343,-93,51,0,25,29,54,-1,42,-0,21,0,58,308543,1,31794,43,0,00,6194,4
59,348,-93,52,0,25,29,54,-1,42,-0,21,0,58,308530,0,31793,92,0,00,6193,9
59,353,-93,53,0,25,29,54,-1,42,-0,21,0,58,308515,6,31793,42,0,00,6193,4
59,358,-93,53,0,25,29,54,-1,42,-0,21,0,58,308502,5,31792,91,0,00,6192,9
59,363,-93,54,0,24,29,55,-1,42,-0,21,0,58,308488,7,31792,41,0,00,6192,4
59,368,-93,55,0,24,29,55,-1,42,-0,21,0,58,308475,3,31791,90,0,00,6191,9
59,373,-93,55,0,24,29,55,-1,42,-0,21,0,58,308461,1,31791,39,0,00,6191,4
59,378,-93,56,0,24,29,56,-1,42,-0,21,0,58,308448,3,31790,89,0,02,6190,9
59,383,-93,57,0,24,29,56,-1,42,-0,21,0,58,308434,7,31790,38,0,00,6190,4
59,388,-93,58,0,24,29,56,-1,42,-0,21,0,58,308471,3,31789,88,0,00,6189,9
59,393,-93,58,0,24,29,56,-1,42,-0,21,0,58,308426,7,31789,37,0,00,6189,4
59,398,-93,59,0,24,29,57,-1,42,-0,21,0,58,308384,4,31788,87,0,00,6188,9
59,403,-93,60,0,24,29,57,-1,42,-0,21,0,58,308387,3,31788,36,0,00,6188,4
59,408,-93,60,0,24,29,57,-1,42,-0,21,0,58,308364,5,31787,86,0,00,6187,9
59,413,-93,61,0,23,29,58,-1,42,-0,22,0,58,308356,9,31787,35,0,00,6187,4
59,418,-93,62,0,23,29,58,-1,42,-0,22,0,58,308340,6,31786,84,0,00,6186,8
59,423,-93,62,0,23,29,58,-1,42,-0,22,0,58,308328,8,31786,34,0,00,6186,3
59,428,-93,63,0,23,29,58,-1,42,-0,22,0,58,308315,3,31785,83,0,00,6185,8
59,433,-93,64,0,23,29,59,-1,42,-0,22,0,58,308302,6,31785,33,0,00,6185,3
59,438,-93,65,0,23,29,59,-1,42,-0,22,0,58,308288,8,31784,82,0,00,6184,8
59,443,-93,65,0,23,29,59,-1,42,-0,22,0,58,308276,3,31784,32,0,00,6184,3
59,448,-93,66,0,23,29,60,-1,42,-0,22,0,58,308262,9,31783,81,0,00,6183,8
59,454,-93,67,0,23,29,60,-1,42,-0,22,0,58,308250,6,31783,31,0,00,6183,3
59,459,-93,67,0,22,29,60,-1,42,-0,22,0,58,308236,9,31782,80,0,00,6182,8
59,464,-93,68,0,22,29,60,-1,42,-0,22,0,58,308224,6,31782,30,0,00,6182,3
59,469,-93,69,0,22,29,61,-1,42,-0,22,0,58,308211,1,31781,79,0,00,6181,8
59,474,-93,70,0,22,29,61,-1,42,-0,22,0,58,308198,9,31781,29,0,00,6181,3
59,479,-93,70,0,22,29,61,-1,42,-0,22,0,58,308186,0,31780,78,0,00,6180,8
59,484,-93,71,0,22,29,62,-1,42,-0,22,0,58,308173,0,31780,27,0,00,6180,3
59,489,-93,72,0,22,29,62,-1,42,-0,22,0,58,308160,2,31779,77,0,00,6179,8
59,494,-93,72,0,22,29,62,-1,42,-0,22,0,58,308148,2,31779,26,0,00,6179,3
59,499,-93,73,0,22,29,63,-1,42,-0,22,0,58,308134,6,31778,76,0,00,6178,8
59,504,-93,74,0,21,29,63,-1,42,-0,23,0,58,308122,8,31778,25,0,00,6178,3
59,509,-93,75,0,21,29,63,-1,42,-0,23,0,58,308110,1,31777,75,0,00,6177,7
59,514,-93,75,0,21,29,63,-1,42,-0,23,0,58,308097,1,31777,24,0,00,6177,2
59,519,-93,76,0,21,29,64,-1,42,-0,23,0,58,308085,0,31776,74,0,00,6176,7
59,524,-93,77,0,21,29,64,-1,42,-0,23,0,58,308072,5,31776,23,0,00,6176,2
59,529,-93,77,0,21,29,64,-1,42,-0,23,0,58,308059,6,31775,73,0,00,6175,7
59,534,-93,78,0,21,29,65,-1,42,-0,23,0,58,308048,1,31775,22,0,00,6175,2
59,539,-93,79,0,21,29,65,-1,42,-0,23,0,58,308034,9,31774,72,0,00,6174,7
59,544,-93,79,0,21,29,65,-1,42,-0,23,0,58,308022,6,31774,21,0,00,6174,2
59,549,-93,80,0,20,29,65,-1,42,-0,23,0,58,308010,9,31773,71,0,00,6173,7
59,554,-93,81,0,20,29,66,-1,42,-0,23,0,58,307998,3,31773,20,0,00,6173,2
59,559,-93,82,0,20,29,66,-1,42,-0,23,0,58,307985,7,31772,70,0,00,6172,7
59,564,-93,82,0,20,29,66,-1,42,-0,23,0,58,307974,5,31772,20,0,00,6172,2
59,569,-93,83,0,20,29,67,-1,42,-0,23,0,58,307961,2,31771,69,0,00,6171,7
59,574,-93,84,0,20,29,67,-1,42,-0,23,0,58,307949,7,31771,18,0,00,6171,2
59,579,-93,84,0,20,29,67,-1,42,-0,23,0,58,307937,3,31770,68,0,00,6170,7
59,584,-93,85,0,20,29,67,-1,42,-0,23,0,58,307925,5,31770,18,0,00,6170,2
59,589,-93,86,0,19,29,68,-1,42,-0,23,0,58,307913,7,31769,67,0,00,6169,7
59,594,-93,87,0,19,29,68,-1,42,-0,24,0,58,307901,1,31769,16,0,00,6169,2
59,599,-93,87,0,19,29,68,-1,42,-0,24,0,58,307889,4,31768,66,0,00,6168,7
59,604,-93,88,0,19,29,69,-1,42,-0,24,0,58,307877,8,31768,16,0,00,6168,2
59,609,-93,89,0,19,29,69,-1,42,-0,24,0,58,307865,3,31767,65,0,00,6167,7
59,614,-93,89,0,19,29,69,-1,42,-0,24,0,58,307854,2,31767,14,0,00,6167,1
59,619,-93,90,0,19,29,69,-1,42,-0,24,0,58,307841,4,31766,64,0,00,6166,6
59,624,-93,91,0,19,29,70,-1,42,-0,24,0,58,307830,4,31766,14,0,00,6166,1
59,629,-93,92,0,19,29,70,-1,42,-0,24,0,58,307818,2,31765,63,0,00,6165,6
59,634,-93,92,0,18,29,70,-1,42,-0,24,0,58,307806,8,31765,13,0,00,6165,1
59,639,-93,93,0,18,29,71,-1,42,-0,24,0,58,307794,7,31764,62,0,00,6164,6
59,644,-93,94,0,18,29,71,-1,42,-0,24,0,58,307783,4,31764,12,0,00,6164,1
59,649,-93,94,0,18,29,71,-1,42,-0,24,0,58,307771,3,31763,61,0,00,6163,6
59,654,-93,95,0,18,29,71,-1,42,-0,24,0,58,307760,2,31763,11,0,00,6163,1
59,659,-93,96,0,18,29,72,-1,42,-0,24,0,58,307748,3,31762,61,0,00,6162,6
59,664,-93,97,0,18,29,72,-1,42,-0,24,0,58,307736,8,31762,10,0,00,6162,1
59,669,-93,97,0,18,29,72,-1,42,-0,24,0,58,307725,4,31761,60,0,00,6161,6
59,674,-93,98,0,17,29,73,-1,42,-0,24,0,58,307714,0,31761,09,0,00,6161,1
59,679,-93,99,0,17,29,73,-1,42,-0,25,0,58,307702,3,31760,59,0,00,6160,6
59,684,-93,99,0,17,29,73,-1,42,-0,25,0,58,307691,0,31760,08,0,00,6160,1
59,689,-94,00,0,17,29,73,-1,42,-0,25,0,58,307679,8,31759,58,0,00,6159,6
59,694,-94,01,0,17,29,74,-1,42,-0,25,0,58,307668,2,31759,07,0,00,6159,1
59,699,-94,01,0,17,29,74,-1,42,-0,25,0,58,307657,0,31758,57,0,00,6158,6
59,704,-94,02,0,17,29,74,-1,42,-0,25,0,58,307645,5,31758,06,0,00,6158,1
59,709,-94,03,0,17,29,75,-1,42,-0,25,0,58,307634,1,31757,56,0,00,6157,6
59,714,-94,04,0,16,29,75,-1,42,-0,25,0,58,307623,5,31757,06,0,00,6157,1
59,719,-94,04,0,16,29,75,-1,42,-0,25,0,58,307611,7,31756,55,0,00,6156,6
59,724,-94,05,0,16,29,75,-1,42,-0,25,0,58,307600,8,31756,05,0,00,6156,0
59,729,-94,06,0,16,29,76,-1,42,-0,25,0,58,307589,6,31755,54,0,00,6155,5
59,734,-94,06,0,16,29,76,-1,42,-0,25,0,58,307578,8,31755,04,0,00,6155,0
59,739,-94,07,0,16,29,76,-1,42,-0,25,0,58,307567,2,31754,54,0,00,6154,5
59,744,-94,08,0,16,29,77,-1,42,-0,25,0,58,307556,5,31754,03,0,00,6154,0
59,749,-94,09,0,16,29,77,-1,42,-0,25,0,58,307545,4,31753,53,0,00,6153,5
59,754,-94,09,0,15,29,77,-1,42,-0,25,0,58,307534,4,31753,02,0,00,6153,0
59,759,-94,10,0,15,29,77,-1,42,-0,25,0,58,307523,4,31752,52,0,00,6152,5
59,764,-94,11,0,15,29,78,-1,42,-0,26,0,58,307512,4,31752,01,0,00,6152,0
59,769,-94,11,0,15,29,78,-1,42,-0,26,0,58,307501,6,31751,51,0,00,6151,5
59,774,-94,12,0,15,29,78,-1,42,-0,26,0,58,307490,7,31751,00,0,00,6151,0
59,779,-94,13,0,15,29,79,-1,42,-0,26,0,58,307479,9,31750,50,0,00,6150,5
59,784,-94,14,0,15,29,79,-1,42,-0,26,0,58,307469,2,31750,00,0,00,6150,0
59,789,-94,14,0,15,29,79,-1,42,-0,26,0,58,307458,5,31749,49,0,00,6149,5
59,794,-94,15,0,14,29,79,-1,42,-0,26,0,58,307447,4,31748,99,0,00,6149,0
59,799,-94,16,0,14,29,80,-1,42,-0,26,0,58,307436,8,31748,48,0,00,6148,5
59,804,-94,16,0,14,29,80,-1,42,-0,26,0,58,307426,2,31747,98,0,00,6148,0
59,809,-94,17,0,14,29,80,-1,42,-0,26,0,58,307415,7,31747,48,0,00,6147,5
59,814,-94,18,0,14,29,81,-1,42,-0,26,0,58,307404,8,31746,97,0,00,6147,0
59,819,-94,19,0,14,29,81,-1,42,-0,26,0,58,307394,4,31746,47,0,00,6146,5
59,824,-94,19,0,14,29,81,-1,42,-0,26,0,58,307383,5,31745,96,0,00,6146,0
59,829,-94,20,0,13,29,81,-1,42,-0,26,0,58,307373,2,31745,46,0,00,6145,5
59,834,-94,21,0,13,29,82,-1,42,-0,26,0,58,307362,5,31744,96,0,00,6145,0
59,839,-94,21,0,13,29,82,-1,42,-0,26,0,58,307352,3,31744,45,0,00,6144,5
59,844,-94,22,0,13,29,82,-1,42,-0,27,0,58,307341,6,31743,95,0,00,6144,0
59,849,-94,23,0,13,29,83,-1,42,-0,27,0,58,307331,4,31743,45,0,00,6143,4
59,854,-94,23,0,13,29,83,-1,42,-0,27,0,58,307320,5,31742,94,0,00,6142,9
59,859,-94,24,0,13,29,83,-1,42,-0,27,0,58,307310,8,31742,44,0,00,6142,4
59,864,-94,25,0,13,29,84,-1,42,-0,27,0,58,307299,9,31741,93,0,00,6141,9
59,869,-94,26,0,12,29,84,-1,42,-0,27,0,58,307290,0,31741,43,0,00,6141,4
59,874,-94,26,0,12,29,84,-1,42,-0,27,0,58,307279,2,31740,93,0,00,6140,9
59,879,-94,27,0,12,29,84,-1,42,-0,27,0,58,307269,7,31740,42,0,00,6140,4
59,884,-94,28,0,12,29,85,-1,42,-0,27,0,58,307259,0,31739,92,0,00,6139,9
59,889,-94,28,0,12,29,85,-1,42,-0,27,0,58,307248,8,31739,41,0,00,6139,4
59,894,-94,29,0,12,29,85,-1,42,-0,27,0,58,307238,6,31738,91,0,00,6138,9
59,899,-94,30,0,12,29,86,-1,42,-0,27,0,58,307228,4,31738,41,0,00,6138,4
59,904,-94,31,0,11,29,86,-1,42,-0,27,0,58,307218,3,31737,90,0,00,6137,9
59,909,-94,31,0,11,29,86,-1,42,-0,27,0,58,307208,7,31737,40,0,00,6137,4
59,914,-94,32,0,11,29,86,-1,42,-0,27,0,58,307197,8,31736,90,0,00,6136,9
59,919,-94,33,0,11,29,87,-1,42,-0,27,0,58,307188,7,31736,39,0,02,6136,4
59,924,-94,33,0,11,29,87,-1,42,-0,28,0,58,307177,9,31735,89,0,00,6135,9
59,929,-94,34,0,11,29,87,-1,42,-0,28,0,58,307218,3,31735,39,0,00,6135,4
59,934,-94,35,0,11,29,88,-1,42,-0,28,0,58,307177,3,31734,88,0,00,6134,9
59,939,-94,36,0,11,29,88,-1,42,-0,28,0,58,307138,2,31734,38,0,00,6134,4
59,944,-94,36,0,10,29,88,-1,42,-0,28,0,58,307144,8,31733,88,0,00,6133,9
59,949,-94,37,0,10,29,88,-1,42,-0,28,0,58,307125,6,31733,37,0,00,6133,4
59,954,-94,38,0,10,29,89,-1,42,-0,28,0,58,307121,1,31732,87,0,00,6132,9
59,959,-94,38,0,10,29,89,-1,42,-0,28,0,58,307108,0,31732,37,0,00,6132,4
59,964,-94,39,0,10,29,89,-1,42,-0,28,0,58,307100,1,31731,86,0,00,6131,9
59,969,-94,40,0,10,29,90,-1,42,-0,28,0,58,307089,3,31731,36,0,00,6131,4
59,974,-94,41,0,10,29,90,-1,42,-0,28,0,58,307080,2,31730,86,0,00,6130,9
59,979,-94,41,0,09,29,90,-1,42,-0,28,0,58,307069,8,31730,35,0,00,6130,4
59,984,-94,42,0,09,29,90,-1,42,-0,28,0,58,307060,8,31729,85,0,00,6129,8
59,989,-94,43,0,09,29,91,-1,42,-0,28,0,58,307051,0,31729,35,0,00,6129,3
59,994,-94,43,0,09,29,91,-1,42,-0,28,0,58,307040,8,31728,84,0,00,6128,8
59,999,-94,44,0,09,29,91,-1,42,-0,29,0,58,307031,9,31728,34,0,00,6128,3
60,004,-94,45,0,09,29,92,-1,42,-0,29,0,58,307021,8,31727,84,0,00,6127,8
60,009,-94,45,0,09,29,92,-1,42,-0,29,0,58,307012,6,31727,33,0,00,6127,3
60,014,-94,46,0,08,29,92,-1,42,-0,29,0,58,307003,0,31726,83,0,00,6126,8
60,019,-94,47,0,08,29,92,-1,42,-0,29,0,58,306993,4,31726,32,0,00,6126,3
60,024,-94,48,0,08,29,93,-1,42,-0,29,0,58,306983,9,31725,82,0,00,6125,8
60,029,-94,48,0,08,29,93,-1,42,-0,29,0,58,306974,8,31725,32,0,00,6125,3
60,034,-94,49,0,08,29,93,-1,42,-0,29,0,58,306964,9,31724,81,0,00,6124,8
60,039,-94,50,0,08,29,94,-1,42,-0,29,0,58,306955,5,31724,31,0,00,6124,3
60,044,-94,50,0,08,29,94,-1,42,-0,29,0,58,306946,1,31723,81,0,00,6123,8
60,049,-94,51,0,07,29,94,-1,42,-0,29,0,58,306937,2,31723,30,0,00,6123,3
60,054,-94,52,0,07,29,94,-1,42,-0,29,0,58,306927,5,31722,80,0,00,6122,8
60,059,-94,53,0,07,29,95,-1,42,-0,29,0,58,306918,3,31722,30,0,00,6122,3
60,064,-94,53,0,07,29,95,-1,42,-0,29,0,58,306909,0,31721,79,0,00,6121,8
60,069,-94,54,0,07,29,95,-1,42,-0,29,0,58,306899,8,31721,29,0,00,6121,3
60,074,-94,55,0,07,29,96,-1,42,-0,30,0,58,306890,3,31720,79,0,00,6120,8
60,079,-94,55,0,07,29,96,-1,42,-0,30,0,58,306881,6,31720,29,0,00,6120,3
60,084,-94,56,0,06,29,96,-1,42,-0,30,0,58,306872,1,31719,78,0,00,6119,8
60,089,-94,57,0,06,29,96,-1,42,-0,30,0,58,306863,1,31719,28,0,00,6119,3
60,094,-94,58,0,06,29,97,-1,42,-0,30,0,58,306853,7,31718,78,0,00,6118,8
60,099,-94,58,0,06,29,97,-1,42,-0,30,0,58,306844,8,31718,28,0,00,6118,3
60,104,-94,59,0,06,29,97,-1,42,-0,30,0,58,306835,9,31717,77,0,00,6117,8
60,109,-94,60,0,06,29,98,-1,42,-0,30,0,58,306826,6,31717,27,0,00,6117,3
60,114,-94,60,0,05,29,98,-1,42,-0,30,0,58,306817,8,31716,77,0,00,6116,8
60,119,-94,61,0,05,29,98,-1,42,-0,30,0,58,306808,5,31716,26,0,00,6116,3
60,124,-94,62,0,05,29,98,-1,42,-0,30,0,58,306799,8,31715,76,0,00,6115,8
60,129,-94,63,0,05,29,99,-1,42,-0,30,0,58,306790,6,31715,26,0,00,6115,3
60,134,-94,63,0,05,29,99,-1,42,-0,30,0,58,306782,0,31714,75,0,00,6114,8
