step,time_s,posX_m,posY_m,posZ_m,velX_mps,velY_mps,velZ_mps,speed_mps,horizSpeed_mps,thrust_N,thrust_kN,mass_kg,fuel_kg,twr,tilt_deg,pitchRate_dps,yawRate_dps,gimbalX_deg,gimbalZ_deg,miss_m,controlMode
1,0.0500,0.000,1397.603,0.000,-0.008,-47.903,0.000,47.903,0.008,455913.6,455.91,39592.52,13992.52,1.175,0.499,0.000,-0.037,-0.096,-0.317,0.000,Fuzzy
2,0.1000,-0.001,1395.210,0.000,-0.016,-47.807,0.000,47.807,0.016,454692.5,454.69,39585.05,13985.05,1.172,0.496,0.000,-0.071,0.096,-0.301,0.001,Fuzzy
3,0.1500,-0.002,1392.822,0.000,-0.024,-47.713,0.000,47.713,0.024,453490.3,453.49,39577.61,13977.61,1.169,0.492,0.000,-0.103,-0.095,-0.286,0.002,Fuzzy
4,0.2000,-0.003,1390.438,0.000,-0.032,-47.620,0.000,47.620,0.032,452306.7,452.31,39570.18,13970.18,1.166,0.486,0.000,-0.132,0.094,-0.271,0.003,Fuzzy
5,0.2500,-0.005,1388.060,0.000,-0.039,-47.529,0.000,47.529,0.039,451141.3,451.14,39562.78,13962.78,1.163,0.478,0.000,-0.159,-0.093,-0.256,0.005,Fuzzy
6,0.3000,-0.007,1385.686,0.000,-0.046,-47.439,0.000,47.439,0.046,449994.0,449.99,39555.39,13955.39,1.161,0.470,0.000,-0.183,0.091,-0.240,0.007,Fuzzy
7,0.3500,-0.010,1383.316,0.000,-0.053,-47.351,0.000,47.351,0.053,448864.3,448.86,39548.02,13948.03,1.158,0.460,0.000,-0.205,-0.089,-0.225,0.010,Fuzzy
8,0.4000,-0.013,1380.950,0.000,-0.060,-47.263,0.000,47.263,0.060,447751.9,447.75,39540.68,13940.68,1.155,0.449,0.000,-0.225,0.087,-0.210,0.013,Fuzzy
9,0.4500,-0.016,1378.589,0.000,-0.066,-47.177,0.000,47.177,0.066,446656.8,446.66,39533.35,13933.35,1.153,0.437,0.000,-0.243,-0.085,-0.196,0.016,Fuzzy
10,0.5000,-0.019,1376.233,0.000,-0.072,-47.093,0.000,47.093,0.072,445578.5,445.58,39526.04,13926.03,1.150,0.425,0.000,-0.258,0.082,-0.181,0.019,Fuzzy
11,0.5500,-0.023,1373.880,0.000,-0.078,-47.009,0.000,47.009,0.078,444516.8,444.52,39518.74,13918.74,1.147,0.412,0.000,-0.272,-0.080,-0.167,0.023,Fuzzy
12,0.6000,-0.027,1371.532,0.000,-0.084,-46.927,0.000,46.927,0.084,443471.3,443.47,39511.46,13911.46,1.145,0.398,0.000,-0.283,0.077,-0.154,0.027,Fuzzy
13,0.6500,-0.031,1369.187,0.000,-0.089,-46.846,0.000,46.847,0.089,442441.8,442.44,39504.20,13904.20,1.143,0.383,0.000,-0.293,-0.074,-0.140,0.031,Fuzzy
14,0.7000,-0.036,1366.847,0.000,-0.094,-46.767,0.000,46.767,0.094,441428.3,441.43,39496.96,13896.96,1.140,0.369,0.000,-0.301,0.071,-0.127,0.036,Fuzzy
15,0.7500,-0.041,1364.511,0.000,-0.099,-46.688,0.000,46.689,0.099,440430.2,440.43,39489.73,13889.73,1.138,0.353,0.000,-0.308,-0.069,-0.114,0.041,Fuzzy
16,0.8000,-0.046,1362.178,0.000,-0.103,-46.611,0.000,46.611,0.103,439447.3,439.45,39482.52,13882.52,1.135,0.337,0.000,-0.313,0.066,-0.102,0.046,Fuzzy
17,0.8500,-0.051,1359.850,0.000,-0.107,-46.535,0.000,46.535,0.107,438479.5,438.48,39475.32,13875.32,1.133,0.321,0.000,-0.316,-0.062,-0.090,0.051,Fuzzy
18,0.9000,-0.056,1357.525,0.000,-0.111,-46.460,0.000,46.460,0.111,437526.6,437.53,39468.14,13868.14,1.131,0.306,0.000,-0.319,0.059,-0.079,0.056,Fuzzy
19,0.9500,-0.062,1355.204,0.000,-0.115,-46.386,0.000,46.386,0.115,436588.2,436.59,39460.98,13860.98,1.129,0.290,-0.001,-0.319,-0.056,-0.068,0.062,Fuzzy
20,1.0000,-0.068,1352.886,0.000,-0.118,-46.314,0.000,46.314,0.118,435663.9,435.66,39453.83,13853.83,1.126,0.274,0.001,-0.319,-0.054,-0.058,0.068,Fuzzy
21,1.0500,-0.074,1350.572,0.000,-0.121,-46.242,0.000,46.242,0.121,434754.0,434.75,39446.69,13846.69,1.124,0.258,-0.001,-0.318,0.051,-0.048,0.074,Fuzzy
22,1.1000,-0.080,1348.262,0.000,-0.124,-46.171,0.000,46.172,0.124,433857.8,433.86,39439.57,13839.57,1.122,0.242,0.002,-0.315,-0.048,-0.038,0.080,Fuzzy
23,1.1500,-0.086,1345.955,0.000,-0.126,-46.102,0.000,46.102,0.126,432975.3,432.98,39432.47,13832.47,1.120,0.226,-0.003,-0.312,-0.043,-0.029,0.086,Fuzzy
24,1.2000,-0.093,1343.652,0.000,-0.129,-46.033,0.000,46.034,0.129,432106.1,432.11,39425.38,13825.38,1.118,0.211,0.001,-0.307,0.041,-0.020,0.093,Fuzzy
25,1.2500,-0.099,1341.352,0.000,-0.131,-45.966,0.000,45.966,0.131,431250.1,431.25,39418.30,13818.30,1.116,0.196,0.002,-0.302,-0.039,-0.012,0.099,Fuzzy
26,1.3000,-0.106,1339.055,0.000,-0.132,-45.900,0.000,45.900,0.132,430407.1,430.41,39411.24,13811.24,1.114,0.180,-0.002,-0.296,-0.034,-0.005,0.106,Fuzzy
27,1.3500,-0.112,1336.762,0.000,-0.134,-45.834,0.000,45.834,0.134,429576.9,429.58,39404.19,13804.19,1.112,0.166,-0.001,-0.290,0.033,0.002,0.112,Fuzzy
28,1.4000,-0.119,1334.472,0.000,-0.136,-45.770,0.000,45.770,0.136,428759.3,428.76,39397.16,13797.16,1.110,0.152,0.003,-0.283,0.029,0.009,0.119,Fuzzy
29,1.4500,-0.126,1332.185,0.000,-0.137,-45.706,0.000,45.706,0.137,427954.0,427.95,39390.13,13790.13,1.108,0.137,0.001,-0.275,-0.027,0.016,0.126,Fuzzy
30,1.5000,-0.133,1329.901,0.000,-0.138,-45.643,0.000,45.644,0.138,427161.0,427.16,39383.13,13783.13,1.106,0.124,-0.002,-0.267,-0.023,0.021,0.133,Fuzzy
31,1.5500,-0.140,1327.620,0.000,-0.139,-45.582,0.000,45.582,0.139,426379.8,426.38,39376.13,13776.13,1.105,0.112,-0.001,-0.258,0.022,0.027,0.140,Fuzzy
32,1.6000,-0.147,1325.343,0.000,-0.139,-45.521,0.000,45.521,0.139,425610.4,425.61,39369.14,13769.15,1.103,0.099,0.001,-0.249,0.019,0.032,0.147,Fuzzy
33,1.6500,-0.154,1323.068,0.000,-0.140,-45.461,0.000,45.461,0.140,424852.7,424.85,39362.18,13762.18,1.101,0.086,0.002,-0.240,-0.017,0.036,0.154,Fuzzy
34,1.7000,-0.161,1320.797,0.000,-0.140,-45.402,0.000,45.402,0.140,424106.3,424.11,39355.22,13755.22,1.099,0.074,0.000,-0.231,-0.015,0.040,0.161,Fuzzy
35,1.7500,-0.168,1318.528,0.000,-0.140,-45.344,0.000,45.344,0.140,423371.1,423.37,39348.27,13748.27,1.098,0.063,-0.002,-0.221,-0.011,0.044,0.168,Fuzzy
36,1.8000,-0.175,1316.262,0.000,-0.141,-45.287,0.000,45.287,0.141,422647.0,422.65,39341.34,13741.34,1.096,0.052,-0.001,-0.211,0.010,0.047,0.175,Fuzzy
37,1.8500,-0.182,1314.000,0.000,-0.141,-45.230,0.000,45.231,0.141,421933.7,421.93,39334.41,13734.42,1.094,0.040,0.000,-0.201,0.009,0.050,0.182,Fuzzy
38,1.9000,-0.189,1311.739,0.000,-0.140,-45.175,0.000,45.175,0.140,421231.3,421.23,39327.50,13727.50,1.093,0.028,0.001,-0.191,0.006,0.053,0.189,Fuzzy
39,1.9500,-0.196,1309.482,0.000,-0.140,-45.120,0.000,45.120,0.140,420539.1,420.54,39320.61,13720.61,1.091,0.020,0.001,-0.181,-0.004,0.056,0.196,Fuzzy
40,2.0000,-0.203,1307.227,0.000,-0.140,-45.066,0.000,45.066,0.140,419857.3,419.86,39313.72,13713.72,1.089,0.000,0.001,-0.171,0.000,0.060,0.203,Fuzzy
41,2.0500,-0.210,1304.975,0.000,-0.139,-45.013,0.000,45.013,0.139,419185.7,419.19,39306.84,13706.84,1.088,0.000,0.001,-0.161,0.000,0.060,0.210,Fuzzy
42,2.1000,-0.217,1302.726,0.000,-0.139,-44.960,0.000,44.961,0.139,418524.1,418.52,39299.97,13699.97,1.086,0.000,0.001,-0.151,0.000,0.060,0.217,Fuzzy
43,2.1500,-0.224,1300.479,0.000,-0.138,-44.909,0.000,44.909,0.138,417872.3,417.87,39293.12,13693.12,1.085,0.000,0.001,-0.141,0.000,0.059,0.224,Fuzzy
44,2.2000,-0.230,1298.235,0.000,-0.137,-44.858,0.000,44.858,0.137,417230.2,417.23,39286.27,13686.27,1.083,0.000,0.001,-0.132,0.000,0.059,0.230,Fuzzy
45,2.2500,-0.237,1295.994,0.000,-0.137,-44.808,0.000,44.808,0.137,416597.6,416.60,39279.44,13679.44,1.082,0.020,0.000,-0.123,-0.004,0.062,0.237,Fuzzy
46,2.3000,-0.244,1293.755,0.000,-0.136,-44.758,0.000,44.758,0.136,415974.4,415.97,39272.61,13672.61,1.081,0.028,0.000,-0.113,-0.005,0.063,0.244,Fuzzy
47,2.3500,-0.251,1291.518,0.000,-0.135,-44.709,0.000,44.710,0.135,415360.5,415.36,39265.80,13665.80,1.079,0.034,-0.001,-0.104,-0.005,0.062,0.251,Fuzzy
48,2.4000,-0.258,1289.284,0.000,-0.134,-44.661,0.000,44.662,0.134,414755.6,414.76,39259.00,13659.00,1.078,0.034,-0.001,-0.095,-0.006,0.062,0.258,Fuzzy
49,2.4500,-0.264,1287.052,0.000,-0.133,-44.614,0.000,44.614,0.133,414159.5,414.16,39252.20,13652.20,1.076,0.040,-0.002,-0.087,-0.007,0.062,0.264,Fuzzy
50,2.5000,-0.271,1284.822,0.000,-0.132,-44.567,0.000,44.567,0.132,413572.3,413.57,39245.42,13645.42,1.075,0.044,-0.002,-0.078,0.009,0.061,0.271,Fuzzy
51,2.5500,-0.277,1282.595,0.000,-0.131,-44.521,0.000,44.521,0.131,412993.6,412.99,39238.64,13638.64,1.074,0.048,-0.001,-0.070,0.010,0.060,0.277,Fuzzy
52,2.6000,-0.284,1280.370,0.000,-0.130,-44.476,0.000,44.476,0.130,412423.5,412.42,39231.88,13631.88,1.072,0.052,0.000,-0.063,0.010,0.060,0.284,Fuzzy
53,2.6500,-0.290,1278.147,0.000,-0.129,-44.431,0.000,44.431,0.129,411861.7,411.86,39225.12,13625.12,1.071,0.056,0.001,-0.055,0.010,0.059,0.290,Fuzzy
54,2.7000,-0.297,1275.927,0.000,-0.128,-44.387,0.000,44.387,0.128,411308.0,411.31,39218.38,13618.37,1.070,0.059,0.002,-0.048,0.011,0.058,0.297,Fuzzy
55,2.7500,-0.303,1273.709,0.000,-0.127,-44.344,0.000,44.344,0.127,410762.6,410.76,39211.64,13611.64,1.069,0.059,0.001,-0.041,-0.012,0.056,0.303,Fuzzy
56,2.8000,-0.310,1271.493,0.000,-0.126,-44.301,0.000,44.301,0.126,410225.0,410.23,39204.91,13604.91,1.067,0.063,0.000,-0.034,-0.012,0.055,0.310,Fuzzy
57,2.8500,-0.316,1269.279,0.000,-0.124,-44.259,0.000,44.259,0.124,409695.2,409.70,39198.19,13598.19,1.066,0.063,-0.001,-0.028,-0.012,0.053,0.316,Fuzzy
58,2.9000,-0.322,1267.067,0.000,-0.123,-44.217,0.000,44.217,0.123,409173.2,409.17,39191.48,13591.48,1.065,0.066,-0.002,-0.022,0.014,0.052,0.322,Fuzzy
59,2.9500,-0.328,1264.857,0.000,-0.122,-44.176,0.000,44.176,0.122,408658.6,408.66,39184.77,13584.77,1.064,0.066,-0.001,-0.016,0.013,0.050,0.328,Fuzzy
60,3.0000,-0.334,1262.649,0.000,-0.121,-44.135,0.000,44.136,0.121,408151.7,408.15,39178.08,13578.08,1.063,0.066,0.001,-0.010,0.012,0.048,0.334,Fuzzy
61,3.0500,-0.340,1260.443,0.000,-0.120,-44.096,0.000,44.096,0.120,407652.0,407.65,39171.39,13571.39,1.062,0.069,0.002,-0.005,0.012,0.047,0.340,Fuzzy
62,3.1000,-0.346,1258.239,0.000,-0.119,-44.056,0.000,44.056,0.119,407159.4,407.16,39164.71,13564.71,1.061,0.069,0.001,0.000,-0.014,0.045,0.346,Fuzzy
63,3.1500,-0.352,1256.038,0.000,-0.118,-44.017,0.000,44.018,0.118,406673.9,406.67,39158.04,13558.04,1.059,0.069,0.000,0.004,-0.013,0.043,0.352,Fuzzy
64,3.2000,-0.358,1253.838,0.000,-0.117,-43.979,0.000,43.979,0.117,406195.4,406.20,39151.38,13551.38,1.058,0.066,-0.001,0.008,-0.012,0.041,0.358,Fuzzy
65,3.2500,-0.364,1251.640,0.000,-0.116,-43.941,0.000,43.942,0.116,405723.8,405.72,39144.72,13544.72,1.057,0.066,-0.002,0.012,0.013,0.039,0.364,Fuzzy
66,3.3000,-0.370,1249.443,0.000,-0.115,-43.904,0.000,43.904,0.115,405258.9,405.26,39138.07,13538.08,1.056,0.066,0.000,0.016,0.013,0.038,0.370,Fuzzy
67,3.3500,-0.375,1247.249,0.000,-0.114,-43.867,0.000,43.868,0.114,404800.7,404.80,39131.43,13531.43,1.055,0.066,0.001,0.019,0.012,0.036,0.375,Fuzzy
68,3.4000,-0.381,1245.057,0.000,-0.113,-43.831,0.000,43.831,0.113,404348.9,404.35,39124.80,13524.80,1.054,0.063,0.002,0.022,-0.013,0.034,0.381,Fuzzy
69,3.4500,-0.387,1242.866,0.000,-0.112,-43.796,0.000,43.796,0.112,403903.6,403.90,39118.18,13518.18,1.053,0.063,0.000,0.025,-0.012,0.032,0.387,Fuzzy
70,3.5000,-0.392,1240.677,0.000,-0.111,-43.760,0.000,43.760,0.111,403464.6,403.46,39111.56,13511.56,1.052,0.063,-0.001,0.028,-0.012,0.030,0.392,Fuzzy
71,3.5500,-0.398,1238.490,0.000,-0.111,-43.726,0.000,43.726,0.111,403031.8,403.03,39104.95,13504.95,1.051,0.059,-0.002,0.030,0.012,0.028,0.398,Fuzzy
72,3.6000,-0.403,1236.305,0.000,-0.110,-43.691,0.000,43.692,0.110,402605.1,402.61,39098.35,13498.35,1.050,0.059,0.000,0.032,0.012,0.026,0.403,Fuzzy
73,3.6500,-0.409,1234.121,0.000,-0.109,-43.658,0.000,43.658,0.109,402184.4,402.18,39091.75,13491.75,1.050,0.056,0.001,0.034,0.011,0.024,0.409,Fuzzy
74,3.7000,-0.414,1231.939,0.000,-0.108,-43.624,0.000,43.624,0.108,401769.5,401.77,39085.16,13485.16,1.049,0.056,0.002,0.036,-0.011,0.023,0.414,Fuzzy
75,3.7500,-0.420,1229.758,0.000,-0.108,-43.591,0.000,43.591,0.108,401360.6,401.36,39078.58,13478.58,1.048,0.052,0.000,0.037,-0.010,0.021,0.420,Fuzzy
76,3.8000,-0.425,1227.580,0.000,-0.107,-43.559,0.000,43.559,0.107,400957.3,400.96,39072.00,13472.00,1.047,0.052,-0.001,0.038,-0.010,0.019,0.425,Fuzzy
77,3.8500,-0.430,1225.402,0.000,-0.106,-43.527,0.000,43.527,0.106,400559.7,400.56,39065.43,13465.43,1.046,0.048,-0.001,0.039,0.010,0.017,0.430,Fuzzy
78,3.9000,-0.436,1223.227,0.000,-0.106,-43.495,0.000,43.495,0.106,400167.7,400.17,39058.87,13458.87,1.045,0.048,0.000,0.040,0.010,0.016,0.436,Fuzzy
79,3.9500,-0.441,1221.053,0.000,-0.105,-43.464,0.000,43.464,0.105,399781.0,399.78,39052.31,13452.31,1.044,0.044,0.001,0.041,0.008,0.014,0.441,Fuzzy
80,4.0000,-0.446,1218.880,0.000,-0.104,-43.433,0.000,43.434,0.104,399399.8,399.40,39045.76,13445.76,1.043,0.044,0.001,0.041,-0.009,0.013,0.446,Fuzzy
81,4.0500,-0.451,1216.710,0.000,-0.104,-43.403,0.000,43.403,0.104,399023.8,399.02,39039.21,13439.22,1.043,0.040,0.000,0.041,-0.008,0.011,0.451,Fuzzy
82,4.1000,-0.456,1214.540,0.000,-0.104,-43.373,0.000,43.373,0.104,398653.0,398.65,39032.68,13432.68,1.042,0.040,0.000,0.042,-0.007,0.010,0.456,Fuzzy
83,4.1500,-0.462,1212.372,0.000,-0.103,-43.344,0.000,43.344,0.103,398287.0,398.29,39026.14,13426.14,1.041,0.034,-0.001,0.042,-0.006,0.008,0.462,Fuzzy
84,4.2000,-0.467,1210.206,0.000,-0.103,-43.315,0.000,43.315,0.103,397926.5,397.93,39019.62,13419.62,1.040,0.034,0.000,0.041,0.007,0.007,0.467,Fuzzy
85,4.2501,-0.472,1208.041,0.000,-0.102,-43.286,0.000,43.286,0.102,397570.8,397.57,39013.10,13413.10,1.040,0.034,0.000,0.041,0.007,0.006,0.472,Fuzzy
86,4.3001,-0.477,1205.877,0.000,-0.102,-43.257,0.000,43.258,0.102,397219.8,397.22,39006.59,13406.58,1.039,0.028,0.001,0.041,0.005,0.004,0.477,Fuzzy
87,4.3501,-0.482,1203.715,0.000,-0.102,-43.229,0.000,43.229,0.102,396873.5,396.87,39000.07,13400.08,1.038,0.028,0.001,0.040,-0.006,0.003,0.482,Fuzzy
88,4.4001,-0.487,1201.554,0.000,-0.101,-43.202,0.000,43.202,0.101,396532.2,396.53,38993.57,13393.57,1.037,0.028,0.000,0.040,-0.005,0.003,0.487,Fuzzy
89,4.4501,-0.492,1199.395,0.000,-0.101,-43.174,0.000,43.175,0.101,396199.4,396.20,38987.07,13387.07,1.037,0.020,0.000,0.039,-0.004,0.001,0.492,Fuzzy
90,4.5001,-0.497,1197.237,0.000,-0.101,-43.147,0.000,43.148,0.101,395889.7,395.89,38980.58,13380.58,1.036,0.020,-0.001,0.038,0.004,0.000,0.497,Fuzzy
91,4.5501,-0.502,1195.080,0.000,-0.101,-43.121,0.000,43.121,0.101,395584.0,395.58,38974.09,13374.09,1.035,0.020,0.000,0.037,0.004,-0.001,0.502,Fuzzy
92,4.6001,-0.507,1192.925,0.000,-0.100,-43.094,0.000,43.095,0.100,395282.2,395.28,38967.61,13367.61,1.035,0.020,0.000,0.036,0.004,-0.001,0.507,Fuzzy
93,4.6501,-0.512,1190.771,0.000,-0.100,-43.068,0.000,43.069,0.100,394984.2,394.98,38961.13,13361.13,1.034,0.020,0.001,0.035,0.004,-0.002,0.512,Fuzzy
94,4.7001,-0.517,1188.618,0.000,-0.100,-43.043,0.000,43.043,0.100,394690.0,394.69,38954.66,13354.66,1.034,0.000,0.001,0.034,0.000,-0.006,0.517,Fuzzy
95,4.7501,-0.522,1186.466,0.000,-0.100,-43.017,0.000,43.017,0.100,394399.6,394.40,38948.20,13348.19,1.033,0.000,0.001,0.033,0.000,-0.006,0.522,Fuzzy
96,4.8001,-0.527,1184.316,0.000,-0.100,-42.992,0.000,42.992,0.100,394112.8,394.11,38941.73,13341.73,1.032,0.000,0.001,0.031,0.000,-0.006,0.527,Fuzzy
97,4.8501,-0.532,1182.167,0.000,-0.100,-42.967,0.000,42.967,0.100,393829.7,393.83,38935.27,13335.27,1.032,0.000,0.001,0.030,0.000,-0.006,0.532,Fuzzy
98,4.9001,-0.537,1180.019,0.000,-0.100,-42.943,0.000,42.943,0.100,393550.1,393.55,38928.82,13328.82,1.031,0.000,0.000,0.029,0.000,-0.007,0.537,Fuzzy
99,4.9501,-0.542,1177.873,0.000,-0.100,-42.919,0.000,42.919,0.100,393273.9,393.27,38922.37,13322.37,1.031,0.000,0.000,0.027,0.000,-0.007,0.542,Fuzzy
100,5.0001,-0.547,1175.728,0.000,-0.100,-42.895,0.000,42.895,0.100,393001.3,393.00,38915.92,13315.92,1.030,0.000,0.000,0.026,0.000,-0.007,0.547,Fuzzy
101,5.0501,-0.552,1173.583,0.000,-0.100,-42.871,0.000,42.871,0.100,392732.1,392.73,38909.48,13309.48,1.030,0.000,0.000,0.025,0.000,-0.007,0.552,Fuzzy
102,5.1001,-0.557,1171.440,0.000,-0.100,-42.847,0.000,42.847,0.100,392466.1,392.47,38903.05,13303.05,1.029,0.000,0.000,0.024,0.000,-0.007,0.557,Fuzzy
103,5.1501,-0.562,1169.299,0.000,-0.100,-42.824,0.000,42.824,0.100,392203.4,392.20,38896.61,13296.61,1.029,0.000,0.000,0.022,0.000,-0.007,0.562,Fuzzy
104,5.2001,-0.567,1167.158,0.000,-0.100,-42.801,0.000,42.801,0.100,391944.0,391.94,38890.19,13290.19,1.028,0.000,0.000,0.021,0.000,-0.007,0.567,Fuzzy
105,5.2501,-0.572,1165.018,0.000,-0.100,-42.779,0.000,42.779,0.100,391687.8,391.69,38883.76,13283.76,1.028,0.000,0.000,0.020,0.000,-0.007,0.572,Fuzzy
106,5.3001,-0.577,1162.880,0.000,-0.100,-42.756,0.000,42.756,0.100,391434.6,391.43,38877.34,13277.34,1.027,0.000,0.000,0.019,0.000,-0.007,0.577,Fuzzy
107,5.3501,-0.582,1160.743,0.000,-0.100,-42.734,0.000,42.734,0.100,391184.6,391.18,38870.93,13270.93,1.027,0.000,0.000,0.018,0.000,-0.007,0.582,Fuzzy
108,5.4001,-0.587,1158.606,0.000,-0.100,-42.712,0.000,42.712,0.100,390937.6,390.94,38864.52,13264.52,1.026,0.000,0.000,0.017,0.000,-0.007,0.587,Fuzzy
109,5.4501,-0.592,1156.471,0.000,-0.100,-42.690,0.000,42.690,0.100,390693.5,390.69,38858.11,13258.11,1.026,0.000,0.000,0.015,0.000,-0.007,0.592,Fuzzy
110,5.5001,-0.597,1154.338,0.000,-0.100,-42.669,0.000,42.669,0.100,390452.3,390.45,38851.71,13251.71,1.025,0.000,0.000,0.014,0.000,-0.007,0.597,Fuzzy
111,5.5501,-0.602,1152.205,0.000,-0.100,-42.647,0.000,42.648,0.100,390214.0,390.21,38845.31,13245.31,1.025,0.000,0.000,0.013,0.000,-0.007,0.602,Fuzzy
112,5.6001,-0.607,1150.073,0.000,-0.100,-42.626,0.000,42.627,0.100,389978.6,389.98,38838.91,13238.91,1.024,0.000,0.000,0.012,0.000,-0.007,0.607,Fuzzy
113,5.6501,-0.612,1147.942,0.000,-0.100,-42.606,0.000,42.606,0.100,389745.9,389.75,38832.52,13232.52,1.024,0.000,0.000,0.011,0.000,-0.007,0.612,Fuzzy
114,5.7001,-0.617,1145.812,0.000,-0.100,-42.585,0.000,42.585,0.100,389516.0,389.52,38826.14,13226.14,1.023,0.000,0.000,0.011,0.000,-0.007,0.617,Fuzzy
115,5.7501,-0.622,1143.683,0.000,-0.100,-42.565,0.000,42.565,0.100,389288.8,389.29,38819.75,13219.75,1.023,0.000,0.000,0.010,0.000,-0.006,0.622,Fuzzy
116,5.8001,-0.627,1141.556,0.000,-0.100,-42.545,0.000,42.545,0.100,389064.3,389.06,38813.38,13213.37,1.023,0.000,0.000,0.009,0.000,-0.006,0.627,Fuzzy
117,5.8501,-0.632,1139.429,0.000,-0.100,-42.525,0.000,42.525,0.100,388842.2,388.84,38807.00,13207.00,1.022,0.000,0.000,0.008,0.000,-0.006,0.632,Fuzzy
118,5.9001,-0.637,1137.303,0.000,-0.101,-42.505,0.000,42.505,0.101,388622.9,388.62,38800.62,13200.62,1.022,0.000,0.000,0.007,0.000,-0.006,0.637,Fuzzy
119,5.9501,-0.642,1135.179,0.000,-0.101,-42.485,0.000,42.486,0.101,388406.0,388.41,38794.25,13194.25,1.021,0.000,0.000,0.006,0.000,-0.006,0.642,Fuzzy
120,6.0001,-0.647,1133.055,0.000,-0.101,-42.466,0.000,42.466,0.101,388191.7,388.19,38787.89,13187.89,1.021,0.000,0.000,0.006,0.000,-0.006,0.647,Fuzzy
121,6.0501,-0.652,1130.932,0.000,-0.101,-42.447,0.000,42.447,0.101,387979.6,387.98,38781.52,13181.53,1.021,0.000,0.000,0.005,0.000,-0.006,0.652,Fuzzy
122,6.1001,-0.657,1128.810,0.000,-0.101,-42.428,0.000,42.428,0.101,387770.1,387.77,38775.17,13175.17,1.020,0.000,0.000,0.004,0.000,-0.006,0.657,Fuzzy
123,6.1501,-0.662,1126.689,0.000,-0.101,-42.409,0.000,42.409,0.101,387563.0,387.56,38768.81,13168.81,1.020,0.000,0.000,0.004,0.000,-0.005,0.662,Fuzzy
124,6.2001,-0.667,1124.569,0.000,-0.101,-42.391,0.000,42.391,0.101,387358.1,387.36,38762.46,13162.46,1.019,0.000,0.000,0.003,0.000,-0.005,0.667,Fuzzy
125,6.2501,-0.673,1122.450,0.000,-0.101,-42.372,0.000,42.373,0.101,387155.6,387.16,38756.11,13156.11,1.019,0.000,0.000,0.002,0.000,-0.005,0.673,Fuzzy
126,6.3001,-0.678,1120.332,0.000,-0.101,-42.354,0.000,42.354,0.101,386955.3,386.96,38749.77,13149.76,1.019,0.000,0.000,0.002,0.000,-0.005,0.678,Fuzzy
127,6.3501,-0.683,1118.215,0.000,-0.101,-42.336,0.000,42.336,0.101,386757.3,386.76,38743.42,13143.42,1.018,0.000,0.000,0.001,0.000,-0.005,0.683,Fuzzy
128,6.4001,-0.688,1116.098,0.000,-0.102,-42.318,0.000,42.318,0.102,386561.4,386.56,38737.09,13137.09,1.018,0.000,0.000,0.001,0.000,-0.005,0.688,Fuzzy
129,6.4501,-0.693,1113.983,0.000,-0.102,-42.301,0.000,42.301,0.102,386367.6,386.37,38730.75,13130.75,1.018,0.000,0.000,0.000,0.000,-0.004,0.693,Fuzzy
130,6.5001,-0.698,1111.868,0.000,-0.102,-42.283,0.000,42.283,0.102,386176.0,386.18,38724.42,13124.42,1.017,0.000,0.000,0.000,0.000,-0.004,0.698,Fuzzy
131,6.5501,-0.703,1109.754,0.000,-0.102,-42.266,0.000,42.266,0.102,385986.6,385.99,38718.09,13118.09,1.017,0.000,0.000,0.000,0.000,-0.004,0.703,Fuzzy
132,6.6001,-0.708,1107.641,0.000,-0.102,-42.249,0.000,42.249,0.102,385799.1,385.80,38711.76,13111.76,1.017,0.000,0.000,-0.001,0.000,-0.004,0.708,Fuzzy
133,6.6501,-0.713,1105.530,0.000,-0.102,-42.232,0.000,42.232,0.102,385613.6,385.61,38705.44,13105.44,1.016,0.000,0.000,-0.001,0.000,-0.004,0.713,Fuzzy
134,6.7001,-0.718,1103.418,0.000,-0.102,-42.215,0.000,42.215,0.102,385430.1,385.43,38699.12,13099.12,1.016,0.000,0.000,-0.001,0.000,-0.004,0.718,Fuzzy
135,6.7501,-0.723,1101.308,0.000,-0.102,-42.198,0.000,42.198,0.102,385248.6,385.25,38692.80,13092.80,1.016,0.000,0.000,-0.002,0.000,-0.003,0.723,Fuzzy
136,6.8001,-0.728,1099.198,0.000,-0.102,-42.182,0.000,42.182,0.102,385068.9,385.07,38686.48,13086.49,1.015,0.000,0.000,-0.002,0.000,-0.003,0.728,Fuzzy
137,6.8501,-0.734,1097.090,0.000,-0.102,-42.165,0.000,42.166,0.102,384891.2,384.89,38680.18,13080.18,1.015,0.000,0.000,-0.002,0.000,-0.003,0.734,Fuzzy
138,6.9001,-0.739,1094.982,0.000,-0.102,-42.149,0.000,42.149,0.102,384715.3,384.72,38673.87,13073.87,1.015,0.000,0.000,-0.003,0.000,-0.003,0.739,Fuzzy
139,6.9501,-0.744,1092.875,0.000,-0.102,-42.133,0.000,42.133,0.102,384541.2,384.54,38667.56,13067.56,1.014,0.000,0.000,-0.003,0.000,-0.003,0.744,Fuzzy
140,7.0001,-0.749,1090.769,0.000,-0.103,-42.117,0.000,42.117,0.103,384369.0,384.37,38661.26,13061.26,1.014,0.000,0.000,-0.003,0.000,-0.003,0.749,Fuzzy
141,7.0501,-0.754,1088.663,0.000,-0.103,-42.101,0.000,42.102,0.103,384198.5,384.20,38654.96,13054.96,1.014,0.000,0.000,-0.003,0.000,-0.003,0.754,Fuzzy
142,7.1001,-0.759,1086.558,0.000,-0.103,-42.086,0.000,42.086,0.103,384029.8,384.03,38648.66,13048.66,1.014,0.000,0.000,-0.003,0.000,-0.002,0.759,Fuzzy
143,7.1501,-0.764,1084.455,0.000,-0.103,-42.070,0.000,42.070,0.103,383862.7,383.86,38642.37,13042.37,1.013,0.000,0.000,-0.003,0.000,-0.002,0.764,Fuzzy
144,7.2001,-0.769,1082.351,0.000,-0.103,-42.055,0.000,42.055,0.103,383697.4,383.70,38636.08,13036.08,1.013,0.000,0.000,-0.004,0.000,-0.002,0.769,Fuzzy
145,7.2501,-0.775,1080.249,0.000,-0.103,-42.040,0.000,42.040,0.103,383533.7,383.53,38629.79,13029.79,1.013,0.000,0.000,-0.004,0.000,-0.002,0.775,Fuzzy
146,7.3001,-0.780,1078.147,0.000,-0.103,-42.025,0.000,42.025,0.103,383371.5,383.37,38623.50,13023.50,1.012,0.000,0.000,-0.004,0.000,-0.002,0.780,Fuzzy
147,7.3501,-0.785,1076.047,0.000,-0.103,-42.010,0.000,42.010,0.103,383211.1,383.21,38617.22,13017.22,1.012,0.000,0.000,-0.004,0.000,-0.002,0.785,Fuzzy
148,7.4001,-0.790,1073.947,0.000,-0.103,-41.995,0.000,41.995,0.103,383052.3,383.05,38610.94,13010.94,1.012,0.000,0.000,-0.004,0.000,-0.002,0.790,Fuzzy
149,7.4501,-0.795,1071.847,0.000,-0.103,-41.980,0.000,41.980,0.103,382895.0,382.90,38604.66,13004.66,1.012,0.000,0.000,-0.004,0.000,-0.001,0.795,Fuzzy
150,7.5001,-0.800,1069.749,0.000,-0.103,-41.966,0.000,41.966,0.103,382739.2,382.74,38598.38,12998.38,1.011,0.000,0.000,-0.004,0.000,-0.001,0.800,Fuzzy
151,7.5501,-0.806,1067.651,0.000,-0.103,-41.951,0.000,41.951,0.103,382584.8,382.58,38592.11,12992.11,1.011,0.000,0.000,-0.004,0.000,-0.001,0.806,Fuzzy
152,7.6001,-0.811,1065.553,0.000,-0.103,-41.937,0.000,41.937,0.103,382432.1,382.43,38585.84,12985.84,1.011,0.000,0.000,-0.004,0.000,-0.001,0.811,Fuzzy
153,7.6501,-0.816,1063.457,0.000,-0.103,-41.923,0.000,41.923,0.103,382280.6,382.28,38579.57,12979.57,1.011,0.000,0.000,-0.004,0.000,-0.001,0.816,Fuzzy
154,7.7001,-0.821,1061.361,0.000,-0.103,-41.909,0.000,41.909,0.103,382130.7,382.13,38573.30,12973.30,1.011,0.000,0.000,-0.004,0.000,-0.001,0.821,Fuzzy
155,7.7501,-0.826,1059.266,0.000,-0.103,-41.895,0.000,41.895,0.103,381982.1,381.98,38567.04,12967.04,1.010,0.000,0.000,-0.004,0.000,-0.001,0.826,Fuzzy
156,7.8001,-0.831,1057.172,0.000,-0.103,-41.881,0.000,41.881,0.103,381835.0,381.84,38560.78,12960.78,1.010,0.000,0.000,-0.004,0.000,-0.001,0.831,Fuzzy
157,7.8501,-0.837,1055.078,0.000,-0.103,-41.867,0.000,41.867,0.103,381689.2,381.69,38554.52,12954.52,1.010,0.000,0.000,-0.004,0.000,-0.001,0.837,Fuzzy
158,7.9001,-0.842,1052.985,0.000,-0.103,-41.853,0.000,41.854,0.103,381544.7,381.54,38548.26,12948.26,1.010,0.000,0.000,-0.004,0.000,-0.001,0.842,Fuzzy
159,7.9501,-0.847,1050.893,0.000,-0.103,-41.840,0.000,41.840,0.103,381401.6,381.40,38542.01,12942.01,1.009,0.000,0.000,-0.004,0.000,-0.001,0.847,Fuzzy
160,8.0001,-0.852,1048.801,0.000,-0.103,-41.826,0.000,41.827,0.103,381259.8,381.26,38535.76,12935.76,1.009,0.000,0.000,-0.004,0.000,0.000,0.852,Fuzzy
161,8.0501,-0.857,1046.710,0.000,-0.103,-41.813,0.000,41.813,0.103,381119.2,381.12,38529.51,12929.51,1.009,0.000,0.000,-0.004,0.000,0.000,0.857,Fuzzy
162,8.1001,-0.862,1044.620,0.000,-0.103,-41.800,0.000,41.800,0.103,380979.9,380.98,38523.26,12923.26,1.009,0.000,0.000,-0.004,0.000,0.000,0.862,Fuzzy
163,8.1501,-0.868,1042.530,0.000,-0.103,-41.787,0.000,41.787,0.103,380841.8,380.84,38517.02,12917.02,1.009,0.000,0.000,-0.004,0.000,0.000,0.868,Fuzzy
164,8.2001,-0.873,1040.441,0.000,-0.103,-41.774,0.000,41.774,0.103,380705.0,380.71,38510.78,12910.78,1.008,0.000,0.000,-0.004,0.000,0.000,0.873,Fuzzy
165,8.2501,-0.878,1038.352,0.000,-0.103,-41.761,0.000,41.761,0.103,380569.4,380.57,38504.54,12904.54,1.008,0.000,0.000,-0.004,0.000,0.000,0.878,Fuzzy
166,8.3001,-0.883,1036.265,0.000,-0.104,-41.748,0.000,41.748,0.104,380434.8,380.43,38498.30,12898.30,1.008,0.000,0.000,-0.004,0.000,0.000,0.883,Fuzzy
167,8.3501,-0.888,1034.177,0.000,-0.104,-41.735,0.000,41.735,0.104,380301.5,380.30,38492.06,12892.06,1.008,0.000,0.000,-0.004,0.000,0.000,0.888,Fuzzy
168,8.4001,-0.893,1032.091,0.000,-0.104,-41.723,0.000,41.723,0.104,380169.3,380.17,38485.83,12885.83,1.008,0.000,0.000,-0.003,0.000,0.000,0.893,Fuzzy
169,8.4501,-0.899,1030.005,0.000,-0.104,-41.710,0.000,41.710,0.104,380038.3,380.04,38479.60,12879.60,1.007,0.000,0.000,-0.003,0.000,0.000,0.899,Fuzzy
170,8.5001,-0.904,1027.920,0.000,-0.104,-41.698,0.000,41.698,0.104,379908.3,379.91,38473.37,12873.37,1.007,0.000,0.000,-0.003,0.000,0.000,0.904,Fuzzy
171,8.5501,-0.909,1025.835,0.000,-0.104,-41.685,0.000,41.685,0.104,379779.4,379.78,38467.14,12867.14,1.007,0.000,0.000,-0.003,0.000,0.000,0.909,Fuzzy
172,8.6001,-0.914,1023.752,0.000,-0.103,-41.673,0.000,41.673,0.103,379651.6,379.65,38460.91,12860.92,1.007,0.000,0.000,-0.003,0.000,0.000,0.914,Fuzzy
173,8.6502,-0.919,1021.668,0.000,-0.103,-41.661,0.000,41.661,0.103,379524.9,379.52,38454.70,12854.70,1.007,0.000,0.000,-0.003,0.000,0.000,0.919,Fuzzy
174,8.7002,-0.924,1019.586,0.000,-0.103,-41.649,0.000,41.649,0.103,379399.3,379.40,38448.48,12848.47,1.007,0.000,0.000,-0.003,0.000,0.000,0.924,Fuzzy
175,8.7502,-0.930,1017.503,0.000,-0.103,-41.637,0.000,41.637,0.103,379274.5,379.27,38442.25,12842.25,1.006,0.000,0.000,-0.003,0.000,0.000,0.930,Fuzzy
176,8.8002,-0.935,1015.422,0.000,-0.103,-41.625,0.000,41.625,0.103,379150.8,379.15,38436.03,12836.03,1.006,0.000,0.000,-0.003,0.000,0.000,0.935,Fuzzy
177,8.8502,-0.940,1013.341,0.000,-0.103,-41.613,0.000,41.613,0.103,379028.1,379.03,38429.82,12829.82,1.006,0.000,0.000,-0.003,0.000,0.000,0.940,Fuzzy
178,8.9002,-0.945,1011.261,0.000,-0.103,-41.601,0.000,41.601,0.103,378906.5,378.91,38423.61,12823.61,1.006,0.000,0.000,-0.003,0.000,0.000,0.945,Fuzzy
179,8.9502,-0.950,1009.181,0.000,-0.103,-41.590,0.000,41.590,0.103,378785.6,378.79,38417.40,12817.40,1.006,0.000,0.000,-0.002,0.000,0.000,0.950,Fuzzy
180,9.0002,-0.956,1007.102,0.000,-0.103,-41.578,0.000,41.578,0.103,378665.8,378.67,38411.19,12811.19,1.006,0.000,0.000,-0.002,0.000,0.000,0.956,Fuzzy
181,9.0502,-0.961,1005.023,0.000,-0.103,-41.567,0.000,41.567,0.103,378546.8,378.55,38404.98,12804.98,1.005,0.000,0.000,-0.002,0.000,0.000,0.961,Fuzzy
182,9.1002,-0.966,1002.945,0.000,-0.103,-41.555,0.000,41.555,0.103,378428.8,378.43,38398.78,12798.78,1.005,0.000,0.000,-0.002,0.000,0.000,0.966,Fuzzy
183,9.1502,-0.971,1000.867,0.000,-0.103,-41.544,0.000,41.544,0.103,378311.6,378.31,38392.58,12792.58,1.005,0.000,0.000,-0.002,0.000,0.000,0.971,Fuzzy
184,9.2002,-0.976,998.791,0.000,-0.103,-41.532,0.000,41.533,0.103,378195.4,378.20,38386.38,12786.38,1.005,0.000,0.000,-0.002,0.000,0.000,0.976,Fuzzy
185,9.2502,-0.981,996.714,0.000,-0.103,-41.521,0.000,41.521,0.103,378079.9,378.08,38380.18,12780.17,1.005,0.000,0.000,-0.002,0.000,0.000,0.981,Fuzzy
186,9.3002,-0.987,994.638,0.000,-0.103,-41.510,0.000,41.510,0.103,377965.5,377.97,38373.97,12773.97,1.005,0.000,0.000,-0.002,0.000,0.000,0.987,Fuzzy
187,9.3502,-0.992,992.563,0.000,-0.103,-41.499,0.000,41.499,0.103,377851.8,377.85,38367.78,12767.78,1.005,0.000,0.000,-0.002,0.000,0.000,0.992,Fuzzy
188,9.4002,-0.997,990.489,0.000,-0.103,-41.488,0.000,41.488,0.103,377738.9,377.74,38361.59,12761.59,1.004,0.000,0.000,-0.002,0.000,0.001,0.997,Fuzzy
189,9.4502,-1.002,988.415,0.000,-0.103,-41.477,0.000,41.477,0.103,377626.8,377.63,38355.40,12755.40,1.004,0.000,0.000,-0.001,0.000,0.001,1.002,Fuzzy
190,9.5002,-1.007,986.341,0.000,-0.103,-41.466,0.000,41.466,0.103,377515.5,377.52,38349.21,12749.21,1.004,0.000,0.000,-0.001,0.000,0.001,1.007,Fuzzy
191,9.5502,-1.012,984.268,0.000,-0.103,-41.455,0.000,41.455,0.103,377405.1,377.41,38343.02,12743.02,1.004,0.000,0.000,-0.001,0.000,0.001,1.012,Fuzzy
192,9.6002,-1.017,982.195,0.000,-0.103,-41.445,0.000,41.445,0.103,377295.4,377.30,38336.83,12736.83,1.004,0.000,0.000,-0.001,0.000,0.001,1.017,Fuzzy
193,9.6502,-1.023,980.123,0.000,-0.103,-41.434,0.000,41.434,0.103,377186.4,377.19,38330.65,12730.65,1.004,0.000,0.000,-0.001,0.000,0.001,1.023,Fuzzy
194,9.7002,-1.028,978.052,0.000,-0.103,-41.423,0.000,41.423,0.103,377078.2,377.08,38324.47,12724.47,1.004,0.000,0.000,-0.001,0.000,0.001,1.028,Fuzzy
195,9.7502,-1.033,975.981,0.001,-0.103,-41.413,0.000,41.413,0.103,376970.8,376.97,38318.29,12718.29,1.003,0.000,0.000,-0.001,0.000,0.000,1.033,Fuzzy
196,9.8002,-1.038,973.911,0.001,-0.103,-41.402,0.000,41.402,0.103,376864.0,376.86,38312.11,12712.11,1.003,0.000,0.000,-0.001,0.000,0.000,1.038,Fuzzy
197,9.8502,-1.043,971.841,0.001,-0.103,-41.392,0.000,41.392,0.103,376758.0,376.76,38305.93,12705.92,1.003,0.000,0.000,-0.001,0.000,0.000,1.043,Fuzzy
198,9.9002,-1.048,969.772,0.001,-0.103,-41.381,0.000,41.382,0.103,376652.7,376.65,38299.75,12699.75,1.003,0.000,0.000,-0.001,0.000,0.000,1.048,Fuzzy
199,9.9502,-1.054,967.703,0.001,-0.103,-41.371,0.000,41.371,0.103,376548.1,376.55,38293.58,12693.58,1.003,0.000,0.000,-0.001,0.000,0.000,1.054,Fuzzy
200,10.0002,-1.059,965.635,0.001,-0.103,-41.361,0.000,41.361,0.103,376444.1,376.44,38287.41,12687.41,1.003,0.000,0.000,-0.001,0.000,0.000,1.059,Fuzzy
201,10.0502,-1.064,963.567,0.001,-0.103,-41.351,0.000,41.351,0.103,376340.8,376.34,38281.24,12681.24,1.003,0.000,0.000,-0.001,0.000,0.000,1.064,Fuzzy
202,10.1002,-1.069,961.499,0.001,-0.103,-41.340,0.000,41.341,0.103,376238.1,376.24,38275.07,12675.07,1.003,0.000,0.000,-0.001,0.000,0.000,1.069,Fuzzy
203,10.1502,-1.074,959.433,0.001,-0.103,-41.330,0.000,41.330,0.103,376666.3,376.67,38268.89,12668.89,1.004,0.000,0.000,-0.001,0.000,0.000,1.074,Fuzzy
204,10.2002,-1.079,957.367,0.001,-0.103,-41.319,0.000,41.319,0.103,377133.0,377.13,38262.71,12662.71,1.005,0.000,0.000,0.000,0.000,0.000,1.079,Fuzzy
205,10.2502,-1.084,955.301,0.001,-0.103,-41.307,0.000,41.307,0.103,377591.1,377.59,38256.53,12656.53,1.007,0.000,0.000,0.000,0.000,0.000,1.084,Fuzzy
206,10.3002,-1.090,953.236,0.001,-0.103,-41.295,0.000,41.295,0.103,378040.8,378.04,38250.33,12650.33,1.008,0.000,0.000,0.000,0.000,0.000,1.090,Fuzzy
207,10.3502,-1.095,951.171,0.001,-0.103,-41.281,0.000,41.282,0.103,378482.3,378.48,38244.13,12644.13,1.009,0.000,0.000,0.000,0.000,0.000,1.095,Fuzzy
208,10.4002,-1.100,949.108,0.001,-0.103,-41.268,0.000,41.268,0.103,378915.6,378.92,38237.92,12637.92,1.011,0.000,0.000,0.000,0.000,0.000,1.100,Fuzzy
209,10.4502,-1.105,947.045,0.001,-0.103,-41.253,0.000,41.253,0.103,379340.8,379.34,38231.71,12631.71,1.012,0.000,0.000,0.000,0.000,0.000,1.105,Fuzzy
210,10.5002,-1.110,944.982,0.001,-0.103,-41.238,0.000,41.238,0.103,379758.2,379.76,38225.48,12625.48,1.013,0.000,0.000,0.000,0.000,0.000,1.110,Fuzzy
211,10.5502,-1.115,942.921,0.001,-0.103,-41.223,0.000,41.223,0.103,380167.7,380.17,38219.25,12619.25,1.015,0.000,0.000,0.000,0.000,0.000,1.115,Fuzzy
212,10.6002,-1.120,940.860,0.001,-0.103,-41.206,0.000,41.206,0.103,380569.6,380.57,38213.02,12613.02,1.016,0.000,0.000,0.000,0.000,0.000,1.120,Fuzzy
213,10.6502,-1.125,938.800,0.001,-0.103,-41.189,0.000,41.189,0.103,380964.1,380.96,38206.78,12606.78,1.017,0.000,0.000,0.000,0.000,0.000,1.125,Fuzzy
214,10.7002,-1.131,936.741,0.001,-0.102,-41.172,0.000,41.172,0.102,381351.1,381.35,38200.53,12600.53,1.018,0.000,0.000,0.000,0.000,0.000,1.131,Fuzzy
215,10.7502,-1.136,934.683,0.001,-0.102,-41.154,0.000,41.154,0.102,381730.8,381.73,38194.27,12594.27,1.019,0.000,0.000,0.000,0.000,0.000,1.136,Fuzzy
216,10.8002,-1.141,932.626,0.001,-0.102,-41.135,0.000,41.135,0.102,382103.4,382.10,38188.01,12588.01,1.021,0.000,0.000,0.000,0.000,0.000,1.141,Fuzzy
217,10.8502,-1.146,930.570,0.001,-0.102,-41.116,0.000,41.116,0.102,382468.8,382.47,38181.74,12581.74,1.022,0.000,0.000,0.000,0.000,0.000,1.146,Fuzzy
218,10.9002,-1.151,928.514,0.001,-0.102,-41.096,0.000,41.096,0.102,382827.3,382.83,38175.47,12575.47,1.023,0.000,0.000,0.000,0.000,0.000,1.151,Fuzzy
219,10.9502,-1.156,926.460,0.001,-0.102,-41.076,0.000,41.076,0.102,383178.8,383.18,38169.19,12569.19,1.024,0.000,0.000,0.000,0.000,0.000,1.156,Fuzzy
220,11.0002,-1.161,924.406,0.001,-0.102,-41.055,0.000,41.055,0.102,383523.6,383.52,38162.91,12562.90,1.025,0.000,0.000,0.000,0.000,0.000,1.161,Fuzzy
221,11.0502,-1.166,922.354,0.001,-0.102,-41.034,0.000,41.034,0.102,383861.7,383.86,38156.62,12556.62,1.026,0.000,0.000,0.000,0.000,0.000,1.166,Fuzzy
222,11.1002,-1.172,920.303,0.001,-0.102,-41.012,0.000,41.012,0.102,384193.4,384.19,38150.32,12550.32,1.027,0.000,0.000,0.000,0.000,0.000,1.172,Fuzzy
223,11.1502,-1.177,918.253,0.001,-0.102,-40.990,0.000,40.990,0.102,384518.6,384.52,38144.02,12544.02,1.028,0.000,0.000,0.000,0.000,0.000,1.177,Fuzzy
224,11.2002,-1.182,916.204,0.001,-0.102,-40.967,0.000,40.967,0.102,384837.4,384.84,38137.71,12537.71,1.029,0.000,0.000,0.000,0.000,0.000,1.182,Fuzzy
225,11.2502,-1.187,914.156,0.001,-0.102,-40.943,0.000,40.944,0.102,385150.0,385.15,38131.40,12531.40,1.030,0.000,0.000,0.000,0.000,0.000,1.187,Fuzzy
226,11.3002,-1.192,912.110,0.001,-0.102,-40.920,0.000,40.920,0.102,385456.5,385.46,38125.08,12525.08,1.031,0.000,0.000,0.000,0.000,0.000,1.192,Fuzzy
227,11.3502,-1.197,910.064,0.001,-0.102,-40.895,0.000,40.895,0.102,385756.8,385.76,38118.76,12518.76,1.032,0.000,0.000,0.000,0.000,0.000,1.197,Fuzzy
228,11.4002,-1.202,908.020,0.001,-0.102,-40.871,0.000,40.871,0.102,386051.4,386.05,38112.43,12512.43,1.033,0.000,0.000,0.000,0.000,0.000,1.202,Fuzzy
229,11.4502,-1.207,905.977,0.001,-0.102,-40.845,0.000,40.846,0.102,386339.9,386.34,38106.10,12506.10,1.034,0.000,0.000,0.000,0.000,0.000,1.207,Fuzzy
230,11.5002,-1.212,903.936,0.001,-0.102,-40.820,0.000,40.820,0.102,386622.8,386.62,38099.77,12499.76,1.035,0.000,0.000,0.000,0.000,0.000,1.212,Fuzzy
231,11.5502,-1.217,901.895,0.001,-0.102,-40.794,0.000,40.794,0.102,386900.0,386.90,38093.43,12493.42,1.036,0.000,0.000,0.000,0.000,0.000,1.217,Fuzzy
232,11.6002,-1.223,899.856,0.001,-0.102,-40.767,0.000,40.767,0.102,387171.4,387.17,38087.08,12487.08,1.037,0.000,0.000,0.000,0.000,0.000,1.223,Fuzzy
233,11.6502,-1.228,897.819,0.001,-0.102,-40.740,0.000,40.740,0.102,387437.6,387.44,38080.73,12480.73,1.038,0.000,0.000,0.000,0.000,0.000,1.228,Fuzzy
234,11.7002,-1.233,895.782,0.001,-0.102,-40.713,0.000,40.713,0.102,387698.3,387.70,38074.38,12474.37,1.039,0.000,0.000,0.000,0.000,0.000,1.233,Fuzzy
235,11.7502,-1.238,893.747,0.001,-0.102,-40.685,0.000,40.685,0.102,387953.5,387.95,38068.02,12468.02,1.039,0.000,0.000,0.000,0.000,0.000,1.238,Fuzzy
236,11.8002,-1.243,891.714,0.001,-0.102,-40.657,0.000,40.657,0.102,388203.6,388.20,38061.65,12461.65,1.040,0.000,0.000,0.000,0.000,0.000,1.243,Fuzzy
237,11.8502,-1.248,889.682,0.001,-0.102,-40.628,0.000,40.628,0.102,388448.4,388.45,38055.29,12455.29,1.041,0.000,0.000,0.000,0.000,0.000,1.248,Fuzzy
238,11.9002,-1.253,887.651,0.001,-0.102,-40.599,0.000,40.599,0.102,388688.4,388.69,38048.92,12448.92,1.042,0.000,0.000,0.000,0.000,0.000,1.253,Fuzzy
239,11.9502,-1.258,885.622,0.001,-0.102,-40.570,0.000,40.570,0.102,388923.2,388.92,38042.54,12442.54,1.043,0.000,0.000,0.000,0.000,0.000,1.258,Fuzzy
240,12.0002,-1.263,883.594,0.001,-0.102,-40.540,0.000,40.540,0.102,389153.0,389.15,38036.16,12436.16,1.044,0.000,0.000,0.000,0.000,0.000,1.263,Fuzzy
241,12.0502,-1.268,881.568,0.001,-0.102,-40.510,0.000,40.510,0.102,389378.2,389.38,38029.78,12429.78,1.044,0.000,0.000,0.000,0.000,0.000,1.268,Fuzzy
242,12.1002,-1.273,879.543,0.001,-0.102,-40.479,0.000,40.479,0.102,389598.5,389.60,38023.39,12423.40,1.045,0.000,0.000,0.000,0.000,0.000,1.273,Fuzzy
243,12.1502,-1.279,877.520,0.001,-0.102,-40.448,0.000,40.448,0.102,389814.0,389.81,38017.01,12417.01,1.046,0.000,0.000,0.000,0.000,0.000,1.279,Fuzzy
244,12.2002,-1.284,875.498,0.001,-0.102,-40.417,0.000,40.417,0.102,390024.9,390.02,38010.61,12410.61,1.047,0.000,0.000,0.000,0.000,0.000,1.284,Fuzzy
245,12.2502,-1.289,873.478,0.001,-0.102,-40.385,0.000,40.385,0.102,390231.3,390.23,38004.22,12404.22,1.047,0.000,0.000,0.000,0.000,0.000,1.289,Fuzzy
246,12.3002,-1.294,871.460,0.001,-0.102,-40.353,0.000,40.353,0.102,390433.2,390.43,37997.82,12397.82,1.048,0.000,0.000,0.000,0.000,0.000,1.294,Fuzzy
247,12.3502,-1.299,869.443,0.001,-0.102,-40.321,0.000,40.321,0.102,390630.6,390.63,37991.41,12391.42,1.049,0.000,0.000,0.000,0.000,0.000,1.299,Fuzzy
248,12.4002,-1.304,867.428,0.001,-0.102,-40.288,0.000,40.289,0.102,390823.9,390.82,37985.01,12385.01,1.049,0.000,0.000,0.000,0.000,0.000,1.304,Fuzzy
249,12.4502,-1.309,865.414,0.001,-0.102,-40.255,0.000,40.256,0.102,391012.7,391.01,37978.60,12378.60,1.050,0.000,0.000,0.000,0.000,0.000,1.309,Fuzzy
250,12.5002,-1.314,863.402,0.001,-0.102,-40.222,0.000,40.222,0.102,391197.4,391.20,37972.19,12372.19,1.051,0.000,0.000,0.000,0.000,0.000,1.314,Fuzzy
251,12.5502,-1.319,861.392,0.001,-0.101,-40.189,0.000,40.189,0.101,391377.9,391.38,37965.77,12365.77,1.051,0.000,0.000,0.000,0.000,0.000,1.319,Fuzzy
252,12.6002,-1.324,859.383,0.001,-0.101,-40.155,0.000,40.155,0.101,391554.4,391.55,37959.36,12359.36,1.052,0.000,0.000,0.000,0.000,0.000,1.324,Fuzzy
253,12.6502,-1.329,857.377,0.001,-0.101,-40.121,0.000,40.121,0.101,391726.8,391.73,37952.94,12352.94,1.053,0.000,0.000,0.000,0.000,0.000,1.329,Fuzzy
254,12.7002,-1.334,855.371,0.001,-0.101,-40.086,0.000,40.086,0.101,391895.3,391.90,37946.51,12346.51,1.053,0.000,0.000,0.000,0.000,0.000,1.334,Fuzzy
255,12.7502,-1.339,853.368,0.001,-0.101,-40.051,0.000,40.051,0.101,392059.9,392.06,37940.09,12340.08,1.054,0.000,0.000,0.000,0.000,0.000,1.339,Fuzzy
256,12.8003,-1.345,851.366,0.001,-0.101,-40.016,0.000,40.016,0.101,392220.8,392.22,37933.66,12333.66,1.055,0.000,0.000,0.000,0.000,0.000,1.345,Fuzzy
257,12.8503,-1.350,849.366,0.001,-0.101,-39.981,0.000,39.981,0.101,392377.9,392.38,37927.23,12327.23,1.055,0.000,0.000,0.000,0.000,0.000,1.350,Fuzzy
258,12.9003,-1.355,847.368,0.001,-0.101,-39.945,0.000,39.945,0.101,392531.2,392.53,37920.79,12320.79,1.056,0.000,0.000,0.000,0.000,0.000,1.355,Fuzzy
259,12.9503,-1.360,845.372,0.001,-0.101,-39.909,0.000,39.909,0.101,392680.9,392.68,37914.36,12314.35,1.056,0.000,0.000,0.000,0.000,0.000,1.360,Fuzzy
260,13.0003,-1.365,843.377,0.001,-0.101,-39.873,0.000,39.873,0.101,392827.0,392.83,37907.92,12307.92,1.057,0.000,0.000,0.000,0.000,0.000,1.365,Fuzzy
261,13.0503,-1.370,841.385,0.001,-0.101,-39.837,0.000,39.837,0.101,392969.5,392.97,37901.48,12301.47,1.058,0.000,0.000,0.000,0.000,0.000,1.370,Fuzzy
262,13.1003,-1.375,839.394,0.001,-0.101,-39.800,0.000,39.800,0.101,393108.6,393.11,37895.03,12295.03,1.058,0.000,0.000,0.000,0.000,0.000,1.375,Fuzzy
263,13.1503,-1.380,837.405,0.001,-0.101,-39.763,0.000,39.763,0.101,393244.3,393.24,37888.59,12288.58,1.059,0.000,0.000,0.000,0.000,0.000,1.380,Fuzzy
264,13.2003,-1.385,835.417,0.001,-0.101,-39.726,0.000,39.726,0.101,393376.7,393.38,37882.14,12282.14,1.059,0.000,0.000,0.000,0.000,0.000,1.385,Fuzzy
265,13.2503,-1.390,833.432,0.001,-0.101,-39.688,0.000,39.688,0.101,393505.7,393.51,37875.69,12275.69,1.060,0.000,0.000,0.000,0.000,0.000,1.390,Fuzzy
266,13.3003,-1.395,831.449,0.001,-0.101,-39.650,0.000,39.650,0.101,393631.3,393.63,37869.23,12269.23,1.060,0.000,0.000,0.000,0.000,0.000,1.395,Fuzzy
267,13.3503,-1.400,829.467,0.001,-0.101,-39.612,0.000,39.613,0.101,393753.9,393.75,37862.78,12262.78,1.061,0.000,0.000,0.000,0.000,0.000,1.400,Fuzzy
268,13.4003,-1.405,827.487,0.001,-0.101,-39.574,0.000,39.574,0.101,393873.3,393.87,37856.32,12256.32,1.061,0.000,0.000,0.000,0.000,0.000,1.405,Fuzzy
269,13.4503,-1.410,825.510,0.001,-0.101,-39.536,0.000,39.536,0.101,393989.7,393.99,37849.87,12249.87,1.062,0.000,0.000,0.000,0.000,0.000,1.410,Fuzzy
270,13.5003,-1.415,823.534,0.001,-0.101,-39.497,0.000,39.497,0.101,394102.8,394.10,37843.41,12243.41,1.062,0.000,0.000,0.000,0.000,0.000,1.415,Fuzzy
271,13.5503,-1.420,821.560,0.001,-0.101,-39.458,0.000,39.458,0.101,394213.0,394.21,37836.94,12236.94,1.063,0.000,0.000,0.000,0.000,0.000,1.420,Fuzzy
272,13.6003,-1.426,819.588,0.001,-0.101,-39.419,0.000,39.419,0.101,394320.3,394.32,37830.48,12230.48,1.063,0.000,0.000,0.000,0.000,0.000,1.426,Fuzzy
273,13.6503,-1.431,817.618,0.001,-0.101,-39.380,0.000,39.380,0.101,394424.6,394.42,37824.01,12224.01,1.064,0.000,0.000,0.000,0.000,0.000,1.431,Fuzzy
274,13.7003,-1.436,815.650,0.001,-0.101,-39.340,0.000,39.340,0.101,394526.1,394.53,37817.55,12217.55,1.064,0.000,0.000,0.000,0.000,0.000,1.436,Fuzzy
275,13.7503,-1.441,813.684,0.001,-0.101,-39.301,0.000,39.301,0.101,394624.7,394.62,37811.08,12211.08,1.065,0.000,0.000,0.001,0.000,0.000,1.441,Fuzzy
276,13.8003,-1.446,811.720,0.001,-0.101,-39.261,0.000,39.261,0.101,394720.5,394.72,37804.61,12204.61,1.065,0.000,0.000,0.001,0.000,0.000,1.446,Fuzzy
277,13.8503,-1.451,809.758,0.001,-0.101,-39.220,0.000,39.221,0.101,394813.5,394.81,37798.13,12198.13,1.065,0.000,0.000,0.001,0.000,0.000,1.451,Fuzzy
278,13.9003,-1.456,807.798,0.001,-0.101,-39.180,0.000,39.180,0.101,394904.0,394.90,37791.66,12191.66,1.066,0.000,0.000,0.001,0.000,0.000,1.456,Fuzzy
279,13.9503,-1.461,805.840,0.001,-0.101,-39.140,0.000,39.140,0.101,394991.7,394.99,37785.19,12185.19,1.066,0.000,0.000,0.001,0.000,0.000,1.461,Fuzzy
280,14.0003,-1.466,803.884,0.001,-0.101,-39.099,0.000,39.099,0.101,395076.8,395.08,37778.71,12178.71,1.067,0.000,0.000,0.001,0.000,0.000,1.466,Fuzzy
281,14.0503,-1.471,801.930,0.001,-0.101,-39.058,0.000,39.058,0.101,395159.4,395.16,37772.23,12172.24,1.067,0.000,0.000,0.001,0.000,0.000,1.471,Fuzzy
282,14.1003,-1.476,799.979,0.001,-0.101,-39.017,0.000,39.017,0.101,395239.6,395.24,37765.76,12165.76,1.067,0.000,0.000,0.001,0.000,0.000,1.476,Fuzzy
283,14.1503,-1.481,798.029,0.001,-0.101,-38.976,0.000,38.976,0.101,395317.0,395.32,37759.28,12159.28,1.068,0.000,0.000,0.001,0.000,0.000,1.481,Fuzzy
284,14.2003,-1.486,796.081,0.001,-0.101,-38.934,0.000,38.934,0.101,395392.2,395.39,37752.79,12152.79,1.068,0.000,0.000,0.001,0.000,0.000,1.486,Fuzzy
285,14.2503,-1.491,794.135,0.001,-0.101,-38.892,0.000,38.893,0.101,395464.9,395.46,37746.31,12146.31,1.069,0.000,0.000,0.001,0.000,0.000,1.491,Fuzzy
286,14.3003,-1.496,792.192,0.001,-0.101,-38.851,0.000,38.851,0.101,395535.3,395.54,37739.82,12139.82,1.069,0.000,0.000,0.001,0.000,0.000,1.496,Fuzzy
287,14.3503,-1.501,790.250,0.001,-0.101,-38.809,0.000,38.809,0.101,395603.4,395.60,37733.34,12133.34,1.069,0.000,0.000,0.001,0.000,0.000,1.501,Fuzzy
288,14.4003,-1.506,788.311,0.001,-0.101,-38.767,0.000,38.767,0.101,395669.2,395.67,37726.86,12126.85,1.070,0.000,0.000,0.001,0.000,0.000,1.506,Fuzzy
289,14.4503,-1.511,786.374,0.001,-0.101,-38.724,0.000,38.724,0.101,395732.7,395.73,37720.37,12120.37,1.070,0.000,0.000,0.001,0.000,0.000,1.511,Fuzzy
290,14.5003,-1.516,784.438,0.001,-0.101,-38.682,0.000,38.682,0.101,395794.0,395.79,37713.89,12113.89,1.070,0.000,0.000,0.001,0.000,0.000,1.516,Fuzzy
291,14.5503,-1.521,782.505,0.001,-0.101,-38.639,0.000,38.639,0.101,395853.2,395.85,37707.40,12107.40,1.071,0.000,0.000,0.001,0.000,0.000,1.521,Fuzzy
292,14.6003,-1.526,780.575,0.001,-0.101,-38.597,0.000,38.597,0.101,395910.1,395.91,37700.90,12100.90,1.071,0.000,0.000,0.001,0.000,0.000,1.526,Fuzzy
293,14.6503,-1.531,778.646,0.001,-0.101,-38.554,0.000,38.554,0.101,395964.9,395.96,37694.41,12094.41,1.071,0.000,0.000,0.001,0.000,0.000,1.531,Fuzzy
294,14.7003,-1.536,776.719,0.001,-0.101,-38.511,0.000,38.511,0.101,396017.6,396.02,37687.91,12087.91,1.072,0.000,0.000,0.001,0.000,0.000,1.536,Fuzzy
295,14.7503,-1.541,774.795,0.001,-0.101,-38.467,0.000,38.468,0.101,396068.3,396.07,37681.42,12081.42,1.072,0.000,0.000,0.001,0.000,0.000,1.541,Fuzzy
296,14.8003,-1.546,772.872,0.001,-0.101,-38.424,0.000,38.424,0.101,396116.9,396.12,37674.93,12074.93,1.072,0.000,0.000,0.001,0.000,0.000,1.546,Fuzzy
297,14.8503,-1.551,770.952,0.001,-0.101,-38.381,0.000,38.381,0.101,396163.8,396.16,37668.43,12068.43,1.073,0.000,0.000,0.001,0.000,0.000,1.551,Fuzzy
298,14.9003,-1.556,769.034,0.001,-0.101,-38.337,0.000,38.337,0.101,396208.5,396.21,37661.94,12061.94,1.073,0.000,0.000,0.001,0.000,0.000,1.556,Fuzzy
299,14.9503,-1.561,767.119,0.001,-0.100,-38.293,0.000,38.293,0.100,396251.4,396.25,37655.45,12055.44,1.073,0.000,0.000,0.001,0.000,0.000,1.561,Fuzzy
300,15.0003,-1.567,765.205,0.001,-0.100,-38.249,0.000,38.250,0.100,396292.3,396.29,37648.95,12048.95,1.074,0.000,0.000,0.001,0.000,0.000,1.567,Fuzzy
301,15.0503,-1.572,763.294,0.001,-0.100,-38.205,0.000,38.206,0.100,396331.4,396.33,37642.45,12042.46,1.074,0.000,0.000,0.001,0.000,0.000,1.572,Fuzzy
302,15.1003,-1.577,761.385,0.001,-0.100,-38.161,0.000,38.161,0.100,396368.6,396.37,37635.96,12035.96,1.074,0.000,0.000,0.001,0.000,0.001,1.577,Fuzzy
303,15.1503,-1.582,759.478,0.001,-0.100,-38.117,0.000,38.117,0.100,396404.1,396.40,37629.47,12029.47,1.074,0.000,0.000,0.001,0.000,0.001,1.582,Fuzzy
304,15.2003,-1.587,757.573,0.001,-0.100,-38.073,0.000,38.073,0.100,396437.8,396.44,37622.97,12022.97,1.075,0.000,0.000,0.001,0.000,0.001,1.587,Fuzzy
305,15.2503,-1.592,755.670,0.001,-0.100,-38.028,0.000,38.028,0.100,396469.8,396.47,37616.46,12016.46,1.075,0.000,0.000,0.001,0.000,0.001,1.592,Fuzzy
306,15.3003,-1.597,753.770,0.001,-0.100,-37.984,0.000,37.984,0.100,396499.9,396.50,37609.96,12009.96,1.075,0.000,0.000,0.001,0.000,0.001,1.597,Fuzzy
307,15.3503,-1.602,751.872,0.001,-0.100,-37.939,0.000,37.939,0.100,396528.3,396.53,37603.46,12003.46,1.076,0.000,0.000,0.001,0.000,0.001,1.602,Fuzzy
308,15.4003,-1.607,749.976,0.001,-0.100,-37.894,0.000,37.894,0.100,396555.3,396.56,37596.95,11996.95,1.076,0.000,0.000,0.001,0.000,0.001,1.607,Fuzzy
309,15.4503,-1.612,748.083,0.001,-0.100,-37.849,0.000,37.849,0.100,396580.5,396.58,37590.45,11990.45,1.076,0.000,0.000,0.001,0.000,0.001,1.612,Fuzzy
310,15.5003,-1.617,746.191,0.001,-0.100,-37.804,0.000,37.804,0.100,396604.2,396.60,37583.95,11983.94,1.076,0.000,0.000,0.001,0.000,0.001,1.617,Fuzzy
311,15.5503,-1.622,744.302,0.001,-0.100,-37.759,0.000,37.759,0.100,396626.2,396.63,37577.44,11977.44,1.077,0.000,0.000,0.001,0.000,0.001,1.622,Fuzzy
312,15.6003,-1.627,742.415,0.001,-0.100,-37.714,0.000,37.714,0.100,396646.7,396.65,37570.94,11970.94,1.077,0.000,0.000,0.001,0.000,0.001,1.627,Fuzzy
313,15.6503,-1.632,740.531,0.001,-0.100,-37.668,0.000,37.668,0.100,396665.7,396.67,37564.43,11964.43,1.077,0.000,0.000,0.001,0.000,0.001,1.632,Fuzzy
314,15.7003,-1.637,738.649,0.001,-0.100,-37.623,0.000,37.623,0.100,396683.2,396.68,37557.93,11957.93,1.077,0.000,0.000,0.001,0.000,0.001,1.637,Fuzzy
315,15.7503,-1.642,736.769,0.001,-0.100,-37.577,0.000,37.577,0.100,396699.2,396.70,37551.43,11951.42,1.077,0.000,0.000,0.001,0.000,0.001,1.642,Fuzzy
316,15.8003,-1.647,734.891,0.001,-0.100,-37.532,0.000,37.532,0.100,396713.7,396.71,37544.92,11944.92,1.078,0.000,0.000,0.002,0.000,0.001,1.647,Fuzzy
317,15.8503,-1.652,733.015,0.001,-0.100,-37.486,0.000,37.486,0.100,396726.8,396.73,37538.42,11938.42,1.078,0.000,0.000,0.002,0.000,0.001,1.652,Fuzzy
318,15.9003,-1.657,731.142,0.001,-0.100,-37.440,0.000,37.440,0.100,396738.5,396.74,37531.91,11931.91,1.078,0.000,0.000,0.002,0.000,0.001,1.657,Fuzzy
319,15.9503,-1.662,729.271,0.001,-0.100,-37.394,0.000,37.394,0.100,396748.8,396.75,37525.41,11925.41,1.078,0.000,0.000,0.002,0.000,0.001,1.662,Fuzzy
320,16.0003,-1.667,727.403,0.001,-0.100,-37.348,0.000,37.348,0.100,396757.8,396.76,37518.91,11918.91,1.079,0.000,0.000,0.002,0.000,0.001,1.667,Fuzzy
321,16.0503,-1.672,725.537,0.001,-0.100,-37.302,0.000,37.302,0.100,396765.5,396.77,37512.40,11912.40,1.079,0.000,0.000,0.002,0.000,0.001,1.672,Fuzzy
322,16.1003,-1.677,723.673,0.001,-0.100,-37.256,0.000,37.256,0.100,396771.8,396.77,37505.90,11905.90,1.079,0.000,0.000,0.002,0.000,0.001,1.677,Fuzzy
323,16.1503,-1.682,721.811,0.001,-0.100,-37.209,0.000,37.210,0.100,396776.8,396.78,37499.39,11899.39,1.079,0.000,0.000,0.002,0.000,0.001,1.682,Fuzzy
324,16.2003,-1.687,719.952,0.001,-0.100,-37.163,0.000,37.163,0.100,396780.5,396.78,37492.89,11892.89,1.079,0.000,0.000,0.002,0.000,0.001,1.687,Fuzzy
325,16.2503,-1.692,718.095,0.001,-0.100,-37.117,0.000,37.117,0.100,396783.0,396.78,37486.39,11886.39,1.080,0.000,0.000,0.002,0.000,0.001,1.692,Fuzzy
326,16.3003,-1.697,716.240,0.001,-0.100,-37.070,0.000,37.070,0.100,396784.1,396.78,37479.88,11879.88,1.080,0.000,0.000,0.002,0.000,0.001,1.697,Fuzzy
327,16.3503,-1.702,714.388,0.001,-0.100,-37.023,0.000,37.024,0.100,396784.1,396.78,37473.38,11873.38,1.080,0.000,0.000,0.002,0.000,0.001,1.702,Fuzzy
328,16.4003,-1.707,712.538,0.001,-0.100,-36.977,0.000,36.977,0.100,396782.9,396.78,37466.88,11866.87,1.080,0.000,0.000,0.002,0.000,0.001,1.707,Fuzzy
329,16.4502,-1.712,710.690,0.001,-0.100,-36.930,0.000,36.930,0.100,396780.5,396.78,37460.37,11860.37,1.080,0.000,0.000,0.002,0.000,0.001,1.712,Fuzzy
330,16.5002,-1.717,708.845,0.001,-0.100,-36.883,0.000,36.883,0.100,396777.0,396.78,37453.87,11853.87,1.081,0.000,0.000,0.002,0.000,0.001,1.717,Fuzzy
331,16.5502,-1.722,707.002,0.001,-0.100,-36.836,0.000,36.836,0.100,396772.4,396.77,37447.36,11847.36,1.081,0.000,0.000,0.002,0.000,0.001,1.722,Fuzzy
332,16.6002,-1.727,705.161,0.001,-0.100,-36.789,0.000,36.790,0.100,396766.7,396.77,37440.86,11840.86,1.081,0.000,0.000,0.002,0.000,0.001,1.727,Fuzzy
333,16.6502,-1.732,703.323,0.001,-0.100,-36.742,0.000,36.743,0.100,396759.8,396.76,37434.36,11834.35,1.081,0.000,0.000,0.002,0.000,0.001,1.732,Fuzzy
334,16.7002,-1.737,701.487,0.001,-0.100,-36.695,0.000,36.695,0.100,396751.8,396.75,37427.85,11827.85,1.081,0.000,0.000,0.002,0.000,0.001,1.737,Fuzzy
335,16.7502,-1.742,699.653,0.001,-0.100,-36.648,0.000,36.648,0.100,396742.8,396.74,37421.35,11821.35,1.081,0.000,0.000,0.002,0.000,0.001,1.742,Fuzzy
336,16.8002,-1.747,697.822,0.001,-0.100,-36.601,0.000,36.601,0.100,396732.7,396.73,37414.84,11814.84,1.082,0.000,0.000,0.002,0.000,0.001,1.747,Fuzzy
337,16.8502,-1.752,695.993,0.001,-0.100,-36.554,0.000,36.554,0.100,396721.5,396.72,37408.34,11808.34,1.082,0.000,0.000,0.002,0.000,0.001,1.752,Fuzzy
338,16.9002,-1.757,694.167,0.001,-0.100,-36.506,0.000,36.506,0.100,396709.5,396.71,37401.84,11801.83,1.082,0.000,0.000,0.002,0.000,0.001,1.757,Fuzzy
339,16.9502,-1.762,692.342,0.001,-0.100,-36.459,0.000,36.459,0.100,396696.3,396.70,37395.33,11795.33,1.082,0.000,0.000,0.002,0.000,0.001,1.762,Fuzzy
340,17.0002,-1.767,690.521,0.001,-0.100,-36.411,0.000,36.412,0.100,396682.2,396.68,37388.83,11788.83,1.082,0.000,0.000,0.002,0.000,0.001,1.767,Fuzzy
341,17.0501,-1.772,688.701,0.001,-0.100,-36.364,0.000,36.364,0.100,396667.1,396.67,37382.32,11782.32,1.082,0.000,0.000,0.002,0.000,0.001,1.772,Fuzzy
342,17.1001,-1.777,686.884,0.001,-0.100,-36.316,0.000,36.317,0.100,396651.1,396.65,37375.82,11775.82,1.082,0.000,0.000,0.002,0.000,0.001,1.777,Fuzzy
343,17.1501,-1.782,685.070,0.001,-0.100,-36.269,0.000,36.269,0.100,396634.2,396.63,37369.32,11769.32,1.083,0.000,0.000,0.002,0.000,0.001,1.782,Fuzzy
344,17.2001,-1.787,683.257,0.001,-0.100,-36.221,0.000,36.221,0.100,396616.3,396.62,37362.81,11762.81,1.083,0.000,0.000,0.002,0.000,0.001,1.787,Fuzzy
345,17.2501,-1.792,681.447,0.001,-0.101,-36.173,0.000,36.174,0.101,396597.4,396.60,37356.31,11756.31,1.083,0.000,0.000,0.002,0.000,0.001,1.792,Fuzzy
346,17.3001,-1.797,679.640,0.001,-0.101,-36.126,0.000,36.126,0.101,396577.7,396.58,37349.80,11749.80,1.083,0.000,0.000,0.002,0.000,0.001,1.797,Fuzzy
347,17.3501,-1.802,677.835,0.001,-0.101,-36.078,0.000,36.078,0.101,396557.1,396.56,37343.30,11743.30,1.083,0.000,0.000,0.002,0.000,0.001,1.802,Fuzzy
348,17.4001,-1.807,676.032,0.002,-0.101,-36.030,0.000,36.030,0.101,396535.7,396.54,37336.80,11736.80,1.083,0.000,0.000,0.002,0.000,0.001,1.807,Fuzzy
349,17.4501,-1.812,674.232,0.002,-0.101,-35.982,0.000,35.982,0.101,396513.4,396.51,37330.29,11730.29,1.083,0.000,0.000,0.002,0.000,0.001,1.812,Fuzzy
350,17.5001,-1.817,672.434,0.002,-0.101,-35.934,0.000,35.934,0.101,396490.3,396.49,37323.79,11723.79,1.083,0.000,0.000,0.002,0.000,0.001,1.817,Fuzzy
351,17.5501,-1.823,670.639,0.002,-0.101,-35.886,0.000,35.886,0.101,396504.0,396.50,37317.29,11717.28,1.084,0.000,0.000,0.002,0.000,0.001,1.823,Fuzzy
352,17.6001,-1.828,668.845,0.002,-0.101,-35.838,0.000,35.838,0.101,396535.3,396.54,37310.78,11710.78,1.084,0.000,0.000,0.002,0.000,0.001,1.828,Fuzzy
353,17.6500,-1.833,667.055,0.002,-0.101,-35.790,0.000,35.790,0.101,396564.4,396.56,37304.28,11704.28,1.084,0.000,0.000,0.003,0.000,0.001,1.833,Fuzzy
354,17.7000,-1.838,665.266,0.002,-0.101,-35.741,0.000,35.741,0.101,396591.5,396.59,37297.77,11697.77,1.085,0.000,0.000,0.003,0.000,0.001,1.838,Fuzzy
355,17.7500,-1.843,663.481,0.002,-0.101,-35.693,0.000,35.693,0.101,396616.4,396.62,37291.27,11691.27,1.085,0.000,0.000,0.003,0.000,0.001,1.843,Fuzzy
356,17.8000,-1.848,661.697,0.002,-0.101,-35.644,0.000,35.644,0.101,396639.2,396.64,37284.77,11684.76,1.085,0.000,0.000,0.003,0.000,0.001,1.848,Fuzzy
357,17.8500,-1.853,659.916,0.002,-0.101,-35.596,0.000,35.596,0.101,396660.1,396.66,37278.26,11678.26,1.085,0.000,0.000,0.003,0.000,0.001,1.853,Fuzzy
358,17.9000,-1.858,658.138,0.002,-0.101,-35.547,0.000,35.547,0.101,396678.8,396.68,37271.76,11671.76,1.085,0.000,0.000,0.003,0.000,0.001,1.858,Fuzzy
359,17.9500,-1.863,656.361,0.002,-0.101,-35.498,0.000,35.498,0.101,396695.6,396.70,37265.25,11665.25,1.086,0.000,0.000,0.003,0.000,0.001,1.863,Fuzzy
360,18.0000,-1.868,654.588,0.002,-0.101,-35.449,0.000,35.449,0.101,396710.5,396.71,37258.75,11658.75,1.086,0.000,0.000,0.003,0.000,0.001,1.868,Fuzzy
361,18.0500,-1.873,652.817,0.002,-0.101,-35.400,0.000,35.400,0.101,396723.5,396.72,37252.25,11652.25,1.086,0.000,0.000,0.003,0.000,0.001,1.873,Fuzzy
362,18.1000,-1.878,651.048,0.002,-0.101,-35.351,0.000,35.351,0.101,396734.6,396.73,37245.74,11645.74,1.086,0.000,0.000,0.003,0.000,0.001,1.878,Fuzzy
363,18.1500,-1.883,649.281,0.002,-0.101,-35.301,0.000,35.301,0.101,396743.9,396.74,37239.24,11639.24,1.087,0.000,0.000,0.003,0.000,0.001,1.883,Fuzzy
364,18.2000,-1.888,647.518,0.002,-0.101,-35.252,0.000,35.252,0.101,396751.4,396.75,37232.73,11632.73,1.087,0.000,0.000,0.003,0.000,0.001,1.888,Fuzzy
365,18.2499,-1.893,645.756,0.002,-0.101,-35.202,0.000,35.203,0.101,396757.1,396.76,37226.23,11626.23,1.087,0.000,0.000,0.003,0.000,0.001,1.893,Fuzzy
366,18.2999,-1.898,643.997,0.002,-0.101,-35.153,0.000,35.153,0.101,396761.1,396.76,37219.73,11619.73,1.087,0.000,0.000,0.003,0.000,0.001,1.898,Fuzzy
367,18.3499,-1.903,642.241,0.002,-0.101,-35.103,0.000,35.103,0.101,396763.4,396.76,37213.22,11613.22,1.087,0.000,0.000,0.003,0.000,0.001,1.903,Fuzzy
368,18.3999,-1.908,640.487,0.002,-0.101,-35.054,0.000,35.054,0.101,396764.0,396.76,37206.72,11606.72,1.088,0.000,0.000,0.003,0.000,0.001,1.908,Fuzzy
369,18.4499,-1.913,638.736,0.002,-0.101,-35.004,0.000,35.004,0.101,396762.9,396.76,37200.21,11600.21,1.088,0.000,0.000,0.003,0.000,0.001,1.913,Fuzzy
370,18.4999,-1.918,636.987,0.002,-0.101,-34.954,0.000,34.954,0.101,396760.2,396.76,37193.71,11593.71,1.088,0.000,0.000,0.003,0.000,0.001,1.918,Fuzzy
371,18.5499,-1.923,635.240,0.002,-0.101,-34.904,0.000,34.904,0.101,396756.0,396.76,37187.21,11587.21,1.088,0.000,0.000,0.003,0.000,0.001,1.923,Fuzzy
372,18.5999,-1.929,633.496,0.002,-0.101,-34.854,0.000,34.854,0.101,396750.2,396.75,37180.70,11580.70,1.088,0.000,0.000,0.003,0.000,0.001,1.929,Fuzzy
373,18.6499,-1.934,631.755,0.002,-0.101,-34.804,0.000,34.804,0.101,396742.9,396.74,37174.20,11574.20,1.089,0.000,0.000,0.003,0.000,0.001,1.934,Fuzzy
374,18.6999,-1.939,630.016,0.002,-0.102,-34.754,0.000,34.754,0.102,396734.0,396.73,37167.70,11567.69,1.089,0.000,0.000,0.003,0.000,0.001,1.939,Fuzzy
375,18.7499,-1.944,628.279,0.002,-0.102,-34.704,0.000,34.704,0.102,396723.8,396.72,37161.19,11561.19,1.089,0.000,0.000,0.003,0.000,0.001,1.944,Fuzzy
376,18.7999,-1.949,626.545,0.002,-0.102,-34.654,0.000,34.654,0.102,396712.1,396.71,37154.69,11554.69,1.089,0.000,0.000,0.003,0.000,0.001,1.949,Fuzzy
377,18.8498,-1.954,624.814,0.002,-0.102,-34.603,0.000,34.603,0.102,396698.8,396.70,37148.18,11548.18,1.089,0.000,0.000,0.003,0.000,0.001,1.954,Fuzzy
378,18.8998,-1.959,623.085,0.002,-0.102,-34.553,0.000,34.553,0.102,396684.3,396.68,37141.68,11541.68,1.089,0.000,0.000,0.003,0.000,0.001,1.959,Fuzzy
379,18.9498,-1.964,621.359,0.002,-0.102,-34.503,0.000,34.503,0.102,396668.3,396.67,37135.18,11535.17,1.089,0.000,0.000,0.003,0.000,0.001,1.964,Fuzzy
380,18.9998,-1.969,619.635,0.002,-0.102,-34.452,0.000,34.452,0.102,396651.1,396.65,37128.67,11528.67,1.090,0.000,0.000,0.003,0.000,0.001,1.969,Fuzzy
381,19.0498,-1.974,617.914,0.002,-0.102,-34.402,0.000,34.402,0.102,396632.4,396.63,37122.17,11522.17,1.090,0.000,0.000,0.003,0.000,0.001,1.974,Fuzzy
382,19.0998,-1.979,616.195,0.002,-0.102,-34.351,0.000,34.351,0.102,396612.4,396.61,37115.66,11515.66,1.090,0.000,0.000,0.003,0.000,0.001,1.979,Fuzzy
383,19.1498,-1.985,614.478,0.002,-0.102,-34.300,0.000,34.301,0.102,396591.3,396.59,37109.16,11509.16,1.090,0.000,0.000,0.003,0.000,0.001,1.985,Fuzzy
384,19.1998,-1.990,612.765,0.002,-0.102,-34.250,0.000,34.250,0.102,396568.9,396.57,37102.66,11502.66,1.090,0.000,0.000,0.003,0.000,0.001,1.990,Fuzzy
385,19.2498,-1.995,611.053,0.002,-0.102,-34.199,0.000,34.199,0.102,396545.3,396.55,37096.15,11496.15,1.090,0.000,0.000,0.003,0.000,0.001,1.995,Fuzzy
386,19.2998,-2.000,609.345,0.002,-0.102,-34.148,0.000,34.148,0.102,396520.3,396.52,37089.65,11489.65,1.090,0.000,0.000,0.003,0.000,0.001,2.000,Fuzzy
387,19.3498,-2.005,607.639,0.002,-0.102,-34.098,0.000,34.098,0.102,396494.3,396.49,37083.14,11483.14,1.090,0.000,0.000,0.003,0.000,0.001,2.005,Fuzzy
388,19.3998,-2.010,605.935,0.002,-0.102,-34.047,0.000,34.047,0.102,396467.0,396.47,37076.64,11476.64,1.091,0.000,0.000,0.003,0.000,0.001,2.010,Fuzzy
389,19.4497,-2.015,604.234,0.002,-0.103,-33.996,0.000,33.996,0.103,396438.7,396.44,37070.14,11470.14,1.091,0.000,0.000,0.003,0.000,0.001,2.015,Fuzzy
390,19.4997,-2.020,602.536,0.002,-0.103,-33.945,0.000,33.945,0.103,396409.2,396.41,37063.64,11463.64,1.091,0.000,0.000,0.003,0.000,0.001,2.020,Fuzzy
391,19.5497,-2.025,600.840,0.002,-0.103,-33.894,0.000,33.894,0.103,396378.8,396.38,37057.14,11457.14,1.091,0.000,0.000,0.003,0.000,0.001,2.025,Fuzzy
392,19.5997,-2.031,599.146,0.002,-0.103,-33.843,0.000,33.843,0.103,396347.2,396.35,37050.65,11450.65,1.091,0.000,0.000,0.003,0.000,0.001,2.031,Fuzzy
393,19.6497,-2.036,597.455,0.002,-0.103,-33.792,0.000,33.792,0.103,396314.7,396.31,37044.16,11444.15,1.091,0.000,0.000,0.003,0.000,0.001,2.036,Fuzzy
394,19.6997,-2.041,595.767,0.002,-0.103,-33.741,0.000,33.741,0.103,396281.0,396.28,37037.66,11437.66,1.091,0.000,0.000,0.003,0.000,0.001,2.041,Fuzzy
395,19.7497,-2.046,594.081,0.002,-0.103,-33.690,0.000,33.690,0.103,396246.3,396.25,37031.16,11431.17,1.091,0.000,0.000,0.003,0.000,0.001,2.046,Fuzzy
396,19.7997,-2.051,592.398,0.002,-0.103,-33.639,0.000,33.639,0.103,396210.7,396.21,37024.67,11424.67,1.091,0.000,0.000,0.004,0.000,0.001,2.051,Fuzzy
397,19.8497,-2.056,590.717,0.002,-0.103,-33.588,0.000,33.588,0.103,396174.0,396.17,37018.18,11418.18,1.092,0.000,0.000,0.004,0.000,0.001,2.056,Fuzzy
398,19.8997,-2.062,589.039,0.002,-0.103,-33.536,0.000,33.537,0.103,396136.5,396.14,37011.68,11411.68,1.092,0.000,0.000,0.004,0.000,0.001,2.062,Fuzzy
399,19.9497,-2.067,587.364,0.002,-0.103,-33.485,0.000,33.485,0.103,396097.9,396.10,37005.19,11405.19,1.092,0.000,0.000,0.004,0.000,0.001,2.067,Fuzzy
400,19.9997,-2.072,585.691,0.002,-0.103,-33.434,0.000,33.434,0.103,396058.4,396.06,36998.70,11398.70,1.092,0.000,0.000,0.004,0.000,0.001,2.072,Fuzzy
401,20.0496,-2.077,584.020,0.002,-0.104,-33.383,0.000,33.383,0.104,396018.1,396.02,36992.20,11392.20,1.092,0.000,0.000,0.004,0.000,0.001,2.077,Fuzzy
402,20.0996,-2.082,582.352,0.002,-0.104,-33.332,0.000,33.332,0.104,395976.8,395.98,36985.71,11385.71,1.092,0.000,0.000,0.004,0.000,0.001,2.082,Fuzzy
403,20.1496,-2.087,580.687,0.002,-0.104,-33.280,0.000,33.280,0.104,395934.7,395.93,36979.21,11379.21,1.092,0.000,0.000,0.004,0.000,0.001,2.087,Fuzzy
404,20.1996,-2.093,579.024,0.002,-0.104,-33.229,0.000,33.229,0.104,395884.0,395.88,36972.72,11372.72,1.092,0.000,0.000,0.004,0.000,0.001,2.093,Fuzzy
405,20.2496,-2.098,577.364,0.002,-0.104,-33.178,0.000,33.178,0.104,395815.8,395.82,36966.23,11366.23,1.092,0.000,0.000,0.004,0.000,0.001,2.098,Fuzzy
406,20.2996,-2.103,575.707,0.002,-0.104,-33.126,0.000,33.127,0.104,395747.1,395.75,36959.74,11359.74,1.092,0.000,0.000,0.004,0.000,0.001,2.103,Fuzzy
407,20.3496,-2.108,574.052,0.002,-0.104,-33.075,0.000,33.075,0.104,395678.2,395.68,36953.26,11353.26,1.092,0.000,0.000,0.004,0.000,0.001,2.108,Fuzzy
408,20.3996,-2.113,572.399,0.002,-0.104,-33.024,0.000,33.024,0.104,395608.9,395.61,36946.77,11346.77,1.092,0.000,0.000,0.004,0.000,0.001,2.113,Fuzzy
409,20.4496,-2.119,570.749,0.002,-0.104,-32.973,0.000,32.973,0.104,395539.2,395.54,36940.29,11340.29,1.092,0.000,0.000,0.004,0.000,0.001,2.119,Fuzzy
410,20.4996,-2.124,569.102,0.002,-0.105,-32.922,0.000,32.922,0.105,395469.3,395.47,36933.80,11333.80,1.092,0.000,0.000,0.004,0.000,0.001,2.124,Fuzzy
411,20.5496,-2.129,567.457,0.002,-0.105,-32.870,0.000,32.871,0.105,395398.9,395.40,36927.32,11327.32,1.092,0.000,0.000,0.004,0.000,0.001,2.129,Fuzzy
412,20.5996,-2.134,565.815,0.002,-0.105,-32.819,0.000,32.819,0.105,395328.5,395.33,36920.84,11320.84,1.092,0.000,0.000,0.004,0.000,0.001,2.134,Fuzzy
413,20.6495,-2.140,564.175,0.002,-0.105,-32.768,0.000,32.768,0.105,395257.5,395.26,36914.35,11314.35,1.092,0.000,0.000,0.004,0.000,0.001,2.140,Fuzzy
414,20.6995,-2.145,562.538,0.002,-0.105,-32.717,0.000,32.717,0.105,395186.5,395.19,36907.88,11307.87,1.092,0.000,0.000,0.004,0.000,0.001,2.145,Fuzzy
415,20.7495,-2.150,560.903,0.002,-0.105,-32.666,0.000,32.666,0.105,395115.0,395.12,36901.40,11301.40,1.092,0.000,0.000,0.004,0.000,0.001,2.150,Fuzzy
416,20.7995,-2.155,559.271,0.002,-0.105,-32.615,0.000,32.615,0.105,395043.4,395.04,36894.93,11294.92,1.092,0.000,0.000,0.004,0.000,0.001,2.155,Fuzzy
417,20.8495,-2.161,557.642,0.002,-0.105,-32.564,0.000,32.564,0.105,394971.4,394.97,36888.45,11288.45,1.092,0.000,0.000,0.004,0.000,0.001,2.161,Fuzzy
418,20.8995,-2.166,556.015,0.002,-0.105,-32.513,0.000,32.513,0.105,394899.5,394.90,36881.98,11281.98,1.092,0.000,0.000,0.004,0.000,0.001,2.166,Fuzzy
419,20.9495,-2.171,554.391,0.002,-0.106,-32.462,0.000,32.462,0.106,394826.9,394.83,36875.50,11275.50,1.092,0.000,0.000,0.004,0.000,0.001,2.171,Fuzzy
420,20.9995,-2.176,552.769,0.002,-0.106,-32.411,0.000,32.411,0.106,394754.3,394.75,36869.03,11269.03,1.092,0.000,0.000,0.004,0.000,0.001,2.176,Fuzzy
421,21.0495,-2.182,551.150,0.002,-0.106,-32.360,0.000,32.360,0.106,394681.4,394.68,36862.55,11262.55,1.092,0.020,0.000,0.004,-0.004,-0.003,2.182,Fuzzy
422,21.0995,-2.187,549.533,0.002,-0.106,-32.309,0.000,32.309,0.106,394608.4,394.61,36856.08,11256.08,1.092,0.020,0.000,0.004,-0.004,-0.003,2.187,Fuzzy
423,21.1495,-2.192,547.919,0.002,-0.106,-32.258,0.000,32.258,0.106,394535.3,394.54,36849.62,11249.62,1.092,0.020,0.000,0.003,0.004,-0.002,2.192,Fuzzy
424,21.1995,-2.198,546.307,0.002,-0.106,-32.207,0.000,32.207,0.106,394461.7,394.46,36843.15,11243.15,1.092,0.020,0.000,0.003,0.004,-0.002,2.198,Fuzzy
425,21.2494,-2.203,544.698,0.002,-0.107,-32.156,0.000,32.156,0.107,394388.2,394.39,36836.69,11236.69,1.092,0.020,0.000,0.003,-0.004,-0.002,2.203,Fuzzy
426,21.2994,-2.208,543.091,0.002,-0.107,-32.105,0.000,32.105,0.107,394314.4,394.31,36830.22,11230.22,1.092,0.020,0.000,0.002,-0.004,-0.002,2.208,Fuzzy
427,21.3494,-2.214,541.487,0.002,-0.107,-32.054,0.000,32.054,0.107,394240.4,394.24,36823.76,11223.76,1.092,0.020,0.000,0.002,0.004,-0.002,2.214,Fuzzy
428,21.3994,-2.219,539.886,0.002,-0.107,-32.003,0.000,32.004,0.107,394166.3,394.17,36817.29,11217.29,1.092,0.020,0.000,0.002,0.004,-0.002,2.219,Fuzzy
429,21.4494,-2.224,538.287,0.002,-0.107,-31.953,0.000,31.953,0.107,394091.9,394.09,36810.83,11210.83,1.092,0.020,0.000,0.002,0.004,-0.001,2.224,Fuzzy
430,21.4994,-2.230,536.691,0.002,-0.107,-31.902,0.000,31.902,0.107,394017.5,394.02,36804.37,11204.37,1.092,0.020,0.000,0.001,-0.004,-0.001,2.230,Fuzzy
431,21.5494,-2.235,535.097,0.002,-0.108,-31.851,0.000,31.851,0.108,393942.9,393.94,36797.91,11197.91,1.092,0.020,0.000,0.001,-0.004,-0.001,2.235,Fuzzy
432,21.5994,-2.240,533.506,0.002,-0.108,-31.800,0.000,31.800,0.108,393868.2,393.87,36791.46,11191.46,1.092,0.020,0.000,0.001,0.004,-0.001,2.240,Fuzzy
433,21.6494,-2.246,531.917,0.002,-0.108,-31.750,0.000,31.750,0.108,393793.3,393.79,36785.00,11185.00,1.092,0.020,0.000,0.001,0.004,-0.001,2.246,Fuzzy
434,21.6994,-2.251,530.331,0.002,-0.108,-31.699,0.000,31.699,0.108,393718.3,393.72,36778.55,11178.55,1.092,0.020,0.000,0.001,-0.004,-0.001,2.251,Fuzzy
435,21.7494,-2.257,528.747,0.002,-0.108,-31.648,0.000,31.648,0.108,393643.1,393.64,36772.09,11172.09,1.092,0.020,0.000,0.001,0.004,-0.001,2.257,Fuzzy
436,21.7994,-2.262,527.166,0.002,-0.108,-31.598,0.000,31.598,0.108,393567.9,393.57,36765.64,11165.64,1.092,0.020,0.000,0.001,0.004,0.000,2.262,Fuzzy
437,21.8493,-2.267,525.587,0.002,-0.108,-31.547,0.000,31.547,0.108,393492.5,393.49,36759.18,11159.18,1.092,0.020,0.000,0.001,-0.004,0.000,2.267,Fuzzy
438,21.8993,-2.273,524.011,0.002,-0.109,-31.496,0.000,31.497,0.109,393417.0,393.42,36752.73,11152.73,1.092,0.020,0.000,0.001,0.004,0.000,2.273,Fuzzy
439,21.9493,-2.278,522.438,0.002,-0.109,-31.446,0.000,31.446,0.109,393341.4,393.34,36746.29,11146.28,1.092,0.020,0.000,0.001,0.004,0.000,2.278,Fuzzy
440,21.9993,-2.284,520.867,0.002,-0.109,-31.395,0.000,31.395,0.109,393265.9,393.27,36739.84,11139.84,1.092,0.020,0.000,0.001,-0.004,0.000,2.284,Fuzzy
441,22.0493,-2.289,519.298,0.002,-0.109,-31.345,0.000,31.345,0.109,393190.1,393.19,36733.39,11133.39,1.092,0.020,0.000,0.001,0.004,0.000,2.289,Fuzzy
442,22.0993,-2.295,517.732,0.002,-0.109,-31.294,0.000,31.295,0.109,393114.3,393.11,36726.95,11126.95,1.092,0.020,0.000,0.001,-0.004,0.000,2.295,Fuzzy
443,22.1493,-2.300,516.169,0.002,-0.109,-31.244,0.000,31.244,0.109,393038.3,393.04,36720.50,11120.50,1.092,0.020,0.000,0.001,0.004,0.000,2.300,Fuzzy
444,22.1993,-2.306,514.608,0.002,-0.110,-31.193,0.000,31.194,0.110,392962.3,392.96,36714.06,11114.06,1.092,0.020,0.000,0.001,0.004,0.000,2.306,Fuzzy
445,22.2493,-2.311,513.049,0.002,-0.110,-31.143,0.000,31.143,0.110,392886.2,392.89,36707.61,11107.61,1.092,0.020,0.000,0.001,-0.004,0.000,2.311,Fuzzy
446,22.2993,-2.317,511.493,0.002,-0.110,-31.093,0.000,31.093,0.110,392810.1,392.81,36701.17,11101.17,1.092,0.020,0.000,0.001,0.004,0.001,2.317,Fuzzy
447,22.3493,-2.322,509.940,0.002,-0.110,-31.042,0.000,31.042,0.110,392733.9,392.73,36694.74,11094.74,1.092,0.020,0.000,0.001,-0.004,0.001,2.322,Fuzzy
448,22.3992,-2.328,508.389,0.002,-0.110,-30.992,0.000,30.992,0.110,392657.7,392.66,36688.30,11088.30,1.092,0.020,0.000,0.001,0.004,0.001,2.328,Fuzzy
449,22.4492,-2.333,506.841,0.002,-0.110,-30.942,0.000,30.942,0.110,392581.3,392.58,36681.87,11081.87,1.092,0.020,0.000,0.001,-0.004,0.001,2.333,Fuzzy
450,22.4992,-2.339,505.295,0.002,-0.110,-30.891,0.000,30.892,0.110,392504.9,392.50,36675.43,11075.43,1.091,0.020,0.000,0.001,-0.004,0.001,2.339,Fuzzy
451,22.5492,-2.344,503.752,0.002,-0.111,-30.841,0.000,30.841,0.111,392428.6,392.43,36669.00,11069.00,1.091,0.020,0.000,0.001,0.004,0.001,2.344,Fuzzy
452,22.5992,-2.350,502.211,0.002,-0.111,-30.791,0.000,30.791,0.111,392352.1,392.35,36662.56,11062.56,1.091,0.020,0.000,0.001,-0.004,0.001,2.350,Fuzzy
453,22.6492,-2.355,500.673,0.002,-0.111,-30.741,0.000,30.741,0.111,392275.5,392.28,36656.13,11056.12,1.091,0.020,0.000,0.001,0.004,0.001,2.355,Fuzzy
454,22.6992,-2.361,499.137,0.002,-0.111,-30.691,0.000,30.691,0.111,392199.0,392.20,36649.70,11049.70,1.091,0.020,0.000,0.001,0.004,0.001,2.361,Fuzzy
455,22.7492,-2.366,497.604,0.002,-0.111,-30.640,0.000,30.641,0.111,392122.5,392.12,36643.27,11043.27,1.091,0.020,0.000,0.001,0.004,0.001,2.366,Fuzzy
456,22.7992,-2.372,496.073,0.002,-0.111,-30.590,0.000,30.590,0.111,392046.0,392.05,36636.84,11036.84,1.091,0.020,0.000,0.001,-0.004,0.001,2.372,Fuzzy
457,22.8492,-2.377,494.545,0.002,-0.112,-30.540,0.000,30.540,0.112,391969.4,391.97,36630.42,11030.42,1.091,0.020,0.000,0.001,0.004,0.001,2.377,Fuzzy
458,22.8992,-2.383,493.019,0.002,-0.112,-30.490,0.000,30.490,0.112,391892.8,391.89,36623.99,11023.99,1.091,0.020,0.000,0.002,0.004,0.001,2.383,Fuzzy
459,22.9492,-2.389,491.496,0.002,-0.112,-30.440,0.000,30.440,0.112,391816.1,391.82,36617.57,11017.57,1.091,0.020,0.000,0.002,-0.004,0.001,2.389,Fuzzy
460,22.9991,-2.394,489.975,0.002,-0.112,-30.390,0.000,30.390,0.112,391739.4,391.74,36611.14,11011.14,1.091,0.020,0.000,0.002,0.004,0.001,2.394,Fuzzy
461,23.0491,-2.400,488.457,0.002,-0.112,-30.340,0.000,30.340,0.112,391662.7,391.66,36604.71,11004.72,1.091,0.020,0.000,0.002,0.004,0.001,2.400,Fuzzy
462,23.0991,-2.405,486.941,0.002,-0.112,-30.290,0.000,30.290,0.112,391586.1,391.59,36598.30,10998.30,1.091,0.020,0.000,0.002,-0.004,0.001,2.405,Fuzzy
463,23.1491,-2.411,485.427,0.002,-0.112,-30.240,0.000,30.240,0.112,391509.4,391.51,36591.88,10991.88,1.091,0.020,0.000,0.002,-0.004,0.001,2.411,Fuzzy
464,23.1991,-2.417,483.917,0.002,-0.113,-30.190,0.000,30.190,0.113,391432.8,391.43,36585.47,10985.47,1.091,0.020,0.000,0.002,0.004,0.002,2.417,Fuzzy
465,23.2491,-2.422,482.408,0.002,-0.113,-30.140,0.000,30.141,0.113,391356.2,391.36,36579.05,10979.05,1.091,0.020,0.000,0.002,0.004,0.002,2.422,Fuzzy
466,23.2991,-2.428,480.903,0.002,-0.113,-30.091,0.000,30.091,0.113,391279.5,391.28,36572.64,10972.64,1.091,0.020,0.000,0.002,0.004,0.002,2.428,Fuzzy
467,23.3491,-2.434,479.399,0.002,-0.113,-30.041,0.000,30.041,0.113,391202.8,391.20,36566.22,10966.22,1.091,0.020,0.000,0.003,0.004,0.002,2.434,Fuzzy
468,23.3991,-2.439,477.899,0.002,-0.113,-29.991,0.000,29.991,0.113,391126.1,391.13,36559.80,10959.80,1.091,0.020,0.000,0.003,0.004,0.002,2.439,Fuzzy
469,23.4491,-2.445,476.400,0.002,-0.113,-29.941,0.000,29.941,0.113,391049.4,391.05,36553.39,10953.39,1.091,0.020,0.000,0.003,0.004,0.002,2.445,Fuzzy
470,23.4991,-2.451,474.904,0.002,-0.114,-29.891,0.000,29.892,0.114,390972.8,390.97,36546.98,10946.98,1.091,0.020,0.000,0.003,0.004,0.002,2.451,Fuzzy
471,23.5491,-2.456,473.411,0.002,-0.114,-29.842,0.000,29.842,0.114,390896.3,390.90,36540.58,10940.58,1.091,0.020,0.000,0.003,-0.004,0.002,2.456,Fuzzy
472,23.5990,-2.462,471.920,0.002,-0.114,-29.792,0.000,29.792,0.114,390819.7,390.82,36534.17,10934.17,1.091,0.020,0.000,0.003,-0.004,0.002,2.462,Fuzzy
473,23.6490,-2.468,470.432,0.002,-0.114,-29.742,0.000,29.742,0.114,390743.1,390.74,36527.77,10927.76,1.091,0.020,0.000,0.003,-0.004,0.002,2.468,Fuzzy
474,23.6990,-2.473,468.946,0.002,-0.114,-29.693,0.000,29.693,0.114,390666.6,390.67,36521.36,10921.36,1.091,0.020,0.000,0.003,-0.004,0.002,2.473,Fuzzy
475,23.7490,-2.479,467.463,0.002,-0.114,-29.643,0.000,29.643,0.114,390590.0,390.59,36514.95,10914.95,1.091,0.020,0.000,0.003,0.004,0.002,2.479,Fuzzy
476,23.7990,-2.485,465.982,0.002,-0.115,-29.593,0.000,29.594,0.115,390513.4,390.51,36508.55,10908.55,1.091,0.020,0.000,0.003,-0.004,0.002,2.485,Fuzzy
477,23.8490,-2.491,464.503,0.002,-0.115,-29.544,0.000,29.544,0.115,390437.0,390.44,36502.14,10902.14,1.091,0.020,0.000,0.004,-0.004,0.002,2.491,Fuzzy
478,23.8990,-2.496,463.027,0.002,-0.115,-29.494,0.000,29.495,0.115,390360.6,390.36,36495.75,10895.75,1.091,0.020,0.000,0.004,0.004,0.002,2.496,Fuzzy
479,23.9490,-2.502,461.554,0.002,-0.115,-29.445,0.000,29.445,0.115,390284.2,390.28,36489.35,10889.35,1.091,0.020,0.000,0.004,-0.004,0.002,2.502,Fuzzy
480,23.9990,-2.508,460.083,0.002,-0.115,-29.395,0.000,29.396,0.115,390207.9,390.21,36482.95,10882.95,1.091,0.020,0.000,0.004,0.004,0.002,2.508,Fuzzy
481,24.0490,-2.514,458.614,0.002,-0.115,-29.346,0.000,29.346,0.115,390131.5,390.13,36476.56,10876.56,1.091,0.020,0.000,0.004,0.004,0.002,2.514,Fuzzy
482,24.0990,-2.519,457.148,0.002,-0.116,-29.296,0.000,29.297,0.116,390055.3,390.06,36470.16,10870.16,1.091,0.020,0.000,0.004,-0.004,0.002,2.519,Fuzzy
483,24.1490,-2.525,455.685,0.002,-0.116,-29.247,0.000,29.247,0.116,389979.1,389.98,36463.77,10863.76,1.091,0.020,0.000,0.004,0.004,0.002,2.525,Fuzzy
484,24.1989,-2.531,454.224,0.002,-0.116,-29.198,0.000,29.198,0.116,389902.8,389.90,36457.37,10857.37,1.091,0.020,0.000,0.004,0.004,0.002,2.531,Fuzzy
485,24.2489,-2.537,452.765,0.002,-0.116,-29.148,0.000,29.149,0.116,389826.7,389.83,36450.98,10850.98,1.091,0.020,0.000,0.004,-0.004,0.002,2.537,Fuzzy
486,24.2989,-2.542,451.309,0.002,-0.116,-29.099,0.000,29.099,0.116,389750.6,389.75,36444.59,10844.59,1.091,0.020,0.000,0.004,0.004,0.002,2.542,Fuzzy
487,24.3489,-2.548,449.855,0.002,-0.116,-29.050,0.000,29.050,0.116,389674.5,389.67,36438.20,10838.20,1.091,0.020,0.000,0.004,-0.004,0.002,2.548,Fuzzy
488,24.3989,-2.554,448.404,0.002,-0.117,-29.000,0.000,29.001,0.117,389598.6,389.60,36431.82,10831.82,1.091,0.020,0.000,0.004,-0.004,0.002,2.554,Fuzzy
489,24.4489,-2.560,446.955,0.002,-0.117,-28.951,0.000,28.951,0.117,389522.6,389.52,36425.43,10825.43,1.091,0.020,0.000,0.005,0.004,0.002,2.560,Fuzzy
490,24.4989,-2.566,445.509,0.002,-0.117,-28.902,0.000,28.902,0.117,389446.7,389.45,36419.04,10819.04,1.091,0.020,0.000,0.005,-0.004,0.002,2.566,Fuzzy
491,24.5489,-2.572,444.065,0.002,-0.117,-28.853,0.000,28.853,0.117,389370.8,389.37,36412.66,10812.66,1.091,0.020,0.000,0.005,0.004,0.002,2.572,Fuzzy
492,24.5989,-2.578,442.623,0.002,-0.117,-28.804,0.000,28.804,0.117,389295.0,389.30,36406.27,10806.27,1.091,0.020,0.000,0.005,0.004,0.002,2.578,Fuzzy
493,24.6489,-2.583,441.184,0.002,-0.118,-28.754,0.000,28.755,0.118,389219.3,389.22,36399.89,10799.89,1.091,0.020,0.000,0.005,-0.004,0.002,2.583,Fuzzy
494,24.6989,-2.589,439.748,0.002,-0.118,-28.705,0.000,28.705,0.118,389143.6,389.14,36393.52,10793.51,1.090,0.020,0.000,0.005,0.004,0.002,2.589,Fuzzy
495,24.7489,-2.595,438.314,0.002,-0.118,-28.656,0.000,28.656,0.118,389067.9,389.07,36387.14,10787.14,1.090,0.020,0.000,0.005,-0.004,0.002,2.595,Fuzzy
496,24.7988,-2.601,436.882,0.002,-0.118,-28.607,0.000,28.607,0.118,388992.4,388.99,36380.76,10780.76,1.090,0.028,0.000,0.005,-0.004,0.002,2.601,Fuzzy
497,24.8488,-2.607,435.453,0.002,-0.119,-28.558,0.000,28.558,0.119,388916.9,388.92,36374.38,10774.38,1.090,0.028,0.000,0.005,0.005,0.000,2.607,Fuzzy
498,24.8988,-2.613,434.027,0.002,-0.119,-28.509,0.000,28.509,0.119,388841.5,388.84,36368.01,10768.01,1.090,0.028,0.000,0.005,-0.005,0.000,2.613,Fuzzy
499,24.9488,-2.619,432.602,0.002,-0.119,-28.460,0.000,28.460,0.119,388766.1,388.77,36361.63,10761.63,1.090,0.028,0.000,0.005,-0.005,0.000,2.619,Fuzzy
500,24.9988,-2.625,431.181,0.003,-0.119,-28.411,0.000,28.411,0.119,388690.7,388.69,36355.25,10755.25,1.090,0.028,0.000,0.005,-0.005,0.000,2.625,Fuzzy
501,25.0488,-2.631,429.761,0.003,-0.119,-28.362,0.000,28.362,0.119,388615.5,388.62,36348.88,10748.88,1.090,0.028,0.000,0.005,0.005,0.000,2.631,Fuzzy
502,25.0988,-2.637,428.344,0.003,-0.120,-28.313,0.000,28.313,0.120,388540.4,388.54,36342.52,10742.52,1.090,0.028,0.000,0.004,-0.005,0.000,2.637,Fuzzy
503,25.1488,-2.643,426.930,0.003,-0.120,-28.264,0.000,28.264,0.120,388465.3,388.47,36336.15,10736.15,1.090,0.028,0.000,0.004,-0.005,0.000,2.643,Fuzzy
504,25.1988,-2.649,425.518,0.003,-0.120,-28.215,0.000,28.216,0.120,388390.3,388.39,36329.78,10729.78,1.090,0.028,0.000,0.004,-0.005,0.001,2.649,Fuzzy
505,25.2488,-2.655,424.108,0.003,-0.120,-28.166,0.000,28.167,0.120,388315.3,388.32,36323.41,10723.42,1.090,0.028,0.000,0.004,0.005,0.001,2.655,Fuzzy
506,25.2988,-2.661,422.701,0.003,-0.121,-28.118,0.000,28.118,0.121,388240.4,388.24,36317.05,10717.05,1.090,0.028,0.000,0.004,0.005,0.001,2.661,Fuzzy
507,25.3488,-2.667,421.297,0.003,-0.121,-28.069,0.000,28.069,0.121,388165.5,388.17,36310.68,10710.68,1.090,0.028,0.000,0.004,0.005,0.001,2.667,Fuzzy
508,25.3987,-2.673,419.894,0.003,-0.121,-28.020,0.000,28.020,0.121,388090.8,388.09,36304.31,10704.31,1.090,0.028,0.000,0.004,-0.005,0.001,2.673,Fuzzy
509,25.4487,-2.679,418.495,0.003,-0.121,-27.971,0.000,27.972,0.121,388016.1,388.02,36297.96,10697.96,1.090,0.028,0.000,0.004,-0.005,0.001,2.679,Fuzzy
510,25.4987,-2.685,417.097,0.003,-0.122,-27.923,0.000,27.923,0.122,387941.5,387.94,36291.60,10691.60,1.090,0.028,0.000,0.004,0.005,0.001,2.685,Fuzzy
511,25.5487,-2.691,415.702,0.003,-0.122,-27.874,0.000,27.874,0.122,387867.0,387.87,36285.24,10685.24,1.090,0.028,0.000,0.004,-0.005,0.001,2.691,Fuzzy
512,25.5987,-2.697,414.310,0.003,-0.122,-27.825,0.000,27.825,0.122,387792.5,387.79,36278.88,10678.88,1.090,0.028,0.000,0.004,-0.005,0.001,2.697,Fuzzy
513,25.6487,-2.703,412.920,0.003,-0.122,-27.776,0.000,27.777,0.122,387718.1,387.72,36272.53,10672.53,1.090,0.028,0.000,0.004,-0.005,0.001,2.703,Fuzzy
514,25.6987,-2.709,411.532,0.003,-0.123,-27.728,0.000,27.728,0.123,387643.8,387.64,36266.17,10666.17,1.090,0.028,0.000,0.004,0.005,0.001,2.709,Fuzzy
515,25.7487,-2.716,410.147,0.003,-0.123,-27.679,0.000,27.680,0.123,387569.5,387.57,36259.81,10659.81,1.090,0.028,0.000,0.004,0.005,0.001,2.716,Fuzzy
516,25.7987,-2.722,408.764,0.003,-0.123,-27.631,0.000,27.631,0.123,387495.3,387.50,36253.45,10653.46,1.090,0.028,0.000,0.004,0.005,0.001,2.722,Fuzzy
517,25.8487,-2.728,407.384,0.003,-0.123,-27.582,0.000,27.582,0.123,387421.3,387.42,36247.11,10647.11,1.090,0.028,0.000,0.004,0.005,0.001,2.728,Fuzzy
518,25.8987,-2.734,406.006,0.003,-0.124,-27.534,0.000,27.534,0.124,387347.3,387.35,36240.76,10640.76,1.090,0.028,0.000,0.004,0.005,0.001,2.734,Fuzzy
519,25.9487,-2.740,404.631,0.003,-0.124,-27.485,0.000,27.485,0.124,387273.3,387.27,36234.41,10634.41,1.090,0.028,0.000,0.004,0.005,0.001,2.740,Fuzzy
520,25.9986,-2.746,403.258,0.003,-0.124,-27.436,0.000,27.437,0.124,387199.5,387.20,36228.06,10628.06,1.090,0.028,0.000,0.004,0.005,0.001,2.746,Fuzzy
521,26.0486,-2.753,401.887,0.003,-0.124,-27.388,0.000,27.388,0.124,387125.7,387.13,36221.72,10621.72,1.090,0.028,0.000,0.004,0.005,0.001,2.753,Fuzzy
522,26.0986,-2.759,400.519,0.003,-0.125,-27.340,0.000,27.340,0.125,387052.1,387.05,36215.37,10615.37,1.090,0.028,0.000,0.004,-0.005,0.001,2.759,Fuzzy
523,26.1486,-2.765,399.153,0.003,-0.125,-27.291,0.000,27.291,0.125,386978.4,386.98,36209.02,10609.02,1.090,0.028,0.000,0.004,-0.005,0.001,2.765,Fuzzy
524,26.1986,-2.771,397.790,0.003,-0.125,-27.243,0.000,27.243,0.125,386904.8,386.90,36202.67,10602.67,1.090,0.028,0.000,0.004,0.005,0.001,2.771,Fuzzy
525,26.2486,-2.778,396.429,0.003,-0.125,-27.194,0.000,27.195,0.125,386831.4,386.83,36196.34,10596.33,1.090,0.028,0.000,0.004,-0.005,0.001,2.778,Fuzzy
526,26.2986,-2.784,395.070,0.003,-0.126,-27.146,0.000,27.146,0.126,386758.1,386.76,36190.00,10590.00,1.090,0.028,0.000,0.004,-0.005,0.001,2.784,Fuzzy
527,26.3486,-2.790,393.714,0.003,-0.126,-27.098,0.000,27.098,0.126,386684.8,386.68,36183.66,10583.66,1.090,0.034,0.000,0.004,0.007,0.000,2.790,Fuzzy
528,26.3986,-2.797,392.361,0.003,-0.126,-27.049,0.000,27.050,0.126,386611.6,386.61,36177.32,10577.32,1.090,0.034,0.000,0.004,0.007,0.000,2.797,Fuzzy
529,26.4486,-2.803,391.009,0.003,-0.127,-27.001,0.000,27.001,0.127,386538.5,386.54,36170.98,10570.98,1.090,0.034,0.000,0.004,-0.007,0.000,2.803,Fuzzy
530,26.4986,-2.809,389.661,0.003,-0.127,-26.953,0.000,26.953,0.127,386465.5,386.47,36164.64,10564.65,1.090,0.034,0.000,0.004,0.007,0.000,2.809,Fuzzy
531,26.5486,-2.816,388.314,0.003,-0.127,-26.904,0.000,26.905,0.127,386392.4,386.39,36158.31,10558.31,1.090,0.034,0.000,0.004,0.007,0.001,2.816,Fuzzy
532,26.5985,-2.822,386.970,0.003,-0.127,-26.856,0.000,26.856,0.127,386319.5,386.32,36151.97,10551.97,1.090,0.034,0.000,0.004,-0.007,0.001,2.822,Fuzzy
533,26.6485,-2.828,385.628,0.003,-0.128,-26.808,0.000,26.808,0.128,386246.8,386.25,36145.64,10545.64,1.090,0.034,0.000,0.004,0.007,0.001,2.828,Fuzzy
534,26.6985,-2.835,384.289,0.003,-0.128,-26.760,0.000,26.760,0.128,386174.1,386.17,36139.31,10539.31,1.090,0.034,0.000,0.004,-0.006,0.001,2.835,Fuzzy
535,26.7485,-2.841,382.953,0.003,-0.128,-26.712,0.000,26.712,0.128,386101.5,386.10,36132.98,10532.98,1.090,0.034,0.000,0.004,-0.007,0.001,2.841,Fuzzy
536,26.7985,-2.848,381.618,0.003,-0.129,-26.663,0.000,26.664,0.129,386029.0,386.03,36126.66,10526.65,1.090,0.034,0.000,0.004,0.007,0.001,2.848,Fuzzy
537,26.8485,-2.854,380.286,0.003,-0.129,-26.615,0.000,26.616,0.129,385956.5,385.96,36120.33,10520.33,1.090,0.034,0.000,0.004,0.007,0.001,2.854,Fuzzy
538,26.8985,-2.860,378.957,0.003,-0.129,-26.567,0.000,26.567,0.129,385884.1,385.88,36114.00,10514.00,1.090,0.034,0.000,0.004,-0.007,0.001,2.860,Fuzzy
539,26.9485,-2.867,377.630,0.003,-0.130,-26.519,0.000,26.519,0.130,385811.8,385.81,36107.67,10507.67,1.090,0.034,0.000,0.004,0.007,0.001,2.867,Fuzzy
540,26.9985,-2.873,376.305,0.003,-0.130,-26.471,0.000,26.471,0.130,385739.6,385.74,36101.34,10501.34,1.090,0.034,0.000,0.004,0.007,0.001,2.873,Fuzzy
541,27.0485,-2.880,374.982,0.003,-0.130,-26.423,0.000,26.423,0.130,385667.4,385.67,36095.02,10495.02,1.090,0.034,0.000,0.004,-0.007,0.001,2.880,Fuzzy
542,27.0985,-2.886,373.662,0.003,-0.130,-26.375,0.000,26.375,0.130,385595.5,385.60,36088.70,10488.70,1.090,0.034,0.000,0.004,0.007,0.001,2.886,Fuzzy
543,27.1485,-2.893,372.345,0.003,-0.131,-26.327,0.000,26.327,0.131,385523.4,385.52,36082.38,10482.38,1.090,0.034,0.000,0.004,-0.006,0.001,2.893,Fuzzy
544,27.1984,-2.899,371.030,0.003,-0.131,-26.279,0.000,26.279,0.131,385451.7,385.45,36076.06,10476.06,1.090,0.034,0.000,0.004,-0.007,0.001,2.899,Fuzzy
545,27.2484,-2.906,369.717,0.003,-0.131,-26.231,0.000,26.231,0.131,385379.8,385.38,36069.75,10469.75,1.090,0.034,0.000,0.004,0.007,0.001,2.906,Fuzzy
546,27.2984,-2.913,368.407,0.003,-0.132,-26.183,0.000,26.183,0.132,385308.2,385.31,36063.43,10463.43,1.090,0.034,0.000,0.004,-0.007,0.001,2.913,Fuzzy
547,27.3484,-2.919,367.099,0.003,-0.132,-26.135,0.000,26.135,0.132,385236.5,385.24,36057.11,10457.11,1.090,0.034,0.000,0.004,0.007,0.001,2.919,Fuzzy
548,27.3984,-2.926,365.793,0.003,-0.132,-26.087,0.000,26.087,0.132,385164.9,385.16,36050.79,10450.79,1.090,0.034,0.000,0.004,-0.007,0.001,2.926,Fuzzy
549,27.4484,-2.932,364.490,0.003,-0.133,-26.039,0.000,26.039,0.133,385093.5,385.09,36044.47,10444.47,1.090,0.034,0.000,0.004,0.007,0.001,2.932,Fuzzy
550,27.4984,-2.939,363.189,0.003,-0.133,-25.991,0.000,25.992,0.133,385022.2,385.02,36038.16,10438.17,1.090,0.034,0.000,0.004,-0.007,0.001,2.939,Fuzzy
551,27.5484,-2.946,361.891,0.003,-0.133,-25.943,0.000,25.944,0.133,384950.9,384.95,36031.86,10431.86,1.090,0.034,0.000,0.004,0.007,0.001,2.946,Fuzzy
552,27.5984,-2.952,360.595,0.003,-0.134,-25.896,0.000,25.896,0.134,384879.7,384.88,36025.55,10425.55,1.090,0.034,0.000,0.004,0.007,0.001,2.952,Fuzzy
553,27.6484,-2.959,359.301,0.003,-0.134,-25.848,0.000,25.848,0.134,384808.6,384.81,36019.24,10419.24,1.090,0.040,0.000,0.004,-0.008,0.001,2.959,Fuzzy
554,27.6984,-2.966,358.010,0.003,-0.134,-25.800,0.000,25.800,0.134,384737.6,384.74,36012.93,10412.93,1.090,0.040,0.000,0.004,0.008,0.001,2.966,Fuzzy
555,27.7484,-2.972,356.721,0.003,-0.135,-25.752,0.000,25.752,0.135,384666.6,384.67,36006.62,10406.62,1.090,0.040,0.000,0.004,-0.008,0.001,2.972,Fuzzy
556,27.7983,-2.979,355.435,0.003,-0.135,-25.704,0.000,25.705,0.135,384595.8,384.60,36000.31,10400.31,1.089,0.040,0.000,0.004,0.008,0.001,2.979,Fuzzy
557,27.8483,-2.986,354.151,0.003,-0.135,-25.657,0.000,25.657,0.135,384524.9,384.52,35994.00,10394.00,1.089,0.040,0.000,0.004,-0.008,0.001,2.986,Fuzzy
558,27.8983,-2.993,352.869,0.003,-0.136,-25.609,0.000,25.609,0.136,384454.3,384.45,35987.70,10387.70,1.089,0.040,0.000,0.004,0.008,0.001,2.993,Fuzzy
559,27.9483,-2.999,351.590,0.003,-0.136,-25.561,0.000,25.561,0.136,384383.7,384.38,35981.41,10381.41,1.089,0.040,0.000,0.004,-0.008,0.001,2.999,Fuzzy
560,27.9983,-3.006,350.313,0.003,-0.136,-25.513,0.000,25.514,0.136,384313.2,384.31,35975.11,10375.11,1.089,0.040,0.000,0.004,-0.007,0.001,3.006,Fuzzy
561,28.0483,-3.013,349.039,0.003,-0.137,-25.466,0.000,25.466,0.137,384242.8,384.24,35968.81,10368.81,1.089,0.040,0.000,0.004,0.008,0.001,3.013,Fuzzy
562,28.0983,-3.020,347.767,0.003,-0.137,-25.418,0.000,25.418,0.137,384172.4,384.17,35962.51,10362.51,1.089,0.040,0.000,0.004,0.008,0.001,3.020,Fuzzy
563,28.1483,-3.027,346.497,0.003,-0.137,-25.370,0.000,25.371,0.137,384102.2,384.10,35956.21,10356.21,1.089,0.040,0.000,0.004,-0.008,0.001,3.027,Fuzzy
564,28.1983,-3.034,345.230,0.003,-0.138,-25.323,0.000,25.323,0.138,384031.9,384.03,35949.91,10349.91,1.089,0.040,0.000,0.004,0.008,0.001,3.034,Fuzzy
565,28.2483,-3.041,343.965,0.003,-0.138,-25.275,0.000,25.276,0.138,383961.8,383.96,35943.61,10343.61,1.089,0.040,0.000,0.004,-0.008,0.001,3.041,Fuzzy
566,28.2983,-3.047,342.702,0.003,-0.138,-25.228,0.000,25.228,0.138,383891.7,383.89,35937.32,10337.32,1.089,0.040,0.000,0.004,-0.008,0.001,3.047,Fuzzy
567,28.3483,-3.054,341.442,0.003,-0.139,-25.180,0.000,25.180,0.139,383821.9,383.82,35931.03,10331.03,1.089,0.040,0.000,0.004,0.008,0.001,3.054,Fuzzy
568,28.3982,-3.061,340.184,0.003,-0.139,-25.132,0.000,25.133,0.139,383752.0,383.75,35924.74,10324.74,1.089,0.040,0.000,0.004,0.008,0.001,3.061,Fuzzy
569,28.4482,-3.068,338.929,0.003,-0.139,-25.085,0.000,25.085,0.139,383682.3,383.68,35918.45,10318.45,1.089,0.040,0.000,0.004,0.008,0.001,3.068,Fuzzy
570,28.4982,-3.075,337.676,0.003,-0.140,-25.037,0.000,25.038,0.140,383612.6,383.61,35912.16,10312.16,1.089,0.040,0.000,0.004,-0.008,0.001,3.075,Fuzzy
571,28.5482,-3.082,336.425,0.003,-0.140,-24.990,0.000,24.990,0.140,383543.0,383.54,35905.87,10305.87,1.089,0.040,0.000,0.005,-0.008,0.001,3.082,Fuzzy
572,28.5982,-3.089,335.177,0.003,-0.140,-24.942,0.000,24.943,0.140,383473.5,383.47,35899.58,10299.58,1.089,0.040,0.000,0.005,-0.008,0.001,3.089,Fuzzy
573,28.6482,-3.096,333.931,0.003,-0.141,-24.895,0.000,24.895,0.141,383404.0,383.40,35893.29,10293.29,1.089,0.040,0.000,0.005,0.008,0.002,3.096,Fuzzy
574,28.6982,-3.103,332.687,0.003,-0.141,-24.847,0.000,24.848,0.141,383334.6,383.33,35887.00,10287.00,1.089,0.040,0.000,0.005,0.008,0.002,3.103,Fuzzy
575,28.7482,-3.110,331.446,0.003,-0.142,-24.800,0.000,24.800,0.142,383265.3,383.27,35880.72,10280.72,1.089,0.044,0.000,0.005,-0.008,0.001,3.110,Fuzzy
576,28.7982,-3.118,330.207,0.003,-0.142,-24.753,0.000,24.753,0.142,383196.1,383.20,35874.45,10274.44,1.089,0.044,0.000,0.005,0.008,0.001,3.118,Fuzzy
577,28.8482,-3.125,328.971,0.003,-0.142,-24.705,0.000,24.706,0.142,383127.1,383.13,35868.16,10268.17,1.089,0.044,0.000,0.005,0.009,0.001,3.125,Fuzzy
578,28.8982,-3.132,327.737,0.003,-0.143,-24.658,0.000,24.658,0.143,383058.1,383.06,35861.89,10261.89,1.089,0.044,0.000,0.005,-0.009,0.001,3.132,Fuzzy
579,28.9481,-3.139,326.505,0.003,-0.143,-24.610,0.000,24.611,0.143,382989.2,382.99,35855.61,10255.61,1.089,0.044,0.000,0.005,0.009,0.001,3.139,Fuzzy
580,28.9981,-3.146,325.276,0.003,-0.143,-24.563,0.000,24.563,0.143,382920.3,382.92,35849.33,10249.33,1.089,0.044,0.000,0.005,0.009,0.001,3.146,Fuzzy
581,29.0481,-3.153,324.049,0.003,-0.144,-24.516,0.000,24.516,0.144,382851.4,382.85,35843.05,10243.05,1.089,0.044,0.000,0.005,-0.008,0.001,3.153,Fuzzy
582,29.0981,-3.160,322.824,0.003,-0.144,-24.468,0.000,24.469,0.144,382782.7,382.78,35836.77,10236.77,1.089,0.044,0.000,0.005,-0.009,0.001,3.160,Fuzzy
583,29.1481,-3.168,321.602,0.003,-0.145,-24.421,0.000,24.421,0.145,382714.0,382.71,35830.49,10230.49,1.089,0.044,0.000,0.005,0.009,0.001,3.168,Fuzzy
584,29.1981,-3.175,320.382,0.003,-0.145,-24.374,0.000,24.374,0.145,382645.5,382.65,35824.22,10224.22,1.089,0.044,0.000,0.005,-0.009,0.001,3.175,Fuzzy
585,29.2481,-3.182,319.164,0.003,-0.145,-24.326,0.000,24.327,0.145,382577.0,382.58,35817.95,10217.95,1.089,0.044,0.000,0.005,0.009,0.001,3.182,Fuzzy
586,29.2981,-3.189,317.949,0.003,-0.146,-24.279,0.000,24.280,0.146,382508.6,382.51,35811.68,10211.68,1.089,0.044,0.000,0.005,0.008,0.001,3.189,Fuzzy
587,29.3481,-3.197,316.736,0.003,-0.146,-24.232,0.000,24.232,0.146,382440.3,382.44,35805.41,10205.41,1.089,0.044,0.000,0.005,-0.008,0.001,3.197,Fuzzy
588,29.3981,-3.204,315.526,0.003,-0.147,-24.185,0.000,24.185,0.147,382372.1,382.37,35799.14,10199.14,1.089,0.044,0.000,0.005,-0.009,0.001,3.204,Fuzzy
589,29.4481,-3.211,314.318,0.003,-0.147,-24.137,0.000,24.138,0.147,382303.9,382.30,35792.88,10192.87,1.089,0.044,0.000,0.005,0.009,0.001,3.211,Fuzzy
590,29.4981,-3.219,313.112,0.003,-0.147,-24.090,0.000,24.091,0.147,382235.8,382.24,35786.61,10186.60,1.089,0.044,0.000,0.005,-0.009,0.001,3.219,Fuzzy
591,29.5480,-3.226,311.909,0.003,-0.148,-24.043,0.000,24.043,0.148,382167.7,382.17,35780.34,10180.33,1.089,0.044,0.000,0.005,0.009,0.002,3.226,Fuzzy
592,29.5980,-3.234,310.708,0.003,-0.148,-23.996,0.000,23.996,0.148,382099.8,382.10,35774.07,10174.07,1.089,0.044,0.000,0.005,-0.009,0.002,3.234,Fuzzy
593,29.6480,-3.241,309.509,0.003,-0.149,-23.949,0.000,23.949,0.149,382032.0,382.03,35767.81,10167.81,1.089,0.044,0.000,0.005,0.009,0.002,3.241,Fuzzy
594,29.6980,-3.248,308.313,0.003,-0.149,-23.901,0.000,23.902,0.149,381964.3,381.96,35761.55,10161.55,1.089,0.048,0.000,0.005,0.009,0.001,3.248,Fuzzy
595,29.7480,-3.256,307.119,0.003,-0.149,-23.854,0.000,23.855,0.149,381896.6,381.90,35755.29,10155.29,1.089,0.048,0.000,0.005,0.009,0.001,3.256,Fuzzy
596,29.7980,-3.263,305.928,0.003,-0.150,-23.807,0.000,23.808,0.150,381829.0,381.83,35749.03,10149.03,1.089,0.048,0.000,0.005,0.009,0.001,3.263,Fuzzy
597,29.8480,-3.271,304.739,0.003,-0.150,-23.760,0.000,23.760,0.150,381761.4,381.76,35742.77,10142.77,1.089,0.048,0.000,0.005,-0.009,0.001,3.271,Fuzzy
598,29.8980,-3.278,303.552,0.003,-0.151,-23.713,0.000,23.713,0.151,381693.8,381.69,35736.51,10136.51,1.089,0.048,0.000,0.005,-0.009,0.001,3.278,Fuzzy
599,29.9480,-3.286,302.367,0.003,-0.151,-23.666,0.000,23.666,0.151,381626.5,381.63,35730.25,10130.25,1.089,0.048,0.000,0.005,0.009,0.001,3.286,Fuzzy
600,29.9980,-3.293,301.185,0.003,-0.151,-23.619,0.000,23.619,0.151,381559.1,381.56,35723.99,10123.99,1.089,0.048,0.000,0.005,0.009,0.001,3.293,Fuzzy
601,30.0480,-3.301,300.005,0.003,-0.152,-23.572,0.000,23.572,0.152,381491.9,381.49,35717.74,10117.74,1.089,0.048,0.000,0.005,-0.009,0.001,3.301,Fuzzy
602,30.0980,-3.309,298.828,0.003,-0.152,-23.525,0.000,23.525,0.152,381424.8,381.42,35711.49,10111.49,1.089,0.048,0.000,0.005,-0.009,0.001,3.309,Fuzzy
603,30.1479,-3.316,297.653,0.003,-0.153,-23.478,0.000,23.478,0.153,381357.7,381.36,35705.24,10105.24,1.089,0.048,0.000,0.005,-0.009,0.001,3.316,Fuzzy
604,30.1979,-3.324,296.480,0.003,-0.153,-23.430,0.000,23.431,0.153,381290.7,381.29,35698.99,10098.99,1.089,0.048,0.000,0.005,-0.009,0.001,3.324,Fuzzy
605,30.2479,-3.332,295.310,0.003,-0.154,-23.383,0.000,23.384,0.154,381223.7,381.22,35692.74,10092.74,1.089,0.048,0.000,0.005,0.009,0.001,3.332,Fuzzy
606,30.2979,-3.339,294.142,0.003,-0.154,-23.336,0.000,23.337,0.154,381156.9,381.16,35686.49,10086.49,1.089,0.048,0.000,0.005,-0.009,0.001,3.339,Fuzzy
607,30.3479,-3.347,292.976,0.003,-0.155,-23.289,0.000,23.290,0.155,381090.0,381.09,35680.24,10080.24,1.089,0.048,0.000,0.005,0.009,0.002,3.347,Fuzzy
608,30.3979,-3.355,291.813,0.003,-0.155,-23.243,0.000,23.243,0.155,381023.3,381.02,35673.99,10073.99,1.089,0.048,0.000,0.005,-0.009,0.002,3.355,Fuzzy
609,30.4479,-3.362,290.652,0.003,-0.155,-23.196,0.000,23.196,0.155,380956.6,380.96,35667.74,10067.74,1.089,0.048,0.000,0.005,0.010,0.002,3.362,Fuzzy
610,30.4979,-3.370,289.493,0.003,-0.156,-23.149,0.000,23.149,0.156,380889.9,380.89,35661.50,10061.50,1.089,0.052,0.001,0.005,0.010,0.001,3.370,Fuzzy
611,30.5479,-3.378,288.337,0.003,-0.156,-23.102,0.000,23.102,0.156,380823.5,380.82,35655.25,10055.25,1.089,0.052,0.000,0.005,-0.010,0.001,3.378,Fuzzy
612,30.5979,-3.386,287.183,0.003,-0.157,-23.055,0.000,23.055,0.157,380745.3,380.75,35649.02,10049.01,1.089,0.052,0.000,0.005,0.010,0.001,3.386,Fuzzy
613,30.6479,-3.394,286.032,0.003,-0.157,-23.008,0.000,23.008,0.157,380659.8,380.66,35642.77,10042.77,1.089,0.052,0.000,0.005,-0.010,0.001,3.394,Fuzzy
614,30.6979,-3.402,284.882,0.003,-0.158,-22.961,0.000,22.962,0.158,380575.0,380.58,35636.54,10036.53,1.089,0.052,0.000,0.005,0.010,0.001,3.402,Fuzzy
615,30.7478,-3.409,283.736,0.003,-0.158,-22.914,0.000,22.915,0.158,380490.7,380.49,35630.29,10030.29,1.089,0.052,0.000,0.005,-0.010,0.001,3.409,Fuzzy
616,30.7978,-3.417,282.591,0.003,-0.159,-22.867,0.000,22.868,0.159,380407.0,380.41,35624.05,10024.05,1.089,0.052,-0.001,0.005,-0.010,0.001,3.417,Fuzzy
617,30.8478,-3.425,281.449,0.003,-0.159,-22.821,0.000,22.821,0.159,380323.9,380.32,35617.82,10017.82,1.089,0.052,0.000,0.005,0.010,0.001,3.425,Fuzzy
618,30.8978,-3.433,280.309,0.003,-0.159,-22.774,0.000,22.774,0.159,380241.3,380.24,35611.59,10011.58,1.089,0.052,0.000,0.005,-0.010,0.001,3.433,Fuzzy
619,30.9478,-3.441,279.171,0.003,-0.160,-22.727,0.000,22.728,0.160,380159.4,380.16,35605.36,10005.35,1.089,0.052,0.000,0.005,0.010,0.001,3.441,Fuzzy
620,30.9978,-3.449,278.036,0.003,-0.160,-22.681,0.000,22.681,0.160,380077.9,380.08,35599.13,9999.12,1.089,0.052,0.000,0.005,-0.010,0.001,3.449,Fuzzy
621,31.0478,-3.457,276.903,0.003,-0.161,-22.634,0.000,22.635,0.161,379997.0,380.00,35592.89,9992.89,1.089,0.052,0.000,0.005,0.010,0.001,3.457,Fuzzy
622,31.0978,-3.465,275.773,0.003,-0.161,-22.587,0.000,22.588,0.161,379916.6,379.92,35586.66,9986.66,1.089,0.052,0.000,0.005,-0.010,0.002,3.465,Fuzzy
623,31.1478,-3.473,274.645,0.003,-0.162,-22.541,0.000,22.541,0.162,379836.6,379.84,35580.43,9980.43,1.089,0.052,0.000,0.005,-0.010,0.002,3.473,Fuzzy
624,31.1978,-3.482,273.519,0.003,-0.162,-22.494,0.000,22.495,0.162,379757.2,379.76,35574.20,9974.20,1.089,0.056,0.000,0.005,0.010,0.002,3.482,Fuzzy
625,31.2478,-3.490,272.395,0.003,-0.163,-22.448,0.000,22.448,0.163,379678.3,379.68,35567.98,9967.98,1.089,0.056,0.000,0.005,0.011,0.001,3.490,Fuzzy
626,31.2978,-3.498,271.274,0.003,-0.163,-22.401,0.000,22.402,0.163,379600.0,379.60,35561.76,9961.76,1.089,0.056,0.000,0.005,0.011,0.001,3.498,Fuzzy
627,31.3477,-3.506,270.155,0.003,-0.164,-22.355,0.000,22.356,0.164,379522.1,379.52,35555.54,9955.54,1.089,0.056,0.000,0.005,-0.011,0.001,3.506,Fuzzy
628,31.3977,-3.514,269.038,0.003,-0.164,-22.309,0.000,22.309,0.164,379444.7,379.44,35549.32,9949.32,1.089,0.056,0.000,0.005,0.011,0.001,3.514,Fuzzy
629,31.4477,-3.522,267.924,0.003,-0.165,-22.262,0.000,22.263,0.165,379367.7,379.37,35543.10,9943.10,1.088,0.056,0.000,0.005,-0.011,0.001,3.522,Fuzzy
630,31.4977,-3.531,266.812,0.003,-0.165,-22.216,0.000,22.216,0.165,379291.2,379.29,35536.88,9936.88,1.088,0.056,0.000,0.005,-0.011,0.001,3.531,Fuzzy
631,31.5477,-3.539,265.703,0.003,-0.166,-22.170,0.000,22.170,0.166,379215.0,379.22,35530.66,9930.66,1.088,0.056,0.000,0.005,0.011,0.001,3.539,Fuzzy
632,31.5977,-3.547,264.595,0.003,-0.166,-22.123,0.000,22.124,0.166,379139.3,379.14,35524.44,9924.44,1.088,0.056,0.000,0.005,-0.011,0.001,3.547,Fuzzy
633,31.6477,-3.556,263.490,0.003,-0.167,-22.077,0.000,22.078,0.167,379064.2,379.06,35518.23,9918.23,1.088,0.056,0.000,0.005,-0.011,0.001,3.556,Fuzzy
634,31.6977,-3.564,262.388,0.003,-0.167,-22.031,0.000,22.031,0.167,378989.5,378.99,35512.02,9912.02,1.088,0.056,0.000,0.005,0.011,0.001,3.564,Fuzzy
635,31.7477,-3.572,261.287,0.003,-0.168,-21.985,0.000,21.985,0.168,378915.2,378.92,35505.80,9905.81,1.088,0.056,0.000,0.005,0.011,0.002,3.572,Fuzzy
636,31.7977,-3.581,260.189,0.003,-0.168,-21.938,0.000,21.939,0.168,378841.2,378.84,35499.59,9899.59,1.088,0.056,0.000,0.005,-0.011,0.002,3.581,Fuzzy
637,31.8477,-3.589,259.093,0.003,-0.169,-21.892,0.000,21.893,0.169,378767.6,378.77,35493.38,9893.38,1.088,0.056,0.000,0.005,-0.011,0.002,3.589,Fuzzy
638,31.8977,-3.598,258.000,0.003,-0.169,-21.846,0.000,21.847,0.169,378694.3,378.69,35487.17,9887.17,1.088,0.059,0.000,0.005,-0.011,0.001,3.598,Fuzzy
639,31.9476,-3.606,256.909,0.003,-0.170,-21.800,0.000,21.800,0.170,378621.6,378.62,35480.96,9880.96,1.088,0.059,0.000,0.005,-0.011,0.001,3.606,Fuzzy
640,31.9976,-3.615,255.820,0.003,-0.170,-21.754,0.000,21.754,0.170,378549.2,378.55,35474.75,9874.75,1.088,0.059,0.000,0.005,0.012,0.001,3.615,Fuzzy
641,32.0476,-3.623,254.733,0.003,-0.171,-21.708,0.000,21.708,0.171,378477.2,378.48,35468.55,9868.55,1.088,0.059,0.000,0.005,-0.011,0.001,3.623,Fuzzy
642,32.0977,-3.632,253.649,0.003,-0.171,-21.662,0.000,21.662,0.171,378405.6,378.41,35462.35,9862.35,1.088,0.059,0.000,0.005,-0.011,0.001,3.632,Fuzzy
643,32.1477,-3.640,252.567,0.003,-0.172,-21.615,0.000,21.616,0.172,378334.3,378.33,35456.15,9856.15,1.088,0.059,0.000,0.005,-0.011,0.001,3.640,Fuzzy
644,32.1977,-3.649,251.488,0.003,-0.172,-21.569,0.000,21.570,0.172,378263.3,378.26,35449.95,9849.95,1.088,0.059,0.000,0.005,0.011,0.001,3.649,Fuzzy
645,32.2477,-3.657,250.410,0.003,-0.173,-21.523,0.000,21.524,0.173,378192.8,378.19,35443.75,9843.75,1.088,0.059,0.000,0.005,0.011,0.001,3.657,Fuzzy
646,32.2977,-3.666,249.335,0.003,-0.173,-21.477,0.000,21.478,0.173,378122.5,378.12,35437.54,9837.54,1.088,0.059,0.000,0.005,0.012,0.001,3.666,Fuzzy
647,32.3477,-3.675,248.263,0.003,-0.174,-21.431,0.000,21.432,0.174,378052.6,378.05,35431.34,9831.34,1.088,0.059,0.000,0.005,0.011,0.002,3.675,Fuzzy
648,32.3977,-3.684,247.192,0.003,-0.174,-21.385,0.000,21.386,0.174,377983.0,377.98,35425.14,9825.14,1.088,0.059,0.000,0.005,-0.011,0.002,3.684,Fuzzy
649,32.4477,-3.692,246.124,0.003,-0.175,-21.339,0.000,21.340,0.175,377913.8,377.91,35418.95,9818.95,1.088,0.059,0.000,0.005,-0.011,0.002,3.692,Fuzzy
650,32.4977,-3.701,245.058,0.003,-0.176,-21.294,0.000,21.294,0.176,377844.8,377.84,35412.76,9812.76,1.088,0.063,0.000,0.005,0.012,0.001,3.701,Fuzzy
651,32.5478,-3.710,243.995,0.003,-0.176,-21.248,0.000,21.248,0.176,377776.2,377.78,35406.56,9806.56,1.088,0.063,0.000,0.005,0.012,0.001,3.710,Fuzzy
652,32.5978,-3.719,242.933,0.003,-0.177,-21.202,0.000,21.202,0.177,377707.9,377.71,35400.38,9800.37,1.088,0.063,0.000,0.005,-0.012,0.001,3.719,Fuzzy
653,32.6478,-3.727,241.874,0.004,-0.177,-21.156,0.000,21.157,0.177,377639.9,377.64,35394.18,9794.18,1.088,0.063,0.000,0.005,-0.012,0.001,3.727,Fuzzy
654,32.6978,-3.736,240.818,0.004,-0.178,-21.110,0.000,21.111,0.178,377572.2,377.57,35387.99,9787.99,1.088,0.063,0.000,0.005,-0.012,0.001,3.736,Fuzzy
655,32.7478,-3.745,239.763,0.004,-0.178,-21.064,0.000,21.065,0.178,377504.8,377.50,35381.80,9781.80,1.088,0.063,0.000,0.005,-0.012,0.001,3.745,Fuzzy
656,32.7978,-3.754,238.711,0.004,-0.179,-21.018,0.000,21.019,0.179,377437.6,377.44,35375.61,9775.61,1.088,0.063,0.000,0.005,-0.012,0.001,3.754,Fuzzy
657,32.8478,-3.763,237.662,0.004,-0.179,-20.972,0.000,20.973,0.179,377370.7,377.37,35369.41,9769.42,1.088,0.063,0.000,0.005,-0.012,0.001,3.763,Fuzzy
658,32.8978,-3.772,236.614,0.004,-0.180,-20.927,0.000,20.927,0.180,377304.1,377.30,35363.23,9763.23,1.088,0.063,0.000,0.005,-0.012,0.002,3.772,Fuzzy
659,32.9478,-3.781,235.569,0.004,-0.181,-20.881,0.000,20.881,0.181,377237.8,377.24,35357.05,9757.05,1.088,0.063,0.000,0.006,0.012,0.002,3.781,Fuzzy
660,32.9978,-3.790,234.526,0.004,-0.181,-20.835,0.000,20.836,0.181,377171.8,377.17,35350.87,9750.87,1.088,0.063,0.000,0.006,0.012,0.002,3.790,Fuzzy
661,33.0479,-3.799,233.486,0.004,-0.182,-20.789,0.000,20.790,0.182,377106.0,377.11,35344.69,9744.69,1.088,0.066,0.000,0.006,-0.013,0.001,3.799,Fuzzy
662,33.0979,-3.808,232.447,0.004,-0.182,-20.743,0.000,20.744,0.182,377040.4,377.04,35338.51,9738.51,1.088,0.066,0.000,0.006,0.013,0.001,3.808,Fuzzy
663,33.1479,-3.817,231.411,0.004,-0.183,-20.698,0.000,20.698,0.183,376975.2,376.98,35332.32,9732.33,1.088,0.066,0.000,0.006,0.013,0.001,3.817,Fuzzy
664,33.1979,-3.827,230.378,0.004,-0.183,-20.652,0.000,20.653,0.183,376910.0,376.91,35326.14,9726.14,1.088,0.066,0.000,0.006,-0.013,0.001,3.827,Fuzzy
665,33.2479,-3.836,229.346,0.004,-0.184,-20.606,0.000,20.607,0.184,376845.3,376.85,35319.96,9719.96,1.088,0.066,0.000,0.006,0.013,0.001,3.836,Fuzzy
666,33.2979,-3.845,228.317,0.004,-0.185,-20.560,0.000,20.561,0.185,376780.6,376.78,35313.78,9713.78,1.088,0.066,0.000,0.006,0.013,0.001,3.845,Fuzzy
667,33.3479,-3.854,227.290,0.004,-0.185,-20.514,0.000,20.515,0.185,376716.3,376.72,35307.61,9707.61,1.088,0.066,0.000,0.006,-0.013,0.001,3.854,Fuzzy
668,33.3979,-3.864,226.266,0.004,-0.186,-20.469,0.000,20.470,0.186,376652.2,376.65,35301.43,9701.44,1.088,0.066,0.000,0.006,-0.013,0.002,3.864,Fuzzy
669,33.4479,-3.873,225.243,0.004,-0.186,-20.423,0.000,20.424,0.186,376588.5,376.59,35295.26,9695.26,1.088,0.066,0.000,0.006,-0.013,0.002,3.873,Fuzzy
670,33.4980,-3.882,224.223,0.004,-0.187,-20.377,0.000,20.378,0.187,376524.8,376.52,35289.09,9689.09,1.088,0.066,0.000,0.006,0.013,0.002,3.882,Fuzzy
671,33.5480,-3.892,223.206,0.004,-0.187,-20.332,0.000,20.332,0.187,376461.3,376.46,35282.92,9682.92,1.088,0.066,0.000,0.006,0.013,0.002,3.892,Fuzzy
672,33.5980,-3.901,222.190,0.004,-0.188,-20.286,0.000,20.287,0.188,376398.2,376.40,35276.75,9676.75,1.088,0.069,0.000,0.006,0.013,0.001,3.901,Fuzzy
673,33.6480,-3.910,221.177,0.004,-0.189,-20.240,0.000,20.241,0.189,376335.1,376.34,35270.57,9670.58,1.088,0.069,0.000,0.006,-0.013,0.001,3.910,Fuzzy
674,33.6980,-3.920,220.166,0.004,-0.189,-20.195,0.000,20.195,0.189,376272.3,376.27,35264.40,9664.40,1.088,0.069,0.000,0.006,-0.013,0.001,3.920,Fuzzy
675,33.7480,-3.929,219.158,0.004,-0.190,-20.149,0.000,20.150,0.190,376209.8,376.21,35258.23,9658.23,1.088,0.069,0.000,0.006,-0.013,0.001,3.929,Fuzzy
676,33.7980,-3.939,218.151,0.004,-0.190,-20.103,0.000,20.104,0.190,376147.3,376.15,35252.06,9652.06,1.088,0.069,0.000,0.006,0.013,0.001,3.939,Fuzzy
677,33.8480,-3.948,217.147,0.004,-0.191,-20.057,0.000,20.058,0.191,376085.2,376.09,35245.90,9645.90,1.088,0.069,0.000,0.006,-0.013,0.002,3.948,Fuzzy
678,33.8980,-3.958,216.145,0.004,-0.192,-20.012,0.000,20.013,0.192,376023.3,376.02,35239.74,9639.74,1.088,0.069,0.000,0.006,-0.013,0.002,3.958,Fuzzy
679,33.9481,-3.967,215.146,0.004,-0.192,-19.966,0.000,19.967,0.192,375961.4,375.96,35233.58,9633.58,1.088,0.069,0.000,0.006,0.013,0.002,3.967,Fuzzy
680,33.9981,-3.977,214.149,0.004,-0.193,-19.920,0.000,19.921,0.193,375899.8,375.90,35227.41,9627.42,1.088,0.069,0.000,0.006,0.013,0.002,3.977,Fuzzy
681,34.0481,-3.987,213.154,0.004,-0.194,-19.875,0.000,19.876,0.194,375838.3,375.84,35221.25,9621.25,1.088,0.069,0.000,0.006,0.013,0.002,3.987,Fuzzy
682,34.0981,-3.996,212.161,0.004,-0.194,-19.829,0.000,19.830,0.194,375777.1,375.78,35215.09,9615.09,1.088,0.071,0.000,0.006,0.014,0.001,3.996,Fuzzy
683,34.1481,-4.006,211.171,0.004,-0.195,-19.784,0.000,19.785,0.195,375715.9,375.72,35208.93,9608.93,1.088,0.071,0.000,0.006,-0.014,0.001,4.006,Fuzzy
684,34.1981,-4.016,210.183,0.004,-0.195,-19.738,0.000,19.739,0.195,375655.0,375.66,35202.77,9602.77,1.088,0.071,0.000,0.006,0.014,0.001,4.016,Fuzzy
685,34.2481,-4.026,209.197,0.004,-0.196,-19.692,0.000,19.693,0.196,375594.1,375.59,35196.61,9596.60,1.088,0.071,0.000,0.006,-0.014,0.001,4.026,Fuzzy
686,34.2981,-4.036,208.214,0.004,-0.197,-19.647,0.000,19.648,0.197,375533.5,375.53,35190.45,9590.45,1.088,0.071,0.000,0.006,-0.014,0.001,4.036,Fuzzy
687,34.3481,-4.045,207.233,0.004,-0.197,-19.601,0.000,19.602,0.197,375473.3,375.47,35184.30,9584.30,1.088,0.071,0.000,0.006,0.014,0.002,4.045,Fuzzy
688,34.3981,-4.055,206.254,0.004,-0.198,-19.555,0.000,19.556,0.198,375413.0,375.41,35178.14,9578.15,1.088,0.071,0.000,0.006,-0.014,0.002,4.055,Fuzzy
689,34.4482,-4.065,205.277,0.004,-0.199,-19.510,0.000,19.511,0.199,375353.0,375.35,35171.99,9571.99,1.088,0.071,0.000,0.006,-0.014,0.002,4.065,Fuzzy
690,34.4982,-4.075,204.303,0.004,-0.199,-19.464,0.000,19.465,0.199,375293.0,375.29,35165.84,9565.84,1.088,0.071,0.000,0.006,-0.014,0.002,4.075,Fuzzy
691,34.5482,-4.085,203.331,0.004,-0.200,-19.419,0.000,19.420,0.200,375233.1,375.23,35159.69,9559.69,1.088,0.074,0.000,0.006,-0.014,0.001,4.085,Fuzzy
692,34.5982,-4.095,202.361,0.004,-0.201,-19.373,0.000,19.374,0.201,375173.4,375.17,35153.54,9553.54,1.088,0.074,0.000,0.006,-0.014,0.001,4.095,Fuzzy
693,34.6482,-4.105,201.393,0.004,-0.201,-19.327,0.000,19.328,0.201,375113.7,375.11,35147.38,9547.38,1.088,0.074,0.000,0.006,0.014,0.001,4.105,Fuzzy
694,34.6982,-4.115,200.428,0.004,-0.202,-19.282,0.000,19.283,0.202,375054.3,375.05,35141.23,9541.23,1.088,0.074,0.000,0.006,0.014,0.001,4.115,Fuzzy
695,34.7482,-4.125,199.465,0.004,-0.202,-19.236,0.000,19.237,0.202,374995.1,375.00,35135.08,9535.08,1.088,0.074,0.000,0.006,-0.014,0.002,4.125,Fuzzy
696,34.7982,-4.135,198.505,0.004,-0.203,-19.190,0.000,19.192,0.203,374936.1,374.94,35128.93,9528.93,1.088,0.074,0.000,0.006,0.014,0.002,4.135,Fuzzy
697,34.8482,-4.146,197.546,0.004,-0.204,-19.145,0.000,19.146,0.204,374877.4,374.88,35122.79,9522.79,1.088,0.074,0.000,0.006,-0.014,0.002,4.146,Fuzzy
698,34.8983,-4.156,196.590,0.004,-0.204,-19.099,0.000,19.100,0.204,374818.5,374.82,35116.65,9516.65,1.088,0.074,0.000,0.006,0.014,0.002,4.156,Fuzzy
699,34.9483,-4.166,195.636,0.004,-0.205,-19.054,0.000,19.055,0.205,374760.0,374.76,35110.51,9510.51,1.088,0.074,0.000,0.006,-0.014,0.002,4.166,Fuzzy
700,34.9983,-4.176,194.685,0.004,-0.206,-19.008,0.000,19.009,0.206,374701.4,374.70,35104.36,9504.36,1.089,0.077,0.000,0.006,0.015,0.001,4.176,Fuzzy
701,35.0483,-4.187,193.735,0.004,-0.206,-18.962,0.000,18.964,0.206,374643.1,374.64,35098.22,9498.22,1.089,0.077,0.000,0.006,-0.015,0.001,4.187,Fuzzy
702,35.0983,-4.197,192.788,0.004,-0.207,-18.917,0.000,18.918,0.207,374584.7,374.58,35092.08,9492.08,1.089,0.077,-0.001,0.006,-0.014,0.001,4.197,Fuzzy
703,35.1483,-4.207,191.844,0.004,-0.208,-18.871,0.000,18.872,0.208,374526.6,374.53,35085.94,9485.94,1.089,0.077,0.001,0.006,0.015,0.002,4.207,Fuzzy
704,35.1983,-4.218,190.901,0.004,-0.208,-18.826,0.000,18.827,0.208,374468.5,374.47,35079.79,9479.79,1.089,0.077,0.000,0.006,-0.015,0.002,4.218,Fuzzy
705,35.2483,-4.228,189.961,0.004,-0.209,-18.780,0.000,18.781,0.209,374410.6,374.41,35073.65,9473.65,1.089,0.077,-0.001,0.006,0.015,0.002,4.228,Fuzzy
706,35.2983,-4.239,189.023,0.004,-0.210,-18.734,0.000,18.736,0.210,374352.8,374.35,35067.52,9467.51,1.089,0.077,0.001,0.006,0.015,0.002,4.239,Fuzzy
707,35.3484,-4.249,188.088,0.004,-0.211,-18.689,0.000,18.690,0.211,374295.1,374.30,35061.38,9461.38,1.089,0.077,0.000,0.006,-0.015,0.002,4.249,Fuzzy
708,35.3984,-4.260,187.154,0.004,-0.211,-18.643,0.000,18.644,0.211,374237.4,374.24,35055.25,9455.25,1.089,0.079,0.000,0.006,0.015,0.001,4.260,Fuzzy
709,35.4484,-4.270,186.223,0.004,-0.212,-18.598,0.000,18.599,0.212,374179.8,374.18,35049.12,9449.12,1.089,0.079,0.001,0.006,-0.015,0.001,4.270,Fuzzy
710,35.4984,-4.281,185.295,0.004,-0.213,-18.552,0.000,18.553,0.213,374122.3,374.12,35042.98,9442.98,1.089,0.079,-0.001,0.006,-0.015,0.001,4.281,Fuzzy
711,35.5484,-4.292,184.368,0.004,-0.213,-18.506,0.000,18.508,0.213,374064.8,374.06,35036.85,9436.85,1.089,0.079,0.001,0.006,0.015,0.002,4.292,Fuzzy
712,35.5984,-4.302,183.444,0.004,-0.214,-18.461,0.000,18.462,0.214,374007.5,374.01,35030.72,9430.72,1.089,0.079,0.000,0.006,-0.015,0.002,4.302,Fuzzy
713,35.6484,-4.313,182.522,0.004,-0.215,-18.415,0.000,18.416,0.215,373950.3,373.95,35024.59,9424.58,1.089,0.079,0.000,0.006,0.016,0.002,4.313,Fuzzy
714,35.6984,-4.324,181.603,0.004,-0.215,-18.369,0.000,18.371,0.215,373893.3,373.89,35018.45,9418.45,1.089,0.079,0.001,0.006,-0.016,0.002,4.324,Fuzzy
715,35.7484,-4.335,180.685,0.004,-0.216,-18.324,0.000,18.325,0.216,373836.3,373.84,35012.32,9412.32,1.089,0.079,-0.001,0.006,-0.015,0.002,4.335,Fuzzy
716,35.7984,-4.345,179.770,0.004,-0.217,-18.278,0.000,18.279,0.217,373779.5,373.78,35006.19,9406.19,1.089,0.082,0.000,0.006,0.016,0.001,4.345,Fuzzy
717,35.8485,-4.356,178.857,0.004,-0.218,-18.233,0.000,18.234,0.218,373722.9,373.72,35000.06,9400.06,1.089,0.082,0.000,0.006,-0.016,0.001,4.356,Fuzzy
718,35.8985,-4.367,177.947,0.004,-0.218,-18.187,0.000,18.188,0.218,373666.2,373.67,34993.94,9393.94,1.089,0.082,0.000,0.006,0.016,0.002,4.367,Fuzzy
719,35.9485,-4.378,177.039,0.004,-0.219,-18.141,0.000,18.143,0.219,373609.6,373.61,34987.82,9387.82,1.089,0.082,0.000,0.006,-0.016,0.002,4.378,Fuzzy
720,35.9985,-4.389,176.133,0.004,-0.220,-18.096,0.000,18.097,0.220,373553.0,373.55,34981.70,9381.70,1.089,0.082,0.000,0.006,0.016,0.002,4.389,Fuzzy
721,36.0485,-4.400,175.229,0.004,-0.220,-18.050,0.000,18.051,0.220,373496.5,373.50,34975.57,9375.57,1.089,0.082,0.000,0.006,0.016,0.002,4.400,Fuzzy
722,36.0985,-4.411,174.328,0.004,-0.221,-18.004,0.000,18.006,0.221,373440.2,373.44,34969.45,9369.45,1.089,0.082,0.000,0.006,-0.016,0.002,4.411,Fuzzy
723,36.1485,-4.422,173.429,0.004,-0.222,-17.959,0.000,17.960,0.222,373384.0,373.38,34963.33,9363.33,1.089,0.082,0.000,0.006,-0.016,0.002,4.422,Fuzzy
724,36.1985,-4.433,172.532,0.004,-0.223,-17.913,0.000,17.914,0.223,373327.8,373.33,34957.20,9357.20,1.089,0.084,0.000,0.006,-0.016,0.001,4.433,Fuzzy
725,36.2485,-4.444,171.637,0.004,-0.223,-17.867,0.000,17.869,0.223,373271.5,373.27,34951.08,9351.08,1.089,0.084,0.000,0.006,0.016,0.002,4.444,Fuzzy
726,36.2986,-4.456,170.745,0.004,-0.224,-17.822,0.000,17.823,0.224,373215.4,373.22,34944.96,9344.96,1.089,0.084,0.000,0.006,0.016,0.002,4.456,Fuzzy
727,36.3486,-4.467,169.855,0.004,-0.225,-17.776,0.000,17.777,0.225,373159.5,373.16,34938.84,9338.84,1.089,0.084,0.000,0.006,-0.016,0.002,4.467,Fuzzy
728,36.3986,-4.478,168.968,0.004,-0.226,-17.730,0.000,17.732,0.226,373103.7,373.10,34932.73,9332.73,1.089,0.084,0.000,0.006,-0.016,0.002,4.478,Fuzzy
729,36.4486,-4.489,168.082,0.004,-0.226,-17.685,0.000,17.686,0.226,373048.0,373.05,34926.61,9326.61,1.089,0.084,0.000,0.006,0.016,0.002,4.489,Fuzzy
730,36.4986,-4.501,167.199,0.004,-0.227,-17.639,0.000,17.641,0.227,372992.2,372.99,34920.50,9320.50,1.089,0.084,0.000,0.006,0.016,0.002,4.501,Fuzzy
731,36.5486,-4.512,166.318,0.004,-0.228,-17.593,0.000,17.595,0.228,372936.5,372.94,34914.39,9314.39,1.089,0.086,0.000,0.006,0.017,0.001,4.512,Fuzzy
732,36.5986,-4.524,165.440,0.004,-0.229,-17.548,0.000,17.549,0.229,372880.9,372.88,34908.27,9308.27,1.089,0.086,0.000,0.006,0.017,0.002,4.524,Fuzzy
733,36.6486,-4.535,164.564,0.004,-0.229,-17.502,0.000,17.504,0.229,372825.4,372.83,34902.16,9302.16,1.089,0.086,0.000,0.006,0.017,0.002,4.535,Fuzzy
734,36.6986,-4.547,163.690,0.004,-0.230,-17.456,0.000,17.458,0.230,372769.9,372.77,34896.05,9296.05,1.089,0.086,0.000,0.006,0.017,0.002,4.547,Fuzzy
735,36.7487,-4.558,162.818,0.004,-0.231,-17.411,0.000,17.412,0.231,372714.4,372.71,34889.93,9289.93,1.089,0.086,0.000,0.006,0.017,0.002,4.558,Fuzzy
736,36.7987,-4.570,161.949,0.004,-0.232,-17.365,0.000,17.366,0.232,372658.9,372.66,34883.82,9283.82,1.089,0.086,0.000,0.006,-0.017,0.002,4.570,Fuzzy
737,36.8487,-4.581,161.081,0.004,-0.233,-17.319,0.000,17.321,0.233,372603.7,372.60,34877.71,9277.71,1.089,0.086,0.000,0.007,-0.016,0.002,4.581,Fuzzy
738,36.8987,-4.593,160.217,0.004,-0.233,-17.274,0.000,17.275,0.233,372548.4,372.55,34871.60,9271.60,1.089,0.088,0.000,0.007,-0.017,0.001,4.593,Fuzzy
739,36.9487,-4.605,159.354,0.004,-0.234,-17.228,0.000,17.229,0.234,372493.1,372.49,34865.50,9265.50,1.089,0.088,0.000,0.007,0.017,0.002,4.605,Fuzzy
740,36.9987,-4.616,158.494,0.004,-0.235,-17.182,0.000,17.184,0.235,372438.0,372.44,34859.39,9259.40,1.090,0.088,-0.001,0.007,-0.017,0.002,4.616,Fuzzy
741,37.0487,-4.628,157.636,0.004,-0.236,-17.136,0.000,17.138,0.236,372383.0,372.38,34853.29,9253.29,1.090,0.088,0.001,0.007,0.017,0.002,4.628,Fuzzy
742,37.0987,-4.640,156.780,0.004,-0.236,-17.091,0.000,17.092,0.236,372327.9,372.33,34847.19,9247.19,1.090,0.088,-0.001,0.007,-0.017,0.002,4.640,Fuzzy
743,37.1487,-4.652,155.927,0.004,-0.237,-17.045,0.000,17.047,0.237,372272.9,372.27,34841.09,9241.09,1.090,0.088,0.000,0.007,0.017,0.002,4.652,Fuzzy
744,37.1987,-4.664,155.076,0.004,-0.238,-16.999,0.000,17.001,0.238,372218.1,372.22,34834.98,9234.98,1.090,0.088,0.000,0.007,-0.017,0.002,4.664,Fuzzy
745,37.2488,-4.675,154.227,0.004,-0.239,-16.953,0.000,16.955,0.239,372163.3,372.16,34828.88,9228.88,1.090,0.091,0.000,0.007,0.017,0.002,4.675,Fuzzy
746,37.2988,-4.687,153.380,0.004,-0.240,-16.908,0.000,16.909,0.240,372108.3,372.11,34822.77,9222.77,1.090,0.091,0.000,0.007,0.018,0.002,4.687,Fuzzy
747,37.3488,-4.699,152.536,0.004,-0.240,-16.862,0.000,16.864,0.240,372053.5,372.05,34816.67,9216.67,1.090,0.091,0.000,0.007,-0.017,0.002,4.699,Fuzzy
748,37.3988,-4.712,151.694,0.004,-0.241,-16.816,0.000,16.818,0.241,371998.8,372.00,34810.57,9210.57,1.090,0.091,0.000,0.007,-0.018,0.002,4.712,Fuzzy
749,37.4488,-4.724,150.854,0.004,-0.242,-16.770,0.000,16.772,0.242,371944.2,371.94,34804.48,9204.48,1.090,0.091,0.000,0.007,0.018,0.002,4.724,Fuzzy
750,37.4988,-4.736,150.017,0.004,-0.243,-16.725,0.000,16.726,0.243,371889.5,371.89,34798.38,9198.38,1.090,0.091,0.000,0.007,0.018,0.002,4.736,Fuzzy
751,37.5488,-4.748,149.182,0.004,-0.244,-16.679,0.000,16.681,0.244,371835.0,371.84,34792.29,9192.29,1.090,0.093,0.000,0.007,0.018,0.002,4.748,Fuzzy
752,37.5988,-4.760,148.349,0.004,-0.245,-16.633,0.000,16.635,0.245,371780.5,371.78,34786.20,9186.19,1.090,0.093,0.000,0.007,-0.018,0.002,4.760,Fuzzy
753,37.6488,-4.772,147.519,0.004,-0.245,-16.587,0.000,16.589,0.245,371725.9,371.73,34780.10,9180.10,1.090,0.093,0.001,0.007,0.018,0.002,4.772,Fuzzy
754,37.6989,-4.785,146.690,0.004,-0.246,-16.541,0.000,16.543,0.246,371671.5,371.67,34774.01,9174.01,1.090,0.093,-0.001,0.007,-0.018,0.002,4.785,Fuzzy
755,37.7489,-4.797,145.864,0.004,-0.247,-16.496,0.000,16.497,0.247,371617.0,371.62,34767.91,9167.91,1.090,0.093,0.001,0.007,0.018,0.002,4.797,Fuzzy
756,37.7989,-4.809,145.041,0.004,-0.248,-16.450,0.000,16.452,0.248,371562.6,371.56,34761.82,9161.82,1.090,0.093,-0.001,0.007,-0.018,0.002,4.809,Fuzzy
757,37.8489,-4.822,144.219,0.004,-0.249,-16.404,0.000,16.406,0.249,371508.2,371.51,34755.73,9155.73,1.090,0.093,0.001,0.007,-0.018,0.002,4.822,Fuzzy
758,37.8989,-4.834,143.400,0.004,-0.250,-16.358,0.000,16.360,0.250,371453.9,371.45,34749.63,9149.63,1.090,0.095,0.000,0.007,0.018,0.002,4.834,Fuzzy
759,37.9489,-4.847,142.584,0.004,-0.250,-16.312,0.000,16.314,0.250,371399.4,371.40,34743.54,9143.54,1.090,0.095,0.000,0.007,-0.018,0.002,4.847,Fuzzy
760,37.9989,-4.859,141.769,0.004,-0.251,-16.267,0.000,16.268,0.251,371345.2,371.35,34737.45,9137.46,1.090,0.095,0.001,0.007,0.018,0.002,4.859,Fuzzy
761,38.0489,-4.872,140.957,0.004,-0.252,-16.221,0.000,16.223,0.252,371291.0,371.29,34731.37,9131.37,1.090,0.095,-0.001,0.007,0.019,0.002,4.872,Fuzzy
762,38.0989,-4.884,140.147,0.004,-0.253,-16.175,0.000,16.177,0.253,371236.8,371.24,34725.29,9125.29,1.090,0.095,0.000,0.007,-0.018,0.002,4.884,Fuzzy
763,38.1489,-4.897,139.339,0.004,-0.254,-16.129,0.000,16.131,0.254,371182.6,371.18,34719.20,9119.20,1.090,0.095,0.000,0.007,0.018,0.002,4.897,Fuzzy
764,38.1990,-4.910,138.534,0.004,-0.255,-16.083,0.000,16.085,0.255,371128.4,371.13,34713.12,9113.12,1.090,0.097,-0.001,0.007,-0.018,0.002,4.910,Fuzzy
765,38.2490,-4.923,137.731,0.004,-0.255,-16.037,0.000,16.039,0.255,371074.3,371.07,34707.04,9107.04,1.090,0.097,0.001,0.007,-0.019,0.002,4.923,Fuzzy
766,38.2990,-4.935,136.931,0.004,-0.256,-15.991,0.000,15.993,0.256,371020.2,371.02,34700.95,9100.95,1.090,0.097,0.000,0.007,0.019,0.002,4.935,Fuzzy
767,38.3490,-4.948,136.132,0.004,-0.257,-15.945,0.000,15.948,0.257,370966.2,370.97,34694.87,9094.87,1.090,0.097,-0.001,0.007,-0.018,0.002,4.948,Fuzzy
768,38.3990,-4.961,135.336,0.004,-0.258,-15.900,0.000,15.902,0.258,370912.0,370.91,34688.78,9088.78,1.090,0.097,0.000,0.007,-0.019,0.002,4.961,Fuzzy
769,38.4490,-4.974,134.542,0.004,-0.259,-15.854,0.000,15.856,0.259,370858.0,370.86,34682.70,9082.70,1.090,0.099,0.000,0.007,-0.019,0.002,4.974,Fuzzy
770,38.4990,-4.987,133.751,0.004,-0.260,-15.808,0.000,15.810,0.260,370804.0,370.80,34676.62,9076.62,1.090,0.099,0.000,0.007,-0.019,0.002,4.987,Fuzzy
771,38.5490,-5.000,132.961,0.004,-0.261,-15.762,0.000,15.764,0.261,370750.1,370.75,34670.54,9070.54,1.090,0.099,-0.001,0.007,-0.019,0.002,5.000,Fuzzy
772,38.5990,-5.013,132.174,0.004,-0.262,-15.716,0.000,15.718,0.262,370696.2,370.70,34664.47,9064.47,1.091,0.099,0.000,0.007,-0.019,0.002,5.013,Fuzzy
773,38.6491,-5.026,131.390,0.004,-0.262,-15.670,0.000,15.672,0.262,370642.3,370.64,34658.39,9058.39,1.091,0.099,0.001,0.007,0.019,0.002,5.026,Fuzzy
774,38.6991,-5.039,130.607,0.004,-0.263,-15.624,0.000,15.626,0.263,370588.4,370.59,34652.32,9052.32,1.091,0.099,-0.001,0.007,-0.019,0.002,5.039,Fuzzy
775,38.7491,-5.052,129.827,0.004,-0.264,-15.578,0.000,15.580,0.264,370534.6,370.53,34646.25,9046.25,1.091,0.101,0.001,0.007,-0.020,0.002,5.052,Fuzzy
776,38.7991,-5.066,129.050,0.004,-0.265,-15.532,0.000,15.534,0.265,370480.7,370.48,34640.17,9040.17,1.091,0.101,0.000,0.007,0.020,0.002,5.066,Fuzzy
777,38.8491,-5.079,128.274,0.004,-0.266,-15.486,0.000,15.489,0.266,370426.8,370.43,34634.10,9034.10,1.091,0.101,-0.001,0.007,-0.019,0.002,5.079,Fuzzy
778,38.8991,-5.092,127.501,0.004,-0.267,-15.440,0.000,15.443,0.267,370373.0,370.37,34628.02,9028.02,1.091,0.101,0.000,0.007,-0.020,0.002,5.092,Fuzzy
779,38.9491,-5.106,126.730,0.004,-0.268,-15.394,0.000,15.397,0.268,370319.2,370.32,34621.95,9021.95,1.091,0.101,0.000,0.007,0.019,0.002,5.106,Fuzzy
780,38.9991,-5.119,125.962,0.004,-0.269,-15.348,0.000,15.351,0.269,370265.3,370.27,34615.88,9015.87,1.091,0.103,0.000,0.007,0.020,0.002,5.119,Fuzzy
781,39.0491,-5.133,125.195,0.004,-0.270,-15.302,0.000,15.305,0.270,370211.4,370.21,34609.80,9009.80,1.091,0.103,0.000,0.007,0.020,0.002,5.133,Fuzzy
782,39.0992,-5.146,124.431,0.004,-0.271,-15.256,0.000,15.259,0.271,370157.8,370.16,34603.73,9003.74,1.091,0.103,0.000,0.007,0.020,0.002,5.146,Fuzzy
783,39.1492,-5.160,123.670,0.004,-0.272,-15.210,0.000,15.213,0.272,370104.1,370.10,34597.67,8997.67,1.091,0.103,0.000,0.007,-0.020,0.002,5.160,Fuzzy
784,39.1992,-5.173,122.910,0.004,-0.272,-15.164,0.000,15.167,0.272,370050.5,370.05,34591.61,8991.61,1.091,0.103,0.000,0.007,0.020,0.002,5.173,Fuzzy
785,39.2492,-5.187,122.153,0.004,-0.273,-15.118,0.000,15.121,0.273,369996.7,370.00,34585.54,8985.54,1.091,0.103,0.000,0.007,-0.020,0.002,5.187,Fuzzy
786,39.2992,-5.201,121.398,0.004,-0.274,-15.072,0.000,15.075,0.274,369943.1,369.94,34579.48,8979.48,1.091,0.105,0.000,0.007,-0.020,0.002,5.201,Fuzzy
787,39.3492,-5.214,120.646,0.004,-0.275,-15.026,0.000,15.029,0.275,369889.4,369.89,34573.41,8973.41,1.091,0.105,0.000,0.007,0.020,0.002,5.214,Fuzzy
788,39.3992,-5.228,119.896,0.004,-0.276,-14.980,0.000,14.983,0.276,369835.8,369.84,34567.35,8967.35,1.091,0.105,-0.001,0.007,-0.020,-0.006,5.228,Fuzzy
789,39.4492,-5.242,119.148,0.004,-0.277,-14.934,0.000,14.937,0.277,369782.0,369.78,34561.29,8961.29,1.091,0.105,0.001,0.006,-0.021,-0.005,5.242,Fuzzy
790,39.4992,-5.256,118.402,0.004,-0.278,-14.888,0.000,14.891,0.278,369728.4,369.73,34555.22,8955.22,1.091,0.105,-0.001,0.006,0.021,-0.005,5.256,Fuzzy
791,39.5492,-5.270,117.659,0.004,-0.279,-14.842,0.000,14.845,0.279,369674.8,369.67,34549.16,8949.16,1.091,0.107,0.001,0.005,0.020,-0.005,5.270,Fuzzy
792,39.5993,-5.284,116.918,0.004,-0.280,-14.796,0.000,14.799,0.280,369621.1,369.62,34543.09,8943.09,1.091,0.107,-0.001,0.004,-0.020,-0.004,5.284,Fuzzy
793,39.6493,-5.298,116.180,0.004,-0.281,-14.750,0.000,14.753,0.281,369567.5,369.57,34537.04,8937.04,1.091,0.107,0.000,0.004,0.020,-0.004,5.298,Fuzzy
794,39.6993,-5.312,115.443,0.004,-0.282,-14.704,0.000,14.707,0.282,369514.0,369.51,34530.98,8930.98,1.091,0.107,0.000,0.003,-0.021,-0.004,5.312,Fuzzy
795,39.7493,-5.326,114.709,0.004,-0.283,-14.658,0.000,14.660,0.283,369460.4,369.46,34524.93,8924.93,1.091,0.107,0.000,0.003,0.021,-0.003,5.326,Fuzzy
796,39.7993,-5.340,113.977,0.004,-0.284,-14.612,0.000,14.614,0.284,369406.9,369.41,34518.88,8918.87,1.091,0.107,0.000,0.003,-0.021,-0.003,5.340,Fuzzy
797,39.8493,-5.354,113.248,0.004,-0.285,-14.566,0.000,14.568,0.285,369353.3,369.35,34512.82,8912.82,1.091,0.107,0.000,0.002,0.020,-0.003,5.354,Fuzzy
798,39.8993,-5.369,112.521,0.004,-0.286,-14.519,0.000,14.522,0.286,369299.8,369.30,34506.77,8906.76,1.091,0.107,-0.001,0.002,-0.020,-0.002,5.369,Fuzzy
799,39.9493,-5.383,111.796,0.004,-0.287,-14.473,0.000,14.476,0.287,369246.2,369.25,34500.71,8900.71,1.091,0.107,0.000,0.002,-0.021,-0.002,5.383,Fuzzy
800,39.9993,-5.397,111.074,0.004,-0.288,-14.427,0.000,14.430,0.288,369192.6,369.19,34494.66,8894.65,1.091,0.107,0.000,0.001,0.021,-0.002,5.397,Fuzzy
801,40.0494,-5.412,110.353,0.004,-0.289,-14.381,0.000,14.384,0.289,369139.0,369.14,34488.60,8888.60,1.091,0.107,0.000,0.001,-0.020,-0.002,5.412,Fuzzy
802,40.0994,-5.426,109.636,0.004,-0.290,-14.335,0.000,14.338,0.290,369085.4,369.09,34482.55,8882.55,1.091,0.107,0.001,0.001,0.020,-0.001,5.426,Fuzzy
803,40.1494,-5.441,108.920,0.004,-0.291,-14.289,0.000,14.292,0.291,369031.9,369.03,34476.49,8876.49,1.092,0.107,0.000,0.001,0.021,-0.001,5.441,Fuzzy
804,40.1994,-5.455,108.207,0.004,-0.292,-14.243,0.000,14.246,0.292,368982.0,368.98,34470.45,8870.44,1.092,0.107,0.000,0.001,-0.021,-0.001,5.455,Fuzzy
805,40.2494,-5.470,107.496,0.004,-0.293,-14.196,0.000,14.199,0.293,368986.0,368.99,34464.40,8864.40,1.092,0.107,0.000,0.001,0.020,0.000,5.470,Fuzzy
806,40.2994,-5.485,106.787,0.004,-0.294,-14.150,0.000,14.153,0.294,368989.0,368.99,34458.36,8858.35,1.092,0.107,-0.001,0.001,-0.020,0.000,5.485,Fuzzy
807,40.3494,-5.500,106.081,0.004,-0.295,-14.104,0.000,14.107,0.295,368991.0,368.99,34452.31,8852.31,1.092,0.107,0.000,0.000,-0.021,0.000,5.500,Fuzzy
808,40.3994,-5.514,105.377,0.004,-0.296,-14.057,0.000,14.060,0.296,368991.9,368.99,34446.27,8846.27,1.092,0.107,0.000,0.000,-0.021,0.000,5.514,Fuzzy
809,40.4494,-5.529,104.675,0.005,-0.297,-14.011,0.000,14.014,0.297,368991.9,368.99,34440.22,8840.22,1.093,0.107,0.000,0.001,0.021,0.000,5.529,Fuzzy
810,40.4995,-5.544,103.976,0.005,-0.298,-13.964,0.000,13.967,0.298,368990.9,368.99,34434.18,8834.18,1.093,0.107,0.000,0.001,-0.020,0.001,5.544,Fuzzy
811,40.5495,-5.559,103.279,0.005,-0.299,-13.917,0.000,13.920,0.299,368988.9,368.99,34428.13,8828.13,1.093,0.107,0.000,0.001,-0.021,0.001,5.559,Fuzzy
812,40.5995,-5.574,102.584,0.005,-0.300,-13.870,0.000,13.874,0.300,368986.0,368.99,34422.09,8822.09,1.093,0.107,0.000,0.001,0.021,0.001,5.574,Fuzzy
813,40.6495,-5.589,101.892,0.005,-0.301,-13.823,0.000,13.827,0.301,368982.2,368.98,34416.04,8816.04,1.093,0.107,0.000,0.001,-0.020,0.001,5.589,Fuzzy
814,40.6995,-5.604,101.202,0.005,-0.302,-13.776,0.000,13.780,0.302,368977.3,368.98,34410.00,8810.00,1.093,0.107,0.001,0.001,0.020,0.001,5.604,Fuzzy
815,40.7495,-5.619,100.514,0.005,-0.303,-13.729,0.000,13.733,0.303,368971.6,368.97,34403.95,8803.95,1.094,0.108,0.000,0.001,-0.021,0.001,5.619,Fuzzy
816,40.7995,-5.634,99.829,0.005,-0.304,-13.679,0.000,13.683,0.304,378260.4,378.26,34397.88,8797.87,1.121,0.108,0.000,0.001,0.021,0.001,5.634,Fuzzy
817,40.8495,-5.650,99.146,0.005,-0.305,-13.619,0.000,13.622,0.305,378079.8,378.08,34391.67,8791.67,1.121,0.108,0.000,0.001,-0.021,0.002,5.650,Fuzzy
818,40.8995,-5.665,98.467,0.005,-0.306,-13.558,0.000,13.562,0.306,377900.4,377.90,34385.48,8785.48,1.121,0.108,0.000,0.001,0.021,0.002,5.665,Fuzzy
819,40.9495,-5.680,97.790,0.005,-0.307,-13.498,0.000,13.502,0.307,377722.1,377.72,34379.29,8779.28,1.120,0.108,0.000,0.002,-0.021,0.002,5.680,Fuzzy
820,40.9996,-5.696,97.117,0.005,-0.308,-13.438,0.000,13.442,0.308,377545.0,377.55,34373.09,8773.09,1.120,0.108,0.001,0.002,0.021,0.002,5.696,Fuzzy
821,41.0496,-5.711,96.446,0.005,-0.309,-13.378,0.000,13.382,0.309,377369.0,377.37,34366.90,8766.90,1.120,0.108,-0.001,0.002,-0.021,0.002,5.711,Fuzzy
822,41.0996,-5.726,95.779,0.005,-0.310,-13.318,0.000,13.322,0.310,377194.1,377.19,34360.72,8760.72,1.119,0.108,0.001,0.002,0.021,0.002,5.726,Fuzzy
823,41.1496,-5.742,95.115,0.005,-0.311,-13.259,0.000,13.262,0.311,377020.3,377.02,34354.54,8754.54,1.119,0.108,-0.001,0.002,0.021,0.002,5.742,Fuzzy
824,41.1996,-5.757,94.453,0.005,-0.312,-13.199,0.000,13.203,0.312,376847.7,376.85,34348.36,8748.36,1.119,0.108,0.001,0.003,-0.021,0.002,5.757,Fuzzy
825,41.2496,-5.773,93.795,0.005,-0.313,-13.140,0.000,13.144,0.313,376676.0,376.68,34342.18,8742.18,1.118,0.108,0.000,0.003,0.021,0.003,5.773,Fuzzy
826,41.2996,-5.789,93.139,0.005,-0.314,-13.081,0.000,13.085,0.314,376505.5,376.51,34336.01,8736.01,1.118,0.108,0.000,0.003,-0.021,0.003,5.789,Fuzzy
827,41.3496,-5.804,92.487,0.005,-0.315,-13.022,0.000,13.026,0.315,376335.9,376.34,34329.84,8729.84,1.118,0.108,0.000,0.003,0.021,0.003,5.804,Fuzzy
828,41.3996,-5.820,91.837,0.005,-0.316,-12.963,0.000,12.967,0.316,376167.3,376.17,34323.66,8723.67,1.118,0.108,-0.001,0.003,-0.021,0.003,5.820,Fuzzy
829,41.4497,-5.836,91.190,0.005,-0.317,-12.905,0.000,12.909,0.317,375999.8,376.00,34317.50,8717.50,1.117,0.108,0.000,0.004,-0.021,0.003,5.836,Fuzzy
830,41.4997,-5.852,90.546,0.005,-0.318,-12.846,0.000,12.850,0.318,375833.3,375.83,34311.34,8711.34,1.117,0.108,0.000,0.004,0.021,0.003,5.852,Fuzzy
831,41.5497,-5.868,89.906,0.005,-0.319,-12.788,0.000,12.792,0.319,375667.7,375.67,34305.18,8705.18,1.117,0.110,0.000,0.004,-0.021,0.003,5.868,Fuzzy
832,41.5997,-5.884,89.268,0.005,-0.320,-12.730,0.000,12.734,0.320,375503.1,375.50,34299.02,8699.02,1.116,0.110,0.001,0.004,0.021,0.003,5.884,Fuzzy
833,41.6497,-5.900,88.633,0.005,-0.321,-12.672,0.000,12.676,0.321,375339.4,375.34,34292.87,8692.87,1.116,0.110,0.000,0.004,0.021,0.003,5.900,Fuzzy
834,41.6997,-5.916,88.001,0.005,-0.322,-12.614,0.000,12.618,0.322,375176.8,375.18,34286.72,8686.72,1.116,0.110,0.000,0.005,0.021,0.003,5.916,Fuzzy
835,41.7497,-5.932,87.371,0.005,-0.323,-12.556,0.000,12.560,0.323,375014.9,375.01,34280.57,8680.57,1.116,0.110,0.000,0.005,0.021,0.003,5.932,Fuzzy
836,41.7997,-5.948,86.745,0.005,-0.324,-12.499,0.000,12.503,0.324,374854.0,374.85,34274.42,8674.42,1.115,0.110,0.000,0.005,0.021,0.003,5.948,Fuzzy
837,41.8497,-5.964,86.121,0.005,-0.325,-12.441,0.000,12.445,0.325,374694.1,374.69,34268.28,8668.28,1.115,0.110,0.000,0.005,-0.021,0.003,5.964,Fuzzy
838,41.8998,-5.981,85.501,0.005,-0.326,-12.384,0.000,12.388,0.326,374535.0,374.54,34262.14,8662.14,1.115,0.112,0.001,0.005,0.021,0.003,5.981,Fuzzy
839,41.9498,-5.997,84.883,0.005,-0.327,-12.327,0.000,12.331,0.327,374376.6,374.38,34255.99,8655.99,1.114,0.112,-0.001,0.006,0.022,0.003,5.997,Fuzzy
840,41.9998,-6.013,84.268,0.005,-0.328,-12.270,0.000,12.274,0.328,374219.3,374.22,34249.86,8649.86,1.114,0.112,0.001,0.006,-0.022,0.003,6.013,Fuzzy
841,42.0498,-6.030,83.656,0.005,-0.329,-12.213,0.000,12.217,0.329,374062.8,374.06,34243.73,8643.73,1.114,0.112,-0.001,0.006,0.022,0.003,6.030,Fuzzy
842,42.0998,-6.046,83.047,0.005,-0.330,-12.156,0.000,12.161,0.330,373907.0,373.91,34237.59,8637.60,1.114,0.112,0.001,0.006,-0.022,0.003,6.046,Fuzzy
843,42.1498,-6.063,82.440,0.005,-0.331,-12.099,0.000,12.104,0.331,373752.1,373.75,34231.46,8631.47,1.113,0.112,-0.001,0.006,0.022,0.003,6.063,Fuzzy
844,42.1998,-6.079,81.837,0.005,-0.332,-12.043,0.000,12.048,0.332,373597.9,373.60,34225.34,8625.34,1.113,0.114,0.001,0.006,-0.022,0.003,6.079,Fuzzy
845,42.2498,-6.096,81.236,0.005,-0.333,-11.987,0.000,11.991,0.333,373444.7,373.44,34219.22,8619.22,1.113,0.114,-0.001,0.007,0.022,0.003,6.096,Fuzzy
846,42.2998,-6.113,80.638,0.005,-0.334,-11.931,0.000,11.935,0.334,373292.1,373.29,34213.10,8613.10,1.113,0.114,0.001,0.007,-0.022,0.003,6.113,Fuzzy
847,42.3498,-6.129,80.043,0.005,-0.335,-11.874,0.000,11.879,0.335,373140.3,373.14,34206.98,8606.98,1.112,0.114,-0.001,0.007,0.022,0.003,6.129,Fuzzy
848,42.3999,-6.146,79.450,0.005,-0.336,-11.831,0.000,11.836,0.336,363302.3,363.30,34201.00,8601.01,1.083,0.114,0.001,0.007,-0.022,0.003,6.146,Fuzzy
849,42.4499,-6.163,78.860,0.005,-0.337,-11.790,0.000,11.794,0.337,363331.8,363.33,34195.05,8595.05,1.084,0.115,-0.001,0.007,0.023,0.003,6.163,Fuzzy
850,42.4999,-6.180,78.272,0.005,-0.338,-11.748,0.000,11.753,0.338,363359.5,363.36,34189.09,8589.09,1.084,0.115,0.001,0.007,-0.023,0.003,6.180,Fuzzy
851,42.5499,-6.197,77.685,0.005,-0.339,-11.706,0.000,11.711,0.339,363385.4,363.39,34183.13,8583.13,1.084,0.115,-0.001,0.007,0.023,0.003,6.197,Fuzzy
852,42.5999,-6.214,77.101,0.005,-0.340,-11.664,0.000,11.669,0.340,363409.7,363.41,34177.18,8577.18,1.084,0.115,0.000,0.007,-0.022,0.003,6.214,Fuzzy
853,42.6499,-6.231,76.519,0.005,-0.341,-11.621,0.000,11.626,0.341,363432.1,363.43,34171.22,8571.22,1.085,0.115,0.000,0.008,0.022,0.003,6.231,Fuzzy
854,42.6999,-6.248,75.939,0.005,-0.342,-11.579,0.000,11.584,0.342,363453.0,363.45,34165.26,8565.26,1.085,0.117,-0.001,0.008,-0.022,0.003,6.248,Fuzzy
855,42.7499,-6.265,75.361,0.005,-0.343,-11.536,0.000,11.542,0.343,363472.1,363.47,34159.30,8559.31,1.085,0.117,0.000,0.008,-0.023,0.003,6.265,Fuzzy
856,42.7999,-6.282,74.785,0.005,-0.344,-11.494,0.000,11.499,0.344,363489.8,363.49,34153.35,8553.35,1.085,0.117,0.000,0.008,-0.023,0.003,6.282,Fuzzy
857,42.8500,-6.299,74.212,0.005,-0.345,-11.451,0.000,11.456,0.345,363505.7,363.51,34147.39,8547.39,1.086,0.117,0.000,0.008,0.023,0.003,6.299,Fuzzy
858,42.9000,-6.317,73.640,0.005,-0.346,-11.408,0.000,11.414,0.346,363520.1,363.52,34141.43,8541.44,1.086,0.119,0.000,0.008,-0.023,0.002,6.317,Fuzzy
859,42.9500,-6.334,73.071,0.005,-0.347,-11.365,0.000,11.371,0.347,363532.9,363.53,34135.48,8535.48,1.086,0.119,0.000,0.008,-0.023,0.002,6.334,Fuzzy
860,43.0000,-6.351,72.504,0.005,-0.348,-11.322,0.000,11.328,0.348,363544.3,363.54,34129.52,8529.52,1.086,0.119,0.000,0.008,0.023,0.003,6.351,Fuzzy
861,43.0500,-6.369,71.938,0.005,-0.350,-11.279,0.000,11.285,0.350,363554.1,363.55,34123.56,8523.56,1.086,0.119,-0.001,0.008,-0.023,0.003,6.369,Fuzzy
862,43.1000,-6.386,71.376,0.005,-0.351,-11.236,0.000,11.241,0.351,363562.5,363.56,34117.61,8517.61,1.087,0.120,0.001,0.008,0.023,0.002,6.386,Fuzzy
863,43.1500,-6.404,70.815,0.005,-0.352,-11.193,0.000,11.198,0.352,363569.4,363.57,34111.65,8511.65,1.087,0.120,-0.001,0.008,0.024,0.002,6.404,Fuzzy
864,43.2000,-6.422,70.256,0.005,-0.353,-11.149,0.000,11.155,0.353,363575.1,363.58,34105.69,8505.69,1.087,0.120,0.000,0.008,-0.023,0.002,6.422,Fuzzy
865,43.2500,-6.439,69.700,0.005,-0.354,-11.106,0.000,11.111,0.354,363579.2,363.58,34099.73,8499.74,1.087,0.120,0.001,0.008,0.023,0.002,6.439,Fuzzy
866,43.3001,-6.457,69.146,0.005,-0.355,-11.062,0.000,11.068,0.355,363581.8,363.58,34093.78,8493.78,1.087,0.122,-0.001,0.008,-0.023,0.002,6.457,Fuzzy
867,43.3501,-6.475,68.594,0.005,-0.356,-11.018,0.000,11.024,0.356,363583.2,363.58,34087.82,8487.82,1.088,0.122,0.001,0.008,-0.024,0.002,6.475,Fuzzy
868,43.4001,-6.493,68.044,0.005,-0.357,-10.974,0.000,10.980,0.357,363583.3,363.58,34081.86,8481.86,1.088,0.122,-0.001,0.008,0.024,0.002,6.493,Fuzzy
869,43.4501,-6.510,67.496,0.005,-0.358,-10.931,0.000,10.936,0.358,363582.0,363.58,34075.91,8475.91,1.088,0.122,0.000,0.008,-0.024,0.002,6.510,Fuzzy
870,43.5001,-6.528,66.951,0.005,-0.359,-10.887,0.000,10.893,0.359,363579.5,363.58,34069.95,8469.95,1.088,0.124,0.000,0.008,0.024,0.002,6.528,Fuzzy
871,43.5501,-6.546,66.408,0.005,-0.360,-10.843,0.000,10.849,0.360,363575.6,363.58,34063.99,8463.99,1.088,0.124,0.000,0.008,-0.024,0.002,6.546,Fuzzy
872,43.6001,-6.564,65.867,0.005,-0.361,-10.798,0.000,10.804,0.361,363570.5,363.57,34058.04,8458.04,1.089,0.124,0.000,0.008,0.024,0.002,6.564,Fuzzy
873,43.6501,-6.582,65.328,0.005,-0.363,-10.754,0.000,10.760,0.363,363564.2,363.56,34052.08,8452.08,1.089,0.124,-0.001,0.008,0.024,0.002,6.582,Fuzzy
874,43.7001,-6.601,64.791,0.005,-0.364,-10.710,0.000,10.716,0.364,363556.6,363.56,34046.12,8446.12,1.089,0.125,0.000,0.008,-0.024,0.002,6.601,Fuzzy
875,43.7501,-6.619,64.257,0.005,-0.365,-10.666,0.000,10.672,0.365,363547.9,363.55,34040.16,8440.17,1.089,0.125,0.000,0.008,0.024,0.002,6.619,Fuzzy
876,43.8002,-6.637,63.725,0.005,-0.366,-10.621,0.000,10.627,0.366,363537.9,363.54,34034.21,8434.21,1.089,0.125,-0.001,0.009,-0.024,0.002,6.637,Fuzzy
877,43.8502,-6.655,63.195,0.005,-0.367,-10.577,0.000,10.583,0.367,363526.8,363.53,34028.25,8428.25,1.089,0.127,0.000,0.009,0.024,0.002,6.655,Fuzzy
878,43.9002,-6.674,62.667,0.005,-0.368,-10.532,0.000,10.538,0.368,363514.6,363.51,34022.29,8422.29,1.090,0.127,0.000,0.009,-0.024,0.002,6.674,Fuzzy
879,43.9502,-6.692,62.142,0.005,-0.369,-10.487,0.000,10.494,0.369,363501.2,363.50,34016.34,8416.34,1.090,0.127,-0.001,0.009,0.025,0.002,6.692,Fuzzy
880,44.0002,-6.711,61.618,0.005,-0.370,-10.443,0.000,10.449,0.370,363486.7,363.49,34010.38,8410.38,1.090,0.127,0.002,0.009,-0.025,0.002,6.711,Fuzzy
881,44.0502,-6.729,61.097,0.005,-0.372,-10.398,0.000,10.405,0.372,363471.2,363.47,34004.42,8404.42,1.090,0.128,-0.001,0.009,-0.024,0.002,6.729,Fuzzy
882,44.1002,-6.748,60.578,0.005,-0.373,-10.353,0.000,10.360,0.373,363454.5,363.45,33998.46,8398.47,1.090,0.128,0.000,0.009,0.025,0.002,6.748,Fuzzy
883,44.1502,-6.767,60.062,0.005,-0.374,-10.308,0.000,10.315,0.374,363436.8,363.44,33992.51,8392.51,1.090,0.128,0.001,0.009,-0.025,0.002,6.767,Fuzzy
884,44.2002,-6.785,59.548,0.005,-0.375,-10.263,0.000,10.270,0.375,363418.1,363.42,33986.55,8386.55,1.090,0.128,-0.002,0.009,-0.024,0.002,6.785,Fuzzy
885,44.2503,-6.804,59.036,0.005,-0.376,-10.218,0.000,10.225,0.376,363398.3,363.40,33980.59,8380.60,1.091,0.130,0.001,0.009,0.025,0.002,6.804,Fuzzy
886,44.3003,-6.823,58.526,0.005,-0.377,-10.173,0.000,10.180,0.377,363377.5,363.38,33974.64,8374.64,1.091,0.130,-0.001,0.009,-0.025,0.002,6.823,Fuzzy
887,44.3503,-6.842,58.018,0.005,-0.379,-10.128,0.000,10.135,0.379,363355.7,363.36,33968.68,8368.68,1.091,0.130,0.000,0.009,0.025,0.002,6.842,Fuzzy
888,44.4003,-6.861,57.513,0.005,-0.380,-10.083,0.000,10.090,0.380,363332.9,363.33,33962.72,8362.72,1.091,0.131,0.001,0.009,-0.026,0.002,6.861,Fuzzy
889,44.4503,-6.880,57.010,0.005,-0.381,-10.037,0.000,10.045,0.381,363309.2,363.31,33956.77,8356.77,1.091,0.131,-0.001,0.009,0.026,0.002,6.880,Fuzzy
890,44.5003,-6.899,56.509,0.005,-0.382,-9.992,0.000,9.999,0.382,363284.4,363.28,33950.81,8350.81,1.091,0.131,0.002,0.009,0.025,0.002,6.899,Fuzzy
891,44.5503,-6.918,56.011,0.005,-0.383,-9.947,0.000,9.954,0.383,363258.8,363.26,33944.85,8344.85,1.091,0.131,-0.001,0.009,-0.025,0.002,6.918,Fuzzy
892,44.6003,-6.937,55.515,0.005,-0.385,-9.901,0.000,9.909,0.385,363232.2,363.23,33938.89,8338.90,1.091,0.133,0.001,0.009,0.025,0.002,6.937,Fuzzy
893,44.6503,-6.956,55.021,0.005,-0.386,-9.856,0.000,9.863,0.386,363204.7,363.20,33932.94,8332.94,1.091,0.133,-0.001,0.009,-0.025,0.002,6.956,Fuzzy
894,44.7003,-6.976,54.529,0.005,-0.387,-9.810,0.000,9.818,0.387,363176.3,363.18,33926.98,8326.98,1.092,0.133,0.001,0.009,0.025,0.002,6.976,Fuzzy
895,44.7504,-6.995,54.040,0.005,-0.388,-9.765,0.000,9.773,0.388,363147.0,363.15,33921.02,8321.02,1.092,0.134,-0.001,0.009,-0.026,0.002,6.995,Fuzzy
896,44.8004,-7.015,53.553,0.005,-0.389,-9.719,0.000,9.727,0.389,363116.8,363.12,33915.07,8315.07,1.092,0.134,0.001,0.009,0.026,0.002,7.015,Fuzzy
897,44.8504,-7.034,53.068,0.005,-0.391,-9.674,0.000,9.682,0.391,363085.7,363.09,33909.11,8309.11,1.092,0.134,-0.001,0.009,-0.025,0.002,7.034,Fuzzy
898,44.9004,-7.054,52.585,0.005,-0.392,-9.628,0.000,9.636,0.392,363053.8,363.05,33903.16,8303.16,1.092,0.134,0.000,0.009,-0.026,0.002,7.054,Fuzzy
899,44.9504,-7.073,52.105,0.005,-0.393,-9.582,0.000,9.590,0.393,363021.3,363.02,33897.21,8297.21,1.092,0.136,0.001,0.009,0.026,0.002,7.073,Fuzzy
900,45.0004,-7.093,51.627,0.005,-0.394,-9.536,0.000,9.545,0.394,362987.8,362.99,33891.26,8291.26,1.092,0.136,-0.001,0.009,-0.026,0.002,7.093,Fuzzy
901,45.0504,-7.113,51.151,0.005,-0.395,-9.491,0.000,9.499,0.395,362953.6,362.95,33885.32,8285.32,1.092,0.136,0.001,0.009,0.026,0.002,7.113,Fuzzy
902,45.1004,-7.132,50.678,0.005,-0.397,-9.445,0.000,9.453,0.397,362918.4,362.92,33879.37,8279.37,1.092,0.137,-0.001,0.009,-0.026,0.002,7.132,Fuzzy
903,45.1504,-7.152,50.207,0.005,-0.398,-9.399,0.000,9.407,0.398,362882.5,362.88,33873.42,8273.42,1.092,0.137,0.001,0.009,0.026,0.002,7.152,Fuzzy
904,45.2005,-7.172,49.738,0.005,-0.399,-9.353,0.000,9.362,0.399,362845.8,362.85,33867.47,8267.47,1.093,0.137,0.000,0.009,-0.026,0.002,7.172,Fuzzy
905,45.2505,-7.192,49.272,0.005,-0.400,-9.307,0.000,9.316,0.400,362808.3,362.81,33861.53,8261.53,1.093,0.138,0.001,0.009,0.027,0.002,7.192,Fuzzy
906,45.3005,-7.212,48.807,0.005,-0.402,-9.261,0.000,9.270,0.402,362770.1,362.77,33855.58,8255.58,1.093,0.138,-0.001,0.009,-0.026,0.002,7.212,Fuzzy
907,45.3505,-7.232,48.345,0.005,-0.403,-9.215,0.000,9.224,0.403,362731.1,362.73,33849.63,8249.63,1.093,0.138,0.001,0.009,0.026,0.002,7.232,Fuzzy
908,45.4005,-7.253,47.886,0.005,-0.404,-9.169,0.000,9.178,0.404,362691.4,362.69,33843.68,8243.69,1.093,0.138,-0.001,0.009,0.027,0.002,7.253,Fuzzy
909,45.4505,-7.273,47.428,0.005,-0.405,-9.123,0.000,9.132,0.405,362650.9,362.65,33837.74,8237.74,1.093,0.140,0.001,0.009,-0.027,0.002,7.273,Fuzzy
910,45.5005,-7.293,46.973,0.005,-0.407,-9.077,0.000,9.086,0.407,362609.7,362.61,33831.79,8231.79,1.093,0.140,0.000,0.009,0.027,0.002,7.293,Fuzzy
911,45.5505,-7.314,46.521,0.005,-0.408,-9.031,0.000,9.040,0.408,362567.7,362.57,33825.84,8225.84,1.093,0.140,0.000,0.009,-0.027,0.002,7.314,Fuzzy
912,45.6005,-7.334,46.070,0.005,-0.409,-8.985,0.000,8.994,0.409,362525.2,362.53,33819.89,8219.90,1.093,0.141,0.000,0.009,0.027,0.002,7.334,Fuzzy
913,45.6506,-7.354,45.622,0.005,-0.411,-8.939,0.000,8.948,0.411,362481.8,362.48,33813.95,8213.95,1.093,0.141,0.000,0.009,-0.027,0.002,7.354,Fuzzy
914,45.7006,-7.375,45.177,0.005,-0.412,-8.892,0.000,8.902,0.412,362437.8,362.44,33808.01,8208.01,1.093,0.141,0.000,0.009,0.027,0.002,7.375,Fuzzy
915,45.7506,-7.396,44.733,0.005,-0.413,-8.846,0.000,8.856,0.413,362299.3,362.30,33802.07,8202.07,1.093,0.143,0.000,0.009,-0.028,0.002,7.396,Fuzzy
916,45.8006,-7.416,44.292,0.005,-0.414,-8.800,0.000,8.810,0.414,362071.4,362.07,33796.13,8196.13,1.092,0.143,0.000,0.009,0.028,0.002,7.416,Fuzzy
917,45.8506,-7.437,43.853,0.005,-0.416,-8.755,0.000,8.764,0.416,361848.8,361.85,33790.20,8190.20,1.092,0.143,0.001,0.009,-0.028,0.002,7.437,Fuzzy
918,45.9006,-7.458,43.416,0.005,-0.417,-8.709,0.000,8.719,0.417,361631.4,361.63,33784.27,8184.27,1.092,0.144,-0.002,0.009,0.029,0.002,7.458,Fuzzy
919,45.9506,-7.479,42.982,0.005,-0.418,-8.664,0.000,8.674,0.418,361419.0,361.42,33778.34,8178.34,1.091,0.144,0.001,0.009,0.027,0.002,7.479,Fuzzy
920,46.0006,-7.500,42.550,0.005,-0.420,-8.619,0.000,8.629,0.420,361211.6,361.21,33772.42,8172.42,1.091,0.144,0.000,0.009,-0.028,0.002,7.500,Fuzzy
921,46.0506,-7.521,42.120,0.005,-0.421,-8.574,0.000,8.584,0.421,361009.2,361.01,33766.50,8166.50,1.090,0.145,-0.001,0.009,0.029,0.002,7.521,Fuzzy
922,46.1006,-7.542,41.693,0.005,-0.422,-8.529,0.000,8.540,0.422,360811.6,360.81,33760.58,8160.58,1.090,0.145,0.002,0.009,0.027,0.002,7.542,Fuzzy
923,46.1507,-7.563,41.267,0.005,-0.423,-8.485,0.000,8.496,0.423,360618.8,360.62,33754.67,8154.67,1.089,0.145,0.000,0.009,-0.028,0.002,7.563,Fuzzy
924,46.2007,-7.584,40.844,0.005,-0.425,-8.441,0.000,8.452,0.425,360430.8,360.43,33748.76,8148.76,1.089,0.147,-0.001,0.009,0.029,0.002,7.584,Fuzzy
925,46.2507,-7.605,40.423,0.005,-0.426,-8.397,0.000,8.408,0.426,360247.4,360.25,33742.85,8142.85,1.089,0.147,0.002,0.009,0.028,0.002,7.605,Fuzzy
926,46.3007,-7.627,40.004,0.005,-0.427,-8.353,0.000,8.364,0.427,360068.6,360.07,33736.95,8136.95,1.088,0.147,0.000,0.009,-0.028,0.002,7.627,Fuzzy
927,46.3507,-7.648,39.588,0.005,-0.429,-8.309,0.000,8.320,0.429,359894.3,359.89,33731.04,8131.04,1.088,0.148,-0.002,0.009,0.030,0.002,7.648,Fuzzy
928,46.4007,-7.670,39.173,0.005,-0.430,-8.266,0.000,8.277,0.430,359724.4,359.72,33725.14,8125.15,1.088,0.148,0.001,0.009,0.028,0.002,7.670,Fuzzy
929,46.4507,-7.691,38.761,0.005,-0.431,-8.222,0.000,8.234,0.431,359558.9,359.56,33719.25,8119.25,1.087,0.148,0.001,0.009,-0.029,0.002,7.691,Fuzzy
930,46.5007,-7.713,38.351,0.005,-0.433,-8.179,0.000,8.191,0.433,359397.6,359.40,33713.36,8113.36,1.087,0.149,-0.002,0.009,-0.028,0.002,7.713,Fuzzy
931,46.5507,-7.734,37.943,0.005,-0.434,-8.136,0.000,8.148,0.434,359240.6,359.24,33707.46,8107.47,1.087,0.149,0.000,0.009,0.029,0.002,7.734,Fuzzy
932,46.6008,-7.756,37.538,0.005,-0.435,-8.093,0.000,8.105,0.435,359087.8,359.09,33701.58,8101.58,1.087,0.149,0.001,0.009,-0.029,0.002,7.756,Fuzzy
933,46.6508,-7.778,37.134,0.005,-0.437,-8.051,0.000,8.062,0.437,358938.9,358.94,33695.69,8095.69,1.086,0.151,-0.002,0.009,-0.028,0.002,7.778,Fuzzy
934,46.7008,-7.800,36.733,0.005,-0.438,-8.008,0.000,8.020,0.438,358794.1,358.79,33689.81,8089.81,1.086,0.151,0.001,0.009,0.029,0.002,7.800,Fuzzy
935,46.7508,-7.822,36.333,0.005,-0.440,-7.965,0.000,7.978,0.440,358653.3,358.65,33683.93,8083.93,1.086,0.151,0.000,0.009,-0.029,0.003,7.822,Fuzzy
936,46.8008,-7.844,35.936,0.005,-0.441,-7.923,0.000,7.935,0.441,358516.3,358.52,33678.05,8078.05,1.086,0.152,0.000,0.009,0.030,0.002,7.844,Fuzzy
937,46.8508,-7.866,35.541,0.005,-0.442,-7.881,0.000,7.893,0.442,358383.2,358.38,33672.17,8072.17,1.085,0.152,0.000,0.009,-0.029,0.002,7.866,Fuzzy
938,46.9008,-7.888,35.148,0.005,-0.444,-7.839,0.000,7.851,0.444,358253.7,358.25,33666.30,8066.30,1.085,0.152,-0.001,0.009,0.030,0.003,7.888,Fuzzy
939,46.9508,-7.910,34.757,0.005,-0.445,-7.797,0.000,7.809,0.445,358127.9,358.13,33660.43,8060.43,1.085,0.153,0.001,0.009,-0.030,0.002,7.910,Fuzzy
940,47.0008,-7.933,34.368,0.005,-0.446,-7.755,0.000,7.767,0.446,358005.8,358.01,33654.56,8054.56,1.085,0.153,-0.001,0.009,0.030,0.002,7.933,Fuzzy
941,47.0509,-7.955,33.982,0.005,-0.448,-7.713,0.000,7.726,0.448,357887.2,357.89,33648.69,8048.69,1.085,0.153,0.002,0.009,0.029,0.003,7.955,Fuzzy
942,47.1009,-7.977,33.597,0.005,-0.449,-7.671,0.000,7.684,0.449,357772.0,357.77,33642.82,8042.82,1.084,0.155,-0.001,0.009,-0.029,0.002,7.977,Fuzzy
943,47.1509,-8.000,33.215,0.005,-0.451,-7.629,0.000,7.642,0.451,357660.3,357.66,33636.96,8036.96,1.084,0.155,0.001,0.009,0.029,0.003,8.000,Fuzzy
944,47.2009,-8.022,32.834,0.005,-0.452,-7.587,0.000,7.601,0.452,357551.8,357.55,33631.09,8031.10,1.084,0.156,-0.001,0.009,-0.029,0.003,8.022,Fuzzy
945,47.2509,-8.045,32.456,0.005,-0.453,-7.546,0.000,7.559,0.453,357446.7,357.45,33625.23,8025.24,1.084,0.156,0.001,0.009,0.030,0.002,8.045,Fuzzy
946,47.3009,-8.068,32.080,0.005,-0.455,-7.504,0.000,7.518,0.455,357344.8,357.34,33619.38,8019.38,1.084,0.156,0.000,0.009,-0.030,0.003,8.068,Fuzzy
947,47.3509,-8.091,31.705,0.005,-0.456,-7.463,0.000,7.477,0.456,357246.0,357.25,33613.52,8013.52,1.084,0.157,0.000,0.009,0.030,0.002,8.091,Fuzzy
948,47.4009,-8.113,31.333,0.005,-0.458,-7.421,0.000,7.436,0.458,357150.3,357.15,33607.66,8007.66,1.084,0.157,0.000,0.009,-0.031,0.003,8.113,Fuzzy
949,47.4509,-8.136,30.963,0.005,-0.459,-7.380,0.000,7.394,0.459,357057.7,357.06,33601.81,8001.81,1.084,0.157,-0.001,0.009,0.031,0.003,8.136,Fuzzy
950,47.5009,-8.159,30.595,0.005,-0.460,-7.339,0.000,7.353,0.460,356968.0,356.97,33595.95,7995.95,1.083,0.158,0.002,0.009,0.030,0.003,8.159,Fuzzy
951,47.5510,-8.182,30.229,0.005,-0.462,-7.298,0.000,7.312,0.462,356881.2,356.88,33590.11,7990.10,1.083,0.158,-0.001,0.009,-0.030,0.003,8.182,Fuzzy
952,47.6010,-8.205,29.865,0.005,-0.463,-7.256,0.000,7.271,0.463,356797.3,356.80,33584.25,7984.26,1.083,0.159,0.000,0.009,0.031,0.003,8.205,Fuzzy
953,47.6510,-8.229,29.504,0.005,-0.465,-7.215,0.000,7.230,0.465,356716.2,356.72,33578.41,7978.41,1.083,0.159,0.001,0.009,-0.031,0.003,8.229,Fuzzy
954,47.7010,-8.252,29.144,0.005,-0.466,-7.174,0.000,7.189,0.466,356637.7,356.64,33572.56,7972.56,1.083,0.159,-0.001,0.009,0.031,0.003,8.252,Fuzzy
955,47.7510,-8.275,28.786,0.005,-0.468,-7.133,0.000,7.148,0.468,356562.0,356.56,33566.71,7966.71,1.083,0.161,0.001,0.009,-0.031,0.003,8.275,Fuzzy
956,47.8010,-8.299,28.431,0.005,-0.469,-7.092,0.000,7.107,0.469,356488.9,356.49,33560.87,7960.87,1.083,0.161,-0.001,0.010,0.031,0.003,8.299,Fuzzy
957,47.8510,-8.322,28.077,0.005,-0.470,-7.051,0.000,7.066,0.470,356418.3,356.42,33555.02,7955.02,1.083,0.161,0.001,0.010,-0.032,0.003,8.322,Fuzzy
958,47.9010,-8.346,27.726,0.005,-0.472,-7.010,0.000,7.025,0.472,356350.2,356.35,33549.18,7949.18,1.083,0.162,-0.002,0.010,-0.030,0.003,8.346,Fuzzy
959,47.9510,-8.369,27.376,0.005,-0.473,-6.969,0.000,6.985,0.473,356284.6,356.28,33543.34,7943.34,1.083,0.162,0.001,0.010,0.031,0.003,8.369,Fuzzy
960,48.0011,-8.393,27.029,0.005,-0.475,-6.927,0.000,6.944,0.475,356221.3,356.22,33537.50,7937.50,1.083,0.163,-0.001,0.010,-0.031,0.003,8.393,Fuzzy
961,48.0511,-8.417,26.683,0.005,-0.476,-6.886,0.000,6.903,0.476,356160.4,356.16,33531.66,7931.66,1.083,0.163,0.001,0.010,0.031,0.003,8.417,Fuzzy
962,48.1011,-8.441,26.340,0.005,-0.478,-6.845,0.000,6.862,0.478,356101.7,356.10,33525.82,7925.82,1.083,0.163,-0.001,0.010,-0.031,0.003,8.441,Fuzzy
963,48.1511,-8.465,25.999,0.005,-0.479,-6.804,0.000,6.821,0.479,356045.3,356.05,33519.98,7919.98,1.083,0.164,0.001,0.010,0.032,0.003,8.465,Fuzzy
964,48.2011,-8.489,25.660,0.005,-0.481,-6.763,0.000,6.780,0.481,355991.1,355.99,33514.15,7914.15,1.083,0.164,-0.001,0.010,-0.031,0.003,8.489,Fuzzy
965,48.2511,-8.513,25.323,0.005,-0.482,-6.722,0.000,6.739,0.482,355939.1,355.94,33508.31,7908.31,1.083,0.166,0.001,0.010,-0.032,0.003,8.513,Fuzzy
966,48.3011,-8.537,24.987,0.005,-0.484,-6.681,0.000,6.699,0.484,355889.0,355.89,33502.48,7902.48,1.083,0.166,0.000,0.010,-0.032,0.003,8.537,Fuzzy
967,48.3511,-8.561,24.655,0.006,-0.485,-6.628,0.000,6.646,0.485,363452.5,363.45,33496.52,7896.52,1.106,0.167,-0.001,0.010,-0.032,0.003,8.561,Fuzzy
968,48.4011,-8.585,24.325,0.006,-0.487,-6.576,0.000,6.594,0.487,363190.6,363.19,33490.56,7890.56,1.106,0.167,-0.001,0.010,0.033,0.003,8.585,Fuzzy
969,48.4512,-8.610,23.997,0.006,-0.488,-6.524,0.000,6.542,0.488,362933.5,362.93,33484.61,7884.61,1.105,0.167,-0.001,0.010,-0.032,0.003,8.610,Fuzzy
970,48.5012,-8.634,23.672,0.006,-0.490,-6.472,0.000,6.491,0.490,362681.2,362.68,33478.66,7878.66,1.105,0.168,0.000,0.010,-0.032,0.003,8.634,Fuzzy
971,48.5512,-8.659,23.350,0.006,-0.491,-6.421,0.000,6.440,0.491,362433.5,362.43,33472.72,7872.72,1.104,0.168,0.001,0.010,-0.033,0.003,8.659,Fuzzy
972,48.6012,-8.683,23.030,0.006,-0.493,-6.370,0.000,6.389,0.493,362190.4,362.19,33466.78,7866.78,1.104,0.169,0.000,0.010,0.033,0.003,8.683,Fuzzy
973,48.6512,-8.708,22.713,0.006,-0.494,-6.319,0.000,6.338,0.494,361952.0,361.95,33460.84,7860.84,1.103,0.169,-0.001,0.010,-0.032,0.003,8.708,Fuzzy
974,48.7012,-8.733,22.398,0.006,-0.496,-6.268,0.000,6.288,0.496,361717.9,361.72,33454.91,7854.91,1.103,0.170,0.001,0.010,-0.033,0.003,8.733,Fuzzy
975,48.7512,-8.758,22.086,0.006,-0.498,-6.218,0.000,6.238,0.498,361488.3,361.49,33448.98,7848.98,1.102,0.170,0.001,0.010,0.033,0.003,8.758,Fuzzy
976,48.8012,-8.783,21.776,0.006,-0.499,-6.168,0.000,6.188,0.499,361263.0,361.26,33443.06,7843.06,1.102,0.170,-0.001,0.010,0.033,0.003,8.783,Fuzzy
977,48.8512,-8.808,21.469,0.006,-0.501,-6.118,0.000,6.138,0.501,361041.8,361.04,33437.14,7837.14,1.101,0.171,0.000,0.010,-0.033,0.003,8.808,Fuzzy
978,48.9012,-8.833,21.165,0.006,-0.502,-6.068,0.000,6.089,0.502,360824.8,360.82,33431.22,7831.22,1.101,0.171,0.000,0.010,0.033,0.003,8.833,Fuzzy
979,48.9513,-8.858,20.862,0.006,-0.504,-6.019,0.000,6.040,0.504,360612.0,360.61,33425.31,7825.31,1.100,0.172,0.000,0.010,-0.033,0.003,8.858,Fuzzy
980,49.0013,-8.883,20.563,0.006,-0.505,-5.970,0.000,5.991,0.505,360403.1,360.40,33419.40,7819.40,1.100,0.172,-0.001,0.010,0.034,0.003,8.883,Fuzzy
981,49.0513,-8.908,20.265,0.006,-0.507,-5.921,0.000,5.942,0.507,360198.1,360.20,33413.49,7813.49,1.099,0.174,0.001,0.010,-0.034,0.003,8.908,Fuzzy
982,49.1013,-8.934,19.971,0.006,-0.509,-5.872,0.000,5.894,0.509,359996.9,360.00,33407.59,7807.59,1.099,0.174,-0.002,0.010,-0.033,0.003,8.934,Fuzzy
983,49.1513,-8.959,19.678,0.006,-0.510,-5.823,0.000,5.846,0.510,359799.5,359.80,33401.69,7801.69,1.098,0.175,0.001,0.010,0.034,0.003,8.959,Fuzzy
984,49.2013,-8.985,19.388,0.006,-0.512,-5.775,0.000,5.798,0.512,359605.9,359.61,33395.79,7795.79,1.098,0.175,0.001,0.010,-0.034,0.003,8.985,Fuzzy
985,49.2513,-9.010,19.101,0.006,-0.513,-5.727,0.000,5.750,0.513,359415.8,359.42,33389.90,7789.90,1.098,0.175,-0.003,0.010,-0.033,0.003,9.010,Fuzzy
986,49.3013,-9.036,18.816,0.006,-0.515,-5.679,0.000,5.702,0.515,359229.3,359.23,33384.01,7784.01,1.097,0.176,0.001,0.010,0.034,0.003,9.036,Fuzzy
987,49.3513,-9.062,18.533,0.006,-0.517,-5.631,0.000,5.655,0.517,359046.4,359.05,33378.12,7778.12,1.097,0.176,0.001,0.010,-0.034,0.003,9.062,Fuzzy
988,49.4014,-9.088,18.253,0.006,-0.518,-5.583,0.000,5.607,0.518,358866.8,358.87,33372.23,7772.23,1.097,0.177,-0.002,0.010,0.035,0.003,9.088,Fuzzy
989,49.4514,-9.114,17.975,0.006,-0.520,-5.536,0.000,5.560,0.520,358690.6,358.69,33366.35,7766.35,1.096,0.177,0.002,0.011,0.034,0.003,9.114,Fuzzy
990,49.5014,-9.140,17.699,0.006,-0.521,-5.489,0.000,5.513,0.521,358517.6,358.52,33360.47,7760.47,1.096,0.178,-0.001,0.011,-0.034,0.003,9.140,Fuzzy
991,49.5514,-9.166,17.426,0.006,-0.523,-5.441,0.000,5.467,0.523,358347.8,358.35,33354.60,7754.60,1.096,0.178,-0.001,0.011,0.035,0.003,9.166,Fuzzy
992,49.6014,-9.192,17.155,0.006,-0.525,-5.395,0.000,5.420,0.525,358181.3,358.18,33348.72,7748.72,1.095,0.179,0.002,0.011,-0.035,0.003,9.192,Fuzzy
993,49.6514,-9.218,16.886,0.006,-0.526,-5.348,0.000,5.374,0.526,358017.7,358.02,33342.86,7742.85,1.095,0.179,-0.002,0.011,-0.034,0.003,9.218,Fuzzy
994,49.7014,-9.245,16.620,0.006,-0.528,-5.301,0.000,5.327,0.528,357857.2,357.86,33336.98,7736.99,1.095,0.180,0.001,0.011,0.035,0.003,9.245,Fuzzy
995,49.7514,-9.271,16.356,0.006,-0.530,-5.255,0.000,5.281,0.530,357699.6,357.70,33331.12,7731.12,1.094,0.180,0.000,0.011,-0.035,0.003,9.271,Fuzzy
996,49.8014,-9.298,16.095,0.006,-0.531,-5.208,0.000,5.235,0.531,357544.9,357.54,33325.26,7725.26,1.094,0.181,-0.001,0.011,0.036,0.003,9.298,Fuzzy
997,49.8514,-9.324,15.835,0.006,-0.533,-5.162,0.000,5.189,0.533,357393.0,357.39,33319.40,7719.40,1.094,0.181,0.002,0.011,0.034,0.003,9.324,Fuzzy
998,49.9015,-9.351,15.578,0.006,-0.535,-5.116,0.000,5.144,0.535,357243.8,357.24,33313.54,7713.54,1.094,0.182,-0.001,0.011,-0.035,0.003,9.351,Fuzzy
999,49.9515,-9.378,15.324,0.006,-0.536,-5.070,0.000,5.098,0.536,357097.4,357.10,33307.68,7707.68,1.093,0.182,0.000,0.011,0.035,0.003,9.378,Fuzzy
1000,50.0015,-9.404,15.071,0.006,-0.538,-5.024,0.000,5.053,0.538,356953.5,356.95,33301.83,7701.83,1.093,0.183,0.001,0.011,-0.036,0.003,9.404,Fuzzy
1001,50.0515,-9.431,14.822,0.006,-0.540,-4.917,0.000,4.946,0.540,415630.1,415.63,33295.30,7695.30,1.273,0.183,-0.002,0.011,0.036,0.003,9.431,Fuzzy
1002,50.1015,-9.458,14.580,0.006,-0.542,-4.783,0.000,4.813,0.542,415533.0,415.53,33288.49,7688.49,1.273,0.185,0.002,0.011,0.035,0.003,9.458,Fuzzy
1003,50.1515,-9.486,14.344,0.006,-0.544,-4.649,0.000,4.681,0.544,415435.7,415.44,33281.68,7681.68,1.273,0.185,-0.001,0.011,-0.035,0.003,9.486,Fuzzy
1004,50.2015,-9.513,14.115,0.006,-0.546,-4.515,0.000,4.548,0.546,415338.3,415.34,33274.87,7674.87,1.273,0.186,-0.001,0.011,0.037,0.003,9.513,Fuzzy
1005,50.2515,-9.540,13.893,0.006,-0.548,-4.381,0.000,4.415,0.548,415240.6,415.24,33268.06,7668.06,1.273,0.186,0.003,0.011,0.035,0.003,9.540,Fuzzy
1006,50.3015,-9.568,13.677,0.006,-0.550,-4.247,0.000,4.283,0.550,415142.7,415.14,33261.26,7661.26,1.273,0.187,-0.001,0.011,-0.036,0.003,9.568,Fuzzy
1007,50.3516,-9.595,13.468,0.006,-0.552,-4.113,0.000,4.150,0.552,415044.4,415.04,33254.45,7654.45,1.273,0.187,-0.002,0.011,0.037,0.003,9.595,Fuzzy
1008,50.4016,-9.623,13.266,0.006,-0.554,-3.980,0.000,4.018,0.554,414945.8,414.95,33247.65,7647.65,1.273,0.188,0.002,0.011,0.035,0.003,9.623,Fuzzy
1009,50.4516,-9.650,13.070,0.006,-0.556,-3.846,0.000,3.886,0.556,414846.7,414.85,33240.85,7640.85,1.273,0.189,0.000,0.012,-0.037,0.003,9.650,Fuzzy
1010,50.5016,-9.678,12.881,0.006,-0.558,-3.712,0.000,3.754,0.558,414747.1,414.75,33234.04,7634.04,1.273,0.189,-0.002,0.012,0.038,0.003,9.678,Fuzzy
1011,50.5516,-9.706,12.699,0.006,-0.560,-3.578,0.000,3.622,0.560,414647.0,414.65,33227.25,7627.25,1.273,0.190,0.002,0.012,0.036,0.003,9.706,Fuzzy
1012,50.6016,-9.734,12.523,0.006,-0.562,-3.445,0.000,3.490,0.562,414546.3,414.55,33220.45,7620.45,1.272,0.190,-0.001,0.012,-0.036,0.003,9.734,Fuzzy
1013,50.6516,-9.762,12.354,0.006,-0.564,-3.311,0.000,3.359,0.564,414444.8,414.44,33213.65,7613.65,1.272,0.191,0.000,0.012,0.037,0.003,9.762,Fuzzy
1014,50.7016,-9.791,12.192,0.006,-0.566,-3.177,0.000,3.227,0.566,414342.7,414.34,33206.86,7606.86,1.272,0.191,0.001,0.012,-0.037,0.003,9.791,Fuzzy
1015,50.7516,-9.819,12.036,0.006,-0.568,-3.044,0.000,3.096,0.568,414239.7,414.24,33200.07,7600.07,1.272,0.192,-0.002,0.012,0.038,0.003,9.819,Fuzzy
1016,50.8017,-9.847,11.888,0.006,-0.570,-2.910,0.000,2.966,0.570,414135.9,414.14,33193.28,7593.28,1.272,0.193,0.002,0.012,0.036,0.003,9.847,Fuzzy
1017,50.8517,-9.876,11.745,0.006,-0.572,-2.777,0.000,2.835,0.572,414031.1,414.03,33186.49,7586.49,1.272,0.193,-0.001,0.012,-0.037,0.003,9.876,Fuzzy
1018,50.9017,-9.905,11.610,0.006,-0.574,-2.643,0.000,2.705,0.574,413925.3,413.93,33179.70,7579.70,1.272,0.194,0.001,0.012,0.037,0.003,9.905,Fuzzy
1019,50.9517,-9.933,11.481,0.006,-0.576,-2.510,0.000,2.575,0.576,413818.3,413.82,33172.92,7572.92,1.272,0.194,0.000,0.012,-0.038,0.003,9.933,Fuzzy
1020,51.0017,-9.962,11.356,0.006,-0.578,-2.504,0.000,2.570,0.578,292865.0,292.87,33167.52,7567.52,0.900,0.195,-0.002,0.012,0.038,0.003,9.962,Fuzzy
1021,51.0517,-9.991,11.232,0.006,-0.579,-2.498,0.000,2.564,0.579,292742.7,292.74,33162.13,7562.13,0.900,0.196,0.002,0.012,0.037,0.003,9.991,Fuzzy
1022,51.1017,-10.020,11.107,0.006,-0.581,-2.492,0.000,2.559,0.581,292620.4,292.62,33156.73,7556.73,0.900,0.196,0.000,0.012,-0.038,0.003,10.020,Fuzzy
1023,51.1517,-10.049,10.982,0.006,-0.583,-2.505,0.000,2.572,0.583,292506.8,292.51,33151.54,7551.54,0.900,0.197,-0.001,0.012,0.038,0.003,10.049,Fuzzy
1024,51.2017,-10.078,10.857,0.006,-0.584,-2.499,0.000,2.567,0.584,292384.6,292.38,33146.15,7546.15,0.900,0.197,0.002,0.012,-0.039,0.003,10.078,Fuzzy
1025,51.2517,-10.108,10.732,0.006,-0.586,-2.494,0.000,2.562,0.586,292262.6,292.26,33140.76,7540.76,0.899,0.198,-0.002,0.012,-0.037,0.003,10.108,Fuzzy
1026,51.3018,-10.137,10.608,0.006,-0.588,-2.488,0.000,2.557,0.588,413540.8,413.54,33135.38,7535.38,1.273,0.199,0.000,0.012,0.039,0.003,10.137,Fuzzy
1027,51.3518,-10.166,10.483,0.006,-0.589,-2.501,0.000,2.569,0.589,292027.1,292.03,33130.19,7530.19,0.899,0.199,0.002,0.012,-0.039,0.003,10.166,Fuzzy
1028,51.4018,-10.196,10.358,0.006,-0.591,-2.496,0.000,2.565,0.591,291905.3,291.91,33124.80,7524.81,0.899,0.200,-0.002,0.012,-0.038,0.003,10.196,Fuzzy
1029,51.4518,-10.226,10.233,0.006,-0.593,-2.490,0.000,2.560,0.593,413427.8,413.43,33119.42,7519.42,1.273,0.200,0.000,0.012,0.039,0.003,10.226,Fuzzy
1030,51.5018,-10.255,10.108,0.006,-0.594,-2.503,0.000,2.573,0.594,291670.0,291.67,33114.24,7514.24,0.898,0.201,0.002,0.012,-0.040,0.003,10.255,Fuzzy
1031,51.5518,-10.285,9.984,0.006,-0.596,-2.498,0.000,2.568,0.596,291548.5,291.55,33108.86,7508.86,0.898,0.202,-0.002,0.012,-0.038,0.003,10.285,Fuzzy
1032,51.6018,-10.315,9.859,0.006,-0.598,-2.493,0.000,2.564,0.598,291427.0,291.43,33103.48,7503.48,0.898,0.202,0.000,0.012,0.039,0.003,10.315,Fuzzy
1033,51.6518,-10.345,9.734,0.006,-0.599,-2.488,0.000,2.559,0.599,413274.4,413.27,33098.11,7498.11,1.273,0.203,0.001,0.012,-0.040,0.003,10.345,Fuzzy
1034,51.7018,-10.375,9.609,0.006,-0.601,-2.501,0.000,2.573,0.601,291192.0,291.19,33092.93,7492.93,0.897,0.203,-0.002,0.012,-0.038,0.003,10.375,Fuzzy
1035,51.7519,-10.405,9.484,0.006,-0.603,-2.496,0.000,2.568,0.603,291070.7,291.07,33087.56,7487.56,0.897,0.204,0.002,0.012,0.039,0.003,10.405,Fuzzy
1036,51.8019,-10.435,9.360,0.006,-0.604,-2.492,0.000,2.564,0.604,413161.8,413.16,33082.19,7482.19,1.274,0.205,-0.002,0.012,-0.039,0.003,10.435,Fuzzy
1037,51.8519,-10.465,9.235,0.006,-0.606,-2.487,0.000,2.560,0.606,413121.6,413.12,33076.82,7476.82,1.274,0.205,0.002,0.012,0.039,0.003,10.465,Fuzzy
1038,51.9019,-10.496,9.110,0.006,-0.608,-2.501,0.000,2.573,0.608,290714.8,290.71,33071.65,7471.65,0.896,0.206,-0.001,0.012,-0.039,0.003,10.496,Fuzzy
1039,51.9519,-10.526,8.985,0.006,-0.610,-2.496,0.000,2.569,0.610,290593.8,290.59,33066.28,7466.28,0.896,0.207,0.002,0.012,0.039,0.003,10.526,Fuzzy
1040,52.0019,-10.557,8.860,0.006,-0.611,-2.491,0.000,2.565,0.611,413009.2,413.01,33060.91,7460.92,1.274,0.207,-0.002,0.012,-0.039,0.003,10.557,Fuzzy
1041,52.0519,-10.587,8.736,0.006,-0.613,-2.487,0.000,2.561,0.613,412969.2,412.97,33055.55,7455.55,1.274,0.207,0.001,0.012,-0.041,0.003,10.587,Fuzzy
1042,52.1019,-10.618,8.611,0.006,-0.615,-2.501,0.000,2.575,0.615,290238.6,290.24,33050.39,7450.39,0.895,0.207,0.000,0.012,0.040,0.003,10.618,Fuzzy
1043,52.1519,-10.649,8.486,0.006,-0.617,-2.496,0.000,2.571,0.617,290117.9,290.12,33045.03,7445.03,0.895,0.208,-0.001,0.012,-0.040,0.003,10.649,Fuzzy
1044,52.2020,-10.680,8.361,0.006,-0.618,-2.492,0.000,2.567,0.618,289997.3,290.00,33039.67,7439.67,0.895,0.209,0.001,0.012,-0.041,0.003,10.680,Fuzzy
1045,52.2520,-10.711,8.237,0.006,-0.620,-2.488,0.000,2.564,0.620,412817.1,412.82,33034.31,7434.31,1.274,0.209,0.001,0.012,0.040,0.004,10.711,Fuzzy
1046,52.3020,-10.742,8.112,0.006,-0.622,-2.502,0.000,2.578,0.622,289763.1,289.76,33029.16,7429.16,0.895,0.210,-0.001,0.012,0.041,0.003,10.742,Fuzzy
1047,52.3520,-10.773,7.987,0.006,-0.624,-2.498,0.000,2.574,0.624,289642.7,289.64,33023.80,7423.80,0.894,0.211,0.000,0.011,-0.041,-0.144,10.773,Fuzzy
1048,52.4020,-10.804,7.862,0.006,-0.627,-2.494,0.000,2.571,0.627,289522.3,289.52,33018.45,7418.45,0.894,0.211,0.001,-0.003,0.040,-0.139,10.804,Fuzzy
1049,52.4520,-10.835,7.737,0.006,-0.630,-2.490,0.000,2.568,0.630,412665.4,412.67,33013.10,7413.10,1.275,0.210,0.000,-0.017,0.041,-0.133,10.835,Fuzzy
1050,52.5020,-10.867,7.612,0.006,-0.633,-2.504,0.000,2.583,0.633,289288.3,289.29,33007.95,7407.95,0.894,0.209,-0.001,-0.028,-0.040,-0.128,10.867,Fuzzy
1051,52.5520,-10.899,7.488,0.006,-0.635,-2.500,0.000,2.580,0.635,289168.1,289.17,33002.61,7402.60,0.893,0.207,0.001,-0.040,-0.040,-0.122,10.899,Fuzzy
1052,52.6020,-10.930,7.363,0.006,-0.638,-2.497,0.000,2.577,0.638,289048.1,289.05,32997.26,7397.26,0.893,0.206,0.001,-0.050,0.040,-0.117,10.930,Fuzzy
1053,52.6520,-10.962,7.238,0.006,-0.641,-2.493,0.000,2.574,0.641,288928.0,288.93,32991.91,7391.91,0.893,0.203,-0.001,-0.060,0.040,-0.111,10.962,Fuzzy
1054,52.7021,-10.995,7.113,0.006,-0.644,-2.489,0.000,2.571,0.644,412474.5,412.47,32986.57,7386.57,1.275,0.199,0.000,-0.069,-0.039,-0.106,10.995,Fuzzy
1055,52.7521,-11.027,6.989,0.006,-0.646,-2.504,0.000,2.586,0.646,288694.4,288.69,32981.43,7381.43,0.893,0.196,0.001,-0.077,-0.038,-0.100,11.027,Fuzzy
1056,52.8021,-11.059,6.864,0.006,-0.649,-2.500,0.000,2.583,0.649,288574.5,288.57,32976.09,7376.09,0.892,0.192,0.001,-0.084,0.037,-0.094,11.059,Fuzzy
1057,52.8521,-11.092,6.739,0.006,-0.651,-2.497,0.000,2.580,0.651,288978.1,288.98,32970.75,7370.75,0.894,0.187,-0.001,-0.091,-0.036,-0.089,11.092,Fuzzy
1058,52.9021,-11.124,6.614,0.006,-0.653,-2.492,0.000,2.576,0.653,289774.7,289.77,32965.39,7365.40,0.896,0.182,0.001,-0.097,-0.035,-0.083,11.124,Fuzzy
1059,52.9521,-11.157,6.489,0.006,-0.655,-2.505,0.000,2.589,0.655,291128.1,291.13,32960.23,7360.23,0.901,0.177,0.000,-0.102,0.034,-0.078,11.157,Fuzzy
1060,53.0021,-11.190,6.365,0.006,-0.658,-2.498,0.000,2.583,0.658,291879.1,291.88,32954.86,7354.86,0.903,0.172,-0.001,-0.107,-0.033,-0.073,11.190,Fuzzy
1061,53.0521,-11.223,6.240,0.006,-0.660,-2.490,0.000,2.576,0.660,412207.6,412.21,32949.48,7349.48,1.276,0.167,0.001,-0.111,0.032,-0.068,11.223,Fuzzy
1062,53.1021,-11.256,6.115,0.006,-0.662,-2.499,0.000,2.585,0.662,293882.5,293.88,32944.28,7344.28,0.910,0.161,-0.001,-0.114,-0.031,-0.063,11.256,Fuzzy
1063,53.1522,-11.289,5.990,0.006,-0.664,-2.489,0.000,2.576,0.664,412130.8,412.13,32938.87,7338.87,1.276,0.156,0.000,-0.117,-0.030,-0.058,11.289,Fuzzy
1064,53.2022,-11.322,5.868,0.006,-0.666,-2.416,0.000,2.506,0.666,369797.1,369.80,32932.80,7332.80,1.145,0.149,0.001,-0.120,-0.029,-0.053,11.322,Fuzzy
1065,53.2522,-11.355,5.748,0.006,-0.667,-2.347,0.000,2.440,0.667,368088.1,368.09,32926.75,7326.75,1.140,0.143,0.000,-0.122,0.028,-0.048,11.355,Fuzzy
1066,53.3022,-11.389,5.633,0.006,-0.669,-2.279,0.000,2.376,0.669,366439.1,366.44,32920.73,7320.73,1.135,0.137,-0.001,-0.124,-0.027,-0.043,11.389,Fuzzy
1067,53.3522,-11.422,5.520,0.006,-0.671,-2.214,0.000,2.314,0.671,364847.8,364.85,32914.73,7314.74,1.130,0.131,0.001,-0.125,0.025,-0.038,11.422,Fuzzy
1068,53.4022,-11.456,5.411,0.006,-0.673,-2.152,0.000,2.254,0.673,363312.4,363.31,32908.77,7308.77,1.126,0.125,0.000,-0.125,-0.024,-0.034,11.456,Fuzzy
1069,53.4522,-11.490,5.305,0.006,-0.674,-2.091,0.000,2.197,0.674,361830.8,361.83,32902.83,7302.83,1.121,0.119,0.000,-0.126,0.023,-0.030,11.490,Fuzzy
1070,53.5022,-11.523,5.202,0.006,-0.675,-2.033,0.000,2.142,0.675,360401.3,360.40,32896.91,7296.91,1.117,0.112,0.001,-0.125,-0.022,-0.026,11.523,Fuzzy
1071,53.5522,-11.557,5.102,0.006,-0.677,-1.976,0.000,2.089,0.677,359022.1,359.02,32891.01,7291.01,1.113,0.107,-0.001,-0.124,0.021,-0.022,11.557,Fuzzy
1072,53.6023,-11.591,5.005,0.006,-0.678,-1.922,0.000,2.038,0.678,357691.3,357.69,32885.14,7285.14,1.109,0.099,0.001,-0.123,0.019,-0.018,11.591,Fuzzy
1073,53.6523,-11.625,4.910,0.006,-0.679,-1.870,0.000,1.989,0.679,356407.2,356.41,32879.29,7279.29,1.105,0.093,0.000,-0.122,-0.018,-0.015,11.625,Fuzzy
1074,53.7023,-11.659,4.818,0.006,-0.680,-1.819,0.000,1.942,0.680,355168.1,355.17,32873.45,7273.46,1.102,0.088,-0.001,-0.120,0.018,-0.012,11.659,Fuzzy
1075,53.7523,-11.693,4.728,0.006,-0.681,-1.770,0.000,1.896,0.681,353972.6,353.97,32867.64,7267.64,1.098,0.082,0.001,-0.118,0.015,-0.008,11.693,Fuzzy
1076,53.8023,-11.727,4.641,0.006,-0.682,-1.723,0.000,1.853,0.682,352818.9,352.82,32861.85,7261.85,1.095,0.077,0.000,-0.115,-0.015,-0.006,11.727,Fuzzy
1077,53.8523,-11.761,4.556,0.006,-0.682,-1.677,0.000,1.810,0.682,351705.7,351.71,32856.08,7256.08,1.092,0.069,-0.001,-0.113,-0.013,-0.003,11.761,Fuzzy
1078,53.9023,-11.795,4.473,0.006,-0.683,-1.633,0.000,1.770,0.683,350631.4,350.63,32850.32,7250.32,1.088,0.066,0.000,-0.110,0.013,0.000,11.795,Fuzzy
1079,53.9523,-11.829,4.392,0.006,-0.683,-1.590,0.000,1.731,0.683,349594.8,349.59,32844.58,7244.58,1.085,0.059,0.001,-0.107,0.011,0.002,11.829,Fuzzy
1080,54.0023,-11.864,4.314,0.006,-0.684,-1.549,0.000,1.694,0.684,348594.3,348.59,32838.86,7238.86,1.082,0.052,0.000,-0.103,-0.010,0.005,11.864,Fuzzy
1081,54.0523,-11.898,4.237,0.006,-0.684,-1.510,0.000,1.658,0.684,347628.8,347.63,32833.16,7233.15,1.080,0.048,-0.001,-0.100,-0.009,0.007,11.898,Fuzzy
1082,54.1024,-11.932,4.163,0.006,-0.685,-1.471,0.000,1.623,0.685,346696.9,346.70,32827.46,7227.46,1.077,0.044,0.000,-0.097,0.009,0.008,11.932,Fuzzy
1083,54.1524,-11.966,4.090,0.006,-0.685,-1.434,0.000,1.589,0.685,345797.3,345.80,32821.79,7221.79,1.074,0.040,0.000,-0.093,0.007,0.010,11.966,Fuzzy
1084,54.2024,-12.000,4.019,0.006,-0.685,-1.399,0.000,1.557,0.685,344929.0,344.93,32816.13,7216.13,1.072,0.034,0.001,-0.089,-0.007,0.012,12.000,Fuzzy
1085,54.2524,-12.035,3.951,0.006,-0.685,-1.305,0.000,1.474,0.685,397318.8,397.32,32809.85,7209.85,1.235,0.028,0.000,-0.085,-0.005,0.014,12.035,Fuzzy
1086,54.3024,-12.069,3.889,0.006,-0.686,-1.195,0.000,1.378,0.686,390975.1,390.98,32803.39,7203.39,1.215,0.028,-0.001,-0.082,-0.005,0.014,12.069,Fuzzy
1087,54.3524,-12.103,3.832,0.006,-0.686,-1.095,0.000,1.292,0.686,385150.5,385.15,32797.04,7197.04,1.198,0.020,0.000,-0.078,0.004,0.016,12.103,Fuzzy
1088,54.4024,-12.138,3.779,0.006,-0.686,-1.002,0.000,1.215,0.686,379803.0,379.80,32790.77,7190.77,1.181,0.020,0.000,-0.074,0.004,0.016,12.138,Fuzzy
1089,54.4524,-12.172,3.730,0.006,-0.686,-0.976,0.000,1.193,0.686,334288.2,334.29,32785.21,7185.21,1.040,0.000,0.000,-0.070,0.000,0.020,12.172,Fuzzy
1090,54.5024,-12.206,3.682,0.006,-0.686,-0.957,0.000,1.177,0.686,333504.3,333.50,32779.74,7179.74,1.037,0.000,0.000,-0.066,0.000,0.020,12.206,Fuzzy
1091,54.5525,-12.240,3.634,0.006,-0.686,-0.939,0.000,1.163,0.686,332761.5,332.76,32774.28,7174.28,1.035,0.000,0.000,-0.062,0.000,0.020,12.240,Fuzzy
1092,54.6025,-12.275,3.588,0.006,-0.685,-0.922,0.000,1.149,0.685,332057.6,332.06,32768.83,7168.83,1.033,0.000,0.000,-0.058,0.000,0.020,12.275,Fuzzy
1093,54.6525,-12.309,3.542,0.006,-0.685,-0.906,0.000,1.136,0.685,331390.4,331.39,32763.39,7163.39,1.031,0.000,0.000,-0.055,0.000,0.020,12.309,Fuzzy
1094,54.7025,-12.343,3.497,0.006,-0.685,-0.891,0.000,1.124,0.685,330757.8,330.76,32757.96,7157.96,1.030,0.000,0.000,-0.051,0.000,0.020,12.343,Fuzzy
1095,54.7525,-12.377,3.453,0.006,-0.685,-0.877,0.000,1.113,0.685,330158.0,330.16,32752.54,7152.55,1.028,0.000,0.000,-0.048,0.000,0.020,12.377,Fuzzy
1096,54.8025,-12.412,3.409,0.006,-0.685,-0.864,0.000,1.103,0.685,329589.0,329.59,32747.14,7147.14,1.026,0.000,0.000,-0.045,0.000,0.020,12.412,Fuzzy
1097,54.8525,-12.446,3.366,0.006,-0.684,-0.852,0.000,1.093,0.684,329049.3,329.05,32741.74,7141.74,1.025,0.000,0.000,-0.042,0.000,0.019,12.446,Fuzzy
1098,54.9025,-12.480,3.324,0.006,-0.684,-0.840,0.000,1.083,0.684,328537.0,328.54,32736.35,7136.35,1.023,0.000,0.000,-0.039,0.000,0.019,12.480,Fuzzy
1099,54.9525,-12.514,3.282,0.006,-0.684,-0.829,0.000,1.075,0.684,328050.7,328.05,32730.97,7130.97,1.022,0.000,0.000,-0.036,0.000,0.019,12.514,Fuzzy
1100,55.0025,-12.549,3.241,0.006,-0.684,-0.818,0.000,1.066,0.684,327589.0,327.59,32725.59,7125.59,1.021,0.000,0.000,-0.033,0.000,0.019,12.549,Fuzzy
1101,55.0526,-12.583,3.200,0.006,-0.683,-0.809,0.000,1.059,0.683,327150.4,327.15,32720.23,7120.23,1.020,0.000,0.000,-0.030,0.000,0.018,12.583,Fuzzy
1102,55.1026,-12.617,3.160,0.006,-0.683,-0.799,0.000,1.051,0.683,326733.7,326.73,32714.87,7114.87,1.018,0.000,0.000,-0.028,0.000,0.018,12.617,Fuzzy
1103,55.1526,-12.651,3.121,0.006,-0.683,-0.791,0.000,1.045,0.683,326337.6,326.34,32709.52,7109.52,1.017,0.000,0.000,-0.025,0.000,0.018,12.651,Fuzzy
1104,55.2026,-12.685,3.081,0.006,-0.683,-0.782,0.000,1.038,0.683,325960.9,325.96,32704.17,7104.17,1.016,0.020,0.000,-0.022,-0.004,0.021,12.685,Fuzzy
1105,55.2526,-12.719,3.042,0.006,-0.682,-0.775,0.000,1.032,0.682,325602.7,325.60,32698.83,7098.83,1.015,0.020,0.000,-0.020,-0.004,0.020,12.719,Fuzzy
1106,55.3026,-12.753,3.004,0.006,-0.682,-0.767,0.000,1.026,0.682,325261.8,325.26,32693.49,7093.49,1.014,0.020,-0.001,-0.017,-0.004,0.020,12.753,Fuzzy
1107,55.3526,-12.788,2.966,0.006,-0.681,-0.760,0.000,1.021,0.681,324937.2,324.94,32688.16,7088.16,1.014,0.020,-0.001,-0.015,0.004,0.019,12.788,Fuzzy
1108,55.4026,-12.822,2.928,0.006,-0.681,-0.754,0.000,1.016,0.681,324628.1,324.63,32682.84,7082.84,1.013,0.020,0.000,-0.013,0.004,0.019,12.822,Fuzzy
1109,55.4526,-12.856,2.890,0.006,-0.681,-0.748,0.000,1.011,0.681,324333.7,324.33,32677.52,7077.52,1.012,0.020,0.000,-0.011,0.004,0.018,12.856,Fuzzy
1110,55.5027,-12.890,2.853,0.006,-0.680,-0.742,0.000,1.007,0.680,324052.9,324.05,32672.21,7072.21,1.011,0.020,0.000,-0.008,0.004,0.018,12.890,Fuzzy
1111,55.5527,-12.924,2.816,0.006,-0.680,-0.737,0.000,1.003,0.680,323785.2,323.79,32666.89,7066.90,1.011,0.020,0.001,-0.007,0.004,0.017,12.924,Fuzzy
1112,55.6027,-12.958,2.779,0.006,-0.680,-0.732,0.000,0.999,0.680,323529.7,323.53,32661.59,7061.59,1.010,0.020,0.001,-0.005,-0.004,0.016,12.958,Fuzzy
1113,55.6527,-12.992,2.743,0.006,-0.679,-0.727,0.000,0.995,0.679,323285.8,323.29,32656.29,7056.29,1.009,0.020,0.000,-0.003,-0.004,0.016,12.992,Fuzzy
1114,55.7027,-13.026,2.707,0.006,-0.679,-0.722,0.000,0.991,0.679,323052.7,323.05,32650.99,7050.99,1.009,0.020,0.000,-0.001,-0.004,0.015,13.026,Fuzzy
1115,55.7527,-13.060,2.671,0.006,-0.679,-0.718,0.000,0.988,0.679,322830.0,322.83,32645.70,7045.70,1.008,0.020,0.000,0.000,-0.004,0.015,13.060,Fuzzy
1116,55.8027,-13.093,2.635,0.006,-0.678,-0.714,0.000,0.985,0.678,322617.0,322.62,32640.40,7040.41,1.008,0.020,-0.001,0.001,-0.004,0.014,13.093,Fuzzy
1117,55.8527,-13.127,2.599,0.006,-0.678,-0.710,0.000,0.982,0.678,322413.1,322.41,32635.12,7035.12,1.007,0.020,-0.001,0.003,0.004,0.014,13.127,Fuzzy
1118,55.9027,-13.161,2.564,0.006,-0.678,-0.707,0.000,0.979,0.678,322217.9,322.22,32629.83,7029.83,1.007,0.020,0.000,0.004,0.004,0.013,13.161,Fuzzy
1119,55.9528,-13.195,2.528,0.006,-0.677,-0.704,0.000,0.977,0.677,322030.9,322.03,32624.55,7024.55,1.007,0.020,0.000,0.005,0.004,0.012,13.195,Fuzzy
1120,56.0028,-13.229,2.493,0.006,-0.677,-0.700,0.000,0.974,0.677,321851.6,321.85,32619.27,7019.27,1.006,0.020,0.001,0.006,0.004,0.012,13.229,Fuzzy
1121,56.0528,-13.263,2.458,0.006,-0.677,-0.698,0.000,0.972,0.677,321679.6,321.68,32614.00,7014.00,1.006,0.020,0.000,0.007,-0.004,0.011,13.263,Fuzzy
1122,56.1028,-13.297,2.424,0.006,-0.677,-0.695,0.000,0.970,0.677,321514.3,321.51,32608.73,7008.73,1.005,0.020,0.000,0.008,-0.004,0.011,13.297,Fuzzy
1123,56.1528,-13.331,2.389,0.006,-0.676,-0.692,0.000,0.968,0.676,321355.6,321.36,32603.46,7003.46,1.005,0.020,0.000,0.009,-0.004,0.010,13.331,Fuzzy
1124,56.2028,-13.364,2.354,0.006,-0.676,-0.690,0.000,0.966,0.676,321203.0,321.20,32598.19,6998.19,1.005,0.020,-0.001,0.010,-0.004,0.010,13.364,Fuzzy
1125,56.2528,-13.398,2.320,0.007,-0.676,-0.688,0.000,0.964,0.676,321056.1,321.06,32592.93,6992.93,1.004,0.020,0.000,0.010,0.004,0.009,13.398,Fuzzy
1126,56.3028,-13.432,2.286,0.007,-0.675,-0.685,0.000,0.962,0.675,320914.6,320.91,32587.66,6987.66,1.004,0.020,0.000,0.011,0.004,0.009,13.432,Fuzzy
1127,56.3528,-13.466,2.251,0.007,-0.675,-0.684,0.000,0.961,0.675,320778.3,320.78,32582.41,6982.41,1.004,0.020,0.000,0.011,0.004,0.008,13.466,Fuzzy
1128,56.4028,-13.499,2.217,0.007,-0.675,-0.682,0.000,0.959,0.675,320646.9,320.65,32577.15,6977.15,1.004,0.020,0.000,0.012,-0.004,0.008,13.499,Fuzzy
1129,56.4529,-13.533,2.183,0.007,-0.675,-0.680,0.000,0.958,0.675,320520.0,320.52,32571.89,6971.89,1.003,0.020,0.000,0.012,-0.004,0.007,13.533,Fuzzy
1130,56.5029,-13.567,2.149,0.007,-0.675,-0.678,0.000,0.957,0.675,320397.3,320.40,32566.64,6966.64,1.003,0.020,0.000,0.013,-0.004,0.007,13.567,Fuzzy
1131,56.5529,-13.601,2.115,0.007,-0.674,-0.677,0.000,0.955,0.674,320278.8,320.28,32561.39,6961.39,1.003,0.000,-0.001,0.013,0.000,0.003,13.601,Fuzzy
1132,56.6029,-13.634,2.082,0.007,-0.674,-0.675,0.000,0.954,0.674,320164.1,320.16,32556.14,6956.14,1.003,0.000,0.000,0.013,0.000,0.003,13.634,Fuzzy
1133,56.6529,-13.668,2.048,0.007,-0.674,-0.674,0.000,0.953,0.674,320053.0,320.05,32550.89,6950.89,1.003,0.000,0.000,0.013,0.000,0.002,13.668,Fuzzy
1134,56.7029,-13.702,2.014,0.007,-0.674,-0.673,0.000,0.952,0.674,319945.3,319.95,32545.64,6945.64,1.002,0.000,0.000,0.013,0.000,0.002,13.702,Fuzzy
1135,56.7529,-13.735,1.981,0.007,-0.674,-0.672,0.000,0.951,0.674,319840.9,319.84,32540.40,6940.40,1.002,0.000,0.000,0.012,0.000,0.002,13.735,Fuzzy
1136,56.8029,-13.769,1.947,0.007,-0.674,-0.671,0.000,0.950,0.674,319739.4,319.74,32535.15,6935.16,1.002,0.000,0.000,0.012,0.000,0.002,13.769,Fuzzy
1137,56.8529,-13.803,1.914,0.007,-0.673,-0.670,0.000,0.950,0.673,319640.8,319.64,32529.92,6929.92,1.002,0.000,0.000,0.012,0.000,0.001,13.803,Fuzzy
1138,56.9030,-13.836,1.880,0.007,-0.673,-0.669,0.000,0.949,0.673,319544.9,319.55,32524.68,6924.68,1.002,0.000,0.000,0.012,0.000,0.001,13.836,Fuzzy
1139,56.9530,-13.870,1.847,0.007,-0.673,-0.668,0.000,0.948,0.673,319451.6,319.45,32519.44,6919.44,1.002,0.000,0.000,0.012,0.000,0.001,13.870,Fuzzy
1140,57.0030,-13.904,1.813,0.007,-0.673,-0.667,0.000,0.948,0.673,319360.7,319.36,32514.20,6914.20,1.002,0.000,0.000,0.011,0.000,0.001,13.904,Fuzzy
1141,57.0530,-13.937,1.780,0.007,-0.673,-0.666,0.000,0.947,0.673,319272.1,319.27,32508.97,6908.97,1.001,0.000,0.000,0.011,0.000,0.001,13.937,Fuzzy
1142,57.1030,-13.971,1.747,0.007,-0.673,-0.666,0.000,0.946,0.673,319185.6,319.19,32503.73,6903.73,1.001,0.000,0.000,0.011,0.000,0.001,13.971,Fuzzy
1143,57.1530,-14.005,1.713,0.007,-0.673,-0.665,0.000,0.946,0.673,319101.1,319.10,32498.50,6898.50,1.001,0.000,0.000,0.011,0.000,0.000,14.005,Fuzzy
1144,57.2030,-14.038,1.680,0.007,-0.673,-0.664,0.000,0.945,0.673,319018.5,319.02,32493.27,6893.27,1.001,0.000,0.000,0.010,0.000,0.000,14.038,Fuzzy
1145,57.2530,-14.072,1.647,0.007,-0.673,-0.664,0.000,0.945,0.673,318937.8,318.94,32488.04,6888.04,1.001,0.000,0.000,0.010,0.000,0.000,14.072,Fuzzy
1146,57.3030,-14.106,1.614,0.007,-0.673,-0.663,0.000,0.945,0.673,318858.6,318.86,32482.81,6882.81,1.001,0.000,0.000,0.010,0.000,0.000,14.106,Fuzzy
1147,57.3531,-14.139,1.581,0.007,-0.672,-0.663,0.000,0.944,0.672,318781.2,318.78,32477.59,6877.59,1.001,0.000,0.000,0.010,0.000,0.000,14.139,Fuzzy
1148,57.4031,-14.173,1.548,0.007,-0.672,-0.662,0.000,0.944,0.672,318705.2,318.71,32472.36,6872.36,1.001,0.000,0.000,0.009,0.000,0.000,14.173,Fuzzy
1149,57.4531,-14.207,1.514,0.007,-0.672,-0.662,0.000,0.944,0.672,318630.6,318.63,32467.14,6867.14,1.001,0.000,0.000,0.009,0.000,0.000,14.207,Fuzzy
1150,57.5031,-14.240,1.481,0.007,-0.672,-0.662,0.000,0.943,0.672,318557.3,318.56,32461.91,6861.91,1.001,0.000,0.000,0.009,0.000,0.000,14.240,Fuzzy
1151,57.5531,-14.274,1.448,0.007,-0.672,-0.661,0.000,0.943,0.672,318485.4,318.49,32456.69,6856.69,1.001,0.000,0.000,0.008,0.000,-0.001,14.274,Fuzzy
1152,57.6031,-14.307,1.415,0.007,-0.672,-0.661,0.000,0.943,0.672,318414.7,318.41,32451.47,6851.47,1.001,0.000,0.000,0.008,0.000,-0.001,14.307,Fuzzy
1153,57.6531,-14.341,1.382,0.007,-0.672,-0.661,0.000,0.943,0.672,318345.0,318.35,32446.25,6846.25,1.000,0.000,0.000,0.008,0.000,-0.001,14.341,Fuzzy
1154,57.7031,-14.375,1.349,0.007,-0.672,-0.661,0.000,0.942,0.672,318276.5,318.28,32441.03,6841.03,1.000,0.000,0.000,0.008,0.000,-0.001,14.375,Fuzzy
1155,57.7531,-14.408,1.316,0.007,-0.672,-0.660,0.000,0.942,0.672,318208.9,318.21,32435.82,6835.82,1.000,0.000,0.000,0.007,0.000,-0.001,14.408,Fuzzy
1156,57.8031,-14.442,1.283,0.007,-0.672,-0.660,0.000,0.942,0.672,318142.3,318.14,32430.60,6830.60,1.000,0.000,0.000,0.007,0.000,-0.001,14.442,Fuzzy
1157,57.8532,-14.475,1.250,0.007,-0.672,-0.660,0.000,0.942,0.672,318076.6,318.08,32425.39,6825.39,1.000,0.000,0.000,0.007,0.000,-0.001,14.475,Fuzzy
1158,57.9032,-14.509,1.217,0.007,-0.672,-0.660,0.000,0.942,0.672,318011.8,318.01,32420.17,6820.17,1.000,0.000,0.000,0.006,0.000,-0.001,14.509,Fuzzy
1159,57.9532,-14.543,1.184,0.007,-0.672,-0.660,0.000,0.942,0.672,317947.7,317.95,32414.96,6814.96,1.000,0.000,0.000,0.006,0.000,-0.001,14.543,Fuzzy
1160,58.0032,-14.576,1.151,0.007,-0.672,-0.660,0.000,0.942,0.672,317884.4,317.88,32409.75,6809.75,1.000,0.000,0.000,0.006,0.000,-0.001,14.576,Fuzzy
1161,58.0532,-14.610,1.118,0.007,-0.672,-0.660,0.000,0.942,0.672,317821.8,317.82,32404.54,6804.54,1.000,0.000,0.000,0.006,0.000,-0.001,14.610,Fuzzy
1162,58.1032,-14.643,1.085,0.007,-0.672,-0.660,0.000,0.942,0.672,317759.8,317.76,32399.33,6799.33,1.000,0.000,0.000,0.005,0.000,-0.001,14.643,Fuzzy
1163,58.1532,-14.677,1.052,0.007,-0.672,-0.660,0.000,0.942,0.672,317698.5,317.70,32394.12,6794.12,1.000,0.000,0.000,0.005,0.000,-0.001,14.677,Fuzzy
1164,58.2032,-14.711,1.019,0.007,-0.672,-0.660,0.000,0.942,0.672,317637.8,317.64,32388.91,6788.91,1.000,0.000,0.000,0.005,0.000,-0.001,14.711,Fuzzy
1165,58.2332,-14.731,0.999,0.007,-0.672,-0.660,0.000,0.942,0.672,317601.6,317.60,32385.79,6785.78,1.000,0.000,0.000,0.005,0.000,-0.001,14.731,Fuzzy
1166,58.2382,-14.734,0.996,0.007,-0.672,-0.660,0.000,0.942,0.672,317595.6,317.60,32385.26,6785.26,1.000,0.000,0.000,0.005,0.000,-0.001,14.734,Fuzzy
1167,58.2432,-14.737,0.993,0.007,-0.672,-0.660,0.000,0.942,0.672,317589.6,317.59,32384.74,6784.74,1.000,0.000,0.000,0.005,0.000,-0.001,14.737,Fuzzy
1168,58.2482,-14.741,0.989,0.007,-0.672,-0.660,0.000,0.942,0.672,317583.6,317.58,32384.22,6784.22,1.000,0.000,0.000,0.005,0.000,-0.001,14.741,Fuzzy
1169,58.2532,-14.744,0.986,0.007,-0.672,-0.660,0.000,0.942,0.672,317577.6,317.58,32383.70,6783.70,1.000,0.000,0.000,0.005,0.000,-0.001,14.744,Fuzzy
1170,58.2582,-14.748,0.983,0.007,-0.672,-0.660,0.000,0.942,0.672,317571.7,317.57,32383.18,6783.18,1.000,0.000,0.000,0.005,0.000,-0.001,14.748,Fuzzy
1171,58.2632,-14.751,0.979,0.007,-0.672,-0.660,0.000,0.942,0.672,317565.7,317.57,32382.66,6782.66,1.000,0.000,0.000,0.005,0.000,-0.001,14.751,Fuzzy
1172,58.2682,-14.754,0.976,0.007,-0.672,-0.660,0.000,0.942,0.672,317559.7,317.56,32382.14,6782.14,1.000,0.000,0.000,0.005,0.000,-0.001,14.754,Fuzzy
1173,58.2732,-14.758,0.973,0.007,-0.672,-0.660,0.000,0.942,0.672,317553.7,317.55,32381.62,6781.62,1.000,0.000,0.000,0.005,0.000,-0.001,14.758,Fuzzy
1174,58.2782,-14.761,0.970,0.007,-0.672,-0.660,0.000,0.942,0.672,317547.8,317.55,32381.10,6781.10,1.000,0.000,0.000,0.004,0.000,-0.001,14.761,Fuzzy
1175,58.2833,-14.764,0.966,0.007,-0.672,-0.660,0.000,0.942,0.672,317541.8,317.54,32380.58,6780.58,1.000,0.000,0.000,0.004,0.000,-0.001,14.764,Fuzzy
1176,58.2883,-14.768,0.963,0.007,-0.672,-0.660,0.000,0.942,0.672,317535.8,317.54,32380.06,6780.06,1.000,0.000,0.000,0.004,0.000,-0.001,14.768,Fuzzy
1177,58.2933,-14.771,0.960,0.007,-0.672,-0.660,0.000,0.942,0.672,317529.9,317.53,32379.54,6779.54,1.000,0.000,0.000,0.004,0.000,-0.001,14.771,Fuzzy
1178,58.2983,-14.774,0.956,0.007,-0.672,-0.660,0.000,0.942,0.672,317524.0,317.52,32379.02,6779.02,1.000,0.000,0.000,0.004,0.000,-0.001,14.774,Fuzzy
1179,58.3033,-14.778,0.953,0.007,-0.672,-0.660,0.000,0.942,0.672,317518.0,317.52,32378.50,6778.50,1.000,0.000,0.000,0.004,0.000,-0.001,14.778,Fuzzy
1180,58.3083,-14.781,0.950,0.007,-0.672,-0.660,0.000,0.942,0.672,317512.1,317.51,32377.98,6777.98,1.000,0.000,0.000,0.004,0.000,-0.001,14.781,Fuzzy
1181,58.3133,-14.785,0.947,0.007,-0.672,-0.660,0.000,0.942,0.672,317506.2,317.51,32377.46,6777.46,1.000,0.000,0.000,0.004,0.000,-0.001,14.785,Fuzzy
1182,58.3183,-14.788,0.943,0.007,-0.672,-0.660,0.000,0.942,0.672,317500.3,317.50,32376.94,6776.94,1.000,0.000,0.000,0.004,0.000,-0.001,14.788,Fuzzy
1183,58.3233,-14.791,0.940,0.007,-0.672,-0.660,0.000,0.942,0.672,317494.4,317.49,32376.41,6776.42,1.000,0.000,0.000,0.004,0.000,-0.001,14.791,Fuzzy
1184,58.3283,-14.795,0.937,0.007,-0.672,-0.660,0.000,0.942,0.672,317488.4,317.49,32375.89,6775.90,1.000,0.000,0.000,0.004,0.000,-0.001,14.795,Fuzzy
1185,58.3333,-14.798,0.933,0.007,-0.672,-0.660,0.000,0.942,0.672,317482.5,317.48,32375.38,6775.37,1.000,0.000,0.000,0.004,0.000,-0.001,14.798,Fuzzy
1186,58.3383,-14.801,0.930,0.007,-0.672,-0.660,0.000,0.942,0.672,317476.6,317.48,32374.85,6774.85,1.000,0.000,0.000,0.004,0.000,-0.001,14.801,Fuzzy
1187,58.3433,-14.805,0.927,0.007,-0.672,-0.660,0.000,0.942,0.672,317470.8,317.47,32374.33,6774.33,1.000,0.000,0.000,0.004,0.000,-0.001,14.805,Fuzzy
1188,58.3483,-14.808,0.923,0.007,-0.672,-0.660,0.000,0.942,0.672,317464.8,317.46,32373.81,6773.81,1.000,0.000,0.000,0.004,0.000,-0.001,14.808,Fuzzy
1189,58.3533,-14.811,0.920,0.007,-0.672,-0.660,0.000,0.942,0.672,317458.9,317.46,32373.29,6773.29,1.000,0.000,0.000,0.004,0.000,-0.001,14.811,Fuzzy
1190,58.3583,-14.815,0.917,0.007,-0.672,-0.660,0.000,0.942,0.672,317453.1,317.45,32372.77,6772.77,1.000,0.000,0.000,0.004,0.000,-0.001,14.815,Fuzzy
1191,58.3633,-14.818,0.914,0.007,-0.672,-0.660,0.000,0.942,0.672,317447.2,317.45,32372.25,6772.25,1.000,0.000,0.000,0.004,0.000,-0.001,14.818,Fuzzy
1192,58.3683,-14.821,0.910,0.007,-0.672,-0.660,0.000,0.942,0.672,317441.3,317.44,32371.73,6771.73,1.000,0.000,0.000,0.004,0.000,-0.001,14.821,Fuzzy
1193,58.3733,-14.825,0.907,0.007,-0.672,-0.660,0.000,0.942,0.672,317435.5,317.44,32371.21,6771.21,1.000,0.000,0.000,0.004,0.000,-0.001,14.825,Fuzzy
1194,58.3783,-14.828,0.904,0.007,-0.672,-0.660,0.000,0.942,0.672,317429.6,317.43,32370.69,6770.69,1.000,0.000,0.000,0.004,0.000,-0.001,14.828,Fuzzy
1195,58.3833,-14.832,0.900,0.007,-0.672,-0.660,0.000,0.942,0.672,317423.7,317.42,32370.17,6770.17,1.000,0.000,0.000,0.004,0.000,-0.001,14.832,Fuzzy
1196,58.3883,-14.835,0.897,0.007,-0.672,-0.660,0.000,0.942,0.672,317417.8,317.42,32369.65,6769.65,1.000,0.000,0.000,0.004,0.000,-0.001,14.835,Fuzzy
1197,58.3933,-14.838,0.894,0.007,-0.672,-0.660,0.000,0.942,0.672,317412.0,317.41,32369.13,6769.13,1.000,0.000,0.000,0.004,0.000,-0.001,14.838,Fuzzy
1198,58.3983,-14.842,0.890,0.007,-0.672,-0.660,0.000,0.942,0.672,317406.2,317.41,32368.61,6768.61,1.000,0.000,0.000,0.004,0.000,-0.001,14.842,Fuzzy
1199,58.4033,-14.845,0.887,0.007,-0.672,-0.660,0.000,0.942,0.672,317400.3,317.40,32368.09,6768.09,1.000,0.000,0.000,0.004,0.000,-0.001,14.845,Fuzzy
1200,58.4083,-14.848,0.884,0.007,-0.672,-0.660,0.000,0.942,0.672,317394.4,317.39,32367.57,6767.57,1.000,0.000,0.000,0.004,0.000,-0.001,14.848,Fuzzy
1201,58.4133,-14.852,0.881,0.007,-0.672,-0.660,0.000,0.942,0.672,317388.6,317.39,32367.05,6767.05,1.000,0.000,0.000,0.004,0.000,-0.001,14.852,Fuzzy
1202,58.4183,-14.855,0.877,0.007,-0.672,-0.660,0.000,0.942,0.672,317382.8,317.38,32366.53,6766.53,1.000,0.000,0.000,0.004,0.000,-0.001,14.855,Fuzzy
1203,58.4233,-14.858,0.874,0.007,-0.672,-0.660,0.000,0.942,0.672,317376.9,317.38,32366.00,6766.01,1.000,0.000,0.000,0.004,0.000,-0.001,14.858,Fuzzy
1204,58.4283,-14.862,0.871,0.007,-0.672,-0.660,0.000,0.942,0.672,317371.1,317.37,32365.48,6765.48,1.000,0.000,0.000,0.004,0.000,-0.001,14.862,Fuzzy
1205,58.4333,-14.865,0.867,0.007,-0.672,-0.660,0.000,0.942,0.672,317365.3,317.37,32364.96,6764.96,1.000,0.000,0.000,0.004,0.000,-0.001,14.865,Fuzzy
1206,58.4383,-14.868,0.864,0.007,-0.672,-0.660,0.000,0.942,0.672,317359.5,317.36,32364.44,6764.44,1.000,0.000,0.000,0.004,0.000,-0.001,14.868,Fuzzy
1207,58.4433,-14.872,0.861,0.007,-0.672,-0.660,0.000,0.942,0.672,317353.7,317.35,32363.92,6763.92,1.000,0.000,0.000,0.004,0.000,-0.001,14.872,Fuzzy
1208,58.4483,-14.875,0.857,0.007,-0.672,-0.660,0.000,0.942,0.672,317347.8,317.35,32363.40,6763.40,1.000,0.000,0.000,0.004,0.000,-0.001,14.875,Fuzzy
1209,58.4533,-14.879,0.854,0.007,-0.672,-0.660,0.000,0.942,0.672,317342.1,317.34,32362.88,6762.88,1.000,0.000,0.000,0.004,0.000,-0.001,14.879,Fuzzy
1210,58.4583,-14.882,0.851,0.007,-0.672,-0.660,0.000,0.942,0.672,317336.3,317.34,32362.36,6762.36,1.000,0.000,0.000,0.004,0.000,-0.001,14.882,Fuzzy
1211,58.4633,-14.885,0.848,0.007,-0.672,-0.660,0.000,0.942,0.672,317330.5,317.33,32361.84,6761.84,1.000,0.000,0.000,0.004,0.000,-0.001,14.885,Fuzzy
1212,58.4683,-14.889,0.844,0.007,-0.672,-0.660,0.000,0.942,0.672,317324.7,317.32,32361.32,6761.32,1.000,0.000,0.000,0.004,0.000,-0.001,14.889,Fuzzy
1213,58.4733,-14.892,0.841,0.007,-0.672,-0.660,0.000,0.942,0.672,317318.9,317.32,32360.80,6760.80,1.000,0.000,0.000,0.004,0.000,-0.001,14.892,Fuzzy
1214,58.4783,-14.895,0.838,0.007,-0.672,-0.660,0.000,0.942,0.672,317313.1,317.31,32360.28,6760.28,1.000,0.000,0.000,0.004,0.000,-0.001,14.895,Fuzzy
1215,58.4833,-14.899,0.834,0.007,-0.672,-0.660,0.000,0.942,0.672,317307.4,317.31,32359.76,6759.76,1.000,0.000,0.000,0.004,0.000,-0.001,14.899,Fuzzy
1216,58.4883,-14.902,0.831,0.007,-0.672,-0.660,0.000,0.942,0.672,317301.6,317.30,32359.24,6759.24,1.000,0.000,0.000,0.004,0.000,-0.001,14.902,Fuzzy
1217,58.4933,-14.905,0.828,0.007,-0.672,-0.660,0.000,0.942,0.672,317295.8,317.30,32358.72,6758.72,1.000,0.000,0.000,0.004,0.000,-0.001,14.905,Fuzzy
1218,58.4983,-14.909,0.824,0.007,-0.672,-0.660,0.000,0.942,0.672,317290.1,317.29,32358.20,6758.20,1.000,0.000,0.000,0.003,0.000,-0.001,14.909,Fuzzy
1219,58.5033,-14.912,0.821,0.007,-0.672,-0.660,0.000,0.942,0.672,317284.3,317.28,32357.68,6757.68,1.000,0.000,0.000,0.003,0.000,-0.001,14.912,Fuzzy
1220,58.5083,-14.916,0.818,0.007,-0.672,-0.660,0.000,0.942,0.672,317278.5,317.28,32357.16,6757.16,1.000,0.000,0.000,0.003,0.000,-0.001,14.916,Fuzzy
1221,58.5133,-14.919,0.815,0.007,-0.672,-0.660,0.000,0.942,0.672,317272.8,317.27,32356.64,6756.64,1.000,0.000,0.000,0.003,0.000,-0.001,14.919,Fuzzy
1222,58.5183,-14.922,0.811,0.007,-0.672,-0.660,0.000,0.942,0.672,317267.0,317.27,32356.12,6756.12,1.000,0.000,0.000,0.003,0.000,-0.001,14.922,Fuzzy
1223,58.5233,-14.926,0.808,0.007,-0.672,-0.660,0.000,0.942,0.672,317261.3,317.26,32355.60,6755.60,1.000,0.000,0.000,0.003,0.000,-0.001,14.926,Fuzzy
1224,58.5283,-14.929,0.805,0.007,-0.672,-0.660,0.000,0.942,0.672,317255.6,317.26,32355.08,6755.08,1.000,0.000,0.000,0.003,0.000,-0.001,14.929,Fuzzy
1225,58.5333,-14.932,0.801,0.007,-0.672,-0.660,0.000,0.942,0.672,317249.8,317.25,32354.56,6754.56,1.000,0.000,0.000,0.003,0.000,-0.001,14.932,Fuzzy
1226,58.5383,-14.936,0.798,0.007,-0.672,-0.660,0.000,0.942,0.672,317244.1,317.24,32354.04,6754.04,1.000,0.000,0.000,0.003,0.000,-0.001,14.936,Fuzzy
1227,58.5433,-14.939,0.795,0.007,-0.672,-0.660,0.000,0.942,0.672,317238.4,317.24,32353.52,6753.52,1.000,0.000,0.000,0.003,0.000,-0.001,14.939,Fuzzy
1228,58.5483,-14.942,0.791,0.007,-0.672,-0.660,0.000,0.942,0.672,317232.6,317.23,32353.00,6753.00,1.000,0.000,0.000,0.003,0.000,-0.001,14.942,Fuzzy
1229,58.5533,-14.946,0.788,0.007,-0.672,-0.660,0.000,0.942,0.672,317226.9,317.23,32352.48,6752.48,1.000,0.000,0.000,0.003,0.000,-0.001,14.946,Fuzzy
1230,58.5583,-14.949,0.785,0.007,-0.672,-0.660,0.000,0.942,0.672,317221.2,317.22,32351.96,6751.96,1.000,0.000,0.000,0.003,0.000,-0.001,14.949,Fuzzy
1231,58.5633,-14.952,0.782,0.007,-0.672,-0.660,0.000,0.942,0.672,317215.5,317.22,32351.44,6751.44,1.000,0.000,0.000,0.003,0.000,-0.001,14.952,Fuzzy
1232,58.5683,-14.956,0.778,0.007,-0.672,-0.660,0.000,0.942,0.672,317209.8,317.21,32350.92,6750.92,1.000,0.000,0.000,0.003,0.000,-0.001,14.956,Fuzzy
1233,58.5733,-14.959,0.775,0.007,-0.672,-0.660,0.000,0.942,0.672,317204.1,317.20,32350.40,6750.40,1.000,0.000,0.000,0.003,0.000,-0.001,14.959,Fuzzy
1234,58.5783,-14.963,0.772,0.007,-0.672,-0.660,0.000,0.942,0.672,317198.4,317.20,32349.88,6749.88,1.000,0.000,0.000,0.003,0.000,-0.001,14.963,Fuzzy
1235,58.5833,-14.966,0.768,0.007,-0.672,-0.660,0.000,0.942,0.672,317192.7,317.19,32349.36,6749.36,1.000,0.000,0.000,0.003,0.000,-0.001,14.966,Fuzzy
1236,58.5883,-14.969,0.765,0.007,-0.672,-0.660,0.000,0.942,0.672,317187.0,317.19,32348.84,6748.84,1.000,0.000,0.000,0.003,0.000,-0.001,14.969,Fuzzy
1237,58.5933,-14.973,0.762,0.007,-0.672,-0.660,0.000,0.942,0.672,317181.3,317.18,32348.32,6748.32,1.000,0.000,0.000,0.003,0.000,-0.001,14.973,Fuzzy
1238,58.5983,-14.976,0.758,0.007,-0.672,-0.660,0.000,0.942,0.672,317175.6,317.18,32347.80,6747.80,1.000,0.000,0.000,0.003,0.000,-0.001,14.976,Fuzzy
1239,58.6033,-14.979,0.755,0.007,-0.672,-0.660,0.000,0.942,0.672,317169.9,317.17,32347.28,6747.28,1.000,0.000,0.000,0.003,0.000,-0.001,14.979,Fuzzy
1240,58.6083,-14.983,0.752,0.007,-0.672,-0.660,0.000,0.942,0.672,317164.2,317.16,32346.76,6746.76,1.000,0.000,0.000,0.003,0.000,-0.001,14.983,Fuzzy
1241,58.6133,-14.986,0.749,0.007,-0.672,-0.660,0.000,0.942,0.672,317158.5,317.16,32346.24,6746.24,1.000,0.000,0.000,0.003,0.000,-0.001,14.986,Fuzzy
1242,58.6183,-14.989,0.745,0.007,-0.672,-0.660,0.000,0.942,0.672,317152.9,317.15,32345.72,6745.72,1.000,0.000,0.000,0.003,0.000,-0.001,14.989,Fuzzy
1243,58.6233,-14.993,0.742,0.007,-0.672,-0.660,0.000,0.942,0.672,317147.2,317.15,32345.20,6745.20,1.000,0.000,0.000,0.003,0.000,-0.001,14.993,Fuzzy
1244,58.6283,-14.996,0.739,0.007,-0.672,-0.660,0.000,0.942,0.672,317141.5,317.14,32344.68,6744.68,1.000,0.000,0.000,0.003,0.000,-0.001,14.996,Fuzzy
1245,58.6333,-15.000,0.735,0.007,-0.672,-0.660,0.000,0.942,0.672,317135.9,317.14,32344.16,6744.16,1.000,0.000,0.000,0.003,0.000,-0.001,15.000,Fuzzy
1246,58.6383,-15.003,0.732,0.007,-0.672,-0.660,0.000,0.942,0.672,317130.2,317.13,32343.64,6743.64,1.000,0.000,0.000,0.003,0.000,-0.001,15.003,Fuzzy
1247,58.6433,-15.006,0.729,0.007,-0.672,-0.660,0.000,0.942,0.672,317124.6,317.12,32343.12,6743.12,1.000,0.000,0.000,0.003,0.000,-0.001,15.006,Fuzzy
1248,58.6483,-15.010,0.725,0.007,-0.672,-0.660,0.000,0.942,0.672,317118.9,317.12,32342.60,6742.60,1.000,0.000,0.000,0.003,0.000,-0.001,15.010,Fuzzy
1249,58.6533,-15.013,0.722,0.007,-0.672,-0.660,0.000,0.942,0.672,317113.3,317.11,32342.08,6742.08,1.000,0.000,0.000,0.003,0.000,-0.001,15.013,Fuzzy
1250,58.6583,-15.016,0.719,0.007,-0.672,-0.660,0.000,0.942,0.672,317107.6,317.11,32341.56,6741.56,1.000,0.000,0.000,0.003,0.000,-0.001,15.016,Fuzzy
1251,58.6633,-15.020,0.716,0.007,-0.672,-0.660,0.000,0.942,0.672,317101.9,317.10,32341.04,6741.04,1.000,0.000,0.000,0.003,0.000,-0.001,15.020,Fuzzy
1252,58.6683,-15.023,0.712,0.007,-0.672,-0.660,0.000,0.942,0.672,317096.3,317.10,32340.52,6740.52,1.000,0.000,0.000,0.003,0.000,-0.001,15.023,Fuzzy
1253,58.6733,-15.026,0.709,0.007,-0.672,-0.660,0.000,0.942,0.672,317090.7,317.09,32340.00,6740.00,1.000,0.000,0.000,0.003,0.000,-0.001,15.026,Fuzzy
1254,58.6783,-15.030,0.706,0.007,-0.672,-0.660,0.000,0.942,0.672,317085.1,317.09,32339.48,6739.48,1.000,0.000,0.000,0.003,0.000,-0.001,15.030,Fuzzy
1255,58.6833,-15.033,0.702,0.007,-0.672,-0.660,0.000,0.942,0.672,317079.4,317.08,32338.96,6738.96,1.000,0.000,0.000,0.003,0.000,-0.001,15.033,Fuzzy
1256,58.6883,-15.036,0.699,0.007,-0.672,-0.660,0.000,0.942,0.672,317073.8,317.07,32338.44,6738.44,1.000,0.000,0.000,0.003,0.000,-0.001,15.036,Fuzzy
1257,58.6933,-15.040,0.696,0.007,-0.672,-0.660,0.000,0.942,0.672,317068.2,317.07,32337.92,6737.92,1.000,0.000,0.000,0.003,0.000,-0.001,15.040,Fuzzy
1258,58.6983,-15.043,0.692,0.007,-0.672,-0.660,0.000,0.942,0.672,317062.5,317.06,32337.40,6737.40,1.000,0.000,0.000,0.003,0.000,-0.001,15.043,Fuzzy
1259,58.7033,-15.047,0.689,0.007,-0.672,-0.660,0.000,0.942,0.672,317056.9,317.06,32336.88,6736.88,1.000,0.000,0.000,0.003,0.000,-0.001,15.047,Fuzzy
1260,58.7083,-15.050,0.686,0.007,-0.672,-0.660,0.000,0.942,0.672,317051.3,317.05,32336.36,6736.36,1.000,0.000,0.000,0.003,0.000,-0.001,15.050,Fuzzy
1261,58.7133,-15.053,0.683,0.007,-0.672,-0.660,0.000,0.942,0.672,317045.7,317.05,32335.84,6735.84,1.000,0.000,0.000,0.003,0.000,-0.001,15.053,Fuzzy
1262,58.7183,-15.057,0.679,0.007,-0.672,-0.660,0.000,0.942,0.672,317040.0,317.04,32335.32,6735.32,1.000,0.000,0.000,0.003,0.000,-0.001,15.057,Fuzzy
1263,58.7233,-15.060,0.676,0.007,-0.672,-0.660,0.000,0.942,0.672,317034.5,317.03,32334.80,6734.80,1.000,0.000,0.000,0.003,0.000,-0.001,15.060,Fuzzy
1264,58.7283,-15.063,0.673,0.007,-0.672,-0.660,0.000,0.942,0.672,317028.8,317.03,32334.28,6734.28,1.000,0.000,0.000,0.003,0.000,-0.001,15.063,Fuzzy
1265,58.7333,-15.067,0.669,0.007,-0.672,-0.660,0.000,0.942,0.672,317023.3,317.02,32333.76,6733.76,1.000,0.000,0.000,0.003,0.000,-0.001,15.067,Fuzzy
1266,58.7383,-15.070,0.666,0.007,-0.672,-0.660,0.000,0.942,0.672,317017.7,317.02,32333.24,6733.24,1.000,0.000,0.000,0.003,0.000,-0.001,15.070,Fuzzy
1267,58.7433,-15.073,0.663,0.007,-0.672,-0.660,0.000,0.942,0.672,317012.1,317.01,32332.72,6732.73,1.000,0.000,0.000,0.002,0.000,-0.001,15.073,Fuzzy
1268,58.7483,-15.077,0.659,0.007,-0.672,-0.660,0.000,0.942,0.672,317006.5,317.01,32332.21,6732.21,1.000,0.000,0.000,0.002,0.000,-0.001,15.077,Fuzzy
1269,58.7534,-15.080,0.656,0.007,-0.672,-0.660,0.000,0.942,0.672,317000.9,317.00,32331.69,6731.69,1.000,0.000,0.000,0.002,0.000,-0.001,15.080,Fuzzy
1270,58.7584,-15.084,0.653,0.007,-0.672,-0.660,0.000,0.942,0.672,316995.3,317.00,32331.17,6731.17,1.000,0.000,0.000,0.002,0.000,-0.001,15.084,Fuzzy
1271,58.7634,-15.087,0.650,0.007,-0.672,-0.660,0.000,0.942,0.672,316989.8,316.99,32330.65,6730.65,1.000,0.000,0.000,0.002,0.000,-0.001,15.087,Fuzzy
1272,58.7684,-15.090,0.646,0.007,-0.672,-0.660,0.000,0.942,0.672,316984.2,316.98,32330.13,6730.13,1.000,0.000,0.000,0.002,0.000,-0.001,15.090,Fuzzy
1273,58.7734,-15.094,0.643,0.007,-0.672,-0.660,0.000,0.942,0.672,316978.6,316.98,32329.61,6729.61,1.000,0.000,0.000,0.002,0.000,-0.001,15.094,Fuzzy
1274,58.7784,-15.097,0.640,0.007,-0.672,-0.660,0.000,0.942,0.672,316973.0,316.97,32329.09,6729.09,1.000,0.000,0.000,0.002,0.000,-0.001,15.097,Fuzzy
1275,58.7834,-15.100,0.636,0.007,-0.672,-0.660,0.000,0.942,0.672,316967.5,316.97,32328.57,6728.57,1.000,0.000,0.000,0.002,0.000,-0.001,15.100,Fuzzy
1276,58.7884,-15.104,0.633,0.007,-0.672,-0.660,0.000,0.942,0.672,316961.9,316.96,32328.05,6728.05,1.000,0.000,0.000,0.002,0.000,-0.001,15.104,Fuzzy
1277,58.7934,-15.107,0.630,0.007,-0.672,-0.660,0.000,0.942,0.672,316956.3,316.96,32327.53,6727.53,1.000,0.000,0.000,0.002,0.000,-0.001,15.107,Fuzzy
1278,58.7984,-15.110,0.626,0.007,-0.672,-0.660,0.000,0.942,0.672,316950.8,316.95,32327.01,6727.01,1.000,0.000,0.000,0.002,0.000,-0.001,15.110,Fuzzy
1279,58.8034,-15.114,0.623,0.007,-0.672,-0.660,0.000,0.942,0.672,316945.2,316.95,32326.49,6726.49,1.000,0.000,0.000,0.002,0.000,-0.001,15.114,Fuzzy
1280,58.8084,-15.117,0.620,0.007,-0.672,-0.660,0.000,0.942,0.672,316939.7,316.94,32325.97,6725.97,1.000,0.000,0.000,0.002,0.000,-0.001,15.117,Fuzzy
1281,58.8134,-15.120,0.617,0.007,-0.672,-0.660,0.000,0.942,0.672,316934.1,316.93,32325.45,6725.45,1.000,0.000,0.000,0.002,0.000,-0.001,15.120,Fuzzy
1282,58.8184,-15.124,0.613,0.007,-0.672,-0.660,0.000,0.942,0.672,316928.5,316.93,32324.93,6724.93,1.000,0.000,0.000,0.002,0.000,-0.001,15.124,Fuzzy
1283,58.8234,-15.127,0.610,0.007,-0.672,-0.660,0.000,0.942,0.672,316923.0,316.92,32324.41,6724.41,1.000,0.000,0.000,0.002,0.000,-0.001,15.127,Fuzzy
1284,58.8284,-15.131,0.607,0.007,-0.672,-0.660,0.000,0.942,0.672,316917.4,316.92,32323.89,6723.89,1.000,0.000,0.000,0.002,0.000,-0.001,15.131,Fuzzy
1285,58.8334,-15.134,0.603,0.007,-0.672,-0.660,0.000,0.942,0.672,316911.9,316.91,32323.37,6723.37,1.000,0.000,0.000,0.002,0.000,-0.001,15.134,Fuzzy
1286,58.8384,-15.137,0.600,0.007,-0.672,-0.660,0.000,0.942,0.672,316906.4,316.91,32322.85,6722.85,1.000,0.000,0.000,0.002,0.000,-0.001,15.137,Fuzzy
1287,58.8434,-15.141,0.597,0.007,-0.672,-0.660,0.000,0.942,0.672,316900.8,316.90,32322.33,6722.33,1.000,0.000,0.000,0.002,0.000,-0.001,15.141,Fuzzy
1288,58.8484,-15.144,0.593,0.007,-0.672,-0.660,0.000,0.942,0.672,316895.3,316.90,32321.81,6721.81,1.000,0.000,0.000,0.002,0.000,-0.001,15.144,Fuzzy
1289,58.8534,-15.147,0.590,0.007,-0.672,-0.660,0.000,0.942,0.672,316889.8,316.89,32321.29,6721.30,1.000,0.000,0.000,0.002,0.000,-0.001,15.147,Fuzzy
1290,58.8584,-15.151,0.587,0.007,-0.672,-0.660,0.000,0.942,0.672,316884.3,316.88,32320.78,6720.78,1.000,0.000,0.000,0.002,0.000,-0.001,15.151,Fuzzy
1291,58.8634,-15.154,0.584,0.007,-0.672,-0.660,0.000,0.942,0.672,316878.7,316.88,32320.26,6720.26,1.000,0.000,0.000,0.002,0.000,-0.001,15.154,Fuzzy
1292,58.8684,-15.157,0.580,0.007,-0.672,-0.660,0.000,0.942,0.672,316873.2,316.87,32319.74,6719.74,1.000,0.000,0.000,0.002,0.000,-0.001,15.157,Fuzzy
1293,58.8734,-15.161,0.577,0.007,-0.672,-0.660,0.000,0.942,0.672,316867.7,316.87,32319.22,6719.22,1.000,0.000,0.000,0.002,0.000,-0.001,15.161,Fuzzy
1294,58.8784,-15.164,0.574,0.007,-0.672,-0.661,0.000,0.942,0.672,316862.2,316.86,32318.70,6718.70,1.000,0.000,0.000,0.002,0.000,-0.001,15.164,Fuzzy
1295,58.8834,-15.168,0.570,0.007,-0.672,-0.661,0.000,0.942,0.672,316856.7,316.86,32318.18,6718.18,1.000,0.000,0.000,0.002,0.000,-0.001,15.168,Fuzzy
1296,58.8884,-15.171,0.567,0.007,-0.672,-0.661,0.000,0.942,0.672,316851.1,316.85,32317.66,6717.66,1.000,0.000,0.000,0.002,0.000,-0.001,15.171,Fuzzy
1297,58.8934,-15.174,0.564,0.007,-0.672,-0.661,0.000,0.942,0.672,316845.7,316.85,32317.14,6717.14,1.000,0.000,0.000,0.002,0.000,-0.001,15.174,Fuzzy
1298,58.8984,-15.178,0.560,0.007,-0.672,-0.661,0.000,0.942,0.672,316840.2,316.84,32316.62,6716.62,1.000,0.000,0.000,0.002,0.000,-0.001,15.178,Fuzzy
1299,58.9034,-15.181,0.557,0.007,-0.672,-0.661,0.000,0.942,0.672,316834.7,316.83,32316.10,6716.10,1.000,0.000,0.000,0.002,0.000,-0.001,15.181,Fuzzy
1300,58.9084,-15.184,0.554,0.007,-0.672,-0.661,0.000,0.942,0.672,316829.2,316.83,32315.58,6715.58,1.000,0.000,0.000,0.002,0.000,-0.001,15.184,Fuzzy
1301,58.9134,-15.188,0.551,0.007,-0.672,-0.661,0.000,0.942,0.672,316823.6,316.82,32315.06,6715.06,1.000,0.000,0.000,0.002,0.000,-0.001,15.188,Fuzzy
1302,58.9184,-15.191,0.547,0.007,-0.672,-0.661,0.000,0.942,0.672,316818.2,316.82,32314.54,6714.54,1.000,0.000,0.000,0.002,0.000,-0.001,15.191,Fuzzy
1303,58.9234,-15.194,0.544,0.007,-0.672,-0.661,0.000,0.942,0.672,316812.7,316.81,32314.02,6714.02,1.000,0.000,0.000,0.002,0.000,-0.001,15.194,Fuzzy
1304,58.9284,-15.198,0.541,0.007,-0.672,-0.661,0.000,0.942,0.672,316807.2,316.81,32313.50,6713.50,1.000,0.000,0.000,0.002,0.000,-0.001,15.198,Fuzzy
1305,58.9334,-15.201,0.537,0.007,-0.672,-0.661,0.000,0.942,0.672,316801.7,316.80,32312.98,6712.98,1.000,0.000,0.000,0.002,0.000,-0.001,15.201,Fuzzy
1306,58.9384,-15.204,0.534,0.007,-0.672,-0.661,0.000,0.942,0.672,316796.2,316.80,32312.46,6712.46,1.000,0.000,0.000,0.002,0.000,-0.001,15.204,Fuzzy
1307,58.9434,-15.208,0.531,0.007,-0.672,-0.661,0.000,0.942,0.672,316790.7,316.79,32311.94,6711.94,1.000,0.000,0.000,0.002,0.000,-0.001,15.208,Fuzzy
1308,58.9484,-15.211,0.527,0.007,-0.672,-0.661,0.000,0.942,0.672,316785.2,316.79,32311.42,6711.42,1.000,0.000,0.000,0.002,0.000,-0.001,15.211,Fuzzy
1309,58.9534,-15.215,0.524,0.007,-0.672,-0.661,0.000,0.942,0.672,316779.8,316.78,32310.90,6710.90,1.000,0.000,0.000,0.002,0.000,-0.001,15.215,Fuzzy
1310,58.9584,-15.218,0.521,0.007,-0.672,-0.661,0.000,0.942,0.672,316774.3,316.77,32310.38,6710.39,1.000,0.000,0.000,0.002,0.000,-0.001,15.218,Fuzzy
1311,58.9634,-15.221,0.517,0.007,-0.672,-0.661,0.000,0.942,0.672,316768.7,316.77,32309.87,6709.87,1.000,0.000,0.000,0.002,0.000,-0.001,15.221,Fuzzy
1312,58.9684,-15.225,0.514,0.007,-0.672,-0.661,0.000,0.942,0.672,316763.3,316.76,32309.35,6709.35,1.000,0.000,0.000,0.002,0.000,-0.001,15.225,Fuzzy
1313,58.9734,-15.228,0.511,0.007,-0.672,-0.661,0.000,0.942,0.672,316757.8,316.76,32308.83,6708.83,1.000,0.000,0.000,0.002,0.000,-0.001,15.228,Fuzzy
1314,58.9784,-15.231,0.508,0.007,-0.672,-0.661,0.000,0.942,0.672,316752.3,316.75,32308.31,6708.31,1.000,0.000,0.000,0.002,0.000,-0.001,15.231,Fuzzy
1315,58.9834,-15.235,0.504,0.007,-0.672,-0.661,0.000,0.942,0.672,316746.9,316.75,32307.79,6707.79,1.000,0.000,0.000,0.002,0.000,-0.001,15.235,Fuzzy
1316,58.9884,-15.238,0.501,0.007,-0.672,-0.661,0.000,0.942,0.672,316741.4,316.74,32307.27,6707.27,1.000,0.000,0.000,0.002,0.000,-0.001,15.238,Fuzzy
1317,58.9934,-15.241,0.498,0.007,-0.672,-0.661,0.000,0.942,0.672,316736.0,316.74,32306.75,6706.75,1.000,0.000,0.000,0.002,0.000,-0.001,15.241,Fuzzy
1318,58.9984,-15.245,0.494,0.007,-0.672,-0.661,0.000,0.942,0.672,316730.5,316.73,32306.23,6706.23,1.000,0.000,0.000,0.002,0.000,-0.001,15.245,Fuzzy
1319,59.0034,-15.248,0.491,0.007,-0.672,-0.661,0.000,0.942,0.672,316725.1,316.73,32305.71,6705.71,1.000,0.000,0.000,0.002,0.000,-0.001,15.248,Fuzzy
1320,59.0084,-15.252,0.488,0.007,-0.672,-0.661,0.000,0.942,0.672,316719.6,316.72,32305.19,6705.19,1.000,0.000,0.000,0.002,0.000,-0.001,15.252,Fuzzy
1321,59.0134,-15.255,0.484,0.007,-0.672,-0.661,0.000,0.943,0.672,316714.1,316.71,32304.67,6704.67,1.000,0.000,0.000,0.002,0.000,-0.001,15.255,Fuzzy
1322,59.0184,-15.258,0.481,0.007,-0.672,-0.661,0.000,0.943,0.672,316708.7,316.71,32304.15,6704.15,1.000,0.000,0.000,0.002,0.000,-0.001,15.258,Fuzzy
1323,59.0234,-15.262,0.478,0.007,-0.672,-0.661,0.000,0.943,0.672,316703.3,316.70,32303.63,6703.64,1.000,0.000,0.000,0.002,0.000,-0.001,15.262,Fuzzy
1324,59.0284,-15.265,0.475,0.007,-0.672,-0.661,0.000,0.943,0.672,316697.8,316.70,32303.12,6703.12,1.000,0.000,0.000,0.002,0.000,-0.001,15.265,Fuzzy
1325,59.0334,-15.268,0.471,0.007,-0.672,-0.661,0.000,0.943,0.672,316692.4,316.69,32302.60,6702.60,1.000,0.000,0.000,0.002,0.000,-0.001,15.268,Fuzzy
1326,59.0384,-15.272,0.468,0.007,-0.672,-0.661,0.000,0.943,0.672,316686.9,316.69,32302.08,6702.08,1.000,0.000,0.000,0.002,0.000,-0.001,15.272,Fuzzy
1327,59.0434,-15.275,0.465,0.007,-0.672,-0.661,0.000,0.943,0.672,316681.5,316.68,32301.56,6701.56,1.000,0.000,0.000,0.002,0.000,-0.001,15.275,Fuzzy
1328,59.0484,-15.278,0.461,0.007,-0.672,-0.661,0.000,0.943,0.672,316676.1,316.68,32301.04,6701.04,1.000,0.000,0.000,0.001,0.000,-0.001,15.278,Fuzzy
1329,59.0534,-15.282,0.458,0.007,-0.672,-0.661,0.000,0.943,0.672,316670.6,316.67,32300.52,6700.52,1.000,0.000,0.000,0.001,0.000,-0.001,15.282,Fuzzy
1330,59.0584,-15.285,0.455,0.007,-0.672,-0.661,0.000,0.943,0.672,316665.2,316.67,32300.00,6700.00,1.000,0.000,0.000,0.001,0.000,-0.001,15.285,Fuzzy
1331,59.0634,-15.288,0.451,0.007,-0.672,-0.661,0.000,0.943,0.672,316659.8,316.66,32299.48,6699.48,1.000,0.000,0.000,0.001,0.000,-0.001,15.288,Fuzzy
1332,59.0684,-15.292,0.448,0.007,-0.672,-0.661,0.000,0.943,0.672,316654.3,316.65,32298.96,6698.96,1.000,0.000,0.000,0.001,0.000,-0.001,15.292,Fuzzy
1333,59.0734,-15.295,0.445,0.007,-0.672,-0.661,0.000,0.943,0.672,316648.9,316.65,32298.45,6698.45,1.000,0.000,0.000,0.001,0.000,-0.001,15.295,Fuzzy
1334,59.0784,-15.299,0.441,0.007,-0.672,-0.661,0.000,0.943,0.672,316643.5,316.64,32297.93,6697.93,1.000,0.000,0.000,0.001,0.000,-0.001,15.299,Fuzzy
1335,59.0834,-15.302,0.438,0.007,-0.672,-0.661,0.000,0.943,0.672,316638.1,316.64,32297.41,6697.41,1.000,0.000,0.000,0.001,0.000,-0.001,15.302,Fuzzy
1336,59.0884,-15.305,0.435,0.007,-0.672,-0.661,0.000,0.943,0.672,316632.7,316.63,32296.89,6696.89,1.000,0.000,0.000,0.001,0.000,-0.001,15.305,Fuzzy
1337,59.0934,-15.309,0.432,0.007,-0.672,-0.661,0.000,0.943,0.672,316627.3,316.63,32296.37,6696.37,1.000,0.000,0.000,0.001,0.000,-0.001,15.309,Fuzzy
1338,59.0984,-15.312,0.428,0.007,-0.672,-0.661,0.000,0.943,0.672,316621.8,316.62,32295.85,6695.85,1.000,0.000,0.000,0.001,0.000,-0.001,15.312,Fuzzy
1339,59.1034,-15.315,0.425,0.007,-0.672,-0.661,0.000,0.943,0.672,316616.4,316.62,32295.33,6695.33,1.000,0.000,0.000,0.001,0.000,-0.001,15.315,Fuzzy
1340,59.1084,-15.319,0.422,0.007,-0.672,-0.661,0.000,0.943,0.672,316611.0,316.61,32294.81,6694.81,1.000,0.000,0.000,0.001,0.000,-0.001,15.319,Fuzzy
1341,59.1134,-15.322,0.418,0.007,-0.672,-0.661,0.000,0.943,0.672,316605.6,316.61,32294.29,6694.29,1.000,0.000,0.000,0.001,0.000,-0.001,15.322,Fuzzy
1342,59.1184,-15.325,0.415,0.007,-0.672,-0.661,0.000,0.943,0.672,316600.2,316.60,32293.77,6693.77,1.000,0.000,0.000,0.001,0.000,-0.001,15.325,Fuzzy
1343,59.1234,-15.329,0.412,0.007,-0.672,-0.661,0.000,0.943,0.672,316594.8,316.59,32293.25,6693.25,1.000,0.000,0.000,0.001,0.000,-0.001,15.329,Fuzzy
1344,59.1284,-15.332,0.408,0.007,-0.672,-0.661,0.000,0.943,0.672,316589.4,316.59,32292.73,6692.74,1.000,0.000,0.000,0.001,0.000,-0.001,15.332,Fuzzy
1345,59.1334,-15.336,0.405,0.007,-0.672,-0.661,0.000,0.943,0.672,316583.9,316.58,32292.22,6692.22,1.000,0.000,0.000,0.001,0.000,-0.001,15.336,Fuzzy
1346,59.1384,-15.339,0.402,0.007,-0.672,-0.661,0.000,0.943,0.672,316578.6,316.58,32291.70,6691.70,1.000,0.000,0.000,0.001,0.000,-0.001,15.339,Fuzzy
1347,59.1434,-15.342,0.399,0.007,-0.672,-0.661,0.000,0.943,0.672,316573.2,316.57,32291.18,6691.18,1.000,0.000,0.000,0.001,0.000,-0.001,15.342,Fuzzy
1348,59.1484,-15.346,0.395,0.007,-0.672,-0.661,0.000,0.943,0.672,316567.7,316.57,32290.66,6690.66,1.000,0.000,0.000,0.001,0.000,-0.001,15.346,Fuzzy
1349,59.1534,-15.349,0.392,0.007,-0.672,-0.661,0.000,0.943,0.672,316562.4,316.56,32290.14,6690.14,1.000,0.000,0.000,0.001,0.000,-0.001,15.349,Fuzzy
1350,59.1584,-15.352,0.389,0.007,-0.672,-0.661,0.000,0.943,0.672,316557.0,316.56,32289.62,6689.62,1.000,0.000,0.000,0.001,0.000,-0.001,15.352,Fuzzy
1351,59.1634,-15.356,0.385,0.007,-0.672,-0.661,0.000,0.943,0.672,316551.6,316.55,32289.10,6689.10,1.000,0.000,0.000,0.001,0.000,-0.001,15.356,Fuzzy
1352,59.1684,-15.359,0.382,0.007,-0.672,-0.661,0.000,0.943,0.672,316546.2,316.55,32288.58,6688.58,1.000,0.000,0.000,0.001,0.000,-0.001,15.359,Fuzzy
1353,59.1734,-15.362,0.379,0.007,-0.672,-0.661,0.000,0.943,0.672,316540.8,316.54,32288.06,6688.06,1.000,0.000,0.000,0.001,0.000,-0.001,15.362,Fuzzy
1354,59.1784,-15.366,0.375,0.007,-0.672,-0.661,0.000,0.943,0.672,316535.4,316.54,32287.54,6687.55,1.000,0.000,0.000,0.001,0.000,-0.001,15.366,Fuzzy
1355,59.1834,-15.369,0.372,0.007,-0.672,-0.661,0.000,0.943,0.672,316530.0,316.53,32287.03,6687.03,1.000,0.000,0.000,0.001,0.000,-0.001,15.369,Fuzzy
1356,59.1884,-15.372,0.369,0.007,-0.672,-0.661,0.000,0.943,0.672,316524.6,316.52,32286.51,6686.51,1.000,0.000,0.000,0.001,0.000,-0.001,15.372,Fuzzy
1357,59.1934,-15.376,0.365,0.007,-0.672,-0.661,0.000,0.943,0.672,316519.3,316.52,32285.99,6685.99,1.000,0.000,0.000,0.001,0.000,-0.001,15.376,Fuzzy
1358,59.1984,-15.379,0.362,0.007,-0.672,-0.661,0.000,0.943,0.672,316513.9,316.51,32285.47,6685.47,1.000,0.000,0.000,0.001,0.000,-0.001,15.379,Fuzzy
1359,59.2034,-15.383,0.359,0.007,-0.672,-0.661,0.000,0.943,0.672,316508.5,316.51,32284.95,6684.95,1.000,0.000,0.000,0.001,0.000,-0.001,15.383,Fuzzy
1360,59.2084,-15.386,0.356,0.007,-0.672,-0.661,0.000,0.943,0.672,316503.1,316.50,32284.43,6684.43,1.000,0.000,0.000,0.001,0.000,-0.001,15.386,Fuzzy
1361,59.2134,-15.389,0.352,0.007,-0.672,-0.661,0.000,0.943,0.672,316497.7,316.50,32283.91,6683.91,1.000,0.000,0.000,0.001,0.000,-0.001,15.389,Fuzzy
1362,59.2184,-15.393,0.349,0.007,-0.672,-0.661,0.000,0.943,0.672,316492.4,316.49,32283.39,6683.39,1.000,0.000,0.000,0.001,0.000,-0.001,15.393,Fuzzy
1363,59.2235,-15.396,0.346,0.007,-0.672,-0.661,0.000,0.943,0.672,316487.0,316.49,32282.87,6682.87,1.000,0.000,0.000,0.001,0.000,-0.001,15.396,Fuzzy
1364,59.2285,-15.399,0.342,0.007,-0.672,-0.661,0.000,0.943,0.672,316481.6,316.48,32282.36,6682.35,1.000,0.000,0.000,0.001,0.000,-0.001,15.399,Fuzzy
1365,59.2335,-15.403,0.339,0.007,-0.672,-0.662,0.000,0.943,0.672,316476.3,316.48,32281.84,6681.84,1.000,0.000,0.000,0.001,0.000,-0.001,15.403,Fuzzy
1366,59.2385,-15.406,0.336,0.007,-0.672,-0.662,0.000,0.943,0.672,316470.9,316.47,32281.32,6681.32,1.000,0.000,0.000,0.001,0.000,-0.001,15.406,Fuzzy
1367,59.2435,-15.409,0.332,0.007,-0.672,-0.662,0.000,0.943,0.672,316465.5,316.47,32280.80,6680.80,1.000,0.000,0.000,0.001,0.000,-0.001,15.409,Fuzzy
1368,59.2485,-15.413,0.329,0.007,-0.672,-0.662,0.000,0.943,0.672,316460.2,316.46,32280.28,6680.28,1.000,0.000,0.000,0.001,0.000,-0.001,15.413,Fuzzy
1369,59.2535,-15.416,0.326,0.007,-0.672,-0.662,0.000,0.943,0.672,316454.8,316.45,32279.76,6679.76,1.000,0.000,0.000,0.001,0.000,-0.001,15.416,Fuzzy
1370,59.2585,-15.420,0.322,0.007,-0.672,-0.662,0.000,0.943,0.672,316449.4,316.45,32279.24,6679.24,1.000,0.000,0.000,0.001,0.000,-0.001,15.420,Fuzzy
1371,59.2635,-15.423,0.319,0.007,-0.672,-0.662,0.000,0.943,0.672,316444.1,316.44,32278.72,6678.72,1.000,0.000,0.000,0.001,0.000,-0.001,15.423,Fuzzy
1372,59.2685,-15.426,0.316,0.007,-0.672,-0.662,0.000,0.943,0.672,316438.8,316.44,32278.20,6678.20,1.000,0.000,0.000,0.001,0.000,-0.001,15.426,Fuzzy
1373,59.2735,-15.430,0.313,0.007,-0.672,-0.662,0.000,0.943,0.672,316433.4,316.43,32277.69,6677.69,1.000,0.000,0.000,0.001,0.000,-0.001,15.430,Fuzzy
1374,59.2785,-15.433,0.309,0.007,-0.672,-0.662,0.000,0.943,0.672,316428.0,316.43,32277.17,6677.17,1.000,0.000,0.000,0.001,0.000,-0.001,15.433,Fuzzy
1375,59.2835,-15.436,0.306,0.007,-0.672,-0.662,0.000,0.943,0.672,316422.7,316.42,32276.65,6676.65,1.000,0.000,0.000,0.001,0.000,-0.001,15.436,Fuzzy
1376,59.2885,-15.440,0.303,0.007,-0.672,-0.662,0.000,0.943,0.672,316417.4,316.42,32276.13,6676.13,1.000,0.000,0.000,0.001,0.000,-0.001,15.440,Fuzzy
1377,59.2935,-15.443,0.299,0.007,-0.672,-0.662,0.000,0.943,0.672,316412.0,316.41,32275.61,6675.61,1.000,0.000,0.000,0.001,0.000,-0.001,15.443,Fuzzy
1378,59.2985,-15.446,0.296,0.007,-0.672,-0.662,0.000,0.943,0.672,316406.7,316.41,32275.09,6675.09,1.000,0.000,0.000,0.001,0.000,-0.001,15.446,Fuzzy
1379,59.3035,-15.450,0.293,0.007,-0.672,-0.662,0.000,0.943,0.672,316401.3,316.40,32274.57,6674.57,1.000,0.000,0.000,0.001,0.000,-0.001,15.450,Fuzzy
1380,59.3085,-15.453,0.289,0.007,-0.672,-0.662,0.000,0.943,0.672,316396.0,316.40,32274.05,6674.06,1.000,0.000,0.000,0.001,0.000,-0.001,15.453,Fuzzy
1381,59.3135,-15.456,0.286,0.007,-0.672,-0.662,0.000,0.943,0.672,316390.7,316.39,32273.54,6673.54,1.000,0.000,0.000,0.001,0.000,-0.001,15.456,Fuzzy
1382,59.3185,-15.460,0.283,0.007,-0.672,-0.662,0.000,0.943,0.672,316385.3,316.39,32273.02,6673.02,1.000,0.000,0.000,0.001,0.000,-0.001,15.460,Fuzzy
1383,59.3235,-15.463,0.279,0.007,-0.672,-0.662,0.000,0.943,0.672,316380.0,316.38,32272.50,6672.50,1.000,0.000,0.000,0.001,0.000,-0.001,15.463,Fuzzy
1384,59.3285,-15.467,0.276,0.007,-0.672,-0.662,0.000,0.943,0.672,316374.7,316.37,32271.98,6671.98,1.000,0.000,0.000,0.001,0.000,-0.001,15.467,Fuzzy
1385,59.3335,-15.470,0.273,0.007,-0.672,-0.662,0.000,0.943,0.672,316369.3,316.37,32271.46,6671.46,1.000,0.000,0.000,0.001,0.000,-0.001,15.470,Fuzzy
1386,59.3385,-15.473,0.270,0.007,-0.672,-0.662,0.000,0.943,0.672,316364.0,316.36,32270.94,6670.94,1.000,0.000,0.000,0.001,0.000,-0.001,15.473,Fuzzy
1387,59.3435,-15.477,0.266,0.007,-0.672,-0.662,0.000,0.943,0.672,316358.7,316.36,32270.43,6670.43,1.000,0.000,0.000,0.001,0.000,-0.001,15.477,Fuzzy
1388,59.3485,-15.480,0.263,0.007,-0.672,-0.662,0.000,0.943,0.672,316353.3,316.35,32269.91,6669.91,1.000,0.000,0.000,0.001,0.000,-0.001,15.480,Fuzzy
1389,59.3535,-15.483,0.260,0.007,-0.672,-0.662,0.000,0.943,0.672,316348.0,316.35,32269.39,6669.39,1.000,0.000,0.000,0.001,0.000,-0.001,15.483,Fuzzy
1390,59.3585,-15.487,0.256,0.007,-0.672,-0.662,0.000,0.943,0.672,316342.7,316.34,32268.87,6668.87,1.000,0.000,0.000,0.001,0.000,-0.001,15.487,Fuzzy
1391,59.3635,-15.490,0.253,0.007,-0.672,-0.662,0.000,0.943,0.672,316337.3,316.34,32268.35,6668.35,1.000,0.000,0.000,0.001,0.000,-0.001,15.490,Fuzzy
1392,59.3685,-15.493,0.250,0.007,-0.672,-0.662,0.000,0.943,0.672,316332.1,316.33,32267.83,6667.83,1.000,0.000,0.000,0.001,0.000,-0.001,15.493,Fuzzy
1393,59.3735,-15.497,0.246,0.007,-0.672,-0.662,0.000,0.943,0.672,316326.7,316.33,32267.31,6667.31,1.000,0.000,0.000,0.001,0.000,-0.001,15.497,Fuzzy
1394,59.3785,-15.500,0.243,0.007,-0.672,-0.662,0.000,0.943,0.672,316321.4,316.32,32266.79,6666.80,1.000,0.000,0.000,0.001,0.000,-0.001,15.500,Fuzzy
1395,59.3835,-15.504,0.240,0.007,-0.672,-0.662,0.000,0.943,0.672,316316.1,316.32,32266.28,6666.28,1.000,0.000,0.000,0.001,0.000,-0.001,15.504,Fuzzy
1396,59.3885,-15.507,0.236,0.007,-0.672,-0.662,0.000,0.943,0.672,316310.8,316.31,32265.76,6665.76,1.000,0.000,0.000,0.001,0.000,-0.001,15.507,Fuzzy
1397,59.3935,-15.510,0.233,0.007,-0.672,-0.662,0.000,0.943,0.672,316305.4,316.31,32265.24,6665.24,1.000,0.000,0.000,0.001,0.000,-0.001,15.510,Fuzzy
1398,59.3985,-15.514,0.230,0.007,-0.672,-0.662,0.000,0.943,0.672,316300.2,316.30,32264.72,6664.72,1.000,0.000,0.000,0.001,0.000,-0.001,15.514,Fuzzy
1399,59.4035,-15.517,0.226,0.007,-0.672,-0.662,0.000,0.943,0.672,316294.8,316.29,32264.20,6664.20,1.000,0.000,0.000,0.001,0.000,-0.001,15.517,Fuzzy
1400,59.4085,-15.520,0.223,0.007,-0.672,-0.662,0.000,0.943,0.672,316289.5,316.29,32263.68,6663.68,1.000,0.000,0.000,0.001,0.000,-0.001,15.520,Fuzzy
1401,59.4135,-15.524,0.220,0.007,-0.672,-0.662,0.000,0.943,0.672,316284.2,316.28,32263.17,6663.17,1.000,0.000,0.000,0.001,0.000,-0.001,15.524,Fuzzy
1402,59.4185,-15.527,0.217,0.007,-0.672,-0.662,0.000,0.943,0.672,316278.9,316.28,32262.65,6662.65,1.000,0.000,0.000,0.001,0.000,-0.001,15.527,Fuzzy
1403,59.4235,-15.530,0.213,0.007,-0.672,-0.662,0.000,0.943,0.672,316273.6,316.27,32262.13,6662.13,1.000,0.000,0.000,0.001,0.000,-0.001,15.530,Fuzzy
1404,59.4285,-15.534,0.210,0.007,-0.672,-0.662,0.000,0.944,0.672,316268.3,316.27,32261.61,6661.61,1.000,0.000,0.000,0.001,0.000,-0.001,15.534,Fuzzy
1405,59.4335,-15.537,0.207,0.007,-0.672,-0.662,0.000,0.944,0.672,316263.0,316.26,32261.09,6661.09,1.000,0.000,0.000,0.001,0.000,-0.001,15.537,Fuzzy
1406,59.4385,-15.541,0.203,0.007,-0.672,-0.662,0.000,0.944,0.672,316257.7,316.26,32260.57,6660.57,1.000,0.000,0.000,0.001,0.000,-0.001,15.541,Fuzzy
1407,59.4435,-15.544,0.200,0.007,-0.672,-0.662,0.000,0.944,0.672,316252.4,316.25,32260.05,6660.05,1.000,0.000,0.000,0.001,0.000,-0.001,15.544,Fuzzy
1408,59.4485,-15.547,0.197,0.007,-0.672,-0.662,0.000,0.944,0.672,316247.1,316.25,32259.54,6659.54,1.000,0.000,0.000,0.001,0.000,-0.001,15.547,Fuzzy
1409,59.4535,-15.551,0.193,0.007,-0.672,-0.662,0.000,0.944,0.672,316241.8,316.24,32259.02,6659.02,1.000,0.000,0.000,0.001,0.000,-0.001,15.551,Fuzzy
1410,59.4585,-15.554,0.190,0.007,-0.672,-0.662,0.000,0.944,0.672,316236.5,316.24,32258.50,6658.50,1.000,0.000,0.000,0.000,0.000,-0.001,15.554,Fuzzy
1411,59.4635,-15.557,0.187,0.007,-0.672,-0.662,0.000,0.944,0.672,316231.2,316.23,32257.98,6657.98,1.000,0.000,0.000,0.000,0.000,-0.001,15.557,Fuzzy
1412,59.4685,-15.561,0.183,0.007,-0.672,-0.662,0.000,0.944,0.672,316225.9,316.23,32257.46,6657.46,1.000,0.000,0.000,0.000,0.000,-0.001,15.561,Fuzzy
1413,59.4735,-15.564,0.180,0.007,-0.672,-0.662,0.000,0.944,0.672,316220.6,316.22,32256.94,6656.94,1.000,0.000,0.000,0.000,0.000,-0.001,15.564,Fuzzy
1414,59.4785,-15.567,0.177,0.007,-0.672,-0.662,0.000,0.944,0.672,316215.3,316.22,32256.42,6656.42,1.000,0.000,0.000,0.000,0.000,-0.001,15.567,Fuzzy
1415,59.4835,-15.571,0.173,0.007,-0.672,-0.662,0.000,0.944,0.672,316210.0,316.21,32255.91,6655.91,1.000,0.000,0.000,0.000,0.000,-0.001,15.571,Fuzzy
1416,59.4885,-15.574,0.170,0.007,-0.672,-0.662,0.000,0.944,0.672,316204.8,316.20,32255.39,6655.39,1.000,0.000,0.000,0.000,0.000,-0.001,15.574,Fuzzy
1417,59.4935,-15.577,0.167,0.007,-0.672,-0.662,0.000,0.944,0.672,316199.5,316.20,32254.87,6654.87,1.000,0.000,0.000,0.000,0.000,-0.001,15.577,Fuzzy
1418,59.4985,-15.581,0.164,0.007,-0.672,-0.662,0.000,0.944,0.672,316194.2,316.19,32254.35,6654.35,1.000,0.000,0.000,0.000,0.000,-0.001,15.581,Fuzzy
1419,59.5035,-15.584,0.160,0.007,-0.672,-0.662,0.000,0.944,0.672,316188.9,316.19,32253.83,6653.83,1.000,0.000,0.000,0.000,0.000,-0.001,15.584,Fuzzy
1420,59.5085,-15.588,0.157,0.007,-0.672,-0.662,0.000,0.944,0.672,316183.6,316.18,32253.31,6653.31,1.000,0.000,0.000,0.000,0.000,-0.001,15.588,Fuzzy
1421,59.5135,-15.591,0.154,0.007,-0.672,-0.662,0.000,0.944,0.672,316178.3,316.18,32252.79,6652.79,1.000,0.000,0.000,0.000,0.000,-0.001,15.591,Fuzzy
1422,59.5185,-15.594,0.150,0.007,-0.672,-0.662,0.000,0.944,0.672,316173.1,316.17,32252.28,6652.28,1.000,0.000,0.000,0.000,0.000,-0.001,15.594,Fuzzy
1423,59.5235,-15.598,0.147,0.007,-0.672,-0.662,0.000,0.944,0.672,316167.7,316.17,32251.76,6651.76,1.000,0.000,0.000,0.000,0.000,-0.001,15.598,Fuzzy
1424,59.5285,-15.601,0.144,0.007,-0.672,-0.663,0.000,0.944,0.672,316162.5,316.16,32251.24,6651.24,1.000,0.000,0.000,0.000,0.000,-0.001,15.601,Fuzzy
1425,59.5335,-15.604,0.140,0.007,-0.672,-0.663,0.000,0.944,0.672,316157.2,316.16,32250.72,6650.72,1.000,0.000,0.000,0.000,0.000,-0.001,15.604,Fuzzy
1426,59.5385,-15.608,0.137,0.007,-0.672,-0.663,0.000,0.944,0.672,316151.9,316.15,32250.20,6650.20,1.000,0.000,0.000,0.000,0.000,-0.001,15.608,Fuzzy
1427,59.5435,-15.611,0.134,0.007,-0.672,-0.663,0.000,0.944,0.672,316146.6,316.15,32249.68,6649.68,1.000,0.000,0.000,0.000,0.000,-0.001,15.611,Fuzzy
1428,59.5485,-15.614,0.130,0.007,-0.672,-0.663,0.000,0.944,0.672,316141.4,316.14,32249.17,6649.17,1.000,0.000,0.000,0.000,0.000,-0.001,15.614,Fuzzy
1429,59.5535,-15.618,0.127,0.007,-0.672,-0.663,0.000,0.944,0.672,316136.1,316.14,32248.65,6648.65,1.000,0.000,0.000,0.000,0.000,-0.001,15.618,Fuzzy
1430,59.5585,-15.621,0.124,0.007,-0.672,-0.663,0.000,0.944,0.672,316130.8,316.13,32248.13,6648.13,1.000,0.000,0.000,0.000,0.000,-0.001,15.621,Fuzzy
1431,59.5635,-15.625,0.120,0.007,-0.672,-0.663,0.000,0.944,0.672,316125.6,316.13,32247.61,6647.61,1.000,0.000,0.000,0.000,0.000,-0.001,15.625,Fuzzy
1432,59.5685,-15.628,0.117,0.007,-0.672,-0.663,0.000,0.944,0.672,316120.3,316.12,32247.09,6647.09,1.000,0.000,0.000,0.000,0.000,-0.001,15.628,Fuzzy
1433,59.5735,-15.631,0.114,0.007,-0.672,-0.663,0.000,0.944,0.672,316115.0,316.12,32246.58,6646.58,1.000,0.000,0.000,0.000,0.000,-0.001,15.631,Fuzzy
1434,59.5785,-15.635,0.111,0.007,-0.672,-0.663,0.000,0.944,0.672,316109.8,316.11,32246.06,6646.06,1.000,0.000,0.000,0.000,0.000,-0.001,15.635,Fuzzy
1435,59.5835,-15.638,0.107,0.007,-0.672,-0.663,0.000,0.944,0.672,316104.5,316.10,32245.54,6645.54,1.000,0.000,0.000,0.000,0.000,-0.001,15.638,Fuzzy
1436,59.5885,-15.641,0.104,0.007,-0.672,-0.663,0.000,0.944,0.672,316099.2,316.10,32245.02,6645.02,1.000,0.000,0.000,0.000,0.000,-0.001,15.641,Fuzzy
1437,59.5935,-15.645,0.101,0.007,-0.672,-0.663,0.000,0.944,0.672,316094.0,316.09,32244.50,6644.50,1.000,0.000,0.000,0.000,0.000,-0.001,15.645,Fuzzy
1438,59.5985,-15.648,0.097,0.007,-0.672,-0.663,0.000,0.944,0.672,316088.7,316.09,32243.98,6643.99,1.000,0.000,0.000,0.000,0.000,-0.001,15.648,Fuzzy
1439,59.6035,-15.651,0.094,0.007,-0.672,-0.663,0.000,0.944,0.672,316083.4,316.08,32243.47,6643.47,1.000,0.000,0.000,0.000,0.000,-0.001,15.651,Fuzzy
1440,59.6085,-15.655,0.091,0.007,-0.672,-0.663,0.000,0.944,0.672,316078.2,316.08,32242.95,6642.95,1.000,0.000,0.000,0.000,0.000,-0.001,15.655,Fuzzy
1441,59.6135,-15.658,0.087,0.007,-0.672,-0.663,0.000,0.944,0.672,316072.9,316.07,32242.43,6642.43,1.000,0.000,0.000,0.000,0.000,-0.001,15.658,Fuzzy
1442,59.6185,-15.661,0.084,0.007,-0.672,-0.663,0.000,0.944,0.672,316067.7,316.07,32241.91,6641.91,1.000,0.000,0.000,0.000,0.000,-0.001,15.661,Fuzzy
1443,59.6235,-15.665,0.081,0.007,-0.672,-0.663,0.000,0.944,0.672,316062.4,316.06,32241.39,6641.40,1.000,0.000,0.000,0.000,0.000,-0.001,15.665,Fuzzy
1444,59.6285,-15.668,0.077,0.007,-0.672,-0.663,0.000,0.944,0.672,316057.2,316.06,32240.88,6640.88,1.000,0.000,0.000,0.000,0.000,-0.001,15.668,Fuzzy
1445,59.6335,-15.672,0.074,0.007,-0.672,-0.663,0.000,0.944,0.672,316051.9,316.05,32240.36,6640.36,1.000,0.000,0.000,0.000,0.000,-0.001,15.672,Fuzzy
1446,59.6385,-15.675,0.071,0.007,-0.672,-0.663,0.000,0.944,0.672,316046.7,316.05,32239.84,6639.84,1.000,0.000,0.000,0.000,0.000,-0.001,15.675,Fuzzy
1447,59.6435,-15.678,0.067,0.007,-0.672,-0.663,0.000,0.944,0.672,316041.4,316.04,32239.32,6639.32,1.000,0.000,0.000,0.000,0.000,-0.001,15.678,Fuzzy
1448,59.6485,-15.682,0.064,0.007,-0.672,-0.663,0.000,0.944,0.672,316036.2,316.04,32238.80,6638.81,1.000,0.000,0.000,0.000,0.000,-0.001,15.682,Fuzzy
1449,59.6535,-15.685,0.061,0.007,-0.672,-0.663,0.000,0.944,0.672,316030.9,316.03,32238.29,6638.29,1.000,0.000,0.000,0.000,0.000,-0.001,15.685,Fuzzy
1450,59.6585,-15.688,0.058,0.007,-0.672,-0.663,0.000,0.944,0.672,316025.7,316.03,32237.77,6637.77,1.000,0.000,0.000,0.000,0.000,-0.001,15.688,Fuzzy
1451,59.6635,-15.692,0.054,0.007,-0.672,-0.663,0.000,0.944,0.672,316020.4,316.02,32237.25,6637.25,1.000,0.000,0.000,0.000,0.000,-0.001,15.692,Fuzzy
1452,59.6685,-15.695,0.051,0.007,-0.672,-0.663,0.000,0.944,0.672,316015.2,316.02,32236.73,6636.73,1.000,0.000,0.000,0.000,0.000,-0.001,15.695,Fuzzy
1453,59.6735,-15.698,0.048,0.007,-0.672,-0.663,0.000,0.944,0.672,316009.9,316.01,32236.21,6636.21,1.000,0.000,0.000,0.000,0.000,-0.001,15.698,Fuzzy
